date,F1,F2,F3,F4,F5,F6,F7,F8
2013-10-21,0.123551644,0.29568797,0.24924438,-0.2628627,0.20236887,0.31644517,-0.39921755,0.1310895
2013-10-22,0.51728433,1.0519155,0.3402434,-0.004918072,0.8914801,0.5471713,-0.9096378,0.58623296
2013-10-23,-0.6243948,-0.48843658,0.546284,-0.9359037,-1.1507933,0.3609727,-0.033236466,-1.0235503
2013-10-24,0.25925255,0.9104068,0.087550215,0.13325009,0.5572491,0.14792839,-0.5316323,0.04198141
2013-10-25,0.030711878,0.33697376,-0.3024877,0.6785925,0.13223876,-0.053531744,-0.04856718,-0.17139776
2013-10-28,0.577054,0.70079464,-0.48694035,0.62673396,1.002343,-0.58720475,0.3605705,-0.51002985
2013-10-29,-0.1783034,-0.15576954,-0.1100477,-0.23183294,-0.46612537,-0.03807701,0.11179432,-0.17968129
2013-10-30,0.08304083,0.74309504,0.060138047,0.056498263,0.56032306,-0.14992875,-0.17038864,0.82809454
2013-10-31,-0.5904614,-0.5336552,-0.54189306,0.438937,-1.3621035,0.0003008879,0.51820844,-1.4993026
2013-11-01,-0.28882447,0.30667683,0.79141164,-0.48617157,-0.46130556,0.7105156,-0.30117097,-0.89791703
2013-11-04,0.048284277,-0.0816275,0.23629299,-0.6268776,-0.05011258,-0.0036578793,0.23487759,-0.976085
2013-11-05,-0.17403352,0.24449107,-0.037998978,0.32250217,-0.26641625,0.123563506,-0.031569466,-0.46465465
2013-11-06,0.4135764,0.28978875,-0.023442449,-0.4703961,0.6258473,-0.31462198,0.23082958,-0.23327193
2013-11-07,-0.59530425,-0.0017980637,0.35779607,0.06444509,-0.7460719,0.42692187,-0.18736954,-0.17225233
2013-11-08,-0.5137332,-0.88544667,-0.7319677,0.36582416,-0.8974264,-0.405129,0.67013377,-0.035370413
2013-11-11,-0.07587999,-0.55198973,-0.3411195,-0.24736555,-0.23147434,-0.46044764,0.45230797,-0.08283136
2013-11-12,-0.531634,-0.28678295,0.10847305,0.115626216,-0.88025194,0.2234507,0.13027866,-0.33318424
2013-11-13,0.060650554,-0.39900786,-0.43435708,-0.26055446,-0.03523738,-0.5229514,0.6818286,-0.78663015
2013-11-14,0.23130728,0.63456804,0.4506954,-0.36330158,1.0543078,-0.47601607,0.33252355,0.09516508
2013-11-15,0.03441404,0.7273445,-0.094444275,1.0624743,0.3120173,-0.01579647,-0.20999327,-0.21548493
2013-11-18,-0.3642816,-0.19679461,-0.04854857,0.3037348,-0.675277,-0.02054461,0.47423857,-1.1778831
2013-11-19,0.11350501,0.06841841,0.14811514,0.013508538,0.21667105,0.36643115,-0.26687053,0.10424473
2013-11-20,-0.53533465,-0.45224473,-0.5280655,0.56284475,-0.7911677,-0.42487216,0.5660505,-0.2700108
2013-11-21,-0.39265338,-0.98103595,-0.7445352,0.2309047,-0.5052831,-0.5898233,0.75028825,0.66317976
2013-11-22,0.0579915,-0.03488532,-0.39054403,0.10396314,-0.1792474,-0.21715151,0.12895682,0.28305852
2013-11-25,-0.23986733,-0.13697167,0.28345355,-0.18097013,-0.4111304,0.169275,-0.1388687,0.0930716
2013-11-26,0.07619534,0.058853507,-0.13044852,0.109672345,0.036539946,-0.1600452,0.18307778,-0.37262404
2013-11-27,-0.3299944,-0.17105421,-0.08283602,0.079898916,-0.58823764,-0.13677128,0.26036367,-0.7709109
2013-11-29,0.25662383,0.38268036,0.22460563,-0.1347127,0.40184277,0.41834435,-0.5212566,1.1073498
2013-12-02,-0.71283966,-0.27547365,-0.73361754,0.72730356,-1.158296,-0.55746293,0.7051554,-1.0016558
2013-12-03,0.06739829,-0.45908403,-0.14417985,-0.41744298,0.10540759,-0.46781594,0.63625896,-0.18106513
2013-12-04,0.56043625,0.81003594,0.41840488,-0.44379345,1.1854498,0.3085771,-0.68731517,1.1937408
2013-12-06,-0.44669828,-0.05222447,-0.5602303,0.64446455,-0.6597003,-0.2885767,0.44742653,-0.5080317
2013-12-09,-0.0874179,0.36064497,0.28807828,-0.021029605,-0.11644826,0.67182595,-0.7498349,0.82095706
2013-12-10,0.5641821,0.6884128,0.49382225,-0.19229698,1.3071791,0.3409646,-0.50568616,0.8317212
2013-12-11,-0.18945286,0.038935903,-0.17487082,0.37016162,-0.25197643,0.03953091,-0.22500575,0.6438156
2013-12-12,-0.7932711,0.24447377,-0.5965191,1.2328718,-1.2704335,-0.19608599,0.36557734,-1.4073141
2013-12-13,0.1097216,0.84335816,0.22121961,0.5758286,0.4460827,0.31682196,-0.45422503,0.17355596
2013-12-16,-0.4415624,-0.05875137,0.3555133,1.2297199,-0.11757983,-0.48664922,-0.5612708,1.1943084
2013-12-18,0.14442834,0.41190428,-0.39459482,-0.26228327,0.23193349,-0.18984933,0.3927907,-0.98134106
2013-12-19,-0.70902246,-1.1683091,-1.1788186,0.6647667,-1.5833495,-0.34061298,0.776207,-0.5462659
2013-12-20,0.44160393,-0.17327318,-0.15883793,0.28307605,0.70186406,0.12993412,-0.15329239,1.1467184
2013-12-23,-0.08895596,0.3809459,-0.21579523,0.20443769,-0.23695959,0.023500152,0.1405827,-0.6777961
2013-12-24,0.5416369,0.29718468,-0.20618469,-0.032638673,0.5530743,0.009651062,-0.017042793,0.28398815
2013-12-27,0.58695245,0.7728289,0.08886879,0.47902748,1.4744346,0.10150231,-0.2937645,1.1814885
2013-12-30,-0.34310603,-0.050855942,-0.15664148,0.19679964,-0.57814205,0.1513625,0.22295201,-1.2703559
2013-12-31,0.28038213,-0.15631296,0.0425918,-0.6399098,-0.034977835,-0.10423314,0.29721993,-0.9677064
2014-01-02,0.32048103,1.435501,0.8437756,-0.3998824,0.70855826,0.9057504,-1.2582601,0.0019065175
2014-01-03,-0.089148626,-0.06294112,0.92049265,-1.2480727,-0.27433226,0.60332006,-0.45174277,-0.15299086
2014-01-06,0.039349332,-0.44924393,0.07507277,-0.30286258,-0.13605781,0.44794923,-0.011786258,0.13155445
2014-01-07,-0.14546227,-0.19657323,-0.40982893,0.5711606,-0.25658688,-0.3858276,0.3793437,-0.32003143
2014-01-08,-0.18290594,0.5939718,0.0913786,0.14030245,-0.12133915,0.03549399,0.1923086,-0.85722256
2014-01-09,0.28484514,0.12026032,0.44612545,-0.97696674,0.21427895,0.12170316,0.05140844,-0.85570407
2014-01-10,0.120394334,0.16589771,0.09452531,-0.3074505,0.5766779,0.1871839,-0.6038826,1.606385
2014-01-13,0.020582268,0.38278586,-0.2975991,0.6875287,-0.2385018,0.38229406,-0.8772382,0.8599676
2014-01-14,-0.45387194,-0.2982767,-0.10645591,0.55637056,-0.6636643,-0.08796198,-0.05317945,0.20276247
2014-01-15,0.17546722,0.43849277,-0.9048599,1.0151325,0.23915271,-0.5241837,0.13481066,-0.1191727
2014-01-16,-0.040423293,-0.3914851,0.0888623,-0.20775446,-0.1771441,0.3409131,-0.18788588,0.36212558
2014-01-17,0.54186815,0.73837274,-0.0040905518,-0.0366691,1.0523063,-0.110745296,-0.066655576,0.0999026
2014-01-21,-0.15758991,-0.03127755,-0.6359145,0.8746682,-0.53457946,-0.21611395,0.1745535,-0.5273698
2014-01-22,0.028606104,-0.0066591096,-0.59758157,-0.046997286,-0.01863792,-0.5897722,0.50608623,-0.13986167
2014-01-23,0.19326194,-0.23767823,0.5471757,-1.2360879,0.33170408,-0.054462936,0.012152476,-0.098366514
2014-01-24,-0.5642383,-0.09878639,-0.331417,0.29008406,-0.71406883,-0.5473509,0.37779343,-0.44609186
2014-01-27,-0.14030501,0.23516592,0.60753447,-0.5736839,-0.14020704,0.3932771,-0.14478365,-1.0429903
2014-01-28,-0.4408684,-0.5664779,-0.48678714,0.49185166,-0.5939506,-0.38909602,0.58927065,-0.081862785
2014-01-29,-0.021439953,0.80592644,-0.3349314,0.57075363,0.12867534,-0.5807341,0.13280587,-0.34233654
2014-02-10,0.21739554,-1.6165953,0.82132536,-0.81778103,-0.04241439,0.81480163,-0.35975933,2.0042667
2014-02-11,0.03096901,0.1404055,-0.09963583,-0.14929652,0.07349344,-0.122765034,-0.1376384,0.46117795
2014-02-12,0.19054535,0.42056093,0.11737668,0.8171232,0.6154113,0.30543807,-0.46321443,0.9209091
2014-02-13,-0.25573015,-0.1266488,-0.1674576,-0.26044562,-0.36076915,-0.10016094,-0.004197734,0.52330744
2014-02-14,0.6651929,0.45621973,0.48981777,-0.7326118,1.3515776,0.057865858,-0.2964704,0.632247
2014-02-18,-0.29203212,-0.6460361,-0.1969168,0.65248084,-0.299665,0.19122133,-0.63485897,2.2752278
2014-02-19,-0.85865635,-0.49515924,0.28029802,0.5171281,-0.56483084,0.13419199,0.114072554,0.9923021
2014-02-20,-0.14761384,-0.3547064,-0.28247672,-0.041592397,-0.3779453,-0.2071416,0.21889026,-0.37253985
2014-02-21,0.005740163,0.27877262,0.31719872,0.041666105,-0.02987137,0.45337152,-0.5324399,0.41215965
2014-02-24,0.6138941,-0.7736658,0.7518302,-0.6806411,0.739076,0.6920186,-0.19630884,0.5227058
2014-02-25,0.066363335,-0.346398,0.3121988,-0.42345774,-0.093896985,0.5375585,-0.3640321,-0.09678138
2014-02-26,-0.11171173,-0.81932116,-0.85686034,0.7546454,-0.85923874,0.048542082,0.2001548,-0.5489378
2014-02-27,0.55108976,0.6220822,0.09802004,0.43938383,0.6003184,0.437543,-0.5477624,-0.21017553
2014-02-28,-0.47119763,-0.37916777,-0.48102936,-0.1270344,-1.0649047,-0.14476696,-0.069356374,0.49684027
2014-03-03,0.6483377,-1.3754292,0.6065564,-0.9755067,0.7803044,-0.01046798,0.45502856,1.0168835
2014-03-04,-0.3889977,-0.21871588,-0.3441775,0.55157185,-0.9230585,0.5283667,-0.9393504,1.1033143
2014-03-05,-0.25390375,-0.25514954,0.95288503,-0.08449339,-0.034444503,0.90658474,-0.42899424,0.5211556
2014-03-06,-0.06734144,-0.12865807,0.0927486,-0.506818,-0.046861734,0.029009,-0.4861344,1.2306275
2014-03-07,-0.29481012,-0.93260956,-0.21548142,-0.7212906,-0.80432147,-0.5725299,0.9257453,-0.96599036
2014-03-10,0.0535152,0.6626371,0.17642254,0.44442132,0.15280326,0.46087173,-0.37647367,-0.8097906
2014-03-11,-0.042173915,-0.7075863,0.2408013,-1.1723799,-0.3802604,-0.097355,0.32952544,-0.60194033
2014-03-12,0.41204405,0.43635127,0.8988461,-0.9892572,0.8284329,0.4003525,-0.6681964,0.18628559
2014-03-13,-0.040193696,-0.09556267,0.19284265,-0.21445705,-0.27780014,0.24878062,-0.14699373,-0.5021039
2014-03-14,0.51187944,0.76993334,-0.40614158,0.14289726,0.5580452,-0.51444536,0.12586902,-0.4937586
2014-03-17,-0.7082449,0.18300442,0.25858596,-0.10451174,-1.1719389,0.23157051,-0.50085616,-0.22873157
2014-03-18,-0.24752012,-1.226864,-0.5400716,-0.066433415,-0.74334264,-0.01768692,0.32342198,0.65659195
2014-03-19,-0.053499676,-0.6428275,-0.30482212,-0.24071214,-0.6998543,0.27010608,0.07005567,0.036260206
2014-03-20,-0.008403704,0.17087236,-0.11506871,-0.51830935,-0.22178692,-0.61043674,0.72978026,-1.8881642
2014-03-21,0.28548858,0.70129776,-0.27403912,0.55646473,0.44984275,-0.26174557,-0.08380405,-0.28769943
2014-03-24,-0.7229825,-1.0866587,0.053967502,-0.17992502,-0.89105827,0.13071178,0.35896048,0.2456791
2014-03-25,0.244983,0.30491787,-0.43429554,0.9236715,0.25953937,0.051790662,-0.16517603,0.6052748
2014-03-26,-0.35539436,-0.36484936,-0.19352105,-0.010973635,-0.49338984,-0.12309984,0.49279928,-0.8313969
2014-03-27,-0.21323512,-0.86724496,-0.42891628,0.4861429,-0.42544618,-0.1796947,0.2578987,0.49137783
2014-03-28,0.05227243,0.23506147,-0.023966977,0.44276252,0.43623465,0.043353394,-0.04450475,0.28736368
2014-03-31,-0.32377613,-0.34518427,0.1820309,-0.36456963,-0.4056194,0.28084517,-0.1812391,0.35260126
2014-04-01,-0.4153244,0.38641134,0.30709887,-0.4168254,-0.54712677,0.24456276,-0.39255947,0.04362837
2014-04-02,0.24307874,1.5811232,0.15079582,0.5141586,0.852804,0.2582387,-0.52612674,-0.4181688
2014-04-03,-0.2588949,-0.83060724,-0.45936707,0.20953338,-0.354636,-0.26520997,0.4814155,0.5263234
2014-04-04,0.27818638,0.101214446,0.4624217,-0.20115966,0.77473176,0.10678307,0.025133641,0.6719827
2014-04-08,-0.20373492,-0.4034067,-0.09904732,0.11531636,-0.16052747,0.03572261,-0.024536833,1.0728587
2014-04-09,-0.2871556,-0.020695545,-0.52410316,0.7112215,-0.1593356,-0.3989021,0.21545298,0.29437622
2014-04-10,0.19868253,0.9233683,0.26714405,0.49151543,0.8665642,0.3061746,-0.587892,0.5983649
2014-04-11,0.16715942,0.53203994,-0.2526433,0.13367711,0.14287701,-0.27098212,0.11338581,-0.73345745
2014-04-14,0.2004823,-0.5205201,-0.06679538,-0.29547772,0.121062525,-0.04690786,-0.035231724,1.0819958
2014-04-15,-0.24735054,-1.3051715,-0.36967182,-0.66621923,-1.0083758,-0.22530726,0.85597616,-0.93494004
2014-04-16,0.3903619,0.19923168,-0.52999705,0.56749684,0.40445405,-0.0927019,-0.1339813,0.603712
2014-04-17,-0.8110584,0.13012396,0.4981844,0.447991,-0.2979664,-0.19923992,0.4525322,0.24439026
2014-04-22,-0.35309932,0.13399993,-0.0720314,1.393078,-0.102297254,0.2938706,-0.15617399,-0.29112566
2014-04-23,0.022387998,-0.4286626,0.33640358,-0.27851316,-0.15443695,0.2846153,-0.28059667,0.23839822
2014-04-24,0.39806938,0.26711228,-0.10181867,-0.10814785,0.5606118,-0.15116376,0.050557278,0.5961616
2014-04-25,0.18681471,-0.46277374,0.39813647,-1.1963482,-0.23538427,0.35430783,-0.28702578,0.26764837
2014-04-28,-0.20647968,-0.0033519082,-0.032575313,-0.31782377,-0.6557082,0.096768714,-0.011960791,-0.5531942
2014-04-29,-0.27652434,-1.0961058,0.25139982,-0.54664445,-0.37995416,0.0053174407,0.28702453,0.6271029
2014-04-30,-0.3457943,-0.18753539,0.44618866,-0.43295053,-0.541976,0.3571142,-0.010024015,-0.7556968
2014-05-06,0.41445386,1.1594164,1.2563739,-0.68459827,1.0277847,0.16724722,-0.32483044,-0.18813558
2014-05-07,-0.3700056,-0.26385456,-0.4026167,0.24916321,-0.48057342,-0.5007528,0.767653,-1.0401022
2014-05-08,0.13506854,-0.04503663,-0.27381623,0.056144588,-0.22905572,0.12377636,-0.22785644,0.42240205
2014-05-09,0.42182776,0.45315385,-0.42830628,-0.14572826,0.17801614,-0.16889733,0.055790786,-0.48154983
2014-05-12,0.48998314,0.80533475,0.039582636,0.79233664,1.0976956,0.20611586,-0.37772083,0.9045179
2014-05-13,0.131712,-0.8325999,0.09432123,-0.65559256,0.06729907,-0.06412352,0.35581335,0.17772242
2014-05-14,0.67322093,0.64280564,-0.20260252,0.6915072,1.2782255,-0.051686153,-0.012383211,0.19002214
2014-05-15,-0.5521135,0.27930292,0.01670924,0.615231,-0.71099085,-0.1688885,0.37401724,-1.2565417
2014-05-16,0.2657659,0.5549454,-0.4987709,0.129425,0.15907222,-0.2964799,0.10886727,-0.8354364
2014-05-19,-0.049968738,0.78993535,-0.29944253,0.764566,-0.09942659,0.10219424,-0.5448193,0.5540897
2014-05-20,-0.19000712,0.33808407,0.20580173,0.19970031,0.18817477,-0.0909825,0.15995747,-0.34129688
2014-05-21,-0.050002955,-0.5158555,-0.2680405,-0.5689147,-0.25379044,-0.47152835,0.51425534,-0.15099181
2014-05-22,0.1772922,0.44440606,0.21918559,-0.10698467,0.63907313,0.23398496,-0.26651376,0.53187233
2014-05-23,-0.21475513,0.21389815,-0.17602862,0.55579424,-0.06963251,-0.13902134,0.18762006,-0.30628392
2014-05-27,-0.54654634,0.7130049,-0.39138067,1.0875385,-0.5707151,-0.20421137,0.27894288,-1.1993225
2014-05-28,-0.21917607,-0.14505763,-0.066712186,0.13989341,-0.35368866,0.15567532,-0.059191577,-0.28167605
2014-05-29,-0.16605999,-0.5080109,0.03876022,0.31646752,-0.07983974,0.1579393,0.13260935,-0.108815335
2014-05-30,-0.29563496,0.44931647,-0.11078933,0.4624332,-0.45999548,0.051172268,0.050236844,-1.1075265
2014-06-03,0.09571163,0.95235306,-0.42876655,0.9104659,0.10189901,0.10789656,-0.36671045,-0.5680863
2014-06-04,-0.13146375,-0.23782319,0.1817758,-0.6299079,-0.22906397,-0.015888903,0.18220305,-0.31165498
2014-06-05,0.44909114,0.9233439,-0.11482783,0.327046,0.8968637,-0.10395999,-0.14019062,-0.265079
2014-06-06,-0.35941824,-0.86892354,0.21123202,-0.05694477,-0.43852952,0.34404325,-0.2222071,0.6185452
2014-06-09,0.35515305,0.28334093,-0.5165268,0.503755,0.7295724,-0.4079743,0.28141153,-0.036359135
2014-06-10,0.452753,0.4522818,0.22699425,-0.2695114,0.48763818,0.21243563,-0.2313399,-0.0621042
2014-06-11,0.08503778,0.6083607,0.07716481,0.08008374,0.3343443,-0.31024694,0.4240362,-0.97985125
2014-06-12,0.061004687,-0.24414405,-0.3758908,-0.3665556,0.2648416,-0.96521693,0.5430597,-0.37633383
2014-06-13,0.104607694,-0.84051186,-0.18758722,-0.057643633,-0.10044166,0.10352431,0.046612468,0.9700615
2014-06-16,0.25796023,0.59737945,-0.39800796,1.0138022,0.12349483,-0.027282644,-0.4874763,0.3448855
2014-06-17,0.25380856,0.38337865,-0.3897231,0.75937456,0.32889685,-0.2022332,-0.09481258,0.19953078
2014-06-18,-0.00087013457,-0.74187684,0.2769827,-0.2930855,0.1261227,0.075518,0.2170317,0.5690195
2014-06-19,0.635304,0.18733151,0.6610721,-0.9303914,1.2671103,0.37299562,-0.67912686,1.145912
2014-06-20,0.11834969,0.1607814,0.105718434,0.2698259,0.29780403,0.265292,-0.14648108,0.21271923
2014-06-23,0.04669672,0.45795453,-0.01147787,0.41086587,-0.01428958,0.32435495,-0.3244714,0.045542944
2014-06-24,-0.05273812,0.66610706,-0.18232636,0.436886,0.30598268,-0.13923128,-0.05783729,-0.36012417
2014-06-25,-0.04726479,0.09613694,0.09481107,0.3557282,-0.1346339,0.44155058,-0.4249281,0.48795423
2014-06-26,0.1321643,-0.46491194,-0.04750545,-0.43452972,-0.33152783,0.43173832,-0.14097051,-0.082024604
2014-06-27,0.2647314,0.59541446,0.0065956493,-0.5666533,0.17345499,-0.42755878,0.101795405,-0.7274257
2014-06-30,0.31277615,1.5723457,-0.21981683,1.2410151,0.55594045,0.26677456,-0.40160212,-0.8944643
2014-07-01,0.171341,0.09062226,0.5122885,-0.22871318,0.63290024,0.2572004,0.07697458,-0.07457548
2014-07-02,0.31311682,0.8911717,-0.09958045,1.163006,0.60823023,0.5407748,-0.7458926,0.35990396
2014-07-03,-0.28383774,-0.14597568,-0.26508728,0.400973,-0.57934064,0.15704574,-0.11924182,0.023304194
2014-07-07,0.13171743,0.8515954,-0.016292214,0.36214837,0.26130807,0.07990699,0.09717381,-1.4529754
2014-07-08,0.07643905,0.5857388,0.14492118,0.7253707,0.33403274,0.3923725,-0.3749944,-0.29036686
2014-07-09,0.16345449,0.918915,0.41052252,-0.12260661,0.4407367,0.08075498,-0.1626049,-0.6049047
2014-07-10,0.5302256,0.9452389,0.20641871,-0.75859296,0.8952855,-0.34626994,0.17640935,-0.92347115
2014-07-11,0.05054993,1.2144411,-0.14893211,1.0865057,0.2705306,0.36104253,-0.5464732,-0.8464907
2014-07-14,-0.52108055,-0.7869615,-0.4214828,0.6796532,-0.9631475,-0.0788883,0.6608068,-0.47058892
2014-07-15,0.24781829,1.5526373,-0.15803924,1.4409188,0.8005802,0.053148065,-0.3069385,-1.6114835
2014-07-16,0.02236144,-0.3510985,-0.13825533,-0.34498113,-0.09124504,0.06466389,0.10802594,0.0030692446
2014-07-17,0.5703948,0.20378143,0.25513658,-0.39756703,1.094878,0.0029199037,-0.18826853,0.40950176
2014-07-18,-0.39456633,-0.07103187,0.0014218781,0.49689603,-0.3957437,0.15240812,0.33006454,-0.6497405
2014-07-21,0.48260552,0.44532302,-0.27049777,0.8586362,0.9125465,0.20006849,-0.14562386,0.18536954
2014-07-22,0.15069212,0.34413758,-0.5736957,0.80982965,-0.016938886,0.1077575,-0.30529198,-0.0114321895
2014-07-23,-0.51937526,-0.34257603,0.31463382,-0.13650133,-0.52052623,0.0941542,0.070655525,0.4362607
2014-07-24,-0.54769665,0.09467416,-0.2865592,1.0096508,-0.79676086,0.11551585,-0.012399875,-0.19134158
2014-07-25,0.38523215,-0.44908005,0.08145825,-0.6767365,0.3811734,-0.055624217,0.09522475,0.15510052
2014-07-28,-0.39386657,-0.14508678,0.2030847,-0.046889853,-0.41349062,0.30998927,-0.29867032,0.5684359
2014-07-29,-0.06550374,0.7401631,-0.03688998,-0.13139388,0.14998795,-0.53421485,0.5621227,-1.3115121
2014-07-30,0.0029370922,0.17447715,0.032814983,0.5338274,0.137201,0.6127317,-0.42502278,0.28928232
2014-07-31,-0.79008,-0.31579039,0.44587997,0.08956085,-0.94012177,0.17464884,0.33865833,-0.47425488
2014-08-01,0.118984215,0.49467215,0.5978913,-0.53903645,0.14778227,0.20770878,-0.22526833,-0.71851695
2014-08-04,-0.24169277,-0.44312403,-0.30825886,0.37068,-0.3405058,0.15285265,-0.23921031,1.1444675
2014-08-05,-0.27783903,0.035519112,0.009514542,0.04864308,-0.5626685,0.07304664,0.18158352,-1.1174326
2014-08-06,0.09631067,-0.63379335,0.43911365,-0.95799834,0.21699831,0.081711814,-0.25612384,1.0226613
2014-08-07,0.31798574,0.64178646,-0.016240848,-0.39911854,0.5303762,-0.58204913,0.37816668,-0.51516294
2014-08-08,-0.13851033,0.36973825,0.09263995,-0.09312055,-0.11799171,-0.28733617,0.29400736,-0.5200649
2014-08-11,-0.2567037,-0.47425732,0.20523964,-0.10106235,-0.24757475,0.32990977,-0.15671237,0.7498939
2014-08-12,-0.002645052,0.8112212,0.09134097,0.29632625,0.16842729,0.14289121,-0.09477626,-0.98585856
2014-08-13,0.18500672,0.18726912,0.23801327,-0.4340101,0.461569,-0.48551777,0.47327104,-1.1437801
2014-08-14,-0.1644548,0.4428252,0.5347396,-0.09393017,-0.33984688,0.72405833,-0.6990942,-0.7174034
2014-08-15,0.32785827,0.25700343,0.09818727,-0.050556462,1.3001795,-0.0605937,0.7517742,-1.278785
2014-08-18,-0.27550328,0.35466468,0.09449942,0.23599328,-0.41418844,0.5310152,-0.4382014,-0.1180921
2014-08-19,-0.07625429,-0.08025571,-0.28221017,0.10724217,-0.3532316,-0.17621417,0.16035809,-0.3957368
2014-08-20,0.4476841,0.24982016,-0.40307385,0.9783497,0.68469095,0.03789798,-0.07602822,0.927168
2014-08-21,-0.39873397,-0.88464016,-0.30254042,0.24537225,-0.85543406,0.0047905566,0.2733645,0.090944745
2014-08-22,0.021159995,-0.33281913,0.041315213,-0.6021827,-0.3582022,0.22068065,-0.29443365,0.5111245
2014-08-26,0.258966,1.0102297,-0.23749286,1.5778749,0.8468812,-0.11910654,-0.28735253,-0.56662
2014-08-27,-0.0649477,-0.19168572,-0.06128372,0.0031630418,-0.26748505,0.0037688923,-0.005731801,0.0015817422
2014-08-28,-0.21158558,-0.23133004,0.32445133,-0.4324415,-0.012848537,0.06534194,-0.0549678,-0.06585568
2014-08-29,0.02483221,0.27965435,-0.6140305,0.6621459,-0.07684708,-0.18467459,0.023905616,0.13115236
2014-09-02,-0.8313135,0.07973796,0.5891303,0.4056693,-1.1345084,1.0645523,-0.53438544,-0.46710858
2014-09-03,0.6518788,0.83513397,-0.854648,0.39560336,0.7035533,-0.6169554,0.34862244,-0.8731219
2014-09-04,0.06045023,0.6988682,-0.26605296,1.033952,-0.07476183,0.1921146,-0.58563745,0.041825157
2014-09-05,-0.4746811,-0.5523661,0.12205243,-0.4495755,-1.0593832,0.43618855,-0.6805584,0.798997
2014-09-09,-0.47000438,0.23131302,0.036720406,-0.22629543,-0.73650134,-0.37535134,0.55372685,-1.9445285
2014-09-10,0.30825523,0.27973196,-0.1320784,-0.49024978,-0.08403243,0.017687839,-0.19157803,-0.7058737
2014-09-11,-0.06893662,0.19270359,0.07046455,-0.10645996,-0.06242517,-0.36153656,0.6452115,-1.2139815
2014-09-12,-0.323864,0.213197,-0.21484858,-0.55788195,-0.54004973,-0.048493218,0.0012478587,0.102894895
2014-09-15,0.06673327,0.36419642,0.11649673,0.2847135,0.3440805,-0.44138986,0.20777063,-1.4352033
2014-09-16,0.13608922,0.5901966,-0.33995342,1.0802112,0.67060506,-0.3619795,-0.09816185,0.8228707
2014-09-17,0.09771784,-0.62934196,-0.021019064,-0.29311052,-0.16522408,0.07999462,0.21038482,-0.009735634
2014-09-18,-0.1344809,0.6198719,0.22130741,-0.106014356,-0.094873115,0.16822925,0.2700775,-1.9720526
2014-09-19,-0.28899834,0.439975,-0.5648104,1.1460147,-0.5031316,-0.34575123,0.25985694,-1.1334435
2014-09-22,-0.07790902,-0.44594467,0.5913242,-0.25317714,-0.08326646,0.5149997,0.040115613,-1.1092055
2014-09-23,0.12846684,0.2850233,-0.10333471,0.35755533,0.15614176,0.09023462,-0.053375736,-0.15132049
2014-09-24,-0.14496917,-0.7943114,-0.2787344,0.6731076,-0.34418848,0.27732742,-0.08225375,0.77202463
2014-09-25,0.25377968,0.17009297,-0.39937508,0.13473977,0.065077014,-0.3894905,0.3745727,-0.9018952
2014-09-26,0.07053054,-0.5270007,-0.14218657,0.6070149,-0.0879097,0.44645098,-0.14157186,-0.3395471
2014-09-29,0.03454905,-0.70805115,-0.45660874,0.14339335,-0.34566966,0.35637945,-0.3251783,1.172391
2014-09-30,-0.46610028,0.3227034,0.41598988,0.28417668,-0.81941533,0.7158166,-0.25140497,-1.6201
2014-10-08,-0.5477913,-1.1378243,0.89939755,-0.5038315,-0.9838662,1.1400713,-1.2022445,1.563348
2014-10-09,-0.2126648,1.1665484,0.7428637,0.22290671,0.27085358,0.45262915,-0.9475791,0.73902804
2014-10-10,0.022418028,0.5900574,-0.15353885,0.40805078,0.033220734,-0.20825517,0.26027438,-1.2273612
2014-10-13,-0.23106296,-0.8771242,0.13357176,-0.6299233,-0.57850474,0.45643908,-0.52936524,1.2377603
2014-10-14,-0.2610433,-0.108188584,1.1042348,-0.5394755,-0.43845537,1.3414168,-1.1093503,0.68991274
2014-10-15,0.03701891,0.4411439,0.6216704,-1.4023867,0.56161463,-0.058682486,0.815739,-1.9882132
2014-10-16,-0.26519263,-1.4021478,0.0017392797,-0.9148834,-0.5063668,-0.27466428,0.5349928,0.071007
2014-10-17,0.28820747,0.764783,-0.5187557,1.0844206,0.7884379,-0.26740494,-0.025831228,-0.03452037
2014-10-20,0.20735785,0.031277765,0.31375694,-0.37661237,0.3537357,0.05399817,-0.10561155,-0.7912213
2014-10-21,-0.0022976447,-0.04647005,0.16487573,-0.5368537,0.29283676,-0.1715467,-0.09183287,1.1285455
2014-10-22,-0.02749313,-0.03740376,-0.30907932,0.77475375,-0.5387241,0.49930403,-0.42933673,-0.43039924
2014-10-23,-0.40454218,-1.0769637,-0.6232826,-0.3472238,-0.82284075,-0.49312133,0.673919,0.38005704
2014-10-24,0.12638631,0.76583976,0.11673499,0.58406776,0.13211933,0.16187674,-0.26109222,-0.79851586
2014-10-27,-0.24756263,-0.57297873,0.11749826,-0.6768339,-0.4381271,0.18648005,-0.120298125,0.5912012
2014-10-28,-0.010066841,0.025237167,-0.24444851,0.37638187,0.05937036,-0.051150784,-0.25140244,1.2434114
2014-10-29,-0.28530392,-1.0770254,-0.49374878,-0.1601417,-0.37937397,-0.16788015,0.1979619,1.6034946
2014-10-30,-0.7470087,-0.301419,-0.62254304,1.0255514,-1.3314888,0.08954831,0.28964454,-1.2975943
2014-10-31,-0.8823291,-0.4990855,-0.4099183,0.3601339,-1.3013133,-0.052163307,0.33745626,-0.19808954
2014-11-03,-0.1719643,1.0547976,0.3825955,0.4599533,0.08813838,0.26703596,-0.37960762,-0.42832026
2014-11-04,-0.52843463,0.7745519,0.5650233,0.033616293,-0.52028865,0.33701518,-0.007240151,-2.0804303
2014-11-05,-0.6784722,-0.64344233,-0.584058,0.18846929,-1.1618698,-0.44532317,0.74832493,-0.70359015
2014-11-06,-0.18226382,0.1059255,-0.5007415,0.5236835,-0.2930495,-0.20626871,-0.0014864585,0.13861232
2014-11-07,0.85525244,0.5367246,0.018872736,-0.20542344,1.1271272,-0.09626028,-0.21657638,0.54438263
2014-11-10,-0.13163188,-0.24075463,0.28785467,-0.22106805,-0.41625738,0.3494811,0.019404614,-0.93233454
2014-11-11,-0.23366685,-0.95115703,0.2096275,-0.29560885,-0.5330252,0.59359884,-0.3880984,1.39644
2014-11-12,0.030620134,-0.38691697,0.18721858,0.16280456,-0.13796411,0.5835962,-0.29626667,-0.19228806
2014-11-13,-0.47054228,-0.06814494,1.1713443,-1.004241,-0.8609087,1.129531,-0.91009325,-0.60218275
2014-11-14,0.8752575,0.9753752,0.026848402,0.033708088,1.4646496,-0.2560948,-0.24252383,0.49634773
2014-11-17,-0.27600044,0.5046046,-0.684952,0.18170619,-0.55540544,-0.23082624,0.1536981,-0.35045937
2014-11-18,0.4653178,0.26745653,0.45926133,-0.48331916,0.59797436,0.277984,-0.17417584,-0.4145341
2014-11-19,0.06279397,0.9238329,-0.06774277,1.1254969,0.3117638,0.17612456,-0.3356073,-0.018953726
2014-11-20,-0.26831654,-0.9824112,-0.16896313,-0.61805856,-0.55778325,-0.18257067,0.24393818,0.40145493
2014-11-21,0.6031879,-0.024445014,-0.08866143,-0.017355409,0.93906,-0.01423112,-0.056385886,1.1586475
2014-11-24,-0.10400204,-0.06308548,0.13335596,-0.04796423,-0.27399603,0.07270916,0.07636061,-0.6808175
2014-11-25,-0.3756833,-0.66278803,0.70363593,-0.87403065,-0.44147402,0.54071075,-0.42431748,0.7058778
2014-11-26,0.026571428,-0.41262174,0.056780342,-0.07460959,-0.13031423,0.14538567,-0.066888735,0.22421625
2014-11-28,-0.99692744,0.28251258,1.1094307,-0.35039884,-1.7089478,1.4238105,-0.7183393,-2.772899
2014-12-01,0.7758434,0.76274025,0.9745856,-1.0624906,1.774348,0.13794273,-0.5747872,1.5437008
2014-12-02,-0.32696688,0.7869323,0.40096384,0.14870724,-0.6226519,0.33238184,-0.053555164,-2.2588475
2014-12-03,0.13989954,0.31366372,0.21374437,-0.4778007,0.17389715,0.17537428,-0.18155022,-0.06853893
2014-12-04,0.18137668,0.05886067,0.13463971,0.05260618,0.012358099,0.76146847,-0.83582515,0.7803817
2014-12-05,-0.8481843,-0.9147309,-0.1178624,-0.2832105,-1.5410348,0.011395491,0.34180078,-0.33926994
2014-12-08,0.021952754,0.19925117,1.210168,-0.9360064,-0.29054242,1.2364203,-0.79869044,-0.7145566
2014-12-09,0.6137427,0.74014914,0.5644375,-0.7040184,1.5036432,-0.011932543,-0.49669304,1.0732083
2014-12-10,-0.5221921,0.37537324,1.0269277,-0.49814525,-0.7327046,1.0113249,-0.7841445,-1.1428291
2014-12-11,-0.11695812,-0.50072414,0.05445018,-0.470124,-0.57497275,0.22046754,-0.170863,0.34309486
2014-12-12,-0.3914746,-0.07846286,0.28538412,-0.32063565,-1.1907098,0.87044257,-0.9029551,0.10533608
2014-12-15,-0.76403546,-1.1268804,0.23807934,-0.36373362,-1.2702731,0.37588823,0.07842228,-0.5628584
2014-12-16,-0.6139897,-0.20114248,0.2280463,-0.065113544,-1.1053815,0.20871475,0.44300377,-1.8519543
2014-12-17,0.48678064,-0.6653489,-0.14539485,-0.93970704,0.47287917,-0.50442684,0.6334483,0.18079124
2014-12-18,0.07616091,-0.31642002,0.53026366,-0.7604988,-0.6685992,1.3528314,-0.95815873,-0.17758332
2014-12-19,0.8769132,0.41096327,-0.89810807,-0.21408115,1.0863774,-0.44780406,0.59573233,-0.0566287
2014-12-22,-0.12233753,-0.63161194,-0.027651293,-0.3213482,-0.80725783,0.44106904,0.13747841,-1.0161937
2014-12-23,0.36650777,-0.41192347,-0.5521085,-0.5938485,0.37696102,-0.76101303,0.779282,0.06633996
2014-12-24,0.08946682,0.78957874,0.41447484,-0.29788607,-0.015996577,0.776611,-0.38966477,-1.4095243
2014-12-29,-0.48464802,0.046991557,0.65723556,-0.514708,-0.9442005,0.95286,-1.0977843,0.24615128
2014-12-30,0.9201468,0.88792145,0.30215177,-0.47802472,1.4978291,0.2480965,-0.25092927,0.11962625
2014-12-31,-0.34020326,0.38723564,-0.0030176973,0.7289288,-0.608842,0.45245758,0.057110142,-1.921406
2015-01-05,0.10375192,0.20136076,1.1109034,-1.3034657,-0.5123311,1.6163276,-1.4670802,0.008271209
2015-01-06,0.10300731,-0.1895328,1.1676946,-0.64437145,0.0033560903,1.3319383,-0.9620001,0.5634683
2015-01-07,-0.3029511,0.42125338,-0.052522495,0.49328682,-0.36680493,-0.030480511,-0.09971324,-0.46224695
2015-01-08,-0.01808408,0.30680692,-0.30576134,0.7684577,0.34084016,-0.055497482,0.12919326,0.15206076
2015-01-09,0.041758552,-0.11525291,0.64587194,-1.0887934,-0.1956056,0.58982396,-0.30882162,-0.21570347
2015-01-12,0.44240946,1.0928767,0.8927751,-0.92073375,0.62664187,1.0304718,-0.6999991,-1.522579
2015-01-13,-0.04173648,0.9346105,0.89915776,-0.62631595,0.6376822,-0.08627003,0.1808039,-1.2918355
2015-01-14,-0.12096943,-0.38993877,-0.71057904,-0.32314596,-0.018942283,-1.2913703,1.1514646,-0.89497006
2015-01-15,0.50551677,0.78564894,0.79545647,-0.012552855,0.74108356,0.90881354,-1.0398922,0.7911106
2015-01-16,0.55300707,0.12691551,-0.6427823,0.44783163,1.3022819,-0.8988479,0.17478155,1.6307299
2015-01-20,0.59409046,0.087662384,1.1852419,-1.0509931,0.72222096,1.2466594,-0.6896421,-0.5464036
2015-01-21,0.20387118,0.40994892,-0.7247137,0.8181369,0.4582689,-0.44777125,0.046860162,0.4589261
2015-01-22,0.47969636,0.51842296,0.4627712,-0.3864499,0.73091644,0.30231687,-0.12596454,-0.9044552
2015-01-23,-0.46053907,-0.120464556,0.24855721,-1.0746008,-0.5035963,-0.70180726,0.9376179,-1.4625313
2015-01-26,-0.0012025984,0.31936342,-0.26148662,1.2054554,-0.13684247,0.45317206,-0.484619,0.26025695
2015-01-27,0.096647896,-0.069364354,-0.13167195,-0.4619583,0.51066405,-0.716616,0.6493249,-0.30796936
2015-01-28,0.3456525,0.7767438,-0.096448496,1.0474144,-0.003981419,0.5781744,-0.71589357,-0.7465039
2015-01-29,-0.431751,-0.9119273,-0.5080451,-0.0074119866,-1.4824625,-0.095952936,0.6164522,-1.8987834
2015-01-30,0.96071476,0.1743704,-0.80568594,0.29591167,1.8433671,-1.1777549,0.6942544,1.464806
2015-02-02,0.61228645,-0.14559187,-1.1385306,-0.19500916,0.889324,-1.5142238,1.3509233,0.15403146
2015-02-03,-0.00675323,-1.4865811,-1.160767,0.21311069,0.07585998,-1.081417,1.0949379,1.8977984
2015-02-04,-0.29082534,0.649448,1.4216915,-0.43871683,-0.5608028,1.5944492,-1.2551053,-0.74693114
2015-02-05,0.16808149,-0.9340302,-0.66658384,-0.253233,0.31379747,-0.92910796,1.0431044,0.75094444
2015-02-06,-0.38283432,-0.9887106,-1.1924417,0.96464634,-0.9136007,-0.5583753,0.68807334,-0.3020611
2015-02-09,0.40955615,-0.6831201,-0.16054818,-0.545824,0.7490902,-0.3575463,0.4721866,0.70190346
2015-02-10,-0.40270737,0.41591313,0.38611966,-0.23402475,-0.8538685,0.3273235,-0.162952,-1.9254042
2015-02-11,-0.530064,-0.34217027,0.075356625,0.017369606,-1.0805075,0.49652058,-0.104405336,-0.38212192
2015-02-12,0.5294933,-0.4436393,-0.9459651,0.8110162,0.9307181,-0.8645935,0.68190384,1.2196143
2015-02-13,0.3159355,-0.25882962,-0.5964245,-0.23098506,0.8981728,-1.3892908,0.92792696,1.0113252
2015-02-25,-0.56503206,0.32214117,-1.2538123,1.0104232,-1.139616,-1.3574841,0.33780712,-1.3193128
2015-02-26,0.38118193,-0.21720262,0.48996082,-0.3693732,0.34506607,0.90253824,-0.6644529,0.41654915
2015-02-27,0.12731083,-0.76413035,-0.6324643,-0.4409129,0.6340724,-1.3979218,1.3573718,0.63791335
2015-03-02,0.17765321,0.791741,0.784871,-0.10505998,-0.40423128,1.0028982,-1.0478992,-1.205559
2015-03-03,0.17640315,-0.42516443,-0.4531762,-0.94984245,0.051889528,-0.74895763,0.9227398,-0.98107094
2015-03-04,-0.29852805,0.46035454,-0.15176964,1.1300429,-0.37854663,0.28218606,-0.5138594,-0.08823782
2015-03-05,-0.1849737,0.7138517,0.092425555,0.3972771,-0.04394411,0.13120091,-0.14927508,-0.6661607
2015-03-06,-0.7519391,-0.669095,-0.29260278,0.60472566,-1.2224603,0.30393407,0.40566012,-0.78829294
2015-03-09,0.25204867,-0.13560218,0.14355032,-0.36666113,-0.22238632,0.6027615,-0.45051527,0.043695778
2015-03-10,-0.59110755,-0.12553309,0.56595445,-0.57335204,-1.0898298,0.6210486,-0.20825039,-1.4913173
2015-03-11,-0.36070526,-0.80375916,-0.41029957,-0.16596054,-0.84085596,-0.32121545,0.5919442,-0.60475993
2015-03-12,0.14109077,0.27937678,0.59152687,0.026469855,0.25948673,0.68979365,-0.482981,0.36655495
2015-03-13,-0.25771457,1.747003,0.67204416,0.38856846,-0.21534637,1.0544672,-1.2039291,-1.0273688
2015-03-16,-0.94730145,-0.6387085,1.0896335,0.7659381,-0.8936772,0.48512012,-0.6362431,0.78074217
2015-03-17,0.008831235,0.71380895,-0.49350038,0.8029392,0.0105370935,-0.0728645,0.012692509,-1.1006637
2015-03-18,0.10888769,-1.3311703,-0.6052974,-0.7825535,0.136134,-1.0611268,1.0817596,0.38339767
2015-03-19,0.56479585,1.0388283,0.55013835,-0.28790635,0.93324804,0.96655387,-0.8861268,0.8163907
2015-03-20,0.36392698,-0.072254516,0.08970535,-0.2800582,0.8213574,0.1702214,-0.4014126,2.3348322
2015-03-23,0.20180222,-0.576317,-0.5176177,0.0551211,-0.13021348,-0.016199749,-0.14355956,1.0118477
2015-03-24,0.07875012,0.5296735,0.03467624,-0.4270919,0.051102985,-0.0016527517,-0.114946224,-0.644935
2015-03-25,0.42944697,-0.49357623,-0.2689032,-0.23214824,0.44407344,-0.53305876,0.52771384,-0.081532694
2015-03-26,0.57463175,0.396617,-0.8579588,0.5284437,1.06245,-1.1258502,0.7244781,0.30475768
2015-03-27,-0.33219996,0.009833369,0.8891713,-0.55424696,-0.82273674,1.1539767,-0.74594086,-1.2207861
2015-03-30,-0.50011367,-0.7739787,-0.45409644,0.20730159,-1.2313229,0.33249065,0.15904279,-0.5835282
2015-03-31,0.06638504,1.0098683,0.3589498,0.08247765,0.24731015,0.13328019,0.061631937,-1.1808602
2015-04-01,0.7385165,-0.57820284,-0.04161441,-0.80359954,1.0796856,-0.2992162,0.12883873,1.7328376
2015-04-02,-0.6564822,-0.46176794,0.5052031,0.38581046,-1.103901,1.1701224,-0.98227215,0.64128995
2015-04-07,1.1015908,-0.25542742,-1.2998173,0.3624995,1.5786755,-1.5296406,1.2258706,0.73260677
2015-04-08,-0.047393642,0.019610189,0.48178917,-0.18107523,-1.0436541,1.6151325,-1.2259284,-1.1229731
2015-04-09,0.0786176,0.096490115,-0.70409095,0.7194311,-0.039799053,-0.32826212,0.32609692,-0.7302198
2015-04-10,0.7364238,0.09769515,-0.35701013,-0.17970447,0.9307882,-0.42267787,0.2463276,0.39680704
2015-04-13,-0.047953423,0.5765771,-0.5260439,0.85374695,0.17815934,-0.41513905,0.38734183,-0.8797392
2015-04-14,-0.20475629,-0.62078696,-0.5629213,0.17347907,-0.23317872,-0.44186914,0.5388039,0.2470877
2015-04-15,0.4215533,-0.24890499,-1.1556288,0.31809565,0.9139691,-1.3144288,0.9076702,0.921047
2015-04-16,-0.9025302,0.30004445,0.009877096,1.8706547,-0.5367177,-0.9095479,-0.572973,1.182045
2015-04-17,0.023835916,0.075458944,0.6797996,-0.7795811,0.076784536,0.059868943,0.041866086,-0.46686962
2015-04-20,-0.45877165,-0.3304359,-0.030855792,-0.3914369,-0.8111852,-0.4340722,0.51080585,-0.8373397
2015-04-21,-0.05786732,0.63157576,0.38250378,0.10141052,-0.06872509,0.55844367,-0.74748564,-0.029983137
2015-04-22,-0.1483422,-0.833403,-0.60716534,0.40994716,-0.44356048,-0.12204638,0.6645748,-0.5458779
2015-04-23,0.794549,-0.85018235,-0.72583073,-0.17666954,0.594964,-0.7491196,0.62297976,0.7015998
2015-04-24,0.093941845,0.45530322,-0.6650829,1.4607825,0.13700764,-0.0037690224,-0.24421944,0.07061866
2015-04-27,0.9604864,1.2231029,0.5364289,-0.34956834,1.6866996,0.27726635,-0.66329896,0.57317257
2015-04-28,0.113113225,0.22411184,0.28647366,-0.07866656,0.37792066,0.20693563,-0.4269337,0.6290907
2015-04-29,-0.090359576,-0.24914606,-0.4897542,-0.126724,0.06378888,-0.6268171,0.5145351,0.7480267
2015-04-30,-0.30356342,0.095380224,-1.1113317,1.5021248,-0.5947565,-0.8380395,0.22627334,0.10872775
2015-05-05,0.51659095,0.72478867,-0.17828766,-0.13275331,0.9771928,-0.57168585,0.15389432,1.2002522
2015-05-06,0.28361437,-1.0680026,0.020125188,-1.1562765,-0.5733035,-0.03343819,0.4898843,-0.8304523
2015-05-07,-0.15226935,0.4057662,0.4346069,0.07342247,-0.6222321,1.0430197,-0.3902712,-1.2367431
2015-05-08,-0.15242228,-0.43879876,0.22113138,-0.14319158,-0.22568482,0.4277733,-0.45500517,1.1287448
2015-05-11,-0.32823542,-0.47982657,0.2454288,-0.38762555,-0.6104362,0.037431303,0.23912328,-0.7665209
2015-05-12,0.6034492,0.4015716,-0.6465714,0.76898223,1.0773124,-0.47907004,0.11353022,0.5907427
2015-05-13,0.550074,0.6385993,0.6328455,-1.2437389,0.9219201,-0.24999095,-0.20337564,0.4957339
2015-05-14,-0.14083679,-0.3856288,0.5269372,-0.59475857,-0.16205285,0.121763065,-0.29051086,0.4761525
2015-05-15,0.010344073,-0.22773015,0.28805044,-0.47488964,-0.10172783,0.10944324,-0.09369422,0.1768034
2015-05-18,-0.42511633,-0.24686876,0.9249296,-0.54881096,-0.32487178,0.314519,-0.12951548,-0.012887401
2015-05-19,-0.77573663,-0.02014148,0.35120884,0.10243384,-1.3147098,0.6077771,0.072417155,-2.437354
2015-05-20,0.34725904,0.11336865,-0.31137878,-0.5268328,0.41573045,-0.8001737,0.5887281,-0.4743179
2015-05-21,0.2445439,-0.50813955,-0.7490092,-0.23751535,0.08503159,-0.97478664,0.724737,-0.057329677
2015-05-22,-0.056625497,0.7888447,0.4050334,0.03756131,0.036092926,0.29586655,-0.18865056,-1.5597209
2015-05-26,-0.46617687,0.5470012,-0.065302804,0.5122207,-0.90292263,0.40591127,-0.17462026,-1.3573061
2015-05-27,-0.46991974,1.0424305,0.4008369,0.034622237,-0.3377995,0.42242697,-0.3326115,-0.76861084
2015-05-28,0.18271115,-0.5979566,-0.28834897,0.485461,0.16636616,0.107188985,-0.24039266,0.35560012
2015-05-29,0.44747353,-0.85826135,-0.6142645,-0.8034851,0.59683394,-1.424001,1.5195982,-0.070706256
2015-06-01,-0.38547036,-0.7230901,0.41167712,-0.11077705,-0.6110224,0.70496947,-0.5197985,0.7266528
2015-06-02,0.08379695,-0.89840764,-0.20484081,-0.46066755,-0.3639509,0.06847897,-0.10803179,1.0809886
2015-06-03,-0.28488547,-0.045090497,0.13971926,0.114446536,-0.74111825,0.68408567,-0.34817815,-0.5766569
2015-06-04,-0.75554687,-0.71830547,0.7065977,-0.6589355,-1.3149877,0.8298411,-0.40958568,-0.42644015
2015-06-05,0.039767463,0.14933762,-0.61879605,0.4003298,0.22515796,-0.6757565,0.6259986,-0.41911694
2015-06-08,-0.10758828,-0.08409747,0.317542,-0.1338571,-0.27637172,0.55762017,-0.5051222,0.66817653
2015-06-09,0.34243864,-0.15177079,-0.93990725,0.35957885,0.6223867,-1.0231717,0.7868032,0.7329363
2015-06-10,0.60174406,0.6408584,-0.96576273,0.6461357,0.5829578,-0.51752025,0.10531964,-0.025066769
2015-06-11,0.082937956,0.33670926,0.18960212,-0.8391932,0.03773655,-0.09384537,0.40416226,-1.9055384
2015-06-12,-0.20182027,-0.019918501,0.49897033,0.13030218,-0.5039663,0.52319896,-0.2826672,-0.49840313
2015-06-15,0.0014419951,1.1994061,0.42053738,-0.5814254,0.37936184,-0.06714272,0.04212706,-1.4577453
2015-06-16,-0.41511366,-0.9146367,-0.20904784,-0.41119754,-0.56551456,-0.44524598,0.49871728,0.17595418
2015-06-17,-0.31117505,-0.50562984,-0.035492282,-0.2044827,-0.38851884,-0.25359702,0.22850443,-0.016144989
2015-06-18,0.6375227,0.5826049,0.53974974,-0.7708984,1.0798066,-0.024330642,-0.17520954,0.13528603
2015-06-19,-0.13075912,0.25592616,0.49808872,-0.8327247,-0.31792855,0.6150299,-0.2793631,-0.8599107
2015-06-23,-0.59363365,-1.9092008,-0.6652595,0.24540716,-0.85809094,-0.47194478,0.81884515,1.0911672
2015-06-24,-0.4738816,0.15493831,0.8121257,-0.04083248,-0.07954667,0.40383783,-0.081724755,0.32512164
2015-06-25,-0.48028693,-0.73778254,0.5111903,-0.66047454,-0.81017834,0.3950838,-0.34901094,0.69808495
2015-06-26,0.17752126,-1.3120325,0.124811634,-0.6888131,-0.40049988,0.108099736,0.13737734,0.41547242
2015-06-29,0.052552495,-0.4292198,0.50875145,-0.63710564,-0.3124853,0.72812194,-0.29309344,-0.5739819
2015-06-30,-0.59910953,-2.3417332,-0.1270515,-1.219815,-1.0192595,-0.3199698,0.39571014,1.4802253
2015-07-01,-0.024809297,1.1507437,0.11727996,1.0520717,0.14899147,0.9217459,-1.0630817,-0.43430975
2015-07-02,-0.32329094,-0.333007,-0.2238348,-0.049995266,-0.5422558,-0.24468094,0.08305661,0.18556437
2015-07-06,-0.23896118,0.26857916,1.3190886,-0.8820867,-0.7990758,1.8744094,-1.3982184,-1.4494185
2015-07-07,-0.59963053,-0.20398735,0.2712389,-0.60389173,-0.947546,-0.19792658,0.7615163,-2.6780155
2015-07-08,0.47549433,0.5056469,-0.19800626,0.5424766,0.62717223,0.08105501,-0.29480773,0.72987646
2015-07-09,-0.26613554,0.27211297,-0.73878485,0.5424117,0.003828181,-0.8190893,0.06445753,1.4812828
2015-07-10,-0.3736811,-0.3380211,0.3540302,0.11492362,-0.17731437,0.17749014,-0.06854471,0.39951712
2015-07-13,-0.6093877,0.21371186,0.42231202,0.64373726,-0.56564987,0.6065234,-0.84044087,1.1482296
2015-07-14,0.6841685,-0.21910967,-0.24126387,-0.3973078,0.51730216,0.13176139,0.4375584,-0.7395381
2015-07-15,-1.2508705,0.85339844,0.5786416,1.2619547,-1.1860867,0.23389317,-0.7755701,-0.25099444
2015-07-17,-0.10465079,0.41020194,-0.47760046,-0.034935333,-0.21753247,-0.39796048,0.66128534,-1.6184598
2015-07-20,-0.24468373,1.0764995,-0.42550203,0.61407995,-0.1503013,-0.3224716,0.40270162,-1.5929266
2015-07-21,-0.07274712,-0.19337772,-0.19749868,-0.51248664,-0.35180265,-0.4191709,0.3994968,-0.367301
2015-07-22,-0.4309797,0.062495362,0.28292215,-0.1850977,-0.6638435,0.23433566,0.0689443,-1.1354973
2015-07-23,0.08071257,-0.22861741,0.5238274,-0.73420465,-0.095190994,0.32256734,-0.01753704,-0.9269228
2015-07-24,-0.23079967,1.1019062,0.15007484,0.50268346,-0.008200513,0.08854755,0.060391106,-1.5590757
2015-07-27,0.5737324,1.4810749,0.35069382,0.03084769,0.9467283,0.24334626,-0.21175931,-1.6061996
2015-07-28,0.099111825,-0.07185471,-0.5455566,0.55445516,-0.18751538,0.1569053,-0.48784056,1.3616718
2015-07-29,-0.019011835,0.31184238,-0.09112993,0.43803847,0.35909298,-0.11829095,0.3118707,-0.11045259
2015-07-30,-0.17376904,-0.54725164,0.354783,-0.8788074,-0.28621942,0.06267199,0.25706294,-0.42133474
2015-07-31,0.1401773,0.26222807,0.5345799,-0.6329238,0.0076700337,0.37475085,-0.27358964,-0.86052483
2015-08-03,-0.7476746,0.4149712,0.79055625,-0.13710882,-1.4498928,1.323427,-1.1152159,-1.0811871
2015-08-04,-0.22101606,0.108216606,-0.33531916,0.8004903,-0.06779917,-0.3026306,-0.035635322,0.41185746
2015-08-05,-0.27314147,-0.5772653,0.2455571,-0.7762443,-0.7958412,0.13547191,0.019902747,-0.33291596
2015-08-06,0.03952344,0.5327011,0.3620278,-0.48047775,0.3706249,0.058297962,-0.06142082,-0.5185247
2015-08-07,-0.21619958,-0.4002987,0.6523201,-0.73411345,-0.28501606,0.57468307,-0.3638405,0.630706
2015-08-10,-0.05262596,-0.19189636,-0.25696,-0.16374107,0.5430468,-0.2613785,-0.19895875,2.743622
2015-08-11,-0.1450858,0.93866116,0.84271276,-0.3746348,0.12006426,0.24272475,0.011615967,-2.1573281
2015-08-12,0.96811795,1.7235575,-0.29212144,1.0085307,1.3415502,-0.06173432,-0.19624212,-1.1858754
2015-08-13,-0.17054065,-1.1817337,0.44622514,-0.87466264,-0.7537984,0.5901141,-0.22208117,0.7637426
2015-08-14,-0.0744462,-0.22504622,0.045146003,0.30003163,-0.1909252,0.2636838,-0.022532074,-0.1930312
2015-08-17,0.9603748,0.5800539,-0.037266284,-1.5984349,1.1380874,0.4709184,0.6669809,-1.6851617
2015-08-18,-0.28290915,-0.34453306,0.0816991,-0.3438545,-0.34508786,-0.19687237,0.5938385,-1.4147207
2015-08-19,0.076064445,1.2876161,1.108005,-0.61877334,0.3081022,0.9542571,-1.1371928,-0.37754488
2015-08-20,0.47309566,0.4112539,0.35744017,-0.5935306,0.5336551,0.67071134,-0.8860932,1.1843215
2015-08-21,0.16134436,0.84746456,0.42711243,-0.7029,0.16663255,0.043730337,0.093330905,-2.1105106
2015-08-24,-0.9736364,0.0074453806,0.96619296,-0.62162167,-1.6727521,0.94853693,-0.35652536,-2.5016725
2015-08-25,-0.009686505,0.2063027,-0.8862244,0.9580944,-0.1739368,-0.055788822,0.06496195,0.22166361
2015-08-26,-0.7739564,0.16629271,0.65446585,-0.28706652,-0.9749245,0.2193202,0.35933426,-1.9598005
2015-08-27,1.0082695,-0.7058843,-1.6019832,1.0430408,1.5288012,-1.5242877,0.80489135,2.624244
2015-08-28,0.7673091,-0.44294232,-1.3131896,0.8178118,1.3282192,-1.4563626,0.86158514,1.5568004
2015-09-01,0.18718953,0.73392004,0.7416327,-1.0098206,0.3127554,0.026945842,0.2229031,-1.5524483
2015-09-02,0.33878276,0.47357666,-0.62022114,0.48457113,0.4032452,-0.341241,0.2000702,-0.27673104
2015-09-08,-0.07413542,-0.15012468,-0.08193466,0.7392575,-0.16938736,0.6017211,-0.45304337,1.1987318
2015-09-09,-0.516039,-0.14334631,0.400032,0.5127947,-0.8855507,1.0260712,-0.52720046,-0.78888947
2015-09-10,0.38674492,-0.17589061,-0.61608016,-0.3756888,0.50965196,-0.84213555,0.44721296,0.53979725
2015-09-11,-0.40386698,-1.01814,0.607487,-0.47641373,-0.69432145,0.58344966,-0.14649709,0.0148926545
2015-09-14,-0.8106388,-0.45796904,1.1111729,-1.1107466,-1.1963344,0.6010333,-0.39206544,-0.7289759
2015-09-15,-0.13860108,-0.88190836,0.0010357402,-0.45651773,-0.52429897,0.0016079164,-0.06739797,0.67358196
2015-09-16,0.874452,0.415306,-0.2612416,0.023569157,1.8639154,-1.1841326,0.91144806,0.86234117
2015-09-17,-0.3194047,0.56719816,0.2431998,0.5261733,-0.2298675,0.08338042,-0.3256621,-0.5684956
2015-09-18,0.0871228,1.1634016,1.2592129,-1.2714266,0.45031467,0.62529135,-0.66252095,-1.351457
2015-09-21,-0.20348842,-1.2665546,-0.4761354,-0.47265983,-0.28488857,-0.7217227,0.72668964,0.69695497
2015-09-22,-0.3541093,-0.43246347,-0.060706798,-0.49668604,-0.847022,-0.19632865,0.64524424,-2.1407888
2015-09-23,0.18818113,-0.45784792,0.692795,-0.6003289,-0.24112964,0.7902724,-0.44185048,0.25570056
2015-09-24,0.5836606,0.63197255,0.46943817,-0.3525523,1.1504376,0.26678744,-0.4279194,1.0853845
2015-09-25,-0.40490448,-1.9342959,-0.04072182,-0.7213928,-0.83239573,-0.059129227,0.3641768,0.90450495
2015-09-28,-0.68489575,-0.04349459,0.12618461,0.4002005,-1.4187745,0.59881914,-0.13367234,-1.9380099
2015-09-29,-0.17603175,-0.3048791,-0.39024904,0.5062102,0.0016212407,-0.53971636,0.4591887,0.5659275
2015-09-30,0.67525816,-0.3711036,-0.5608145,0.95659983,0.14775741,0.3851651,-0.08913393,0.5719699
2015-10-08,1.2499995,-0.7791567,-0.12281405,-1.1099206,1.784951,-0.56959516,0.41453508,1.6313486
2015-10-09,0.8399986,0.53550154,-0.1868069,1.5765967,0.9922391,0.61053205,-0.9042601,1.3982863
2015-10-12,-0.15631321,0.71852994,0.8647705,-0.14301388,-0.76177657,1.4993513,-1.4618134,-0.01278092
2015-10-13,-0.42172456,-0.78202116,0.48823193,-1.21326,-1.1976373,0.58574015,-0.6272362,0.39337435
2015-10-14,0.5510217,0.5950688,-0.3354665,0.4512741,0.49543452,0.2728225,-0.5707892,0.19109994
2015-10-15,0.7777471,0.4396689,0.04104568,-0.6566872,0.7953887,0.45433307,0.06410071,-0.7406478
2015-10-16,0.43151972,0.12199819,-0.9402925,-0.0016357529,0.42631125,-0.7391911,0.4381735,-0.5288261
2015-10-19,-0.39857873,0.28509405,0.15000866,0.29064414,-1.0736631,0.9614786,-0.6564704,-1.5497799
2015-10-20,0.11215192,-0.4222589,-0.41914716,-0.27212003,-0.49781913,0.081035174,-0.46059117,0.5559996
2015-10-21,0.20477284,-1.3792114,-0.81961524,-0.5407926,-1.213618,0.20847309,-0.063726276,-0.49158648
2015-10-22,-0.13140231,0.27492005,-0.15173337,1.7283127,-0.049941447,-0.17452393,-0.50148153,0.2081939
2015-10-23,0.16636428,-0.06285301,-0.08285772,-0.2984994,-0.040674765,0.2996093,-0.07624525,-0.76713026
2015-10-26,0.37078226,-0.494777,0.8666133,-0.8175068,0.26470682,0.8015387,-0.20542607,-0.5063562
2015-10-27,-0.28368875,0.5812727,0.22765765,0.10838631,-0.3146389,0.17764232,-0.1696445,-0.3559353
2015-10-28,1.2135826,-0.25866228,-1.1212941,0.47430292,1.5817066,-1.0210738,0.48290604,0.9772212
2015-10-29,-1.0784761,-0.6833928,-0.7992882,0.49638054,-1.8240492,-0.31675926,0.7235506,-0.9903087
2015-10-30,0.088918544,-0.88885766,-0.44351152,-0.37543666,0.07296078,-0.5779066,0.853465,0.16863587
2015-11-02,0.26267648,-0.10891543,-0.31793052,0.43692172,-0.05741116,0.5029712,-0.21705936,-0.8058012
2015-11-03,-0.24833262,-1.4065924,-0.9654124,0.45327336,-0.23366195,-0.90578586,1.2774923,0.39551228
2015-11-04,-0.77954894,0.3594184,0.8487504,-0.5285415,-1.264892,0.75843406,-0.5884638,-0.7466303
2015-11-05,-0.32100156,0.62993014,0.44730017,0.12685573,-0.06593063,0.33545408,-0.042001996,-1.4224548
2015-11-06,-0.49965528,-0.35042018,-0.67286396,0.6072726,-1.120076,-0.06547651,0.13112462,-0.67610574
2015-11-09,-0.17832878,0.600828,0.078224614,-0.011589701,-0.23188049,-0.3333187,0.3692742,-1.5241444
2015-11-10,-0.011267019,0.26771516,0.23132668,0.2877033,0.28458503,-0.29981163,0.47697288,-1.0835134
2015-11-11,-0.19135247,-0.16247244,0.12857226,0.39638755,-0.889036,1.12331,-1.2217299,0.21171679
2015-11-12,-0.35633644,-0.48732024,0.6117933,-0.5932934,-0.89301944,0.88720834,-0.42513698,-0.8679972
2015-11-13,-0.2229292,0.61312044,0.47268245,-0.01732724,-0.2886888,0.4394654,-0.2718383,-1.0061512
2015-11-16,-0.7043971,-0.15405954,0.62929547,-0.6978309,-0.28989434,-0.57964486,0.4813365,-0.34721926
2015-11-17,-0.6916112,-0.13510637,-0.051860053,0.28259048,-0.99238163,-0.062445153,-0.052022085,-0.52030504
2015-11-18,0.21654108,-0.1998452,-0.92572594,0.14445567,-0.30548522,-0.431377,-0.00720545,-0.6591242
2015-11-19,0.60341394,-0.78119624,-0.16991186,0.20026815,-0.0017607991,0.7532165,-0.705458,0.84948486
2015-11-20,0.31733498,-0.62378526,-0.09491472,0.18716496,-0.0886394,0.33862755,0.056860205,-0.4954316
2015-11-23,-0.18606237,-1.3488696,-0.4945478,-0.5575893,-0.6356521,-0.4723817,0.7933885,-0.43067008
2015-11-24,0.81375283,0.27786666,-1.4978487,0.85985076,0.47205168,-0.58164495,-0.121906534,0.8776278
2015-11-25,0.101115905,-0.5613045,-0.7689315,0.29206848,-0.7293352,0.16978575,-0.56706256,0.64526236
2015-11-27,-0.02180275,0.09777154,-0.4325891,0.5878759,-0.88637376,0.6609118,-0.68111503,-0.96568656
2015-11-30,-0.08014436,-0.118315384,0.42343324,-0.80976284,-0.30946866,0.16887753,-0.27815253,0.1768156
2015-12-01,-0.25639063,-0.24132386,-0.2517433,0.7148148,-0.27438837,0.258092,-0.553165,1.0774099
2015-12-02,-0.51779586,0.08402592,0.4920192,-0.23121625,-1.3129094,1.2716647,-1.2056137,-0.5859177
2015-12-03,0.7518766,-1.2481599,-0.3325858,-1.1174233,0.26758605,-0.2888178,0.51966053,0.7389707
2015-12-04,0.52907753,0.23032239,0.4855179,-0.62151337,0.56983095,0.92292774,-1.0614169,1.5318892
2015-12-07,-0.108439066,0.4304098,0.87078995,-0.6157585,-0.6574369,1.3116549,-0.59017587,-2.2957733
2015-12-08,-0.03296661,-0.22034946,-0.5023747,0.2399374,-0.8570106,0.29428887,-0.3707007,-0.5492964
2015-12-09,0.23999508,-0.11497797,0.44207257,-0.115652576,0.23333211,0.38682616,-0.40965346,0.7332749
2015-12-10,0.60734856,-1.054021,-1.3633325,0.12008738,-0.93616956,0.2484412,-0.6951075,-0.008794783
2015-12-11,0.66985273,0.19821888,-0.77476394,0.97940093,-0.5577818,1.0559249,-1.6336344,-0.5257919
2015-12-14,-0.6725137,-0.50095874,0.41364354,-0.27612448,-0.7688006,0.31874692,-0.079961844,0.069464326
2015-12-15,0.52587247,-0.7369327,-0.82380605,-0.60173094,-0.31985712,-0.37503722,0.22871418,-0.5131634
2015-12-16,0.48918843,1.146351,0.2820751,0.35675797,0.2940685,1.2403113,-1.548978,0.027317222
2015-12-17,-0.69613534,-1.2234459,-0.1923331,-0.333237,-1.3576547,-0.15463817,0.8801378,-1.2030445
2015-12-18,0.52138096,0.2807255,-0.27576753,0.50687635,0.5852505,0.47397065,-0.88988847,1.7716323
2015-12-21,0.09275303,1.4459316,0.28976923,-0.020173432,0.29584616,0.7876611,-1.1854305,0.5865959
2015-12-22,-0.024439951,-0.24058121,-0.086395845,-0.12919095,-0.09129308,0.010000924,0.4111327,-0.9076293
2015-12-23,0.228603,-0.41943258,-1.2932194,1.1766672,0.3457419,-0.8342884,0.30786574,0.8212354
2015-12-24,0.49931946,0.25229913,-0.30695936,-0.10082583,0.5119429,-0.2410486,-0.052863475,0.2709433
2015-12-29,-0.15433644,0.41664895,-0.72774875,1.0590854,-0.47890514,-0.33924428,-0.008641184,0.25859568
2015-12-30,-0.28408378,0.02475844,0.026156655,0.42265826,-0.8660439,1.3565155,-0.8794167,-0.17538084
2015-12-31,0.11932527,-0.0515368,-0.38608658,-0.17897233,0.25806737,-0.4044097,0.4633036,0.11644641
2016-01-04,0.31617513,0.6738663,0.14910105,-0.8706865,0.56019557,-0.55941343,0.5768486,-1.8705089
2016-01-05,0.1704121,0.29670686,0.14298312,-0.25255913,-0.33126366,0.5611646,-0.80097926,0.14482109
2016-01-06,-0.5511616,0.66202444,1.4655542,-0.6773788,-0.9061626,1.4864743,-1.5374995,-0.5540689
2016-01-07,-0.2212899,0.19251019,1.3165987,-1.1497939,0.3797351,0.17442682,-0.19241475,-0.3803618
2016-01-08,-0.9315409,-0.118244655,0.1829742,0.22648203,-1.383723,0.52608234,-0.37264732,0.09277489
2016-01-11,-0.51273113,0.25630596,0.65905344,-0.45743072,-1.0827938,0.8013288,-0.42213258,-2.1641142
2016-01-12,-0.5601477,-0.8095508,0.6162064,-0.52387464,-1.2461926,0.657994,-0.4823317,-0.12657095
2016-01-13,0.032264847,0.20955405,0.47817287,0.07014241,0.26345012,0.9213118,-0.8469135,1.1113449
2016-01-14,-0.10650274,-0.7145797,-0.74729306,1.1364057,-0.33555177,-0.2839766,0.38864437,0.012797577
2016-01-15,0.028303647,0.3070043,1.5731746,-1.408346,-0.119764194,1.2974333,-0.86285317,-1.053322
2016-01-19,-0.15631817,0.47961202,0.16715382,0.5045041,-0.39901033,0.8319695,-1.2314045,1.0449405
2016-01-20,0.31145713,0.46639395,0.2611444,-0.31027618,-0.7031235,1.1679729,-1.775945,-0.71668655
2016-01-21,0.79945034,-0.8360491,-2.1504307,1.2492267,-0.14117359,-0.75719255,0.0029177302,1.2863145
2016-01-22,0.64924645,-0.755338,-1.636835,-0.03076062,1.2797064,-1.932921,1.7554448,1.07461
2016-01-25,0.041346774,0.86708146,1.2812177,-1.0882037,-0.28783083,1.4057418,-1.2319951,-0.2805557
2016-01-26,0.9731315,0.44333494,-0.83888155,0.52909315,1.3986962,-0.60367674,0.13174531,1.2956266
2016-01-27,-0.31171694,0.21460137,-0.76366687,1.0268099,0.41807452,-1.2480727,0.5786342,0.8584643
2016-01-28,0.13592984,0.040037926,-0.5458657,-0.10384647,0.11916055,-1.1538349,0.9664657,-0.84012485
2016-01-29,0.16364227,-0.24413148,-0.710773,0.012966304,-0.028933678,-0.32180753,0.16753314,0.8546739
2016-02-01,0.33554342,0.37857738,0.8112739,-0.687733,0.2839986,0.93831754,-0.8067771,-0.53260034
2016-02-02,-0.3709639,-0.030006927,1.1266361,-0.44051,-0.74632525,1.5110488,-1.0724281,-0.27949506
2016-02-03,0.9597003,0.12882152,-0.86166954,0.34839067,1.8380172,-1.3202213,0.83712286,1.5808297
2016-02-04,0.70084995,0.88082486,0.113827966,0.29133505,1.1295437,0.3042062,-0.43378934,0.48101628
2016-02-05,-0.41214132,0.030094309,0.7974545,-0.7377971,-0.60579956,0.26596984,0.05024764,-1.3743666
2016-02-22,0.8294739,0.73942065,-0.59033364,1.0109788,0.8866779,0.43997148,-1.5394332,1.5010204
2016-02-23,0.66821945,-0.3048572,0.7369376,-0.52254176,0.19204785,1.3239597,-0.7503867,-0.5623031
2016-02-24,0.7348624,0.12187918,-0.89404243,0.25432804,0.82305366,-0.6910552,0.16582511,0.10126455
2016-02-25,0.3530472,-0.7803513,-0.36678633,-0.28306764,0.29974666,-0.62521994,0.7998491,-0.66812414
2016-02-26,-0.43758386,0.5328257,-0.57117903,1.1820549,-0.78768134,-0.4237882,0.117548205,-0.20940863
2016-02-29,0.99781126,-0.20711385,-0.03066528,-0.2441387,1.5619293,-0.22028981,0.31352484,0.4859992
2016-03-01,1.0613341,-0.0831358,-1.5340537,0.3813597,0.9098099,-1.019047,0.68785584,0.09533134
2016-03-02,0.5692714,-0.12204886,0.0911888,0.12803504,0.86905503,0.21550286,-0.09227693,0.86767364
2016-03-03,0.39240912,-0.06026223,0.33337864,-0.17299731,0.42096898,0.38993698,-0.40444034,1.1172882
2016-03-04,0.57482004,0.50392276,-0.24823077,-0.0034268058,1.419141,-0.58169556,0.09667631,2.294028
2016-03-07,0.1584347,-0.4268204,-0.9679331,-0.07414438,0.71062833,-1.739508,1.5132788,0.50048053
2016-03-08,-0.5292766,-0.84411216,0.66109204,-0.9140107,-0.9587081,0.33589223,0.22741094,-1.3174813
2016-03-09,0.20297883,-0.38887855,-1.2777417,0.70725816,0.19862254,-1.0856204,0.6233155,0.75841063
2016-03-10,-0.046157356,-0.33354163,0.73157096,-0.94786626,-0.29992542,0.6397065,-0.56511027,0.02139032
2016-03-11,-0.27014866,-0.6938715,-0.43407175,0.58630556,-0.31119466,-0.0043702205,0.20654646,0.9608425
2016-03-14,-0.46383128,-0.6932414,0.6168882,-0.4482075,-0.9328699,0.6779814,-0.1791466,-0.43336996
2016-03-15,-0.6556518,-0.8689405,0.3461063,-0.31473228,-1.2834685,0.30105016,-0.11338315,-0.3442058
2016-03-16,0.15372038,-0.5096703,-0.978423,0.4411226,0.47754654,-1.2219623,1.1266217,0.6385515
2016-03-17,0.931246,0.66331416,-0.017119262,0.35864308,1.8640087,-0.15449144,-0.32690755,2.1385136
2016-03-18,-0.3503967,-0.33852288,0.18686157,-0.051744983,-0.7132537,0.30567133,0.25296316,-0.9892615
2016-03-21,0.41491205,-0.6496732,-0.042656865,-0.35076988,0.27591938,0.097124085,0.37419403,0.22365296
2016-03-22,0.18782477,-0.5694246,-0.19004646,-0.21818954,0.27965555,-0.390967,0.5144057,0.73033047
2016-03-23,-0.8149383,-0.3661034,0.3582238,-0.038894568,-1.5504496,0.5914749,0.03491501,-2.1718235
2016-03-24,-0.3944743,0.42523012,-0.041790545,-0.32554564,-0.51066494,-0.59832984,0.19444004,-0.7558824
2016-03-29,-0.3750699,-0.003416079,0.98063403,-0.7354334,-0.6614235,1.0409466,-1.0075144,0.29931974
2016-03-30,-0.6142168,1.1266122,0.32841,0.33942866,0.6078784,-0.7956355,0.891433,-0.4230301
2016-03-31,0.6085519,0.7056184,-0.14363383,0.17875724,0.96978235,-0.18217783,0.026282402,0.36292204
2016-04-01,-0.63301677,-0.2655255,0.20076717,0.3404331,-1.3336341,1.1019303,-0.73447424,-0.46284002
2016-04-05,-0.34004858,1.1549469,1.0910366,-1.0123919,-0.40062225,0.4070732,-0.76839787,-1.349006
2016-04-06,0.08217139,-0.37634924,-1.1760825,0.41447484,0.51097584,-1.4434686,1.2091533,0.41131824
2016-04-07,-0.20776851,0.30132526,0.6325256,-1.2390156,-0.12694816,0.070883326,-0.21400945,-0.8406327
2016-04-08,0.86548907,-0.80755687,-1.2326788,0.2556738,1.5049111,-1.5813885,1.2966952,1.63637
2016-04-11,0.7736771,0.9508587,0.0998804,-0.44547507,1.4351541,-0.4892245,0.19757347,0.31318873
2016-04-12,0.3659163,0.07046208,-0.8511996,0.71903074,0.84215206,-0.7447551,0.17322193,1.8776858
2016-04-13,-0.12224598,-0.54730713,-0.24793103,0.13699432,-0.32076967,0.26410568,-0.13201559,1.1563306
2016-04-14,-0.49027404,-0.32942763,0.11576473,0.31086183,-0.654572,0.19387141,0.23734528,-0.7423501
2016-04-15,-0.14891154,-0.5768654,0.8501754,-0.1515525,-0.5051897,1.1343293,-1.1924798,0.37439388
2016-04-18,-0.042847097,-0.4874518,0.34892166,-0.068479314,0.115295954,0.23623112,0.07492539,0.8793034
2016-04-19,0.46715522,0.322785,-0.094870076,-0.5556275,1.1222097,-0.3855436,0.035457205,2.475598
2016-04-20,0.31031346,-1.4003037,-0.38558152,-0.5700915,0.49622262,-0.6575861,0.78699166,1.5905222
2016-04-21,0.30557573,0.45479494,-0.080573834,0.055055063,0.252255,0.09778263,0.14439626,-0.75479454
2016-04-22,-0.29615453,1.3113977,-0.5509046,0.9735572,0.121916786,-0.5947113,0.5431733,-1.5794829
2016-04-25,-0.021550793,-0.5132041,0.86839455,-0.7228634,-0.07260939,0.78759956,-0.6491772,0.48280758
2016-04-26,0.102369376,-0.8311765,-0.5555816,-0.058661107,0.29698873,-0.62224054,0.6397562,0.8039352
2016-04-27,-0.22224508,0.521115,0.12997502,-0.27913696,0.7318763,-1.339854,0.85650975,0.04759828
2016-04-28,0.46436298,0.793326,0.13886595,-0.29752064,1.309612,-0.602265,0.27324146,0.7378022
2016-04-29,0.39401367,0.29097265,0.51336217,0.0601326,0.6120276,0.87443084,-0.8312511,1.3868748
2016-05-03,-0.24732633,0.86876345,1.3879584,-1.0469126,-0.39613065,0.94413406,-0.27418876,-2.2819233
2016-05-05,-0.6858467,0.12210437,-0.23502298,0.32940292,-0.73023665,-0.3741173,0.55970454,-1.5365294
2016-05-06,0.35655028,-0.11274268,0.14712188,-0.8806104,0.46820277,0.17159556,-0.21564749,1.2757387
2016-05-09,-0.9444839,-0.2432817,0.36127123,0.060120795,-1.6025276,0.758213,-0.03868813,-2.175126
2016-05-10,-0.35047746,-1.4091935,-0.62024415,-0.52338946,-0.33880204,-0.7133348,0.78069454,1.4137938
2016-05-11,0.87664104,-0.052940197,-0.87677413,1.0711706,1.5709473,-0.9187259,0.61205995,1.1677835
2016-05-12,-0.35960418,-1.1466013,0.26476792,-0.7602291,-0.588403,-0.21989302,0.5982916,-0.62323356
2016-05-13,0.29118475,0.21534188,-0.13453767,0.13816525,0.21683936,0.07814103,-0.009409038,-0.25909007
2016-05-16,0.48562962,-1.567779,-0.43785,-0.6776809,0.2060512,-0.37274197,0.45646775,1.3210382
2016-05-17,-0.63498515,0.22796738,-0.12805791,0.9329631,-0.22119018,-0.67316735,-0.09247594,0.9472594
2016-05-18,0.11961378,-0.30842632,-0.030584166,-0.5497874,0.22461051,-0.21522856,0.58448327,-0.80778164
2016-05-19,-0.74133205,0.5563492,-0.14288442,0.32085225,-0.83091456,-0.39308614,0.68276286,-2.0360777
2016-05-20,0.3912924,-0.41126686,0.060365796,-0.4632756,0.4236778,0.19492929,0.2974266,0.05473354
2016-05-24,-0.29903978,-0.0700088,-0.26135358,-0.09074866,-0.38346386,-0.7363101,0.8210537,-1.1889521
2016-05-25,-0.33231416,-1.0418762,-0.19368468,-0.44849575,-0.45657912,-0.2517467,0.4462773,1.0697463
2016-05-26,0.2054234,-0.5037911,0.04673855,0.3720614,-0.030259697,0.5801893,-0.4316712,0.5401655
2016-05-27,-0.5757222,-0.17105223,-0.46375042,0.60949236,-0.8606764,-0.13637032,-0.08112712,0.38848427
2016-05-31,-0.40405267,0.6121583,-0.3291106,1.4296906,-0.2456723,-0.58952,-0.041343648,-0.351403
2016-06-01,-0.5692529,-0.89648443,0.011628787,-0.009151791,-0.8155687,0.28662142,-0.20680977,0.8429208
2016-06-02,-0.022397427,-1.5206679,-0.060559742,-0.49303648,-0.52351934,0.036530595,0.3645851,0.75860655
2016-06-03,0.3988317,0.23565781,0.951992,-0.27189475,0.7184213,0.95650446,-1.0013816,1.3022943
2016-06-06,-0.37043276,-0.10155496,0.16639405,0.22705597,-0.023782836,-0.021515347,-0.20481947,1.511138
2016-06-07,-0.08887517,-0.7851747,-0.07028001,-0.45663348,0.20314135,-0.5565232,0.7832848,-0.2357829
2016-06-08,0.16451365,-0.23738609,-0.04239927,0.15977821,0.60861623,0.36027813,-0.4257422,2.4658923
2016-06-13,-0.28858742,1.992307,1.2499413,-0.22659606,0.45040587,0.70662004,-0.9848412,-0.9343731
2016-06-14,-0.57225376,-0.1899169,0.8515109,-1.0534546,-0.31375355,-0.11342553,0.2222258,-0.7450199
2016-06-15,0.24937299,0.74906534,0.1799077,1.0314457,0.1918103,0.5921612,-0.70447034,0.25182664
2016-06-16,-0.36080068,0.8127775,1.2171743,-0.555017,-0.31901377,0.84784335,-0.8647259,-1.2792038
2016-06-17,-0.47011882,-1.1549807,-0.79342496,-0.02994534,-0.4226717,-0.92683434,0.80553037,1.1637375
2016-06-20,0.50046176,0.94205725,-0.682637,1.0968112,0.9936732,-0.8374041,0.55816823,0.25263435
2016-06-21,-0.16085851,1.471374,-0.3835872,1.2348604,0.0069567375,-0.04913208,0.018526351,-1.4631722
2016-06-22,0.46082807,0.15011305,-0.14723286,-0.17378928,0.3110828,0.29477054,0.013658705,-0.179282
2016-06-23,0.033274226,0.08181121,-0.6890045,0.9005461,0.14589219,-0.5647021,0.29446515,0.16268884
2016-06-24,0.4083872,1.5610805,1.657242,-1.183226,0.8462469,0.84175694,-1.2366991,-0.841804
2016-06-27,-0.53228307,-0.073896155,0.5661455,-0.37070984,-0.9604747,0.8953991,-0.69817775,-0.067159854
2016-06-28,0.42484245,-0.23865004,-1.0447721,1.0773511,0.5983397,-0.59643465,0.21784341,1.6691294
2016-06-29,0.9946294,0.44367653,-0.4396536,0.8994832,1.9776213,-0.50487036,0.40397096,0.9212352
2016-06-30,-0.1426645,0.85360426,0.33191755,-0.057431664,-0.31310055,0.7378758,-0.6848477,0.21329072
2016-07-01,0.736002,1.3070631,0.66251475,-0.02961799,1.8956437,-0.09736422,-0.092050426,0.9305411
2016-07-05,0.17480169,0.7904766,1.6255188,-1.1776247,0.6429388,1.0392976,-0.78626883,-0.98169327
2016-07-06,0.46568808,0.98115546,-0.013293747,-0.0855002,1.0043699,-0.47479132,0.290258,-0.51926535
2016-07-07,-0.30203867,1.0360882,0.76290077,-0.085132204,-0.38922137,0.63177043,-0.4788658,-2.0101774
2016-07-08,-0.4701548,-0.8843942,0.307564,-0.6430071,-0.4807437,0.36391935,-0.32335138,1.6406147
2016-07-11,0.40453768,0.10522411,0.3949473,0.3060681,0.6068911,0.34844327,-0.045348164,0.29035774
2016-07-12,-0.07280906,-0.4868742,-1.2918859,0.6575576,-0.15218769,-0.99464744,0.54625237,1.3930777
2016-07-13,-0.4141294,-0.11593671,1.1144229,-0.7385265,-0.81641793,1.1820713,-1.259482,0.65634114
2016-07-14,0.13827813,-0.42651275,-0.72976106,0.95703244,0.36332917,-0.5333097,0.5381788,0.40200448
2016-07-15,0.2513307,0.69166535,-0.16788138,0.3294386,0.25971842,-0.5306737,0.39563742,-1.3450811
2016-07-18,-0.12597446,-0.094111845,0.46733487,-0.60781705,-0.49120006,1.0523151,-0.7328179,0.34851468
2016-07-19,0.38702378,1.5869446,-0.123368666,1.1182132,0.7140607,-0.043759383,-0.02126097,-1.1181334
2016-07-20,-0.3498,0.2271303,0.009550077,0.33697414,0.021657031,-0.49265623,0.9192827,-0.93446416
2016-07-21,0.30657047,0.35962057,0.6778169,-0.6601235,0.2744438,0.6312571,-0.4448343,0.3117362
2016-07-22,-0.0076950355,-0.4241479,-0.118778035,-0.0036461556,-0.47644898,0.37009746,-0.10094149,-1.2097481
2016-07-25,-0.0074977838,0.13955517,0.25053194,0.47087985,-0.28429508,0.92812824,-0.7608147,-0.7208246
2016-07-26,0.15601528,0.45437923,-0.07759068,-0.20735344,0.24691795,-0.17188661,0.08790961,-0.17574883
2016-07-27,0.27052808,-0.015348006,0.8788073,-1.5897735,0.1460509,0.8283761,-0.48985127,-0.3035139
2016-07-29,0.038293753,0.76323074,0.44970766,0.21873102,0.5441555,0.77476096,-0.94587296,1.7894058
2016-08-01,0.5637473,1.1647499,0.17582534,0.49266955,0.79048413,0.26487955,-0.5704152,-1.1657395
2016-08-02,0.46444374,0.42134914,0.1669186,0.0013465991,0.6263092,0.22997425,-0.3366549,-0.029253757
2016-08-03,-0.31575534,-0.534563,-0.5418286,0.19567528,0.12734415,-1.0532544,1.1454756,0.31902558
2016-08-04,0.10338333,-0.51315755,-0.37712055,0.15541051,0.31281725,-0.64715093,0.79564327,-0.0055136466
2016-08-05,-0.39797112,-1.3905869,-0.47450706,0.5016662,-0.8546298,0.06383962,0.39453372,0.1339858
2016-08-08,-0.071379915,-0.25278038,-0.07618091,-0.10679809,0.49997514,-0.9624993,1.0233744,0.48551506
2016-08-09,0.13270159,0.21731983,0.40910158,-0.44570455,0.21515381,0.35908836,-0.16375254,-0.42753318
2016-08-10,0.029150866,1.127709,0.65629864,-0.431388,0.20926194,0.64252084,-0.8395816,0.05417689
2016-08-11,0.097955495,-0.517049,-0.8925618,0.12832221,0.32958636,-1.2887015,1.096775,0.11066005
2016-08-12,-0.22730696,-0.79457235,-0.4124306,-0.109112225,-0.15253136,-1.0248202,1.0836614,-0.6819123
2016-08-15,0.33262274,-0.6055556,-0.6404765,-0.47931582,0.75245774,-0.58754,0.93639666,0.86380374
2016-08-16,0.14126953,0.025936924,0.27992195,-0.28032127,1.0149871,-0.5329456,0.78946453,0.2734686
2016-08-17,-0.17336316,-0.74829423,-0.5741504,-0.21531911,-0.55503273,-0.58999956,0.56524885,-0.02682624
2016-08-18,0.1492535,-0.084256664,0.12958634,-0.12536182,0.9495485,-0.7272285,0.9031209,0.945681
2016-08-19,-0.16080825,-0.4809775,-0.38452706,0.17037857,-0.6836446,-0.17464814,0.3433103,-0.7514697
2016-08-22,-0.8641909,-0.25099823,0.8946681,0.10830531,-0.79165757,0.78074855,-0.1388347,-0.4082607
2016-08-23,0.2182789,0.19420324,-0.40498132,0.39069045,0.5615302,-0.35467342,0.45683292,-0.04209336
2016-08-24,-0.47445574,-0.3843993,-0.015203971,-0.35629806,-1.1205775,0.0031555227,0.41588768,-1.7818534
2016-08-25,0.1182835,0.48639193,-0.20064902,0.80538297,0.5912266,-0.23867488,0.3966603,-0.6773008
2016-08-26,-0.20116149,1.1584913,0.498168,0.5757754,0.6763998,-0.44988066,0.3907464,-0.44528306
2016-08-30,-0.35360178,1.5766095,0.13997743,1.1557863,-0.17450789,0.42480245,-0.38815057,-1.8665696
2016-08-31,-0.04844911,0.23115745,0.43619427,-0.007881365,-0.86949056,1.1005417,-1.0621774,-0.7322229
2016-09-01,-0.48509344,0.025782658,1.7332537,-0.8634883,-0.56911904,0.7696953,-0.7580973,0.48185396
2016-09-02,0.52763563,-0.74943316,0.1069827,-0.93296117,0.92042196,-0.4913517,0.6994601,1.0600483
2016-09-06,0.81087524,0.46504968,0.98127276,-1.3219856,1.5804433,-0.01835629,-0.1739607,0.8697044
2016-09-07,-0.17884594,-0.87552756,-0.82078826,0.49449188,-0.61694163,-0.311462,0.15660286,0.64156145
2016-09-08,-0.10977145,-0.83337754,-1.0107311,0.26173735,0.0577543,-1.3783387,1.2013015,0.52598137
2016-09-09,-0.53128004,-0.18663435,0.3755519,-0.44257256,-1.277705,1.0395745,-0.71941096,-0.7333191
2016-09-12,-0.37618247,-0.50521415,-0.43054232,0.42995363,-0.6982271,-0.30948082,0.52011895,-0.9048637
2016-09-13,0.05440287,1.0213118,0.4456107,0.23466402,0.33900937,0.31121415,0.008175676,-1.5508636
2016-09-14,-0.013234166,0.38499328,0.41641444,0.08122093,-0.17211321,1.1330496,-0.9912136,0.5895268
2016-09-19,-0.28606704,-2.0485394,-0.30458912,0.11654408,-0.90484184,0.018939367,0.010067885,1.4727677
2016-09-20,-0.4449475,-0.25154126,0.13020866,0.107992284,-0.61849266,0.48992318,-0.52332425,1.3788781
2016-09-21,0.81471866,0.045940425,-0.06996457,-0.5527284,1.4815831,-0.63510543,0.5108748,0.30063272
2016-09-22,0.5143868,0.71160567,-0.15066397,0.48039332,1.254924,-0.2460889,-0.070714414,1.1785778
2016-09-23,-0.038391665,0.47465748,0.45119128,0.033343818,-0.3559399,0.86509395,-0.55177873,-1.3642836
2016-09-26,-0.061765507,0.11961427,-0.5406156,1.0997951,0.49745563,-0.7665065,0.63418555,-0.1792708
2016-09-27,-0.4972051,-0.7291115,0.4743161,-0.30173388,-1.0483243,0.8236627,-0.16355976,-0.58724046
2016-09-28,0.699232,-0.56955546,-1.2616782,0.7523415,0.6407998,-0.945288,0.6614145,0.20182802
2016-09-29,0.21886538,0.30429396,-0.03392578,-0.18846795,0.77356434,-0.88265854,0.8820222,0.15695874
2016-09-30,-0.28280264,-0.1849493,0.113641754,-0.050515607,0.07101346,-0.2396153,0.47583282,0.3342055
2016-10-10,-1.1133838,-0.952405,-1.1739057,1.3659528,-1.0013213,-1.7872537,1.1275195,0.14278375
2016-10-11,-0.583766,-0.33704188,0.6148409,-0.35328746,-0.8778538,0.07663607,-0.04636067,-0.959473
2016-10-12,0.05249614,0.8244147,-0.0052598272,0.7768986,0.12354864,0.10085685,-0.25958183,-0.41664034
2016-10-13,-0.494141,-1.3252022,0.4224893,-1.2291601,-0.60333353,-0.3960402,0.422463,0.25263602
2016-10-14,-0.10341316,-0.80687696,0.014901891,-0.2819033,-0.47032487,0.2736185,-0.2234272,0.6795299
2016-10-17,0.13501094,-0.63464224,0.54833305,-1.3098229,0.57508034,0.23320405,0.69733846,-0.10619439
2016-10-18,0.42059073,0.34235603,-0.029805703,-0.12793045,0.64759064,-0.15078719,0.114088185,0.0360461
2016-10-19,0.2691118,-0.621798,-0.09590755,-0.5014507,0.31827265,-0.5370572,0.60066015,0.38103762
2016-10-20,-0.0752164,0.40656656,0.05241121,0.072197475,-0.4709879,0.6081522,-0.40028635,-1.2584139
2016-10-21,0.22659963,-0.66005594,-0.36757222,-0.2365333,0.11761812,-0.24735585,0.29249468,-0.13502744
2016-10-24,0.37635997,-0.103095606,-0.19771168,0.5998552,0.17010345,0.6448949,-0.5381699,0.5020992
2016-10-25,0.16590674,0.5738039,0.34560198,0.7168106,0.48246992,0.5449311,-0.92927605,1.3717201
2016-10-26,-0.47028217,-0.49867412,0.34583953,-0.46096843,-0.7298542,0.30817214,-0.18941371,0.25484723
2016-10-27,0.16375762,0.040709186,-0.44550422,0.5697598,0.24891135,-0.1282404,-0.1382457,0.7033204
2016-10-28,-0.14177443,1.4030507,0.31502715,0.7568215,0.08641973,0.2256177,-1.0131898,0.68849015
2016-10-31,-0.25101086,0.67112625,0.5885702,0.47051996,-0.39509967,0.47657,-0.8150057,-0.24322106
2016-11-01,1.1258712,0.8137419,0.06498093,-0.4632675,1.7201319,-0.07384074,-0.010087596,-0.38887513
2016-11-02,0.1919636,0.23842064,1.1342584,-0.73543775,0.00084451964,1.2635955,-1.16813,-0.057420176
2016-11-03,-0.21822241,0.24323368,-0.04694874,0.4458573,-0.45838374,0.713293,-0.32761118,-0.0060518836
2016-11-04,-0.27215064,-0.00844531,0.8847623,-0.37538323,-0.3884448,0.66807413,-0.46061316,0.08403911
2016-11-07,-0.116747275,-0.2892909,-0.65518373,0.891027,-0.38108763,-0.24182194,0.3506631,0.6035326
2016-11-08,0.31061023,-0.35788694,-0.11522447,-0.5305864,0.0036084726,0.1835987,-0.28466973,0.87923765
2016-11-09,0.19964713,1.4006166,-0.1557807,1.4246507,0.61873823,0.11867091,-0.39279452,-0.15734686
2016-11-10,0.1532395,0.40663788,-0.48522317,0.39404762,-0.21258181,0.19307569,-0.57579947,0.45343402
2016-11-11,-0.96535426,-0.5812878,-0.36161196,0.5834685,-1.9348569,0.23598263,0.34141865,-1.9512516
2016-11-14,0.017515687,0.56172633,-0.48866406,1.2834876,-0.4151274,0.6174557,-0.5167056,-0.38529822
2016-11-15,0.84209114,-1.1183697,-0.7236374,-1.2086024,0.9734979,-1.2412311,1.4266987,0.59846336
2016-11-16,-0.4430374,0.5868521,-0.018705763,-0.049672585,-0.6690252,-0.39661014,-0.1499669,-0.6248869
2016-11-17,-0.14135271,-0.4155493,-0.21416722,0.36851984,-0.32697394,-0.22917354,0.22498316,0.046669994
2016-11-18,-0.8800086,-0.65077275,-0.21232891,0.24172261,-0.90010864,-0.46692052,0.50206846,-0.03722578
2016-11-21,0.22079366,-0.47999614,-1.225223,0.9603191,0.4832046,-1.2095845,0.47194242,2.0222044
2016-11-22,0.025561,0.46300712,-0.20012318,0.27455184,0.36503628,-0.22304285,-0.103323266,0.64663726
2016-11-23,-0.078288615,-0.6320305,-0.98292726,0.63584095,-0.9217094,0.026521672,-0.045420676,0.54941976
2016-11-25,-0.09663702,0.53266335,0.01664681,1.057548,-0.7733895,1.1149073,-1.2876989,0.112674646
2016-11-28,0.6127586,-0.088165805,-0.44173884,-0.16202419,0.78559417,-0.116189934,0.3761521,0.78711593
2016-11-29,-0.4916914,1.0106428,1.034298,-1.0484549,-0.3519313,0.32958645,-0.11584572,-2.3639646
2016-11-30,-0.09990824,-0.44766587,-1.4515982,0.26377362,0.76198554,-1.9345199,1.7719305,0.5576134
2016-12-01,0.11717966,0.21591875,-1.023643,0.39234248,0.47598958,-1.6586341,1.2671505,-0.07985915
2016-12-02,0.25899428,0.021491522,0.65315443,-1.2142376,0.67798746,-0.34703672,0.07795503,0.4163853
2016-12-05,-0.3528363,0.22188905,-0.068043604,0.59001654,-0.21345845,0.04838823,-0.6257831,1.6308148
2016-12-06,-0.22039068,-0.47619253,-0.059439655,0.5784964,-0.796623,0.7192878,-0.63650984,-0.04315866
2016-12-07,-0.13577949,0.28161252,0.99829346,-0.59457415,0.14363031,0.43919435,-0.6372846,-0.1676496
2016-12-08,-0.29197493,0.25979686,-0.06505077,0.34400254,0.034171216,-0.6726829,0.54858595,-0.83252263
2016-12-09,-0.37662846,-0.5983508,-0.6531723,0.51069236,-0.7174654,-0.39819613,0.24527127,0.41936928
2016-12-12,0.6442619,-0.55883837,-0.0607638,-0.3862571,0.93073237,-0.43353316,0.40637156,0.28855315
2016-12-13,-0.14220268,-0.02235217,-0.33221045,0.014669959,-0.09309374,-0.4855438,0.47803703,-0.27556893
2016-12-14,-0.022256665,0.9735671,0.29573014,0.7156505,-0.07269187,0.66845983,-1.0416579,0.28396153
2016-12-15,-0.35808656,-1.8031235,-0.9086836,0.19755973,-1.7220653,-0.0860531,0.46153724,-0.7121068
2016-12-16,0.22504942,0.06920498,0.23275223,-0.91505116,0.64601135,-0.7095798,0.34110317,0.31628788
2016-12-19,-0.34560362,-0.17881197,0.41385338,-0.67115456,-0.31608212,-0.2419774,0.39962417,-1.4189616
2016-12-20,0.5192997,0.3250936,-0.2278954,0.123364635,0.8071411,0.10894258,0.39736786,-0.48810688
2016-12-21,-0.42714998,0.21535905,-0.27733395,0.5976994,-0.66127545,-0.03677789,-0.18400097,-0.173984
2016-12-22,0.16182806,0.33544892,-0.36883146,0.3396879,0.223186,-0.3073872,0.23971458,-0.86278355
2016-12-23,-0.10688003,-0.10082284,-0.07941255,-0.38460353,-0.11936392,-0.38519955,0.4843724,-1.0847429
2016-12-28,-0.0033549678,-0.3379688,-0.53768367,-0.0011924941,0.34897363,-0.7907094,0.5231097,1.2263007
2016-12-29,0.37620455,-0.42508703,0.49884248,-0.72590196,0.43163678,0.31689554,-0.28548655,0.22140807
2016-12-30,0.039598398,-0.2509932,-0.28746006,0.5726002,-0.18020713,0.24217111,-0.05696201,0.15842056
2017-01-03,0.65696615,-0.06500787,1.491081,-1.5619899,1.2533364,0.9673474,-0.2593538,0.006755493
2017-01-04,0.23275958,-0.62770766,-0.26086968,0.60300535,-0.03493447,0.37824088,-0.51447797,2.1001267
2017-01-05,0.2584116,0.21359487,0.52933675,-0.6407203,0.64463454,0.2797244,-0.35089478,0.7207301
2017-01-06,-0.008126502,0.29036075,-0.31699702,0.5462861,0.12890448,-0.122217625,0.3036831,-0.593625
2017-01-09,0.0035366497,0.22387266,0.88000476,-0.4275853,-0.2980495,1.5256182,-1.4095448,0.46257237
2017-01-10,-0.07088055,0.56687653,0.05329218,0.67548245,-0.34844536,0.95308244,-1.2675477,1.0992678
2017-01-11,0.38699,-0.30758435,-0.40358707,-0.12741055,0.70529824,-0.9299803,0.7979462,-0.10675453
2017-01-12,-0.032608055,-0.30009714,-0.21150108,0.1002728,0.04431886,-0.2079589,0.12850441,1.5084964
2017-01-13,0.13530304,0.1478585,-0.26331365,0.42223275,-0.11710092,0.5254746,-0.3595153,0.3415688
2017-01-17,-0.16715296,-0.77241504,0.5804179,-1.4570795,-0.10433278,-0.022299798,-0.04367209,0.355511
2017-01-18,-0.16038021,0.097246006,0.4574182,0.38761494,-0.23818025,1.1680824,-0.98818094,0.19731662
2017-01-19,-0.75439554,0.23528224,-0.30932084,0.8470731,-0.8158989,-0.49944392,0.25450888,-0.6884333
2017-01-20,0.66936326,-0.31283936,-0.047018327,-0.49262524,1.152032,-0.46161735,0.66999507,0.32377294
2017-01-23,0.254733,0.26779124,0.1829439,0.18801092,0.35859826,0.452617,-0.46723774,0.55221677
2017-01-24,0.50824046,0.863382,-0.4549259,0.50076735,0.7296786,-0.15503855,0.10974095,0.28407493
2017-01-25,-0.92443085,0.054729413,0.11117981,0.456336,-1.3638145,-0.03179946,-0.07269399,-0.71930844
2017-02-06,1.6061854,0.44488928,0.4341847,-1.3763467,1.7581288,0.4299612,-0.15953259,-0.27593875
2017-02-07,-0.32015982,0.014499675,0.34256136,-0.41482678,-0.6183548,0.45339787,-0.5545006,-0.00089973025
2017-02-08,0.34470093,-0.30290776,-0.54311997,0.359828,0.19963111,-0.06827428,0.024435857,1.0068154
2017-02-09,-0.014856599,-0.42554855,-0.07924454,-0.05123518,0.019078942,-0.25538233,0.31664553,-0.00673401
2017-02-10,0.33947617,0.008515985,-0.5184415,0.71172947,0.3658762,-0.076845,-0.14763479,1.4637091
2017-02-13,-0.43881047,0.09666058,0.45958367,0.17696212,-0.74479693,0.42679957,-0.4006309,-0.43911
2017-02-14,0.05561277,-0.26704195,-0.08982322,0.29641372,0.30218455,-0.13683572,0.14531827,-0.18032442
2017-02-15,-0.097738914,-0.17246456,0.55648,-0.62693596,0.19423416,0.29125246,-0.18977197,0.54369795
2017-02-16,0.32855824,1.0035311,0.30956614,-0.10074502,0.77582896,0.073700264,-0.048796095,-0.8505239
2017-02-17,-0.3083115,0.31659338,0.06396847,0.63115674,-0.20158395,-0.1955928,0.06226852,-0.81264025
2017-02-21,0.78120136,-0.5233583,-0.28032425,0.70372474,0.60298187,0.4047967,-0.17098805,0.25627387
2017-02-22,-0.26574183,-0.2421937,-0.02365442,-0.1716295,-0.43558952,0.33870873,-0.05484232,-0.27590877
2017-02-23,0.381014,0.19779697,0.13505134,-0.99545944,0.7220514,-0.674383,0.64575475,-1.0234476
2017-02-24,0.24762642,1.1034524,-0.01968721,0.4027647,0.3365079,0.38605142,-0.88977957,0.58231455
2017-02-27,0.022429133,0.98860586,-0.36023006,0.57904816,0.24268286,-0.60061723,-0.001114998,-0.35177782
2017-02-28,-0.33131668,-0.9388533,0.056755047,-0.44161528,-0.7161053,0.49625245,-0.3043116,1.0074034
2017-03-01,0.10714687,-1.525208,-0.043481953,-0.3422845,0.0024240816,-0.62087995,0.8999998,1.0143588
2017-03-02,-0.76210856,-0.22361068,0.38831446,-0.15881787,-1.4149567,0.392051,0.24662167,-2.2287285
2017-03-03,0.014426986,-0.19493364,-0.32584658,-0.20224196,-0.040854473,-0.3735951,0.42994434,0.17651373
2017-03-06,-0.13678351,-0.13240099,-0.1846832,-0.3087263,-0.34932014,-0.5124116,0.3658207,-0.6172385
2017-03-07,-0.26452962,0.13591267,-0.030437438,-0.25796255,-0.34425697,-0.42241183,0.57162815,-1.6386298
2017-03-08,-0.5918932,0.4200504,0.41920915,0.51388854,-1.0011163,1.0713085,-0.69159234,-1.131514
2017-03-09,-0.72096074,0.8783433,0.20693173,0.450802,-0.91006815,0.29970086,-0.26740116,-1.3408313
2017-03-10,-0.058244787,0.38157365,0.061136223,0.685007,-0.101869896,0.5423001,-0.39346287,-0.32693598
2017-03-13,-0.08081326,1.1981934,-0.15898466,0.99745685,0.039055564,0.08560555,-0.5255201,0.062388256
2017-03-14,0.4732434,-0.10503089,0.19031432,-0.44085553,0.15264206,0.43719348,-0.111919224,-0.5226507
2017-03-15,0.07024099,-0.85122585,-0.78893304,-0.08806665,-0.37376192,-0.05254992,0.03391911,1.1156067
2017-03-16,0.68782485,0.3243031,0.5595133,-0.7764663,1.0887212,0.48963392,-0.6375548,0.8393873
2017-03-17,0.11395865,0.15701856,-0.11598314,0.32757413,0.27322546,0.14336511,-0.15695356,0.57093126
2017-03-20,-0.16643025,0.70838225,0.09297919,-0.053478725,0.18942954,-0.19083317,0.1217965,-0.3022151
2017-03-21,-0.10784138,0.6557402,0.34336862,-0.5597408,0.042833187,0.18804011,-0.40497088,-0.42857105
2017-03-22,0.07003807,0.30032447,-0.29039502,0.1059374,0.14527903,0.07217299,-0.03771324,-0.12924105
2017-03-23,-0.03482798,0.4374689,0.081759505,0.36806706,0.12334741,-0.046217345,-0.03511098,-0.33825746
2017-03-24,0.4133647,0.3742931,-0.014828108,0.010091488,0.82085055,-0.05694534,0.19803457,-0.6806834
2017-03-27,0.22678104,0.37780333,0.47760168,-0.68536025,0.65239793,-0.17627035,0.124407604,-0.3832081
2017-03-28,0.11898077,0.06153622,-0.54156244,0.8622569,0.20491563,-0.35889432,-0.01701343,0.83616024
2017-03-29,0.32718343,0.033706505,-1.0780435,0.60415953,0.1490208,-0.5416546,0.20291068,0.11847293
2017-03-30,-0.06469003,0.48305148,-0.4429316,0.52862316,0.21198337,-0.5906232,0.46872696,-0.28090495
2017-03-31,-0.15544112,-0.47017932,0.30384713,-0.71886396,-0.035486113,-0.41949055,0.36580974,-0.47750783
2017-04-05,-0.072620444,0.6575796,-0.20111215,-0.07872291,0.60411584,-1.4064398,1.0292541,-0.014859974
2017-04-06,0.0012384593,0.06444587,0.06706748,0.10056252,0.30059826,-0.38706857,0.35182583,-0.5127987
2017-04-07,0.07197317,-0.4713174,-0.07939909,-0.084210746,0.18017893,-0.029527519,0.25147453,0.15208054
2017-04-10,-0.48872665,-0.90911317,-0.31295103,-0.47336033,-0.89992285,-0.62093407,0.57081664,-0.50904554
2017-04-11,0.74441516,0.16294643,0.41766462,-1.0650425,0.9295547,0.37081844,-0.3605504,0.09449463
2017-04-12,-0.26592058,-0.25069135,0.047532443,-0.26142046,-0.41123226,0.16395813,-0.085769854,-0.17544484
2017-04-13,0.21223886,0.42420447,-0.03646947,0.084317185,0.38239285,0.1735104,-0.4196606,0.80704325
2017-04-18,-0.36102584,0.31535694,0.4149305,0.25251684,-0.6337053,0.1790725,-0.45059255,-1.0925832
2017-04-19,-0.8376086,0.5950711,0.3640673,0.8815868,-0.9724419,0.4370085,-0.8662548,-0.018423941
2017-04-20,0.5107416,0.87612516,-0.6591472,0.93729365,0.6341531,0.13778114,-0.4018734,-0.1301017
2017-04-21,0.043430112,-0.29355964,0.5490538,-1.0163199,-0.32519066,0.5871469,-0.1906814,-0.7504838
2017-04-24,-0.2623097,-0.16347712,-0.10114175,0.17755754,-0.62406844,0.2360531,-0.13568462,-0.14664954
2017-04-25,-0.32044312,-0.5555238,-0.31471404,0.49112958,-0.57455105,-0.0615908,0.055237193,0.38106757
2017-04-26,-0.023903714,0.5197071,-0.6882135,0.82295185,-0.44377345,-0.21091463,-0.13292597,-0.59479135
2017-04-27,-0.376767,-0.020222494,0.2979188,-0.21783863,-1.120806,0.56698483,-0.8119397,-0.08871351
2017-04-28,0.31501997,-0.5369157,-0.13871846,0.61931485,0.10794481,0.51673394,-0.12085223,0.55845976
2017-05-02,-0.49746162,-0.9709261,0.85195386,-0.68470114,-1.210041,0.6047897,-0.24389467,0.4552432
2017-05-03,-0.66788006,-1.0191106,-0.2910834,-0.23072861,-1.1201376,-0.3380982,0.42985496,-0.8971034
2017-05-04,-0.72985405,0.9810841,0.28956765,0.64063144,-1.0671782,0.8111406,-0.6389878,-1.5285779
2017-05-05,-0.07670596,-0.033915784,-0.38775143,0.08989003,0.0064342557,-0.6209415,0.5352456,0.3797753
2017-05-08,0.35619554,0.26354513,-0.04890843,-0.354241,0.45610857,0.19404152,0.30769846,-0.86829704
2017-05-09,-0.42816198,-0.16719331,-0.12809597,0.44655406,-0.93144757,0.109599076,-0.0017989692,-0.37692553
2017-05-10,0.42046413,-0.57969856,-0.28646907,-0.4147817,0.82237506,-0.7794004,0.873201,0.33029783
2017-05-11,0.30102298,0.4991274,-0.41070047,0.37924004,0.3624042,-0.4226807,0.0007734078,0.40328124
2017-05-12,-0.16863,0.24611463,-0.16988328,0.38404566,0.021230722,-0.31329623,-0.20431583,0.68574756
2017-05-15,0.6611573,-0.6871573,-0.18539292,-0.8008121,0.65526205,-0.44437766,0.37571648,0.96069205
2017-05-16,-0.17068689,0.32474032,0.3635462,0.24778892,0.20965521,0.08954437,-0.28922588,0.06885058
2017-05-17,0.48878247,-0.30023724,0.3330808,-0.3798983,0.8367697,0.19473803,-0.17912236,0.8696465
2017-05-18,0.1178356,0.65750957,-0.34344307,0.19841371,0.19486609,-0.4621083,0.35920653,-1.5706712
2017-05-19,0.3885421,-0.9764873,-1.027062,0.97560513,-0.06713953,-0.09856164,-0.32333726,1.8990908
2017-05-22,0.27827448,0.2416178,0.06329848,0.021877494,0.73423404,-0.2086144,-0.035250273,0.615468
2017-05-23,0.20212457,0.92310935,-0.26658875,0.30227554,0.45999953,-0.295366,0.2982685,-0.9134724
2017-05-24,-0.34566146,-0.019408433,0.19369614,-0.19322632,-0.3316541,-0.22631653,0.15829015,-0.44459668
2017-05-25,0.014406757,0.61318356,0.62121266,-0.09797883,-0.29202598,1.3898746,-1.191128,-0.37320906
2017-05-26,-0.14410445,0.35684285,0.3903476,-0.12903585,0.31837523,-0.4853415,-0.040576212,0.12765947
2017-05-31,0.32045883,0.2344053,0.3681616,-0.061685,-0.43672627,1.0980595,-1.1488457,-1.0821928
2017-06-01,0.12327244,0.03772292,-0.6719736,-0.11038716,-0.35859454,-0.3089514,0.11854893,-0.756507
2017-06-02,0.12270272,0.7032416,0.5884952,-0.9778166,0.21557136,0.41752413,-0.74564993,0.15599282
2017-06-05,-0.325578,-0.091004774,0.6931787,-0.6599203,-0.39688495,0.5381819,-0.34294888,-0.15482186
2017-06-06,0.16922837,-0.27563015,0.1886571,-0.81380236,0.2578907,-0.42763013,0.10955786,0.31092498
2017-06-07,-0.60466444,-0.40819797,0.93934304,-0.40375587,-1.051754,1.1573871,-0.99459404,-0.0011095465
2017-06-08,-0.23079973,-0.73321366,-0.38902417,0.4783445,-0.70479417,0.069288686,0.17116387,0.57454205
2017-06-09,-0.03301778,0.0063001225,-0.52884275,0.7875361,-0.12191434,-0.18358509,0.06337288,0.5739776
2017-06-12,-0.10891922,0.7981412,0.27061847,-0.06455713,0.149293,-0.43546414,0.6078028,-1.5226046
2017-06-13,-0.13482381,-0.97749996,-0.14783815,-0.59482974,-0.52915305,-0.43728057,0.5149916,-0.32144293
2017-06-14,0.22304764,0.9544853,1.0992076,-0.90340453,0.2917511,0.9930997,-0.87775874,-0.21478853
2017-06-15,-0.65353304,-0.78440183,-0.6081277,-0.14175281,-1.3913945,-0.16518939,0.7310305,-0.76711416
2017-06-16,0.19931917,-0.5420636,-0.21536358,-0.32886657,0.044186886,-0.25075063,0.27191976,0.40498388
2017-06-19,0.09666963,0.41570586,-0.01831026,1.0333972,0.041507624,0.30367875,-0.1826878,-0.2741475
2017-06-20,-0.12521364,0.21020181,0.29190785,0.26202255,-0.32889706,0.65418,-0.3857601,-1.1292742
2017-06-21,0.27421445,1.3490353,-0.1461925,0.564164,0.13394888,0.39711154,-0.65307575,-0.30814064
2017-06-22,0.7181236,0.8019826,-0.42564976,0.22229718,0.90920943,-0.29955667,0.14479573,-0.68408316
2017-06-23,0.10735633,0.32092255,0.10812589,0.5043471,0.36809,0.16455378,-0.2587489,0.84461886
2017-06-26,-0.31643838,0.1571447,-0.8522825,0.81514835,-0.63163304,-0.36135477,0.019828286,-0.116720855
2017-06-27,0.3360789,-0.34463125,-0.5699522,0.23931263,0.5750799,-0.60788584,0.6232441,1.0032394
2017-06-28,-0.3359173,0.49143627,-0.047035065,0.33615273,0.32626554,-0.7038752,0.2932071,0.628942
2017-06-29,0.13628384,-1.4072427,-0.058268074,0.24429202,-0.14650144,0.26290107,0.1815063,0.91451645
2017-06-30,-0.3255242,-1.7070887,0.035304934,-0.7432186,-0.6489068,-0.11904047,0.27284947,1.5445917
2017-07-03,-0.3011494,-2.1394296,-0.5164644,-0.15362142,-0.7163551,-0.5614654,1.2328498,0.49036667
2017-07-05,-0.14534634,-0.51763743,0.9987838,-1.1138179,-0.5836318,0.79385144,-0.394292,-0.45828658
2017-07-06,0.2520106,0.34703484,-0.510198,0.729255,0.49613726,-0.21382815,0.03340388,-0.033534322
2017-07-07,-0.70144445,-0.5312424,0.27646244,0.067819916,-1.3794796,0.84783554,-0.35223782,-0.64583683
2017-07-10,-0.27258986,-0.3807543,0.2266304,-1.3289771,-0.5257274,-0.277191,0.23202583,0.17190863
2017-07-11,0.22400366,0.13924725,-0.6858433,0.389232,0.21508357,-0.45802945,0.10955673,0.5778308
2017-07-12,0.55767787,1.1964984,-0.27313524,0.92238784,0.89490354,0.10892878,-0.27423415,-0.20582812
2017-07-13,0.2958442,0.9380336,-0.31340396,1.2327768,0.92800885,-0.1703674,0.31623715,-1.1169115
2017-07-14,0.01726893,0.23872694,-0.012971544,0.24444307,0.47743934,-0.21197768,-0.2542407,1.514581
2017-07-17,-0.123287395,-0.1628683,0.5561353,-0.10794249,-0.15661065,0.2904553,-0.5479215,0.8448488
2017-07-18,0.40467256,-0.010388692,0.32565954,-1.0892845,1.1595662,-0.23864123,0.65101725,0.13093527
2017-07-19,0.21891797,-1.2746962,-0.49886042,-0.52620804,-0.009936435,-0.5354105,0.6432686,0.12756996
2017-07-20,-0.5190331,-0.5514556,0.7501445,-0.39501852,-0.3475991,0.0829662,-0.057739485,0.783659
2017-07-21,0.23426874,1.1251196,0.38755548,0.25775608,0.26781213,0.92283976,-0.85163796,-0.4191597
2017-07-24,0.6586391,0.6668341,-0.30085614,-0.2454231,0.74755543,-0.15970926,0.32906145,-0.73615354
2017-07-25,0.47610855,0.9982159,-0.9765943,1.0131329,0.65828294,-0.82079685,0.277351,0.27059075
2017-07-26,-0.37854785,-0.8238962,-0.29963547,0.4341641,-0.21277642,-0.42797294,0.486048,0.8314783
2017-07-27,0.19163094,-0.4113269,0.0073681013,-0.07653845,0.2361169,-0.1586301,0.001998977,0.8415757
2017-07-28,0.1448062,-0.12233049,0.10405183,-0.46481004,0.5275757,-0.73824346,0.5853569,0.5326009
2017-07-31,0.8951907,-0.27260032,-0.2885535,0.1597911,0.8856974,0.016419359,0.1872276,0.0065102717
2017-08-01,0.260918,1.3626642,0.17067705,0.7603898,0.5206843,0.2446221,-0.47905886,-1.177882
2017-08-02,-0.18538392,-0.15925397,-0.31645536,0.4726512,-0.09180316,-0.14274544,-0.10126281,0.85643715
2017-08-03,0.27658013,0.7772135,0.017845096,-0.043477356,0.3273784,0.09155866,-0.018596463,-0.9684067
2017-08-04,-0.29025936,-0.36739933,-0.48362258,0.54069185,-0.5903433,-0.2949328,0.31348732,-0.19305111
2017-08-07,-0.4254771,0.13205406,0.407462,0.1739889,-0.23243618,0.4111119,-0.51485187,1.0224698
2017-08-08,0.098424345,0.6617906,-0.14319424,1.0432986,0.48042858,0.1748134,-0.6115123,0.95956975
2017-08-09,0.1745642,0.2984005,0.5080031,-0.6871596,0.68938303,-0.35955924,-0.07561757,0.60650766
2017-08-10,0.39476395,2.0839798,-0.05206288,0.76500213,0.7736328,0.14512113,-0.5225134,-1.4189849
2017-08-11,-0.019517556,-0.07866286,0.060821097,-0.35533956,0.10689889,-0.1204323,0.129994,-0.11022506
2017-08-14,-0.009669561,0.06402747,0.4056523,-0.030943446,-0.22920449,0.74612755,-0.32604527,-1.0157263
2017-08-15,0.5928954,0.61006224,-0.4159649,-1.2415677,0.6676202,0.2452955,0.71912074,-1.8500173
2017-08-16,0.4628391,1.061231,-0.09434216,0.92382777,0.6947133,0.52993786,-0.80090797,0.65087926
2017-08-17,0.20445809,-0.14328401,0.39787418,-0.78987575,0.52160674,-0.45216617,0.48088056,-0.14226094
2017-08-18,0.41205317,-0.55325776,-0.7126051,0.12547654,0.48196656,-0.7136121,0.79063743,0.59195936
2017-08-21,0.018261625,1.0009773,0.3782277,0.41069046,0.1118555,0.665239,-0.81259274,0.19467431
2017-08-22,0.3966567,-0.037485056,-0.97749287,0.41621736,-0.09296382,-0.10840324,-0.025830243,-0.2132984
2017-08-23,0.0360423,-0.058200788,-0.2922945,0.47635752,0.42274424,-0.6188422,0.39954278,0.5357987
2017-08-24,0.20266569,-0.4564427,-0.19328763,0.42128256,-0.11467381,0.3776637,-0.1575394,0.6738362
2017-08-25,0.11037214,-0.013759,0.39838153,-0.62739044,0.22742826,-0.12432234,0.33955017,-0.64117223
2017-08-29,0.7102619,1.190737,-0.13465513,0.7772885,1.4064373,-0.121608995,-0.21003635,0.360338
2017-08-30,0.25547197,-0.39045706,-0.34405658,0.36432713,0.09168064,-0.2460036,0.27581707,-0.29726592
2017-08-31,0.5057194,-1.4028939,-0.9698818,0.14454764,0.6424114,-0.8313636,0.843149,1.5381337
2017-09-01,-0.68576914,1.2791315,0.9265816,-0.08659242,-0.35391277,0.45174068,-0.91030204,0.88521487
2017-09-05,-0.04850442,-0.60602707,0.4039218,-0.75349057,-0.20096634,-0.23236452,-0.019035539,0.79761
2017-09-06,-0.31582427,-0.5425662,-0.040743344,0.122528695,-0.29830495,-0.2266035,0.2396241,0.4539396
2017-09-07,0.36538023,0.9667656,-0.10001995,0.17936413,0.8988859,-0.02466268,-0.028861197,-0.14592041
2017-09-08,-0.35742188,-0.49266386,0.79567295,-0.7943767,-0.3444391,0.31893387,0.059047725,-1.1579202
2017-09-11,-0.28764337,-0.03938013,-0.60547715,0.95888007,-0.63322,0.20701188,-0.1561034,-0.10309268
2017-09-12,-0.25514087,0.17101371,0.06584783,0.15574092,0.06389075,-0.3105406,0.48757833,-0.59614015
2017-09-13,-0.34974146,-1.0432569,0.006991739,-0.096422955,-0.37461773,-0.42171437,0.7095472,-0.24580775
2017-09-14,0.13884589,-0.69382757,0.038559258,-1.1162926,-0.120165944,-0.14800657,0.49541837,-0.23183042
2017-09-15,-0.46613643,-1.3586943,-0.14080477,-0.063950166,-0.89690244,0.12542959,-0.08614615,0.92166126
2017-09-18,-0.2619085,0.30439284,-0.6619851,1.1447077,-0.7363645,0.033291478,-0.019238885,-0.57003856
2017-09-19,0.31691796,0.4566165,-0.7287663,0.2669727,-0.08056406,-0.047996894,-0.45183074,-0.335759
2017-09-20,0.043854203,-0.43728778,-0.4389324,0.644884,0.3178649,-0.08051755,-0.017860102,1.0799338
2017-09-21,-0.05539471,-0.7066385,0.028106244,-0.8185216,-0.27805558,-0.045389935,0.92912143,-1.3902855
2017-09-22,0.08200701,-0.73759747,0.0074854684,-1.0290838,-0.1151981,-0.22301376,0.53395635,-0.4536456
2017-09-25,0.7891589,0.3185617,-0.44387916,0.07524683,1.1111296,-0.92553306,0.52600986,0.24049643
2017-09-26,-0.5186276,0.51033765,0.0370443,0.18354964,-0.659881,-0.0631754,0.28040677,-1.3253838
2017-09-27,-0.09431402,-0.5052055,-0.2570852,-0.06813281,-0.6715917,0.13270625,0.094382964,-0.44878173
2017-09-28,0.14060006,0.8970709,-0.05544729,0.9336631,0.21506108,0.3615613,-0.58834696,0.27249834
2017-09-29,0.042374942,-0.39100194,-0.20633721,-0.5337063,-0.45361695,0.31775308,0.19413672,-0.6682356
2017-10-09,0.1418096,0.73317105,0.47566617,1.1841526,0.0311133,1.3640189,-2.0053444,1.0477377
2017-10-10,0.71693116,0.20631243,-0.66807944,0.37393,0.90039843,-0.3061093,0.11932577,0.7611724
2017-10-11,0.5044597,-0.19931702,-0.9474156,0.08927703,-0.27156618,-0.23515816,-0.036346037,-0.39392605
2017-10-12,0.027970567,0.31861576,-0.0022242614,-0.22222133,-0.32743236,0.7480484,-0.7828834,0.85228455
2017-10-13,0.10423266,-0.63404506,-0.13865152,-0.39628252,0.18595396,-0.47837794,0.25777757,1.0307887
2017-10-16,0.009559657,0.66980094,-0.41649762,0.6921601,-0.06793882,-0.59613794,0.046089623,-0.036744263
2017-10-17,-0.6110453,-0.3764333,0.058642406,-0.27842456,-0.6241835,-0.4796393,0.67046994,-0.99777865
2017-10-18,0.14034902,-0.1632622,-0.25576955,0.5113866,-0.12827438,0.07308864,-0.034180585,-0.44399586
2017-10-19,-0.11752957,0.16080073,0.5145575,-0.23639421,0.09160636,0.6297344,-0.62974626,0.5809688
2017-10-20,-0.042079207,0.2497265,-0.69332725,0.5700089,-0.085447155,-0.6935865,0.53821915,-0.58275527
2017-10-23,-0.48859346,-0.54007137,0.3010396,0.46436766,-0.57939875,0.09073978,-0.4375433,1.0999284
2017-10-24,0.24799931,-0.37847602,-0.6791322,0.89811015,0.2156829,-0.12906381,0.029493868,0.28319666
2017-10-25,0.043936674,0.16088955,-0.011580034,0.26900458,0.3510997,-0.07515534,0.15536022,-0.032806527
2017-10-26,-0.10467988,-0.12640475,-0.616353,0.5918493,-0.11244843,-0.37532812,0.38707894,-0.2961682
2017-10-27,0.12403433,-1.0689008,-0.12363812,-0.43983066,0.16201103,-0.4285496,0.79419035,-0.28281844
2017-10-30,0.23832291,0.5880158,-0.5870326,0.5384724,0.22446726,-0.03403641,-0.40793356,0.5388626
2017-10-31,0.019320892,0.20414048,-0.6749613,1.2588376,-0.21211547,-0.25149333,-0.24951717,0.1839697
2017-11-01,0.05249572,0.80119675,0.11173793,0.11235463,0.4011795,0.6100473,-1.0445127,1.1560048
2017-11-02,-0.056726195,-0.6966316,0.31523195,-0.9785096,-0.32153136,-0.17200252,0.38172087,-0.018867776
2017-11-03,-0.287112,-0.17728914,-0.74951595,0.8324382,-0.162025,-0.67788297,0.5050325,-0.4244467
2017-11-06,0.35548168,0.11488436,-0.19693984,0.045451205,0.9701388,-0.85569876,0.5575046,1.3055276
2017-11-07,-0.40039447,-0.61758983,0.23358312,-0.62049586,-0.81316745,-0.009235009,0.42949998,-1.1241753
2017-11-08,0.2613395,0.099757895,0.38497385,-0.40295708,0.3804195,0.26430643,-0.16402927,0.53519267
2017-11-09,0.14553013,0.19372939,-0.0291504,0.11674855,0.3332496,-0.3630458,0.54714584,-0.74852103
2017-11-10,-0.26235256,-0.5508445,0.07695798,0.11594139,-0.45870137,0.28118965,0.23630853,-0.23573563
2017-11-13,0.24835698,0.79057425,0.17745662,0.4537368,0.56048715,0.28474393,-0.43885037,-0.013462765
2017-11-14,-0.22099426,0.02549472,0.95518655,-1.0202565,-0.10391133,0.34762192,0.1673932,-1.5166928
2017-11-15,-0.22900921,-0.10124233,-0.20817561,0.022645168,-0.28318417,0.10249851,-0.031585798,0.2946323
2017-11-16,0.068682574,0.07115546,0.4350499,-0.25829402,0.23739131,0.30026776,0.029244103,-0.46662134
2017-11-17,0.6026899,-0.24023668,-0.12178406,-0.71459967,0.885054,-0.44027895,0.1226281,1.3720006
2017-11-20,-0.6082469,-0.20905013,-0.36288044,0.582534,-1.2997286,-0.26268056,0.25942314,-1.0009387
2017-11-21,0.30739924,0.2422092,-0.10866091,0.19024959,0.5644505,-0.03596683,-0.08244966,0.75242805
2017-11-22,0.28101957,-0.20252454,-0.08659533,0.447571,0.4114559,0.1448513,-0.3181867,0.8486094
2017-11-24,0.5639672,0.042586926,-0.43037587,0.41019708,0.6861241,-0.15161665,0.27122644,0.06882768
2017-11-27,-0.10073023,0.4310981,0.16271661,-0.13891347,0.019646026,-0.004060341,-0.06816893,-0.6129729
2017-11-28,-0.38660946,-0.050485067,0.002070117,-0.37423936,-0.66805226,-0.34570396,0.27065998,-0.5144019
2017-11-29,-0.7211901,-0.5525093,0.15154316,-0.06504348,-1.1780331,0.26645932,0.10022581,-0.27059692
2017-11-30,0.18765686,-0.45908132,0.2624722,-0.7126443,-0.021568205,0.080406204,0.40674937,-0.9719198
2017-12-01,0.21712434,-0.20619921,-0.41660264,0.42909586,0.28003412,-0.2531899,0.20810144,0.9642071
2017-12-04,-0.49975538,0.16730301,0.7773403,-0.09391519,-0.6924323,0.51595193,-0.4472415,-0.7717085
2017-12-05,-0.45363283,-0.87331545,0.0594529,-0.5863752,-0.5411432,-0.5353573,0.8484745,-1.1998724
2017-12-06,-0.41765592,0.80733615,0.60654944,-0.15197812,-0.6901903,0.46948975,-0.5719983,-1.0688628
2017-12-07,0.25571126,-0.033215217,-0.7127444,0.06970539,0.17145106,-0.5922302,0.63398147,-0.73257935
2017-12-08,-0.034838,-0.011110995,-0.5599647,0.05749073,0.112452984,-0.8304294,0.7034723,-0.11795979
2017-12-11,0.09655693,0.79396814,-0.39324164,0.95064974,0.49480572,-0.56626004,0.16744828,0.1630495
2017-12-12,0.031098736,-0.054839797,-0.04095399,0.25112176,-0.39523888,0.43951675,-0.25610358,-0.8364432
2017-12-13,-0.18283415,0.12915328,0.76748264,-0.20455484,-0.25971228,0.7022958,-0.7598265,0.58341587
2017-12-14,0.30707732,0.39894956,-0.043832485,0.4547715,0.85992503,-0.14520973,-0.06991258,0.54853827
2017-12-15,-0.18425097,-0.14054756,-0.12426387,0.48938423,-0.43492463,0.25339478,-1.015607,1.5802363
2017-12-18,0.40415642,0.41014987,-0.019383589,-0.076226585,0.8151661,0.028629811,-0.026285304,0.5666133
2017-12-19,0.11464942,-0.7086623,-0.023997998,0.5157295,0.26095426,0.25980663,0.15867999,0.3803955
2017-12-20,0.2923098,0.103541985,-0.13972783,0.7263525,0.5891096,-0.14375985,-0.18278591,0.988606
2017-12-21,0.19773468,-0.14892557,0.033361617,0.17328207,0.48310423,-0.034247026,0.17102022,0.29022858
2017-12-22,0.121387236,0.61249596,-0.24259025,0.4423379,0.48817146,-0.1837837,-0.3128886,0.6269089
2017-12-27,0.041650243,0.032871597,-0.51034755,0.5499449,0.6939257,-0.49096522,0.13491833,1.7538453
2017-12-28,0.2957758,0.8665761,-0.32981747,0.7579118,0.6505039,0.060888194,-0.4687232,0.64347786
2017-12-29,0.14798887,0.09333277,0.15245134,-0.07251884,0.3833391,-0.052792646,-0.10319154,0.86692214
2018-01-02,-0.3759068,-0.34599614,0.5843121,-0.07991039,-0.26311862,0.47213304,-0.3053701,0.6634484
2018-01-03,0.4663109,-0.6384756,-0.13323332,-0.93248636,0.42115262,-0.7032548,0.8183394,-0.00020060156
2018-01-04,0.29723522,0.30258945,-0.03147591,0.42830703,0.5127672,0.0441235,-0.16407277,0.39932737
2018-01-05,-0.19805713,0.18526718,0.91290116,-0.8284153,-0.025516788,-0.013402362,0.21143039,-0.7793589
2018-01-08,-0.13807888,0.64843696,-0.12260827,0.60340714,-0.1966705,-0.4946758,0.14217159,-0.6434483
2018-01-09,-0.32052365,-0.5202638,-0.17877151,-0.09752858,-0.2010698,-0.8273024,0.8304517,-0.030658403
2018-01-10,0.51081795,0.4558934,-0.1856342,-0.1687819,0.7791719,-0.11773823,0.114623144,0.114834905
2018-01-11,-0.022525456,0.617415,-0.17792524,0.37410206,0.11013002,-0.26993734,0.03721163,-0.077929355
2018-01-12,0.08279414,0.890308,-0.18188392,0.5603679,0.62472683,-0.17899148,-0.22533286,0.2015075
2018-01-16,0.583802,0.20065324,-0.028684624,-1.7619723,0.33001626,0.09941664,0.13405345,-0.36453477
2018-01-17,-0.16629787,-0.4307863,-0.043227363,-0.386744,-0.1341482,-0.016282357,0.1052614,0.22071908
2018-01-18,0.056762863,0.029266901,-0.56317693,0.40307295,-0.11175897,-0.091495395,0.12516071,-0.18107057
2018-01-19,0.10065748,0.13246946,0.49574268,-0.41980565,0.28588477,0.4425184,-0.19798604,0.30345443
2018-01-22,-0.12434184,-0.2445822,-0.42005062,0.36817217,-0.20043604,-0.1356147,0.13199635,0.15951966
2018-01-23,-0.05675767,-0.058841728,-0.51107365,-0.0640612,0.019671096,-0.6453003,0.5136679,-0.2702628
2018-01-24,0.27430502,0.4937245,0.17646277,-0.12938622,0.8494492,0.020666217,-0.42061853,1.9736295
2018-01-25,0.56030846,0.08031074,0.41557732,-0.6731155,0.8072994,0.1815758,0.17416312,0.07228783
2018-01-26,-0.30976596,-0.8806786,-0.5350037,0.5243075,-0.53909963,-0.079523005,0.32885483,0.0018300042
2018-01-29,-0.25267386,-0.7826145,-0.2414214,0.27064022,-0.9620298,0.50776666,-0.07981369,-0.046090793
2018-01-30,0.20883851,-0.91500133,0.62124217,-1.3506082,-0.24895799,0.594233,0.096096635,-0.6695056
2018-01-31,0.09398582,0.90119946,0.31808776,-0.2479893,0.7747783,-0.14074896,-0.023075266,0.1905381
2018-02-01,0.30302578,0.08846469,-0.46844116,0.9695054,0.26160944,-0.06957236,-0.3798018,0.41647372
2018-02-02,-0.43392348,-0.40662247,0.1610071,0.0071475157,-0.8704512,0.32785112,0.18003859,-1.3682551
2018-02-05,0.13292438,0.40241903,0.20777673,0.61047834,0.037744492,0.688193,-0.5464569,-0.096058786
2018-02-06,-0.69645846,-0.86872756,0.79645246,-1.1243664,-1.1058753,0.2677663,-0.045835108,-0.14063233
2018-02-07,-0.7243891,-0.7398172,0.7506601,-0.67274797,-1.0299196,0.61231095,0.040334806,-1.26095
2018-02-08,-0.0003980357,0.620754,0.095229276,0.17612186,0.03398618,0.36276275,-0.5357806,-0.1390514
2018-02-09,-0.28494415,0.033648774,0.64760745,-0.5416223,-0.83089775,0.9277302,-0.38675925,-1.6391689
2018-02-22,0.48075017,0.20312807,-0.9707154,0.6824632,1.1759102,-0.9168828,0.17603424,3.1660156
2018-02-23,0.15825674,-0.55193377,-0.3284123,-0.4987357,-0.11237305,-0.59297603,0.72846425,-0.35551277
2018-02-26,0.25597855,-0.45252103,-0.034770552,-0.44616318,0.30993828,-0.069554135,0.31382778,0.37322983
2018-02-27,-0.562761,-0.3120151,0.10399161,-0.45330617,-1.0742179,0.022133889,0.14752379,-0.7861453
2018-02-28,-0.47312889,-0.5647165,1.284149,-1.175633,-0.33072695,0.68365556,-0.27235022,0.10356714
2018-03-01,-0.5203296,-1.5349374,0.2636372,-0.55221426,-0.93000245,-0.011745615,0.45857903,-0.016454253
2018-03-02,0.3301779,0.79165393,0.31877902,-0.57289064,0.5802439,-0.3271649,-0.16263568,-0.20849012
2018-03-05,0.16392167,-0.93832296,-0.50796884,-0.30767727,-0.21912622,-0.5052548,0.49412662,0.27405304
2018-03-06,0.2482033,0.7708596,0.2636277,-0.216463,0.6792232,0.071930096,-0.380178,0.5560793
2018-03-07,-0.4542528,0.36580354,0.11484026,-0.18243928,-0.8651021,-0.050151713,0.110970214,-1.5141419
2018-03-08,-0.3074094,-0.54846376,0.6912933,-0.78387403,-0.341118,0.3983846,-0.022653164,-0.56573886
2018-03-09,0.29693854,0.92593455,-0.59451926,1.307746,0.81065196,-0.45902604,-0.14573382,0.44466576
2018-03-12,-0.6639613,-0.06653721,0.4398637,-0.03567892,-0.8204877,0.06219089,-0.030939125,-0.38651124
2018-03-13,0.24706228,0.16155922,-0.0024988444,-0.24556693,0.20259814,0.40254068,-0.3662091,0.5803246
2018-03-14,0.48028436,-0.5039972,-0.15128955,-0.50155073,0.29959634,-0.15915719,0.49140614,-0.5544858
2018-03-15,-0.061269518,-0.68389004,-0.13458365,-0.70193595,-0.33830845,-0.18040688,0.56306154,-0.42123273
2018-03-16,-0.039435968,0.30327946,-0.6322649,0.42616013,0.102105506,-0.5871266,0.6313835,-0.4890233
2018-03-19,0.15630771,1.2991413,0.21463257,0.7344978,0.9865748,-0.025953185,0.15155645,-1.0774863
2018-03-20,-0.23443761,-0.32878014,-0.42380854,-0.12849908,-0.1376134,-1.1023382,0.8831691,-0.36344382
2018-03-21,0.5255024,0.029880667,-0.40532973,0.13461474,1.11966,-0.82195556,0.69118583,0.76647246
2018-03-22,-0.09668351,-0.39034274,0.57253337,-0.6599111,-0.10987169,0.33951628,-0.017450504,-0.5785229
2018-03-23,0.7128064,-0.05487214,0.16606851,-1.2860557,1.0048401,-0.46759975,0.6582918,-0.36362794
2018-03-26,0.1199302,0.78601146,0.06536474,0.1545673,0.40225887,0.112351336,-0.100826114,-0.31680033
2018-03-27,-0.14180084,-0.04020625,-0.46955174,0.6347945,-0.32759613,-0.05861673,0.2392772,-0.10073798
2018-03-28,-0.84885234,0.56894994,-0.185853,0.72517675,-0.81042165,-0.2920153,0.23334773,-0.5925994
2018-03-29,-0.367233,-1.2163676,0.1220342,-0.8258674,-0.7463,-0.095937595,0.13048759,0.93375343
2018-04-03,0.40797886,-0.16029413,1.0025771,-1.3703634,0.43359557,0.89776194,-0.28505084,0.08528471
2018-04-04,-0.06323802,0.53368336,-0.016136685,0.3627081,-0.037859928,-0.10781751,0.02151433,-1.4390817
2018-04-09,-0.2031546,-0.53661406,0.36237413,-0.165122,0.086512044,0.4385696,-0.5743826,2.4283614
2018-04-10,0.17426638,0.088050194,-0.84454876,1.0383565,0.6485435,-1.0433987,0.30040035,1.1641513
2018-04-11,0.36796623,0.38826662,-0.32444653,0.47298452,0.9546426,-0.49017602,0.13572574,0.3704631
2018-04-12,-1.0004258,-0.23075968,0.020138362,0.370489,-0.5334129,-0.38044548,0.26959154,-0.113967165
2018-04-13,0.21021299,0.7083523,0.015349684,-0.029848184,0.45987475,-0.3060793,0.24967623,-0.4472063
2018-04-16,-0.13436745,1.3104458,-0.11337924,1.5537995,-0.15181804,0.058699418,-1.4284579,0.43028605
2018-04-17,0.12472083,0.34300375,-0.028743196,-0.2436558,0.17460759,0.05326415,-0.047455117,-0.10255056
2018-04-18,0.22269201,0.4849818,-0.49910963,1.4067932,0.8063832,-0.32943365,-0.7674792,2.1711135
2018-04-19,0.3124014,-0.62222624,0.10102327,-0.9269208,0.0608336,-0.3351667,0.7479878,-0.725044
2018-04-20,-0.08979911,0.41715094,-0.5647543,0.5514956,-0.096574165,-0.21389571,0.27404696,-0.57962626
2018-04-23,-0.16115841,-0.6732903,-0.23144461,-0.8999174,-0.89717007,-0.5233779,1.1163207,-1.6666579
2018-04-24,0.014457993,-0.030846618,0.847603,-0.9553907,-0.07019549,0.23420772,-0.07430432,0.053161863
2018-04-25,-0.4245936,-0.941492,-0.3098068,-0.16081406,-1.1007879,-0.2975753,0.10828154,-0.08856606
2018-04-26,-0.2638227,0.03487743,-0.1008214,0.40391544,0.38625708,-0.40234974,0.57193506,0.10643517
2018-04-27,-0.01169117,-1.1285971,0.57839686,-0.94872254,-0.20097007,0.30928892,0.14185163,0.051347286
2018-05-02,-0.5831192,-0.90500593,1.6537269,-0.68634653,-0.14087832,-0.20763232,0.6550785,0.012780823
2018-05-03,0.17811516,-0.63414705,0.34557208,-1.2476497,-0.11299043,0.033145346,0.12651743,0.19580714
2018-05-04,0.3898289,0.62064683,-0.597805,1.1065798,1.078517,-0.47745866,0.004639494,0.46379024
2018-05-08,0.17736174,0.8474688,-0.1994773,0.17821248,0.5573388,-0.14002001,0.23281665,-1.1287525
2018-05-09,0.35344017,0.12104737,-0.7490396,0.15392822,0.676278,-1.1858592,0.9492749,0.0999694
2018-05-10,0.26379368,0.5085703,-0.1301563,-0.14675479,0.34922892,-0.03544202,-0.11002992,0.4131597
2018-05-11,0.20877363,0.5651347,-0.104584344,0.20991014,0.14090538,-0.12399698,0.08444881,-0.74581575
2018-05-14,-0.12678142,-0.039798,-0.2796547,-0.03556458,-0.059401684,-0.56135815,0.45730418,-0.100094765
2018-05-15,-0.6991083,-1.4528533,-0.52130634,0.6967767,-1.3183987,-0.37579945,0.12011693,0.33262366
2018-05-16,0.76949203,0.11587071,-0.18479158,-0.40676033,0.80625266,-0.045471817,0.29933167,-0.46632206
2018-05-17,0.19699627,0.11053836,-0.40065828,0.44809112,0.03936399,-0.124695346,0.03525586,0.3518259
2018-05-18,0.060011286,-1.0742182,0.42286852,-1.0526234,-0.41917792,0.3603149,-0.0033729717,0.17763548
2018-05-21,-0.036521778,-0.4956658,-0.091865204,0.27035448,0.07115351,0.3540696,-0.12876172,1.3473953
2018-05-22,-0.07949455,-0.27722278,0.13974254,-0.42297226,-0.09620978,-0.15957722,0.17428532,0.53068715
2018-05-23,-0.30282083,-1.161836,0.019018594,-0.5230483,-0.77104485,0.06275062,0.16125065,-0.18081777
2018-05-24,0.23807864,0.9485638,0.53652054,0.079770274,0.6309777,0.44306207,-0.67099714,0.5348193
2018-05-25,-0.23081233,-0.5001973,0.6540959,-0.47847757,-0.93091697,1.064315,-0.748948,-0.31741625
2018-05-29,-0.07656069,0.5196184,0.65913135,-0.019861564,0.44979262,0.115186386,0.2517326,-0.43362057
2018-05-30,0.49121854,0.4547702,-0.4889641,0.5588061,1.1585573,-0.710357,0.5266189,0.25628757
2018-05-31,-0.79056925,0.41456074,0.67654634,0.53381425,-0.2821756,0.05785149,-0.17795318,0.30164278
2018-06-01,-0.6425787,0.94882816,0.16642344,0.8898336,-0.555203,0.04623179,-0.6184755,0.18124264
2018-06-04,0.12858276,1.7868389,-0.11617514,0.89307773,0.43929005,0.045796454,-0.32377726,-1.1580793
2018-06-05,0.17658578,0.12541114,0.07920135,0.11495554,0.29064947,0.43734428,-0.2603952,0.43242297
2018-06-06,-0.08416107,0.5376682,0.5038961,0.47512454,0.3718954,0.25015205,-0.32290068,0.5044249
2018-06-07,0.37593773,0.22339013,-0.5518882,-0.04614699,0.3609651,-1.145791,0.65566343,-0.4363627
2018-06-08,0.22372316,-0.3921739,-0.05290924,0.64256686,0.028285045,0.55939233,-0.34738767,0.30475274
2018-06-11,0.06858192,0.7461418,0.12887426,0.46987697,0.54191744,-0.1871674,0.15826535,-0.60683775
2018-06-12,-0.248151,-1.0002428,0.27619582,-0.4813225,-0.5115528,0.17298964,0.025350928,0.23582597
2018-06-13,0.37169605,0.6577749,-0.37787035,0.5769684,0.5837853,-0.24029437,0.063437186,-0.4103891
2018-06-14,0.30648202,1.3683332,0.49691734,-0.39868444,0.70099616,-0.057109028,0.020272618,-1.230046
2018-06-15,-1.3107029,0.36647865,0.2677775,0.7387466,-1.7589992,0.30548388,0.08918037,-2.0673678
2018-06-19,-0.3335963,1.2036464,0.080282636,-0.17047778,0.26312372,-0.7654134,0.7319323,-2.54346
2018-06-20,-0.056307327,-0.18323456,-0.109816566,-0.31210467,-0.14736111,0.14505243,0.09312106,0.3516708
2018-06-21,-0.383488,-0.21832964,0.48884782,-0.4020229,-0.609248,0.39762932,-0.30185604,-0.6561454
2018-06-22,0.30378494,-0.42384732,-0.5721415,0.20648588,0.7459161,-0.92650944,0.81025624,1.001874
2018-06-25,0.010906632,0.8805049,0.47293082,-0.336021,0.3307619,-0.12937856,0.4634817,-1.933007
2018-06-26,0.008237962,0.042501274,-0.65820605,0.25970057,0.23445149,-0.6446517,0.6742141,-0.23797698
2018-06-27,-0.06914978,-0.10244259,-0.87562317,0.45050514,0.196345,-1.0532651,0.8580182,0.1749097
2018-06-28,0.3339151,0.14135188,-0.53502405,0.22181259,0.09964181,-0.02223924,0.24986498,-1.0027342
2018-06-29,-0.03786958,-0.79172206,0.16011117,-0.41265595,0.022577535,-0.62720966,0.37797633,0.5480516
2018-07-02,-0.69272745,0.8709094,-0.08192878,1.1663492,-0.94948524,-0.085630804,-0.054009575,-2.2065563
2018-07-03,0.34810105,0.040093917,0.74176025,-1.6559613,0.73112094,0.01995667,0.10072935,0.32682058
2018-07-05,-0.25197732,-0.70428294,0.7702974,-0.969659,0.10966305,-0.37725887,0.6349825,-0.73500645
2018-07-06,-0.46213537,-1.2041029,0.35479042,-0.6554291,-0.69153756,0.42154673,-0.13308942,1.4578341
2018-07-09,0.28726476,0.9121786,-0.11586772,0.6566174,0.94695187,-0.3983309,0.15615061,-0.19359063
2018-07-10,-0.13836087,0.01944859,0.2106642,-0.2664645,0.16581714,-0.7861351,0.85768443,-0.7023183
2018-07-11,-0.5498703,0.9281445,0.9829776,-0.43820527,-0.66289455,0.8206305,-0.27360284,-2.7267144
2018-07-12,-0.035657775,0.3148287,-0.07657969,0.23595767,0.116303965,-0.19219635,-0.39614174,1.0653713
2018-07-13,0.17950548,0.28017533,-0.34528342,0.1867441,0.030048616,-0.33976695,0.40490523,-1.2792039
2018-07-16,-0.7337133,-0.78511333,1.1808937,-0.8218455,-0.99696636,1.1551548,-1.0191876,0.31707457
2018-07-17,0.07563855,-0.9566391,0.06314548,-1.3137188,-0.15701166,-0.22434732,1.2299048,-0.96857816
2018-07-18,0.35393235,-0.09307308,-0.77477527,0.64256227,0.11782262,-0.04747909,-0.09359022,0.3404808
2018-07-19,-0.45972523,-0.9941187,0.10982373,-0.69433135,-0.86013544,-0.33562815,0.5648154,-0.7039171
2018-07-20,0.13583593,-0.13832544,0.23039071,0.09134107,0.55914176,0.4316114,-0.27666044,1.8814365
2018-07-23,-0.5052875,-0.025732817,0.59776,0.09425017,0.09292906,-0.1308409,0.35502598,-0.24663416
2018-07-24,0.007620387,0.49666798,0.19357818,0.6474594,0.66006565,-0.2534199,0.20413665,0.89340436
2018-07-25,0.045342226,-1.156343,0.43253365,-1.1718066,-0.07302384,-0.2228093,0.32486984,0.79825217
2018-07-26,-0.08513464,0.27678868,-0.1341109,-0.16757925,0.3644539,-0.678489,0.82110685,-0.5258524
2018-07-27,-0.31403452,-0.18655303,-0.0005484481,0.052462064,-0.42317858,0.16963717,-0.09906252,0.19920114
2018-07-30,-0.14342827,-0.5294711,0.6429464,-1.0562392,0.34555063,-0.2079332,0.44585973,0.49603516
2018-07-31,-0.39328086,0.23497064,0.5306956,-0.1154671,-0.4980457,0.5577721,-0.6390119,1.0929949
2018-08-01,-0.59134406,-0.15680845,0.93914783,-0.7740158,-0.56710076,0.216739,0.33208126,-2.037195
2018-08-02,0.033691607,-0.37156805,-0.13294744,-0.16053218,0.3456773,-0.55849034,0.93933386,-0.22700936
2018-08-03,-0.086790286,0.0008978648,0.2682366,0.55394346,0.20169036,0.40214473,-0.3749029,0.99990857
2018-08-06,-0.60578704,-0.80904764,0.41637444,-0.0067070867,-0.370467,-0.3470457,0.55542684,-0.13177179
2018-08-07,0.14424375,0.19487299,-0.41812894,0.16788098,0.26213154,-0.30229264,0.23282614,0.49027246
2018-08-08,-0.5056963,0.6518464,0.7959616,0.15628912,-0.2990974,1.0588688,-1.0805149,0.3162285
2018-08-09,0.10426806,0.41244736,0.24307393,-0.16862135,0.18250339,-0.04630691,0.16280927,-0.47993687
2018-08-10,-0.063479856,1.4049664,-0.18112369,0.55236,0.5654571,-0.59443367,0.43253732,-1.8439916
2018-08-13,-0.7720898,-0.059711795,-0.22125174,-0.028909665,-1.1023115,-0.6159718,0.7208905,-1.431047
2018-08-14,-0.33972988,-0.6628697,0.4636094,-0.5840153,-0.19331956,-0.04884319,0.11768862,0.13136363
2018-08-15,-0.6142571,-0.13868596,0.38434228,-1.3576727,-0.96007097,0.021865832,0.8730206,-2.8566725
2018-08-16,0.124991246,-0.08558888,-0.22572505,0.40915015,-0.009400251,0.3907491,-0.68603075,2.0322068
2018-08-17,-0.09214649,-0.2545145,-0.24862893,0.11506192,-0.52259916,-0.22258934,0.041815702,0.10830939
2018-08-20,0.50191975,0.92138016,-0.198441,0.081872374,0.9373136,-0.2657398,0.044668123,0.09336141
2018-08-21,0.3103448,0.5516051,-0.35268545,0.96443915,0.56329066,-0.13460836,-0.12970245,0.2563678
2018-08-22,0.10584521,0.7635565,0.071502164,0.5387247,1.2737782,-0.8266935,0.9543953,-0.6430167
2018-08-23,-0.46646255,0.37336084,0.1887003,0.25850418,0.15751937,-0.27331382,0.8440198,-1.2623531
2018-08-24,0.5943604,0.57165986,0.20541146,0.14042924,1.3988847,-0.08361231,-0.00871859,1.2067451
2018-08-28,-0.10729582,1.2426453,0.33530456,1.2240452,0.9906934,-0.2938841,0.14598277,-0.26212764
2018-08-29,0.07773146,-1.1124983,-0.29974204,-0.23730233,-0.20259352,-0.18913212,0.37460583,-0.015368421
2018-08-30,-0.076880164,-0.5323235,-0.1841065,-0.3379273,-0.14584579,-0.3378015,0.81592137,-0.835473
2018-08-31,-0.50735205,-1.1121843,0.6006296,-1.0178193,-0.7764829,-0.09925584,0.2025128,0.030850664
2018-09-04,-0.5348635,-0.64307755,-0.055997714,-0.32710493,-1.1561896,0.048195116,0.23527566,-1.19826
2018-09-05,-0.124746054,0.41352114,0.55365825,0.5050006,0.104477584,0.6021701,-0.52120405,-0.000751984
2018-09-06,0.16701837,0.53447664,0.026592404,0.05211755,-0.22924079,0.28500333,-0.56629956,-0.24449822
2018-09-07,-0.24902485,-0.55474293,-0.16099589,0.31316406,-0.26817486,-0.01849952,0.07031446,0.030689085
2018-09-10,-0.20949976,-0.4127784,0.24591349,-0.08533704,-0.13321866,-0.0837739,-0.053899556,0.7153946
2018-09-11,0.23795134,0.19404916,-0.06831807,-0.63988656,0.46872956,-1.0063145,0.9889028,-1.1919751
2018-09-12,0.7566484,0.7929373,-0.46214306,1.1953009,0.93737066,0.31150827,-0.502927,0.7769573
2018-09-13,-0.010621147,0.7890803,0.34937063,0.1026522,0.0011287534,0.46875864,-0.29959196,-0.8907908
2018-09-14,-0.21750267,-0.09019038,-0.27147543,-0.2927979,-0.63544893,-0.23533462,0.116295606,-0.68884766
2018-09-17,-0.1720394,-0.7430056,0.6441894,-1.5143877,-0.26528192,-0.29235962,0.21435231,0.3178292
2018-09-18,0.26700592,0.9398449,-0.44984332,0.9837645,0.4816874,-0.4194889,0.0072402046,0.29677323
2018-09-19,0.18987192,-0.823083,0.05976114,0.15051852,0.08703874,0.46731532,-0.18728507,1.4888964
2018-09-20,-0.50869334,-0.19303855,0.5588923,-0.08534844,-0.2730784,0.4447274,-0.30678648,1.2862371
2018-09-21,0.079168886,0.23160255,-0.37981737,0.9376134,0.16827102,0.14347123,-0.49849612,1.3154876
2018-09-25,0.07489127,-0.15246998,-0.68427914,-0.25888577,0.1652379,-1.4775503,0.865123,-0.19798037
2018-09-26,-0.106375255,0.3253744,-0.30716497,0.4924482,-0.3991207,0.19812393,-0.25138992,-0.25422603
2018-09-27,-0.2171346,-1.0186726,-0.16185269,-0.58352953,-0.5219247,-0.2909874,0.8264427,-0.54283345
2018-09-28,0.75252074,0.47175226,-0.20308252,1.4482083,1.421484,0.11235301,-0.34671298,0.84362483
2018-10-08,-0.3396509,-1.9444964,-0.36428842,0.7810657,-0.8555577,0.20776868,0.028610483,1.6107172
2018-10-09,0.07430458,0.696898,0.25279158,0.7688059,0.7241194,-0.20578882,0.02418988,0.7046798
2018-10-10,-0.5642097,0.5028456,1.0634959,-0.5743273,-0.22510369,0.14197117,-0.039117765,-1.2444965
2018-10-11,0.54872036,0.43809775,1.1325977,-1.2877922,0.49774984,1.1520674,-0.99894017,0.3649207
2018-10-12,-0.3278774,-0.91075665,0.20554757,0.024259912,-0.49992806,0.45737717,-0.22811575,0.8829281
2018-10-15,0.00015036842,-0.9178357,0.6560362,-1.4416171,0.3855224,0.03041601,0.52093834,0.6340006
2018-10-16,0.36134103,0.4866946,-0.39168048,0.11227959,0.48069137,-0.27203333,0.24108699,-0.5277331
2018-10-17,-0.23894158,-0.10218618,0.35799176,0.5220086,-0.25862572,1.0479813,-0.3805603,-0.02054968
2018-10-18,0.3206087,0.39444807,0.23472072,0.098339334,0.50740546,0.39259052,-0.015812065,-1.1990875
2018-10-19,0.038785163,0.32900822,0.020191243,-0.025203774,0.2583329,-0.4555205,0.3713108,-0.12726815
2018-10-22,0.61466825,-0.073149934,-0.70087016,-0.61507136,0.0976669,-0.010892622,0.13572435,-0.54747003
2018-10-23,-0.16575827,0.4553502,1.1195297,-0.542185,-0.32874358,1.2301158,-1.1374985,-0.112908795
2018-10-24,-0.017694881,0.13214387,-0.29166764,0.58335483,-0.2321066,0.044038072,-0.033134464,-0.75784135
2018-10-25,0.07514814,0.7057198,-0.17341897,0.354801,0.4331322,-0.4185003,0.41538665,-0.66339993
2018-10-26,0.23899804,-0.717959,-0.039883662,-0.7733607,0.07786306,-0.12351216,0.1841413,0.28096154
2018-10-29,0.08690288,0.22456473,-0.29014826,-0.32539088,-0.26878634,-0.21025011,0.3103263,-1.227492
2018-10-30,-0.32347453,0.32591367,0.6659817,-0.77931476,-0.19702782,0.020156067,-0.05897545,-1.0921335
2018-10-31,-0.4519056,-0.13476959,-0.08521299,-0.15362333,-0.7472659,0.07142464,0.21512306,-0.5401892
2018-11-01,0.11987992,0.047141094,0.57606536,-0.4005388,-0.39592865,1.5298352,-1.4466113,1.4811866
2018-11-02,-0.17190221,0.10812762,0.21245457,0.3512293,-0.19661069,0.56893533,-0.48192438,1.050362
2018-11-05,-0.5009863,0.11090475,0.03992277,-0.38295475,-0.38610277,-0.739519,0.6232358,-0.8481388
2018-11-06,-0.020536434,0.02415226,0.066493325,-0.7463008,-0.1878605,0.08018361,0.3793397,-1.132856
2018-11-07,0.04399809,0.30890524,-0.06063353,0.32741332,0.36641765,-0.103485845,-0.15605941,0.6214297
2018-11-08,-0.024906486,0.069043234,-0.06928084,0.4491217,-0.48440287,0.85164905,-0.5710013,-0.41224512
2018-11-09,-0.40582445,-0.1241292,-0.1117205,-0.36986753,-0.8578103,-0.18637297,0.69489574,-1.681404
2018-11-12,-0.34586996,-0.4184019,-0.24261844,0.20858474,-0.7625065,-0.15430564,0.15984888,-0.5598642
2018-11-13,-0.8714309,1.4813861,0.93179876,0.31507847,-1.2604456,1.3403702,-1.466876,-0.705693
2018-11-14,-0.13931713,0.30719504,-0.5120784,0.41902134,-0.06841818,-0.39280716,0.10729954,0.7061828
2018-11-15,0.8921016,-0.15541999,0.3908105,-0.653034,0.7197311,0.59216166,-0.36410877,0.15104593
2018-11-16,0.18072608,0.4639408,-0.21023406,0.73550004,0.10922427,0.21559505,-0.5681702,0.8549012
2018-11-19,0.16121127,0.77348346,-0.45877,0.5699976,0.3040263,-0.19330819,0.020103753,-0.37491256
2018-11-20,-0.70242584,0.4019424,1.2573099,-1.0078057,-1.0891061,1.3420464,-0.94743985,-1.3280832
2018-11-21,0.47415504,0.09183969,-0.08576799,-0.3125408,0.7138146,0.04928641,-0.033337887,0.6040704
2018-11-23,-0.79296273,0.81681365,1.1735629,-0.3426596,-1.3906513,1.6683329,-1.4173088,-1.4605318
2018-11-26,0.5472669,0.085349135,-0.27649814,-0.44583368,0.9195734,-0.69755024,0.8200452,-0.5839826
2018-11-27,-0.90858436,-0.37218183,0.2514785,-0.2535525,-1.1678228,-0.08843729,0.13573349,-0.51048815
2018-11-28,-0.1271533,-0.17825183,0.34107125,0.1981192,-0.616382,1.0335345,-1.1107509,1.4361583
2018-11-29,0.26203924,-0.08742266,-0.58382607,0.3053787,0.25234768,-0.39868993,0.26509804,-0.19704235
2018-11-30,-0.029687503,-0.94275117,-0.2667908,-0.13734306,-0.8114358,0.44531924,-0.25417268,0.11674355
2018-12-03,0.64537925,-0.15950932,-0.30411652,-0.21193537,1.2624334,-0.75256884,0.46072364,1.4885291
2018-12-04,0.023633668,-0.37143445,-0.18058738,-0.46898633,0.09341264,-0.41951695,0.30426604,-0.031170271
2018-12-05,0.09046875,0.1551032,-0.2770679,0.65538996,-0.09430847,0.21273434,-0.21076518,-0.023682132
2018-12-06,-0.21974939,0.10147128,0.69909465,-0.80343854,-0.49675465,0.7099026,-0.19099407,-1.6754345
2018-12-07,0.45309216,-0.72442555,-0.52688277,-0.019299312,0.62395746,-0.85089517,0.63287246,1.1582211
2018-12-10,-0.7614598,0.11885258,0.86067206,-0.2809827,-1.1095833,0.76981586,-0.5914856,-0.86249286
2018-12-11,0.55496794,0.058829688,-0.48720077,-0.17728777,0.36963257,-0.013712996,0.13739003,-0.035309803
2018-12-12,0.40984735,-0.055538084,0.5730248,-0.95058376,0.4974823,0.4329405,-0.32233143,0.37876377
2018-12-13,0.15251403,-0.46923798,-0.41964486,0.05627531,0.14815995,-0.5212181,0.52717453,-0.22718167
2018-12-14,-0.32170233,-0.030459339,0.4977872,-0.10925422,-0.69585156,0.46032217,-0.37315696,-0.9594929
2018-12-17,0.5103846,-0.5076544,0.44447753,-0.96714276,-0.25566417,0.9861282,-1.0603778,0.43496236
2018-12-18,-0.8599089,0.34685642,1.1704041,-0.9026567,-1.3538997,1.0696425,-0.8321863,-1.1564556
2018-12-19,0.43846634,0.17668098,-0.2926608,0.77773696,1.0692053,-0.32171905,0.42936867,0.66403574
2018-12-20,-0.022225859,0.51288676,1.0825176,-0.62946546,-0.23913449,1.3875903,-1.0551723,-0.7483712
2018-12-21,-0.44381306,0.36347294,-0.11518545,-0.03318591,-0.46610692,-0.089439265,0.30569494,-1.1478103
2018-12-24,0.0105498275,0.18608236,1.3697202,-0.79796654,-0.3369264,1.6581142,-1.230731,-0.5016354
2018-12-27,0.9827963,0.6015332,-0.76879954,-0.13352361,1.0579336,-0.5969932,0.26962507,-0.42355862
2018-12-28,0.4942624,-0.6413747,0.2315041,-1.1394032,0.28108746,0.24986431,-0.029814323,-0.021303307
2019-01-02,0.4601565,-0.2793223,-0.1617118,-1.1273502,0.55942357,-1.1117126,0.96577257,-0.32397565
2019-01-03,-0.22715169,-0.65819156,0.13735898,-0.5758512,0.10559017,-0.3778577,0.17076415,0.63036406
2019-01-04,0.33212465,-0.0017037278,-0.43159562,0.7775078,0.6466117,-0.26910466,0.09891185,1.776724
2019-01-07,0.4485212,-0.6340504,-0.21249005,0.8354672,0.43705127,0.4073351,-0.0640882,0.45952195
2019-01-08,0.0029348165,-0.27268967,-0.5356761,0.32912162,0.17480218,-0.61217797,0.6781336,0.09119074
2019-01-09,0.34332815,-0.58747965,-0.7611532,0.055155553,0.65027046,-1.309674,1.0305082,0.75555474
2019-01-10,-0.012136,0.7210324,-0.21614698,0.35930768,0.3198533,-0.43801057,0.33997622,-1.0277386
2019-01-11,-0.22226922,-0.024469018,0.2920991,-0.12791698,-0.52429676,0.52703077,-0.31679398,0.30000865
2019-01-14,-0.78057295,0.62711287,0.11472139,0.47235096,-0.88799196,0.1197883,-0.37452325,-0.438949
2019-01-15,-0.023730315,-0.06582009,-0.49505866,0.83685005,0.45421606,-0.57680553,0.42029986,0.17791207
2019-01-16,0.24915339,0.013935234,-0.12966275,0.6281981,0.62579614,-0.10345555,0.016410725,0.8407829
2019-01-17,-0.16076341,-0.43513343,-0.09466239,-0.28370258,-0.56980735,0.20633945,-0.20189647,0.7002532
2019-01-18,-0.009212769,-0.68379253,-0.9037046,0.55572414,-0.12610158,-0.48503375,0.64418125,0.83014476
2019-01-22,0.0046578385,-0.3382611,0.8200815,-0.5381162,-0.071309805,0.7179607,-0.26141116,-1.1803606
2019-01-23,0.2379754,-0.11740621,0.04924405,-0.2197704,0.19440769,0.4863777,-0.22887692,0.46087873
2019-01-24,-0.25237727,0.08603778,-0.08082899,0.3301057,-0.22092615,-0.049127895,0.19706646,0.011006331
2019-01-25,0.19403116,0.99693227,0.059159543,-0.04661825,0.71232295,-0.046409957,-0.5444982,1.577484
2019-01-28,0.32117137,-0.25819963,0.7851614,-1.1222142,-0.13790601,1.083454,-0.46941486,-1.0247122
2019-01-29,0.55514944,0.3987699,-0.685003,0.24139957,0.98832583,-0.77345467,0.588398,0.3581363
2019-01-30,0.48794916,-0.2234339,-0.39980027,0.38281265,0.44849256,-0.1528408,-0.08075791,0.8275044
2019-01-31,0.5144816,0.5752739,0.34313533,-0.07279159,0.8539891,0.5136485,-0.15151463,0.17181027
2019-02-01,0.75098264,-0.57921386,-0.67634654,-0.641004,0.26655978,-0.30363858,0.60831565,-0.43447205
2019-02-11,-0.6647408,0.14909697,0.10104887,0.41005003,-1.0013182,-0.04406404,-0.010621538,-1.8844447
2019-02-12,0.006392764,-0.81153846,0.16564327,-1.0552498,-0.10330566,-0.2855835,0.51137686,0.017119028
2019-02-13,0.51785415,-0.1842697,-0.3186744,-0.2596421,0.6382594,-0.66206723,0.6166504,-0.22097765
2019-02-14,0.2619241,0.46324638,-0.6030687,0.3122362,0.36896336,-0.6413858,0.53569317,-0.8683531
2019-02-15,0.77383244,-0.0967005,-0.88425505,1.014252,0.925603,-0.5183892,0.025364717,1.3469632
2019-02-19,0.6750726,1.3799512,-0.119100794,0.45729822,1.0620049,0.45583314,-0.5858783,0.24799079
2019-02-20,0.56723005,0.46932796,-0.3072927,0.26493236,1.2122025,-0.15255344,0.25166476,0.60248387
2019-02-21,-0.80224425,-0.6376962,-0.55555713,0.75359076,-1.1131786,-0.61407316,0.17997116,0.3098933
2019-02-22,0.51852965,0.2728666,0.013176783,0.043675918,0.67074686,0.39040145,-0.25728458,0.7753858
2019-02-25,-0.4896023,1.3023648,0.55353606,0.034716323,-0.45838314,0.8297834,-0.67804474,-0.8136956
2019-02-26,0.3069036,0.8484269,-0.6925098,0.563743,0.45482695,-0.4887559,0.1657756,-0.5090541
2019-02-27,-0.08080505,-0.02529953,-0.20291449,0.60494596,0.5249297,-0.67139757,0.69922304,0.50898194
2019-02-28,0.038886234,0.019700311,-0.30320898,0.39203826,-0.13061732,-0.08840322,0.101286754,-0.15399969
2019-03-01,-0.48307538,-0.63849294,-0.29949367,0.6786386,-0.87163895,-0.04844973,0.27471226,-0.34056792
2019-03-04,-0.37114966,-0.22035441,-0.4028207,0.017322201,-0.753099,-0.9578994,0.68360037,-1.0176688
2019-03-05,0.035197802,-0.31724808,-0.17729425,0.5040118,-0.19373856,0.25471395,-0.2523877,0.84401643
2019-03-06,0.023737876,0.8914931,-0.24311191,0.5605328,0.19016193,-0.25083542,0.028965415,-1.0958021
2019-03-07,-0.07455978,0.4253794,-0.24370234,0.01710102,-0.036507808,-0.5406888,0.4371523,-1.1400303
2019-03-08,0.1603572,0.1131064,0.94198686,-0.93721175,0.5626566,0.4199688,-0.3591528,0.22043963
2019-03-11,0.16577601,0.20878883,-0.51330036,0.769114,-0.027041474,-0.24342985,0.1728705,-0.54561365
2019-03-12,0.07519017,-0.17313017,0.26206946,0.2724137,0.06436082,0.49144474,-0.674094,1.7334503
2019-03-13,0.16537136,0.29647857,-0.17580676,0.409338,0.66617936,-0.21776351,-0.053483535,0.8093918
2019-03-14,-0.22299403,-0.9626965,-0.37231025,-0.26896295,-0.9090436,0.027723324,0.41434437,-0.95387053
2019-03-15,-0.2989803,-0.9389752,0.406905,-0.76686347,-0.6782925,0.4274463,-0.6446243,1.2437687
2019-03-18,0.2505372,0.09604719,-0.36572522,0.31702638,0.31979033,-0.1172814,0.11585658,-0.06841968
2019-03-19,0.34358996,0.5909463,-0.20912771,0.4163588,0.75336844,0.06059752,-0.20626694,0.56954205
2019-03-20,0.114066556,-0.45501795,-0.47782716,0.566177,-0.13295832,-0.19092561,0.1146819,0.50540304
2019-03-21,-0.16591708,-0.28549707,0.3699125,-0.58414865,-0.63250923,0.08881113,-0.4239826,0.0021594567
2019-03-22,-0.12224417,-0.16069059,0.42619756,-0.35314837,-0.197127,0.407028,-0.21646,-1.0004077
2019-03-25,0.42951983,0.017843751,0.24201779,-0.61441314,0.48535424,-0.1102514,0.08348616,0.47250587
2019-03-26,0.24338298,0.18490036,-0.5810821,0.57011193,0.28460532,-0.111236446,0.30954915,-0.14277399
2019-03-27,-0.04979407,0.4265415,-0.20223194,0.6715093,-0.21012504,0.2436943,-0.3328234,-0.39003378
2019-03-28,-0.51193,-0.28395584,-0.3277627,0.20295945,-0.91241735,0.07592183,0.44541728,-1.0603732
2019-03-29,0.91600394,1.2618787,-0.41624936,0.73926574,1.2496314,0.06919672,0.10244084,-0.11694089
2019-04-01,-0.24402437,-0.7347833,-0.34518197,-0.2022622,-0.65048915,0.15352446,0.04211604,0.4052782
2019-04-02,-0.112895064,-0.4112068,-0.17998703,-0.34414372,-0.17376938,-0.57833487,0.4401452,-0.08237617
2019-04-03,0.2133225,0.30875307,-0.019281767,0.48157793,0.24998266,0.46839505,-0.45038617,0.8734026
2019-04-04,-0.0033182625,-0.6190668,0.32818416,-0.5634626,0.020161174,0.2808609,-0.048405226,0.45157382
2019-04-08,0.57937473,0.61786586,-0.40278625,0.09431989,0.89960545,-1.0769382,0.81352144,-0.28112268
2019-04-09,-0.115198225,-0.16761525,0.1743535,-0.016799215,-0.1397661,0.1528694,-0.12787546,-0.1997155
2019-04-10,0.64017785,-0.34335443,-0.28553066,-0.6364283,0.7916292,-0.46265844,0.6843444,0.116169676
2019-04-11,-0.15898149,-0.51803887,-0.18850797,-0.32990032,-0.7880314,0.06603859,0.44380882,-1.5232488
2019-04-12,0.40486905,0.072003156,-0.33810002,0.5613013,0.39389604,0.13736252,-0.1523351,0.85079354
2019-04-15,-0.43298134,0.21603532,0.009255902,0.608081,-0.7889371,0.04596899,-0.61540306,-0.10189506
2019-04-16,-0.23800914,0.15050334,-0.23230349,-0.10873608,-0.09321922,-0.86335784,0.7187673,-1.0678033
2019-04-17,0.4638788,0.4931852,-0.13565865,0.046922453,0.39864478,-0.072294764,-0.047518544,-0.41029724
2019-04-18,-0.16270877,-0.72398365,0.20420763,-0.1341862,-0.0010569316,0.19205663,0.09991351,0.2277977
2019-04-23,0.2867688,0.3094676,-0.50843906,0.083892815,0.6989875,-0.82339317,0.9286787,-1.0520349
2019-04-24,0.37928045,0.82285166,-0.11211841,0.54149795,0.3221756,0.1428061,-0.39912432,-0.60959226
2019-04-25,-0.18076766,0.03222332,0.38430044,-0.5263257,-0.13045697,-0.16251493,0.29704967,-0.448728
2019-04-26,0.03344954,0.7801555,0.6138979,-0.36921555,-0.118392654,1.1108328,-1.0186018,-0.013193727
2019-04-29,0.032145336,0.8284678,-0.44839016,0.041335203,0.124363445,-0.5237965,0.41356868,-0.72393984
2019-04-30,0.57609946,-0.36061016,-0.1532094,-0.18954906,0.5460329,-0.08319312,0.48016834,-0.3092594
2019-05-07,-0.79875576,0.3840461,1.7633774,-1.3226346,-0.40521452,0.525591,0.0365507,-2.0883238
2019-05-08,-0.2040776,0.15558814,-0.24244723,-0.06536145,-0.24622336,-0.77698696,0.6587457,-0.7579237
2019-05-09,-0.022269879,0.5879206,0.0522167,0.7319185,0.07538556,0.20455666,-0.12116114,-1.0118793
2019-05-10,0.33992833,0.8498101,-0.3239931,0.4096526,0.6491613,0.017566586,-0.09088906,-0.13596456
2019-05-13,-0.19530712,-0.65753716,0.8734937,-1.09327,-0.18890823,0.16654946,0.09889493,-0.5055065
2019-05-14,-0.60680324,-1.1947132,0.05452136,-0.7215472,-0.6474609,-0.07578363,-0.0134636825,1.4844015
2019-05-15,-0.055285674,-0.6980967,-0.7311671,0.3332789,-0.56291306,-0.21138869,-0.25312304,1.1252995
2019-05-16,-0.23501068,-1.5962746,-0.78247666,0.15225762,-0.8128823,-0.41449672,0.5704624,0.5518156
2019-05-17,-0.4770456,0.06844643,0.045712713,0.11424302,-0.7831891,-0.15882932,0.1356895,-1.3345658
2019-05-20,0.06573108,-1.1708204,0.38734666,-1.3153682,-0.5509678,0.24599439,0.0432638,0.36638567
2019-05-21,-0.31692243,-0.4422285,0.40576068,0.32020107,-0.035377383,0.30979103,0.06361132,0.1278382
2019-05-22,-0.21621041,-0.067560695,0.56372225,-0.9048046,-0.5244548,0.41360375,-0.25390923,-0.88072157
2019-05-23,-0.24062711,0.9811933,1.0637782,-0.08595393,-0.3686378,1.4354827,-1.4420383,-0.5060737
2019-05-24,0.041842632,-0.995295,-0.11171343,-0.6566499,-0.25765234,0.16494465,0.022261575,1.2011496
2019-05-28,-0.25017565,-2.0609627,-0.17174879,-0.749534,-0.6728689,-0.2231666,0.5419608,1.0468205
2019-05-29,-0.1468909,-0.6630935,0.057557445,0.17888033,-0.877324,0.59958005,-0.7320941,0.06568017
2019-05-30,-0.19240947,-0.7460909,1.1929843,-1.0166845,-0.4496146,0.9352726,-0.75684875,0.88303775
2019-05-31,0.10774753,0.65250176,1.3395385,-0.80675894,0.21803144,1.3578801,-0.93418944,-0.7163665
2019-06-03,0.16422926,0.3739412,1.1948141,-0.9902966,-0.08864335,1.4238638,-1.0776285,0.1528012
2019-06-04,-0.13537908,0.26377058,-0.17252968,0.6159991,0.18151772,-0.028028013,-0.030610649,0.17167526
2019-06-05,0.17927873,1.2738816,0.21344078,-0.28091186,0.31182274,0.12000361,-0.1708411,-2.0553732
2019-06-06,0.25799388,-0.7542802,0.07742461,-0.062300857,0.29479244,0.22379021,-0.0052604266,1.1243485
2019-06-10,-0.06485953,0.4303137,-0.7978828,0.58783174,-0.008207353,-0.6778969,0.61428046,-0.9259425
2019-06-11,0.35699624,-0.45556024,-0.19379625,-0.28955984,0.21997356,0.18697129,-0.12532537,0.57348496
2019-06-12,-0.30774885,-0.3894122,0.9739706,-0.6116142,-0.66496426,1.1289018,-0.8444116,0.43898702
2019-06-13,0.0017666434,-0.9690172,0.23688145,-1.0987915,0.1928297,-0.5692143,0.50778854,0.6175596
2019-06-14,-0.28115565,-0.8402686,0.076740585,-0.70138913,-0.46597666,-0.41768107,0.50740725,-0.14190698
2019-06-17,-0.6161384,0.09767454,0.13864854,0.34141114,-1.0702431,0.48979774,-0.7951416,0.48436344
2019-06-18,0.749533,0.5222182,-0.45938027,0.11434935,1.3161649,-0.5508335,0.4187513,0.3927037
2019-06-19,0.12031819,0.48793796,0.17975119,0.13931525,0.43586257,-0.09464919,0.21393692,-0.6832633
2019-06-20,0.92883164,-0.37597972,0.25119013,-1.384781,1.687053,-0.64808214,0.4077842,1.4093107
2019-06-21,0.23876008,0.706449,-0.19383834,-0.18276332,0.7325109,-0.89481866,1.0394062,-1.2656407
2019-06-24,-0.02731304,-0.13195571,0.34058827,-0.2079886,0.20309907,0.57689273,-0.4067902,1.1797731
2019-06-25,0.19466308,-0.0010867969,-0.39460588,1.1677766,0.2525043,0.10759966,-0.2444592,0.6743002
2019-06-26,0.6939314,-0.14042222,-0.85723895,-0.2890725,0.6005566,-0.86449534,0.63043845,-0.4166102
2019-06-27,-0.11018491,-0.28105226,0.22137702,0.04541514,-0.22260116,0.27513033,0.053943463,-0.29021752
2019-06-28,0.47048646,1.246015,-0.007614695,0.14071144,0.86813647,0.18674204,0.026216177,-0.22788559
2019-07-01,-0.40138078,0.42417485,0.66497993,0.08930954,0.042953644,-0.0563671,0.86419445,-1.5997018
2019-07-02,0.11173477,0.81744546,0.9025712,-0.5320452,-0.10227791,0.9470036,-1.121171,-0.9695359
2019-07-03,-0.1315821,-1.2240204,0.11476119,-0.8376585,-0.18304351,-0.079121016,-0.07769687,1.5907732
2019-07-05,-0.81017107,-0.06761305,-0.58093935,0.6005365,-0.92552495,-0.81832594,0.60129577,-1.0283341
2019-07-08,-0.10040731,-0.049800854,0.4474061,-0.82299757,0.14272885,-0.057090394,0.11083542,0.03877156
2019-07-09,-0.19005926,0.20029807,-0.16108458,0.15630354,0.09529558,-0.1645437,0.17222759,-0.23293397
2019-07-10,0.8166219,-0.14090082,-1.0164973,0.46164036,1.1801465,-1.0125722,0.6280429,1.7769457
2019-07-11,-0.3716378,-0.9368301,0.53919005,-0.73143744,-0.5852248,0.289198,-0.014238252,0.4864471
2019-07-12,0.116115905,0.23856463,-0.1260226,-0.19678076,0.13197449,0.03559246,-0.11144708,0.51115113
2019-07-15,-0.333052,1.1212707,0.46693316,1.0163668,0.22013265,0.051220316,-0.7187764,0.5796345
2019-07-16,0.4190523,0.92040306,0.06883381,0.67202044,0.05543871,0.7529215,-1.24273,-0.5296269
2019-07-17,-0.05162402,1.006465,0.47018665,0.13460413,0.092843816,0.40555376,-0.92774343,0.21291608
2019-07-18,-0.075043194,1.4232689,0.58526313,0.06837593,0.12669846,0.65882427,-0.8365498,-0.49323636
2019-07-19,0.10178703,-0.94779545,-0.10176859,-1.0204551,-0.22234467,-0.3086287,0.3790489,0.71491724
2019-07-22,0.37421316,0.7888578,-0.14469688,-0.2782859,0.6678057,-0.4379019,0.52078086,-1.1402516
2019-07-23,-0.15964577,-0.50901055,0.045877315,0.31949076,0.1748611,-0.31409222,0.39458138,0.3699587
2019-07-24,0.46909472,-0.0004787664,0.20653872,-0.17625062,0.34651187,0.53351516,-0.47738206,0.6989659
2019-07-25,-0.06861318,-0.065151796,-0.29641226,0.13806666,-0.21340579,-0.2770139,0.5054925,-1.0207691
2019-07-26,0.2240714,0.047497686,0.22327307,-0.5713801,0.26136288,-0.041336816,0.26447466,-0.5822223
2019-07-29,0.24242933,0.12883073,0.093488865,-0.2359407,0.5004714,0.40247282,0.0007702009,0.6925686
2019-07-30,0.46377993,0.23266383,-0.114575915,-0.3378861,0.89694256,-0.5046301,0.60151464,-0.6161547
2019-07-31,-0.4845368,1.2643628,0.2917866,0.5483752,0.6852719,-0.7846799,0.8740514,-0.6640193
2019-08-01,-0.715902,0.9002779,1.0418601,0.032888938,-1.2263678,1.4961011,-1.2055153,-1.7174656
2019-08-02,-0.16356348,-0.7636656,0.56735975,-1.5717988,0.30744073,-0.5763119,0.5903919,-0.19024439
2019-08-05,-0.22340108,0.6733775,1.1311845,-0.88694453,-0.30868912,0.8437956,-1.0964106,-0.29427388
2019-08-06,-0.17886671,0.88214314,0.37641636,0.19820991,-0.063021116,0.44151387,-0.5305939,-0.25695327
2019-08-07,0.11040658,1.1373311,1.6066238,-1.345487,0.34116098,0.94267994,-1.2831051,0.059230935
2019-08-08,-0.2274183,-0.43042353,-0.8100105,0.84232295,-0.22055824,-0.63233125,0.060943473,1.616329
2019-08-09,-0.3302318,-0.79779816,-0.34162116,0.108256534,-0.18557458,-0.96230394,0.75625324,0.25340444
2019-08-12,0.37714055,1.9946016,-0.07894914,0.8845987,0.8019432,-0.103235416,0.02026785,-1.4234568
2019-08-13,0.3165093,0.45972216,-0.5804318,1.0097479,0.92376494,-1.1097305,1.1312174,0.395652
2019-08-14,0.5608195,0.27586395,0.70994836,-1.4486883,0.27818257,0.8058765,-0.46951866,-1.0957189
2019-08-15,-1.1271075,0.77901375,0.9288868,0.36439687,-0.29367724,0.42780718,-0.12631647,-0.03451978
2019-08-16,-0.03326821,-0.83900386,0.19352786,-0.980943,0.07116679,-0.15341672,0.53435755,0.21635011
2019-08-19,0.022947727,0.63233167,-0.5027694,0.54757696,0.2576059,-0.6696693,0.58370775,-0.8738518
2019-08-20,0.08660173,0.3454866,-0.21156904,0.21755297,0.33411562,-0.27552855,0.06736925,-0.26110253
2019-08-21,0.24042673,-0.16986793,-0.23991477,0.2139709,0.18970808,0.31688574,-0.06485218,0.5593938
2019-08-22,-0.54842275,-0.4593182,0.54841274,-0.32057497,-0.5165402,0.34769702,0.047665134,-0.47371984
2019-08-23,0.35745648,0.9258177,0.9051289,-0.8114502,0.9835079,0.43723273,-0.45512143,-0.6509104
2019-08-27,0.3877179,0.95613164,0.15157618,-0.15898399,0.6711118,0.0011404061,-0.5291826,0.6607432
2019-08-28,0.47045654,-0.26924843,-0.35660136,-0.16358416,0.5742085,-0.39428854,0.25590318,1.0183531
2019-08-29,-0.03636096,0.4339322,-0.48661917,0.4851739,0.06578332,-0.5388699,0.2950056,0.07927573
2019-08-30,-0.5281488,0.9051729,0.7600473,-0.2719304,-0.29800802,0.48034242,-0.62880147,0.04481435
2019-09-03,0.30032,1.7277153,1.4108717,-0.6416363,0.9860075,0.37893027,-0.7564574,-0.1075378
2019-09-04,0.94285446,0.13333215,-0.84797424,0.5244708,1.4901787,-0.93278396,0.67411613,1.6572385
2019-09-05,-0.3161787,-0.7246719,-0.7306264,0.79302645,-0.8896876,-0.24764909,0.7014567,-0.66934633
2019-09-06,-0.51030976,0.20557658,-0.21501835,0.5446465,-0.3770818,-0.4045591,0.7758117,-0.8851265
2019-09-09,-0.14525376,-0.073647365,-0.33733478,0.28205696,0.16293877,-0.7557423,0.6597972,0.2769178
2019-09-10,-0.42833054,-0.93632203,-0.292244,0.34208342,-0.62529516,0.2137026,-0.105380304,0.8814461
2019-09-11,0.026756397,0.22466536,0.33105633,-0.20541432,-0.018973932,1.0023395,-0.6140243,-0.3270199
2019-09-12,-0.07758332,-0.52091223,0.17489737,-0.86288846,-0.7839493,0.4201347,-0.542003,1.0443971
2019-09-16,0.05648319,-1.8390803,-1.3997136,0.0472117,0.5861558,-1.9187139,1.8274567,1.5147301
2019-09-17,-0.55538344,1.1736116,1.2788659,-0.26132017,-0.1943253,1.1303155,-0.9329294,-1.1200751
2019-09-18,-0.09091185,-0.54253805,0.23867457,-0.6229513,-0.65753627,0.6100609,-0.31941772,-0.44252583
2019-09-19,0.019803708,-0.26498267,-0.008955843,-0.10462564,0.5286246,-0.3463375,0.6815728,0.09329372
2019-09-20,-0.006726841,0.5905695,0.3078623,0.42531407,0.28140908,0.13912456,-0.21387666,-0.2990062
2019-09-23,0.45805618,0.11263131,0.2987244,-0.43872294,0.84017056,0.30256903,-0.55663466,1.042705
2019-09-24,-0.28365958,-0.23437999,0.8807168,-0.61302775,-0.49493685,0.69181323,-0.43492293,-0.4185343
2019-09-25,-0.20183784,-0.72462344,-0.6934449,1.127926,-1.183307,0.33189937,-0.24113221,-0.6560228
2019-09-26,0.34793577,-0.29992113,-0.103593856,-0.25445998,0.14142309,-0.028073195,0.21908177,-0.44394144
2019-09-27,0.17174001,0.20629042,-0.47300103,0.6765211,-0.22950025,0.27444035,-0.26148587,-0.21160124
2019-10-08,-0.49385148,-1.6168728,0.5115892,-0.9873911,-1.0154771,0.9371701,-0.9145669,0.5132291
2019-10-09,0.5055196,-0.08478743,-0.01497372,-0.22998038,0.45784625,-0.088636495,0.025010448,0.15687156
2019-10-10,0.64250875,0.7705281,-0.9238707,1.3102703,0.5374404,-0.11843184,-0.06904037,-0.012082474
2019-10-11,-0.13255545,-1.7166268,-0.38657948,-0.74316925,-0.74707985,-0.24367058,0.4074032,0.815549
2019-10-14,-0.17396356,-0.16676901,0.77512974,-0.7976151,-0.396925,0.9002851,-0.58702075,-0.26190007
2019-10-15,-0.13754481,-0.0081027,-0.8239529,1.347775,-0.8177169,-0.22155395,-0.44957906,0.039028212
2019-10-16,0.21984883,0.020440089,-0.13156132,-0.24296094,0.5448857,-0.49860126,0.393696,-0.24612866
2019-10-17,0.2338605,-0.15746291,0.13681157,-0.83180845,0.37845424,-0.080203906,0.21005163,0.20873378
2019-10-18,-0.010954241,0.064489394,0.1418318,0.45891795,0.08873665,0.21650651,0.05072268,0.42557088
2019-10-21,0.3751501,0.12710407,-0.01798761,-0.2727548,0.14684798,0.46268946,-0.012063025,-0.7164571
2019-10-22,-0.71184975,0.43982857,0.14551923,0.57541424,-0.118079826,-0.5738479,0.3422768,0.33569512
2019-10-23,0.649554,0.3807478,-0.40909427,-0.01818225,0.9854051,-0.4767693,0.26993948,0.6080792
2019-10-24,0.39374274,0.11276763,-0.3155871,0.061009303,0.59126025,-0.21824957,0.12847485,0.42845473
2019-10-25,0.19669229,0.07947091,-0.05203729,0.4989936,0.39050123,0.20294191,-0.1739865,0.28599042
2019-10-28,-0.23171134,0.15094717,-0.34147784,0.8670486,-0.51115596,0.3763503,-0.28108698,-0.21750931
2019-10-29,-0.3443787,0.41192886,-0.20239206,0.39759168,-0.17823635,-0.22932741,-0.069093265,0.30002755
2019-10-30,-0.3980653,0.33132434,0.54556435,0.01372029,-0.41205356,0.4836041,-0.7879849,0.41413492
2019-10-31,-0.11871754,0.08928959,1.252372,-1.0357583,0.10055076,0.6281166,-0.4915661,-0.39952877
2019-11-01,0.25517744,-0.35097376,-1.0351099,0.8505417,0.42546785,-0.4485395,0.06041392,1.3287022
2019-11-04,-0.14066839,0.08547322,-0.44091532,0.6812272,0.1325913,-0.52288634,0.4237557,0.18283832
2019-11-05,-0.5972755,-0.6793878,-0.42190713,0.72886276,-0.9980666,-0.4281599,0.55768317,-0.2253823
2019-11-06,-0.1355022,0.265096,0.7938489,-0.57347465,-0.040182114,0.60663265,-0.39373055,-0.5486757
2019-11-07,-0.3399158,-0.24029236,-0.7976588,0.7316531,-0.8570536,-0.22411999,0.529258,-0.4064002
2019-11-08,-0.42767617,-0.62397915,-0.10987708,0.26003626,-0.6359185,-0.094201565,0.20068711,-0.5385354
2019-11-11,0.45658085,-0.12384655,-0.009614748,-0.6685143,0.14678857,0.16679576,0.3896213,-1.4468879
2019-11-12,-0.13063644,-0.9453188,0.073617555,-0.51070064,-0.7038587,0.15352786,0.03698663,-0.10459177
2019-11-13,0.10917364,0.5205047,0.7486631,-0.47696984,0.9705239,-0.29132774,0.41279504,-0.61825866
2019-11-14,-0.0485148,0.09009816,0.37770355,-0.45899683,0.083526015,-0.07981945,-0.01845481,-0.10294787
2019-11-15,-0.20432328,0.46279204,-0.25605363,0.32216355,0.3149983,-0.84343445,0.66699046,0.10071992
2019-11-18,0.0687436,0.01287703,0.72970414,-0.8296085,-0.06802309,0.50319237,-0.236496,-0.88736415
2019-11-19,0.177874,0.2175988,0.6650095,-0.73231614,-0.05918746,0.88317084,-0.71066195,0.0717294
2019-11-20,0.09496713,-0.30192837,-0.2964697,-0.13701428,0.7191529,-0.62893504,1.050974,0.1767159
2019-11-21,-0.06617811,-0.20090054,-0.40004012,-0.19778787,0.36361855,-0.80770445,1.0646186,-0.2951848
2019-11-22,-0.3517212,-0.1676415,0.09370271,0.80476296,-0.53591996,0.046871744,-0.3066937,0.32886422
2019-11-25,-0.36369383,-0.6566411,0.7426809,-0.22635894,0.031750254,-0.084705494,0.45765352,0.13512851
2019-11-26,0.49540058,0.66933334,-0.30868727,0.657189,0.97660804,-0.28709096,0.021289615,0.20660649
2019-11-27,-0.7524926,0.5146758,0.17718686,0.41140455,-0.23188974,-0.1717285,0.2671723,-0.27971303
2019-11-29,-0.25289378,-0.32055533,1.6002305,-1.2042822,-0.13995762,1.1756542,-0.80658805,-0.26491013
2019-12-02,-0.5101278,0.2743928,0.3990548,-0.16382386,0.01796037,0.0010727814,0.31789786,-0.39144537
2019-12-03,-0.3091652,0.7457761,0.8665234,-0.46867338,0.34179136,-0.25636354,-0.018247062,-0.29693964
2019-12-04,0.20556563,-0.6010025,-0.8391554,0.48243487,0.18767633,-0.84284645,1.0209515,0.25044248
2019-12-05,-0.066522464,0.18593393,-0.02470134,0.24444677,0.11310413,-0.20041832,0.08472574,0.27801928
2019-12-06,-0.09971047,-0.46973625,-0.86654943,0.91505045,-0.34925786,-0.4825237,0.41029197,0.51199347
2019-12-09,-0.064072885,-0.2579528,0.41404086,-0.013457598,0.11142149,0.2976476,0.041434888,0.39729315
2019-12-10,0.053703483,0.013143276,0.25728914,-0.12856306,0.30062595,0.08002264,0.012288943,0.82771146
2019-12-11,0.2431558,1.0131851,0.3382809,0.18281996,0.35134283,0.6411603,-0.79101104,0.18275331
2019-12-12,-0.26624855,-0.8269662,-0.09842132,0.02441151,-0.39372382,0.15277748,-0.19725542,1.4706187
2019-12-13,0.39086846,-0.33618632,-0.29412633,-0.56643873,0.57359064,-0.7427031,0.75295925,-0.28044727
2019-12-16,-0.44584328,-1.2876724,-0.09864203,-0.1734493,-0.892632,0.3243763,-0.7435334,2.179075
2019-12-17,0.019272069,-0.5927577,-0.21264549,-0.6642323,-0.07190308,-0.5850599,0.69121313,-0.09475235
2019-12-18,0.2611845,0.17349331,-0.111388534,0.49121916,0.2335718,0.28044817,-0.17203006,-0.2604163
2019-12-19,0.46801403,0.21032609,-0.49299592,0.49101165,0.52517325,-0.21798173,-0.1261525,0.40796322
2019-12-20,-0.41835514,-0.29000923,0.0442049,0.3476344,-0.555936,0.24805503,-0.20190874,0.24606262
2019-12-23,0.48857057,0.36263517,0.44839838,-1.0075629,0.8476805,-0.115315385,-0.07186028,-0.07488705
2019-12-24,0.36602506,0.17696169,0.22480513,-0.290084,0.82069904,-0.14546539,-0.07750042,0.7438543
2019-12-27,-0.28221494,-0.21724832,0.64693147,-0.24720998,0.4294495,-0.22153911,0.39281717,1.0868707
2019-12-30,-0.14918849,0.1797161,0.16793305,-0.02992668,-0.058350164,0.013702573,-0.2864418,0.61852735
2019-12-31,0.08917262,-0.020083405,0.5814086,-1.1391361,-0.17147203,0.629332,-0.19751613,-0.91067976
2020-01-02,0.56721264,0.2302789,-0.32887575,-0.33240137,0.37658602,0.064669214,-0.19651416,0.3180132
2020-01-03,0.5408153,0.34358516,0.016388228,-0.11774831,1.4508399,-0.77243125,0.82278645,-0.48205036
2020-01-06,0.2981168,-0.21492964,-0.20403397,0.5514841,0.05187367,0.18362647,-0.48362008,-0.0019253374
2020-01-07,-0.14062658,0.50884444,0.3940573,0.04107547,-0.0062987013,0.25471637,-0.43018365,0.33046415
2020-01-08,-0.1749271,0.12574834,0.3916893,0.22097988,-0.99592805,1.2961131,-1.031106,-0.4596024
2020-01-09,-0.12201645,-0.45802125,0.100513786,-0.29577366,-0.23832782,0.037340768,0.24106543,-0.23788585
2020-01-10,0.13962026,-0.030312657,0.47878253,-0.2965737,0.38719693,0.40727586,-0.24170622,0.653513
2020-01-13,-0.2297848,0.1949545,0.25009707,0.40630752,-0.37030736,0.2808878,-0.2642842,-0.534945
2020-01-14,-0.19378819,-0.42069155,-0.19171022,0.58979845,-0.32755613,-0.017129306,0.07628394,0.15876344
2020-01-15,0.38213366,0.74051726,0.59455854,-0.29066256,0.70408726,0.60763234,-0.6270661,0.36480156
2020-01-16,0.11038129,0.606432,-0.3554862,0.73419636,0.2911156,-0.20254077,0.27559105,-1.1161813
2020-01-17,0.16172503,-0.619112,0.5448691,-1.0883417,0.032843318,0.42555326,-0.4640957,0.9446031
2020-01-21,-0.058026128,-0.25794345,0.16352925,0.17449388,-0.10072692,0.42996943,0.034440696,-1.1555247
2020-02-03,-1.1212171,0.95554334,1.8362336,-1.6827787,-1.1541307,1.3731468,-0.3428471,-3.417609
2020-02-04,-0.204828,-0.33879736,-0.502716,0.10778728,-0.66285527,0.017147461,0.28946778,0.12878397
2020-02-05,0.43745202,0.039775062,-0.6651405,0.96306,0.92159826,-0.8028127,0.27945116,1.455685
2020-02-06,0.09092472,0.1669046,-0.21765804,0.45466563,0.27390522,-0.14254043,-0.10614938,0.103807025
2020-02-07,-0.5137969,-0.60405576,0.60068804,-0.56361884,-0.6153278,0.12368157,0.019541299,-0.5188597
2020-02-10,0.33705753,-0.16333333,0.7754325,-0.9060262,0.09468009,0.9044311,-0.3970294,-0.41536874
2020-02-11,-0.04924692,0.12228027,-0.30645314,0.9186196,0.22339492,-0.19845521,0.1720662,0.50405794
2020-02-12,0.23893887,-0.7527665,-0.7440175,-0.22366175,0.21211739,-0.6585479,0.81051517,0.4540274
2020-02-13,0.081173584,0.9658138,-0.16886342,0.623157,0.52153695,-0.34227124,-0.042599674,0.39391118
2020-02-14,0.16641526,-0.2958119,0.068351604,-0.6013465,0.23745058,-0.31040263,0.47452736,-0.2845129
2020-02-18,-0.016437776,0.12545577,0.09102016,0.13092221,-0.3122275,0.25906074,-1.1415489,1.2858839
2020-02-19,0.59539205,-0.16315477,-0.46253288,0.11497068,0.8399564,-0.6885143,0.50013125,0.40959156
2020-02-20,0.16027455,0.23604466,0.02478308,-0.3801064,0.20633498,-0.46538424,0.36135787,-1.0648185
2020-02-21,0.11803265,0.20022729,0.71396446,-0.27622348,0.29978594,0.7870337,-0.71559453,0.55337894
2020-02-24,0.247445,1.701028,1.2505265,-1.2221665,0.6667644,0.67157066,-0.69469196,-1.8264462
2020-02-25,-1.1295123,-0.12116152,0.3147318,0.45479038,-1.6393713,0.33860606,-0.011528483,-1.0023139
2020-02-26,-0.6737807,0.37568778,0.64297396,0.20964694,-1.285962,1.0570321,-0.88835776,-0.77201277
2020-02-27,-0.33489424,0.9152343,0.8671066,-0.7717844,-0.24602295,0.54736876,-0.26423305,-1.6174846
2020-02-28,-1.0946195,-0.6334291,-0.6456606,0.83728236,-1.678263,0.2500478,0.5767621,-1.4234667
2020-03-02,0.68699574,-0.25312,-0.748926,-0.3565701,0.96048635,-1.0908687,0.5859112,1.5717502
2020-03-03,-0.026052544,0.18354052,1.0330483,-0.98877543,0.6738956,-0.03245087,-0.39017236,0.9726084
2020-03-04,0.1874599,0.17175782,-0.5564126,-0.15622097,-0.12039331,0.0026723696,-0.25525665,0.26008373
2020-03-05,0.47160012,1.1092141,0.5191793,-0.13119976,0.38606015,0.43833604,-0.8659601,-0.8375376
2020-03-06,-0.29168367,1.275572,1.7764564,-1.1845914,-0.8203545,1.8433105,-1.5876085,-1.4289898
2020-03-09,-0.922667,1.6794174,1.8846134,-0.66280746,-1.5884416,2.4536414,-2.1291437,-1.6141933
2020-03-10,-0.26575437,-0.96482253,-1.4193431,0.5597998,0.18420954,-1.5922024,1.1977279,1.3098255
2020-03-11,0.09224224,0.37945154,0.51047,-0.8456353,-0.11326223,0.5236693,0.20795421,-1.6294615
2020-03-12,-1.452245,0.45164043,0.92184013,-0.06296471,-1.9764991,1.059884,-0.13769303,-3.076967
2020-03-13,-1.0284739,-0.56287247,-0.7915356,0.9335001,-1.7812047,0.007912618,0.7148114,-1.2897716
2020-03-16,-1.5636492,0.6868662,1.3071272,-0.07713354,-2.1177695,1.5076128,-0.6363467,-3.27054
2020-03-17,0.26036653,-0.114437684,0.32875398,-0.5092118,-0.47192526,0.6952385,-1.1115271,-0.77145064
2020-03-18,-1.5732013,0.46774355,1.6827213,-0.4929464,-2.0702221,1.7195323,-1.0291355,-2.729194
2020-03-19,0.28351292,-1.2203377,-1.4475311,-0.3775956,1.1891052,-2.1120813,1.9671606,1.5633746
2020-03-20,0.0471418,0.19817194,1.2906581,-0.68767005,-0.46532917,1.7312641,-1.3396987,0.40953162
2020-03-23,-0.39421618,0.72969925,2.0911458,-1.5082059,0.08291211,0.7582073,-1.2331216,0.5466643
2020-03-24,1.1641238,0.7943912,0.43494964,-0.32425135,2.350685,-0.26349136,-0.29957187,2.6063404
2020-03-25,1.4548554,-0.77206784,-0.9082253,0.3075971,1.5090015,-0.7129802,0.7221265,1.0233907
2020-03-26,0.052496903,0.9528944,0.82404727,-0.75255376,-0.032654684,0.9882972,-0.63862664,-1.4403297
2020-03-27,0.3793124,0.22890855,-0.20392165,-0.84353733,0.22853243,0.20149902,0.6590397,-1.5648702
2020-03-30,-0.61373454,0.26750204,0.88731587,-0.719613,-1.1371323,1.2861736,-0.5399568,-1.7498528
2020-03-31,-0.15615031,0.01500621,-0.4372418,0.5146435,-0.22841553,0.045991465,0.36987573,0.4139827
2020-04-01,-0.35720694,1.4852567,0.848168,-0.5990187,0.030390602,-0.25093946,0.3313556,-2.8451219
2020-04-02,1.1852684,-0.71320355,-1.0207616,-0.23087507,2.2803364,-2.0743682,2.0302813,1.6395339
2020-04-03,0.25872505,-0.5690859,-0.42748314,-0.39141694,1.1854879,-2.2401202,2.2467775,0.13858424
2020-04-07,-0.3676757,1.0184344,1.1200726,0.625057,-0.580465,1.1586413,-1.7146189,1.3294364
2020-04-08,0.13522972,-0.68337417,-0.9773597,0.38655287,-0.2534901,-0.51988876,0.3829765,-0.1905701
2020-04-09,0.38546214,0.5443162,1.5328392,-0.8556501,0.8254431,1.1385963,-1.3854073,0.82415324
2020-04-14,0.26957378,2.0877595,0.5457132,0.50527066,0.4903348,1.1333244,-1.7268242,0.061822414
2020-04-15,-0.39417344,-0.33682585,0.05042687,0.37125447,-1.0216607,1.206684,-0.2696784,-1.5856051
2020-04-16,-0.18654588,0.3698153,0.061489224,-0.20271783,1.0384643,-0.55554247,1.3084481,-0.66153604
2020-04-17,-0.3406482,-0.20344086,-0.30480683,0.9421406,-0.883271,0.072093405,-0.02425903,0.0018321936
2020-04-22,1.4261094,-1.0390286,-1.5695002,-0.51788765,1.7506331,-2.0492623,1.5290502,1.6083608
2020-04-23,0.5268265,-0.45747226,-0.7148084,-0.13091342,1.0102439,-1.7998441,1.4061989,0.86927354
2020-04-24,-0.19560137,1.0696914,0.35022458,0.66901153,-0.6672294,0.76876223,-1.0215318,-1.3271128
2020-04-27,-0.7313785,1.7967094,1.272932,0.41637185,-1.4611745,2.238336,-2.2398782,-0.7713202
2020-04-28,0.32633212,-0.26370558,-0.14870627,0.42923588,0.6612017,-0.2901684,0.40068802,0.59262055
2020-04-29,0.9452199,-1.2560291,-2.0582547,0.78883207,1.0635239,-2.0571637,1.459226,1.4330406
2020-04-30,0.12289666,-1.692256,-1.6466379,0.4074855,0.6213058,-1.8755281,1.8567073,1.737477
2020-05-06,0.20264663,-0.88707095,-2.0090163,0.5651103,0.82594866,-2.3301568,1.4615669,0.69590366
2020-05-07,0.90305424,-0.0845205,-0.31815922,-0.04419197,1.0721799,0.006858183,-0.58297074,1.3259997
2020-05-11,0.008366287,-1.1548814,-0.05994829,-0.8069826,0.1936647,-0.46579012,1.0947778,0.46568856
2020-05-12,0.42331874,-0.40654033,-0.3747478,-0.46111503,0.19866599,-0.26981178,0.025002653,-0.3225367
2020-05-13,0.007224311,1.2971097,1.0168432,-0.38952738,0.6296575,0.12805131,0.0075935144,-1.5372311
2020-05-14,0.8066892,-0.6713196,-0.9485528,-0.25946546,1.549478,-1.7112602,1.4498509,1.1173728
2020-05-15,1.0154696,-0.25782442,-0.23612621,-0.94414955,2.0060506,-0.6835993,1.2565597,0.7056654
2020-05-18,1.0713035,-0.5598546,-1.5767354,0.62179255,1.8740304,-1.6961749,1.2556762,2.2968245
2020-05-19,-0.12860526,1.0087177,0.44787058,0.47113806,0.42016283,0.31577253,-0.87210065,0.9808285
2020-05-20,1.0506918,-0.18811993,0.14242043,-1.0010895,1.6989944,-0.3032367,0.75881785,1.027836
2020-05-21,-0.73812956,-0.5938878,-0.5857083,0.50435966,-1.5015935,-0.5251056,0.31523678,-1.3761221
2020-05-22,0.29728478,0.65097123,0.85232085,-1.2382189,0.59309995,0.6672535,-0.32545808,-0.9696289
2020-05-26,-0.36743423,-0.8913576,-1.1209124,0.658426,-0.6696496,-0.7297792,0.6127641,0.82063025
2020-05-27,-0.5069797,0.5463083,1.3698276,-1.5127198,-0.21274982,0.6654269,-0.6566779,-0.46367303
2020-05-28,-0.11948739,-0.019256579,0.13743024,-0.49344257,-0.07448887,0.19766255,-0.19202204,0.3793249
2020-05-29,1.0731524,0.09810725,-0.4027808,0.0014884246,1.6309519,-0.58994675,0.4240532,0.6831305
2020-06-01,0.97984606,0.058047198,-0.48132354,0.108472034,1.8985739,-1.3707883,1.2713454,1.140159
2020-06-02,-0.3060771,-0.5834047,-0.96240485,0.746387,0.21125951,-1.5607533,1.622693,0.32862186
2020-06-03,-0.5531512,-0.89945763,-0.035731047,0.347421,-0.63567084,0.31307554,0.45030263,-0.06380977
2020-06-04,0.26083106,-0.63950205,0.25713357,-0.9268624,0.22963391,0.15974173,-0.096084625,0.67349625
2020-06-05,-0.124361426,-1.0675405,-1.5788791,1.1347529,0.1471906,-1.6674846,1.5512856,0.8962318
2020-06-08,0.16019884,0.8644132,0.9074375,-0.42136183,0.41670123,0.85868144,-1.1074151,0.45399803
2020-06-09,0.37513342,0.259444,-0.5439761,0.28666338,0.53358775,-0.3638045,0.23346043,-0.087500334
2020-06-10,0.1682527,-0.06503941,-0.43224278,0.6373014,0.42842683,-0.34871718,0.37955984,0.39692664
2020-06-11,-0.5649352,0.63116777,1.410185,-0.8045699,-1.1524293,1.5773685,-1.3817592,-1.4853833
2020-06-12,-0.29490775,-0.32188565,-0.012303001,-0.109926425,-0.6541573,-0.23614016,0.24759242,-0.53632057
2020-06-15,0.3351816,-0.66008824,-0.8589134,0.42316505,0.12389767,-0.8227745,0.51824534,-0.026326086
2020-06-16,0.8769028,0.042599633,-0.5292658,0.11700401,1.7752397,-0.86501694,0.8900397,0.81441677
2020-06-17,0.056908004,-0.019679734,-0.21530288,0.581918,-0.04544164,0.20677683,-0.27321845,0.500577
2020-06-18,0.04638503,-0.2598589,-1.0247536,0.55059373,-0.27603087,-0.6997454,0.5344874,-0.40105072
2020-06-19,0.62370205,0.061498936,0.058216054,-0.4657541,1.1082821,-0.43257034,0.42159787,0.88615745
2020-06-22,0.26363695,0.54691,0.20014456,0.12345027,1.0128541,-0.40739924,0.3971341,0.5989529
2020-06-23,0.23715173,0.3618594,0.55534476,-0.5850982,0.33730936,-0.00730543,-0.16266824,-0.1558642
2020-06-24,-1.0108812,0.3774338,1.2450949,-0.2911492,-1.4738125,1.4574938,-0.9468356,-1.7433103
2020-06-29,0.11027312,0.6993167,-0.36081073,0.5262703,0.8136932,-0.3876271,-0.16100925,1.1447767
2020-06-30,0.18959156,-0.38759258,0.8309708,-1.0753239,0.55945253,0.17253111,-0.20921348,1.6575255
2020-07-01,-0.2965932,-1.8688835,-0.80280393,0.3348532,-0.8526095,-0.20680267,0.35316494,0.6723282
2020-07-02,0.3470132,0.47535425,-0.91423666,0.8347008,0.61212087,-0.73922175,0.31234708,0.07207935
2020-07-06,-0.18605578,0.54983336,-0.08281515,0.0888008,0.07760027,-0.373519,-0.21673942,0.961315
2020-07-07,0.58355075,0.20148064,0.07734139,-0.22252999,0.7648411,0.27169904,-0.15377535,0.7582538
2020-07-08,0.6152616,-0.12556618,0.42144656,-0.31440896,0.93344474,0.41963673,-0.39500898,1.1239121
2020-07-09,-0.51590735,-0.15433958,-0.02998763,0.39431116,-1.1769993,0.4530848,-0.35151684,-0.8748056
2020-07-10,0.6079658,0.8129978,-0.9564821,0.8948592,0.67863417,-0.321807,0.028064856,0.2538359
2020-07-13,0.6724919,1.2988633,0.23728125,0.6000783,1.1627662,0.28856012,-0.6110087,0.28167313
2020-07-14,-0.84887034,-0.1667538,0.09213563,-0.14252877,-0.9555116,-0.5434792,0.2042709,-0.52675575
2020-07-15,0.47141722,-1.2134978,-0.30372787,0.086404055,0.29720667,-0.2689991,0.4466121,0.5008886
2020-07-16,-0.38394064,-0.22252682,-0.3452874,0.9057148,-1.1979222,0.34359214,-0.8967115,0.34440443
2020-07-17,0.059171133,-0.1658773,0.64186376,-1.262603,0.15843415,0.31180167,-0.09018216,0.2665979
2020-07-20,0.7750359,0.8012978,0.057521533,-0.39364544,1.4010066,-0.14802954,0.31493366,-0.24503194
2020-07-21,1.1229489,0.76794076,0.033317078,0.041360028,2.2589788,-0.4641954,0.17894009,1.7760603
2020-07-22,0.40638986,-0.15386976,1.2468724,-1.4622173,1.0488716,0.49783862,-0.4195567,1.1720651
2020-07-23,-0.14625898,1.2209469,0.18944792,0.45868576,-0.23536654,0.5190302,-1.0622411,0.4208696
2020-07-24,-0.13267142,-0.16712564,-0.03546769,-0.39898512,-0.18448758,-0.27367052,0.34251642,-0.55961865
2020-07-27,0.79974496,0.46005934,0.9563135,-0.7435307,1.631803,0.5267473,-0.6012034,0.7699745
2020-07-29,0.13139726,0.9890949,-0.15686102,1.0415493,0.36624876,0.018709185,-0.35437062,0.24264206
2020-07-30,-0.67246956,-0.5688274,0.26154804,0.27029347,-1.3652264,0.71647626,-0.3269089,-0.7859972
2020-07-31,0.279226,-0.34139264,0.69939786,-0.8650549,0.72041214,0.44047236,-0.16675307,1.0077404
2020-08-03,-0.13113977,0.4068458,-0.60926527,0.56499165,0.36043403,-0.8274095,0.26401436,1.0704008
2020-08-04,0.76412195,1.274106,0.47863665,-0.0031307247,1.8463535,0.01055638,-0.27180552,0.50654745
2020-08-05,0.8236199,0.52594006,0.046578877,-0.24575004,1.3376952,-0.10309096,-0.1579913,1.298994
2020-08-06,0.6209573,0.8150931,0.73615015,-0.7133015,1.2998153,0.572954,-0.7931947,0.2346067
2020-08-07,-1.0051153,-0.09766898,-0.24875803,0.81018776,-1.6124542,-0.047906898,0.24056011,-1.819546
2020-08-10,0.61535233,0.7557868,0.2296548,-0.5000326,1.3492492,-0.18061642,-0.4321398,1.1788267
2020-08-11,-0.73370165,-1.0828377,-1.3575749,1.0767987,-1.8745214,-0.226246,0.6849664,-0.8544622
2020-08-12,-0.0038601155,-1.0845144,-0.703741,0.0709233,-0.35471153,-0.37196556,0.36977878,0.47137314
2020-08-13,0.31819707,-0.56934905,1.1240722,-1.6598445,0.6226748,0.5971482,-0.46814626,0.93813753
2020-08-14,-0.5464725,-0.21284558,-0.83961475,0.9904176,-1.369591,-0.42264077,0.35911238,-0.6786485
2020-08-17,0.66557425,0.12263378,0.4739781,-0.71062624,1.2314584,0.15614268,-0.4970715,1.6080946
2020-08-18,0.26129058,0.924062,-0.068929456,0.60171527,0.9739016,-0.14635797,-0.07721231,0.84468466
2020-08-19,-0.14586928,-0.81349456,-0.78292435,1.0923823,-0.8518241,0.11945955,0.059352063,0.0751698
2020-08-20,-0.33563256,-0.5961906,-0.13795617,0.075585045,-0.99470073,0.03414757,0.080956355,-1.1023158
2020-08-21,-0.62945074,-0.1877398,0.70278484,-0.8357657,-0.9742944,0.32007718,-0.12502725,-0.6640787
2020-08-24,0.09693665,-0.25848612,-1.0527331,0.6177861,0.21520172,-1.0843256,0.6892496,0.38811347
2020-08-25,-0.25250724,-1.2264727,-0.45059848,0.16889769,-0.48008752,-0.18823227,0.39310858,1.0291532
2020-08-26,-0.13657124,1.1382632,1.3402078,-0.9345873,0.8482693,-0.03730004,-0.5695232,1.0118134
2020-08-27,-1.1149615,-0.5339344,0.51612014,-0.105501376,-1.5358596,0.59509146,-0.39212132,0.6171824
2020-08-28,0.39358947,0.48564497,0.3265155,-0.45288524,1.0146219,0.19669607,-0.33373123,1.254596
2020-09-01,-0.10013734,-0.2648409,0.7662215,-0.3340017,0.12659381,0.69566214,-0.74528015,1.5425287
2020-09-02,-0.98910767,-0.4657488,-0.070083186,0.30496925,-2.019849,0.22669451,-0.03982831,-1.1738994
2020-09-03,-0.4708166,-0.09183791,0.16505218,-0.24757381,-1.0910919,0.2184658,-0.062094115,-1.3129842
2020-09-04,-0.4788946,0.7871147,0.49173474,0.3673853,-0.5951136,0.70829564,-0.87471604,0.5859953
2020-09-08,-0.30507907,0.18343598,1.5336151,-1.0035106,-0.67611414,1.8519496,-1.5861819,-0.5589526
2020-09-09,0.6876068,0.16718808,-0.55021274,-0.26334235,0.8585821,-0.8746717,0.6785082,0.34064448
2020-09-10,-0.09279789,-0.35861346,0.79921716,-0.77011853,-0.24321905,0.6487491,-0.7090847,0.3792702
2020-09-11,-0.11947965,-0.7444828,-0.62637067,0.37926772,-0.7416344,0.08733482,-0.0052043,0.8377792
2020-09-14,0.5001055,0.8484703,-0.19346423,-0.054952513,0.6667681,-0.03973183,-0.389346,0.5204588
2020-09-15,0.07790226,0.056669094,-0.23248082,1.1455636,0.60700685,-0.56663173,0.013280125,0.40140054
2020-09-16,0.22544105,-1.2526647,-0.6076534,-0.33128044,0.30299053,-0.8493198,0.9492773,0.80814594
2020-09-17,0.02375544,-1.8483018,-0.6168266,-0.26165384,-0.5231854,-0.5987978,0.92292655,-0.028457755
2020-09-18,0.36488992,-0.5503115,-0.036717914,-0.5780893,0.03351134,0.23924942,-0.15909876,0.7162031
2020-09-21,-0.947138,-0.09818625,0.25995708,0.374529,-1.8157476,0.5529988,-0.0091890665,-3.040533
2020-09-22,0.10569729,-0.17434132,-0.12500605,0.31732297,-0.21449444,0.12308334,-0.16145118,-0.0852331
2020-09-23,-0.9673586,-0.11652466,-0.9797149,0.86801314,-1.5268776,-0.78780705,0.805823,-1.2531711
2020-09-24,0.08578216,0.32474458,-0.27950943,0.07545357,0.112541705,-0.29575053,0.16381952,-0.63280094
2020-09-25,0.05945812,-0.5174567,-0.23475808,0.4162193,0.019512285,-0.034309145,0.16016681,0.37231165
2020-09-28,1.0307016,0.6128976,-0.3595914,-0.080957636,1.4834663,-0.5763698,0.0076679867,0.8843389
2020-09-29,-0.4549189,1.4067402,0.752135,0.20109424,-0.051886536,0.8325291,-1.199,0.45847782
2020-10-12,-0.43166265,-0.90883505,-0.12406237,-0.68115807,-0.23146749,-0.13004538,-0.13985594,2.9957507
2020-10-13,-0.8529384,-0.9826211,-0.5889083,0.6031179,-1.2474222,-0.2742267,0.5555017,-0.028057097
2020-10-14,0.4741642,-0.8258341,-0.07857632,-0.4869355,0.49078125,-0.3601401,0.30742756,0.54190993
2020-10-15,-0.32407603,-0.44493622,0.29764584,-0.36166465,-0.37310424,0.32891494,-0.0022892605,0.52822405
2020-10-16,0.19128606,0.32522702,0.11540696,0.3777764,0.47993922,0.11799777,-0.14995536,-0.010140607
2020-10-19,0.16409223,-0.09597279,0.45597917,-0.13158947,-0.09443134,0.41434684,-0.36249244,0.24464484
2020-10-20,0.42560822,0.16340785,-0.44439355,-0.5336071,0.4110844,-0.20812166,0.16501144,0.9887
2020-10-21,-0.29800558,0.69643956,0.86280715,0.15981187,-0.33371165,1.1129723,-1.2418381,0.66959596
2020-10-22,-0.13420944,-1.0622405,-0.5198121,-0.060252555,-0.05230335,-0.49710628,1.2192721,-0.16993879
2020-10-23,-0.45781502,-0.04898873,0.6514009,-0.39101002,-0.53754145,0.44425985,-0.5005593,0.31308612
2020-10-26,-0.61572725,0.0042175115,0.33241943,-0.104679845,-1.2144238,0.8265675,-0.66575354,-0.87960213
2020-10-27,0.633054,0.14488988,-0.67732537,0.14962457,1.0002415,-0.70167756,0.6201197,0.24783996
2020-10-28,-1.2490666,1.0875359,0.6247726,0.95951486,-1.2868996,0.9033178,-0.24609672,-2.2006724
2020-10-29,-0.7652949,0.84706306,0.3498388,0.2872641,-1.0530341,0.66448826,-0.5871011,-0.84783256
2020-10-30,-0.08433171,0.15150085,0.30549452,-0.20899963,0.26734456,0.19906569,-0.27117282,0.27719125
2020-11-02,0.8014067,-0.25355116,-0.27404296,0.077916585,1.2251081,-0.39636773,0.25548857,0.6580769
2020-11-03,0.63527435,-0.16982603,-0.07886672,-0.30218643,1.1970936,-0.49163765,0.271914,1.3086889
2020-11-04,0.02344729,-1.0418396,-1.3234652,0.42673486,-0.2859919,-1.0083107,0.9155532,0.62274355
2020-11-05,0.7339659,0.23910832,0.6798349,-1.3931023,1.005818,0.47224277,-0.6683765,1.3242524
2020-11-06,-0.17625846,0.57736313,0.9060387,0.23351987,0.0830923,1.2042038,-0.8916956,-0.00038522622
2020-11-09,-0.5606186,-1.1799313,-2.0094705,1.3718948,-0.9768518,-1.3810426,1.0299728,0.14803556
2020-11-10,0.5647449,-0.7483844,-0.027543798,-1.6815145,0.9722446,-0.533051,0.35525408,1.7156643
2020-11-11,-0.6643053,-0.22383629,-0.27195632,0.676531,-0.7108475,-0.47987023,0.3347169,-0.14201315
2020-11-12,-0.024241624,0.82318455,0.27503073,1.2033827,0.27111197,0.28949383,-0.7222817,0.21575624
2020-11-13,-0.1865781,0.34608352,1.207697,-0.4776429,-0.018476952,0.846699,-0.8652507,0.50407654
2020-11-16,0.7296781,-0.95399916,-0.13040629,-0.029385423,0.8334226,0.14751004,0.22774097,1.454544
2020-11-17,-0.087570935,-0.1440469,-0.24087054,-0.013453252,-0.045756377,0.102957755,-0.030306231,0.3027503
2020-11-18,0.10262576,-0.97972536,-0.61667675,0.43845633,-0.056126826,-0.14110695,0.34273806,1.0470301
2020-11-19,-0.19362183,0.08668049,0.14389285,0.19439565,-0.037676122,-0.104351714,0.47454494,-0.5468584
2020-11-20,0.6322144,0.50454074,-0.7622959,0.35311624,0.46249488,-0.35448322,-0.15726243,0.72910875
2020-11-23,-0.560979,-1.0750517,-0.9461633,0.1597898,-1.1210057,-0.8739026,0.8805375,-0.45021653
2020-11-24,0.2960881,-0.25863248,-1.3362882,0.59641325,0.49846482,-1.1675195,1.0845342,0.5660471
2020-11-25,-0.378061,1.0461826,0.0053583523,0.21328028,0.5534703,-1.0295243,0.73644394,-0.13253611
2020-11-27,-0.27106446,-0.84788585,-0.2677656,0.4785482,-0.6840964,0.43008417,0.061887123,1.1281096
2020-11-30,-0.19501708,1.3351538,0.14331916,0.8260396,0.31179267,-0.16856375,-0.1114642,-1.0056863
2020-12-01,0.6124408,1.6320615,1.0570648,-0.6783542,1.5383854,0.37948084,-0.8967532,0.37694564
2020-12-02,0.55338246,-0.8155572,-0.1664402,-0.6421546,0.40381065,-0.29041094,0.372095,0.18182352
2020-12-03,0.8680677,-0.5688245,0.085744776,-1.3369241,0.8920589,-0.16223438,0.5532331,0.3240187
2020-12-04,0.5307303,0.9239113,-0.32357237,-0.1380751,0.8097921,-0.3860097,0.23433527,0.2741644
2020-12-07,0.5250471,-0.23631956,0.5795207,-0.46493796,0.44361463,0.43487483,-0.40717453,-0.064859666
2020-12-08,0.33715212,0.3180576,-0.2507341,0.1801246,0.11463394,0.040185306,-0.07675501,-0.7688561
2020-12-09,-0.45081517,-1.2732499,-0.5753179,0.4660867,-0.9097204,-0.0020004513,0.43956906,0.6138362
2020-12-10,-0.113520145,0.23945473,-0.5789931,1.1406485,0.24516527,-0.8308113,-0.061659623,1.4068341
2020-12-11,-0.29771957,-0.894375,0.37693793,-1.0604419,-0.561027,-0.3742513,0.35090563,-0.01731994
2020-12-14,-0.33081862,0.07074659,-0.44340995,0.90702784,-0.23840481,-0.340196,0.021209046,0.6297357
2020-12-15,0.7691261,0.35677138,0.11963947,-0.7371639,1.1149144,-0.22061217,-0.07794746,0.57245916
2020-12-16,0.085247196,-0.057821933,0.064312354,0.13281344,0.5545887,-0.018379953,0.13482136,0.42670852
2020-12-17,0.7076444,-0.2960099,0.19120182,-0.73384076,1.0816811,0.005586763,-0.2402615,1.6513785
2020-12-18,-0.1352218,-0.3043385,-0.6398986,0.2672088,-0.26355907,-0.5556475,0.3212424,0.47917408
2020-12-21,-0.4761184,-0.58032674,0.88781166,-1.1615514,-0.9610536,0.8218353,-0.47146085,-0.7046025
2020-12-22,-0.45996523,-1.0497798,-0.08304637,-0.5311395,-1.40545,0.090219095,0.24841172,-0.8473789
2020-12-23,0.5953082,-0.61583114,-0.8616615,0.52148366,0.43424466,-0.31339958,-0.14591253,1.4602022
2020-12-24,0.062352583,-0.25641692,0.096422546,0.2429121,0.080581166,0.44098726,-0.47403333,0.7466677
2020-12-29,0.6786179,-0.9703139,-0.53037393,-1.6552707,-0.46135053,0.27019596,-0.24931936,0.26348755
2020-12-30,-0.44974953,0.3090353,0.74144155,-0.60420984,0.3960115,-0.06357358,-0.06731863,1.2941068
2020-12-31,-0.4529406,-0.94997334,-0.07463239,-0.32002947,-1.1054155,0.20665154,-0.2820237,0.441464
2021-01-04,0.23980612,1.1308528,0.5735714,0.21110806,0.76893544,0.66934776,-1.284973,0.95257056
2021-01-05,0.4544441,-0.4140164,-1.1271608,0.11285443,0.69963443,-0.85932034,0.34501407,2.2892423
2021-01-06,-0.03302299,-0.7840236,-1.4213662,0.7539986,-1.0078516,-0.1731966,0.2959111,-0.3441815
2021-01-07,0.4957459,0.93518454,-0.51650715,-0.020593196,0.5552698,-0.21291901,-0.069642186,0.11909852
2021-01-08,-0.8578531,-1.2040074,-1.2826862,0.49821216,-1.7232109,-0.6791565,1.112252,-0.82174903
2021-01-11,0.25312147,-0.16769464,0.09712096,-0.7453519,0.011662635,0.032870352,-0.048342876,-0.941873
2021-01-12,0.013752824,-1.1884296,-0.19561763,-1.0955802,-0.38234565,0.01024352,-0.14430916,1.7371211
2021-01-13,0.5195713,-0.20412098,0.36240834,-0.2507454,0.74737924,0.4690882,-0.18621999,0.6799406
2021-01-14,-0.06080938,-1.0097952,0.23415197,-0.27208,-0.110695116,0.3326492,-0.04142283,1.4688666
2021-01-15,-0.84318244,-0.16291828,0.09155417,0.29292494,-1.4923667,0.20841846,0.10979533,-1.7605337
2021-01-19,1.2791365,0.109162785,-0.73897415,-0.26501277,0.6884067,0.009918687,-0.37536317,-0.47267592
2021-01-20,0.9046303,0.5734891,-0.42582718,0.40897956,0.81487584,0.18979557,-0.7254083,0.4556447
2021-01-21,-0.04168086,-0.0052551413,-0.046179254,-0.046876572,-0.024125155,0.12488037,-0.29846966,0.5434239
2021-01-22,0.32481322,1.2539349,-0.6409588,1.444913,0.122074075,0.42466274,-0.7134193,-1.5982671
2021-01-25,-0.36520687,-0.8731455,-0.5878723,-0.31229693,-0.9390722,-0.1239534,-0.08879019,0.9607187
2021-01-26,-0.34873822,-1.3853583,0.049639996,-1.1632696,-0.7272846,-0.011042963,0.0649355,0.7953984
2021-01-27,-0.5611126,-0.5784673,-0.1632623,-0.6375113,-0.831978,-0.55495167,0.5903614,-0.60675937
2021-01-28,0.27293235,0.75806344,0.19719724,-0.30503878,0.65451646,0.07897725,0.021513443,-0.67687684
2021-01-29,0.27454728,-0.63612837,0.6342989,-1.2422956,0.33768934,0.3724523,-0.3526803,0.7421873
2021-02-01,0.3988943,0.98671913,0.4971693,-0.49980673,1.6431015,-0.26994154,-0.13113196,1.5145277
2021-02-02,-0.3102848,-0.7794786,-1.3317659,1.082305,-1.2331564,-0.4648527,0.66311663,-1.0792177
2021-02-03,0.110414065,0.06140461,-0.19127439,0.13756673,0.35517642,-0.2117347,-0.09451521,1.1551852
2021-02-04,-0.65645945,-0.50538903,-0.8153557,0.9438575,-0.87791806,-0.43832487,0.5326849,-0.108889714
2021-02-05,0.70335174,0.61159515,0.20688629,0.27563438,1.5313253,0.02652523,-0.19117647,1.1844862
2021-02-22,1.0869055,-0.14527415,-1.2425655,1.7074718,1.5466961,-0.7701052,-0.36174956,3.6730874
2021-02-23,-0.1905588,-0.96672827,-0.7731728,-0.04348954,-1.1998627,-0.25374672,0.09854281,-0.003971603
2021-02-24,-0.15298982,-0.0377949,-0.7976096,0.26088175,0.08258798,-0.6720475,0.037138503,1.8150544
2021-02-25,-0.123115085,0.067156255,-0.69240415,1.2387874,-0.35005167,0.24680133,-0.21604629,-0.77856475
2021-02-26,-0.73921084,-0.54691476,0.11459939,-0.92714465,-1.5639764,-0.17508799,0.84770846,-2.3312576
2021-03-01,0.49316987,1.0248053,-0.77869046,0.7812012,0.15716523,0.12521163,-0.6838483,-0.41922933
2021-03-02,-0.16356844,0.11498436,0.4012417,0.0021702792,0.13357104,0.7678707,-0.80231524,1.5524732
2021-03-03,-0.19720079,-0.34832853,-0.7237336,-0.17798984,-0.72567064,-0.7583919,0.6380957,-1.5173948
2021-03-04,-0.07750604,-1.0030218,-0.54240495,-0.8680629,-0.4601645,-0.8191813,1.2412783,-1.2905487
2021-03-05,0.14500198,-1.0413308,-0.9496033,0.41839954,0.12863159,-0.7583431,0.60478586,1.4013968
2021-03-08,-0.3993455,0.06258294,0.2690781,0.25868106,-0.49092326,0.38476908,-0.30867636,0.18833679
2021-03-09,0.1946534,0.80199766,0.95131963,-1.039316,0.74776906,0.29929653,-0.7100996,0.11126416
2021-03-10,0.82329065,0.78941804,-0.2312251,-0.095050454,1.0086421,-0.122457035,0.26276773,-0.48350525
2021-03-11,0.47495532,-0.33995607,-0.8721536,0.71200144,0.41693795,-0.37989146,0.13124768,1.3032756
2021-03-12,0.26210484,-0.14637135,-0.25828496,-0.091902964,0.13819881,-0.2879906,0.5108862,-0.4307177
2021-03-15,-0.14121836,0.6289689,0.561657,0.61437106,0.32082373,0.5917723,-0.84897906,0.5287374
2021-03-16,-0.39035663,-0.510182,0.4411173,-0.46834353,-0.6129457,0.24357261,-0.09582824,-0.10824526
2021-03-17,-0.14184469,0.51976115,-0.06000757,0.41822723,-0.2525138,0.37025,-0.48094508,-0.2641519
2021-03-18,0.23763523,1.1756402,0.9172633,-0.4475813,-0.17925663,1.4234269,-1.4901487,-1.2974799
2021-03-19,-0.033641547,-0.25313693,-0.72170746,0.0883565,-0.06803634,-0.33266616,0.032457266,0.8555099
2021-03-22,-0.10839778,-0.15447105,-0.867266,0.9233753,-0.6183052,-0.3128282,-0.014730709,0.29382014
2021-03-23,-0.6318981,-0.28336057,0.85821015,-0.66882145,-1.5158271,1.1857322,-0.8132279,-1.2195194
2021-03-24,0.17056663,-0.46843758,-0.8874133,0.20682272,0.8219471,-1.4901996,1.1495707,0.6169823
2021-03-25,-0.61032045,1.0620152,0.7574651,0.091048256,-0.80190283,0.8602259,-0.60502094,-2.0337992
2021-03-26,0.7316146,0.22023393,-0.74968445,1.0031185,1.4191751,-0.65933216,0.38273758,1.1772265
2021-03-29,-0.1978193,-0.1381699,-0.52201116,0.18450925,-0.50733626,-0.3807595,0.5490944,-0.7490438
2021-03-30,-0.50352675,0.47708994,-0.07117819,0.6504431,-0.7676947,-0.05835662,0.21742427,-2.1029074
2021-03-31,-0.02048353,-0.53118116,0.7528725,-1.5352776,0.033087302,0.20823294,-0.39291102,1.7031376
2021-04-01,0.7583612,0.8226443,-0.51347613,-0.34694383,1.2813095,-0.5792957,0.45089546,-0.72240496
2021-04-06,0.25709048,0.343774,0.5477019,0.87749165,0.45639262,1.0128319,-1.3063765,1.8632053
2021-04-07,-0.22012338,-0.43082932,0.08139822,-0.1404919,-0.3266463,-0.014461602,0.101037726,-0.34250695
2021-04-08,0.104682826,-0.6230406,0.15923646,-0.42353007,0.019435804,0.3610708,-0.5552399,1.4825333
2021-04-09,-0.19628303,-0.84503406,-0.004849019,-0.1563748,-0.6324245,0.016146732,0.42830873,-0.84592396
2021-04-12,-0.49010658,0.33357307,-0.0694737,0.15573524,-0.46386838,-0.441359,0.5867247,-1.7185256
2021-04-13,0.072287075,-0.5303008,-0.045939807,-0.48694423,0.1491241,0.046710737,-0.17628919,1.2823088
2021-04-14,0.15342817,-1.1639215,-0.8614688,0.3960682,0.3466482,-0.7791786,0.8089855,2.016639
2021-04-15,0.54160553,0.32906234,0.2183201,0.177012,0.9555243,0.27882224,-0.41261178,1.3661258
2021-04-16,-0.17305468,-0.18462048,0.41141635,-0.2190089,-0.0342229,-0.07315307,-0.027594088,0.20916462
2021-04-19,-0.44626158,-0.010940478,-0.2342679,0.21360774,-0.6739758,-0.20870067,0.04256066,0.29965433
2021-04-20,-0.3757944,-1.3392031,0.47412658,-0.78519464,-0.92453027,0.5002069,-0.40093976,0.7239221
2021-04-21,0.055700865,-0.2620452,0.7016439,-0.7989434,0.18166184,0.7776172,-0.78423035,1.6205753
2021-04-22,-0.68730175,-1.6624926,0.17727026,-0.86092496,-1.1588162,0.004422293,0.122971185,1.065463
2021-04-23,0.21733509,-0.15242422,-0.28291667,0.31387666,0.1578683,-0.006010496,-0.032529436,1.1177957
2021-04-26,-0.26526475,-0.87608373,0.13196826,-0.045641165,-0.45732197,0.6744023,-0.5996711,2.2119293
2021-04-27,0.08525778,-0.7901655,-0.33319828,0.42765275,0.08562728,-0.14631313,0.14314528,1.1346556
2021-04-28,-0.67690784,0.4427535,-0.7161862,0.4886899,-0.4063825,-1.2060579,0.73877275,-0.009282588
2021-04-29,0.011846115,0.12071127,-0.2210908,-0.037502754,0.41983142,-0.499703,0.57762694,-0.7407987
2021-04-30,-0.5658978,-1.0882596,0.6508787,-0.8432238,-1.0674739,0.5444622,-0.47525665,0.9373063
2021-05-06,0.45029512,0.3934216,0.65314674,-0.35006446,1.4513376,0.024805589,-0.35577002,2.4984608
2021-05-07,0.20718525,-0.04670332,-0.3111471,0.505821,0.17897558,0.15457888,-0.46868938,1.364485
2021-05-10,0.64400095,0.8928385,-0.32075956,0.024691632,0.86435705,-0.23390137,0.2652477,-1.1624094
2021-05-11,-0.12841147,-1.0024884,-0.23871069,0.028522857,-0.37983912,0.028429303,0.1557373,0.72764534
2021-05-12,-0.41900647,-0.2783094,-0.5694351,0.2598012,-0.69122094,-0.8748887,0.6175005,-0.43488654
2021-05-13,-0.26111558,1.8634973,0.51334774,0.42581996,0.1533353,0.09316978,-0.05039407,-2.3314037
2021-05-14,0.2070277,1.119751,-0.23190106,0.7799828,0.79538643,-0.5184049,0.2597751,-0.2543705
2021-05-17,0.90810037,1.1489097,-0.16364358,0.78265744,1.4911689,-0.021732567,-0.22352484,0.5832698
2021-05-18,0.17769986,-0.4924988,-0.047662515,0.5396377,-0.06789985,0.5649274,-0.39054272,0.31624988
2021-05-19,-0.44407144,0.57206947,0.982222,-1.0485924,-0.5280953,0.5137611,-0.065481044,-2.4478567
2021-05-20,-0.047053825,0.44002932,0.40204862,-0.28990576,-0.2466566,0.7531934,-0.49698013,-0.60241073
2021-05-21,-0.06831213,-0.49899417,-0.7261856,0.014581832,-0.5347329,-0.68962485,0.61830217,-0.9539421
2021-05-24,0.22264381,0.3236948,-0.3606044,0.51383615,0.96293527,-0.99281603,0.625548,0.5545884
2021-05-25,0.52208436,0.93483657,-0.08319688,0.9669988,0.74042284,-0.095005505,-0.11954539,-0.19054748
2021-05-26,-0.7195823,0.8602764,0.3089724,0.4593831,0.27814117,-0.5334549,0.20562029,0.48998186
2021-05-27,-0.3623988,-1.1439431,-0.26504058,0.05106688,-0.5975458,0.3474764,-0.49733746,2.2543433
2021-05-28,0.026065925,0.6050416,0.20482524,0.68027115,0.36637476,0.18141158,-0.20771179,0.090814754
2021-06-01,0.45475537,-1.6281983,-0.04803567,-1.7936666,0.1814924,-0.5390718,0.83896697,0.85226583
2021-06-02,-0.12851588,-0.3451942,-0.5203067,0.44051445,-0.0069144815,-0.5864483,0.37196487,0.38052642
2021-06-03,-0.39434236,-0.16341788,-0.13974571,-0.3889783,-0.833404,-0.39489168,0.71051234,-2.0781977
2021-06-04,-0.15286377,-0.71837837,0.0037525855,-0.29194698,-0.06302591,0.2149387,-0.32889766,2.1362045
2021-06-07,0.25790992,0.85112315,0.27108258,-0.26363698,0.47773772,-0.09178573,-0.003964709,-0.8578636
2021-06-08,-0.11834319,-0.5400905,-0.6729139,0.454951,-0.32803792,-0.31327575,0.24776421,0.558423
2021-06-09,0.030470612,-0.25582474,0.04276192,0.020736467,0.046458643,0.069322936,-0.2086666,0.15442188
2021-06-10,0.14854094,-0.3684025,0.029620156,-0.39401913,0.22146617,-0.16617946,0.25008777,-0.2611968
2021-06-11,0.18298386,1.2173647,-0.30311787,1.0116619,0.3712992,0.04382718,-0.05789233,-0.82001543
2021-06-15,-0.24449575,1.0790325,-0.2898362,0.41771278,0.22198527,-0.60551476,0.5727003,-2.2106636
2021-06-16,0.20574388,0.57003736,0.10804201,0.22199163,0.54567325,0.11991791,-0.009063669,-0.4624597
2021-06-17,-0.7632101,0.8704858,0.26727012,0.71363074,-1.0797274,-0.06286351,0.08182662,-3.3477063
2021-06-18,-0.46718767,-1.7767895,0.0523313,-1.4746834,-0.9313992,-0.2226394,0.26133344,0.9111032
2021-06-21,0.04611619,-0.2738785,-0.30907214,0.1022469,0.3519861,-0.31330195,0.17629056,1.2853625
2021-06-22,0.09947402,0.6182107,-0.54020983,1.0483932,0.21236098,-0.2703894,-0.2674382,0.31350708
2021-06-23,0.27345687,-0.16875453,0.14527743,0.0529145,0.6266283,0.066153534,0.052079964,1.4891297
2021-06-24,0.26224887,0.30987316,-0.2800649,0.2576944,0.54350495,-0.01520289,0.3583412,-0.32647914
2021-06-25,0.03910535,1.2390708,0.0093607195,1.1939483,0.7573732,-0.10484169,-0.113563,-0.53700507
2021-06-28,-0.5924798,-1.4212772,0.5015478,-0.9465277,-1.0367631,0.47712827,-0.4895752,1.2474048
2021-06-29,-0.3318236,-1.101455,-0.7791108,0.574995,-0.7867003,-0.14742741,0.09317297,0.41510937
2021-06-30,-0.47368607,-1.3523707,0.49203172,-1.3159013,-0.58647627,-0.07131579,0.047322128,1.6189789
2021-07-01,0.21617545,-0.008154503,-0.39718905,-0.07734529,0.4327029,-0.7182227,0.5889936,-0.4729279
2021-07-02,0.50803256,0.8009644,-0.41621286,0.6525729,0.800609,-0.23854217,-0.012929899,0.2635585
2021-07-06,0.2574002,2.1896436,0.11603189,1.184098,0.615986,0.16510674,-0.45283788,-2.2271192
2021-07-07,0.099872716,0.02509766,0.32594272,-0.49039805,-0.44158816,0.75121564,-0.53811675,0.43311554
2021-07-08,0.10389008,-0.13779314,-0.21907562,-0.40592042,-0.08849113,-0.77179015,0.8497762,-0.72912955
2021-07-09,0.5928812,0.59453344,-0.43322986,0.7266611,1.1117189,-0.4213057,0.11453747,1.1545506
2021-07-12,-0.69943047,-1.1864742,0.44001696,-0.9895446,-0.90578485,0.13320784,-0.23962,1.1606858
2021-07-13,-0.045848448,-0.60732424,-0.63708496,0.2752978,0.05658862,-0.5661299,0.28510222,0.5072272
2021-07-14,-0.05803939,-0.29321545,0.87373376,-0.8323655,-0.27616763,0.74423647,-0.61507994,0.4915597
2021-07-15,0.82487124,1.8560435,-0.049249377,1.6027709,0.805803,0.5052097,-0.5633141,-0.71603894
2021-07-16,-0.3683057,-0.92858773,-0.20626006,0.4533988,-0.7538788,0.013637975,0.6096054,-0.046797197
2021-07-19,-1.0200113,0.5204879,1.220982,-0.57513815,-1.6028212,1.2542963,-0.769191,-2.4523706
2021-07-20,-0.45469895,-0.84564567,-0.01885657,0.20968258,-0.3429648,0.11272431,-0.028524918,1.64218
2021-07-21,0.059886083,-0.49548304,-0.5162283,0.42752975,0.6361119,-1.0749042,1.0455647,0.75047994
2021-07-22,0.10324885,0.5539364,-0.27251264,1.358994,0.85713047,-0.51919377,0.073125206,1.0041738
2021-07-23,0.26713234,0.38266918,-0.7138049,1.24607,0.18737888,-0.2066187,-0.083957374,-0.14182162
2021-07-26,0.21273951,-0.12415914,-0.4860045,0.8552597,-0.026045028,0.50922054,-0.6348572,1.6765084
2021-07-27,-0.115393445,-0.57745916,-0.12818158,-0.34605545,-0.6623859,-0.18671867,0.3954039,-1.0584066
2021-07-28,-0.29197675,-0.25439024,0.1171688,-0.30366746,0.07463574,-0.015571555,0.047349434,0.7983417
2021-07-29,0.3992901,0.41452298,0.13819498,-0.33945808,1.0975716,-0.3770562,-0.2825313,1.4032589
2021-07-30,-0.122350544,0.5578517,-0.6953971,0.85923934,-0.34352982,-0.48707563,0.1301065,-1.4490088
2021-08-02,0.14016089,-0.2996561,0.853754,-1.1544774,-0.46369502,1.3316473,-1.0257032,-0.21188323
2021-08-03,0.092716455,-0.08650565,-0.021604007,-0.14059609,-0.34593713,0.16280128,-0.028225658,-1.1566261
2021-08-04,-0.36778802,0.24822271,0.2350893,-0.09194617,-0.7835609,0.6535164,-0.41876942,-0.88286763
2021-08-05,0.16417825,-0.8246172,-0.48551494,0.32984656,0.08467751,-0.12760893,0.43306473,0.33910596
2021-08-06,-0.73325264,-1.2283686,-0.43785426,-0.09030808,-1.693665,-0.062719174,0.56253874,-0.63308084
2021-08-09,-0.69368726,-0.8021219,-0.31450802,0.37572497,-1.7272468,0.3322902,-0.039888203,-0.8115333
2021-08-10,0.69375503,-0.6004502,-0.73809516,0.66941255,0.5361117,-0.05319397,0.06178765,1.3697811
2021-08-11,0.6419188,0.9152417,-0.12946647,0.4760496,1.2249371,-0.102022484,-0.22729862,0.06673487
2021-08-12,-0.30740172,-1.1568958,0.29757294,-0.27623415,-0.7708902,0.19531877,-0.20795228,0.51167226
2021-08-13,0.6989289,0.0677071,0.38328448,-0.67465746,0.7071016,0.6494909,-0.64917594,0.69108087
2021-08-16,-0.7748294,1.0440612,0.69468075,0.8370972,0.24852231,0.37076357,-0.2280062,-0.928227
2021-08-17,0.14048962,-0.08379106,-0.26273632,-0.1314134,-0.34536135,0.15787795,-0.0052784635,-1.5306324
2021-08-18,-0.12576246,-0.61142635,0.037759624,-0.17779188,-0.8254615,0.44136953,-0.27665585,-0.7234245
2021-08-19,-0.59586215,0.9546178,0.6698931,0.20694934,-0.57185614,0.5266864,-0.29530534,-2.2086623
2021-08-20,0.08215573,1.7424552,0.22463122,0.94176465,0.28779235,0.4595979,-0.66531426,-0.6875353
2021-08-23,0.8358301,-0.20377992,-1.2558382,0.6055713,1.2989037,-1.1935011,0.478841,1.9360203
2021-08-24,0.40472156,-1.0070533,-1.009088,0.079625964,0.18019049,-0.49919102,0.4358478,1.4965278
2021-08-25,0.020760814,-0.9367329,-1.0380565,0.17944992,-0.3532953,-0.61695516,0.64310235,0.29155183
2021-08-26,-0.4829499,-0.46827036,0.2806142,-0.511266,-1.09084,0.3834528,-0.2014928,-0.23329791
2021-08-27,0.41018474,0.5853885,-0.034816325,0.27218422,1.0265623,-0.24741071,-0.2558263,1.5010536
2021-08-31,0.4042507,1.542953,-0.3870708,1.3943805,0.80577177,0.114242494,-0.33856478,-0.82095784
2021-09-01,-0.08756228,0.8365528,-0.7018518,1.1726972,-0.5115283,0.47538438,-0.8933264,-0.77632207
2021-09-02,0.27251494,-0.73992616,-1.0394993,0.58875984,-0.12790912,-0.7655306,0.53353137,0.46447548
2021-09-03,0.5987006,0.92794734,0.39617333,-0.42607784,0.9093681,0.38076222,-0.7090775,0.75030893
2021-09-07,-0.102095984,0.11930903,-0.6360494,1.2963754,-0.788373,0.62294275,-0.4911257,-1.269393
2021-09-08,-0.58548445,0.15852876,-0.8177894,1.1976547,-0.6896908,-0.71688455,0.039480973,-0.121598996
2021-09-09,0.16972661,1.3180273,-0.32574832,0.9337468,0.2376307,0.4610786,-0.7873986,-0.38923538
2021-09-10,0.3518681,-0.22968857,-1.2145557,0.6017743,0.015032864,-0.26405516,0.13879244,0.7655337
2021-09-13,0.115387775,-0.363093,-0.27516276,-0.41805515,-0.14084543,-0.41910943,0.60298795,-0.7550217
2021-09-14,0.31093454,-0.9324015,-0.29693696,-1.0532818,-0.44696477,0.053371698,0.048771624,-0.23600979
2021-09-15,-0.5828773,-1.4016087,-0.73894787,0.47493523,-0.8705175,-0.2773629,-0.07718864,1.9994249
2021-09-16,-0.7066845,-0.55118555,-0.5336775,1.0946048,-1.3805827,-0.10319681,0.1873473,-1.1032171
2021-09-17,0.009951288,0.435351,-0.35639867,0.59514195,-0.21188323,0.06744382,-0.15552695,-0.7543894
2021-09-22,0.7551169,0.9452795,0.46350455,-0.5431803,1.4090742,0.23449095,-0.7283148,0.69884586
2021-09-23,-0.03783679,-1.3317196,-1.0599475,0.8645619,-0.6146861,-0.32242253,0.40353027,0.6846226
2021-09-24,0.11123926,-0.16734242,-0.9546616,0.809439,-0.59275794,-0.3952168,-0.10241761,0.46355996
2021-09-27,-0.05726506,-0.345808,-0.7754504,-0.16713634,-0.3826165,-1.2361825,0.38146013,0.18780333
2021-09-28,-0.34949008,-0.03701121,-0.39666116,1.3300611,-0.4819339,0.055475265,-0.21706536,-0.487572
2021-09-29,-0.068889305,-1.4101053,-0.5755562,-0.071040854,-1.1671181,-0.12389588,0.35390323,-0.8179844
2021-10-11,1.501764,-0.11411044,-0.9541908,1.5729522,2.2571244,-0.93358785,0.1588049,2.5259094
2021-10-12,-0.16317569,0.7611426,0.15881675,0.9308661,0.32740146,0.010497095,0.054016564,-0.6785882
2021-10-13,0.9112167,1.473129,-0.174253,0.4223685,1.1960528,0.2806475,-0.5475979,0.34690762
2021-10-14,0.548742,0.3898985,-0.61269385,0.19927299,0.59333295,0.01947844,-0.22912814,1.4811949
2021-10-15,0.5918533,-0.7520453,-0.72664434,0.70319813,0.3677525,0.22307259,0.32412,0.7935738
2021-10-18,-0.5450041,-0.40921557,0.30008152,-0.46627507,-0.8369693,-0.1411412,-0.092905015,-0.42243448
2021-10-19,-0.29290897,0.22761877,0.70766944,-1.1709932,0.0311783,-0.51301515,0.07070821,-0.06718845
2021-10-20,0.04196202,-0.11142157,-0.24974157,-0.20037094,0.0756046,0.036567792,-0.37985462,1.79573
2021-10-21,0.12789027,-0.07958977,0.31538388,-1.5018783,-0.2155822,0.44352716,0.7297567,-2.4575484
2021-10-22,0.42397466,-0.44472012,0.05254393,-1.1136252,0.23369993,-0.18908487,0.29897925,0.07696079
2021-10-25,0.06010486,0.1039038,-0.69162387,0.33211803,-0.18928955,-0.03708341,-0.39203262,1.3489635
2021-10-26,-0.16811152,-1.167164,-0.70606405,-0.14230038,-1.086088,0.14633824,0.2694953,-0.70962805
2021-10-27,0.076624766,-0.7717009,0.1861506,-1.5422609,-0.96573883,0.5134499,-0.04842597,-1.1937261
2021-10-28,0.59245855,0.10158547,0.03856856,-0.38927147,0.39779142,0.4697098,-0.39045307,0.19467922
2021-10-29,-0.42154118,-0.67157274,-0.29052356,0.5376989,-0.7023566,-0.07669011,0.058406446,-0.14741524
2021-11-01,-0.017226944,0.07489657,0.5659361,-0.08889201,-0.074921384,1.3871831,-1.1964444,1.4236041
2021-11-02,-0.38527983,-0.29560775,-0.7786678,0.51225215,-1.0048438,-0.08273366,0.31278658,-0.8869826
2021-11-03,-0.7744705,0.25720987,0.44116244,0.65816104,-1.2040274,0.2531601,-0.29402223,-1.3181572
2021-11-04,0.29158267,1.1867759,0.9990599,-0.6302839,0.44446093,0.37630716,-0.6905715,-0.7675787
2021-11-05,0.89384633,0.41404733,-0.25782576,-0.024864191,1.407129,-0.5373086,0.35264024,-0.09739325
2021-11-08,0.5278795,0.84359556,0.057434935,0.47213697,1.3117566,-0.23511581,-0.10835084,0.538483
2021-11-09,0.38418487,-1.3850348,-0.08214671,-0.893053,0.10842168,-0.31563047,0.81146944,0.32134157
2021-11-10,0.04085168,-0.04132403,0.8951133,-1.0642359,-0.19212252,1.1315279,-1.1260631,0.584957
2021-11-11,-0.059420314,0.37875494,0.346193,0.32712623,0.5935922,0.33956417,-0.51202655,1.587452
2021-11-12,0.11999576,-0.42759404,0.6570501,-0.9634661,-0.14795631,1.0847706,-0.7538812,0.4315298
2021-11-15,-0.6494025,0.14417228,0.06659448,-0.17954598,-0.9201093,-0.14725491,0.048217736,-0.33825254
2021-11-16,-0.11548292,-0.43673265,-0.788357,0.46375555,-0.667535,-0.5386838,0.4587223,-0.58454037
2021-11-17,-0.16253181,-0.6464398,1.1914151,-0.7776743,-0.18697685,1.2954652,-0.91681993,0.51107514
2021-11-18,-0.2621015,0.44837004,-0.55834883,0.57383835,-0.21088707,-0.5600816,0.35413358,-0.5304113
2021-11-19,-0.42250836,0.8061707,0.51376134,0.7638349,-0.6452878,1.2003288,-1.2550361,0.33288777
2021-11-22,-0.2249555,-1.5755273,-1.0198059,0.7977583,-0.8751642,-0.3562351,0.59918994,0.31981105
2021-11-23,-0.53390944,-1.626324,-0.8581819,0.4619698,-1.0514065,-0.749458,0.9787027,0.22781654
2021-11-24,0.50702333,0.023970705,-0.6443996,0.9641583,0.029549833,0.28584325,-0.69617623,0.5326714
2021-11-26,-1.0615904,1.0032583,1.7864552,-0.98694086,-1.6436131,1.9582894,-1.4146264,-2.2155714
2021-11-29,0.84198064,0.39238986,-0.5479148,-0.027683156,1.131146,-0.6241589,0.6834382,-0.5475101
2021-11-30,-0.3092311,1.2877902,0.7421391,0.30976245,-0.44533527,0.9653433,-0.68403393,-2.3689578
2021-12-01,0.25095433,-0.47198725,0.020399354,-0.03241307,0.01002825,0.4177526,-0.24271995,-0.09621237
2021-12-02,0.0046201968,-1.3549522,-0.3583294,-0.83755696,-0.78681964,-0.12211125,0.42149684,0.22238201
2021-12-03,-0.17168495,-0.18720962,0.07053439,-0.19100639,-0.093632035,0.30069914,-0.4283936,0.94353133
2021-12-06,0.6659038,-0.9247813,-0.5145889,0.13110285,0.8715084,-0.7557576,1.0020561,0.47648388
2021-12-07,0.80329764,0.060800735,-0.74264383,0.2554469,1.3854611,-0.84364367,0.691391,0.60179156
2021-12-08,0.7968086,0.06896549,-0.92966324,0.6212882,0.3956201,0.08537609,0.009117303,0.021673124
2021-12-09,-0.17945889,-0.18710631,-0.46915,0.3222678,-0.9272954,0.25883302,-0.21298748,-1.2316915
2021-12-10,0.542682,-0.11436763,-0.5809355,-0.15552054,0.03114125,-0.15264069,-0.14510354,-0.35534483
2021-12-13,0.34688026,-0.019970339,-0.0040036207,0.38526878,0.18743134,0.56918466,-0.58372784,-0.25497693
2021-12-14,-0.7204912,-0.364644,0.12121297,0.15299037,-1.1605517,0.019446695,0.17700972,-0.8785548
2021-12-15,-0.034734547,-0.6290086,-0.6339806,-0.31904835,-0.887413,-0.4332124,0.2961258,-0.75044954
2021-12-16,0.8553891,0.30374765,-0.21723314,0.32772955,1.4229141,-0.112022266,-0.45390204,2.4649868
2021-12-17,-0.17340243,0.3608726,0.6844173,-0.33994249,-0.25494447,0.8497654,-0.9194563,-0.0882109
2021-12-20,-0.14787291,0.07652638,0.082872696,-0.5037988,-1.0277655,0.5471191,-0.47246757,-1.2252892
2021-12-21,0.49722993,-1.0137393,-1.3860815,0.8020963,0.38511127,-0.7482648,0.30226701,1.963352
2021-12-22,0.45545664,-0.08909768,-0.17569548,0.4606147,0.8411146,0.112678796,-0.3438479,2.2296226
2021-12-23,0.7444502,-0.49429858,-0.6732533,-0.15491301,0.405507,-0.22189951,-0.089589804,0.38350025
2021-12-29,0.7709637,-0.6671522,-2.073064,0.98687935,-0.57408786,-0.57777506,-0.35099646,0.4180354
2021-12-30,1.0863719,0.5443475,-0.16630688,-0.094160356,1.229285,0.1035696,-0.10508089,-0.7926185
2021-12-31,0.059465896,0.9907636,0.21475276,-0.06348952,-0.21930201,0.9082723,-1.0464272,0.058156583
2022-01-04,-0.35237306,-1.2272872,-0.68041134,0.0515852,-0.27077645,-0.63176566,0.7326466,1.5706351
2022-01-05,0.3518737,0.51184016,-0.5462981,0.16401893,0.6484012,-0.6135467,0.14055525,0.2769734
2022-01-06,-0.43688044,-0.75309247,-1.1639414,0.6625575,-1.2630147,-0.7057682,0.49316123,-1.0698875
2022-01-07,0.07557476,-0.17149511,-0.18042514,-0.22106875,-0.35813904,0.4402987,-0.47718516,0.7722198
2022-01-10,0.019171426,0.26198092,-0.30632433,0.24962412,-0.3144748,-0.04772416,-0.20476131,-1.0307436
2022-01-11,0.89061266,0.1169596,-1.0348285,0.56529516,0.99327266,-0.5401174,-0.08209292,1.8554399
2022-01-12,0.20666322,0.6198461,-0.77720565,0.3862913,0.18145087,-0.42362386,-0.14952448,1.2791991
2022-01-13,0.81133485,0.56798035,-0.15576313,0.03130397,0.7608037,0.03413112,-0.027108597,-1.3284118
2022-01-14,-0.346884,-0.6661765,-0.4893179,0.65435946,-0.20953718,-0.8063893,0.35165522,0.0363638
2022-01-18,0.25338435,-0.8954621,-0.25600114,0.21472862,0.31247103,-0.16783002,0.050725084,1.1855329
2022-01-19,0.62308073,-0.42917916,0.24619442,-0.5630582,0.7829763,0.36153316,-0.58193254,2.389838
2022-01-20,0.3634539,0.2768705,-0.3972403,0.34380004,0.0706627,0.51371795,-0.9172633,1.4518268
2022-01-21,-0.037066523,-0.5617582,-0.7732947,0.09935652,-1.0905503,0.054977,-0.053423144,-0.8305375
2022-01-24,-0.21324044,-0.6823572,0.36248344,-0.7632087,-0.98171407,0.545452,-0.13816155,-1.4076469
2022-01-25,0.24006483,-0.33351505,-0.46968484,0.09144723,0.5025144,-0.5695992,0.3459745,0.9816869
2022-01-26,0.64866716,-0.8676326,-1.691543,1.1482188,-0.45438224,-0.4993493,0.036117505,0.77299064
2022-01-27,-1.1134412,0.34616706,-1.0999227,1.0465493,-1.5649632,-1.0627642,0.5124391,-0.7809871
2022-01-28,0.6944843,-1.4697357,-0.15568422,-0.71477896,-0.1088572,0.32416397,0.13615295,-0.49762642
2022-02-07,0.8522169,-0.3193824,-0.8029495,-0.2566654,1.2697183,-0.7672252,0.25925288,2.4517868
2022-02-08,-0.06452113,0.27594393,0.8878049,-0.3005715,-0.12528205,1.0252656,-0.9351071,-0.1658406
2022-02-09,0.19968247,-0.5952503,-0.1542184,0.35794115,0.23578592,0.39455834,-0.34286097,1.817039
2022-02-10,0.59169847,0.8566109,-0.34030947,0.2163167,0.70745057,0.01637028,-0.015713647,-0.2914018
2022-02-11,0.25062752,-1.5129557,-0.59065956,-1.3390934,-0.60304403,-0.6440271,0.9058709,-0.7218946
2022-02-14,0.21969788,0.6065582,-0.52148014,0.14601818,0.73342156,-0.48115093,-0.1679045,0.7789961
2022-02-15,-0.34033945,0.7646435,-0.025515871,1.4754294,-1.2141901,0.52403593,-1.2247312,-0.6485241
2022-02-16,-0.1669635,0.45917886,-0.46892214,0.31341162,-0.09367387,-0.07508704,-0.7428476,1.7084502
2022-02-17,0.5115223,0.09673415,0.58961993,-0.57747257,-0.09545768,1.3879687,-1.5144427,0.33673277
2022-02-18,0.4756767,-0.92270833,-0.48979703,-0.5981526,-0.43109122,0.10390655,-0.13846275,-0.008216448
2022-02-22,-0.4757491,-0.98088044,-0.41681182,0.2367631,-0.62517494,-0.18467687,-0.35794675,1.954359
2022-02-23,0.53754395,-1.4061764,-0.44759616,-0.6927999,-0.8104661,0.43658626,-0.44978547,0.2839208
2022-02-24,0.65620923,-1.0336771,-0.89236146,0.0423114,0.45901382,-0.6372732,0.27087593,0.8287932
2022-02-25,-0.48886308,1.8530892,0.017917154,1.307865,-0.23692177,0.2956137,-0.15338135,-2.5385485
2022-02-28,0.12187783,-1.9218633,-0.34532326,-1.7184166,0.27844673,-1.0507911,1.0191634,1.4673699
2022-03-01,0.72683877,-1.0767552,-0.9307683,-0.5542752,1.2160774,-1.0697795,0.5484276,3.2444658
2022-03-02,0.82060313,-1.1884543,-1.645222,0.5004429,1.4231496,-2.311778,1.6699793,1.4651215
2022-03-03,0.09266591,-0.06150227,0.5301159,0.17197628,0.36432993,1.0301821,-0.765543,1.6293046
2022-03-04,1.0310439,0.17336483,-0.64727604,0.13488191,2.2162325,-1.5966755,1.3314971,2.0967293
2022-03-07,1.0054747,0.28146806,-1.4310665,1.1509058,0.4025294,-0.640756,-0.655355,2.1985576
2022-03-16,-1.7441392,1.0286354,1.7797117,-0.6813547,-2.2179363,1.9899516,-1.1473875,-2.8879983
2022-03-17,1.0715741,-0.96280324,-1.166793,-0.4419618,2.0722961,-1.9560186,1.8229871,1.9163684
2022-03-18,0.05554067,-0.36011016,-0.12502863,0.2182119,0.3380802,-0.41627824,0.9667962,-0.8401687
2022-03-21,0.4370413,-1.8737117,-0.896749,-0.28134283,0.8619313,-1.3692085,1.7251246,1.1924299
2022-03-22,-0.6184923,-0.63448036,0.0073899245,-0.19323194,-0.81461436,-0.5276661,0.7930504,-0.8690817
2022-03-23,0.76321024,-0.093765534,-1.3626823,1.3173194,1.100821,-0.96099186,-0.090534806,2.4507785
2022-03-24,0.22949837,1.5434142,0.39009765,0.15983318,0.5096217,0.40148187,-1.0417593,0.22339638
2022-03-25,-0.29898047,-1.3798513,-0.4104655,0.08006093,-1.029214,-0.1603207,0.20259476,-0.0010175125
2022-03-28,-0.41926774,0.7444528,0.79681104,0.06278864,-1.0988629,2.066726,-1.5119426,-1.6188006
2022-03-29,-0.35600108,0.6388597,0.26146498,-0.2139573,-0.63724774,0.26247057,0.29492065,-2.418199
2022-03-30,-0.6135282,1.0310904,0.59684247,-0.050585207,0.75200295,-0.6992941,0.06710883,1.9370728
2022-03-31,0.13909142,0.5936103,1.1132014,-1.0414337,-0.018090248,1.4725575,-0.81730443,-1.3572015
2022-04-01,-0.08364911,0.40481505,-0.2989431,1.2026371,-0.7154517,0.65066093,-0.3581718,-0.83275986
2022-04-06,-0.83107644,-1.2615337,0.7305245,-0.9624061,-1.5785793,0.37660176,-0.4306849,0.5743921
2022-04-07,-0.43288913,0.16337602,0.5999774,-0.82482195,-0.6529334,0.48276743,-0.61887395,0.02549771
2022-04-08,0.55974466,-1.3957361,-0.27014786,-0.64692336,0.380685,-0.24798067,0.58182365,1.4785004
2022-04-11,-0.29616663,0.03267857,1.2031198,-0.8580436,-0.30245274,0.46869266,0.009770316,-0.8661622
2022-04-12,0.84138995,-0.4839921,-0.96310544,-0.19472785,1.3209629,-1.4004247,0.7566843,1.504201
2022-04-13,0.6336893,-0.3912962,-1.1071627,0.048082415,0.83006996,-1.2300526,0.78981125,1.039374
2022-04-14,-0.2661696,-0.2326166,-0.9587668,0.7656632,0.22242692,-1.3539493,1.0086595,0.5179592
2022-04-19,-0.6340368,-0.34369898,0.06764516,0.3258858,-1.6363057,0.60756445,-1.1189616,0.45964563
2022-04-20,-0.04924863,-0.8841491,-0.17359243,-0.870242,0.021866031,-0.541613,0.7405014,-0.15953252
2022-04-21,-0.12907256,0.07235336,-0.48594904,1.1429977,-0.27532846,-0.015377315,0.062235538,-0.1771746
2022-04-22,-0.23302826,-0.58639103,-0.013973123,-0.44040328,-0.8069144,-0.13178903,0.4772545,-1.6234666
2022-04-25,-0.7363275,-0.4227073,0.4029536,-1.3462956,-1.260655,-0.28018028,0.8837423,-2.167571
2022-04-26,0.33588755,-0.7208874,-0.9932773,0.004615855,0.8061906,-1.3170923,1.4052534,0.878117
2022-04-27,0.24465288,-0.9372898,-1.148987,0.47406256,-0.07487593,-0.749442,0.6979014,0.5842584
2022-04-28,0.44200462,-1.1314536,-0.39383304,-0.8335436,0.80614275,-1.2064805,1.5334843,0.01235542
2022-04-29,-0.012697133,1.0424441,0.48402435,-0.16231167,0.44828475,0.29320377,-0.35027575,-0.14472112
2022-05-05,-0.31830552,0.0744736,0.9479701,-1.4888952,-0.75100887,-0.47900352,0.57720333,-1.4814544
2022-05-06,0.19160788,-0.24520119,0.25822607,-0.64404416,-0.049434636,-0.30166104,0.34250385,-1.3938171
2022-05-09,-0.37752593,0.12323895,0.8250221,-1.0830213,-0.8236801,0.9136428,0.12668991,-2.8602662
2022-05-10,-0.586442,-0.20117082,-0.06885016,0.09369076,-0.8475509,0.045428757,0.21810633,-0.12913014
2022-05-11,0.32978123,-0.40373808,-0.10432668,-0.38529724,1.0356686,-0.40360165,0.4943651,1.9786775
2022-05-12,-0.71315134,-1.6428487,-0.19865035,-0.45963514,-1.6834571,-0.36626953,0.6969468,-0.9526307
2022-05-13,-0.07597363,-0.3821581,-0.56897855,0.49660724,0.124031715,-0.6385773,0.5520212,0.68374074
2022-05-16,0.2615288,-0.8533105,0.16971457,0.9800613,0.32254913,0.15864201,-0.3563363,0.9841301
2022-05-17,0.089655824,0.49148878,0.2963685,0.21461952,0.0953589,1.0063035,-0.8149308,0.9269547
2022-05-18,-0.33305043,1.269801,0.6443098,-0.12418165,-0.38374192,0.526336,-0.3701417,-2.2392094
2022-05-19,0.4489362,0.8432928,-0.38615173,0.79490924,1.107333,-0.24017364,-0.39163533,1.8526918
2022-05-20,-0.05173479,0.1288278,-0.41295245,0.5020349,-0.077629864,-0.2592503,0.1585953,-0.407462
2022-05-23,-0.06474729,0.37042156,-0.038946036,0.64365894,-0.093103915,0.15037294,-0.50771546,0.70618176
2022-05-24,0.43216753,0.67094463,0.104820505,-0.3552502,0.63367754,-0.21444555,0.27269095,-0.9262939
2022-05-25,0.41058505,-1.0338095,-0.8891875,0.4287634,-0.74909776,-0.029969562,-0.012624433,-0.7193955
2022-05-26,-0.04142519,-0.3828681,-0.6331946,0.17219886,0.16960803,-0.8236695,0.6929315,0.9018983
2022-05-27,0.56113654,-0.22246024,-0.59128153,0.6718129,0.4919909,-0.021800524,-0.11750407,0.8971428
2022-05-31,0.701414,1.3890308,-0.30274153,0.64866084,1.2627279,-0.66271627,0.80253774,-1.163527
2022-06-01,0.2390961,0.85375315,-0.17047666,0.4326859,0.18271725,0.4629927,-0.33546257,-0.11160455
2022-06-06,0.30210766,-0.4531441,-1.0284934,0.48088267,0.6454337,-0.996472,0.48329285,2.273846
2022-06-07,-0.2097145,-0.07787829,-0.027193474,-0.860649,-0.5386493,-0.08336216,-0.17644116,-0.23621015
2022-06-08,0.34348747,-0.85886395,-0.39822376,-0.079222694,0.21165872,-0.18422034,0.14613868,0.5716035
2022-06-09,-0.31054536,-1.4642125,-0.2933307,-0.41819766,-0.876978,-0.47432438,0.7789251,-0.28306457
2022-06-10,0.19653344,0.49032015,0.5876561,-1.3457489,0.16280511,0.08451311,0.11037663,-1.459222
2022-06-13,-0.66125625,-0.48087195,0.15524504,-0.28023326,-1.4426295,0.17277601,0.338838,-2.301622
2022-06-14,0.2709145,-0.6909121,0.11554705,-0.5101876,-0.043855637,0.37029308,0.4704103,-1.446914
2022-06-15,-0.08478161,0.9226328,-0.0014480762,0.5733082,0.45178956,0.22115992,-0.60922164,0.7688674
2022-06-16,0.37490252,-0.45220873,0.67455864,-1.6291595,0.42568672,0.014947123,0.03479918,0.2672081
2022-06-17,-0.39282772,0.5588938,0.78609633,0.017196218,-0.8557997,1.1836019,-0.9010774,-1.8646306
2022-06-21,0.25582996,1.3231214,-0.40989137,1.4174345,0.83883506,-0.12524971,-0.18908645,-0.108331695
2022-06-22,-0.49658936,-0.16136344,0.71318775,-0.46661457,-0.65261394,0.28359607,0.24293314,-1.9106967
2022-06-23,0.011025252,0.8268463,0.51106524,-0.39755294,0.26403788,0.14034854,0.31374285,-2.7940235
2022-06-24,-0.46697363,0.21101606,-0.0132645685,-0.6371301,-0.21477535,-0.6451842,0.9330051,-1.5990639
2022-06-27,-0.45702022,0.72191596,-0.05436217,0.11545,-0.36865082,0.04455596,-0.3086816,0.14623152
2022-06-28,-0.22456001,-0.9308119,-0.26255888,-0.36287525,-0.66452765,-0.059381917,0.16280563,0.5814617
2022-06-29,0.51660806,-0.83552086,0.06553213,0.22948651,-0.7923941,1.2144845,-1.267819,0.38267773
2022-06-30,-0.30040097,0.31192404,0.9841381,-0.407705,-0.48819596,0.71013784,-0.048048083,-2.4282048
2022-07-01,-0.4316886,0.69907093,-0.2143648,-0.16760072,-0.11958036,-1.0203276,0.9091627,-2.129925
2022-07-05,-0.80735445,1.0881681,1.0606447,0.15271315,-1.1511174,1.112744,-0.6999963,-3.079345
2022-07-06,-0.70247734,0.11550742,0.4755575,-0.07950075,-0.911998,1.0983819,-0.5651582,-0.85331875
2022-07-07,0.71959084,-0.68244404,-1.2985827,0.808383,0.9045626,-1.1271725,0.6425027,2.5386276
2022-07-08,-0.029774478,-1.784523,0.44725525,-1.3490263,-0.3107661,-0.035165895,0.24686444,1.2871081
2022-07-11,-0.167147,-0.27427876,-0.9675583,-0.4223395,-0.52264094,-0.84562254,0.8520267,-0.89001554
2022-07-12,-0.10459317,1.4112978,0.5642321,0.61330765,-0.22677287,0.6079122,-0.5513332,-2.8271682
2022-07-13,-0.48425877,0.6380029,0.8097982,-0.34958857,-0.116635464,0.40630558,-0.5936405,0.096554294
2022-07-14,-0.5004605,-0.02138015,0.060280018,-0.45247298,-0.99394554,-0.10796015,0.72995555,-2.6495378
2022-07-15,0.2688579,1.7949497,0.025501084,2.1213055,0.7573318,-0.065872006,-0.2737852,-1.0740471
2022-07-18,0.03072493,-0.22111696,-0.217709,0.36550438,0.38829035,0.14080533,-0.5368508,3.0162547
2022-07-19,0.12570196,0.5696686,0.24227455,-0.5788263,0.24640875,-0.39960888,0.37846467,-1.5630053
2022-07-20,-0.22809534,1.0481025,-0.2691372,1.4807427,-0.14989622,-0.07492799,-0.5146939,-0.10567573
2022-07-21,-0.20163247,1.5616859,0.94134706,0.033818055,-0.0052916245,0.6831443,-1.0161127,-1.2059523
2022-07-22,0.30007714,1.261796,-0.5925135,1.0718942,0.119766384,-0.10987794,-0.7452402,0.30082133
2022-07-25,-0.20378199,-1.1060565,-0.40669024,-0.8890876,-0.69590485,-0.48589808,0.7869256,0.17472692
2022-07-26,-0.18333142,-1.3226973,0.15523373,-0.75475246,-0.5593308,0.30785948,-0.16349103,1.5363418
2022-07-27,0.82777286,-0.82172996,-0.8768612,0.056557953,0.4166605,-0.39658862,0.3787335,0.96977705
2022-07-28,0.6269772,-0.44563854,0.626857,-1.0932374,0.7949937,0.5441321,-0.6406181,1.9949977
2022-07-29,0.41729745,0.65021145,-0.41461784,0.7019938,0.4964971,0.013695391,-0.89943993,2.0076687
2022-08-01,-0.3419802,1.2068996,1.3386796,-0.5022214,-0.81231165,1.9442451,-1.6596197,-1.3154026
2022-08-02,0.69634795,0.45377633,0.04599662,-0.24429373,0.6925683,0.012586579,0.26716504,-1.5803378
2022-08-03,-0.88900316,-0.070051275,0.19658943,0.4218139,-1.2886773,0.50920296,-0.21225505,-0.7841149
2022-08-04,0.018587252,0.03513409,0.73675615,-0.22181888,-0.14128093,1.3288692,-1.1406267,1.6191831
2022-08-05,-0.088672325,-0.32557932,-0.5455999,0.4832121,-0.5876269,0.21242562,-0.23846543,0.4102906
2022-08-08,0.48814702,0.2784272,0.6595925,-0.7885101,1.1059699,0.100634806,-0.34612712,0.56861377
2022-08-09,0.084657095,-0.96484977,-0.7827121,0.21912748,0.099303395,-0.5390982,0.56634516,1.4954194
2022-08-10,0.28261432,-0.37146032,-0.47515777,0.46623963,0.3533206,-0.19772638,-0.025008177,1.6661406
2022-08-11,-0.13376392,-0.51170844,-0.73798406,0.67935187,-0.33426508,-0.3033832,-0.12376245,1.7408293
2022-08-12,0.28891838,-0.28978908,0.57214606,-0.9725115,0.36762902,-0.21250965,0.43450034,-0.48606926
2022-08-15,0.20443109,0.7711593,0.57724094,-0.37143514,0.4280015,0.41692758,0.24996078,-2.6616569
2022-08-16,0.2080722,1.2310994,-0.5320755,1.2527531,0.1583895,0.38227028,-0.46772832,-0.9324862
2022-08-17,-0.45328042,-0.46803862,-0.48630154,-0.20935285,-0.3001027,-1.1623236,0.96269894,-0.7124858
2022-08-18,-0.09008868,0.43741414,-0.7781895,0.20085068,0.17327066,-1.1168466,0.9838037,-0.62762743
2022-08-19,-0.2096493,-1.2678959,-0.4822406,0.33876258,-0.8507062,-0.12599374,0.25359643,0.66474205
2022-08-22,-0.9458824,-0.9302545,-0.020278566,-0.028342295,-1.2993779,0.07549899,0.055957522,0.69529384
2022-08-23,0.11051452,-1.3303808,-0.018769225,-1.0381964,0.2877194,-0.3842831,0.4094978,1.4607468
2022-08-24,-0.24495396,-0.892325,-0.056072697,0.031987414,-0.0391604,-0.16483139,0.6552399,0.2975358
2022-08-25,0.2997295,1.2325379,0.0820561,0.6589958,0.48202094,0.34310785,-0.6685154,0.03927499
2022-08-26,-0.39431703,-1.782998,-0.58104926,0.14953583,-0.8077928,-0.3277298,0.6294514,0.9673656
2022-08-30,-0.6038502,-0.28376952,0.72434497,-0.5385589,-1.388137,0.5376131,-0.25650102,-2.2892284
2022-08-31,-0.57053816,-0.2953431,0.46084708,-0.33328164,-1.2627748,0.5559828,-0.2729354,-0.61722
2022-09-01,-0.8484943,1.1053002,1.0504531,-0.30173478,-0.84178793,0.54516304,-0.09757068,-3.2315886
2022-09-02,0.17069064,-0.8555883,0.15053333,-1.4320073,0.36075374,-0.53324056,0.41871363,0.7319178
2022-09-06,0.54060847,0.1320138,0.1204177,-0.0071077324,0.29247302,0.408951,-0.38520196,-0.021116177
2022-09-07,0.091887094,0.6472878,1.3834578,-1.0520147,0.4011803,0.9020734,-0.6896149,-0.63273036
2022-09-08,0.077008486,0.70428026,-0.17252138,0.39377758,0.38445464,-0.1366581,-0.2807916,1.0333005
2022-09-09,0.036900338,-0.8368301,-0.42177293,-0.11699465,0.12805057,-0.16660616,-0.10210653,2.288186
2022-09-13,-0.07351049,-0.23712876,-0.10687185,-0.23313884,-0.2256991,0.3388643,-0.58996475,1.3988116
2022-09-14,0.078597225,0.7474357,0.24823867,-0.26489374,-0.03486473,0.16112314,-0.102502145,-0.9863279
2022-09-15,-0.71603006,1.1564357,0.47100422,1.5188451,-0.64533883,0.6960231,-0.61901534,-2.109576
2022-09-16,0.6066708,-0.0338667,-0.17261405,-0.70440775,0.18052141,0.085708916,-0.10058223,0.033723794
2022-09-19,0.03936473,0.31529236,-0.33057722,0.092018805,0.48876873,-0.6089763,0.6933861,-0.14823963
2022-09-20,-0.30703303,-1.3266212,0.2859549,-0.6777713,-0.5394757,0.31234133,0.09393832,0.77745694
2022-09-21,0.3727807,0.21921083,0.21327609,-0.5345749,0.2703681,-0.053376008,0.022830347,-0.7770791
2022-09-22,0.42238453,-1.0171808,0.0020366043,-0.16986811,0.5992715,-0.14233206,0.42558265,0.36465055
2022-09-23,-0.9764225,0.31441364,0.8804272,-0.31273293,-1.4657861,0.82082206,0.027864847,-3.2160418
2022-09-26,-0.6782755,0.24584289,0.55396736,-0.29058477,-0.90793806,0.47303155,0.30202726,-2.361274
2022-09-27,0.4633304,-0.7447846,-0.62546146,-0.41748986,0.406017,-1.014529,0.96669906,-0.13888243
2022-09-28,0.939222,-0.27296665,-0.3097707,-0.27555773,1.6216154,-0.99167055,0.63064253,1.6864735
2022-09-29,-0.061159514,0.3805487,-0.044816725,1.0178459,0.03958739,0.55092806,-0.929357,0.74225664
2022-10-10,1.5741974,-1.5447706,-1.665701,0.1000807,2.051738,-2.0255172,1.2366878,2.3373988
2022-10-11,0.17316087,0.5483352,0.015567878,-0.09996962,-0.24450463,0.7059667,-0.68887043,-0.697167
2022-10-12,-0.59784794,0.13157523,-0.28915247,0.6486052,-0.5282539,-0.039762698,0.10642502,-0.828443
2022-10-13,0.059873216,-0.0021961578,-0.5960141,0.17730083,0.11948149,-0.32578287,0.015675865,0.5680949
2022-10-14,-0.25979427,0.0626874,-0.27544597,0.74364424,-1.0611726,0.80922097,-0.29687923,-1.8331536
2022-10-17,0.89852,0.4578418,0.47875103,-1.2717326,1.4229035,0.042382296,0.4073966,-0.67259127
2022-10-18,-0.14311019,-0.21462144,0.22114123,-0.22994193,-0.7736051,0.59327734,-0.39710668,-0.7717009
2022-10-19,-0.18889022,-0.72116727,-0.748505,0.20376496,-0.72843397,-0.32381484,0.57461286,-0.8199531
2022-10-20,0.2743709,0.75502276,0.29291594,0.09105309,0.57629454,0.56179935,-0.73539495,1.3330046
2022-10-21,0.8097173,0.17659958,0.20442861,-0.7654924,0.8111308,0.24162915,-0.55116886,0.6372999
2022-10-24,0.017088283,0.52583885,-0.6467967,0.5717134,0.19010875,-0.54701024,0.39129865,-0.6570417
2022-10-25,-0.10346501,-0.2854995,-0.59912384,-0.013908235,0.06099244,-0.7550863,0.3366335,0.33943725
2022-10-26,1.0047091,0.43688244,-1.1339505,1.138452,0.9894447,-0.27619097,-0.4303908,1.4198639
2022-10-27,0.57658225,-0.18723264,-0.29104084,-0.82763255,0.7902158,-0.49084923,1.00145,-1.0121644
2022-10-28,-0.767764,-0.11455805,-0.32273513,-0.5081833,-1.1570104,-0.89324504,0.82325345,-1.6669543
2022-10-31,-1.4188899,-0.6164984,1.4147725,-0.594513,-1.7516452,0.56589466,-0.69583493,0.32719272
2022-11-01,0.09943821,0.3841902,0.67905307,0.05210757,-0.49968,1.5321964,-1.8193351,1.3230861
2022-11-02,0.1452085,-0.0074203555,-0.9492264,1.1263366,0.11219915,-0.8226407,0.31006938,0.5640544
2022-11-03,0.20550959,-0.796703,-0.58444285,-0.15693378,-0.1732239,-0.31357768,0.55889916,-1.0542446
2022-11-04,0.5855748,0.582216,-0.29530028,0.7098116,1.3130811,-0.11606426,-0.71112204,3.159511
2022-11-07,-0.0097611295,0.6630867,0.24484378,-0.08262765,-0.3134395,0.49913388,-0.77061474,-0.32703415
2022-11-08,0.9697016,0.8326395,0.7427193,-0.5234225,1.2017413,0.9852391,-0.97258043,0.10437862
2022-11-09,-0.45006803,0.02101967,0.88243884,-0.6044864,-1.1049652,1.1119225,-0.8210125,-0.76846343
2022-11-10,0.70058644,1.4750637,0.24511239,0.21090177,1.1514578,0.3739422,-0.8047669,1.1104008
2022-11-11,0.3753738,-0.058638558,-0.31690216,1.1189374,0.45820928,0.2138285,-0.7897496,1.8925682
2022-11-14,-0.033280514,0.658746,0.4043349,0.38990623,0.049839336,0.8667522,-0.9361638,0.050397065
2022-11-15,0.40846935,-1.0356933,-0.49703068,-0.81628597,-0.23588653,-0.35329217,0.59646946,-0.17116018
2022-11-16,-0.18921843,0.23542304,0.57718,-0.48558977,-0.07820432,0.09644317,0.319553,-1.8791305
2022-11-17,-0.7392993,0.0789796,0.6384269,-0.660042,-1.1490483,0.44433987,0.19294102,-2.548332
2022-11-18,-0.23044652,-0.28982592,0.20020561,0.11036804,-0.21824048,0.64662415,-0.26310837,-0.16841877
2022-11-21,-0.79709584,-0.084079824,0.42852852,-0.6269668,-0.9027909,-0.27538937,0.4360705,-0.88984656
2022-11-22,0.37873027,0.34534812,-0.57368743,1.0019186,0.71208984,-0.3621593,-0.102307916,1.1462979
2022-11-23,-0.50387084,0.4952369,0.720305,-0.3636409,-0.8783515,0.80931437,-0.9767062,0.26008305
2022-11-25,-0.50033146,0.2741289,1.4015906,-0.724538,-0.35682556,0.769667,-0.44217563,-0.65702444
2022-11-28,0.05836968,-0.36748025,-0.13684532,-0.5285386,-0.1441264,-0.046055287,0.5446537,-0.5976335
2022-11-29,0.0056738732,0.42603976,-0.2034154,0.48802677,0.42504844,-0.21274015,-0.17456907,1.3177676
2022-11-30,0.90078104,0.10332016,-0.7202357,1.197121,1.4941763,-0.51401174,0.13833763,1.8315722
2022-12-01,0.78146136,1.8010815,0.67628145,-0.015229448,1.612541,0.123403296,-0.3965355,-0.5289064
2022-12-02,-0.039384667,1.2221237,0.33527392,0.38803005,0.15541978,0.77270347,-0.8507979,-0.5410788
2022-12-05,-0.037002154,-0.016231064,0.28148866,0.23146158,-0.7103463,1.1467357,-0.38698944,-1.9361036
2022-12-06,-0.40818703,0.6728128,0.9595819,-0.23997883,-0.7387436,1.3265378,-1.1622064,-0.38568974
2022-12-07,-0.026095012,0.87737364,0.7406098,-0.25702307,-0.40251684,1.304294,-1.3990053,0.5295345
2022-12-08,-0.063687615,-0.07144107,0.043687794,-0.20012842,0.2189841,0.31550756,0.04259398,0.24989067
2022-12-09,0.18108334,0.7585764,0.5141433,-0.2953217,0.6578182,0.041980084,-0.17159435,0.11677998
2022-12-12,-0.6371849,-1.3166058,-0.68920434,0.14885834,-0.8334724,-0.81143206,1.0267678,0.040301565
2022-12-13,0.724944,-0.3796734,-0.54098254,0.17255287,1.3871572,-0.9797364,0.65712225,1.8771423
2022-12-14,0.52763695,-0.5175919,-0.47965294,-0.1847923,1.0618682,-1.1023444,1.1766497,0.18707453
2022-12-15,-0.9342471,-0.48832476,0.09630464,-0.53836566,-1.49235,-0.09221502,0.68717825,-1.6648929
2022-12-16,-0.26677227,0.45890778,0.93678564,-0.6727316,-0.5552735,0.6675813,-0.90987825,-0.9066863
2022-12-19,0.5383751,-0.5789276,-0.015359971,-0.12385594,0.19427468,0.09898953,0.15937646,-0.6077266
2022-12-20,0.7777053,-0.034115233,0.71988904,-0.79367155,1.2634931,0.5490219,-0.5946812,1.58255
2022-12-21,-0.18088572,-0.87433195,-0.5134125,0.099886246,-0.14131567,-0.9269157,0.52617615,0.8063587
2022-12-22,-0.43885574,-0.5847826,0.10887543,-0.069359526,-0.70938206,0.20142102,0.41300213,-1.5059245
2022-12-23,0.58667606,-0.02858233,-0.24364628,-0.28236923,1.4236836,-0.9036517,0.9007167,1.3802665
2022-12-28,-0.56673604,0.24371047,0.6260777,-0.5893751,0.17545214,-0.43623176,0.16146632,0.87052786
2022-12-29,0.49802542,0.7599829,0.795732,-0.791878,1.2640448,0.3787009,-0.3693423,0.15001251
2022-12-30,0.49977928,-0.21186985,-0.026057841,-0.76186466,0.77776843,-1.0119377,1.1066122,-0.31498086
2023-01-03,0.48517784,0.6600975,0.8868377,-0.4573029,-0.088092186,1.5334328,-1.5043163,-0.99247396
2023-01-04,-0.5527335,1.3114156,1.0417936,-0.4789846,-0.55131197,1.0493349,-0.7304422,-1.769825
2023-01-05,0.10486779,-0.6403747,-0.0726722,-0.04057486,-0.06787238,-0.29428354,0.7949021,-0.8152752
2023-01-06,0.38047263,0.8591687,0.46305585,-0.3613059,1.0985944,-0.044621,-0.32883617,1.6089972
2023-01-09,0.36669782,0.36339188,-0.5116017,1.3716236,0.91919297,-0.09097862,-0.2836505,1.1761945
2023-01-10,0.16006598,-0.16861632,-0.15407854,0.15264723,0.5554622,-0.44588432,0.54419386,-0.48365155
2023-01-11,0.39358744,-0.0281318,-0.8928523,0.58816767,0.718492,-0.7624688,0.66131294,0.41239265
2023-01-12,0.26411033,-0.4916672,0.25222403,-0.82129425,0.6023693,0.08986281,-0.023580078,1.1990736
2023-01-13,0.80317247,-0.5239661,-0.13381614,-0.082267374,1.0899447,0.02394044,0.13402234,0.72493505
2023-01-17,-0.9780541,-0.5988732,0.05063438,0.59106404,-0.9272269,-0.41810256,0.23647374,0.32965156
2023-01-18,0.5131135,0.15954821,-0.475159,1.2236447,0.3315888,0.3443398,-0.29844803,0.15426451
2023-01-30,0.0011349284,-0.39365575,1.4291614,-0.53134596,0.1589644,1.9091438,-1.2303337,0.71356076
2023-01-31,-0.11472039,-0.2843231,0.06378145,0.3416049,0.3060167,0.21996792,-0.045184758,1.3232425
2023-02-01,-0.41142997,0.20972025,1.1207368,-0.9556568,-0.71415466,1.0547769,-0.47059193,-1.9907922
2023-02-02,-0.22576891,0.29878914,0.42120495,0.045171916,-0.20709656,0.7400807,-0.5240207,0.44386998
2023-02-03,-1.213391,-0.23973873,0.43681708,-0.19047436,-1.9798313,0.3716148,0.268758,-2.4007442
2023-02-06,-0.24285722,-0.22893041,0.24389203,-0.9692158,-0.37171358,-0.68453246,0.6233823,-1.1120154
2023-02-07,0.38988873,-0.5043333,-1.0103269,0.44316876,0.687413,-1.371436,1.1820086,1.0455287
2023-02-08,0.3736613,-0.62998354,0.39548302,-0.92640954,0.3620534,0.20100512,0.20589346,-0.117148936
2023-02-09,-0.24748796,0.93242973,-0.05078198,0.92697656,-0.3928611,0.5179935,-0.5845058,-0.42081302
2023-02-10,-0.23951,-1.5227717,0.062081847,-1.3856627,-0.5051259,-0.70789766,0.9605313,-0.14376545
2023-02-13,0.19992127,-0.31674773,-0.4301263,0.29213154,0.076643,-0.116374314,0.48588318,-0.026041523
2023-02-14,-0.4042904,-0.12743817,0.09575931,0.3158338,-0.3798274,0.15363032,0.024837954,0.04833739
2023-02-15,-0.49208072,-0.10139162,-0.06356197,0.29012415,-1.1994988,-0.27434424,-0.11921152,-1.356313
2023-02-16,-0.10308497,0.56635135,0.63937235,0.061764408,0.19537938,0.65285385,-0.6261273,0.9040891
2023-02-17,-0.40378293,-0.21853735,1.096531,-0.41855732,-0.27765796,1.0895205,-0.51698756,-0.32181218
2023-02-21,0.3691785,0.07517411,-0.009388061,0.7837604,0.8329309,0.2464222,-0.44883454,2.0054202
2023-02-22,-1.2094111,1.0596539,1.4094367,-0.4922216,0.044395972,-0.16833791,0.3122093,-0.095032305
2023-02-23,-0.59367764,0.2931966,0.13671347,-0.027614381,0.08062531,-0.95410526,1.1777668,-1.3149191
2023-02-24,-0.60620564,0.052238215,-0.098990634,-0.23184521,-0.31111237,-1.2529689,1.2994072,-1.308776
2023-02-27,0.12459797,1.2721688,0.09473521,0.97112536,0.77516526,0.20017485,-0.501043,0.7921433
2023-02-28,0.3647287,1.1058491,0.16489495,0.39988348,1.3895501,-0.45742014,0.4522581,-0.0559463
2023-03-01,0.7783219,0.19444437,-1.0395508,0.12718718,0.84706664,-0.8532122,0.46416587,0.6365802
2023-03-02,-0.20712231,-0.54466945,0.37468448,-1.2287145,-0.15173307,-0.58456725,0.8733584,-0.7006203
2023-03-03,0.20023012,0.23882653,-0.23896328,0.08626381,0.70451975,-0.31221405,0.14104213,0.88756233
2023-03-06,0.42029962,-0.17310724,0.3053619,-0.5520515,0.3645543,0.33290684,0.079683386,-0.6993117
2023-03-07,-1.2140671,-0.22105712,0.5502984,0.17549485,-1.7411188,0.4861881,0.14582369,-2.0770676
2023-03-08,-0.06602341,0.64246583,0.6473723,-0.1545086,0.32686552,0.18502623,-0.06018128,-0.228892
2023-03-09,0.33179295,1.1736648,0.6927028,-0.15729804,0.6253134,0.44294468,-0.25253075,-1.079476
2023-03-10,0.3931181,-0.40418515,0.7162349,-1.1729677,1.0376265,-0.3879447,0.44155565,0.21378705
2023-03-13,0.44222772,1.3775487,1.1156564,-0.6914697,1.3196323,0.39970586,-0.8839382,1.0470628
2023-03-14,-0.6934348,0.12948667,1.0959963,-0.53632545,-0.3469096,0.6512569,-0.4580962,-0.40986305
2023-03-15,-0.5844088,0.14455794,1.471892,-1.5610545,-0.8318615,1.1806191,-0.5495663,-1.8665398
2023-03-16,-0.31412724,-0.5308085,-0.107304096,0.011782429,0.1679003,-0.4848503,0.95083064,0.6899562
2023-03-17,0.8279374,0.42610177,0.8910646,-0.8232026,1.5242441,0.37787074,-0.43295842,0.36432672
2023-03-20,0.2064379,0.22877802,0.6511738,-0.6964044,1.0361292,-0.28849816,0.5085213,0.2824572
2023-03-21,-0.86802185,0.17988665,-0.15517227,0.97049254,-0.38972822,-0.7243625,0.88009685,-0.6348129
2023-03-22,0.7191997,0.46363288,0.27946818,-0.22413735,1.8213689,-0.63496894,0.68835676,-0.23290794
2023-03-23,0.33795288,1.4636636,0.9005878,0.028548924,1.3943074,0.19161487,-0.56660974,0.03321546
2023-03-24,-0.98900574,-0.5370738,0.6590906,-0.302743,-0.8868721,0.30008152,-0.18743697,0.7883755
2023-03-27,-0.08606598,-1.1531124,-0.7229327,0.14837529,0.15691014,-1.0415893,1.1732341,0.7308027
2023-03-28,0.36242297,-0.59977084,0.25128898,-0.38438818,0.5442256,-0.08527721,0.15419382,0.7996628
2023-03-29,-0.7904785,0.7219426,1.2982339,-0.8155982,0.21260521,-0.036288112,0.19236258,0.026073389
2023-03-30,-0.016206615,0.33822608,0.9001605,-0.6118182,0.8792924,-0.08946436,0.15314057,0.24803194
2023-03-31,-0.5700922,-0.4729971,0.08308925,-0.2539791,-0.015845733,-0.43255168,0.56525177,1.1579516
2023-04-03,0.20000818,-0.7582892,0.20132917,-0.7421452,0.9220324,-1.6468658,1.6380832,0.19472018
2023-04-04,0.21908666,0.8070161,1.4356995,-1.4606607,1.2877094,0.24241681,-0.23125315,-0.22219186
2023-04-06,0.3465657,-0.45108944,-0.14567271,0.723315,0.124629736,0.21970588,-0.027490785,-0.22268362
2023-04-11,-0.7521846,-0.41480035,0.51132053,-0.22561207,-0.2756857,-0.29109672,0.6311046,0.49634686
2023-04-12,0.19720884,0.7216422,0.30220687,-0.08150934,1.2724626,-0.3671198,0.29087484,0.69143283
2023-04-13,0.3558125,1.0399623,0.7610239,0.091133356,1.4009953,0.4739324,-0.50414497,1.0338615
2023-04-14,-1.0159899,-0.77243036,0.10503539,0.27627876,-1.0900891,-0.042252935,0.41359776,0.15602225
2023-04-17,-1.2390316,-0.2608536,0.859751,0.072886124,-1.0940789,0.4727813,-0.30203766,0.73450595
2023-04-18,-0.38822454,0.8917198,0.49146345,0.97562945,0.2572467,-0.17706473,-0.84638566,1.6439126
2023-04-19,-0.43328404,0.78167844,1.289787,-0.7025702,0.31834736,0.12153051,0.00017047193,-1.1665515
2023-04-20,-0.12760536,0.68131846,0.77951115,-0.39887315,0.012505908,0.746707,-0.37052613,-1.3990749
2023-04-21,-0.5139996,0.3798168,0.49304938,-0.22531894,0.22411159,-0.67910475,0.9640757,-0.95678496
2023-04-24,-0.415963,0.16446643,0.43611735,0.52950877,0.39668474,-0.7305982,0.73172283,-0.53235006
2023-04-25,-0.37575248,0.13190079,0.76047504,-0.656578,-0.49834996,0.5461004,0.019302677,-2.0075383
2023-04-26,0.7102357,0.090976514,-0.11732045,0.6255771,-0.25548548,1.3258241,-1.2657706,-0.6507069
2023-04-27,0.36371496,0.8723484,-0.7242572,0.62611794,0.033622053,0.0724146,-0.50274944,-0.22707757
2023-04-28,0.30929214,-0.99744284,-0.979384,0.015553544,-0.4011913,-0.15010564,-0.08801191,0.97845143
2023-05-04,0.021042852,1.0420789,2.152845,-1.5660121,-0.37651116,1.6530553,-1.4340438,-0.9816759
2023-05-05,0.024999533,-1.4677161,-1.1613923,0.71332014,-0.34187517,-0.47924352,0.54032975,1.6553471
2023-05-09,1.2634442,-0.115820006,-1.406157,0.20670934,0.5972508,-0.4953785,-0.17949152,0.055503037
2023-05-10,0.33446467,-0.59553033,-0.08691322,-0.651277,-0.32691363,0.28779948,0.25889096,-1.2120376
2023-05-11,-0.59545463,-0.30193543,-0.050959777,-0.2333742,-1.4203783,0.058949374,0.29281905,-2.0997446
2023-05-12,-0.32459593,0.13864908,-0.012139113,0.5923717,-0.65918183,0.48494,-0.5238976,-0.36928895
2023-05-15,0.77920574,0.54954076,-1.2807326,1.4729707,0.30812997,-0.20405409,-0.57202256,0.26577443
2023-05-16,0.28235263,-0.0018642845,-0.6061598,0.17497781,-0.40448853,0.18972483,-0.18587998,-1.6009842
2023-05-17,0.91258746,0.5235756,-1.3295588,1.432881,0.7953703,-0.2908687,-0.23281907,0.42153075
2023-05-18,-0.32851455,-0.3128968,-1.2938094,0.70937127,-1.3264581,-0.1358765,-0.15754436,-0.7100583
2023-05-19,0.8727988,0.84911066,-0.70942676,0.60198176,0.5314687,0.5246605,-0.9301297,-0.2183455
2023-05-22,0.43998587,-1.4083669,-0.8663421,-1.0584546,-0.98364174,0.25884235,-0.25242186,-0.1201932
2023-05-23,0.32267332,-0.81989574,-0.6242637,-0.5871321,-0.6520519,-0.025671892,0.09951592,-0.97500074
2023-05-24,-0.66851825,-0.25762653,-0.58654034,-0.09517321,-0.5005421,-1.062596,0.9921445,-0.9320328
2023-05-25,-0.75034446,0.36303028,0.673836,-0.20974599,-0.80141807,0.6328611,-0.4413254,-0.5367285
2023-05-26,0.694366,-0.6241884,-0.19736531,-0.17268364,0.66420746,0.1348039,0.09597052,1.1182107
2023-05-30,-0.28612822,1.8258262,0.49196312,0.927297,-0.40445685,1.0691142,-1.4719455,-1.3480642
2023-05-31,0.4949846,-0.75914234,-0.15313199,-0.045397047,-0.62399507,0.7834688,-0.9163563,-0.6849725
2023-06-01,0.10497396,-0.07445541,-0.22773021,0.23261455,0.3641527,0.11656812,-0.5270839,2.336293
2023-06-02,-0.12801825,-1.3289618,-1.0337279,-0.10297462,-0.792961,-0.5415148,0.6882985,0.4491511
2023-06-05,0.32517904,0.5593207,0.005659688,-0.1448504,0.6920495,-0.6028508,0.6238771,-0.010814924
2023-06-06,0.22033498,-0.6214739,-0.4116654,-0.07403592,-0.5419049,0.42113954,-0.5392532,0.59724814
2023-06-07,0.033784077,0.24507858,-0.99832237,1.0650114,0.040915266,-0.39211008,0.3657688,-0.20275632
2023-06-08,0.06420052,-0.6655478,0.39764136,-0.18116821,-0.12920515,1.065125,-1.0128629,1.3553873
2023-06-09,0.22926553,-0.25069198,-0.31179124,-0.22576055,-0.4041127,0.43123084,-0.4779684,0.13391495
2023-06-12,-0.66772795,-0.24732673,0.7378523,-0.6449198,-1.2312278,0.762607,-0.3996065,-1.3563797
2023-06-13,0.0071653756,-0.0018108088,-1.2381637,0.67390245,-0.20130779,-0.822642,0.36488378,0.7864337
2023-06-14,0.33763218,0.4545358,0.13367401,1.1212412,0.378881,0.75721914,-0.94326127,0.67336816
2023-06-15,-0.12486421,-1.191577,-0.78839475,-0.6903875,-0.17100714,-0.7977178,0.8281495,1.4713774
2023-06-16,-0.31923074,-1.4061031,-0.3620764,-0.44826794,-0.5228173,-0.2547148,0.25572738,1.4028172
2023-06-20,-0.7838663,-0.52195406,0.40758958,-0.59730744,-1.6356183,0.13674118,0.042762786,-1.5980767
2023-06-21,-0.11266188,-1.2020137,-0.51009846,-0.2472155,-0.46096966,-0.46875158,0.8151278,0.0028170126
2023-06-26,-0.7399398,0.5581862,0.61702216,-1.4020765,-1.0411773,-0.19896428,0.12954402,-1.5833426
2023-06-27,0.104896836,1.1936789,-0.15532777,1.2097617,0.4138793,0.23684016,-0.61663675,-0.27139476
2023-06-28,0.6002892,0.8548663,-0.29657006,0.06931512,0.7070117,-0.6134541,0.4501551,-1.8889059
2023-06-29,-0.42699262,0.007863089,-0.47431043,0.39659294,-0.84292364,-0.5244221,0.009368341,0.019180607
2023-06-30,0.32471162,-0.29805687,-0.6360525,0.1669818,0.04378652,-0.14757462,0.11294493,1.5700583
2023-07-03,-0.30905053,-0.09388319,1.0158885,-0.43964407,-0.32749736,0.13085346,-0.29095882,0.33799204
2023-07-05,0.58558136,-0.8218517,-0.48089996,-0.4716972,0.7178503,-0.930403,1.0119783,0.6785256
2023-07-06,-0.45609775,-0.3343782,0.11700245,-0.10644486,-0.58990645,0.20384082,0.2481178,-0.96563166
2023-07-07,0.5306948,0.670708,-0.35805047,0.74261755,1.4491881,-0.6804818,0.41542158,0.056503452
2023-07-10,-0.37125525,-0.10311257,0.06476647,-0.427437,-0.44737273,0.22032604,-0.2321003,0.77951765
2023-07-11,0.034183342,-0.48874485,-0.5818315,0.41595736,0.047855377,-0.6269098,0.2775544,0.53555566
2023-07-12,0.9755513,1.201306,-0.021792712,1.1281207,1.827933,0.1923957,-0.49140027,0.71767664
2023-07-13,-0.0175978,-0.7707399,0.30801716,-0.89761907,0.18578659,0.37892845,-0.41896716,1.9163654
2023-07-14,-0.10161487,-0.0014699858,0.51743966,0.054261405,0.014094553,0.48044696,-0.47020292,-0.21103965
2023-07-17,0.5024947,1.871355,0.1117635,0.51517993,0.868092,0.041256662,0.28078583,-2.0850832
2023-07-18,-0.027972614,-0.8334347,0.53567034,-1.5006194,0.51267564,-0.5602896,0.6347946,0.7398939
2023-07-19,-0.010978764,-1.8140937,-0.09868056,-0.67922586,-0.65528536,-0.13591073,0.13912678,0.65307
2023-07-20,-0.3023586,-0.5690337,-0.5278652,0.85242933,-0.7332051,-0.12606566,0.12675752,0.4644192
2023-07-21,0.11230282,-0.21700779,-0.24972822,0.07749218,0.7672413,-0.89504325,1.2349426,0.04963239
2023-07-24,-0.1964293,-1.8459567,-0.32147363,-0.665099,-0.59730244,-0.22430503,0.2567541,1.6905402
2023-07-25,-0.023358705,0.93594545,0.17188154,0.7978469,0.53345215,-0.0732079,-0.47842237,1.1094761
2023-07-26,0.47293305,0.8070716,0.039258562,0.034520198,0.8711783,-0.4222815,0.5786368,-1.0468607
2023-07-27,-0.2228085,-0.23202197,-0.24907668,0.2462684,-0.10245904,-0.60406476,0.9441826,-1.2508345
2023-07-28,0.16242397,1.6138495,0.06077863,1.0083598,1.0353886,-0.4630762,0.07270116,-0.22032371
2023-07-31,0.4306462,1.506956,0.12690552,1.2908661,1.6767488,-0.17935996,0.031105164,0.05292045
2023-08-01,-0.27617633,-0.9898843,-0.5538058,0.60508966,-0.88433933,-0.14765707,0.526328,-0.57719976
2023-08-02,-0.5535546,0.2705569,0.87795806,-0.7315191,-0.6691875,0.32096386,0.13934967,-1.982142
2023-08-03,0.033229135,0.5306762,-0.85042924,0.76438946,0.23264612,-0.794842,0.5664314,-0.19241206
2023-08-04,0.1873002,-0.028650025,-0.46256533,-0.13342585,0.10473937,-0.31508204,0.08480858,0.04236072
2023-08-07,-0.31067935,-0.0947224,0.08909973,0.39460927,-0.5871842,0.15514599,0.063541785,-0.69867396
2023-08-08,-0.5395324,-0.649533,-0.16543782,-0.36386934,-0.6448551,-0.8457745,0.9255845,-0.7553082
2023-08-09,-0.080703355,-0.14979069,-0.7637472,0.77278584,0.38769704,-1.1735106,1.1659021,0.16902497
2023-08-10,0.29653743,-0.08624513,0.7203562,-0.6186932,0.45735356,0.56026965,-0.31326953,-0.18890671
2023-08-11,0.052681763,0.039907757,0.121604815,-0.31348497,0.0103319455,-0.37905234,0.36860165,-1.0385863
2023-08-14,-0.26248077,0.40778917,0.663105,-1.0090281,-0.12301851,-0.3142656,0.3497411,-1.2797511
2023-08-15,-0.5965437,1.1680326,1.1601034,-0.25658956,1.056698,-0.18966348,0.9203061,-2.0519516
2023-08-16,-0.42317384,-0.68055004,0.7561119,-0.70719814,-0.264907,0.17458038,0.21932648,0.004737071
2023-08-17,-0.29725304,0.41897818,0.08802991,0.100942366,0.4335257,-0.6670581,0.596083,0.39188188
2023-08-18,-0.22234331,-0.5466548,0.7691636,-0.8699018,0.3612233,-0.52441907,0.65396154,0.859216
2023-08-21,0.055801034,1.1812004,0.27208525,0.21888229,0.45112863,0.19814543,-0.42134905,-0.027477711
2023-08-22,0.48698184,0.78232485,0.06867233,0.5310829,1.0435376,0.15272807,-0.12295066,-0.16681243
2023-08-23,0.35128587,-0.35862476,0.8195171,-0.63346094,0.5157332,0.9175201,-0.72045094,1.5549526
2023-08-24,0.07402411,-0.20773484,-0.3276423,0.51633847,-0.12874123,0.046877164,0.046753637,-0.11453497
2023-08-25,0.22203001,-0.80951303,-0.7468231,0.083036624,0.33127174,-0.8079251,0.91235846,0.52832264
2023-08-29,0.08862715,1.5129341,1.0925512,-0.011989224,1.47602,-0.13134609,-0.12839253,0.63829374
2023-08-30,-0.18085049,0.49222597,0.34434658,0.7090828,-0.3744312,0.29642695,-0.75874805,-0.052557178
2023-08-31,-0.07323408,-0.29089394,-0.17960432,-0.084793694,0.06611338,-0.43957117,0.6688266,-0.601249
2023-09-01,-0.03242458,0.02503835,-0.18800287,0.9480426,-0.059986174,0.09595845,-0.44464383,1.0045162
2023-09-05,-0.005011664,-1.387454,-0.44357058,-0.111313656,-0.55875134,-0.39496994,0.8349059,-0.6370886
2023-09-06,-0.3669134,-0.97561467,0.091896586,-0.5890502,-0.68069035,-0.008236901,0.48345128,-0.7033483
2023-09-07,-0.006436854,0.46371967,-0.40623108,0.6845709,0.058378596,0.00014642703,0.08906179,-0.92945117
2023-09-08,0.00019159818,-0.13867152,-0.35837957,-0.22936672,0.11682942,-0.89745665,0.8617139,-0.72463626
2023-09-11,0.2220403,0.33303824,0.0061590257,0.794359,0.90434617,-0.19685858,0.05995799,1.4322559
2023-09-12,-0.21965006,0.23749922,0.3294312,0.051864486,0.3147999,-0.6308685,0.7541445,-0.53019774
2023-09-13,-0.124367304,-0.5852756,-0.06307526,-0.07964049,-0.0565048,-0.052851476,0.39140424,0.19359721
2023-09-14,0.1002682,0.277099,-0.573835,1.0324454,0.4320222,-0.37901077,0.19265957,0.50372666
2023-09-15,-0.1690934,-0.60838264,1.3757135,-1.4341172,0.0856739,0.36395523,-0.17041941,0.36971363
2023-09-18,0.02990331,0.97684735,0.18127705,0.65769786,0.48838457,0.19910793,-0.3798907,-0.31198782
2023-09-19,-0.7955391,0.0026411368,0.6509962,0.30992588,-0.084888354,-0.16402061,0.22141366,0.604227
2023-09-20,0.38020545,0.67663926,0.3023469,-0.37500936,0.56462157,0.427649,-0.5726615,-0.32296973
2023-09-21,-0.096641526,0.33389714,0.34102088,-0.51299256,0.33222786,-0.5290696,1.0960004,-1.9448894
2023-09-22,-0.06178725,0.4432622,0.19939928,-0.06154443,0.1252203,0.56193984,-0.6029147,0.5622398
2023-09-25,-0.47244284,-0.085066944,0.29637098,-0.38426185,-0.66852295,-0.20316382,0.35244712,-1.0930482
2023-09-26,-0.4272653,-0.26240847,-0.10670769,0.085493095,-0.59316903,-0.25550386,0.354933,-0.42193118
2023-09-27,-0.72865933,-0.261019,-0.75719196,0.5603766,-0.39111814,-1.3005872,1.166604,-0.16383989
2023-10-09,-1.2747213,1.7195685,1.2665642,0.48892203,-1.6843188,2.0780163,-1.752139,-1.1559378
2023-10-10,0.24783303,0.5298886,0.1438391,-0.32298875,0.48386762,-0.25936902,0.28365707,-0.8884213
2023-10-11,-0.085511066,0.71077794,0.5149475,-0.094105124,0.021047067,0.6235369,-0.7330773,-0.5133969
2023-10-12,-0.52251893,-1.1896789,0.049724534,-0.7082088,-1.0406873,0.024079084,0.053452786,0.5160653
2023-10-13,1.4288408,-0.4390193,-0.4249414,-0.51585776,2.0835264,-1.0435197,0.6469242,1.0545014
2023-10-16,0.39940822,0.048441485,0.3217571,-0.974997,0.5740451,0.5925011,0.3741579,-0.6517197
2023-10-17,0.00287745,0.008442971,0.20333995,-0.061254237,0.18262367,0.41632137,-0.25141096,0.18535323
2023-10-18,0.60366493,-0.2611503,-0.2881615,-0.42726803,0.41131505,-0.09005905,-0.034042045,0.4198068
2023-10-19,0.20916717,-0.33953348,0.53082234,-1.1169668,0.51501864,0.09127071,0.28668603,0.12322244
2023-10-20,0.11671788,0.93252355,0.6158133,0.16657595,1.1249741,-0.25964266,0.1932409,-0.19587415
2023-10-23,-0.6447007,0.30162117,1.1983656,0.32004568,-0.2832743,0.36231214,-0.036748942,-0.6809751
2023-10-24,-0.2918362,0.6777961,0.2432646,0.5561299,-0.5152139,1.0352192,-0.91676855,-0.16625315
2023-10-25,-0.39752737,0.9208314,0.23227517,0.029963082,0.5427023,-0.53902835,0.23826301,0.48505652
2023-10-26,-0.5156354,0.49336702,0.39316005,-0.20448709,-0.4304647,-0.23276013,0.048138022,-0.5282462
2023-10-27,0.10728124,-0.0031060353,-0.65460885,0.7002202,0.24131773,-0.39082775,0.031923022,0.9172213
2023-10-30,-0.15698771,1.6010995,0.89613914,-0.09072163,0.37082767,0.7996268,-1.1586384,0.4489086
2023-10-31,-0.70877343,0.079479545,0.0090028,0.54135054,-0.6904168,0.14733203,0.27649295,-0.4492492
2023-11-01,0.38050607,-0.122498445,-0.021974936,-0.2047452,-0.07769303,0.75363934,0.0034721557,-0.9992615
2023-11-02,0.18899596,-0.34802976,-0.6062199,0.23735519,0.19866364,-0.7739066,0.5425543,0.61895275
2023-11-03,-0.3448979,0.19796655,0.93346125,-0.017066633,-0.12220452,1.0860146,-0.9418392,1.0244708
2023-11-06,-0.30224973,-0.6314261,-0.12763314,0.59800714,-0.24110144,0.025271658,0.20497958,0.5387771
2023-11-07,-0.7202226,0.45862055,0.9747423,-0.27175146,-0.96292037,0.79006904,-0.14799258,-2.1604302
2023-11-08,-0.8832873,-0.47108465,1.0161856,-0.31496543,-0.82293975,0.6507319,-0.31448644,-0.011450598
2023-11-09,0.16924913,0.17008759,0.6929209,-0.2242755,0.55800223,-0.032061495,0.24134918,-0.45361936
2023-11-10,-0.58195424,-0.3320607,-0.31708306,0.008078345,-0.6199487,-1.0080302,1.0733892,-0.9533041
2023-11-13,0.11511675,-0.46962795,-0.40248162,-0.6159364,0.089597665,-0.1506477,0.046461158,1.6608027
2023-11-14,0.5204403,0.6611755,0.5197997,-0.33501056,1.2593445,0.09040133,-0.30485657,1.1374223
2023-11-15,0.14029028,0.3701666,0.28197923,-0.04587513,0.43256685,0.58616513,-0.19764318,0.56053203
2023-11-16,-0.2203274,1.0037054,1.6753513,-1.0236756,0.07766969,0.9108399,-0.9143204,-1.1896923
2023-11-17,0.39456803,0.2250303,-0.52373284,0.22336604,0.798649,-1.0848986,0.98450965,-0.45552552
2023-11-20,0.124650806,-0.36821672,-0.4287672,0.34058562,0.5382785,-0.3490878,0.51273525,1.3789848
2023-11-21,0.34798446,-0.101364575,0.57232594,-1.1478418,1.0522214,-0.17219654,0.40588817,0.5753901
2023-11-22,-0.49260634,0.052047186,0.696364,-0.74492776,-0.25047448,-0.39968157,0.69152504,-1.2805705
2023-11-24,0.09712889,1.4605725,1.2094821,-0.2715449,1.5422506,-0.07982515,0.27135736,-0.3998821
2023-11-27,-0.07276749,0.408198,0.6552983,-0.20890374,0.4737601,-0.1732739,0.18360181,-0.7173273
2023-11-28,0.29022607,0.004660605,0.17928486,-0.2744553,0.8951424,-0.3617229,0.15171596,1.8472403
2023-11-29,-0.7949704,0.3905369,0.80415195,-0.48212862,0.12970357,-0.8663979,0.48043656,0.5207752
2023-11-30,-0.88944405,-0.14394441,1.4016367,-0.6253926,-0.50755745,0.22715056,-0.1428402,0.25335413
2023-12-01,-0.14233455,1.5169328,1.0521361,-0.000106870604,0.1934805,0.7672439,-1.0701264,0.104829565
2023-12-04,-0.4674562,-0.77895033,0.5603963,-0.66917783,-0.47776106,-0.12742402,1.0821987,-1.6902292
2023-12-05,-0.9476472,-0.27404842,0.98848754,-0.66879565,-0.46439534,-0.2575997,0.5750578,-0.7728526
2023-12-06,-0.5391919,1.3752486,1.2809021,-1.0811441,0.106623776,-0.060900833,-0.006708988,-1.5948899
2023-12-07,0.0054474883,-0.42846113,0.27111262,-0.8092737,-0.25408444,0.04086442,-0.021448554,1.0679168
2023-12-08,-0.13002355,-0.22726725,-1.0181321,1.0444528,-0.3387877,-0.5785146,0.56646174,-0.28665304
2023-12-11,-0.30199426,-0.023719197,-0.362099,0.078612715,-0.38104254,-0.25183618,0.4997791,-0.40672404
2023-12-12,0.050659135,-0.04679652,0.9647194,-0.46595308,-0.18415257,1.389782,-0.9525988,-0.1136365
2023-12-13,-0.09914917,1.0238218,-0.2787562,0.5690247,0.3087334,-0.32461748,0.11786058,-0.8382712
2023-12-14,0.78041816,0.9466855,0.15954924,0.2056672,2.020245,-0.18582405,-0.19626452,2.0367365
2023-12-15,-0.60205716,-1.2068763,-0.50586635,0.3147855,-1.0141,-0.060703244,-0.23863636,1.2014534
2023-12-18,-0.102908775,0.28105232,-0.38612044,0.28089002,0.41411763,-0.74363,0.70301896,-0.08290876
2023-12-19,0.7347984,0.24669051,-0.35940844,0.16409817,0.9622153,-0.44445887,0.23769896,0.38114068
2023-12-20,0.38844016,0.9198938,-0.29103905,-0.24506748,0.5608512,-0.4555722,0.21425776,-0.8084335
2023-12-21,-0.47592533,0.76987094,0.4176447,0.11338725,-0.1513751,-0.096012436,-0.13132945,-0.25838014
2023-12-22,0.15239224,0.28204975,0.22031662,0.6048256,0.53943765,0.5387351,-0.6089247,0.5491526
2023-12-27,-0.031168269,0.50838155,0.44211924,-0.18135424,0.65693164,0.34528604,-0.44589394,1.6309557
2023-12-28,-0.00049648335,-0.3581403,0.90169394,-0.13195503,-0.06251248,1.1221286,-0.5645888,-0.22444138
2023-12-29,0.23022427,0.26138684,-0.63428926,-0.09322609,-0.15275127,-0.17614709,0.13174993,-1.20229
