date,f1,f2,f3,f4,f5
2013-10-21,2.3578815,2.5972054,1.8829012,2.1254478,2.112396
2013-10-22,2.6798687,1.7172573,1.5080837,1.6730957,1.6788187
2013-10-23,2.4096014,3.8441095,2.8064508,3.0927744,3.526321
2013-10-24,2.7060483,2.1976676,2.3499,2.131535,2.0878747
2013-10-25,1.6600095,2.162408,2.0195684,1.6663816,1.5663817
2013-10-28,2.1997104,1.8611615,2.9552054,1.8852341,1.5213778
2013-10-29,2.4444218,3.3268108,2.3171208,2.6097052,2.2185683
2013-10-30,2.076875,1.8983419,1.6570237,2.0463393,1.6388024
2013-10-31,1.5501645,3.7745657,3.0868835,2.2574792,2.3561459
2013-11-01,2.0513103,2.8868263,2.16439,1.8097999,2.7858794
2013-11-04,2.1094418,2.6914108,2.8267572,2.6588633,2.851586
2013-11-05,1.736082,2.5308702,2.1128876,1.8010511,2.0262783
2013-11-06,1.7161393,1.7795525,2.193897,2.0703669,2.063453
2013-11-07,1.5375624,2.7091346,1.7723737,1.8482766,2.1824157
2013-11-08,1.3274143,3.1274958,2.0791972,2.5286314,1.5879776
2013-11-11,1.8089465,2.7554142,2.3086026,2.7939472,2.1364555
2013-11-12,1.1198826,2.6220996,1.7204099,1.8495195,2.121244
2013-11-13,1.8694036,2.834016,2.780601,2.6302452,2.046127
2013-11-14,2.380167,1.8911912,2.4598603,2.516824,2.222484
2013-11-15,1.0906563,1.3778647,1.8227642,0.9545623,1.4818287
2013-11-18,1.4165852,2.8748598,2.6537457,2.0043457,2.2944279
2013-11-19,2.1938355,2.5936053,1.8220214,2.0070262,1.8933973
2013-11-20,1.2045646,2.696331,2.255173,2.2849293,1.764059
2013-11-21,1.7144094,2.9726698,2.0402942,3.1647017,1.5849149
2013-11-22,1.9570656,2.8034282,1.7969507,2.1671731,1.6147635
2013-11-25,1.1661193,2.2159324,1.4671817,1.7782784,2.0037267
2013-11-26,1.3978992,2.0757487,2.1082566,1.8489022,2.0201616
2013-11-27,1.8887099,2.9502883,2.6793303,2.4930606,2.489802
2013-11-29,1.5488867,1.5161387,0.95721984,1.637278,1.6345733
2013-12-02,1.638523,3.623285,3.0317569,2.3691156,1.8182094
2013-12-03,1.5335379,2.3333743,2.219622,2.5345893,2.0696442
2013-12-04,2.4438047,1.3227283,1.0675886,1.7877994,1.512522
2013-12-06,0.9432885,2.5566387,1.8138245,1.3436956,1.1996464
2013-12-09,1.7052529,2.151612,0.9388597,1.473156,1.6273657
2013-12-10,1.4845282,0.55322397,1.1980135,1.4589638,1.7587197
2013-12-11,1.4194411,2.3523958,1.2102387,1.6724532,1.3218992
2013-12-12,0.9561975,3.053988,2.6652098,1.0961422,1.576838
2013-12-13,1.4926878,1.436604,1.6037432,1.2173898,1.6027635
2013-12-16,2.6094196,2.6291435,2.0141633,3.1423469,2.1914837
2013-12-18,1.7284364,2.4687278,2.4914846,1.6657678,1.6798965
2013-12-19,0.7700169,3.7755396,2.3657243,2.471704,1.5116183
2013-12-20,1.7246677,1.6720114,1.2314677,2.1990805,1.3807921
2013-12-23,1.990793,2.669143,2.4735887,2.0586987,2.1818452
2013-12-24,1.8044285,1.8985417,1.7466867,1.948688,1.6494735
2013-12-27,1.4732921,0.53979254,1.0485363,1.1646088,1.0434036
2013-12-30,1.3669498,2.7964606,2.3178904,1.4762747,1.983798
2013-12-31,2.464069,3.0445383,2.992315,2.9396749,2.9244003
2014-01-02,2.5573761,1.3876499,1.5413076,1.1159858,2.4986925
2014-01-03,1.9865545,2.443718,2.0643857,2.8289645,3.4293075
2014-01-06,1.0432072,2.005856,1.3959175,1.8561091,1.9305978
2014-01-07,1.560061,2.5938568,2.2233584,2.0322888,1.6499038
2014-01-08,2.047238,2.6184123,2.6102815,1.9046292,2.2989786
2014-01-09,2.652392,2.8519857,2.894316,2.8206573,3.1053543
2014-01-10,2.1019845,1.7770095,0.9763379,2.3992767,1.506763
2014-01-13,1.3783662,1.9081628,0.9200809,1.1903859,1.2177494
2014-01-14,1.822304,2.8704147,1.975696,2.2689567,1.8561814
2014-01-15,1.9457904,2.3032532,2.3199313,1.5446641,0.92519903
2014-01-16,1.113301,2.0361114,1.272677,1.8909392,1.7838397
2014-01-17,2.0541503,1.6118786,1.9912153,1.7042322,1.6972817
2014-01-21,1.2505834,2.3610024,2.2418,1.7849352,1.7287086
2014-01-22,1.7150416,2.3202891,2.4110837,2.449583,1.85668
2014-01-23,2.0311778,2.1807861,2.393505,3.0879047,3.1925282
2014-01-24,1.0674369,2.4920206,2.169304,2.067905,1.9664216
2014-01-27,3.0814176,3.447739,3.071621,2.8174927,3.1672525
2014-01-28,0.98227614,2.4359097,1.977632,2.1789615,1.6892402
2014-01-29,0.8825594,1.1779182,2.076217,1.3226777,1.6795253
2014-02-10,0.8356385,2.4312637,0.0,4.6614532,3.4744766
2014-02-11,1.3810487,1.7931502,1.6119311,1.9805762,1.798974
2014-02-12,1.4024265,1.2977673,1.1683402,1.4181675,1.3356729
2014-02-13,1.9553853,2.6460714,1.8544577,2.6498768,2.056726
2014-02-14,2.1391304,1.262412,1.6210558,2.1460366,2.043419
2014-02-18,1.2443745,1.9871757,0.3410256,2.701455,1.0576433
2014-02-19,0.0,1.010542,0.6752794,1.537996,1.6362218
2014-02-20,2.310544,3.189784,2.5734994,2.7810655,2.2305388
2014-02-21,1.6600627,1.9985958,1.5045562,1.9258362,2.1284328
2014-02-24,1.4882796,1.5208378,1.4577234,2.6293058,2.626805
2014-02-25,2.855329,3.2672195,2.362915,2.8858852,2.5754852
2014-02-26,2.085946,3.4692452,2.563301,2.552041,1.7906656
2014-02-27,1.9600408,1.7149708,1.9900496,1.423914,1.9263706
2014-02-28,2.8714182,4.092768,2.1749957,3.2142172,1.8897235
2014-03-03,0.04082513,0.43474436,0.9398736,3.365777,2.7924676
2014-03-04,2.50815,3.7737136,1.0174079,2.0212615,0.8888222
2014-03-05,0.7551539,1.4009306,0.9458705,1.4829199,2.3592606
2014-03-06,1.9309704,2.3978379,1.1440303,2.5408328,1.729163
2014-03-07,1.3911955,3.2854605,2.9550834,3.1321497,2.8081908
2014-03-10,1.0744078,1.4831142,1.9860778,1.029412,2.0445414
2014-03-11,1.80789,2.9389317,2.4569561,3.1287704,3.0878987
2014-03-12,2.2938116,1.8339294,1.7954038,2.1820726,2.674117
2014-03-13,2.0965025,2.7139206,2.3898017,2.4415855,2.4847624
2014-03-14,2.358304,2.2148342,2.75556,1.9059869,1.7580668
2014-03-17,2.6020236,3.736593,2.2411232,2.561117,2.602641
2014-03-18,1.5698498,3.2570577,1.3587663,2.6994143,1.3199707
2014-03-19,2.075709,3.3801286,1.8746872,2.5568504,1.9667807
2014-03-20,2.4408755,3.5136385,3.840852,2.7292535,2.843225
2014-03-21,1.9009693,2.0586798,2.1691606,1.5347157,1.5346752
2014-03-24,1.8258431,3.6329093,1.9290586,3.0600529,2.3855097
2014-03-25,0.54124844,1.3681397,0.71403,0.57070935,0.5425433
2014-03-26,1.8964392,2.8922625,2.9592261,2.8432448,2.6761
2014-03-27,0.9180733,2.217228,1.523043,2.2809505,1.634438
2014-03-28,1.2578225,1.6086583,1.559197,1.5007439,1.5189543
2014-03-31,2.3558214,3.2934852,1.7432475,2.4802876,1.9092219
2014-04-01,3.2987967,3.8998218,2.3080432,2.7470927,2.4137688
2014-04-02,2.0535502,1.345927,2.1239808,0.85562277,1.4925944
2014-04-03,1.4256207,2.5704517,1.7256522,2.661694,1.6627315
2014-04-04,0.62543166,0.7845634,1.0861349,1.5014228,1.8470747
2014-04-08,1.4186132,2.0688543,1.3849621,2.4337206,1.6399332
2014-04-09,1.9873958,2.733188,2.06499,2.1811745,1.3774652
2014-04-10,1.8215284,1.246901,1.4547849,1.2609411,1.5587264
2014-04-11,2.2106042,2.5556188,2.6621678,1.99971,2.0393612
2014-04-14,1.5667081,2.166075,1.2348609,2.4537015,1.5812087
2014-04-15,2.287483,4.589374,2.8908978,3.4154925,2.535005
2014-04-16,1.9698305,2.2427557,1.6197505,1.9015858,1.1882707
2014-04-17,0.8506753,1.9106208,1.600241,1.6440384,1.7610469
2014-04-22,0.0775466,1.3330712,1.1618932,0.3595873,0.92036283
2014-04-23,1.2668573,2.0096645,1.5729699,2.2511857,2.3577728
2014-04-24,2.2102058,2.192675,1.8851163,2.3026576,1.7682375
2014-04-25,2.4674134,3.0424385,1.9182687,3.1171007,2.843107
2014-04-28,2.3078694,3.2341514,2.4486642,2.5014071,2.5418067
2014-04-29,0.64915025,1.9838272,1.2091767,2.5409412,2.1853583
2014-04-30,1.6854748,2.850456,2.1617854,2.090052,2.5800176
2014-05-06,1.992201,1.395828,1.9210358,1.5406282,2.8522208
2014-05-07,1.7358307,3.0121775,3.1336753,2.5555325,2.1912014
2014-05-08,2.2667189,2.9804127,1.665077,2.1896935,1.5716243
2014-05-09,2.8889384,3.194126,2.629629,2.2643042,1.9074917
2014-05-12,1.8604276,1.1476,1.2650579,1.1793149,0.993683
2014-05-13,1.728488,2.443828,1.992195,2.9472094,2.3649738
2014-05-14,1.7331107,1.155251,1.9846609,1.662206,1.5797858
2014-05-15,0.95222276,2.109751,2.9847438,1.9328859,2.7321672
2014-05-16,2.8164601,3.1170654,2.9277983,2.2182772,1.9709672
2014-05-19,2.3678532,2.5684373,1.7404377,1.7085813,1.2680519
2014-05-20,1.2177777,1.7453485,2.0203695,1.6448658,2.000009
2014-05-21,2.2704892,3.1653929,2.5041327,3.0742388,2.2726417
2014-05-22,2.4193997,2.2744825,1.7917335,2.157788,1.8232489
2014-05-23,1.697252,2.4340546,2.1873627,1.8719945,1.7332917
2014-05-27,1.8607928,2.9718664,2.769701,1.2999172,1.5189377
2014-05-28,1.5519572,2.4591749,1.9365304,1.9947977,2.0342703
2014-05-29,0.6998867,1.616374,1.6879199,1.7853482,2.0128448
2014-05-30,1.720965,2.7329955,2.4404182,1.5035739,1.9287837
2014-06-03,1.8653215,2.241044,2.1224089,1.0230354,1.3121122
2014-06-04,2.3459795,3.0317926,2.4728067,2.8704069,2.6529858
2014-06-05,2.0962226,1.6317903,2.3778334,1.691256,1.8287817
2014-06-06,1.8054564,2.8513303,1.5443344,2.741172,2.1527116
2014-06-09,2.3224957,2.3180597,2.425532,2.1265216,1.3626995
2014-06-10,1.7270727,1.7015376,1.9324565,1.8519877,2.185846
2014-06-11,1.535049,1.7975105,2.8492618,1.998968,2.539477
2014-06-12,1.3622521,1.7632098,2.861993,2.8897147,2.3496137
2014-06-13,1.4264544,2.3553765,1.1789895,2.4356534,1.7885731
2014-06-16,2.2889612,2.3969808,1.9729795,1.8315272,1.4209371
2014-06-17,1.4788074,1.9568934,1.6247725,1.401881,1.1418365
2014-06-18,1.465251,2.3087687,1.424033,2.5410151,1.93364
2014-06-19,3.1501732,1.7307975,1.7681965,3.388445,2.7254395
2014-06-20,1.4231873,1.753819,1.647307,1.6619868,1.778813
2014-06-23,2.2026472,2.4991784,2.01166,1.9341371,1.8910689
2014-06-24,3.4492126,3.0607088,3.3574715,3.1136937,2.6636763
2014-06-25,1.4754345,1.9750941,1.402184,1.6689079,1.7094285
2014-06-26,2.7083468,3.4187694,2.2444,2.758366,2.282899
2014-06-27,2.7304325,3.01029,2.777157,2.3582468,2.2682426
2014-06-30,2.0332856,1.5523622,2.5886297,0.5138531,1.4274858
2014-07-01,1.7949421,1.8226244,2.1801944,2.4883773,2.719141
2014-07-02,1.8417637,1.5854106,1.2395265,0.5704119,0.79481375
2014-07-03,2.0617604,2.9960697,2.094702,2.2717788,1.8623933
2014-07-07,2.4256563,2.6514158,3.201055,1.8294756,2.408551
2014-07-08,1.3807222,1.7168677,1.6897932,1.0216874,1.6048185
2014-07-09,1.9741743,2.0409691,2.246173,1.5887399,2.2233322
2014-07-10,4.604516,3.5208983,4.2404547,3.9364448,3.4530587
2014-07-11,1.8699993,2.0371583,2.102164,0.59905195,1.509612
2014-07-14,1.0014441,3.0281641,2.1504765,2.0464373,1.660464
2014-07-15,1.6272968,1.151136,3.2841597,0.09084225,1.4637411
2014-07-16,1.4589587,2.3012893,1.7730898,2.077478,1.9738072
2014-07-17,2.0340323,1.5111328,1.9704877,2.2768576,2.0564682
2014-07-18,0.7624469,1.8930979,2.0170217,1.4991544,2.0817897
2014-07-21,1.4519854,1.3122872,1.6587161,1.2088554,1.1020283
2014-07-22,2.2998126,2.764775,2.0523174,1.7063178,1.3314363
2014-07-23,1.3475015,2.3805494,1.5795914,2.3962235,2.254816
2014-07-24,2.0029962,3.232116,2.0689309,1.9206489,1.607069
2014-07-25,2.3871503,2.4623203,2.452384,3.2330406,2.700746
2014-07-28,1.989309,2.7856886,1.5353314,2.314062,1.9863715
2014-07-29,1.9051728,2.323287,3.139545,2.0720983,2.5353394
2014-07-30,1.9099156,2.3236294,1.5203366,1.5208275,1.5123081
2014-07-31,1.2021121,2.7124107,2.1613646,2.3284059,2.7125218
2014-08-01,1.9316161,2.2599983,2.3212552,1.9384962,2.7351336
2014-08-04,1.4270648,2.5729544,0.8072767,1.817318,0.8509464
2014-08-05,1.6936414,2.7967627,2.5427444,1.9490534,2.3716788
2014-08-06,1.7063273,2.098893,1.3117521,2.927236,2.4145992
2014-08-07,2.498964,2.5143068,2.7240336,2.3679886,2.1059284
2014-08-08,1.5016829,2.2952068,2.1548173,1.8271738,2.1376195
2014-08-11,1.1117799,2.036059,1.1674566,1.986844,1.864547
2014-08-12,2.3225617,2.7241628,2.522426,1.6511593,2.1016803
2014-08-13,1.3183535,1.7468998,2.8377786,2.182797,2.5519693
2014-08-14,1.9243487,2.479357,2.093815,1.6163242,2.711121
2014-08-15,0.0,0.0,2.3848503,0.04296255,1.5742166
2014-08-18,2.1193302,2.8411486,1.8560562,1.6955711,1.8698311
2014-08-19,2.0074735,3.0351381,2.182584,2.1779795,1.8735317
2014-08-20,0.7306875,1.1528563,0.6942519,0.7034168,0.2995156
2014-08-21,1.0387014,2.7730913,1.564366,2.238005,1.8348113
2014-08-22,2.091049,2.8671386,1.6259527,2.4398978,2.0423925
2014-08-26,0.6102481,0.2634201,2.1593199,0.38511717,1.186763
2014-08-27,1.835046,2.6031446,1.9793855,2.2722683,2.0357897
2014-08-28,1.9032177,2.3472722,2.2562668,2.7253687,2.7085845
2014-08-29,1.6608161,2.257065,1.9314793,1.7566226,1.2921467
2014-09-02,1.6143159,3.3866677,1.5355105,1.4106393,2.5541012
2014-09-03,2.2557883,1.6370738,3.4834795,1.8575132,1.4598709
2014-09-04,2.4043934,2.7341084,1.9868723,1.4730147,1.3778806
2014-09-05,3.1291394,4.030993,1.9860746,3.6051571,2.636915
2014-09-09,0.7523762,2.4808793,2.99973,1.4503627,2.718692
2014-09-10,2.2559814,2.97529,2.264361,1.8526243,2.010534
2014-09-11,1.2390469,2.1722496,2.7404823,1.8835087,2.3274648
2014-09-12,2.6096764,3.517981,2.038964,2.4779973,1.9199057
2014-09-15,2.567409,2.5367446,3.925609,3.0109558,3.341688
2014-09-16,1.4079517,1.3776975,1.4761944,1.2419689,0.65234864
2014-09-17,0.9537863,1.9682951,1.631659,2.1043298,2.1591434
2014-09-18,2.680636,3.2748556,3.5599477,2.1710503,2.8852715
2014-09-19,2.0488303,2.999986,3.1527555,1.8745347,1.7253169
2014-09-22,1.2665453,2.1018915,2.5051434,2.2124958,3.1430721
2014-09-23,2.4553213,2.5486665,2.5368164,2.5731769,2.2775445
2014-09-24,1.1282489,2.138879,1.2975342,2.241955,1.5773258
2014-09-25,1.8822986,2.4591107,2.8369102,2.276001,2.2682357
2014-09-26,0.28115714,1.2594767,1.6252803,1.3586296,1.9936833
2014-09-29,1.5668564,2.2250485,1.2705233,2.6069953,1.6856049
2014-09-30,1.5963023,2.9263692,2.3596282,1.1462065,2.5420897
2014-10-08,0.0,2.686285,0.0,2.2263842,2.7494125
2014-10-09,2.4151692,1.9265786,1.4466946,1.6937695,2.208961
2014-10-10,1.7108611,2.216825,3.011738,1.7617048,2.2484443
2014-10-13,1.8816804,2.946404,0.91391027,2.801573,1.9421062
2014-10-14,2.29892,3.1116493,0.74132335,2.0185463,2.7427707
2014-10-15,0.8329909,1.2510139,2.9196675,1.4501925,3.4319582
2014-10-16,1.4968774,2.8309436,2.2258444,3.5305734,2.7088137
2014-10-17,2.0912519,2.0013623,2.202118,1.3037436,0.80939806
2014-10-20,2.645489,2.7551599,2.9189367,2.5578396,2.8424072
2014-10-21,1.8622274,2.2169905,1.3322049,2.4689322,1.749184
2014-10-22,2.5036166,3.5897512,2.0294507,1.8161662,1.7990553
2014-10-23,1.7724147,3.3678756,2.0472362,3.2848737,1.7613424
2014-10-24,1.4999641,1.8191879,2.273683,1.390938,2.2134063
2014-10-27,2.2810788,3.2252011,1.6986794,2.7647614,2.1503568
2014-10-28,1.5775038,2.0821805,1.1102883,2.0168107,1.1648225
2014-10-29,1.5979192,2.9242697,0.75582457,2.874135,1.0607282
2014-10-30,1.353631,3.603866,2.6053345,1.5966763,1.7017086
2014-10-31,1.7847067,3.8128815,1.9634312,2.2610722,1.6051588
2014-11-03,1.7015328,2.045246,1.9123794,1.1508089,2.0373123
2014-11-04,1.6526177,2.5123076,3.1367497,1.4540218,3.0549445
2014-11-05,1.3882,3.467523,2.448151,2.3706543,1.8616394
2014-11-06,1.450317,2.4081337,1.7019604,1.712261,1.2940307
2014-11-07,1.9548448,1.1390351,1.830795,2.1242483,2.0405383
2014-11-10,2.5885983,3.4477162,2.7809298,2.70245,2.9316878
2014-11-11,1.2322621,2.407489,0.553733,2.489793,1.6337013
2014-11-12,2.1506,2.8728635,2.0625865,2.2991202,2.3293045
2014-11-13,3.2103205,4.066688,2.4480724,3.054672,3.9230976
2014-11-14,2.0659742,0.53876364,2.1352427,2.0461226,1.7923188
2014-11-17,2.0913372,3.0955634,2.2422013,1.951892,1.6243689
2014-11-18,1.3511302,1.457156,1.9226706,1.6853905,2.4502892
2014-11-19,1.359321,1.4471048,1.7417979,0.90755343,1.3266332
2014-11-20,2.1628435,3.3969982,1.9608644,3.3022945,2.1268003
2014-11-21,1.7781554,1.6239702,1.1734767,2.0109096,1.2341119
2014-11-24,2.2561398,3.0559518,2.5372846,2.3890495,2.4565847
2014-11-25,1.4001427,2.4112108,1.1063449,2.5552838,2.5282874
2014-11-26,1.0061634,1.972069,1.3382646,1.8102493,1.837527
2014-11-28,2.7366629,5.4672813,3.2439904,1.4299392,4.68777
2014-12-01,2.8255305,0.4901291,1.2726014,2.7890244,2.2713525
2014-12-02,2.0065584,3.2395759,3.1552973,1.0975612,2.7862306
2014-12-03,2.057371,2.3065565,1.993365,2.136225,2.1526113
2014-12-04,1.9972469,2.241974,1.0797521,1.7870355,1.5254364
2014-12-05,1.870883,4.1572247,2.1290655,2.9400368,2.4486258
2014-12-08,2.455494,2.95836,2.0206437,2.09883,3.4249234
2014-12-09,2.2160475,0.68335056,1.5378346,2.3739173,2.1784885
2014-12-10,1.963847,2.8408651,2.2250278,1.7051806,3.2437673
2014-12-11,2.203761,3.286237,1.6975255,2.60527,2.093409
2014-12-12,2.0584917,3.3736358,1.4622511,2.0396686,2.3565423
2014-12-15,0.95695746,3.3625615,1.7701914,2.5482543,2.855303
2014-12-16,1.7290373,3.6427472,3.0183814,2.0905614,2.8071237
2014-12-17,1.4400256,2.1676836,1.8457412,2.7411764,1.8748909
2014-12-18,1.8943812,2.950684,1.3336511,2.060247,2.806916
2014-12-19,1.9259229,1.7155328,2.348055,2.1471694,1.1010011
2014-12-22,2.0022,3.5746539,2.3157763,2.2170563,2.4246516
2014-12-23,1.9736758,2.3908799,2.566231,3.1999295,2.0483508
2014-12-24,2.1101265,2.5796428,2.4184828,1.2472377,2.606613
2014-12-29,2.648549,3.4962456,1.5482482,2.4295158,3.0366817
2014-12-30,2.2773654,1.1533363,1.9343942,1.7544861,1.8491032
2014-12-31,2.0954144,3.199075,3.2953527,1.5864036,2.366757
2015-01-05,2.7530363,3.1406147,0.91430235,2.250386,3.8582513
2015-01-06,1.3214116,1.5477021,0.8467307,1.9487064,3.138485
2015-01-07,1.9222262,2.5424259,2.3783762,1.8843647,1.9104397
2015-01-08,1.1570626,1.802834,1.456512,1.1903927,1.0097218
2015-01-09,1.6556897,2.3454657,1.7571344,2.3321884,2.747932
2015-01-12,2.600374,2.0856647,2.5467727,1.1002293,3.4844675
2015-01-13,0.94216406,0.95586,2.4898865,1.3523071,2.9825573
2015-01-14,0.80820876,1.8597538,3.5836694,3.2395263,2.4254086
2015-01-15,2.2266998,1.6613905,0.777212,1.3130186,2.1458077
2015-01-16,2.3340058,1.4371603,1.7118144,2.6538596,0.5415014
2015-01-20,2.9362366,2.5920022,2.1142092,2.1220026,3.607951
2015-01-21,1.4344318,1.6419163,1.7245374,1.4085343,0.6918638
2015-01-22,2.1394444,2.0968375,2.4840493,1.8674028,2.6760561
2015-01-23,1.3404666,2.823912,3.0884285,2.6206274,3.165896
2015-01-26,1.334049,2.4720109,0.97319615,0.58949685,0.5426557
2015-01-27,1.0488772,1.1795521,2.4986715,2.4209676,2.2584631
2015-01-28,1.971567,2.3173738,2.015727,0.81815636,1.763043
2015-01-29,1.4915622,4.464467,3.6307173,2.516752,2.3226593
2015-01-30,1.7795849,0.29040146,1.9992826,2.4375615,0.3093387
2015-02-02,1.64224,1.9863439,2.7369218,2.6302347,0.9892522
2015-02-03,1.0361362,2.4603233,0.96785223,3.7379675,0.5063101
2015-02-04,1.9006268,2.4580228,1.2449976,0.5849863,3.3868284
2015-02-05,1.601948,2.3926778,2.013011,3.3037367,1.4281998
2015-02-06,1.1956906,3.1178784,2.647553,2.4427378,1.2927158
2015-02-09,1.0029551,1.3756557,1.4279639,2.3760264,1.8740813
2015-02-10,2.0773304,3.3349419,2.9865053,1.7694993,3.2027583
2015-02-11,1.7092208,3.2385702,1.8514267,2.092958,2.3320162
2015-02-12,1.095623,1.1253102,1.7492088,2.3522143,0.59589434
2015-02-13,1.8073748,1.7680128,2.1702726,3.2927403,1.5633194
2015-02-25,3.483632,5.1519284,5.2302465,2.5899806,1.3426085
2015-02-26,2.5546036,2.6653452,1.4291652,2.266803,2.307513
2015-02-27,1.8659068,2.4081025,2.5890827,3.8640862,1.711821
2015-03-02,2.3534892,2.801323,2.3496742,0.8071302,3.0558145
2015-03-03,2.417379,3.256618,3.4531786,3.6156735,2.5658164
2015-03-04,1.201258,1.8251762,1.776357,1.0845149,1.525852
2015-03-05,1.5580889,2.1827037,2.0439339,1.3264701,2.012073
2015-03-06,0.92865694,3.2327204,2.0148773,1.7630987,1.9772377
2015-03-09,3.0479443,3.4866915,2.1719851,2.6688921,2.283386
2015-03-10,2.3509822,3.7661352,2.825385,2.4247556,3.3565083
2015-03-11,1.4750834,3.0768096,2.5074334,2.8155572,2.311077
2015-03-12,1.4989849,1.8833892,1.1353564,1.3075798,1.8275924
2015-03-13,2.715086,2.7516427,2.1667342,0.4832765,2.0328376
2015-03-16,1.0211213,2.2356327,0.93339705,2.212431,2.6477294
2015-03-17,1.2994639,1.9589114,2.490661,1.0414975,1.6446081
2015-03-18,0.56497705,1.7863039,1.9743828,3.3142886,1.8283156
2015-03-19,2.046767,0.8477609,0.5574887,0.75168705,1.617707
2015-03-20,2.245493,1.4288929,0.51873183,2.7201548,1.2516599
2015-03-23,1.949344,2.5077808,1.5702686,2.7168252,1.525806
2015-03-24,2.384256,2.7359486,2.4924207,2.135213,2.3679748
2015-03-25,1.8911897,2.0912352,2.6942475,3.085235,2.3432035
2015-03-26,2.0603664,1.4620484,2.7779272,2.2830324,1.09359
2015-03-27,2.1923072,3.4656634,2.1037712,1.7304554,3.2826424
2015-03-30,2.284184,4.1461296,2.5655768,2.87151,2.0621443
2015-03-31,1.7086258,1.8824284,2.5937457,1.39089,2.585962
2015-04-01,2.0088768,1.3562292,1.4590168,3.5567935,1.9708375
2015-04-02,0.4547181,2.5286632,0.20548677,1.1368586,1.787175
2015-04-07,0.32913148,0.0,2.4685133,2.0721197,0.48985422
2015-04-08,2.241834,3.8031049,1.7645524,1.1629535,3.039044
2015-04-09,1.7297311,2.434999,2.805991,1.9887568,1.626581
2015-04-10,2.480702,2.1266904,2.3936446,2.9202561,1.8842615
2015-04-13,1.4297247,2.0386844,2.6485143,1.4311152,1.6714644
2015-04-14,1.582326,2.5396354,2.0907156,2.645773,1.7356782
2015-04-15,1.6486889,1.5659695,2.2428432,2.7279403,0.8625239
2015-04-16,1.9167926,2.2564497,1.8260853,2.4539936,0.994643
2015-04-17,2.3109922,2.8226886,2.3466153,2.5342164,2.8823552
2015-04-20,2.3206134,3.7311525,2.8477955,2.745551,2.318701
2015-04-21,2.4117105,2.5746088,1.9335723,1.8029342,2.2853203
2015-04-22,0.72292376,2.2936294,2.1387687,1.9206849,1.5555325
2015-04-23,1.3220723,1.6426762,1.9532565,3.07799,1.7025985
2015-04-24,0.58709097,1.5856075,1.1284964,0.0,0.0
2015-04-27,2.9623973,1.0880725,1.564812,1.5480309,1.7000175
2015-04-28,1.8275707,1.953258,1.5069932,1.8919666,1.8365085
2015-04-29,1.5905112,2.3662117,1.7561225,2.5764601,1.4702979
2015-04-30,1.0872029,2.6578279,1.6599271,0.7140448,0.0
2015-05-05,3.2295296,2.6979423,1.7744292,2.602159,1.1471217
2015-05-06,2.425087,3.5800061,3.045589,3.8593607,3.549861
2015-05-07,1.5952679,2.6204438,2.1160698,1.2329968,2.5928748
2015-05-08,1.1171186,1.6957526,1.037116,2.355065,1.9957836
2015-05-11,1.9446309,3.0850785,2.6143172,2.7366905,2.7553172
2015-05-12,1.4851416,1.0610425,1.9275509,1.7605937,0.95528626
2015-05-13,2.6778262,1.787769,2.0679042,2.5989752,2.6761985
2015-05-14,1.6277987,2.159245,1.7626358,2.803122,2.7648516
2015-05-15,1.7127242,2.3313882,1.86508,2.5113678,2.3393505
2015-05-18,2.173015,2.673666,2.3167646,2.995315,3.2921875
2015-05-19,1.5021021,3.6152854,3.2829583,1.7133591,3.2831614
2015-05-20,2.4450305,2.583242,3.0062013,2.9498553,2.2209938
2015-05-21,2.6249478,3.2722094,2.9936047,3.537825,2.1165447
2015-05-22,2.108922,2.490658,2.877377,1.56444,2.669219
2015-05-26,2.3227253,3.6238441,2.59865,1.4173534,2.0967643
2015-05-27,2.1554542,2.7734199,2.2575505,1.3998494,2.2593932
2015-05-28,1.4567223,2.1074066,1.4848404,2.0234876,1.3073776
2015-05-29,1.6207166,2.1648722,3.281336,3.9466486,2.3369799
2015-06-01,1.713895,2.7929285,1.3574371,2.5796974,2.2408836
2015-06-02,1.5625803,2.2918766,1.4523325,3.1294966,2.3280857
2015-06-03,1.4130707,2.8404691,1.4979169,1.1968478,1.7454429
2015-06-04,1.5061982,3.5128412,1.6436195,2.3871496,2.987319
2015-06-05,2.0370793,2.5069196,2.830498,2.393538,1.5999963
2015-06-08,1.154401,1.9823428,0.94450295,1.636708,1.9124278
2015-06-09,1.4738479,1.7187191,2.0791037,2.4684467,1.1417004
2015-06-10,1.6807344,1.3213707,2.4376888,1.6249801,1.280524
2015-06-11,2.7985888,3.4388099,3.5879774,2.4984946,3.0643287
2015-06-12,1.5893232,2.5623682,1.9091339,1.856062,2.4112556
2015-06-15,2.0123868,2.0710812,2.8453221,1.5009172,2.7078526
2015-06-16,1.240555,2.7219858,1.8143278,2.662601,1.8981395
2015-06-17,2.2824035,3.249069,2.3348277,2.9164624,2.3504786
2015-06-18,1.9427158,1.3813466,1.9978617,2.090009,2.3417292
2015-06-19,2.1904712,2.82804,2.357465,2.095681,2.8123326
2015-06-23,1.2152884,3.691267,1.225878,3.298792,1.2299546
2015-06-24,1.0560923,1.7647892,1.345066,1.6886448,2.2798302
2015-06-25,1.3188678,2.6950572,1.0254946,2.4916043,2.2028148
2015-06-26,1.3056698,2.6433249,1.4645875,2.9330566,2.4567235
2015-06-29,1.6742673,2.4855118,2.0348458,2.340969,2.9848797
2015-06-30,1.3723619,3.9007668,0.93004286,4.994459,2.4198997
2015-07-01,2.8505096,2.798805,1.9729073,0.8947439,1.738518
2015-07-02,1.9303516,2.9189186,2.0543642,2.637415,2.0173225
2015-07-06,2.16954,3.2131724,1.960953,1.3721135,4.615793
2015-07-07,1.1168373,3.3756685,4.6877623,2.8274188,3.7840276
2015-07-08,2.4334989,2.2099764,1.5840242,1.9434177,1.331352
2015-07-09,2.2244034,2.8320918,1.3141167,2.2782593,0.4267248
2015-07-10,0.94239354,1.7731682,1.4088318,2.150997,2.257801
2015-07-13,1.2963712,2.2905982,0.50687397,1.2600243,1.3201964
2015-07-14,1.0610685,1.6953537,2.1474123,1.4407475,1.5677177
2015-07-15,2.1041532,3.4114664,1.9607778,1.5744476,2.4272602
2015-07-17,1.4169908,2.5649598,2.9970922,1.487861,1.7715266
2015-07-20,2.1093256,2.9198601,3.1483278,1.0694493,1.5650927
2015-07-21,2.1296422,2.9737377,2.587081,2.8899484,2.4591174
2015-07-22,1.5610278,2.8364391,2.3436108,1.8285737,2.6122096
2015-07-23,1.9811913,2.7125726,2.4835625,2.5076702,3.086492
2015-07-24,1.6242852,2.1492012,2.7483768,0.97550786,2.0546672
2015-07-27,2.315663,1.5444568,3.2646158,1.2326291,2.8420784
2015-07-28,2.3843334,2.911553,1.2207605,2.1934783,0.9910319
2015-07-29,1.1276715,1.586112,1.9767798,1.6028051,1.7417139
2015-07-30,2.04704,2.926825,2.4386928,2.9349427,2.8249712
2015-07-31,1.8480065,2.2837856,2.3413498,2.0291927,2.87573
2015-08-03,1.9568985,3.5697222,1.8211305,1.0223955,2.7773857
2015-08-04,1.6231177,2.1675134,1.9008842,2.1308913,1.5683982
2015-08-05,2.0056818,3.2297306,2.1370041,2.6864324,2.7157383
2015-08-06,2.2731867,2.3174734,2.5399058,2.3004546,2.5612879
2015-08-07,2.1080444,2.792789,1.4779483,2.6946769,2.6849322
2015-08-10,1.6919382,1.5294974,0.25553572,3.131672,0.87644255
2015-08-11,1.3005955,1.5529189,3.2510731,1.4819479,3.6492093
2015-08-12,0.740795,0.0,2.6866343,0.0,0.74916065
2015-08-13,1.5268804,3.3861165,0.8753661,2.6936402,2.48968
2015-08-14,1.3458358,2.2478774,1.7997055,1.7984267,1.9295523
2015-08-17,0.48105776,0.4624771,2.1460984,0.5800319,2.4445412
2015-08-18,1.0141711,2.3266768,2.8057816,2.1735098,2.5981617
2015-08-19,2.8084874,2.3625708,1.718289,1.2899976,2.7708116
2015-08-20,2.440352,1.833257,0.9050634,2.109471,1.8964425
2015-08-21,2.2157419,2.556193,3.4343853,1.8149062,3.191175
2015-08-24,3.1992197,5.353956,3.9559417,3.1547525,5.016515
2015-08-25,1.74988,2.6576562,1.7398729,1.4587137,0.5806054
2015-08-26,1.4468542,3.1048265,3.07099,1.9708123,3.2852345
2015-08-27,0.7271887,0.0,0.9090991,2.637947,0.0
2015-08-28,1.8370131,1.2920264,1.908297,2.5142035,0.13736367
2015-09-01,2.3446796,2.8795397,2.8593292,1.8379109,3.0269551
2015-09-02,2.2305624,2.222297,2.7197676,2.1773958,1.469125
2015-09-08,1.0007083,2.058172,0.509145,1.2260058,1.0976985
2015-09-09,1.3055432,3.1230571,1.5078846,1.1669096,2.2603137
2015-09-10,2.2790391,2.4767983,2.2735965,3.0215306,1.466932
2015-09-11,0.82166225,2.7773232,1.0556792,2.0210347,2.438391
2015-09-14,1.7617965,3.3423796,2.1844168,2.927677,4.015454
2015-09-15,2.56426,3.5152588,2.0185452,3.4001307,2.1531723
2015-09-16,2.0357137,0.6123822,2.4356952,2.6252878,1.325705
2015-09-17,2.2307038,2.6236434,2.5572977,2.0442712,2.3229303
2015-09-18,3.3054094,2.7067618,3.2319539,2.3995306,4.1049976
2015-09-21,1.5870955,2.640481,2.1453578,3.6086013,1.9576159
2015-09-22,1.5473272,3.4619975,3.7583585,2.6456237,3.0488431
2015-09-23,1.8751664,2.8419309,1.2377143,2.1684222,2.646993
2015-09-24,1.7662351,1.0031848,1.1932998,1.9516115,1.727256
2015-09-25,0.852158,2.6335392,1.3233056,3.6553764,2.5022635
2015-09-28,1.4522111,3.6197338,2.6130297,1.3946507,2.6062255
2015-09-29,1.4795334,2.385476,1.7229407,2.305581,1.3567805
2015-09-30,1.4508467,2.2974935,1.0966065,1.5690799,0.7903913
2015-10-08,0.0,0.0,0.6824441,3.7691407,2.1595922
2015-10-09,1.5548453,0.6867753,0.0,0.0,0.0
2015-10-12,2.1998763,2.5487564,1.0880272,1.0531682,2.9007707
2015-10-13,1.9544048,3.4233146,1.3846267,2.9110117,2.6565027
2015-10-14,1.8044997,1.4473865,1.9313217,1.7929857,1.938486
2015-10-15,1.2583148,1.20227,1.9147524,1.3606681,2.2665396
2015-10-16,1.9923025,2.1454022,2.962916,2.4913485,1.8692807
2015-10-19,2.113528,3.3436165,2.6663032,1.4961479,3.0512881
2015-10-20,2.1754994,2.728177,1.9441776,2.9202607,2.196671
2015-10-21,2.0075839,3.700142,2.5120535,3.3220382,3.001923
2015-10-22,2.0758214,1.9580157,2.46848,2.2235584,2.0119555
2015-10-23,1.8453373,2.6644642,2.1619453,1.7656211,2.0623553
2015-10-26,2.1938782,2.7063804,2.269261,2.8032346,3.402364
2015-10-27,1.6107391,2.3954082,1.8246758,1.5485947,1.8948169
2015-10-28,1.5251327,0.501575,2.3568602,2.7009668,1.2546053
2015-10-29,0.35247886,3.3819356,2.4074388,2.0594645,2.1459033
2015-10-30,0.95408666,2.1045465,1.8389592,2.5103946,1.636025
2015-11-02,1.3009534,2.0686321,2.1369252,1.3441737,1.9532431
2015-11-03,0.96089756,2.609287,2.4251304,3.1546698,1.330229
2015-11-04,2.6539102,4.0278215,2.0707946,1.9225501,2.7453308
2015-11-05,0.58589125,1.5076704,1.9818563,0.6969826,2.2927945
2015-11-06,2.1099033,3.736003,2.5294995,2.3132846,1.9653205
2015-11-09,1.7130481,2.7232132,2.8083909,1.5257852,2.1814928
2015-11-10,0.63696337,1.3888683,2.45124,1.4908282,2.2743042
2015-11-11,2.400718,3.608675,1.4300896,1.8433406,1.9486618
2015-11-12,2.0335717,3.35203,2.2306008,2.437002,3.4761798
2015-11-13,1.4268844,2.3305988,1.959288,1.1802814,2.194072
2015-11-16,0.73573077,1.7551743,2.2788894,2.8741837,3.0170674
2015-11-17,2.4637437,3.8369563,2.4810634,2.4522884,2.375069
2015-11-18,2.1161263,2.7109022,3.0816908,2.676302,2.2968333
2015-11-19,1.1657097,1.4482224,1.0625167,2.304871,2.209324
2015-11-20,2.4080117,3.0052328,2.7211735,2.997602,2.5580733
2015-11-23,1.4199069,2.9924817,2.6563585,3.3343825,2.649369
2015-11-24,1.7771331,1.5133045,1.7066034,1.6515348,0.3046794
2015-11-25,1.7201052,2.6775928,1.4710989,2.3235593,1.5108771
2015-11-27,1.5171375,2.7883406,2.1946082,1.2907215,2.3121786
2015-11-30,2.8941612,3.4481516,2.1440747,3.0830708,2.7444117
2015-12-01,1.4659965,2.1441932,1.1781335,2.1091723,1.111681
2015-12-02,2.0066233,3.4207506,1.6810398,1.5387785,2.9834468
2015-12-03,1.1142569,1.5685589,1.7577873,3.4282522,2.4990377
2015-12-04,1.9870311,1.3265158,0.0,1.6229353,1.6723734
2015-12-07,2.0904756,3.2912872,2.9417725,1.1578356,3.7963839
2015-12-08,2.0688663,3.1587563,2.3558562,2.1612728,2.2069232
2015-12-09,0.91165817,1.428554,0.8573278,1.5087531,1.6144226
2015-12-10,2.8859763,3.836872,2.6430976,3.242738,2.3775868
2015-12-11,2.4095619,2.9154549,1.8689648,0.78938866,2.0072768
2015-12-14,2.1492083,3.3955357,1.9608741,2.7231882,2.1981225
2015-12-15,2.3497915,2.9240246,3.4195435,3.8437014,3.4759858
2015-12-16,2.0237567,0.9102181,1.0306795,0.3736558,1.9683484
2015-12-17,0.8306419,3.8836074,2.4850938,2.5366135,2.4000437
2015-12-18,1.9963113,1.321902,0.46420002,1.8101907,1.0790789
2015-12-21,2.3000593,1.6391671,1.3552579,1.2158812,1.6492538
2015-12-22,1.4856397,2.3149393,2.6293077,2.0692437,2.471895
2015-12-23,1.2189276,1.6784599,1.9233239,1.9811836,0.2901305
2015-12-24,1.8797338,1.7650442,2.043577,2.1989,1.864939
2015-12-29,0.788827,1.9321452,1.3019993,0.955462,0.60307944
2015-12-30,1.8927068,3.3703802,1.4339412,1.3636355,2.0792959
2015-12-31,1.3370147,1.590843,2.2847707,2.5610242,2.024325
2016-01-04,2.1967905,2.099343,3.9060588,2.5799942,3.3126683
2016-01-05,2.7143407,3.014583,1.9490235,2.2317152,2.4270554
2016-01-06,3.0076632,3.7368836,1.6628206,1.7250829,3.3452086
2016-01-07,1.4526529,1.751441,1.9689695,2.3102639,3.448691
2016-01-08,1.6543992,3.3325527,1.6476532,2.0419524,1.7220665
2016-01-11,2.5176804,3.9000537,3.1971626,1.9579698,3.7742038
2016-01-12,2.531148,4.2567673,1.9572034,3.106953,3.1139517
2016-01-13,1.5773257,1.6638255,0.6444384,1.3936856,1.6465445
2016-01-14,1.3685508,2.7108076,2.056437,2.0764184,0.90409565
2016-01-15,2.405491,3.0589504,1.9725221,2.162931,4.3816004
2016-01-19,2.1029913,2.477787,0.87093127,1.5146992,1.2978594
2016-01-20,2.9578485,3.2363303,2.6092763,1.7951493,3.366335
2016-01-21,1.0912726,1.5604056,1.8019363,2.5190375,0.21676493
2016-01-22,1.0442204,1.1450789,2.8473284,3.7051167,0.58084595
2016-01-25,3.018617,2.8890908,1.4433422,1.6534026,3.4342508
2016-01-26,2.2273037,1.205273,1.5269675,2.0571144,0.44014263
2016-01-27,2.1746864,2.3372352,2.3429322,2.2425463,0.55288744
2016-01-28,1.3716786,2.1427937,3.1164362,2.3508546,2.071391
2016-01-29,2.099497,2.7153952,1.7014995,2.7668781,1.194983
2016-02-01,2.2395508,2.432377,1.725736,1.4456136,2.448913
2016-02-02,1.7704872,3.1169374,1.0953271,1.3885577,2.8867848
2016-02-03,1.9241469,0.50441194,2.1359084,2.6728487,0.65217924
2016-02-04,2.9632678,1.9249264,2.0651913,2.1172514,2.1059248
2016-02-05,1.3887452,2.5031254,2.6442995,2.2941437,3.6079311
2016-02-22,5.419736,2.6010041,1.6745034,2.575383,0.77025497
2016-02-23,0.81329846,0.90995824,1.7808127,1.6578243,3.4755852
2016-02-24,2.3202844,2.0013738,2.7593143,2.767331,1.5532029
2016-02-25,1.1032969,1.9720261,2.9092326,2.7339835,2.2246587
2016-02-26,1.9629992,3.4925709,1.8232257,1.2230642,1.0869187
2016-02-29,1.4058108,0.797626,1.8163664,2.3937972,1.687221
2016-03-01,1.2480216,1.405622,2.8717227,2.513521,0.44576776
2016-03-02,1.8551911,1.7461535,1.3818326,2.1108644,1.7041699
2016-03-03,1.8452902,1.8645833,1.1847374,2.2844625,1.8659359
2016-03-04,1.8161042,0.6281334,0.9861238,2.45379,0.7755512
2016-03-07,1.4568024,1.8376367,2.785328,3.2719429,1.4163816
2016-03-08,1.4551415,3.3074694,2.8052514,3.2112708,4.2569036
2016-03-09,2.5334318,2.9170923,2.602332,3.2059345,0.8518027
2016-03-10,1.7795798,2.4008563,1.7736024,2.5846403,3.2200112
2016-03-11,0.96146923,2.161523,1.0797749,1.9656234,1.1399301
2016-03-14,0.92299974,2.6467533,1.516067,2.0176969,2.7282996
2016-03-15,1.9444728,3.690655,2.1710606,2.7083423,2.7398536
2016-03-16,1.1608224,1.7058096,2.2961128,2.7347236,1.3728893
2016-03-17,1.5070522,0.0,0.30529976,1.3627455,0.3763647
2016-03-18,1.9251252,3.2988758,2.5356562,2.341077,2.6081142
2016-03-21,1.374409,2.129154,1.5305276,2.250057,1.6405964
2016-03-22,1.2799678,1.743345,1.7614111,2.7673938,1.983012
2016-03-23,1.5399435,4.1901984,2.8434398,1.8086418,3.1051917
2016-03-24,2.8727856,3.6043684,3.108954,2.7978892,2.572172
2016-03-29,2.1965077,2.8410687,1.3988495,2.5416617,2.9697905
2016-03-30,0.8966852,1.5968325,2.0071864,0.8027178,1.3816525
2016-03-31,2.1275017,1.7180281,1.899626,1.6476138,1.3529093
2016-04-01,1.4894899,3.6403642,1.2565851,1.291435,1.7644762
2016-04-05,2.939034,3.3006334,2.9725218,2.1497092,3.3972523
2016-04-06,1.6582599,2.1428854,2.812657,2.92463,1.1761937
2016-04-07,1.7206125,2.1562166,2.4939952,2.3888657,3.2868943
2016-04-08,1.0236707,0.824276,1.818498,2.944208,0.6431134
2016-04-11,2.2265828,1.0203103,2.2445824,1.9917226,1.7638288
2016-04-12,1.2028537,1.1913823,0.81179655,1.699225,0.0
2016-04-13,2.1524456,3.332673,0.942454,2.2279685,1.354285
2016-04-14,1.7809671,3.1252818,2.393986,2.193667,2.3583636
2016-04-15,2.4708753,3.1647873,1.7163885,2.9926946,3.0968103
2016-04-18,0.59816706,1.9530443,0.3692187,1.208311,0.99965703
2016-04-19,2.1130471,1.2764043,0.600348,2.8665318,1.0588973
2016-04-20,1.0022408,1.794603,1.0123433,3.1944833,1.1982651
2016-04-21,2.1186554,2.485406,2.5050554,1.7555703,2.2402854
2016-04-22,1.1418256,1.7073786,3.1123786,0.36584747,0.8177242
2016-04-25,1.3103274,2.0035348,1.0658305,2.0936549,2.5622168
2016-04-26,1.9931065,2.3835688,2.2259426,3.4411025,1.8703449
2016-04-27,2.257791,2.1930351,2.9113858,2.8378148,1.9670398
2016-04-28,1.9894586,1.4168166,1.7398975,1.9806083,1.501612
2016-04-29,1.336639,0.91922,0.4569763,1.5860825,1.693425
2016-05-03,2.26516,3.1454084,3.0736837,1.2794116,3.9758654
2016-05-05,1.8848941,3.0232565,3.7538233,2.695414,3.1462388
2016-05-06,2.1408238,2.0320647,1.3133266,2.8418527,2.0566933
2016-05-09,1.1171399,3.5628977,3.0286536,1.7958143,3.5023985
2016-05-10,1.7296396,3.0569134,1.5668708,4.0598745,1.6613076
2016-05-11,1.0516398,0.38845658,1.8115819,1.9973737,0.6298909
2016-05-12,1.1714342,2.7749484,2.4278646,3.0603726,3.0261538
2016-05-13,2.1424816,2.4771562,2.2603137,2.1456168,2.1242144
2016-05-16,2.1178713,2.9238582,1.5734411,3.648634,1.6439148
2016-05-17,1.4798402,2.159396,1.5292112,2.3264103,1.511834
2016-05-18,1.7608639,2.6506598,2.5222178,2.311392,2.3047328
2016-05-19,1.7564747,3.5207634,3.460107,1.8040981,2.1536098
2016-05-20,0.9654619,1.729119,1.4062562,1.7903891,1.9615978
2016-05-24,1.4472826,3.0221748,2.795479,1.9451699,1.8585634
2016-05-25,1.5970029,2.901124,1.5351524,3.2898686,1.9343987
2016-05-26,1.2281992,2.0676274,1.0108347,1.5948284,1.5165486
2016-05-27,1.2230358,2.6253636,1.4314506,1.8590038,1.4080479
2016-05-31,1.5257264,2.1315255,2.246234,1.3840895,1.4738164
2016-06-01,1.9896483,3.3775024,1.4373615,2.7322314,1.7246711
2016-06-02,1.5040207,2.864451,1.5258843,3.265242,2.3650942
2016-06-03,1.2140337,0.6027442,0.41141975,1.5978117,2.149675
2016-06-06,0.8074637,1.5359638,0.59604657,1.9611987,1.2577491
2016-06-07,1.1232944,2.0781977,2.2472727,2.6113493,2.2714157
2016-06-08,1.3975861,1.1246296,0.031630397,2.2634015,0.7374089
2016-06-13,2.567326,2.0952668,2.127862,0.6534928,2.8440475
2016-06-14,2.2049153,3.31199,2.5233417,2.6573908,2.7390597
2016-06-15,1.8802282,1.9082203,1.507731,1.1152337,1.5672829
2016-06-16,1.5412549,1.8923581,2.2361574,1.2972734,3.4260297
2016-06-17,0.93746096,2.6164021,1.3769778,3.3607495,1.1507998
2016-06-20,1.4275113,0.66722596,2.3368003,0.9820497,0.29296196
2016-06-21,2.218053,2.361253,3.262834,0.73687196,1.2752174
2016-06-22,2.2048888,2.5679016,1.9939371,1.8855695,1.8101751
2016-06-23,0.66381085,1.424097,1.7489353,1.2934217,0.9411082
2016-06-24,3.003261,1.5011406,2.3299918,1.6466377,4.434074
2016-06-27,1.9830046,3.0034304,1.710461,2.2806768,2.802532
2016-06-28,0.33180237,0.9361298,0.38029456,0.8540555,0.0
2016-06-29,1.0154743,0.0,1.803993,1.5759444,1.0823421
2016-06-30,2.9830027,3.1888983,1.8726314,1.8514138,2.0345676
2016-07-01,1.0471337,0.0,0.7924304,0.6372782,0.94128644
2016-07-05,2.4375467,1.8589864,2.4036186,1.4581264,4.04662
2016-07-06,1.9042017,1.4177947,2.578897,1.7123382,1.7892153
2016-07-07,2.2297077,2.9650145,2.7453961,0.8471782,3.1571195
2016-07-08,1.1700859,2.5447693,0.13861454,2.4898207,1.1832838
2016-07-11,0.3826921,0.7944423,0.96867526,1.013768,1.6622669
2016-07-12,1.2184411,2.6435,1.0177164,2.201454,0.0
2016-07-13,1.9818165,3.0517802,0.46531856,1.8646289,2.8009791
2016-07-14,0.891041,1.5268767,1.9066557,1.9469924,1.14969
2016-07-15,2.005974,2.463016,3.1510131,1.6898403,2.048128
2016-07-18,1.8459686,2.6207263,1.2654307,2.0896428,2.2369788
2016-07-19,1.9078381,1.5739917,2.7919464,0.70258176,1.6439517
2016-07-20,1.6066189,2.5616605,2.826149,2.1109664,2.0819886
2016-07-21,1.5827903,1.7377908,1.3157659,1.7876277,2.3924007
2016-07-22,1.66573,2.8189106,2.629055,1.9876156,2.3746283
2016-07-25,1.8233155,2.4210336,2.0512705,1.494353,2.449685
2016-07-26,1.6339953,1.924799,2.0649023,1.8710334,1.9334726
2016-07-27,2.2237508,2.5242305,1.7289119,2.3301811,3.1964169
2016-07-29,1.3081565,0.96000195,0.0,0.6328813,0.59871864
2016-08-01,2.3389065,1.8758368,2.6269317,1.0195724,2.1865618
2016-08-02,2.3341377,2.1059332,2.2262986,2.2741668,2.3569632
2016-08-03,1.2489557,2.3556345,2.134863,2.655716,1.2923481
2016-08-04,0.34420395,1.1218216,2.029642,2.191522,1.8301989
2016-08-05,0.90518606,3.1274786,1.3614448,2.157427,1.493469
2016-08-08,1.9690504,2.5690513,2.1275895,2.8429484,1.7776715
2016-08-09,3.18989,3.197987,2.8173687,2.8961437,2.8784344
2016-08-10,3.648385,3.2000387,2.3338976,2.3550327,2.5572655
2016-08-11,1.4319139,2.2612724,2.7742152,3.0243444,1.264442
2016-08-12,1.5393729,2.9799857,3.3310342,3.2079399,2.6965437
2016-08-15,1.7567972,2.2791088,1.7057433,2.891882,1.2675898
2016-08-16,1.1108685,1.3024805,1.778577,2.0589223,1.7721419
2016-08-17,2.276795,3.589467,2.4079294,3.170057,1.8408285
2016-08-18,1.2376851,1.3671644,1.6150646,2.4864674,1.5688158
2016-08-19,2.2628334,3.4310377,2.8654284,2.7675464,2.2868748
2016-08-22,0.40865445,2.167292,1.0895611,1.1389374,2.2753463
2016-08-23,1.0227386,1.3650727,1.9592738,1.6855985,1.510323
2016-08-24,2.0347738,3.843422,3.2055664,2.4850214,2.8722
2016-08-25,0.53190637,1.0346574,2.1449618,1.0177113,1.5681725
2016-08-26,1.9051198,1.8356583,2.4071326,1.4671952,1.7075597
2016-08-30,2.3362992,2.543453,3.1389375,0.66327846,2.2984598
2016-08-31,2.3174167,3.0931308,2.056803,1.6889536,2.7301095
2016-09-01,1.2269108,2.6284132,0.1435051,1.1806821,2.7035012
2016-09-02,1.4498057,1.59241,1.577722,3.1965604,2.1308231
2016-09-06,1.5190227,0.4085598,1.3096288,2.1393137,2.452607
2016-09-07,1.8273222,2.9968746,1.9187734,2.8674903,1.4937747
2016-09-08,1.2864907,2.4376457,2.400601,3.2855115,1.376814
2016-09-09,2.3796132,3.893928,2.0293615,2.0419767,2.834924
2016-09-12,1.4920857,2.8085022,3.018733,2.6232007,2.3905475
2016-09-13,1.0828971,1.5245891,2.348414,0.65081465,2.3958704
2016-09-14,1.7952577,2.2362719,0.78029203,1.0626545,1.5376407
2016-09-19,0.27968967,2.329438,0.26572013,3.6184082,2.054692
2016-09-20,1.217032,2.346092,0.4916383,1.8817633,1.2847404
2016-09-21,1.1468318,0.6325947,1.9835396,2.1018684,1.8047407
2016-09-22,2.3943155,1.6220112,1.5828452,1.8710601,0.9243511
2016-09-23,2.652311,3.288007,2.6509843,1.6973206,2.8576508
2016-09-26,0.5880847,1.0903686,2.2675848,1.4508317,1.0369979
2016-09-27,1.0243328,3.1908321,1.3139714,1.7648085,2.297224
2016-09-28,1.5387527,1.6609713,2.9836423,2.817375,0.9474863
2016-09-29,2.424911,2.5788631,2.3956418,2.5341396,1.9274628
2016-09-30,1.2127299,2.1936457,1.4626697,1.9671218,1.6195846
2016-10-10,0.0,4.2054577,3.1950934,2.986892,0.36274505
2016-10-11,1.8375217,3.1505036,2.60759,2.5901759,3.0776677
2016-10-12,1.2862644,1.8597835,1.6642404,0.76057386,1.4377081
2016-10-13,1.3618991,3.0945327,1.7284801,3.392015,2.6693447
2016-10-14,1.6963568,2.6556015,1.4310997,2.692893,2.049263
2016-10-17,0.0,1.0988864,0.7391027,1.4580402,2.1561062
2016-10-18,1.7261901,1.7077787,2.043183,2.028194,2.0300555
2016-10-19,2.0767336,2.6390467,2.2034442,3.1018374,2.183875
2016-10-20,2.5970316,3.1313457,2.9517915,2.0580802,2.7926683
2016-10-21,2.3248427,2.826555,2.6143396,3.0779395,2.2459102
2016-10-24,2.4438221,2.6054087,1.705091,2.1023307,1.5852896
2016-10-25,2.2517772,1.7302628,0.9374356,1.3635453,1.2967671
2016-10-26,1.8413001,3.1624055,1.5502294,2.2769368,2.158844
2016-10-27,1.6683037,2.0758054,1.5472376,1.8295387,1.2040436
2016-10-28,1.5716741,1.480823,1.019177,0.59618664,1.0818253
2016-10-31,3.2678404,3.7178683,2.0975816,1.9009069,2.2104821
2016-11-01,2.6945193,1.2657186,2.6128054,1.9332734,2.1325605
2016-11-02,2.1296751,2.0779147,1.7013314,2.121947,3.213546
2016-11-03,1.7786188,2.7598443,1.5175796,1.45084,1.4930243
2016-11-04,1.0307381,1.8443613,1.275902,1.6114061,2.6113336
2016-11-07,1.1918286,2.4723406,1.3203217,1.5893638,0.66980326
2016-11-08,3.1392841,3.4537716,1.8341999,3.088603,1.9237338
2016-11-09,1.2069173,0.87116253,1.8028926,0.06591201,0.6316737
2016-11-10,2.9054656,3.3973475,1.7698555,1.99769,1.3351578
2016-11-11,1.258219,4.889777,3.336536,2.130727,2.7779732
2016-11-14,0.95413554,2.028417,1.2763448,0.29017746,0.6820415
2016-11-15,1.375108,1.9371972,2.148852,3.3425746,1.3442652
2016-11-16,2.2403746,2.8102255,2.8658237,2.4393442,2.7612772
2016-11-17,1.5425327,2.598753,1.8968294,2.2285542,1.851857
2016-11-18,1.4025943,3.173087,2.1528213,2.6381707,1.9997433
2016-11-21,1.8296081,2.185025,1.310812,2.8660622,0.2108258
2016-11-22,2.1229177,2.309904,1.7128558,1.8718444,1.2671201
2016-11-23,2.5964725,3.9875665,1.7654378,2.461985,0.83953977
2016-11-25,2.270764,3.370428,1.1975577,1.0301234,1.4954277
2016-11-28,1.1921092,1.223035,1.5413028,2.0996938,1.3067632
2016-11-29,2.1221278,2.6967945,3.7398453,1.99189,4.289402
2016-11-30,1.1720855,1.8522574,3.3109953,3.1408105,0.011046886
2016-12-01,2.1010773,2.149169,3.29247,2.801835,1.0252788
2016-12-02,2.2744062,2.1685033,2.1632,3.065434,2.6995983
2016-12-05,1.8728187,2.5571578,0.7287569,1.8175329,0.7428845
2016-12-06,2.0588772,3.112738,1.9781386,2.3523972,2.3567727
2016-12-07,2.2741594,2.289745,2.1836371,2.4105392,3.1328244
2016-12-08,1.5713671,2.231198,2.9045799,2.1808326,2.1753898
2016-12-09,2.0880785,3.6115904,1.8630638,2.466632,1.2586989
2016-12-12,1.8334442,1.7023066,2.343054,2.9814389,2.2075942
2016-12-13,1.9116248,2.795331,2.2805014,2.1556356,1.8753389
2016-12-14,2.5915127,2.5741413,1.5227206,1.1949545,1.753812
2016-12-15,1.4461515,5.369105,2.6524885,3.3163857,1.9253957
2016-12-16,2.8197243,2.2486484,3.0083475,3.7244487,3.0384822
2016-12-19,1.8058331,2.6825073,3.3391228,2.9821787,3.45818
2016-12-20,1.3378091,1.610705,2.0560226,1.4325274,1.5660074
2016-12-21,1.0974625,2.1987,1.7423978,1.460948,1.6829171
2016-12-22,1.7729627,2.2914906,2.7116594,1.817383,1.845661
2016-12-23,1.4690344,2.3649235,2.7654762,2.3162532,2.5105307
2016-12-28,1.5201612,1.8762476,1.8413244,3.250144,2.0901034
2016-12-29,1.4707993,1.5652866,1.8580632,2.6485674,2.9360282
2016-12-30,1.7322168,2.5795054,1.7640396,1.9890194,1.5272887
2017-01-03,1.4264629,1.0342046,1.3353214,2.0924513,3.5498557
2017-01-04,1.1759998,1.777499,0.19140387,2.1196444,0.6449294
2017-01-05,2.0280352,1.7636263,1.6952437,2.434352,2.2328117
2017-01-06,1.3429121,2.0753288,2.2378564,1.509528,1.6224875
2017-01-09,3.2042806,3.2343078,1.2813191,2.0984707,2.63804
2017-01-10,1.7394843,2.1134198,0.57725406,0.9513804,0.9538443
2017-01-11,1.5952296,1.821234,2.7072635,2.8532784,2.0699613
2017-01-12,1.7199994,2.3400044,1.1213304,2.542395,1.2618867
2017-01-13,1.9372972,2.6104965,1.3568087,1.4534638,1.3160312
2017-01-17,2.0104854,2.6192367,2.047641,3.6282883,3.472434
2017-01-18,1.9000069,2.658778,1.1193309,1.2498955,1.8009511
2017-01-19,1.609379,2.8829527,2.6087604,1.8846109,1.8305843
2017-01-20,1.5953593,1.6257508,2.0509326,2.5016491,1.8742714
2017-01-23,0.918893,1.1666394,1.0774132,1.4194474,1.7095617
2017-01-24,2.4365203,2.1379175,2.1200056,1.8298278,1.2759562
2017-01-25,1.7512678,3.4584026,2.4149566,2.143403,2.5270991
2017-02-06,2.7664332,0.96827257,2.041083,2.29679,2.405815
2017-02-07,2.4881015,3.186251,2.120106,2.5407405,2.540865
2017-02-08,1.9683003,2.4170632,1.4583967,2.3939874,1.2267859
2017-02-09,1.509355,2.179872,2.1678705,2.4766204,2.1351218
2017-02-10,2.1427193,2.3806381,1.0194819,1.9105114,0.43445516
2017-02-13,2.0436714,3.213839,1.9142277,1.7196184,2.2262206
2017-02-14,1.629668,2.0771668,2.2630732,2.2803583,2.1446095
2017-02-15,1.4773024,1.9664358,1.3353401,2.0496788,2.096766
2017-02-16,1.901814,1.6255401,2.539331,1.5810885,2.3325338
2017-02-17,2.045616,2.5012798,2.9674165,2.2670324,2.5195563
2017-02-21,1.714526,1.92223,1.8210849,1.9572737,1.7084115
2017-02-22,1.4127706,2.436392,1.8315164,1.9796653,2.0640688
2017-02-23,1.68045,1.5052651,3.066173,2.478211,2.837271
2017-02-24,2.7033322,2.3355882,1.6123731,1.5316167,1.3710074
2017-02-27,2.760233,2.5792189,2.7393098,1.8513138,1.6179624
2017-02-28,1.558269,2.9505632,0.92727184,2.5682697,1.781407
2017-03-01,0.8435331,2.419602,1.0224375,2.9506893,1.3396382
2017-03-02,1.3560568,3.595553,3.2013948,2.0717907,3.3404794
2017-03-03,1.2969067,2.1426685,1.7983799,2.1717734,1.6436485
2017-03-06,1.5904154,2.6251686,2.4153445,2.2842698,2.186316
2017-03-07,2.352719,3.3463092,3.5956392,2.5678725,2.7170777
2017-03-08,1.63204,2.9715962,1.9048357,1.1226535,2.6144185
2017-03-09,1.8252338,2.8879201,2.6450453,1.5022453,2.3901825
2017-03-10,1.2318442,1.9208026,1.5931783,1.0826442,1.8353803
2017-03-13,2.0486262,2.0127099,1.9139311,1.2325653,1.3726368
2017-03-14,2.0468411,2.598499,2.124559,2.0429347,2.1646638
2017-03-15,1.4368305,2.5609279,1.0466764,2.6302183,1.223842
2017-03-16,2.3984504,1.5001658,1.4432269,2.3028522,2.1763933
2017-03-17,1.600233,1.9816318,1.4323812,1.7541833,1.4817116
2017-03-20,1.9815251,2.1928575,2.3355963,2.0203676,2.1343632
2017-03-21,2.3304536,2.4935277,2.3363543,2.1445327,2.5141428
2017-03-22,2.1010823,2.4870262,2.236479,2.113417,1.8496746
2017-03-23,1.5959799,2.0759027,2.0952046,1.7593036,2.0686307
2017-03-24,1.2729726,1.4289913,2.2154827,1.4975146,1.9257787
2017-03-27,1.7061415,1.7120833,2.3352969,2.2882638,2.6908307
2017-03-28,1.821155,2.2928874,1.5528185,1.9002604,1.02702
2017-03-29,1.9127177,2.3126688,2.3695133,2.1432273,1.2581131
2017-03-30,1.7109638,2.2603319,2.3137639,1.7698858,1.4279306
2017-03-31,1.3406174,2.1634948,2.4078906,2.6829562,2.7786694
2017-04-05,2.684609,2.8354678,2.7845955,2.692744,1.7894499
2017-04-06,1.2716037,1.6479731,2.5094452,2.212642,2.4402134
2017-04-07,1.737033,2.1874628,2.1679628,2.6764724,2.223781
2017-04-10,1.1725745,2.8813324,2.4984765,3.0228438,2.59163
2017-04-11,2.107287,1.397665,2.2327561,2.7262502,2.9702826
2017-04-12,2.0578902,2.8648207,2.161135,2.6274798,2.540652
2017-04-13,1.7929916,1.8338898,1.3592014,1.7863505,1.6019211
2017-04-18,1.6850517,2.3304029,2.7761433,2.228727,3.2044985
2017-04-19,2.176421,3.3970618,1.5642416,1.3475658,1.8766155
2017-04-20,1.6139313,1.6873792,1.4603035,0.5491253,0.3575834
2017-04-21,2.2818015,3.0311093,2.4265842,2.615658,3.0602
2017-04-24,1.7198715,3.0032406,1.7199332,1.8059759,1.7063135
2017-04-25,1.5972773,2.8241909,1.7312968,2.319986,1.5760772
2017-04-26,2.3596337,3.0487092,2.540332,1.6787113,1.6526766
2017-04-27,2.819166,3.5102024,2.4648914,2.96088,2.9719691
2017-04-28,0.46813905,1.2124383,1.0316184,1.543503,1.5586233
2017-05-02,1.5012877,4.2059956,0.67096937,2.6272519,2.3816288
2017-05-03,1.4915336,3.3167338,3.0374405,3.1196542,2.8246672
2017-05-04,2.4854636,3.5513105,2.602456,1.0764639,2.5816545
2017-05-05,1.9420872,2.6039605,2.1189907,2.8192897,1.8489977
2017-05-08,2.5598123,2.5280464,3.1392503,2.783675,2.6224406
2017-05-09,1.4483769,3.0788603,1.7338595,1.6826634,1.8386507
2017-05-10,1.274323,1.5635202,2.2568142,2.9162002,2.1061633
2017-05-11,1.3968279,1.5853634,1.6641352,1.5746446,1.1536725
2017-05-12,1.1323695,1.717108,1.3387643,1.737324,1.5048094
2017-05-15,1.7918761,2.2590876,1.4786091,2.771709,1.5736705
2017-05-16,3.2387705,3.0198827,2.8429246,3.2353349,2.7975922
2017-05-17,1.8732944,1.6412058,1.6254406,2.635437,2.2341275
2017-05-18,2.1780806,2.6311822,3.4897432,1.920562,2.1516707
2017-05-19,1.1573703,1.7956613,0.62248623,2.4052694,0.72488785
2017-05-22,2.179277,1.9411631,2.0144954,2.4458435,2.0607274
2017-05-23,2.586512,2.6851282,3.018266,1.8667407,1.8078768
2017-05-24,1.8962916,2.7705586,2.345048,2.4696074,2.4867373
2017-05-25,2.25071,2.5265973,1.5617222,1.1926986,2.5046835
2017-05-26,2.0371294,2.0567527,2.4055853,2.535892,2.205734
2017-05-31,2.6393876,2.9107075,2.57388,1.8865371,3.0365646
2017-06-01,2.196782,3.109809,2.734035,2.1090221,2.0254967
2017-06-02,3.208268,2.8800669,2.3032212,2.623936,2.7205088
2017-06-05,1.734599,2.3709617,1.9904029,2.4101224,2.9130087
2017-06-06,2.0838974,2.3524528,2.2335606,3.1385832,2.5580888
2017-06-07,1.9524317,3.6046247,1.2126611,2.0657682,2.891769
2017-06-08,1.4150767,2.886029,1.4017236,2.261555,1.5197296
2017-06-09,2.1749024,2.8559227,1.8099966,2.1321583,1.1854839
2017-06-12,1.6374665,2.1720872,3.1128125,1.8267162,2.6161716
2017-06-13,2.280145,3.5512245,2.6286232,3.3660464,2.4309473
2017-06-14,2.8442955,2.4888577,1.7107587,1.6491567,2.871616
2017-06-15,1.6956656,4.011852,2.4283206,2.797531,2.1211398
2017-06-16,2.197055,2.846496,2.0126143,2.913376,1.9753237
2017-06-19,2.0845177,2.6066308,2.0386682,1.4548032,1.6016935
2017-06-20,1.6581299,2.4750614,2.2936714,1.5082712,2.423889
2017-06-21,3.0843973,2.9830415,2.166424,1.3373501,1.6614736
2017-06-22,2.236179,2.0633705,2.596919,1.592341,1.4816754
2017-06-23,0.6789917,0.9068723,1.048761,1.2950728,1.4561701
2017-06-26,1.4699267,2.52767,2.0947235,1.7114322,1.3197935
2017-06-27,1.3952923,1.9681133,1.3968065,2.165505,1.03878
2017-06-28,1.9782039,2.2059288,2.141615,2.4362962,1.7065752
2017-06-29,1.1626363,2.3894482,1.1324122,2.7426882,1.897887
2017-06-30,1.4284421,3.0180635,0.95143163,3.8587317,1.9809302
2017-07-03,1.44735,4.0889,1.9783652,3.8942404,1.8573571
2017-07-05,2.207786,3.510944,1.7551435,2.5531719,3.2550745
2017-07-06,1.0962732,1.3585308,1.8216777,1.3286896,1.3452605
2017-07-07,1.4724909,3.5335643,1.7669821,2.0024345,2.4573193
2017-07-10,4.9376574,5.1424694,3.684838,5.2631264,3.7742462
2017-07-11,1.853956,2.234924,1.823297,2.0790744,1.1890135
2017-07-12,1.9159837,1.0968696,2.35812,1.2254922,1.617028
2017-07-13,0.67902064,0.62893534,2.951023,0.5339693,1.4139643
2017-07-14,1.5275763,1.4526161,1.1823621,2.2922983,1.545817
2017-07-17,1.7374003,2.3074758,1.1861365,2.1023011,2.078813
2017-07-18,0.41066265,0.7936981,1.1527387,1.234976,1.5293851
2017-07-19,1.7494948,2.6249094,2.4689012,3.508912,2.370778
2017-07-20,1.4447049,2.3869874,1.2573187,2.5946138,2.5087247
2017-07-21,2.166889,1.9295384,1.8941928,1.1006457,2.1582665
2017-07-24,2.029706,2.2387645,2.3868515,1.6608157,1.5668489
2017-07-25,2.0447135,1.413731,2.4463768,1.0473741,0.027923346
2017-07-26,1.312244,2.3143957,1.7356325,2.7555487,1.7608726
2017-07-27,1.1523168,1.6391573,1.3390137,2.2571878,1.8284537
2017-07-28,1.9852719,2.0364428,2.2972977,3.166434,2.3934758
2017-07-31,1.1983529,1.4109073,1.7555661,1.767432,1.6554548
2017-08-01,1.4832276,1.2906735,2.3537223,0.575729,2.1135502
2017-08-02,1.82633,2.4605796,1.6018839,2.2520838,1.4645243
2017-08-03,2.150713,2.3887923,2.571035,1.5127602,2.1571693
2017-08-04,2.1345778,3.1541991,2.5119798,2.7112913,1.9137706
2017-08-07,1.7243887,2.5319219,0.9271562,1.6680393,1.2281269
2017-08-08,1.663234,1.8637259,0.89863324,0.77061343,0.4934677
2017-08-09,2.0817635,1.9427637,1.8605106,2.5775228,2.1800156
2017-08-10,3.0339634,1.8920984,3.3061218,0.81753075,2.0757177
2017-08-11,1.6570824,2.1362214,2.17927,2.3875916,2.3137438
2017-08-14,1.8735707,2.7389004,2.2004392,1.7357681,2.6932101
2017-08-15,1.0154519,1.8271353,2.4702704,0.513549,1.3507702
2017-08-16,2.315623,1.8851371,0.8539499,0.3965956,0.38997948
2017-08-17,1.4365283,1.7468276,2.2182636,2.6172967,2.5205758
2017-08-18,1.5378942,2.135014,1.903695,2.5985308,1.2561026
2017-08-21,1.4954114,1.8257895,1.0861119,0.68434894,1.543574
2017-08-22,1.7066855,2.2790713,2.276812,1.9703864,1.6769904
2017-08-23,1.3501825,1.7426735,1.8096724,2.1562352,1.4503946
2017-08-24,1.3510113,2.2182665,1.172485,1.964261,1.5726314
2017-08-25,1.9167025,2.169799,2.8060906,2.7850504,3.000903
2017-08-29,1.331266,0.21721458,1.3560672,0.5632627,0.7601428
2017-08-30,1.536967,2.3020382,2.3139997,2.2275243,2.0798857
2017-08-31,0.95307034,1.5930798,1.299251,3.473599,0.8308085
2017-09-01,2.6819098,2.9677258,0.88512087,1.1524552,1.9963089
2017-09-05,1.5757582,2.3271325,1.5504181,3.0771413,2.6475368
2017-09-06,1.4165632,2.388054,1.7524351,2.4680746,1.9718649
2017-09-07,1.8745869,1.4888669,2.0944946,1.513866,1.7378495
2017-09-08,1.486484,2.6073365,2.5796454,2.6152897,3.6189566
2017-09-11,1.652594,2.7793062,1.8610955,1.7016578,1.3400353
2017-09-12,2.00191,2.548551,2.6945624,2.2745569,2.1946428
2017-09-13,1.1482756,2.2890556,2.5899515,3.1033268,2.8567953
2017-09-14,1.8176061,2.824884,2.1727014,2.8274171,2.49164
2017-09-15,1.3937902,3.0834925,1.361865,3.5251927,2.3816602
2017-09-18,1.305388,2.681529,1.8357956,0.94823134,0.8608341
2017-09-19,2.9065151,3.1985154,2.6090176,2.1130295,1.9081835
2017-09-20,1.1535611,1.6665282,1.1487913,1.9808531,1.0567613
2017-09-21,1.7719773,3.2590714,2.992438,2.6546462,2.696951
2017-09-22,1.5472382,2.514138,2.398166,2.890127,2.7093987
2017-09-25,1.9720191,1.6356758,2.3618624,2.361912,1.4131005
2017-09-26,1.9327078,3.0878315,2.748511,1.8089911,2.3304539
2017-09-27,1.9715365,3.1588058,2.1940734,2.3278959,2.2107582
2017-09-28,1.6628083,1.8131909,1.4170573,1.0148137,1.342202
2017-09-29,1.6271977,2.793227,2.1028633,2.2640126,2.2759504
2017-10-09,2.3797562,2.0445702,0.33179808,0.3005618,0.69578063
2017-10-10,2.0930686,1.62544,2.0292366,2.4516644,1.5974652
2017-10-11,2.2198021,2.7531047,2.8387954,2.7075486,2.2174306
2017-10-12,2.2487915,2.6350403,1.1086488,1.9620442,1.7892617
2017-10-13,1.6148801,2.0712667,1.6538869,3.046644,1.9777395
2017-10-16,3.0858097,3.1475558,2.9473002,2.6812468,1.9283801
2017-10-17,1.1144133,2.718464,2.6093593,2.262598,2.4033914
2017-10-18,2.0356796,2.6853604,2.436513,2.244931,2.0107207
2017-10-19,1.8736868,2.1941705,1.363236,1.9537846,2.0408585
2017-10-20,2.0232658,2.6292868,2.9031084,2.3445034,1.831909
2017-10-23,1.0051191,2.201199,0.77528596,1.8659718,1.4617658
2017-10-24,1.5058284,2.0447555,1.9020685,2.0723476,1.1907508
2017-10-25,1.8762863,2.3471093,2.0274918,1.9535075,1.7907858
2017-10-26,2.0939078,2.783875,2.659437,2.4700546,1.7685139
2017-10-27,1.1995289,2.0763717,2.5272708,3.0832846,2.666463
2017-10-30,1.554827,1.582649,1.6065791,1.6460106,1.4054816
2017-10-31,2.4047277,2.9317362,2.2211053,2.052784,1.2256733
2017-11-01,2.746992,2.1759303,1.2920476,1.7788502,1.5670491
2017-11-02,1.2249281,2.4538753,1.754748,2.4585083,2.270336
2017-11-03,1.3741428,2.2834482,2.7285843,2.191486,1.6181992
2017-11-06,1.2791209,1.0581734,1.5394686,2.5169263,1.5185652
2017-11-07,1.678836,3.1670687,2.8193338,2.8573651,3.1790948
2017-11-08,1.599931,1.8133321,1.478709,2.1297574,2.1370757
2017-11-09,1.4468589,1.8831909,2.6645262,2.13064,2.3827062
2017-11-10,0.94732857,2.4578753,1.4722338,1.6631672,1.8090218
2017-11-13,1.7922603,1.6304206,1.8580427,1.4125054,1.7990805
2017-11-14,1.5406146,2.3419197,2.7514806,2.237743,3.517211
2017-11-15,2.121578,2.9448786,1.827154,2.271066,1.7980487
2017-11-16,1.3351735,1.8636866,1.9592179,1.814056,2.434769
2017-11-17,2.1077056,1.8928555,1.4927764,2.9502892,1.6662828
2017-11-20,1.4670101,3.5678465,2.347727,1.6903684,1.6605414
2017-11-21,2.0857368,1.9453617,1.813637,2.284949,1.7378199
2017-11-22,1.9047513,1.9989655,1.6229782,2.344997,1.734657
2017-11-24,1.355346,1.7310536,1.7904997,1.5413454,1.1338801
2017-11-27,1.63888,2.0105681,2.411746,2.0281744,2.5140157
2017-11-28,1.2049961,2.4437304,2.12724,2.2303424,2.4240437
2017-11-29,0.7728878,2.7943616,1.4539027,1.7448634,2.0625618
2017-11-30,2.184741,2.9764326,2.799926,2.7617764,2.8036318
2017-12-01,1.6133876,2.2675455,1.3027924,2.009347,1.0677878
2017-12-04,1.9560722,2.9083333,2.2293625,1.92754,2.7376401
2017-12-05,1.5584462,3.301094,3.3395839,3.201941,3.072282
2017-12-06,2.1795297,3.026726,2.3640296,1.5113971,2.6938329
2017-12-07,2.5689948,3.176468,3.1739583,2.7353535,1.774907
2017-12-08,2.0290883,2.7150166,2.569148,2.601346,1.8235803
2017-12-11,2.0182946,1.9668458,2.21864,1.6148362,1.1178484
2017-12-12,2.4508896,3.326269,2.4756064,2.055599,2.2925355
2017-12-13,1.3453559,1.9279344,1.0371734,1.6243417,2.1808372
2017-12-14,1.5370896,1.525425,1.5253022,1.5517396,1.1472824
2017-12-15,3.091005,3.479793,1.468207,3.0921676,1.7363715
2017-12-18,1.5253733,1.3092223,1.6019348,1.8273897,1.7636244
2017-12-19,0.8470192,1.5693958,1.4183574,1.9927548,1.665897
2017-12-20,1.6327661,1.6834681,1.4393312,1.9587861,1.3430926
2017-12-21,1.0508341,1.7310835,1.3293908,1.5273097,1.2859302
2017-12-22,2.220279,2.1559513,1.807081,1.9176077,1.3185421
2017-12-27,0.9233756,1.0902016,0.8909552,2.0366824,0.89334667
2017-12-28,1.546216,1.2413863,1.3789929,1.1428808,1.0689251
2017-12-29,1.8542118,1.9278836,1.6214408,2.4291863,1.9507887
2018-01-02,1.5136778,2.1583772,1.3937364,2.3466253,2.4248142
2018-01-03,1.9889327,2.3991613,2.5601885,3.3520863,2.5594573
2018-01-04,1.7597198,1.9491459,1.5992888,1.659868,1.4437385
2018-01-05,2.5385907,3.0420241,2.7612004,2.7790053,3.1235542
2018-01-08,2.2414148,2.7532701,2.7055569,2.0566683,2.0390608
2018-01-09,1.4757969,2.5625734,2.373583,2.8067343,2.012951
2018-01-10,1.4981575,1.6808414,1.6047243,1.4909143,1.3535435
2018-01-11,0.93529564,1.5197887,1.5628257,1.1013794,1.4108336
2018-01-12,1.9707631,1.702729,2.019426,1.5998732,1.4036844
2018-01-16,3.2226696,3.5787594,2.5468225,2.8885345,2.6059515
2018-01-17,1.1812612,1.9966991,1.7047094,2.1900647,2.02211
2018-01-18,2.062851,2.9198241,2.0675359,1.7691951,1.2515194
2018-01-19,1.578787,1.972997,1.4203737,1.8500406,2.0515726
2018-01-22,1.5104451,2.485379,1.7976975,1.902833,1.4834561
2018-01-23,1.9056125,2.3822238,2.6594458,2.7528033,2.1670926
2018-01-24,2.25733,1.6112487,0.7624186,2.1777987,1.1201588
2018-01-25,1.7855489,1.8819251,1.8233584,2.0967886,2.2179132
2018-01-26,1.6073664,2.8515058,2.1625786,2.5548904,1.8210334
2018-01-29,1.9588401,3.4517899,1.8765585,2.5749843,2.2238328
2018-01-30,3.1437018,4.1794004,2.8415573,3.9437053,3.7561393
2018-01-31,2.7497425,2.598514,2.2481105,2.0612385,1.7079958
2018-02-01,1.911828,2.0749314,1.9363111,2.0340376,1.5279325
2018-02-02,1.6173117,3.069275,2.77795,2.3465023,2.9378424
2018-02-05,2.147252,2.5356472,1.8044677,1.6204247,1.9361714
2018-02-06,1.7092052,3.365186,1.9891807,3.279953,3.4168563
2018-02-07,1.2811625,3.3591619,2.3015435,2.4137464,3.3502543
2018-02-08,2.0225139,2.3390987,1.858815,1.5023487,1.7187192
2018-02-09,1.9786987,3.1887963,2.6146584,1.8872774,3.33434
2018-02-22,1.305161,0.26882768,0.0,1.6033231,0.0
2018-02-23,1.5738668,2.4806528,2.5219119,2.8681488,2.3289518
2018-02-26,1.5184566,2.1490972,1.652714,2.3294349,1.9019759
2018-02-27,2.0977135,3.7187908,2.3962083,2.2843878,2.3890224
2018-02-28,1.0260231,2.430631,1.2196077,2.4082766,3.1155262
2018-03-01,0.7329494,3.0567741,1.5321534,2.839997,2.3805838
2018-03-02,2.4324474,2.0840425,2.4699419,2.312374,2.34011
2018-03-05,1.096998,2.2185934,1.8398098,2.6605282,1.8471097
2018-03-06,2.4112046,1.9165295,1.9269592,2.256589,2.0653474
2018-03-07,2.1208467,3.3968008,2.9634438,1.895244,2.749852
2018-03-08,1.3619473,2.6164489,1.8491557,2.1492302,2.6910174
2018-03-09,1.9587476,1.2158206,2.2295814,1.3599994,0.67868996
2018-03-12,1.9636406,2.9830716,2.3999536,2.7474873,2.947144
2018-03-13,2.255747,2.4894333,1.5430421,1.9812466,1.5732181
2018-03-14,1.4157612,2.0816793,2.4222982,2.3384807,2.2551
2018-03-15,1.8683661,3.1018374,2.2456295,2.7854176,2.310285
2018-03-16,1.7875779,2.4443758,2.5739403,2.0155807,1.5221691
2018-03-19,1.4367495,1.080695,2.6155992,0.95847225,2.1060336
2018-03-20,1.116229,2.297001,2.4295373,2.3499045,1.7697413
2018-03-21,1.8708472,1.6708953,2.0705683,2.6429026,1.5233785
2018-03-22,1.5692158,2.3238688,2.197579,2.3894134,2.8949337
2018-03-23,1.8100371,1.7264807,2.5300891,2.7385793,2.6297092
2018-03-26,1.7682356,1.9628265,1.9641196,1.4529121,1.8340678
2018-03-27,1.2143197,2.2735407,1.7928104,1.6781293,1.5362778
2018-03-28,2.3121157,3.4954755,2.615899,2.0944736,1.946815
2018-03-29,1.5045204,3.0164585,1.2847182,3.2509727,2.1941054
2018-04-03,1.3359545,2.0066385,1.0699308,1.7775465,2.668417
2018-04-04,2.3290539,2.7281137,3.332252,2.1281376,2.5899432
2018-04-09,0.760651,1.5765791,0.0,1.7452621,0.37849832
2018-04-10,2.0794916,2.0270803,1.9794332,2.1708593,0.47487986
2018-04-11,1.5585269,1.3669766,1.891452,1.6622713,1.3462683
2018-04-12,1.60394,3.0388868,2.171578,2.1773682,1.7625691
2018-04-13,1.8600258,1.8615483,2.5088427,2.090515,2.20064
2018-04-16,4.0369177,3.7045133,2.382928,1.6003358,0.81076515
2018-04-17,2.3354552,2.5794127,2.2545006,2.2367635,2.0261028
2018-04-18,2.0588362,1.4847,0.48378718,1.3297162,0.0
2018-04-19,1.8304193,2.7635028,2.692071,2.9365258,2.8544388
2018-04-20,0.6881691,1.606493,1.9471557,1.0562636,1.2770455
2018-04-23,2.3085186,3.8721519,4.240392,3.8297327,3.7806828
2018-04-24,2.1605458,2.518066,2.1226532,2.9003377,3.2802978
2018-04-25,1.4973282,3.3252366,1.888882,2.4563475,1.8096297
2018-04-26,1.1155597,1.8633747,1.7181528,1.6695443,1.3594506
2018-04-27,1.2227,2.181611,1.8462589,3.0299523,3.1558006
2018-05-02,0.10046327,2.646035,0.90337086,1.9093701,2.5467007
2018-05-03,2.3941975,2.82813,2.3771143,3.557006,3.102974
2018-05-04,1.4393619,1.2922633,1.5383667,0.8041079,0.19228148
2018-05-08,2.001482,2.1881335,2.7591867,1.6321476,2.0092542
2018-05-09,1.9167187,2.0703614,2.6094294,2.5128174,1.4402968
2018-05-10,2.235619,2.0568237,2.1407514,2.4918985,2.212544
2018-05-11,1.9915996,2.2974825,2.6082885,1.9818559,2.301741
2018-05-14,1.7657591,2.7279167,2.056436,2.2215562,1.592658
2018-05-15,2.163303,4.6885824,2.0981328,3.5707116,1.9805548
2018-05-16,1.3425126,1.6631541,2.070545,1.6947482,1.6256304
2018-05-17,1.8126366,2.2604136,1.8913746,2.1208882,1.845672
2018-05-18,1.2412684,2.6295202,1.3547249,2.619781,2.5523694
2018-05-21,0.56050277,1.1445469,0.6866969,1.8494675,1.3138349
2018-05-22,1.8087035,2.401452,1.8659658,2.7859023,2.3968315
2018-05-23,1.8792152,3.2989078,2.2220855,3.1679778,2.6088452
2018-05-24,1.79469,1.4654915,1.2966579,1.3140211,1.8630713
2018-05-25,1.3092273,2.8901336,1.2568208,1.7646353,2.6368015
2018-05-29,1.0051033,1.8305342,1.3341727,0.675998,1.3640271
2018-05-30,2.0631807,1.609663,2.450124,2.0332916,1.1658651
2018-05-31,0.7325462,1.7084274,1.2137511,1.3014528,1.9137256
2018-06-01,2.2564306,2.870813,1.888546,1.685794,1.6274174
2018-06-04,2.8031728,2.4880676,2.8622406,0.78925073,1.571989
2018-06-05,2.6410217,2.6838741,1.9496206,2.4100718,1.8199933
2018-06-06,1.6956393,1.9292911,1.4685737,1.5820413,1.6747341
2018-06-07,1.6713022,2.0100584,2.7554379,2.2753882,1.7285154
2018-06-08,1.1167896,1.7625424,1.401839,1.7435356,1.8852581
2018-06-11,1.4747206,1.6082559,2.3252835,1.5354946,2.0321655
2018-06-12,1.5755949,2.9023454,1.6590645,2.656915,2.3766155
2018-06-13,1.9682715,1.8752507,2.5458407,1.9330741,1.7440071
2018-06-14,2.263816,1.8326674,2.9500628,1.6261797,2.646781
2018-06-15,2.0614648,4.445285,3.6988335,2.1764548,3.4429264
2018-06-19,3.3671405,3.234434,5.5811176,3.069798,3.602594
2018-06-20,1.7212442,2.4333432,1.6924379,2.288825,1.9094771
2018-06-21,1.8070419,2.8659868,2.1682649,2.176735,2.6301095
2018-06-22,0.8452066,1.1980243,1.5409116,2.2852569,1.1331182
2018-06-25,1.0943382,1.7016567,2.88193,1.245281,2.6994596
2018-06-26,1.6049281,2.1314092,2.560958,2.357815,1.6494148
2018-06-27,1.8580047,2.6650655,2.3228064,2.2710812,0.9835491
2018-06-28,2.0566378,2.6043637,2.8822124,2.1338186,2.064555
2018-06-29,1.97583,2.6011071,2.1606236,3.411325,2.4396353
2018-07-02,2.3355541,3.6963377,3.8403702,1.3256509,2.5699573
2018-07-03,2.2095926,2.001685,2.117254,3.1112456,2.971447
2018-07-05,1.9460697,2.883186,2.7967503,3.3612132,3.5367327
2018-07-06,0.66067016,2.3812804,0.19945288,2.5209043,1.8140049
2018-07-09,1.3503115,1.1004769,2.1358237,1.1859851,1.3258748
2018-07-10,1.5567887,2.3449616,2.7084866,2.459951,2.4106786
2018-07-11,2.3393617,3.439636,3.4039001,0.8828536,3.7277677
2018-07-12,1.4014108,1.7883148,1.1608595,1.9146093,1.3746071
2018-07-13,1.8057927,2.4708042,3.1561818,2.0352252,2.0406272
2018-07-16,1.8125961,3.5840623,0.9573045,2.6098695,3.412291
2018-07-17,0.58481324,2.3456962,2.067783,2.4813926,2.693006
2018-07-18,2.2024448,2.5725222,1.9356478,2.1562567,1.2124343
2018-07-19,1.5952375,3.2296867,2.6675808,3.144908,3.076311
2018-07-20,1.4714594,1.3840911,0.67793393,2.1986241,1.3434942
2018-07-23,1.626702,2.5182579,1.9370071,1.9876274,2.0383985
2018-07-24,1.8199474,1.9624813,1.4176435,1.6621501,1.0571208
2018-07-25,1.7029709,2.654721,1.5753298,3.4691243,2.492464
2018-07-26,1.5915151,2.3475785,2.2724218,1.9657695,1.650868
2018-07-27,1.7556385,2.7251246,1.671536,2.0112743,1.8413488
2018-07-30,1.473425,2.2371342,1.6445851,2.6054459,2.0572739
2018-07-31,2.5247908,3.1568089,1.0486722,2.345384,1.9326777
2018-08-01,1.9346507,3.3974895,3.3422983,2.3414502,3.6398692
2018-08-02,1.1671278,1.9360453,2.2274718,2.3654516,2.0317578
2018-08-03,1.7913715,2.0476978,1.253329,1.9581391,1.6163965
2018-08-06,0.9261692,2.3100183,1.9591341,2.410747,2.2875397
2018-08-07,1.932321,2.2640615,1.8823926,2.2298317,1.4790301
2018-08-08,2.0840545,2.7086556,1.076535,1.0882185,1.8060889
2018-08-09,1.7841405,2.1960661,2.2852645,2.0721254,2.3952284
2018-08-10,1.8729727,1.6037221,3.8533046,1.2665668,1.8649682
2018-08-13,2.555345,4.3579874,3.6767287,2.9739618,2.8417888
2018-08-14,1.7003585,2.6013105,1.8786309,2.6759143,2.4481385
2018-08-15,1.791245,4.345835,4.3593435,3.1288025,4.532957
2018-08-16,2.5312564,2.7995222,0.5970222,2.424488,0.8271817
2018-08-17,2.5299969,3.3159132,2.4085767,2.9521194,2.1638007
2018-08-20,1.9089442,1.4388969,1.9628577,1.511928,1.3041738
2018-08-21,1.420939,1.4489791,1.7603723,1.3871055,1.3309865
2018-08-22,1.4254247,1.3095125,2.6628778,1.5022063,1.4532849
2018-08-23,1.0695584,2.1545148,2.5136404,1.3583043,1.8827729
2018-08-24,1.663018,1.0171136,1.1425095,1.7279991,1.2516185
2018-08-28,1.4229791,1.102507,1.8809309,0.4871168,0.7894373
2018-08-29,1.6119409,2.5561967,2.1649663,2.899868,2.085681
2018-08-30,1.1246879,2.1952193,2.6535578,2.5781617,2.5748777
2018-08-31,1.9030418,3.4543839,2.0402844,3.5026326,3.1029353
2018-09-04,1.8298749,3.473957,3.038507,2.8644474,3.240937
2018-09-05,1.692766,1.8900461,1.8091252,1.6398339,2.259866
2018-09-06,2.9611654,3.1599278,2.5255446,2.4754405,2.4020476
2018-09-07,1.0968647,2.182781,1.7432001,2.009063,1.7596796
2018-09-10,1.3030286,2.1355648,1.3592544,2.3223996,1.9858649
2018-09-11,1.5948098,1.8743672,3.4614136,2.8061836,2.80508
2018-09-12,1.5745262,0.85416317,1.283049,0.9813764,0.6256499
2018-09-13,2.2200933,2.5948124,2.3614738,1.6086655,2.4281826
2018-09-14,2.615931,3.5063438,2.888618,2.6930892,2.440279
2018-09-17,2.8360329,3.7722986,2.3121498,3.893656,3.096297
2018-09-18,2.8029783,2.4331036,2.5241795,2.0361266,1.1536449
2018-09-19,1.2239141,1.844847,0.7515358,2.362782,1.5501845
2018-09-20,1.9159387,2.636946,0.96194375,2.4312968,1.8306237
2018-09-21,1.7483101,2.26482,0.7611433,1.2044976,0.27154243
2018-09-25,2.2877486,2.8622632,3.0003462,3.2703214,1.8976011
2018-09-26,2.854504,3.3305984,2.501955,2.307404,2.001513
2018-09-27,1.2645906,2.7740154,2.468795,2.9310951,2.5724726
2018-09-28,1.5839139,0.61665845,1.3865588,1.0877154,0.87292135
2018-10-08,0.0,1.0082755,0.0,2.876441,1.6591526
2018-10-09,1.8658282,1.7131159,1.7072372,1.6646149,1.3837715
2018-10-10,1.9669825,2.6837614,2.731339,2.0730097,3.2611334
2018-10-11,2.6533628,2.0297246,1.1838968,2.2701175,3.3126404
2018-10-12,0.9785654,2.308154,0.8767719,2.1442776,1.5381494
2018-10-15,0.0,0.8487265,0.56764543,2.08672,2.388282
2018-10-16,2.066775,2.3052511,2.4771183,1.9591681,1.6922065
2018-10-17,0.51428163,1.6518828,0.9000912,0.88998103,1.902709
2018-10-18,1.239912,1.6975889,2.2317889,1.0794452,2.2269785
2018-10-19,1.5806258,1.9236056,2.2603753,2.2048938,2.1332383
2018-10-22,2.0867243,2.9752746,2.0944889,2.0088499,1.4573059
2018-10-23,2.1818526,2.3093863,1.528856,1.7131841,3.1625237
2018-10-24,2.5294466,3.0228336,2.9918938,2.535634,2.3635151
2018-10-25,1.1741638,1.4863884,2.3491998,1.4336264,1.8068172
2018-10-26,1.9705989,2.7300687,1.9207847,2.8556092,2.1818016
2018-10-29,2.9557347,3.6511056,3.355966,2.7296796,2.592467
2018-10-30,2.261134,2.7864048,2.8597245,2.4626508,3.1507819
2018-10-31,1.6626049,2.8350382,2.29351,2.2605155,2.4739103
2018-11-01,1.8126574,1.5274639,0.0,1.4751701,1.7963737
2018-11-02,1.47695,2.0815094,0.97957754,1.7765987,1.5662757
2018-11-05,1.3475325,2.5854554,2.4761581,2.1543078,2.3501577
2018-11-06,2.3189373,3.1291022,2.7510962,2.4591572,2.693106
2018-11-07,1.4001123,1.7511294,1.4067762,1.6404848,1.5703769
2018-11-08,1.8250872,2.8073974,1.6468303,1.3148623,1.6940916
2018-11-09,1.6587545,3.3912735,3.0137372,2.1364822,2.5182662
2018-11-12,2.3188553,3.4078639,2.7804852,3.0301738,2.6456685
2018-11-13,2.3283603,3.24403,1.6830001,0.6559721,2.7288885
2018-11-14,0.19869709,0.99207044,0.9959724,1.1648355,0.9990783
2018-11-15,3.586116,3.1207066,2.3080332,3.140841,2.403116
2018-11-16,1.7015667,1.8156048,1.3802665,1.6544465,1.2714229
2018-11-19,1.2706532,1.4372474,2.1450415,1.4718375,1.7032952
2018-11-20,2.5771685,3.9363012,2.0826879,1.7091323,3.531133
2018-11-21,1.4710274,1.5240414,1.4388354,2.0147862,1.5284915
2018-11-23,3.3395762,4.4593763,2.4788268,1.5336273,3.6845143
2018-11-26,0.42183816,0.8680563,2.1978393,1.5326982,1.5773273
2018-11-27,1.7720269,3.300556,2.486655,2.7688081,2.7676933
2018-11-28,0.99260813,1.9767153,0.0,1.5765866,1.6595535
2018-11-29,2.2369199,2.5945446,2.6151264,2.5741842,1.6555521
2018-11-30,2.1784258,3.8341694,1.4863172,2.4311821,1.5954262
2018-12-03,1.8444835,1.5245551,1.4400597,2.7174664,1.316426
2018-12-04,1.9325156,2.5505817,2.2257392,2.6520057,2.2111228
2018-12-05,1.4261998,2.171965,1.5791485,1.3321595,1.4324579
2018-12-06,2.3736634,3.1254032,3.0737138,2.4468875,3.415883
2018-12-07,0.94622797,1.5023183,1.2866421,2.4942105,1.4166888
2018-12-10,1.8543106,3.1070004,2.1127565,1.898078,2.9989142
2018-12-11,2.2291043,2.4740822,2.1667128,2.3917606,1.7262552
2018-12-12,2.6472063,2.5077927,2.0116358,2.8205009,2.6394475
2018-12-13,1.5257273,2.1230917,2.5886273,2.6730738,1.8711289
2018-12-14,2.4240217,3.5098596,2.4469864,2.1539648,2.6946323
2018-12-17,4.456,4.5653925,2.3243313,4.063815,3.017537
2018-12-18,1.9670868,3.4152534,1.9710243,1.8562884,3.8024225
2018-12-19,1.2706604,1.0763196,1.8457816,1.8743767,1.2831464
2018-12-20,2.5952265,2.7028284,2.1369944,1.6885489,3.268896
2018-12-21,1.9695704,2.9297318,2.7577872,2.0603995,2.3960872
2018-12-24,2.5540566,2.961132,1.5701061,1.701726,3.7380316
2018-12-27,1.8567691,0.98827624,2.973377,2.3137276,1.8554821
2018-12-28,2.5048492,2.7411304,2.3709126,3.3163354,2.7354994
2019-01-02,3.7232385,3.5119247,3.844236,4.4050865,3.0674915
2019-01-03,1.7406319,2.3333566,1.8995218,2.9441195,1.9531391
2019-01-04,1.0153046,1.411824,0.47395337,1.4223006,0.333686
2019-01-07,0.9826395,1.5779328,1.246921,1.7188499,1.4885206
2019-01-08,1.6333069,2.1006408,2.5923307,2.7306504,1.879235
2019-01-09,1.1936045,1.5861349,2.1431494,2.9678407,1.3926029
2019-01-10,1.8867322,2.178034,2.9124558,1.7837324,1.9398136
2019-01-11,1.718909,2.7118022,1.374809,1.9396896,2.1943917
2019-01-14,0.83018976,2.1225877,1.5781083,1.0206153,2.0766299
2019-01-15,1.6833738,1.9537065,2.324583,2.2516847,1.1271777
2019-01-16,1.4064192,1.6050695,1.3573983,1.7738569,1.4071193
2019-01-17,2.0749485,3.1386132,1.4279811,2.574789,1.7017581
2019-01-18,1.2066875,2.3362875,1.5365324,2.2676945,0.89073646
2019-01-22,2.9449604,3.621894,2.8843338,2.6649659,3.198938
2019-01-23,1.8532782,2.3556464,1.3470924,1.9354455,1.6626942
2019-01-24,1.350809,2.0741992,1.8958536,1.9311315,1.9059008
2019-01-25,2.1547446,1.457515,0.9277357,1.6288064,0.9694787
2019-01-28,2.7607388,3.365825,2.5810094,2.7790737,3.769758
2019-01-29,1.4980038,1.3987999,2.0368862,1.7021749,1.0124496
2019-01-30,2.3267663,2.4511817,1.7669791,2.382028,1.3980834
2019-01-31,1.1337681,1.0484565,1.2433509,1.1087425,1.7835828
2019-02-01,2.4474916,2.933994,2.8275723,3.1999035,1.8665385
2019-02-11,2.8195791,4.075532,3.8746314,2.6004105,3.3747144
2019-02-12,1.7115775,2.5455961,2.2884352,3.2112482,2.6876364
2019-02-13,2.054611,2.3475108,2.621779,2.6635692,1.9936503
2019-02-14,1.6588553,1.9787793,2.9610353,2.012873,1.7952995
2019-02-15,1.8838595,1.4751251,1.6827071,2.5152445,1.0726185
2019-02-19,1.458377,0.41034126,1.2711487,0.54098356,1.1301765
2019-02-20,1.4201484,1.1147873,1.4363735,1.4670391,1.0670664
2019-02-21,1.6100807,3.6725206,1.829172,2.5700822,1.3723404
2019-02-22,1.9248335,1.7243279,1.4130976,1.8551606,1.5961486
2019-02-25,1.6979994,2.2980583,1.7799345,0.68852925,2.206224
2019-02-26,2.7688394,2.6035087,3.0431643,2.2265227,1.7190295
2019-02-27,1.2493582,1.7207844,1.9349567,2.0584137,1.3768024
2019-02-28,1.887451,2.5879073,2.104655,2.0116482,1.8021929
2019-03-01,1.0692637,2.8647895,1.7367036,1.7644914,1.4155172
2019-03-04,2.397732,3.7461634,3.48562,3.0931833,2.5635543
2019-03-05,1.0785756,1.9457421,1.0441217,1.7302511,1.29076
2019-03-06,2.064639,2.2794986,2.880836,1.7031826,2.032976
2019-03-07,2.1413243,2.653,3.223161,2.4083183,2.4594328
2019-03-08,1.6436653,1.8013916,1.6079711,2.0655582,2.3317404
2019-03-11,2.2066684,2.6521826,2.845412,2.3932106,1.9865066
2019-03-12,1.8351884,2.299376,0.467862,2.1179912,1.2293522
2019-03-13,1.2059333,1.2370067,1.417253,1.6541468,1.1882977
2019-03-14,2.0210502,3.6737275,2.8107975,2.877764,2.5518901
2019-03-15,2.1369293,2.989129,1.2996604,3.4756699,2.6183712
2019-03-18,1.6280257,2.0524454,2.05253,1.9784646,1.6190226
2019-03-19,1.7728809,1.6536903,1.5027148,1.5074811,1.242979
2019-03-20,2.1504796,2.7510877,2.0982513,2.784009,1.800583
2019-03-21,2.2090182,2.8887136,2.229177,2.9353476,2.8248193
2019-03-22,1.9104943,2.6839185,2.4653878,2.1994526,2.7018008
2019-03-25,1.7625195,1.997985,1.6642954,2.3715062,2.162502
2019-03-26,1.3609402,1.9507179,1.963918,1.6156421,1.23627
2019-03-27,2.322586,2.9213262,2.2888296,1.876476,1.9123502
2019-03-28,1.4865475,3.0940392,2.5016353,2.0079827,2.0771086
2019-03-29,1.1592155,0.54297984,1.6262312,0.3224213,0.6982963
2019-04-01,1.9981072,2.9700732,2.1118097,3.0959373,2.1253662
2019-04-02,2.1218798,2.7875104,2.6618905,3.153322,2.473129
2019-04-03,1.8196815,1.82634,1.2876344,1.6275078,1.3396088
2019-04-04,1.8282012,2.315565,1.8129159,2.905278,2.5901604
2019-04-08,1.3746773,1.1104436,2.53584,1.7922018,1.5177419
2019-04-09,1.7320602,2.3982124,2.0789866,2.2676606,2.3220816
2019-04-10,1.8627969,2.0554442,2.2470982,2.727465,1.920271
2019-04-11,2.3351219,4.0086102,2.9849854,2.3800287,2.4921746
2019-04-12,1.4923993,1.8081504,1.189785,1.659133,1.1528428
2019-04-15,3.3583126,3.8516963,2.883998,3.1175487,2.5833354
2019-04-16,1.2210698,2.1769955,2.9248261,2.0022788,2.1495368
2019-04-17,2.4670663,2.5916502,2.4322312,2.1199057,2.063565
2019-04-18,1.3721092,1.9522288,1.9437664,2.751908,2.4570827
2019-04-23,0.97915924,1.3739407,3.240509,1.8533287,1.7829036
2019-04-24,2.1924725,2.1319704,2.4034483,1.634661,1.9483023
2019-04-25,1.1556011,2.1568594,1.8143849,1.7872438,2.1930068
2019-04-26,2.0936859,2.1368783,1.4741803,1.4844612,2.3364093
2019-04-29,2.5906816,2.982627,2.7439563,1.9727526,1.8221611
2019-04-30,1.1640782,1.7037485,2.1428592,2.1954582,2.1151905
2019-05-07,2.7440345,4.1452136,3.497671,2.6963232,4.9255095
2019-05-08,1.8971208,2.7013493,2.9422526,2.5638788,2.3542924
2019-05-09,1.4534589,1.7732308,2.651293,1.5225962,2.2629976
2019-05-10,2.4656487,2.1963174,2.3428311,1.8836647,1.6264217
2019-05-13,2.6096785,3.4196787,2.7036164,3.594954,3.6618712
2019-05-14,1.1086227,2.585351,0.7271632,2.890606,1.5545444
2019-05-15,3.0901306,3.9309268,1.9612374,3.529182,1.6286001
2019-05-16,1.5389618,3.4263625,1.7572745,3.1610422,1.5559199
2019-05-17,2.33178,3.4189975,3.1946313,2.5589623,2.8366976
2019-05-20,1.1006666,2.6090157,1.2505267,2.8089488,2.6725194
2019-05-21,0.9352494,1.7477505,1.6111102,1.9216383,2.0960736
2019-05-22,2.5444362,3.3824835,2.5808733,2.6220958,3.029262
2019-05-23,1.4497998,1.7819784,1.1067889,0.23242903,2.3648233
2019-05-24,1.316951,2.5333662,0.7580029,2.618234,1.3609843
2019-05-28,0.79345274,2.995969,0.91463137,3.366232,1.9905856
2019-05-29,1.6285696,2.483101,1.7810502,2.4531822,2.5316424
2019-05-30,2.020487,3.4634833,0.53490424,2.889497,3.2519727
2019-05-31,1.7240719,1.7024946,1.6807684,1.0438433,3.209474
2019-06-03,1.9645865,1.901582,1.4650427,2.1794262,3.3994482
2019-06-04,1.3924053,1.7895511,1.8330883,1.7544132,1.6328466
2019-06-05,2.6413267,2.8062563,3.3988614,1.2591162,2.7110066
2019-06-06,1.4809421,1.8970008,1.2646558,2.7021172,1.8147124
2019-06-10,2.69242,3.116368,3.5739243,2.5732303,2.0763538
2019-06-11,1.9838259,2.398047,1.5486937,2.452153,1.731199
2019-06-12,1.5646753,2.879291,0.7515234,1.8831519,2.6095808
2019-06-13,2.0832987,2.7172968,2.1120055,3.709801,2.4151824
2019-06-14,1.9528414,3.112088,2.417402,3.2779098,2.652814
2019-06-17,2.6807153,3.65731,1.8299547,2.6279383,2.2490876
2019-06-18,2.1962578,1.5594821,2.245602,1.9710937,1.1349256
2019-06-19,1.6410389,1.9226334,2.363,1.6557543,1.9971136
2019-06-20,2.4811442,1.1916133,2.0557506,3.7795215,2.4104629
2019-06-21,2.1613312,2.125451,3.609989,2.478437,2.4191315
2019-06-24,0.6238096,1.2517663,0.35896122,1.3214797,1.2690921
2019-06-25,1.3101842,1.7879126,1.3316385,1.3981936,1.0500365
2019-06-26,1.530122,1.783824,2.6734407,2.316304,1.5089028
2019-06-27,1.3715835,2.1344948,2.0482905,2.1845486,2.4053829
2019-06-28,1.7358015,1.3727133,1.8738248,0.99272084,1.5008224
2019-07-01,0.7094114,1.9630796,2.6661272,1.372959,2.4175322
2019-07-02,2.4345477,2.6559062,2.0646617,1.3316889,2.9433324
2019-07-03,1.386592,2.0720687,1.0130055,3.4450707,2.0823426
2019-07-05,1.1831696,3.1289947,2.794143,1.833749,1.7283646
2019-07-08,2.5896983,3.0108337,2.2768161,2.8880355,2.5572324
2019-07-09,2.5698185,2.8294632,2.7595782,2.6687627,2.174818
2019-07-10,0.7187972,0.6656933,0.795897,1.77342,0.0067391396
2019-07-11,2.246702,3.5682962,1.7073263,3.2510474,2.6156301
2019-07-12,2.185627,2.4958048,1.7842554,2.264605,1.8860011
2019-07-15,1.4350795,1.3714234,1.3038363,0.65422726,1.3136652
2019-07-16,4.1370177,3.733119,2.7741232,2.069263,2.330347
2019-07-17,2.4653733,2.2319744,1.9318821,1.8374197,2.1020257
2019-07-18,2.6420212,2.4208095,2.2128978,1.3468542,2.2704263
2019-07-19,1.8141162,2.8834853,1.6636504,3.2490997,2.1801286
2019-07-22,1.2960002,1.3921837,2.7741437,1.6404301,2.3025296
2019-07-23,1.7857982,2.4121447,2.0551891,2.8199291,1.9458541
2019-07-24,2.2776263,2.391734,1.353544,2.1411421,1.8865279
2019-07-25,1.4216518,2.3986535,2.6941063,2.0629122,2.1164393
2019-07-26,2.0248864,2.5119286,2.3928409,2.3037446,2.296532
2019-07-29,1.7730476,1.9660883,1.4021242,1.9923345,1.5888443
2019-07-30,1.8233374,1.7644148,2.8436458,2.399484,2.2360756
2019-07-31,0.6074904,0.95283604,2.2496486,0.70813894,1.5134311
2019-08-01,2.6366417,3.8584824,2.378454,0.778209,3.4232683
2019-08-02,3.0644894,3.1092982,3.4951174,4.73967,3.6894073
2019-08-05,3.3567147,3.4063952,2.3081985,2.6499982,3.3285842
2019-08-06,1.4269797,1.8626182,1.6426361,1.1681402,1.9803427
2019-08-07,3.3115356,2.4006357,1.5976185,2.2957377,3.686018
2019-08-08,1.3259923,2.550561,0.7276486,2.014816,0.0861392
2019-08-09,1.5999517,2.4619288,2.7107015,3.648398,2.6453125
2019-08-12,2.8241384,1.7571297,3.4334576,0.7397915,1.4444318
2019-08-13,0.032583117,0.2792406,1.65906,0.6701033,0.0
2019-08-14,2.2423296,2.5347204,2.4087374,1.8243661,3.1760273
2019-08-15,0.0,1.0710502,0.6622305,0.43602037,1.8641084
2019-08-16,1.5227672,2.5726657,1.6649785,2.6668468,2.0556643
2019-08-19,2.3053675,2.567116,3.2615347,2.2113104,1.7855655
2019-08-20,1.822565,1.9951785,2.4362326,2.098725,2.0318706
2019-08-21,1.5313306,2.1174033,1.271066,1.8249419,1.4465353
2019-08-22,1.7293828,2.6911573,2.3472428,2.6648517,2.9589045
2019-08-23,2.122016,1.6371509,2.1457436,1.4872384,2.5919342
2019-08-27,2.776272,1.9245069,2.0966325,2.3992114,2.0862732
2019-08-28,1.4915748,1.5524516,1.5335071,2.6329603,1.810742
2019-08-29,2.1686256,2.6036866,2.195359,2.026511,1.2497112
2019-08-30,1.722165,2.3106666,1.4034791,1.2262167,2.004924
2019-09-03,2.847499,1.6865191,1.7786874,1.2138035,3.0195704
2019-09-04,1.6179454,1.0735848,1.2880642,2.0219162,0.16253316
2019-09-05,1.0236895,3.18334,2.2469337,1.7497456,1.3423148
2019-09-06,0.6297127,2.0165544,2.1935437,1.4637182,1.5434008
2019-09-09,1.0563015,1.8645496,1.8391104,1.9209404,1.4822471
2019-09-10,1.3630319,2.8528903,1.1064082,2.1726785,1.4646778
2019-09-11,1.7398418,2.1867747,1.6570807,1.484309,2.2090714
2019-09-12,1.695237,2.8250136,0.8478365,2.6431065,2.1024933
2019-09-16,0.84012234,2.393786,2.811069,6.702733,1.2239561
2019-09-17,3.0711331,3.1541111,2.3886876,1.1402727,3.1518903
2019-09-18,2.2254443,3.2841692,2.203529,2.6965601,2.7232893
2019-09-19,1.5826046,2.1670966,1.9968914,2.2906969,1.7143134
2019-09-20,1.3710065,1.6770588,1.8775995,1.3990891,2.0409522
2019-09-23,1.911046,1.3251089,1.3666058,2.2989423,1.9756078
2019-09-24,2.037521,2.7664847,2.1699145,2.645894,3.2915208
2019-09-25,1.190651,3.35666,1.9248084,1.7747374,1.7377532
2019-09-26,2.1213264,2.5926454,2.482347,2.5691564,2.2668605
2019-09-27,1.8240446,2.578349,1.9122933,1.5317156,1.6349714
2019-10-08,1.7722275,4.588288,0.27343488,3.229065,3.058198
2019-10-09,1.9829397,2.1932068,2.0058193,2.353959,2.1737194
2019-10-10,1.78632,1.7348127,1.9829519,0.84061146,0.26777315
2019-10-11,1.0207026,2.964647,1.1935029,3.3517375,1.8062756
2019-10-14,2.1545873,2.7128067,2.1163788,2.6943831,3.246709
2019-10-15,2.13964,3.4535036,1.9820585,1.9108288,1.158503
2019-10-16,1.6602467,1.9375701,2.3307028,2.292184,2.0650134
2019-10-17,1.5757897,2.0560474,1.7401295,2.2676775,2.0270727
2019-10-18,1.2223153,1.8962569,1.3703804,1.5837107,1.6563227
2019-10-21,2.1821473,2.62107,2.3819432,2.0082703,2.1910706
2019-10-22,1.1827221,1.9159167,1.7562841,1.9699806,1.7510748
2019-10-23,1.9226983,1.5085497,2.0363584,2.3052301,1.444846
2019-10-24,1.9322883,1.9935832,1.8962526,2.288905,1.7626393
2019-10-25,1.3330255,1.5481462,1.6792672,1.7106258,1.7328426
2019-10-28,1.0801253,2.198091,1.566642,1.2082005,1.4222922
2019-10-29,1.7295992,2.386829,1.7478437,1.8189796,1.5096884
2019-10-30,1.5208293,2.0974495,1.371712,1.8338025,2.2568266
2019-10-31,2.0492618,2.2477083,2.173794,2.5127144,3.325869
2019-11-01,1.5388038,1.6442884,1.3964843,2.1039805,0.5246506
2019-11-04,1.7544563,2.4262352,2.0438874,2.013472,1.4260075
2019-11-05,1.0134667,2.829878,2.2930155,2.4207978,1.8336468
2019-11-06,1.6314894,2.1093748,1.9045185,1.7110016,2.7197602
2019-11-07,1.218169,2.958595,2.034526,1.5790956,1.0486312
2019-11-08,1.1163225,2.537538,2.133144,2.1357014,2.121095
2019-11-11,2.3440306,3.0185413,3.1613953,2.5386384,2.9298024
2019-11-12,1.7212728,3.0935326,1.9444361,2.7600842,2.442194
2019-11-13,1.0915602,1.0223093,2.3863025,1.9304371,2.6107154
2019-11-14,1.8871005,2.1834655,2.2562456,2.5096455,2.747633
2019-11-15,1.6609386,2.0994039,2.1724722,2.0548182,1.4542837
2019-11-18,2.3533325,2.7351859,2.656756,2.6069617,3.199226
2019-11-19,2.9323435,3.0997102,1.9332403,2.5310335,2.7890549
2019-11-20,0.81155837,1.1631149,2.1766133,2.391249,1.868409
2019-11-21,1.0501153,1.8262168,2.4275289,2.2860281,1.6845474
2019-11-22,0.91618955,2.3249843,1.1003942,1.3506476,1.4851718
2019-11-25,1.1750541,2.0949144,1.8110566,2.363075,2.2761307
2019-11-26,2.07533,1.7092464,2.1298976,1.7236359,1.389941
2019-11-27,1.3531023,2.418934,2.0037577,1.5362533,1.7776976
2019-11-29,2.6268945,3.375865,1.848571,3.024891,4.027669
2019-12-02,1.3122458,2.1477108,1.9218829,1.5915625,2.0637937
2019-12-03,1.9972769,1.8210139,2.606995,2.5381866,3.0267053
2019-12-04,1.4987248,2.4258761,2.3987274,2.7377448,1.3100924
2019-12-05,1.3174287,1.7427509,1.8200951,1.9666162,1.9212943
2019-12-06,1.2960066,2.576387,1.600534,1.9907398,0.81397307
2019-12-09,1.4112405,1.9896779,1.5700009,2.1425958,2.0947564
2019-12-10,1.2806267,1.5484712,1.4192388,2.1378436,2.0008101
2019-12-11,2.037279,1.7225022,1.6396599,1.3363438,1.8861978
2019-12-12,1.2009902,2.3309464,0.69501007,2.4663668,1.3378099
2019-12-13,2.550612,2.9348867,2.8267899,3.0884252,2.0552979
2019-12-16,3.0082812,4.506183,0.8029573,4.5898366,2.0594318
2019-12-17,2.3581085,3.1183116,2.7201266,3.5010493,2.5596337
2019-12-18,1.5341696,1.9435894,1.8716477,1.5775363,1.7413765
2019-12-19,2.058676,2.2186742,1.8143357,1.9598129,1.2922335
2019-12-20,1.1465914,2.398888,1.3364534,1.6567729,1.6519119
2019-12-23,2.624229,2.2597842,2.4686215,2.722471,2.625452
2019-12-24,1.8141255,1.5653713,1.7421787,2.333653,1.9679759
2019-12-27,1.5729082,1.9498087,1.3834534,2.840475,1.9834148
2019-12-30,1.9752247,2.3792326,1.6777483,2.280508,1.9597774
2019-12-31,2.2922175,2.8511322,2.4901686,2.4691956,3.2270825
2020-01-02,2.7840805,2.8053865,2.0169892,2.4451113,1.7223668
2020-01-03,0.99133444,0.5818894,2.581487,1.9024304,1.9204239
2020-01-06,1.4788104,2.0695221,1.756748,1.781993,1.7643955
2020-01-07,2.2286143,2.459285,1.845853,2.074326,2.1578443
2020-01-08,2.3948088,3.7338681,1.5427974,1.3828938,2.2949321
2020-01-09,1.1333083,2.1795595,1.7817018,2.1036,2.1045933
2020-01-10,1.2222432,1.5958682,1.1038685,1.8008702,1.9555881
2020-01-13,1.8384688,2.690085,2.0552778,1.7685124,2.1090233
2020-01-14,1.7025864,2.584275,2.0402825,2.3639767,1.9036803
2020-01-15,2.5599232,1.9314878,1.8366218,2.0677545,2.4089868
2020-01-16,1.547134,2.0784855,2.7600365,1.3266119,1.6116849
2020-01-17,2.266292,2.6705687,1.398613,3.133259,2.431933
2020-01-21,2.2436545,3.0702562,2.8269193,2.243629,2.5093431
2020-02-03,2.0716674,3.6979883,5.574688,1.0413274,9.98927
2020-02-04,1.676428,3.1640391,1.5375531,1.8953373,1.4592962
2020-02-05,1.9781514,1.7511712,1.603451,2.3586698,0.75978816
2020-02-06,1.6185071,2.0264978,1.9070599,1.8088063,1.6475713
2020-02-07,1.4791069,2.5371776,2.3609183,2.8833745,3.2427335
2020-02-10,1.5966823,2.1125984,1.7628129,1.9066484,2.7019818
2020-02-11,1.1750684,1.8579276,1.4111462,1.4549819,0.97302437
2020-02-12,0.9584483,1.8837188,1.8332914,2.7828276,1.3815453
2020-02-13,2.3048406,2.0719516,2.0685732,1.7488216,1.5638683
2020-02-14,1.3583772,1.8206325,2.3949897,2.536022,2.5257273
2020-02-18,2.9178653,2.8182437,1.8264856,3.473702,2.368278
2020-02-19,1.5752988,1.5509789,2.212442,2.532146,1.7723407
2020-02-20,1.9583482,2.5699668,2.7962158,2.1619022,2.3334296
2020-02-21,1.4309838,1.4426339,1.2869029,1.8258836,2.2817974
2020-02-24,2.6920505,2.0172482,3.1157277,1.2714311,3.8374152
2020-02-25,1.6151745,4.228445,2.0298796,1.6913368,2.3466856
2020-02-26,2.2564733,3.6023383,1.9331547,1.4524186,2.4353368
2020-02-27,3.030747,3.4342608,3.2047257,2.204576,3.1901965
2020-02-28,0.9631163,5.09594,2.5191689,1.6650798,1.8082166
2020-03-02,1.1808758,1.121322,1.1333051,2.4118125,0.5115193
2020-03-03,1.9059452,1.3661468,1.621434,3.006091,3.1148374
2020-03-04,2.715313,3.133413,2.07389,2.4701753,1.7592137
2020-03-05,2.813853,2.6599011,2.3328805,1.5257053,2.4492373
2020-03-06,3.6628795,3.870943,2.195523,1.081502,4.469511
2020-03-09,2.5867062,5.133418,0.0,0.0,5.7957063
2020-03-10,0.6338922,1.6242611,2.0171142,3.3763485,0.45002496
2020-03-11,2.2474859,3.3809822,2.4913187,1.5245655,2.760553
2020-03-12,2.0103526,6.1121264,3.4486158,0.343935,4.1777463
2020-03-13,0.0,4.026864,1.7728854,0.4947871,0.0
2020-03-16,1.9151692,7.1333466,3.448967,0.0,4.3412733
2020-03-17,3.9639149,3.8282356,3.5160775,3.6941504,4.032738
2020-03-18,1.7021595,7.2330303,1.6591904,0.34502828,5.310982
2020-03-19,1.6105475,1.6673174,3.1586952,6.1493397,0.79352796
2020-03-20,3.0628953,3.2083468,0.8478714,2.0432096,4.2074165
2020-03-23,4.111433,3.0175881,1.2290374,3.8191166,5.84966
2020-03-24,2.688723,0.0,0.59183705,3.0729964,1.7846322
2020-03-25,1.1117234,0.27098656,1.7607708,2.8341277,0.8490548
2020-03-26,2.3679934,3.0214891,2.0746157,1.1320759,2.831916
2020-03-27,2.7393162,3.6761923,2.7937555,2.051776,2.1146107
2020-03-30,1.343491,3.1616502,1.7806498,0.9148725,3.0336924
2020-03-31,2.007487,2.9838202,1.6223483,1.6972746,1.0367396
2020-04-01,2.5032184,2.8597379,4.5017586,1.8241452,3.5461292
2020-04-02,0.0,0.0,2.652582,3.4769735,0.0
2020-04-03,0.0,0.4946128,3.0355225,3.1027822,0.8303486
2020-04-07,2.1203942,1.4978409,0.0,0.03381586,2.2064989
2020-04-08,1.2952716,2.1348822,2.5780013,2.592209,1.6238301
2020-04-09,2.982359,1.5893166,0.5167401,2.0790539,3.4254842
2020-04-14,4.609393,2.105532,2.0245068,0.8175682,1.9941857
2020-04-15,1.1143386,3.1357353,1.962445,1.0116746,2.0659297
2020-04-16,0.0,0.59437764,1.4288946,0.38338184,1.3267783
2020-04-17,1.478618,3.3122888,1.4675164,1.7276974,1.3982763
2020-04-22,0.27076924,0.0,2.4383159,4.2127404,0.0
2020-04-23,2.2827642,1.8349246,2.9652367,3.8963523,1.6309638
2020-04-24,3.4850721,3.6869812,3.2950444,1.8262991,2.3317375
2020-04-27,3.8114514,4.6061106,1.5959535,0.023044586,3.0640485
2020-04-28,0.5847739,1.1402858,1.1537249,1.5989168,1.178221
2020-04-29,0.19088614,0.20582962,2.6674829,3.8794508,0.0
2020-04-30,0.7149576,2.043637,2.5218227,5.199582,1.0665861
2020-05-06,2.0347283,1.5982938,6.213187,5.945099,0.0
2020-05-07,2.860597,1.6871566,1.4396491,2.8587058,1.7719347
2020-05-11,1.1686836,2.6412985,1.3652978,2.4887173,1.4002593
2020-05-12,2.044465,2.3369064,2.555108,2.6791482,2.310558
2020-05-13,2.4529989,2.5417376,2.837168,1.2581544,2.9754162
2020-05-14,0.9684735,0.37664735,2.5662045,3.5631828,1.3370192
2020-05-15,1.0157434,0.0,1.9673797,2.4622653,1.7176547
2020-05-18,1.0108638,0.14088154,1.17886,2.4131792,0.0
2020-05-19,1.0265336,0.69115734,0.9125986,1.0049738,1.3878874
2020-05-20,2.4015698,1.7290223,1.7451953,2.9333227,1.6720697
2020-05-21,1.8122451,4.4071856,3.4487133,2.50588,1.9069957
2020-05-22,2.056501,1.8532447,2.4080725,1.953736,3.1388774
2020-05-26,1.1865299,2.846723,1.5828903,2.610673,0.92374516
2020-05-27,2.9234567,3.586954,2.2588525,2.6052475,3.5813284
2020-05-28,1.6978518,2.3652475,1.5563734,2.0661683,1.8423127
2020-05-29,1.9746361,1.2438364,1.9822892,2.332884,1.3460021
2020-06-01,0.40219414,0.0,1.3541318,1.6998509,0.4679985
2020-06-02,0.40525627,2.1750293,2.2332036,2.3243062,0.6986071
2020-06-03,0.104572296,2.010106,1.0703795,1.3818846,1.4368961
2020-06-04,2.1058204,2.4309793,1.8033798,3.163516,2.3501606
2020-06-05,0.0,1.9631896,1.94352,1.9274136,0.0
2020-06-08,2.995546,2.2174003,1.6299872,2.036348,2.8164248
2020-06-09,2.0100555,1.8979962,2.6618311,2.4582162,1.8875375
2020-06-10,1.3948904,2.0132375,1.7276382,1.7551503,1.1448264
2020-06-11,2.6243973,3.8042922,1.9605472,1.2597181,4.2530365
2020-06-12,2.1617272,3.1932755,2.6749384,2.9290874,2.4554062
2020-06-15,2.7226036,3.1310296,3.243588,3.6181116,1.9827738
2020-06-16,1.1125927,0.5735322,1.6305944,1.8498788,0.8933418
2020-06-17,1.0823162,1.8292336,1.1591561,1.3733832,1.3690453
2020-06-18,1.9165825,3.017843,2.7092187,2.405047,1.306669
2020-06-19,1.5573859,1.297898,1.5981636,2.4359057,1.9391124
2020-06-22,1.0626316,0.94240546,1.5342369,1.5652523,1.4103483
2020-06-23,1.9381557,2.0609932,2.1299086,2.203503,2.6179845
2020-06-24,2.0736501,4.0456557,2.1626408,1.2187042,3.3374028
2020-06-29,1.9526812,1.3385875,1.7442584,1.9427005,1.0585358
2020-06-30,1.3209955,1.5730243,0.39486444,2.656713,2.2775085
2020-07-01,0.7197226,2.7450888,1.327967,2.8659775,1.4123105
2020-07-02,1.2955831,1.1180135,2.33883,1.5432427,1.0010202
2020-07-06,2.8421474,3.0720363,1.7519249,2.3852057,1.4772685
2020-07-07,1.3470423,1.1315002,1.2962457,2.0046575,1.8097087
2020-07-08,1.6998523,1.4733559,0.8333752,1.7093768,1.3271525
2020-07-09,2.8570051,4.489163,2.586388,2.3659477,2.3934443
2020-07-10,1.4167712,1.2297138,1.8297186,0.9060737,0.25501454
2020-07-13,2.889717,1.5043173,1.9016458,1.1821432,1.7227167
2020-07-14,2.325838,3.7159257,2.8379729,2.9549038,2.608394
2020-07-15,1.4517589,1.9280095,1.9977331,3.0495758,2.0766776
2020-07-16,3.0242915,4.0881286,2.21563,2.8597007,2.1004133
2020-07-17,1.9460479,2.256511,1.897711,2.8683908,2.9385164
2020-07-20,1.7464769,1.3168995,1.9762859,1.4553621,1.6299715
2020-07-21,2.2701921,0.0,1.2508571,2.0000997,1.0158186
2020-07-22,1.463155,0.52591157,1.0217097,2.7008748,3.1977856
2020-07-23,2.6044958,2.6798165,1.5816655,1.5580359,1.7444906
2020-07-24,2.3635705,2.958661,2.8555214,2.9235752,2.5695698
2020-07-27,1.3888357,0.098071575,0.9485396,1.6093171,2.1736987
2020-07-29,1.0967953,1.3440859,1.311167,0.5743818,0.98145235
2020-07-30,0.28950107,2.755945,1.1989746,1.0509167,1.896765
2020-07-31,1.8092978,1.7453439,1.3078167,2.8596902,2.5114012
2020-08-03,0.2593273,0.6475351,0.819368,0.8949902,0.22432053
2020-08-04,1.309227,0.0,1.4230065,0.84389293,1.5065823
2020-08-05,2.3563244,1.2997112,1.3110752,2.112072,1.5528601
2020-08-06,2.326671,1.1561465,1.7808654,1.940668,2.2923684
2020-08-07,2.3758216,4.7084394,3.6651955,2.37043,2.7618406
2020-08-10,3.0812852,1.5871756,1.9861429,2.7904398,1.9295975
2020-08-11,0.3800316,5.0201855,2.23632,1.6203544,0.91316223
2020-08-12,2.191915,2.97023,2.3995214,3.5857813,1.9979732
2020-08-13,1.5147483,1.4538946,0.9438828,3.0632563,3.5656142
2020-08-14,1.1940556,3.4066377,2.237032,1.7334235,1.3071618
2020-08-17,2.2045531,1.0669153,0.81009936,2.4038956,1.694743
2020-08-18,1.342576,0.9663836,1.241265,1.0193276,0.91815484
2020-08-19,1.06066,3.0489254,1.4241191,1.6096959,0.8698627
2020-08-20,1.861401,3.4986737,2.6980083,2.3368776,2.30906
2020-08-21,1.4957585,2.8547034,2.0724986,2.3263144,2.8989978
2020-08-24,1.1272962,1.8990166,2.0069408,2.1550279,1.0057219
2020-08-25,1.7721319,3.0494971,1.5541773,3.1967366,1.6657059
2020-08-26,2.5430806,1.944071,1.5258307,2.315267,2.5197954
2020-08-27,1.6421986,3.8022857,1.0330592,2.4648252,2.2004077
2020-08-28,1.7104994,1.0922153,0.98678684,1.814104,1.6069523
2020-09-01,2.1488535,2.2612965,0.8612479,2.3737586,2.0861752
2020-09-02,2.1720567,4.9856253,2.6552062,2.395918,2.5213196
2020-09-03,2.4416976,3.6604738,3.152285,2.647234,2.7303517
2020-09-04,1.5652958,2.317816,1.0051191,1.130183,1.8411245
2020-09-08,3.313881,3.7950113,1.860731,2.395652,4.384983
2020-09-09,2.1501975,2.0287395,2.4331703,2.7609518,1.7542527
2020-09-10,2.3250766,2.8510065,1.5879618,2.5754204,2.8218594
2020-09-11,2.3390436,3.6173682,1.5603919,2.7802706,1.5455897
2020-09-14,2.5229044,2.0311987,1.7890236,1.7774237,1.3324299
2020-09-15,1.4332129,1.3387061,2.1338444,2.1991692,1.6564314
2020-09-16,1.9726824,2.7455826,2.1500566,3.8079612,1.6856737
2020-09-17,2.2558575,4.048461,3.0752068,4.1879196,2.341218
2020-09-18,2.4414763,2.8871152,1.6873847,2.982522,2.071779
2020-09-21,1.5271355,5.344141,4.101678,1.2236278,3.1474307
2020-09-22,1.6851982,2.51746,1.9478393,2.0949807,1.9534819
2020-09-23,0.23597348,3.0422401,2.9523847,1.7321244,1.8083916
2020-09-24,1.113591,1.5370824,2.4110405,1.8543122,2.1449387
2020-09-25,1.6761205,2.4346871,1.8194827,2.3447456,1.7460654
2020-09-28,3.3752475,2.1678348,2.067314,2.5677457,1.3893243
2020-09-29,0.72386086,0.8029641,0.6522676,0.40847337,2.095432
2020-10-12,0.03685832,2.0514321,0.0,2.9571314,0.4866227
2020-10-13,1.020858,3.2605028,2.2050178,2.7877114,1.7204707
2020-10-14,2.2224333,2.5504751,2.1186352,3.230092,2.1418939
2020-10-15,0.45098317,1.7702445,0.80039895,1.5080404,1.8667828
2020-10-16,1.5300643,1.8644202,1.6707444,1.4884005,1.7727655
2020-10-19,1.4156717,2.1652672,1.2949145,1.8211455,2.0418177
2020-10-20,2.0700402,2.191566,1.5192964,2.548153,1.3560486
2020-10-21,2.1531677,2.3357534,0.8713387,1.306982,2.1558802
2020-10-22,0.26629484,2.0288262,1.7621199,1.9589906,1.4236543
2020-10-23,2.667581,3.1983747,2.040572,2.9947603,2.9091196
2020-10-26,1.4225895,2.9775507,1.8548636,1.5020032,2.444077
2020-10-27,1.6444196,1.5142865,2.3141644,2.267258,1.5419836
2020-10-28,1.9518038,3.6690905,2.9164464,0.68349767,2.7616057
2020-10-29,1.635066,2.9152699,1.891584,0.95360947,2.1146116
2020-10-30,2.1283236,2.4195826,1.8386333,2.2171967,2.0968695
2020-11-02,1.7270093,1.3408531,1.9547583,2.6203487,1.6298094
2020-11-03,1.984035,1.7560631,1.3871455,2.4156864,1.275641
2020-11-04,1.8597538,3.095152,2.3890672,3.4287863,1.276296
2020-11-05,3.1401434,1.7694435,1.2297174,3.2210617,2.7629795
2020-11-06,1.8431621,1.9440951,1.422426,1.2296941,2.570543
2020-11-09,0.22285986,3.8920507,3.3116698,3.0105357,0.0
2020-11-10,2.2310524,2.0538044,1.348088,3.671331,1.9074725
2020-11-11,1.6633562,3.0676496,2.2080846,2.0706534,1.7583842
2020-11-12,1.8774098,1.6059003,1.9393913,1.5555549,2.125677
2020-11-13,2.0616403,2.2253976,1.2413262,1.9180334,2.5466702
2020-11-16,1.1844308,1.2493606,0.8776469,2.6196117,1.3697264
2020-11-17,2.0870297,2.6901617,1.8602884,2.2702909,1.6377763
2020-11-18,1.1645317,2.2025967,1.1822742,2.3837142,1.2804061
2020-11-19,1.7821481,2.619246,2.2994227,1.969687,1.9550488
2020-11-20,1.9855943,1.8735225,1.6095752,1.8469495,1.0683857
2020-11-23,0.9635934,3.3635507,2.7863252,2.9776683,1.8747357
2020-11-24,1.7359883,2.247604,2.4421625,2.5344536,0.70504105
2020-11-25,1.885081,1.7723536,2.7955754,2.1028662,1.724087
2020-11-27,0.79947287,2.8001695,0.41369915,1.6757315,0.9008914
2020-11-30,2.2438278,2.299041,2.5837088,0.95583606,1.799792
2020-12-01,2.8854167,0.69629645,1.7116973,1.4235891,2.2936141
2020-12-02,1.8841382,2.1855984,2.384178,3.228386,2.613962
2020-12-03,2.7636569,2.6199772,2.394044,3.6721232,2.6597295
2020-12-04,2.140496,1.8180275,1.9903908,1.7841908,1.2884383
2020-12-07,1.7612518,1.9741497,1.7880158,2.1106203,2.678598
2020-12-08,1.8107685,2.2035306,2.5459595,1.9094678,2.2185938
2020-12-09,0.27576792,2.9017863,0.49357772,1.561342,0.46202028
2020-12-10,1.0609498,1.327056,1.2499545,1.7250383,0.48851264
2020-12-11,2.1274717,3.2783985,2.4181502,3.546946,3.2952666
2020-12-14,1.2683277,2.1729808,1.404346,1.5351703,0.8293942
2020-12-15,1.8594187,1.3309327,1.746161,2.1901743,2.117373
2020-12-16,1.2523518,1.5725551,1.6579107,2.003865,1.7659826
2020-12-17,1.8787225,1.2977029,0.8879037,2.6720119,1.709633
2020-12-18,2.0530732,2.9055293,2.043453,2.5870495,1.5460491
2020-12-21,2.4507744,3.8222868,2.4001703,3.0767512,3.6192434
2020-12-22,1.4887209,3.5736904,2.4459884,2.933292,3.1548254
2020-12-23,2.0238729,2.0602298,1.4581847,2.979795,1.2724308
2020-12-24,1.8548217,2.2165976,1.4463773,2.141207,1.7518876
2020-12-29,2.115944,2.7872784,1.8330948,3.63766,3.1630366
2020-12-30,1.7165816,1.9961966,1.3229347,2.8271604,2.1424217
2020-12-31,1.5148406,2.7814114,1.7861456,3.095697,2.5723977
2021-01-04,1.9847947,1.2117426,0.6058601,0.84427357,1.3258749
2021-01-05,1.4876531,1.3258137,1.0880075,3.3469734,0.7289016
2021-01-06,1.6035933,3.3432732,2.3160114,2.2646234,1.2408721
2021-01-07,2.4425788,2.2078516,2.1425836,1.8236816,1.5567038
2021-01-08,0.04561746,4.4924064,3.4096732,2.8628073,1.442924
2021-01-11,1.4177471,2.0843432,2.5261226,2.2636237,3.1162457
2021-01-12,1.9127727,3.0175364,0.7760426,3.5006654,1.6157383
2021-01-13,1.3890595,1.2455229,1.3735087,2.0467126,2.464275
2021-01-14,1.2850173,2.0213542,0.9060055,2.8987048,1.9357592
2021-01-15,1.377996,3.5789747,2.828989,1.807826,2.7191744
2021-01-19,2.3757586,1.8350828,2.7557144,2.2414796,2.2796988
2021-01-20,2.3443248,1.5760646,1.8524439,2.0352204,1.7454557
2021-01-21,1.8937439,2.327147,1.6867285,2.2070456,1.7910731
2021-01-22,2.2243197,2.1152506,3.5834846,0.5588639,1.7897791
2021-01-25,1.5828512,3.030247,1.3715831,2.933649,1.6841191
2021-01-26,1.9363452,3.3346264,1.6290281,3.71344,2.6513684
2021-01-27,1.5040865,3.0769384,2.6962373,3.008075,2.882513
2021-01-28,2.4825704,2.4530528,2.5891123,2.0574002,2.2487524
2021-01-29,1.9659147,2.2296228,1.5124929,3.0430286,2.7900372
2021-02-01,1.4640138,0.0,1.2788656,2.0467758,1.9868971
2021-02-02,0.7745154,3.9225073,3.2513857,2.041407,1.0687985
2021-02-03,2.266832,2.3116,1.6989831,2.7923627,1.6797544
2021-02-04,0.050594807,2.2722647,1.307637,0.9953296,0.6017026
2021-02-05,2.346426,1.2126228,1.4707121,2.0474603,1.6504078
2021-02-22,0.0,0.0,0.0,1.181908,0.0
2021-02-23,1.9642646,3.5216804,2.296827,3.0957057,2.2361145
2021-02-24,2.5334213,2.8976533,1.6174296,3.2291894,1.0534213
2021-02-25,2.3635674,3.1168702,2.9277523,1.9054128,1.765378
2021-02-26,1.2881124,4.5760508,3.8011355,2.767699,3.7728515
2021-03-01,2.7363918,2.5909054,2.4952745,1.1379329,1.497128
2021-03-02,2.0407834,2.2649755,0.51803553,1.9208838,1.3489275
2021-03-03,2.4018276,3.6909876,4.3999586,3.5066695,2.9862509
2021-03-04,1.5119586,3.735588,4.377222,4.282627,3.147329
2021-03-05,1.6004146,2.4824905,1.4725224,3.0088415,0.88018906
2021-03-08,2.081706,2.8362346,1.7760935,2.0400052,2.1129303
2021-03-09,3.7682705,2.6492481,2.8548276,3.5209024,3.5252342
2021-03-10,0.98463696,0.8517337,1.9378098,1.1267958,1.4585283
2021-03-11,0.87461203,1.3976449,0.95729697,1.8760364,0.52630866
2021-03-12,2.2188175,2.8568916,2.578504,2.4590378,2.296381
2021-03-15,2.2532053,2.1180878,1.5094558,1.5655556,1.800858
2021-03-16,1.3747394,2.491085,1.8322519,2.4342656,2.567925
2021-03-17,2.302727,2.8918056,2.058459,1.6611137,1.7575728
2021-03-18,3.190048,2.9262466,2.4148877,0.78051007,3.509409
2021-03-19,2.0034986,2.7382376,1.6337727,2.4591038,1.1144869
2021-03-22,1.6833044,2.7453704,1.8398805,2.008631,1.2140479
2021-03-23,2.938391,4.6690598,2.5286994,2.7397969,3.8975582
2021-03-24,1.7694224,1.823353,2.7818532,3.3492486,1.3306923
2021-03-25,2.9518654,3.737575,3.3360577,1.4537725,3.270133
2021-03-26,0.70939565,0.38412797,1.1906426,1.0957689,0.1875236
2021-03-29,1.8665022,2.9063175,2.798877,2.4819777,2.095412
2021-03-30,1.287132,2.8418121,3.233753,1.2078215,2.3617022
2021-03-31,3.0216272,3.5851865,0.607056,4.200391,3.0303779
2021-04-01,2.5050852,1.482949,3.4871688,2.570709,2.0423756
2021-04-06,1.9668678,1.540158,0.0,0.9748268,1.2080919
2021-04-07,1.3823147,2.357184,2.1127956,2.24791,2.204271
2021-04-08,1.5734801,2.1370802,0.7204554,2.4221163,1.6944767
2021-04-09,0.9309488,2.5754158,2.2010565,2.164568,2.413797
2021-04-12,1.5553503,2.718047,3.4549518,2.0912561,2.5700748
2021-04-13,1.2685285,1.9716318,0.8325558,2.2710905,1.4958271
2021-04-14,0.7336421,1.6154057,0.68604183,2.935873,0.5679736
2021-04-15,1.4644529,0.97272086,0.924734,1.879911,1.5499289
2021-04-16,2.3866775,2.7294962,2.2901015,3.0132694,2.7817595
2021-04-19,2.1838317,3.193562,2.0488334,2.5020735,1.7727667
2021-04-20,1.7275211,3.1594622,1.3301845,3.4308274,2.8813875
2021-04-21,2.1647077,2.4220643,0.35167634,2.445942,1.9927421
2021-04-22,1.7777021,4.036933,1.17152,3.9982557,2.476706
2021-04-23,1.1741194,1.7724041,1.0225666,1.8635855,1.1362612
2021-04-26,1.6251458,2.7325387,0.0,2.7808566,1.382091
2021-04-27,0.46738064,1.2922881,0.93391395,2.1433263,1.3749678
2021-04-28,2.5797744,3.4513292,2.8859692,2.6356883,1.2817705
2021-04-29,2.1432598,2.5946722,2.9834166,2.4148357,2.1060455
2021-04-30,1.7997311,3.618087,0.66374826,3.1742811,2.5568416
2021-05-06,0.7590523,0.0,0.0,1.627457,1.0320339
2021-05-07,2.091508,2.3845267,1.0797693,2.019429,0.98335576
2021-05-10,2.4623408,2.065285,3.2534845,1.8426027,2.2093165
2021-05-11,1.5618415,2.6665785,1.5384715,2.8197615,1.9568048
2021-05-12,1.950905,3.2355123,2.8725648,2.9054453,2.1381402
2021-05-13,2.7548528,2.737259,3.9265027,0.9476514,3.1824698
2021-05-14,2.637538,1.7397293,3.1062436,2.230832,1.7762098
2021-05-17,1.5818276,0.19550848,1.4659388,0.75654745,0.7791225
2021-05-18,0.99961907,1.8934124,1.1986226,1.4880717,1.642652
2021-05-19,2.0920167,2.9620926,3.6190054,2.2516525,4.2574496
2021-05-20,2.334974,2.839644,2.1233814,2.0270896,2.7528136
2021-05-21,1.5033976,2.9317555,2.9664984,2.4862971,1.9122683
2021-05-24,1.5926692,1.2840105,2.2270796,2.2038262,1.3788147
2021-05-25,1.8508027,1.3291545,2.3200455,1.4543846,1.7933822
2021-05-26,1.3163897,1.8082621,1.7633123,1.5599239,1.494921
2021-05-27,1.8441315,3.4238658,0.027579904,2.9197886,0.7895826
2021-05-28,1.1815782,1.3743188,1.6315613,1.2253323,1.76752
2021-06-01,1.180612,2.65739,0.9794154,3.6098256,2.2144988
2021-06-02,2.3154752,2.6939282,2.5389555,3.0369618,1.9177713
2021-06-03,1.4479122,3.3625383,3.7116625,2.2442048,2.7626119
2021-06-04,1.3003893,2.0288215,0.20535862,2.6455607,1.2729028
2021-06-07,2.5766196,2.459939,2.8625813,2.2243462,2.6360505
2021-06-08,1.4540839,2.6013787,1.5817512,2.3154042,1.2507071
2021-06-09,1.4586712,2.2003548,1.603482,1.8586838,1.8272256
2021-06-10,1.2930869,2.0580676,1.9446208,1.9980854,1.9672911
2021-06-11,1.3737409,1.492317,2.325269,0.5906646,1.4415979
2021-06-15,2.1118553,2.5875354,4.315226,1.68171,2.398192
2021-06-16,1.0073154,1.3094978,1.809601,1.0491099,1.8444548
2021-06-17,0.0,3.116151,5.804144,0.0,2.6898878
2021-06-18,2.033866,3.9336257,1.6946605,4.5026636,2.8713355
2021-06-21,1.6925719,1.9054768,1.4871367,2.74793,1.5034864
2021-06-22,2.1337779,2.2477875,1.9980187,1.6643976,1.2051413
2021-06-23,0.86966705,1.2359289,0.5574763,1.7183521,1.1413724
2021-06-24,1.2232621,1.6286511,1.8982487,1.3819474,1.4499118
2021-06-25,0.7719549,0.6131581,1.9840243,0.23204517,1.2807977
2021-06-28,1.7175257,3.6739392,0.53943884,3.7121027,2.8546665
2021-06-29,2.030454,3.729577,1.6728051,2.5283396,1.1454213
2021-06-30,2.7511199,4.0532956,1.306383,4.8383045,3.0549836
2021-07-01,1.4200835,1.7939949,2.5444803,2.3018003,2.1302717
2021-07-02,1.8331903,1.5121206,1.8321012,1.3807143,1.0420362
2021-07-06,1.8943901,1.0768546,3.7515001,0.0,2.2818847
2021-07-07,2.0586557,2.724633,1.4025409,2.1806958,2.096222
2021-07-08,1.7055572,2.517804,2.8810458,2.7245035,2.4810758
2021-07-09,1.4766247,1.1198051,1.1799276,1.2193404,0.55491257
2021-07-12,2.2982116,3.7691436,1.1892858,4.1143746,2.829204
2021-07-13,1.877463,2.6023965,2.0062828,2.7100194,1.4620674
2021-07-14,1.5902565,2.300524,1.0791488,2.1564732,2.70053
2021-07-15,1.7792985,0.42363775,2.6754236,0.0,1.2312624
2021-07-16,0.25106168,2.1996677,1.3116271,1.6495113,1.5627075
2021-07-19,3.1350105,4.9509363,3.4236443,1.8617707,4.4316115
2021-07-20,0.20716953,1.5458668,0.2741319,1.9137661,1.0218253
2021-07-21,0.4233278,0.88602364,1.9649558,2.4911816,1.586518
2021-07-22,0.22525609,0.059051037,1.1340709,0.73327684,0.5641022
2021-07-23,1.4805939,2.0823593,2.0313833,1.2312331,0.96395695
2021-07-26,0.8095854,1.1665555,0.3356911,1.2847152,0.707901
2021-07-27,1.9880358,3.3811827,2.7946305,2.7288847,2.5903394
2021-07-28,1.4266973,2.1503139,1.3939258,2.3154972,1.8222228
2021-07-29,2.627601,1.8374387,1.5868957,2.6672385,1.5702147
2021-07-30,3.0076208,3.6179724,3.8531065,2.2971373,2.1017718
2021-08-02,2.4471896,3.4812257,1.3670068,2.2635887,2.9971435
2021-08-03,1.2519186,2.0993829,2.5933924,1.8687766,2.6430476
2021-08-04,1.4910936,2.7591925,1.8682547,1.3736756,2.3089795
2021-08-05,0.8256084,1.9874724,1.390372,1.9848927,1.2339114
2021-08-06,1.1004534,4.18364,2.0411305,2.5109587,2.1259646
2021-08-09,2.0187733,4.2895803,2.6851807,2.8248456,2.8605072
2021-08-10,0.6110474,0.91958666,0.69111145,1.9092736,0.94687235
2021-08-11,1.9299096,1.0831193,2.1128223,1.6224425,1.6662823
2021-08-12,1.3173583,2.7257893,1.4263434,2.679242,2.3753176
2021-08-13,1.9564219,1.7041554,0.9663738,1.868553,1.9419914
2021-08-16,0.0,0.2828939,1.4329159,0.0,2.1955638
2021-08-17,1.5580087,2.6494272,2.826182,1.752695,2.586453
2021-08-18,1.6689391,2.7910771,2.3919003,2.5673985,3.0328338
2021-08-19,1.9804196,2.782044,3.154603,1.3045368,3.0592022
2021-08-20,1.7965522,1.4080393,2.0468435,0.23636103,1.9190208
2021-08-23,1.5935936,0.6904026,1.5706964,2.575966,0.40673828
2021-08-24,1.5583028,2.2929916,1.1992133,2.906218,0.9504045
2021-08-25,1.482245,2.781021,2.179707,2.8847282,1.423039
2021-08-26,1.2681121,2.873564,1.6009455,2.0940971,2.5464077
2021-08-27,1.3430228,0.69128466,1.1285117,1.9058363,1.3959205
2021-08-31,1.3680899,0.7165735,2.486756,0.01214695,1.0158504
2021-09-01,1.7642486,2.1796608,2.5988503,1.0523297,2.3016005
2021-09-02,1.2504816,2.2806327,1.970256,2.5248086,1.5114346
2021-09-03,2.279559,1.4056151,1.3061057,1.6537235,1.8297384
2021-09-07,1.2175305,2.766173,2.3659604,0.84008026,1.6509308
2021-09-08,1.1575092,2.4276521,2.0287428,1.6003737,1.2186803
2021-09-09,1.8925276,1.7769818,1.7663217,0.49981582,1.3119677
2021-09-10,1.4640894,2.3206677,1.3281116,1.5746541,0.25430822
2021-09-13,1.1840134,2.057833,2.6321063,2.5097313,2.7236145
2021-09-14,1.9108044,2.927259,2.278887,3.183844,2.780371
2021-09-15,1.3067005,3.1203485,0.5845803,3.5977507,1.135365
2021-09-16,1.6692502,3.828196,3.1382675,2.5673864,2.4912348
2021-09-17,2.0701518,2.673749,2.5126007,1.8705138,2.0788443
2021-09-22,2.8852587,1.086764,2.1347926,2.5389068,2.7962978
2021-09-23,0.62775636,2.3544927,1.2341261,2.0674279,0.9223746
2021-09-24,1.0906541,2.2509935,1.5393751,1.8037472,1.1720977
2021-09-27,1.2775606,2.2476377,2.0681348,2.8895593,2.1608021
2021-09-28,0.34954858,1.7736902,1.5595477,0.7345145,1.2492049
2021-09-29,1.4336189,3.5896082,2.4423132,2.7949505,2.353785
2021-10-11,0.0,0.0,0.0,0.8663055,0.0
2021-10-12,1.4902425,1.6180086,2.467031,1.3328285,2.0781536
2021-10-13,3.1657412,1.4855084,1.8918122,1.4202377,1.1487322
2021-10-14,1.536731,1.4682279,0.49998188,1.454025,0.35234058
2021-10-15,1.3973771,2.3175006,0.4879464,1.2726244,0.0
2021-10-18,2.7538025,3.7695823,2.7924821,3.3689704,2.954248
2021-10-19,1.7134129,1.9287207,2.4717555,2.8170724,3.0559034
2021-10-20,1.5610478,1.9144229,0.68215036,2.5481777,1.3445444
2021-10-21,2.1419687,2.9385216,4.4878664,3.0625787,4.9171677
2021-10-22,1.3253357,2.024676,1.7445043,2.6453857,2.4883425
2021-10-25,1.1947942,1.7090399,0.96073604,1.9709308,1.2366464
2021-10-26,0.7104354,2.6020648,2.2212052,2.3661447,2.3422623
2021-10-27,1.5355821,3.1651316,2.5525136,3.0549805,4.2293663
2021-10-28,1.9484725,2.3444805,1.325873,1.7204835,1.3183123
2021-10-29,2.0185683,3.1322665,2.4092185,2.7262366,2.2260346
2021-11-01,1.3511262,1.4948578,0.7095759,2.3828447,2.0810976
2021-11-02,1.3144999,2.8245194,2.6063228,2.1966274,2.0827465
2021-11-03,1.3754976,3.041369,2.2069533,1.1534988,2.6455219
2021-11-04,2.529572,1.8702035,2.8364224,2.4474807,3.8619509
2021-11-05,1.7977146,1.1126081,2.5084822,2.0545747,1.7377568
2021-11-08,2.2264495,1.5189863,1.825379,1.6101358,1.4179341
2021-11-09,1.3125653,2.3180785,1.935812,3.2254298,2.3285832
2021-11-10,2.9807255,3.2556725,1.3411249,2.717653,2.8837543
2021-11-11,0.9181909,0.86684394,0.52490795,1.4618526,1.2566993
2021-11-12,2.1855972,2.8058004,1.3468199,2.3606608,2.1004353
2021-11-15,1.4545462,2.5481744,2.217836,2.5350442,2.6014452
2021-11-16,1.441002,2.7446368,2.7219782,2.5314138,2.2671797
2021-11-17,1.1988134,2.2000954,0.59285843,1.92876,2.7230432
2021-11-18,2.0734031,2.7173848,2.7238503,2.1385949,1.6992593
2021-11-19,1.0708528,2.2619286,0.34638608,0.0,0.8986002
2021-11-22,2.5102868,4.4602156,2.3111405,3.2332864,1.3031805
2021-11-23,0.0,2.521523,1.746665,2.50225,1.2399844
2021-11-24,2.004941,2.1587584,1.5084312,1.656213,1.2474488
2021-11-26,2.5943289,4.871172,2.1766524,0.801968,5.94264
2021-11-29,2.6566627,2.4288878,3.1322937,2.3792892,1.6630259
2021-11-30,3.0047927,3.478775,3.5682182,0.7244415,3.142805
2021-12-01,2.660984,3.1973143,2.1737306,2.5520098,2.4097216
2021-12-02,2.28566,3.508151,2.425958,3.970041,2.6958294
2021-12-03,1.417115,2.042081,1.135624,2.0920007,1.8557446
2021-12-06,1.0358231,1.2964035,2.2923343,2.92209,1.5459981
2021-12-07,1.7435308,1.4870527,2.0580688,2.193731,1.0960753
2021-12-08,0.95716,1.3108093,1.5222163,1.1585481,1.0590522
2021-12-09,2.9039855,4.055544,3.2892885,2.7412674,2.9027262
2021-12-10,1.965808,2.3709226,2.4081774,2.3623476,2.2197819
2021-12-13,1.4607917,1.8747692,1.7403398,1.3575311,1.8554476
2021-12-14,1.700682,3.3027616,2.5531085,2.554761,2.7717335
2021-12-15,2.5541284,3.8998325,3.1818213,3.1978593,2.452676
2021-12-16,1.9248946,0.6340946,0.0,1.7228854,0.17358053
2021-12-17,2.714156,3.0133283,2.0069435,2.0983398,2.5605772
2021-12-20,2.6646187,3.807006,2.9831316,2.3302245,3.1751094
2021-12-21,1.3908997,2.0639443,0.9286047,2.666058,0.29463947
2021-12-22,1.2293655,0.967522,0.21569574,1.8900762,0.5871874
2021-12-23,2.3400998,2.3942792,2.2033954,2.9442341,1.9591293
2021-12-29,0.9592615,1.8943682,1.9191699,2.0466552,0.77034557
2021-12-30,2.1420834,1.7082564,2.5978174,1.5334074,1.8247819
2021-12-31,2.226702,2.2847416,1.6162746,1.5310373,2.2772894
2022-01-04,0.88509643,2.5190008,0.67585385,2.702096,0.65814936
2022-01-05,2.1099942,1.8498561,2.2198343,2.1372988,1.6330756
2022-01-06,1.4553448,3.766088,3.405695,2.4782352,1.8878515
2022-01-07,1.2276695,1.8875246,1.0883954,1.8414067,1.836351
2022-01-10,1.3710839,2.2400637,2.4245923,1.483101,2.1926262
2022-01-11,1.5038952,0.7012912,0.89011693,2.1373725,0.46292615
2022-01-12,0.6800966,0.88726175,0.85723126,1.2726853,0.7740214
2022-01-13,2.6586475,2.5845146,3.3431354,1.8876381,2.3631456
2022-01-14,0.9234077,2.142477,2.0548234,2.24173,1.6464907
2022-01-18,1.4188824,1.8837111,1.2653754,2.6862862,1.687046
2022-01-19,2.1994185,1.365749,0.2235496,3.0334525,1.6304094
2022-01-20,3.347003,2.9760697,1.321774,2.5695693,1.2574228
2022-01-21,2.1483767,3.5573454,2.8291333,2.6710944,2.6085105
2022-01-24,1.7456554,3.3419323,2.6796553,2.7470317,3.6606145
2022-01-25,1.5349483,1.80915,1.7104045,2.553899,1.4369438
2022-01-26,1.6166748,2.3897429,1.5564667,2.3190553,0.70427084
2022-01-27,0.0,2.64766,1.6326658,0.4690882,0.42617595
2022-01-28,3.145229,4.2984476,2.8967128,4.2347727,3.2109895
2022-02-07,2.5717983,1.4827261,0.90805614,2.9930985,0.7004044
2022-02-08,1.2634196,1.6299725,1.3955241,1.248482,2.4142413
2022-02-09,1.85611,2.2042625,0.6744876,2.493737,1.1958163
2022-02-10,2.3678913,2.1865973,2.2964783,1.7602085,1.6365653
2022-02-11,1.9028541,3.4775393,3.5081239,4.827719,3.4919899
2022-02-14,2.2232163,1.6622939,2.0947657,2.3614533,1.4959304
2022-02-15,2.5050526,3.4714437,2.4034657,1.3440977,2.237832
2022-02-16,2.025697,1.9571851,1.2070389,2.6677015,1.6597227
2022-02-17,2.66749,2.2437072,1.3425348,2.2781932,2.5566044
2022-02-18,2.1496327,3.1233506,2.0747745,2.815732,2.1653092
2022-02-22,2.3901594,3.1816208,1.244159,4.184414,1.9251686
2022-02-23,1.2849942,2.4431195,1.3222103,2.9681985,2.5618753
2022-02-24,2.0342233,2.8759086,1.6799436,2.7322001,1.2803159
2022-02-25,1.0575073,1.470927,3.6840482,0.0,1.5941546
2022-02-28,2.6085305,4.0216966,1.5535849,5.6977277,2.2400413
2022-03-01,1.6065291,1.3926914,0.0,4.3242483,0.21079719
2022-03-02,2.0273314,2.362405,2.6700935,3.8875587,0.0
2022-03-03,1.780887,2.2276793,0.20937431,1.4678023,1.1240904
2022-03-04,1.2464489,0.0,0.9786339,2.2122958,0.0
2022-03-07,3.0393488,2.441097,0.38647532,1.5762832,0.0
2022-03-16,3.0733807,7.7613907,4.4894295,0.0,8.275674
2022-03-17,0.7466761,0.027769089,1.7397327,3.8284109,0.5583097
2022-03-18,0.0,1.0309826,2.4088316,1.5193388,1.9836174
2022-03-21,0.18448985,1.249338,1.6286166,3.6917114,1.3388605
2022-03-22,1.1589351,2.9170144,2.8031878,2.8261552,2.9423525
2022-03-23,2.070757,1.6193548,0.4322034,1.3976638,0.0
2022-03-24,2.0927143,1.3200766,1.4660454,0.8486749,1.5861875
2022-03-25,0.66093826,2.5824897,1.7216048,2.5653193,1.8858539
2022-03-28,1.4977332,2.86665,1.908828,0.0,3.0653374
2022-03-29,2.177134,3.1586878,3.9397898,1.9480234,3.2193782
2022-03-30,0.5552387,0.5053873,0.0,1.5776014,0.05758345
2022-03-31,1.9565694,2.3387973,1.9775118,1.036729,3.430602
2022-04-01,1.8591533,3.0852673,1.8232939,0.66408,1.6152182
2022-04-06,1.2585052,3.8890216,0.6609309,2.9057643,2.9415886
2022-04-07,2.2268503,2.621009,2.2048707,2.9105773,2.9896827
2022-04-08,1.7520212,2.3548968,1.1655377,3.5799952,1.8189225
2022-04-11,0.9371609,2.1418617,1.6902586,1.6660788,3.4915843
2022-04-12,1.687683,1.3570044,1.8029982,3.3197541,0.72883713
2022-04-13,1.6568445,1.790935,1.9041351,3.0972614,0.782552
2022-04-14,1.4830556,2.2419417,2.2749503,2.4458606,1.1009716
2022-04-19,4.111698,5.523703,2.2445273,3.631348,2.7196438
2022-04-20,1.938156,2.9490309,2.3809667,3.0953321,2.4155576
2022-04-21,1.0560479,2.027088,1.784152,1.259937,1.0054067
2022-04-22,2.2067366,3.9429145,3.2838707,2.7883587,2.9115446
2022-04-25,1.1134665,3.9224415,3.5360963,3.1650906,4.1994495
2022-04-26,1.3081918,1.7671763,2.1476045,3.2000914,1.2991321
2022-04-27,1.0826695,2.406136,1.4302988,2.255201,0.8339256
2022-04-28,0.58502066,1.4858525,2.4802094,3.1973455,1.9414625
2022-04-29,1.2937434,1.1465355,1.663286,1.0639465,2.3260248
2022-05-05,0.80924684,2.9335375,3.2724297,2.7061865,4.464076
2022-05-06,3.054943,3.3084574,4.047222,3.909222,3.670754
2022-05-09,3.4030447,4.7898827,4.478072,3.1132286,5.0902233
2022-05-10,1.7615163,3.287219,1.7679517,2.1444516,2.206243
2022-05-11,0.8744781,0.75020456,0.8255111,2.7366126,1.0907291
2022-05-12,0.7745346,4.34546,2.7003803,3.4944797,2.962649
2022-05-13,1.4303457,1.9489719,2.040883,2.6242962,1.2782657
2022-05-16,0.0,0.09781456,0.5123029,1.1836879,1.3202505
2022-05-17,1.9729904,2.1262343,0.7417898,1.2968003,1.4582818
2022-05-18,2.6202595,3.2707357,3.3271942,1.2632866,3.080452
2022-05-19,1.66458,0.5575886,0.6982113,1.066611,0.0
2022-05-20,2.99578,3.450645,2.9507883,2.7922673,2.172874
2022-05-23,1.610425,2.0636802,1.3719854,1.6560847,1.5245879
2022-05-24,1.9695411,1.9004872,2.8730588,2.1835337,2.7488291
2022-05-25,0.5468706,2.06542,2.0291421,1.7222662,1.7259233
2022-05-26,2.4101465,2.6613784,2.4559822,3.4767847,1.9996967
2022-05-27,1.8890767,1.9649818,1.4534497,2.0713084,1.0905541
2022-05-31,1.6794411,1.1597246,3.4429545,1.1430031,1.7680622
2022-06-01,2.0298886,1.7091503,2.349813,1.7946889,2.5443046
2022-06-06,1.506587,1.7703686,0.85485244,2.7934792,0.48302257
2022-06-07,2.6145606,3.3320224,2.5948334,2.9302826,2.514606
2022-06-08,1.6550211,2.283189,1.673814,2.580546,1.4748101
2022-06-09,0.034579515,2.3684454,1.6949139,2.4113028,2.3758576
2022-06-10,2.6282663,2.869298,3.3293986,2.8891602,3.809363
2022-06-13,1.3236789,3.8841698,3.6428952,2.3832703,3.1876116
2022-06-14,2.6055176,3.6117153,3.5709834,3.0976088,3.2311015
2022-06-15,2.0426824,1.8913385,1.3291051,1.3611503,1.5319502
2022-06-16,1.8374672,1.6519064,2.3362036,3.6377316,3.590003
2022-06-17,2.3294306,3.5424428,2.3772883,0.8923663,3.1152105
2022-06-21,1.5207536,0.87773645,1.9777132,0.37543094,0.6272323
2022-06-22,0.99695855,2.4363315,2.8407862,2.1083012,3.4771562
2022-06-23,2.5599835,3.0320647,4.5434484,1.6492732,3.4623957
2022-06-24,8.0814085,6.880202,7.873228,8.179234,6.0448685
2022-06-27,2.3862607,2.7493362,2.2300775,2.1796443,1.7828361
2022-06-28,1.9352213,3.0694962,1.8158258,3.231285,1.7747658
2022-06-29,0.6945301,2.0522418,0.30909634,1.199156,1.7976218
2022-06-30,2.1320808,2.933245,3.7298746,2.0919306,4.228008
2022-07-01,1.1257056,2.5829628,3.878469,1.4609575,2.6954613
2022-07-05,2.6477342,4.184047,3.5478592,0.0,3.9988928
2022-07-06,2.836609,3.9358354,2.6178966,2.4505725,2.915013
2022-07-07,0.27096093,0.6740403,0.12698472,2.3703976,0.0
2022-07-08,0.9441096,2.513092,0.6254953,3.8516648,2.5130405
2022-07-11,1.859442,3.31372,2.9616015,2.746009,2.2800486
2022-07-12,2.755141,3.1620922,4.148407,0.0,3.547031
2022-07-13,1.6360562,1.7234511,2.1137803,2.331052,2.6464427
2022-07-14,2.7039087,4.6886578,5.0408325,3.2308874,3.7152877
2022-07-15,0.0,0.0,2.5156424,0.0,0.0
2022-07-18,0.07857919,0.5640794,0.0,1.3499373,0.0
2022-07-19,2.0158937,2.2029626,3.403341,2.242856,2.6855536
2022-07-20,1.1612914,1.9832667,1.3714931,0.16094005,0.5346106
2022-07-21,2.4625943,2.2529159,2.6711633,1.1711082,2.9251277
2022-07-22,2.996338,2.6622226,1.8583639,1.0187182,0.6310493
2022-07-25,1.918105,3.3159885,2.4090123,3.8378694,2.3355196
2022-07-26,1.2131989,2.9033852,0.3710407,2.7877889,1.865143
2022-07-27,2.0156024,2.2047274,1.7950473,2.907632,1.4055693
2022-07-28,2.688119,2.119729,0.08496845,3.2977371,1.7929994
2022-07-29,2.605052,2.0750554,0.63271594,1.5848696,0.0
2022-08-01,2.9233332,2.9918442,2.0156868,0.46826768,4.025221
2022-08-02,1.7689555,1.8381727,3.255433,1.8431839,2.5903237
2022-08-03,1.1910076,2.967866,1.9155799,1.6332104,2.6529944
2022-08-04,2.7827928,2.654835,0.09099114,2.2077324,2.0593305
2022-08-05,1.9310236,3.0014143,1.6918706,2.2671611,1.368796
2022-08-08,2.3432648,1.6097769,2.0194118,2.6828911,2.310654
2022-08-09,1.0459259,2.3588824,0.6601267,2.1661665,0.74076605
2022-08-10,0.75849533,1.1415912,0.6531701,1.9730856,0.8473823
2022-08-11,0.4950571,1.7615278,0.22925735,1.6279886,0.095213056
2022-08-12,0.94362336,1.668892,2.0718005,2.4094932,3.3970683
2022-08-15,0.0,0.0,2.4733944,0.0,2.4681208
2022-08-16,0.9167014,1.49492,1.6365397,0.0,0.9051727
2022-08-17,2.2855744,3.4328184,3.6077309,3.579821,2.6578927
2022-08-18,1.6900226,2.3314552,2.9047508,2.0844274,1.5198958
2022-08-19,0.9584547,2.815988,1.2085612,2.482504,1.5617807
2022-08-22,1.6573684,3.6663709,1.4452574,2.8080926,2.0746746
2022-08-23,2.1620066,2.594239,1.7089014,4.0152636,2.2151513
2022-08-24,0.19808424,1.5815499,1.3020202,1.8022115,1.894119
2022-08-25,2.2766654,1.9174166,1.7833093,1.1544099,1.6596727
2022-08-26,0.4002968,2.8903499,0.6288974,2.426993,0.8770591
2022-08-30,3.1161056,4.848298,4.321213,3.5712214,4.763218
2022-08-31,1.7323245,3.3702016,1.8793299,2.0835123,2.6882596
2022-09-01,2.0006273,3.1156843,4.3921866,1.2673458,4.692844
2022-09-02,3.5776753,3.521436,2.8630533,4.838237,3.4241056
2022-09-06,2.4300947,2.499701,1.9994069,1.9884336,2.0557258
2022-09-07,3.0673695,2.8617287,2.4807475,2.3837986,3.8957422
2022-09-08,1.7532414,1.7310961,1.3915207,1.6959392,0.97340274
2022-09-09,1.5022485,1.9153104,0.6332804,3.2151675,1.0094182
2022-09-13,3.2223287,3.4557996,1.4886644,3.1800108,1.5611587
2022-09-14,1.0464971,1.4838727,2.1878185,1.3054308,2.229785
2022-09-15,2.1929295,2.6275601,3.217219,0.35444736,2.607969
2022-09-16,3.8080144,3.714438,2.884461,3.5235095,2.7221262
2022-09-19,2.3308067,2.327761,2.8963685,2.799569,2.1847596
2022-09-20,2.2939491,3.619711,1.7586863,3.780516,2.9150362
2022-09-21,1.0831718,1.6698997,2.010778,1.6074343,2.4217713
2022-09-22,2.0565364,2.5374982,2.13214,3.0560653,2.1909437
2022-09-23,1.8898172,4.355168,4.0382857,1.6010981,4.3982778
2022-09-26,1.7462916,3.1541348,3.5020823,2.2001731,3.6249375
2022-09-27,1.7007383,2.2542336,3.0342023,3.364062,2.3546464
2022-09-28,1.5053463,0.5882801,1.599584,3.0347273,1.5922556
2022-09-29,2.9187608,3.141943,1.5406678,1.7169538,1.0859323
2022-10-10,2.5427024,1.3393104,2.6730862,5.2614555,0.92546916
2022-10-11,1.4129124,1.7496439,2.0367339,1.5032712,2.21422
2022-10-12,3.1117804,4.219624,2.8371925,2.3810508,1.9116921
2022-10-13,1.8713126,2.16495,2.0511851,2.6801176,1.1530803
2022-10-14,2.4749815,3.9986417,3.1973147,1.8250685,2.8509705
2022-10-17,1.689007,0.93843246,2.7146068,2.3480997,3.5642009
2022-10-18,2.7497504,3.6694365,2.6362972,2.6825228,2.9455454
2022-10-19,3.1708913,4.276227,3.7037578,3.780058,2.2913861
2022-10-20,2.8741121,2.1805868,1.0986534,1.8116423,1.4332052
2022-10-21,2.4471667,1.7735224,1.8842553,2.7938807,2.2682447
2022-10-24,2.376172,2.609438,3.0496492,2.420004,2.1316278
2022-10-25,0.8814514,1.7585123,1.6585416,2.0349948,1.2115924
2022-10-26,2.810072,1.6204133,1.3950746,1.8064631,0.16611159
2022-10-27,2.5754104,2.5413733,3.7489436,3.4287946,2.7748814
2022-10-28,2.450325,4.5007653,4.2441726,3.6627374,3.6949883
2022-10-31,0.30893564,2.9598718,0.5958328,2.5636072,3.4522543
2022-11-01,2.5680351,2.2784321,0.0,0.89691293,1.6253483
2022-11-02,0.0,0.28467274,0.8162985,0.50323236,0.19416797
2022-11-03,1.09829,2.7666373,2.6967053,1.9967288,2.043699
2022-11-04,1.0197601,0.0,0.0,0.48285544,0.0
2022-11-07,2.0837593,2.3354654,2.1336355,1.8640811,2.629181
2022-11-08,2.9312127,1.3375986,1.4137046,1.3194498,1.9970224
2022-11-09,2.4005039,3.5022397,2.2563336,2.4048152,3.267223
2022-11-10,1.7053363,0.0,0.95259035,0.9056984,1.2530742
2022-11-11,1.6223302,1.8853722,0.028959513,1.1902001,0.0
2022-11-14,2.9629202,3.0186927,1.839067,1.783556,2.2122445
2022-11-15,1.2257302,2.882279,1.5950581,2.4508603,1.375113
2022-11-16,1.2620881,2.0507042,3.1388688,2.0225842,3.4005094
2022-11-17,1.883357,3.7470202,3.5029702,2.1412756,3.8137789
2022-11-18,2.1883764,3.0805144,1.8020699,2.0291865,2.00762
2022-11-21,1.9034562,2.9906168,3.2168012,3.225162,3.4897556
2022-11-22,1.1520767,1.2347198,1.0510275,1.196117,0.5182977
2022-11-23,1.9207325,2.7620227,1.2209775,1.8140769,2.602124
2022-11-25,2.772701,3.2951522,2.3505125,2.3557901,3.4585137
2022-11-28,2.2789276,3.1905384,2.3429778,2.5474677,2.0241227
2022-11-29,0.7283683,0.9913844,0.7684705,1.241464,0.9012674
2022-11-30,0.8531134,0.48701024,0.3676561,0.8717421,0.0
2022-12-01,2.2244,0.0,1.9428151,0.0,1.8855699
2022-12-02,2.8459854,2.8721106,2.1045952,1.049813,1.5605596
2022-12-05,1.720065,3.4426494,2.305319,0.77134097,2.4894652
2022-12-06,1.9934052,2.8469205,1.4012208,1.1470191,2.1454399
2022-12-07,3.1834285,2.8656352,1.2192956,1.9225018,2.5091414
2022-12-08,1.9988151,2.373816,1.9819956,2.4923553,2.2068417
2022-12-09,1.6084317,1.4612582,1.7279521,1.5664706,2.2968526
2022-12-12,1.2257495,3.1621833,2.7798932,3.8455658,2.2268035
2022-12-13,1.011583,0.4830724,1.0133805,2.573145,1.1108418
2022-12-14,1.6277819,1.7813458,2.8641002,3.1163275,2.0036447
2022-12-15,0.6199198,3.3480957,2.5549765,1.8570573,2.8764002
2022-12-16,2.8942566,3.40633,2.6283467,2.4646049,3.3041353
2022-12-19,1.7897097,2.4133685,2.485368,2.475309,2.2955642
2022-12-20,1.478554,0.6545658,0.1845783,1.9283574,1.2960563
2022-12-21,1.7486676,2.68045,2.0218408,3.208119,1.6655464
2022-12-22,2.633512,4.045012,3.4954202,3.0348105,3.0544844
2022-12-23,1.326675,0.8636404,1.5925177,2.7595258,1.2957889
2022-12-28,3.6458783,4.0963697,2.4329545,3.4756722,2.244864
2022-12-29,2.5433044,1.6964021,1.9930187,2.071473,2.468989
2022-12-30,1.4713655,1.837226,2.6023214,2.6980846,2.1005847
2023-01-03,3.1378183,2.635701,2.2575705,1.1227707,3.425076
2023-01-04,2.8136964,3.1648467,2.9809592,1.4951736,3.5251527
2023-01-05,1.4675736,2.764295,2.6316895,2.2875524,2.1004794
2023-01-06,1.8471084,1.1943786,0.64510965,1.4782352,1.1657397
2023-01-09,1.0836585,1.3305008,0.51397574,0.47106707,0.0
2023-01-10,2.4105334,2.734034,2.9336076,2.7169678,2.0364835
2023-01-11,2.0145874,2.2754133,2.396834,2.4538898,0.93801033
2023-01-12,2.141747,2.1835797,1.445574,2.9315147,1.9580395
2023-01-13,1.920653,1.8536475,1.5378815,2.3545048,1.4450829
2023-01-17,0.85739493,2.7122786,1.5454023,2.2802105,1.7032969
2023-01-18,1.5439371,2.1090817,1.2999474,0.8141806,0.83039427
2023-01-30,0.8459206,1.5302987,0.631269,1.9990509,3.0272064
2023-01-31,0.49621868,1.0770597,0.7336936,1.6663458,1.1453209
2023-02-01,2.6487393,3.782552,3.011301,2.1772404,3.8659763
2023-02-02,1.7392361,2.1402123,1.4469211,1.8311702,1.8552053
2023-02-03,1.8440007,5.168009,3.5788288,2.2198353,3.580907
2023-02-06,2.1905274,2.9259665,3.481489,3.4894435,3.310665
2023-02-07,0.7589009,1.2141744,1.7273884,2.5091949,1.0072988
2023-02-08,2.2775104,2.5970464,2.479257,3.2488012,2.807766
2023-02-09,1.400605,2.3316987,1.591748,0.6346717,1.023952
2023-02-10,1.4471986,3.2305021,2.741333,4.497696,3.3695836
2023-02-13,1.912256,2.6012092,2.298535,2.468688,2.0070443
2023-02-14,0.74520934,1.8830051,1.4641778,1.5501271,1.9340369
2023-02-15,4.152145,5.1987667,4.302866,3.9393914,3.2988043
2023-02-16,2.3691103,2.2283335,1.5508543,2.1501696,2.080484
2023-02-17,1.8628647,2.7932684,1.6617196,1.918816,2.6953897
2023-02-21,2.6551359,2.3275242,0.80278146,1.9535617,0.3846897
2023-02-22,0.73522305,1.8107619,1.838664,1.1266577,2.9222038
2023-02-23,0.8857578,2.2041726,3.1503644,2.1146789,2.283194
2023-02-24,0.36405957,2.4206936,3.1356106,1.9593985,2.320402
2023-02-27,0.7350638,0.39868343,0.89458466,0.3449366,0.83805025
2023-02-28,2.0316262,1.2056155,2.5387192,1.8176702,1.6404887
2023-03-01,2.8101573,2.8022606,2.0042286,2.3592212,0.4366746
2023-03-02,2.408048,3.4142377,3.1299198,3.6336498,3.2606268
2023-03-03,0.88387936,1.0114752,1.2261744,1.7417656,1.2683475
2023-03-06,2.3199992,2.5230825,2.7791684,2.678623,2.6579685
2023-03-07,1.177019,4.155501,2.9077978,1.85954,3.2481208
2023-03-08,2.7565575,2.978976,2.2804646,2.1621904,2.1170053
2023-03-09,1.7089453,1.5249293,2.332046,1.06664,2.6856632
2023-03-10,3.192041,2.526317,3.2065763,4.324725,3.5054526
2023-03-13,1.4162618,0.0,0.20155811,0.47253537,1.7999463
2023-03-14,2.0502002,3.077745,1.7243118,1.8235742,2.6049566
2023-03-15,3.0898957,4.237518,3.0969698,3.0138516,4.6870365
2023-03-16,0.63127244,1.642708,1.3530176,2.2251754,1.52069
2023-03-17,3.3337982,2.1511114,2.0662553,2.5686095,2.7184656
2023-03-20,2.2153335,1.9626026,2.2689679,2.6463532,2.2682621
2023-03-21,0.14897394,1.7585952,2.1349044,1.1548431,1.2764637
2023-03-22,2.1176465,1.5052919,2.5550466,2.1112845,1.7662377
2023-03-23,2.4191372,1.2327917,1.806045,0.98385096,1.8711821
2023-03-24,2.0178733,3.4032736,1.3995697,2.8995645,2.085914
2023-03-27,1.3445054,2.708029,1.8591592,3.000965,0.69804835
2023-03-28,1.2388549,1.8827629,0.99184763,2.006792,1.4458001
2023-03-29,2.2210848,2.9405549,1.8998425,2.1229153,2.315347
2023-03-30,0.8410736,0.77648735,1.5616817,1.836546,2.2892885
2023-03-31,1.5310507,2.4440947,1.3091516,2.7175903,1.4296091
2023-04-03,1.5177382,2.0473492,2.6847658,3.5601792,2.3075004
2023-04-04,2.223478,1.0233625,2.5185509,2.5700364,3.474846
2023-04-06,0.22781038,1.0002052,1.8260924,1.5418329,2.0192626
2023-04-11,0.5192176,1.8156359,1.323256,2.2436473,1.8525802
2023-04-12,2.2822042,1.8137982,1.935854,2.0948684,1.4364477
2023-04-13,1.8364047,0.7813432,0.8760947,0.8256042,1.5004785
2023-04-14,1.4281454,3.567266,1.6049922,2.3903694,1.56956
2023-04-17,0.8733367,2.5963619,0.72074854,1.958129,1.9666473
2023-04-18,2.1371403,1.8712076,0.9210278,1.6791162,1.0159732
2023-04-19,2.6628442,2.90878,2.8117657,2.0530946,3.0306993
2023-04-20,2.4787288,2.583209,2.9736757,2.1305096,3.434699
2023-04-21,2.023965,2.6922693,3.1014235,2.5813842,2.6765106
2023-04-24,0.5008129,1.2706631,2.2260873,1.7650771,2.0076962
2023-04-25,1.7660632,2.6669993,3.2208211,2.3351398,3.9079368
2023-04-26,2.7292018,2.9015203,1.9597728,1.4398956,2.2610235
2023-04-27,0.4061116,0.7518753,1.5184374,0.47816944,1.2397338
2023-04-28,1.86147,2.830394,1.4340535,2.902328,1.2910373
2023-05-04,3.85081,4.500839,1.5627129,2.696736,5.74459
2023-05-05,0.27851093,1.844919,0.4868256,2.5382495,0.3591715
2023-05-09,1.8806454,1.1996976,2.953181,2.7841086,2.10491
2023-05-10,1.603349,2.6038759,2.9518545,2.8702154,3.5552998
2023-05-11,2.0116987,3.9522166,3.819018,2.5911148,3.677071
2023-05-12,0.9697268,2.3535807,1.3966665,0.96491504,1.4106417
2023-05-15,1.1341959,0.8623625,2.3622253,1.2051315,0.9893285
2023-05-16,1.0453597,2.2430594,3.1043153,1.2798971,2.3261313
2023-05-17,0.4073769,0.071303844,1.5985968,0.123164415,0.0
2023-05-18,1.2321987,2.9545195,2.6482408,1.8484071,2.2536132
2023-05-19,1.6516552,0.8580965,1.640254,0.9323205,1.6658447
2023-05-22,2.7471037,3.915825,2.6280875,4.4309444,3.1238027
2023-05-23,1.8695478,2.9875526,3.229538,3.1711855,3.2421446
2023-05-24,1.8646781,3.237013,3.5459106,3.2634192,2.5466924
2023-05-25,3.0078542,4.0204973,2.2898283,2.199767,2.3519537
2023-05-26,1.1485534,1.5679979,0.6525984,1.8842391,1.0756392
2023-05-30,1.7986206,1.8558221,2.470212,0.034154177,2.5489788
2023-05-31,2.2433653,3.0027819,2.2589483,2.5565631,2.8231237
2023-06-01,1.9806229,1.9947124,0.56310475,2.2772026,0.8489009
2023-06-02,2.5177293,4.062553,2.3822656,4.027404,1.7793568
2023-06-05,1.8865111,1.7528794,2.4219503,2.3341444,2.326082
2023-06-06,2.3200305,2.973554,1.7808735,2.9659607,2.0874038
2023-06-07,1.1237116,2.0146506,1.8996388,1.0578928,0.54582715
2023-06-08,1.3621147,1.7664547,0.54882646,2.4212518,2.2493217
2023-06-09,2.818028,3.4052234,2.1105855,2.6874087,2.3006604
2023-06-12,2.0638964,3.7088208,2.4797273,2.361349,3.6207108
2023-06-13,2.1872842,2.8835208,2.0982296,2.559776,0.3632282
2023-06-14,1.8438102,1.8068694,1.0090089,1.0324112,1.1654463
2023-06-15,2.1644423,3.2611194,1.80281,4.5665956,1.6870617
2023-06-16,1.5525167,2.9172518,1.2635839,3.5477762,1.8290704
2023-06-20,2.7857828,4.787408,3.656958,3.5174675,3.8092058
2023-06-21,1.6841015,3.3297005,2.2275844,3.050911,1.9692134
2023-06-26,3.743882,4.9283895,4.193763,3.113471,4.2920218
2023-06-27,2.1548414,2.196622,1.6862749,0.3793521,0.8756857
2023-06-28,1.3151255,1.1601943,3.906609,1.1980202,1.8462799
2023-06-29,1.9186066,3.0919862,2.1322007,2.313712,1.624614
2023-06-30,1.7497827,2.1656897,1.0087447,2.6655965,1.2191846
2023-07-03,1.9947476,2.8130212,1.3027918,2.2772949,2.6371121
2023-07-05,2.4775677,2.6780481,2.6611586,3.9186587,2.1641493
2023-07-06,1.1705332,2.6477244,2.24962,1.8620709,2.1364563
2023-07-07,1.9629639,1.0163773,2.8571682,2.1233604,1.6791049
2023-07-10,2.5855992,3.173828,1.7927034,3.0272815,2.3713076
2023-07-11,0.9733166,1.8457496,1.6481721,2.0950744,1.2760949
2023-07-12,2.2011251,0.10522127,1.3805511,0.44949687,0.3900764
2023-07-13,2.370702,2.6712527,0.73874533,3.467591,1.8244346
2023-07-14,1.4390163,1.9338837,1.7748685,1.685508,2.4680176
2023-07-17,1.8014028,0.9577329,4.2706375,0.0,1.9934187
2023-07-18,1.067275,1.7466755,1.3828263,3.0358965,2.4056761
2023-07-19,1.7713071,3.2828832,1.693933,3.8304467,2.7260451
2023-07-20,0.8472395,2.3861523,1.3207608,1.8095989,1.0845263
2023-07-21,1.5636082,1.9386532,2.5307508,2.710049,1.9105906
2023-07-24,1.9658085,3.7592158,0.8876884,4.2013454,1.68075
2023-07-25,1.4756109,1.555654,0.8320625,0.8020848,0.2906797
2023-07-26,1.3954959,1.4636781,2.679695,1.3344941,2.07406
2023-07-27,2.3622541,3.4541154,3.7592769,2.8537536,2.223284
2023-07-28,2.3786688,1.4598413,2.4594717,0.9120207,0.92871916
2023-07-31,0.89992064,0.0,1.5019348,0.0,0.34859657
2023-08-01,1.2305532,3.2376757,2.3626645,2.2271578,2.117219
2023-08-02,2.0683613,3.0928192,3.449842,2.5361233,3.8038378
2023-08-03,1.3538525,1.8110387,2.2700894,1.3932873,0.9215313
2023-08-04,2.3550544,2.6634552,2.3513634,2.6303627,1.9577245
2023-08-07,0.62465656,1.9675007,1.7276107,1.3373545,1.9930894
2023-08-08,1.7610543,3.456149,2.9640846,3.1974254,2.424133
2023-08-09,1.0286485,1.8796656,2.2363439,2.017716,1.1614187
2023-08-10,1.9417295,2.148886,1.900405,2.1259718,2.6710625
2023-08-11,1.040602,1.7569613,2.5998557,2.061575,2.5313628
2023-08-14,2.7795682,3.4216042,3.175264,2.801354,3.0860565
2023-08-15,0.015579462,0.42478418,2.4637918,0.0,2.4333923
2023-08-16,2.0758278,3.1674924,1.9850216,2.9267318,2.6641808
2023-08-17,2.4203122,2.786169,2.1609082,2.4254096,1.545673
2023-08-18,2.6290333,3.1240935,2.0186021,3.6199985,2.367385
2023-08-21,1.7767031,1.653409,1.7431971,1.1202774,1.7664202
2023-08-22,1.5005622,1.2806028,1.7264259,0.87053835,1.3527776
2023-08-23,1.486501,1.3400217,0.19559026,2.0359888,1.9607319
2023-08-24,1.6628318,2.2951193,2.1662917,2.246599,2.0350475
2023-08-25,1.135709,1.9522271,1.9271712,2.7359257,1.5592983
2023-08-29,2.0500567,0.83870864,1.4534047,1.1227305,1.6508965
2023-08-30,0.98599875,1.5692554,1.3967068,1.099601,1.5371578
2023-08-31,1.6775564,2.5348146,2.5996046,2.3386056,2.022175
2023-09-01,1.3679526,2.23061,0.8758689,1.352839,0.9474529
2023-09-05,1.6223134,3.3666306,3.0393927,3.3549964,2.584965
2023-09-06,2.2119992,3.6002326,2.7974987,3.1971686,2.7034845
2023-09-07,2.0964417,2.6010544,2.8155625,1.943543,2.0938282
2023-09-08,1.3010883,2.228604,2.689117,2.2723582,2.190616
2023-09-11,0.98371696,1.1473178,0.61146474,1.1116929,0.5203403
2023-09-12,1.1967719,1.8043499,2.4541454,2.1035445,2.2178688
2023-09-13,2.4214044,3.247414,2.097079,2.8153224,1.6993281
2023-09-14,1.0788426,1.4317528,1.5768752,1.3851559,0.9289205
2023-09-15,2.0725613,2.4654284,1.9244337,3.525867,3.7570963
2023-09-18,1.2583301,1.2741375,1.7943182,0.93036973,1.6235538
2023-09-19,0.6586641,1.5154393,1.2645929,1.757892,1.8395091
2023-09-20,3.3307943,3.1619658,2.2819386,2.0754616,1.9780538
2023-09-21,1.4349884,2.5309134,3.5493007,2.0382361,2.8660545
2023-09-22,2.4189997,2.5883188,1.5655005,1.9898957,1.6457787
2023-09-25,1.2042059,2.781248,2.1984487,1.7228547,2.1536179
2023-09-26,0.98588717,2.398421,1.9000554,1.8386091,1.7715933
2023-09-27,1.1419266,2.8680003,2.6513648,2.5613055,1.3087686
2023-10-09,0.55786157,2.7873466,0.39217603,0.0,2.852843
2023-10-10,1.7960414,1.927206,2.7755194,2.1274006,2.6685672
2023-10-11,2.3104804,2.4605088,2.1857357,1.732159,2.5213175
2023-10-12,1.9798747,3.5954356,1.7069147,3.228475,2.3494492
2023-10-13,1.111774,0.0,2.010636,2.9709628,1.7764835
2023-10-16,1.0228273,1.5397074,1.6061623,1.3966295,2.355193
2023-10-17,1.8246434,2.0014777,2.0138063,2.3327267,2.22232
2023-10-18,1.598154,1.8922356,1.6397297,2.2797859,1.7146469
2023-10-19,1.4223189,1.9538237,1.7772782,2.4505475,2.3057697
2023-10-20,2.4149365,1.8605934,2.4638085,1.8760006,2.2722976
2023-10-23,0.6951817,1.8336854,1.5769058,0.94377387,2.488464
2023-10-24,1.7697215,2.4753032,1.5404528,1.08612,1.6528885
2023-10-25,2.0990582,1.9952898,2.1190574,1.9753371,1.2308384
2023-10-26,1.6382345,2.6035178,2.202923,1.8742547,2.5541158
2023-10-27,2.0995884,2.3573015,1.8543146,2.3804674,0.9433571
2023-10-30,2.8761106,2.0432563,1.4638,1.2631799,2.3341439
2023-10-31,0.8431319,2.0040624,2.1204655,1.8470112,2.3057098
2023-11-01,2.3911452,3.2470932,2.3861208,1.9500166,2.427767
2023-11-02,1.7212582,2.0857882,2.2454216,2.939269,1.8151731
2023-11-03,1.3635591,1.7722979,0.34349203,1.1246476,1.8779299
2023-11-06,2.4216886,3.394236,2.0102515,2.8044045,1.5451142
2023-11-07,2.4846966,3.9276254,2.9560368,1.6005634,3.1323323
2023-11-08,2.184035,3.7993584,1.5573285,2.363895,2.503603
2023-11-09,0.737942,1.161056,1.8519735,1.6344545,2.1495676
2023-11-10,1.6514094,3.5678844,3.3256426,2.9609861,2.2301476
2023-11-13,1.4677453,1.920562,1.1009223,2.9806323,1.572319
2023-11-14,2.5659409,1.7092714,1.3918813,1.9996247,1.6854562
2023-11-15,1.6353419,1.8238803,1.2348709,1.456306,1.5849876
2023-11-16,2.3890867,2.4242198,2.3313446,1.6054386,3.9226103
2023-11-17,1.945949,1.9121312,3.1739068,2.501575,1.5699774
2023-11-20,1.6362213,1.8878374,1.47231,2.6017706,1.2216716
2023-11-21,2.1230636,1.9726014,1.8787886,2.8030512,2.2513378
2023-11-22,0.84532005,2.2794743,2.441541,1.8610122,2.7104633
2023-11-24,1.5224637,1.056217,1.6786876,0.2955042,2.0185306
2023-11-27,2.2578888,2.4111094,2.6932657,2.3633816,2.600818
2023-11-28,2.5971186,2.0380368,1.5759422,3.2690148,1.6304278
2023-11-29,1.6354187,2.3542342,2.109361,2.674763,2.1060185
2023-11-30,1.1727514,2.3889852,1.2541292,1.878825,2.6253235
2023-12-01,2.9805217,2.632057,1.3927155,0.85672545,2.2549553
2023-12-04,1.4393386,3.6872416,3.2883167,2.9065275,3.1335511
2023-12-05,1.1514144,2.835741,2.1919026,2.1114106,2.6923833
2023-12-06,3.6151013,4.1140156,3.1783886,1.6750993,2.9305184
2023-12-07,1.2442324,2.2982323,0.71547437,2.2756426,1.7851161
2023-12-08,1.5827678,2.5044103,2.7268722,2.1776109,1.2793994
2023-12-11,1.9500132,2.9217918,2.4149256,2.2163973,1.87256
2023-12-12,2.629207,3.1059654,1.6579487,2.030716,2.9494383
2023-12-13,1.4466035,1.586976,2.5897095,1.2770478,1.2577296
2023-12-14,1.7817793,0.0,0.50159657,1.3542691,0.4570104
2023-12-15,2.3365717,4.0395527,1.4783399,3.3217397,1.6129917
2023-12-18,1.7832457,2.0886428,2.4956663,2.2607636,1.7690904
2023-12-19,2.017204,1.7724551,2.0773509,2.241946,1.5687292
2023-12-20,3.0093544,2.7422333,3.1552186,2.319778,2.1697154
2023-12-21,1.6070471,2.2210853,2.005795,1.4834774,2.0152318
2023-12-22,1.337961,1.5677483,1.0343373,1.0811273,1.3212124
2023-12-27,1.3946062,1.3728526,0.541005,1.5249641,1.105041
2023-12-28,0.9359187,1.7518288,1.2926234,1.4902368,2.748536
2023-12-29,3.0214005,3.7338748,3.1501107,2.217097,1.9076799
2024-01-02,1.2115122,1.9004545,2.4819295,1.6297543,2.7754824
2024-01-03,0.98984724,2.7873344,2.958449,2.713452,1.5348763
2024-01-04,1.9415833,3.04563,2.532724,2.7726214,3.0363646
2024-01-05,1.6928911,1.89412,2.291517,1.8541825,1.6588893
2024-01-08,1.3754619,2.6255684,2.0430336,1.5670516,2.8274765
2024-01-09,1.0937554,2.5297666,1.9421345,2.8010437,1.5480441
2024-01-10,2.559031,3.1086805,2.5897515,2.174243,2.4174917
2024-01-11,0.83987767,2.0493689,1.8648398,2.0263295,1.3063427
2024-01-12,1.6676474,1.0132277,2.432507,1.463733,2.0920374
2024-01-16,1.3389355,2.3553936,1.5973027,1.6903758,1.543638
2024-01-17,2.007381,3.3433433,3.341963,2.6857872,2.680112
2024-01-18,1.6765323,1.6315476,1.7710847,2.9747062,2.2030137
2024-01-19,1.0925543,1.8368182,1.2943072,1.6909791,2.1411324
2024-01-22,1.3415643,2.5185404,2.0961092,2.9408536,1.7846025
2024-01-23,2.0288315,2.4770803,0.8159542,1.628588,0.98749757
2024-01-24,1.1495783,1.5666844,0.81042504,1.3761966,0.97344124
2024-01-25,1.8334217,2.2950082,2.8800657,2.6408167,1.5683753
2024-01-26,1.5562892,1.4452615,2.1040792,1.6644244,1.3494469
2024-01-29,2.7365966,2.0923579,2.7899795,1.867211,2.9374385
2024-01-30,2.541985,3.0123441,1.6682298,3.507762,2.4274182
2024-01-31,1.6701118,2.2775862,1.8033376,1.9339635,2.6073472
2024-02-01,1.9247797,2.630691,2.3835309,1.7941642,3.0056849
2024-02-02,1.1001437,2.7396443,2.132583,1.4128361,2.3400543
2024-02-05,1.8368261,2.8390243,2.961026,2.9207928,2.2649548
2024-02-06,2.0289407,2.1477108,1.9431766,2.3237796,1.7827386
2024-02-07,1.1022482,2.1996047,2.298569,2.4131536,1.9062657
2024-02-20,4.347998,2.1805081,3.787075,2.3807783,1.781275
2024-02-21,0.0,1.20493,1.12183,0.0036008358,0.44694233
2024-02-22,1.8041325,1.8052025,2.4135187,1.9229074,1.655731
2024-02-23,2.6734366,2.3618636,2.228459,1.5791007,2.5868938
2024-02-26,0.5027232,2.7902405,1.7611034,2.7889128,1.8376484
2024-02-27,0.5190377,1.1072438,0.81698287,1.8746922,1.474436
2024-02-28,0.35771465,1.9263158,0.7491734,1.0385177,1.6110349
2024-02-29,2.9340332,2.830272,2.295105,2.3102746,1.7188034
2024-03-01,4.0973964,2.4845204,3.8896837,3.2323227,1.8691095
2024-03-04,1.8086478,1.8198909,0.822132,2.0121512,2.349227
2024-03-05,1.5999964,2.164722,2.087696,1.5062022,2.192514
2024-03-06,1.563665,1.0119284,1.4563779,1.9895449,1.5722696
2024-03-07,2.4034002,2.8985803,1.1815968,3.0108953,1.8232458
2024-03-08,3.3252914,3.7919502,2.8203084,3.2622736,3.2319102
2024-03-11,1.4831457,1.4820594,1.1006372,2.1057453,1.5916103
2024-03-12,2.1584136,3.6838326,1.9384656,2.7959979,1.9850616
2024-03-13,2.5530496,1.4665248,2.3560052,2.6446352,1.5297115
2024-03-14,1.5812676,2.5357385,2.8141346,2.5704515,2.1767814
2024-03-15,2.8340263,2.8408005,2.0761597,2.4668055,1.5468389
2024-03-18,1.1021297,2.0895634,2.4249387,2.3031662,1.8599856
2024-03-19,1.680535,2.9530945,2.4572372,2.431973,2.3635452
2024-03-20,2.4253159,3.2245753,1.7906691,2.4624062,2.4655826
2024-03-21,1.5821626,1.7219999,1.2891787,1.7790434,1.8887253
2024-03-22,1.5887835,2.823538,2.7891283,2.115991,2.5106118
2024-03-25,2.0180693,2.2465608,1.8768196,2.856861,1.9963182
2024-03-26,1.0021389,1.7934179,2.1821315,1.6209948,2.7164454
2024-03-27,1.8245142,2.1286466,2.2628486,1.7265544,2.1524189
2024-03-28,1.6347377,1.8455245,1.3436753,2.7388306,1.6183405
2024-04-02,1.4044174,0.0,1.5239758,0.6590525,0.70148754
2024-04-03,2.7012806,1.7894564,0.8522203,2.3666706,1.4611921
2024-04-08,2.8276525,1.5219572,1.2541043,1.6635249,1.2224646
2024-04-09,2.0567117,1.9011129,1.7555,1.3042771,1.7237493
2024-04-10,1.811907,2.7526686,2.0994658,2.6911778,1.8967298
2024-04-11,2.6443565,1.9806426,2.6713488,1.6378174,2.6035411
2024-04-12,1.956132,2.3532007,1.3975708,2.1875398,1.3616314
2024-04-15,2.0302262,1.9590647,1.736861,1.148282,1.2636267
2024-04-16,1.9910223,2.4502842,2.6604786,2.3791897,2.5162575
2024-04-17,2.08092,3.0071743,1.2362351,0.8005415,1.414598
2024-04-18,2.1648974,2.109423,2.1293275,1.6082871,1.834332
2024-04-19,1.876738,2.301966,0.83621657,1.9944483,1.1061199
2024-04-22,1.4263616,4.542012,2.0665216,2.7454953,1.5578465
2024-04-23,2.0694487,3.2317274,3.076332,3.9217346,3.3379374
2024-04-24,1.9912171,2.4391534,1.958395,2.0819795,2.1965191
2024-04-25,2.029232,2.3514888,1.9171262,2.3256736,1.7941879
2024-04-26,2.002106,2.4998791,2.054424,2.4365723,2.0656083
2024-04-29,0.0,0.0,0.0,0.0,0.6119112
2024-04-30,2.6117282,4.1462584,3.859158,1.8578949,2.1976407
2024-05-07,3.7492337,4.683857,0.43731892,4.4098754,3.9645574
2024-05-08,0.7740885,1.3470773,2.4433086,1.2620304,2.107419
2024-05-09,1.6185639,1.2346967,1.7556127,1.636386,1.9626623
2024-05-10,3.2925801,3.4873853,1.574186,3.7431128,3.0403829
2024-05-13,2.114573,3.1695435,1.6014346,2.222932,1.0387126
2024-05-14,2.5944753,1.5572293,1.8905644,1.3780079,2.0509436
2024-05-15,2.64602,1.6285532,1.7065899,2.0355449,1.4236712
2024-05-16,1.8458989,2.53081,2.299894,2.3953807,1.7867345
2024-05-17,1.8452852,0.5394505,0.5290129,1.022443,0.30575967
2024-05-20,1.6041963,2.4954643,0.357664,2.6727376,1.7708031
2024-05-21,1.1847181,1.9784327,1.2851048,0.95591676,1.2329476
2024-05-22,0.30003953,3.0238028,2.2956347,2.4350588,3.369944
2024-05-23,1.091356,3.4791756,2.276201,2.0495229,2.0677524
2024-05-24,2.052734,2.4720852,2.0178075,2.6338866,2.0931926
2024-05-28,0.562768,0.0,0.29079783,1.1907014,0.6836487
2024-05-29,2.4729052,2.9829845,2.7351782,1.7833362,2.1079433
2024-05-30,2.3051462,3.4057188,3.2662473,2.5105562,3.5987883
2024-05-31,2.3495948,3.6819246,3.6598043,3.2157197,3.269439
2024-06-03,1.6517653,1.8431387,1.8155758,0.9153739,2.7902246
2024-06-04,0.92738867,2.915429,2.5174644,1.8669403,2.3628438
2024-06-05,1.026494,1.0270355,2.242426,2.0951624,2.5965154
2024-06-06,1.7612091,1.6602588,0.7638596,2.7430758,1.2283497
2024-06-07,1.5686821,4.7455006,4.829175,3.0656857,3.5449352
2024-06-11,1.8392248,2.4771583,3.0170224,2.7309554,1.847356
2024-06-12,2.1853454,1.1887261,1.088642,1.4424617,1.0488548
2024-06-13,1.1404719,3.5074792,2.6475718,3.1308951,2.5330374
2024-06-14,2.4325767,1.9005733,2.9055002,2.3567626,3.005596
2024-06-17,2.5248432,2.4112165,3.312147,2.1972706,1.7144731
2024-06-18,1.3764962,1.7866023,1.3356047,2.1775992,1.3661268
2024-06-20,1.9273515,0.60283566,1.7797319,1.0471115,1.4545319
2024-06-21,2.5253873,3.8760538,3.4184895,2.7723455,2.782898
2024-06-24,0.0,0.5705862,0.49522996,1.1619291,1.3314612
2024-06-25,1.5466062,2.664453,2.596704,1.2743385,1.7961181
2024-06-26,2.4950047,2.3869271,2.0973828,2.382804,1.5793717
2024-06-27,1.0715972,1.7638843,2.0710392,2.4310348,2.426632
2024-06-28,2.6128845,2.0182607,2.3061488,1.6479452,1.7805803
2024-07-01,2.1358361,3.3075361,2.3090997,3.7353654,2.250543
2024-07-02,1.9999709,2.4240997,1.9580373,2.710043,2.380313
2024-07-03,2.996813,1.9706093,1.5555079,2.3891582,1.2883437
2024-07-05,3.3717618,2.6990209,1.5588436,3.2806907,2.8511565
2024-07-08,0.6949904,2.2230604,2.6080527,0.6523589,1.6913842
2024-07-09,1.136032,2.06328,2.0407403,1.7974353,3.011921
2024-07-10,1.0793931,1.379266,1.7199913,1.3200736,1.7073722
2024-07-11,2.6372275,2.5373194,2.195475,3.4721115,3.0148394
2024-07-12,1.6874495,2.524501,1.9100844,1.9021541,1.748482
2024-07-15,0.99491966,0.56651735,3.0254176,0.09677315,1.7870553
2024-07-16,2.5541627,2.7513099,2.174249,2.9941921,3.2461157
2024-07-17,1.7458361,3.1093845,2.619182,3.08653,2.2701912
2024-07-18,1.6237916,2.9206057,2.7642517,2.3160665,2.4320302
2024-07-19,2.4359732,4.635759,2.8879833,2.561457,2.992793
2024-07-22,1.6250491,3.2686756,2.1033554,3.26514,2.7641327
2024-07-23,3.138304,3.410967,2.8328638,2.7209237,3.207775
2024-07-24,2.7182105,2.6408534,3.0825515,2.8542655,2.4170387
2024-07-25,0.6379707,3.2627397,2.2412052,2.3359215,1.7034378
2024-07-26,2.2196686,1.3833394,3.021076,0.50138485,2.1711812
2024-07-29,0.94567305,1.7452486,1.7546072,1.806486,3.0270286
2024-07-30,1.2334042,0.59516,1.4785079,0.81483006,2.0444927
2024-07-31,2.5149353,1.4888492,1.9268404,2.1117663,0.42469203
2024-08-01,2.5415704,3.5412297,2.6996481,2.303375,2.7936158
2024-08-02,1.8004208,3.036746,1.6641295,1.7542307,3.0621376
2024-08-05,1.5109959,4.3281703,2.8426178,2.6941357,2.5529983
2024-08-06,1.1538919,1.6855998,1.6518623,1.3630555,1.4793481
2024-08-07,0.5957844,1.3433024,2.006401,2.2926173,1.6780624
2024-08-08,1.8546996,1.1428237,1.9730865,1.9603322,1.8857105
2024-08-09,2.0951083,2.6811209,1.4305009,1.7170869,0.9243336
2024-08-12,0.9734331,0.4011978,1.6396422,1.6779407,1.1872538
2024-08-13,2.338874,2.565647,2.8294458,1.6565411,2.6635184
2024-08-14,1.6583341,3.1294491,2.0797617,1.5034719,1.868041
2024-08-15,0.46695602,0.0,1.0977776,0.0,0.8011726
2024-08-16,1.769416,1.5917997,1.5743166,1.7323202,2.7083964
2024-08-19,1.5626938,2.46287,0.024188757,1.1360877,1.1002083
2024-08-20,1.7536641,2.1718585,1.2526733,1.3180357,1.1225574
2024-08-21,1.7719808,2.2029283,1.3295944,1.4997749,1.8843931
2024-08-22,1.8444151,2.8106413,3.2632022,2.2566845,1.879356
2024-08-23,1.1939626,0.6532941,0.73996496,1.5990145,0.60146856
2024-08-27,1.6928391,2.3128183,1.16143,2.8004577,2.234537
2024-08-28,1.8622717,3.7879062,2.9845457,2.9215155,3.3757672
2024-08-29,1.4954474,1.9732959,1.5431114,3.137022,1.9515452
2024-08-30,2.2912922,4.2588134,2.2124438,2.4834244,2.3392954
2024-09-03,1.138242,4.0763397,1.3250592,2.0010397,3.9971066
2024-09-04,2.3916166,3.1749256,2.226543,2.9251564,3.2783837
2024-09-05,1.939961,1.7958181,1.8634878,2.4694126,2.555656
2024-09-06,2.2645783,3.3178477,3.6408725,1.5859287,3.0147212
2024-09-09,1.9471579,1.6433325,1.3471197,2.5957181,1.7219224
2024-09-10,1.7111009,2.3421345,1.9918514,0.98731196,2.7872252
2024-09-11,1.1302183,1.2531883,1.0758015,1.4427071,0.6085427
2024-09-12,1.4199724,0.62068975,0.53796816,1.8549039,0.9443139
2024-09-13,1.9503267,1.1901745,1.0293815,1.6079085,1.839105
2024-09-18,0.42514348,2.501052,0.5184599,3.2471285,0.7656213
2024-09-19,1.0093703,0.52044535,1.2441546,1.4171623,0.97540796
2024-09-20,1.7689092,2.2942493,2.2924902,2.5339131,2.740087
2024-09-23,1.2275586,3.2445543,0.714368,2.4916801,2.078369
2024-09-24,1.5846939,0.43710554,0.37795365,1.3695049,0.30494118
2024-09-25,1.4261096,2.7327032,1.1771109,2.2225542,2.3872266
2024-09-26,1.839053,1.2726303,0.8410891,0.13005018,0.99593294
2024-09-27,1.4984536,2.8609412,1.6291778,1.7218828,1.2091124
2024-10-08,3.0905986,4.774514,5.4141326,5.2959795,1.9545256
2024-10-09,2.0362515,2.9803061,2.6494257,2.8754473,3.110764
2024-10-10,1.3554057,0.85228336,1.4786596,2.0025632,0.6052605
2024-10-11,2.334106,1.390041,1.5887172,1.2670419,1.4147917
2024-10-14,1.6670195,2.2595527,2.8513355,1.7748996,3.4847639
2024-10-15,1.2079037,1.7516246,1.5623438,0.84853864,2.9900517
2024-10-16,2.5553026,2.525292,2.2437263,2.1901872,2.1332672
2024-10-17,2.2208266,2.9605057,2.3703141,3.3924134,2.759719
2024-10-18,2.0905805,0.8582088,1.2917426,0.51403177,1.676639
2024-10-21,1.9307202,2.4718094,2.1297557,2.9698224,2.1569452
2024-10-22,2.4616234,2.0430448,1.6909169,3.1904554,1.5562551
2024-10-23,0.8456075,2.92137,1.3033843,1.4574769,1.5114381
2024-10-24,2.2807498,2.7414713,2.0962203,2.46812,2.3431077
2024-10-25,1.6694455,1.6175992,2.815637,2.116247,1.7478379
2024-10-28,2.7034435,2.6669078,1.9178914,0.7701359,3.1952329
2024-10-29,2.1507993,2.2489092,1.9183574,2.6203647,2.493073
2024-10-30,0.855425,2.2534904,2.1022544,2.7608356,1.8015821
2024-10-31,1.7465627,3.7948356,2.8594687,3.1396317,2.044855
2024-11-01,2.3957334,3.0458083,1.9930463,2.4104867,1.9315448
2024-11-04,1.0979586,1.9284563,2.117505,2.33066,1.5086037
2024-11-05,1.643026,1.7123147,1.3137462,1.7700918,1.3186672
2024-11-06,1.3675793,4.630291,3.146401,3.6343489,3.3502858
2024-11-07,1.447409,1.235049,0.0,1.4257574,0.1642456
2024-11-08,2.2665765,3.9887233,3.0537825,2.9801304,3.726944
2024-11-11,1.4592049,3.8451333,2.5325816,1.5643628,2.3939614
2024-11-12,1.2349936,2.067475,2.8521228,1.8225558,2.535442
2024-11-13,0.9530861,1.9815488,2.025131,1.5238686,1.8031275
2024-11-14,1.2679007,1.5553321,2.5345292,1.6565651,2.2729034
2024-11-15,2.1054487,3.0925562,0.97968674,1.8710974,1.5958674
2024-11-18,1.7602355,1.1846681,1.6549785,3.5014706,2.095134
2024-11-19,1.700749,1.7183558,1.8100537,1.4418602,1.482017
2024-11-20,0.36543214,1.3419781,0.983112,0.7616973,1.3827441
2024-11-21,1.0155094,1.1428232,2.314849,1.5460635,1.7329055
2024-11-22,1.4110776,1.3716955,1.5633051,2.047592,2.008261
2024-11-25,0.33185375,3.4033365,1.0749391,0.077175856,0.6064949
2024-11-26,1.5419681,2.5341814,1.879381,2.5081117,2.2082784
2024-11-27,1.2616317,1.2525139,1.8301262,0.77907634,1.7925547
2024-11-29,2.5260952,2.4097366,1.8784673,2.4196553,2.2724504
2024-12-02,3.1051602,3.9045243,3.258151,2.9954152,2.8750024
2024-12-03,2.171659,1.7960961,1.805718,2.655332,1.3692213
2024-12-04,1.4602802,1.854551,1.4041315,1.1712296,2.0615048
2024-12-05,1.429979,3.2282739,1.6157432,2.6503422,2.1150243
2024-12-06,1.4962239,2.446081,1.6092026,2.6955748,2.954855
2024-12-09,2.5066254,1.6097095,2.1404517,2.6511106,1.8844591
2024-12-10,2.2697084,2.5920758,1.9986005,2.6886053,2.300064
2024-12-11,1.6604205,1.6820605,2.2095616,2.2989552,1.715718
2024-12-12,1.4795027,3.336096,2.5742524,1.902883,1.6012099
2024-12-13,1.9976954,3.0870824,3.1156578,2.4400122,1.8465124
2024-12-16,1.7550472,2.697121,1.7905664,3.1292462,3.239383
2024-12-17,2.12066,2.6961389,2.648393,1.5656271,2.3459246
2024-12-18,1.2734542,1.7593795,2.6895914,1.482242,2.0063827
2024-12-19,1.599984,4.1287155,2.7139738,2.6203654,2.4140038
2024-12-20,1.8767618,1.7025268,1.1714187,1.9898909,1.7293382
2024-12-23,1.4138395,2.150725,1.5331016,2.1567852,2.0551295
2024-12-24,1.4570827,1.5982137,1.3784796,1.2993054,0.8926698
2024-12-27,2.4729218,3.8012786,2.8055851,3.288159,2.493689
2024-12-30,1.1212201,2.2483141,1.9869499,1.8651115,1.4448557
2024-12-31,2.1885297,2.9739487,2.4156978,3.4531002,2.8255434
2025-01-02,1.2192811,0.9568156,2.0508533,2.6340687,2.4773812
2025-01-03,2.8787372,2.1656263,3.3951004,2.3354247,2.5556896
2025-01-06,1.3555262,2.411105,0.95041287,2.054383,1.5729611
2025-01-07,2.412565,2.0017366,1.8094589,2.7111015,2.0916708
2025-01-08,2.0484478,2.3616018,2.1822596,1.9245788,2.2391424
2025-01-09,2.2292469,2.3361802,1.546657,2.4050326,1.2266352
2025-01-10,2.1450634,2.572756,1.5619485,4.0412025,1.386716
2025-01-13,1.5971363,3.789554,1.9753366,3.0633612,1.4565592
2025-01-14,2.4113202,3.215643,2.2466583,2.0121756,1.8770337
2025-01-15,1.5511553,1.073948,1.6402882,2.283212,1.2284989
2025-01-16,1.4764495,1.0943735,1.7989374,0.7321799,1.7423992
2025-01-17,2.0642788,2.9791048,1.3361559,2.2999246,1.6749393
2025-01-21,2.9115553,3.8058262,1.7844436,3.5992448,3.4909544
2025-01-22,0.7309302,1.3335623,1.7544698,1.2356927,2.4245367
2025-01-23,1.4196935,2.7258947,1.7084626,2.5587277,2.3013222
2025-01-24,1.3573806,1.4530044,1.880339,1.6918005,1.7504625
2025-02-05,3.0643673,0.9788945,0.34724092,3.4605527,4.749365
2025-02-06,1.6125213,2.827126,1.5332613,2.2253346,1.6175458
2025-02-07,2.3403769,2.2389843,2.3676674,2.0564222,1.4798465
2025-02-10,0.6529201,0.59404325,0.84958434,1.3949295,1.2500448
2025-02-11,1.4133039,2.0960004,2.7273636,2.5192878,2.0473666
2025-02-12,1.5665635,1.8332498,1.0560095,1.1486123,2.1037114
2025-02-13,1.6369447,2.3232396,1.7020137,2.6471934,2.2663734
2025-02-14,1.5263253,3.4389482,1.877105,2.4376588,1.9830498
2025-02-18,1.7989559,2.3130088,1.4483626,2.5893922,1.8180475
2025-02-19,0.9363649,1.9061928,2.3041556,1.1747391,1.5657818
2025-02-20,2.7068887,2.416399,1.8625312,2.472145,1.514502
2025-02-21,1.2361114,2.495111,1.8115854,1.3870783,2.6652784
2025-02-24,1.8898458,2.3879669,3.264134,2.0256305,2.6392472
2025-02-25,1.6047453,3.2735846,2.3286402,1.833214,2.4921684
2025-02-26,3.2406597,2.7222292,2.516124,2.023323,2.2278867
2025-02-27,1.6381745,2.195788,2.9095528,1.3730069,0.87357545
2025-02-28,1.7215339,3.0077603,3.3224692,1.5304571,2.594295
2025-03-03,2.0449507,0.38634646,1.6792066,0.30988026,1.0762098
2025-03-04,1.684579,1.6409867,2.586651,1.6046293,2.178794
2025-03-05,1.9744039,2.217823,0.13494515,1.3186897,1.2707269
2025-03-06,2.579744,3.2432365,1.3315887,2.434433,1.5221767
2025-03-07,1.2022854,2.7167463,2.0658917,2.4109082,1.8975937
2025-03-10,0.7593738,2.1593688,1.4787765,1.7383955,2.4143465
2025-03-11,1.6596339,1.138055,1.4511378,1.3270452,1.3656785
2025-03-12,2.2110844,1.3153723,2.1997094,2.1373744,1.7036035
2025-03-13,2.0387824,1.9875787,1.091455,2.1539447,2.4283638
2025-03-14,2.008539,2.1774952,2.3316033,2.2255988,1.9153085
2025-03-17,1.8463353,2.9941869,1.1868551,4.1811895,2.528555
2025-03-18,2.292228,2.247891,2.1013384,2.3796515,2.5400221
2025-03-19,1.1486416,2.0821242,1.9036255,1.5253413,1.3520253
2025-03-20,2.0533018,2.846751,2.4805393,3.045761,2.183072
2025-03-21,1.9338325,3.0091724,2.8122873,2.236668,2.2759876
2025-03-24,1.8554178,2.5406048,2.4535716,2.1027083,1.8034446
2025-03-25,2.0469232,1.5175879,1.8895199,1.8174435,1.7449026
2025-03-26,1.9417454,2.3768997,2.37287,2.1179626,1.689974
2025-03-27,2.3813293,2.4192193,2.2023926,3.2679963,2.8268282
2025-03-28,1.9709508,2.5339375,1.9435422,2.2133245,2.2240329
2025-03-31,1.8252403,1.7806022,2.6473083,3.106174,2.5929942
2025-04-01,1.3902136,3.2146704,1.2548317,3.2977629,2.3424723
2025-04-02,1.789439,2.1782153,2.3739834,2.8387198,2.3889627
2025-04-03,2.3473291,5.5739822,3.5687728,1.8487872,4.27928
2025-04-07,1.9446189,7.373646,5.5322447,2.8486388,6.3727427
2025-04-08,2.7777739,3.234271,2.5442066,3.0462632,3.3931403
2025-04-09,1.8106903,1.3090715,1.6507097,3.299598,1.7555857
2025-04-10,2.8905466,1.8683555,0.06891632,1.0413954,1.577857
2025-04-11,2.3178062,1.3270425,0.9009614,2.7868316,1.4685321
2025-04-14,2.7286475,2.2550023,2.8601735,2.2011626,2.1017816
2025-04-15,1.9694674,2.110107,1.6199226,1.8699914,1.6288884
2025-04-16,1.9294989,0.99994123,1.4970173,2.8121016,2.2267613
2025-04-17,1.423208,2.230208,2.4389844,2.596488,1.4080403
2025-04-22,2.4044194,1.4787731,1.7377186,1.5450075,1.7564365
2025-04-23,0.64144325,2.0600178,0.6891066,0.47526097,0.80198
2025-04-24,2.480328,2.5359197,1.5953711,3.0083807,1.8943819
2025-04-25,1.405363,2.896377,2.6565847,2.6720386,2.383463
2025-04-28,1.8082983,1.587033,1.6373523,1.5830791,1.9698824
2025-04-29,1.6529629,1.7777259,1.9609311,0.25526392,1.6120443
2025-04-30,1.8538,3.8756294,2.9962602,2.888457,4.059699
2025-05-06,0.5053662,0.0,0.0,0.0,0.43660486
2025-05-07,1.9220093,3.2040296,3.1079698,1.8536603,2.8548295
2025-05-08,2.2141395,3.323306,3.0859957,3.326551,1.5506845
2025-05-09,1.5632354,1.2526994,1.3886206,1.9185644,1.2867335
2025-05-12,2.0502512,4.1290374,2.579789,2.6103933,0.85558856
2025-05-13,1.8006562,1.4651377,1.6101823,2.6469293,1.3278553
2025-05-14,2.3869429,3.992181,2.4126773,2.5243416,1.6274226
2025-05-15,2.8658097,2.9221709,2.2008705,2.884952,3.5534456
2025-05-16,1.9277452,2.874207,3.1302204,2.2051911,2.1887507
2025-05-19,2.374282,2.1923342,1.9552999,2.937644,2.7449512
2025-05-20,1.968296,1.4659384,1.0275133,2.1444614,1.8389614
2025-05-21,2.034839,1.9839246,1.390398,2.656476,2.4953547
2025-05-22,2.4796655,3.3271565,2.5824785,2.331053,2.3401809
2025-05-23,1.9568806,1.2543694,1.4238585,1.5133431,1.5860149
2025-05-27,1.597619,3.1873546,2.2597895,1.722946,1.944966
2025-05-28,2.4458692,2.7553415,3.548901,2.6651065,2.6236908
2025-05-29,1.7156208,1.995636,1.5118623,1.6009996,2.130014
2025-06-03,1.2855246,0.5611738,1.7511411,1.087078,0.7794789
2025-06-04,2.3891118,2.4150217,1.7225384,2.128078,2.3058681
2025-06-05,1.8508662,1.4309645,1.5674822,2.317799,1.8552892
2025-06-06,1.9827697,2.608302,2.3172934,3.2924013,2.3168054
2025-06-09,1.8235674,0.88443637,1.8729088,1.6145656,1.5898112
2025-06-10,2.48769,3.1420455,2.4147782,2.4198034,2.0778804
2025-06-11,1.7656862,1.6489625,2.8044846,2.8684766,1.5671763
2025-06-12,2.3652656,1.9974722,2.1726735,2.0856686,2.449424
2025-06-13,1.6343523,3.0626957,2.4771757,4.992319,1.6482654
2025-06-16,2.7226565,3.1022742,1.8188095,2.852455,1.558858
2025-06-17,1.9996123,2.096703,2.7452931,2.9162054,1.4936467
2025-06-18,2.4744058,2.607112,2.0460682,2.8987164,2.023936
2025-06-20,1.7860647,3.1732435,2.9005249,2.122114,1.9247843
2025-06-23,2.0356333,2.0432723,0.826239,0.0,2.4392533
2025-06-24,2.073283,3.0780983,1.7885187,0.28334427,2.3243647
2025-06-25,2.0280275,1.4166567,2.3588157,1.5946372,1.7727916
2025-06-26,2.5070786,1.4480144,1.4709826,1.709804,0.9661083
2025-06-27,0.43687713,2.9725544,1.2699857,1.4402766,1.1483189
2025-07-01,2.9693513,2.7733145,3.0419528,3.4078789,3.5141363
2025-07-02,2.272349,2.0602732,1.1731546,3.3111057,1.2828525
2025-07-03,1.5713594,2.8001063,2.1152687,2.3385816,2.492528
2025-07-07,1.9035686,2.0865872,3.9444582,2.241764,2.5444632
2025-07-08,2.3086805,1.5693741,1.3455997,0.94705117,0.0
2025-07-09,1.3310935,2.1908097,2.1020977,2.0477846,2.3912585
2025-07-10,1.6887765,1.7625462,0.7451434,1.0046327,1.404118
2025-07-11,2.0214136,0.5530324,2.3298368,2.6122298,2.1872578
2025-07-14,0.80061406,2.7636566,1.4142237,1.8108554,2.4401696
2025-07-15,1.3629326,2.5220208,1.962173,2.0532804,1.8603584
2025-07-16,1.4377387,2.0084164,1.2663201,2.2358942,2.2768633
2025-07-17,1.9350402,2.0754237,2.0155053,2.5913792,1.4913924
2025-07-18,1.9842833,2.6228354,1.0365179,1.803076,1.2142128
2025-07-21,3.6487749,2.1914675,2.7242723,2.3555777,2.0655892
2025-07-22,2.191837,2.2653835,1.7149287,1.6406856,2.0811589
2025-07-23,1.9048121,2.8502822,2.1811256,1.9645286,1.6711857
2025-07-24,0.96216995,2.4332879,1.6436924,2.3050783,2.107297
2025-07-25,2.111716,3.4545026,2.8173094,2.1564133,2.2029335
2025-07-28,1.2159932,2.0403562,2.6513083,2.3812437,2.0183148
2025-07-29,1.9083316,1.8922088,2.966735,2.819071,1.7917713
2025-07-30,1.7445602,2.8759797,2.826989,2.3498268,2.2035148
2025-07-31,0.29833925,4.409012,4.306982,3.715675,5.4129486
2025-08-01,3.3496838,2.675167,2.23741,1.5619974,2.9102228
2025-08-04,2.184965,1.9937632,1.7266443,2.1151538,2.293991
2025-08-05,1.0998416,1.5678151,1.4441622,0.7547108,1.7922748
2025-08-06,1.955112,2.2794917,1.6357994,1.5631013,1.3862433
2025-08-07,2.1441755,2.4784985,1.5849254,2.606041,2.365232
2025-08-08,1.069413,1.2357043,1.4547203,1.4879929,1.8150669
2025-08-11,1.1821463,3.3006172,1.6739892,2.644789,1.910315
2025-08-12,1.5847186,1.7054267,1.2268686,1.0277762,1.243319
2025-08-13,1.9773755,2.54009,1.9692582,2.4263077,2.4343407
2025-08-14,1.2796116,1.8670115,2.4189065,1.762545,1.7398522
2025-08-15,0.0,1.5583845,0.5961046,1.490843,2.2855654
2025-08-18,1.723601,2.386591,2.4055216,2.4614038,2.101401
2025-08-19,1.1531572,2.3474476,2.3899536,1.5513735,2.334361
2025-08-20,1.4567676,1.1724968,1.5546887,2.0774498,1.6425204
2025-08-21,1.9753083,2.7768338,1.6281248,3.4524994,2.0653412
2025-08-22,1.861285,1.5758176,0.99588335,1.8348054,1.4934354
2025-08-26,2.2343285,2.6384363,2.4703684,1.53985,2.0346572
2025-08-27,1.0719849,1.5309312,2.3911724,2.1319523,2.2848408
2025-08-28,1.6397761,1.5386981,1.6407576,1.972705,1.7225354
2025-08-29,2.3796816,2.3178568,1.0328183,2.3407211,2.080578
2025-09-02,3.0365102,1.7907438,2.2846174,2.454788,2.1010978
2025-09-03,1.7303284,1.2407502,1.6247076,1.1905413,2.360302
2025-09-04,1.7139636,3.8246598,2.7417839,2.3499284,2.4098225
2025-09-05,2.3388264,2.3055246,1.7727594,1.662442,2.4720922
2025-09-08,1.2580249,1.8926542,1.2122397,2.3352551,1.8892852
2025-09-09,1.3003564,2.122593,2.3376293,1.9101244,1.9538515
2025-09-10,1.5330031,1.4737701,1.6478205,1.8637552,1.3694253
2025-09-11,2.550477,2.970349,1.4517126,2.0247936,1.914007
2025-09-12,1.6787213,1.8428961,1.2915652,1.9774553,1.5194176
2025-09-15,1.2043879,2.4479227,0.36949813,3.5112185,1.9837416
2025-09-16,1.6748483,2.7499478,1.9229515,2.9421961,1.6731398
2025-09-17,2.7791176,3.6828017,3.7085712,2.2998817,2.8465607
2025-09-18,2.3883772,2.6928113,2.7363405,2.1018894,2.4426746
2025-09-19,2.783503,2.3660626,2.432843,2.1221755,2.7261486
2025-09-22,2.6422052,1.5727899,2.5382972,2.1158402,2.5787733
2025-09-23,2.352955,1.766296,1.9129118,3.0811296,2.2795544
2025-09-24,0.9521934,1.859598,1.6193602,1.4470928,0.5730865
2025-09-25,1.8009632,1.8806078,1.7455227,2.6455772,2.3863902
2025-09-26,1.9921732,1.0046235,2.0117877,2.3259768,2.3524604
2025-09-29,1.8109292,1.5317999,0.6248288,0.5975597,1.4920416
2025-10-09,2.458648,1.2446271,0.0,0.073378325,0.93923116
2025-10-10,1.6732665,2.5274484,2.2891681,1.1651435,3.1316266
2025-10-13,2.9794617,0.13259625,0.8871459,1.6714523,1.0674471
2025-10-14,1.4108707,2.5219235,2.5392537,3.4281335,4.403846
2025-10-15,1.1322366,1.2585802,1.2454368,1.437838,2.0519547
2025-10-16,2.5066907,1.2235191,1.0489557,2.0014658,2.3551307
2025-10-17,0.61733985,4.484387,2.7078462,2.4362779,1.650035
2025-10-20,1.419174,0.5323454,0.6199511,1.5951748,1.7339442
2025-10-21,0.3327757,5.2382555,3.0433187,1.3863235,0.6061028
2025-10-22,1.5914371,2.0728202,1.7840142,2.0745394,1.2393858
2025-10-23,2.2516034,1.1290861,1.8858384,3.6331096,1.294098
2025-10-24,2.1006236,2.5275362,2.3922386,1.9009973,2.0606153
2025-10-27,1.8244319,4.5391774,1.9773749,2.5785005,1.3089919
2025-10-28,1.8732555,2.8104925,1.5803049,1.9827001,2.1905658
2025-10-29,1.5076318,1.5590186,1.4456205,2.022286,1.3757036
2025-10-30,1.3043596,1.5492632,2.3635442,2.087025,2.332419
2025-10-31,1.0111732,2.6340504,1.4797723,1.7742577,1.6015342
2025-11-03,1.1272578,2.2691553,0.57830846,1.9674522,1.8311777
2025-11-04,1.6718807,3.3319154,2.9745224,2.3047028,2.3745787
2025-11-05,2.0847363,2.40372,1.759351,2.7125745,3.0093706
2025-11-06,1.671617,1.9073752,3.1318822,1.5310194,1.7207034
2025-11-07,2.1947167,2.3656397,1.8788054,2.2723765,2.0321076
2025-11-10,2.6099284,1.0961962,0.91740084,2.7623835,1.7641534
2025-11-11,1.1836891,1.865774,2.1539512,2.5241945,1.9092613
2025-11-12,2.9198167,1.7536457,1.1198049,1.7039096,2.9964948
2025-11-13,1.3555002,2.675942,1.9564822,2.2495315,2.1984015
2025-11-14,0.7417066,2.806964,3.2978888,2.0271277,1.3426347
2025-11-17,2.4780085,4.026588,2.3509574,4.2480116,3.4242215
2025-11-18,1.2464124,2.1327305,2.370842,2.925191,2.1250439
2025-11-19,1.9934914,1.9888811,2.0101428,0.70373535,1.9951481
2025-11-20,1.7036242,2.7848678,2.3417842,1.3929704,1.9782292
2025-11-21,1.8390441,2.489404,1.8334754,1.9337424,2.6422234
2025-11-24,1.4924129,1.5696102,1.6568407,1.7604427,1.8802319
2025-11-25,1.7878052,1.911514,1.1624359,1.8702254,2.3913066
2025-11-26,2.04556,1.6886508,0.78490376,2.0462449,1.030342
2025-11-28,2.3051121,0.64511263,0.8507408,2.157208,1.8639576
2025-12-01,2.2992196,1.9365908,1.8373204,1.5894494,1.4902492
2025-12-02,1.8521014,3.5669947,2.3752675,2.8725228,2.8913634
2025-12-03,1.6622297,1.574935,1.8986669,1.2023818,1.4086401
2025-12-04,1.7226269,2.745017,1.7282993,2.5452142,1.7823557
2025-12-05,2.0058804,1.7070925,2.195993,1.8327309,1.4335437
2025-12-08,2.5757582,3.2521865,2.4289405,1.9286191,2.4747336
2025-12-09,2.0419703,1.7725501,1.9111654,2.3762798,3.0614557
2025-12-10,1.0617151,2.1300092,1.8056872,1.7169821,1.6378608
2025-12-11,3.2473104,1.1040771,0.887517,1.5493591,1.8158948
2025-12-12,1.6851534,2.2329817,3.3499675,2.3061829,3.300309
2025-12-15,2.678485,2.604751,2.3699412,3.3220482,3.5140338
2025-12-16,2.7255068,2.5682814,2.3922124,1.5249391,2.6277947
2025-12-17,2.6915576,1.3713645,1.779545,2.1855607,1.6627469
2025-12-18,2.3491414,3.1398501,2.3413682,2.5010233,2.066284
2025-12-19,1.7985388,1.0433328,1.3746998,1.708841,1.5512942
2025-12-22,2.0580955,1.2998124,1.5510299,2.9360602,1.911021
2025-12-23,1.588595,0.15917277,0.8090048,1.7330067,1.6874231
2025-12-24,1.9667115,2.9073951,1.6362816,2.53865,2.0755248
2025-12-29,0.063055634,3.090384,2.1005707,0.6200737,1.0884874
2025-12-30,4.5268345,0.7310722,1.4051948,2.05564,1.5799342
2025-12-31,0.8895775,4.6526284,3.144638,1.68753,1.9737359
2026-01-05,3.5199122,0.0,0.014904141,2.313618,1.0714049
2026-01-06,2.3497593,0.3094766,0.0638746,0.6844462,1.353783
2026-01-07,0.46831715,4.1790724,2.6098218,2.8511968,3.2112272
2026-01-08,1.7999328,2.6866624,3.373512,3.3396955,2.1294844
2026-01-09,3.0592158,1.682817,1.9576303,2.3878741,1.5033528
2026-01-12,1.9139866,0.0,1.2178578,0.40911198,0.8478588
2026-01-13,1.4485798,1.8204969,2.3863149,2.4170299,1.3993545
2026-01-14,3.2102165,1.9900008,1.7892909,2.645893,1.7227917
2026-01-15,2.8332095,3.6558774,1.6025078,2.5364966,2.8937619
2026-01-16,0.8608834,3.6323721,3.0384474,3.5812788,3.3996506
2026-01-20,1.8095914,0.0,1.7826669,2.1077478,2.1394
2026-01-21,0.7557337,1.4716592,1.273019,1.8364177,1.0100126
2026-01-22,2.1849794,1.4060395,0.980945,1.7518942,2.5017211
2026-01-23,2.398809,0.665594,0.79030037,2.3348982,0.9435575
2026-01-26,1.2868066,0.0,0.39051986,0.67079175,1.2434313
2026-01-27,0.0,4.1024704,2.7454329,2.5105047,1.131572
2026-01-28,2.8503556,0.4459368,1.2935727,2.4479055,2.1107125
2026-01-29,6.0021186,4.1559896,4.105335,4.944478,3.6015253
2026-01-30,0.0,11.906778,6.076309,1.9924203,0.0
2026-02-02,3.7627068,5.1387253,3.4516697,2.799692,5.3474174
2026-02-03,3.5963807,0.0,1.0320947,2.802187,1.8368974
2026-02-04,1.9361433,2.857754,2.9490697,3.6809206,2.37493
2026-02-05,1.3738058,5.3381186,2.365392,2.5397882,2.671444
2026-02-06,2.9669385,2.0239325,2.3922012,1.9971058,1.5273446
2026-02-09,2.4161735,0.7736765,1.3294151,2.3114066,1.8221769
2026-02-10,2.212893,3.727152,2.3713405,2.5419438,2.1862843
2026-02-11,2.28441,1.261386,1.5638566,2.1328318,1.6613871
2026-02-12,0.55378103,5.6778593,2.3388345,2.5201406,2.504161
2026-02-24,4.073465,0.0,1.6129448,4.387026,1.8812242
2026-02-25,2.088343,0.78185046,0.8027432,1.696866,1.4975519
2026-02-26,2.2242737,4.166175,2.9688392,2.9420629,2.4435935
2026-02-27,2.3995914,1.0054315,1.6501784,3.4602456,2.55891
2026-03-02,0.9580833,1.8633096,3.979542,3.5150256,0.940004
2026-03-03,0.13692248,4.580929,3.5717003,3.1129003,0.41815317
2026-03-04,2.4406343,1.8320053,1.6455537,1.8305633,0.74404716
2026-03-05,0.7122737,2.6700854,3.020177,4.976248,2.0358086
2026-03-06,0.70636046,0.61654353,0.5096775,2.66136,0.056999564
2026-03-09,0.712999,1.1066012,2.3022342,2.1482167,1.6144974
2026-03-10,3.1943865,1.8313917,0.0,0.0048446655,3.324163
2026-03-11,1.180752,3.2983122,2.9153569,3.7586188,0.78349864
2026-03-12,0.6283076,1.69792,2.577033,3.2981706,0.4286908
2026-03-13,1.0750557,4.02003,3.3170133,3.6183507,2.3098211
2026-03-16,0.87767196,1.3119501,1.4881566,0.0,2.1268594
2026-03-17,1.2115537,1.6590072,2.3723145,3.1213129,1.7167505
2026-03-18,0.6324053,3.7166767,2.582343,3.4052596,2.226201
2026-03-19,0.0,5.120551,3.2923563,3.228687,2.289063
2026-03-20,1.0993356,1.6154158,3.02277,2.5624213,1.5013527
2026-03-23,2.6739652,5.5583715,1.1460981,0.041399956,3.115327
2026-03-24,0.4407432,0.7486861,1.9273635,2.592196,1.0181885
2026-03-25,3.187407,2.1299121,0.47807086,2.0450008,2.777944
2026-03-26,0.045294046,3.821502,2.9210248,2.9176407,0.33120215
2026-03-27,1.9878849,0.47459018,2.4130988,2.4323263,1.2141842
2026-03-30,2.6903467,2.0496829,1.9780304,1.8011073,1.16425
2026-03-31,2.4481497,0.71235216,0.6531699,1.9683224,1.9322085
2026-04-01,2.783416,1.8703089,0.7788056,0.0,2.5477698
2026-04-02,1.2373899,3.0296655,4.030601,4.1299505,0.9300103
2026-04-07,2.1497824,2.8971546,2.7485123,2.152727,1.4636893
2026-04-08,3.6395402,2.123644,0.0,0.0,4.356694
2026-04-09,1.9599072,1.5417614,2.193048,2.3682227,1.7638938
2026-04-10,1.6705636,2.584471,1.2416642,1.0524722,1.1374493
2026-04-13,1.0335875,1.5151536,1.5878892,1.6495194,0.48641467
2026-04-14,2.747533,2.1795964,0.62125254,1.7472469,3.3035476
2026-04-15,1.9265608,2.6360304,1.5369477,2.3752754,1.2107955
2026-04-16,1.7377164,2.7321942,2.3569407,3.1427531,1.2158297
2026-04-17,2.8802338,2.672442,0.60370576,0.19826329,3.8207586
2026-04-20,0.9072328,2.5942314,2.8230493,3.4005268,1.2960763
2026-04-21,1.3008742,3.8574476,2.5642738,3.274355,0.94587886
2026-04-22,1.5082688,0.62036204,1.7725308,2.0271688,0.94560635
2026-04-23,0.8853573,2.7411764,2.0312407,2.9256296,1.6289773
2026-04-24,1.9398556,2.2776637,1.8555521,2.0275745,2.2718081
2026-04-27,1.6698953,3.376235,2.6101747,3.3034062,2.0265844
2026-04-28,1.0372221,3.3594728,2.312511,3.4470043,2.0850527
2026-04-29,0.91462296,2.4423225,3.1311588,3.9934816,1.6105464
2026-05-06,2.1169026,0.0,0.0,0.0,2.5654397
2026-05-07,1.9531614,1.6508887,2.0495918,1.3032451,1.8243587
2026-05-08,1.3109163,1.9974716,1.4230816,2.7094314,1.8447809
2026-05-11,0.44715488,0.0,0.0,0.96841896,0.22557712
2026-05-12,2.2529685,3.4992604,2.40162,4.487685,2.0133011
2026-05-13,1.8117783,0.8762883,0.5185143,0.74595416,1.6603938
2026-05-14,2.0045614,3.3473039,3.655353,1.2763715,1.738334
2026-05-15,2.4326358,6.0333004,5.4944324,4.6140957,2.7040496
2026-05-18,1.4251771,3.134805,1.2033026,3.5607262,1.631908
2026-05-19,1.5736558,3.2708373,2.39695,2.058948,1.9237131
2026-05-20,2.9556425,2.6980934,1.302588,0.3329245,2.5509856
2026-05-21,2.1369135,2.3558805,2.2684026,1.7219429,3.0046747
2026-05-22,2.2901034,2.9068232,2.4106889,2.3842132,1.5074887
2026-05-26,2.181878,2.7312078,1.5359144,1.0012573,2.473847
2026-05-27,2.6427405,4.260521,2.4947307,1.7639488,2.7261953
2026-05-28,1.506727,1.629744,1.0004086,1.6638023,1.2004647
2026-05-29,2.3369002,2.2301733,2.317139,1.653982,2.4851584
2026-06-01,1.3783009,2.2254484,1.9621727,2.0831878,0.62014484
