date,fx_dxy,fx_bbdxy,fx_eurusd,fx_usdcnh,fx_audusd,fx_usdbrl,fx_usdclp,fx_usdcad,fx_usdnok,fx_usdzar,ust_10y,ust_5y,ust_2y,tips_10y,tips_5y,be_10y,be_5y,inflsw_5y,inflsw_10y,cny_10y,hy_oas,ig_oas,vix,move,ovx,gvz,spx,mxwo,mxef,csi300,shcomp,hscei,xle,bdiy,bdti,gpr,epu
2013-10-18,79.654,1002.73,1.3687,6.0893,0.9677,2.1691,496.79,1.0286,5.9,9.7884,2.5777,1.3307,0.3106,0.397,-0.642,2.1819,1.8399,2.1795,2.52,4.11,4.29,1.32,13.04,72.4643,20.12,21.43,1744.5,1598.14,1042.06,2426.05,2193.781,10644.04,43.47,1901,621,,199.23
2013-10-19,,,,,,,,,,,,,,,,,,,,,,,,,,,,,,,,,,,,,151.96
2013-10-20,,,,,,,,,,,,,,,,,,,,,,,,,,,,,,,,,,,,,152.96
2013-10-21,79.695,1004.55,1.3681,6.0887,0.9653,2.1751,502.05,1.0304,5.9212,9.8429,2.6014,1.3503,0.3106,0.407,-0.63,2.1953,1.8434,2.187,2.529,4.13,4.23,1.32,13.16,71.4668,20.91,21.52,1744.66,1599.73,1042.66,2471.32,2229.238,10668.2,43.275,1878,621,,10.92
2013-10-22,79.23,999.46,1.3781,6.0837,0.9708,2.1724,499.53,1.0286,5.8988,9.7374,2.5124,1.2799,0.2905,0.338,-0.672,2.1742,1.8196,2.17,2.5084,4.14,4.27,1.31,13.33,63.0545,21.62,20.75,1754.67,1610.79,1044.66,2445.89,2210.652,10653.43,43.515,1847,617,,101.82
2013-10-23,79.264,1001,1.3776,6.0849,0.9623,2.1906,502.95,1.0382,5.9196,9.7934,2.5016,1.2848,0.3068,0.346,-0.639,2.1565,1.7957,2.14,2.4891,4.16,4.27,1.32,13.42,62.0475,23.28,20.52,1746.38,1601.64,1033.47,2418.49,2183.107,10457.32,42.8345,1786,614,,172.74
2013-10-24,79.185,1000.57,1.3801,6.0769,0.9623,2.2035,503.64,1.0422,5.8923,9.7557,2.5197,1.3011,0.3028,0.343,-0.651,2.1779,1.8209,2.165,2.508,4.18,4.22,1.32,13.2,63.1394,21.88,20.67,1752.07,1607.92,1030.82,2400.51,2164.322,10322.12,43.04,1708,596,,85.92
2013-10-25,79.194,1000.67,1.3802,6.0749,0.9584,2.1878,505.7,1.0448,5.8931,9.827,2.5088,1.2813,0.2989,0.32,-0.678,2.1899,1.8295,2.1753,2.5269,,4.25,1.32,13.09,61.14,20.28,19.9,1759.77,1607.96,1027.27,2368.56,2132.955,10177.82,43.3,1671,600,,125.94
2013-10-26,,,,,,,,,,,,,,,,,,,,,,,,,,,,,,,,,,,,,75.55
2013-10-27,,,,,,,,,,,,,,,,,,,,,,,,,,,,,,,,,,,,,145.56
2013-10-28,79.246,1002.27,1.3785,6.0738,0.9572,2.1787,507.08,1.0445,5.8996,9.8289,2.5233,1.2878,0.3031,0.331,-0.683,2.193,1.8383,2.188,2.5225,4.21,4.26,1.32,13.31,58.5357,20.57,20.32,1762.11,1610.22,1034.38,2365.95,2133.869,10258.42,43.335,1619,599,,87.68
2013-10-29,79.607,1006.12,1.3745,6.081,0.9479,2.185,508.83,1.0469,5.8983,9.8919,2.5034,1.2632,0.3127,0.328,-0.694,2.1768,1.823,2.1825,2.5175,,4.27,1.31,13.41,58.8118,20.64,20.65,1771.95,1614.33,1036.76,2372.05,2128.864,10390.56,43.64,1551,596,,168.7
2013-10-30,79.777,1007.37,1.3736,6.0832,0.9484,2.1902,507.08,1.0479,5.8978,9.9455,2.5378,1.3164,0.3127,0.35,-0.675,2.1883,1.836,2.1825,2.523,4.22,4.22,1.3,13.65,60.5962,20.95,20.81,1763.31,1611.86,1042.75,2407.47,2160.463,10640.89,43.345,1484,591,,178.66
2013-10-31,80.195,1011.72,1.3584,6.0911,0.9456,2.2399,,1.0431,5.9423,10.0467,2.5542,1.3294,0.305,0.39,-0.637,2.1653,1.8033,2.15,2.5,4.22,4.16,1.31,13.75,61.6804,20.59,20.57,1756.54,1602.86,1034.42,2373.72,2141.614,10627.02,43.195,1504,595,,67.75
2013-11-01,80.716,1015.69,1.3487,6.0863,0.9438,2.2532,,1.042,5.9716,10.1898,2.6218,1.3719,0.3091,0.479,-0.567,2.1433,1.7697,2.1255,2.48,,4.11,1.32,13.28,69.5623,21.29,20.68,1761.64,1597.86,1027.87,2384.96,2149.562,10678.69,43.04,1525,604,64.67,45.43
2013-11-02,,,,,,,,,,,,,,,,,,,,,,,,,,,,,,,,,,,,65.01,118.26
2013-11-03,,,,,,,,,,,,,,,,,,,,,,,,,,,,,,,,,,,,69.81,146.81
2013-11-04,80.553,1013.17,1.3514,6.0869,0.951,2.2463,513.25,1.0425,5.9491,10.1324,2.6035,1.3524,0.3013,0.465,-0.581,2.1403,1.7632,2.121,2.48,,4.14,1.31,12.93,64.2148,21.74,20.3,1767.93,1603.81,1027.06,2380.45,2149.635,10686.06,43.575,1552,608,55.29,146.15
2013-11-05,80.706,1015.99,1.3474,6.0886,0.9507,2.2891,515.73,1.0456,5.9901,10.2444,2.6696,1.3818,0.3014,0.525,-0.56,2.1457,1.77,2.126,2.49,,4.13,1.31,13.27,68.5614,22.18,20.19,1762.97,1599.43,1016.3,2383.77,2157.24,10637.15,43.18,1600,615,59.76,63.38
2013-11-06,80.483,1013.48,1.3513,6.0847,0.9527,2.2885,515.26,1.0418,5.9544,10.2694,2.6421,1.3362,0.2896,0.446,-0.666,2.1967,1.829,2.18,2.5225,,4.16,1.31,12.67,67.0706,20.98,19.43,1770.49,1607.72,1016.19,2353.57,2139.607,10561.57,43.3075,1602,623,76.1,57.22
2013-11-07,80.845,1017.12,1.3419,6.0852,0.9455,2.3062,517.35,1.0462,6.0456,10.2997,2.5999,1.3069,0.2817,0.431,-0.67,2.1698,1.805,2.16,2.5017,,4.14,1.32,13.91,66.5181,20.79,20.01,1747.15,1588.47,1010.19,2340.55,2129.4,10474.33,42.64,1593,631,53.58,46.97
2013-11-08,81.303,1021.66,1.3367,6.0802,0.9385,2.3127,517.65,1.0479,6.1366,10.3377,2.7477,1.4118,0.3098,0.573,-0.596,2.1753,1.8245,2.17,2.5017,4.25,4.18,1.32,12.9,69.9217,19.7,19.37,1770.61,1596.28,995.3,2307.95,2106.127,10390.73,43.275,1581,635,120.52,84.94
2013-11-09,,,,,,,,,,,,,,,,,,,,,,,,,,,,,,,,,,,,104.88,116.91
2013-11-10,,,,,,,,,,,,,,,,,,,,,,,,,,,,,,,,,,,,,77.95
2013-11-11,81.091,1020.88,1.3407,6.079,0.9359,2.3313,521.46,1.0476,6.1457,10.3626,2.7477,1.4118,0.3098,0.573,-0.596,2.1753,1.8245,2.1619,2.4923,4.41,,,12.53,69.9217,19.69,19.15,1771.89,1600.84,992.99,2315.89,2109.471,10582.9,43.355,1564,635,,179.62
2013-11-12,81.192,1022.05,1.3436,6.0771,0.9302,2.3324,523.05,1.0495,6.1928,10.3692,2.7728,1.453,0.3259,0.586,-0.568,2.1884,1.8374,2.1844,2.52,4.43,4.14,1.32,12.82,69.6409,20.32,21.2,1767.69,1598.55,991.45,2340,2126.772,10561.61,42.955,1543,639,,7.71
2013-11-13,80.926,1018.48,1.3487,6.0762,0.936,2.3347,520.45,1.0457,6.1664,10.2797,2.6996,1.3545,0.298,0.517,-0.666,2.1836,1.8413,2.1825,2.509,4.42,4.21,1.32,12.52,65.8254,19.63,20.46,1782,1601.56,979.88,2288.12,2087.941,10276.61,43.33,1531,643,,55.9
2013-11-14,81.023,1018.82,1.3461,6.078,0.9316,2.3144,518.98,1.0464,6.1544,10.1894,2.69,1.3284,0.29,0.483,-0.715,2.1897,1.8616,2.192,2.51,4.47,4.22,1.32,12.37,61.9477,19.92,19.44,1790.62,1612.86,991.77,2304.5,2100.506,10391.13,43.59,1517,647,,48.95
2013-11-15,80.849,1016.88,1.3496,6.0747,0.9368,,522.25,1.0439,6.1134,10.1605,2.7033,1.3432,0.2902,0.492,-0.701,2.1925,1.8597,2.19,2.513,4.48,4.2,1.31,12.19,62.1778,19.39,18.03,1798.18,1621.5,1005.17,2350.73,2135.827,10702.7,43.83,1507,642,,68.24
2013-11-16,,,,,,,,,,,,,,,,,,,,,,,,,,,,,,,,,,,,,85.4
2013-11-17,,,,,,,,,,,,,,,,,,,,,,,,,,,,,,,,,,,,,86.17
2013-11-18,80.825,1015.35,1.3506,6.0722,0.9377,2.2641,517.59,1.0429,6.1245,10.1456,2.6658,1.3121,0.2782,0.451,-0.728,2.1945,1.8568,2.1775,2.5102,4.63,4.16,1.29,13.1,58.314,19.71,19.52,1791.53,1622.82,1025.3,2428.9,2197.219,11307.33,43.495,1500,647,,98.11
2013-11-19,80.704,1015,1.3538,6.0618,0.9434,2.271,519.74,1.0469,6.0897,10.1826,2.7069,1.3532,0.2863,0.497,-0.659,2.189,1.8296,2.1506,2.505,4.66,4.11,1.29,13.39,62.2957,19.83,19.45,1787.87,1616.44,1024.53,2412.16,2193.125,11365.45,43.57,1495,650,,83.02
2013-11-20,81.112,1019.07,1.3439,6.0687,0.9334,2.267,524.25,1.0453,6.1141,10.1507,2.7987,1.373,0.2742,0.602,-0.615,2.1714,1.805,2.131,2.5,,4.12,1.29,13.4,66.4537,19.87,23.04,1781.37,1611.34,1019.57,2424.85,2206.613,11437.44,43.465,1527,655,,94.99
2013-11-21,81.073,1020.97,1.3482,6.0688,0.9234,2.305,522.32,1.0517,6.0917,10.1281,2.7842,1.3632,0.2702,0.564,-0.643,2.1981,1.8205,2.142,2.4879,4.7,4.14,1.28,12.66,68.3506,18.69,21.3,1795.85,1616.34,1004.24,2409.99,2205.766,11333.14,43.88,1499,652,,92.72
2013-11-22,80.708,1018.56,1.3558,6.0741,0.9183,2.2793,519.7,1.0514,6.0636,10.0695,2.7427,1.3469,0.2784,0.523,-0.656,2.1969,1.8203,2.142,2.5112,4.62,4.13,1.27,12.26,66.8119,18.1,20.33,1804.76,1623.15,1009.17,2397.96,2196.378,11448.74,44.115,1483,652,,67.16
2013-11-23,,,,,,,,,,,,,,,,,,,,,,,,,,,,,,,,,,,,,26.78
2013-11-24,,,,,,,,,,,,,,,,,,,,,,,,,,,,,,,,,,,,,94.28
2013-11-25,80.92,1020.95,1.3517,6.0786,0.9161,2.2839,520.98,1.0543,6.1043,10.1002,2.7283,1.3338,0.2785,0.518,-0.648,2.1885,1.8006,2.126,2.5,4.64,4.09,1.26,12.79,65.0567,19.23,20.02,1802.48,1623.7,1010.63,2388.63,2186.115,11387.21,43.715,1492,652,,138.46
2013-11-26,80.611,1018.83,1.3572,6.0803,0.9127,2.2946,522.13,1.0541,6.0938,10.1314,2.7077,1.3091,0.2893,0.517,-0.639,2.1671,1.767,2.093,2.485,4.64,4.1,1.25,12.81,65.2655,18.64,19.68,1802.75,1621.91,1005.4,2387.42,2183.073,11302.03,43.605,1512,653,,36.52
2013-11-27,80.722,1021.55,1.3579,6.0849,0.9079,2.3305,526.88,1.0595,6.1059,10.2347,2.7373,1.3636,0.2854,0.552,-0.616,2.1642,1.7665,2.1,2.49,4.62,4.06,1.25,12.98,67.7774,19.62,19.75,1807.23,1624.82,1008.81,2414.48,2201.07,11401.96,43.31,1573,666,,41.47
2013-11-28,80.582,1019.53,1.3606,6.086,0.9101,2.3175,529.02,1.0581,6.0882,10.2013,2.7373,1.3636,0.2854,0.552,-0.616,2.1642,1.7665,2.092,2.4897,4.56,,,,67.7774,,,,1628.88,1012.02,2439.53,2219.372,11385.29,,1719,673,,116.17
2013-11-29,80.68,1020.78,1.3591,6.0846,0.9108,2.3361,532.29,1.0614,6.1269,10.1742,2.7445,1.3701,0.2814,0.567,-0.592,2.1565,1.7493,2.084,2.4793,4.45,4.04,1.25,13.7,67.965,20,19.33,1805.81,1628.42,1018.28,2438.94,2220.504,11441.27,43.22,1821,674,,95.19
2013-11-30,,,,,,,,,,,,,,,,,,,,,,,,,,,,,,,,,,,,,93.59
2013-12-01,,,,,,,,,,,,,,,,,,,,,,,,,,,,,,,,,,,,14.31,119.23
2013-12-02,80.925,1024.07,1.3542,6.086,0.9106,2.3533,532.89,1.0644,6.1198,10.2741,2.7951,1.4126,0.2854,0.621,-0.55,2.1528,1.7474,2.082,2.474,4.45,4,1.24,14.23,73.1473,20.28,21.43,1800.9,1621.34,1013.44,2418.79,2207.371,11548.07,43.25,1865,680,37.75,115.32
2013-12-03,80.591,1020.75,1.3588,6.0839,0.9137,2.3687,534.17,1.0649,6.0971,10.331,2.7825,1.3948,0.2855,0.62,-0.562,2.1433,1.7391,2.076,2.47,,4.02,1.25,14.55,72.0794,19.49,21.09,1795.15,1613.31,1002.71,2442.78,2222.67,11448.35,43.355,1922,694,81.95,103.28
2013-12-04,80.619,1020.94,1.3593,6.0786,0.9029,2.3901,535.1,1.0684,6.1548,10.4364,2.8342,1.4406,0.2895,0.695,-0.496,2.1189,1.7154,2.055,2.45,,4,1.25,14.7,75.7952,19.06,20.82,1792.81,1604.74,995.75,2475.14,2251.762,11368.78,43.215,1994,699,99.3,98.29
2013-12-05,80.235,1017.37,1.3667,6.0781,0.9063,2.3567,529.76,1.0654,6.1534,10.452,2.8717,1.485,0.3014,0.722,-0.467,2.1315,1.7291,2.0895,2.4501,4.52,3.98,1.25,15.08,76.0999,18.59,21.78,1785.03,1598.88,998.45,2468.2,2247.063,11395.74,43.07,2145,709,44.55,71.41
2013-12-06,80.315,1016.87,1.3706,6.0695,0.9102,2.3317,535.1,1.064,6.163,10.3194,2.8553,1.487,0.3016,0.717,-0.449,2.1172,1.714,2.0675,2.455,,3.96,1.25,13.79,69.2368,17.95,20.5,1805.09,1612.61,1002.2,2452.29,2237.108,11376.17,43.205,2176,740,49.92,59.69
2013-12-07,,,,,,,,,,,,,,,,,,,,,,,,,,,,,,,,,,,,44.55,77.94
2013-12-08,,,,,,,,,,,,,,,,,,,,,,,,,,,,,,,,,,,,82.18,72.95
2013-12-09,80.134,1015.06,1.3739,6.0642,0.9112,2.3179,529.43,1.0627,6.1372,10.3927,2.8389,1.4822,0.2977,0.693,-0.446,2.1252,1.7066,2.055,2.458,4.54,3.93,1.24,13.49,67.754,18.1,20.65,1808.37,1617.6,1012.76,2450.87,2238.2,11432.92,43.265,2183,759,65.9,67.72
2013-12-10,79.966,1012.58,1.3761,6.0653,0.9151,2.3066,531.7,1.0603,6.1103,10.3603,2.8006,1.4527,0.2978,0.657,-0.477,2.1179,1.7092,2.06,2.451,4.63,3.97,1.22,13.91,70.5118,17.95,19.63,1802.62,1614.23,1012.32,2453.32,2237.492,11382.16,43.135,2237,780,,98.47
2013-12-11,79.894,1013.57,1.3786,6.0756,0.9048,2.342,533.35,1.059,6.1341,10.377,2.8535,1.5006,0.3058,0.692,-0.443,2.1359,1.7214,2.0738,2.479,4.63,3.93,1.22,15.42,71.7821,17.98,20.02,1782.22,1600.12,1002.55,2412.76,2204.166,11073.93,42.525,2299,795,,101.72
2013-12-12,80.206,1017.49,1.3753,6.0755,0.8937,2.3344,532.91,1.064,6.1979,10.3882,2.8773,1.5338,0.3219,0.711,-0.419,2.1407,1.7284,2.0825,2.483,4.59,3.93,1.22,15.54,72.7988,18.19,22.24,1775.5,1588.71,991.52,2410.02,2202.796,10962.18,42.705,2337,804,,110.87
2013-12-13,80.214,1016.79,1.3742,6.0722,0.8964,2.3299,529.89,1.0585,6.1789,10.292,2.8646,1.5292,0.3242,0.678,-0.438,2.1595,1.7474,2.082,2.4956,4.61,3.96,1.21,15.76,72.6109,18.42,21.87,1775.32,1587.69,990.48,2406.64,2196.075,11025.82,42.565,2330,823,,127.96
2013-12-14,,,,,,,,,,,,,,,,,,,,,,,,,,,,,,,,,,,,,105.51
2013-12-15,,,,,,,,,,,,,,,,,,,,,,,,,,,,,,,,,,,,,96.72
2013-12-16,80.074,1015.7,1.3761,6.0704,0.8948,2.3287,527.41,1.0596,6.1482,10.2835,2.8784,1.5327,0.3303,0.674,-0.461,2.1751,1.7739,2.1175,2.519,4.59,3.97,1.2,16.03,69.918,17.49,21.91,1786.54,1598.21,990.4,2367.92,2160.861,10932.27,42.935,2292,829,,100.86
2013-12-17,80.061,1016.12,1.3768,6.0704,0.8899,2.319,531.25,1.0607,6.1109,10.3285,2.8354,1.4948,0.3184,0.627,-0.501,2.1787,1.7749,2.1249,2.524,4.61,4.02,1.19,16.21,68.4634,17.7,21.79,1781,1592.79,990.49,2356.38,2151.079,10894.29,42.6899,2225,853,,99.02
2013-12-18,80.105,1020.7,1.3685,6.0739,0.8861,2.3312,531.25,1.0703,6.1406,10.3439,2.8931,1.5413,0.3324,0.703,-0.446,2.1624,1.7596,2.1,2.5025,4.64,4.01,1.18,13.8,64.9565,17.26,21.39,1810.65,1613.75,992.7,2357.23,2148.285,10961.54,43.335,2156,870,,97.71
2013-12-19,80.63,1023.08,1.3661,6.0743,0.8867,2.3571,530.95,1.0664,6.1511,10.3885,2.9291,1.6372,0.3638,0.755,-0.382,2.1451,1.7523,2.096,2.484,4.61,3.94,1.16,14.15,67.7439,16.7,22.07,1809.6,1618.38,990.65,2332.41,2127.792,10777.91,43.46,2134,897,,152.19
2013-12-20,80.575,1021.34,1.3673,6.0702,0.8923,2.3877,530.95,1.0635,6.1616,10.3558,2.8886,1.675,0.3756,0.705,-0.353,2.1556,1.7661,2.09,2.485,4.63,3.93,1.16,13.79,67.3065,15.86,21.01,1818.32,1626.66,988.26,2278.14,2084.794,10628.5,43.335,2208,932,,52.07
2013-12-21,,,,,,,,,,,,,,,,,,,,,,,,,,,,,,,,,,,,,64.44
2013-12-22,,,,,,,,,,,,,,,,,,,,,,,,,,,,,,,,,,,,,158.54
2013-12-23,80.447,1020.35,1.3696,6.0705,0.8934,2.3572,527.57,1.0605,6.1548,10.3451,2.9274,1.6964,0.3834,0.731,-0.349,2.1682,1.7842,2.1125,2.497,,3.88,1.16,13.04,66.1591,15.42,20.76,1827.99,1637.28,992.69,2284.6,2089.707,10647.35,43.38,2247,988,,75.16
2013-12-24,80.536,1021.71,1.368,6.074,0.8919,2.3598,531.85,1.0631,6.1568,10.3301,2.9775,1.7326,0.3952,0.768,-0.336,2.1822,1.8086,2.135,2.5183,4.63,3.84,1.15,12.48,67.7712,15.26,20.08,1833.32,1639.65,995.35,2288.25,2092.905,10834.43,43.62,2277,997,,29.66
2013-12-25,80.558,1021.76,1.3681,6.0724,0.8925,,,1.063,6.1471,10.326,2.9775,1.7326,0.3952,0.768,-0.336,2.1822,1.8076,2.13,2.507,4.61,,,,67.7712,,,,1639.73,994.87,2305.11,2106.354,,,,,,50.02
2013-12-26,80.484,1022.21,1.3691,6.0755,0.8896,2.3536,531.85,1.0648,6.1441,10.3585,2.9905,1.7425,0.407,0.765,-0.33,2.1967,1.8108,2.1458,2.5248,4.59,3.83,1.15,12.33,66.7598,15.2,19.84,1842.02,1646.28,993.18,2265.33,2073.099,,43.93,,,,33.17
2013-12-27,80.392,1021.85,1.3749,6.0729,0.887,2.3383,528.85,1.0706,6.1466,10.5304,3,1.7342,0.3874,0.77,-0.336,2.202,1.8101,2.131,2.5333,4.59,3.84,1.15,12.46,65.8279,15.74,19.1,1841.4,1654.16,997.56,2303.48,2101.251,10830.1,44.145,,,,71.17
2013-12-28,,,,,,,,,,,,,,,,,,,,,,,,,,,,,,,,,,,,,70.37
2013-12-29,,,,,,,,,,,,,,,,,,,,,,,,,,,,,,,,,,,,,121.37
2013-12-30,80,1018.91,1.3801,6.0679,0.8904,2.3592,528.85,1.0648,6.0694,10.4208,2.9703,1.7029,0.3795,0.729,-0.357,2.2148,1.8038,2.137,2.5409,4.59,3.84,1.14,13.56,69.0673,16.53,20.75,1841.07,1656.15,1001.9,2299.46,2097.529,10770.69,43.83,,,,86.24
2013-12-31,80.035,1019.41,1.3743,6.0568,0.8917,,,1.0623,6.0713,10.4926,3.0282,1.7411,0.3799,0.77,-0.353,2.2318,1.8325,2.142,2.54,4.62,3.82,1.14,13.72,73.546,17.76,21.65,1848.36,1661.07,1002.69,2330.03,2115.978,10816.14,44.255,,,,130.03
2014-01-01,80.108,1019.95,1.3763,6.0543,0.8886,,,1.0644,6.0666,10.5048,3.0282,1.7411,0.3799,0.77,-0.353,2.2318,1.8325,2.145,2.542,,,,,73.546,,,,1661.09,1002.66,,,,,,,112.16,173.05
2014-01-02,80.63,1023.41,1.3672,6.0516,0.8911,2.3877,529.75,1.067,6.1663,10.6832,2.989,1.7181,0.3801,0.71,-0.406,2.2507,1.8612,2.19,2.57,,3.82,1.13,14.23,73.3983,20.24,20.42,1831.98,1645.22,990.79,2321.98,2109.387,10709.34,43.625,2113,1021,82.13,103.08
2014-01-03,80.791,1024.86,1.3589,6.0492,0.8945,2.3764,530.75,1.0635,6.158,10.76,2.9948,1.7333,0.3965,0.715,-0.399,2.2522,1.873,2.19,2.56,4.67,3.8,1.12,13.76,72.7462,20.6,19.19,1831.37,1646.05,979.49,2290.78,2083.135,10436.76,43.465,2036,1026,117.95,113.11
2014-01-04,,,,,,,,,,,,,,,,,,,,,,,,,,,,,,,,,,,,32.27,77.86
2014-01-05,,,,,,,,,,,,,,,,,,,,,,,,,,,,,,,,,,,,65.52,144.91
2014-01-06,80.652,1022.5,1.3629,6.0439,0.8967,2.3798,532.55,1.0656,6.171,10.6496,2.9576,1.6905,0.3927,0.682,-0.44,2.2452,1.8768,2.1998,2.561,,3.78,1.12,13.55,69.8862,20.7,19.5,1826.77,1641.16,972.42,2238.64,2045.709,10290.55,43.525,1951,1006,103.52,121.14
2014-01-07,80.833,1025.12,1.3616,6.0393,0.8927,2.3725,532.85,1.0766,6.1707,10.648,2.9391,1.679,0.3909,0.666,-0.462,2.2424,1.8886,2.206,2.547,4.68,3.77,1.12,12.92,73.7774,19.67,19.12,1837.88,1647.65,971.48,2238,2047.317,10236.12,43.855,1876,1014,91.53,93.88
2014-01-08,81.022,1027.41,1.3576,6.0391,0.8901,2.3967,532.85,1.082,6.2025,10.7706,2.9894,1.7618,0.425,0.684,-0.407,2.2757,1.9163,2.225,2.578,4.64,3.69,1.12,12.87,75.284,20.17,19.43,1837.49,1650.17,973.17,2241.91,2044.34,10329.82,43.55,1826,1026,93.83,106.42
2014-01-09,81.005,1026.83,1.3608,6.0401,0.89,2.3905,536.05,1.0842,6.1765,10.7962,2.9652,1.7487,0.4292,0.634,-0.441,2.303,1.9398,2.2443,2.607,4.62,3.71,1.11,12.89,73.7426,19.51,18.46,1838.13,1646.37,963.11,2222.22,2027.622,10152.82,43.415,1706,1041,61.47,60.31
2014-01-10,80.658,1022.4,1.367,6.033,0.8995,2.3585,536.05,1.0892,6.1446,10.6435,2.8579,1.62,0.3699,0.557,-0.528,2.2693,1.9038,2.211,2.575,4.61,3.79,1.12,12.14,61.1819,19.47,17.27,1842.37,1655.11,970.15,2204.85,2013.298,10164.68,43.45,1512,1051,96.66,67.96
2014-01-11,,,,,,,,,,,,,,,,,,,,,,,,,,,,,,,,,,,,42.08,63.29
2014-01-12,,,,,,,,,,,,,,,,,,,,,,,,,,,,,,,,,,,,7.06,130.09
2014-01-13,80.513,1019.82,1.3671,6.0295,0.9054,2.3573,532.75,1.0863,6.1179,10.8249,2.8257,1.5904,0.356,0.536,-0.548,2.2561,1.895,2.2,2.56,,3.82,1.12,13.28,58.9156,19.75,16.67,1819.2,1645.41,977.42,2193.68,2009.564,10182.46,42.585,1395,1053,108.97,100.01
2014-01-14,80.662,1023.85,1.3679,6.0197,0.8967,2.3502,528.1,1.0946,6.0827,10.8338,2.8709,1.6466,0.3782,0.592,-0.491,2.2481,1.8893,2.19,2.549,4.64,3.78,1.12,12.28,61.6336,19.81,16.5,1838.88,1651.73,975.28,2212.85,2026.842,10149.22,43.14,1370,1090,91.65,57.03
2014-01-15,81.027,1028.39,1.3605,6.0222,0.8916,2.3597,529.36,1.0934,6.137,10.8805,2.8912,1.6715,0.3905,0.594,-0.481,2.267,1.9089,2.206,2.57,4.6,3.72,1.11,12.28,60.8149,18.7,16.43,1848.38,1660,977.87,2208.94,2023.348,10201.79,43.015,1374,1142,87.8,67.7
2014-01-16,80.91,1028.4,1.362,6.0251,0.8821,2.3614,533.05,1.093,6.1799,10.8858,2.8414,1.6401,0.3826,0.571,-0.476,2.2406,1.8727,2.177,2.55,,3.73,1.11,12.53,60.7997,17.91,15.39,1845.89,1659.34,974.65,2211.84,2023.701,10187.52,43.075,1398,1222,60.78,80.94
2014-01-17,81.225,1031.01,1.3541,6.0233,0.8781,2.3426,539.42,1.0964,6.1554,10.866,2.8194,1.6255,0.3712,0.546,-0.499,2.2444,1.8825,2.18,2.55,4.61,3.73,1.11,12.44,60.2776,17.12,14.34,1838.7,1657.32,972.27,2178.49,2004.949,10167.28,43.005,1421,1273,64.95,66.52
2014-01-18,,,,,,,,,,,,,,,,,,,,,,,,,,,,,,,,,,,,63.13,36.74
2014-01-19,,,,,,,,,,,,,,,,,,,,,,,,,,,,,,,,,,,,81.52,54.61
2014-01-20,81.225,1029.15,1.3552,6.0196,0.8811,2.3437,544.55,1.0949,6.1768,10.8521,2.8194,1.6255,0.3712,0.546,-0.499,2.2435,1.8825,2.176,2.543,,,,,60.2776,,,,1657.11,970.82,2165.99,1991.253,10040.16,,1428,1344,85.71,118.21
2014-01-21,81.098,1030.16,1.3561,6.0321,0.8806,2.3603,544.43,1.0967,6.1694,10.8268,2.8286,1.6454,0.3755,0.558,-0.475,2.2402,1.8793,2.17,2.54,4.6,3.71,1.11,12.87,59.5467,18.26,15.97,1843.8,1659.49,970.75,2187.41,2008.314,10218.41,43.36,1369,1340,125.09,93.53
2014-01-22,81.167,1031.44,1.3547,6.0291,0.8852,2.3731,542.33,1.1087,6.1648,10.8744,2.8656,1.7004,0.4,0.59,-0.43,2.2452,1.8881,2.1795,2.5418,4.54,3.68,1.11,12.84,60.5215,18.17,15.62,1844.86,1661.74,976.47,2243.8,2051.749,10326.73,43.56,1322,1323,81.95,141.56
2014-01-23,80.438,1026.29,1.3696,6.038,0.8768,2.3997,549.16,1.1102,6.0881,10.9928,2.7772,1.6008,0.3596,0.532,-0.517,2.2156,1.8763,2.1552,2.496,4.55,3.79,1.13,13.77,62.2177,18.79,16.01,1828.46,1650.45,963.98,2231.89,2042.18,10109.49,43.065,1271,1243,61.22,92.85
2014-01-24,80.458,1026.51,1.3678,6.043,0.8683,2.3976,550.63,1.1088,6.145,11.0886,2.715,1.5413,0.3355,0.587,-0.563,2.129,1.8653,2.1395,2.489,4.5,3.95,1.16,18.14,63.5076,19.46,17.54,1790.29,1618.36,949.9,2245.68,2054.392,10014.02,42.1649,1246,1186,106.38,84.12
2014-01-25,,,,,,,,,,,,,,,,,,,,,,,,,,,,,,,,,,,,62.09,70.48
2014-01-26,,,,,,,,,,,,,,,,,,,,,,,,,,,,,,,,,,,,91.62,98.1
2014-01-27,80.524,1026.38,1.3673,6.0377,0.8739,2.4228,549.76,1.1116,6.1485,11.1163,2.7479,1.5678,0.3398,0.611,-0.537,2.1376,1.8651,2.141,2.508,4.49,3.96,1.16,17.42,64.2053,20.89,18.38,1781.56,1604.92,931.64,2215.92,2033.3,9792.58,42.015,1217,1132,105.47,75.34
2014-01-28,80.568,1026.4,1.3671,6.0304,0.8779,2.4215,545.86,1.1153,6.126,11.0411,2.7488,1.5562,0.3399,0.61,-0.562,2.1398,1.8778,2.156,2.507,,3.97,1.16,15.8,64.5183,20.83,18.71,1792.5,1611.35,934.09,2219.86,2038.513,9763.97,42.335,1177,1099,64.61,162.84
2014-01-29,80.505,1027.05,1.3663,6.0307,0.8739,2.4374,549.13,1.1171,6.1666,11.3176,2.6767,1.4966,0.3515,0.544,-0.615,2.1338,1.878,2.144,2.4855,4.53,4.04,1.16,17.35,64.5494,20.81,17.45,1774.2,1603.67,936.67,2227.78,2049.914,9898.02,42.1,1148,1065,66.8,178.46
2014-01-30,81.085,1030.8,1.3555,6.0347,0.8794,2.4088,547.31,1.1157,6.2513,11.2099,2.6949,1.5098,0.3436,0.552,-0.62,2.1439,1.891,2.1582,2.491,,3.98,1.16,17.29,64.8556,19.76,17.97,1794.19,1607.46,936.37,2202.45,2033.083,9818.36,42.235,1127,1037,45.56,86.19
2014-01-31,81.311,1031.57,1.3486,6.0371,0.8756,2.4128,555.85,1.1128,6.2804,11.1206,2.644,1.4902,0.3277,0.513,-0.663,2.1316,1.8898,2.155,2.476,,4.04,1.16,18.41,64.725,20.35,18.62,1782.59,1598.46,936.53,,,,41.69,1110,1005,75.72,44.12
2014-02-01,,,,,,,,,,,,,,,,,,,,,,,,,,,,,,,,,,,,36.7,20.22
2014-02-02,,,,,,,,,,,,,,,,,,,,,,,,,,,,,,,,,,,,65.67,60.3
2014-02-03,81.009,1029.87,1.3525,6.0334,0.8753,2.4402,560.29,1.1119,6.285,11.2799,2.5761,1.4365,0.2942,0.449,-0.713,2.1277,1.8902,2.155,2.4745,,4.13,1.17,21.44,65.7989,21.65,19.15,1741.89,1571.92,926.74,,,,40.945,1093,958,156.58,77.68
2014-02-04,81.121,1027.93,1.3519,6.0279,0.8925,2.4054,558.13,1.1082,6.2828,11.0983,2.6294,1.4674,0.3118,0.51,-0.686,2.1203,1.8882,2.153,2.492,,4.14,1.18,19.11,66.7971,21.47,18.51,1755.2,1569.93,917.74,,,9509.65,41.365,1084,926,51.89,72.24
2014-02-05,81.036,1026.45,1.3533,6.0286,0.891,2.4023,559.55,1.1083,6.2314,11.1342,2.6675,1.4902,0.3117,0.545,-0.669,2.1239,1.8942,2.15,2.491,,4.09,1.18,19.95,67.2613,20.65,18.52,1751.64,1572.37,916.56,,,9470.62,40.96,1086,890,91.35,103.64
2014-02-06,80.906,1025.75,1.359,6.0258,0.8959,2.3818,552.26,1.107,6.2157,11.0354,2.7003,1.5196,0.3196,0.557,-0.662,2.145,1.9111,2.16,2.4997,,4.02,1.16,17.23,67.1836,19.65,17.93,1773.43,1592.69,929.8,,,9537.71,41.57,1092,866,43.72,137.27
2014-02-07,80.691,1023.83,1.3635,6.0275,0.8959,2.3793,555.45,1.1032,6.1766,11.0644,2.6829,1.4689,0.3034,0.52,-0.727,2.1643,1.9287,2.1662,2.513,,4.04,1.15,15.29,64.7498,19.03,16.59,1797.02,1611.78,937.3,2212.48,2044.497,9645.39,42.02,1091,853,60.64,71.97
2014-02-08,,,,,,,,,,,,,,,,,,,,,,,,,,,,,,,,,,,,43.26,49.83
2014-02-09,,,,,,,,,,,,,,,,,,,,,,,,,,,,,,,,,,,,71.87,81.59
2014-02-10,80.642,1024.27,1.3646,6.0357,0.8949,2.4101,555.58,1.1055,6.1287,11.1405,2.6674,1.4705,0.3073,0.49,-0.734,2.1786,1.9378,2.183,2.528,,4.01,1.15,15.26,62.2608,19.18,17.08,1799.84,1616.78,935.5,2267.53,2086.067,9613.77,41.815,1096,852,55.36,67.15
2014-02-11,80.638,1023.78,1.3638,6.0359,0.9038,2.4005,554.09,1.1009,6.127,10.967,2.725,1.5328,0.3311,0.557,-0.673,2.1689,1.9383,2.1811,2.516,4.5,3.92,1.14,14.51,61.4936,19.05,16.81,1819.75,1634.47,944.75,2285.56,2103.671,9856.85,42.36,1091,846,77.7,78.69
2014-02-12,80.679,1023.97,1.3593,6.0371,0.9027,2.426,551.08,1.1003,6.1168,11.0053,2.7608,1.5623,0.339,0.581,-0.649,2.1809,1.9411,2.176,2.52,4.5,3.86,1.12,14.3,61.0023,19.23,16.23,1819.26,1637.71,953.3,2291.25,2109.955,9996.76,42.26,1085,829,59.72,50.56
2014-02-13,80.323,1020.17,1.3681,6.0404,0.8979,2.3937,550.75,1.0977,6.1046,10.9663,2.732,1.5016,0.311,0.543,-0.691,2.1918,1.9235,2.158,2.507,4.49,3.91,1.12,14.14,58.0866,19,16.13,1829.83,1643.19,945.83,2279.55,2098.401,9872.71,42.46,1097,818,68.09,55.58
2014-02-14,80.136,1017.47,1.3693,6.0352,0.9034,2.3889,547.23,1.0978,6.0772,10.8609,2.7428,1.5246,0.3107,0.573,-0.665,2.1711,1.9185,2.1525,2.491,4.49,3.89,1.12,13.57,57.2949,17.95,16.26,1838.63,1650.12,957.31,2295.57,2115.848,9933.73,43.015,1106,811,61.68,43.97
2014-02-15,,,,,,,,,,,,,,,,,,,,,,,,,,,,,,,,,,,,68.52,68.03
2014-02-16,,,,,,,,,,,,,,,,,,,,,,,,,,,,,,,,,,,,50.77,139.89
2014-02-17,80.136,1017.48,1.3707,6.0354,0.9032,2.3901,546.89,1.0965,6.0774,10.825,2.7428,1.5246,0.3107,0.573,-0.665,2.1711,1.9185,2.15,2.4925,4.51,,,,57.2949,,,,1653.55,964.29,2311.65,2135.415,10101.21,,1130,802,84.4,78.93
2014-02-18,80.008,1017.34,1.3759,6.0378,0.9027,2.3959,547.76,1.0947,6.0392,10.8776,2.7069,1.4786,0.2985,0.547,-0.714,2.1603,1.9219,2.155,2.485,,3.88,1.12,13.87,55.9861,18.43,16.28,1840.76,1660.54,958.87,2282.44,2119.065,10057.83,43.21,1146,783,95.14,64.56
2014-02-19,80.144,1020.16,1.3733,6.0504,0.9,2.3938,552.63,1.108,6.0771,11.0398,2.7392,1.5164,0.3145,0.59,-0.659,2.1505,1.9082,2.128,2.4775,4.55,3.82,1.11,15.5,57.2794,18.35,16.48,1828.75,1655.04,959.09,2308.66,2142.554,10057.52,43.265,1160,772,85.04,64.88
2014-02-20,80.286,1020.59,1.3719,6.0718,0.9007,2.37,555.58,1.1099,6.0959,11.0079,2.7509,1.5378,0.3185,0.617,-0.632,2.1353,1.9003,2.135,2.4575,4.56,3.79,1.11,14.79,58.7042,17.59,16.07,1839.78,1656.01,950.62,2287.44,2138.782,9978.06,43.55,1164,770,115.87,67.61
2014-02-21,80.237,1020.97,1.3746,6.0933,0.8977,2.3457,554.78,1.1108,6.0771,10.9296,2.731,1.5329,0.3142,0.589,-0.636,2.1441,1.898,2.125,2.47,4.55,3.77,1.11,14.68,58.3839,17.9,15.73,1836.25,1659.85,959.26,2264.29,2113.693,9936.25,43.205,1175,761,116.56,120.78
2014-02-22,,,,,,,,,,,,,,,,,,,,,,,,,,,,,,,,,,,,28.93,144.8
2014-02-23,,,,,,,,,,,,,,,,,,,,,,,,,,,,,,,,,,,,38.52,140.59
2014-02-24,80.199,1019.58,1.3735,6.0973,0.9035,2.3412,554.43,1.106,6.0359,10.7959,2.7382,1.5445,0.3181,0.577,-0.644,2.1635,1.916,2.14,2.49,4.52,3.71,1.1,14.23,57.3609,18.16,15.94,1847.61,1668.31,958.42,2214.51,2076.686,9797.86,43.855,1174,753,69.37,130.38
2014-02-25,80.137,1019.21,1.3745,6.1157,0.9019,2.3412,555.97,1.1085,6.0375,10.7287,2.7023,1.5115,0.314,0.538,-0.684,2.1676,1.925,2.1425,2.49,4.5,3.7,1.1,13.67,56.796,18.47,15.86,1845.12,1669.41,955.54,2157.91,2034.219,9740.56,43.835,1197,750,61.57,123.05
2014-02-26,80.429,1022.4,1.3687,6.1188,0.8968,2.3489,560.47,1.1128,6.0546,10.8201,2.6655,1.4752,0.3245,0.494,-0.731,2.172,1.9316,2.1478,2.493,4.48,3.7,1.1,14.35,57.7949,18.48,16.46,1845.16,1664.85,956.26,2163.41,2041.254,9806.03,43.56,1222,741,71.67,87.53
2014-02-27,80.285,1020.22,1.371,6.101,0.8965,2.3191,561.98,1.1121,6.0397,10.7017,2.6387,1.4821,0.3206,0.47,-0.739,2.169,1.928,2.13,2.4825,4.4,3.69,1.1,14.04,58.1373,18.81,15.75,1854.29,1668.4,963.23,2154.11,2047.354,9957.77,43.605,1250,737,65.92,64.84
2014-02-28,79.691,1016.74,1.3802,6.1195,0.8924,2.3435,558.71,1.1064,6.0034,10.7551,2.6476,1.5016,0.3169,0.466,-0.742,2.182,1.9483,2.16,2.497,,3.63,1.09,14,57.6628,18.71,16.07,1859.45,1675.4,966.42,2178.97,2056.302,9891.42,43.825,1258,726,70.88,71.2
2014-03-01,,,,,,,,,,,,,,,,,,,,,,,,,,,,,,,,,,,,101.97,49.83
2014-03-02,,,,,,,,,,,,,,,,,,,,,,,,,,,,,,,,,,,,133.57,61.06
2014-03-03,80.077,1018.98,1.3735,6.1267,0.8938,,560.91,1.1076,6.0481,10.8964,2.6012,1.4576,0.3012,0.422,-0.796,2.1798,1.9602,2.1625,2.49,4.44,3.7,1.11,16,57.754,20.9,17.05,1845.73,1655.42,950.68,2190.37,2075.235,9751.65,43.545,1276,717,180.03,59.55
2014-03-04,80.168,1020.13,1.3743,6.1306,0.895,,559.81,1.1092,6.0114,10.7551,2.6977,1.5359,0.3329,0.508,-0.723,2.1916,1.9615,2.166,2.4975,4.48,3.61,1.1,14.1,63.1562,19.88,16.75,1873.91,1677.85,956.19,2184.27,2071.473,9776.77,44.02,1325,711,213.07,48.72
2014-03-05,80.109,1018.76,1.3733,6.1215,0.8985,2.3186,562.67,1.1029,5.9933,10.6644,2.7048,1.5425,0.333,0.509,-0.719,2.1966,1.9637,2.17,2.513,,3.61,1.1,13.89,60.8082,20.29,16.58,1873.81,1679.06,959.18,2163.98,2053.084,9661.99,43.61,1391,702,213.84,54.92
2014-03-06,79.663,1014.56,1.3861,6.1007,0.909,2.3238,558.55,1.0985,5.9798,10.6019,2.7373,1.5687,0.3411,0.523,-0.711,2.2144,1.9761,2.182,2.524,,3.6,1.1,14.21,60.9756,19.96,16.31,1877.03,1686.11,970.27,2173.63,2059.578,9672.98,43.925,1480,695,142.99,59.46
2014-03-07,79.719,1016.32,1.3875,6.11,0.9068,2.341,566.14,1.1087,5.9872,10.7295,2.7879,1.6363,0.3693,0.558,-0.68,2.2312,2.0121,2.215,2.5325,,3.62,1.1,14.11,58.1573,20.01,15.82,1878.04,1681.17,966.72,2168.36,2057.908,9709.49,44.01,1543,689,165.26,59.24
2014-03-08,,,,,,,,,,,,,,,,,,,,,,,,,,,,,,,,,,,,52.73,54.2
2014-03-09,,,,,,,,,,,,,,,,,,,,,,,,,,,,,,,,,,,,102.87,71.32
2014-03-10,79.768,1017.75,1.3877,6.1368,0.902,2.3506,569.91,1.1108,5.9552,10.7454,2.777,1.6215,0.3655,0.555,-0.688,2.2227,2.0076,2.2075,2.526,4.5,3.65,1.1,14.2,55.6788,20.33,15.83,1877.17,1676.53,955.02,2097.79,1999.065,9536.85,44.08,1562,692,118.64,78.46
2014-03-11,79.736,1018.71,1.386,6.1412,0.8977,2.3639,574.36,1.1106,5.9595,10.8555,2.768,1.615,0.3697,0.556,-0.685,2.2133,1.997,2.1975,2.5175,4.49,3.66,1.1,14.8,55.5136,20.67,16.14,1867.63,1672.19,955.89,2108.66,2001.157,9520.26,43.58,1580,681,115.14,63.35
2014-03-12,79.608,1016.52,1.3903,6.1414,0.8988,2.3556,572.34,1.1118,5.9503,10.8036,2.73,1.5887,0.3618,0.539,-0.69,2.1879,1.9759,2.18,2.49,,3.71,1.11,14.47,55.0744,20.9,16.67,1868.2,1665.55,944.63,2114.13,1997.692,9364.52,43.585,1453,678,124.27,24.21
2014-03-13,79.62,1014.86,1.3868,6.1431,0.9031,2.3637,572.53,1.1076,5.9704,10.8066,2.6446,1.5196,0.338,0.474,-0.722,2.1718,1.9421,2.149,2.4725,4.48,3.76,1.12,16.22,57.4802,20.83,17.3,1846.34,1651.68,943.19,2140.33,2019.111,9322.93,43.15,1468,676,84.94,45.47
2014-03-14,79.446,1013,1.3914,6.1553,0.9028,2.3467,571.78,1.1105,5.9731,10.6711,2.6543,1.5345,0.3424,0.473,-0.711,2.1821,1.9498,2.15,2.483,4.45,3.81,1.12,17.82,62.8359,21.7,18.32,1841.13,1641.13,937.69,2122.84,2004.339,9298.64,43.19,1477,679,103.85,74
2014-03-15,,,,,,,,,,,,,,,,,,,,,,,,,,,,,,,,,,,,97.7,46.45
2014-03-16,,,,,,,,,,,,,,,,,,,,,,,,,,,,,,,,,,,,107.95,60.58
2014-03-17,79.385,1012.2,1.3922,6.1604,0.9087,2.3491,570.45,1.1052,5.9515,10.7751,2.6921,1.5674,0.3586,0.498,-0.682,2.1952,1.9538,2.1525,2.5,4.45,3.75,1.13,15.64,61.8348,20.34,17.87,1858.83,1653.94,943.22,2143.04,2023.673,9333.03,43.42,1481,682,135.21,76.93
2014-03-18,79.414,1012.28,1.3934,6.1778,0.9127,2.334,569.08,1.1135,5.9553,10.7324,2.6722,1.546,0.3466,0.48,-0.693,2.1936,1.9451,2.145,2.495,4.46,3.73,1.12,14.52,59.2076,20.25,17.37,1872.25,1665.49,952.48,2138.13,2025.196,9342.28,43.785,1518,695,194.08,77.69
2014-03-19,79.995,1020.09,1.3833,6.1927,0.9042,2.3483,572.05,1.1238,6.036,10.8706,2.7725,1.7067,0.4195,0.607,-0.505,2.1661,1.9163,2.119,2.4715,4.48,3.59,1.1,15.12,65.6161,19.88,17.59,1860.77,1658.05,950.59,2120.87,2021.734,9360.7,43.455,1570,699,153.07,48.95
2014-03-20,80.192,1021.54,1.3779,6.2066,0.9039,2.3279,566.05,1.1244,6.0679,10.8887,2.7716,1.7001,0.4197,0.627,-0.47,2.1451,1.8797,2.084,2.45,4.48,3.64,1.09,14.52,60.8191,19.69,16.91,1872.01,1654.32,940.7,2086.97,1993.479,9203.07,43.625,1621,711,97.97,147.38
2014-03-21,80.105,1019.26,1.3794,6.1969,0.9081,2.325,565.55,1.1221,6.0519,10.8898,2.7426,1.7071,0.4245,0.592,-0.462,2.1517,1.885,2.101,2.465,4.5,3.62,1.08,15,60.8191,19.46,16.43,1866.52,1653.38,944.96,2158.8,2047.619,9427.33,43.53,1599,712,117.65,118.59
2014-03-22,,,,,,,,,,,,,,,,,,,,,,,,,,,,,,,,,,,,74.88,170.52
2014-03-23,,,,,,,,,,,,,,,,,,,,,,,,,,,,,,,,,,,,84.6,259.88
2014-03-24,79.934,1017.4,1.3839,6.181,0.9133,2.3229,563.6,1.1192,6.0189,10.8302,2.7281,1.7306,0.4329,0.571,-0.431,2.1581,1.8771,2.0905,2.4655,4.49,3.6,1.07,15.09,58.7127,19.52,17.53,1857.44,1645.97,953.9,2176.55,2066.279,9694.96,43.44,1602,712,122.18,73.83
2014-03-25,79.944,1016.74,1.3826,6.1861,0.9166,2.3113,565.55,1.1167,6.0274,10.7365,2.748,1.729,0.425,0.594,-0.423,2.1547,1.8674,2.088,2.464,4.49,3.59,1.07,14.02,58.3352,19.19,17.16,1865.62,1655.69,958.49,2174.44,2067.311,9690.86,43.83,1578,711,140.59,17.16
2014-03-26,80.032,1015.39,1.3781,6.2033,0.9226,2.3028,553.86,1.1102,6.0525,10.7077,2.6919,1.6724,0.4418,0.543,-0.472,2.1492,1.8612,2.0875,2.4555,4.51,3.6,1.06,14.93,57.7753,19.17,17.32,1852.56,1654.34,968.23,2171.05,2063.67,9849.63,43.625,1496,711,108.48,63.13
2014-03-27,80.111,1015.21,1.374,6.208,0.9259,2.2588,551.83,1.1031,6.0015,10.5837,2.681,1.715,0.4457,0.543,-0.456,2.1389,1.8642,2.089,2.447,4.5,3.63,1.06,14.62,59.4231,19.28,17.6,1849.04,1653.12,975.29,2155.71,2046.588,9873.53,43.98,1412,709,87.17,50.81
2014-03-28,80.176,1016.26,1.3752,6.2036,0.9247,2.2614,550.2,1.1061,6.0069,10.5765,2.7208,1.7479,0.4496,0.583,-0.424,2.1374,1.8631,2.0925,2.442,4.5,3.59,1.05,14.41,61.9359,19.15,17.48,1857.62,1661.84,984.91,2151.97,2041.712,10001.82,44.53,1373,705,112.16,86.49
2014-03-29,,,,,,,,,,,,,,,,,,,,,,,,,,,,,,,,,,,,73.03,59.78
2014-03-30,,,,,,,,,,,,,,,,,,,,,,,,,,,,,,,,,,,,59.99,53.83
2014-03-31,80.1,1015.77,1.3769,6.2149,0.9264,2.272,549.47,1.105,5.9883,10.5319,2.718,1.7184,0.4183,0.579,-0.466,2.14,1.8694,2.095,2.443,4.51,3.58,1.06,13.88,61.815,19.26,17.37,1872.34,1673.87,994.65,2146.3,2033.306,10075.1,44.53,1362,700,85.82,45.06
2014-04-01,80.094,1016.08,1.3793,6.2056,0.9247,2.2609,550.67,1.1024,5.9834,10.5822,2.7525,1.7316,0.4301,0.613,-0.443,2.14,1.8607,2.085,2.445,4.51,3.56,1.06,13.1,61.526,19.61,16.65,1885.52,1683.7,1000.79,2163.11,2047.46,10098.28,44.795,1316,694,120.93,78.62
2014-04-02,80.215,1017.78,1.3767,6.205,0.9248,2.2688,553.36,1.1033,5.9705,10.6105,2.8045,1.7926,0.4539,0.658,-0.385,2.1478,1.8623,2.09,2.45,4.53,3.51,1.04,13.09,66.275,19.79,16.19,1890.9,1687.46,1004.97,2180.73,2058.988,10022.83,44.955,1273,691,94.75,48.76
2014-04-03,80.475,1019.9,1.372,6.2155,0.9232,2.2794,557.21,1.1035,6.0032,10.6413,2.7972,1.796,0.454,0.644,-0.379,2.1504,1.8596,2.0925,2.457,4.55,3.51,1.03,13.37,65.2048,18.45,16.01,1888.77,1685.14,1000.17,2165.01,2043.702,10093.8,45.245,1235,688,63.3,55.73
2014-04-04,80.423,1016.65,1.3705,6.2129,0.9292,2.2358,555.48,1.0981,5.9997,10.5625,2.7207,1.6972,0.4107,0.578,-0.448,2.1435,1.8388,2.0745,2.449,4.54,3.52,1.03,13.96,58.7747,18.28,15.81,1865.09,1676.25,1002.04,2185.47,2058.831,10110.01,45.08,1205,696,59.55,56.51
2014-04-05,,,,,,,,,,,,,,,,,,,,,,,,,,,,,,,,,,,,60.45,29.41
2014-04-06,,,,,,,,,,,,,,,,,,,,,,,,,,,,,,,,,,,,19.49,52.98
2014-04-07,80.232,1014.65,1.3742,6.2102,0.927,2.2189,552.07,1.0975,5.9933,10.5282,2.6998,1.6775,0.3948,0.569,-0.451,2.1322,1.8235,2.065,2.435,,3.56,1.03,15.57,55.6606,18.64,15.95,1845.04,1659.29,1004.15,,,10156.89,44.325,1186,696,56.96,83.61
2014-04-08,79.752,1008.53,1.3797,6.1913,0.936,2.2017,545.43,1.0923,5.9755,10.4638,2.6808,1.666,0.3949,0.56,-0.452,2.1222,1.8162,2.057,2.43,4.53,3.6,1.03,14.89,55.9286,18.89,15.99,1851.96,1663.77,1011.49,2237.32,2098.284,10321.82,44.77,1098,691,115.94,154.81
2014-04-09,79.484,1005.62,1.3855,6.1917,0.9391,2.1869,550.08,1.0879,5.9366,10.3772,2.6898,1.6233,0.3631,0.548,-0.518,2.1423,1.8321,2.0775,2.4375,4.54,3.57,1.03,13.82,54.7194,18.55,14.83,1872.18,1675.32,1014.83,2238.62,2105.237,10380.74,44.975,1061,693,142.43,48.04
2014-04-10,79.383,1005.16,1.3886,6.2107,0.9413,2.207,544.06,1.0936,5.9293,10.4709,2.6474,1.5905,0.3511,0.508,-0.544,2.1403,1.8284,2.073,2.428,4.54,3.5,1.03,15.89,55.4351,18.72,15.06,1833.08,1656.09,1021.74,2273.76,2134.3,10421.31,44.35,1029,692,85.11,37.87
2014-04-11,79.452,1006.46,1.3885,6.2109,0.9397,2.2186,549.75,1.098,5.9339,10.49,2.6247,1.5757,0.355,0.485,-0.551,2.141,1.8207,2.065,2.44,,3.56,1.04,17.03,58.6405,18.39,15.19,1815.69,1638.43,1015.44,2270.67,2130.542,10228.42,44.225,1002,693,52.94,24.93
2014-04-12,,,,,,,,,,,,,,,,,,,,,,,,,,,,,,,,,,,,62.68,66.57
2014-04-13,,,,,,,,,,,,,,,,,,,,,,,,,,,,,,,,,,,,46.28,91.21
2014-04-14,79.729,1008.01,1.3821,6.2228,0.9424,2.2136,549.58,1.0962,5.9649,10.5126,2.6472,1.6134,0.367,0.515,-0.508,2.1343,1.8142,2.06,2.431,,3.48,1.03,16.11,59.1522,18.71,15.34,1830.61,1644.36,1011.73,2268.61,2131.539,10244.02,44.83,989,690,125,160.58
2014-04-15,79.803,1009.9,1.3815,6.2249,0.9362,2.2325,556.03,1.0978,5.9539,10.5625,2.6283,1.62,0.367,0.486,-0.525,2.1434,1.8414,2.0825,2.435,,3.5,1.03,15.61,59.187,18.71,16.1,1842.98,1646.67,999.9,2229.46,2101.601,10028.74,45.43,970,693,129.57,46.8
2014-04-16,79.803,1010.13,1.3816,6.2253,0.9371,2.2434,557.22,1.1011,5.9729,10.5664,2.6282,1.6464,0.367,0.463,-0.52,2.1672,1.8629,2.11,2.4575,4.41,3.48,1.02,14.18,58.0214,18.9,15.44,1862.31,1664.85,1002.5,2232.53,2105.121,10035.96,45.975,936,686,143.85,44.05
2014-04-17,79.828,1010.68,1.3814,6.2239,0.933,2.2362,557.28,1.1003,5.9865,10.4865,2.7215,1.7342,0.3952,0.508,-0.525,2.2139,1.9468,2.1795,2.4959,,3.43,1.02,13.36,59.4777,18.93,15.96,1864.85,1669.81,1009.22,2224.8,2098.885,10080.23,46.395,930,677,82.81,25.15
2014-04-18,79.847,1010.9,1.3813,6.2246,0.9333,,,1.1024,5.9876,10.505,2.7215,1.7343,0.3952,0.508,-0.526,2.214,1.95,2.183,2.503,,,,,59.4777,,,,1670.6,1011.87,2224.48,2097.748,,,,,95.14,51.83
2014-04-19,,,,,,,,,,,,,,,,,,,,,,,,,,,,,,,,,,,,53.13,51.59
2014-04-20,,,,,,,,,,,,,,,,,,,,,,,,,,,,,,,,,,,,69.01,83.81
2014-04-21,79.945,1011.5,1.3793,6.2288,0.9328,,557.92,1.101,5.9999,10.4924,2.7151,1.721,0.3912,0.508,-0.247,2.208,1.9723,2.175,2.491,,3.44,1.01,13.25,56.8273,18.28,16.22,1871.89,1672.4,1010.76,2187.25,2065.826,,46.71,,,89.93,61.87
2014-04-22,79.905,1011.18,1.3805,6.2377,0.9367,2.2377,562.26,1.1026,5.9896,10.5472,2.7105,1.7327,0.3993,0.497,-0.24,2.2133,1.9732,2.19,2.4925,4.36,3.4,1.01,13.19,57.0941,18.81,16.19,1879.55,1681.98,1008.72,2196.8,2072.831,10030.72,46.635,939,673,135.49,51.29
2014-04-23,79.855,1011.45,1.3817,6.2389,0.9291,2.2219,562.88,1.1032,5.9955,10.5901,2.6987,1.7244,0.4418,0.483,-0.251,2.217,1.975,2.1875,2.497,4.39,3.45,1.01,13.27,56.5768,18.46,15.61,1875.39,1679.25,1003.79,2194.67,2067.382,9905.63,46.88,956,666,114.79,58.66
2014-04-24,79.799,1011.04,1.3831,6.2528,0.9264,2.2141,559.76,1.1021,6.0008,10.6202,2.6805,1.7364,0.4378,0.463,-0.272,2.2189,2.0094,2.174,2.491,4.39,3.43,1.01,13.32,57.8493,18.36,15.86,1878.61,1681.16,1004.46,2190.47,2057.033,9940.63,46.895,962,658,66.79,51.78
2014-04-25,79.749,1011.02,1.3834,6.2568,0.9281,2.2441,560.45,1.1039,6.0208,10.6685,2.6623,1.7249,0.43,0.463,-0.271,2.2,1.998,2.142,2.464,4.4,3.45,1.01,14.06,58.073,18.88,16.07,1863.4,1670.76,993.35,2167.83,2036.519,9798.7,46.615,967,657,125.74,62.12
2014-04-26,,,,,,,,,,,,,,,,,,,,,,,,,,,,,,,,,,,,65.63,80.87
2014-04-27,,,,,,,,,,,,,,,,,,,,,,,,,,,,,,,,,,,,81.62,68.09
2014-04-28,79.683,1010.89,1.3851,6.2516,0.9258,2.2234,559.57,1.1029,6.0051,10.626,2.7005,1.7397,0.4319,0.514,-0.241,2.1874,1.9817,2.16,2.4575,,3.44,1.01,13.97,59.1022,19.14,15.56,1869.43,1672.65,993.12,2134.97,2003.487,9770.1,46.695,961,655,116.31,86.12
2014-04-29,79.808,1010.78,1.3812,6.2586,0.9268,2.2363,561.3,1.0944,6.0097,10.5576,2.6913,1.7347,0.4378,0.516,-0.24,2.1767,1.9752,2.1425,2.43,,3.41,1.01,13.71,59.9428,19.19,15.31,1878.33,1682.38,999.93,2158.47,2020.341,9882.94,46.91,949,651,125.79,64.01
2014-04-30,79.474,1008.01,1.3867,6.2525,0.9287,2.2327,564.91,1.0962,5.9492,10.5224,2.6459,1.6757,0.4104,0.458,-0.305,2.189,1.9814,2.1525,2.46,4.38,3.44,1.01,13.41,58.8846,19.37,15.52,1883.95,1687.74,995.28,2158.66,2026.358,9779.72,46.87,943,648,182.05,35.13
2014-05-01,79.527,1008.22,1.387,6.2526,0.9274,,,1.0956,5.9434,10.4862,2.6133,1.6577,0.4065,0.421,-0.324,2.1932,1.983,2.155,2.465,,3.46,1.01,13.25,58.8385,18.44,15.15,1883.68,1690.39,996.01,,,,46.765,993,644,79.18,70.5
2014-05-02,79.516,1007.72,1.3869,6.2567,0.9277,2.222,563.3,1.0972,5.9364,10.4796,2.5843,1.6627,0.4224,0.394,-0.32,2.1912,1.9833,2.1688,2.46,,3.45,1,12.91,55.3438,17.8,14.85,1881.14,1688.99,1003.39,,,9802.46,46.86,1017,647,92.12,52.59
2014-05-03,,,,,,,,,,,,,,,,,,,,,,,,,,,,,,,,,,,,93.72,41.58
2014-05-04,,,,,,,,,,,,,,,,,,,,,,,,,,,,,,,,,,,,91.11,187.89
2014-05-05,79.486,1007.55,1.3875,6.2435,0.9274,2.2449,568.07,1.0955,5.9582,10.546,2.6068,1.6791,0.4185,0.428,-0.291,2.18,1.9705,2.15,2.46,4.35,3.45,1,13.29,55.3438,18.55,15.51,1884.66,1689.77,1001.01,2156.47,2027.353,9743.29,47.08,,,63.88,82.21
2014-05-06,79.093,1002.53,1.3928,6.2222,0.9351,2.2295,566.78,1.0895,5.9227,10.4989,2.5914,1.6775,0.4226,0.431,-0.267,2.1614,1.9458,2.1242,2.429,,3.45,1,13.8,58.6651,17.96,15.02,1867.72,1683.52,1003.93,2157.33,2028.038,,47.15,1022,648,111.76,98.03
2014-05-07,79.202,1003.5,1.391,6.2342,0.9327,2.2166,565.2,1.09,5.9098,10.4537,2.5878,1.6512,0.3988,0.424,-0.299,2.1647,1.9508,2.128,2.44,,3.46,1.01,13.4,57.3378,17.71,15.4,1878.21,1684.04,1004.5,2137.32,2010.083,9655.56,47.56,1022,655,80.21,52.67
2014-05-08,79.361,1003.45,1.384,6.2323,0.9375,2.2152,553.7,1.0831,5.8995,10.3359,2.6161,1.625,0.3869,0.408,-0.332,2.1789,1.9582,2.143,2.4625,4.32,3.47,1.01,13.43,57.3378,17.49,14.87,1875.63,1686.79,1008.85,2135.5,2015.274,9734.97,46.88,1008,665,121.4,125.36
2014-05-09,79.903,1007.81,1.3758,6.2348,0.9362,2.2127,555.58,1.0898,5.9115,10.3481,2.6233,1.6282,0.383,0.419,-0.326,2.1769,1.9552,2.147,2.452,4.24,3.47,1.01,12.92,56.0906,17,14.76,1878.48,1683.36,1006.95,2133.91,2011.135,9684.58,46.835,997,664,119.73,55.25
2014-05-10,,,,,,,,,,,,,,,,,,,,,,,,,,,,,,,,,,,,50.38,57.11
2014-05-11,,,,,,,,,,,,,,,,,,,,,,,,,,,,,,,,,,,,94.45,54.05
2014-05-12,79.901,1008.35,1.3757,6.2426,0.9362,2.2143,552.11,1.0896,5.9201,10.358,2.6611,1.6628,0.395,0.469,-0.282,2.1669,1.9465,2.14,2.4475,4.18,3.42,1,12.23,56.1711,16.65,14.04,1896.65,1694.88,1015.81,2180.05,2052.871,9827.85,47.165,987,661,93.84,77.42
2014-05-13,80.143,1010.06,1.3704,6.2365,0.936,2.2149,548.43,1.0904,5.9226,10.3089,2.6089,1.6134,0.379,0.43,-0.314,2.152,1.9285,2.1284,2.4215,4.19,3.44,1.01,12.13,56.0906,16.86,13.61,1897.45,1697.99,1022.44,2174.85,2050.728,9855.8,47.34,982,658,114.08,87.93
2014-05-14,80.073,1008.77,1.3715,6.2262,0.9378,2.2021,550.76,1.0889,5.9248,10.2914,2.5427,1.5641,0.367,0.352,-0.401,2.1662,1.9656,2.1625,2.4335,4.16,3.47,1.01,12.17,55.2719,16.72,13.76,1888.53,1694.8,1032.24,2172.37,2047.91,9991.61,47.36,1002,657,113.31,89.46
2014-05-15,80.003,1009.02,1.371,6.2306,0.9356,2.2188,553.01,1.0885,5.9507,10.4065,2.4893,1.5231,0.3509,0.282,-0.462,2.1815,1.986,2.188,2.475,4.2,3.53,1.01,13.17,55.7207,15.94,14.57,1870.85,1682.34,1029.1,2144.08,2024.974,9971.24,46.82,1021,656,60.23,64.81
2014-05-16,80.043,1008.12,1.3694,6.2327,0.936,2.2152,550.68,1.0861,5.9344,10.3552,2.5231,1.5541,0.3589,0.324,-0.424,2.1763,1.98,2.18,2.465,4.21,3.53,1.02,12.44,58.6954,15.42,14.04,1877.86,1683.69,1031.95,2145.95,2026.504,9955.35,46.7,1027,652,79.41,83.17
2014-05-17,,,,,,,,,,,,,,,,,,,,,,,,,,,,,,,,,,,,40.28,18.35
2014-05-18,,,,,,,,,,,,,,,,,,,,,,,,,,,,,,,,,,,,67.6,45.83
2014-05-19,79.993,1007.78,1.3709,6.2372,0.933,2.207,547.58,1.0875,5.9324,10.3548,2.5445,1.5459,0.3427,0.358,-0.414,2.1625,1.9604,2.165,2.4525,4.22,3.51,1.02,12.42,58.1717,15.9,14.23,1885.08,1685.88,1035.43,2115.14,2005.183,9915.29,46.845,1022,649,56.46,53.82
2014-05-20,80.041,1008.92,1.3702,6.2371,0.9243,2.2158,552.58,1.0908,5.9536,10.4489,2.5106,1.5081,0.3346,0.327,-0.45,2.1584,1.9586,2.1589,2.45,,3.52,1.02,12.96,60.0082,16.2,14.07,1872.83,1678.01,1029.91,2115.77,2008.119,9884.22,46.71,1010,651,77.74,69.59
2014-05-21,80.095,1009.51,1.3687,6.2331,0.9251,2.2072,,1.0912,5.9448,10.3694,2.532,1.5228,0.3386,0.331,-0.449,2.1763,1.9729,2.1775,2.465,,3.53,1.02,11.91,59.1208,16.38,14.36,1888.03,1686.51,1031.66,2135.91,2024.951,9995.39,47.215,988,669,94.75,64.03
2014-05-22,80.254,1010.61,1.3656,6.2313,0.9226,2.221,551.41,1.0891,5.9492,10.3274,2.5499,1.5425,0.3426,0.309,-0.461,2.2167,2.0045,2.207,2.4975,,3.52,1.02,12.03,58.228,16.05,13.98,1892.49,1692.36,1041.19,2130.87,2021.285,10109.57,47.17,966,684,58.46,33.53
2014-05-23,80.393,1011.47,1.3629,6.2347,0.9231,2.2233,553.86,1.0861,5.9602,10.2993,2.5321,1.5241,0.3424,0.288,-0.473,2.2185,1.9984,2.2035,2.4981,,3.55,1.02,11.36,58.228,15.89,14.52,1900.53,1697.94,1042.92,2148.41,2034.569,10121.06,47.075,964,691,110.17,80.12
2014-05-24,,,,,,,,,,,,,,,,,,,,,,,,,,,,,,,,,,,,66.57,43.14
2014-05-25,,,,,,,,,,,,,,,,,,,,,,,,,,,,,,,,,,,,111.29,61.87
2014-05-26,80.393,1010.7,1.3646,6.2365,0.9237,2.2243,554.35,1.0859,5.9583,10.3582,2.5321,1.5241,0.3424,0.288,-0.473,2.2185,1.9984,,2.477,4.22,,,,58.228,,,,1703.18,1041.84,2155.98,2041.476,10126.48,,,,43.23,32.79
2014-05-27,80.352,1011.59,1.3635,6.255,0.9259,2.2379,555.45,1.0858,5.9536,10.4548,2.5142,1.5257,0.3444,0.28,-0.458,2.2069,1.9847,2.1925,2.4925,4.2,3.52,1.02,11.51,56.7714,16.1,16.21,1911.91,1707.67,1032.88,2147.28,2034.565,10082.85,47.205,973,682,68.71,50.23
2014-05-28,80.571,1013.16,1.3591,6.2645,0.9236,2.2325,551.11,1.0875,5.975,10.4636,2.4431,1.4796,0.3652,0.207,-0.5,2.2104,1.9824,2.195,2.495,,3.57,1.02,11.68,55.1642,16.02,15.8,1909.78,1706.15,1038.23,2169.35,2050.228,10198.02,47.285,954,674,96.48,123.09
2014-05-29,80.494,1011.28,1.3602,6.2472,0.9307,2.2241,548.97,1.0837,5.9673,10.4159,2.4644,1.5293,0.375,0.204,-0.483,2.2343,1.9904,2.2119,2.5245,,3.55,1.02,11.57,56.3801,15.55,15.01,1920.03,1713.25,1038.64,2155.16,2040.595,10185.21,47.69,940,667,114.97,35.24
2014-05-30,80.369,1010.78,1.3635,6.2475,0.931,2.2413,552.75,1.0846,5.9734,10.5723,2.4759,1.5391,0.373,0.236,-0.457,2.2147,1.9772,2.205,2.5175,4.14,3.51,1.01,11.4,58.295,15.61,15.34,1923.57,1715.18,1027.69,2156.46,2039.213,10249.69,47.655,934,657,64.88,66.44
2014-05-31,,,,,,,,,,,,,,,,,,,,,,,,,,,,,,,,,,,,48.31,62.38
2014-06-01,,,,,,,,,,,,,,,,,,,,,,,,,,,,,,,,,,,,34.8,83.16
2014-06-02,80.644,1014.8,1.3597,6.2548,0.9246,2.2768,552.2,1.09,5.9959,10.6853,2.5267,1.5899,0.3868,0.298,-0.393,2.2028,1.963,2.2,2.5075,,3.45,1.02,11.58,59.7275,15.52,15.55,1924.97,1717.27,1029.5,,,,47.595,934,651,57.28,75.4
2014-06-03,80.554,1014.69,1.3628,6.2509,0.9266,2.2807,552.75,1.0908,6.0023,10.7617,2.5985,1.6424,0.3987,0.387,-0.335,2.1863,1.9583,2.1901,2.4875,4.07,3.43,1.01,11.87,60.9403,15.53,15.05,1924.24,1715.82,1035.95,2149.92,2038.305,10368.12,47.76,948,641,84.4,225.3
2014-06-04,80.663,1015.89,1.3599,6.2537,0.9277,2.2784,553.17,1.094,6.0045,10.769,2.6021,1.6392,0.3908,0.411,-0.323,2.1667,1.9426,2.1875,2.4695,4.05,3.43,1.01,12.08,64.9098,15.41,14.79,1927.88,1717.76,1031.19,2128.27,2024.834,10317.82,47.735,959,635,76.47,46.18
2014-06-05,80.371,1011.98,1.366,6.2542,0.934,2.2616,551.73,1.0925,5.9855,10.6873,2.5824,1.6245,0.379,0.382,-0.361,2.1764,1.964,2.215,2.49,4.07,3.44,1.01,11.68,65.1219,15.14,14.15,1940.46,1725.6,1034.98,2150.6,2040.878,10364.58,48.01,977,630,107.98,49.48
2014-06-06,80.409,1012.8,1.3643,6.2447,0.9333,2.2471,549.68,1.0931,5.9455,10.5875,2.5869,1.6428,0.3988,0.372,-0.346,2.1877,1.969,2.22,2.508,,3.39,1,10.73,59.2726,14.5,13.22,1949.44,1734.47,1044.93,2134.72,2029.956,10340.99,48.405,989,635,52.97,40.75
2014-06-07,,,,,,,,,,,,,,,,,,,,,,,,,,,,,,,,,,,,23.87,79.59
2014-06-08,,,,,,,,,,,,,,,,,,,,,,,,,,,,,,,,,,,,69.89,178.63
2014-06-09,80.653,1014.2,1.3594,6.2276,0.9356,2.2288,550.02,1.0904,5.9703,10.6418,2.6032,1.6759,0.4188,0.379,-0.338,2.2025,1.9948,2.2425,2.516,4.11,3.35,0.99,11.15,57.3291,14.67,12.77,1951.27,1735.98,1048.96,2134.28,2030.502,10406.79,48.48,999,636,75.93,66.76
2014-06-10,80.82,1014.97,1.3547,6.2158,0.9373,2.222,554.2,1.0903,5.9776,10.7052,2.6439,1.7124,0.4388,0.418,-0.301,2.2,1.9899,2.241,2.517,4.1,3.3,0.98,10.99,56.8955,14.74,12.37,1950.79,1735.32,1057.59,2161.27,2052.532,10518.8,48.4,1004,637,114.52,52.35
2014-06-11,80.788,1014.32,1.3532,6.2221,0.9383,2.2336,554.83,1.0868,6.0023,10.7554,2.6394,1.7009,0.4309,0.413,-0.316,2.2003,1.9959,2.2441,2.513,4.09,3.31,0.98,11.6,55.3718,14.67,12.36,1943.89,1731.2,1056.04,2160.77,2054.948,10508.4,48.585,973,637,130.06,125.44
2014-06-12,80.576,1011.61,1.3552,6.2125,0.9426,2.236,554.43,1.0856,5.9927,10.6736,2.5951,1.6828,0.437,0.381,-0.339,2.1864,2.0039,2.2573,2.515,4.09,3.34,0.98,12.56,56.0907,19.17,12.91,1930.11,1725.49,1054.74,2153.41,2051.713,10431.66,48.745,939,635,87.97,100.98
2014-06-13,80.576,1012.73,1.354,6.212,0.9402,2.2243,555.8,1.0855,5.9938,10.6777,2.6033,1.693,0.4493,0.396,-0.305,2.1764,1.9784,2.2405,2.505,4.1,3.32,0.99,12.18,58.3924,19.47,12.52,1936.16,1727.21,1049.14,2176.24,2070.715,10516.98,49.21,906,641,99.45,47.2
2014-06-14,,,,,,,,,,,,,,,,,,,,,,,,,,,,,,,,,,,,74.21,57.97
2014-06-15,,,,,,,,,,,,,,,,,,,,,,,,,,,,,,,,,,,,65.6,48.58
2014-06-16,80.471,1011.61,1.3574,6.2194,0.9401,2.2355,557.75,1.0845,5.9903,10.7532,2.597,1.6964,0.4675,0.386,-0.305,2.1808,1.982,2.247,2.505,4.1,3.3,0.99,12.65,58.0734,19.52,12.41,1937.78,1726.99,1046.28,2191.86,2085.983,10522.13,49.505,880,641,135.31,55.79
2014-06-17,80.629,1014.57,1.3547,6.232,0.9337,2.262,560.03,1.0861,6.0032,10.8388,2.6523,1.7497,0.4797,0.411,-0.29,2.2114,2.0203,2.2832,2.552,4.13,3.26,0.98,12.06,58.3924,17.4,12.53,1941.99,1728.74,1043.53,2169.67,2066.698,10466.65,49.47,858,650,207.04,20.72
2014-06-18,80.584,1011.01,1.3595,6.2256,0.9408,2.2278,558.48,1.0836,6.0091,10.6632,2.5844,1.6717,0.4435,0.337,-0.389,2.2173,2.0456,2.3145,2.554,,3.29,0.98,10.61,59.4466,17.28,12.11,1956.98,1737.77,1044.57,2160.24,2055.519,10444.41,49.845,867,672,144.56,59.16
2014-06-19,80.317,1010.32,1.3608,6.229,0.9398,,556.93,1.0818,6.1199,10.748,2.6206,1.6751,0.4477,0.35,-0.412,2.242,2.0722,2.3426,2.583,4.09,3.26,0.98,10.62,55.5349,18.05,14.48,1959.48,1748.41,1049.94,2126.91,2023.735,10354.06,50.2,902,712,104.75,81.39
2014-06-20,80.372,1009.83,1.36,6.2275,0.9388,2.2301,556.08,1.0758,6.1181,10.6507,2.6052,1.6804,0.4561,0.309,-0.426,2.2653,2.0926,2.362,2.603,4.07,3.24,0.97,10.85,54.88,18.84,12.79,1962.87,1747.43,1043.86,2136.73,2026.674,10395.45,50.465,904,715,143.7,57.19
2014-06-21,,,,,,,,,,,,,,,,,,,,,,,,,,,,,,,,,,,,89.03,80.29
2014-06-22,,,,,,,,,,,,,,,,,,,,,,,,,,,,,,,,,,,,102.87,48.23
2014-06-23,80.272,1008.89,1.3605,6.2233,0.9422,2.221,552.55,1.0732,6.1085,10.5971,2.6261,1.7021,0.4643,0.334,-0.404,2.2619,2.0917,2.36,2.606,,3.23,0.97,10.98,54.5909,18.05,12.93,1962.61,1746.29,1042.33,2134.11,2024.366,10198.1,50.645,886,717,129,107.54
2014-06-24,80.327,1009.97,1.3606,6.2326,0.9368,2.2248,551.79,1.0745,6.1128,10.6425,2.5781,1.6689,0.4563,0.274,-0.452,2.2723,2.1051,2.378,2.613,4.08,3.26,0.97,12.13,53.8576,17.93,12.96,1949.98,1737.82,1048.14,2144.82,2033.931,10250.16,49.58,867,717,155.02,58.69
2014-06-25,80.225,1008.29,1.3629,6.2281,0.9408,2.2078,550.3,1.0719,6.1313,10.5946,2.5592,1.654,0.4804,0.266,-0.45,2.2623,2.0896,2.365,2.6,4.08,3.31,0.97,11.59,54.0555,17.7,12.92,1959.53,1738.16,1041.78,2133.37,2025.502,10180.05,49.955,846,717,94.64,54.36
2014-06-26,80.22,1007.69,1.3612,6.2248,0.9414,2.1967,549.63,1.0689,6.1346,10.6335,2.5286,1.6479,0.4627,0.24,-0.478,2.2563,2.0839,2.3632,2.596,4.09,3.35,0.98,11.63,53.2533,16.97,12.76,1957.22,1737.27,1046.81,2149.08,2038.677,10337.02,50.01,824,723,95.02,22.32
2014-06-27,80.039,1005.04,1.3649,6.215,0.9427,2.1937,551.63,1.0666,6.1274,10.588,2.534,1.6381,0.4607,0.245,-0.486,2.2556,2.0853,2.3577,2.605,4.09,3.36,0.99,11.26,53.2783,16.44,12.64,1960.96,1740.86,1046.18,2150.26,2036.51,10307.51,50.01,831,721,136.64,24.48
2014-06-28,,,,,,,,,,,,,,,,,,,,,,,,,,,,,,,,,,,,76.97,13.92
2014-06-29,,,,,,,,,,,,,,,,,,,,,,,,,,,,,,,,,,,,91.17,61.06
2014-06-30,79.775,1003.34,1.3692,6.2057,0.9433,2.2145,552.95,1.0671,6.1331,10.6375,2.5304,1.6299,0.4567,0.253,-0.484,2.2439,2.0731,2.3475,2.595,,3.37,0.99,11.57,52.7366,16.52,14.01,1960.23,1743.42,1050.78,2165.12,2048.327,10335.03,50.05,850,724,84.1,43.97
2014-07-01,79.815,1002.67,1.3679,6.2042,0.9497,2.2018,552.45,1.0632,6.1649,10.6683,2.5647,1.6577,0.4645,0.297,-0.451,2.2366,2.0705,2.3444,2.589,,3.35,0.99,11.15,58.2541,16.24,13.74,1973.32,1754.76,1051.39,2164.56,2050.381,,50.08,894,728,127.72,94.53
2014-07-02,79.956,1005.15,1.366,6.2163,0.9443,2.2249,551.83,1.0664,6.1747,10.7604,2.6264,1.7086,0.4803,0.355,-0.403,2.2409,2.0738,2.3469,2.5901,,3.31,0.98,10.82,59.5758,15.87,13.89,1974.62,1756.96,1060.57,2170.87,2059.418,10448.17,50.005,890,747,134.72,85.01
2014-07-03,80.212,1007.06,1.361,6.2112,0.9347,2.2102,548.66,1.0634,6.1892,10.7461,2.6383,1.7351,0.5059,0.345,-0.403,2.2612,2.1007,2.375,2.614,,3.29,0.98,10.32,56.8914,15.59,12.99,1985.44,1764.12,1062.18,2180.19,2063.229,10454.27,50.195,890,750,93.11,41.51
2014-07-04,80.269,1007.41,1.3595,6.2058,0.9365,2.221,549.38,1.0653,6.1901,10.7571,2.6383,1.7351,0.5059,0.345,-0.403,2.2612,2.1007,2.373,2.608,4.18,,,,56.8914,,,,1763.44,1062.4,2178.7,2059.375,10489.56,,893,741,92.02,52.44
2014-07-05,,,,,,,,,,,,,,,,,,,,,,,,,,,,,,,,,,,,73.19,79.35
2014-07-06,,,,,,,,,,,,,,,,,,,,,,,,,,,,,,,,,,,,90.96,124.77
2014-07-07,80.218,1007.3,1.3605,6.2023,0.9373,2.2257,554.75,1.0684,6.1584,10.7794,2.611,1.7302,0.5119,0.328,-0.39,2.2523,2.0875,2.369,2.605,,3.29,0.97,11.33,55.0533,16.36,12.99,1977.65,1754.8,1064.33,2176.29,2059.927,10487.34,49.81,888,736,124.03,61.4
2014-07-08,80.179,1006.15,1.3612,6.2037,0.9399,2.212,553.29,1.0679,6.1895,10.6827,2.5557,1.6891,0.504,0.28,-0.4,2.2424,2.0608,2.33,2.595,4.18,3.33,0.98,11.98,54.9666,16.31,12.83,1963.71,1741.64,1064.73,2180.47,2064.021,10504.98,49.73,881,739,114.52,28.93
2014-07-09,79.993,1004.89,1.3642,6.1962,0.9414,2.213,553.34,1.0651,6.1533,10.669,2.5503,1.6677,0.4761,0.255,-0.426,2.2633,2.0697,2.3525,2.6221,4.16,3.36,0.98,11.65,55.1653,16.36,13.05,1972.83,1746.07,1060.93,2148.71,2038.612,10341,50.06,863,752,109.21,49.91
2014-07-10,80.127,1005.55,1.3609,6.2034,0.9395,2.2214,552.95,1.065,6.1734,10.6989,2.5359,1.6496,0.4541,0.239,-0.454,2.2633,2.0768,2.365,2.631,4.17,3.47,0.99,12.59,55.6134,16.46,12.91,1964.68,1734.5,1062.37,2142.85,2038.342,10368.13,49.58,836,774,75.13,48.39
2014-07-11,80.187,1006.89,1.3608,6.2039,0.9392,2.2208,554.32,1.0734,6.1796,10.7055,2.516,1.6398,0.4479,0.219,-0.451,2.2648,2.0644,2.35,2.6296,4.16,3.47,0.99,12.08,54.7685,17.26,13.27,1967.57,1736.02,1058.67,2148.01,2046.961,10379.61,49.2,814,786,116.43,50.23
2014-07-12,,,,,,,,,,,,,,,,,,,,,,,,,,,,,,,,,,,,57.95,75.13
2014-07-13,,,,,,,,,,,,,,,,,,,,,,,,,,,,,,,,,,,,123.22,134.75
2014-07-14,80.188,1006.77,1.3619,6.209,0.9393,2.2107,553.68,1.0712,6.1843,10.6763,2.5468,1.6711,0.4599,0.259,-0.418,2.2536,2.0617,2.343,2.615,,3.43,0.99,11.82,54.4204,18.1,14.23,1977.1,1747.06,1063.66,2171.76,2066.646,10457.77,49.625,798,796,151.03,124.54
2014-07-15,80.39,1008.96,1.3568,6.2155,0.937,2.2191,557.51,1.0759,6.2096,10.7098,2.5468,1.6876,0.4759,0.279,-0.378,2.2335,2.0423,2.3225,2.592,4.17,3.48,0.98,11.96,54.0261,17.96,14.73,1973.28,1741.46,1066.35,2174.98,2070.357,10489.15,49.41,782,820,97.3,116.32
2014-07-16,80.559,1009.86,1.3525,6.2076,0.9368,2.2237,,1.0741,6.1972,10.682,2.526,1.6893,0.4839,0.278,-0.363,2.2144,2.0274,2.315,2.58,4.23,3.52,0.98,11,52.8802,16.88,14.67,1981.57,1751.51,1066.83,2170.87,2067.276,10475.38,50.16,755,884,160.09,131.66
2014-07-17,80.505,1010.31,1.3526,6.2066,0.9351,2.2582,564.54,1.0763,6.2064,10.7611,2.4458,1.6167,0.4436,0.199,-0.439,2.2147,2.0351,2.319,2.575,4.24,3.62,0.99,14.54,54.4908,17.87,15.52,1958.12,1735.11,1062.59,2157.07,2055.591,10467.06,49.35,738,896,147.45,72.31
2014-07-18,80.524,1009.53,1.3524,6.2069,0.939,2.2269,567.61,1.0733,6.1891,10.6476,2.4809,1.6679,0.4777,0.232,-0.394,2.2167,2.0379,2.3297,2.575,4.32,3.67,0.99,12.06,54.4105,17.39,14.35,1978.22,1744.31,1063.26,2164.14,2059.067,10441.23,49.4949,732,906,207.28,77.84
2014-07-19,,,,,,,,,,,,,,,,,,,,,,,,,,,,,,,,,,,,173.85,88.06
2014-07-20,,,,,,,,,,,,,,,,,,,,,,,,,,,,,,,,,,,,116.23,44.15
2014-07-21,80.56,1009.74,1.3524,6.2051,0.9373,2.2209,564.57,1.0738,6.1972,10.6042,2.4674,1.6762,0.4899,0.212,-0.395,2.2255,2.045,2.332,2.5875,4.31,3.69,0.99,12.81,53.8511,16.97,14.69,1973.63,1740.13,1063.26,2166.3,2054.479,10355.73,49.57,724,918,203.45,67.14
2014-07-22,80.781,1010.83,1.3466,6.2032,0.9394,2.2129,564.65,1.0738,6.1909,10.5727,2.4601,1.653,0.4716,0.215,-0.377,2.2158,2.0037,2.2991,2.58,4.32,3.67,0.99,12.24,53.8013,17.1,14.62,1983.53,1750.78,1074.48,2192.7,2075.481,10605.22,49.925,723,955,208.98,56.64
2014-07-23,80.823,1010.77,1.3464,6.1919,0.9456,2.2194,563.57,1.0728,6.1973,10.5131,2.4655,1.6481,0.4675,0.222,-0.373,2.2095,1.9923,2.2946,2.576,4.3,3.65,0.99,11.52,53.3872,16.73,14.07,1987.01,1754.12,1077.7,2197.83,2078.49,10820.71,50.245,727,946,217.15,49.67
2014-07-24,80.872,1012.31,1.3464,6.1911,0.9419,2.2223,563.83,1.0745,6.2024,10.5275,2.5025,1.6945,0.4918,0.229,-0.346,2.2434,2.0138,2.3073,2.605,4.32,3.61,0.99,11.84,54.2576,15.95,14.33,1987.98,1756.28,1080.85,2237.02,2105.062,10939.57,50.29,732,931,119.6,36.53
2014-07-25,81.029,1014.12,1.343,6.189,0.9396,2.2303,563.1,1.0812,6.2145,10.5125,2.4655,1.6714,0.4877,0.196,-0.379,2.2701,2.0222,2.321,2.6075,4.27,3.64,0.99,12.69,54.4272,16.67,14.68,1978.34,1748.25,1078.69,2260.45,2126.614,10993.24,49.92,739,891,180.28,34.26
2014-07-26,,,,,,,,,,,,,,,,,,,,,,,,,,,,,,,,,,,,131.22,56.98
2014-07-27,,,,,,,,,,,,,,,,,,,,,,,,,,,,,,,,,,,,110.42,62.97
2014-07-28,81.025,1014.17,1.344,6.1812,0.9406,2.2225,563.66,1.0799,6.2268,10.5645,2.4853,1.703,0.5,0.217,-0.344,2.2692,2.022,2.325,2.596,4.31,3.64,0.98,12.56,54.0815,16.37,14.55,1978.91,1748.26,1079.24,2323.9,2177.948,11072.62,49.8,743,862,149.44,49.75
2014-07-29,81.214,1016.84,1.3409,6.1811,0.9383,2.2315,565.68,1.0852,6.2511,10.6026,2.4601,1.6881,0.5393,0.195,-0.366,2.2662,2.0236,2.324,2.5921,4.3,3.68,0.99,13.28,53.8049,16.79,15.05,1969.95,1744.22,1080.54,2331.37,2183.192,11122.22,49.675,747,848,169.99,44.45
2014-07-30,81.432,1020.59,1.3397,6.1729,0.9331,2.2456,572.35,1.0903,6.2583,10.656,2.5569,1.7676,0.5551,0.287,-0.31,2.2711,2.0402,2.3377,2.6,4.3,3.67,0.98,13.33,55.8916,17.11,14.85,1970.07,1740.22,1078.75,2322.01,2181.243,11119.32,49.38,754,842,202.23,117.01
2014-07-31,81.456,1021.93,1.339,6.1804,0.9295,2.2638,572.03,1.0906,6.2855,10.7073,2.5578,1.7529,0.5276,0.29,-0.325,2.2684,2.0379,2.3458,2.6125,4.32,3.88,0.99,16.95,56.4578,18.78,15.46,1930.67,1714.35,1065.77,2350.25,2201.562,11130.2,48.315,755,833,141.77,87.58
2014-08-01,81.302,1020.69,1.3427,6.174,0.9312,2.2573,573.52,1.0916,6.271,10.6784,2.4925,1.6627,0.4723,0.242,-0.384,2.2511,2.007,2.312,2.585,4.29,4.09,1.01,17.03,52.2603,19.39,14.37,1925.15,1705.76,1060.13,2329.4,2185.303,10982.65,47.925,751,826,151.3,53.1
2014-08-02,,,,,,,,,,,,,,,,,,,,,,,,,,,,,,,,,,,,47.03,92.27
2014-08-03,,,,,,,,,,,,,,,,,,,,,,,,,,,,,,,,,,,,36.16,91.65
2014-08-04,81.328,1020.17,1.3422,6.1741,0.9334,2.259,571.53,1.0906,6.2681,10.6548,2.4817,1.6479,0.4644,0.25,-0.373,2.2322,1.9821,2.285,2.565,4.28,4.08,1.01,15.12,52.2977,18.92,14.17,1938.99,1710.16,1069.3,2375.62,2223.331,11088.96,48.73,753,815,155.7,131.99
2014-08-05,81.328,1023.1,1.3376,6.1692,0.9305,2.2815,577.03,1.0961,6.2794,10.756,2.4844,1.6627,0.4624,0.25,-0.357,2.2362,1.9833,2.286,2.57,4.28,4.01,1.01,16.87,56.6779,19.1,14.76,1920.21,1698.25,1063.11,2369.35,2219.945,11009.84,47.665,755,800,172.58,80.24
2014-08-06,81.444,1020.65,1.3383,6.1604,0.9354,2.2728,577.28,1.0916,6.266,10.7024,2.4708,1.6479,0.4564,0.238,-0.362,2.2337,1.9747,2.2837,2.5725,4.27,4.04,1.02,16.37,56.9231,18.81,14.51,1920.24,1693.15,1056.77,2363.22,2217.465,10979.93,47.805,759,794,159.54,32.5
2014-08-07,81.524,1022.28,1.3364,6.1665,0.9271,2.295,577.24,1.0926,6.2455,10.767,2.4114,1.5971,0.4285,0.181,-0.397,2.2317,1.9653,2.2775,2.5705,4.27,4.04,1.02,16.66,59.4998,18.85,14.82,1909.57,1684.73,1051.22,2327.46,2187.669,10876.61,47.505,765,811,177.73,41.62
2014-08-08,81.389,1021.37,1.341,6.155,0.9275,2.2834,575.68,1.0973,6.2362,10.6594,2.4203,1.6233,0.4442,0.183,-0.367,2.2382,1.9661,2.281,2.577,4.28,4.05,1.03,15.77,62.4736,18.88,14.85,1931.59,1690.59,1045.51,2331.13,2194.425,10832.66,48.3,777,807,212.4,61.58
2014-08-09,,,,,,,,,,,,,,,,,,,,,,,,,,,,,,,,,,,,142.1,34.97
2014-08-10,,,,,,,,,,,,,,,,,,,,,,,,,,,,,,,,,,,,117.52,36.22
2014-08-11,81.466,1021.22,1.3385,6.1535,0.9262,2.2754,574.76,1.0921,6.1828,10.6303,2.4275,1.6151,0.4401,0.185,-0.38,2.2438,1.9717,2.295,2.587,4.29,3.96,1.03,14.23,60.2733,17.54,14.49,1936.92,1701.63,1061.41,2365.35,2224.653,11037.88,48.305,792,793,206.7,94.95
2014-08-12,81.5,1021.18,1.3369,6.1595,0.9269,2.2766,576.13,1.0925,6.181,10.628,2.4491,1.62,0.432,0.22,-0.369,2.2302,1.9606,2.2825,2.5725,4.3,3.91,1.03,14.13,59.366,17.55,14.35,1933.75,1699.37,1064.42,2357.05,2221.595,11064.35,47.95,836,762,150.57,18.35
2014-08-13,81.596,1022.11,1.3364,6.1585,0.9305,2.2817,579.85,1.0914,6.1594,10.5695,2.4166,1.5773,0.4119,0.191,-0.421,2.2265,1.9683,2.285,2.565,4.29,3.86,1.03,12.9,58.8215,17.19,13.53,1946.72,1708.76,1070.87,2358.9,2222.877,11193.89,48.105,871,753,165.85,18.04
2014-08-14,81.588,1020.96,1.3365,6.1517,0.9319,2.2665,579.85,1.0902,6.1594,10.5494,2.4015,1.574,0.4158,0.179,-0.399,2.2233,1.9431,2.257,2.551,4.28,3.81,1.03,12.42,58.5286,17.86,12.55,1955.18,1715.73,1072.37,2335.95,2206.466,11075.11,47.83,942,748,106.74,29.12
2014-08-15,81.424,1019.42,1.3401,6.147,0.9322,2.2599,,1.0897,6.1356,10.5919,2.3397,1.5361,0.4074,0.146,-0.412,2.1942,1.92,2.239,2.532,,3.81,1.03,13.15,60.3933,18.59,13.33,1955.06,1714.26,1074.51,2360.64,2226.733,11103.92,48.185,1015,747,131.82,74.06
2014-08-16,,,,,,,,,,,,,,,,,,,,,,,,,,,,,,,,,,,,83.9,71.63
2014-08-17,,,,,,,,,,,,,,,,,,,,,,,,,,,,,,,,,,,,79.56,51.56
2014-08-18,81.576,1020.21,1.3364,6.1411,0.9325,2.2574,576.68,1.0887,6.1569,10.6036,2.3927,1.5739,0.4154,0.201,-0.365,2.1912,1.9081,2.23,2.524,4.22,3.74,1.03,12.32,61.6902,19.52,13.46,1971.74,1727.4,1077.07,2374.56,2239.466,11065.21,48.315,1042,749,115.86,34.34
2014-08-19,81.883,1023.51,1.332,6.1442,0.9302,2.2467,580.66,1.0942,6.1648,10.6469,2.3997,1.5755,0.4273,0.218,-0.356,2.1823,1.8993,2.215,2.51,4.24,3.69,1.03,12.21,61.9655,19.38,13.43,1981.6,1734.89,1084.45,2374.77,2245.33,11094.59,48.685,1040,759,216.15,40.12
2014-08-20,82.226,1028.25,1.3259,6.1448,0.9287,2.262,584.41,1.097,6.1951,10.7378,2.4264,1.6299,0.4717,0.253,-0.286,2.1739,1.8849,2.2125,2.5075,4.25,3.64,1.02,11.78,62.78,17.96,13.51,1986.51,1735.81,1085.08,2366.14,2240.211,11055.98,48.79,1061,768,123.03,23.74
2014-08-21,82.154,1027.4,1.3281,6.1538,0.9303,2.2689,581.96,1.0941,6.1471,10.7073,2.4068,1.6299,0.4676,0.226,-0.302,2.1813,1.9008,2.224,2.5125,4.27,3.65,1.02,11.76,60.1866,17.25,13.84,1992.37,1741.91,1081.93,2354.24,2230.458,10942.37,48.83,1096,761,153.54,24.43
2014-08-22,82.336,1028.81,1.3242,6.1568,0.9317,2.2778,582.96,1.0943,6.1678,10.6908,2.4024,1.6597,0.4918,0.251,-0.245,2.1518,1.8749,2.2025,2.4901,4.26,3.62,1.02,11.47,59.8425,16.51,13.46,1988.4,1735.96,1083.07,2365.36,2240.812,11058.69,48.505,1088,759,109.58,65.61
2014-08-23,,,,,,,,,,,,,,,,,,,,,,,,,,,,,,,,,,,,108.71,143.64
2014-08-24,,,,,,,,,,,,,,,,,,,,,,,,,,,,,,,,,,,,66.79,52.31
2014-08-25,82.549,1030.76,1.3192,6.155,0.9297,2.2885,583.1,1.0984,6.175,10.7067,2.382,1.6647,0.5,0.233,-0.237,2.1499,1.8711,2.199,2.4839,4.27,3.61,1.01,11.7,57.1546,16.92,13.55,1997.92,1745.26,1085.29,2342.86,2229.274,11115.79,48.935,,,167.6,54.94
2014-08-26,82.65,1030.6,1.3167,6.1505,0.9306,2.2615,586.21,1.0952,6.1799,10.6797,2.3962,1.6597,0.4918,0.242,-0.25,2.1552,1.8803,2.21,2.495,4.28,3.61,1.01,11.63,56.4543,16.68,13.24,2000.02,1749.17,1087.77,2324.09,2207.106,11124.33,49.185,1070,742,118.14,32.55
2014-08-27,82.428,1027.82,1.3193,6.1438,0.9337,2.247,590.18,1.0865,6.1803,10.6129,2.3573,1.6382,0.5118,0.213,-0.276,2.1452,1.8784,2.2042,2.4863,4.27,3.63,1.01,11.78,56.87,16.47,12.72,2000.12,1750.7,1093.74,2327.59,2209.465,11074.31,49.085,1063,735,143.08,40.32
2014-08-28,82.477,1027.36,1.3182,6.1503,0.9357,2.2421,593.51,1.0861,6.1795,10.6511,2.3361,1.6315,0.5,0.202,-0.273,2.1352,1.8544,2.1951,2.4765,4.26,3.64,1.01,12.05,59.7762,16.52,12.9,1996.74,1744.37,1086.98,2311.28,2195.818,10931.6,49.095,1119,722,97.53,44.61
2014-08-29,82.748,1029.48,1.3132,6.1494,0.9339,2.2362,587.13,1.0878,6.1975,10.6666,2.3431,1.625,0.4882,0.215,-0.273,2.1285,1.8509,2.1864,2.4725,,3.63,1.02,11.98,60.4894,16.68,12.85,2003.37,1748.69,1087.88,2338.29,2217.2,10963.59,49.37,1147,699,157.34,30.07
2014-08-30,,,,,,,,,,,,,,,,,,,,,,,,,,,,,,,,,,,,127.53,27.35
2014-08-31,,,,,,,,,,,,,,,,,,,,,,,,,,,,,,,,,,,,103.73,31.79
2014-09-01,82.748,1030.3,1.3128,6.1459,0.9332,2.2461,591.28,1.0871,6.1919,10.6747,2.3431,1.625,0.4882,0.215,-0.273,2.1285,1.8474,2.185,2.468,4.25,,,,60.4894,,,,1748.33,1090.57,2355.32,2235.511,10958.81,,1151,693,227.85,102.15
2014-09-02,82.992,1034.2,1.3133,6.1522,0.9274,2.2435,589.21,1.0929,6.1874,10.7402,2.4211,1.684,0.5237,0.264,-0.213,2.1569,1.8462,2.186,2.502,4.26,3.62,1.02,12.25,61.3464,18.34,14.05,2002.28,1747.22,1086.73,2386.46,2266.046,10966.16,48.745,1149,687,219.28,79.82
2014-09-03,82.865,1031.79,1.315,6.145,0.9347,2.235,588.61,1.0888,6.2179,10.6886,2.3962,1.6725,0.5158,0.225,-0.24,2.1723,1.8634,2.185,2.5006,4.27,3.65,1.02,12.36,64.8956,18.49,13.44,2000.72,1752,1100.98,2408.84,2288.626,11312.54,48.875,1142,682,184.26,38.15
2014-09-04,83.82,1039.23,1.2944,6.1468,0.9348,2.2431,593.24,1.0875,6.263,10.7311,2.4497,1.712,0.5317,0.282,-0.205,2.1688,1.8663,2.1975,2.4935,4.28,3.68,1.03,12.64,64.9445,18.95,14.01,1997.65,1748.62,1100.23,2426.22,2306.862,11386.38,48.215,1147,677,219.84,29.58
2014-09-05,83.739,1038.19,1.2951,6.1412,0.9378,2.2432,585.13,1.088,6.2812,10.6931,2.4587,1.6923,0.5079,0.299,-0.209,2.1606,1.85,2.175,2.4802,4.29,3.76,1.03,12.09,60.2652,18.52,13.27,2007.71,1750.63,1096.83,2449.26,2326.432,11368.34,48.54,1155,674,117.67,32.64
2014-09-06,,,,,,,,,,,,,,,,,,,,,,,,,,,,,,,,,,,,101.83,42.79
2014-09-07,,,,,,,,,,,,,,,,,,,,,,,,,,,,,,,,,,,,78.73,75.91
2014-09-08,84.232,1045.43,1.2895,6.14,0.9281,2.2675,592.25,1.0974,6.333,10.8093,2.4712,1.7187,0.5279,0.335,-0.152,2.1373,1.8205,2.145,2.4607,,3.74,1.03,12.66,60.0292,20.43,14.47,2001.54,1744.28,1094.99,,,11408.67,47.785,1166,665,147.02,23.52
2014-09-09,84.278,1045.61,1.2937,6.1385,0.9203,2.2846,593.75,1.0984,6.3453,10.923,2.5036,1.7617,0.5558,0.389,-0.092,2.1155,1.8031,2.1384,2.445,4.3,3.75,1.04,13.5,61.5036,19.68,15.36,1988.44,1733.21,1087.54,2445.22,2326.527,,47.575,1197,660,110.56,65.54
2014-09-10,84.283,1047.26,1.2917,6.1333,0.9155,2.2887,592.25,1.0938,6.344,10.9282,2.5414,1.7883,0.5679,0.433,-0.053,2.1097,1.7883,2.1121,2.427,4.3,3.83,1.05,12.88,63.2071,20.49,15.89,1995.69,1735.79,1075.22,2432.43,2318.305,11117.89,47.46,1197,652,131.68,66.45
2014-09-11,84.298,1049.84,1.2925,6.1366,0.91,2.2978,592.25,1.1035,6.3788,10.9655,2.5496,1.7884,0.56,0.419,-0.077,2.1327,1.8147,2.147,2.455,,3.87,1.05,12.8,62.8485,20.63,16.42,1997.45,1736.99,1069.43,2423.45,2311.679,11032.91,47.49,1186,645,118.18,43.16
2014-09-12,84.24,1050.57,1.2963,6.1406,0.9038,2.3387,592.25,1.1093,6.3627,11.023,2.6105,1.8169,0.5602,0.475,-0.062,2.1363,1.8231,2.15,2.455,4.3,3.86,1.05,13.31,65.5969,19.53,17.86,1985.54,1729.5,1061.53,2438.36,2331.95,11014.69,46.78,1181,640,168.17,49.62
2014-09-13,,,,,,,,,,,,,,,,,,,,,,,,,,,,,,,,,,,,99.94,54.57
2014-09-14,,,,,,,,,,,,,,,,,,,,,,,,,,,,,,,,,,,,101.93,63.5
2014-09-15,84.264,1050.55,1.294,6.1707,0.9028,2.3427,595.55,1.1055,6.393,10.9636,2.5887,1.7871,0.5402,0.459,-0.087,2.131,1.8195,2.145,2.4525,4.29,3.9,1.06,14.12,66.0884,20.17,16.5,1984.13,1726.86,1055.78,2437.19,2339.14,10834.73,47.11,1173,635,112.87,132.42
2014-09-16,84.074,1047.22,1.296,6.1561,0.9094,2.332,596.85,1.097,6.4021,10.9023,2.5924,1.7738,0.5362,0.469,-0.098,2.1246,1.813,2.144,2.445,4.28,3.95,1.06,12.73,67.0857,18.93,16.58,1998.98,1732.55,1054.07,2388.77,2296.555,10718.01,47.68,1150,630,157.35,34.58
2014-09-17,84.345,1054.08,1.2865,6.158,0.8959,2.3565,597.45,1.0998,6.4509,11.0269,2.6198,1.8305,0.5686,0.566,0.059,2.0544,1.7126,2.045,2.3825,4.3,3.9,1.06,12.65,62.2601,19.18,17.14,2001.57,1735.35,1062.39,2401.33,2307.893,10893.01,47.42,1124,625,159.8,40.9
2014-09-18,84.323,1052.65,1.2923,6.1458,0.899,2.3647,,1.0934,6.3239,11.0772,2.6144,1.8306,0.5606,0.583,0.11,2.0325,1.6756,2.0175,2.365,,3.82,1.05,12.03,62.0303,18.98,15.5,2011.36,1742.74,1056.37,2408.66,2315.928,10799.43,47.175,1089,615,118.06,26.32
2014-09-19,84.735,1055.85,1.2829,6.1443,0.8925,2.3679,,1.0963,6.3535,11.0798,2.5745,1.8109,0.5649,0.549,0.107,2.027,1.6616,2,2.3526,4.2,3.82,1.05,12.11,59.8303,18.56,16.9,2010.4,1740.32,1053.92,2425.21,2329.451,10783.33,46.895,1075,612,132.81,31.65
2014-09-20,,,,,,,,,,,,,,,,,,,,,,,,,,,,,,,,,,,,76.33,83.75
2014-09-21,,,,,,,,,,,,,,,,,,,,,,,,,,,,,,,,,,,,79.82,66.46
2014-09-22,84.752,1056.8,1.2849,6.1534,0.8873,2.3978,601.75,1.1044,6.3467,11.172,2.5636,1.781,0.5487,0.567,0.108,1.9976,1.6323,1.971,2.318,4.05,3.88,1.05,13.69,58.0017,19.98,16.44,1994.29,1726.47,1040.29,2378.92,2289.866,10597.3,46.205,1077,607,80.68,124.77
2014-09-23,84.658,1057.46,1.2847,6.1422,0.884,2.4126,602.95,1.1078,6.356,11.1729,2.5275,1.7577,0.5366,0.508,0.046,2.0207,1.6657,2,2.35,4.05,3.97,1.06,14.93,57.4324,20.73,16.65,1982.77,1716.23,1032.79,2399.46,2309.718,10568.8,46.07,1073,604,179.18,102.33
2014-09-24,85.037,1059.53,1.278,6.1395,0.8885,2.3835,598.34,1.1058,6.3913,11.1322,2.5637,1.7945,0.5866,0.53,0.051,2.0343,1.6874,2.022,2.358,,4.03,1.07,13.27,58.324,19.8,17.21,1998.3,1723.67,1035.31,2441.86,2343.575,10716.76,46.11,1056,605,146.88,46.11
2014-09-25,85.195,1062.75,1.2751,6.1474,0.8787,2.4283,598.33,1.111,6.3998,11.2052,2.5022,1.7516,0.5511,0.491,0.001,2.0119,1.6784,2.0125,2.3375,4.07,4.18,1.08,15.64,59.1476,20.07,17.99,1965.99,1703.09,1025.63,2436.97,2345.103,10640.09,45.405,1038,608,107.53,40.69
2014-09-26,85.64,1067.29,1.2684,6.1445,0.8765,2.4203,598.66,1.1154,6.458,11.2285,2.5276,1.7959,0.5748,0.557,0.066,1.9709,1.6598,1.988,2.31,,4.25,1.1,14.85,64.5379,19.42,17.84,1982.85,1707.87,1023.91,2437.2,2347.718,10584.29,45.9905,1049,611,151.31,49.29
2014-09-27,,,,,,,,,,,,,,,,,,,,,,,,,,,,,,,,,,,,128.74,45.23
2014-09-28,,,,,,,,,,,,,,,,,,,,,,,,,,,,,,,,,,,,60.11,64.31
2014-09-29,85.591,1068.85,1.2685,6.1787,0.8718,2.4477,602.38,1.1164,6.4501,11.2798,2.4771,1.7566,0.5708,0.527,0.039,1.9513,1.6482,1.995,2.2925,,4.36,1.12,15.98,62.302,19.86,17.17,1977.8,1702.18,1009.43,2447.8,2357.71,10439.03,45.885,1062,613,101.28,41.79
2014-09-30,85.936,1070.94,1.2631,6.1792,0.8747,2.4461,598.32,1.1198,6.4261,11.2853,2.4888,1.7566,0.567,0.518,0.045,1.9726,1.6423,1.987,2.313,,4.24,1.12,16.31,64.2055,21.52,18.83,1972.29,1698.41,1005.33,2450.99,2363.87,10310.4,45.31,1063,623,97.3,41.03
2014-10-01,85.972,1070.9,1.2623,6.1703,0.8738,2.481,597.7,1.1163,6.4486,11.2658,2.3856,1.6698,0.5158,0.43,-0.038,1.9566,1.6403,1.99,2.3025,,4.28,1.12,16.71,64.2874,22.38,18.73,1946.16,1679.18,996.86,,,,44.385,1055,639,108.34,58.82
2014-10-02,85.601,1067.44,1.2669,6.1606,0.8803,2.495,596.96,1.1157,6.4452,11.1848,2.425,1.6845,0.5237,0.467,-0.013,1.9577,1.6289,1.974,2.298,,4.26,1.12,16.16,66.1585,23.36,18.2,1946.17,1667.98,992.53,,,,44.155,1041,639,57.61,30.16
2014-10-03,86.694,1078.66,1.2516,6.1674,0.8675,2.459,597.63,1.1244,6.5253,11.3444,2.434,1.7221,0.5575,0.495,0.058,1.9402,1.5986,1.95,2.2875,,4.14,1.11,14.55,62.5016,24.22,19.13,1967.9,1675.29,997.27,,,10348.53,44.085,1037,645,103.98,103.26
2014-10-04,,,,,,,,,,,,,,,,,,,,,,,,,,,,,,,,,,,,81.09,54.37
2014-10-05,,,,,,,,,,,,,,,,,,,,,,,,,,,,,,,,,,,,50.48,84.19
2014-10-06,85.928,1068.68,1.2655,6.1529,0.8763,2.4263,603.75,1.1132,6.4741,11.2122,2.4196,1.6925,0.5318,0.483,0.026,1.9374,1.6038,1.954,2.275,,4.11,1.1,15.46,60.4444,24.62,17.6,1964.82,1679.82,1010.32,,,10409.72,44.135,1029,649,95.29,135.43
2014-10-07,85.672,1066.92,1.2669,6.147,0.8817,2.3965,603.75,1.1175,6.4591,11.1862,2.3391,1.6221,0.504,0.42,-0.03,1.9217,1.5886,1.941,2.265,,4.21,1.11,17.2,65.2652,25.09,17.56,1935.1,1661.36,1010.86,,,10469.21,43.56,1015,657,67.6,89.8
2014-10-08,85.297,1062.09,1.2734,6.1392,0.8841,2.3774,595.99,1.1107,6.4434,11.0399,2.3213,1.5502,0.4483,0.354,-0.143,1.9679,1.6275,1.978,2.306,4.01,4.32,1.12,15.11,64.9501,25.28,17.5,1968.89,1673.48,998.76,2478.38,2382.794,10395.43,43.985,991,664,80.98,43.96
2014-10-09,85.522,1065.53,1.2691,6.139,0.8783,2.3986,592.99,1.1185,6.4736,11.065,2.3133,1.5598,0.4403,0.344,-0.115,1.9697,1.6108,1.96,2.307,4.04,4.36,1.12,18.76,66.4678,27.72,17.86,1928.21,1652.93,1008.33,2481.96,2389.371,10483.5,42.37,974,674,75.36,53.73
2014-10-10,85.912,1069.59,1.2628,6.1413,0.8686,2.429,592.15,1.1199,6.51,11.12,2.2804,1.5317,0.4239,0.319,-0.135,1.9625,1.6015,1.957,2.3075,,4.5,1.14,21.24,68.6927,30.03,18.11,1906.13,1626.68,989.87,2466.79,2374.54,10301.46,41.775,963,678,,49.06
2014-10-11,,,,,,,,,,,,,,,,,,,,,,,,,,,,,,,,,,,,,70.52
2014-10-12,,,,,,,,,,,,,,,,,,,,,,,,,,,,,,,,,,,,,70.66
2014-10-13,85.532,1064.58,1.2752,6.136,0.8772,2.3943,588.75,1.1199,6.4653,11.0429,2.2804,1.5317,0.4239,0.319,-0.135,1.9625,1.6015,1.953,2.293,4.03,,,24.64,68.6927,31.32,17.69,1874.74,1613.61,991.49,2454.95,2366.009,10284.9,40.485,954,683,,42.04
2014-10-14,85.822,1068.02,1.2658,6.1411,0.8713,2.4003,588.02,1.1297,6.5782,11.0574,2.1973,1.4404,0.3678,0.283,-0.143,1.9155,1.5207,1.887,2.256,4.03,4.66,1.16,22.79,74.6406,37.23,17.98,1877.7,1610.74,992.08,2446.56,2359.475,10254.79,39.975,948,689,,62.32
2014-10-15,85.147,1061,1.2838,6.135,0.8829,2.4525,587.68,1.1255,6.5391,11.0745,2.1358,1.3429,0.3076,0.27,-0.157,1.8654,1.4391,1.806,2.211,3.9,4.91,1.17,26.25,101.2812,36.36,20.04,1862.49,1595.21,982.6,2463.87,2373.67,10284.88,40.28,935,694,,68.64
2014-10-16,84.955,1061.33,1.2809,6.1425,0.8756,2.4728,590.6,1.1258,6.5446,11.1174,2.1559,1.3799,0.3433,0.266,-0.159,1.8921,1.4789,1.8425,2.2325,3.88,4.83,1.2,25.2,90.1146,34.09,19.68,1862.76,1592.6,970.65,2444.4,2356.499,10185.55,41,930,698,,86.24
2014-10-17,85.11,1063.64,1.2761,6.1413,0.8744,2.4354,586.52,1.1277,6.5451,11.0805,2.1936,1.4151,0.3709,0.269,-0.172,1.9254,1.5271,1.885,2.2575,3.85,4.54,1.18,21.99,82.9222,31.16,18.08,1886.76,1613.56,976.76,2441.73,2341.184,10234.02,41.35,944,700,,49.35
2014-10-18,,,,,,,,,,,,,,,,,,,,,,,,,,,,,,,,,,,,,66.44
2014-10-19,,,,,,,,,,,,,,,,,,,,,,,,,,,,,,,,,,,,,77.54
2014-10-20,84.953,1061.51,1.28,6.1332,0.8784,2.4649,585.7,1.1285,6.5543,11.0188,2.1909,1.4052,0.3505,0.289,-0.173,1.903,1.5173,1.873,2.243,,4.53,1.18,18.57,79.2418,29.36,17.27,1904.01,1626.05,981.5,2454.71,2356.728,10295.52,41.71,973,702,,45.57
2014-10-21,85.303,1064.42,1.2716,6.1276,0.8779,2.4823,582.85,1.1221,6.568,11.0475,2.2217,1.4278,0.3624,0.309,-0.168,1.9137,1.5299,1.88,2.245,3.76,4.35,1.17,16.08,78.8942,27.14,17.01,1941.28,1651.14,981.78,2433.39,2339.657,10275.98,42.98,1090,703,,61.02
2014-10-22,85.741,1067.4,1.2649,6.1246,0.8779,2.4872,584.82,1.1236,6.61,11,2.2164,1.426,0.3582,0.314,-0.165,1.9042,1.5238,1.878,2.249,3.77,4.3,1.17,17.87,77.2481,30.68,16.58,1927.11,1647.21,987.09,2418.64,2326.553,10426.89,42.165,1136,699,,69.25
2014-10-23,85.843,1069.82,1.2646,6.1252,0.8762,2.5,584,1.123,6.5773,10.9773,2.2712,1.4928,0.3863,0.362,-0.1,1.9098,1.5222,1.88,2.25,3.82,4.24,1.17,16.53,80.409,31.78,16.91,1950.82,1659.97,981.75,2395.94,2302.418,10438.86,42.95,1155,699,,45.24
2014-10-24,85.732,1068.16,1.2671,6.124,0.8793,2.4787,584.3,1.1231,6.5977,10.9303,2.2685,1.4956,0.3859,0.365,-0.096,1.9031,1.5144,1.8675,2.233,3.84,4.25,1.17,16.11,81.609,31.27,16.24,1964.58,1667.88,984.38,2390.71,2302.28,10391.64,42.8,1192,716,,43.41
2014-10-25,,,,,,,,,,,,,,,,,,,,,,,,,,,,,,,,,,,,,45.23
2014-10-26,,,,,,,,,,,,,,,,,,,,,,,,,,,,,,,,,,,,,109.96
2014-10-27,85.495,1066.41,1.2698,6.1199,0.8802,2.5213,584.59,1.1247,6.5974,10.94,2.2605,1.4873,0.3816,0.365,-0.093,1.8959,1.5047,1.861,2.23,3.83,4.27,1.17,16.04,77.5638,32.44,16.49,1961.63,1666.82,977.8,2368.83,2290.437,10311.58,41.9,1285,735,,68.48
2014-10-28,85.408,1063.15,1.2734,6.1143,0.8856,2.4605,578.94,1.1166,6.612,10.8464,2.296,1.5151,0.3937,0.383,-0.099,1.9139,1.5313,1.891,2.2475,,4.24,1.17,14.39,74.7009,30.11,16.3,1985.05,1684.54,992.54,2416.65,2337.871,10548.83,42.855,1395,754,,72.16
2014-10-29,85.952,1069.42,1.2632,6.117,0.8797,2.462,575.22,1.1183,6.7079,10.9479,2.3174,1.5841,0.4811,0.408,-0.026,1.9086,1.529,1.89,2.25,,4.17,1.17,15.15,72.9907,28.93,16.75,1982.3,1686.35,1004.88,2451.38,2373.03,10724.15,42.995,1428,777,,57.53
2014-10-30,86.147,1070.28,1.2613,6.1176,0.8835,2.404,577.07,1.1184,6.7033,10.8688,2.3058,1.5718,0.4693,0.398,-0.053,1.9078,1.5346,1.9,2.244,,4.2,1.17,14.52,69.5575,30.45,18.08,1994.65,1689.22,1007.54,2468.93,2391.076,10628.88,42.84,1424,795,,37.38
2014-10-31,86.917,1080.84,1.2525,6.128,0.8798,2.4779,578.06,1.1266,6.751,11.0395,2.3353,1.6095,0.4914,0.408,-0.053,1.9283,1.5679,1.93,2.268,,4.15,1.18,14.03,68.691,30.52,21.54,2018.05,1708.09,1016.07,2508.32,2420.178,10755.8,43.71,1428,809,,103.08
2014-11-01,,,,,,,,,,,,,,,,,,,,,,,,,,,,,,,,,,,,97.52,28.94
2014-11-02,,,,,,,,,,,,,,,,,,,,,,,,,,,,,,,,,,,,44.94,61.77
2014-11-03,87.309,1088.07,1.2482,6.13,0.8681,2.4955,582.59,1.1359,6.8011,11.0736,2.3425,1.6277,0.5114,0.413,-0.04,1.9299,1.5728,1.9206,2.26,3.83,4.13,1.18,14.73,67.4482,31.84,21.1,2017.81,1699.09,1010.37,2512.55,2430.032,10660.24,43.02,1456,813,80.91,64.42
2014-11-04,86.984,1085.78,1.2546,6.1181,0.8738,2.4955,586.04,1.141,6.8583,11.0361,2.3335,1.6244,0.5116,0.417,-0.021,1.9171,1.5536,1.9075,2.25,,4.18,1.19,14.89,68.551,33.13,20.1,2012.1,1698.22,1007.11,2513.17,2430.677,10727.78,42.135,1484,820,79.88,58.5
2014-11-05,87.444,1091.26,1.2486,6.1217,0.8594,2.5079,589.46,1.1386,6.8274,11.1468,2.3424,1.6311,0.5217,0.414,-0.049,1.9293,1.5853,1.928,2.26,3.71,4.15,1.2,14.17,72.9226,31.39,23.38,2023.57,1706.51,998.44,2503.45,2419.254,10622,42.875,1464,825,103.52,72.12
2014-11-06,88.012,1097.86,1.2375,6.122,0.8559,2.5698,591.48,1.1423,6.8711,11.2591,2.3856,1.674,0.5497,0.443,-0.031,1.9431,1.6104,1.955,2.283,3.64,4.14,1.19,13.67,69.1453,30.34,23.18,2031.21,1707.53,991.32,2506.07,2425.864,10568.69,43.415,1436,833,41.02,56.66
2014-11-07,87.642,1091.46,1.2455,6.1359,0.8637,2.5645,587.85,1.1329,6.8192,11.2705,2.2976,1.5836,0.4985,0.36,-0.131,1.9385,1.6163,1.959,2.28,,4.21,1.2,13.12,66.6283,29.47,21.38,2031.92,1707.01,987.65,2502.15,2418.171,10539.33,43.895,1437,839,90.21,26.93
2014-11-08,,,,,,,,,,,,,,,,,,,,,,,,,,,,,,,,,,,,62.5,52.82
2014-11-09,,,,,,,,,,,,,,,,,,,,,,,,,,,,,,,,,,,,67.19,71.58
2014-11-10,87.81,1094.22,1.2421,6.1242,0.8622,2.5525,586.91,1.1381,6.8115,11.2739,2.3604,1.643,0.5349,0.423,-0.072,1.938,1.6193,1.962,2.287,,4.16,1.2,12.67,66.5461,30.72,22.23,2038.26,1714.6,997.66,2565.73,2473.673,10615.82,43.5,1418,839,,45.75
2014-11-11,87.531,1092.27,1.2475,6.1286,0.8686,2.5563,591.19,1.1336,6.796,11.2213,2.3604,1.643,0.5349,0.423,-0.072,1.938,1.6193,1.968,2.274,,,,12.92,66.5461,30.79,21.43,2039.68,1716.83,993.69,2558.61,2469.673,10652.06,43.63,1370,835,,36.64
2014-11-12,87.822,1094.19,1.2438,6.1325,0.8719,2.568,593.83,1.1319,6.8029,11.1923,2.3712,1.6514,0.5392,0.452,-0.051,1.9202,1.601,1.9507,2.26,,4.17,1.21,13.02,66.773,30.71,21.29,2038.25,1715.03,996.06,2594.32,2494.476,10729.76,43.245,1327,843,,49.99
2014-11-13,87.674,1094.9,1.2477,6.1296,0.8723,2.5887,594.02,1.1367,6.7925,11.2099,2.3399,1.6201,0.5153,0.445,-0.024,1.8944,1.5421,1.884,2.221,3.62,4.21,1.21,13.79,67.0009,33.12,20.98,2039.33,1716.24,992.72,2579.75,2485.606,10800.91,42.67,1264,865,,40.12
2014-11-14,87.525,1092.66,1.2525,6.1303,0.875,2.6015,594.9,1.1287,6.7546,11.0835,2.3204,1.6054,0.5119,0.419,-0.055,1.9012,1.5567,1.9,2.23,3.64,4.29,1.22,13.31,66.9532,32.99,23.36,2039.82,1717.2,990.81,2581.09,2478.824,10761.51,43.105,1256,871,,29.81
2014-11-15,,,,,,,,,,,,,,,,,,,,,,,,,,,,,,,,,,,,,57
2014-11-16,,,,,,,,,,,,,,,,,,,,,,,,,,,,,,,,,,,,,76.38
2014-11-17,87.926,1096.71,1.245,6.126,0.8708,2.6088,595.37,1.1308,6.7843,11.1337,2.3399,1.6253,0.508,0.47,-0.011,1.87,1.5325,1.8725,2.1925,,4.32,1.23,13.99,66.886,34.39,23.37,2041.32,1714.97,985.88,2567.1,2474.009,10554.3,42.88,1264,909,,151.19
2014-11-18,87.575,1094.42,1.2536,6.118,0.872,2.5827,598.2,1.1296,6.7321,11.0323,2.3151,1.6055,0.5042,0.455,-0.025,1.8613,1.5276,1.85,2.165,3.7,4.38,1.25,13.86,69.2307,33.17,23.97,2051.8,1728.23,988.66,2541.42,2456.366,10426.11,42.915,1296,937,,56.8
2014-11-19,87.647,1098,1.2554,6.1252,0.8618,2.5708,600.9,1.1341,6.7865,11.0572,2.3594,1.6436,0.5205,0.517,0.041,1.8418,1.4958,1.83,2.144,,4.41,1.26,13.96,70.0154,33.14,24.26,2048.72,1724.73,989.91,2537.22,2450.986,10380.56,43.14,1306,964,,48.87
2014-11-20,87.591,1097.38,1.2539,6.126,0.862,2.572,599.09,1.1305,6.7661,10.9633,2.3373,1.6288,0.5086,0.476,0.003,1.8607,1.5139,1.8375,2.158,3.67,4.46,1.26,13.58,69.1619,33.64,21.5,2052.75,1725.47,990.1,2537.1,2452.66,10379.43,43.68,1332,973,,51.4
2014-11-21,88.31,1100.05,1.2391,6.1341,0.867,2.5159,594.53,1.1233,6.8072,10.9458,2.3099,1.6074,0.501,0.436,-0.034,1.873,1.5293,1.8587,2.1725,3.71,4.41,1.24,12.9,66.9589,34.92,21.23,2063.5,1737.24,1004.35,2583.46,2486.791,10447.18,44.25,1324,975,,58.61
2014-11-22,,,,,,,,,,,,,,,,,,,,,,,,,,,,,,,,,,,,,102.93
2014-11-23,,,,,,,,,,,,,,,,,,,,,,,,,,,,,,,,,,,,,76.47
2014-11-24,88.151,1100.97,1.2442,6.1591,0.8618,2.5464,595.63,1.1279,6.7799,11.02,2.3064,1.6008,0.493,0.425,-0.041,1.8802,1.5255,1.8575,2.19,3.63,4.4,1.23,12.62,64.3887,36.28,20.64,2069.41,1740.09,1011.23,2649.26,2532.879,10842.83,43.91,1317,960,,78.87
2014-11-25,87.92,1099.34,1.2474,6.1464,0.853,2.5302,598.87,1.1258,6.8043,10.9658,2.257,1.5677,0.5197,0.401,-0.034,1.8547,1.4856,1.821,2.1625,3.49,4.41,1.23,12.25,64.6474,37.49,20.67,2067.03,1742.82,1009.1,2685.56,2567.597,10782.91,43.195,1313,947,,60.87
2014-11-26,87.607,1096.91,1.2506,6.1492,0.8548,2.5012,599.08,1.1247,6.8294,10.9553,2.2447,1.5587,0.5157,0.403,-0.038,1.8412,1.4746,1.81,2.148,3.56,4.42,1.23,12.07,64.6577,36.02,21.24,2072.83,1748,1011.97,2723.02,2604.345,11051.35,42.65,1239,939,,27.16
2014-11-27,87.607,1100.13,1.2467,6.1471,0.8545,2.5312,601.04,1.1331,6.9268,10.9773,2.2447,1.5587,0.5157,0.403,-0.038,1.8412,1.4746,1.815,2.149,3.54,,,,64.6577,,,,1744.71,1012.62,2754.49,2630.486,11013.87,,1187,893,,92.67
2014-11-28,88.356,1106.9,1.2452,6.1604,0.8506,2.5651,608.25,1.1416,7.0304,11.0629,2.164,1.4805,0.4685,0.362,-0.038,1.8,1.398,1.7513,2.1,3.55,4.49,1.24,13.33,66.5733,36.44,25.17,2067.56,1739.5,1004.72,2808.82,2682.835,11145.39,39.91,1153,866,,38.11
2014-11-29,,,,,,,,,,,,,,,,,,,,,,,,,,,,,,,,,,,,,30.36
2014-11-30,,,,,,,,,,,,,,,,,,,,,,,,,,,,,,,,,,,,,41.6
2014-12-01,87.946,1103.71,1.247,6.1581,0.8491,2.5603,613.74,1.1329,6.9381,10.9918,2.235,1.5359,0.4961,0.425,-0.003,1.8068,1.4197,1.769,2.117,3.55,4.64,1.26,14.29,67.2825,37.49,22.33,2053.44,1729.89,985.08,2819.81,2680.155,10818.2,40.05,1137,,57.56,37.22
2014-12-02,88.647,1111.22,1.2383,6.1565,0.8445,2.5693,614,1.1407,7.0298,11.1236,2.2923,1.5948,0.5355,0.502,0.088,1.7871,1.3842,1.726,2.09,3.56,4.64,1.26,12.85,67.8806,38.57,21.29,2066.55,1735.99,984.49,2923.94,2763.545,11125.79,40.485,1119,833,108.91,68.69
2014-12-03,88.956,1114.06,1.2311,6.1474,0.8405,2.5534,610.3,1.1365,7.0367,11.2215,2.2799,1.603,0.5554,0.482,0.086,1.7947,1.3906,1.725,2.089,3.59,4.63,1.26,12.47,65.7616,36.16,20.62,2074.33,1739.73,985.89,2967.55,2779.525,11060.21,40.98,1079,826,88.44,76.65
2014-12-04,88.704,1112.51,1.2379,6.152,0.8383,2.5912,608.52,1.1384,7.0559,11.1983,2.2341,1.5719,0.5396,0.453,0.068,1.775,1.3782,1.7175,2.084,3.66,4.65,1.26,12.38,64.6181,35.39,20.29,2071.92,1736.63,986.91,3104.35,2899.456,11481.03,40.625,1019,818,89.81,49.34
2014-12-05,89.334,1122.34,1.2283,6.1597,0.8316,2.5876,611.88,1.1435,7.1567,11.3519,2.3065,1.684,0.6433,0.541,0.211,1.7603,1.3587,1.685,2.06,3.68,4.59,1.26,11.82,64.8222,34.2,20.02,2075.37,1738.52,985.68,3124.89,2937.647,11600.48,40.14,982,815,62.5,63.16
2014-12-06,,,,,,,,,,,,,,,,,,,,,,,,,,,,,,,,,,,,61.64,76.9
2014-12-07,,,,,,,,,,,,,,,,,,,,,,,,,,,,,,,,,,,,44,61.53
2014-12-08,89.041,1120.47,1.2317,6.1731,0.8294,2.6005,610.5,1.148,7.1614,11.5409,2.257,1.6626,0.6275,0.532,0.242,1.7187,1.3049,1.6297,2.017,,4.68,1.26,14.21,62.7838,39.68,19.62,2060.31,1726.47,976.84,3252.88,3020.259,11873.41,38.515,952,818,109.47,53.77
2014-12-09,88.69,1115.72,1.2374,6.1892,0.8293,2.5955,613.8,1.1446,7.1263,11.4543,2.2129,1.6198,0.6117,0.464,0.181,1.7427,1.3267,1.65,2.038,3.84,4.87,1.28,14.89,66.5736,37.56,20.04,2059.82,1721.97,965.41,3106.91,2856.269,11332.92,38.935,933,824,72.48,58.26
2014-12-10,88.271,1111.56,1.2448,6.1798,0.8318,2.6166,615.8,1.1482,7.1605,11.5374,2.1638,1.559,0.5679,0.449,0.173,1.7084,1.2768,1.6,2.0075,3.77,5.02,1.29,18.53,68.1945,42.21,19.27,2026.14,1698.43,958.67,3221.55,2940.006,11372.45,37.735,911,835,,39.55
2014-12-11,88.663,1118.19,1.2411,6.1964,0.8272,2.65,615.88,1.1521,7.2908,11.6319,2.162,1.5952,0.6,0.456,0.251,1.6992,1.2392,1.574,2.008,,5.06,1.3,20.08,79.0437,44.95,19.11,2035.33,1699.05,946.04,3183.01,2925.743,11255.43,37.71,887,842,,36.88
2014-12-12,88.363,1115.76,1.2462,6.1954,0.8247,2.655,618.78,1.1581,7.3511,11.5916,2.0817,1.5114,0.5401,0.448,0.266,1.6253,1.1431,1.475,1.932,,5.28,1.32,21.08,55.4181,49.77,19.66,2002.33,1675.04,938.41,3193.23,2938.173,11236.39,37.01,863,857,,42.58
2014-12-13,,,,,,,,,,,,,,,,,,,,,,,,,,,,,,,,,,,,,63.41
2014-12-14,,,,,,,,,,,,,,,,,,,,,,,,,,,,,,,,,,,,,90.77
2014-12-15,88.46,1116.65,1.2437,6.1993,0.8211,2.6957,619.08,1.1672,7.4841,11.7593,2.1182,1.5707,0.5764,0.486,0.342,1.621,1.1288,1.445,1.911,3.8,5.35,1.33,20.42,77.6421,57.55,20.95,1989.63,1654.56,924.06,3217.23,2953.421,11212.65,36.68,845,871,,32.39
2014-12-16,88.125,1110.76,1.2511,6.1927,0.8218,2.7386,620.29,1.1627,7.4255,11.6593,2.0591,1.5164,0.5523,0.405,0.269,1.6465,1.1519,1.475,1.935,,5.52,1.37,23.57,80.7182,55.77,22.08,1972.74,1655.52,909.98,3303.4,3021.518,11136.9,37.005,838,886,,56.01
2014-12-17,89.133,1121.16,1.2342,6.2018,0.8123,2.7151,617.32,1.163,7.409,11.6238,2.1356,1.612,0.617,0.481,0.363,1.6488,1.1599,1.502,1.943,,5.27,1.36,19.44,72.4209,56.75,20.9,2012.89,1672.48,918.15,3360.6,3061.02,11269.43,38.54,827,888,,99.63
2014-12-18,89.235,1121.52,1.2286,6.2209,0.8165,2.6625,614.68,1.1576,7.3892,11.5794,2.2075,1.6618,0.6313,0.553,0.403,1.6496,1.1685,1.492,1.9375,3.76,4.95,1.32,16.81,71.1703,57.45,19.28,2061.23,1706.33,935.12,3345.93,3057.521,11330.73,39.28,814,881,,105.88
2014-12-19,89.598,1125.58,1.2229,6.2238,0.813,2.6603,611.3,1.16,7.3641,11.5827,2.1618,1.6471,0.638,0.469,0.356,1.6881,1.198,1.515,1.965,3.78,4.9,1.31,16.49,70.7046,54.84,18.68,2070.65,1717,944.6,3383.17,3108.596,11400.19,40.285,803,877,,42.7
2014-12-20,,,,,,,,,,,,,,,,,,,,,,,,,,,,,,,,,,,,,93.69
2014-12-21,,,,,,,,,,,,,,,,,,,,,,,,,,,,,,,,,,,,,126.19
2014-12-22,89.77,1127.79,1.223,6.2193,0.8135,2.6653,609.68,1.1628,7.4242,11.5728,2.1583,1.6571,0.6586,0.451,0.343,1.7045,1.2237,1.545,1.985,,4.85,1.3,15.25,70.0776,54.82,20.26,2078.54,1723.26,957.57,3394.48,3127.445,11744.02,39.875,794,872,,81.46
2014-12-23,90.064,1133.13,1.2172,6.2313,0.8105,2.6951,609.06,1.1617,7.4376,11.6495,2.2614,1.7355,0.7393,0.549,0.417,1.7079,1.2263,1.548,1.988,3.73,4.76,1.29,14.8,68.762,53.97,19.76,2082.17,1724.1,951.95,3324.92,3032.612,11677.74,40.36,788,862,,41.44
2014-12-24,89.967,1130.1,1.2196,6.2253,0.811,2.6883,609.33,1.1624,7.4534,11.64,2.2632,1.7611,0.7393,0.574,0.451,1.6862,1.2002,1.516,1.9533,3.69,4.75,1.29,14.37,68.8635,54.88,19.37,2081.88,1726.23,951.19,3230.39,2972.532,11558.02,40.065,782,862,,26.5
2014-12-25,89.835,1129.07,1.2225,6.207,0.8119,,609.3,1.1625,7.4348,11.6085,2.2632,1.7611,0.7393,0.574,0.451,1.6862,1.2002,1.522,1.956,,,,,68.8635,,,,1725.79,950.61,3335.42,3072.536,,,,,,48.33
2014-12-26,90.03,1130.61,1.2183,6.2179,0.8121,2.6691,607.95,1.1627,7.4669,11.5973,2.2499,1.7611,0.7393,0.564,0.466,1.6799,1.1866,1.506,1.9463,3.65,4.75,1.29,14.5,55.4181,54.68,18.92,2088.77,1729.42,952.53,3445.84,3157.603,,40.055,,,,58.01
2014-12-27,,,,,,,,,,,,,,,,,,,,,,,,,,,,,,,,,,,,,26.63
2014-12-28,,,,,,,,,,,,,,,,,,,,,,,,,,,,,,,,,,,,,109.92
2014-12-29,90.19,1132.85,1.2152,6.2336,0.8132,2.7048,607.06,1.1637,7.4613,11.6226,2.2021,1.7068,0.7078,0.548,0.441,1.6493,1.1534,1.476,1.91,3.65,4.78,1.3,15.06,69.1659,53.63,20.15,2090.57,1731.71,958.7,3455.46,3168.016,12019.75,40.2,,,,108.66
2014-12-30,89.991,1128.69,1.2156,6.2167,0.8183,2.6582,606.09,1.1611,7.4297,11.5653,2.1871,1.679,0.6841,0.542,0.406,1.6378,1.1631,1.479,1.897,,4.8,1.3,15.92,68.9979,51.17,19.48,2080.35,1721.01,954.58,3457.55,3165.814,11844.1,39.88,,,,50.14
2014-12-31,90.269,1131.06,1.2098,6.2165,0.8175,,606.45,1.1621,7.452,11.5706,2.1712,1.6528,0.6645,0.473,0.332,1.6801,1.2068,1.5,1.94,,4.83,1.31,19.2,68.9385,50.24,20.08,2058.9,1709.67,956.31,3533.71,3234.678,11984.69,39.58,,,,127.2
2015-01-01,90.276,1130.83,1.2104,6.219,0.8183,,606.6,1.1611,7.452,11.548,2.1712,1.6528,0.6645,0.473,0.332,1.6929,1.2068,,1.94,,,,,68.9385,,,,1709.68,956.28,,,,,,,74.58,137.22
2015-01-02,91.08,1141.02,1.2002,6.2285,0.8089,2.6941,613.41,1.1785,7.591,11.6832,2.1105,1.607,0.6647,0.396,0.257,1.7087,1.2418,1.55,1.9675,,4.88,1.31,17.79,70.0036,54.25,20.23,2058.2,1704.71,953.72,,,12245.35,39.765,771,885,106.86,93.14
2015-01-03,,,,,,,,,,,,,,,,,,,,,,,,,,,,,,,,,,,,53.43,79.59
2015-01-04,,,,,,,,,,,,,,,,,,,,,,,,,,,,,,,,,,,,16.48,163.12
2015-01-05,91.378,1143.4,1.1933,6.2279,0.8083,2.7057,617,1.1763,7.6381,11.7077,2.032,1.5645,0.6568,0.388,0.303,1.6412,1.159,1.472,1.898,3.65,5.01,1.33,19.92,71.5391,57.67,21.26,2020.58,1671.25,940.69,3641.54,3350.519,12206.71,38.12,761,884,100.72,90.66
2015-01-06,91.499,1143.01,1.189,6.2122,0.8084,2.7006,616.63,1.1836,7.7467,11.7135,1.9402,1.478,0.625,0.38,0.312,1.554,1.0674,1.387,1.8125,3.64,5.16,1.34,21.12,84.8721,56.45,20.78,2002.61,1654.38,934.73,3641.06,3351.446,11990.79,37.56,758,884,66.82,85.46
2015-01-07,91.89,1145.62,1.1839,6.2158,0.8079,2.6827,615.2,1.1815,7.7047,11.6808,1.9677,1.4779,0.6091,0.38,0.249,1.5832,1.1263,1.44,1.833,3.65,5.11,1.34,19.31,85.1959,53.25,20.35,2025.9,1662.22,941.18,3643.79,3373.954,11991.02,37.64,744,884,78.76,57.14
2015-01-08,92.368,1147.54,1.1793,6.2183,0.8123,2.6623,612.76,1.1831,7.6265,11.5875,2.0179,1.4909,0.6051,0.39,0.2,1.6205,1.1834,1.4748,1.85,,4.98,1.33,17.01,85.1526,50.96,19.2,2062.14,1694.17,958.83,3559.26,3293.456,12023.75,38.485,724,895,168.64,59.56
2015-01-09,91.935,1141.14,1.1842,6.2054,0.8204,2.6332,614.75,1.1867,7.6541,11.4947,1.9449,1.419,0.561,0.326,0.131,1.6125,1.1784,1.4562,1.845,,5.01,1.33,17.55,80.6171,50.07,18.44,2044.81,1683.8,961.37,3546.72,3285.412,12081.24,38.18,709,905,64.71,44.45
2015-01-10,,,,,,,,,,,,,,,,,,,,,,,,,,,,,,,,,,,,138.75,90.61
2015-01-11,,,,,,,,,,,,,,,,,,,,,,,,,,,,,,,,,,,,96.12,110.37
2015-01-12,91.983,1142.87,1.1834,6.1973,0.8157,2.6738,615.4,1.1974,7.745,11.5261,1.907,1.3799,0.5449,0.335,0.153,1.5641,1.1142,1.401,1.7925,3.65,5.07,1.34,19.6,81.8873,53.13,17.65,2028.26,1676.71,955.53,3513.58,3229.316,12016.66,37.08,723,914,148.08,99.54
2015-01-13,92.31,1143.41,1.1773,6.1964,0.8166,2.6424,618.92,1.1959,7.758,11.53,1.9,1.3684,0.5388,0.359,0.154,1.5332,1.1047,1.3738,1.76,,5.01,1.35,20.56,82.9977,53.78,17.63,2023.03,1678.19,959.89,3514.04,3235.301,12063.02,36.785,762,933,151.56,68.71
2015-01-14,92.161,1140.2,1.1789,6.1942,0.815,2.6171,626.15,1.1951,7.6217,11.4441,1.8553,1.3196,0.5006,0.278,0.06,1.5686,1.1455,1.405,1.789,,5.12,1.38,21.48,85.2821,53.17,18.52,2011.27,1665.38,955.73,3502.42,3222.437,12008.37,36.9,757,937,88.39,82.58
2015-01-15,92.352,1136.51,1.1633,6.2107,0.8217,2.6425,625.8,1.1961,7.5791,11.5637,1.7149,1.1613,0.4122,0.14,-0.127,1.5672,1.1767,1.42,1.795,3.56,5.17,1.38,22.39,85.2821,57.77,21.83,1992.67,1662.44,959.97,3604.12,3336.455,12190.52,36.43,749,942,132.79,88.27
2015-01-16,92.52,1139.27,1.1567,6.2359,0.8223,2.6222,628.1,1.1984,7.5532,11.55,1.8368,1.3026,0.4835,0.232,-0.017,1.5982,1.2096,1.458,1.8125,3.57,5.13,1.39,20.95,92.6188,56.44,22.66,2019.42,1675.15,957.46,3635.15,3376.495,12076.74,37.615,741,950,156.11,50.91
2015-01-17,,,,,,,,,,,,,,,,,,,,,,,,,,,,,,,,,,,,108.23,78.8
2015-01-18,,,,,,,,,,,,,,,,,,,,,,,,,,,,,,,,,,,,78.13,131.37
2015-01-19,92.52,1140.12,1.1606,6.2239,0.8211,2.6509,628.1,1.1941,7.6239,11.6371,1.8368,1.3026,0.4835,0.232,-0.017,1.5982,1.2134,1.46,1.82,3.52,,,,92.6188,,,,1681.9,952.51,3355.16,3116.35,11475.85,,739,948,120.26,72.54
2015-01-20,93.046,1145.7,1.155,6.2215,0.8172,2.6131,628.84,1.2113,7.6729,11.5897,1.788,1.2797,0.4914,0.184,-0.027,1.5966,1.1991,1.461,1.815,3.49,5.13,1.38,19.89,90.5511,57.99,23.43,2022.55,1685.27,957.28,3396.22,3173.052,11741.78,37.66,753,953,175.29,74.06
2015-01-21,92.904,1145.78,1.161,6.2167,0.8085,2.601,628.04,1.234,7.5884,11.5136,1.8717,1.3494,0.5074,0.249,0.009,1.6169,1.2273,1.4625,1.828,3.49,5.09,1.38,18.85,88.2525,55.09,22.34,2032.12,1694.34,976.07,3548.89,3323.611,12021.32,38.425,770,946,148.51,43.82
2015-01-22,94.077,1156.11,1.1366,6.2212,0.8026,2.5744,624.3,1.238,7.6559,11.4013,1.8631,1.3639,0.5174,0.214,0.005,1.6423,1.243,1.49,1.8575,3.48,5.01,1.36,16.4,85.15,56.4,21.25,2063.15,1710.47,983.53,3567.61,3343.343,12047.27,38.605,751,934,98.54,85.21
2015-01-23,94.762,1161.31,1.1204,6.2519,0.7912,2.5799,625.6,1.242,7.7657,11.4047,1.7968,1.308,0.4864,0.2,-0.074,1.5984,1.2685,1.52,1.84,,5.04,1.36,16.66,89.9391,57.62,20.62,2051.82,1707.74,990.89,3571.73,3351.764,12260.06,38.33,720,917,109.12,82.9
2015-01-24,,,,,,,,,,,,,,,,,,,,,,,,,,,,,,,,,,,,97.72,75.04
2015-01-25,,,,,,,,,,,,,,,,,,,,,,,,,,,,,,,,,,,,110.42,87.69
2015-01-26,94.802,1161.42,1.1238,6.2541,0.7925,2.5837,624.1,1.2474,7.804,11.4626,1.8241,1.3372,0.5107,0.214,-0.079,1.611,1.3029,1.55,1.85,,5,1.35,15.52,85.3266,56.65,20.04,2057.09,1712.55,988.71,3607.99,3383.182,12228.16,38.88,703,889,135.93,54.5
2015-01-27,94.022,1154.57,1.1381,6.2434,0.7937,2.5728,623.15,1.2399,7.7319,11.5846,1.8231,1.3354,0.5105,0.177,-0.143,1.6472,1.3653,1.616,1.893,3.45,5.02,1.35,17.22,86.1825,54.23,20.16,2029.55,1705.6,989.83,3574.93,3352.96,12030.38,38.855,688,878,95.16,55.58
2015-01-28,94.467,1160.28,1.1287,6.2588,0.7889,2.5765,623.91,1.2536,7.8315,11.579,1.7207,1.2391,0.4654,0.122,-0.187,1.5995,1.3102,1.565,1.838,,5.04,1.35,20.44,86.3769,55.18,19.31,2002.16,1689.2,984.65,3525.32,3305.738,11963.64,37.325,666,870,146.46,77.51
2015-01-29,94.782,1165.6,1.132,6.2618,0.7762,2.6039,627.6,1.2616,7.8293,11.5543,1.7512,1.2698,0.5158,0.12,-0.212,1.631,1.3629,1.607,1.865,3.5,5.02,1.36,18.76,86.6175,54.69,20.25,2021.25,1693.81,973.19,3481.8,3262.305,11736.09,37.45,632,868,105.28,32.14
2015-01-30,94.804,1167.89,1.1291,6.2835,0.7762,2.6836,634.76,1.2732,7.7291,11.6476,1.6407,1.1548,0.4488,-0.003,-0.348,1.6448,1.3815,1.6325,1.884,3.51,5.09,1.36,20.97,88.2724,58.62,19.65,1994.99,1677.54,961.61,3434.39,3210.363,11720.1,37.775,608,863,126.52,65.15
2015-01-31,,,,,,,,,,,,,,,,,,,,,,,,,,,,,,,,,,,,60.17,82.5
2015-02-01,,,,,,,,,,,,,,,,,,,,,,,,,,,,,,,,,,,,114.23,66.55
2015-02-02,94.504,1165.31,1.1341,6.2694,0.7803,2.7272,630.4,1.2564,7.6495,11.4989,1.6642,1.1789,0.4586,0.02,-0.358,1.6446,1.4176,1.665,1.885,3.52,5.1,1.37,19.43,88.1382,57.84,20.33,2020.85,1694.35,963.8,3353.96,3128.3,11578.3,38.93,590,894,101.15,79.45
2015-02-03,93.6,1155.26,1.1481,6.2577,0.7793,2.6951,627.89,1.2415,7.517,11.3805,1.7915,1.2889,0.5079,0.091,-0.344,1.7018,1.5115,1.765,1.957,3.49,4.94,1.35,17.33,92.7382,59.68,20.3,2050.03,1715.22,976.5,3437.45,3204.907,11768.58,39.995,577,904,141.25,65.6
2015-02-04,93.986,1161.07,1.1345,6.2561,0.7753,2.7416,626.78,1.2574,7.6022,11.4766,1.7513,1.2484,0.4842,0.053,-0.338,1.6987,1.4666,1.723,1.9625,,4.9,1.34,18.33,92.2723,62.73,20.36,2041.51,1715.13,980.82,3401.77,3174.126,11767.49,39.335,569,910,90.7,67.26
2015-02-05,93.569,1154.99,1.1477,6.2426,0.7798,2.7454,624.1,1.2434,7.5143,11.2708,1.8204,1.3036,0.5198,0.134,-0.29,1.6876,1.4687,1.73,1.948,3.46,4.84,1.33,16.85,92.9519,63.14,20.06,2062.52,1727.49,982.21,3366.95,3136.531,11789.19,39.9,564,922,89.43,115.17
2015-02-06,94.698,1166.02,1.1316,6.2484,0.7796,2.7817,626.9,1.2527,7.6307,11.5039,1.9567,1.4788,0.6435,0.239,-0.119,1.7175,1.4804,1.7333,1.969,3.46,4.64,1.31,17.29,93.6954,60.83,20.59,2055.47,1720.55,978.57,3312.42,3075.907,11697.32,39.91,559,920,166.44,59.12
2015-02-07,,,,,,,,,,,,,,,,,,,,,,,,,,,,,,,,,,,,116.95,48.01
2015-02-08,,,,,,,,,,,,,,,,,,,,,,,,,,,,,,,,,,,,107.09,75.83
2015-02-09,94.449,1164.3,1.1325,6.2539,0.7802,2.7706,623.83,1.2467,7.6164,11.5839,1.9775,1.5069,0.6517,0.27,-0.085,1.7088,1.4784,1.7225,1.959,,4.65,1.3,18.55,95.0776,56,20.3,2046.74,1714.23,972.83,3345.92,3095.124,11647.42,39.95,554,900,128.99,87.49
2015-02-10,94.758,1169.35,1.1321,6.2566,0.7771,2.8323,625.46,1.2587,7.5807,11.6818,1.9967,1.512,0.6499,0.295,-0.048,1.7028,1.4459,1.6879,1.948,3.43,4.6,1.29,17.23,95.3468,59.29,19.71,2068.59,1725.83,966.83,3406.94,3141.593,11695.26,39.93,556,886,134.23,83.73
2015-02-11,94.985,1174.87,1.1336,6.2468,0.7718,2.8681,630.43,1.2632,7.6472,11.8244,2.0176,1.5419,0.6642,0.329,-0.01,1.6884,1.4343,1.675,1.931,,4.6,1.29,16.96,94.2125,60.23,20.07,2068.53,1721.58,961.21,3434.12,3157.704,11651.01,39.65,553,870,110.85,50.54
2015-02-12,94.094,1163.11,1.1403,6.2407,0.7735,2.8234,622.71,1.2509,7.6389,11.7143,1.9844,1.4908,0.6242,0.322,-0.053,1.6624,1.4248,1.663,1.915,,4.59,1.28,15.34,91.648,58.69,19.31,2088.48,1741.22,971.19,3442.87,3173.416,11783.61,40.17,540,867,76.61,26.96
2015-02-13,94.201,1162.65,1.1394,6.2419,0.7762,2.8342,618.59,1.2448,7.5896,11.666,2.0504,1.5377,0.6411,0.358,-0.051,1.6952,1.461,1.695,1.9375,3.38,4.57,1.28,14.69,91.3656,55.53,18.49,2096.99,1752.18,986.65,3469.83,3203.827,11922.56,41.02,530,863,139.64,54.65
2015-02-14,,,,,,,,,,,,,,,,,,,,,,,,,,,,,,,,,,,,60.35,56.6
2015-02-15,,,,,,,,,,,,,,,,,,,,,,,,,,,,,,,,,,,,70.78,67.8
2015-02-16,94.201,1164.45,1.1355,6.2657,0.7773,,621.52,1.2466,7.5695,11.6481,2.0504,1.5377,0.6411,0.358,-0.051,1.6928,1.4619,1.687,1.928,3.36,,,,91.3656,,,,1752.91,984.09,3499.48,3222.363,11934.57,,522,853,102.52,37.41
2015-02-17,94.061,1162.7,1.1411,6.2761,0.7819,,620.31,1.2389,7.5187,11.6749,2.1379,1.6059,0.6615,0.418,-0.001,1.7211,1.4813,1.71,1.965,,4.44,1.27,15.8,91.8172,56.33,19.61,2100.34,1754.8,983.12,3522.32,3246.906,11998.51,41.145,516,841,123.75,50.67
2015-02-18,94.198,1162.01,1.1397,6.2739,0.7811,2.8393,621.79,1.2455,7.5275,11.6003,2.08,1.5181,0.597,0.361,-0.077,1.7196,1.4651,1.695,1.9625,,4.5,1.25,15.45,91.3833,55.97,19.54,2099.68,1759.04,985.01,,,12066.1,40.655,509,845,154.67,37.15
2015-02-19,94.404,1167.35,1.1368,6.2776,0.7792,2.8668,617.75,1.2495,7.5866,11.6765,2.1142,1.5764,0.6174,0.361,-0.04,1.7529,1.4861,1.71,1.994,,4.46,1.24,15.29,98.4692,55.75,18.62,2097.45,1760.8,985.07,,,,40.465,511,841,143.86,102.56
2015-02-20,94.253,1166.69,1.1381,6.2787,0.7842,2.8689,616.01,1.2531,7.5271,11.6426,2.1117,1.5852,0.6321,0.355,-0.038,1.7572,1.4881,1.71,2,,4.41,1.23,14.3,98.3365,54,19.26,2110.3,1768.09,984.42,,,,40.27,513,840,136.85,35.63
2015-02-21,,,,,,,,,,,,,,,,,,,,,,,,,,,,,,,,,,,,72.01,50.96
2015-02-22,,,,,,,,,,,,,,,,,,,,,,,,,,,,,,,,,,,,83.69,62.23
2015-02-23,94.569,1168.74,1.1335,6.2731,0.7802,2.8787,622.82,1.2571,7.6165,11.635,2.0574,1.5404,0.6017,0.324,-0.05,1.734,1.457,1.67,1.973,,4.44,1.23,14.56,97.7386,58.67,19.4,2109.66,1770.35,983.47,,,12041.49,40.105,512,838,168.18,76.09
2015-02-24,94.493,1165.51,1.134,6.2632,0.7831,2.8286,620.52,1.2486,7.588,11.4783,1.98,1.4559,0.5529,0.252,-0.122,1.7281,1.4439,1.648,1.96,,4.47,1.23,13.69,94.127,56.27,18.77,2115.48,1774.92,987.89,,,12046.2,40.215,516,838,149.09,128.86
2015-02-25,94.213,1163.13,1.1361,6.2715,0.7887,2.8691,618.79,1.2436,7.545,11.4512,1.9688,1.4527,0.6026,0.234,-0.159,1.7352,1.4822,1.68,1.975,3.36,4.43,1.23,13.84,91.4751,54.93,17.4,2113.86,1776.86,992.8,3478.73,3228.843,12064.8,40.435,524,838,114.38,74.82
2015-02-26,95.292,1173.75,1.1198,6.2791,0.78,2.9064,617.89,1.2515,7.6587,11.5355,2.0295,1.5365,0.6461,0.224,-0.173,1.8068,1.5683,1.761,2.033,3.37,4.33,1.22,13.91,90.5308,56.46,16.65,2110.74,1773.99,993.82,3566.3,3298.358,12227.75,39.685,533,837,95.06,74.61
2015-02-27,95.293,1172.37,1.1196,6.2872,0.7808,2.8389,617.65,1.2515,7.6655,11.6585,1.993,1.4988,0.6184,0.16,-0.28,1.8336,1.6414,1.82,2.06,3.37,4.31,1.23,13.34,91.3865,55.85,15.91,2104.5,1772.86,990.28,3572.84,3310.303,12185.85,39.51,540,841,105.94,116.63
2015-02-28,,,,,,,,,,,,,,,,,,,,,,,,,,,,,,,,,,,,51.56,70.02
2015-03-01,,,,,,,,,,,,,,,,,,,,,,,,,,,,,,,,,,,,111.41,90.02
2015-03-02,95.462,1176.47,1.1184,6.2903,0.7766,2.895,617.2,1.2535,7.6934,11.7729,2.082,1.5743,0.6621,0.25,-0.184,1.8325,1.6204,1.8,2.045,3.4,4.25,1.23,13.04,90.1989,54.92,16.38,2117.39,1776.65,988.26,3601.27,3336.285,12213.75,39.235,548,835,105.47,91.47
2015-03-03,95.383,1174.94,1.1176,6.2851,0.7817,2.9314,617.35,1.2496,7.712,11.7572,2.1189,1.6056,0.6782,0.246,-0.203,1.8738,1.6702,1.823,2.068,3.41,4.26,1.23,13.86,91.7506,53.05,16.76,2107.78,1768.57,986.2,3507.9,3263.053,11945.25,39.38,553,835,149.37,37.66
2015-03-04,95.965,1179.25,1.1078,6.2878,0.7817,2.9783,619.6,1.2427,7.7772,11.8112,2.1172,1.5876,0.6546,0.239,-0.224,1.8793,1.6677,1.831,2.071,3.44,4.31,1.23,14.23,90.6563,48.92,16.66,2098.53,1760.91,976.27,3530.82,3279.533,11738.67,39.325,559,844,218.32,89.94
2015-03-05,96.378,1185.15,1.103,6.2747,0.7782,3.0032,620.9,1.2486,7.7231,11.8424,2.1154,1.5729,0.6389,0.266,-0.194,1.8495,1.6175,1.805,2.078,,4.33,1.23,14.04,89.3228,47.09,16.9,2101.04,1763.74,974.57,3496.34,3248.476,11597.77,39.09,561,851,77.49,69.01
2015-03-06,97.615,1198.93,1.0844,6.2849,0.7716,3.0642,627.6,1.2624,7.9073,12.0438,2.2414,1.6939,0.7234,0.41,-0.083,1.8328,1.626,1.806,2.059,,4.29,1.22,15.2,86.586,48.96,18.43,2071.26,1741.99,971.23,3478.52,3241.188,11606.93,38.39,565,848,86.04,47.16
2015-03-07,,,,,,,,,,,,,,,,,,,,,,,,,,,,,,,,,,,,59.1,72.56
2015-03-08,,,,,,,,,,,,,,,,,,,,,,,,,,,,,,,,,,,,86.04,70.57
2015-03-09,97.588,1199.58,1.0852,6.273,0.7702,3.1224,627.9,1.2604,7.9309,12.0897,2.1907,1.6493,0.6917,0.429,-0.065,1.7632,1.5593,1.728,1.97,3.51,4.38,1.22,15.06,84.02,48.99,17.58,2079.43,1741.84,959.22,3537.75,3302.408,11675.92,38.115,568,837,79.82,63.31
2015-03-10,98.618,1209.12,1.0698,6.2836,0.7626,3.1014,635.28,1.2689,8.0874,12.3663,2.1297,1.6081,0.6799,0.393,-0.05,1.7386,1.5092,1.684,1.945,3.52,4.52,1.24,16.69,84.3891,50.92,18.97,2044.16,1712.55,943.73,3520.61,3286.068,11507.63,37.585,568,827,89.77,85.17
2015-03-11,99.795,1217.45,1.0547,6.2782,0.7596,3.1258,638,1.275,8.2081,12.2791,2.1086,1.6049,0.6802,0.381,-0.051,1.7283,1.5101,1.681,1.925,,4.48,1.25,16.87,84.9643,49.17,20.01,2040.24,1710.79,943.03,3524.65,3290.9,11417.34,37.695,565,818,78.04,44.39
2015-03-12,99.435,1212.27,1.0635,6.2757,0.7708,3.1658,632.8,1.2686,8.1023,12.2984,2.1156,1.5968,0.6644,0.406,-0.033,1.7105,1.4804,1.656,1.92,,4.48,1.25,15.42,85.6033,49.59,19.07,2065.95,1728.62,948.52,3592.84,3349.323,11565.8,37.455,560,816,105.61,33.9
2015-03-13,100.33,1222.12,1.0496,6.2856,0.7637,3.2486,639.22,1.2783,8.2111,12.4792,2.114,1.5839,0.657,0.42,-0.003,1.6956,1.4382,1.617,1.905,3.45,4.55,1.26,16,86.102,54.56,18.9,2053.4,1719.82,939.56,3617.66,3372.911,11712.23,37.315,562,812,67.85,52.24
2015-03-14,,,,,,,,,,,,,,,,,,,,,,,,,,,,,,,,,,,,66.89,39.04
2015-03-15,,,,,,,,,,,,,,,,,,,,,,,,,,,,,,,,,,,,116.69,36.66
2015-03-16,99.604,1216.64,1.0568,6.2701,0.764,3.2457,640.05,1.2773,8.2689,12.3971,2.0717,1.5526,0.6491,0.417,0.002,1.6558,1.4051,1.583,1.8725,3.51,4.59,1.28,15.61,84.7555,56.93,19.14,2081.19,1740.09,940.57,3705.67,3449.305,11813.78,37.82,564,809,109.26,53.97
2015-03-17,99.585,1216.11,1.0597,6.2479,0.7617,3.2396,642.29,1.2788,8.3124,12.3542,2.0507,1.5527,0.6716,0.398,0.036,1.653,1.3794,1.55,1.859,3.55,4.66,1.3,15.66,86.3274,59.85,20.83,2074.28,1736.63,949.06,3757.12,3502.847,11837.78,37.675,568,796,97.29,37.53
2015-03-18,98.55,1194.89,1.0864,6.2235,0.7774,3.2106,642.53,1.2566,8.1672,12.0626,1.9199,1.3881,0.5525,0.197,-0.238,1.7242,1.4882,1.655,1.921,3.54,4.78,1.31,13.97,85.6903,53.65,18.65,2099.5,1754.1,956.73,3846.06,3577.302,11981.97,38.77,571,783,117.37,78.2
2015-03-19,99.26,1210.94,1.066,6.2164,0.7649,3.292,640.08,1.2717,8.0889,12.3112,1.9685,1.467,0.6092,0.176,-0.187,1.7932,1.5195,1.6854,1.99,,4.67,1.3,14.07,87.7788,53.82,17.25,2089.27,1751.31,964.97,3839.74,3582.271,12122.2,38.155,584,772,55.87,52.74
2015-03-20,97.909,1195.01,1.0821,6.2035,0.7775,3.2308,633,1.2552,8.0193,12.0189,1.9303,1.4144,0.5812,0.165,-0.249,1.7662,1.519,1.6809,1.949,3.55,4.7,1.3,13.02,86.5223,50.84,17.21,2108.1,1774.57,969.53,3892.57,3617.318,12156.4,38.455,591,769,94.76,56.33
2015-03-21,,,,,,,,,,,,,,,,,,,,,,,,,,,,,,,,,,,,74.56,39.84
2015-03-22,,,,,,,,,,,,,,,,,,,,,,,,,,,,,,,,,,,,78.87,67.02
2015-03-23,97.033,1184.28,1.0946,6.2047,0.788,3.1324,624.34,1.2523,7.875,11.9031,1.912,1.3897,0.5691,0.163,-0.252,1.7487,1.4986,1.66,1.925,3.53,4.71,1.3,13.41,84.9206,49.32,17.26,2104.42,1778,975.38,3972.06,3687.728,12177.82,38.32,594,786,98.3,108.15
2015-03-24,97.193,1186.08,1.0924,6.2104,0.7877,3.1396,622.11,1.2493,7.8572,11.7998,1.8731,1.3602,0.557,0.102,-0.341,1.7721,1.5604,1.706,1.95,,4.7,1.3,13.62,83.6859,47.94,16.84,2091.5,1772.41,978.25,3973.05,3691.41,12005.02,38.065,597,803,100.38,34.47
2015-03-25,96.979,1185.46,1.097,6.2114,0.7845,3.2012,619.89,1.252,7.8393,11.8523,1.925,1.4145,0.6023,0.123,-0.353,1.8029,1.6224,1.76,1.9725,3.53,4.65,1.3,15.44,84.183,47.03,16.38,2061.05,1756.48,976.15,3940.41,3660.727,11968.91,38.56,598,813,105.38,52.7
2015-03-26,97.436,1189.08,1.0884,6.216,0.7828,3.1825,621.88,1.2483,7.9119,11.9977,1.9894,1.4579,0.6102,0.182,-0.337,1.8087,1.6376,1.7825,1.99,,4.63,1.3,15.8,86.2012,49.58,16.02,2056.15,1744.9,962.46,3950,3682.095,11919.69,38.515,598,811,103.41,46.77
2015-03-27,97.291,1190.89,1.0889,6.2118,0.7752,3.2499,623.06,1.2609,7.9743,12.0438,1.9615,1.4351,0.5944,0.186,-0.308,1.7767,1.586,1.746,1.971,,4.67,1.3,15.07,86.2012,52.84,15.83,2061.02,1744.82,958.11,3971.7,3691.096,11898.09,38.2,596,801,199.25,61.09
2015-03-28,,,,,,,,,,,,,,,,,,,,,,,,,,,,,,,,,,,,91.81,68.89
2015-03-29,,,,,,,,,,,,,,,,,,,,,,,,,,,,,,,,,,,,129.14,87.06
2015-03-30,97.975,1199.49,1.0833,6.2084,0.7654,3.2293,626.97,1.2675,8.016,12.1512,1.9475,1.4026,0.5787,0.203,-0.311,1.7463,1.5518,1.73,1.96,3.6,4.64,1.3,14.51,86.4421,51.98,16.64,2086.24,1757.31,968.91,4088.18,3786.568,12306.56,39.02,599,792,123.24,74.41
2015-03-31,98.357,1200.68,1.0731,6.2059,0.7607,3.1974,625.29,1.2686,8.0608,12.1321,1.9231,1.3701,0.5551,0.147,-0.37,1.7773,1.5776,1.75,1.9975,3.63,4.66,1.29,15.29,86.1017,53.72,16.34,2067.89,1740.81,974.57,4051.2,3747.899,12346.09,38.79,602,809,131.06,88.25
2015-04-01,98.185,1198.19,1.0763,6.2046,0.76,3.1657,617.73,1.2621,8.0327,11.9878,1.8573,1.3182,0.5355,0.052,-0.473,1.8058,1.6342,1.804,2.01,,4.69,1.3,15.11,85.6212,50.9,16.04,2059.69,1738.15,982.93,4123.9,3810.294,12537.28,38.78,596,804,138.93,85.27
2015-04-02,97.436,1191.23,1.088,6.2,0.7592,3.1223,615.6,1.2559,7.9905,11.9427,1.9117,1.3506,0.5396,0.097,-0.431,1.8148,1.6232,1.778,2.005,,4.65,1.29,14.67,84.2847,49.84,16.01,2066.96,1749.34,992.86,4124.78,3825.784,12663.12,38.86,588,795,113.85,27.58
2015-04-03,96.545,1182.67,1.0969,6.1959,0.7633,,615.3,1.2484,7.9434,11.7997,1.8389,1.2533,0.4762,0.002,-0.542,1.8368,1.6424,1.797,2.03,3.58,4.72,1.3,,79.2665,,,,1750.26,994.32,4170.54,3863.929,,,,,150.14,69.18
2015-04-04,,,,,,,,,,,,,,,,,,,,,,,,,,,,,,,,,,,,165.63,123.38
2015-04-05,,,,,,,,,,,,,,,,,,,,,,,,,,,,,,,,,,,,116.46,106.94
2015-04-06,96.777,1185.72,1.0922,6.1962,0.7592,3.1262,611.6,1.2482,7.9596,11.8006,1.8952,1.3035,0.496,0.05,-0.536,1.8464,1.6815,1.84,2.045,,4.63,1.29,14.74,78.9745,48.33,15.74,2080.62,1764.49,1005.86,,,,39.56,,,116.79,56.3
2015-04-07,97.83,1193.11,1.0814,6.2002,0.7633,3.1274,609.7,1.2506,8.0847,11.8871,1.8848,1.3213,0.5159,0.026,-0.513,1.8598,1.6736,1.83,2.059,3.61,4.55,1.27,14.78,77.7839,46.25,15.2,2076.33,1764.24,1006.26,4260.04,3961.378,,39.585,583,776,110.13,77.07
2015-04-08,97.94,1192.62,1.0781,6.2065,0.7684,3.0491,612.25,1.2546,8.0556,11.8158,1.9047,1.3473,0.5318,0.067,-0.451,1.8389,1.6346,1.788,2.0175,,4.51,1.27,13.98,80.0253,48.1,14.79,2081.9,1766.44,1021.05,4295.8,3994.811,13396.59,39.265,580,764,166.76,55.11
2015-04-09,99.155,1202.33,1.0659,6.2182,0.7692,3.0578,616.1,1.2578,8.1093,11.9408,1.9596,1.3978,0.5478,0.124,-0.401,1.8361,1.6274,1.775,2.01,3.7,4.46,1.26,13.09,78.7746,46.65,15,2091.18,1771.86,1028.63,4262.14,3957.534,13748.37,39.895,580,771,134.81,43.26
2015-04-10,99.338,1204.23,1.0604,6.2179,0.7682,3.0753,620.23,1.2566,8.0995,11.9962,1.9473,1.3946,0.556,0.125,-0.388,1.8227,1.6144,1.755,1.995,,4.45,1.26,12.58,77.8265,43.04,14.23,2102.06,1779.47,1034.59,4344.42,4034.309,13987.53,40.07,580,772,142.14,41.28
2015-04-11,,,,,,,,,,,,,,,,,,,,,,,,,,,,,,,,,,,,74.88,55.3
2015-04-12,,,,,,,,,,,,,,,,,,,,,,,,,,,,,,,,,,,,53,109.48
2015-04-13,99.49,1207.81,1.0567,6.2257,0.7589,3.1212,616.47,1.2596,8.0991,12.1416,1.9272,1.3668,0.528,0.116,-0.411,1.8122,1.6069,1.759,1.99,,4.45,1.26,13.94,75.7647,44.2,14.79,2092.43,1772.08,1041.46,4421.07,4121.714,14590.45,39.67,578,778,79.22,77.54
2015-04-14,98.733,1199.97,1.0655,6.2149,0.7626,3.0634,614.72,1.2485,7.9456,12.0123,1.8985,1.3374,0.512,0.091,-0.44,1.8087,1.614,1.77,1.981,,4.47,1.27,13.67,74.7881,44.65,15.18,2095.84,1779.85,1036.77,4438.18,4135.565,14264.81,40.385,581,790,121.65,66.77
2015-04-15,98.319,1193.92,1.0684,6.2006,0.7682,3.0287,616.8,1.229,7.8255,12.0636,1.888,1.3145,0.496,0.049,-0.506,1.8401,1.6524,1.82,2.023,,4.44,1.27,12.84,72.9964,46.14,14.6,2106.63,1783.79,1036.87,4380.51,4084.163,14471.82,41.35,586,798,143.66,310.25
2015-04-16,97.415,1186.07,1.0761,6.1884,0.7803,3.0205,611.91,1.2189,7.7494,11.9651,1.8897,1.2998,0.4839,0.038,-0.524,1.8526,1.6549,1.8325,2.042,,4.47,1.27,12.6,72.4014,43.48,14.54,2104.99,1786.58,1052.25,4513.55,4194.822,14720.13,41.255,593,800,104.72,49.98
2015-04-17,97.52,1185.36,1.0806,6.1947,0.7782,3.0408,612.79,1.2246,7.8324,12.0675,1.8653,1.3062,0.5081,-0.027,-0.556,1.893,1.7016,1.88,2.09,,4.53,1.28,13.89,74.3685,42,14.47,2081.18,1769.01,1042.68,4596.14,4287.295,14536.67,40.955,597,799,99.06,43.72
2015-04-18,,,,,,,,,,,,,,,,,,,,,,,,,,,,,,,,,,,,47.48,34.56
2015-04-19,,,,,,,,,,,,,,,,,,,,,,,,,,,,,,,,,,,,97.81,58
2015-04-20,97.941,1191.06,1.0738,6.1962,0.7725,3.0328,615.81,1.2225,7.8807,12.1431,1.8896,1.3176,0.5202,-0.005,-0.543,1.8943,1.6953,1.87,2.08,,4.46,1.27,13.3,73.5454,42.06,15.39,2100.4,1779.12,1033.77,4521.92,4217.078,14111.34,41.11,598,805,91.73,51.68
2015-04-21,98.004,1192.37,1.0736,6.1972,0.7711,,615.8,1.228,7.881,12.1216,1.9087,1.3307,0.5162,0.038,-0.503,1.8719,1.6671,1.84,2.056,3.47,4.43,1.27,13.25,72.9451,41.04,15.04,2097.29,1781.95,1042.21,4619.16,4293.623,14531.28,40.675,601,801,85.28,46.55
2015-04-22,97.932,1191.9,1.0725,6.1947,0.7755,3.0111,619.2,1.2238,7.9035,12.2205,1.9788,1.393,0.5446,0.099,-0.468,1.8806,1.6911,1.862,2.063,3.45,4.39,1.26,12.71,72.9451,39.01,15.79,2107.96,1786.77,1047.61,4739.81,4398.495,14669.73,40.945,600,792,75.59,36.96
2015-04-23,97.278,1184.57,1.0824,6.1909,0.7778,2.9706,616.7,1.2144,7.8288,12.148,1.9577,1.3651,0.5284,0.071,-0.509,1.8875,1.7048,1.871,2.0675,3.44,4.43,1.26,12.48,73.1584,37.98,15.87,2112.93,1792.31,1053.91,4740.89,4414.507,14478.2,41.225,599,784,61.08,33.57
2015-04-24,96.922,1180.61,1.0873,6.1967,0.7824,2.9512,612.9,1.2174,7.7737,12.1222,1.9086,1.3142,0.5041,0.013,-0.388,1.896,1.7028,1.873,2.077,3.47,4.43,1.26,12.29,71.6049,36.61,16.39,2117.69,1799.86,1060.5,4702.64,4393.686,14488.99,40.99,600,778,156.4,42.94
2015-04-25,,,,,,,,,,,,,,,,,,,,,,,,,,,,,,,,,,,,41.45,56.49
2015-04-26,,,,,,,,,,,,,,,,,,,,,,,,,,,,,,,,,,,,39.28,85.88
2015-04-27,96.765,1178.46,1.0891,6.2155,0.7858,2.9169,609.45,1.2086,7.7256,12.005,1.9208,1.3371,0.5163,0.01,-0.369,1.9115,1.7073,1.872,2.0925,,4.4,1.26,13.12,70.9943,37.46,16.42,2108.92,1801.57,1065.62,4807.59,4527.396,14741.2,40.945,600,773,76.04,35.03
2015-04-28,96.092,1171.41,1.0981,6.2048,0.8022,2.9367,605.29,1.2033,7.6391,11.8648,2.0034,1.4013,0.561,0.105,-0.299,1.899,1.7014,1.87,2.076,,4.37,1.27,12.41,72.8665,37.31,16.19,2114.76,1803.39,1067.01,4741.86,4476.214,14714.79,41.15,601,772,46.01,30.41
2015-04-29,95.209,1165.23,1.1128,6.2016,0.8008,2.9608,608.36,1.202,7.5249,11.7866,2.0388,1.4221,0.557,0.113,-0.304,1.9268,1.7268,1.88,2.098,3.44,4.39,1.28,13.39,73.8974,36.68,15.95,2106.85,1795.87,1059.51,4774.33,4476.62,14603.04,41.47,595,768,84.1,30.76
2015-04-30,94.6,1165.28,1.1224,6.208,0.7905,3.0144,611.9,1.2077,7.5328,11.9107,2.0317,1.4254,0.567,0.104,-0.309,1.929,1.7349,1.895,2.107,,4.39,1.28,14.55,75.292,36.28,16.76,2085.51,1778.4,1047.78,4749.89,4441.655,14431.11,41.34,591,754,52.75,39.66
2015-05-01,95.297,1172.27,1.1199,6.2128,0.7851,,611.79,1.2159,7.6031,12.0658,2.1135,1.4989,0.595,0.168,-0.244,1.9457,1.7457,1.896,2.1214,,4.34,1.28,12.7,78.8811,35.62,17.29,2108.29,1787.4,1045.99,,,,41.435,587,749,76.24,37.85
2015-05-02,,,,,,,,,,,,,,,,,,,,,,,,,,,,,,,,,,,,41.45,39.16
2015-05-03,,,,,,,,,,,,,,,,,,,,,,,,,,,,,,,,,,,,43.83,40.51
2015-05-04,95.48,1173.08,1.1146,6.2118,0.7838,3.087,615.15,1.2095,7.5955,12.0593,2.144,1.5023,0.5991,0.213,-0.218,1.9315,1.7212,1.887,2.085,3.39,4.32,1.29,12.85,81.1233,36.2,17.62,2114.49,1790.83,1048.2,4787.74,4480.464,14459.15,41.33,,,70.6,27.02
2015-05-05,95.076,1168.81,1.1185,6.207,0.7942,3.0562,609.56,1.2069,7.5782,11.9801,2.1853,1.5499,0.623,0.251,-0.194,1.9336,1.7449,1.903,2.105,3.42,4.3,1.28,14.31,87.6616,36.24,17.15,2089.46,1773.42,1047.93,4596.84,4298.706,14077.62,40.8198,580,745,44.76,30.59
2015-05-06,94.087,1160.75,1.1347,6.2025,0.7969,3.0349,611.6,1.2048,7.4356,12.0161,2.2431,1.5862,0.6351,0.332,-0.132,1.9124,1.7189,1.868,2.081,3.44,4.31,1.28,15.15,90.9859,36.88,17.53,2080.15,1772.82,1040.44,4553.33,4229.266,13997.35,40.66,575,741,99.69,42.19
2015-05-07,94.635,1165.87,1.1267,6.2129,0.7907,3.0261,608.88,1.213,7.4493,12.0379,2.18,1.5616,0.6313,0.288,-0.127,1.8937,1.6873,1.84,2.0675,,4.36,1.29,15.13,89.5863,38.13,17.91,2088,1769.25,1024.91,4470.09,4112.214,13768.47,40.22,573,744,64.28,79.16
2015-05-08,94.794,1164.21,1.1199,6.2092,0.7932,2.9739,604.6,1.2071,7.4779,11.9183,2.1478,1.4879,0.5719,0.263,-0.188,1.8856,1.6767,1.83,2.06,3.45,4.34,1.29,12.86,80.9146,35.09,15.84,2116.1,1794.7,1034.94,4558.4,4205.917,14049.66,40.88,574,753,71.75,81.06
2015-05-09,,,,,,,,,,,,,,,,,,,,,,,,,,,,,,,,,,,,50.07,80.04
2015-05-10,,,,,,,,,,,,,,,,,,,,,,,,,,,,,,,,,,,,52.58,100.21
2015-05-11,95.011,1168.96,1.1155,6.213,0.7891,3.0621,609.83,1.2103,7.5687,12.0816,2.2797,1.6,0.616,0.397,-0.071,1.884,1.6721,1.816,2.055,3.4,4.26,1.29,13.85,84.1496,34.86,15.94,2105.33,1789.09,1036.02,4690.53,4333.584,14182.98,40.11,578,746,118.67,106.86
2015-05-12,94.534,1163.4,1.1213,6.2094,0.7976,3.0199,603.54,1.2019,7.4869,12.0661,2.2489,1.5621,0.5961,0.363,-0.116,1.8863,1.6799,1.828,2.045,,4.36,1.29,13.86,87.3615,33.74,15.63,2099.12,1784.91,1029.03,4747.42,4401.22,13973,40.295,589,748,62.17,86.73
2015-05-13,93.617,1154.76,1.1354,6.2004,0.8113,3.0395,601.73,1.1958,7.386,11.8846,2.2926,1.5655,0.5762,0.398,-0.131,1.8964,1.6953,1.8489,2.0625,,4.32,1.29,13.76,85.5784,34.33,15.93,2098.48,1789.97,1033.88,4718.44,4375.76,13859.55,40.19,634,761,114.38,86.1
2015-05-14,93.457,1150.8,1.141,6.2043,0.8081,2.9934,595.6,1.1983,7.3705,11.7867,2.2301,1.5046,0.5441,0.364,-0.175,1.8769,1.68,1.836,2.05,3.42,4.36,1.28,12.74,83.2394,32.63,16.21,2121.1,1803.42,1035.8,4700.78,4378.312,13775.95,40.175,637,806,77.47,49.4
2015-05-15,93.135,1150.19,1.1451,6.2028,0.8034,2.9931,595.79,1.2014,7.3089,11.7974,2.1424,1.4603,0.5363,0.289,-0.199,1.8618,1.659,1.832,2.0379,3.4,4.37,1.28,12.38,84.4957,29.95,15.48,2122.73,1807.06,1043.4,4617.47,4308.691,14009.76,40.335,634,829,95.24,65.4
2015-05-16,,,,,,,,,,,,,,,,,,,,,,,,,,,,,,,,,,,,78.19,45.21
2015-05-17,,,,,,,,,,,,,,,,,,,,,,,,,,,,,,,,,,,,76.89,78.72
2015-05-18,94.221,1160.14,1.1315,6.2059,0.7991,3.005,599.68,1.216,7.4063,11.8793,2.2337,1.5362,0.5767,0.357,-0.135,1.8837,1.6714,1.846,2.065,3.43,4.32,1.28,12.73,88.2439,30.63,15.81,2129.2,1808.73,1040.95,4575.14,4283.491,13926.28,40.37,630,846,112.12,65.23
2015-05-19,95.267,1170.71,1.115,6.2095,0.7915,3.039,604.16,1.2233,7.5315,11.9086,2.2886,1.6026,0.6133,0.415,-0.048,1.8824,1.6519,1.82,2.065,3.45,4.29,1.28,12.85,87.6743,34.82,15.88,2127.83,1803.72,1040.89,4731.22,4417.552,14191.5,39.795,620,892,128.44,45.51
2015-05-20,95.448,1171.98,1.1094,6.2057,0.7875,3.0025,604.7,1.2208,7.5712,11.8352,2.2479,1.5513,0.585,0.355,-0.129,1.9012,1.6804,1.84,2.0825,,4.31,1.3,12.88,87.6541,33.7,15.25,2125.85,1803.95,1036.1,4754.92,4446.288,14235.9,39.87,606,938,71.46,56.09
2015-05-21,95.255,1171.06,1.1112,6.197,0.7896,3.0383,604.3,1.2199,7.57,11.8246,2.1898,1.5117,0.573,0.322,-0.146,1.8744,1.6583,1.8185,2.05,,4.33,1.31,12.11,86.1073,31.61,14.62,2130.82,1810.84,1032.7,4840.98,4529.421,14132.16,40.245,592,918,56.79,58.45
2015-05-22,96.014,1179.86,1.1013,6.2007,0.7823,3.0943,608.48,1.2279,7.6476,11.8919,2.2092,1.5617,0.6142,0.317,-0.121,1.899,1.6837,1.85,2.075,,4.28,1.31,12.13,87.6771,31.29,14.19,2126.06,1803.5,1037.62,4951.34,4657.596,14433.36,40.1,586,901,84.29,65.97
2015-05-23,,,,,,,,,,,,,,,,,,,,,,,,,,,,,,,,,,,,80.79,108.5
2015-05-24,,,,,,,,,,,,,,,,,,,,,,,,,,,,,,,,,,,,63.16,71.12
2015-05-25,96.014,1180.85,1.0978,6.2028,0.7824,3.0978,611.33,1.2314,7.6438,11.9375,2.2092,1.5617,0.6142,0.317,-0.121,1.899,1.6837,,2.077,3.45,,,,87.6771,,,,1803.82,1035.33,5099.5,4813.797,,,,,86.68,41.75
2015-05-26,97.299,1191.84,1.0873,6.2094,0.7735,3.1531,613.7,1.2434,7.7564,12.0838,2.139,1.5203,0.6123,0.298,-0.094,1.8479,1.6187,1.79,2.023,3.45,4.32,1.31,14.06,85.3555,34.66,15.22,2104.2,1781.14,1026.45,5198.92,4910.897,14801.94,39.465,584,883,37.4,56.41
2015-05-27,97.371,1192.33,1.0904,6.2052,0.7729,3.1395,616.4,1.2452,7.7684,12.0263,2.1285,1.5303,0.6485,0.321,-0.055,1.8136,1.5859,1.755,2,,4.3,1.32,13.27,83.9933,35.29,14.08,2123.48,1793.6,1019.09,5181.43,4941.714,14701.88,39.395,587,868,83.28,49.51
2015-05-28,96.965,1192.3,1.0949,6.204,0.7649,3.1623,617.7,1.2435,7.8048,12.1367,2.1355,1.5163,0.6289,0.332,-0.062,1.8101,1.5742,1.747,1.9934,,4.32,1.32,13.31,82.7222,34.2,14.51,2120.79,1791.35,1009.52,4834.01,4620.266,14183,39.24,588,865,55.89,87.95
2015-05-29,96.907,1191.94,1.0986,6.2023,0.7645,3.1787,617.95,1.2454,7.7716,12.1525,2.1214,1.4853,0.6053,0.299,-0.124,1.8288,1.606,1.792,2.03,3.6,4.33,1.33,13.84,82.6996,33.74,13.99,2107.39,1779.31,1004.22,4840.83,4611.744,14103.81,39.195,589,856,55.47,39.59
2015-05-30,,,,,,,,,,,,,,,,,,,,,,,,,,,,,,,,,,,,68.61,40.33
2015-05-31,,,,,,,,,,,,,,,,,,,,,,,,,,,,,,,,,,,,84.04,86.03
2015-06-01,97.392,1198.56,1.0927,6.2053,0.7606,3.1683,624.46,1.2522,7.9581,12.2635,2.1794,1.5457,0.6447,0.359,-0.055,1.8274,1.5976,1.78,2.025,3.64,4.28,1.35,13.97,83.5495,35.3,14.88,2111.73,1778.28,1002.93,5076.18,4828.738,14299.45,39.095,589,848,106.23,33.34
2015-06-02,95.835,1183.54,1.1151,6.2006,0.7772,3.1323,623.83,1.2401,7.8334,12.1968,2.2624,1.6063,0.6527,0.419,-0.032,1.852,1.6348,1.818,2.054,3.63,4.26,1.35,14.24,87.4796,35.74,14.86,2109.6,1782.39,999.87,5161.87,4910.527,14201.63,39.365,591,846,65.35,71.05
2015-06-03,95.465,1180.46,1.1275,6.1995,0.7787,3.1334,625.95,1.2452,7.748,12.3104,2.3642,1.6869,0.6725,0.519,0.034,1.8556,1.6539,1.825,2.0534,3.62,4.23,1.34,13.66,91.8063,37.4,15.15,2114.07,1789.91,995.83,5143.59,4909.978,14114.94,39.095,598,859,129.12,31.97
2015-06-04,95.461,1183.58,1.1238,6.2048,0.7688,,,1.2502,7.7568,12.3815,2.307,1.6409,0.6607,0.481,0.015,1.8361,1.6248,1.8058,2.035,3.64,4.34,1.34,14.71,92.2056,38.42,16.01,2095.84,1775.44,988.05,5181.42,4947.102,14127.01,38.565,603,863,84.13,80.34
2015-06-05,96.306,1192.75,1.1114,6.2118,0.7623,3.1422,636.75,1.2444,7.9497,12.5792,2.4076,1.7402,0.7087,0.529,0.056,1.8859,1.6846,1.853,2.081,3.62,4.35,1.34,14.21,88.9414,33.54,15.12,2092.83,1760.43,982.14,5230.55,5023.095,13914.61,38.835,610,874,62.5,40.47
2015-06-06,,,,,,,,,,,,,,,,,,,,,,,,,,,,,,,,,,,,36.68,63.25
2015-06-07,,,,,,,,,,,,,,,,,,,,,,,,,,,,,,,,,,,,86.6,99.95
2015-06-08,95.299,1181.1,1.1291,6.2088,0.7703,3.1129,631.24,1.241,7.8146,12.4753,2.3824,1.7055,0.6808,0.513,0.029,1.8769,1.6785,1.85,2.075,3.6,4.39,1.34,15.29,87.6084,34.04,15.14,2079.28,1752.2,977.09,5353.75,5131.881,14113.98,38.615,610,887,81.79,150.67
2015-06-09,95.166,1180.46,1.1283,6.2117,0.7691,3.0969,,1.2337,7.7804,12.4295,2.4384,1.7537,0.7169,0.55,0.059,1.8953,1.702,1.8675,2.09,3.59,4.43,1.35,14.47,87.1697,33.01,14.83,2080.15,1751.65,971.09,5317.46,5113.534,13861.96,38.61,612,914,95.46,65.45
2015-06-10,94.646,1171.61,1.1324,6.2083,0.7761,3.1179,,1.2255,7.7632,12.3116,2.4838,1.7854,0.725,0.602,0.085,1.8872,1.7037,1.8625,2.078,3.59,4.38,1.36,13.22,89.7596,31.79,14.37,2105.2,1776.71,977.85,5309.11,5106.036,13616.67,39.085,618,910,48.58,34.96
2015-06-11,94.976,1174.47,1.1258,6.212,0.7755,3.0898,,1.2292,7.8432,12.3577,2.3772,1.7257,0.7131,0.525,0.051,1.8573,1.6785,1.8459,2.064,3.62,4.39,1.36,12.85,87.7673,31.76,14.3,2108.86,1779.45,976.78,5306.59,5121.593,13743.25,38.91,629,908,54.97,40.94
2015-06-12,94.972,1175.58,1.1266,6.216,0.7731,3.1185,,1.2322,7.7564,12.3793,2.3918,1.7444,0.7256,0.53,0.062,1.8662,1.684,1.855,2.0675,3.64,4.41,1.37,13.78,87.6824,31.51,13.99,2094.11,1770.17,979.46,5335.12,5166.35,13984,38.475,642,917,41.64,47
2015-06-13,,,,,,,,,,,,,,,,,,,,,,,,,,,,,,,,,,,,56.15,52
2015-06-14,,,,,,,,,,,,,,,,,,,,,,,,,,,,,,,,,,,,64.7,62.35
2015-06-15,94.81,1174.51,1.1283,6.2129,0.7766,3.1276,633.65,1.2325,7.7531,12.4028,2.3559,1.7013,0.7015,0.483,0.028,1.8717,1.6749,1.843,2.084,,4.5,1.38,15.39,86.0026,32.55,14.34,2084.43,1757.09,970.51,5221.17,5062.993,13622.76,38.385,656,917,63.2,52.5
2015-06-16,94.999,1175.57,1.1248,6.209,0.7752,3.0885,636.38,1.2295,7.7599,12.3683,2.3093,1.6599,0.6855,0.406,-0.054,1.9052,1.7118,1.884,2.115,,4.55,1.39,14.81,85.6971,32.39,14.36,2096.29,1763.68,965.34,5064.82,4887.432,13252.93,38.685,681,931,114.23,40.37
2015-06-17,94.296,1167.85,1.1337,6.2038,0.7749,3.0568,637.58,1.2228,7.658,12.2646,2.3165,1.6252,0.6492,0.392,-0.111,1.9232,1.7344,1.91,2.127,3.65,4.55,1.4,14.5,82.4194,32.83,13.58,2100.44,1762.11,969.4,5138.83,4967.898,13414.83,38.59,725,969,79.93,50.73
2015-06-18,94.042,1165.02,1.1359,6.2035,0.78,3.0607,628.2,1.2222,7.7959,12.2469,2.3345,1.6253,0.6331,0.423,-0.088,1.9083,1.7097,1.885,2.1225,3.6,4.51,1.4,13.19,82.5575,31.59,13.53,2121.24,1780.62,977.61,4930.55,4785.356,13263.37,38.565,773,1011,83.09,78.79
2015-06-19,94.085,1166.76,1.1352,6.2064,0.7772,3.0978,632.62,1.2267,7.723,12.1636,2.2577,1.5709,0.6169,0.37,-0.094,1.8842,1.6579,1.832,2.1,3.6,4.57,1.41,13.96,84.7442,30.4,13.26,2109.99,1774.88,974.56,4637.05,4478.364,13186.05,37.955,779,1025,44.27,86.15
2015-06-20,,,,,,,,,,,,,,,,,,,,,,,,,,,,,,,,,,,,99.45,139.47
2015-06-21,,,,,,,,,,,,,,,,,,,,,,,,,,,,,,,,,,,,74.67,55.96
2015-06-22,94.329,1169.51,1.1341,6.2036,0.7728,3.0791,631.53,1.2309,7.7474,12.0992,2.3725,1.6671,0.6575,0.443,-0.031,1.9294,1.6967,1.8655,2.14,,4.47,1.4,12.74,84.4485,30.06,13.85,2122.85,1796.12,987.3,,,13383.68,38.42,779,1046,90.68,64.15
2015-06-23,95.432,1178.01,1.1167,6.2002,0.7736,3.0753,633.3,1.2327,7.8247,12.1691,2.4087,1.6955,0.6779,0.467,-0.02,1.9415,1.717,1.889,2.157,3.62,4.45,1.4,12.11,84.2001,29.69,13.89,2124.2,1795.98,990.67,4786.09,4576.492,13609.47,38.545,790,1070,103.52,66.27
2015-06-24,95.264,1179.11,1.1205,6.2016,0.7704,3.0971,632.46,1.2383,7.852,12.1534,2.3672,1.6656,0.6802,0.439,-0.038,1.9277,1.7044,1.8805,2.1425,3.63,4.51,1.4,13.26,82.6809,29.6,13.83,2108.58,1785.7,993.31,4880.13,4690.15,13684.8,38.305,829,1066,84.82,27.52
2015-06-25,95.187,1177.33,1.1205,6.204,0.7738,3.1274,631.58,1.2328,7.8087,12.1102,2.4088,1.7101,0.688,0.477,-0.008,1.9315,1.6951,1.88,2.157,3.63,4.52,1.41,14.01,83.3241,29.26,13.12,2102.31,1781.48,988.18,4706.52,4527.779,13467.9,37.915,829,1054,131.01,47.83
2015-06-26,95.472,1180.11,1.1167,6.2057,0.7655,3.1293,635.03,1.2321,7.837,12.2014,2.4726,1.7545,0.7117,0.535,0.028,1.9364,1.7036,1.9,2.1759,3.63,4.51,1.41,14.02,84.3188,29.01,13.22,2101.49,1776.22,980.63,4336.19,4192.873,13088.19,38.04,823,1026,81.49,79.86
2015-06-27,,,,,,,,,,,,,,,,,,,,,,,,,,,,,,,,,,,,78.13,48.51
2015-06-28,,,,,,,,,,,,,,,,,,,,,,,,,,,,,,,,,,,,109.96,98.41
2015-06-29,94.79,1176.33,1.1236,6.2075,0.7679,3.1176,,1.2403,7.8607,12.2431,2.3242,1.6217,0.6329,0.441,-0.056,1.8836,1.659,1.865,2.135,3.63,4.77,1.46,18.85,89.7561,33.64,14.5,2057.64,1737.6,959.42,4191.55,4053.031,12694.66,37.32,813,989,136.93,78.5
2015-06-30,95.485,1180.77,1.1147,6.2069,0.7707,3.103,639.15,1.2494,7.8532,12.1688,2.3531,1.6479,0.6427,0.461,-0.044,1.8929,1.6742,1.879,2.15,3.62,4.76,1.45,18.23,92.2575,32.43,15.34,2063.11,1735.61,972.25,4473,4277.222,12981.23,37.58,800,972,169.32,122.02
2015-07-01,96.31,1189.33,1.1053,6.2046,0.7645,3.1492,638.93,1.259,7.9352,12.2513,2.4219,1.7053,0.6882,0.508,0.012,1.9152,1.6797,1.888,2.164,3.63,4.64,1.43,16.09,90.2884,34.11,14.86,2077.42,1747.18,971.91,4253.02,4053.7,,37.1,794,952,93.14,90.8
2015-07-02,96.113,1186.29,1.1084,6.2029,0.7633,3.0967,634.83,1.254,7.9632,12.2492,2.3823,1.6315,0.627,0.463,-0.07,1.9202,1.6869,1.9029,2.165,3.63,4.68,1.43,16.79,87.9611,33.8,14.42,2076.78,1747.25,971.47,4108,3912.767,12784.65,37.265,794,936,84.56,44.58
2015-07-03,96.113,1187.07,1.1114,6.2062,0.7523,3.1341,636.54,1.2574,7.9881,12.3166,2.3823,1.6315,0.627,0.463,-0.07,1.9202,1.6869,1.909,2.162,3.64,,,,87.9611,,,,1744.49,964.31,3885.92,3686.915,12608.98,,805,916,86.95,41.29
2015-07-04,,,,,,,,,,,,,,,,,,,,,,,,,,,,,,,,,,,,50.12,69.18
2015-07-05,,,,,,,,,,,,,,,,,,,,,,,,,,,,,,,,,,,,80.4,65.35
2015-07-06,96.298,1189.87,1.1056,6.2126,0.75,3.1376,641.3,1.2652,8.0746,12.3909,2.285,1.5563,0.5892,0.388,-0.089,1.9001,1.6277,1.843,2.134,3.59,4.85,1.45,17.01,86.1804,40.01,14.25,2068.76,1729.5,943.44,3998.54,3775.912,12231.43,36.775,815,903,109.33,100.06
2015-07-07,96.865,1194.5,1.1011,6.2221,0.7451,3.1863,649.38,1.2705,8.1586,12.453,2.2582,1.5464,0.5852,0.37,-0.088,1.8868,1.6135,1.825,2.122,3.52,4.9,1.45,16.09,90.4681,40.54,15.23,2081.34,1724.95,930.25,3928,3727.125,11827.3,37.11,830,888,82.09,85.7
2015-07-08,96.294,1191.3,1.1077,6.2225,0.7429,3.2353,652.15,1.2746,8.2248,12.5749,2.1922,1.4876,0.5414,0.349,-0.118,1.8417,1.5861,1.799,2.075,3.47,4.98,1.46,19.66,89.4277,42.2,15.78,2046.68,1706.87,904.57,3663.04,3507.192,11107.3,36.36,840,870,61.78,62.4
2015-07-09,96.606,1192.85,1.1036,6.2175,0.7447,3.213,646.62,1.2707,8.1399,12.5108,2.3211,1.5856,0.5851,0.457,-0.049,1.8613,1.6156,1.8275,2.093,3.46,4.88,1.46,19.97,89.3438,42.04,15.47,2051.31,1717.47,919.78,3897.63,3709.331,11446.37,36.545,853,857,58.63,98.19
2015-07-10,96.025,1188.88,1.1162,6.2162,0.7446,3.1599,646.86,1.2658,8.0091,12.4503,2.3972,1.6562,0.637,0.515,0.01,1.882,1.6283,1.844,2.115,3.48,4.75,1.46,16.83,90.2308,41.22,14.42,2076.62,1743.32,932.85,4106.56,3877.803,11858.55,36.745,874,835,107.39,94.87
2015-07-11,,,,,,,,,,,,,,,,,,,,,,,,,,,,,,,,,,,,81.55,190.28
2015-07-12,,,,,,,,,,,,,,,,,,,,,,,,,,,,,,,,,,,,105.27,90.6
2015-07-13,96.858,1196.51,1.1002,6.2165,0.7407,3.1344,648.45,1.2741,8.0857,12.4499,2.4538,1.7173,0.6772,0.571,0.09,1.8789,1.6106,1.835,2.11,3.54,4.69,1.45,13.9,84.7052,38.08,13.43,2099.6,1758.69,943.01,4211.81,3970.388,12003.83,37.005,900,827,123.07,79.98
2015-07-14,96.643,1194.33,1.1009,6.2145,0.7452,3.1393,,1.2728,8.1014,12.3234,2.401,1.6579,0.637,0.533,0.045,1.8646,1.5934,1.812,2.091,3.55,4.72,1.47,13.37,80.7951,36.31,13.25,2108.95,1769.41,940.83,4112.15,3924.487,11836.17,37.27,915,820,67.7,68.09
2015-07-15,97.166,1200.76,1.095,6.2156,0.7379,3.1401,642.74,1.2913,8.1551,12.4185,2.3521,1.6249,0.625,0.497,0.034,1.8505,1.5726,1.799,2.082,3.57,4.72,1.48,13.23,79.0645,37.25,14.35,2107.4,1768.12,937.98,3966.76,3805.703,11681.2,36.615,951,824,229.98,62.09
2015-07-16,97.668,1205.22,1.0875,6.2138,0.7405,3.1568,,1.2957,8.1626,12.3899,2.3503,1.653,0.6552,0.495,0.062,1.8495,1.5696,1.7975,2.077,,4.69,1.48,12.11,75.9534,35.92,14.05,2124.29,1781.91,941.69,3997.36,3823.175,11749.08,36.665,1009,840,117.65,72
2015-07-17,97.862,1208,1.083,6.2131,0.7371,3.1881,646.09,1.2972,8.1733,12.36,2.3469,1.6695,0.6655,0.507,0.094,1.8321,1.5552,1.785,2.0625,3.57,4.74,1.48,11.95,74.2116,34.68,16.32,2126.64,1780.83,941.68,4151.5,3957.352,11850.14,36.22,1048,846,146.96,42.31
2015-07-18,,,,,,,,,,,,,,,,,,,,,,,,,,,,,,,,,,,,63.47,66.8
2015-07-19,,,,,,,,,,,,,,,,,,,,,,,,,,,,,,,,,,,,98.67,338.31
2015-07-20,98.029,1210.42,1.0825,6.214,0.7372,3.1958,646.13,1.2994,8.2355,12.4361,2.3723,1.706,0.7061,0.533,0.145,1.832,1.5427,1.7705,2.065,3.58,4.74,1.48,12.25,72.8414,36.39,19.73,2128.28,1782.19,935.45,4160.61,3992.109,11773.92,35.74,1067,854,125.31,46.59
2015-07-21,97.328,1204.34,1.0935,6.2092,0.7419,3.1716,,1.2948,8.1154,12.3273,2.3253,1.653,0.6778,0.489,0.094,1.8286,1.5391,1.766,2.06,3.53,4.84,1.49,12.22,72.4231,34.97,19.56,2119.21,1777.86,939.81,4166.01,4017.675,11871.54,35.755,1113,849,193.98,71.87
2015-07-22,97.598,1207.85,1.0929,6.2121,0.7377,3.2231,,1.3033,8.14,12.4093,2.3235,1.6713,0.7063,0.503,0.137,1.8149,1.5134,1.76,2.0475,3.55,4.94,1.49,12.12,72.1123,37.66,19.59,2114.15,1766.64,931.14,4157.16,4026.045,11734.27,35.465,1118,826,152.95,43.42
2015-07-23,97.115,1206.64,1.0984,6.2141,0.7356,3.2854,,1.3037,8.1786,12.4512,2.2677,1.6332,0.6942,0.493,0.133,1.7691,1.479,1.708,2.001,,4.99,1.5,12.64,72.6253,38.46,19.39,2102.15,1762.8,923.56,4250.81,4123.923,11834.47,35.435,1102,817,87.72,45
2015-07-24,97.244,1209.47,1.0984,6.2274,0.7282,3.3554,,1.3049,8.2044,12.6686,2.2624,1.6183,0.6781,0.501,0.172,1.7627,1.424,1.666,1.9735,,5.13,1.52,13.74,73.0107,39,19.27,2079.65,1745.5,910.4,4176.28,4070.908,11679.02,34.755,1086,813,113.36,60.12
2015-07-25,,,,,,,,,,,,,,,,,,,,,,,,,,,,,,,,,,,,92.13,25.18
2015-07-26,,,,,,,,,,,,,,,,,,,,,,,,,,,,,,,,,,,,127.41,56.04
2015-07-27,96.502,1204.57,1.1088,6.22,0.7269,3.3637,666.12,1.3038,8.1709,12.6196,2.2175,1.562,0.6495,0.486,0.155,1.7328,1.3823,1.624,1.94,3.49,5.29,1.53,15.6,72.2234,41.15,20.06,2067.64,1733.58,892.6,3818.73,3725.558,11230.67,34.255,1090,803,171.44,35.53
2015-07-28,96.772,1203.84,1.106,6.2172,0.7338,3.3567,666.11,1.2921,8.1594,12.5681,2.2499,1.5885,0.668,0.506,0.174,1.7445,1.3907,1.6306,1.9596,,5.24,1.53,13.44,71.8541,39.94,18.4,2093.25,1747.06,891.24,3811.09,3663.002,11173.04,35.235,1094,792,132.93,38.06
2015-07-29,96.976,1207.66,1.0984,6.2177,0.7295,3.3314,665.91,1.2945,8.153,12.5398,2.2859,1.6133,0.7038,0.518,0.162,1.7691,1.4274,1.665,1.981,,5.13,1.53,12.5,69.7128,38.59,17.22,2108.57,1760.69,900.12,3930.38,3789.168,11273.69,35.715,1104,776,99.95,53.93
2015-07-30,97.56,1211.1,1.0932,6.2203,0.7293,3.3713,673.97,1.3,8.1729,12.6996,2.2589,1.6201,0.7275,0.495,0.161,1.7649,1.4317,1.665,1.977,,5.07,1.53,12.13,71.2077,37.33,17.07,2108.63,1759.77,894.07,3815.41,3705.766,11137.33,35.465,1100,763,74.98,35.73
2015-07-31,97.336,1208.44,1.0984,6.2211,0.7308,3.4211,671.68,1.3091,8.1826,12.6808,2.1801,1.5287,0.6606,0.436,0.101,1.7453,1.3999,1.653,1.959,3.6,5.13,1.54,12.12,75.7512,38.82,16.79,2103.84,1765.6,901.68,3816.7,3663.725,11131.68,34.69,1131,755,72.27,29.32
2015-08-01,,,,,,,,,,,,,,,,,,,,,,,,,,,,,,,,,,,,64.01,39.77
2015-08-02,,,,,,,,,,,,,,,,,,,,,,,,,,,,,,,,,,,,69.56,108.74
2015-08-03,97.494,1211.76,1.095,6.2197,0.7286,3.4508,679.56,1.3156,8.2537,12.686,2.148,1.5157,0.6646,0.447,0.158,1.7019,1.3278,1.576,1.92,,5.2,1.55,12.56,74.7474,40.91,17.58,2098.04,1761.18,890.85,3829.24,3622.905,11009.96,33.96,1151,742,28.46,88.27
2015-08-04,97.931,1215.12,1.0881,6.2191,0.738,3.4711,678.37,1.3193,8.2921,12.7352,2.2213,1.6037,0.7322,0.518,0.241,1.7044,1.3319,1.575,1.916,3.55,5,1.55,13,80.4708,40.12,17.24,2093.32,1758.87,893.11,3948.16,3756.545,11074.92,33.845,1200,735,155.1,53.56
2015-08-05,97.958,1217.04,1.0906,6.2184,0.7356,3.4851,682.33,1.3177,8.2559,12.7859,2.2699,1.6446,0.7263,0.57,0.283,1.7007,1.3279,1.576,1.907,3.49,4.94,1.55,12.51,80.6999,40.18,17.74,2099.84,1762.75,891.95,3866.9,3694.574,11125.84,33.59,1222,726,77.83,43.76
2015-08-06,97.833,1215.32,1.0925,6.2177,0.7346,3.5363,679.31,1.311,8.2763,12.7163,2.2214,1.6102,0.7006,0.546,0.258,1.6762,1.3186,1.55,1.8875,,5.04,1.56,13.77,80.3154,41.54,17.25,2083.56,1752.67,884.93,3831.85,3661.539,11093.27,34.125,1201,713,128.8,21.3
2015-08-07,97.563,1212.07,1.0967,6.2164,0.7418,3.5071,677.34,1.3131,8.2709,12.6263,2.1623,1.5709,0.7169,0.502,0.243,1.6614,1.2949,1.533,1.8725,,5.16,1.58,13.39,76.2278,41.17,16.59,2077.57,1747.34,885.07,3906.94,3744.205,11227.94,33.515,1200,708,90.14,3.32
2015-08-08,,,,,,,,,,,,,,,,,,,,,,,,,,,,,,,,,,,,68.76,44.81
2015-08-09,,,,,,,,,,,,,,,,,,,,,,,,,,,,,,,,,,,,85.34,82.77
2015-08-10,97.159,1207.84,1.1019,6.2147,0.7413,3.4404,673.75,1.3001,8.1989,12.6537,2.2269,1.6102,0.721,0.529,0.234,1.6987,1.3423,1.567,1.905,3.48,5.14,1.58,12.23,75.2812,40.99,16.41,2104.18,1766.62,887.7,4084.36,3928.415,11291.66,34.585,1197,694,88.93,82.73
2015-08-11,97.29,1213.51,1.1042,6.3878,0.7304,3.4745,681.68,1.3114,8.278,12.7864,2.1409,1.5233,0.673,0.486,0.173,1.6562,1.3139,1.545,1.8675,,5.31,1.59,13.71,78.0583,42.16,16.53,2084.07,1749.63,878.27,4066.67,3927.908,11264.64,34.65,1162,677,93.8,65.65
2015-08-12,96.262,1203.85,1.1159,6.4341,0.7379,3.4807,683.78,1.2977,8.1554,12.7561,2.148,1.5217,0.6651,0.519,0.2,1.6299,1.287,1.52,1.839,,5.41,1.61,13.61,81.4635,42.4,16.8,2086.05,1742.42,861.71,4016.13,3886.32,11042.79,35.28,1093,673,97.43,38.09
2015-08-13,96.445,1207.5,1.115,6.4638,0.736,3.5187,685.93,1.306,8.2199,12.8107,2.1854,1.5724,0.7073,0.56,0.248,1.6256,1.2874,1.5141,1.845,,5.29,1.61,13.49,80.0038,43.23,15.84,2083.39,1741.43,864.8,4075.46,3954.556,11080.92,34.745,1046,673,110.11,35.58
2015-08-14,96.52,1208.48,1.1109,6.4493,0.7379,3.482,684.45,1.3088,8.2247,12.8248,2.1977,1.597,0.7218,0.571,0.282,1.6271,1.2813,1.51,1.8455,,5.28,1.61,12.83,77.0784,40.92,15.59,2091.54,1743.89,863.83,4073.54,3965.335,11060.06,34.67,1055,668,78.32,55.58
2015-08-15,,,,,,,,,,,,,,,,,,,,,,,,,,,,,,,,,,,,47.83,76.16
2015-08-16,,,,,,,,,,,,,,,,,,,,,,,,,,,,,,,,,,,,71.24,46.54
2015-08-17,96.806,1210.39,1.1078,6.4446,0.7372,3.481,690.13,1.3079,8.2116,12.9092,2.1678,1.5673,0.7058,0.571,0.297,1.5975,1.2391,1.4625,1.819,3.55,5.3,1.61,13.02,76.0641,40.35,15.4,2102.44,1749.08,854.71,4077.87,3993.668,10962.24,34.745,1063,665,95.61,26.3
2015-08-18,97.04,1211.29,1.1024,6.4395,0.7341,3.4681,693.84,1.3059,8.2861,12.9052,2.1925,1.5788,0.718,0.599,0.311,1.5943,1.2351,1.455,1.818,,5.29,1.61,13.79,82.7068,39.48,15.84,2096.92,1744.2,848.12,3825.41,3748.164,10770.05,34.615,1046,654,88.54,60.75
2015-08-19,96.359,1208.06,1.112,6.4629,0.7348,3.4926,697.35,1.3129,8.2856,12.8878,2.1256,1.4999,0.6574,0.552,0.277,1.5753,1.1927,1.413,1.7908,,5.41,1.62,15.25,81.5426,41.29,15.96,2079.61,1726.01,840.51,3886.14,3794.109,10642.24,33.66,1031,644,121.07,83.7
2015-08-20,95.98,1204.65,1.1242,6.4401,0.7337,3.4579,688.23,1.3087,8.2274,12.9352,2.0679,1.4687,0.6533,0.507,0.259,1.5609,1.1853,1.415,1.785,3.55,5.48,1.63,19.14,84.591,42.58,16.87,2035.73,1697.25,830.28,3761.45,3664.291,10402.72,32.9,1014,632,28.85,35.99
2015-08-21,95.008,1199.84,1.1386,6.4544,0.7316,3.4998,698.17,1.3189,8.1962,12.9695,2.0365,1.4275,0.6128,0.501,0.233,1.5367,1.1605,1.39,1.758,,5.6,1.64,28.03,88.5202,44.66,18.48,1970.89,1650.96,812.38,3589.54,3507.744,10195.05,31.75,994,622,86.26,80.21
2015-08-22,,,,,,,,,,,,,,,,,,,,,,,,,,,,,,,,,,,,79.32,91.75
2015-08-23,,,,,,,,,,,,,,,,,,,,,,,,,,,,,,,,,,,,55.21,80.18
2015-08-24,93.332,1188.18,1.1619,6.4958,0.7156,3.5524,702.16,1.3287,8.2112,13.2328,2.0034,1.3669,0.568,0.515,0.227,1.4898,1.1137,1.355,1.725,,5.87,1.68,40.74,94.5406,50.11,21.26,1893.21,1589.5,771.77,3275.53,3209.905,9602.29,30.045,968,611,103.36,152.98
2015-08-25,94.53,1195.19,1.1517,6.5112,0.713,3.6172,702.96,1.3336,8.2262,13.1951,2.0714,1.4175,0.6005,0.542,0.22,1.5315,1.1636,1.404,1.7625,3.48,5.63,1.67,36.02,91.0891,49,20.2,1867.61,1583.86,788.54,3042.93,2964.967,9514.04,29.61,942,601,58.12,177.02
2015-08-26,95.1,1202.94,1.1314,6.4899,0.7122,3.5968,707.05,1.3292,8.3792,13.1298,2.1752,1.4814,0.672,0.631,0.294,1.545,1.1502,1.395,1.774,3.47,5.65,1.67,30.32,92.0136,46.87,20.03,1940.51,1616.48,787.3,3025.69,2927.288,9427.93,30.63,918,595,79.11,87.48
2015-08-27,95.61,1205.59,1.1246,6.4773,0.7166,3.5526,693.63,1.3199,8.2989,13.1397,2.1841,1.4987,0.6878,0.596,0.232,1.5886,1.2288,1.487,1.836,,5.54,1.65,26.1,91.405,49.03,18.74,1987.66,1650.53,813.08,3205.64,3083.591,9863.61,32.145,905,593,85.71,61.26
2015-08-28,96.106,1207.64,1.1185,6.4628,0.7173,3.5819,692.48,1.32,8.285,13.3016,2.1807,1.5118,0.7156,0.564,0.208,1.6175,1.2657,1.4975,1.872,,5.47,1.65,26.05,91.0788,51.56,18.8,1988.87,1658.07,820.25,3342.29,3232.349,9750.73,32.875,903,598,52.89,93.15
2015-08-29,,,,,,,,,,,,,,,,,,,,,,,,,,,,,,,,,,,,64.28,164.55
2015-08-30,,,,,,,,,,,,,,,,,,,,,,,,,,,,,,,,,,,,70.75,160.43
2015-08-31,95.824,1206.82,1.1211,6.4426,0.7113,3.6198,691.97,1.314,8.2799,13.2799,2.2179,1.5478,0.7375,0.582,0.215,1.6367,1.2938,1.48,1.8837,3.4,5.44,1.63,28.43,87.7352,54.37,19.34,1972.18,1645.43,818.73,3366.54,3205.986,9741.41,33.215,,,79.25,113.96
2015-09-01,95.45,1204.89,1.1315,6.4178,0.7019,3.6977,690.83,1.3259,8.2877,13.4464,2.1524,1.4874,0.704,0.583,0.229,1.5716,1.2244,1.47,1.82,,5.49,1.65,31.4,88.6754,57.51,19.65,1913.85,1600.71,801.11,3362.08,3166.624,9454.11,32.045,911,609,96.33,92.72
2015-09-02,95.828,1209.05,1.1227,6.4486,0.7039,3.7609,691.6,1.3269,8.2444,13.4438,2.1843,1.5087,0.7081,0.626,0.256,1.5591,1.2188,1.4706,1.7975,,5.46,1.64,26.09,93.0829,53.75,18.65,1948.86,1615.67,796.68,3365.83,3160.167,9301.32,32.34,906,616,75.72,93.82
2015-09-03,96.405,1212.25,1.1123,6.4503,0.7017,3.7397,688.5,1.3179,8.2825,13.5655,2.1596,1.4826,0.6923,0.624,0.255,1.5364,1.1978,1.45,1.7782,,5.44,1.63,25.61,91.409,50.44,18.57,1951.13,1622.94,801.48,,,,32.43,891,628,85.49,57.57
2015-09-04,96.229,1213.91,1.1149,6.4669,0.6908,3.843,692.35,1.3282,8.3086,13.8542,2.1244,1.4664,0.7067,0.611,0.274,1.5137,1.1622,1.402,1.7594,,5.48,1.63,27.8,86.7756,49.29,18.62,1921.22,1595.71,788.59,,,9169.59,31.895,875,633,98.03,144.81
2015-09-05,,,,,,,,,,,,,,,,,,,,,,,,,,,,,,,,,,,,91.28,171
2015-09-06,,,,,,,,,,,,,,,,,,,,,,,,,,,,,,,,,,,,82.64,98.96
2015-09-07,96.229,1214.03,1.117,6.4795,0.6924,,695.06,1.3307,8.3234,13.9727,2.1244,1.4664,0.7067,0.611,0.274,1.5142,1.1622,1.405,1.765,3.35,,,,86.7756,,,,1598.65,778.18,3250.49,3080.42,9103.22,,876,640,84.08,119.62
2015-09-08,95.985,1209.12,1.1203,6.4556,0.7017,3.8203,690.9,1.3208,8.2311,13.7223,2.1828,1.5173,0.7327,0.65,0.307,1.5335,1.1785,1.415,1.777,,5.38,1.62,24.9,85.2408,50.14,18.31,1969.41,1627.09,790.57,3334.02,3170.452,9479.48,32.395,873,639,117.95,69.15
2015-09-09,96.012,1210.66,1.1207,6.4666,0.7018,3.7792,689.09,1.3259,8.2186,13.7889,2.2006,1.5306,0.7409,0.641,0.314,1.5594,1.1838,1.4227,1.798,,5.33,1.6,26.23,85.0569,49.5,17.8,1942.04,1628.18,809.51,3399.31,3243.089,9975.53,31.785,855,642,142.71,46.57
2015-09-10,95.456,1205.84,1.128,6.3874,0.7072,3.8499,685.22,1.3252,8.1825,13.6298,2.222,1.5471,0.733,0.624,0.286,1.5988,1.2237,1.4626,1.837,,5.32,1.61,24.37,83.5976,50.05,16.89,1952.29,1625.4,804.16,3357.56,3197.893,9780.16,31.97,830,640,143.31,67.06
2015-09-11,95.194,1204.35,1.1338,6.4108,0.7092,3.8735,688.13,1.3264,8.1522,13.5534,2.1883,1.5128,0.7053,0.599,0.254,1.5898,1.2177,1.46,1.835,3.35,5.36,1.62,23.2,83.7805,49.63,17.38,1961.05,1626.99,802.49,3347.19,3200.234,9718.28,31.685,818,635,118.87,89.61
2015-09-12,,,,,,,,,,,,,,,,,,,,,,,,,,,,,,,,,,,,101.75,99.3
2015-09-13,,,,,,,,,,,,,,,,,,,,,,,,,,,,,,,,,,,,55.31,181.35
2015-09-14,95.246,1202.87,1.1317,6.4037,0.7138,3.8156,688.21,1.3265,8.18,13.4887,2.1831,1.5095,0.7256,0.621,0.274,1.5633,1.1899,1.438,1.805,,5.38,1.62,24.25,82.6907,49.81,17.63,1953.03,1620.28,807.66,3281.13,3114.798,9728.72,31.41,805,629,79.94,88.46
2015-09-15,95.611,1205.93,1.1269,6.411,0.7142,3.8625,685.25,1.3249,8.1951,13.4676,2.2867,1.6104,0.8024,0.713,0.36,1.5755,1.2066,1.4527,1.8125,3.34,5.31,1.61,22.54,85.0155,51.14,17.69,1978.09,1634.01,806.78,3152.23,3005.172,9704.27,31.76,802,626,122.69,100.95
2015-09-16,95.42,1201.3,1.129,6.4044,0.7197,3.8286,677.22,1.3172,8.1425,13.2663,2.294,1.6089,0.8108,0.724,0.35,1.5713,1.2205,1.472,1.8208,,5.35,1.6,21.35,84.9087,50.24,18.05,1995.31,1653.81,822.71,3309.25,3152.263,9904.71,32.66,814,639,83.47,67.49
2015-09-17,94.55,1193.93,1.1435,6.4005,0.7173,3.8986,679.14,1.3183,8.0688,13.3525,2.1903,1.4784,0.6795,0.611,0.203,1.5807,1.2332,1.484,1.826,,5.47,1.59,21.14,77.6964,45.34,16.63,1990.2,1652.88,827.5,3237,3086.061,9964.17,32.64,883,658,83.41,71.27
2015-09-18,94.863,1201.76,1.1298,6.387,0.7189,3.9446,,1.3226,8.163,13.3284,2.1336,1.444,0.6777,0.571,0.21,1.5632,1.1946,1.4526,1.8025,,5.57,1.6,22.28,75.7821,45.84,16.46,1958.03,1630.69,829.86,3251.27,3097.917,10028.38,31.55,960,666,83.91,77.99
2015-09-19,,,,,,,,,,,,,,,,,,,,,,,,,,,,,,,,,,,,83.01,104.86
2015-09-20,,,,,,,,,,,,,,,,,,,,,,,,,,,,,,,,,,,,68.18,88.42
2015-09-21,95.894,1207.56,1.119,6.3988,0.7132,3.9851,684.76,1.3255,8.2238,13.4727,2.2012,1.4935,0.7062,0.644,0.257,1.5576,1.1973,1.442,1.793,3.35,5.52,1.59,20.14,74.5091,47.51,16.59,1966.97,1628.93,815.63,3308.25,3156.54,9899.37,31.73,978,671,86.41,87.15
2015-09-22,96.283,1212.84,1.112,6.4166,0.7089,4.0504,697.37,1.3272,8.2875,13.6795,2.1337,1.4292,0.6738,0.605,0.22,1.53,1.171,1.424,1.764,3.35,5.73,1.6,22.44,75.5988,48.9,17.35,1942.74,1600.76,808.23,3339.03,3185.619,9835.39,31.395,923,674,188.75,87.71
2015-09-23,96.068,1217,1.1186,6.4384,0.7003,4.179,703.8,1.332,8.2707,13.862,2.1497,1.4474,0.6993,0.626,0.241,1.5243,1.1625,1.4125,1.7675,3.35,5.73,1.61,22.13,74.5114,51.12,17.34,1938.76,1596.66,791.79,3263.03,3115.888,9570.25,30.99,917,697,85.78,64.87
2015-09-24,95.994,1211.39,1.123,6.4167,0.7024,3.937,698.83,1.3305,8.4515,13.844,2.1266,1.4498,0.6798,0.631,0.265,1.4966,1.1153,1.3576,1.725,,5.88,1.62,23.47,76.3665,49.44,19.26,1932.24,1587.38,785.68,3285,3142.687,9469.81,31.125,922,705,88.7,41.42
2015-09-25,96.269,1214.12,1.1195,6.3975,0.7024,3.9765,701.56,1.3337,8.5236,13.9152,2.1623,1.4742,0.6918,0.694,0.318,1.4696,1.0868,1.3475,1.73,3.35,5.9,1.63,23.62,75.8591,47.71,18.33,1931.34,1594.7,789.15,3231.95,3092.347,9512.26,31.185,943,706,81.84,44.34
2015-09-26,,,,,,,,,,,,,,,,,,,,,,,,,,,,,,,,,,,,78.38,87.87
2015-09-27,,,,,,,,,,,,,,,,,,,,,,,,,,,,,,,,,,,,75.04,82.39
2015-09-28,96.034,1214.91,1.1244,6.358,0.6989,4.1106,705.15,1.3397,8.534,14.061,2.0949,1.4189,0.6683,0.71,0.356,1.3862,0.9963,1.244,1.618,,6.21,1.65,27.63,76.9485,49.46,18.28,1881.77,1560.04,781.57,3242.75,3100.756,,29.94,943,703,92.13,41.68
2015-09-29,95.855,1213.3,1.1249,6.3442,0.6985,4.0608,703.33,1.3422,8.4763,13.9797,2.0508,1.3766,0.6486,0.652,0.283,1.3999,1.0306,1.275,1.626,3.28,6.34,1.69,26.83,83.3457,49.32,17.67,1884.09,1550.43,776.35,3178.85,3038.137,9230.5,29.895,926,698,111.61,65.7
2015-09-30,96.35,1213.83,1.1177,6.3636,0.7018,3.9471,696.2,1.3313,8.5155,13.8549,2.0368,1.3572,0.6289,0.607,0.22,1.4309,1.0754,1.34,1.66,3.27,6.3,1.69,24.5,81.565,45.52,17.47,1920.03,1581.92,792.05,3202.95,3052.782,9405.5,30.6,900,715,101.28,77.75
2015-10-01,96.185,1212.37,1.1195,6.3679,0.703,4.0098,696.49,1.3268,8.427,13.9221,2.0368,1.3653,0.6447,0.577,0.186,1.4604,1.1241,1.398,1.72,,6.35,1.71,22.55,81.5384,44.61,16.9,1923.82,1587.98,797.61,,,,30.66,888,725,128.45,69.02
2015-10-02,95.83,1208.88,1.1216,6.3569,0.7045,3.9325,689.3,1.3152,8.3726,13.7316,1.9929,1.2955,0.5794,0.5,0.087,1.4937,1.1522,1.4225,1.7434,,6.53,1.71,20.94,78.8806,42.86,16.71,1951.36,1607.13,804.1,,,9686.64,31.925,889,745,180.35,64.84
2015-10-03,,,,,,,,,,,,,,,,,,,,,,,,,,,,,,,,,,,,70.56,46.31
2015-10-04,,,,,,,,,,,,,,,,,,,,,,,,,,,,,,,,,,,,81.99,87.51
2015-10-05,96.106,1208.28,1.1188,6.3489,0.7083,3.9115,683.77,1.3086,8.4051,13.6189,2.0562,1.3425,0.6052,0.544,0.109,1.5132,1.1763,1.445,1.77,,6.33,1.7,19.54,77.4709,43.03,16.68,1987.05,1637.49,821.26,,,9883.71,32.89,881,754,91.1,48.01
2015-10-06,95.455,1200.75,1.1272,6.3519,0.7166,3.8548,680.63,1.3034,8.275,13.5194,2.0315,1.3246,0.6012,0.505,0.062,1.5274,1.2053,1.483,1.7925,,6.23,1.68,19.4,80.2546,44.14,17.54,1979.92,1640.98,828.68,,,9931.53,33.62,869,774,113.13,110.95
2015-10-07,95.497,1201.15,1.1237,6.3469,0.7208,3.8857,679.4,1.3057,8.213,13.4633,2.0668,1.3701,0.625,0.514,0.094,1.5535,1.2139,1.4925,1.82,,6.03,1.66,18.4,79.9819,43.26,17.13,1995.83,1653.47,850.78,,,10394.79,34.045,841,786,110.68,49.15
2015-10-08,95.318,1196.59,1.1276,6.3423,0.726,3.784,679.85,1.3016,8.1442,13.3092,2.104,1.3962,0.633,0.524,0.083,1.5807,1.2508,1.5325,1.8665,3.27,5.98,1.66,17.42,79.5139,43.28,16.91,2013.43,1663.57,848.37,3296.48,3143.357,10287.41,34.695,817,790,70.64,26.35
2015-10-09,94.813,1192.45,1.1358,6.3384,0.7336,3.7662,678.02,1.2945,8.0789,13.3512,2.0881,1.3978,0.637,0.556,0.124,1.5328,1.2056,1.482,1.8036,,5.86,1.64,17.08,78.2372,42.8,16.92,2014.89,1673.77,859.32,3340.12,3183.152,10406.79,34.47,809,783,88.39,78.91
2015-10-10,,,,,,,,,,,,,,,,,,,,,,,,,,,,,,,,,,,,,111.14
2015-10-11,,,,,,,,,,,,,,,,,,,,,,,,,,,,,,,,,,,,,93.28
2015-10-12,94.841,1192.16,1.1358,6.3228,0.7362,,,1.2998,8.095,13.3235,2.0881,1.3978,0.637,0.556,0.124,1.5328,1.2064,1.49,1.798,3.17,,,16.17,78.2372,44.9,16.24,2017.46,1674.39,865.23,3447.69,3287.662,10538.19,34.025,809,778,,112.89
2015-10-13,94.759,1194.29,1.1379,6.343,0.7245,3.8931,683.31,1.3039,8.157,13.5577,2.0439,1.3537,0.617,0.523,0.122,1.5217,1.1691,1.433,1.778,,5.97,1.65,17.67,76.3344,45.37,17.14,2003.69,1661.07,854.29,3445.04,3293.23,10437.69,33.67,804,769,,33.11
2015-10-14,93.931,1183.42,1.1474,6.3392,0.73,3.8126,681.45,1.2936,8.0818,13.2346,1.9718,1.269,0.5487,0.479,0.076,1.4938,1.1303,1.4,1.7607,3.09,6.06,1.66,18.03,74.8044,42.7,18.35,1994.24,1653.01,849.4,3406.11,3262.441,10334.42,33.96,787,771,,59.36
2015-10-15,94.371,1185.28,1.1386,6.3499,0.7329,3.7994,674.13,1.2864,8.0975,13.0471,2.0175,1.3325,0.5968,0.518,0.11,1.5006,1.16,1.425,1.76,,6.01,1.66,16.05,74.6084,41.99,17.9,2023.86,1675.77,864.73,3486.82,3338.073,10552.93,34.57,766,772,,35.67
2015-10-16,94.54,1189.63,1.1348,6.3645,0.7264,3.9253,675.02,1.2914,8.1108,13.0851,2.0334,1.352,0.6088,0.55,0.137,1.4844,1.1576,1.43,1.745,,5.94,1.65,15.05,74.6965,39.58,16.59,2033.11,1683.55,865.28,3534.07,3391.352,10637.01,34.615,754,771,,51.22
2015-10-17,,,,,,,,,,,,,,,,,,,,,,,,,,,,,,,,,,,,,49.26
2015-10-18,,,,,,,,,,,,,,,,,,,,,,,,,,,,,,,,,,,,,66.3
2015-10-19,94.928,1193.03,1.1327,6.3886,0.7248,3.8864,680.6,1.3019,8.1318,13.2911,2.0228,1.3373,0.5866,0.564,0.156,1.46,1.1241,1.398,1.72,3.14,5.91,1.64,14.98,70.9688,40.74,16.94,2033.66,1679.92,867.25,3534.18,3386.7,10688.54,33.93,747,756,,51.91
2015-10-20,94.913,1193.41,1.1346,6.3728,0.726,3.9053,687.87,1.298,8.1238,13.298,2.067,1.3881,0.629,0.581,0.181,1.4866,1.1529,1.4327,1.75,3.12,5.82,1.63,15.75,71.1086,41.72,16.79,2030.77,1677.52,864.47,3577.7,3425.33,10649.45,34.025,762,751,,27.87
2015-10-21,95.035,1196.98,1.1339,6.3698,0.721,3.9399,693.73,1.3139,8.1938,13.5261,2.0228,1.352,0.6209,0.571,0.178,1.4524,1.1199,1.4075,1.718,3.09,5.83,1.62,16.7,69.6699,41.77,15.9,2018.94,1672.87,859.1,3473.25,3320.676,,33.605,780,749,,83.48
2015-10-22,96.378,1205.06,1.1109,6.3879,0.7208,3.907,689.48,1.3088,8.3338,13.399,2.0263,1.352,0.6006,0.541,0.165,1.4863,1.1365,1.422,1.756,3.09,5.85,1.61,14.45,69.9736,40.22,15.59,2052.51,1689.33,858.17,3524.53,3368.739,10600.52,34.21,786,739,,52.71
2015-10-23,97.127,1212.25,1.1018,6.3964,0.7216,3.8771,686.78,1.3166,8.3865,13.6412,2.0866,1.4161,0.6413,0.564,0.186,1.5231,1.1796,1.465,1.795,3.08,5.73,1.59,14.46,70.8085,41.51,15.59,2075.15,1706.61,868.56,3571.24,3412.434,10742.04,34.13,774,739,,51.59
2015-10-24,,,,,,,,,,,,,,,,,,,,,,,,,,,,,,,,,,,,,87.13
2015-10-25,,,,,,,,,,,,,,,,,,,,,,,,,,,,,,,,,,,,,66.66
2015-10-26,96.861,1209.09,1.1058,6.3891,0.7249,3.9067,686.06,1.3153,8.3329,13.6392,2.0564,1.3947,0.6372,0.57,0.202,1.4874,1.1458,1.4375,1.765,3.05,5.73,1.58,15.29,69.6786,42.99,15.78,2071.18,1704.98,867.65,3589.26,3429.581,10747.68,33.295,759,737,,75.05
2015-10-27,96.906,1210.39,1.1051,6.3935,0.7193,3.8884,688.65,1.3269,8.4538,13.6749,2.037,1.3651,0.6209,0.552,0.176,1.4859,1.1399,1.4302,1.757,3.03,5.81,1.59,15.43,69.8026,44.77,15.3,2065.89,1696.24,862.71,3592.88,3434.336,10714.79,32.895,739,756,,74.57
2015-10-28,97.782,1218.1,1.0923,6.3891,0.7115,3.9048,686.2,1.3191,8.5704,13.7116,2.1009,1.4674,0.7029,0.63,0.284,1.4732,1.1362,1.4325,1.741,3,5.72,1.59,14.33,70.2666,44.29,15.63,2090.35,1714.13,860.3,3524.92,3375.196,10558.47,33.625,736,744,,112.28
2015-10-29,97.282,1214.89,1.0977,6.3491,0.7074,3.8489,688.75,1.3172,8.5658,13.8959,2.1725,1.5332,0.7236,0.651,0.29,1.5223,1.1804,1.462,1.7875,3.08,5.63,1.59,14.61,73.122,43.63,15.77,2089.41,1706.61,846.14,3533.31,3387.315,10439.38,33.795,728,750,,77.35
2015-10-30,96.946,1209.83,1.1006,6.3219,0.7138,3.8568,691.6,1.308,8.4855,13.8224,2.1421,1.5185,0.724,0.614,0.268,1.5292,1.1916,1.473,1.796,,5.6,1.59,15.07,73.0792,41.95,15.39,2079.36,1705.8,847.84,3534.08,3382.561,10396.58,34.015,721,788,,38.41
2015-10-31,,,,,,,,,,,,,,,,,,,,,,,,,,,,,,,,,,,,,46.01
2015-11-01,,,,,,,,,,,,,,,,,,,,,,,,,,,,,,,,,,,,46.56,93.34
2015-11-02,96.928,1208.81,1.1016,6.3458,0.7147,,692.31,1.3094,8.4876,13.7862,2.1709,1.5529,0.7531,0.619,0.276,1.5532,1.2206,1.5025,1.823,,5.55,1.59,14.15,73.2086,41.88,15.28,2104.05,1715.18,850.23,3475.96,3325.085,10240.33,34.81,706,816,109.92,32.86
2015-11-03,97.158,1208.98,1.0964,6.3449,0.7186,3.7694,688.63,1.306,8.5055,13.7401,2.2105,1.5892,0.7657,0.622,0.259,1.589,1.2728,1.564,1.859,,5.48,1.58,14.54,73.2962,41.27,17.19,2109.79,1717.39,860.77,3465.49,3316.695,10283.42,35.7,680,823,53.27,72.75
2015-11-04,97.95,1216.99,1.0866,6.3548,0.7149,3.8009,691.43,1.315,8.6291,13.9591,2.225,1.6338,0.8116,0.65,0.329,1.5756,1.2552,1.538,1.837,3.14,5.45,1.56,15.51,77.5875,41.54,18.02,2102.31,1713.87,868.16,3628.54,3459.64,10560.74,35.38,657,822,96.48,45.24
2015-11-05,97.936,1219.11,1.0884,6.3726,0.7144,3.7802,694.75,1.317,8.5529,13.8917,2.2323,1.6306,0.8256,0.672,0.343,1.5604,1.2401,1.5125,1.827,,5.51,1.55,15.05,76.728,39.29,17.82,2099.93,1710.77,864.14,3705.97,3522.819,10617.67,35.08,640,822,60.45,33.09
2015-11-06,99.168,1232.53,1.0741,6.3916,0.7043,3.7692,699.54,1.3306,8.6706,14.1639,2.3252,1.7304,0.8859,0.735,0.425,1.5915,1.2573,1.525,1.855,,5.52,1.55,14.33,74.2542,39.85,17.36,2099.2,1704.39,852.47,3793.37,3590.032,10555.97,34.9,631,828,89.18,78.78
2015-11-07,,,,,,,,,,,,,,,,,,,,,,,,,,,,,,,,,,,,102.22,102.94
2015-11-08,,,,,,,,,,,,,,,,,,,,,,,,,,,,,,,,,,,,84.11,93.34
2015-11-09,98.979,1231.33,1.0752,6.3913,0.7047,3.7993,702.75,1.3287,8.666,14.3002,2.3436,1.7389,0.8821,0.734,0.411,1.6102,1.2827,1.553,1.8775,3.26,5.62,1.54,16.52,71.7795,41.34,17.55,2078.58,1691.6,843.57,3840.35,3646.881,10506.41,34.555,628,831,87.31,60.61
2015-11-10,99.293,1232.73,1.0724,6.3939,0.7032,3.7476,700.23,1.3275,8.6303,14.2668,2.3419,1.7227,0.8744,0.764,0.419,1.5784,1.2571,1.532,1.8475,,5.7,1.54,15.29,70.4772,39.34,17.36,2081.72,1690.51,833.39,3833.24,3640.485,10314.74,34.63,622,835,,44.19
2015-11-11,99.013,1229.43,1.0743,6.3909,0.7062,3.7609,698.4,1.3262,8.6108,14.154,2.3301,1.7227,0.8744,0.764,0.419,1.5788,1.2535,1.532,1.8475,3.21,,,16.06,70.4772,41.92,17.89,2075,1691.88,833.38,3833.65,3650.249,10245.53,33.895,599,852,,44.92
2015-11-12,98.649,1226.09,1.0814,6.3917,0.7126,3.771,701.83,1.3291,8.6614,14.3104,2.3116,1.7129,0.8706,0.756,0.421,1.5672,1.2406,1.5125,1.848,3.19,5.79,1.55,18.37,69.4517,43.93,18.47,2045.97,1671.49,833.74,3795.32,3632.902,10408.93,33.125,579,853,,20.53
2015-11-13,98.998,1229.63,1.0773,6.4068,0.7127,3.8494,704.2,1.3323,8.6749,14.3862,2.2658,1.6519,0.8347,0.725,0.39,1.5541,1.2097,1.499,1.829,3.18,5.91,1.55,20.08,68.3001,46.26,18.29,2023.04,1654.3,821.12,3746.24,3580.839,10181.47,32.99,560,861,,33.65
2015-11-14,,,,,,,,,,,,,,,,,,,,,,,,,,,,,,,,,,,,,54.12
2015-11-15,,,,,,,,,,,,,,,,,,,,,,,,,,,,,,,,,,,,,87.14
2015-11-16,99.442,1233.95,1.0686,6.4008,0.7096,3.819,713.13,1.3331,8.696,14.3149,2.2676,1.652,0.851,0.735,0.4,1.5443,1.1997,1.4975,1.8309,,5.95,1.56,18.16,67.6863,47.44,18.5,2053.19,1667.45,813.38,3764.13,3606.958,9978.7,34.09,550,863,,91.65
2015-11-17,99.631,1235.36,1.0642,6.4112,0.7111,3.8138,711.4,1.3321,8.685,14.2724,2.2658,1.6538,0.8511,0.717,0.389,1.564,1.2142,1.515,1.841,,5.87,1.55,18.84,72.3323,46.63,20.17,2050.44,1676.1,824.09,3758.39,3604.795,10073.43,33.715,537,871,,63.48
2015-11-18,99.652,1235.71,1.066,6.4179,0.7111,3.7648,714.81,1.3303,8.6701,14.1674,2.2728,1.6839,0.8756,0.695,0.388,1.5916,1.2408,1.54,1.873,3.17,5.9,1.55,16.85,71.6503,43.53,19.4,2083.58,1691.55,822.84,3715.58,3568.468,10055.28,34.27,519,879,,68.43
2015-11-19,98.989,1227.44,1.0734,6.4036,0.7194,3.7177,709.99,1.3284,8.6036,14.029,2.2482,1.6741,0.8921,0.652,0.354,1.61,1.2603,1.5625,1.883,3.18,5.97,1.55,16.99,70.5353,43.75,18.04,2081.24,1700.56,837.14,3774.97,3617.062,10193.11,33.81,504,883,,43.31
2015-11-20,99.565,1231.27,1.0646,6.4215,0.7239,3.708,710.59,1.3346,8.6414,13.9611,2.2623,1.6862,0.9172,0.641,0.327,1.635,1.2956,1.5975,1.9125,,6.01,1.55,15.47,70.5107,44.93,17.26,2089.17,1702.83,843.48,3774.38,3630.5,10302,33.45,498,887,,48.78
2015-11-21,,,,,,,,,,,,,,,,,,,,,,,,,,,,,,,,,,,,,26.01
2015-11-22,,,,,,,,,,,,,,,,,,,,,,,,,,,,,,,,,,,,,51.15
2015-11-23,99.803,1233.98,1.0636,6.4301,0.7192,3.7323,715.13,1.3365,8.651,14.0872,2.2377,1.6714,0.9174,0.607,0.306,1.6434,1.2979,1.56,1.924,,6.03,1.55,15.62,70.8031,45.84,17.7,2086.59,1697.3,841.11,3753.34,3610.314,10229.43,33.69,516,888,,13.92
2015-11-24,99.527,1230.44,1.0643,6.4273,0.7257,3.699,710.88,1.3305,8.6476,14.0286,2.2377,1.6649,0.9303,0.606,0.276,1.6455,1.3203,1.6075,1.924,,6.07,1.55,15.93,70.8811,47.17,16.72,2089.14,1695.46,839.3,3753.89,3616.113,10156.63,34.41,528,890,,28.8
2015-11-25,99.795,1231.51,1.0624,6.4227,0.7252,3.745,714.49,1.329,8.6414,14.1317,2.2341,1.6708,0.9343,0.607,0.292,1.6379,1.3124,1.6275,1.917,,6.04,1.55,15.19,70.0444,48.46,16.39,2088.87,1697.83,836.15,3781.61,3647.93,10127.87,34.13,546,891,,20.42
2015-11-26,99.795,1232.89,1.061,6.4351,0.7225,3.743,712.66,1.3294,8.6631,14.2882,2.2341,1.6708,0.9343,0.607,0.292,1.6379,1.3124,1.6275,1.925,3.123,,,,70.0444,,,,1703.84,838.09,3759.43,3635.552,10108.39,,562,899,,95.75
2015-11-27,100.02,1237.35,1.0593,6.4475,0.7193,3.8467,711.6,1.3371,8.7064,14.4066,2.2201,1.6446,0.9185,0.596,0.269,1.6352,1.3093,1.62,1.9225,,6.06,1.55,15.12,69.6086,48.28,17.16,2090.11,1700.29,826.36,3556.99,3436.303,9855.66,33.885,581,904,,45.15
2015-11-28,,,,,,,,,,,,,,,,,,,,,,,,,,,,,,,,,,,,,44.18
2015-11-29,,,,,,,,,,,,,,,,,,,,,,,,,,,,,,,,,,,,,64.8
2015-11-30,100.17,1237.85,1.0565,6.4251,0.7227,3.8685,711.01,1.3362,8.6979,14.448,2.206,1.6446,0.9304,0.598,0.295,1.6203,1.2922,1.617,1.925,,6.02,1.55,16.13,69.8952,48.14,16.91,2080.41,1694.4,814.3,3566.41,3445.405,9790.64,34.01,584,907,,61.99
2015-12-01,99.795,1233.43,1.0633,6.4468,0.7323,3.85,703.02,1.3358,8.6219,14.4382,2.1431,1.5858,0.9067,0.555,0.229,1.5982,1.2972,1.6327,1.91,3.09,6.02,1.55,14.67,70.9762,49.28,16.62,2102.63,1710.12,825.48,3591.7,3456.309,9947.94,34.28,598,926,170.5,48.27
2015-12-02,99.993,1235.81,1.0615,6.4475,0.7309,3.8366,703.43,1.3343,8.6533,14.3521,2.1797,1.6332,0.9345,0.599,0.294,1.5882,1.2858,1.62,1.906,3.08,5.97,1.55,15.91,72.311,51.96,17.36,2079.51,1696.23,821.78,3721.95,3536.905,10050.36,33.22,590,953,192.7,47.61
2015-12-03,97.621,1218.73,1.094,6.4215,0.7341,3.7592,701.28,1.3355,8.4834,14.3616,2.3136,1.7333,0.9505,0.688,0.329,1.6343,1.3423,1.678,1.957,3.08,5.92,1.55,18.11,74.5605,50.65,17.76,2049.62,1678.23,819.25,3749.3,3584.824,9987.84,32.555,574,962,157.92,38.7
2015-12-04,98.354,1223.73,1.0881,6.4462,0.7339,3.7524,702.63,1.3362,8.512,14.3747,2.2693,1.7055,0.9388,0.655,0.338,1.6263,1.3082,1.63,1.943,3.08,6,1.55,14.81,71.264,45.44,15.96,2091.69,1694.78,812.27,3677.59,3524.992,9834.28,32.35,563,962,156.33,34.6
2015-12-05,,,,,,,,,,,,,,,,,,,,,,,,,,,,,,,,,,,,158.13,44.67
2015-12-06,,,,,,,,,,,,,,,,,,,,,,,,,,,,,,,,,,,,135.34,74.22
2015-12-07,98.655,1230.1,1.0837,6.4722,0.7267,3.768,706.5,1.3499,8.6597,14.539,2.2288,1.6709,0.9269,0.657,0.36,1.5821,1.2566,1.5828,1.896,,6.14,1.55,15.84,70.5604,49,16.23,2077.07,1686.58,807.79,3687.61,3536.927,9798.19,31.12,551,962,197.37,50.85
2015-12-08,98.474,1230.3,1.0892,6.4881,0.7215,3.795,,1.3585,8.7899,14.5929,2.2182,1.6611,0.929,0.646,0.35,1.584,1.2536,1.585,1.894,3.05,6.28,1.57,17.6,72.7121,50.34,16.12,2063.59,1670.68,795.46,3623.02,3470.07,9660.87,30.8,551,956,197.98,43.97
2015-12-09,97.345,1220.67,1.1025,6.5068,0.7229,3.7502,703.74,1.358,8.6694,14.973,2.2164,1.643,0.923,0.677,0.366,1.5492,1.2223,1.5477,1.86,3.06,6.34,1.57,19.61,72.3993,51.53,17.39,2047.62,1664.37,795.23,3635.94,3472.439,9558.76,31.205,546,943,199.5,57.21
2015-12-10,97.939,1225.41,1.0941,6.4981,0.7281,3.8134,703.85,1.3625,8.6434,15.4676,2.2305,1.6776,0.9432,0.707,0.402,1.5361,1.2202,1.5425,1.8509,3.06,6.35,1.58,19.34,72.3172,51.23,17.07,2052.23,1663.88,789.02,3623.08,3455.495,9450.49,31.405,534,920,,64.28
2015-12-11,97.565,1225.87,1.0986,6.5323,0.7189,3.8739,708.95,1.3756,8.6866,15.8952,2.127,1.5527,0.875,0.654,0.336,1.484,1.1631,1.51,1.8175,3.05,6.72,1.61,24.39,74.9966,54.29,18.16,2012.37,1637.83,773.56,3608.06,3434.582,9308,30.23,522,920,,110.78
2015-12-12,,,,,,,,,,,,,,,,,,,,,,,,,,,,,,,,,,,,,61.68
2015-12-13,,,,,,,,,,,,,,,,,,,,,,,,,,,,,,,,,,,,,89.96
2015-12-14,97.604,1226.2,1.0992,6.5552,0.7242,3.8733,712.03,1.3734,8.6585,15.1077,2.2217,1.653,0.9435,0.754,0.433,1.4817,1.1628,1.515,1.816,3.03,6.91,1.65,22.73,78.2478,55.36,19.05,2021.94,1632.28,771.22,3711.32,3520.668,9315.91,30.39,508,904,,56.77
2015-12-15,98.217,1229.55,1.0931,6.5399,0.7192,3.871,711.18,1.3733,8.6903,14.9292,2.2658,1.6926,0.9639,0.772,0.425,1.5061,1.2083,1.56,1.855,3.05,6.67,1.66,20.95,79.5704,50.03,18.09,2043.41,1646.69,779.41,3694.39,3510.354,9344.07,31.155,484,897,,78
2015-12-16,97.871,1229.75,1.0912,6.5244,0.7233,3.8816,708.45,1.378,8.7556,14.9437,2.296,1.7473,1.0025,0.814,0.505,1.4953,1.1844,1.5325,1.84,3.04,6.57,1.65,17.86,70.2137,47.64,15.41,2073.07,1668.73,790.34,3685.44,3516.187,9538.66,30.95,471,898,,85.34
2015-12-17,99.27,1239.22,1.0826,6.5689,0.7129,3.8776,708.48,1.3937,8.7671,15.2304,2.2234,1.7026,0.9844,0.74,0.445,1.4977,1.2077,1.565,1.848,3.05,6.59,1.65,18.94,67.6684,47.45,16.06,2041.89,1655.22,798.59,3755.89,3579.999,9666.52,30.19,471,897,,100.26
2015-12-18,98.703,1234.39,1.0868,6.5567,0.7176,3.9833,698.75,1.3957,8.7449,15.0928,2.204,1.6762,0.9522,0.719,0.417,1.5008,1.2099,1.562,1.841,3.05,6.79,1.66,20.7,67.8121,49.43,15.06,2005.55,1633.75,789.71,3767.91,3578.964,9634.41,29.395,477,897,,86.5
2015-12-19,,,,,,,,,,,,,,,,,,,,,,,,,,,,,,,,,,,,,63.29
2015-12-20,,,,,,,,,,,,,,,,,,,,,,,,,,,,,,,,,,,,,55.79
2015-12-21,98.363,1233.32,1.0915,6.5528,0.719,4.0112,692.2,1.3959,8.7822,15.0977,2.1917,1.6679,0.9442,0.731,0.438,1.4773,1.1812,1.5125,1.806,2.94,6.85,1.67,18.7,66.3699,49.18,15.32,2021.15,1638.91,791.43,3865.96,3642.472,9746.99,29.425,478,889,,79.05
2015-12-22,98.235,1231.18,1.0957,6.5271,0.7236,3.9886,697.46,1.392,8.7055,15.1593,2.2357,1.7044,0.9729,0.761,0.463,1.4918,1.1937,1.5275,1.825,2.93,6.76,1.67,16.6,66.8957,48.84,15.17,2038.97,1650.17,794.61,3876.73,3651.767,9731.53,29.77,474,879,,77.14
2015-12-23,98.341,1230.65,1.0912,6.5455,0.7234,3.9412,699.65,1.3849,8.7199,15.2158,2.2534,1.7194,0.9812,0.731,0.425,1.5418,1.24,1.53,1.863,2.9,6.66,1.66,15.57,66.0201,47.39,14.94,2064.29,1671.51,803.13,3866.38,3636.089,9882.95,31.065,475,873,,75.23
2015-12-24,97.984,1227.18,1.0963,6.5441,0.7263,3.942,700.75,1.3821,8.7,15.2292,2.241,1.713,0.9983,0.716,0.418,1.5421,1.2455,1.58,1.87,2.9,6.67,1.67,15.74,65.4655,44.81,15.02,2060.99,1674,804.06,3829.4,3612.485,9953.21,30.785,478,869,,58.39
2015-12-25,97.847,1227.17,1.096,6.5423,0.728,,,1.3824,8.6786,15.2288,2.241,1.713,0.9983,0.716,0.418,1.5421,1.2455,1.5831,1.879,,,,,65.4655,,,,1673.3,804.29,3838.2,3627.914,,,,,,64.23
2015-12-26,,,,,,,,,,,,,,,,,,,,,,,,,,,,,,,,,,,,,122.65
2015-12-27,,,,,,,,,,,,,,,,,,,,,,,,,,,,,,,,,,,,,118.36
2015-12-28,97.919,1227.58,1.0968,6.5603,0.7249,3.8594,707.81,1.3905,8.7012,15.31,2.2304,1.718,1.0067,0.715,0.434,1.5342,1.2316,1.57,1.864,2.84,6.69,1.66,16.91,67.2103,47,16.06,2056.5,1670.39,800.32,3727.63,3533.779,9789.46,30.225,,,,106.39
2015-12-29,98.101,1228.65,1.092,6.5773,0.7296,3.8649,708.98,1.3844,8.7229,15.2959,2.305,1.7849,1.0911,0.767,0.475,1.5564,1.2513,1.6025,1.893,2.83,6.58,1.66,16.08,67.2477,45.27,15.22,2078.36,1685.62,799.69,3761.87,3563.736,9788.91,30.435,,,,59.15
2015-12-30,98.266,1231.11,1.0933,6.5678,0.7287,3.9582,707.8,1.388,8.7927,15.5592,2.2943,1.7927,1.0713,0.744,0.459,1.5678,1.2519,1.592,1.9,2.85,6.58,1.65,17.29,67.3456,46.01,15.25,2063.36,1676.43,791.47,3765.18,3572.876,9659.88,30.025,,,,90.42
2015-12-31,98.631,1232.59,1.0862,6.5686,0.7286,3.964,,1.3839,8.8431,15.4685,2.2694,1.7598,1.0477,0.71,0.397,1.576,1.2809,1.59,1.904,2.86,6.6,1.65,18.21,67.8473,46.57,14.99,2043.94,1662.79,794.14,3731,3539.182,9661.03,30.16,,,,59.74
2016-01-01,98.683,1232.86,1.0856,6.5697,0.7303,,,1.3855,8.8664,15.5575,2.2694,1.7598,1.0477,0.71,0.397,1.576,1.2809,1.593,1.91,,,,,67.8473,,,,1662.79,794.21,,,,,,,208.84,102.81
2016-01-02,,,,,,,,,,,,,,,,,,,,,,,,,,,,,,,,,,,,89.81,71.43
2016-01-03,,,,,,,,,,,,,,,,,,,,,,,,,,,,,,,,,,,,113.11,163.65
2016-01-04,98.869,1236.77,1.0831,6.6301,0.7191,4.0391,717.9,1.3953,8.8778,15.5763,2.2428,1.7336,1.0358,0.674,0.372,1.5809,1.2832,1.617,1.908,,6.74,1.67,20.7,68.8377,49.79,16.07,2012.66,1630.89,767.77,3469.07,3296.258,9311.18,30.15,473,1065,133.57,106.94
2016-01-05,99.404,1240.42,1.0748,6.6449,0.7161,4.0084,713.9,1.3996,8.9093,15.636,2.2357,1.7122,1.0139,0.662,0.351,1.5841,1.2856,1.6113,1.911,2.93,6.68,1.66,19.34,71.4222,49.68,15.2,2016.71,1630.64,768.46,3478.78,3287.71,9223.01,30.265,468,1057,205.16,52.8
2016-01-06,99.181,1242.54,1.0781,6.6964,0.7072,4.0295,714.47,1.4076,8.9566,15.8597,2.1702,1.6417,0.976,0.623,0.326,1.5576,1.2426,1.555,1.8609,2.93,6.76,1.67,20.59,71.6843,52.36,16.3,1990.26,1610.17,759.81,3539.81,3361.84,9137.79,29.1,467,1051,161.47,30.4
2016-01-07,98.219,1237.09,1.0932,6.6823,0.7012,4.0441,721.79,1.4115,8.8843,16.0618,2.1455,1.5992,0.948,0.635,0.298,1.5192,1.225,1.54,1.816,2.9,6.89,1.7,24.99,74.2112,56.15,17.42,1943.09,1576.32,738.86,3294.38,3125.002,8753.97,28.39,445,1043,205.2,56.4
2016-01-08,98.54,1240.22,1.0922,6.6831,0.6953,4.0248,727.77,1.4172,8.88,16.3039,2.1156,1.5597,0.9318,0.619,0.262,1.5026,1.2177,1.51,1.7835,2.87,6.91,1.7,27.01,71.0073,56.1,17.62,1922.03,1561.47,740.07,3361.56,3186.412,8845.89,28.025,429,1016,181.01,62.21
2016-01-09,,,,,,,,,,,,,,,,,,,,,,,,,,,,,,,,,,,,67.2,73.93
2016-01-10,,,,,,,,,,,,,,,,,,,,,,,,,,,,,,,,,,,,100.82,115.76
2016-01-11,98.725,1243.38,1.0859,6.5855,0.6995,4.0534,731.4,1.4216,8.9394,16.7825,2.1754,1.5939,0.9317,0.701,0.322,1.4809,1.1904,1.4878,1.765,2.86,6.95,1.71,24.3,71.0193,62.98,16.43,1923.67,1557.59,723.36,3192.45,3016.704,8505.16,27.425,415,988,95.25,65.1
2016-01-12,98.974,1244.25,1.0858,6.578,0.6986,4.028,731.29,1.4262,8.8816,16.6724,2.1032,1.5399,0.9235,0.651,0.29,1.4584,1.17,1.45,1.73,2.83,7.03,1.72,22.47,71.964,65.27,16.61,1938.68,1561.68,723.21,3215.71,3022.861,8439.31,27.49,402,957,106.39,67.32
2016-01-13,98.933,1244.94,1.0877,6.5672,0.6955,4.0152,726.39,1.434,8.8191,16.569,2.0927,1.5251,0.9073,0.658,0.288,1.4415,1.1567,1.433,1.707,2.83,7.13,1.74,25.22,74.4599,60.67,16.99,1890.28,1544.28,729.56,3155.88,2949.597,8494.49,26.83,394,929,139.33,130.12
2016-01-14,99.089,1246.15,1.0865,6.6021,0.6985,3.9997,725.53,1.4366,8.7733,16.448,2.0874,1.5071,0.8911,0.636,0.236,1.457,1.1841,1.4575,1.7325,2.77,7.23,1.77,23.95,73.6146,57.56,16.16,1921.84,1549.06,723.15,3221.57,3007.649,8459.63,27.985,383,906,125.48,72.92
2016-01-15,98.956,1249.4,1.0916,6.6139,0.6864,4.0483,731.19,1.4541,8.8351,16.7853,2.0347,1.4527,0.85,0.651,0.26,1.3892,1.1088,1.38,1.666,2.78,7.55,1.81,27.02,78.0636,62.09,17.42,1880.33,1521,709.19,3118.73,2900.97,8236.28,27.175,373,897,112.73,67.14
2016-01-16,,,,,,,,,,,,,,,,,,,,,,,,,,,,,,,,,,,,92.98,137.85
2016-01-17,,,,,,,,,,,,,,,,,,,,,,,,,,,,,,,,,,,,102.03,126.15
2016-01-18,98.956,1250.36,1.0892,6.5848,0.6866,4.0333,730.12,1.456,8.9011,16.8717,2.0347,1.4527,0.85,0.651,0.26,1.3892,1.1088,1.3775,1.663,2.82,,,,78.0636,,,,1514.05,703.41,3130.73,2913.837,8134.81,,369,882,147.98,71.03
2016-01-19,98.991,1250.7,1.0908,6.5906,0.6909,4.0643,725.66,1.4579,8.8101,16.7851,2.0556,1.4852,0.87,0.666,0.27,1.3966,1.1258,1.4,1.675,2.81,7.53,1.83,26.05,77.3158,64.04,16.17,1881.33,1520.49,714.37,3223.13,3007.739,8377.8,26.59,363,882,154.42,81.9
2016-01-20,99.091,1251.46,1.089,6.6032,0.6908,4.0975,729.1,1.4504,8.8779,16.7617,1.9824,1.4165,0.8212,0.637,0.238,1.3509,1.0895,1.3529,1.622,2.85,7.9,1.9,27.59,81.8198,67.93,16.56,1859.33,1491.73,692.76,3174.38,2976.694,8015.44,25.885,358,876,194.34,70.19
2016-01-21,99.056,1250.69,1.0874,6.6034,0.6999,4.1548,724.84,1.4266,8.7951,16.5635,2.0311,1.4424,0.8331,0.704,0.282,1.3294,1.0663,1.349,1.616,2.84,7.76,1.92,26.69,80.7258,65.79,16.77,1868.99,1497.87,688.52,3081.35,2880.482,7835.64,26.69,355,870,87.87,110.2
2016-01-22,99.574,1253.1,1.0796,6.6136,0.7002,4.0934,715.81,1.4119,8.7384,16.4684,2.0519,1.4812,0.8691,0.715,0.257,1.3382,1.1309,1.4075,1.665,2.84,7.5,1.89,22.34,77.3486,61.86,15.91,1906.9,1536.79,710.66,3113.46,2916.563,8104.98,27.87,354,859,110.86,68.43
2016-01-23,,,,,,,,,,,,,,,,,,,,,,,,,,,,,,,,,,,,82.91,76.65
2016-01-24,,,,,,,,,,,,,,,,,,,,,,,,,,,,,,,,,,,,85.94,62.13
2016-01-25,99.36,1252.99,1.0849,6.6095,0.6955,4.0892,720.75,1.4291,8.7593,16.5414,2.0012,1.4385,0.8567,0.668,0.23,1.3345,1.1182,1.394,1.654,2.89,7.46,1.9,24.15,75.4139,65.74,17.13,1877.08,1521.15,716.08,3128.89,2938.515,8173.11,26.57,354,838,82.81,55.72
2016-01-26,99.087,1248.02,1.087,6.6119,0.7005,4.0514,717.68,1.4118,8.7026,16.389,1.9942,1.4269,0.8401,0.639,0.205,1.3555,1.1395,1.4053,1.671,2.89,7.44,1.92,22.5,75.1557,65.89,17.26,1903.63,1535.76,708.33,2940.51,2749.785,7895.16,27.575,345,820,72.01,78.09
2016-01-27,98.902,1249.34,1.0893,6.6178,0.7027,4.1104,714.83,1.4096,8.6621,16.4378,1.9993,1.4104,0.833,0.61,0.159,1.3906,1.1681,1.4325,1.704,2.94,7.4,1.93,23.11,71.9361,65.62,16.71,1882.95,1531.38,715.98,2930.35,2735.558,7959.51,27.445,337,812,93.97,39.01
2016-01-28,98.51,1244.38,1.094,6.615,0.7084,4.0695,710.12,1.4029,8.6135,16.1978,1.9784,1.3994,0.8172,0.57,0.114,1.4088,1.1947,1.4525,1.724,2.94,7.37,1.94,22.42,70.9823,65.99,15.41,1893.36,1532.68,722.23,2853.76,2655.661,8028.58,28.28,325,806,76.84,59.62
2016-01-29,99.606,1252.04,1.0831,6.5936,0.7084,3.9991,711.71,1.3976,8.6789,15.8907,1.9209,1.328,0.7737,0.517,0.042,1.4048,1.1981,1.452,1.716,2.89,7.34,1.93,20.2,74.0039,61.86,15.73,1940.24,1562.18,742.37,2946.09,2737.6,8241.36,29.105,317,817,83.25,41.51
2016-01-30,,,,,,,,,,,,,,,,,,,,,,,,,,,,,,,,,,,,40.55,79.82
2016-01-31,,,,,,,,,,,,,,,,,,,,,,,,,,,,,,,,,,,,40.73,94.57
2016-02-01,99.009,1247.08,1.0888,6.6203,0.7114,3.9646,712.07,1.3948,8.6892,15.8993,1.9486,1.3636,0.7975,0.547,0.092,1.4028,1.1857,1.438,1.708,2.87,7.36,1.96,19.98,73.4583,66.63,16.81,1939.38,1566.56,742.74,2901.05,2688.854,8144.85,28.6175,314,815,132.71,183.2
2016-02-02,98.872,1248.52,1.0919,6.6276,0.7039,3.991,713.45,1.4055,8.7284,16.2179,1.8448,1.26,0.7183,0.493,0.046,1.352,1.132,1.389,1.66,2.87,7.58,1.98,21.98,77.4933,68.59,16.2,1903.03,1538.92,728.71,2961.33,2749.57,8058.83,27.665,310,808,103.52,117.91
2016-02-03,97.288,1227.51,1.1105,6.6106,0.7169,3.896,706.99,1.3781,8.5658,15.9248,1.8861,1.2745,0.7223,0.506,0.042,1.3789,1.1489,1.399,1.657,2.95,7.66,2,21.65,79.6217,67.71,17.84,1912.53,1540.87,721.65,2948.64,2739.247,7858.31,28.65,303,802,104.03,73.51
2016-02-04,96.474,1221.02,1.1209,6.5756,0.7201,3.8899,697.38,1.3754,8.5037,15.8601,1.8395,1.2292,0.6984,0.48,0.022,1.3651,1.1259,1.386,1.66,2.92,7.62,2.01,21.84,83.76,66.78,17.39,1915.45,1548.86,739.55,2984.76,2781.023,7974.4,28.635,298,800,96.65,40.73
2016-02-05,97.031,1228.7,1.1158,6.5672,0.7067,3.9066,704.81,1.3917,8.5601,16.0268,1.8357,1.2403,0.7221,0.508,0.089,1.3287,1.0736,1.33,1.629,2.89,7.68,2.01,23.38,81.6695,66.67,19.58,1880.05,1523.87,739.61,2963.79,2763.492,8054.87,27.97,297,795,109.38,41.41
2016-02-06,,,,,,,,,,,,,,,,,,,,,,,,,,,,,,,,,,,,77.32,78.95
2016-02-07,,,,,,,,,,,,,,,,,,,,,,,,,,,,,,,,,,,,110.19,60.29
2016-02-08,96.57,1226.58,1.1193,6.5727,0.7087,,709.69,1.3927,8.5889,16.1316,1.7483,1.1578,0.6662,0.52,0.122,1.2364,0.9746,1.248,1.535,,8.07,2.05,26,89.2706,68.38,20.38,1853.44,1498.54,734.13,,,,27.825,293,791,139.53,88.26
2016-02-09,96.071,1220.94,1.1293,6.5655,0.707,,712.35,1.3867,8.5853,16.0713,1.726,1.1529,0.6901,0.518,0.146,1.2089,0.9481,1.221,1.528,,8.15,2.09,26.54,91.606,72.29,21.72,1852.21,1488.54,729.88,,,,27.155,291,787,77.6,38.4
2016-02-10,95.888,1217.08,1.1292,6.546,0.7095,3.9295,712.85,1.3926,8.5136,15.8841,1.6681,1.1205,0.686,0.469,0.107,1.1964,0.9524,1.223,1.526,,8.09,2.09,26.29,86.3154,72.5,21.36,1851.86,1486.76,730.58,,,,27.045,290,793,99.33,77.84
2016-02-11,95.562,1217.51,1.1323,6.5295,0.7109,3.9925,713.75,1.3937,8.5595,15.8167,1.6591,1.1317,0.6499,0.451,0.108,1.2102,0.9608,1.1975,1.519,,8.39,2.14,28.14,97.9449,77.79,28.37,1829.08,1468.9,713.04,,,7657.92,26.9305,290,813,118.48,106.25
2016-02-12,95.94,1219.36,1.1256,6.5084,0.7112,4.0017,705.9,1.385,8.6007,15.8822,1.7481,1.2104,0.7137,0.484,0.108,1.2647,1.0377,1.265,1.56,,8.2,2.15,25.4,93.716,78.97,24.1,1864.78,1486.45,711.24,,,7505.37,27.64,291,819,106.14,74.63
2016-02-13,,,,,,,,,,,,,,,,,,,,,,,,,,,,,,,,,,,,64.64,45.01
2016-02-14,,,,,,,,,,,,,,,,,,,,,,,,,,,,,,,,,,,,115.98,110.8
2016-02-15,95.94,1225.45,1.1156,6.5,0.7139,3.9973,701.36,1.3834,8.6214,15.7256,1.7481,1.2104,0.7137,0.484,0.108,1.2646,1.0377,1.275,1.56,2.88,,,,93.716,,,,1503.96,726.86,2946.71,2746.196,7863.84,,295,816,81.19,67.33
2016-02-16,96.868,1227.65,1.1144,6.5192,0.7111,4.068,709.25,1.3864,8.627,15.7947,1.7723,1.2152,0.7197,0.514,0.119,1.2591,1.0282,1.272,1.559,2.88,8.06,2.1,24.11,86.8243,71.53,24.84,1895.58,1519.94,731.4,3037.04,2836.571,8028.34,27.915,301,809,128.85,48.57
2016-02-17,96.786,1221.89,1.1128,6.5249,0.7185,3.9895,700.53,1.3672,8.5435,15.4748,1.819,1.2639,0.7419,0.531,0.147,1.2894,1.0502,1.28,1.578,2.87,7.82,2.09,22.31,84.7863,69.47,24.53,1926.82,1544.32,735.78,3063.32,2867.338,7928.76,28.83,307,807,134.09,108.64
2016-02-18,96.951,1222.4,1.1107,6.5228,0.7157,4.0294,702.26,1.3726,8.5914,15.4119,1.7396,1.1972,0.6933,0.492,0.107,1.2486,1.0193,1.25,1.536,2.88,7.77,2.06,21.64,86.1223,67.49,26.37,1917.83,1543.51,746.24,3053.7,2862.893,8166.47,28.47,313,806,118.96,117.33
2016-02-19,96.6,1219.31,1.113,6.5244,0.7148,4.0219,700.13,1.3766,8.5576,15.3981,1.7449,1.2246,0.7418,0.479,0.095,1.2672,1.0635,1.271,1.55,2.87,7.81,2.07,20.53,90.099,62.46,24.88,1917.78,1538.17,740.98,3051.59,2860.021,8112.57,28.405,315,799,161.59,85.85
2016-02-20,,,,,,,,,,,,,,,,,,,,,,,,,,,,,,,,,,,,69.35,80.64
2016-02-21,,,,,,,,,,,,,,,,,,,,,,,,,,,,,,,,,,,,61.22,78.42
2016-02-22,97.379,1221.98,1.103,6.5282,0.7227,3.9459,691.41,1.3706,8.6022,15.1947,1.7518,1.231,0.75,0.442,0.053,1.3103,1.1125,1.316,1.577,2.89,7.69,2.03,19.38,85.1456,62.84,23.31,1945.5,1558.02,749.42,3118.87,2927.175,8221.37,29.13,316,788,104.66,55.88
2016-02-23,97.481,1223.69,1.102,6.5336,0.7202,3.9586,696.35,1.3793,8.6084,15.2335,1.7225,1.1967,0.7337,0.397,0.006,1.3274,1.1252,1.323,1.587,2.89,7.7,2.02,20.98,83.9756,65.03,23.69,1921.27,1540.7,744.76,3089.36,2903.331,8170.62,28.135,318,779,150.36,57.33
2016-02-24,97.458,1223.47,1.1013,6.535,0.7196,3.9577,695.95,1.3702,8.6665,15.5955,1.7484,1.2162,0.7539,0.379,-0.026,1.37,1.1724,1.372,1.639,2.89,7.78,2.03,20.72,85.0912,66.09,24.24,1929.8,1534.69,736.53,3109.55,2928.896,8061.71,28.42,322,767,115.61,62.26
2016-02-25,97.287,1222.51,1.1018,6.5352,0.7236,3.9565,691.99,1.353,8.6292,15.6031,1.7157,1.1702,0.7264,0.319,-0.092,1.3977,1.2047,1.396,1.666,2.9,7.68,2.01,19.11,84.4408,63.74,23.36,1951.7,1553.9,735.35,2918.75,2741.245,7871.94,28.445,325,751,57.19,57.5
2016-02-26,98.148,1231.01,1.0934,6.5462,0.7126,4.0007,691.72,1.3513,8.6852,16.1679,1.7623,1.2398,0.7934,0.339,-0.057,1.4248,1.2388,1.4275,1.685,2.91,7.42,1.98,19.81,82.5424,59.96,21.67,1948.05,1554.47,740.02,2948.03,2767.21,8034.3,28.615,327,740,88.87,41.87
2016-02-27,,,,,,,,,,,,,,,,,,,,,,,,,,,,,,,,,,,,46.48,126.51
2016-02-28,,,,,,,,,,,,,,,,,,,,,,,,,,,,,,,,,,,,101.82,97.94
2016-02-29,98.211,1229.6,1.0873,6.5521,0.7141,4.0163,695.91,1.354,8.6932,15.8715,1.7347,1.2123,0.7737,0.306,-0.106,1.4297,1.2628,1.453,1.7,2.9,7.26,1.97,20.55,83.3856,60.01,22.59,1932.23,1547.17,740.33,2877.47,2687.979,7916.34,28.29,329,730,59.73,65.74
2016-03-01,98.352,1227.61,1.0868,6.5485,0.7175,3.9335,692.41,1.341,8.6504,15.5854,1.8249,1.3163,0.8391,0.33,-0.077,1.495,1.3278,1.52,1.761,2.89,7.03,1.93,17.7,84.2161,56.84,21.97,1978.35,1575.31,752.92,2930.69,2733.17,8068.29,29.03,332,722,123.24,49.35
2016-03-02,98.214,1223.93,1.0868,6.5468,0.7295,3.8945,686.31,1.3417,8.6645,15.549,1.8406,1.3393,0.8412,0.322,-0.081,1.52,1.3461,1.539,1.785,2.9,6.9,1.9,17.09,83.6548,53.37,22,1986.45,1588.08,769.1,3051.33,2849.681,8374.09,29.74,335,717,81.85,41.64
2016-03-03,97.592,1218.17,1.0957,6.5223,0.7352,3.7984,687,1.3404,8.5926,15.6531,1.8337,1.3426,0.8452,0.297,-0.099,1.5369,1.3689,1.5575,1.7975,2.92,6.88,1.89,16.7,81.7159,52.57,23.51,1993.4,1598.26,780.19,3058.42,2859.758,8390.79,30.19,342,715,131.78,48.6
2016-03-04,97.34,1214.05,1.1005,6.5028,0.7439,3.7516,680.28,1.3317,8.4767,15.3447,1.8741,1.3741,0.8616,0.353,-0.076,1.5223,1.3833,1.56,1.778,2.92,6.69,1.86,16.86,78.01,51.89,22.31,1999.99,1608.04,790.97,3093.89,2874.147,8557.69,30.48,349,720,72.01,46.74
2016-03-05,,,,,,,,,,,,,,,,,,,,,,,,,,,,,,,,,,,,68.61,128.08
2016-03-06,,,,,,,,,,,,,,,,,,,,,,,,,,,,,,,,,,,,51.66,112.51
2016-03-07,97.071,1211.09,1.1014,6.5098,0.7469,3.785,679.1,1.3282,8.5024,15.2525,1.9057,1.4169,0.9057,0.416,-0.033,1.491,1.3806,1.566,1.75,,6.64,1.84,17.35,77.8254,52.8,22.08,2001.76,1607.63,795.18,3104.84,2897.34,8626.31,31.195,354,738,67.18,59.99
2016-03-08,97.209,1213.62,1.1011,6.5083,0.7439,3.7545,682.48,1.3409,8.5645,15.4384,1.8287,1.3399,0.8659,0.362,-0.091,1.468,1.3666,1.548,1.715,2.95,6.73,1.83,18.67,80.7152,54.04,23.07,1979.26,1593.66,788.09,3107.67,2901.387,8505.22,29.885,366,756,103.06,77.42
2016-03-09,97.173,1211.29,1.0999,6.5119,0.7486,3.6885,675.35,1.3248,8.5202,15.2135,1.876,1.3827,0.8901,0.372,-0.088,1.5046,1.4007,1.575,1.751,2.94,6.76,1.82,18.34,80.3559,51.74,22.31,1989.26,1598.47,787.69,3071.91,2862.556,8441.48,30.37,376,771,91.76,46.99
2016-03-10,96.066,1204.8,1.1177,6.5048,0.7454,3.6271,683.32,1.3346,8.516,15.4207,1.9323,1.4454,0.9265,0.435,-0.014,1.4981,1.391,1.558,1.745,2.92,6.66,1.8,18.05,80.8503,51.98,23.14,1989.57,1597.09,790.74,3013.15,2804.725,8420.14,30.395,384,794,99.95,30.22
2016-03-11,96.172,1201.97,1.1156,6.4819,0.7565,3.5855,683.17,1.3209,8.4134,15.2245,1.9839,1.4922,0.9554,0.437,-0.009,1.5486,1.4306,1.601,1.7825,2.89,6.42,1.75,16.5,81.4223,50.25,21.9,2022.19,1626.17,800.91,3018.28,2810.308,8561.37,31.18,388,833,58.51,29.26
2016-03-12,,,,,,,,,,,,,,,,,,,,,,,,,,,,,,,,,,,,55.94,68.49
2016-03-13,,,,,,,,,,,,,,,,,,,,,,,,,,,,,,,,,,,,64.32,108.23
2016-03-14,96.624,1206.56,1.1103,6.4939,0.7515,3.6617,681.73,1.326,8.4712,15.5203,1.9592,1.4775,0.9557,0.431,0.004,1.5292,1.4056,1.568,1.765,2.88,6.38,1.7,16.92,79.1166,50.17,21.14,2019.64,1627.5,803.45,3065.69,2859.499,8686.27,30.975,393,861,134.75,54.04
2016-03-15,96.633,1209.49,1.1109,6.5118,0.7457,3.7674,687.59,1.3356,8.5481,15.926,1.9699,1.4909,0.9641,0.462,0.043,1.5085,1.3792,1.555,1.75,2.89,6.46,1.7,16.84,78.4721,48.98,19.7,2015.93,1619.16,790.68,3074.78,2864.368,8605.63,30.915,396,870,132.5,45.63
2016-03-16,95.89,1196.31,1.1224,6.4853,0.7553,3.7422,686.33,1.3097,8.4554,15.66,1.9081,1.3803,0.855,0.318,-0.181,1.5914,1.4798,1.635,1.825,2.88,6.53,1.7,14.99,74.1591,43.98,20.03,2027.22,1621.47,791.18,3090.03,2870.43,8571.36,31.45,393,865,100.38,48.66
2016-03-17,94.76,1183.14,1.1318,6.4561,0.7649,3.6276,669.73,1.2976,8.3219,15.1701,1.8958,1.3722,0.8633,0.308,-0.196,1.5884,1.4923,1.643,1.82,2.87,6.41,1.69,14.44,72.4143,46.22,18.99,2040.59,1643,816.9,3124.2,2904.832,8773.83,31.8803,392,872,79.67,40.06
2016-03-18,95.086,1186.21,1.127,6.4645,0.7608,3.6248,675.71,1.3004,8.3702,15.2645,1.8732,1.333,0.8353,0.257,-0.246,1.6175,1.502,1.66,1.848,2.88,6.29,1.68,14.02,71.2631,44.98,18.15,2049.58,1645.57,826.75,3171.96,2955.15,8883.01,31.745,395,866,104.47,58.48
2016-03-19,,,,,,,,,,,,,,,,,,,,,,,,,,,,,,,,,,,,40.49,32.84
2016-03-20,,,,,,,,,,,,,,,,,,,,,,,,,,,,,,,,,,,,74.36,73.89
2016-03-21,95.288,1189.65,1.1241,6.4854,0.7578,3.6182,676.65,1.3101,8.4186,15.2198,1.9155,1.3777,0.872,0.262,-0.235,1.654,1.5299,1.6925,1.89,2.88,6.24,1.66,13.79,70.8269,45.09,17.4,2051.6,1643.68,829.06,3249.44,3018.802,8928.65,31.635,398,848,112.46,89.85
2016-03-22,95.648,1191.21,1.1217,6.4939,0.7622,3.5803,673.48,1.3049,8.4036,15.2182,1.9403,1.4143,0.8865,0.307,-0.192,1.6337,1.5159,1.682,1.874,2.89,6.28,1.63,14.17,71.122,44.12,17.62,2049.8,1643.58,830.51,3225.79,2999.363,8900.19,31.46,398,819,76.37,55.17
2016-03-23,96.046,1198.99,1.1181,6.5071,0.7532,3.6854,678.05,1.3204,8.4797,15.3413,1.8786,1.3548,0.852,0.289,-0.189,1.5907,1.4602,1.627,1.832,2.89,6.38,1.63,14.94,71.0806,44.58,18,2036.71,1631.27,821.71,3236.09,3009.96,8873.33,30.77,401,803,245.38,87.98
2016-03-24,96.142,1199.99,1.1174,6.5232,0.7528,3.6771,680.9,1.3248,8.4854,15.459,1.9,1.3785,0.8689,0.323,-0.146,1.5775,1.4423,1.61,1.8225,2.87,6.51,1.64,14.74,72.6776,44.96,18.09,2035.94,1622.21,813.61,3181.85,2960.97,8701.13,30.92,406,809,141.85,50.15
2016-03-25,96.273,1201.29,1.1167,6.5258,0.7507,,,1.327,8.4757,15.4551,1.9,1.3785,0.8689,0.323,-0.146,1.5775,1.4384,1.615,1.817,2.85,,,,72.6776,,,,1623.71,812.32,3197.82,2979.434,,,,,186.76,36.39
2016-03-26,,,,,,,,,,,,,,,,,,,,,,,,,,,,,,,,,,,,101.59,61.36
2016-03-27,,,,,,,,,,,,,,,,,,,,,,,,,,,,,,,,,,,,65.11,53.45
2016-03-28,95.943,1196.99,1.1196,6.5175,0.7545,3.628,679.1,1.3187,8.4348,15.4757,1.886,1.3637,0.865,0.326,-0.152,1.5611,1.4306,1.627,1.815,2.88,6.56,1.64,15.24,74.692,45.98,17.53,2037.05,1627.63,813.04,3169.73,2957.82,,30.755,,,157.19,105.86
2016-03-29,95.16,1187.37,1.1291,6.4929,0.7627,3.6383,681.7,1.3074,8.3942,15.1692,1.8035,1.2696,0.7843,0.183,-0.31,1.6207,1.4929,1.6875,1.877,2.88,6.68,1.65,13.82,72.6564,46.63,19.52,2055.01,1635.87,814.83,3135.41,2919.832,8726.93,30.9,409,818,168.96,69.82
2016-03-30,94.841,1183.19,1.1338,6.4766,0.7671,3.6065,673.1,1.2966,8.3044,14.9397,1.8228,1.2581,0.7567,0.161,-0.393,1.6625,1.5423,1.744,1.914,2.89,6.56,1.64,13.56,70.5431,46.38,18.58,2063.95,1652.89,833.98,3216.28,3000.645,8979.41,30.9596,414,837,140.48,124.96
2016-03-31,94.586,1182.28,1.138,6.4639,0.7657,3.5928,667.74,1.3004,8.2685,14.7673,1.7687,1.2048,0.7211,0.14,-0.414,1.6301,1.5107,1.7025,1.884,2.89,6.56,1.63,13.95,68.8027,45.91,18.45,2059.74,1648.12,836.8,3218.09,3003.915,9003.25,30.945,429,840,131.28,36.42
2016-04-01,94.619,1181.72,1.1391,6.4714,0.7677,3.554,669.34,1.3011,8.3196,14.701,1.7705,1.2144,0.7224,0.134,-0.398,1.6362,1.5068,1.7,1.891,2.88,6.56,1.63,13.1,66.997,47.76,18.04,2072.78,1640.14,826.19,3221.89,3009.53,8842.86,30.53,450,833,156.7,30.46
2016-04-02,,,,,,,,,,,,,,,,,,,,,,,,,,,,,,,,,,,,88.5,61.05
2016-04-03,,,,,,,,,,,,,,,,,,,,,,,,,,,,,,,,,,,,105.79,100.09
2016-04-04,94.51,1183.16,1.1391,6.472,0.7605,3.6237,670.51,1.3088,8.3295,14.7838,1.7618,1.2047,0.7361,0.123,-0.404,1.6398,1.501,1.692,1.895,,6.55,1.62,14.12,65.3606,50.89,17.95,2066.13,1640.75,826.78,,,,30.3046,471,808,113.14,38.89
2016-04-05,94.631,1186.14,1.1384,6.4854,0.7543,3.6804,675.56,1.3137,8.3297,15.0993,1.7201,1.1755,0.72,0.125,-0.384,1.5963,1.4528,1.648,1.854,2.89,6.63,1.63,15.42,68.3119,50.16,18.16,2045.17,1618.53,812.97,3264.49,3053.065,8679.04,30.1,487,786,89.26,25.71
2016-04-06,94.43,1182.59,1.1399,6.4822,0.7599,3.6419,674.47,1.3089,8.321,15.081,1.7549,1.1981,0.7317,0.145,-0.375,1.6108,1.4679,1.655,1.869,2.89,6.53,1.62,14.09,69.708,46.16,17.82,2066.66,1633.41,809.03,3257.53,3050.592,8668.63,30.75,500,774,101.51,36.17
2016-04-07,94.482,1184.91,1.1378,6.4865,0.7505,3.6896,683.2,1.3145,8.3226,15.2621,1.6889,1.1367,0.6878,0.104,-0.407,1.5844,1.4408,1.635,1.848,2.91,6.6,1.63,16.16,71.0948,46.5,19.32,2041.91,1621.66,809.29,3209.29,3008.42,8647.33,30.57,517,752,93.88,28.9
2016-04-08,94.235,1179.21,1.1399,6.479,0.7556,3.5898,682.93,1.2988,8.237,14.9799,1.7167,1.151,0.695,0.122,-0.412,1.5959,1.4577,1.646,1.851,2.91,6.51,1.63,15.36,70.8799,47.42,18.74,2047.6,1632.2,816.82,3185.73,2984.958,8704.81,31.185,539,752,46.48,30.25
2016-04-09,,,,,,,,,,,,,,,,,,,,,,,,,,,,,,,,,,,,44.55,19.81
2016-04-10,,,,,,,,,,,,,,,,,,,,,,,,,,,,,,,,,,,,69.59,66.3
2016-04-11,93.95,1174.16,1.1408,6.4691,0.7595,3.4924,679.78,1.2898,8.2017,14.7256,1.7254,1.1575,0.6987,0.153,-0.39,1.5733,1.4408,1.625,1.825,2.93,6.48,1.62,16.26,69.7667,49.04,19.58,2041.99,1632.14,824.01,3230.1,3033.957,8807.06,31.055,555,755,95.74,101.11
2016-04-12,93.959,1171.92,1.1386,6.474,0.7684,3.488,673.36,1.2759,8.1683,14.7027,1.7761,1.2109,0.7385,0.204,-0.341,1.5732,1.4413,1.63,1.825,2.92,6.38,1.61,14.85,68.7767,48.78,19.09,2061.72,1644.22,830.88,3218.45,3023.647,8841.86,31.98,560,764,79.82,34.46
2016-04-13,94.744,1179.16,1.1274,6.4848,0.7653,3.4984,670.73,1.2817,8.2341,14.535,1.7639,1.2125,0.7464,0.195,-0.342,1.5702,1.4454,1.64,1.822,2.94,6.22,1.59,13.84,67.485,48.79,17.96,2082.42,1666.17,844.15,3261.38,3066.638,9191.49,32.13,567,782,97.7,37.74
2016-04-14,94.902,1180.57,1.1268,6.4928,0.7695,3.4834,664.1,1.2844,8.233,14.5521,1.7919,1.25,0.7663,0.229,-0.286,1.5639,1.4273,1.6,1.799,2.95,6.12,1.58,13.72,67.52,46.37,17.83,2082.78,1671.96,845.45,3275.83,3082.362,9237.9,32.205,597,788,96.78,21.42
2016-04-15,94.696,1178.78,1.1284,6.486,0.7725,3.5317,666.79,1.2822,8.2511,14.5545,1.7518,1.2108,0.7335,0.194,-0.312,1.5585,1.4152,1.6,1.801,2.94,6.16,1.57,13.62,66.4853,51.27,17.41,2080.73,1670.47,846.7,3272.21,3078.116,9214.98,31.7696,635,793,86.41,52.17
2016-04-16,,,,,,,,,,,,,,,,,,,,,,,,,,,,,,,,,,,,55.64,82.72
2016-04-17,,,,,,,,,,,,,,,,,,,,,,,,,,,,,,,,,,,,64.11,127.3
2016-04-18,94.49,1176.18,1.1313,6.4841,0.775,3.6153,663.51,1.2784,8.2172,14.4925,1.7711,1.2287,0.7414,0.195,-0.299,1.5768,1.4137,1.607,1.821,2.92,6.17,1.57,13.35,66.3398,46.45,17.3,2094.34,1675.32,843.68,3228.45,3033.66,9090.85,32.295,659,790,52.3,63.08
2016-04-19,93.976,1169.62,1.1358,6.4686,0.7813,3.5304,660.74,1.2671,8.1178,14.2835,1.7851,1.2516,0.7574,0.166,-0.325,1.6199,1.4655,1.65,1.8575,2.91,6.03,1.54,13.24,66.4398,43.93,17.42,2100.8,1692.91,852.73,3238.3,3042.823,9244.45,32.94,671,787,90.25,20.66
2016-04-20,94.492,1174.25,1.1297,6.4817,0.7794,3.5292,659.78,1.2655,8.1188,14.2138,1.845,1.3122,0.7937,0.219,-0.293,1.6272,1.4924,1.675,1.864,2.93,5.89,1.51,13.28,67.7689,43.67,16.69,2102.4,1695.05,849.45,3181.03,2972.584,9134.42,33.235,669,777,93.18,41.3
2016-04-21,94.599,1177.22,1.1288,6.4877,0.7738,,665.08,1.2735,8.2033,14.314,1.861,1.3303,0.8058,0.217,-0.299,1.6444,1.5123,1.68,1.8625,2.95,5.86,1.48,13.95,68.5982,43.76,17.9,2091.48,1690.45,853.69,3160.6,2952.891,9248.4,33.04,670,770,93.31,34.27
2016-04-22,95.116,1183.36,1.1222,6.5043,0.7708,3.5646,668.62,1.2672,8.2463,14.3973,1.8878,1.3551,0.8178,0.236,-0.199,1.6524,1.5551,1.698,1.8925,2.95,5.87,1.47,13.22,67.7807,41.97,17.21,2091.58,1686.17,845.21,3174.9,2959.24,9120.91,33.52,688,775,76.72,112.29
2016-04-23,,,,,,,,,,,,,,,,,,,,,,,,,,,,,,,,,,,,40.5,77.26
2016-04-24,,,,,,,,,,,,,,,,,,,,,,,,,,,,,,,,,,,,86.98,57.8
2016-04-25,94.842,1181.8,1.1268,6.5062,0.7715,3.5577,669.88,1.2678,8.2058,14.4517,1.9128,1.3766,0.8299,0.255,-0.171,1.6591,1.5486,1.692,1.8825,2.95,5.91,1.47,14.08,67.8852,44.24,17.66,2087.79,1682.68,839.2,3162.03,2946.67,8986.33,33.145,690,778,80.27,59.83
2016-04-26,94.573,1177.67,1.1297,6.5027,0.7749,3.5297,668.22,1.2604,8.1579,14.3982,1.9271,1.3915,0.8608,0.246,-0.176,1.6824,1.569,1.705,1.9075,2.94,5.86,1.46,13.96,67.1531,43.51,17.43,2091.7,1685.65,842.63,3179.16,2964.7,9016.12,33.675,704,774,80.3,49.42
2016-04-27,94.387,1178.36,1.1322,6.5045,0.7591,3.5271,666.83,1.2599,8.1619,14.4078,1.8508,1.3182,0.8173,0.166,-0.264,1.6857,1.5833,1.716,1.908,2.94,5.87,1.45,13.77,64.7405,43.64,16.43,2095.15,1685.95,843.17,3165.92,2953.671,9037.48,34.315,715,749,74.16,42.37
2016-04-28,93.761,1166.54,1.1352,6.4839,0.7625,3.4879,660.62,1.2555,8.1381,14.2871,1.8243,1.2907,0.7816,0.105,-0.328,1.7198,1.6206,1.766,1.948,2.91,5.82,1.46,15.22,64.6443,42.84,17.9,2075.81,1677.34,844.06,3160.58,2945.588,9060.93,33.805,710,740,105.86,20.3
2016-04-29,93.082,1159.42,1.1451,6.4869,0.7603,3.4351,660.41,1.2556,8.051,14.2302,1.8333,1.294,0.7816,0.126,-0.304,1.7079,1.5984,1.748,1.931,2.92,5.77,1.46,15.7,64.921,42.52,20.23,2065.3,1670.8,840.19,3156.75,2938.324,8939.47,33.75,703,730,77.54,54.91
2016-04-30,,,,,,,,,,,,,,,,,,,,,,,,,,,,,,,,,,,,71.84,45.03
2016-05-01,,,,,,,,,,,,,,,,,,,,,,,,,,,,,,,,,,,,77.36,61.59
2016-05-02,92.626,1156.29,1.1534,6.4798,0.7667,3.5019,661.6,1.253,8.0154,14.271,1.8723,1.3231,0.7896,0.186,-0.26,1.6873,1.5843,1.737,1.9275,,5.75,1.46,14.68,64.6808,45.15,19.29,2081.43,1675.64,835.57,,,,33.715,,,99.32,72.72
2016-05-03,92.944,1164.7,1.1496,6.5036,0.7485,3.5594,668.92,1.2724,8.1238,14.6397,1.7963,1.2519,0.754,0.149,-0.299,1.6478,1.5521,1.7,1.884,2.91,5.91,1.47,15.6,68.4133,45.78,18.7,2063.37,1658.64,821.09,3213.54,2992.643,8748.7,32.92,682,717,71.13,45.4
2016-05-04,93.179,1170.04,1.1487,6.5171,0.7457,3.548,669.99,1.2869,8.1537,14.9772,1.7752,1.2324,0.7381,0.142,-0.295,1.634,1.5282,1.684,1.869,2.91,5.98,1.49,16.05,68.1193,44.76,19.47,2051.12,1644.01,813.52,3209.46,2991.272,8697.37,32.445,652,716,104.37,44.1
2016-05-05,93.78,1174.89,1.1405,6.5195,0.7465,3.5345,666.4,1.2853,8.1757,14.9708,1.7453,1.2017,0.7182,0.111,-0.332,1.6351,1.5349,1.68,1.8725,2.91,6,1.5,15.91,68.6674,44.82,18.46,2050.63,1641.16,809.46,3213.92,2997.842,8626.73,32.71,642,713,103.83,34.04
2016-05-06,93.888,1176.44,1.1404,6.5194,0.7366,3.5038,664.78,1.2909,8.2055,14.8839,1.7789,1.2289,0.734,0.16,-0.297,1.6182,1.5287,1.674,1.853,2.93,6.08,1.51,14.72,65.1538,42.47,18.65,2057.14,1643.19,805.34,3130.35,2913.248,8471.7,32.635,631,715,79.37,31.3
2016-05-07,,,,,,,,,,,,,,,,,,,,,,,,,,,,,,,,,,,,54.58,46.71
2016-05-08,,,,,,,,,,,,,,,,,,,,,,,,,,,,,,,,,,,,22.33,57.56
2016-05-09,94.128,1183.31,1.1383,6.5411,0.7316,3.5164,675.3,1.2962,8.2257,15.1674,1.7507,1.1932,0.706,0.149,-0.311,1.6013,1.5057,1.644,1.8325,2.92,6.11,1.52,14.57,64.119,44.14,18.65,2058.69,1642.89,800.91,3065.62,2832.113,8450.72,32.16,616,715,100.38,59.73
2016-05-10,94.29,1182.43,1.1372,6.5367,0.7363,3.4764,678.72,1.291,8.2165,15.1233,1.7613,1.2093,0.722,0.131,-0.331,1.6328,1.5414,1.68,1.864,2.91,6.04,1.52,13.63,63.9664,42.28,18.04,2084.39,1662.31,806.91,3069.11,2832.591,8486.16,32.725,594,735,72.8,62.97
2016-05-11,93.823,1177.51,1.1426,6.5278,0.7375,3.4513,680.13,1.2853,8.1658,15.0335,1.7367,1.2011,0.7279,0.12,-0.33,1.6179,1.5319,1.673,1.854,2.91,6,1.51,14.69,63.8888,42.02,18.35,2064.46,1653.38,807.97,3082.81,2837.037,8443.67,32.825,579,735,113.59,54.4
2016-05-12,94.15,1181.14,1.1377,6.5486,0.7325,3.4848,684.65,1.2846,8.1317,14.9987,1.7516,1.2367,0.754,0.134,-0.302,1.6302,1.5406,1.68,1.864,,5.95,1.52,14.41,63.9185,41.5,17.84,2064.11,1649.91,806.68,3090.14,2835.862,8413.72,32.9154,579,732,101.36,50.82
2016-05-13,94.608,1186.6,1.1309,6.5561,0.7271,3.5324,690.79,1.294,8.2026,15.4038,1.7001,1.2056,0.7459,0.102,-0.315,1.6135,1.5211,1.6725,1.86,,5.99,1.51,15.04,64.066,41.57,18.29,2046.61,1635.92,796.07,3074.94,2827.109,8301.39,32.495,600,732,88.22,59.77
2016-05-14,,,,,,,,,,,,,,,,,,,,,,,,,,,,,,,,,,,,45.95,31.04
2016-05-15,,,,,,,,,,,,,,,,,,,,,,,,,,,,,,,,,,,,72.96,99.03
2016-05-16,94.572,1186.58,1.1321,6.549,0.7289,3.4992,694.38,1.2895,8.1688,15.6522,1.7533,1.2607,0.7863,0.134,-0.283,1.6354,1.5437,1.6975,1.88,,5.91,1.51,14.68,66.9396,42.03,18.49,2066.66,1648.49,797.43,3095.31,2850.862,8312.61,33.045,613,734,66.87,82.79
2016-05-17,94.548,1186.52,1.1313,6.5475,0.7325,3.4883,688.88,1.2909,8.1816,15.5471,1.7723,1.2998,0.8309,0.139,-0.261,1.6502,1.5611,1.705,1.887,,5.87,1.51,15.57,67.1195,42.75,18.17,2047.21,1641.63,801.64,3086.02,2843.684,8425.78,33.2,643,736,88.4,51.62
2016-05-18,95.08,1196,1.1216,6.5784,0.7229,3.5682,690.3,1.3034,8.3152,15.8699,1.8538,1.3848,0.8918,0.226,-0.152,1.6442,1.5381,1.675,1.87,,5.77,1.51,15.95,69.8479,42.87,18.2,2047.63,1641.15,794.22,3068.04,2807.514,8301.01,32.88,642,740,92.4,32.08
2016-05-19,95.287,1196.77,1.1203,6.5627,0.7228,3.565,696.1,1.3094,8.3646,15.811,1.8487,1.375,0.8819,0.254,-0.138,1.6149,1.5142,1.6625,1.852,2.96,5.88,1.52,16.33,70.5554,42.4,17.85,2040.04,1627.61,781.84,3062.5,2806.906,8243.2,32.885,634,747,73.92,58.53
2016-05-20,95.334,1196.62,1.1224,6.5645,0.7222,3.5203,691.22,1.3113,8.3281,15.6329,1.8384,1.3618,0.8763,0.257,-0.145,1.6017,1.5078,1.6575,1.84,2.95,5.81,1.52,15.2,68.5137,40.17,17,2052.32,1639.85,785.26,3078.22,2825.483,8303.58,33.08,625,744,115.9,25.94
2016-05-21,,,,,,,,,,,,,,,,,,,,,,,,,,,,,,,,,,,,83.91,54.62
2016-05-22,,,,,,,,,,,,,,,,,,,,,,,,,,,,,,,,,,,,104.17,113.01
2016-05-23,95.231,1196.42,1.122,6.5618,0.7224,3.5726,694.27,1.3143,8.3496,15.7218,1.835,1.3684,0.8969,0.266,-0.128,1.587,1.4972,1.651,1.83,,5.79,1.52,15.82,67.7843,39.44,16.8,2048.04,1635.62,788.9,3087.22,2843.645,8308.21,32.995,624,731,121.71,141.68
2016-05-24,95.571,1199.92,1.1141,6.5663,0.7183,3.5715,695.21,1.3123,8.3548,15.6595,1.8629,1.4046,0.9094,0.282,-0.108,1.5996,1.5129,1.684,1.869,2.96,5.71,1.52,14.42,69.4106,38.02,16.66,2076.06,1654.36,787.99,3063.56,2821.666,8306.56,33.16,618,716,86.68,66.06
2016-05-25,95.354,1197.26,1.1155,6.5654,0.7198,3.5831,691.4,1.302,8.3642,15.6687,1.8664,1.4013,0.9185,0.261,-0.135,1.6221,1.5367,1.7075,1.89,2.95,5.63,1.5,13.9,67.5364,35.94,15.98,2090.54,1668.87,799.68,3059.23,2815.086,8536.38,33.685,605,723,75.74,51.51
2016-05-26,95.168,1194.54,1.1194,6.5585,0.7226,,687.6,1.2979,8.2788,15.5179,1.8282,1.3474,0.8671,0.233,-0.17,1.6114,1.5231,1.695,1.88,2.96,5.67,1.49,13.43,66.1539,36.56,15.29,2090.1,1672.12,802.93,3064.21,2822.443,8526.19,33.545,601,728,68.92,23.07
2016-05-27,95.521,1200.61,1.1115,6.5762,0.7182,3.6083,685.77,1.3021,8.3366,15.7283,1.851,1.3847,0.9086,0.246,-0.129,1.6174,1.5236,1.7,1.8925,2.96,5.67,1.49,13.12,66.7644,35.97,15.39,2099.06,1676.07,808.29,3062.5,2821.046,8595.28,33.565,606,735,81.85,19.22
2016-05-28,,,,,,,,,,,,,,,,,,,,,,,,,,,,,,,,,,,,62.5,41.02
2016-05-29,,,,,,,,,,,,,,,,,,,,,,,,,,,,,,,,,,,,44.97,54.25
2016-05-30,95.521,1201.29,1.1138,6.5904,0.7183,3.5704,690.63,1.3049,8.3457,15.8133,1.851,1.3847,0.9086,0.246,-0.129,1.6178,1.522,1.697,1.892,2.97,,,,66.7644,,,,1676.84,807.66,3066.71,2822.451,8624.76,,,,108.73,35.86
2016-05-31,95.891,1202.31,1.1132,6.5865,0.7234,3.6109,691.42,1.3093,8.3789,15.7086,1.8458,1.3718,0.877,0.277,-0.105,1.5797,1.4885,1.67,1.857,2.97,5.66,1.49,14.19,67.9149,38.08,15.83,2096.96,1674.61,807.45,3169.56,2916.616,8704.9,33.435,612,753,141.11,48.19
2016-06-01,95.455,1197.16,1.1188,6.5869,0.7257,3.6003,691.82,1.3078,8.3057,15.6021,1.8354,1.3799,0.8988,0.274,-0.103,1.576,1.4928,1.669,1.854,3,5.69,1.5,14.2,68.7501,40,15.92,2099.33,1672.86,807.22,3160.55,2913.508,8708.29,33.445,612,762,100.84,48.39
2016-06-02,95.564,1198.64,1.1151,6.5877,0.7229,3.5945,689.64,1.3096,8.3352,15.5773,1.7989,1.3523,0.8869,0.236,-0.141,1.5763,1.5006,1.672,1.8375,3.02,5.69,1.5,13.63,69.5592,36.64,16.05,2105.26,1673.77,809.34,3167.1,2925.23,8756.38,33.4,606,765,94.64,44.41
2016-06-03,94.029,1180.91,1.1367,6.5421,0.7367,3.5275,683.49,1.2937,8.173,15.0931,1.7004,1.2307,0.7716,0.161,-0.239,1.5491,1.4774,1.66,1.818,3.01,5.78,1.51,13.47,67.5923,34.81,17.45,2099.13,1678.58,816.18,3189.33,2938.682,8809.81,33.27,610,759,144.2,54.72
2016-06-04,,,,,,,,,,,,,,,,,,,,,,,,,,,,,,,,,,,,56.81,130.56
2016-06-05,,,,,,,,,,,,,,,,,,,,,,,,,,,,,,,,,,,,63.55,151.85
2016-06-06,93.902,1181.19,1.1355,6.5663,0.7366,3.489,679.6,1.2817,8.1709,14.9078,1.7367,1.25,0.7953,0.161,-0.255,1.5824,1.5123,1.685,1.85,,5.69,1.51,13.65,66.269,35.61,17.76,2109.41,1686.39,823.26,3178.79,2934.098,8865.35,34.0054,607,754,101.41,136.57
2016-06-07,93.828,1176.45,1.1358,6.576,0.7459,3.441,678.61,1.2735,8.1121,14.9133,1.7177,1.2322,0.7833,0.124,-0.303,1.6003,1.5442,1.707,1.86,3.01,5.61,1.5,14.05,64.4494,36.19,17.29,2112.13,1694.29,835.9,3177.05,2936.045,9004.3,34.775,606,739,79.22,127.93
2016-06-08,93.59,1171.25,1.1395,6.5666,0.7471,3.3611,673.26,1.2693,8.101,14.7386,1.7022,1.2305,0.7752,0.094,-0.325,1.6141,1.5632,1.723,1.87,3.02,5.53,1.49,14.08,67.9187,35.17,18.76,2119.12,1699.29,842.38,3163.99,2927.159,9027.82,34.695,610,741,76.72,46.41
2016-06-09,93.953,1176.18,1.1316,6.5847,0.7431,3.3998,679.44,1.2724,8.1566,14.8041,1.6867,1.2207,0.767,0.104,-0.318,1.5881,1.5456,1.706,1.8475,,5.55,1.49,14.64,70.5602,35.9,20.28,2115.48,1688.66,837.03,,,,34.43,611,736,61.34,49.67
2016-06-10,94.571,1183.58,1.1251,6.6044,0.7373,3.4327,683.48,1.2783,8.2736,15.2304,1.6404,1.1671,0.7265,0.09,-0.338,1.5554,1.5133,1.683,1.816,,5.64,1.51,17.03,75.0982,39.95,20.52,2096.07,1665.22,823.82,,,8831.97,33.685,610,730,62.17,70.69
2016-06-11,,,,,,,,,,,,,,,,,,,,,,,,,,,,,,,,,,,,44.44,71.81
2016-06-12,,,,,,,,,,,,,,,,,,,,,,,,,,,,,,,,,,,,16.36,64.97
2016-06-13,94.362,1183.43,1.1292,6.5972,0.7387,3.4821,684.92,1.2837,8.2653,15.171,1.6096,1.1266,0.7143,0.107,-0.335,1.5074,1.4668,1.636,1.776,3,5.71,1.53,20.97,79.5662,42.72,21.11,2079.06,1645.64,809.46,3066.34,2833.071,8619.92,33.585,609,713,93.31,60.21
2016-06-14,94.928,1188.99,1.1207,6.6066,0.7358,3.4815,688.9,1.2872,8.3625,15.3011,1.613,1.1378,0.7221,0.139,-0.316,1.4773,1.461,1.628,1.7425,2.96,5.83,1.56,20.5,79.1012,43.07,20.63,2075.32,1630.45,803.06,3075.98,2842.189,8583.09,33.565,608,705,108.36,83.69
2016-06-15,94.61,1185.88,1.126,6.5945,0.7407,3.4746,686.2,1.2912,8.3079,15.2466,1.572,1.0715,0.6696,0.079,-0.4,1.5014,1.4753,1.647,1.771,2.96,5.87,1.55,20.14,78.6673,42.58,20.68,2071.5,1633.8,808.19,3116.37,2887.21,8609.59,33.4854,604,712,129.71,79.47
2016-06-16,94.569,1183.7,1.1225,6.5977,0.7363,3.466,688.64,1.2967,8.3903,15.347,1.5788,1.0907,0.6854,0.125,-0.346,1.4622,1.4453,1.615,1.73,2.96,5.98,1.56,19.37,83.544,44.49,21.95,2077.99,1628.13,799.78,3094.67,2872.817,8409.81,33.325,598,714,78.98,109.07
2016-06-17,94.206,1178.52,1.1277,6.5973,0.7387,3.4167,684.02,1.2894,8.3624,15.1497,1.6078,1.1128,0.6927,0.16,-0.326,1.4602,1.4465,1.6225,1.735,2.95,5.9,1.56,19.41,82.5806,41.35,22.52,2071.22,1635.78,806.22,3110.36,2885.105,8485.87,33.445,587,718,99.29,71.03
2016-06-18,,,,,,,,,,,,,,,,,,,,,,,,,,,,,,,,,,,,70.9,91.09
2016-06-19,,,,,,,,,,,,,,,,,,,,,,,,,,,,,,,,,,,,103.75,54.65
2016-06-20,93.611,1171.8,1.1314,6.5901,0.7457,3.3948,678.21,1.2806,8.2793,14.8402,1.6886,1.1824,0.7451,0.223,-0.265,1.474,1.4554,1.627,1.745,2.96,5.72,1.52,18.37,77.3208,38.99,21.01,2083.25,1664.14,821.17,3112.67,2888.809,8639.51,33.735,582,711,90.83,94.78
2016-06-21,94.017,1175.44,1.1242,6.5935,0.745,3.4142,675.37,1.2817,8.3163,14.7143,1.7059,1.1985,0.763,0.253,-0.211,1.4631,1.4227,1.592,1.737,2.96,5.69,1.51,18.48,76.964,40.37,20.65,2088.9,1668.78,825.35,3106.32,2878.557,8704.4,34.135,580,705,116.32,137.6
2016-06-22,93.716,1170.85,1.1296,6.582,0.7501,3.3775,674.35,1.2844,8.2922,14.6102,1.6852,1.1993,0.7433,0.208,-0.24,1.4852,1.4268,1.599,1.7555,2.96,5.68,1.51,21.17,79.52,43.25,22.25,2085.45,1667.91,829.33,3133.96,2905.55,8763.11,33.945,585,710,104.51,146.78
2016-06-23,93.529,1165.98,1.1385,6.5859,0.7613,3.3366,668.95,1.2753,8.1462,14.4161,1.7458,1.2576,0.7788,0.202,-0.249,1.5491,1.4953,1.661,1.821,2.94,5.57,1.48,17.25,74.0447,40.1,20.1,2113.32,1691.76,835.43,3117.32,2891.96,8785.07,34.505,596,713,106.86,125.3
2016-06-24,95.448,1187.07,1.1117,6.6366,0.7466,3.3765,679.46,1.3004,8.3331,15.0823,1.5599,1.0719,0.627,0.107,-0.316,1.4594,1.3841,1.6,1.746,2.93,5.87,1.58,25.76,77.9402,43.33,22.2,2037.41,1608.79,805.87,3077.16,2854.286,8530.1,33.39,609,714,67.6,312.85
2016-06-25,,,,,,,,,,,,,,,,,,,,,,,,,,,,,,,,,,,,54.5,586.55
2016-06-26,,,,,,,,,,,,,,,,,,,,,,,,,,,,,,,,,,,,38.25,322.73
2016-06-27,96.544,1197.37,1.1025,6.6822,0.733,3.3923,,1.3072,8.5731,15.4679,1.4377,0.9806,0.5935,0.071,-0.309,1.373,1.2851,1.4725,1.659,2.86,6.16,1.59,23.85,81.5678,42.85,22.52,2000.54,1571.76,794.56,3120.54,2895.703,8567.21,32.32,616,703,109.87,254.28
2016-06-28,96.245,1191.28,1.1065,6.6845,0.7386,3.3031,666.95,1.3025,8.4764,15.1792,1.4664,1.0078,0.6132,0.071,-0.33,1.4012,1.3347,1.511,1.685,2.86,6.16,1.59,18.75,78.6739,40.18,20.18,2036.09,1599.12,805.24,3136.4,2912.557,8536.16,33.22,627,695,96.44,238.67
2016-06-29,95.769,1185.68,1.1125,6.6545,0.7451,3.2201,661.99,1.2935,8.3935,14.7927,1.5155,1.0575,0.6368,0.083,-0.338,1.4397,1.3888,1.567,1.73,2.88,6.02,1.56,16.64,71.8031,38.29,19.26,2070.77,1634.41,821.82,3151.39,2931.592,8571.44,33.85,640,694,151.01,146.63
2016-06-30,96.143,1185.47,1.1106,6.6712,0.7451,3.2126,663.26,1.2924,8.3634,14.7266,1.4697,0.9997,0.5817,0.041,-0.407,1.4379,1.4005,1.57,1.72,2.86,5.94,1.56,15.63,72.6386,38.09,18.5,2098.86,1653.23,834.1,3153.92,2929.606,8712.89,34.12,660,691,134.23,96.08
2016-07-01,95.649,1182.71,1.1136,6.678,0.7498,3.2353,661.1,1.2912,8.3437,14.5606,1.4441,0.9946,0.5893,-0.013,-0.46,1.4675,1.447,1.63,1.755,2.86,5.85,1.55,14.77,74.3476,36.18,18.43,2102.95,1660.26,839.25,3154.2,2932.476,,34.3,677,686,112.06,108.22
2016-07-02,,,,,,,,,,,,,,,,,,,,,,,,,,,,,,,,,,,,88.87,114.48
2016-07-03,,,,,,,,,,,,,,,,,,,,,,,,,,,,,,,,,,,,102.72,148.63
2016-07-04,95.649,1181.18,1.1154,6.6746,0.7538,3.2696,657.49,1.2846,8.2902,14.5681,1.4441,0.9946,0.5893,-0.013,-0.46,1.4675,1.447,1.625,1.755,2.83,,,,74.3476,,,,1660.88,843.42,3204.7,2988.604,8802.35,,688,679,42.83,84.51
2016-07-05,96.166,1190.5,1.1076,6.6889,0.7463,3.3036,663.33,1.298,8.407,14.7452,1.375,0.9384,0.5497,-0.056,-0.471,1.4366,1.4023,1.569,1.723,2.85,5.9,1.55,15.58,78.1189,40.08,20.09,2088.55,1645.54,831.68,3207.38,3006.392,8643.31,33.61,692,673,98.28,89.02
2016-07-06,96.053,1188.38,1.11,6.6968,0.752,3.3298,662.66,1.2962,8.432,14.731,1.3682,0.9431,0.5773,-0.096,-0.505,1.4689,1.4424,1.616,1.756,2.86,5.85,1.55,14.96,76.0937,41.43,21.18,2099.73,1640.74,819.19,3216.8,3017.293,8503.14,33.7546,694,672,107.65,185.04
2016-07-07,96.328,1190.06,1.1063,6.7009,0.7479,3.3675,665.95,1.3002,8.5092,14.7603,1.385,0.9607,0.5892,-0.07,-0.463,1.459,1.4201,1.61,1.75,2.84,5.77,1.53,14.76,76.7253,43.24,20.55,2097.9,1643.93,826.99,3209.95,3016.847,8600.99,33.4096,699,669,141.48,117.71
2016-07-08,96.302,1186.33,1.1051,6.7035,0.7569,3.2997,659.75,1.3044,8.5246,14.5379,1.3579,0.9476,0.605,-0.091,-0.47,1.4542,1.4161,1.595,1.7475,2.82,5.64,1.51,13.2,72.3051,41.41,18.79,2129.9,1662.32,828.84,3192.28,2988.094,8534.79,33.855,703,666,131.03,105.65
2016-07-09,,,,,,,,,,,,,,,,,,,,,,,,,,,,,,,,,,,,109.12,124.74
2016-07-10,,,,,,,,,,,,,,,,,,,,,,,,,,,,,,,,,,,,121.49,209
2016-07-11,96.571,1191.86,1.1058,6.7053,0.7532,3.3093,660.86,1.3117,8.5057,14.4468,1.4303,1.0215,0.653,-0.023,-0.404,1.4568,1.4225,1.6075,1.75,2.84,5.43,1.49,13.54,69.7813,42.51,18.93,2137.16,1676.15,846.73,3203.33,2994.917,8703,33.92,704,654,90.25,93.07
2016-07-12,96.441,1190.88,1.1061,6.6968,0.7623,3.2956,659.7,1.3042,8.4327,14.3384,1.51,1.0861,0.6891,0.021,-0.388,1.491,1.4664,1.649,1.792,2.85,5.25,1.46,13.55,71.4307,39.67,17.94,2152.14,1690.69,854.08,3273.18,3049.381,8855.31,34.76,711,639,114.82,113.92
2016-07-13,96.216,1189.52,1.109,6.6899,0.7608,3.2636,656.51,1.2978,8.4255,14.482,1.4743,1.0602,0.6651,0.001,-0.387,1.4754,1.4383,1.617,1.77,2.86,5.32,1.45,13.04,71.6458,43.1,17.61,2152.43,1694.38,856.36,3282.87,3060.689,8909.06,34.46,726,628,57.69,58.42
2016-07-14,96.077,1187.02,1.112,6.6924,0.7632,3.2503,650.95,1.2892,8.3644,14.2249,1.5356,1.0958,0.6732,0.05,-0.363,1.4879,1.4567,1.631,1.786,2.86,5.25,1.44,12.82,73.5649,38.3,17.15,2163.75,1703.22,865.93,3276.76,3054.018,9010.1,34.635,738,620,109.42,53.11
2016-07-15,96.58,1191.61,1.1035,6.7104,0.7578,3.2819,652.35,1.2974,8.4836,14.5736,1.5509,1.1038,0.6674,0.051,-0.347,1.5007,1.4518,1.6375,1.799,2.85,5.2,1.44,12.67,74.7729,36.66,16.91,2161.74,1700.57,867.84,3276.28,3054.296,9049.66,34.615,745,612,91.61,34.4
2016-07-16,,,,,,,,,,,,,,,,,,,,,,,,,,,,,,,,,,,,237.54,88.55
2016-07-17,,,,,,,,,,,,,,,,,,,,,,,,,,,,,,,,,,,,188.21,172.45
2016-07-18,96.562,1192.05,1.1075,6.7107,0.7591,3.2542,648.73,1.2945,8.4473,14.245,1.5818,1.1315,0.6897,0.074,-0.324,1.5092,1.452,1.627,1.8025,2.84,5.23,1.43,12.44,72.9246,38.15,16.96,2166.89,1703.93,870.13,3262.02,3043.564,9090.95,34.64,748,604,158.04,112.79
2016-07-19,97.063,1198.31,1.1021,6.7105,0.7504,3.2485,651.18,1.302,8.5121,14.3361,1.5526,1.1103,0.6898,0.071,-0.304,1.4788,1.4143,1.603,1.77,2.84,5.25,1.43,11.97,70.5273,37.2,16.71,2163.78,1698.72,868.12,3248.23,3036.598,8988.79,34.4446,746,599,190.25,39.89
2016-07-20,97.201,1199.84,1.1015,6.6785,0.7478,3.2594,650.83,1.3057,8.4984,14.3467,1.5801,1.1347,0.7101,0.094,-0.276,1.4859,1.4137,1.5925,1.77,2.82,5.21,1.42,11.77,70.6421,37.02,17.21,2173.02,1707.32,870.76,3237.61,3027.899,9023.11,34.395,736,592,104.29,45.87
2016-07-21,97,1197.39,1.1026,6.6769,0.7495,3.2719,650.88,1.3088,8.4923,14.2309,1.556,1.094,0.6778,0.091,-0.293,1.4646,1.3898,1.572,1.755,2.81,5.21,1.41,12.74,71.8596,38.13,17.77,2165.17,1705.4,871.17,3252.52,3039.009,9057.08,34.055,726,589,146.57,37.63
2016-07-22,97.467,1201.11,1.0977,6.6826,0.7462,3.2558,650.46,1.3127,8.5515,14.2924,1.5663,1.1168,0.7025,0.053,-0.257,1.5145,1.3736,1.559,1.7375,2.81,5.2,1.41,12.02,69.908,38.85,17.61,2175.03,1706.97,869.3,3225.16,3012.816,9031.93,34.16,718,582,150.14,59.24
2016-07-23,,,,,,,,,,,,,,,,,,,,,,,,,,,,,,,,,,,,77.74,40.99
2016-07-24,,,,,,,,,,,,,,,,,,,,,,,,,,,,,,,,,,,,104.02,76.34
2016-07-25,97.286,1202.2,1.0995,6.6883,0.747,3.2877,658.8,1.3217,8.5656,14.3636,1.5731,1.1397,0.7332,0.077,-0.207,1.4966,1.3475,1.531,1.7225,2.83,5.17,1.41,12.87,68.7472,40.97,17.74,2168.48,1703.94,869.1,3230.89,3015.828,9034.76,33.48,709,579,100.57,78.34
2016-07-26,97.156,1199.09,1.0986,6.6799,0.7502,3.2761,661.21,1.3188,8.5696,14.361,1.5611,1.1331,0.7539,0.061,-0.208,1.502,1.3416,1.5275,1.729,2.82,5.21,1.42,13.05,68.7587,41.27,17.45,2169.18,1705.99,870.72,3269.59,3050.166,9062.25,33.675,696,567,81.79,56.4
2016-07-27,97.053,1197.69,1.1058,6.6715,0.7491,3.2621,667.13,1.3189,8.5384,14.258,1.4976,1.0863,0.7184,0.004,-0.249,1.4943,1.3213,1.506,1.72,2.82,5.3,1.43,12.83,66.6415,41.6,16.93,2166.58,1706.35,874.05,3218.24,2991.999,9115.29,33.345,679,559,99.43,122.84
2016-07-28,96.739,1196.85,1.1077,6.6612,0.7503,3.2923,663.73,1.3156,8.5557,14.1455,1.5044,1.0847,0.7066,-0.015,-0.267,1.5202,1.3392,1.5275,1.7525,2.81,5.33,1.44,12.72,66.6729,42.93,16.31,2170.06,1707.59,875.52,3221.14,2994.324,9082.85,33.35,665,550,90.89,76.37
2016-07-29,95.53,1180.81,1.1174,6.6307,0.7596,3.2491,655.68,1.303,8.4459,13.8787,1.4531,1.0237,0.6554,-0.036,-0.31,1.4903,1.324,1.505,1.7175,2.8,5.4,1.45,11.87,64.1468,41.08,15.8,2173.6,1721.79,873.47,3203.93,2979.339,8958.97,33.69,656,541,107.76,78.16
2016-07-30,,,,,,,,,,,,,,,,,,,,,,,,,,,,,,,,,,,,66.52,91.53
2016-07-31,,,,,,,,,,,,,,,,,,,,,,,,,,,,,,,,,,,,49.32,117.46
2016-08-01,95.713,1184.72,1.1163,6.646,0.7536,3.265,657.82,1.3124,8.498,13.9174,1.5214,1.0751,0.6848,0.058,-0.217,1.4638,1.2804,1.472,1.695,2.81,5.41,1.46,12.44,63.6696,44.22,16.28,2170.84,1717.67,882.55,3176.81,2953.385,9129.2,32.58,650,532,98.59,74.99
2016-08-02,95.064,1177.48,1.1224,6.6327,0.7609,3.2598,655.78,1.311,8.4284,13.9998,1.5558,1.0895,0.6788,0.117,-0.184,1.4399,1.2627,1.446,1.675,2.791,5.45,1.47,13.37,67.8455,45.7,16.45,2157.03,1706.52,876.77,3189.05,2971.279,,32.875,645,523,126.3,55.54
2016-08-03,95.563,1180.95,1.1149,6.6436,0.7588,3.238,656.77,1.3067,8.4545,13.909,1.542,1.0702,0.6668,0.081,-0.239,1.4613,1.2967,1.479,1.693,2.786,5.45,1.47,12.86,67.7936,44.64,16.18,2163.79,1703.43,868.18,3193.51,2978.461,8978.33,33.51,641,515,118.51,38.55
2016-08-04,95.758,1181.83,1.113,6.6465,0.7628,3.1932,656.35,1.3019,8.4398,13.7059,1.5008,1.0283,0.643,0.026,-0.299,1.4763,1.317,1.5025,1.705,2.786,5.43,1.46,12.42,67.104,43.1,16.06,2164.25,1707.69,876.04,3201.29,2982.426,9004.62,33.46,636,509,154.44,42.64
2016-08-05,96.194,1185.89,1.1086,6.666,0.7619,3.1649,656.91,1.3172,8.5076,13.727,1.5885,1.1363,0.7221,0.08,-0.217,1.509,1.3481,1.523,1.739,2.766,5.28,1.45,11.39,66.5854,41.5,15.6,2182.87,1716.65,885.52,3205.11,2976.696,9131.52,33.765,636,509,93.31,89.43
2016-08-06,,,,,,,,,,,,,,,,,,,,,,,,,,,,,,,,,,,,45.01,76.61
2016-08-07,,,,,,,,,,,,,,,,,,,,,,,,,,,,,,,,,,,,72.89,60.56
2016-08-08,96.401,1186.06,1.1088,6.6685,0.7651,3.1737,654.21,1.3154,8.4701,13.5749,1.592,1.1444,0.726,0.084,-0.209,1.5093,1.3475,1.535,1.743,,5.23,1.43,11.5,65.5025,41.14,15.49,2180.89,1719.91,895.53,3234.18,3004.277,9276.56,34.215,636,505,116.03,108.83
2016-08-09,96.183,1182.3,1.1117,6.6618,0.7673,3.1451,652.63,1.3119,8.4065,13.413,1.547,1.1072,0.71,0.057,-0.22,1.4908,1.3211,1.51,1.73,2.755,5.19,1.42,11.66,64.3033,39.76,14.41,2181.74,1728.52,899.79,3256.98,3025.681,9301.17,34.035,631,504,114.04,61.67
2016-08-10,95.65,1177.11,1.1176,6.6427,0.7703,3.1265,648.96,1.3058,8.2707,13.2814,1.5074,1.0716,0.682,0.049,-0.223,1.4591,1.2864,1.486,1.714,2.717,5.17,1.42,12.05,63.3392,39.32,14.89,2175.49,1727.49,902.99,3243.34,3018.746,9315.5,33.665,638,500,116.23,81.76
2016-08-11,95.857,1177.94,1.1137,6.6428,0.7699,3.1442,642.93,1.2993,8.25,13.402,1.5593,1.1444,0.742,0.088,-0.183,1.4719,1.3171,1.52,1.737,2.704,5.09,1.41,11.68,65.2893,39.29,15.37,2185.79,1735.8,907.6,3233.36,3002.637,9423.34,34.16,653,497,97.58,43.24
2016-08-12,95.722,1177.35,1.1162,6.652,0.7652,3.1933,649.42,1.2951,8.211,13.4764,1.5135,1.0974,0.7057,0.059,-0.217,1.4554,1.3036,1.507,1.719,2.675,5.12,1.41,11.55,64.3692,37.78,15.01,2184.05,1736.1,910.08,3294.23,3050.668,9554.85,34.35,671,496,112.61,63
2016-08-13,,,,,,,,,,,,,,,,,,,,,,,,,,,,,,,,,,,,96.78,55.14
2016-08-14,,,,,,,,,,,,,,,,,,,,,,,,,,,,,,,,,,,,87.17,137.71
2016-08-15,95.629,1174.66,1.1184,6.6466,0.7674,3.1859,648.31,1.2924,8.2143,13.3033,1.5576,1.1347,0.7258,0.095,-0.188,1.4623,1.3121,1.5225,1.726,2.656,5.06,1.4,11.81,63.7693,37.28,14.67,2190.15,1739.43,915.86,3393.42,3125.195,9708.89,34.625,681,497,97.81,91.36
2016-08-16,94.791,1166.27,1.1279,6.6303,0.7695,3.2022,651.53,1.2863,8.1952,13.4216,1.5746,1.1591,0.7459,0.119,-0.149,1.4564,1.2962,1.495,1.715,2.68,4.99,1.39,12.64,63.6712,37.45,16.13,2178.15,1730.94,915.6,3378.25,3110.037,9707.99,34.68,687,497,95.12,105.49
2016-08-17,94.718,1168.27,1.1289,6.6353,0.7655,3.2056,658.15,1.2844,8.2041,13.3816,1.5491,1.1315,0.7257,0.074,-0.196,1.476,1.3196,1.521,1.74,2.702,4.97,1.38,12.19,63.5403,35.12,15.83,2182.22,1731.64,909.67,3373.05,3109.555,9641.76,34.785,685,500,61.16,83.6
2016-08-18,94.157,1161.8,1.1354,6.6339,0.7686,3.2393,656.37,1.2782,8.1512,13.3749,1.5356,1.1087,0.7014,0.051,-0.243,1.4857,1.3413,1.539,1.748,2.698,5,1.38,11.43,63.6508,36.75,14.97,2187.02,1736.83,916.4,3364.49,3104.114,9654.69,35.5,682,501,118.66,59.73
2016-08-19,94.511,1166.86,1.1325,6.6561,0.7627,3.2037,660.59,1.2871,8.2192,13.5163,1.5781,1.1641,0.7459,0.084,-0.2,1.4948,1.3538,1.549,1.7475,2.715,4.95,1.37,11.34,64.8151,34.88,15.35,2183.87,1731.85,910.34,3365.02,3108.102,9606.17,35.205,683,504,78.4,56.17
2016-08-20,,,,,,,,,,,,,,,,,,,,,,,,,,,,,,,,,,,,55.85,53.76
2016-08-21,,,,,,,,,,,,,,,,,,,,,,,,,,,,,,,,,,,,23.11,44.8
2016-08-22,94.519,1168.62,1.132,6.6612,0.7626,3.2007,668.58,1.2946,8.2143,13.5811,1.5424,1.1348,0.7378,0.062,-0.217,1.4808,1.3432,1.539,1.732,2.697,4.97,1.37,12.27,67.8711,36.41,15.82,2182.64,1732.61,904.22,3336.79,3084.805,9602.65,34.8,687,506,84.6,39.89
2016-08-23,94.539,1169.71,1.1305,6.6578,0.7615,3.2344,671.41,1.2913,8.2142,14.0019,1.5458,1.1348,0.7418,0.054,-0.222,1.4925,1.3482,1.548,1.7525,2.744,4.95,1.36,12.38,66.6166,37.53,15.62,2186.9,1738.55,906.5,3341.83,3089.706,9586.99,35.0446,692,505,89.98,40.46
2016-08-24,94.786,1171.57,1.1264,6.6721,0.7613,3.225,670.15,1.2927,8.2192,14.1632,1.5611,1.1446,0.7618,0.07,-0.21,1.4917,1.3426,1.545,1.7535,2.781,4.95,1.36,13.45,66.5089,37.46,16.89,2175.44,1731.17,896.75,3329.86,3085.88,9507.09,34.905,706,512,139.23,43.23
2016-08-25,94.772,1170.78,1.1285,6.6685,0.7618,3.2347,663.32,1.2922,8.2201,14.2113,1.5731,1.1605,0.7894,0.072,-0.194,1.5017,1.3508,1.553,1.764,2.773,4.91,1.36,13.63,69.3552,36.76,16.73,2172.47,1727.3,898.1,3308.97,3068.329,9504.78,34.81,718,515,176.97,83.01
2016-08-26,95.566,1180.32,1.1198,6.6933,0.7564,3.2653,668.18,1.3003,8.2697,14.3694,1.6296,1.2365,0.8428,0.143,-0.101,1.4871,1.3357,1.5525,1.7525,2.744,4.86,1.35,13.65,71.2373,36.05,16.17,2169.04,1726.08,901.39,3307.09,3070.309,9550.04,34.69,720,515,80.3,117.24
2016-08-27,,,,,,,,,,,,,,,,,,,,,,,,,,,,,,,,,,,,117.3,139.2
2016-08-28,,,,,,,,,,,,,,,,,,,,,,,,,,,,,,,,,,,,71.82,86.28
2016-08-29,95.58,1180.98,1.1189,6.6897,0.7569,3.23,671.35,1.3011,8.2783,14.4066,1.5595,1.1686,0.8052,0.091,-0.144,1.4691,1.3123,1.528,1.73,2.777,4.89,1.35,12.94,68.6079,36.72,15.95,2180.38,1725.57,895.97,3307.78,3070.027,9497.82,34.925,,,151.2,87.44
2016-08-30,96.054,1187.81,1.1143,6.694,0.7509,3.2418,674.82,1.3099,8.3443,14.5037,1.5663,1.1766,0.7973,0.103,-0.122,1.464,1.3017,1.521,1.73,2.814,4.89,1.35,13.12,69.1142,38.03,15.99,2176.12,1723.65,898.92,3311.99,3074.677,9597.25,34.805,715,510,79.75,46.48
2016-08-31,96.022,1187.91,1.1158,6.6915,0.7517,3.2263,679.97,1.3105,8.328,14.7313,1.58,1.1977,0.8053,0.111,-0.088,1.4694,1.288,1.515,1.735,2.808,4.9,1.35,13.42,69.0806,39.5,16.01,2170.95,1719.52,893.68,3327.79,3085.491,9541.8,34.255,711,515,86.18,45.98
2016-09-01,95.653,1183.75,1.1197,6.6858,0.7551,3.2592,680.57,1.3103,8.335,14.5985,1.5681,1.1799,0.7816,0.102,-0.094,1.4674,1.2706,1.501,1.7325,2.799,4.89,1.36,13.48,70.2452,41.22,16.25,2170.86,1723.55,891.08,3301.58,3063.305,9606.08,34.155,712,514,72.01,38.52
2016-09-02,95.844,1184.44,1.1156,6.6984,0.7573,3.2569,671.73,1.2993,8.322,14.4932,1.6024,1.1914,0.7858,0.118,-0.106,1.4846,1.2937,1.53,1.749,2.787,4.88,1.37,11.98,66.4643,38.64,14.58,2179.98,1734.6,899.61,3314.11,3067.352,9686.88,34.54,720,516,77.37,40.85
2016-09-03,,,,,,,,,,,,,,,,,,,,,,,,,,,,,,,,,,,,81.9,11.49
2016-09-04,,,,,,,,,,,,,,,,,,,,,,,,,,,,,,,,,,,,86.49,75.51
2016-09-05,95.844,1182.15,1.1147,6.6915,0.7582,3.2832,673.42,1.2928,8.3042,14.3866,1.6024,1.1914,0.7858,0.118,-0.106,1.485,1.2954,1.53,1.74,2.798,,,,66.4643,,,,1737.39,909.6,3319.68,3072.095,9830.57,,724,517,52.7,145.01
2016-09-06,94.823,1169.81,1.1255,6.6753,0.7687,3.196,662.98,1.2844,8.17,13.98,1.534,1.1169,0.7281,0.038,-0.19,1.496,1.3011,1.537,1.76,2.813,4.84,1.37,12.02,63.4574,39.85,15.6,2186.48,1745.89,923.45,3342.63,3090.713,9938.39,35.06,745,528,91.34,30.28
2016-09-07,94.956,1171.44,1.1239,6.6714,0.7673,,661.6,1.2884,8.1803,14.0248,1.5391,1.1234,0.734,0.024,-0.206,1.5158,1.3265,1.5575,1.781,2.82,4.82,1.37,11.94,64.067,38.63,15,2186.16,1747.47,926.04,3340.82,3091.928,9970.19,35.26,773,537,91.87,22.17
2016-09-08,95.027,1175.71,1.126,6.6801,0.7643,3.2111,664.18,1.2937,8.1883,14.1337,1.599,1.1769,0.7699,0.065,-0.186,1.5346,1.3581,1.602,1.8025,2.818,4.67,1.38,12.51,65.952,38.21,14.97,2181.3,1744.44,927.29,3339.56,3095.954,10008.21,35.92,792,536,60.41,27.04
2016-09-09,95.336,1181.22,1.1233,6.6959,0.7541,3.2732,670.56,1.3049,8.2512,14.4158,1.6749,1.2225,0.7821,0.163,-0.113,1.5132,1.3335,1.573,1.784,2.81,4.79,1.38,17.5,69.1197,39.72,15.49,2127.81,1707.94,909.32,3318.04,3078.855,10057.97,34.85,804,542,116.91,35.65
2016-09-10,,,,,,,,,,,,,,,,,,,,,,,,,,,,,,,,,,,,110.29,33.11
2016-09-11,,,,,,,,,,,,,,,,,,,,,,,,,,,,,,,,,,,,93.09,50.18
2016-09-12,95.095,1178.28,1.1235,6.6851,0.7566,3.2474,670.15,1.304,8.236,14.2276,1.6629,1.1965,0.7701,0.153,-0.15,1.5103,1.3421,1.587,1.785,2.801,4.91,1.4,15.16,68.9051,39.16,15.2,2159.04,1715.76,889.41,3262.6,3021.977,9654.08,35.195,804,543,137.55,39.54
2016-09-13,95.633,1186.79,1.122,6.6905,0.7464,3.313,678.28,1.3176,8.2779,14.3935,1.7271,1.2455,0.7982,0.226,-0.094,1.5025,1.3385,1.591,1.786,2.773,4.98,1.4,17.85,70.604,41.1,15.78,2127.02,1694.83,886.01,3260.33,3023.51,9571.06,34.19,796,548,122.26,67.65
2016-09-14,95.327,1185.78,1.125,6.6673,0.7469,3.3448,674.38,1.3195,8.2385,14.3202,1.6976,1.2064,0.758,0.202,-0.121,1.4964,1.324,1.585,1.783,2.773,5.01,1.41,18.14,69.226,42.47,15.32,2125.77,1692.53,885.14,3238.73,3002.849,9542.52,33.785,756,549,115.55,28.87
2016-09-15,95.288,1184.76,1.1244,6.65,0.7515,3.3021,670.63,1.316,8.2321,14.2483,1.6907,1.1787,0.7258,0.187,-0.162,1.5044,1.3333,1.599,1.792,,5,1.4,16.3,69.1296,40.9,15.07,2147.26,1704.84,888.98,,,9595.73,34.205,764,555,99.24,30.61
2016-09-16,96.108,1192.86,1.1155,6.6537,0.7491,3.2624,675.13,1.3212,8.3107,14.182,1.6926,1.1984,0.7621,0.172,-0.177,1.5219,1.3713,1.633,1.81,,5.02,1.4,15.37,69.2109,39.86,14.78,2139.16,1696.31,885.45,,,,33.725,800,561,51.03,44.18
2016-09-17,,,,,,,,,,,,,,,,,,,,,,,,,,,,,,,,,,,,66.84,26.59
2016-09-18,,,,,,,,,,,,,,,,,,,,,,,,,,,,,,,,,,,,104.69,97.8
2016-09-19,95.841,1190.18,1.1175,6.666,0.7534,3.2727,674.67,1.3203,8.2888,14.0162,1.7118,1.2197,0.7784,0.199,-0.156,1.5141,1.3703,1.636,1.8,2.767,4.99,1.39,15.53,69.2268,39.66,15.68,2139.12,1703.08,897.68,3263.12,3026.051,9747.75,33.705,836,566,255.73,74.44
2016-09-20,96.019,1191.87,1.1151,6.682,0.7556,3.2593,671.28,1.3189,8.3097,13.9145,1.6892,1.2001,0.7743,0.186,-0.169,1.5044,1.3639,1.625,1.789,2.754,4.99,1.39,15.92,68.6234,40.99,15.69,2139.76,1703.23,898.82,3257.4,3022.999,9751.44,33.46,865,588,183.11,58.92
2016-09-21,95.66,1183.94,1.1189,6.6699,0.7624,3.2048,665.1,1.3101,8.2631,13.5779,1.6511,1.187,0.7744,0.128,-0.202,1.5238,1.3865,1.652,1.806,2.765,4.97,1.38,13.3,63.7282,39.85,14.69,2163.12,1721.69,905.65,3266.64,3025.874,9849.06,34.235,903,602,162.74,31.41
2016-09-22,95.448,1182.65,1.1208,6.6824,0.7643,3.2207,659.32,1.3042,8.1339,13.6471,1.6183,1.1642,0.7703,0.054,-0.267,1.5656,1.4263,1.694,1.847,2.758,4.86,1.37,12.02,61.1808,41.57,13.73,2177.18,1740.55,920.92,3291.12,3042.313,9893.8,34.275,937,606,95.46,64.81
2016-09-23,95.477,1185.89,1.1226,6.6794,0.7623,3.245,661.06,1.3172,8.113,13.7176,1.6184,1.156,0.754,0.036,-0.295,1.5829,1.4475,1.71,1.865,2.742,4.87,1.37,12.29,59.7525,43.89,13.93,2164.69,1729.7,917.5,3275.67,3033.896,9796.01,33.82,941,611,100.25,60.71
2016-09-24,,,,,,,,,,,,,,,,,,,,,,,,,,,,,,,,,,,,71.67,106.95
2016-09-25,,,,,,,,,,,,,,,,,,,,,,,,,,,,,,,,,,,,52.46,53.57
2016-09-26,95.297,1184.39,1.1254,6.6832,0.7636,3.24,661.75,1.3227,8.1089,13.6799,1.5839,1.1184,0.7336,0.025,-0.317,1.5579,1.4278,1.686,1.837,2.729,4.92,1.38,14.5,58.8544,44.9,14.98,2146.1,1714.85,905.49,3220.28,2980.429,9629.35,33.67,934,618,133.84,30.74
2016-09-27,95.435,1181.23,1.1215,6.6841,0.7667,3.2346,662.78,1.3196,8.1154,13.4523,1.5564,1.1119,0.7421,0.016,-0.308,1.5417,1.4117,1.67,1.818,2.734,4.95,1.38,13.1,59.234,43.88,14.53,2159.93,1719.88,911.13,3240.75,2998.172,9746.56,33.445,930,638,83.86,56.95
2016-09-28,95.431,1180.66,1.1217,6.684,0.7692,3.2153,661.75,1.308,8.0351,13.6187,1.5719,1.1347,0.7559,-0.004,-0.342,1.5766,1.456,1.709,1.85,2.74,4.91,1.38,12.39,57.6154,45.24,13.98,2171.37,1725.63,912.19,3230.89,2987.858,9719.84,34.89,912,644,115.89,38.39
2016-09-29,95.535,1183.49,1.1222,6.6711,0.7636,3.2593,657.86,1.3146,8.0485,13.8938,1.5599,1.1169,0.7342,0.001,-0.351,1.5599,1.4506,1.701,1.84,2.746,4.87,1.38,14.02,58.845,42.05,13.86,2151.13,1719.77,913.39,3244.39,2998.483,9794.33,34.83,888,638,104.66,51.81
2016-09-30,95.463,1182.79,1.1235,6.677,0.7664,3.2613,657.32,1.3127,7.9846,13.7225,1.5944,1.1492,0.7619,-0.014,-0.358,1.6101,1.4891,1.74,1.8825,2.736,4.8,1.38,13.29,60.556,39.31,13.88,2168.27,1725.67,903.46,3253.28,3004.703,9581.93,35.305,875,625,120.29,34.93
2016-10-01,,,,,,,,,,,,,,,,,,,,,,,,,,,,,,,,,,,,47.72,59.96
2016-10-02,,,,,,,,,,,,,,,,,,,,,,,,,,,,,,,,,,,,64.79,102.52
2016-10-03,95.695,1183.86,1.1211,6.6783,0.7675,3.2095,659.9,1.312,7.981,13.5982,1.6221,1.1784,0.7916,-0.01,-0.332,1.6345,1.4981,1.75,1.911,,4.75,1.38,13.57,60.4308,38.04,14.16,2161.2,1722.82,911.61,,,9683.37,35.28,864,622,64.84,78.99
2016-10-04,96.169,1190.65,1.1204,6.6939,0.762,3.2585,663.35,1.3192,8.0079,13.8291,1.6864,1.2271,0.8215,0.07,-0.269,1.6176,1.4846,1.7475,1.9,,4.68,1.38,13.63,62.0787,37.66,15.8,2150.49,1717.82,915.61,,,9756.77,34.92,860,616,147.35,48.13
2016-10-05,96.125,1190.86,1.1205,6.699,0.7622,3.221,664.95,1.3176,8.02,13.7188,1.7021,1.2434,0.8316,0.069,-0.271,1.635,1.5032,1.76,1.913,,4.65,1.36,12.99,62.5694,36.65,15.21,2159.73,1721.14,915.26,,,9811.18,35.455,869,613,119.91,65.03
2016-10-06,96.765,1196.17,1.1151,6.7073,0.7585,3.2282,666.75,1.3218,8.0573,13.8844,1.7372,1.2776,0.8496,0.083,-0.263,1.6548,1.5371,1.795,1.9375,,4.65,1.35,12.84,64.2883,35.92,16.05,2160.77,1718.4,917.04,,,9947.1,35.51,915,619,92.69,58.51
2016-10-07,96.632,1194.42,1.1201,6.708,0.7582,3.2183,669.78,1.3296,8.0862,13.872,1.7181,1.2551,0.8301,0.078,-0.283,1.6414,1.5362,1.79,1.9275,,4.66,1.34,13.48,62.8398,36.6,15.72,2153.74,1712.4,914.81,,,9923.82,35.305,921,621,25.32,57.08
2016-10-08,,,,,,,,,,,,,,,,,,,,,,,,,,,,,,,,,,,,50.19,64.33
2016-10-09,,,,,,,,,,,,,,,,,,,,,,,,,,,,,,,,,,,,101.56,102.18
2016-10-10,96.929,1195.09,1.1139,6.7171,0.7607,3.2074,667.93,1.3176,8.0844,13.8097,1.7181,1.2551,0.8301,0.078,-0.283,1.6414,1.5362,1.7875,1.9275,2.683,,,13.38,62.8398,36.57,15.6,2163.66,1719.29,918.68,3293.87,3048.143,,35.86,922,626,,15.2
2016-10-11,97.69,1201.6,1.1054,6.7297,0.7539,3.1941,667.25,1.3265,8.1823,14.3691,1.7638,1.2944,0.8664,0.119,-0.256,1.6462,1.5472,1.805,1.935,2.705,4.64,1.33,15.36,63.9548,38.08,15.63,2136.73,1700.33,905.57,3306.56,3065.25,9804.47,35.45,922,633,,54.57
2016-10-12,97.966,1204.26,1.1007,6.7254,0.7562,,666.98,1.3276,8.2179,14.2299,1.7692,1.2912,0.8585,0.123,-0.255,1.6467,1.543,1.8,1.935,2.725,4.63,1.32,15.91,64.2686,39.05,15.61,2139.18,1695.54,902.74,3300.01,3058.498,9673.2,35.3,906,641,,59.38
2016-10-13,97.516,1200.69,1.1056,6.7342,0.7569,3.1782,671.33,1.3192,8.1511,14.2517,1.7411,1.2586,0.8345,0.104,-0.28,1.6383,1.5431,1.803,1.9275,2.717,4.71,1.32,16.69,64.5478,37.22,15.63,2132.55,1689.62,890.65,3302.65,3061.346,9496.85,35.105,885,657,,50.64
2016-10-14,98.019,1205.22,1.0972,6.7376,0.7618,3.2059,670.43,1.3139,8.2205,14.3182,1.7977,1.2866,0.8348,0.123,-0.289,1.6756,1.5735,1.826,1.9625,2.708,4.65,1.31,16.12,64.9764,35.55,15.14,2132.98,1693.71,897.03,3305.85,3063.809,9601.4,34.9,892,673,,80.62
2016-10-15,,,,,,,,,,,,,,,,,,,,,,,,,,,,,,,,,,,,,98.91
2016-10-16,,,,,,,,,,,,,,,,,,,,,,,,,,,,,,,,,,,,,98.05
2016-10-17,97.888,1202.11,1.1,6.7474,0.7629,3.2042,670.19,1.3129,8.1805,14.1485,1.766,1.2539,0.8147,0.07,-0.346,1.697,1.5945,1.857,1.9795,2.705,4.67,1.3,16.21,64.4162,34.88,15.23,2126.5,1687.84,894.71,3277.88,3041.167,9541.08,34.73,894,674,,115.14
2016-10-18,97.895,1199.28,1.0981,6.7436,0.7666,3.187,668.33,1.3109,8.1522,13.8952,1.7379,1.2245,0.7986,0.057,-0.36,1.6814,1.58,1.845,1.971,2.708,4.65,1.3,15.28,63.1833,36.37,14.73,2139.6,1701.1,908.55,3321.33,3083.875,9720.2,34.87,890,681,,45.55
2016-10-19,97.92,1197.72,1.0974,6.7406,0.7722,3.1686,665.6,1.3114,8.1354,13.8341,1.7432,1.2262,0.7946,0.05,-0.378,1.6951,1.5981,1.864,1.9875,2.679,4.59,1.29,14.41,61.6413,32.72,14.59,2144.29,1706.74,913.35,3316.24,3084.719,9641.22,35.365,872,686,,61.32
2016-10-20,98.315,1203.16,1.0929,6.7479,0.7627,3.1411,666.78,1.323,8.1843,13.9517,1.7556,1.2525,0.819,0.067,-0.347,1.6887,1.5916,1.856,1.9825,2.664,4.56,1.29,13.75,59.6172,32.48,14.68,2141.34,1704.04,913.38,3318.6,3084.458,9686.38,35.325,849,692,,48.77
2016-10-21,98.695,1206.65,1.0884,6.7704,0.7608,3.1565,666.31,1.3332,8.2491,13.9849,1.7347,1.2428,0.8234,0.054,-0.36,1.6819,1.5909,1.855,1.977,2.657,4.58,1.3,13.34,57.0892,32.51,14.55,2141.16,1701.16,911.24,3327.74,3090.941,,35.095,842,691,,34.08
2016-10-22,,,,,,,,,,,,,,,,,,,,,,,,,,,,,,,,,,,,,41.54
2016-10-23,,,,,,,,,,,,,,,,,,,,,,,,,,,,,,,,,,,,,85.95
2016-10-24,98.756,1207.71,1.0882,6.7829,0.7611,3.1221,659.17,1.3286,8.2551,13.9105,1.7647,1.2742,0.8399,0.075,-0.328,1.691,1.5835,1.849,1.982,2.689,4.54,1.3,13.02,56.7909,32.79,14.95,2151.33,1706.24,918.4,3367.58,3128.247,9852.9,34.99,831,680,,58.65
2016-10-25,98.719,1206.27,1.0889,6.7756,0.7646,3.1125,653.33,1.3351,8.283,13.7551,1.756,1.2742,0.8523,0.05,-0.333,1.7064,1.5853,1.853,2.002,2.711,4.53,1.3,13.46,57.4141,33.93,14.55,2143.16,1701.2,918.25,3367.45,3131.939,9837.7,34.83,813,667,,114.51
2016-10-26,98.629,1208.17,1.0908,6.7847,0.7651,3.1401,653.95,1.3381,8.2758,13.8906,1.7931,1.304,0.8685,0.06,-0.324,1.7335,1.6046,1.86,2.0275,2.744,4.57,1.31,14.24,59.5122,35.39,14.48,2139.43,1699.92,910.58,3354.8,3116.312,9698.85,34.91,802,658,,40.45
2016-10-27,98.888,1212.2,1.0897,6.7952,0.7589,3.1661,649.86,1.3386,8.2671,13.8743,1.8536,1.3473,0.8863,0.124,-0.289,1.7307,1.6152,1.88,2.022,2.716,4.6,1.31,15.36,62.5324,35.86,15,2133.04,1694.66,905.31,3345.7,3112.35,9608.91,34.78,798,657,,85.31
2016-10-28,98.348,1208.35,1.0985,6.7848,0.7599,3.2007,649.2,1.3398,8.2645,13.8352,1.8468,1.3245,0.8526,0.109,-0.325,1.7384,1.6305,1.894,2.033,2.712,4.67,1.32,16.19,64.375,37.76,16.62,2126.41,1690.96,903.5,3340.13,3104.271,9515.32,34.685,834,660,,74.06
2016-10-29,,,,,,,,,,,,,,,,,,,,,,,,,,,,,,,,,,,,,76.83
2016-10-30,,,,,,,,,,,,,,,,,,,,,,,,,,,,,,,,,,,,,80.76
2016-10-31,98.445,1208.25,1.0981,6.7777,0.7609,3.1939,651.18,1.3409,8.2596,13.4741,1.8255,1.3067,0.8409,0.095,-0.33,1.7309,1.6135,1.8825,2.027,2.744,4.77,1.32,17.06,65.465,40.96,18.13,2126.15,1690.92,905.09,3336.28,3100.492,9559.39,34.31,857,656,,95.82
2016-11-01,97.699,1204.72,1.1055,6.7733,0.7652,3.2318,,1.339,8.2153,13.6105,1.8274,1.2921,0.8311,0.085,-0.351,1.7421,1.6201,1.9,2.0425,2.73,4.92,1.34,18.56,67.764,40.08,19.02,2111.72,1683.96,902.58,3359.05,3122.436,9706.2,34.315,838,655,89.67,44.68
2016-11-02,97.398,1202.39,1.1098,6.7679,0.7661,,649.46,1.3393,8.1898,13.4647,1.8025,1.263,0.8174,0.091,-0.349,1.7128,1.5891,1.853,2.014,2.74,4.99,1.35,19.32,69.2476,40.86,19.32,2097.94,1672.83,890.21,3333.35,3102.732,9519.87,33.935,834,670,77.04,60.79
2016-11-03,97.157,1197.72,1.1105,6.7702,0.7682,3.242,651.78,1.3397,8.1862,13.4649,1.8115,1.2646,0.8055,0.123,-0.319,1.6898,1.5556,1.827,1.99,2.733,5,1.35,22.08,72.5734,41.49,19.98,2088.66,1667.03,884.93,3365.09,3128.936,9482.01,34.07,849,667,62.05,63.05
2016-11-04,97.065,1195.25,1.1141,6.7728,0.7673,3.2355,657.51,1.3404,8.1591,13.5823,1.7762,1.2321,0.7838,0.091,-0.341,1.6861,1.5455,1.823,1.9975,2.731,5.05,1.36,22.51,74.6135,43.69,20.22,2085.18,1660.12,880.12,3354.17,3125.317,9491.51,33.885,855,665,48.22,87.98
2016-11-05,,,,,,,,,,,,,,,,,,,,,,,,,,,,,,,,,,,,65.12,107.72
2016-11-06,,,,,,,,,,,,,,,,,,,,,,,,,,,,,,,,,,,,69.66,121.17
2016-11-07,97.781,1199.59,1.1041,6.7938,0.7728,3.2061,653.54,1.3364,8.2349,13.3623,1.8261,1.2874,0.8178,0.099,-0.331,1.7267,1.5927,1.877,2.047,2.755,4.89,1.35,18.71,72.3432,44.2,18.53,2131.52,1685.62,894.77,3356.59,3133.333,9608.24,34.615,870,659,66.01,74.75
2016-11-08,97.861,1199.17,1.1026,6.7979,0.7762,3.1702,646.78,1.3288,8.2295,13.1866,1.8547,1.3265,0.8539,0.122,-0.305,1.7351,1.6065,1.895,2.057,2.768,4.86,1.34,18.74,68.4678,43.56,17.93,2139.56,1691.74,902.45,3371.12,3147.887,9659.85,34.66,911,661,89.67,119.44
2016-11-09,98.504,1215.61,1.091,6.8341,0.7635,3.2264,649.8,1.3424,8.3439,13.4457,2.0571,1.4724,0.8901,0.211,-0.248,1.8474,1.694,1.985,2.169,2.761,4.79,1.32,14.38,76.3282,41.25,16.68,2163.26,1696.46,880.15,3353.05,3128.37,9378.66,35.225,954,682,50.19,246.03
2016-11-10,98.785,1225.88,1.0893,6.8301,0.7613,3.3942,656.84,1.3469,8.3654,14.1217,2.1501,1.5571,0.9151,0.254,-0.194,1.9098,1.7267,2.023,2.255,2.811,4.83,1.3,14.74,82.5707,42.44,18.52,2167.48,1701.29,875.63,3390.61,3171.282,9545.85,35.375,974,744,,272.71
2016-11-11,99.06,1228.32,1.0855,6.8226,0.7546,3.4035,669.32,1.3542,8.3935,14.3352,2.1501,1.5571,0.9151,,,1.9098,1.7267,2.03,2.249,2.836,,,14.17,82.5707,45.31,23.25,2164.45,1696.99,849.1,3417.22,3196.043,9433.37,34.73,1045,750,,140.42
2016-11-12,,,,,,,,,,,,,,,,,,,,,,,,,,,,,,,,,,,,,178.53
2016-11-13,,,,,,,,,,,,,,,,,,,,,,,,,,,,,,,,,,,,,339.37
2016-11-14,100.11,1237.46,1.0737,6.8556,0.7554,3.4348,670.16,1.3557,8.4742,14.4314,2.2614,1.6819,1.0023,0.407,-0.028,1.8711,1.6858,1.983,2.211,2.884,4.98,1.3,14.48,89.2178,50.17,20.5,2164.2,1692.31,838.96,3430.25,3210.371,9342.87,34.925,1065,740,,263.29
2016-11-15,100.23,1236.05,1.0722,6.873,0.7559,,669.83,1.3448,8.4335,14.1762,2.2189,1.6588,0.9926,0.386,-0.054,1.8559,1.6941,2.005,2.198,2.858,4.84,1.28,13.37,84.1174,49.43,16.42,2180.39,1701.82,841.49,3429.87,3206.986,9398.1,35.91,1084,740,,161.83
2016-11-16,100.41,1239.06,1.0691,6.8896,0.748,3.4267,674.95,1.3446,8.4776,14.3076,2.2225,1.6707,1.0051,0.369,-0.051,1.8757,1.7019,2.003,2.21,2.893,4.83,1.29,13.72,80.1246,50.09,15.77,2176.94,1698.41,847.15,3429.59,3205.057,9362.54,35.66,1145,786,,135.29
2016-11-17,100.89,1245.61,1.0626,6.9044,0.7406,3.4207,675.09,1.3521,8.5412,14.4242,2.3026,1.7362,1.0461,0.402,-0.02,1.923,1.7339,2.03,2.262,2.902,4.76,1.29,13.35,77.5351,47.37,17.5,2187.12,1706.98,847.19,3436.54,3208.452,9326.54,35.42,1231,831,,111
2016-11-18,101.21,1251.57,1.0588,6.9054,0.7338,3.3825,678.58,1.3505,8.5974,14.4222,2.3548,1.7975,1.0678,0.433,0.014,1.9456,1.7484,2.042,2.2725,2.901,4.74,1.3,12.85,81.6473,46.56,17.03,2181.9,1697.35,844.53,3417.46,3192.856,9349.31,35.565,1257,828,,176.29
2016-11-19,,,,,,,,,,,,,,,,,,,,,,,,,,,,,,,,,,,,,117.88
2016-11-20,,,,,,,,,,,,,,,,,,,,,,,,,,,,,,,,,,,,,111.02
2016-11-21,101.05,1246.48,1.063,6.9048,0.7369,3.3517,674.38,1.3418,8.5445,14.2486,2.3154,1.7691,1.0683,0.389,-0.029,1.9488,1.7579,2.045,2.269,2.885,4.69,1.3,12.42,80.5793,45.71,15.86,2198.18,1710.49,847.4,3441.11,3218.148,9444.71,36.41,1240,834,,94.21
2016-11-22,101.04,1248.06,1.0627,6.912,0.7402,3.3558,677.47,1.3441,8.5194,14.0861,2.3119,1.7762,1.0871,0.381,-0.038,1.9496,1.767,2.054,2.272,2.885,4.63,1.3,12.41,76.4616,46.69,15.43,2202.94,1713.07,857.45,3468.36,3248.352,9651.45,36.39,1232,862,,102.35
2016-11-23,101.7,1256.09,1.0553,6.9545,0.7385,3.3907,680.19,1.3488,8.6131,14.1502,2.3498,1.8321,1.1228,0.42,0.019,1.9496,1.7703,2.0625,2.26,2.865,4.6,1.3,12.43,78.6397,47.54,18.53,2204.72,1709.71,855.92,3474.73,3241.137,9665.99,36.54,1224,870,,84.27
2016-11-24,101.7,1257.71,1.0554,6.9477,0.7408,3.3962,679.23,1.3492,8.5982,14.1494,2.3498,1.8321,1.1228,0.42,0.019,1.9492,1.7703,2.07,2.262,2.859,,,,78.6397,,,,1713.27,852.02,3488.74,3241.736,9678.77,,1201,886,,84.01
2016-11-25,101.49,1254.76,1.0589,6.9465,0.7443,3.4132,679.66,1.3519,8.5805,14.11,2.3572,1.8354,1.1168,0.445,0.038,1.9324,1.7563,2.04,2.235,2.874,4.59,1.3,12.34,79.693,53.46,18.47,2213.35,1720.84,855.78,3521.3,3261.938,9790.23,36.36,1181,892,,90.3
2016-11-26,,,,,,,,,,,,,,,,,,,,,,,,,,,,,,,,,,,,,69.39
2016-11-27,,,,,,,,,,,,,,,,,,,,,,,,,,,,,,,,,,,,,95.7
2016-11-28,101.33,1250.69,1.0614,6.9275,0.7482,3.3875,675.03,1.3412,8.5382,13.73,2.3124,1.7894,1.099,0.447,0.038,1.8847,1.711,1.992,2.198,2.883,4.6,1.3,13.15,78.7352,52.56,17.39,2201.72,1712.98,863.17,3535.08,3277,9875.54,35.855,1184,896,,96.79
2016-11-29,100.93,1248.9,1.065,6.9136,0.7484,3.3925,673.64,1.3432,8.5331,13.8818,2.291,1.7746,1.0871,0.414,0.018,1.8919,1.7206,2.008,2.209,2.992,4.63,1.3,12.9,77.3039,55.09,17.28,2204.66,1715.42,858.47,3564.04,3282.924,9846.21,35.415,1202,895,,56.24
2016-11-30,101.5,1255.53,1.0589,6.9162,0.7385,3.3857,674.19,1.3437,8.5249,14.094,2.3809,1.842,1.113,0.425,0.004,1.9753,1.7968,2.084,2.284,2.953,4.55,1.29,13.33,80.9553,44.25,19.18,2198.81,1712.09,862.83,3538,3250.035,9838.06,37.215,1204,891,,63.67
2016-12-01,101.04,1251.15,1.0661,6.8805,0.7415,3.4643,674.69,1.3319,8.4202,14.1066,2.4481,1.8982,1.147,0.468,0.019,1.9982,1.8324,2.11,2.305,3.013,4.48,1.28,14.07,86.6292,40.45,19.39,2191.08,1708.64,858.41,3565.04,3273.309,9892.31,37.305,1196,878,146.61,167.88
2016-12-02,100.77,1247.36,1.0664,6.8704,0.7457,3.4768,670.95,1.3292,8.4219,13.8021,2.3831,1.8208,1.0957,0.458,-0.006,1.9417,1.7761,2.085,2.2495,3.021,4.5,1.29,14.12,82.058,35.51,18.44,2191.95,1708.94,853.07,3528.95,3243.843,9781.23,37.415,1198,889,64.86,144.2
2016-12-03,,,,,,,,,,,,,,,,,,,,,,,,,,,,,,,,,,,,36.35,152.48
2016-12-04,,,,,,,,,,,,,,,,,,,,,,,,,,,,,,,,,,,,22.95,137.3
2016-12-05,100.09,1242.66,1.0764,6.8656,0.7472,3.4235,665.51,1.3271,8.3717,13.7263,2.3941,1.8456,1.1198,0.45,-0.001,1.9634,1.7972,2.081,2.2795,3.066,4.45,1.28,12.14,79.8381,37,17.56,2204.71,1718.1,853.97,3469.41,3204.709,9711.8,37.745,1196,887,85.23,113.93
2016-12-06,100.49,1244.77,1.0718,6.8878,0.7461,3.4103,663.53,1.3277,8.4051,13.6462,2.3887,1.834,1.1139,0.417,-0.033,1.9923,1.8176,2.105,2.3,3.108,4.37,1.28,11.79,76.5652,37.11,17.06,2212.23,1727.82,861.49,3459.15,3199.647,9768.85,37.675,1186,863,68.57,158.64
2016-12-07,100.23,1241.28,1.0753,6.8961,0.7482,3.393,656.51,1.3234,8.3638,13.4748,2.3401,1.7895,1.094,0.393,-0.055,1.9679,1.7916,2.081,2.273,3.092,4.3,1.27,12.22,73.4412,36.05,16.87,2241.35,1749.31,867.61,3475.75,3222.242,9829.58,37.975,1162,868,103.35,162
2016-12-08,101.1,1247.8,1.0615,6.9124,0.7463,3.375,,1.3191,8.4335,13.6558,2.4071,1.8374,1.1102,0.428,-0.07,2.0006,1.8483,2.13,2.306,3.093,4.25,1.27,12.64,73.1102,35.03,16.48,2246.19,1752.94,879.32,3470.14,3215.366,9896.82,38.18,1122,889,75.4,125.48
2016-12-09,101.59,1253.59,1.0561,6.9282,0.7449,3.3803,651.49,1.3179,8.5033,13.796,2.4675,1.8906,1.1329,0.48,-0.023,2.0034,1.85,2.133,2.305,3.115,4.17,1.27,11.75,75.5479,35.21,18.66,2259.53,1760.12,877.85,3493.7,3232.884,9867.95,38.3,1090,903,71.09,97.26
2016-12-10,,,,,,,,,,,,,,,,,,,,,,,,,,,,,,,,,,,,,130.24
2016-12-11,,,,,,,,,,,,,,,,,,,,,,,,,,,,,,,,,,,,,125.68
2016-12-12,101.03,1246.14,1.0635,6.9269,0.7497,3.3381,649.35,1.313,8.4377,13.615,2.4712,1.8857,1.1411,0.472,-0.054,2.0093,1.8704,2.1675,2.321,3.19,4.13,1.26,12.64,76.3941,30.3,16.97,2256.96,1760.25,872.24,3409.18,3152.97,9699.31,38.48,1069,887,,99.45
2016-12-13,101.07,1247.3,1.0626,6.9208,0.75,3.3344,650.97,1.3131,8.4258,13.6133,2.4713,1.9091,1.1636,0.492,-0.009,1.9903,1.8523,2.132,2.297,3.203,4.08,1.25,12.72,75.3586,31.35,16.17,2271.72,1774.01,877.2,3405.04,3155.037,9719.94,38.915,1052,889,,336.71
2016-12-14,101.76,1261.04,1.0536,6.927,0.7406,3.3721,655.53,1.3283,8.5769,13.932,2.5707,2.0479,1.2673,0.611,0.154,1.9698,1.8258,2.121,2.281,3.235,4.01,1.24,13.19,75.8376,33.97,18.21,2253.28,1763.72,872.76,3378.95,3140.531,9706.15,38.135,1003,895,,53.87
2016-12-15,103.02,1269.2,1.0414,6.9331,0.7358,3.3651,666.11,1.3336,8.6668,13.9695,2.5967,2.0884,1.2738,0.687,0.241,1.9191,1.7808,2.0825,2.2375,3.383,4.03,1.25,12.79,78.6122,33.58,17.89,2262.03,1754.51,858.65,3340.43,3117.677,9479.16,38.22,966,909,,232.94
2016-12-16,102.95,1268.87,1.0451,6.9672,0.7304,3.3897,673.45,1.3336,8.6726,14.0325,2.5916,2.0654,1.2524,0.714,0.24,1.8866,1.7607,2.052,2.198,3.294,4.05,1.24,12.2,78.2199,29.18,17.55,2258.07,1754.74,856.4,3346.03,3122.981,9470.33,38.255,946,911,,53.13
2016-12-17,,,,,,,,,,,,,,,,,,,,,,,,,,,,,,,,,,,,,61.8
2016-12-18,,,,,,,,,,,,,,,,,,,,,,,,,,,,,,,,,,,,,149.81
2016-12-19,103.14,1270.08,1.0402,6.9325,0.7245,3.3693,676.73,1.3408,8.687,14.1391,2.5382,2.0218,1.2221,0.661,0.195,1.8879,1.7599,2.0575,2.205,3.378,4.07,1.24,11.71,75.2435,29.23,16.05,2262.53,1758.82,851.13,3328.98,3118.085,9377.43,38.08,927,910,,91.47
2016-12-20,103.29,1272.29,1.0388,6.939,0.7259,3.3505,675.83,1.3368,8.7044,13.9976,2.5586,2.0388,1.2163,0.637,0.15,1.9349,1.8248,2.124,2.253,3.42,4.04,1.23,11.45,75.4572,27.43,16.69,2270.76,1761.43,851.31,3309.06,3102.876,9283.41,37.995,914,920,,59.25
2016-12-21,103.02,1271.07,1.0424,6.9306,0.7238,3.331,672.37,1.3413,8.6824,14.0025,2.5348,2.0187,1.1879,0.613,0.136,1.9351,1.8159,2.1175,2.262,3.257,4.03,1.23,11.27,73.971,28.39,15.82,2265.18,1760.09,851.17,3338.54,3137.43,9331.63,38.055,926,945,,37.37
2016-12-22,103.09,1274.25,1.0437,6.949,0.7217,3.2912,676.02,1.3483,8.7128,14.0407,2.5515,2.034,1.1923,0.584,0.097,1.9809,1.8706,2.162,2.299,3.23,4.04,1.23,11.43,74.0548,30.29,15.28,2260.96,1757.83,842.51,3335.67,3139.558,9200.24,38.21,928,936,,50.35
2016-12-23,103.01,1273.42,1.0456,6.957,0.7176,3.2699,674.06,1.3533,8.7009,13.998,2.5373,2.0245,1.2016,0.555,0.081,1.9954,1.8761,2.177,2.312,3.192,4.04,1.23,11.44,72.5726,29.9,16.36,2263.79,1759.15,841.6,3307.6,3110.154,9181.75,38.175,961,919,,35.7
2016-12-24,,,,,,,,,,,,,,,,,,,,,,,,,,,,,,,,,,,,,67.43
2016-12-25,,,,,,,,,,,,,,,,,,,,,,,,,,,,,,,,,,,,,187.34
2016-12-26,102.97,1273.52,1.0455,6.9565,0.7192,3.28,672.86,1.3509,8.6945,14.0112,2.5373,2.0245,1.2016,0.555,0.081,1.9934,1.8761,,2.3175,3.183,,,,72.5726,,,,1758.48,842.45,3322.4,3122.569,,,,,,155.98
2016-12-27,103.02,1274.84,1.0457,6.958,0.7185,3.2725,,1.3575,8.7066,13.9272,2.5596,2.055,1.2267,0.559,0.095,2.0135,1.8858,2.189,2.332,3.198,3.97,1.22,11.99,70.6642,30,16.68,2268.88,1760.56,844.66,3316.39,3114.664,,38.26,,,,108.11
2016-12-28,103.3,1276.72,1.0413,6.9712,0.7177,3.2769,671.79,1.356,8.7234,13.8569,2.508,1.9961,1.254,0.538,0.053,1.9809,1.8668,2.177,2.314,3.139,4,1.22,12.95,70.7909,29.91,16.04,2249.92,1750.48,851.18,3301.89,3102.236,9300.63,37.845,,,,161.59
2016-12-29,102.68,1270.33,1.049,6.964,0.7219,3.2539,666.29,1.3502,8.6429,13.6152,2.475,1.9538,1.2122,0.522,0.019,1.9629,1.8474,2.151,2.287,3.047,4.04,1.22,13.37,71.2764,30.01,15.68,2249.26,1752.96,858.44,3297.76,3096.097,9312.76,37.77,,,,116.01
2016-12-30,102.21,1267.38,1.0517,6.9761,0.7208,3.25,670.68,1.3441,8.6406,13.7401,2.4443,1.9274,1.1883,0.479,-0.025,1.9714,1.862,2.168,2.2975,3.06,4.09,1.23,14.04,71.6297,30.83,16.23,2238.83,1751.22,862.27,3310.08,3103.637,9394.87,37.66,,,,141.16
2016-12-31,,,,,,,,,,,,,,,,,,,,,,,,,,,,,,,,,,,,,127.18
2017-01-01,,,,,,,,,,,,,,,,,,,,,,,,,,,,,,,,,,,,108.47,235.1
2017-01-02,102.78,1266.96,1.0455,6.9751,0.7184,3.286,,1.3443,8.6596,13.7351,2.4443,1.9274,1.1883,0.479,-0.025,1.9714,1.862,2.165,2.295,,,,,71.6297,,,,1753.09,861.88,,,,,,,146.65,242.04
2017-01-03,103.21,1277.53,1.0405,6.959,0.7219,3.265,670.68,1.3427,8.6574,13.8329,2.4444,1.9422,1.2141,0.455,-0.036,1.9983,1.8886,2.189,2.32,3.117,3.98,1.22,12.85,76.7316,32.88,16.26,2257.83,1757.99,868.44,3342.23,3135.921,9459.55,38.085,953,1088,121.97,89.85
2017-01-04,102.7,1272.13,1.0489,6.866,0.7283,3.2213,671.55,1.3302,8.5928,13.6142,2.439,1.9306,1.214,0.443,-0.042,2.0046,1.8915,2.191,2.318,3.182,3.87,1.21,11.85,76.4077,32.36,15.16,2270.75,1773.96,871.45,3368.31,3158.794,9440.99,38.005,969,1053,108.89,101.99
2017-01-05,101.52,1259.72,1.0607,6.7889,0.7338,3.1991,661.8,1.3225,8.4783,13.5759,2.3443,1.8434,1.1621,0.379,-0.102,1.9722,1.864,2.18,2.291,3.219,3.91,1.22,11.67,76.5029,31.56,14.98,2269,1782.46,881.72,3367.79,3165.411,9598.68,37.91,983,1024,68.14,134.47
2017-01-06,102.22,1266.94,1.0532,6.8498,0.7301,3.2224,667.8,1.3237,8.5379,13.7596,2.4193,1.9239,1.2098,0.439,-0.036,1.9856,1.8867,2.186,2.295,3.213,3.83,1.22,11.32,75.2375,30.47,14.55,2276.98,1783.1,881.11,3347.67,3154.321,9611.05,37.945,963,1026,129.06,96.97
2017-01-07,,,,,,,,,,,,,,,,,,,,,,,,,,,,,,,,,,,,71.24,110.23
2017-01-08,,,,,,,,,,,,,,,,,,,,,,,,,,,,,,,,,,,,37.81,272.01
2017-01-09,101.93,1265.5,1.0574,6.8797,0.7354,3.2,671.48,1.3216,8.5395,13.6726,2.3647,1.8727,1.1816,0.401,-0.066,1.9685,1.8636,2.1675,2.28,3.176,3.88,1.22,11.56,74.8288,33.73,14.38,2268.9,1776.94,878.44,3363.9,3171.236,9602.32,37.395,949,1013,161.03,121.76
2017-01-10,102.01,1267.2,1.0554,6.9103,0.7368,3.1939,670.24,1.3232,8.6051,13.7418,2.3757,1.8759,1.1856,0.4,-0.08,1.9795,1.8815,2.178,2.292,3.189,3.88,1.22,11.49,73.2584,33.61,14.32,2268.9,1779.62,885.7,3358.27,3161.671,9664.19,37.055,926,1017,66.47,121.9
2017-01-11,101.78,1264.85,1.0582,6.887,0.7441,3.1971,671.28,1.3179,8.5513,13.7449,2.3721,1.8841,1.1855,0.377,-0.106,1.9996,1.9103,2.207,2.317,3.209,3.89,1.22,11.26,72.8257,32.95,14.96,2275.32,1778.17,886.73,3334.5,3136.754,9733.9,37.455,894,1018,137.61,124.56
2017-01-12,101.35,1259.03,1.0613,6.8597,0.7484,3.1873,663.01,1.3145,8.5276,13.5072,2.3631,1.8659,1.1733,0.368,-0.124,1.9991,1.9125,2.202,2.31,3.192,3.91,1.22,11.54,73.744,32.37,14.6,2270.44,1783.44,896.64,3317.62,3119.289,9723.05,37.3,892,1024,129.81,113.32
2017-01-13,101.18,1256.39,1.0643,6.843,0.7502,3.2182,,1.3114,8.5005,13.5157,2.3964,1.897,1.1931,0.39,-0.106,2.0102,1.9201,2.205,2.305,3.199,3.89,1.22,11.23,74.5005,30.73,14.63,2274.64,1788.23,895.98,3319.91,3112.764,9787.34,37.19,910,1027,127.04,135.56
2017-01-14,,,,,,,,,,,,,,,,,,,,,,,,,,,,,,,,,,,,64.45,111.9
2017-01-15,,,,,,,,,,,,,,,,,,,,,,,,,,,,,,,,,,,,29.19,188.29
2017-01-16,101.18,1261.08,1.0601,6.8594,0.7477,3.2409,,1.3175,8.5315,13.6729,2.3964,1.897,1.1931,0.39,-0.106,2.0092,1.9201,2.1975,2.305,3.258,,,,74.5005,,,,1783.76,889.11,3319.45,3103.428,9666.09,,925,1018,72.59,114.17
2017-01-17,100.33,1245.21,1.0713,6.8023,0.7567,3.2112,,1.3043,8.4468,13.4677,2.3253,1.8192,1.1524,0.331,-0.178,1.9989,1.9158,2.189,2.294,3.265,3.93,1.22,11.87,73.939,31.25,15.67,2267.89,1782.86,894.87,3326.36,3108.775,9702.19,37.42,922,1001,100.72,160.96
2017-01-18,100.93,1258.3,1.063,6.8402,0.7505,3.2231,659.07,1.3269,8.497,13.6325,2.4296,1.9383,1.2214,0.412,-0.066,2.023,1.923,2.2,2.293,3.268,3.89,1.22,12.48,73.9423,31.24,15.25,2271.89,1785.69,897.89,3339.37,3113.012,9802.86,37.335,952,1006,102.5,135.59
2017-01-19,101.15,1257.95,1.0664,6.8464,0.7561,3.2015,660.04,1.3318,8.4485,13.56,2.4739,1.9633,1.2214,0.413,-0.079,2.0671,1.9556,2.219,2.337,3.275,3.86,1.22,12.78,78.3221,30.88,15.11,2263.69,1776.02,894.52,3329.29,3101.299,9792.37,37.13,942,1002,125.67,95.56
2017-01-20,100.74,1253.45,1.0703,6.8405,0.7555,3.1744,656.91,1.332,8.4108,13.5986,2.4668,1.9365,1.1885,0.431,-0.128,2.0366,1.9717,2.233,2.342,3.27,3.87,1.22,11.54,76.7057,29.19,14.38,2271.31,1782.71,893.28,3354.89,3123.139,9715.72,37.27,925,997,104.66,141.55
2017-01-21,,,,,,,,,,,,,,,,,,,,,,,,,,,,,,,,,,,,39.02,151.63
2017-01-22,,,,,,,,,,,,,,,,,,,,,,,,,,,,,,,,,,,,85.14,185.71
2017-01-23,100.16,1244.56,1.0765,6.8127,0.7584,3.1646,653.72,1.3238,8.3473,13.4864,2.3971,1.8634,1.1434,0.379,-0.174,2.0186,1.9398,2.197,2.3025,3.259,3.95,1.22,11.77,75.5172,30.79,15.15,2265.2,1781.43,902.14,3364.08,3136.775,9726.82,36.875,914,995,111.45,154.77
2017-01-24,100.35,1245.87,1.0731,6.816,0.7582,3.1708,651.78,1.3158,8.3524,13.3845,2.4652,1.9331,1.1924,0.414,-0.139,2.0515,1.9731,2.2175,2.33,3.274,3.87,1.21,11.07,75.5299,29.59,14.65,2280.07,1790.57,908.63,3364.45,3142.553,9759.26,37.28,886,987,96.98,136.15
2017-01-25,100.03,1238.93,1.0748,6.8277,0.7572,3.1675,649.16,1.307,8.3114,13.2415,2.5116,1.9765,1.2341,0.446,-0.127,2.0677,2.0022,2.24,2.346,3.355,3.8,1.2,10.81,77.0613,30.41,14.47,2298.37,1805.81,912.16,3375.9,3149.554,9742.32,37.475,862,977,104.38,175.14
2017-01-26,100.38,1246.49,1.0682,6.8503,0.7535,3.1744,650.16,1.309,8.3394,13.3595,2.5043,1.9657,1.2242,0.429,-0.157,2.0765,2.0127,2.253,2.362,3.365,3.81,1.2,10.63,74.6944,29.59,14.74,2296.68,1803.75,916.73,3387.96,3159.166,9854.36,37.505,840,965,111.43,89.25
2017-01-27,100.53,1246.38,1.0699,6.8693,0.7551,3.141,651.02,1.3153,8.3405,13.4737,2.4843,1.9458,1.2182,0.412,-0.188,2.0734,2.026,2.2625,2.366,,3.82,1.2,10.58,72.1877,29.78,14.34,2294.69,1803.39,915.92,,,9804.05,37.115,827,946,119.16,135.05
2017-01-28,,,,,,,,,,,,,,,,,,,,,,,,,,,,,,,,,,,,98.64,152.15
2017-01-29,,,,,,,,,,,,,,,,,,,,,,,,,,,,,,,,,,,,116.23,186.22
2017-01-30,100.43,1242.86,1.0695,6.8633,0.7555,3.1266,648.35,1.3117,8.3151,13.506,2.4881,1.9491,1.2122,0.422,-0.188,2.0675,2.0333,2.25,2.35,,3.83,1.2,11.88,72.3572,30.94,15.19,2280.9,1792.06,913.09,,,,36.435,816,930,166.49,115.06
2017-01-31,99.512,1234.36,1.0798,6.8275,0.7585,3.1486,647.24,1.303,8.2464,13.4753,2.4531,1.9129,1.2044,0.395,-0.219,2.0594,2.034,2.25,2.332,,3.88,1.21,11.99,72.5153,31.33,15.27,2278.87,1792.4,909.23,,,,36.45,800,901,188.69,139.29
2017-02-01,99.641,1234.63,1.0769,6.831,0.7586,3.1282,647.32,1.3049,8.2343,13.4719,2.4699,1.9294,1.2125,0.421,-0.215,2.0488,2.0415,2.264,2.338,,3.84,1.21,11.81,70.8378,30.65,14.8,2279.55,1793.39,913,,,9756.61,36.18,786,877,150.57,158.28
2017-02-02,99.79,1232.54,1.0759,6.8101,0.7658,3.1214,643.6,1.3027,8.2525,13.3995,2.4737,1.9228,1.2046,0.418,-0.241,2.0567,2.06,2.271,2.3375,,3.83,1.21,11.93,69.9231,29.39,15.04,2280.85,1795.11,915.21,,,9696.32,36.385,770,864,166.1,113.53
2017-02-03,99.868,1231.15,1.0783,6.8025,0.768,3.123,638.88,1.3023,8.2066,13.2667,2.4648,1.9096,1.1969,0.42,-0.241,2.0457,2.0499,2.269,2.344,3.423,3.76,1.21,10.97,67.3897,28.11,15.04,2297.42,1805.51,918.87,3364.49,3140.17,9683.23,36.7,752,858,184.03,131.28
2017-02-04,,,,,,,,,,,,,,,,,,,,,,,,,,,,,,,,,,,,148.07,88.69
2017-02-05,,,,,,,,,,,,,,,,,,,,,,,,,,,,,,,,,,,,50.52,211.26
2017-02-06,99.907,1232.34,1.075,6.8002,0.766,3.1182,640.25,1.3084,8.2537,13.3167,2.4077,1.8453,1.149,0.386,-0.272,2.0228,2.0224,2.236,2.316,3.497,3.81,1.22,11.37,67.5544,29.37,15.74,2292.56,1798.21,922.99,3373.21,3156.984,9840.26,36.39,735,856,83.56,150.83
2017-02-07,100.26,1237.42,1.0683,6.8352,0.7628,3.1203,647.45,1.3185,8.3213,13.4502,2.3931,1.8469,1.165,0.398,-0.223,1.9957,1.9732,2.1925,2.29,3.474,3.81,1.21,11.29,68.07,29.61,15.26,2293.08,1797.29,919.8,3365.68,3153.088,9846.06,35.875,714,846,184.34,121.82
2017-02-08,100.28,1235.72,1.0698,6.8422,0.7645,3.1156,648.03,1.3144,8.316,13.4139,2.3363,1.8024,1.141,0.355,-0.226,1.9822,1.9298,2.15,2.252,3.45,3.86,1.22,11.45,68.7425,29.09,15.2,2294.67,1802.26,921.68,3383.29,3166.982,9955.34,35.96,702,842,101.93,118.99
2017-02-09,100.65,1239.08,1.0655,6.8637,0.7625,3.127,646.27,1.3145,8.3383,13.4035,2.3948,1.8667,1.1772,0.391,-0.192,2.0047,1.9592,2.165,2.293,3.419,3.81,1.21,10.88,68.9453,28.25,14.88,2307.87,1807.54,925.57,3396.29,3183.179,10075.17,36.365,707,846,92.3,74.34
2017-02-10,100.8,1239.13,1.0643,6.8634,0.7674,3.1154,639.88,1.3083,8.3653,13.3365,2.4073,1.8865,1.1895,0.391,-0.19,2.0171,1.9764,2.182,2.304,3.437,3.8,1.21,10.85,69.6282,26.43,14.88,2316.1,1814.71,930.16,3413.49,3196.699,10125.21,36.64,702,847,212.41,231.24
2017-02-11,,,,,,,,,,,,,,,,,,,,,,,,,,,,,,,,,,,,128.2,57.47
2017-02-12,,,,,,,,,,,,,,,,,,,,,,,,,,,,,,,,,,,,89.33,162.36
2017-02-13,100.96,1241.03,1.0598,6.8741,0.764,3.1104,642.81,1.3071,8.3907,13.3349,2.4358,1.9147,1.2017,0.422,-0.153,2.0146,1.968,2.168,2.3,3.421,3.75,1.2,11.07,68.8286,26.99,14.61,2328.25,1823.34,935.45,3436.28,3216.839,10257.84,36.71,688,851,132.02,77.85
2017-02-14,101.25,1242.73,1.0578,6.8601,0.7663,3.0846,641.7,1.3076,8.3986,13.1053,2.4698,1.963,1.2343,0.447,-0.111,2.0236,1.9767,2.169,2.303,3.421,3.71,1.19,10.74,67.2553,27.49,14.21,2337.58,1823.63,934.08,3435.8,3217.928,10254.44,36.83,685,862,185.85,120.2
2017-02-15,101.18,1240.55,1.0601,6.8451,0.771,3.0569,639.11,1.308,8.3386,12.9162,2.4932,1.9914,1.2466,0.434,-0.144,2.0603,2.0363,2.237,2.34,3.441,3.67,1.18,11.97,65.5141,27.75,13.71,2349.25,1833.55,941.78,3421.71,3212.986,10436.04,36.685,688,850,118.86,130.16
2017-02-16,100.44,1236.95,1.0674,6.8493,0.7694,3.0893,638.8,1.3071,8.2873,13.0327,2.4467,1.9364,1.2021,0.423,-0.184,2.0246,2.0227,2.22,2.307,3.395,3.73,1.18,11.76,68.2298,27.37,13.75,2347.22,1836.56,945.62,3440.93,3229.619,10455.02,36.185,710,869,127.41,89.07
2017-02-17,100.95,1240.84,1.0616,6.8508,0.7664,3.0991,644.79,1.3096,8.3426,13.0382,2.4147,1.9015,1.1882,0.398,-0.2,2.0176,2.0003,2.193,2.302,3.363,3.77,1.19,11.49,69.7839,25.29,13.27,2351.16,1836.5,939.03,3421.44,3202.075,10360.13,35.985,741,863,88.52,143.29
2017-02-18,,,,,,,,,,,,,,,,,,,,,,,,,,,,,,,,,,,,92.25,87.44
2017-02-19,,,,,,,,,,,,,,,,,,,,,,,,,,,,,,,,,,,,95.06,123.54
2017-02-20,100.95,1239.82,1.0614,6.8576,0.7688,3.0879,641.18,1.3106,8.3387,13.045,2.4147,1.9015,1.1882,0.398,-0.2,2.0176,2.0003,2.193,2.297,3.323,,,,69.7839,,,,1836.78,943.58,3471.39,3239.961,10445.48,,757,859,110.42,66.08
2017-02-21,101.37,1241.76,1.0536,6.8636,0.7675,3.0965,643.45,1.3141,8.3593,13.1388,2.429,1.9199,1.2067,0.395,-0.206,2.0347,2.0221,2.2025,2.298,3.373,3.72,1.19,11.57,68.7218,25.79,13.72,2365.38,1843.05,945.64,3482.82,3253.326,10408.56,36.23,778,857,139.23,87.54
2017-02-22,101.22,1238.92,1.0558,6.8573,0.7703,3.0655,642.11,1.3164,8.3663,12.9735,2.4129,1.9049,1.2162,0.369,-0.223,2.0453,2.0246,2.206,2.305,3.335,3.7,1.18,11.74,69.2627,27.09,13.26,2362.82,1842.37,950.95,3489.76,3261.219,10537.58,35.68,806,852,95.25,226.71
2017-02-23,101.05,1234.65,1.0582,6.8494,0.7715,3.0636,641.43,1.3105,8.3392,12.872,2.372,1.8586,1.1825,0.334,-0.276,2.0389,2.0261,2.21,2.305,3.324,3.69,1.17,11.71,68.641,25.79,13.68,2363.81,1845.35,952.12,3473.32,3251.375,10521.53,35.83,856,856,59.78,84.74
2017-02-24,101.09,1236.39,1.0563,6.8545,0.7676,3.1097,646.25,1.3091,8.3767,12.9518,2.3117,1.8044,1.1428,0.3,-0.303,2.0123,2.0075,2.18,2.275,3.328,3.75,1.18,11.47,69.8485,25.72,13.54,2367.34,1840.8,943.52,3473.85,3253.433,10418.66,35.495,875,857,90.82,99
2017-02-25,,,,,,,,,,,,,,,,,,,,,,,,,,,,,,,,,,,,43.47,35.04
2017-02-26,,,,,,,,,,,,,,,,,,,,,,,,,,,,,,,,,,,,48.11,121.6
2017-02-27,101.13,1237.9,1.0587,6.8619,0.7673,,646.58,1.318,8.3701,13.0096,2.365,1.8651,1.1944,0.341,-0.25,2.0251,2.0187,2.1875,2.283,3.325,3.67,1.16,12.09,70.8911,25.01,14.44,2369.75,1841.57,940.32,3446.22,3228.66,10330.85,35.8,878,847,81.36,117.37
2017-02-28,101.12,1239.43,1.0576,6.8554,0.7657,,650.38,1.3301,8.3939,13.1285,2.3899,1.9294,1.2601,0.379,-0.166,2.0122,2.0003,2.169,2.268,3.321,3.63,1.15,12.92,71.2937,25.46,14.3,2363.64,1838.7,936.37,3452.81,3241.733,10297.96,35.69,859,835,69.57,114.25
2017-03-01,101.78,1244.39,1.0547,6.8716,0.7677,3.0935,650.76,1.3325,8.4098,13.0263,2.4526,1.9872,1.2842,0.42,-0.132,2.0336,2.0264,2.2,2.291,3.377,3.47,1.12,12.54,70.1326,24.67,14.41,2395.96,1856.34,938.47,3458.44,3246.933,10287.98,36.405,871,831,130.1,111.9
2017-03-02,102.2,1251.08,1.0507,6.8852,0.7572,3.1533,654.82,1.3391,8.4836,13.1565,2.4779,2.0155,1.3084,0.457,-0.088,2.0211,2.0145,2.18,2.277,3.384,3.44,1.12,11.81,69.539,25.94,13.89,2381.92,1848.84,936.37,3435.1,3230.028,10246.89,36.06,904,837,114.54,125.27
2017-03-03,101.54,1242.22,1.0622,6.8967,0.7596,3.1161,657.83,1.338,8.4226,13.0275,2.478,2.009,1.3051,0.435,-0.137,2.044,2.054,2.209,2.29,3.403,3.49,1.12,10.96,65.787,25.59,13.66,2383.12,1848.98,931.07,3427.86,3218.312,10144.47,35.995,939,841,64.77,88.91
2017-03-04,,,,,,,,,,,,,,,,,,,,,,,,,,,,,,,,,,,,16.44,89.26
2017-03-05,,,,,,,,,,,,,,,,,,,,,,,,,,,,,,,,,,,,122.12,128.58
2017-03-06,101.64,1245.11,1.0582,6.9011,0.7579,3.137,660.83,1.3412,8.4933,13.02,2.4997,2.0191,1.3053,0.473,-0.117,2.0278,2.0448,2.194,2.279,3.364,3.55,1.11,11.24,65.4098,26.96,13.24,2375.31,1845.7,934.42,3446.48,3233.866,10171.1,36.075,979,838,117.26,104.29
2017-03-07,101.81,1245.15,1.0566,6.8938,0.7588,3.1189,659.18,1.3413,8.453,12.973,2.5179,2.0491,1.3277,0.487,-0.101,2.0324,2.0523,2.1975,2.286,3.368,3.62,1.12,11.45,66.0329,26.46,13.22,2368.39,1840.57,936.5,3453.96,3242.407,10229.68,35.755,1033,839,141.89,71.17
2017-03-08,102.07,1250.21,1.0541,6.9162,0.7528,3.17,662.55,1.3491,8.548,13.1313,2.5597,2.0926,1.3542,0.55,-0.037,2.0115,2.0254,2.174,2.265,3.411,3.68,1.14,11.86,66.6094,31.74,13.58,2362.98,1834.72,934.9,3448.73,3240.665,10280.31,34.825,1045,859,111.12,124.51
2017-03-09,101.85,1251.15,1.0577,6.9046,0.7506,3.193,665.08,1.3511,8.5826,13.3336,2.6053,2.1362,1.3726,0.593,-0.001,2.0137,2.0218,2.169,2.275,3.418,3.76,1.15,12.3,69.1812,31.98,13.62,2364.87,1835.9,922.94,3426.94,3216.746,10095.79,35.055,1064,862,123.04,95.37
2017-03-10,101.25,1243.81,1.0673,6.895,0.7542,3.1419,664.1,1.3471,8.5978,13.1786,2.5745,2.1014,1.3534,0.559,-0.019,2.0162,2.0053,2.168,2.288,3.421,3.78,1.16,11.66,67.7001,33.45,13.03,2372.6,1845.88,926.14,3427.89,3212.76,10069.1,35.005,1086,850,71.8,81.65
2017-03-11,,,,,,,,,,,,,,,,,,,,,,,,,,,,,,,,,,,,52.9,107.41
2017-03-12,,,,,,,,,,,,,,,,,,,,,,,,,,,,,,,,,,,,75.8,167.79
2017-03-13,101.31,1243.98,1.0653,6.8963,0.7571,3.1528,666.7,1.3446,8.5662,13.1376,2.6258,2.1385,1.3719,0.608,0.027,2.0182,1.9962,2.1675,2.289,3.379,3.81,1.16,11.35,65.6376,32.39,11.27,2373.47,1850.02,938.5,3458.1,3237.024,10258.71,35.01,1099,850,78.47,56.5
2017-03-14,101.7,1247.49,1.0604,6.9005,0.7559,3.1686,669.08,1.3479,8.6131,13.1553,2.6002,2.1285,1.3763,0.606,0.044,1.9955,1.9684,2.131,2.272,3.371,3.9,1.17,12.3,65.182,33.19,11.57,2365.45,1842.98,939.97,3456.69,3239.328,10315.23,34.615,1112,847,59.83,122.3
2017-03-15,100.74,1231.36,1.0734,6.8477,0.7709,3.1044,670.53,1.3304,8.4961,12.7893,2.493,2.003,1.2994,0.472,-0.127,2.0217,2.018,2.175,2.3,3.341,3.92,1.18,11.63,61.62,30.08,11.23,2385.26,1854.15,943.52,3463.64,3241.76,10272.83,35.385,1147,835,95.86,159.48
2017-03-16,100.36,1229.07,1.0766,6.8703,0.7678,3.1189,662.21,1.3319,8.5095,12.7659,2.5402,2.0499,1.3322,0.513,-0.075,2.0283,2.0123,2.175,2.302,3.332,3.8,1.16,11.21,60.4397,28.63,11.12,2381.38,1864.1,963.2,3481.51,3268.935,10526.46,35.135,1172,832,80.58,91.44
2017-03-17,100.3,1227.49,1.0738,6.8865,0.7704,3.0911,662.23,1.335,8.4775,12.7271,2.5005,2.0183,1.3146,0.481,-0.105,2.02,2.0132,2.176,2.294,3.322,3.82,1.17,11.28,60.7216,27.45,10.8,2378.25,1863.08,965.57,3445.81,3237.447,10513.52,34.9,1196,824,97.04,152.01
2017-03-18,,,,,,,,,,,,,,,,,,,,,,,,,,,,,,,,,,,,91.14,91.27
2017-03-19,,,,,,,,,,,,,,,,,,,,,,,,,,,,,,,,,,,,99.92,153.52
2017-03-20,100.41,1226.04,1.0739,6.8889,0.7731,3.0721,660.47,1.335,8.4761,12.6454,2.4607,1.9849,1.2883,0.452,-0.131,2.0105,2.0033,2.163,2.276,3.332,3.87,1.17,11.34,59.8151,28.11,11.35,2373.47,1860.53,972.35,3449.61,3250.808,10583.98,34.873,1205,824,140.57,161.69
2017-03-21,99.813,1222.11,1.0811,6.8723,0.7691,3.0879,659.2,1.3352,8.4681,12.6812,2.4175,1.9466,1.2598,0.434,-0.144,1.9849,1.973,2.145,2.256,3.325,3.95,1.17,12.47,62.1347,30.57,12.13,2344.02,1846.39,973.08,3466.35,3261.611,10644.15,34.605,1200,826,81.22,184.47
2017-03-22,99.677,1220.42,1.0797,6.8637,0.7678,3.0875,662.93,1.3329,8.4624,12.5656,2.405,1.9366,1.2477,0.427,-0.143,1.9784,1.9645,2.14,2.259,3.311,4.06,1.18,12.81,64.0909,30.05,12.28,2348.45,1842.63,966.97,3450.05,3245.22,10456.96,34.555,1190,816,156.5,65.8
2017-03-23,99.76,1220.48,1.0783,6.87,0.7627,3.14,663.27,1.335,8.49,12.4568,2.4194,1.9516,1.252,0.452,-0.12,1.9683,1.9532,2.13,2.252,3.309,4.03,1.18,13.12,65.2168,29.79,12.58,2345.96,1844.97,967.92,3461.98,3248.55,10487.45,34.415,1196,812,131.19,48.67
2017-03-24,99.627,1219.71,1.0798,6.8729,0.7623,3.1085,660.43,1.3378,8.4951,12.4334,2.4123,1.945,1.2566,0.43,-0.126,1.9837,1.9584,2.144,2.25,3.244,4.01,1.18,12.96,64.4514,30.99,12.06,2343.98,1845.81,969.13,3489.6,3269.445,10477.81,34.28,1240,804,177.37,106.37
2017-03-25,,,,,,,,,,,,,,,,,,,,,,,,,,,,,,,,,,,,83.81,103.58
2017-03-26,,,,,,,,,,,,,,,,,,,,,,,,,,,,,,,,,,,,46.94,152.82
2017-03-27,99.166,1215.06,1.0864,6.8554,0.7618,3.1265,664.47,1.3376,8.4898,12.7407,2.3782,1.9183,1.2527,0.405,-0.148,1.974,1.9547,2.148,2.273,3.245,4.04,1.18,12.5,62.6832,30.78,12.51,2341.59,1845.15,965.71,3478.04,3266.955,10362.02,34.12,1282,799,116.55,83.12
2017-03-28,99.712,1220.57,1.0814,6.8737,0.7633,3.1409,666.25,1.3383,8.5244,12.9921,2.4178,1.9636,1.3016,0.445,-0.102,1.974,1.9535,2.144,2.265,3.274,3.94,1.17,11.53,61.9509,29.92,12.35,2358.57,1858.88,970.32,3469.81,3252.948,10425.89,34.605,1333,802,87.33,89.73
2017-03-29,99.998,1219.13,1.0766,6.8668,0.767,3.1199,663.45,1.3326,8.4999,13.0414,2.3765,1.926,1.2698,0.402,-0.148,1.9751,1.9596,2.143,2.259,3.28,3.89,1.17,11.42,61.0203,28.54,11.65,2361.13,1856.77,971.86,3465.19,3241.314,10437.51,35.08,1338,800,93.54,66.64
2017-03-30,100.41,1224.24,1.0674,6.8841,0.7641,3.1502,663.16,1.3341,8.5626,13.2837,2.4197,1.964,1.2818,0.447,-0.11,1.9738,1.95,2.135,2.258,3.296,3.81,1.17,11.54,60.9355,27.82,12.09,2368.06,1859.95,969.47,3436.76,3210.237,10355.71,35.07,1324,794,75.63,91.55
2017-03-31,100.35,1223.05,1.0652,6.8715,0.7629,3.1224,660.25,1.3318,8.5985,13.4136,2.3874,1.9212,1.254,0.404,-0.156,1.9848,1.9512,2.1325,2.268,3.293,3.83,1.18,12.37,60.6987,27.59,12.41,2362.72,1853.69,958.37,3456.05,3222.514,10273.67,34.95,1297,790,118.14,221.37
2017-04-01,,,,,,,,,,,,,,,,,,,,,,,,,,,,,,,,,,,,66.33,208.81
2017-04-02,,,,,,,,,,,,,,,,,,,,,,,,,,,,,,,,,,,,68.07,164.7
2017-04-03,100.54,1223.58,1.067,6.8747,0.7605,3.115,658.6,1.3381,8.5777,13.6868,2.3193,1.8519,1.2261,0.354,-0.203,1.9663,1.9311,2.116,2.254,,3.86,1.18,12.38,61.228,26.89,12.61,2358.84,1848.97,965.15,,,10314.52,34.89,1282,781,79.89,115.76
2017-04-04,100.54,1225.7,1.0674,6.8788,0.7565,3.0933,660.51,1.3402,8.589,13.6251,2.3605,1.8898,1.252,0.399,-0.155,1.9637,1.9208,2.116,2.257,,3.87,1.18,11.79,64.7657,27.97,12.41,2360.16,1850.02,965.17,,,,35.145,1255,778,150.57,103.95
2017-04-05,100.56,1224.35,1.0663,6.8825,0.757,3.1209,658.36,1.3435,8.6101,13.8062,2.3354,1.8519,1.234,0.364,-0.194,1.9707,1.9224,2.121,2.265,3.328,3.82,1.18,12.89,63.7153,27.73,13.23,2352.95,1845.95,969.22,3503.89,3270.305,10365.32,35.035,1223,773,125.2,75.28
2017-04-06,100.67,1226.58,1.0644,6.8894,0.7545,3.1435,656.77,1.3413,8.625,13.7607,2.3408,1.8585,1.2379,0.387,-0.176,1.9545,1.9127,2.119,2.25,3.31,3.83,1.18,12.39,68.2529,26.79,12.85,2357.49,1846.59,963.29,3514.05,3281.005,10276.41,35.315,1215,777,124.1,82.38
2017-04-07,101.18,1230.31,1.0591,6.8967,0.75,3.1465,655.78,1.3398,8.6589,13.759,2.3822,1.9196,1.2862,0.434,-0.106,1.9488,1.9074,2.103,2.242,3.299,3.77,1.18,12.87,68.6602,27.46,13.45,2355.54,1845.46,961.61,3517.46,3286.616,10273.8,35.18,1223,775,143.82,67.93
2017-04-08,,,,,,,,,,,,,,,,,,,,,,,,,,,,,,,,,,,,176.62,81.5
2017-04-09,,,,,,,,,,,,,,,,,,,,,,,,,,,,,,,,,,,,130.36,90.35
2017-04-10,101.02,1228.98,1.0596,6.9055,0.7501,3.1318,653,1.3326,8.6258,13.9522,2.3661,1.8998,1.2741,0.436,-0.107,1.9335,1.8855,2.09,2.2275,3.322,3.78,1.17,14.05,68.4973,26.71,13.75,2357.16,1846.78,958,3505.14,3269.393,10253.79,35.445,1231,776,134.96,118.06
2017-04-11,100.71,1225.81,1.0605,6.9006,0.7499,3.1373,654.47,1.3325,8.5973,13.8071,2.2962,1.8303,1.2338,0.393,-0.15,1.9045,1.8596,2.073,2.205,3.326,3.83,1.18,15.07,70.5585,27.27,15.2,2353.78,1847.88,954.44,3517.33,3288.966,10165.98,35.45,1262,776,97.26,41.86
2017-04-12,100.78,1219.96,1.0665,6.8839,0.7522,3.1261,653.65,1.3254,8.5491,13.4606,2.2392,1.7676,1.2015,0.318,-0.232,1.919,1.8774,2.094,2.223,3.34,3.87,1.18,15.77,73.4226,26.92,16.08,2344.93,1842.99,958.2,3509.44,3273.83,10208.31,35.3,1282,790,171.34,79.49
2017-04-13,100.49,1221.36,1.0613,6.8852,0.7568,3.1467,649.28,1.3329,8.5862,13.462,2.2374,1.7691,1.2053,0.313,-0.218,1.9256,1.8637,2.09,2.2275,3.327,3.93,1.19,15.96,74.4847,26.02,16.2,2328.95,1833.13,962.85,3514.57,3275.96,10204.34,34.655,1296,800,156.75,59.73
2017-04-14,100.51,,1.0618,6.8868,0.7579,,,1.3325,8.5846,13.4377,2.2374,1.7691,1.2053,0.313,-0.218,1.9256,1.8637,2.09,2.226,3.371,,,,74.4847,,,,1832.28,960.43,3486.5,3246.067,,,,,123.94,116.71
2017-04-15,,,,,,,,,,,,,,,,,,,,,,,,,,,,,,,,,,,,118.8,74.38
2017-04-16,,,,,,,,,,,,,,,,,,,,,,,,,,,,,,,,,,,,86.14,119.43
2017-04-17,100.29,1218.69,1.0643,6.8781,0.7589,3.0988,645.64,1.3317,8.5585,13.2972,2.2498,1.7756,1.2011,0.359,-0.155,1.8921,1.8093,2.055,2.211,3.417,3.92,1.18,14.66,70.9568,25.8,16.2,2349.01,1846.13,962.71,3479.94,3222.168,,34.73,,,111.51,119.99
2017-04-18,99.499,1212.97,1.073,6.8758,0.756,3.1077,648.75,1.338,8.5107,13.2798,2.1682,1.6997,1.1604,0.307,-0.18,1.8619,1.7581,2.002,2.166,3.413,4,1.19,14.42,72.8666,26.88,15.67,2342.19,1837.34,957.7,3462.74,3196.713,10043.52,34.405,1294,814,106.67,71.39
2017-04-19,99.738,1218.4,1.0711,6.8854,0.7497,3.1516,,1.3485,8.5799,13.2798,2.2143,1.7392,1.1766,0.355,-0.142,1.8592,1.76,2,2.1725,3.415,3.96,1.19,14.93,73.1268,29.81,14.5,2338.17,1835.04,952.92,3445.88,3170.687,9983.73,33.9,1278,819,152.97,93.31
2017-04-20,99.778,1218.1,1.0717,6.8845,0.7527,3.148,649.6,1.3469,8.6253,13.1502,2.232,1.7639,1.1846,0.364,-0.156,1.869,1.7952,2.0175,2.149,3.435,3.92,1.19,14.15,73.8561,27.96,14.54,2355.84,1846.65,958.45,3461.55,3172.1,10056.17,34.065,1243,819,178.77,55.86
2017-04-21,99.977,1218.65,1.0728,6.8892,0.7541,,652.63,1.3498,8.6702,13.1166,2.248,1.7703,1.1802,0.391,-0.006,1.8554,1.7775,2.001,2.1475,3.46,3.92,1.19,14.63,77.1537,30.06,15.31,2348.69,1842.06,961.78,3466.79,3173.151,10050.02,33.895,1195,812,130.76,124.51
2017-04-22,,,,,,,,,,,,,,,,,,,,,,,,,,,,,,,,,,,,127.41,106.1
2017-04-23,,,,,,,,,,,,,,,,,,,,,,,,,,,,,,,,,,,,41.2,171.29
2017-04-24,99.092,1212.94,1.0868,6.8838,0.7571,3.1281,655.22,1.3501,8.5485,13.0153,2.273,1.8017,1.2294,0.39,-0.007,1.8842,1.8097,2.033,2.1825,3.509,3.84,1.18,10.84,63.2709,29.88,12.29,2374.15,1871.65,971.36,3431.26,3129.531,10107.63,34.095,1170,812,142.73,144.04
2017-04-25,98.785,1214.23,1.0926,6.8884,0.7535,3.1472,661.81,1.3572,8.5614,13.058,2.3322,1.8549,1.2704,0.414,0.012,1.9187,1.8441,2.067,2.213,3.463,3.75,1.17,10.76,62.3632,29.39,12.45,2388.61,1882.04,982.65,3440.97,3134.567,10272.07,34.385,1154,802,61.82,58.82
2017-04-26,99.045,1217.9,1.0904,6.8972,0.7474,3.1736,665.2,1.3617,8.5848,13.2811,2.3035,1.8282,1.2717,0.391,0.001,1.913,1.8276,2.046,2.22,3.465,3.72,1.17,10.85,60.9543,29.32,12.02,2387.45,1882.44,982.53,3445.18,3140.847,10317.63,34.27,1147,797,92.16,70.4
2017-04-27,99.076,1218.27,1.0873,6.9016,0.7465,3.1839,663.82,1.3633,8.5651,13.3535,2.2946,1.8224,1.2579,0.374,0.001,1.9243,1.8226,2.048,2.2175,3.454,3.75,1.17,10.36,59.8191,29.88,11.53,2388.77,1881.14,979.66,3446.72,3152.187,10261.25,33.895,1134,786,104.5,63.06
2017-04-28,99.05,1216.6,1.0895,6.8988,0.7488,3.1765,667.4,1.3653,8.585,13.3701,2.2802,1.8142,1.2619,0.36,-0.002,1.9209,1.8169,2.038,2.206,3.473,3.71,1.16,10.82,60.1925,28.55,11.6,2384.2,1878.28,977.96,3439.75,3154.658,10219.89,33.92,1109,785,126.36,62.79
2017-04-29,,,,,,,,,,,,,,,,,,,,,,,,,,,,,,,,,,,,84.08,74.46
2017-04-30,,,,,,,,,,,,,,,,,,,,,,,,,,,,,,,,,,,,37.99,224.35
2017-05-01,99.077,1217.09,1.0899,6.8978,0.7526,,665.41,1.3681,8.5941,13.4121,2.318,1.8405,1.2739,0.394,0.027,1.925,1.8141,2.031,2.212,,3.69,1.16,10.11,59.3993,29.42,12.35,2388.33,1882.49,979.76,,,,33.825,,,126.25,97.49
2017-05-02,98.976,1216.07,1.093,6.8898,0.7536,3.1519,668.27,1.3709,8.592,13.3442,2.2803,1.8027,1.258,0.389,0.029,1.8926,1.7748,1.995,2.182,3.496,3.69,1.16,10.59,60.324,32.23,12.38,2391.17,1886.15,988.19,3426.58,3143.712,10173.62,33.655,1073,778,126.74,89.58
2017-05-03,99.209,1220.51,1.0886,6.8947,0.7423,3.1666,669.43,1.373,8.6522,13.4377,2.318,1.8519,1.2939,0.436,0.078,1.8834,1.7736,1.995,2.167,3.532,3.66,1.16,10.68,59.384,32.8,12.54,2388.13,1883.14,985.74,3413.13,3135.346,,33.75,1034,767,109.72,86.79
2017-05-04,98.797,1217.99,1.0985,6.8926,0.7409,3.1886,676.1,1.3749,8.6765,13.6563,2.3541,1.8865,1.3059,0.489,0.142,1.8656,1.7457,1.96,2.156,3.58,3.69,1.15,10.46,60.0804,34.67,12.41,2389.52,1886.48,980.07,3404.39,3127.369,10088.02,33.13,1004,768,95.95,184.47
2017-05-05,98.648,1215.66,1.0998,6.9002,0.7424,3.1766,671.97,1.3652,8.5926,13.418,2.3487,1.8816,1.3102,0.48,0.118,1.8693,1.7645,1.982,2.159,3.568,3.71,1.15,10.57,58.7242,33.83,12.01,2399.29,1896.75,978.27,3382.55,3103.038,9926.26,33.655,994,774,76.31,72.21
2017-05-06,,,,,,,,,,,,,,,,,,,,,,,,,,,,,,,,,,,,69.87,107.43
2017-05-07,,,,,,,,,,,,,,,,,,,,,,,,,,,,,,,,,,,,22.03,170.8
2017-05-08,99.06,1222.19,1.0924,6.9088,0.7387,3.1985,678.08,1.3691,8.6477,13.622,2.3868,1.9113,1.3303,0.521,0.142,1.8669,1.7705,1.986,2.1525,3.615,3.68,1.15,9.77,55.4105,33.85,11.95,2399.38,1897.32,985.11,3358.81,3078.613,9982.42,33.895,1001,775,72.8,113.15
2017-05-09,99.658,1227.43,1.0874,6.9153,0.7345,3.1903,677.8,1.372,8.6867,13.6282,2.3977,1.9229,1.3405,0.541,0.17,1.8578,1.7551,1.97,2.145,3.631,3.64,1.14,9.96,55.2203,34.21,12.1,2396.92,1893.41,990.6,3352.53,3080.527,10128.99,33.615,1007,772,77.81,84.95
2017-05-10,99.669,1225.93,1.0868,6.9134,0.7367,3.1675,672.15,1.3656,8.6228,13.4817,2.4141,1.9379,1.3548,0.541,0.146,1.8737,1.7922,1.9875,2.143,3.702,3.63,1.13,10.21,55.0298,34.02,11.2,2399.63,1895.93,995.09,3337.7,3052.785,10227.42,34.06,1005,763,124,67.32
2017-05-11,99.623,1224.41,1.0861,6.904,0.7379,3.14,672,1.3697,8.5982,13.3689,2.3874,1.9147,1.3347,0.486,0.088,1.9092,1.8271,2.0175,2.169,3.679,3.63,1.12,10.6,54.467,33.72,11.24,2394.44,1891.21,1000.35,3356.65,3061.5,10257.63,33.99,1012,748,99.9,49.78
2017-05-12,99.252,1220.15,1.0931,6.8987,0.7387,3.1231,671.26,1.371,8.5601,13.3638,2.3257,1.8468,1.2904,0.469,0.082,1.865,1.7656,1.962,2.129,3.652,3.69,1.12,10.4,55.7115,33.72,11.13,2390.9,1892.97,1002.37,3385.38,3083.513,10282.65,33.875,1014,741,78.99,129.4
2017-05-13,,,,,,,,,,,,,,,,,,,,,,,,,,,,,,,,,,,,30.51,88.54
2017-05-14,,,,,,,,,,,,,,,,,,,,,,,,,,,,,,,,,,,,37.64,59.2
2017-05-15,98.911,1217.09,1.0975,6.8913,0.7413,3.1098,668.24,1.3633,8.5545,13.1849,2.3433,1.8617,1.2986,0.504,0.106,1.85,1.7566,1.959,2.121,3.62,3.64,1.11,10.42,56.7293,33.1,11.28,2402.32,1901.64,1010.23,3399.19,3090.229,10450.35,34.14,994,742,75.43,169.44
2017-05-16,98.105,1210.04,1.1083,6.8757,0.7426,3.0963,666.7,1.3606,8.46,13.0591,2.3257,1.8484,1.2987,0.494,0.105,1.8393,1.7442,1.946,2.104,3.628,3.63,1.11,10.65,55.4971,33.44,11.19,2400.67,1906.23,1015.05,3428.65,3112.964,10433.69,33.97,980,737,74.92,118
2017-05-17,97.575,1203.92,1.1159,6.8714,0.7432,3.1395,669.18,1.3602,8.4051,13.2042,2.2243,1.7542,1.2458,0.425,0.04,1.81,1.7144,1.922,2.0815,3.635,3.75,1.12,15.59,62.5769,33.9,13.03,2357.03,1882.62,1008.63,3409.97,3104.442,10383.14,33.635,960,757,97.43,62.79
2017-05-18,97.879,1207.8,1.1103,6.8831,0.7419,3.3709,675.19,1.3603,8.487,13.403,2.2294,1.7722,1.2682,0.408,0.041,1.8323,1.7325,1.9,2.098,3.609,3.76,1.13,14.66,58.9788,32.8,12.95,2365.72,1880.96,988.38,3398.11,3090.139,10271.35,33.625,957,765,97.73,89.48
2017-05-19,97.142,1200.25,1.1206,6.8743,0.7459,3.2534,668.96,1.3511,8.3751,13.2312,2.2346,1.7803,1.2703,0.395,0.018,1.8483,1.7631,1.962,2.126,3.631,3.67,1.13,12.04,57.8248,29.76,12.04,2381.73,1894.77,995.67,3403.85,3090.631,10267.39,34.04,956,785,75.72,87.23
2017-05-20,,,,,,,,,,,,,,,,,,,,,,,,,,,,,,,,,,,,62.5,54.92
2017-05-21,,,,,,,,,,,,,,,,,,,,,,,,,,,,,,,,,,,,54.87,119.98
2017-05-22,96.984,1198.81,1.1237,6.8782,0.7477,3.2666,670.83,1.3503,8.3384,13.2228,2.2537,1.7985,1.2826,0.416,0.041,1.8465,1.7582,1.966,2.111,3.678,3.64,1.12,10.93,55.4739,30.59,12.32,2394.02,1904.92,1003.66,3411.24,3075.676,10374.32,33.965,954,799,143.48,83.62
2017-05-23,97.351,1202.81,1.1183,6.8809,0.7478,3.2701,674.23,1.3514,8.3744,13.0803,2.2799,1.8267,1.3032,0.433,0.052,1.8556,1.7768,1.981,2.122,3.677,3.6,1.12,10.72,55.7728,31.77,11.89,2398.42,1906.69,1004.47,3424.19,3061.947,10395.28,34.045,949,821,139.23,64.98
2017-05-24,97.238,1198.68,1.1219,6.8744,0.7503,3.278,672.4,1.3407,8.3308,12.9137,2.2502,1.7852,1.2818,0.428,0.03,1.8313,1.7537,1.96,2.098,3.669,3.61,1.13,10.02,54.4058,30.94,11.75,2404.39,1907.81,1005.03,3424.17,3064.076,10390.87,33.865,934,825,181.95,76.1
2017-05-25,97.248,1200.47,1.121,6.849,0.7454,3.2737,669.41,1.3485,8.3977,12.9307,2.2554,1.7943,1.2937,0.438,0.059,1.8258,1.7407,1.9425,2.09,3.662,3.6,1.13,9.99,54.3201,33.03,11.2,2415.07,1914.59,1014.55,3485.66,3107.831,10571.6,33.25,918,814,146.44,51.65
2017-05-26,97.442,1201.73,1.1183,6.8233,0.7448,3.26,672.08,1.3446,8.3786,12.8819,2.2465,1.7894,1.2937,0.423,0.043,1.83,1.7533,1.94,2.098,3.666,3.61,1.13,9.81,54.0528,30.04,11.59,2415.82,1912.21,1017,3480.43,3110.059,10579.67,33.305,912,807,218.07,62.91
2017-05-27,,,,,,,,,,,,,,,,,,,,,,,,,,,,,,,,,,,,150.57,54.56
2017-05-28,,,,,,,,,,,,,,,,,,,,,,,,,,,,,,,,,,,,86.6,96.91
2017-05-29,97.442,1201.59,1.1164,6.8208,0.744,3.2569,674.57,1.3452,8.4128,12.9653,2.2465,1.7894,1.2937,0.423,0.043,1.8308,1.7533,1.948,2.098,,,,,54.0528,,,,1911.7,1015.19,,,10619.34,,,,103.3,50.67
2017-05-30,97.28,1201.06,1.1186,6.8246,0.7465,3.2581,674.9,1.3459,8.4322,13.1317,2.2098,1.7549,1.2837,0.386,0.007,1.8322,1.7561,1.977,2.108,,3.63,1.13,10.38,53.4909,30.3,11.62,2412.91,1909.9,1011.77,,,,32.86,900,785,128.18,45.36
2017-05-31,96.922,1198.69,1.1244,6.7462,0.743,3.2266,672.6,1.35,8.4359,13.1179,2.2028,1.7516,1.2818,0.376,0,1.8362,1.7599,1.971,2.1125,3.637,3.63,1.13,10.41,53.9509,32.29,11.82,2411.8,1911.74,1005.33,3492.88,3117.178,10602.97,32.72,878,768,157.74,168.16
2017-06-01,97.198,1201.3,1.1213,6.75,0.7374,3.2506,672.14,1.3515,8.4533,12.8941,2.2114,1.7615,1.2898,0.381,0.001,1.8389,1.765,1.978,2.112,3.63,3.6,1.13,9.89,53.9973,31.19,11.81,2430.06,1923.1,1008.47,3497.74,3102.623,10619.88,32.925,850,756,90.67,100.04
2017-06-02,96.715,1196.41,1.1279,6.7766,0.7443,3.2452,669.48,1.3487,8.4175,12.8157,2.1591,1.7188,1.2879,0.349,-0.022,1.8182,1.745,1.96,2.096,3.637,3.62,1.14,9.75,53.736,32.47,12.09,2439.07,1935.21,1015.08,3486.51,3105.54,10666.43,32.545,830,742,88.57,61.36
2017-06-03,,,,,,,,,,,,,,,,,,,,,,,,,,,,,,,,,,,,80.79,91.58
2017-06-04,,,,,,,,,,,,,,,,,,,,,,,,,,,,,,,,,,,,85.85,125.66
2017-06-05,96.799,1194.29,1.1254,6.7817,0.7487,3.297,668.65,1.3473,8.449,12.7139,2.1817,1.7418,1.302,0.374,0.001,1.8154,1.7443,1.955,2.082,3.625,3.6,1.13,10.07,52.9974,33.71,12.44,2436.1,1931.73,1017.6,3468.75,3091.656,10597.05,32.605,821,733,276.61,274.58
2017-06-06,96.636,1190.07,1.1277,6.756,0.7506,3.2779,668.58,1.3455,8.4568,12.8258,2.1451,1.7138,1.294,0.353,-0.016,1.7977,1.7361,1.944,2.0665,3.648,3.62,1.13,10.45,53.2197,32.12,13.23,2429.33,1926.05,1015.89,3492.88,3102.126,10606.26,32.99,818,718,227.28,85.3
2017-06-07,96.748,1191.18,1.1257,6.7742,0.7549,3.2697,669.06,1.3509,8.4952,12.8348,2.1729,1.7385,1.3061,0.381,0.024,1.7958,1.7209,1.93,2.062,3.648,3.64,1.13,10.39,54.7989,34.23,13.16,2433.14,1927.06,1015.75,3533.87,3140.325,10611.46,32.525,821,708,245.96,46.07
2017-06-08,96.918,1193.42,1.1214,6.7826,0.7547,3.2614,666.01,1.3506,8.4945,12.9175,2.1885,1.7483,1.3143,0.392,0.031,1.8003,1.7228,1.936,2.069,3.639,3.67,1.13,10.16,53.7306,33.84,12.62,2433.79,1924.2,1019.07,3560.98,3150.333,10649.9,32.43,824,705,182.93,33.16
2017-06-09,97.274,1196.33,1.1195,6.7869,0.7527,3.2967,663.49,1.347,8.4999,12.9457,2.2005,1.7664,1.3347,0.402,0.054,1.8015,1.717,1.936,2.078,3.607,3.65,1.13,10.7,52.5578,32.59,12.5,2431.77,1922.79,1018.19,3576.17,3158.4,10592.17,33.21,849,702,121.29,65.8
2017-06-10,,,,,,,,,,,,,,,,,,,,,,,,,,,,,,,,,,,,67.04,67.27
2017-06-11,,,,,,,,,,,,,,,,,,,,,,,,,,,,,,,,,,,,50.52,149.93
2017-06-12,97.138,1194.63,1.1203,6.7956,0.7541,3.3189,661.23,1.3324,8.4769,12.8237,2.2145,1.778,1.3551,0.442,0.092,1.7757,1.6907,1.903,2.05,3.595,3.62,1.13,11.46,52.3162,33.95,12.41,2429.39,1918.7,1008.92,3574.39,3139.876,10485.85,33.445,870,700,144.55,98.63
2017-06-13,96.975,1192.22,1.1211,6.7883,0.7537,3.3151,661.32,1.3242,8.4328,12.7652,2.2109,1.7813,1.3633,0.435,0.09,1.7783,1.6957,1.9,2.052,3.585,3.59,1.12,10.42,51.6651,32.34,12.16,2440.35,1928.74,1009.78,3582.27,3153.743,10525.74,33.695,870,699,107.04,144.57
2017-06-14,96.939,1190.1,1.1218,6.786,0.7585,3.2751,659.92,1.3247,8.4227,12.6249,2.1256,1.7153,1.331,0.403,0.106,1.7239,1.6125,1.805,1.994,3.538,3.61,1.12,10.64,52.215,32.02,11.5,2437.92,1930.53,1013.69,3535.3,3130.674,10514.91,33.085,865,705,77.4,48.72
2017-06-15,97.433,1196.57,1.1145,6.8069,0.7579,,665.66,1.3269,8.5056,12.8799,2.1637,1.7632,1.3514,0.478,0.188,1.6871,1.5814,1.795,1.961,3.565,3.62,1.12,10.9,51.5928,31.9,11.03,2432.46,1916.52,1003.64,3528.79,3132.486,10346.15,32.835,855,704,108.02,67.05
2017-06-16,97.164,1192.6,1.1198,6.8126,0.7621,3.293,664.45,1.3213,8.4558,12.814,2.1514,1.7433,1.3151,0.472,0.162,1.6816,1.5879,1.783,1.956,3.578,3.65,1.12,10.38,51.4839,27.93,10.16,2433.15,1923.24,1003.12,3518.76,3123.166,10384.89,33.15,851,702,105.62,80.07
2017-06-17,,,,,,,,,,,,,,,,,,,,,,,,,,,,,,,,,,,,71.37,91.38
2017-06-18,,,,,,,,,,,,,,,,,,,,,,,,,,,,,,,,,,,,97.21,147.78
2017-06-19,97.548,1197.26,1.1149,6.8292,0.76,3.2828,661.57,1.3219,8.5024,13.0022,2.1879,1.788,1.356,0.504,0.209,1.6868,1.5867,1.784,1.96,3.502,3.6,1.11,10.37,51.6005,30.34,10.69,2453.46,1936.52,1012.95,3553.67,3144.374,10520.8,32.94,848,699,171.01,75.3
2017-06-20,97.76,1201.2,1.1134,6.8237,0.758,3.3277,663.9,1.3268,8.5446,13.0681,2.1565,1.7632,1.3439,0.489,0.208,1.6705,1.5647,1.7618,1.95,3.499,3.68,1.12,10.86,51.5955,32.49,11.14,2437.03,1922.54,1008.67,3546.49,3140.013,10468.48,32.52,847,690,204.2,93.24
2017-06-21,97.559,1200.23,1.1168,6.8312,0.7553,3.3363,665.32,1.3334,8.5295,13.0805,2.1634,1.7731,1.3481,0.491,0.209,1.6728,1.5713,1.775,1.957,3.544,3.75,1.12,10.75,51.6373,33.32,11.25,2435.61,1920,1006.47,3587.96,3156.212,10393.59,31.995,844,688,180.24,90.96
2017-06-22,97.593,1198.28,1.1152,6.8371,0.7542,3.3422,663.56,1.3233,8.488,12.9664,2.1477,1.7582,1.3401,0.446,0.16,1.7042,1.6043,1.794,1.9875,3.575,3.78,1.12,10.48,51.1318,32.65,11.24,2434.5,1921.54,1008.81,3590.34,3147.453,10402.76,31.975,855,686,210.32,93.79
2017-06-23,97.264,1195.4,1.1194,6.8363,0.7568,3.3428,661.36,1.3267,8.4505,12.9297,2.1423,1.7565,1.3404,0.434,0.149,1.71,1.6129,1.82,1.997,3.55,3.78,1.12,10.02,51.1575,31.92,10.86,2438.3,1925.02,1011.67,3622.88,3157.873,10430.04,32.19,870,683,107.31,135.04
2017-06-24,,,,,,,,,,,,,,,,,,,,,,,,,,,,,,,,,,,,90.93,80.87
2017-06-25,,,,,,,,,,,,,,,,,,,,,,,,,,,,,,,,,,,,65.09,92.98
2017-06-26,97.426,1196.19,1.1182,6.8542,0.7585,3.2968,,1.3244,8.4804,12.8622,2.137,1.7565,1.3323,0.421,0.137,1.7184,1.6235,1.848,2.021,3.516,3.75,1.11,9.9,50.0183,31.77,11.05,2439.07,1927.49,1019.11,3668.09,3185.444,10530.66,32.12,884,681,128.39,44.92
2017-06-27,96.394,1189.19,1.1339,6.8143,0.7583,3.3143,662.11,1.3199,8.4212,13.0292,2.2051,1.8115,1.3692,0.485,0.177,1.7225,1.639,1.877,2.05,3.513,3.69,1.1,11.06,52.1031,32.28,11.96,2419.38,1917.57,1016.68,3674.72,3191.197,10498.07,32.07,903,671,106.1,93.1
2017-06-28,96.01,1184.46,1.1378,6.8036,0.764,3.2803,662.78,1.3039,8.4262,12.9347,2.2279,1.8206,1.3533,0.481,0.139,1.7493,1.6698,1.9,2.071,3.533,3.69,1.1,10.03,52.5083,30.8,11.38,2440.69,1931.73,1012.1,3646.17,3173.201,10408.19,32.245,929,670,110.05,95.31
2017-06-29,95.628,1182.32,1.1441,6.7935,0.7683,3.3038,665.15,1.3004,8.3856,13.0229,2.2666,1.8502,1.3692,0.527,0.188,1.7422,1.6519,1.8879,2.071,3.552,3.68,1.09,11.44,54.6615,30.46,11.21,2419.7,1919.59,1014.02,3668.83,3188.063,10432.02,32.315,920,668,103.36,65.45
2017-06-30,95.628,1183.8,1.1426,6.7807,0.7689,3.3072,663.8,1.2964,8.3465,13.0744,2.3037,1.8884,1.3817,0.568,0.221,1.7369,1.6588,1.897,2.056,3.568,3.64,1.09,11.18,55.2201,28.7,11,2423.41,1916.43,1010.8,3666.8,3192.427,10365.22,32.46,901,663,102.6,111.89
2017-07-01,,,,,,,,,,,,,,,,,,,,,,,,,,,,,,,,,,,,96.48,129.61
2017-07-02,,,,,,,,,,,,,,,,,,,,,,,,,,,,,,,,,,,,66.55,168.71
2017-07-03,96.218,1190.01,1.1364,6.7973,0.7661,3.3016,662.18,1.3007,8.3666,13.2099,2.3499,1.9316,1.4101,0.587,0.234,1.7643,1.6906,1.927,2.078,3.601,3.6,1.09,11.22,55.2549,30.26,11.93,2429.01,1920.58,1014.24,3650.85,3195.912,10412.48,33.085,882,659,120.57,101.66
2017-07-04,96.218,1189.97,1.1346,6.8061,0.7606,3.3099,663.72,1.2937,8.3556,13.1987,2.3499,1.9316,1.4101,0.587,0.234,1.7647,1.6906,1.926,2.076,3.608,,,,55.2549,,,,1918.9,1006.73,3619.98,3182.804,10305.98,,871,656,77.94,57.7
2017-07-05,96.29,1191.37,1.1352,6.8001,0.7603,3.2887,665.92,1.2957,8.3911,13.3881,2.3232,1.9134,1.4022,0.555,0.216,1.7696,1.6917,1.927,2.077,3.589,3.61,1.08,11.07,56.437,32.61,11.88,2432.54,1920.33,1009.85,3659.68,3207.134,10380.73,32.415,847,656,208.9,57.04
2017-07-06,95.802,1188.21,1.1423,6.8004,0.7586,3.2985,665.67,1.2978,8.3513,13.4432,2.3659,1.9351,1.3944,0.597,0.243,1.7691,1.6849,1.929,2.084,3.573,3.64,1.07,12.54,56.9551,32.82,11.72,2409.75,1909.01,1006.16,3660.1,3212.444,10346.32,32.055,829,647,177.17,76.45
2017-07-07,96.008,1188.36,1.1401,6.8039,0.7601,3.2816,667.23,1.2876,8.3678,13.3842,2.3856,1.947,1.399,0.635,0.285,1.7515,1.6528,1.911,2.063,3.601,3.7,1.07,11.19,55.7569,33.17,12.54,2425.18,1913.18,1002.48,3655.93,3217.957,10251.83,32.005,822,649,115.72,160.41
2017-07-08,,,,,,,,,,,,,,,,,,,,,,,,,,,,,,,,,,,,100.66,107.61
2017-07-09,,,,,,,,,,,,,,,,,,,,,,,,,,,,,,,,,,,,113.19,120.39
2017-07-10,96.022,1187.85,1.1399,6.806,0.7606,3.2558,,1.2891,8.3287,13.4841,2.373,1.9321,1.383,0.643,0.292,1.7295,1.6315,1.892,2.061,3.598,3.71,1.06,11.11,53.1771,33.23,12.22,2427.43,1917.11,1009.29,3653.69,3212.632,10214.58,32.11,820,651,98,92.94
2017-07-11,95.669,1185.74,1.1467,6.8008,0.7638,3.2547,666.42,1.2915,8.2787,13.5611,2.3605,1.9156,1.3751,0.606,0.266,1.7539,1.6418,1.89,2.069,3.586,3.72,1.06,10.89,53.2247,33.61,12.3,2425.53,1915.67,1018.2,3670.81,3203.037,10416.2,32.285,830,651,112.5,85.23
2017-07-12,95.761,1181.64,1.1412,6.7865,0.7678,3.208,663.33,1.2751,8.2841,13.2513,2.3177,1.8741,1.3429,0.556,0.216,1.7603,1.6495,1.902,2.073,3.58,3.7,1.06,10.3,52.4337,32.48,11.56,2443.25,1932.86,1029.9,3658.82,3197.544,10517.37,32.375,859,647,94.17,70.04
2017-07-13,95.728,1180.6,1.1398,6.7819,0.7731,3.2123,660.73,1.2722,8.2596,13.2107,2.3444,1.8908,1.3633,0.567,0.215,1.7753,1.6683,1.921,2.088,3.569,3.67,1.05,9.9,52.2106,31.76,11.29,2447.83,1936.94,1040.72,3686.92,3218.163,10677.44,32.505,888,644,55.38,73.54
2017-07-14,95.153,1172.54,1.147,6.766,0.7832,3.18,657.35,1.2644,8.1868,13.0357,2.3319,1.866,1.3556,0.558,0.208,1.7713,1.6507,1.906,2.089,3.567,3.65,1.05,9.51,51.0294,30.28,11.11,2459.27,1948.08,1047.05,3703.09,3222.417,10728.07,32.7,900,644,93.1,90.61
2017-07-15,,,,,,,,,,,,,,,,,,,,,,,,,,,,,,,,,,,,35.43,49.96
2017-07-16,,,,,,,,,,,,,,,,,,,,,,,,,,,,,,,,,,,,44.07,147.91
2017-07-17,95.128,1173.23,1.1478,6.7638,0.7801,3.1821,659.72,1.2697,8.1577,12.9493,2.3141,1.8594,1.3557,0.534,0.19,1.7772,1.6612,1.9121,2.09,3.569,3.6,1.05,9.82,50.0021,30.61,11.08,2459.14,1948.58,1051.55,3663.56,3176.465,10783.19,32.66,912,648,114,92.6
2017-07-18,94.604,1167.17,1.1554,6.7498,0.7916,3.1564,655.63,1.2628,8.0889,12.896,2.259,1.8129,1.3477,0.487,0.153,1.7691,1.6599,1.924,2.095,3.593,3.6,1.04,9.89,49.549,29.96,11.14,2460.61,1949.66,1053.23,3667.18,3187.567,10755.28,32.505,932,643,140.66,88.82
2017-07-19,94.779,1167.94,1.1515,6.7594,0.7952,3.1489,653.69,1.2606,8.0532,12.9167,2.2696,1.8246,1.356,0.493,0.138,1.7754,1.68,1.948,2.103,3.597,3.56,1.04,9.79,48.2572,29.55,11.08,2473.83,1958.56,1060.12,3729.75,3230.976,10860.52,32.98,948,642,67.03,51.42
2017-07-20,94.306,1164.51,1.1631,6.7561,0.7958,3.1209,651.75,1.2589,8.0455,13.0343,2.2589,1.818,1.3521,0.521,0.163,1.7355,1.6465,1.923,2.074,3.578,3.54,1.04,9.58,46.9986,29.25,10.85,2473.45,1963.31,1059.4,3747.88,3244.865,10846.83,32.88,964,649,114.77,100.4
2017-07-21,93.858,1161.47,1.1663,6.7571,0.7916,3.1434,651.4,1.2539,8.0163,12.9175,2.2375,1.8031,1.3402,0.479,0.162,1.7597,1.6334,1.902,2.077,3.586,3.56,1.04,9.36,47.4498,29.25,11.22,2472.54,1958.77,1060.18,3728.6,3237.982,10787.13,32.555,977,655,80.1,73.36
2017-07-22,,,,,,,,,,,,,,,,,,,,,,,,,,,,,,,,,,,,94.77,64.94
2017-07-23,,,,,,,,,,,,,,,,,,,,,,,,,,,,,,,,,,,,120.33,134.15
2017-07-24,93.977,1161.84,1.1642,6.7495,0.7924,3.1469,651.64,1.251,8.0069,12.962,2.2552,1.8214,1.3567,0.473,0.157,1.783,1.6555,1.9028,2.084,3.586,3.52,1.03,9.43,46.9963,29.24,11.8,2469.91,1954.84,1064.27,3743.47,3250.599,10820.95,32.495,977,649,53.32,305.98
2017-07-25,94.054,1164.32,1.1647,6.7588,0.7937,3.1727,650.35,1.2509,7.9736,13.0805,2.3354,1.89,1.3899,0.526,0.188,1.8105,1.6926,1.934,2.104,3.594,3.47,1.03,9.43,49.5734,29.18,12.07,2477.13,1960.59,1061.69,3719.56,3243.689,10782.74,32.905,980,646,100.2,162.68
2017-07-26,93.672,1157.29,1.1734,6.7431,0.8005,3.138,647.79,1.2445,7.8928,12.9075,2.2872,1.8265,1.3551,0.484,0.124,1.8044,1.6921,1.9455,2.098,3.618,3.5,1.03,9.6,47.2833,29.44,11.63,2477.83,1961.9,1062.29,3705.39,3247.675,10831.5,32.94,968,647,125.11,80.27
2017-07-27,93.864,1162.15,1.1677,6.744,0.7967,3.1505,649.4,1.2554,7.9546,13.0016,2.3103,1.852,1.3631,0.489,0.128,1.8221,1.7068,1.957,2.111,3.605,3.48,1.02,10.11,48.4176,29.81,11.24,2475.42,1963.54,1068.95,3712.2,3249.781,10858.19,33.275,942,644,107.2,40.48
2017-07-28,93.259,1156.85,1.1751,6.737,0.7987,3.1321,653.96,1.2433,7.9127,13.0261,2.2889,1.8339,1.3472,0.467,0.111,1.8231,1.7096,1.96,2.119,3.607,3.49,1.03,10.29,48.5291,29.86,11.44,2472.1,1960.32,1062.97,3721.89,3253.24,10756.08,33.235,933,640,113.88,45.32
2017-07-29,,,,,,,,,,,,,,,,,,,,,,,,,,,,,,,,,,,,66.25,74.67
2017-07-30,,,,,,,,,,,,,,,,,,,,,,,,,,,,,,,,,,,,71.32,126.82
2017-07-31,92.863,1153.4,1.1842,6.7271,0.8003,3.1266,651.3,1.248,7.8638,13.1859,2.2942,1.8356,1.3491,0.476,0.123,1.8187,1.6997,1.9533,2.115,3.626,3.52,1.02,10.26,48.1375,30.84,11.61,2470.3,1961.1,1066.23,3737.87,3273.028,10827.84,33.31,946,639,170.75,80.96
2017-08-01,93.043,1155.96,1.1802,6.7299,0.7969,3.1263,652.73,1.2538,7.9284,13.273,2.2532,1.7994,1.3411,0.46,0.115,1.7939,1.6735,1.933,2.102,3.641,3.49,1.03,10.09,49.9721,30.54,11.28,2476.35,1970.39,1069,3770.38,3292.638,11024.13,33.305,965,632,198.39,70.77
2017-08-02,92.836,1155.3,1.1856,6.7298,0.7968,3.1136,651.39,1.257,7.8984,13.2056,2.271,1.8256,1.359,0.48,0.14,1.7922,1.6743,1.9378,2.096,3.637,3.49,1.03,10.28,48.7476,30.43,11.24,2477.57,1970.29,1069.97,3760.85,3285.057,11055.42,33.18,993,632,145.29,57.38
2017-08-03,92.839,1154.4,1.187,6.7295,0.795,3.1147,649.14,1.2586,7.9055,13.4005,2.2212,1.7879,1.339,0.447,0.112,1.7747,1.6622,1.9303,2.094,3.635,3.53,1.04,10.44,47.9293,29.65,11.31,2472.16,1968.72,1064.07,3727.83,3272.929,11002.2,32.715,1023,628,135.81,61
2017-08-04,93.542,1160.71,1.1773,6.7351,0.7922,3.1316,650.29,1.2645,7.944,13.4487,2.262,1.8157,1.3509,0.466,0.111,1.7972,1.6896,1.968,2.103,3.638,3.52,1.05,10.03,47.2827,28.53,10.87,2476.83,1967.77,1067.26,3707.58,3262.081,11003.08,32.82,1032,619,95.55,63.9
2017-08-05,,,,,,,,,,,,,,,,,,,,,,,,,,,,,,,,,,,,77.6,91.21
2017-08-06,,,,,,,,,,,,,,,,,,,,,,,,,,,,,,,,,,,,77.94,94.98
2017-08-07,93.432,1161.49,1.1795,6.7313,0.7912,3.1265,650.98,1.268,7.9236,13.2266,2.253,1.8107,1.3509,0.447,0.099,1.8065,1.6961,1.975,2.109,3.671,3.53,1.05,9.93,46.9123,28.73,10.73,2480.91,1971.76,1075.36,3726.8,3279.457,11054.41,32.57,1036,614,127.92,96.65
2017-08-08,93.647,1161.77,1.1752,6.712,0.7914,3.1265,648.5,1.2667,7.9572,13.3782,2.2619,1.8172,1.3508,0.437,0.082,1.8262,1.7179,2.005,2.145,3.672,3.54,1.06,10.96,47.3352,29.44,11.1,2474.92,1966.81,1078.53,3732.21,3281.873,11079.79,32.495,1038,616,169.71,56.87
2017-08-09,93.548,1161.81,1.1759,6.6921,0.7888,3.1557,648.16,1.27,7.9569,13.4383,2.2476,1.804,1.3387,0.421,0.061,1.8277,1.7275,2.0035,2.135,3.676,3.68,1.09,11.11,49.6655,29.06,12.31,2474.02,1961.88,1068.92,3731.04,3275.573,10962.6,32.525,1050,618,136.3,62.08
2017-08-10,93.401,1160.66,1.1772,6.6667,0.7875,3.1753,648.28,1.2744,7.9508,13.4633,2.1975,1.7711,1.3246,0.383,0.051,1.815,1.703,1.979,2.123,3.664,3.8,1.1,16.04,52.0038,29.27,13.43,2438.21,1940.28,1056.21,3715.92,3261.75,10782.2,32.18,1092,620,215.32,66.59
2017-08-11,93.069,1156.66,1.1821,6.6766,0.7894,3.1937,646.71,1.2677,7.9311,13.4682,2.1888,1.7429,1.294,0.394,0.053,1.7958,1.671,1.9353,2.1,3.636,3.87,1.12,15.51,52.0646,28.41,13.45,2441.32,1937.73,1042.8,3647.35,3208.542,10572.97,31.97,1138,621,145.5,41.93
2017-08-12,,,,,,,,,,,,,,,,,,,,,,,,,,,,,,,,,,,,181.9,134.54
2017-08-13,,,,,,,,,,,,,,,,,,,,,,,,,,,,,,,,,,,,75.98,105.01
2017-08-14,93.411,1160.65,1.178,6.69,0.7852,3.1894,648.07,1.2722,7.9509,13.3243,2.2185,1.7692,1.3182,0.443,0.109,1.7762,1.6416,1.904,2.081,3.619,3.81,1.11,12.33,49.2968,29.16,12.11,2465.84,1952.58,1053.65,3694.68,3237.36,10707.24,31.875,1155,618,202.68,88.94
2017-08-15,93.853,1165.09,1.1735,6.6963,0.7821,3.1701,,1.2757,7.964,13.3156,2.2728,1.8253,1.3465,0.486,0.158,1.7876,1.6509,1.9133,2.085,3.612,3.78,1.1,12.04,48.6336,29.31,12.2,2464.61,1949.23,1052.51,3706.06,3251.262,10738,31.755,1169,617,232.36,86.83
2017-08-16,93.541,1159.9,1.1767,6.6883,0.7925,3.1525,645.43,1.2618,7.9254,13.1774,2.222,1.7806,1.3261,0.439,0.117,1.7837,1.647,1.914,2.085,3.622,3.79,1.09,11.74,48.4663,29.18,12.58,2468.11,1954.04,1060.27,3701.42,3246.451,10817.88,31.45,1207,620,159.37,47.71
2017-08-17,93.622,1161.99,1.1723,6.6842,0.7885,3.1751,645.88,1.2682,7.9698,13.2617,2.1853,1.7492,1.2956,0.42,0.104,1.7664,1.6309,1.912,2.0865,3.625,3.85,1.1,15.55,48.8418,29.31,13.34,2430.01,1936.32,1063.33,3721.28,3268.43,10801.42,31.005,1247,618,102.84,56.82
2017-08-18,93.434,1157.99,1.1761,6.6827,0.7929,3.1472,646.47,1.2585,7.9059,13.1582,2.1939,1.7589,1.3054,0.428,0.113,1.767,1.6327,1.903,2.078,3.64,3.89,1.1,14.26,50.1582,27.53,12.12,2425.55,1930.41,1059.54,3724.68,3268.724,10693.65,31.16,1260,621,138.91,60.34
2017-08-19,,,,,,,,,,,,,,,,,,,,,,,,,,,,,,,,,,,,126.86,121.57
2017-08-20,,,,,,,,,,,,,,,,,,,,,,,,,,,,,,,,,,,,73.75,89.23
2017-08-21,93.095,1155.05,1.1815,6.6713,0.7939,3.1645,642.65,1.2558,7.8962,13.1742,2.1817,1.7506,1.3012,0.42,0.112,1.7628,1.6231,1.894,2.076,3.65,3.9,1.11,13.19,52.056,28.77,13.01,2428.37,1932.22,1063.66,3740.99,3286.906,10751.54,31,1266,622,177.33,60.63
2017-08-22,93.545,1159.03,1.1762,6.6684,0.7911,3.1618,640.95,1.2565,7.91,13.2249,2.2131,1.7836,1.3216,0.44,0.128,1.7744,1.6365,1.909,2.079,3.659,3.86,1.1,11.35,51.3012,27.97,12.49,2452.51,1945.18,1072.52,3752.3,3290.226,10954.92,31.205,1249,621,250.01,74.28
2017-08-23,93.147,1155.65,1.1807,6.6627,0.7904,3.1416,640.9,1.2554,7.8686,13.1643,2.166,1.7438,1.3051,0.405,0.085,1.762,1.6378,1.914,2.075,3.667,3.88,1.11,12.25,52.082,27.8,12.68,2444.04,1942.15,1075.6,3756.09,3287.705,,31.34,1222,620,149.31,69.07
2017-08-24,93.277,1157.46,1.1799,6.661,0.7905,3.1482,638.45,1.252,7.8431,13.2002,2.1939,1.7752,1.3297,0.433,0.124,1.762,1.6302,1.905,2.082,3.67,3.84,1.1,12.23,52.49,28.37,12.76,2438.97,1939.65,1082.45,3734.65,3271.512,11051,31.36,1200,627,95.29,42.9
2017-08-25,92.74,1149.92,1.1924,6.6437,0.7932,3.159,634.83,1.2481,7.7525,13.0224,2.1659,1.7568,1.3315,0.412,0.116,1.755,1.621,1.897,2.07,3.681,3.83,1.1,11.28,50.5552,28.88,12.63,2443.05,1944.56,1085.37,3795.75,3331.522,11288.36,31.5,1209,643,86.64,72.15
2017-08-26,,,,,,,,,,,,,,,,,,,,,,,,,,,,,,,,,,,,130,49.31
2017-08-27,,,,,,,,,,,,,,,,,,,,,,,,,,,,,,,,,,,,65.24,101.92
2017-08-28,92.207,1149.2,1.1979,6.6185,0.7963,3.1672,628.18,1.2508,7.753,13.0336,2.1571,1.7402,1.3253,0.4,0.096,1.7588,1.6195,1.903,2.067,3.701,3.82,1.1,11.32,48.8608,30.39,14.2,2444.24,1946.28,1085.08,3842.71,3362.652,11342.07,31.36,,,126.38,80.49
2017-08-29,92.249,1151.04,1.1972,6.6082,0.7951,3.1641,625.44,1.2512,7.7497,12.98,2.1292,1.7036,1.3155,0.378,0.075,1.7523,1.6154,1.8893,2.06,3.668,3.84,1.11,11.7,51.4034,30.49,13.5,2446.3,1945.05,1081.23,3834.54,3365.226,11296.08,31.32,1203,659,85.88,81.46
2017-08-30,92.884,1155.55,1.1884,6.5991,0.7905,3.1599,630.71,1.2621,7.8097,13.0326,2.1309,1.7167,1.3255,0.371,0.079,1.7604,1.6259,1.898,2.06,3.671,3.81,1.1,11.22,51.557,29.78,12.78,2457.59,1947.53,1088,3834.3,3363.626,11374.46,31.335,1181,667,142.65,42.02
2017-08-31,92.668,1152.94,1.191,6.5966,0.7947,3.1491,626.74,1.2482,7.7611,13.0032,2.117,1.702,1.3255,0.345,0.044,1.7731,1.6456,1.929,2.082,3.659,3.78,1.1,10.59,51.1311,29.1,13.26,2471.65,1959.74,1087.7,3822.09,3360.81,11295.44,31.485,1184,677,121.71,43.34
2017-09-01,92.814,1152.77,1.186,6.5612,0.7975,3.1404,624.28,1.2394,7.799,12.9391,2.1657,1.7383,1.342,0.373,0.065,1.7936,1.6627,1.941,2.088,3.669,3.73,1.1,10.13,49.4378,28.97,12.73,2476.55,1965.79,1091.36,3830.54,3367.119,11285.55,31.79,1183,682,133.69,57.53
2017-09-02,,,,,,,,,,,,,,,,,,,,,,,,,,,,,,,,,,,,67.7,61.98
2017-09-03,,,,,,,,,,,,,,,,,,,,,,,,,,,,,,,,,,,,57.11,102.58
2017-09-04,92.635,1151.75,1.1896,6.5293,0.7944,3.1411,624.52,1.2416,7.81,12.9712,2.1657,1.7383,1.342,0.373,0.065,1.794,1.6627,1.936,2.091,3.682,,,,49.4378,,,,1963.32,1083.34,3845.62,3379.583,11182.67,,1187,691,253.1,78.97
2017-09-05,92.252,1147.89,1.1914,6.5408,0.7996,3.1172,621.82,1.2374,7.7793,12.9074,2.0596,1.6414,1.29,0.282,-0.022,1.7787,1.6521,1.927,2.08,3.702,3.8,1.11,12.23,53.3179,29.58,14.3,2457.85,1954.64,1084.93,3857.05,3384.317,11191.59,31.965,1215,698,188.15,142.33
2017-09-06,92.29,1146.61,1.1917,6.5408,0.8,3.1,618.47,1.2226,7.8035,12.7758,2.1046,1.6841,1.3021,0.31,-0.002,1.7953,1.6753,1.948,2.094,3.689,3.74,1.11,11.63,52.9189,30.07,14.17,2465.54,1959.15,1083.18,3849.45,3385.389,11128.77,32.485,1250,699,202.49,198.18
2017-09-07,91.663,1138.2,1.2023,6.4865,0.8047,,614.28,1.2115,7.7341,12.7986,2.0387,1.625,1.262,0.246,-0.063,1.7931,1.6751,1.948,2.095,3.648,3.78,1.12,11.55,54.0104,29.73,14.49,2465.1,1964.57,1090.1,3829.87,3365.497,11098.72,32.545,1296,701,152.65,88.44
2017-09-08,91.352,1135.93,1.2036,6.4943,0.806,3.0872,620.57,1.2159,7.74,12.9291,2.0507,1.6332,1.262,0.243,-0.075,1.8084,1.6955,1.9728,2.103,3.636,3.81,1.13,12.12,54.8588,29.49,13.77,2461.43,1964.52,1091.17,3825.99,3365.243,11149.64,32.2,1332,707,132.7,68.98
2017-09-09,,,,,,,,,,,,,,,,,,,,,,,,,,,,,,,,,,,,45.15,71.97
2017-09-10,,,,,,,,,,,,,,,,,,,,,,,,,,,,,,,,,,,,90.02,93.84
2017-09-11,91.875,1142.15,1.1953,6.5388,0.8029,3.1033,622.74,1.211,7.8418,12.9832,2.1306,1.709,1.3186,0.296,-0.025,1.8354,1.7182,1.9978,2.131,3.64,3.74,1.12,10.73,51.8823,27.73,13.28,2488.11,1981.97,1099.18,3825.65,3376.419,11221.13,32.505,1355,715,63.7,94.13
2017-09-12,91.882,1143.45,1.1967,6.536,0.8019,3.1256,622.26,1.2186,7.8355,13.0096,2.1672,1.7454,1.3348,0.323,-0.004,1.8452,1.732,2.0085,2.134,3.618,3.69,1.11,10.58,51.6453,27.59,11.56,2496.48,1988.28,1102.26,3837.93,3379.488,11242.06,32.705,1344,725,125.11,59.02
2017-09-13,92.52,1147.97,1.1885,6.5477,0.7986,3.1351,627.28,1.2172,7.8795,13.1341,2.1883,1.767,1.3471,0.339,0.006,1.8497,1.7421,2.0127,2.1515,3.635,3.67,1.11,10.5,51.3709,26.62,11.98,2498.37,1986.74,1099.46,3842.61,3384.147,11187.07,33.115,1337,732,138.88,71.31
2017-09-14,92.124,1145.08,1.1919,6.5428,0.8005,3.1205,624.4,1.2165,7.8734,13.1184,2.1847,1.777,1.3615,0.33,0,1.8555,1.7586,2.0366,2.159,3.602,3.64,1.1,10.44,50.7289,26.09,12.19,2495.62,1983.42,1099.89,3829.96,3371.426,11101.14,33.275,1361,739,84.8,120.33
2017-09-15,91.872,1142.27,1.1945,6.5479,0.8002,3.1104,625.75,1.2198,7.8512,13.1569,2.2023,1.8055,1.3803,0.343,0.02,1.8605,1.7682,2.039,2.165,3.605,3.64,1.09,10.17,50.6332,26.65,12.06,2500.23,1987.72,1102.16,3831.3,3353.619,11067.55,32.92,1385,744,120.09,72.36
2017-09-16,,,,,,,,,,,,,,,,,,,,,,,,,,,,,,,,,,,,104.75,46.38
2017-09-17,,,,,,,,,,,,,,,,,,,,,,,,,,,,,,,,,,,,88.93,121.57
2017-09-18,92.047,1146.04,1.1954,6.5752,0.7958,3.1362,,1.2291,7.8337,13.3062,2.2287,1.8256,1.3947,0.351,0.017,1.8781,1.7885,2.0678,2.174,3.626,3.59,1.08,10.15,50.1627,27.53,12.69,2503.87,1990.58,1112.92,3843.14,3362.859,11195.98,33.06,1398,744,172.78,68.55
2017-09-19,91.793,1144.56,1.1994,6.5839,0.801,3.136,,1.2292,7.7986,13.3188,2.2446,1.8341,1.4011,0.367,0.031,1.8782,1.7854,2.0618,2.186,3.62,3.58,1.07,10.18,49.8605,25.76,12.27,2506.65,1996.09,1109.63,3832.12,3356.844,11125.71,33.195,1415,740,129.69,58.25
2017-09-20,92.508,1150.25,1.1892,6.5863,0.8031,3.1349,620.35,1.2323,7.866,13.3233,2.2676,1.8743,1.4382,0.415,0.092,1.8536,1.7655,2.0479,2.173,3.625,3.52,1.06,9.78,49.1538,26.99,12.32,2508.24,1998.69,1112.07,3842.44,3365.996,11173.51,33.42,1449,751,163,52.37
2017-09-21,92.259,1150.6,1.1941,6.5686,0.7929,3.1374,625.08,1.2327,7.8024,13.2791,2.2765,1.8862,1.4385,0.439,0.116,1.8384,1.7522,2.0328,2.145,3.638,3.52,1.06,9.67,48.3122,26.3,12.19,2500.6,1990.33,1108.19,3837.82,3357.812,11198.32,33.43,1470,760,139.59,55.35
2017-09-22,92.171,1148.42,1.1951,6.5794,0.7962,3.124,624.35,1.2339,7.8005,13.2523,2.2499,1.8614,1.431,0.398,0.073,1.8526,1.7694,2.0548,2.155,3.623,3.56,1.06,9.59,50.5164,26.39,12.37,2502.22,1994.58,1102.25,3837.73,3352.529,11109,33.6,1502,772,107.49,63.09
2017-09-23,,,,,,,,,,,,,,,,,,,,,,,,,,,,,,,,,,,,95.89,77.2
2017-09-24,,,,,,,,,,,,,,,,,,,,,,,,,,,,,,,,,,,,97.24,118.2
2017-09-25,92.648,1152.99,1.1848,6.6124,0.7937,3.1597,629.48,1.2371,7.8175,13.3317,2.2198,1.8364,1.423,0.376,0.04,1.8449,1.7779,2.068,2.159,3.606,3.57,1.06,10.21,51.1119,26.93,13.77,2496.66,1989.08,1088.26,3817.79,3341.549,10912.46,34.085,1503,781,55.39,105.42
2017-09-26,92.966,1156.75,1.1793,6.6284,0.7886,3.1661,635.38,1.2349,7.8923,13.3738,2.2357,1.8583,1.4356,0.39,0.057,1.8465,1.7821,2.0678,2.16,3.621,3.54,1.05,10.17,50.6363,27.8,13.32,2496.84,1983.25,1080.11,3820.78,3343.583,10968.39,34.07,1476,780,133.39,58.14
2017-09-27,93.361,1163.24,1.1745,6.6398,0.7849,3.1929,637.54,1.2477,7.9523,13.5884,2.3103,1.9055,1.4707,0.439,0.078,1.8726,1.8052,2.097,2.187,3.627,3.5,1.04,9.87,52.0778,27.29,12.99,2507.04,1988,1078.57,3821.2,3345.272,11035.78,34.215,1429,783,132.11,63.54
2017-09-28,93.085,1160.7,1.1786,6.6543,0.7856,3.182,636.68,1.2428,7.9387,13.5148,2.3085,1.8931,1.4508,0.43,0.06,1.879,1.8001,2.08,2.183,3.617,3.5,1.03,9.55,51.8596,27.18,11.75,2510.06,1992.36,1072.38,3822.54,3339.642,10874.52,34.245,1391,782,150.35,103.05
2017-09-29,93.076,1160.43,1.1814,6.6468,0.7834,3.1623,639.03,1.2472,7.9626,13.559,2.3336,1.936,1.4827,0.48,0.13,1.8543,1.7769,2.065,2.172,3.623,3.47,1.01,9.51,52.8752,26.83,11.77,2519.36,2000.55,1081.72,3836.5,3348.943,10910.04,34.24,1356,776,72.12,107.61
2017-09-30,,,,,,,,,,,,,,,,,,,,,,,,,,,,,,,,,,,,63.87,44.96
2017-10-01,,,,,,,,,,,,,,,,,,,,,,,,,,,,,,,,,,,,60.64,67.15
2017-10-02,93.559,1165.79,1.1733,6.6729,0.7827,3.1542,638.75,1.2508,7.9993,13.601,2.3408,1.9344,1.4828,0.497,0.146,1.8446,1.7605,2.0424,2.156,,3.45,1,9.45,54.4569,27.72,11.72,2529.12,2004.68,1082.97,,,,34.23,1328,775,148.88,75.31
2017-10-03,93.569,1165.39,1.1744,6.6664,0.7836,3.1432,633.3,1.2487,7.9815,13.6583,2.3229,1.9162,1.471,0.473,0.122,1.8506,1.765,2.044,2.158,,3.45,0.99,9.51,54.5958,27.95,11.38,2534.58,2009.63,1097.03,,,11305.38,34.195,1308,758,90.38,52.47
2017-10-04,93.458,1164.16,1.1759,6.6487,0.7865,3.133,631.67,1.2476,7.9585,13.5726,2.3229,1.9162,1.4711,0.464,0.106,1.8591,1.7806,2.057,2.17,,3.43,0.99,9.63,54.4927,27.04,11.41,2537.74,2010.95,1101.84,,,11397.17,34.17,1320,760,108.68,48.06
2017-10-05,93.961,1170.77,1.1711,6.6543,0.7795,3.1537,628.63,1.2565,8.0057,13.6798,2.348,1.9444,1.4873,0.48,0.12,1.8691,1.7945,2.0653,2.1675,,3.41,0.98,9.19,55.584,26.45,11.4,2552.07,2016.15,1102.76,,,,34.325,1382,766,83.91,40.99
2017-10-06,93.8,1170.46,1.173,6.6505,0.7767,3.1554,632.45,1.2529,8.0014,13.7477,2.3589,1.9561,1.504,0.486,0.123,1.874,1.8029,2.069,2.17,,3.41,0.98,9.65,54.9815,27.59,11.53,2549.33,2014.02,1103.12,,,11459.09,34.035,1405,776,151.48,85.68
2017-10-07,,,,,,,,,,,,,,,,,,,,,,,,,,,,,,,,,,,,79.36,35.77
2017-10-08,,,,,,,,,,,,,,,,,,,,,,,,,,,,,,,,,,,,95.7,89.65
2017-10-09,93.675,1169.69,1.174,6.6154,0.7753,3.1883,,1.2551,7.9832,13.8089,2.3589,1.9561,1.504,0.486,0.123,1.874,1.8029,2.071,2.17,3.654,,,10.33,54.9815,27.32,11.96,2544.73,2013.12,1100.42,3882.21,3374.378,11385.38,34.105,1411,783,61.34,42.94
2017-10-10,93.29,1166.18,1.1808,6.5667,0.7778,3.1797,629.2,1.2515,7.9523,13.6991,2.3607,1.9595,1.5123,0.478,0.119,1.8837,1.8118,2.077,2.177,3.654,3.42,0.98,10.08,53.8854,26.54,12.22,2550.64,2021.56,1112.53,3889.86,3382.988,11418.76,34.135,1418,818,,74.46
2017-10-11,93.015,1162.74,1.1859,6.5737,0.7788,3.1749,627.04,1.2458,7.9218,13.5269,2.3481,1.9562,1.5186,0.461,0.116,1.8884,1.8162,2.0814,2.179,3.658,3.41,0.98,9.85,52.687,26.43,12.13,2555.24,2024.54,1117.33,3902.69,3388.284,11411.41,34.215,1433,856,,60.44
2017-10-12,93.057,1164.05,1.183,6.5783,0.782,,624.44,1.2475,7.9015,13.4766,2.3177,1.938,1.5127,0.424,0.096,1.8945,1.8164,2.067,2.178,3.682,3.44,0.98,9.91,51.8228,25.85,11.82,2550.93,2023.64,1121.62,3912.95,3386.1,11500.34,34.09,1458,870,,37.61
2017-10-13,93.091,1163.55,1.182,6.5683,0.7887,3.1454,623.63,1.2468,7.8875,13.268,2.273,1.8998,1.4929,0.417,0.105,1.8567,1.7682,2.03,2.147,3.681,3.48,0.98,9.61,50.8509,25.73,11.76,2553.17,2028.01,1125.91,3921,3390.523,11519.81,34.07,1485,903,,63.88
2017-10-14,,,,,,,,,,,,,,,,,,,,,,,,,,,,,,,,,,,,,61.43
2017-10-15,,,,,,,,,,,,,,,,,,,,,,,,,,,,,,,,,,,,,65.84
2017-10-16,93.312,1166.84,1.1796,6.5829,0.7851,3.1697,619.35,1.2518,7.8977,13.3148,2.3034,1.9497,1.5379,0.458,0.174,1.846,1.7498,2.034,2.1475,3.71,3.42,0.98,9.91,49.2955,26.32,12.13,2557.64,2029.89,1131.82,3913.45,3378.47,11602.92,34.145,1523,913,,98.42
2017-10-17,93.486,1167.17,1.1766,6.6063,0.7846,3.1605,623.28,1.2522,7.9447,13.3932,2.2998,1.9581,1.5463,0.463,0.192,1.8379,1.7387,1.99,2.12,3.746,3.41,0.98,10.31,49.0311,25.87,11.64,2559.36,2027.36,1125.66,3913.07,3372.041,11568.31,34.165,1552,916,,49.38
2017-10-18,93.363,1167.45,1.1787,6.6208,0.7846,3.1707,626.73,1.2467,7.9605,13.5747,2.3465,1.9932,1.5629,0.496,0.209,1.8519,1.7528,2.022,2.135,3.736,3.37,0.97,10.07,50.2887,26.41,11.88,2561.26,2030.44,1126.9,3944.16,3381.794,11621.95,33.925,1566,907,,100.11
2017-10-19,93.266,1165.27,1.1852,6.6056,0.7878,3.1716,625.2,1.2485,7.9318,13.4866,2.3178,1.9532,1.5304,0.455,0.148,1.8636,1.7743,2.004,2.134,3.72,3.39,0.97,10.05,51.4868,26.3,11.94,2562.1,2033.29,1116.91,3931.25,3370.172,11357.45,33.82,1582,902,,82.48
2017-10-20,93.701,1172.23,1.1784,6.623,0.7817,3.1935,629.11,1.2627,7.9831,13.6444,2.3845,2.0202,1.5763,0.513,0.199,1.8723,1.7852,2.046,2.164,3.735,3.3,0.96,9.97,53.9818,24.51,11.49,2575.21,2035.58,1119.69,3926.85,3378.648,11558.35,33.885,1578,896,,62.32
2017-10-21,,,,,,,,,,,,,,,,,,,,,,,,,,,,,,,,,,,,,59.05
2017-10-22,,,,,,,,,,,,,,,,,,,,,,,,,,,,,,,,,,,,,108.51
2017-10-23,93.936,1173.31,1.1749,6.6369,0.7807,3.2351,631.97,1.2647,8.0022,13.7077,2.3664,1.9985,1.5642,0.501,0.189,1.8663,1.7731,2.048,2.16,3.732,3.28,0.95,11.07,54.0973,25.08,11.69,2564.98,2030.06,1115.9,3930.8,3380.699,11491.07,33.71,1586,899,,136.2
2017-10-24,93.772,1176.35,1.1761,6.6428,0.7776,3.2473,632.35,1.2675,8.0056,13.7478,2.4189,2.0439,1.581,0.546,0.223,1.8734,1.7825,2.051,2.165,3.73,3.26,0.94,11.16,55.9354,25.6,11.73,2569.13,2031.38,1113.32,3959.4,3388.248,11405.55,33.775,1588,901,,37.25
2017-10-25,93.711,1174.26,1.1813,6.6377,0.7704,3.2347,629.6,1.2796,8.0157,14.0529,2.4317,2.044,1.595,0.546,0.218,1.887,1.7878,2.052,2.174,3.791,3.3,0.94,11.23,57.3572,25.44,12.02,2557.15,2023.48,1114.09,3976.95,3396.898,11493.3,33.54,1573,912,,60.11
2017-10-26,94.612,1183,1.1651,6.6535,0.766,3.2975,633.05,1.2847,8.171,14.2416,2.4609,2.0777,1.6149,0.569,0.245,1.8923,1.7942,2.0436,2.174,3.791,3.29,0.94,11.3,57.3492,25.22,11.62,2560.4,2025.69,1108.17,3993.58,3407.567,11446.21,33.61,1555,920,,114.37
2017-10-27,94.916,1183.4,1.1608,6.6479,0.7677,3.2356,,1.2808,8.1476,14.1034,2.4064,2.0281,1.5875,0.514,0.18,1.8932,1.8103,2.0533,2.176,3.839,3.34,0.94,9.8,54.6722,25.18,11.48,2581.07,2034.6,1110.22,4021.97,3416.813,11643.57,33.67,1546,914,,87.39
2017-10-28,,,,,,,,,,,,,,,,,,,,,,,,,,,,,,,,,,,,,58.75
2017-10-29,,,,,,,,,,,,,,,,,,,,,,,,,,,,,,,,,,,,,105.5
2017-10-30,94.56,1179.73,1.1651,6.6369,0.7688,3.2806,638.84,1.2833,8.1512,14.0573,2.3684,1.9951,1.5737,0.493,0.151,1.8768,1.8056,2.06,2.159,3.928,3.37,0.94,10.5,51.6895,25.33,11.74,2572.83,2034.59,1115.53,4009.72,3390.337,11563.38,33.845,1534,904,,64.62
2017-10-31,94.552,1180.83,1.1646,6.6324,0.7656,3.2713,635.33,1.2888,8.1689,14.1272,2.3793,2.0165,1.5997,0.496,0.161,1.8847,1.8179,2.0631,2.157,3.894,3.38,0.95,10.18,51.1485,25.31,11.81,2575.26,2036.8,1119.08,4006.72,3393.342,11507.72,33.955,1522,871,,50.39
2017-11-01,94.815,1181.91,1.1619,6.609,0.7676,3.2667,636.45,1.2865,8.1499,14.0651,2.3721,2.0182,1.6119,0.487,0.162,1.8862,1.8188,2.0649,2.1645,3.869,3.37,0.95,10.2,49.9351,25.65,11.8,2579.36,2041.17,1128.94,3996.62,3395.913,11636.49,34.34,1496,867,75.86,66.7
2017-11-02,94.685,1179.92,1.1658,6.6068,0.7713,,629.89,1.2809,8.1357,13.9719,2.345,2,1.608,0.464,0.147,1.8819,1.8156,2.0604,2.15,3.884,3.39,0.96,9.93,48.7304,25.65,10.95,2579.85,2043.24,1127.31,3997.13,3383.309,11598.36,34.24,1482,855,188.31,85.31
2017-11-03,94.941,1183.41,1.1608,6.6365,0.765,3.3141,634.58,1.2764,8.1762,14.224,2.3325,1.99,1.6145,0.463,0.15,1.8701,1.8057,2.0504,2.147,3.891,3.39,0.97,9.14,45.83,24.82,10.65,2587.84,2045.47,1126.18,3992.7,3371.744,11602.4,34.34,1476,843,88.23,103.89
2017-11-04,,,,,,,,,,,,,,,,,,,,,,,,,,,,,,,,,,,,43.89,63.24
2017-11-05,,,,,,,,,,,,,,,,,,,,,,,,,,,,,,,,,,,,105.5,120.72
2017-11-06,94.757,1179.92,1.161,6.6251,0.7691,3.2526,633.26,1.2704,8.1348,14.0961,2.3163,1.9834,1.6207,0.442,0.127,1.875,1.8214,2.064,2.156,3.875,3.41,0.98,9.4,45.0469,26.85,10.94,2591.13,2046.8,1131.03,4020.89,3388.174,11524.64,35.125,1473,820,132.5,92.35
2017-11-07,94.913,1183.05,1.1587,6.641,0.7645,3.2731,634.44,1.2777,8.1714,14.2366,2.3145,1.9884,1.6289,0.436,0.132,1.8798,1.8216,2.0665,2.152,3.897,3.44,0.99,9.89,44.1986,28.75,10.98,2590.64,2046.78,1134.55,4054.25,3413.575,11645.53,35.08,1477,814,113.53,100.93
2017-11-08,94.866,1181.79,1.1595,6.6322,0.7678,3.2503,632.46,1.2729,8.1659,14.1504,2.3343,2.0099,1.6452,0.44,0.149,1.8955,1.8287,2.073,2.16,3.899,3.5,0.99,9.78,43.9656,27.99,11.32,2594.38,2050.7,1134.68,4048.01,3415.46,11576.13,34.91,1486,807,181.09,67.48
2017-11-09,94.444,1178.16,1.1642,6.648,0.768,3.2504,630.76,1.2683,8.1325,14.2486,2.3416,2.0116,1.6333,0.458,0.152,1.8976,1.8252,2.067,2.16,3.909,3.63,1,10.5,44.9901,28.37,11.73,2584.62,2042.36,1133.78,4075.9,3427.795,11744.54,35.015,1481,802,109.61,65.11
2017-11-10,94.391,1178.29,1.1665,6.6618,0.7661,3.2838,630.89,1.2682,8.134,14.3773,2.3984,2.0515,1.6541,0.508,0.184,1.9058,1.8283,2.065,2.17,3.926,3.6,1.01,11.29,47.2888,29.4,11.68,2582.3,2040.25,1128.49,4111.91,3432.673,11745.81,34.83,1464,803,,56.77
2017-11-11,,,,,,,,,,,,,,,,,,,,,,,,,,,,,,,,,,,,,61.32
2017-11-12,,,,,,,,,,,,,,,,,,,,,,,,,,,,,,,,,,,,,170.54
2017-11-13,94.49,1179.97,1.1667,6.6571,0.7623,3.2792,630.3,1.2733,8.1649,14.47,2.4055,2.0749,1.6808,0.515,0.215,1.9059,1.8212,2.057,2.173,3.976,3.6,1.01,11.5,46.3853,30.22,11.53,2584.84,2035.72,1123.26,4128.07,3447.836,11684.51,34.63,1445,796,,134.97
2017-11-14,93.827,1174.94,1.1798,6.6367,0.7631,3.3151,631.97,1.2731,8.1804,14.3702,2.3717,2.0582,1.6872,0.492,0.207,1.8961,1.8136,2.0454,2.164,3.993,3.68,1.02,11.59,47.7729,30.08,11.61,2578.87,2031.88,1118.32,4099.35,3429.548,11601.69,34.07,1405,790,,107.88
2017-11-15,93.813,1174.24,1.1791,6.6327,0.7589,,633.28,1.2764,8.2448,14.3849,2.3222,2.0316,1.6834,0.456,0.18,1.8829,1.8181,2.051,2.146,3.975,3.79,1.03,13.13,47.9978,29.84,11.75,2564.62,2021.03,1111.12,4073.67,3402.524,11412.75,33.685,1374,787,,58.1
2017-11-16,93.932,1174.09,1.177,6.633,0.7588,3.2771,630.51,1.2757,8.2099,14.1567,2.3753,2.0699,1.7082,0.497,0.214,1.8966,1.8213,2.054,2.1555,3.944,3.63,1.02,11.76,47.7421,28.42,11.02,2585.64,2035.81,1125.36,4105.01,3399.25,11533.96,33.55,1361,790,,83.79
2017-11-17,93.662,1169.84,1.179,6.6365,0.7564,3.2592,626.85,1.2763,8.2402,13.9981,2.3435,2.0567,1.7213,0.478,0.211,1.8858,1.8138,2.0332,2.1325,3.956,3.62,1.02,11.43,49.0879,26.96,10.62,2578.85,2033.18,1136.45,4120.85,3382.907,11608.73,33.715,1371,809,,98.62
2017-11-18,,,,,,,,,,,,,,,,,,,,,,,,,,,,,,,,,,,,,52.98
2017-11-19,,,,,,,,,,,,,,,,,,,,,,,,,,,,,,,,,,,,,119.38
2017-11-20,94.08,1174.5,1.1733,6.6471,0.755,3.259,637.46,1.282,8.2912,14.0464,2.3666,2.0919,1.7505,0.507,0.259,1.8798,1.8026,2.037,2.1375,3.967,3.58,1.01,10.65,48.097,27.18,11.18,2582.14,2035.73,1136.1,4143.83,3392.399,11538.28,33.635,1385,827,,79.5
2017-11-21,93.952,1171.6,1.1738,6.6271,0.7578,3.2545,635.3,1.2778,8.2129,13.9684,2.3559,2.0986,1.7715,0.502,0.282,1.873,1.7923,2.0154,2.13,3.992,3.53,1,9.73,48.0895,26.64,10.84,2599.03,2047.15,1150.98,4217.7,3410.498,11874.37,33.71,1396,827,,199.49
2017-11-22,93.22,1162.97,1.1822,6.5967,0.7617,3.2251,633.7,1.2696,8.1537,13.8218,2.3187,2.0417,1.7267,0.465,0.225,1.8719,1.7922,2.025,2.145,4.035,3.56,0.99,9.88,46.8754,26.83,10.75,2597.08,2050.06,1156.67,4227.57,3430.464,11958.63,33.845,1413,826,,52.93
2017-11-23,93.22,1161.6,1.1851,6.579,0.7625,3.2225,635.18,1.2713,8.1368,13.8834,2.3187,2.0417,1.7267,0.465,0.225,1.8719,1.7922,,2.151,4.02,,,,46.8754,,,,2053.28,1152.4,4102.4,3351.918,11737.06,,1445,820,,61.97
2017-11-24,92.782,1159.33,1.1933,6.5881,0.7617,3.2323,634.23,1.2712,8.1302,14.1585,2.3418,2.0636,1.7443,0.491,0.249,1.8683,1.7893,2.032,2.141,3.973,3.54,0.99,9.67,46.1607,26.88,10.58,2602.42,2059.54,1154.26,4104.2,3353.821,11908.19,33.94,1458,812,,34.88
2017-11-25,,,,,,,,,,,,,,,,,,,,,,,,,,,,,,,,,,,,,48.73
2017-11-26,,,,,,,,,,,,,,,,,,,,,,,,,,,,,,,,,,,,,105.07
2017-11-27,92.904,1160.71,1.1898,6.5975,0.7602,3.2263,638.18,1.2769,8.1522,13.7587,2.3277,2.0468,1.7404,0.48,0.244,1.8628,1.7771,2.0241,2.137,3.998,3.56,0.99,9.87,45.2922,28.36,10.72,2601.42,2055.77,1144.33,4049.95,3322.23,11772.27,33.595,1477,798,,31.11
2017-11-28,93.27,1162.97,1.184,6.6082,0.7595,3.2137,641.55,1.2815,8.2453,13.6616,2.3277,2.0594,1.746,0.483,0.261,1.8599,1.7665,2.0154,2.143,3.999,3.53,0.98,10.03,44.9321,28.13,10.64,2627.04,2066.55,1146.5,4055.82,3333.657,11705.58,33.855,1506,799,,206.63
2017-11-29,93.164,1163.44,1.1847,6.612,0.757,3.2442,643.64,1.2865,8.2557,13.6569,2.3882,2.1059,1.762,0.536,0.307,1.8662,1.7652,2.02,2.145,3.967,3.49,0.98,10.7,45.5355,28.02,11.02,2626.07,2066.22,1141.38,4053.75,3337.862,11647.98,34.04,1536,794,,103.98
2017-11-30,93.047,1163.55,1.1904,6.6112,0.7566,3.2683,648.73,1.2897,8.3188,13.6981,2.4097,2.1375,1.782,0.541,0.331,1.8827,1.7745,2.0293,2.168,3.917,3.44,0.97,11.28,46.8271,25.95,11.79,2647.58,2077.36,1120.79,4006.1,3317.188,11475.72,34.55,1578,806,,101.48
2017-12-01,92.885,1160.16,1.1896,6.5984,0.7613,3.2583,647.28,1.2685,8.2852,13.738,2.3615,2.1127,1.772,0.491,0.308,1.8851,1.7774,2.033,2.175,3.92,3.49,0.98,11.43,50.1704,23.73,11.39,2642.22,2069.37,1115.94,3998.14,3317.617,11449.43,34.84,1626,820,110.04,86.95
2017-12-02,,,,,,,,,,,,,,,,,,,,,,,,,,,,,,,,,,,,21.39,93.82
2017-12-03,,,,,,,,,,,,,,,,,,,,,,,,,,,,,,,,,,,,34.65,87.52
2017-12-04,93.188,1162.83,1.1866,6.6186,0.7598,3.2453,648.45,1.2673,8.3316,13.5175,2.3723,2.1428,1.8063,0.492,0.34,1.8988,1.7776,2.0409,2.192,3.925,3.42,0.97,11.68,48.7613,23.68,11.38,2639.44,2069.99,1121.95,4018.86,3309.618,11518.07,34.825,1662,821,64.41,101.07
2017-12-05,93.379,1165.01,1.1826,6.6181,0.7607,3.2424,653.82,1.2691,8.262,13.4489,2.3509,2.1428,1.8184,0.483,0.344,1.8866,1.7759,2.042,2.18,3.905,3.43,0.96,11.33,49.2373,23.13,12.28,2629.57,2063.64,1117.69,4040.17,3303.675,11484.69,34.675,1666,822,133.24,95.44
2017-12-06,93.61,1168.17,1.1796,6.6179,0.7564,3.2351,654.4,1.2789,8.2722,13.514,2.3385,2.1262,1.8064,0.48,0.338,1.8763,1.7644,2.03,2.165,3.91,3.48,0.97,11.02,49.3218,23.13,11.67,2629.27,2058.22,1101.2,4015.82,3293.965,11162.58,34.225,1670,824,109.02,57.79
2017-12-07,93.795,1171.53,1.1773,6.6249,0.7511,3.2934,655.76,1.2854,8.3163,13.7334,2.3634,2.138,1.8024,0.489,0.323,1.889,1.7874,2.048,2.169,3.905,3.47,0.97,10.16,49.2358,23.13,12.99,2636.98,2063.58,1100.54,3971.06,3272.054,11150.73,34.325,1679,823,64.61,40.69
2017-12-08,93.901,1173.3,1.1773,6.6238,0.7509,3.2938,654.75,1.2848,8.2942,13.6672,2.376,2.1398,1.7945,0.49,0.316,1.8969,1.7928,2.057,2.1745,3.945,3.47,0.97,9.58,47.4922,23.85,11.7,2651.5,2073.46,1110.78,4003.38,3289.992,11289.57,34.64,1702,814,89.09,63.52
2017-12-09,,,,,,,,,,,,,,,,,,,,,,,,,,,,,,,,,,,,55.4,129.89
2017-12-10,,,,,,,,,,,,,,,,,,,,,,,,,,,,,,,,,,,,,87.45
2017-12-11,93.866,1173.74,1.1769,6.6218,0.7526,3.3036,655.81,1.2856,8.3824,13.6029,2.3886,2.1566,1.8189,0.501,0.332,1.8955,1.7962,2.058,2.178,3.945,3.47,0.96,9.34,46.5721,22.96,11.46,2659.99,2081.24,1119.97,4069.5,3322.196,11431.62,34.89,1727,814,,81.46
2017-12-12,94.101,1175.64,1.1742,6.6279,0.7558,3.3194,653.92,1.2866,8.3466,13.6757,2.4011,2.1718,1.8271,0.488,0.316,1.9201,1.8231,2.078,2.203,3.951,3.44,0.96,9.92,46.7466,22.84,12.14,2664.11,2083.43,1112.37,4016.02,3280.813,11312.57,34.795,1743,812,,66.43
2017-12-13,93.429,1167.63,1.1826,6.614,0.7637,3.3175,646.73,1.2817,8.325,13.4538,2.3422,2.1049,1.7743,0.457,0.295,1.8916,1.777,2.0442,2.1625,3.944,3.5,0.96,10.18,45.0348,23.49,10.87,2662.85,2084.36,1118.81,4050.09,3303.037,11519.79,34.745,1730,812,,52.01
2017-12-14,93.489,1167.95,1.1778,6.6069,0.7666,3.3352,638.52,1.2797,8.2978,13.512,2.3493,2.1384,1.811,0.464,0.329,1.8913,1.7791,2.0412,2.165,3.927,3.5,0.95,10.49,44.8357,23,10.4,2652.01,2077.55,1121.22,4026.15,3292.438,11531.73,34.62,1668,814,,32.59
2017-12-15,93.932,1172.1,1.1749,6.606,0.7646,3.3019,636.2,1.2866,8.3833,13.0996,2.353,2.1537,1.8358,0.463,0.355,1.8949,1.7715,2.0241,2.176,3.894,3.5,0.95,9.42,46.4338,21.25,9.43,2675.81,2085.54,1118.5,3980.86,3266.137,11365.92,34.36,1619,815,,104.84
2017-12-16,,,,,,,,,,,,,,,,,,,,,,,,,,,,,,,,,,,,,95.65
2017-12-17,,,,,,,,,,,,,,,,,,,,,,,,,,,,,,,,,,,,,141.38
2017-12-18,93.695,1169.81,1.1782,6.6088,0.7664,3.2886,621.35,1.2862,8.3596,12.746,2.3942,2.1673,1.8277,0.49,0.355,1.9079,1.7848,2.0404,2.1825,3.905,3.5,0.95,9.53,46.7275,18.43,9.93,2690.16,2104.02,1130.39,3985.29,3267.923,11415.13,34.625,1588,820,,94.77
2017-12-19,93.441,1169.2,1.184,6.6062,0.7663,3.2911,620.14,1.2878,8.3495,12.7068,2.4644,2.2212,1.8525,0.537,0.385,1.9315,1.8067,2.0615,2.1875,3.905,3.46,0.94,10.03,48.9577,18.88,10.32,2681.47,2096.34,1132.2,4035.33,3296.538,11541.88,34.675,1547,824,,82.4
2017-12-20,93.313,1168.53,1.1871,6.5646,0.7667,3.2965,620.5,1.2835,8.4106,12.7224,2.497,2.2366,1.8567,0.571,0.395,1.9273,1.8109,2.0654,2.191,3.912,3.44,0.94,9.72,49.9539,19.46,9.79,2679.25,2095.45,1132.85,4030.49,3287.606,11505.88,35.165,1476,825,,57.2
2017-12-21,93.278,1168.53,1.1874,6.5664,0.7702,3.3067,620.98,1.274,8.3548,12.7618,2.4826,2.2451,1.8775,0.538,0.374,1.9474,1.8407,2.0865,2.2025,3.912,3.43,0.94,9.62,51.6035,17.86,9.64,2684.57,2100.78,1134.38,4067.85,3300.059,11596.94,35.91,1430,831,,92.94
2017-12-22,93.347,1170.48,1.1862,6.567,0.7709,3.3376,622.59,1.2729,8.3181,12.6212,2.481,2.249,1.8906,0.531,0.379,1.9514,1.8401,2.082,2.208,3.889,3.42,0.94,9.9,50.3803,19.26,10.01,2683.34,2099.59,1141.09,4054.6,3297.063,11653.08,35.985,1366,827,,72.69
2017-12-23,,,,,,,,,,,,,,,,,,,,,,,,,,,,,,,,,,,,,133.94
2017-12-24,,,,,,,,,,,,,,,,,,,,,,,,,,,,,,,,,,,,,158.85
2017-12-25,93.267,,1.187,6.5545,0.7717,,,1.2727,8.3114,12.6119,2.481,2.249,1.8906,0.531,0.379,1.9514,1.841,,2.204,3.9,,,,50.3803,,,,2099.94,1141.11,4041.54,3280.461,,,,,,101.81
2017-12-26,93.257,1170.26,1.1858,6.5415,0.7728,3.3096,618.35,1.2687,8.3091,12.5098,2.4756,2.2424,1.8991,0.525,0.374,1.9531,1.8418,2.081,2.205,3.895,3.42,0.93,10.25,48.8209,20.99,11.17,2680.5,2099.31,1138.63,4053.62,3306.125,,36.3,,,,106.31
2017-12-27,93.025,1167.21,1.1888,6.5554,0.7768,3.317,616.94,1.2655,8.2721,12.2684,2.4107,2.1934,1.893,0.46,0.332,1.953,1.8403,2.089,2.2025,3.901,3.45,0.93,10.47,47.73,20.64,10.73,2682.62,2103.19,1144.39,3991.21,3275.783,11617.75,36.18,,,,58.44
2017-12-28,92.602,1163.11,1.1943,6.5309,0.7794,3.3132,614.91,1.257,8.2514,12.3531,2.4305,2.2361,1.9071,0.463,0.337,1.9726,1.8539,2.09,2.211,3.888,3.42,0.93,10.18,46.1938,20.71,10.43,2687.54,2106.89,1153.58,4018.9,3296.385,11683.99,36.235,,,,63.24
2017-12-29,92.124,1159.44,1.2005,6.5143,0.7809,3.3085,615.44,1.2571,8.2042,12.3828,2.4054,2.2064,1.883,0.426,0.285,1.9834,1.8771,2.111,2.219,3.902,3.43,0.93,11.04,46.5962,21.32,10.96,2673.61,2103.45,1158.45,4030.86,3307.172,11709.3,36.13,,,,146.43
2017-12-30,,,,,,,,,,,,,,,,,,,,,,,,,,,,,,,,,,,,,45.33
2017-12-31,,,,,,,,,,,,,,,,,,,,,,,,,,,,,,,,,,,,,174.9
2018-01-01,92.24,,1.2012,6.5163,0.7805,,,1.2545,8.195,,2.4054,2.2064,1.883,0.426,0.285,1.9834,1.8771,,2.23,,,,,46.5962,,,,2103.47,1157.55,,,,,,,96.58,178.3
2018-01-02,91.872,1153.44,1.2059,6.5015,0.783,3.2619,606.67,1.2512,8.1281,12.4589,2.4633,2.2481,1.9191,0.456,0.301,2.0101,1.9008,2.13,2.251,3.918,3.39,0.94,9.77,49.172,22.73,11.96,2695.81,2116.04,1177.98,4087.4,3348.326,12068.99,36.725,1230,700,188.69,111.2
2018-01-03,92.162,1155.78,1.2015,6.4957,0.7836,3.2385,606.99,1.2536,8.1047,12.3663,2.4471,2.2448,1.9313,0.447,0.303,2.0044,1.8961,2.12,2.236,3.925,3.34,0.94,9.15,47.6043,22.75,11.56,2713.06,2125.65,1184.21,4111.39,3369.108,12088.99,37.275,1262,683,138.02,52.45
2018-01-04,91.853,1153.09,1.2068,6.492,0.7864,3.2308,605.42,1.2487,8.0675,12.3039,2.4525,2.2682,1.9515,0.442,0.313,2.0142,1.911,2.139,2.241,3.94,3.26,0.94,9.22,47.382,22.12,11.8,2723.99,2142.75,1192.56,4128.81,3385.71,12203.55,37.5,1341,676,146.36,243.48
2018-01-05,91.949,1152.76,1.2029,6.4785,0.7864,3.229,605.74,1.2412,8.0512,12.312,2.4763,2.2886,1.9599,0.444,0.308,2.0359,1.9371,2.16,2.2475,3.928,3.22,0.93,9.22,46.0677,22.3,11.26,2743.15,2156.6,1201.01,4138.75,3391.75,12211.63,37.485,1371,680,66.52,108.68
2018-01-06,,,,,,,,,,,,,,,,,,,,,,,,,,,,,,,,,,,,78.95,83.81
2018-01-07,,,,,,,,,,,,,,,,,,,,,,,,,,,,,,,,,,,,30.46,164.82
2018-01-08,92.358,1155.91,1.1967,6.4972,0.7842,3.2369,605.38,1.2421,8.0779,12.385,2.48,2.287,1.9579,0.459,0.313,2.0235,1.9287,2.149,2.259,3.921,3.2,0.92,9.52,45.8988,21.9,11.19,2747.71,2157.96,1206.86,4160.16,3409.479,12235.19,37.71,1385,682,82.17,77.28
2018-01-09,92.528,1157.9,1.1937,6.535,0.7824,3.2495,608.05,1.2464,8.1007,12.3449,2.553,2.3307,1.9682,0.513,0.331,2.0413,1.9479,2.17,2.266,3.909,3.18,0.91,10.08,47.2861,22.96,10.79,2751.29,2161.78,1205.14,4189.3,3413.899,12255.68,37.615,1395,691,77.14,157.58
2018-01-10,92.332,1155.72,1.1948,6.523,0.7843,3.2354,609.32,1.2547,8.0739,12.4359,2.5568,2.3291,1.9724,0.518,0.337,2.0419,1.9386,2.15,2.25,3.945,3.25,0.9,9.82,49.1669,23.52,10.79,2748.23,2162.29,1197.53,4207.81,3421.834,12289.17,37.57,1366,685,71.72,89.18
2018-01-11,91.852,1151.89,1.2032,6.4907,0.7892,3.2146,606.19,1.2519,8.0137,12.3913,2.5367,2.3259,1.9786,0.526,0.359,2.0169,1.9106,2.1368,2.232,3.956,3.24,0.9,9.88,48.1908,23.52,10.96,2767.56,2171.78,1197.01,4205.59,3425.345,12295.52,38.34,1303,681,95.51,111.72
2018-01-12,90.974,1141.92,1.2202,6.4611,0.7917,3.2055,603.19,1.2459,7.9203,12.3668,2.5462,2.3465,1.9976,0.524,0.353,2.0238,1.9359,2.14,2.221,3.948,3.23,0.9,10.16,47.6086,23.52,11.62,2786.24,2185.31,1208.17,4225,3428.941,12468.93,38.71,1279,684,167.51,107.69
2018-01-13,,,,,,,,,,,,,,,,,,,,,,,,,,,,,,,,,,,,83.79,171.33
2018-01-14,,,,,,,,,,,,,,,,,,,,,,,,,,,,,,,,,,,,63.25,176.99
2018-01-15,90.974,1135.36,1.2264,6.4305,0.7965,3.2158,602.58,1.2429,7.8824,12.3063,2.5462,2.3465,1.9976,0.524,0.353,2.0238,1.9359,2.14,2.228,3.966,,,,47.6086,,,,2193.95,1210.64,4225.24,3410.488,12470.42,,1264,693,58.96,272.42
2018-01-16,90.393,1135.25,1.226,6.4369,0.7961,3.2244,,1.2435,7.8753,12.2813,2.5371,2.3517,2.0142,0.498,0.352,2.0395,1.9437,2.169,2.2425,3.965,3.21,0.89,11.66,45.9144,26.41,12.09,2776.42,2188.39,1217.87,4258.47,3436.594,12787.28,38.22,1221,717,58.75,61.57
2018-01-17,90.541,1137.05,1.2186,6.4326,0.797,3.2228,605.96,1.2438,7.8805,12.2989,2.5904,2.4043,2.0431,0.526,0.384,2.0655,1.9675,2.181,2.267,3.964,3.18,0.89,11.91,45.8824,24.7,11.77,2802.56,2199.93,1222.62,4248.12,3444.671,12868.78,38.555,1164,715,128.26,61.83
2018-01-18,90.498,1135.12,1.2238,6.4215,0.8001,3.2115,605.4,1.2418,7.8471,12.1314,2.6256,2.418,2.0434,0.539,0.372,2.0882,1.9896,2.216,2.297,3.979,3.2,0.89,12.22,48.549,24.38,12.26,2798.03,2196.73,1227.52,4271.42,3474.754,13094.92,38.24,1139,707,82.81,115.86
2018-01-19,90.572,1136.03,1.2222,6.4004,0.7995,3.1962,608.13,1.2493,7.8637,12.1962,2.6592,2.4491,2.0647,0.587,0.396,2.0732,1.9979,2.2118,2.312,3.978,3.19,0.9,11.27,51.9902,21.2,11.43,2810.3,2207.4,1232.6,4285.4,3487.864,13179.52,38.19,1125,705,102.11,88.34
2018-01-20,,,,,,,,,,,,,,,,,,,,,,,,,,,,,,,,,,,,68.95,85.4
2018-01-21,,,,,,,,,,,,,,,,,,,,,,,,,,,,,,,,,,,,71.32,132.01
2018-01-22,90.401,1134.1,1.2262,6.4029,0.8017,3.2041,606.1,1.2444,7.8532,12.0505,2.65,2.4476,2.0608,0.586,0.398,2.0648,1.9933,2.218,2.314,3.961,3.16,0.9,11.03,52.5957,22.03,11.66,2832.97,2221.01,1238.5,4336.6,3501.362,13204.58,39.015,1129,702,130,110.72
2018-01-23,90.124,1131.94,1.2299,6.3987,0.8,3.2394,609.2,1.2419,7.8237,12.0324,2.6131,2.412,2.0403,0.562,0.375,2.0518,1.9816,2.218,2.305,3.955,3.17,0.9,11.1,52.5489,22.34,11.72,2839.13,2230.05,1252.39,4382.61,3546.505,13490.45,38.955,1157,694,129,74.52
2018-01-24,89.206,1120.38,1.2408,6.3495,0.8062,3.142,602.99,1.2348,7.7477,11.8568,2.6465,2.4343,2.0762,0.576,0.376,2.0711,2.0004,2.217,2.2975,3.956,3.13,0.89,11.47,54.1055,23.93,13.38,2837.54,2232.3,1258.75,4389.89,3559.465,13620.93,38.85,1200,691,136.35,93.27
2018-01-25,89.391,1121.92,1.2396,6.3295,0.8026,3.1325,598.82,1.2377,7.7426,11.8689,2.617,2.42,2.0842,0.559,0.375,2.0585,1.9917,2.23,2.297,3.948,3.15,0.88,11.58,53.3762,22.35,13.04,2839.25,2234.38,1263.45,4365.08,3548.307,13388.16,38.545,1217,683,82.49,77.97
2018-01-26,89.067,1118.63,1.2427,6.3263,0.811,3.1482,601.73,1.2308,7.6903,11.8623,2.6599,2.4702,2.1163,0.571,0.396,2.0901,2.0245,2.24,2.319,3.949,3.11,0.87,11.08,55.6349,22.29,12.98,2872.87,2248.93,1273.07,4381.3,3558.129,13723.96,38.755,1219,682,65.84,110
2018-01-27,,,,,,,,,,,,,,,,,,,,,,,,,,,,,,,,,,,,43.26,109.21
2018-01-28,,,,,,,,,,,,,,,,,,,,,,,,,,,,,,,,,,,,32.48,105.65
2018-01-29,89.308,1121.99,1.2383,6.3381,0.8094,3.1553,603.75,1.234,7.7111,11.9416,2.6936,2.4903,2.1163,0.6,0.425,2.0945,2.0111,2.219,2.32,3.95,3.12,0.86,13.84,55.9778,22.73,13.25,2853.53,2234.22,1267.98,4302.02,3523.001,13659.59,38.17,1214,679,76.44,85.23
2018-01-30,89.16,1121.62,1.2402,6.3281,0.8083,3.1814,607.36,1.2336,7.7214,11.9643,2.7199,2.5054,2.1243,0.621,0.449,2.1001,2.0015,2.2,2.299,3.936,3.17,0.86,14.79,57.2766,22.9,13.86,2822.43,2214.11,1247.63,4256.1,3488.009,13389.38,37.4,1191,670,95.89,68.45
2018-01-31,89.133,1119.67,1.2414,6.2985,0.8055,3.1869,601.2,1.2315,7.7088,11.8514,2.705,2.5139,2.1406,0.594,0.461,2.1121,2.0051,2.21,2.3275,3.922,3.19,0.86,13.54,57.1957,22.23,12.97,2823.81,2213.24,1254.59,4275.9,3480.833,13561.65,37.425,1152,664,102.41,71.84
2018-02-01,88.671,1114.61,1.251,6.2913,0.8039,3.1704,596.85,1.2268,7.6428,11.8579,2.7896,2.5712,2.1609,0.669,0.495,2.1219,2.0245,2.22,2.336,3.915,3.19,0.85,13.47,57.8349,22.24,12.32,2821.98,2212.53,1248.65,4245.9,3446.98,13434.14,37.81,1114,661,52.32,49.78
2018-02-02,89.195,1124.15,1.2463,6.3131,0.7931,3.2196,603,1.2429,7.7329,12.0876,2.8411,2.5883,2.1413,0.704,0.493,2.1383,2.0388,2.243,2.35,3.919,3.24,0.85,17.31,60.3309,23.8,13.11,2762.13,2171.54,1230.84,4271.23,3462.081,13538.66,36.23,1095,658,30.99,61.2
2018-02-03,,,,,,,,,,,,,,,,,,,,,,,,,,,,,,,,,,,,72.01,44
2018-02-04,,,,,,,,,,,,,,,,,,,,,,,,,,,,,,,,,,,,53.43,145.1
2018-02-05,89.554,1127.99,1.2367,6.3118,0.7878,3.2532,601.19,1.2539,7.837,12.129,2.7056,2.4369,2.0241,0.612,0.4,2.0942,1.9794,2.193,2.3395,3.924,3.36,0.86,37.32,60.4092,25.91,14.35,2648.94,2103.64,1209.34,4274.15,3487.497,13479.83,34.71,1082,654,84.58,145.79
2018-02-06,89.585,1127.8,1.2377,6.2819,0.7906,3.2348,599.58,1.2492,7.8157,11.9192,2.8016,2.5396,2.1051,0.694,0.483,2.1081,2.0059,2.191,2.314,3.896,3.45,0.88,29.98,66.0719,26.59,13.8,2695.14,2098.85,1176.18,4148.89,3370.652,12686.6,34.985,1095,648,56.74,92.59
2018-02-07,90.255,1134.6,1.2264,6.3198,0.7823,3.2713,595,1.2568,7.9065,12.0701,2.8359,2.5565,2.1235,0.716,0.49,2.1201,2.0153,2.2055,2.33,3.891,3.34,0.87,27.73,62.001,26.79,13.62,2681.66,2101.07,1173.38,4050.5,3309.26,12433.29,34.4,1097,648,76.44,58.29
2018-02-08,90.229,1135.21,1.2247,6.3646,0.7781,3.2852,602.78,1.2603,7.9276,12.1683,2.824,2.538,2.1034,0.739,0.514,2.0858,1.9687,2.19,2.319,3.898,3.46,0.88,33.46,67.848,29.5,14.85,2581,2045.01,1163.09,4012.05,3262.05,12380.38,33.36,1106,643,93.48,89.29
2018-02-09,90.442,1134.01,1.2252,6.3115,0.7813,3.3021,603.83,1.2581,7.9622,11.9934,2.8512,2.5433,2.0732,0.785,0.536,2.0668,1.949,2.1305,2.284,3.896,3.69,0.92,29.06,71.7787,29.85,14.93,2619.55,2050.9,1142.85,3840.65,3129.851,11901.67,33.335,1125,642,72.1,82.68
2018-02-10,,,,,,,,,,,,,,,,,,,,,,,,,,,,,,,,,,,,36.4,138.06
2018-02-11,,,,,,,,,,,,,,,,,,,,,,,,,,,,,,,,,,,,44.66,145.19
2018-02-12,90.208,1131.23,1.2292,6.3237,0.7862,,599.28,1.2577,7.9149,11.9352,2.8585,2.5587,2.0753,0.788,0.55,2.071,1.9567,2.167,2.285,3.892,3.57,0.92,25.61,69.8563,29.42,14.37,2656,2075.91,1153.37,3890.1,3154.125,11900.31,33.88,1123,640,124.5,80.89
2018-02-13,89.703,1127.12,1.2352,6.3338,0.7859,,597.35,1.2592,7.8809,11.965,2.8294,2.5418,2.104,0.775,0.542,2.0556,1.9505,2.1475,2.268,3.892,3.64,0.95,24.97,68.9688,30.39,14.07,2662.94,2080.68,1164.49,3935.63,3184.959,12004.51,33.74,1114,637,73.42,104.55
2018-02-14,89.121,1118.44,1.2451,6.3126,0.7926,3.2247,594.95,1.2493,7.7999,11.7164,2.9022,2.6319,2.1636,0.793,0.551,2.1096,2.036,2.194,2.3,3.891,3.56,0.94,19.26,69.5242,27.73,14.97,2698.63,2105.86,1185.33,3966.96,3199.159,12260.99,34.23,1095,642,37.5,107.01
2018-02-15,88.593,1113.35,1.2506,6.2823,0.7945,3.2313,593.34,1.2481,7.766,11.6208,2.9095,2.6508,2.1844,0.797,0.557,2.1135,2.0455,2.2238,2.314,,3.46,0.93,19.13,66.6769,27.57,15.03,2731.2,2130.94,1202.62,,,12535.51,34.145,1089,649,69.7,88.63
2018-02-16,89.1,1118.81,1.2406,6.2987,0.7905,3.2304,593.27,1.2558,7.781,11.596,2.8749,2.6291,2.1895,0.777,0.528,2.0991,2.0499,2.228,2.302,,3.41,0.93,19.46,63.0303,26.97,13.96,2732.22,2137.91,1199.73,,,,34.06,1084,649,53.12,80.52
2018-02-17,,,,,,,,,,,,,,,,,,,,,,,,,,,,,,,,,,,,50.92,63.93
2018-02-18,,,,,,,,,,,,,,,,,,,,,,,,,,,,,,,,,,,,64.83,103.24
2018-02-19,89.1,1119.65,1.2407,6.3054,0.7913,3.2334,594.85,1.2561,7.7797,11.6702,2.8749,2.6291,2.1895,0.777,0.528,2.0991,2.0499,2.228,2.305,,,,,63.0303,,,,2135.94,1201.04,,,,,1087,645,91.54,53.44
2018-02-20,89.716,1126.07,1.2337,6.3405,0.7883,3.2533,595.21,1.2648,7.8409,11.7289,2.8896,2.6446,2.2187,0.781,0.536,2.1094,2.0554,2.2205,2.298,,3.37,0.93,20.6,60.2601,27.58,14.08,2716.26,2126.22,1194.53,,,12396.87,33.875,1117,641,91.38,80.15
2018-02-21,90,1130.71,1.2284,6.3376,0.7804,3.2662,594.9,1.2703,7.8679,11.6631,2.95,2.6858,2.2661,0.824,0.564,2.1268,2.07,2.238,2.324,,3.34,0.93,20.02,61.1605,26.93,13.83,2701.33,2118.36,1209.67,,,12686.88,33.305,1146,640,72.12,95.81
2018-02-22,89.736,1126.42,1.233,6.3343,0.7846,3.2522,594.34,1.2705,7.8534,11.6632,2.9207,2.6552,2.246,0.802,0.531,2.12,2.0676,2.232,2.318,3.891,3.41,0.93,18.72,61.1423,24.98,13.47,2703.96,2117.17,1200.9,4052.73,3268.559,12528.64,33.67,1167,645,53.79,50.25
2018-02-23,89.883,1126.34,1.2295,6.3262,0.7843,3.2387,591.44,1.2633,7.8518,11.5592,2.866,2.6183,2.238,0.741,0.476,2.1264,2.0909,2.246,2.3125,3.897,3.44,0.95,16.49,64.6014,24.37,11.97,2747.3,2140.91,1216.43,4071.09,3289.024,12735.06,34.4,1185,646,74.93,55.72
2018-02-24,,,,,,,,,,,,,,,,,,,,,,,,,,,,,,,,,,,,48.8,42.18
2018-02-25,,,,,,,,,,,,,,,,,,,,,,,,,,,,,,,,,,,,37.22,126.87
2018-02-26,89.853,1126.46,1.2317,6.2946,0.7855,3.2249,587.19,1.2681,7.8235,11.5542,2.8623,2.6099,2.2219,0.727,0.449,2.1359,2.108,2.27,2.33,3.871,3.38,0.94,15.8,63.7167,24.36,11.89,2779.6,2159.67,1221.08,4118.42,3329.574,12834.06,34.605,1191,652,90.38,68.6
2018-02-27,90.355,1133.25,1.2233,6.3264,0.7789,3.2504,591,1.2776,7.8682,11.7187,2.8934,2.6603,2.26,0.762,0.503,2.1342,2.1057,2.264,2.3275,3.855,3.34,0.95,18.59,63.9312,25.29,11.76,2744.28,2140.57,1212.33,4058.98,3292.068,12646.54,34.155,1188,658,65.6,52.64
2018-02-28,90.613,1135.52,1.2194,6.3311,0.7762,3.2477,594.28,1.2831,7.9011,11.7957,2.8606,2.6401,2.25,0.743,0.503,2.1191,2.0867,2.248,2.3175,3.845,3.36,0.96,19.85,62.9735,26.92,11.74,2713.83,2117.99,1195.19,4023.64,3259.408,12382.08,33.37,1192,658,70.13,46.68
2018-03-01,90.324,1132.56,1.2267,6.3475,0.7756,3.2515,595.21,1.2837,7.8466,11.8917,2.8078,2.5797,2.2117,0.701,0.444,2.1073,2.0821,2.217,2.307,3.854,3.43,0.99,22.47,63.6636,26.98,12.07,2677.67,2089.98,1192.25,4049.09,3273.755,12428.88,33.32,1196,662,93.71,69.3
2018-03-02,89.935,1129.23,1.2317,6.3407,0.776,3.2534,599.15,1.2882,7.7901,11.9236,2.8643,2.6283,2.2418,0.73,0.455,2.1354,2.1156,2.259,2.33,3.861,3.48,1,19.59,65.3027,26.15,11.97,2691.25,2089.84,1182.06,4016.46,3254.528,12203.91,33.475,1207,669,151.31,39.63
2018-03-03,,,,,,,,,,,,,,,,,,,,,,,,,,,,,,,,,,,,47.11,34.62
2018-03-04,,,,,,,,,,,,,,,,,,,,,,,,,,,,,,,,,,,,55.79,98.68
2018-03-05,90.08,1130.41,1.2336,6.3349,0.7765,3.2431,598.55,1.2964,7.8196,11.8315,2.8808,2.6451,2.2378,0.743,0.456,2.1385,2.125,2.269,2.336,3.86,3.42,0.99,18.73,64.7081,26.3,11.89,2720.94,2106.58,1176.12,4018.1,3256.926,11991.79,33.83,1210,664,108.15,148.37
2018-03-06,89.618,1125.81,1.2404,6.3105,0.7829,3.211,599.46,1.2876,7.7784,11.7732,2.8863,2.6536,2.2499,0.759,0.463,2.1285,2.1276,2.2647,2.33,3.859,3.38,0.99,18.36,63.5009,25.55,12.33,2728.12,2117.77,1193.93,4066.56,3289.642,12311.54,33.85,1212,654,88.45,133.87
2018-03-07,89.637,1125.31,1.2411,6.3199,0.7825,3.2437,602.69,1.2912,7.8042,11.8356,2.8827,2.6485,2.2519,0.752,0.443,2.1319,2.1472,2.2755,2.331,3.847,3.4,1,17.76,63.3467,26.94,12.37,2726.8,2115.98,1189.2,4036.65,3271.668,12180.29,33.595,1191,648,134.18,87.33
2018-03-08,90.179,1129.94,1.2312,6.3434,0.7789,3.2649,606.18,1.2896,7.841,11.9091,2.8571,2.63,2.2498,0.739,0.459,2.1188,2.1136,2.2571,2.321,3.852,3.39,1,16.54,61.5841,26.16,11.57,2738.97,2125.28,1195.24,4077.6,3288.406,12334.83,33.585,1197,651,106.1,57
2018-03-09,90.093,1129.31,1.2307,6.3306,0.7844,3.2559,602.71,1.2812,7.7787,11.8149,2.8938,2.6502,2.258,0.769,0.483,2.1256,2.1103,2.2465,2.327,3.851,3.36,1.01,14.64,58.9669,26.23,10.94,2786.57,2149.32,1207.23,4108.87,3307.166,12431.2,34.225,1201,653,101.21,132.57
2018-03-10,,,,,,,,,,,,,,,,,,,,,,,,,,,,,,,,,,,,106.65,67.61
2018-03-11,,,,,,,,,,,,,,,,,,,,,,,,,,,,,,,,,,,,72.64,170.78
2018-03-12,89.895,1126.26,1.2334,6.3247,0.7873,3.262,603.85,1.2842,7.7449,11.8222,2.8681,2.635,2.262,0.763,0.492,2.1057,2.0875,2.231,2.313,3.849,3.37,1.02,15.78,58.2927,24.02,11.01,2783.02,2154.26,1222.2,4127.67,3326.699,12697.31,34.215,1192,648,135.9,107.4
2018-03-13,89.664,1126.55,1.239,6.3267,0.786,3.2609,602.63,1.2966,7.7362,11.8168,2.8426,2.6181,2.2539,0.75,0.479,2.0939,2.0861,2.2255,2.308,3.862,3.39,1.03,16.35,55.0737,25.5,10.7,2765.31,2144.6,1223.83,4091.25,3310.239,12746.78,33.97,1179,642,119.59,54.85
2018-03-14,89.704,1125.56,1.2368,6.3071,0.7877,3.2607,601.17,1.2955,7.7303,11.7757,2.817,2.6097,2.258,0.734,0.463,2.0842,2.0938,2.2245,2.297,3.859,3.43,1.05,17.23,57.8488,25.21,10.41,2749.48,2134.51,1218.7,4073.35,3291.382,12684.52,33.77,1169,641,95,79.61
2018-03-15,90.139,1130.79,1.2305,6.3295,0.7798,3.2852,605.63,1.3052,7.7139,11.8986,2.828,2.6249,2.2846,0.738,0.481,2.0909,2.0907,2.232,2.304,3.853,3.41,1.06,16.59,57.705,25.07,10.4,2747.33,2133.35,1216.24,4096.16,3291.112,12719.84,33.595,1150,639,189.41,43.98
2018-03-16,90.233,1131.94,1.229,6.3264,0.7713,3.2808,608.26,1.3096,7.7152,11.9755,2.8445,2.6418,2.2909,0.761,0.509,2.0846,2.0833,2.236,2.3025,3.845,3.39,1.04,15.8,59.0088,24.53,9.88,2752.01,2134.05,1213.14,4056.42,3269.882,12673.07,33.655,1143,635,173.33,110.96
2018-03-17,,,,,,,,,,,,,,,,,,,,,,,,,,,,,,,,,,,,86.77,132.51
2018-03-18,,,,,,,,,,,,,,,,,,,,,,,,,,,,,,,,,,,,61.63,83.03
2018-03-19,89.765,1129.68,1.2335,6.3192,0.7718,3.2873,609.28,1.3078,7.7232,12.0176,2.8555,2.6553,2.3075,0.778,0.535,2.0787,2.0704,2.2315,2.3025,3.835,3.42,1.05,19.02,59.9821,25.28,10.99,2712.92,2110.4,1203.59,4074.25,3279.252,12660.46,33.135,1136,636,95.19,74.64
2018-03-20,90.371,1134.34,1.2242,6.3335,0.7683,3.3116,610.63,1.3071,7.7467,11.9638,2.8959,2.6962,2.3448,0.807,0.565,2.0901,2.0812,2.232,2.312,3.823,3.4,1.05,18.2,57.8936,25.3,11.01,2716.94,2110.91,1209.89,4077.7,3290.64,12597.42,33.415,1122,645,134.78,79.32
2018-03-21,89.783,1123.68,1.2338,6.3044,0.7765,3.2729,605.78,1.2903,7.6972,11.8326,2.883,2.6741,2.3055,0.777,0.522,2.1074,2.0989,2.2456,2.324,3.817,3.38,1.06,17.86,55.7212,25.95,10.91,2711.93,2109.18,1209.62,4061.05,3280.952,12521.55,34.29,1117,649,171.26,55.83
2018-03-22,89.857,1126.2,1.2302,6.3395,0.7693,3.3152,607.71,1.2939,7.7502,11.8518,2.8244,2.6231,2.2786,0.743,0.496,2.0827,2.0785,2.2365,2.3125,3.783,3.48,1.09,23.34,55.9292,26.47,11.24,2643.69,2072.94,1196.73,4020.35,3263.48,12427.55,33.59,1117,652,162.07,57.36
2018-03-23,89.436,1122.38,1.2353,6.3132,0.7699,3.3126,607.77,1.2895,7.7577,11.7473,2.8135,2.5993,2.2538,0.74,0.476,2.0745,2.0751,2.2286,2.3125,3.754,3.53,1.1,24.87,56.1683,27.56,13.46,2588.26,2036.55,1172.1,3904.94,3152.761,12128.27,33.385,1122,656,84.12,66.64
2018-03-24,,,,,,,,,,,,,,,,,,,,,,,,,,,,,,,,,,,,148.64,53.2
2018-03-25,,,,,,,,,,,,,,,,,,,,,,,,,,,,,,,,,,,,54.6,61.37
2018-03-26,89.027,1117.8,1.2444,6.254,0.7748,3.3143,605.07,1.2843,7.6823,11.6337,2.852,2.6401,2.2704,0.77,0.509,2.0831,2.084,2.2335,2.305,3.74,3.52,1.1,21.03,54.5493,27.71,12.95,2658.55,2069.13,1182.28,3879.89,3133.722,12197.7,33.985,1126,658,81.38,89.77
2018-03-27,89.372,1121.44,1.2403,6.2682,0.7679,3.3257,604.41,1.2886,7.7182,11.6697,2.7753,2.567,2.2641,0.71,0.457,2.0662,2.0634,2.2236,2.286,3.735,3.53,1.1,22.5,56.2705,27.38,12.22,2612.62,2055.55,1185.18,3913.27,3166.649,12301.55,33.665,1117,662,90.82,22.48
2018-03-28,90.058,1128.06,1.2308,6.2857,0.7662,3.3216,604.28,1.2923,7.8638,11.7771,2.7807,2.5956,2.2842,0.724,0.496,2.0578,2.0488,2.1865,2.274,3.752,3.53,1.1,22.87,58.3472,26.67,11.74,2605,2047.75,1162.67,3842.72,3122.29,12001.16,33.01,1080,662,91.53,26.48
2018-03-29,90.151,1125.59,1.23,6.2716,0.7678,3.3063,604.73,1.2884,7.8416,11.8388,2.7389,2.562,2.2661,0.684,0.471,2.0559,2.0413,2.193,2.267,3.766,3.54,1.09,19.97,58.5414,25.07,11.06,2640.87,2065.53,1169.27,3894.05,3160.531,11998.34,33.705,1055,661,176.91,16.75
2018-03-30,89.974,1124.77,1.2324,6.2635,0.7679,,603.9,1.29,7.8413,11.8408,2.7389,2.562,2.2661,0.684,0.471,2.0559,2.0413,2.1921,2.273,3.751,3.54,1.09,,58.5414,,,,2066.84,1170.88,3898.5,3168.896,,,,,48.48,44.07
2018-03-31,,,,,,,,,,,,,,,,,,,,,,,,,,,,,,,,,,,,119.91,67.64
2018-04-01,,,,,,,,,,,,,,,,,,,,,,,,,,,,,,,,,,,,44.87,111.65
2018-04-02,90.052,1125.43,1.2302,6.2692,0.7663,3.3112,605.35,1.2913,7.8886,11.8486,2.7298,2.5469,2.2459,0.674,0.469,2.0564,2.0259,2.174,2.27,3.746,3.6,1.1,23.62,58.6648,27.53,12.86,2581.88,2038.54,1169.43,3886.92,3163.179,,33.03,,,139.22,167.71
2018-04-03,90.2,1126.36,1.227,6.2734,0.7685,3.3407,603.51,1.2807,7.838,11.8213,2.7753,2.5957,2.2782,0.689,0.485,2.0868,2.0566,2.207,2.292,3.753,3.56,1.09,21.1,56.0226,26.89,11.8,2614.45,2048.8,1170.15,3862.48,3136.633,12136.67,33.735,1016,651,105.72,88.73
2018-04-04,90.142,1124.61,1.2278,6.2867,0.7716,3.3298,603.49,1.277,7.8245,11.8827,2.8027,2.6193,2.2924,0.713,0.506,2.0903,2.0629,2.215,2.303,3.738,3.55,1.09,20.06,55.3496,26.17,12,2644.69,2061.31,1155.64,3854.86,3131.111,11857.41,33.69,977,648,70.67,52.9
2018-04-05,90.46,1129.16,1.224,6.2921,0.7684,3.3452,603.43,1.275,7.8312,11.9788,2.832,2.638,2.3026,0.745,0.528,2.0876,2.0547,2.222,2.3125,,3.45,1.07,18.94,53.722,24.38,11.55,2662.84,2080.69,1166.48,,,,34.295,953,646,69.1,109.08
2018-04-06,90.108,1126.7,1.2281,6.3122,0.7684,3.3682,605.05,1.2782,7.8307,12.0329,2.7735,2.5858,2.2661,0.696,0.494,2.078,2.0383,2.201,2.296,,3.54,1.09,21.49,56.0682,24.99,11.95,2604.47,2052.78,1161.97,,,11967.66,33.675,948,643,100.5,70.62
2018-04-07,,,,,,,,,,,,,,,,,,,,,,,,,,,,,,,,,,,,101.63,106.96
2018-04-08,,,,,,,,,,,,,,,,,,,,,,,,,,,,,,,,,,,,84.4,151.12
2018-04-09,89.838,1124.34,1.2321,6.3038,0.7697,3.422,603.8,1.2697,7.7856,12.0967,2.779,2.5976,2.2783,0.699,0.507,2.0809,2.037,2.2086,2.299,3.71,3.5,1.08,21.77,52.5082,25.64,12.39,2613.16,2061.19,1163.07,3852.93,3138.294,12073,33.835,952,637,102.21,275.14
2018-04-10,89.587,1121.51,1.2356,6.277,0.7761,3.4089,601.04,1.2602,7.7951,12.0364,2.8009,2.6247,2.3069,0.712,0.522,2.0902,2.0502,2.2183,2.308,3.727,3.41,1.07,20.47,51.4331,28.05,12.78,2656.87,2090.11,1175.32,3927.17,3190.322,12324.02,34.955,974,631,213.29,56.17
2018-04-11,89.568,1120.56,1.2367,6.2737,0.7755,3.3747,597.91,1.2581,7.7747,11.9421,2.7808,2.6129,2.307,0.664,0.478,2.1182,2.0837,2.2435,2.336,3.73,3.4,1.07,20.24,50.4997,29.42,14.36,2642.19,2082.57,1175.53,3938.34,3208.082,12324.68,35.32,979,628,102.49,79.88
2018-04-12,89.751,1122.03,1.2327,6.2778,0.7754,3.413,596.81,1.2587,7.7716,12.061,2.8358,2.6707,2.348,0.697,0.52,2.1397,2.1025,2.26,2.355,3.717,3.32,1.06,18.49,51.4875,28.73,12.88,2663.99,2090.9,1176.88,3898.64,3180.158,12288.86,35.315,993,639,296.52,190.11
2018-04-13,89.8,1121.14,1.2331,6.2723,0.7764,3.4229,594.48,1.2608,7.7756,12.073,2.8267,2.6726,2.3566,0.685,0.524,2.1425,2.1002,2.278,2.3525,3.719,3.26,1.06,17.41,51.1426,28.52,13.36,2656.3,2088.98,1170.09,3871.14,3159.052,12261.23,35.705,1014,640,117.61,141.34
2018-04-14,,,,,,,,,,,,,,,,,,,,,,,,,,,,,,,,,,,,95.67,71.29
2018-04-15,,,,,,,,,,,,,,,,,,,,,,,,,,,,,,,,,,,,96.12,84.7
2018-04-16,89.425,1118.01,1.238,6.2665,0.7781,3.4195,596.45,1.2567,7.7755,12.0525,2.8267,2.6795,2.3773,0.695,0.549,2.1329,2.0859,2.257,2.347,3.68,3.23,1.05,16.56,49.741,28.84,13.43,2677.84,2099.82,1163.25,3808.86,3110.649,12008.13,36.07,1025,638,194.29,65.26
2018-04-17,89.516,1118.66,1.237,6.282,0.7766,3.408,596.38,1.2551,7.7615,11.9864,2.8285,2.6881,2.394,0.69,0.545,2.1393,2.0984,2.265,2.3525,3.661,3.19,1.05,15.25,48.3408,27.88,13.07,2706.39,2116.43,1164.36,3748.64,3066.797,11900.48,36.21,1052,636,178.37,65.55
2018-04-18,89.623,1120.66,1.2374,6.271,0.7784,3.3804,594.59,1.263,7.7621,11.9317,2.8728,2.7309,2.4293,0.711,0.562,2.1629,2.1246,2.29,2.354,3.499,3.14,1.05,15.6,50.0027,29.42,13.46,2708.64,2123.77,1176.14,3766.28,3091.399,11986.07,36.78,1124,635,234.36,71.44
2018-04-19,89.94,1125.92,1.2345,6.2773,0.773,3.3844,595.53,1.2672,7.7918,11.9604,2.9098,2.7549,2.4275,0.729,0.579,2.1818,2.1298,2.2848,2.357,3.521,3.23,1.06,15.96,51.0989,29.36,12.88,2693.13,2115.93,1184.13,3811.84,3117.376,12239.84,36.825,1201,637,214.14,46.61
2018-04-20,90.316,1131.42,1.2288,6.2795,0.7672,3.413,596.01,1.2761,7.8234,12.1075,2.9602,2.7999,2.4573,0.779,0.69,2.1821,2.1111,2.272,2.355,3.548,3.21,1.06,16.88,52.7054,28.99,12.14,2670.14,2099.74,1168.24,3760.85,3071.542,12054.23,36.65,1281,637,71.07,47.54
2018-04-21,,,,,,,,,,,,,,,,,,,,,,,,,,,,,,,,,,,,48.05,19.59
2018-04-22,,,,,,,,,,,,,,,,,,,,,,,,,,,,,,,,,,,,29.31,70.06
2018-04-23,90.946,1140.75,1.2209,6.3075,0.7605,3.4526,602.79,1.2849,7.8873,12.35,2.9752,2.8207,2.4764,0.788,0.703,2.1885,2.1187,2.278,2.375,3.602,3.23,1.07,16.34,52.79,28.97,12.13,2670.29,2097.22,1158.26,3766.33,3068.012,12000.16,36.875,1306,639,88.52,66.91
2018-04-24,90.766,1138.61,1.2233,6.2967,0.7604,3.4734,598.67,1.2833,7.9026,12.3262,2.9995,2.826,2.4746,0.834,0.732,2.1665,2.095,2.2596,2.358,3.579,3.3,1.06,18.02,52.9989,29.15,12.24,2634.56,2081.52,1154.21,3843.49,3128.927,12244.88,36.48,1330,637,150.57,35.09
2018-04-25,91.172,1143.17,1.2161,6.3223,0.7565,3.4852,604.16,1.2844,7.9729,12.4399,3.0259,2.8366,2.4878,0.849,0.733,2.1778,2.1039,2.263,2.369,3.62,3.36,1.07,17.84,55.2013,28.16,11.97,2639.4,2076.74,1140.27,3828.7,3117.974,12094.32,36.77,1376,639,193.13,108.69
2018-04-26,91.561,1145.58,1.2103,6.3268,0.7554,3.4756,602.98,1.287,7.9941,12.3981,2.9809,2.8124,2.4817,0.806,0.709,2.1762,2.1047,2.2633,2.3625,3.642,3.33,1.08,16.24,53.1378,26.86,11.49,2666.94,2092.44,1144.34,3755.49,3075.03,11949.38,37.305,1375,648,146.27,68.42
2018-04-27,91.542,1143.15,1.213,6.3185,0.7581,3.4574,607.84,1.2828,7.9619,12.3294,2.9568,2.8006,2.4838,0.785,0.705,2.1722,2.0961,2.255,2.35,3.648,3.33,1.08,15.41,51.2666,25.59,10.99,2669.91,2096.05,1156.3,3756.88,3082.232,12066.58,36.91,1361,655,91.8,25.82
2018-04-28,,,,,,,,,,,,,,,,,,,,,,,,,,,,,,,,,,,,93.78,57.83
2018-04-29,,,,,,,,,,,,,,,,,,,,,,,,,,,,,,,,,,,,52.58,65
2018-04-30,91.841,1146.73,1.2078,6.3157,0.753,3.5072,613.66,1.2843,8.0156,12.4608,2.9531,2.7972,2.4879,0.779,0.688,2.1753,2.1096,2.2738,2.361,,3.38,1.08,15.93,50.3548,28.28,11.15,2648.05,2086.51,1164.43,,,12331.39,36.905,1341,656,134.54,86.67
2018-05-01,92.449,1154.15,1.1993,6.3382,0.749,,613.25,1.2849,8.0898,12.6528,2.9644,2.8124,2.5042,0.805,0.726,2.1601,2.0877,2.2561,2.3575,,3.39,1.1,15.49,51.7834,28.07,11.88,2654.8,2083.77,1162.48,,,,36.68,1327,655,155.35,101.87
2018-05-02,92.512,1157.61,1.1951,6.3747,0.7493,3.5504,619.05,1.2884,8.1219,12.7067,2.9663,2.7955,2.4882,0.795,0.693,2.1721,2.1039,2.266,2.362,3.686,3.39,1.1,15.97,49.0506,27.32,11.64,2635.67,2076.69,1151.44,3763.65,3081.177,12193.59,36.83,1346,647,186.62,95.92
2018-05-03,92.414,1154.05,1.1988,6.3442,0.7532,3.5272,619.65,1.2847,8.0472,12.5863,2.9458,2.7803,2.4762,0.781,0.682,2.1656,2.0991,2.256,2.355,3.653,3.44,1.11,15.9,49.4334,26.69,11.46,2629.73,2071.37,1137.85,3793,3100.859,12018.86,36.745,1376,648,125.34,57.16
2018-05-04,92.566,1156.45,1.196,6.3564,0.7539,3.5293,621.71,1.2846,8.0621,12.4991,2.9497,2.7837,2.4969,0.788,0.677,2.1624,2.1072,2.272,2.3475,3.638,3.43,1.12,14.77,48.4818,26.17,10.99,2663.42,2089.44,1136.17,3774.6,3091.033,11890.62,36.925,1384,650,139.02,38.51
2018-05-05,,,,,,,,,,,,,,,,,,,,,,,,,,,,,,,,,,,,64.47,175.19
2018-05-06,,,,,,,,,,,,,,,,,,,,,,,,,,,,,,,,,,,,22.95,122.37
2018-05-07,92.749,1159.25,1.1922,6.3598,0.7517,3.551,629.46,1.2881,8.0708,12.5421,2.9497,2.7871,2.497,0.78,0.669,2.1705,2.1187,2.289,2.357,3.664,3.41,1.12,14.75,48.0187,28.86,11.32,2672.63,2096.86,1139.55,3834.19,3136.645,11966.41,36.975,,,79.7,96.74
2018-05-08,93.12,1163.14,1.1864,6.3662,0.7455,3.5617,634.76,1.295,8.1413,12.57,2.976,2.8143,2.5094,0.81,0.697,2.1673,2.1166,2.2711,2.365,3.7,3.39,1.12,14.71,48.8187,26.76,11.5,2671.92,2095.07,1142.66,3878.68,3161.498,12144.79,37.265,1432,655,125.37,100.02
2018-05-09,93.04,1163.85,1.1851,6.3646,0.7463,3.5924,633.27,1.2854,8.0771,12.5573,3.0042,2.8398,2.53,0.818,0.699,2.1873,2.1414,2.3118,2.385,3.71,3.37,1.11,13.42,49.3744,26.71,11.39,2697.79,2109.84,1143.76,3871.62,3159.15,12185.44,38.025,1465,656,284.19,62.2
2018-05-10,92.65,1156.47,1.1915,6.3298,0.7532,3.5499,624.29,1.2767,8.0036,12.301,2.9622,2.8296,2.5302,0.796,0.692,2.1775,2.1384,2.3073,2.385,3.701,3.36,1.11,13.23,47.8065,26.61,11.42,2723.07,2123.53,1156.55,3893.06,3174.413,12233.96,38.31,1453,656,233.39,74.02
2018-05-11,92.537,1156.71,1.1943,6.3334,0.7543,3.6003,619.78,1.2795,8.0028,12.2576,2.9695,2.8382,2.5349,0.814,0.7,2.1689,2.1388,2.309,2.374,3.696,3.33,1.09,12.65,47.0574,25.74,11.04,2727.72,2131.96,1164.49,3872.84,3163.263,12345.3,38.365,1472,657,163.63,78.27
2018-05-12,,,,,,,,,,,,,,,,,,,,,,,,,,,,,,,,,,,,99.88,115.07
2018-05-13,,,,,,,,,,,,,,,,,,,,,,,,,,,,,,,,,,,,98.32,71.37
2018-05-14,92.587,1159.24,1.1927,6.3369,0.7526,3.6237,624.83,1.2813,8.0337,12.33,3.0024,2.8621,2.5475,0.85,0.723,2.1662,2.14,2.3055,2.371,3.71,3.32,1.08,12.93,48.3398,25.93,11.15,2730.13,2136.09,1168.9,3909.29,3174.032,12544.55,38.63,1476,656,125.73,127.21
2018-05-15,93.219,1166.2,1.1838,6.3669,0.7472,3.6549,632.05,1.2877,8.123,12.575,3.0723,2.9186,2.5745,0.896,0.751,2.1907,2.1687,2.33,2.3875,3.717,3.32,1.09,14.63,52.6574,26.61,11.91,2711.45,2119.98,1150.27,3924.1,3192.118,12440.75,38.64,1468,667,112.64,42.73
2018-05-16,93.392,1165.77,1.1808,6.3506,0.7516,3.6761,630.23,1.279,8.0789,12.436,3.0964,2.9392,2.5851,0.913,0.767,2.199,2.173,2.3297,2.401,3.717,3.31,1.08,13.42,55.1322,25.73,11.77,2722.46,2122.97,1155.1,3892.84,3169.565,12440.12,38.775,1403,681,150.57,50.06
2018-05-17,93.469,1167.61,1.1795,6.3577,0.7511,3.6968,632.32,1.2808,8.1203,12.607,3.1112,2.9359,2.5647,0.937,0.774,2.1894,2.1631,2.328,2.395,3.72,3.32,1.09,13.43,54.1936,25.11,11.64,2720.13,2125.56,1144.07,3864.05,3154.282,12278.43,39.36,1305,692,152.69,74.49
2018-05-18,93.637,1170.73,1.1772,6.3648,0.7511,3.7377,636.76,1.2885,8.1207,12.7643,3.0559,2.8881,2.5467,0.899,0.743,2.1699,2.1461,2.316,2.374,3.718,3.37,1.09,13.42,53.2606,25.23,11.11,2712.97,2120.8,1137.75,3903.06,3193.303,12355.13,39.055,1273,714,92.46,129.32
2018-05-19,,,,,,,,,,,,,,,,,,,,,,,,,,,,,,,,,,,,55.54,118.29
2018-05-20,,,,,,,,,,,,,,,,,,,,,,,,,,,,,,,,,,,,35.24,57.04
2018-05-21,93.677,1169.1,1.1791,6.358,0.7582,3.6778,,1.2789,8.0499,12.6747,3.0596,2.895,2.5656,0.898,0.74,2.1726,2.1554,2.324,2.379,3.7,3.36,1.09,13.08,53.0812,25.79,11.62,2733.01,2130.72,1136.49,3921.24,3213.84,12349.61,39.455,1239,729,125.67,87.84
2018-05-22,93.609,1168.19,1.1779,6.3516,0.7576,3.6481,624.86,1.2819,8.0607,12.5717,3.0597,2.8968,2.568,0.903,0.747,2.1701,2.1506,2.33,2.377,3.681,3.36,1.08,13.22,52.5716,25.89,10.9,2724.44,2128.78,1142.05,3906.21,3214.35,,38.93,1199,748,81.85,92.17
2018-05-23,94.003,1169.31,1.1697,6.378,0.756,3.6284,624.14,1.2833,8.0967,12.4548,2.9935,2.8249,2.5282,0.855,0.692,2.1489,2.1333,2.3108,2.358,3.666,3.44,1.09,12.58,53.2687,26.04,11.18,2733.29,2122.9,1133.1,3854.58,3168.964,12090.79,38.925,1162,761,179.17,171.23
2018-05-24,93.775,1167.93,1.172,6.3764,0.7576,3.6469,625.88,1.2882,8.0993,12.4226,2.977,2.8141,2.5081,0.855,0.7,2.1319,2.1131,2.296,2.345,3.667,3.45,1.09,12.53,52.1608,25.37,10.99,2727.76,2117.73,1135.06,3827.22,3154.651,12152.62,38.285,1109,776,153.59,48.9
2018-05-25,94.253,1171.06,1.1651,6.3886,0.7548,3.6534,623.66,1.2973,8.1736,12.5018,2.9313,2.7652,2.4758,0.836,0.701,2.1055,2.0651,2.265,2.333,3.636,3.51,1.11,13.22,54.095,27.76,10.31,2721.33,2110.8,1136.62,3816.5,3141.303,12047.75,37.29,1077,781,140.56,102.1
2018-05-26,,,,,,,,,,,,,,,,,,,,,,,,,,,,,,,,,,,,108.21,45.88
2018-05-27,,,,,,,,,,,,,,,,,,,,,,,,,,,,,,,,,,,,84.35,75.5
2018-05-28,94.418,1172.43,1.1625,6.397,0.7546,3.7348,624.59,1.2993,8.1961,12.4652,2.9313,2.7652,2.4758,0.836,0.701,2.1055,2.0643,2.258,2.327,3.635,,,,54.095,,,,2107.14,1137,3833.26,3135.082,12115.17,,,,102.57,49.45
2018-05-29,94.82,1176.92,1.154,6.4239,0.7505,3.7256,629.91,1.3018,8.2843,12.695,2.781,2.5841,2.3191,0.74,0.6,2.0513,1.9875,2.22,2.277,3.63,3.72,1.14,17.02,62.9975,29.04,12.33,2689.86,2083.27,1126.25,3804.01,3120.46,11959.08,37.175,1057,779,71.24,50.44
2018-05-30,94.069,1169.84,1.1665,6.4006,0.7575,3.7239,627.92,1.2873,8.1809,12.5218,2.855,2.6811,2.4115,0.79,0.649,2.0778,2.0345,2.234,2.3,3.615,3.61,1.15,14.94,61.8624,27.9,10.87,2724.01,2100.42,1112.75,3723.37,3041.443,11769.16,38.3,1042,768,141.91,135.21
2018-05-31,93.979,1170.66,1.1693,6.4094,0.7568,,632.01,1.2958,8.1798,12.6993,2.8586,2.6962,2.4274,0.779,0.644,2.0894,2.0547,2.26,2.3175,3.638,3.62,1.15,15.43,60.5438,27.61,10.92,2705.27,2092.92,1120.71,3802.38,3095.474,11978.3,38.01,1090,754,92.14,77.32
2018-06-01,94.156,1172.49,1.1659,6.4131,0.7569,3.7661,631.1,1.2951,8.192,12.6883,2.9022,2.7483,2.4716,0.8,0.675,2.1127,2.0757,2.2845,2.34,3.645,3.56,1.15,13.46,56.9385,28.65,10.58,2734.62,2109.19,1130.22,3770.59,3075.137,12020.09,38.19,1156,754,186.23,109.62
2018-06-02,,,,,,,,,,,,,,,,,,,,,,,,,,,,,,,,,,,,90.71,110.85
2018-06-03,,,,,,,,,,,,,,,,,,,,,,,,,,,,,,,,,,,,54.56,56.64
2018-06-04,94.038,1171.66,1.1699,6.4055,0.7648,3.7453,631.16,1.2931,8.1198,12.5672,2.9424,2.7939,2.5161,0.817,0.707,2.1353,2.0891,2.286,2.37,3.663,3.5,1.14,12.74,54.2952,29.49,10.54,2746.87,2121.86,1146.74,3807.58,3091.191,12249.58,37.86,1193,749,146.14,80.79
2018-06-05,93.876,1172.88,1.1718,6.3967,0.7616,3.8091,632.28,1.297,8.1117,12.7696,2.9277,2.7685,2.4918,0.799,0.691,2.1364,2.0806,2.293,2.37,3.679,3.51,1.15,12.4,54.4626,29.3,10.46,2748.8,2119.36,1144.44,3845.32,3114.206,12259.32,37.77,1249,745,178.04,36.31
2018-06-06,93.614,1170.17,1.1774,6.3776,0.7667,3.8513,628.85,1.2944,8.0805,12.7101,2.9717,2.8091,2.5161,0.821,0.716,2.1578,2.0955,2.316,2.385,3.68,3.44,1.14,11.64,56.4419,29.14,10.31,2772.35,2136.74,1150.17,3837.35,3115.18,12283.58,37.95,1340,735,108.61,37.98
2018-06-07,93.435,1170,1.18,6.3896,0.7624,3.9043,631.82,1.2972,8.0564,12.9759,2.9204,2.7634,2.4876,0.788,0.675,2.14,2.0901,2.3128,2.374,3.688,3.44,1.15,12.13,56.5817,28.05,10.55,2770.37,2137.57,1149.68,3831.01,3109.499,12407.8,38.525,1395,731,88.73,55.99
2018-06-08,93.535,1169.52,1.1769,6.3993,0.7601,3.7091,630.9,1.2928,8.0411,13.0677,2.9461,2.7838,2.4977,0.824,0.705,2.1282,2.0811,2.301,2.3725,3.657,3.47,1.16,12.18,59.5738,27.59,10.69,2779.03,2137.74,1135.39,3779.62,3067.148,12165.79,38.45,1391,734,116.16,112.51
2018-06-09,,,,,,,,,,,,,,,,,,,,,,,,,,,,,,,,,,,,79.71,152.77
2018-06-10,,,,,,,,,,,,,,,,,,,,,,,,,,,,,,,,,,,,91.43,170.95
2018-06-11,93.608,1172.52,1.1784,6.3982,0.7609,3.7114,632.2,1.2978,8.0436,13.1633,2.9516,2.7957,2.5202,0.817,0.711,2.1398,2.0866,2.308,2.381,3.661,3.38,1.15,12.35,57.8304,26.86,10.54,2782,2144.2,1139.46,3779.98,3052.783,12172.03,38.65,1387,746,135.01,138.36
2018-06-12,93.818,1175.83,1.1745,6.4054,0.7573,3.7193,636.78,1.3015,8.0524,13.3325,2.9608,2.8093,2.5387,0.829,0.725,2.137,2.0863,2.32,2.378,3.693,3.35,1.15,12.34,55.9633,26.58,10.52,2786.85,2145.36,1140.64,3825.95,3079.802,12206.57,38.355,1390,751,155.89,235.59
2018-06-13,93.544,1174.14,1.1791,6.3889,0.7578,3.7216,632.41,1.2987,8.0103,13.3081,2.9663,2.8297,2.5675,0.835,0.739,2.1366,2.0947,2.32,2.38,3.682,3.29,1.15,12.94,53.7911,27.08,10.6,2775.63,2140.2,1135.68,3788.34,3049.796,12035.63,38.21,1404,768,140.87,137.07
2018-06-14,94.879,1185.6,1.1568,6.4174,0.7478,3.8066,635.85,1.3105,8.1369,13.4548,2.9351,2.8059,2.5635,0.809,0.723,2.1299,2.0853,2.316,2.376,3.65,3.31,1.15,12.12,52.4959,26.69,9.83,2782.49,2142.02,1125.71,3773.37,3044.16,11950.7,38.155,1433,760,188.49,96.72
2018-06-15,94.788,1186.06,1.161,6.4367,0.7442,3.7295,633.85,1.3184,8.1466,13.4307,2.9205,2.7974,2.5471,0.796,0.725,2.1285,2.0749,2.3074,2.374,3.623,3.32,1.15,11.98,53.0803,27.64,10.65,2779.66,2134.15,1113.76,3753.43,3021.901,11870.18,37.085,1445,746,69.98,68.71
2018-06-16,,,,,,,,,,,,,,,,,,,,,,,,,,,,,,,,,,,,125.57,82.17
2018-06-17,,,,,,,,,,,,,,,,,,,,,,,,,,,,,,,,,,,,24.54,105.3
2018-06-18,94.756,1185.59,1.1623,6.4547,0.7423,3.747,637.13,1.3202,8.1267,13.6441,2.9169,2.7906,2.5492,0.785,0.707,2.1355,2.0879,2.3193,2.383,,3.33,1.17,12.31,52.327,27.58,9.82,2773.75,2125.79,1105.98,,,,37.455,1442,736,47.08,79.32
2018-06-19,95.013,1188.21,1.159,6.4772,0.7381,3.7469,639.6,1.3286,8.1887,13.7509,2.8967,2.7702,2.5452,0.776,0.697,2.1261,2.0761,2.3095,2.368,3.586,3.38,1.18,13.35,52.4,28.01,10.99,2762.59,2111.44,1085.03,3621.12,2907.822,11492.77,37.37,1419,743,99.42,165.86
2018-06-20,95.124,1188.14,1.1572,6.4811,0.7368,3.7721,638.78,1.331,8.18,13.6555,2.9389,2.8077,2.5659,0.814,0.733,2.1287,2.0769,2.3188,2.38,3.617,3.34,1.19,12.79,51.9226,28.06,11.08,2767.32,2117.76,1093.26,3635.44,2915.731,11505.74,37.535,1373,743,121.34,222.05
2018-06-21,94.862,1184.8,1.1604,6.5001,0.7379,3.7694,640.24,1.3315,8.1272,13.5825,2.8967,2.7668,2.5369,0.783,0.709,2.1191,2.0602,2.31,2.371,3.604,3.38,1.22,14.64,53.0869,27.78,11.22,2749.76,2105.93,1080.19,3592.97,2875.81,11364.66,36.84,1347,742,93.6,71.67
2018-06-22,94.52,1180.74,1.1651,6.5087,0.744,3.7856,636.71,1.3269,8.0949,13.4373,2.8949,2.7668,2.5412,0.764,0.686,2.1361,2.0824,2.33,2.389,3.586,3.39,1.23,13.77,53.0257,25.52,10.67,2754.88,2114.9,1088,3608.91,2889.76,11339.87,37.575,1341,745,57.31,80.35
2018-06-23,,,,,,,,,,,,,,,,,,,,,,,,,,,,,,,,,,,,29.68,40.76
2018-06-24,,,,,,,,,,,,,,,,,,,,,,,,,,,,,,,,,,,,47.91,85.36
2018-06-25,94.289,1179.24,1.1704,6.5415,0.7414,3.7745,639.96,1.3297,8.102,13.5432,2.8803,2.7515,2.5329,0.763,0.69,2.1228,2.0627,2.31,2.38,3.592,3.45,1.24,17.33,53.0406,26.1,10.83,2717.07,2085.59,1071.06,3560.48,2859.336,11208.9,36.82,1333,745,87.78,63.53
2018-06-26,94.676,1183.25,1.1648,6.582,0.7394,3.8019,640.88,1.3308,8.1295,13.5386,2.8766,2.7463,2.5329,0.751,0.674,2.1319,2.0748,2.33,2.387,3.587,3.48,1.24,15.92,51.2968,25.67,10.97,2723.06,2088.41,1067.75,3531.11,2844.508,11118.89,37.285,1323,735,137.23,218.91
2018-06-27,95.29,1190.74,1.1554,6.618,0.734,3.8624,645.63,1.3342,8.1931,13.8585,2.8256,2.6952,2.504,0.709,0.631,2.1223,2.0677,2.325,2.372,3.576,3.56,1.24,17.91,53.0487,27.69,11.01,2699.63,2076.3,1052.12,3459.26,2813.177,10879.17,37.785,1309,727,130.6,39.58
2018-06-28,95.312,1187.2,1.1569,6.6361,0.7352,3.8605,649.92,1.3249,8.1881,13.7705,2.8365,2.7142,2.5101,0.73,0.654,2.1117,2.0583,2.315,2.356,3.537,3.63,1.24,16.85,52.131,27.35,11.03,2716.31,2079.62,1046.71,3423.53,2786.896,10868.45,37.735,1329,724,88.44,89.28
2018-06-29,94.47,1181.2,1.1684,6.6357,0.7405,3.8765,654.35,1.3133,8.1474,13.725,2.8601,2.7378,2.5282,0.736,0.659,2.1285,2.0792,2.324,2.365,3.479,3.63,1.23,16.09,51.1681,27.18,10.75,2718.37,2089.3,1069.52,3510.99,2847.418,11073,37.97,1385,712,141.04,54.02
2018-06-30,,,,,,,,,,,,,,,,,,,,,,,,,,,,,,,,,,,,38.6,114.66
2018-07-01,,,,,,,,,,,,,,,,,,,,,,,,,,,,,,,,,,,,59.29,136.2
2018-07-02,94.871,1186.55,1.1639,6.6877,0.734,3.9113,,1.3186,8.1729,13.8313,2.8711,2.7548,2.5485,0.733,0.669,2.1423,2.0857,2.3385,2.384,3.468,3.67,1.24,15.6,50.2512,28.65,11.75,2726.71,2082.08,1059.32,3407.96,2775.557,,37.41,1422,705,123.03,80.26
2018-07-03,94.591,1179.63,1.1658,6.6659,0.7386,3.8974,649.85,1.3139,8.1318,13.6756,2.8309,2.7211,2.5242,0.7,0.637,2.1344,2.0842,2.34,2.383,3.497,3.68,1.24,16.14,51.2172,28.58,11.41,2713.22,2082.05,1057.7,3409.28,2786.888,10872.2,37.645,1476,702,146.82,119.73
2018-07-04,94.531,1178.88,1.1657,6.6433,0.7386,3.9137,652.34,1.3143,8.1107,13.6816,2.8309,2.7211,2.5242,0.7,0.637,2.1344,2.0842,2.3361,2.379,3.52,,,,,,,,2082.17,1056.07,3363.75,2759.126,10712.64,,1567,705,49.22,87.2
2018-07-05,94.395,1176.95,1.1691,6.6583,0.7387,3.932,656.45,1.3132,8.0613,13.5365,2.8291,2.7279,2.5507,0.694,0.625,2.1394,2.101,2.353,2.385,3.51,3.66,1.22,14.97,51.4624,28.77,11.32,2736.61,2096.19,1054.35,3342.44,2733.882,10608.06,37.605,1612,710,119.57,80.07
2018-07-06,93.963,1172.69,1.1746,6.6638,0.743,3.8629,656.78,1.3084,8.0304,13.4719,2.8217,2.7178,2.5365,0.688,0.615,2.1383,2.1022,2.3588,2.392,3.532,3.65,1.22,13.37,50.1345,28.13,10.65,2759.82,2113.74,1059.97,3365.12,2747.229,10622.62,37.835,1622,721,128.33,184.49
2018-07-07,,,,,,,,,,,,,,,,,,,,,,,,,,,,,,,,,,,,82.66,121.36
2018-07-08,,,,,,,,,,,,,,,,,,,,,,,,,,,,,,,,,,,,68.07,164.84
2018-07-09,94.077,1173.56,1.1751,6.6233,0.7467,3.8725,651.93,1.3107,8.0245,13.4111,2.8564,2.7484,2.559,0.723,0.64,2.1391,2.1095,2.37,2.395,3.552,3.57,1.2,12.69,49.6901,28.12,10.55,2784.17,2131.14,1075.74,3459.18,2815.11,10768.35,38.4,1609,729,170.47,110.48
2018-07-10,94.158,1172.57,1.1744,6.6506,0.7459,3.8147,646.91,1.3113,8.0169,13.3318,2.8491,2.7467,2.5693,0.724,0.646,2.1312,2.1002,2.3723,2.389,3.549,3.5,1.19,12.64,49.8114,26.9,10.69,2793.84,2135.87,1076.19,3467.52,2827.625,10824.97,38.685,1555,732,121.88,81.98
2018-07-11,94.719,1181.17,1.1674,6.7234,0.7366,3.8763,653.16,1.3209,8.11,13.5472,2.8491,2.7502,2.5776,0.733,0.669,2.1217,2.0803,2.3426,2.378,3.515,3.54,1.19,13.63,50.4776,28.56,11.25,2774.02,2117.3,1064.72,3407.53,2777.771,10658.26,37.865,1586,741,125.25,40.76
2018-07-12,94.827,1180.21,1.1672,6.6934,0.7408,3.8809,647.53,1.3154,8.112,13.3023,2.8454,2.7468,2.5859,0.735,0.678,2.1161,2.0667,2.334,2.376,3.522,3.48,1.19,12.58,48.5729,27.81,10.82,2798.29,2130.86,1070.24,3481.06,2837.659,10752.86,37.93,1632,738,172.86,84.92
2018-07-13,94.677,1179.43,1.1685,6.7113,0.7424,3.8518,650.72,1.316,8.1155,13.2723,2.8271,2.7249,2.578,0.712,0.648,2.1196,2.0731,2.3433,2.391,3.499,3.47,1.18,12.18,48.2815,27.54,10.99,2801.31,2134.6,1075.64,3492.69,2831.184,10746.45,38.13,1666,744,125.48,74.75
2018-07-14,,,,,,,,,,,,,,,,,,,,,,,,,,,,,,,,,,,,102.95,54.33
2018-07-15,,,,,,,,,,,,,,,,,,,,,,,,,,,,,,,,,,,,104.61,146.72
2018-07-16,94.511,1177.23,1.1711,6.7033,0.7419,3.8604,650.33,1.3136,8.1013,13.2225,2.8582,2.7522,2.5966,0.75,0.701,2.1136,2.0474,2.3265,2.382,3.494,3.5,1.17,12.83,47.7875,29.01,11.46,2798.43,2132.79,1070.24,3472.09,2814.042,10704.26,37.69,1695,738,168.76,89.31
2018-07-17,94.985,1182.09,1.1661,6.722,0.7389,3.8386,653.43,1.3191,8.1528,13.2702,2.86,2.7625,2.6154,0.762,0.721,2.1029,2.0368,2.3168,2.379,3.485,3.51,1.17,12.06,46.6417,28,11.79,2809.55,2138.15,1070.91,3449.38,2798.126,10591.72,37.54,1721,723,100.8,58.55
2018-07-18,95.085,1183.43,1.1639,6.7456,0.7398,3.8492,653.33,1.317,8.1702,13.2677,2.8692,2.7676,2.6093,0.782,0.742,2.0923,2.0218,2.3078,2.358,3.477,3.5,1.17,12.1,45.2649,27.24,12.15,2815.62,2142.24,1068.75,3431.32,2787.257,10578.46,37.565,1688,714,88.57,75.12
2018-07-19,95.164,1186.58,1.1642,6.7915,0.7361,3.8313,662.55,1.3273,8.2349,13.5379,2.838,2.7336,2.5907,0.761,0.717,2.0815,2.0145,2.3038,2.347,3.443,3.53,1.17,12.87,47.1125,26.84,12.66,2804.49,2134.84,1060.65,3428.34,2772.545,10523.24,37.575,1657,713,143.05,55.33
2018-07-20,94.476,1177.58,1.1724,6.7809,0.7415,3.768,659.61,1.3145,8.1785,13.4043,2.8931,2.7645,2.5931,0.779,0.747,2.115,2.0147,2.3169,2.366,3.516,3.5,1.17,12.86,49.0476,26.01,12.1,2801.83,2139.17,1070.07,3492.89,2829.271,10682.64,37.445,1689,723,54.1,132.11
2018-07-21,,,,,,,,,,,,,,,,,,,,,,,,,,,,,,,,,,,,121.86,108.3
2018-07-22,,,,,,,,,,,,,,,,,,,,,,,,,,,,,,,,,,,,72.71,156.61
2018-07-23,94.632,1178.88,1.1692,6.8055,0.7381,3.783,663.51,1.3172,8.1952,13.4603,2.9541,2.8176,2.6287,0.834,0.807,2.1216,2.0092,2.3,2.36,3.521,3.45,1.15,12.62,51.5057,26.15,12.22,2806.98,2139.44,1069.52,3525.75,2859.542,10731.36,37.28,1718,727,161.71,78.59
2018-07-24,94.613,1177.41,1.1687,6.8109,0.7423,3.7488,654.57,1.3155,8.1779,13.283,2.9486,2.8195,2.6331,0.829,0.819,2.1204,2.0007,2.2858,2.365,3.567,3.43,1.13,12.41,50.3082,25.65,11.74,2820.4,2151.08,1080.38,3581.71,2905.562,10973.92,37.75,1774,748,161.13,77.37
2018-07-25,94.233,1171.6,1.1729,6.7607,0.7455,3.6906,649.29,1.3046,8.1351,13.109,2.9746,2.8488,2.6694,0.846,0.835,2.1292,2.0128,2.301,2.363,3.573,3.43,1.13,12.29,48.2909,25.34,11.65,2846.07,2161.76,1088.82,3577.75,2903.647,11074.16,38.065,1772,753,105.16,57.92
2018-07-26,94.785,1177.39,1.1643,6.8264,0.7377,3.7471,647.25,1.3074,8.1895,13.2437,2.9764,2.8597,2.6815,0.854,0.845,2.1236,2.0105,2.3046,2.369,3.548,3.38,1.11,12.14,49.2705,24.88,11.43,2837.44,2161.93,1089.17,3536.25,2882.225,11021.35,38.48,1708,755,107.87,104.65
2018-07-27,94.669,1175.47,1.1657,6.8178,0.74,3.7121,642.91,1.3055,8.1892,13.1723,2.9542,2.8394,2.6694,0.829,0.829,2.1265,2.007,2.2981,2.3725,3.524,3.38,1.1,13.03,48.8313,24.97,11.05,2818.82,2156.11,1092.36,3521.23,2873.594,11047.42,38.315,1676,759,119.33,61.47
2018-07-28,,,,,,,,,,,,,,,,,,,,,,,,,,,,,,,,,,,,38.48,99.78
2018-07-29,,,,,,,,,,,,,,,,,,,,,,,,,,,,,,,,,,,,23.49,117.4
2018-07-30,94.348,1172.92,1.1706,6.8266,0.7407,3.7297,638.41,1.3036,8.135,13.1554,2.9728,2.8496,2.6613,0.841,0.832,2.1324,2.015,2.31,2.379,3.524,3.32,1.1,14.26,49.4151,25.83,11.18,2802.6,2148.25,1090.14,3515.08,2869.05,11046.32,38.63,1703,768,118.86,153.38
2018-07-31,94.554,1174.63,1.1691,6.8053,0.7424,3.7574,636.66,1.3006,8.1589,13.275,2.9598,2.8479,2.6694,0.834,0.842,2.1272,2.0029,2.299,2.373,3.487,3.36,1.09,12.83,46.5038,26.52,11.21,2816.29,2153.1,1087.46,3517.66,2876.401,11024.73,38.56,1747,768,109.94,91.35
2018-08-01,94.661,1175.8,1.166,6.8243,0.7404,3.7503,641.45,1.3004,8.1795,13.2207,3.0064,2.8751,2.6776,0.871,0.866,2.1366,2.0055,2.3026,2.385,3.469,3.33,1.09,13.15,48.3833,26.45,10.91,2813.36,2149.36,1086.87,3447.39,2824.534,10973.04,38.025,1760,760,140.03,57.71
2018-08-02,95.17,1180.52,1.1585,6.8813,0.736,3.7496,644.68,1.3023,8.2422,13.449,2.9859,2.8548,2.6634,0.857,0.851,2.1301,1.9995,2.305,2.368,3.478,3.33,1.09,12.19,47.9971,25.73,11.08,2827.22,2147.58,1067.42,3370.96,2768.024,10733.19,37.815,1756,756,121.88,117.93
2018-08-03,95.161,1178.96,1.1568,6.8461,0.7404,3.7074,642.8,1.2991,8.2572,13.323,2.9488,2.8125,2.6432,0.829,0.815,2.1205,1.9943,2.291,2.372,3.464,3.34,1.09,11.64,47.666,25.61,10.77,2840.35,2155.39,1073.33,3315.28,2740.443,10693.79,37.62,1773,758,147.88,87.73
2018-08-04,,,,,,,,,,,,,,,,,,,,,,,,,,,,,,,,,,,,84.68,107.88
2018-08-05,,,,,,,,,,,,,,,,,,,,,,,,,,,,,,,,,,,,53.93,141.99
2018-08-06,95.358,1180.78,1.1554,6.8656,0.7387,3.7364,646.76,1.3004,8.2544,13.4415,2.9395,2.8041,2.6452,0.825,0.811,2.1154,1.9887,2.293,2.37,3.47,3.33,1.08,11.27,46.8562,25.42,11.02,2850.4,2157.34,1071,3273.27,2705.156,10701.96,37.76,1773,749,162.55,112.91
2018-08-07,95.186,1178.66,1.1599,6.8206,0.7421,3.7523,642.55,1.3053,8.205,13.3329,2.973,2.8414,2.6697,0.842,0.832,2.1323,2.0046,2.301,2.3725,3.5,3.26,1.07,10.93,47.1489,25.22,11.11,2858.45,2166.85,1079.79,3368.87,2779.374,10866.1,38.04,1732,733,200.46,72.24
2018-08-08,95.092,1177.38,1.161,6.8252,0.7431,3.772,645.46,1.3023,8.2176,13.409,2.96,2.8312,2.6677,0.833,0.835,2.1276,1.9922,2.28,2.375,3.527,3.25,1.08,10.85,46.8358,26.41,11.43,2857.7,2166.15,1079.73,3314.51,2744.07,10901.18,37.765,1704,725,129.06,56.98
2018-08-09,95.504,1183.13,1.1527,6.846,0.7373,3.8005,647.66,1.3051,8.319,13.7077,2.9258,2.8075,2.6452,0.816,0.822,2.1106,1.9809,2.27,2.37,3.551,3.28,1.1,11.27,47.3541,25.4,10.99,2853.58,2163.69,1078.67,3397.53,2794.382,11019.93,37.415,1694,717,170.89,69.96
2018-08-10,96.357,1191.18,1.1413,6.8692,0.7302,3.8618,654.93,1.314,8.3611,14.0934,2.8732,2.7448,2.6042,0.774,0.759,2.1003,1.9818,2.271,2.35,3.557,3.37,1.12,13.16,50.6302,25.45,11.78,2833.28,2139.84,1062.37,3405.02,2795.31,10943.08,37.645,1691,713,121.94,76.97
2018-08-11,,,,,,,,,,,,,,,,,,,,,,,,,,,,,,,,,,,,156.45,44.22
2018-08-12,,,,,,,,,,,,,,,,,,,,,,,,,,,,,,,,,,,,85.74,109.73
2018-08-13,96.391,1193.65,1.141,6.899,0.727,3.8836,661.33,1.3134,8.3627,14.4194,2.8786,2.7499,2.6124,0.783,0.766,2.0967,1.9802,2.27,2.355,3.597,3.2,1.13,14.78,50.7723,25.31,11.73,2821.93,2127.47,1043.3,3390.34,2785.872,10766.51,37.165,1709,715,142.48,88.52
2018-08-14,96.731,1194.18,1.1344,6.8996,0.7243,3.8671,665.03,1.3058,8.416,14.2481,2.8985,2.7719,2.637,0.801,0.783,2.0981,1.9834,2.27,2.346,3.563,3.39,1.12,13.31,49.8427,26.18,11.88,2839.96,2137.36,1042.56,3372.91,2780.965,10744.31,37.255,1725,723,136.4,55.18
2018-08-15,96.696,1196.37,1.1345,6.9471,0.7239,3.9047,664.42,1.3141,8.4545,14.5657,2.8623,2.7346,2.6082,0.777,0.761,2.0866,1.9682,2.26,2.34,3.592,3.47,1.13,14.64,51.5202,27.26,13.16,2818.37,2115.7,1023.43,3291.98,2723.258,10535.14,35.955,1727,731,111.39,20.08
2018-08-16,96.645,1194.25,1.1377,6.8628,0.7261,3.9069,665.93,1.3156,8.4774,14.7367,2.8659,2.7413,2.6164,0.778,0.773,2.0885,1.9624,2.261,2.341,3.61,3.42,1.12,13.45,50.6087,26.33,13.39,2840.69,2131.05,1021.57,3276.73,2705.192,10479.68,36.215,1720,736,128.16,30.89
2018-08-17,96.101,1188.12,1.1438,6.8368,0.7313,3.9104,670.26,1.3061,8.4539,14.6382,2.8605,2.7413,2.6059,0.774,0.779,2.0882,1.9579,2.26,2.347,3.652,3.41,1.12,12.64,50.6949,25.71,12.89,2850.13,2138.11,1022.94,3229.62,2668.966,10513.83,36.305,1723,753,107.13,62.36
2018-08-18,,,,,,,,,,,,,,,,,,,,,,,,,,,,,,,,,,,,54.92,96.63
2018-08-19,,,,,,,,,,,,,,,,,,,,,,,,,,,,,,,,,,,,57.11,96.59
2018-08-20,95.9,1185.62,1.1482,6.8353,0.734,3.9701,668.89,1.3047,8.4457,14.5272,2.819,2.6971,2.5851,0.743,0.742,2.0764,1.9511,2.26,2.3325,3.648,3.44,1.12,12.49,50.9746,25.26,12.4,2857.05,2145.24,1033.65,3267.25,2698.466,10632.36,36.55,1727,774,106.86,45.18
2018-08-21,95.256,1180.46,1.1571,6.8285,0.7368,4.0483,663.52,1.3037,8.4048,14.3938,2.8298,2.7107,2.5954,0.748,0.743,2.084,1.9644,2.274,2.334,3.655,3.39,1.11,12.86,50.3166,25.08,11.86,2862.96,2151.79,1044.31,3326.65,2733.826,10737.63,36.735,1736,792,152,81.92
2018-08-22,95.146,1178.15,1.1597,6.8475,0.7348,4.0433,663.03,1.2997,8.341,14.1626,2.8189,2.7039,2.5912,0.734,0.726,2.0854,1.9734,2.279,2.3355,3.639,3.38,1.12,12.25,49.6368,24.72,11.81,2861.82,2155.99,1050.61,3307.96,2714.608,10850.17,37.175,1735,791,119.33,38.52
2018-08-23,95.666,1186.77,1.154,6.8939,0.7248,4.1135,667.95,1.3082,8.3893,14.4054,2.8261,2.7225,2.6162,0.736,0.733,2.0914,1.9852,2.282,2.337,3.616,3.38,1.12,12.41,49.1983,24.35,11.6,2856.98,2149.22,1048.2,3320.03,2724.625,10814.6,37,1709,794,120.29,89.75
2018-08-24,95.146,1180.66,1.1622,6.8057,0.7329,4.104,660.75,1.3026,8.3282,14.2484,2.8098,2.7122,2.6202,0.709,0.713,2.1013,1.9967,2.296,2.35,3.634,3.36,1.12,11.99,49.1577,23.31,11.71,2874.69,2161.61,1050.19,3325.33,2729.431,10779.71,37.27,1697,804,44.46,80.33
2018-08-25,,,,,,,,,,,,,,,,,,,,,,,,,,,,,,,,,,,,72.99,139.94
2018-08-26,,,,,,,,,,,,,,,,,,,,,,,,,,,,,,,,,,,,43.4,96.04
2018-08-27,94.779,1176.22,1.1678,6.7936,0.7351,4.0814,658.02,1.2967,8.3241,14.1637,2.8459,2.7412,2.6412,0.735,0.734,2.1116,2.0028,2.296,2.35,3.64,3.33,1.12,12.16,49.3802,23.68,11.77,2896.74,2179.95,1069.14,3406.57,2780.899,11049.13,37.545,,,109.46,108.44
2018-08-28,94.72,1177.94,1.1695,6.8009,0.7338,4.1375,662.54,1.2932,8.3427,14.2273,2.8804,2.7737,2.6654,0.765,0.768,2.1165,2.0032,2.3039,2.355,3.639,3.31,1.12,12.5,49.9473,24.5,11.46,2897.52,2182.51,1070.62,3400.17,2777.981,11097.59,37.385,1684,795,134.44,165.65
2018-08-29,94.6,1176.18,1.1707,6.8218,0.7311,4.1063,666.17,1.2907,8.3316,14.3566,2.884,2.782,2.6755,0.768,0.777,2.1168,2.008,2.314,2.375,3.626,3.31,1.12,12.25,49.1,24.32,11.25,2914.04,2190.75,1070.53,3386.57,2769.295,11083.06,37.615,1661,789,139.9,92.96
2018-08-30,94.723,1178.35,1.1671,6.8677,0.7263,4.1492,678.28,1.2983,8.3385,14.7247,2.855,2.75,2.6492,0.751,0.755,2.1042,1.9972,2.313,2.361,3.609,3.35,1.13,13.53,50.4093,24.89,11.41,2901.13,2181.56,1057.84,3351.09,2737.737,10967.61,37.51,1614,787,86.17,90.46
2018-08-31,95.14,1182.43,1.1602,6.8459,0.7189,4.054,682.74,1.304,8.3836,14.6887,2.8604,2.7382,2.6269,0.771,0.752,2.0903,1.9905,2.292,2.345,3.595,3.38,1.14,12.86,50.7097,25.02,10.96,2901.52,2175.5,1055.96,3334.5,2725.25,10875.58,37.22,1579,786,62.03,121.46
2018-09-01,,,,,,,,,,,,,,,,,,,,,,,,,,,,,,,,,,,,80.25,46.12
2018-09-02,,,,,,,,,,,,,,,,,,,,,,,,,,,,,,,,,,,,49.13,98.8
2018-09-03,95.14,1183.68,1.1619,6.8351,0.7214,4.1582,684.76,1.3095,8.3543,14.859,2.8604,2.7382,2.6269,0.771,0.752,2.0903,1.9905,,2.343,3.605,3.38,1.14,,,,,,2173.42,1047.13,3321.83,2720.734,10813.57,,1557,780,94.17,115.11
2018-09-04,95.439,1188.91,1.1582,6.8495,0.7178,4.1605,693.07,1.3189,8.3927,15.3442,2.8985,2.7719,2.6533,0.797,0.78,2.1024,1.995,2.299,2.355,3.614,3.35,1.14,13.16,49.5692,26.7,11.42,2896.72,2162.83,1040.17,3363.9,2750.58,10890.63,37.14,1513,772,14.36,74.36
2018-09-05,95.184,1186.29,1.163,6.8422,0.7193,4.1461,687.84,1.3178,8.3963,15.4234,2.9022,2.7685,2.6493,0.803,0.787,2.1002,1.9853,2.294,2.349,3.627,3.39,1.15,13.91,48.3958,26.62,11.24,2888.6,2152.77,1021.72,3298.14,2704.337,10645.7,37.09,1477,778,85.93,37.66
2018-09-06,95.021,1183.92,1.1623,6.8448,0.72,4.0587,689.1,1.3142,8.4219,15.3337,2.8731,2.7415,2.633,0.788,0.778,2.0864,1.966,2.262,2.338,3.633,3.41,1.14,14.65,48.6547,26.16,11.54,2878.05,2144.03,1018.29,3262.88,2691.593,10578.58,36.405,1484,778,97.69,68.5
2018-09-07,95.365,1188.49,1.1553,6.8691,0.7107,,690.72,1.3161,8.4526,15.237,2.9388,2.8211,2.7025,0.834,0.825,2.1065,1.9982,2.294,2.346,3.645,3.36,1.13,14.88,49.4302,26.07,11.3,2871.68,2137.6,1022.98,3277.64,2702.301,10559.54,36.4,1490,785,87.87,67.9
2018-09-08,,,,,,,,,,,,,,,,,,,,,,,,,,,,,,,,,,,,59.63,89.41
2018-09-09,,,,,,,,,,,,,,,,,,,,,,,,,,,,,,,,,,,,47.52,92.74
2018-09-10,95.15,1186.6,1.1594,6.8691,0.7115,4.0868,696.73,1.3164,8.3905,15.1938,2.9314,2.8228,2.7108,0.832,0.834,2.1,1.9912,2.2903,2.34,3.658,3.35,1.13,14.16,47.6915,26.13,11.33,2877.13,2142.64,1011.25,3230.07,2669.485,10433.62,36.385,1482,784,55.42,47.25
2018-09-11,95.249,1186.76,1.1606,6.8752,0.7119,4.1532,696.66,1.3067,8.3205,15.0586,2.9755,2.8671,2.7438,0.855,0.855,2.1211,2.0165,2.3068,2.355,3.675,3.3,1.11,13.22,47.9734,27.14,11.26,2887.89,2147.67,1003.33,3224.21,2664.8,10333.16,36.73,1439,774,81.84,49.37
2018-09-12,94.799,1181.02,1.1626,6.8356,0.7169,4.1617,689.44,1.2998,8.2602,14.9553,2.9626,2.862,2.7481,0.843,0.847,2.1207,2.0188,2.3183,2.36,3.679,3.28,1.11,13.14,46.789,26.94,11.18,2888.92,2152.7,1004.56,3202.02,2656.11,10238.77,36.92,1411,769,80.89,40.31
2018-09-13,94.518,1178.09,1.169,6.8451,0.7195,4.207,680.93,1.2998,8.2185,14.7716,2.97,2.8723,2.7565,0.869,0.886,2.1018,1.9893,2.284,2.342,3.68,3.24,1.1,12.37,46.0558,26.7,11.15,2904.18,2162.68,1017.64,3236.57,2686.578,10503.01,36.935,1382,770,68.57,29.73
2018-09-14,94.927,1181.97,1.1625,6.8745,0.7153,4.1741,687.43,1.3036,8.2571,14.9328,2.9959,2.9033,2.7777,0.888,0.909,2.1087,1.9954,2.2975,2.345,3.677,3.19,1.09,12.07,47.45,26.4,10.84,2904.98,2166.59,1028.53,3242.09,2681.643,10575.17,37.13,1366,765,118.31,36.1
2018-09-15,,,,,,,,,,,,,,,,,,,,,,,,,,,,,,,,,,,,63.41,62.01
2018-09-16,,,,,,,,,,,,,,,,,,,,,,,,,,,,,,,,,,,,7.23,103.72
2018-09-17,94.496,1178.26,1.1683,6.8704,0.7182,4.1343,687,1.3043,8.1733,14.917,2.9867,2.8879,2.7779,0.881,0.899,2.108,1.9905,2.2966,2.346,3.662,3.18,1.08,13.68,46.8087,26.49,10.85,2888.8,2160.53,1016.43,3204.92,2651.789,10462.09,37.19,1357,763,91.08,100.71
2018-09-18,94.64,1178.84,1.1667,6.8612,0.7219,4.1635,687,1.2974,8.1593,14.9056,3.0551,2.9428,2.7988,0.92,0.929,2.136,2.0152,2.306,2.37,3.665,3.15,1.08,12.79,47.9674,26.8,10.78,2904.31,2172.27,1019.74,3269.43,2699.95,10556.98,37.435,1356,766,105.01,71.72
2018-09-19,94.537,1177.36,1.1673,6.8513,0.7263,4.1287,687,1.2927,8.1516,14.6945,3.0626,2.9464,2.7907,0.918,0.923,2.1459,2.0232,2.317,2.381,3.681,3.15,1.08,11.75,48.7934,26.35,10.81,2907.95,2177.74,1031.07,3312.48,2730.85,10741.69,37.55,1373,773,58.63,74.06
2018-09-20,93.912,1172.28,1.1777,6.8355,0.7292,4.0772,669.32,1.2903,8.1452,14.2875,3.0626,2.9533,2.8034,0.914,0.932,2.1497,2.0216,2.322,2.3925,3.698,3.16,1.06,11.8,49.3444,26.07,10.72,2930.75,2195.68,1036.93,3310.13,2729.244,10792.59,37.56,1396,780,107.93,54.24
2018-09-21,94.22,1175.1,1.1749,6.8493,0.729,4.0489,664.13,1.2916,8.1498,14.3212,3.0628,2.9485,2.7999,0.91,0.926,2.1535,2.023,2.329,2.388,3.699,3.17,1.06,11.68,48.8315,26.15,10.76,2929.67,2200.01,1051.44,3410.49,2797.485,11027.13,37.55,1413,791,113.79,88.17
2018-09-22,,,,,,,,,,,,,,,,,,,,,,,,,,,,,,,,,,,,37.81,74.22
2018-09-23,,,,,,,,,,,,,,,,,,,,,,,,,,,,,,,,,,,,27.95,124.25
2018-09-24,94.185,1177.66,1.1748,6.8682,0.7252,4.0901,670.3,1.2956,8.1412,14.3772,3.0889,2.9675,2.8169,0.932,0.936,2.1581,2.0307,2.333,2.391,,3.18,1.07,12.2,48.3059,26.97,10.97,2919.37,2193.01,1042.35,,,10827.52,38.1,1434,794,143.44,89.13
2018-09-25,94.133,1177.03,1.1767,6.8686,0.725,4.076,667.73,1.2954,8.1287,14.3537,3.0964,2.9814,2.8391,0.934,0.94,2.1634,2.0391,2.343,2.4,3.688,3.17,1.06,12.42,49.3793,26.83,10.83,2915.56,2194.2,1041.78,3379.8,2781.138,,38.345,1450,801,95.44,55.65
2018-09-26,94.193,1176.62,1.1739,6.8793,0.7258,4.0345,663.03,1.3019,8.111,14.1365,3.048,2.9444,2.8148,0.901,0.909,2.1474,2.0277,2.338,2.389,3.658,3.18,1.07,12.89,47.4395,26.53,10.76,2905.97,2189.31,1046.02,3417.24,2806.813,10985.6,37.975,1503,804,110.16,37.16
2018-09-27,94.894,1182.89,1.1641,6.8879,0.7208,4.0128,660.01,1.3043,8.1551,14.1253,3.0518,2.9563,2.8269,0.904,0.914,2.1482,2.0352,2.333,2.381,3.636,3.18,1.06,12.41,45.7079,26.45,10.86,2914,2188.71,1051.3,3403.59,2791.775,10938.97,37.975,1524,805,73.7,22.95
2018-09-28,95.132,1183.18,1.1604,6.8761,0.7224,4.0493,656.85,1.2908,8.1542,14.1415,3.0612,2.9529,2.8188,0.917,0.913,2.1449,2.0349,2.3335,2.379,3.625,3.16,1.06,12.12,46.1634,26.73,10.74,2913.98,2184.01,1047.91,3438.87,2821.35,11017.87,37.87,1540,791,81.46,52.38
2018-09-29,,,,,,,,,,,,,,,,,,,,,,,,,,,,,,,,,,,,44.05,33.38
2018-09-30,,,,,,,,,,,,,,,,,,,,,,,,,,,,,,,,,,,,36.24,83.77
2018-10-01,95.298,1184.01,1.1578,6.8879,0.7224,4.0187,656.65,1.2814,8.1507,14.224,3.0836,2.9614,2.8189,0.943,0.916,2.1419,2.0396,2.338,2.374,,3.09,1.05,12,44.2847,27.95,11.03,2924.59,2188.19,1046.4,,,,38.395,1555,793,120.77,166.69
2018-10-02,95.507,1186,1.1548,6.8856,0.7188,3.9406,658.55,1.2823,8.1738,14.358,3.0631,2.9512,2.8108,0.93,0.91,2.1341,2.0365,2.3291,2.366,,3.1,1.05,12.05,45.3545,27.68,11.24,2923.43,2183.62,1033.3,,,10754.56,38.435,1570,801,36.01,130.93
2018-10-03,95.762,1191.26,1.1478,6.8896,0.7103,3.9022,661.03,1.2868,8.2282,14.6513,3.1813,3.0449,2.872,1.017,0.97,2.1662,2.0667,2.3521,2.39,,3.03,1.05,11.61,50.2064,28.04,11.21,2925.51,2183.63,1035.03,,,10786.17,38.745,1574,808,94.42,107.49
2018-10-04,95.751,1192.61,1.1514,6.8962,0.7076,3.8743,675.35,1.2924,8.2488,14.8684,3.187,3.045,2.868,1.028,0.983,2.1602,2.0514,2.335,2.385,,3.16,1.05,14.22,55.0667,28.9,11.59,2901.61,2165.43,1010.38,,,10547.64,38.585,1554,837,69.01,119.36
2018-10-05,95.624,1189.81,1.1524,6.895,0.7052,3.8393,677.33,1.2939,8.2593,14.7685,3.2328,3.0693,2.885,1.062,1.007,2.1722,2.0549,2.328,2.3775,,3.2,1.05,14.82,55.1865,28.84,11.64,2885.57,2151.42,1000.76,,,10530.32,38.58,1536,853,78.22,66.64
2018-10-06,,,,,,,,,,,,,,,,,,,,,,,,,,,,,,,,,,,,50.72,66.47
2018-10-07,,,,,,,,,,,,,,,,,,,,,,,,,,,,,,,,,,,,42.56,197.77
2018-10-08,95.761,1190.53,1.1492,6.9208,0.7078,3.7792,681.59,1.2965,8.2764,14.8479,3.2328,3.0693,2.885,1.062,1.007,2.1722,2.0549,,2.384,3.619,,,15.69,,28.86,12.48,2884.43,2143.57,995.5,3290.9,2716.51,10393.29,38.55,1530,858,49.11,112.49
2018-10-09,95.668,1189.83,1.1491,6.9166,0.7103,3.7152,682.3,1.2946,8.2681,14.5625,3.2063,3.0557,2.8851,1.037,0.995,2.1705,2.0544,2.33,2.3775,3.628,3.31,1.06,15.95,53.4469,27.9,12.03,2880.34,2138.46,993.99,3288.69,2721.013,10420.62,38.895,1503,875,95.88,31.39
2018-10-10,95.508,1190.43,1.152,6.9243,0.7055,3.7564,685.75,1.3068,8.2357,14.7667,3.1629,3.0027,2.8421,1.01,0.964,2.1535,2.0307,2.3229,2.38,3.622,3.4,1.07,22.96,55.7,28.81,12.51,2785.68,2089.09,985.67,3281.6,2725.837,10442.71,37.675,1493,890,,58.99
2018-10-11,95.017,1184.83,1.1593,6.8786,0.7124,3.781,680.55,1.3032,8.2151,14.6332,3.1498,3.0044,2.8484,1.027,1.011,2.1241,1.9878,2.251,2.3465,3.59,3.48,1.08,24.98,56.0697,29.29,13.57,2728.37,2044.95,954.66,3124.11,2583.458,10092.52,36.4,1515,913,,68.38
2018-10-12,95.221,1186.2,1.156,6.9183,0.7114,,679.58,1.3024,8.1739,14.5185,3.1613,3.0149,2.8528,1.037,1.014,2.1251,1.9951,2.2644,2.34,3.585,3.44,1.09,21.31,54.3741,27.73,12.76,2767.13,2063.44,980.09,3170.73,2606.913,10299.09,36.5,1579,921,,103.11
2018-10-13,,,,,,,,,,,,,,,,,,,,,,,,,,,,,,,,,,,,,70.22
2018-10-14,,,,,,,,,,,,,,,,,,,,,,,,,,,,,,,,,,,,,92.58
2018-10-15,95.059,1183.84,1.1579,6.923,0.713,3.7359,677.5,1.2991,8.1532,14.368,3.1557,3.0098,2.855,1.027,1.003,2.1297,1.9993,2.2654,2.343,3.599,3.41,1.09,21.3,51.2463,28.59,13.13,2750.79,2055.11,971.67,3126.45,2568.098,10144.34,36.195,1584,922,,85.8
2018-10-16,95.048,1182.77,1.1574,6.9133,0.7141,3.7248,669.35,1.2934,8.1474,14.1611,3.1633,3.0236,2.8655,1.034,1.012,2.13,2.0052,2.2704,2.34,3.586,3.36,1.09,17.62,50.1799,28.59,12.2,2809.92,2091.21,984.66,3100.97,2546.33,10198.33,36.495,1578,947,,109.71
2018-10-17,95.575,1188.41,1.1501,6.9304,0.7109,3.6876,671.26,1.302,8.2128,14.2473,3.205,3.058,2.8885,1.07,1.044,2.1368,2.0044,2.2657,2.328,3.588,3.36,1.1,17.4,48.9863,28.13,12.14,2809.21,2089.5,983.71,3118.25,2561.614,,36.265,1554,963,,77.94
2018-10-18,95.9,1193.53,1.1453,6.9395,0.7099,3.7214,677.18,1.3085,8.2781,14.4506,3.1786,3.0272,2.8741,1.067,1.042,2.112,1.9771,2.247,2.324,3.564,3.43,1.11,20.06,52.635,28.53,12.23,2768.78,2064.48,970.9,3044.39,2486.419,10136.76,36.085,1565,988,,100.13
2018-10-19,95.713,1192.83,1.1514,6.9346,0.7119,3.7148,680.63,1.3104,8.2196,14.4142,3.1921,3.0463,2.9038,1.079,1.055,2.1145,1.9839,2.256,2.326,3.576,3.43,1.11,19.89,52.0433,27.42,11.76,2767.78,2062.34,971.47,3134.95,2550.465,10222.18,35.765,1576,1024,,70.3
2018-10-20,,,,,,,,,,,,,,,,,,,,,,,,,,,,,,,,,,,,,61.88
2018-10-21,,,,,,,,,,,,,,,,,,,,,,,,,,,,,,,,,,,,,118.94
2018-10-22,96.013,1196.48,1.1464,6.9372,0.7081,3.687,683.06,1.3101,8.2571,14.3204,3.1978,3.0498,2.9082,1.088,1.065,2.1115,1.9776,2.2554,2.322,3.603,3.44,1.11,19.64,51.8496,27.76,11.68,2755.88,2053.44,982.86,3270.27,2654.876,10490.67,35.37,1579,1051,,89.49
2018-10-23,95.961,1194.56,1.1471,6.9385,0.7086,3.6944,684.25,1.3085,8.2918,14.2575,3.1676,3.012,2.879,1.078,1.058,2.0907,1.9472,2.221,2.306,3.585,3.57,1.14,20.71,55.0139,29.38,12.31,2740.69,2033.89,960.54,3183.43,2594.825,10234.9,34.445,1577,1066,,52.04
2018-10-24,96.434,1199.4,1.1392,6.9442,0.706,3.7345,688.88,1.3057,8.3512,14.5658,3.1035,2.9398,2.8305,1.032,1.009,2.0726,1.9249,2.207,2.284,3.565,3.6,1.15,25.23,57.693,29.8,13.11,2656.1,1988.62,953.05,3188.2,2603.295,10226.41,33.085,1546,1099,,73.6
2018-10-25,96.679,1200.8,1.1375,6.9566,0.708,3.705,687.66,1.3074,8.3431,14.623,3.1167,2.9596,2.8467,1.069,1.047,2.0491,1.9036,2.183,2.261,3.545,3.64,1.16,24.22,56.6997,28.5,12.3,2705.57,2006.27,948.96,3194.31,2603.8,10176.56,33.49,1516,1121,,89.53
2018-10-26,96.359,1197.59,1.1403,6.9528,0.709,3.6421,687.73,1.3106,8.3522,14.5996,3.0755,2.9071,2.8062,1.008,0.968,2.0683,1.9277,2.2,2.28,3.551,3.78,1.17,24.16,62.7013,29.09,12.92,2658.69,1981.89,939.55,3173.64,2598.847,10058.63,33.24,1519,1141,,65.53
2018-10-27,,,,,,,,,,,,,,,,,,,,,,,,,,,,,,,,,,,,,79.2
2018-10-28,,,,,,,,,,,,,,,,,,,,,,,,,,,,,,,,,,,,,136.61
2018-10-29,96.579,1204.86,1.1373,6.9752,0.7055,3.7194,690.34,1.3134,8.3936,14.7208,3.0849,2.919,2.8164,1.023,0.989,2.0631,1.9217,2.202,2.2725,3.529,3.77,1.17,24.7,59.7688,29.46,12.98,2641.25,1975.7,934.8,3076.89,2542.103,10012.63,32.62,1522,1153,,64.23
2018-10-30,97.011,1208.01,1.1345,6.9696,0.7105,3.6972,693.6,1.311,8.414,14.5952,3.1227,2.9562,2.8507,1.066,1.036,2.0572,1.91,2.1816,2.25,3.538,3.8,1.18,23.35,61.7929,29.9,12.3,2682.63,1997.19,936.3,3110.26,2568.048,9998.95,33.375,1513,1150,,51.28
2018-10-31,97.127,1210.45,1.1312,6.9746,0.7073,3.7224,696.64,1.3157,8.4377,14.7864,3.1435,2.9749,2.8669,1.082,1.062,2.062,1.9051,2.1871,2.265,3.536,3.71,1.18,21.23,60.1285,30.12,12.08,2711.74,2021.98,955.92,3153.82,2602.783,10138.63,33.58,1490,1157,,79.07
2018-11-01,96.277,1200.38,1.1408,6.9171,0.7206,3.6998,,1.3086,8.3525,14.4077,3.1303,2.9563,2.8445,1.102,1.074,2.0288,1.8743,2.152,2.235,3.522,3.72,1.19,19.34,58.5415,31.54,12.6,2740.37,2040.93,971.44,3177.03,2606.237,10279.32,33.865,1470,1152,101.45,84.17
2018-11-02,96.542,1201.33,1.1388,6.8981,0.7193,,,1.311,8.3675,14.299,3.2121,3.033,2.9034,1.152,1.116,2.0608,1.9099,2.18,2.271,3.554,3.63,1.17,19.51,61.416,32.21,12.5,2723.06,2036.7,996.72,3290.25,2676.476,10687.77,33.78,1457,1143,103.39,82.99
2018-11-03,,,,,,,,,,,,,,,,,,,,,,,,,,,,,,,,,,,,47.92,77.39
2018-11-04,,,,,,,,,,,,,,,,,,,,,,,,,,,,,,,,,,,,44.34,223.53
2018-11-05,96.279,1199.8,1.1407,6.9128,0.7211,3.7286,679.65,1.311,8.3625,14.1558,3.2008,3.028,2.9075,1.135,1.106,2.0672,1.916,2.196,2.277,3.538,3.63,1.16,19.96,59.897,32.68,12.39,2738.31,2040.68,992.38,3262.84,2665.431,10544.92,34.345,1428,1134,114.68,90.47
2018-11-06,96.317,1198.64,1.1427,6.9239,0.7247,3.7635,679.53,1.3124,8.363,14.1112,3.2276,3.0554,2.9279,1.154,1.127,2.0743,1.9232,2.2022,2.285,3.526,3.59,1.15,19.91,59.0075,34.15,12.47,2755.45,2050.65,992.27,3243.15,2659.356,10632.64,34.505,1395,1116,62.59,148.95
2018-11-07,95.997,1197.61,1.1426,6.918,0.7276,3.7381,676.32,1.3112,8.3519,13.9051,3.2355,3.0795,2.9567,1.155,1.144,2.0834,1.9312,2.21,2.285,3.507,3.5,1.13,16.36,53.1086,33.05,11.23,2813.89,2084.45,997.92,3221.91,2641.342,10641.48,35.07,1304,1104,140.43,61.17
2018-11-08,96.724,1204.67,1.1363,6.9411,0.7256,3.7608,676.38,1.3155,8.3751,14.1355,3.2373,3.0916,2.965,1.164,1.161,2.0765,1.9268,2.198,2.28,3.499,3.47,1.14,16.72,51.5845,32.23,11.41,2806.83,2082.47,993.53,3212.77,2635.632,10703.59,34.31,1231,1097,60.82,51.63
2018-11-09,96.905,1206.52,1.1336,6.948,0.7226,3.7303,684.8,1.3212,8.4349,14.3582,3.1819,3.0353,2.9241,1.134,1.13,2.0535,1.9024,2.173,2.267,3.49,3.61,1.15,17.36,53.5442,35.1,11.44,2781.01,2063.16,976.17,3167.44,2598.872,10431.46,34.25,1147,1092,114.37,41.01
2018-11-10,,,,,,,,,,,,,,,,,,,,,,,,,,,,,,,,,,,,,54.44
2018-11-11,,,,,,,,,,,,,,,,,,,,,,,,,,,,,,,,,,,,,64.34
2018-11-12,97.542,1214.16,1.1218,6.9643,0.7173,3.7649,687.31,1.3247,8.5189,14.4794,3.1819,3.0353,2.9241,1.134,1.13,2.0535,1.9024,,2.26,3.489,,,20.45,,40.14,12.13,2726.22,2028.62,966.41,3205.14,2630.52,10440.34,33.54,1125,1086,,42.33
2018-11-13,97.303,1211.19,1.129,6.9466,0.7218,3.8103,692.02,1.3238,8.4969,14.4569,3.1397,2.984,2.8911,1.112,1.104,2.0334,1.8777,2.153,2.255,3.483,3.78,1.19,20.02,52.234,55.71,12.19,2722.18,2026.52,966.02,3237.38,2654.879,10478.71,32.77,1064,1082,,64.87
2018-11-14,96.803,1207.72,1.131,6.9438,0.7232,3.7848,682.81,1.3242,8.509,14.3948,3.125,2.9567,2.8663,1.117,1.1,2.013,1.8557,2.1299,2.222,3.432,3.92,1.22,21.25,53.8998,47.07,12.88,2701.58,2015.14,968.14,3204.94,2632.242,10405.16,32.715,1009,1091,,53.94
2018-11-15,96.927,1208.04,1.1328,6.9272,0.7277,,675.96,1.3178,8.4888,14.1768,3.1103,2.9379,2.8539,1.101,1.077,2.0163,1.8614,2.127,2.2305,3.412,4.04,1.28,19.98,56.2239,43.87,12.12,2730.2,2026.3,980.85,3242.37,2668.17,10555.49,33.195,1020,1099,,55.04
2018-11-16,96.465,1200.97,1.1415,6.9206,0.7332,3.739,670.83,1.3148,8.4411,13.993,3.0628,2.8782,2.7998,1.041,0.999,2.0288,1.8803,2.149,2.234,3.362,4.12,1.28,18.14,60.4328,40.56,12.05,2736.27,2031.76,986.3,3257.67,2679.11,10583.77,33.59,1031,1106,,30.47
2018-11-17,,,,,,,,,,,,,,,,,,,,,,,,,,,,,,,,,,,,,34.95
2018-11-18,,,,,,,,,,,,,,,,,,,,,,,,,,,,,,,,,,,,,90.25
2018-11-19,96.193,1200.73,1.1454,6.9338,0.7294,3.7598,668.43,1.3171,8.4794,14.026,3.0628,2.8697,2.7893,1.068,1.014,2.0023,1.856,2.123,2.2175,3.393,4.18,1.3,20.1,59.4651,43.45,12.57,2690.73,2009.61,988.31,3294.6,2703.512,10631.66,33.58,1023,1103,,10.92
2018-11-20,96.836,1206.58,1.137,6.9451,0.7214,3.7645,671.46,1.3306,8.5768,14.0941,3.0628,2.8867,2.8037,1.088,1.056,1.9818,1.8315,2.101,2.195,3.392,4.25,1.32,22.48,59.4874,56.56,12.63,2641.89,1976.91,972.58,3218.41,2645.854,10466.11,32.48,1003,1107,,29.26
2018-11-21,96.712,1205.24,1.1384,6.9246,0.7263,3.7975,667.6,1.3231,8.5298,13.9053,3.0627,2.8901,2.8139,1.081,1.068,1.9896,1.8229,2.091,2.191,3.387,4.18,1.31,20.8,57.6452,51.79,12.12,2649.93,1984.73,975.04,3226.49,2651.505,10486.07,32.99,1008,1104,,46.86
2018-11-22,96.712,1202.87,1.1403,6.9274,0.7254,3.804,668.6,1.319,8.5381,13.752,3.0627,2.8901,2.8139,1.081,1.068,1.9892,1.8229,,2.195,3.396,,,,,,,,1984.03,975.99,3214.43,2645.434,10446.43,,1018,1126,,21.81
2018-11-23,96.916,1207.54,1.1337,6.9449,0.7233,3.828,675.65,1.3238,8.5968,13.8608,3.039,2.8662,2.8094,1.08,1.095,1.9667,1.7717,2.041,2.175,3.417,4.26,1.31,21.52,57.3123,65.17,12.1,2632.56,1975.09,969.17,3143.48,2579.483,10388.53,31.955,1093,1130,,24.17
2018-11-24,,,,,,,,,,,,,,,,,,,,,,,,,,,,,,,,,,,,,49.06
2018-11-25,,,,,,,,,,,,,,,,,,,,,,,,,,,,,,,,,,,,,168.06
2018-11-26,97.074,1210,1.1328,6.9503,0.7221,3.9337,676.8,1.3255,8.5887,13.9082,3.0535,2.885,2.8302,1.1,1.108,1.9608,1.7785,2.058,2.1775,3.413,4.22,1.31,18.9,51.5345,57.87,11.83,2673.45,1999.21,976.57,3141.24,2575.81,10521.53,32.435,1217,1127,,168.44
2018-11-27,97.369,1212.16,1.1289,6.9519,0.7225,3.8772,675.29,1.3294,8.6013,13.9282,3.0572,2.8901,2.8329,1.146,1.162,1.9167,1.7301,2,2.146,3.411,4.26,1.33,19.02,51.2362,54.64,12.01,2682.17,2000.07,980.16,3137.24,2574.679,10515.3,32.345,1339,1131,,93.08
2018-11-28,96.786,1205.35,1.1366,6.9405,0.7306,3.8544,675.23,1.3275,8.5584,13.7733,3.059,2.8649,2.8086,1.114,1.123,1.9505,1.7441,2.023,2.136,3.4,4.2,1.34,18.49,50.7621,53.99,11.43,2743.79,2029.78,991.67,3178.93,2601.737,10634.71,32.9,1330,1133,,100.92
2018-11-29,96.778,1204.27,1.1393,6.9358,0.7319,3.8525,669.57,1.3282,8.5349,13.6684,3.0298,2.8463,2.8086,1.048,1.053,1.9879,1.7973,2.0769,2.207,3.384,4.18,1.35,18.79,50.9159,53.96,11.39,2737.76,2034.89,998.05,3137.65,2567.443,10584.93,33.115,1281,1135,,183.21
2018-11-30,97.272,1208.43,1.1317,6.95,0.7306,3.8663,672.55,1.3292,8.6186,13.8699,2.9879,2.8125,2.7865,1.023,1.052,1.9687,1.7681,2.07,2.195,3.38,4.18,1.37,18.07,52.4322,56.04,11.26,2760.17,2041.36,994.72,3172.69,2588.188,10621.74,33.055,1231,1132,,136.43
2018-12-01,,,,,,,,,,,,,,,,,,,,,,,,,,,,,,,,,,,,53.18,142.31
2018-12-02,,,,,,,,,,,,,,,,,,,,,,,,,,,,,,,,,,,,21.42,167.46
2018-12-03,97.04,1206.32,1.1354,6.8764,0.7358,3.8447,668.75,1.3197,8.5277,13.6914,2.9697,2.8175,2.8211,1.01,1.056,1.9624,1.7698,2.06,2.193,3.381,4.09,1.37,16.44,50.3104,49.61,10.93,2790.37,2066.62,1016.87,3260.95,2654.798,10882.16,33.79,1203,1129,50.19,158.49
2018-12-04,96.965,1206.33,1.1343,6.8507,0.7338,3.8493,667.65,1.3262,8.5061,13.8532,2.9136,2.7871,2.7947,0.974,1.053,1.9421,1.7512,2.06,2.185,3.339,4.18,1.4,20.74,53.8639,49.84,11.63,2700.06,2016.89,1014.25,3267.71,2665.958,10907.54,32.82,1237,1146,99.66,109.29
2018-12-05,97.07,1208.82,1.1344,6.8594,0.7268,3.8654,672.85,1.3355,8.5032,13.8473,2.9136,2.7871,2.7947,0.974,1.053,1.9425,1.7512,,2.184,3.319,,,,,,,,2008.63,1001.91,3252,2649.805,10756.95,,1296,1160,103.39,83.26
2018-12-06,96.81,1205.5,1.1374,6.8811,0.7236,3.8821,678.52,1.3383,8.5236,14.0484,2.8955,2.7533,2.76,0.989,1.067,1.9091,1.7009,2.0068,2.16,3.316,4.4,1.45,21.19,60.944,50.13,11.61,2695.95,1990.85,978.93,3181.67,2605.181,10480.72,32.215,1339,1168,131.28,110.19
2018-12-07,96.514,1204.18,1.1379,6.885,0.7208,3.9079,675.13,1.3322,8.5055,14.1643,2.845,2.6891,2.7109,0.945,1.003,1.9042,1.6978,2.019,2.157,3.313,4.4,1.45,23.23,60.7438,41.83,12.22,2633.08,1965.24,981.37,3181.56,2605.888,10369.4,32.035,1372,1167,196.08,101.45
2018-12-08,,,,,,,,,,,,,,,,,,,,,,,,,,,,,,,,,,,,76.75,123.21
2018-12-09,,,,,,,,,,,,,,,,,,,,,,,,,,,,,,,,,,,,35.62,130.49
2018-12-10,97.219,1210.62,1.1356,6.9145,0.719,3.9229,680.3,1.3398,8.5629,14.385,2.8575,2.7142,2.7292,1,1.085,1.8627,1.6421,1.9541,2.135,3.274,4.46,1.45,22.64,60.2587,45.06,12.04,2637.72,1952.83,962.79,3144.76,2584.582,10273.2,31.535,1385,1180,,71.08
2018-12-11,97.388,1211.84,1.1317,6.906,0.7206,3.9003,682.81,1.339,8.5793,14.3438,2.879,2.7411,2.7641,1.052,1.136,1.8291,1.6141,1.9261,2.097,3.303,4.39,1.44,21.76,58.7319,41.46,11.46,2636.78,1954.65,964.8,3159.82,2594.088,10245.01,31.545,1364,1212,,88.44
2018-12-12,97.044,1207.13,1.1369,6.8733,0.722,3.8531,677.75,1.335,8.5721,14.1139,2.9096,2.7681,2.7723,1.075,1.156,1.8376,1.6199,1.9351,2.096,3.286,4.31,1.42,21.46,58.2275,39.9,11.29,2651.07,1975.88,978.9,3170.61,2602.153,10417.16,31.67,1353,1218,,57.97
2018-12-13,97.064,1209.03,1.1361,6.8781,0.7227,3.8909,681.77,1.3355,8.5573,14.1813,2.9131,2.7545,2.762,1.072,1.126,1.8425,1.6362,1.9345,2.098,3.353,4.3,1.4,20.65,55.7492,39.25,10.69,2650.54,1974.41,985.52,3219.69,2634.049,10556.85,31.77,1365,1223,,121.67
2018-12-14,97.443,1212.46,1.1306,6.9023,0.7172,3.9135,685.1,1.3384,8.616,14.398,2.8895,2.7306,2.733,1.063,1.126,1.828,1.6095,1.9089,2.073,3.375,4.37,1.4,21.63,56.1275,42.38,10.77,2599.95,1942.55,971.9,3165.91,2593.741,10359.43,31.045,1401,1223,,86.56
2018-12-15,,,,,,,,,,,,,,,,,,,,,,,,,,,,,,,,,,,,,90.26
2018-12-16,,,,,,,,,,,,,,,,,,,,,,,,,,,,,,,,,,,,,186.66
2018-12-17,97.1,1208.4,1.1348,6.9012,0.7179,3.902,686.48,1.3407,8.6469,14.3957,2.857,2.6933,2.6916,1.042,1.106,1.8149,1.5936,1.8849,2.06,3.383,4.47,1.41,24.52,55.4075,46.59,11.75,2545.94,1914.33,967.82,3161.2,2597.974,10351.81,30.48,1406,1230,,101.75
2018-12-18,97.104,1207.28,1.1361,6.8932,0.7181,3.9092,688.81,1.3466,8.7325,14.3512,2.8175,2.646,2.6439,1.002,1.071,1.8163,1.5822,1.8728,2.055,3.382,4.64,1.42,25.58,59.3962,53.35,12.18,2546.16,1908.16,962.98,3128.43,2576.649,10230.52,29.76,1395,1240,,103.24
2018-12-19,97.035,1208.34,1.1376,6.9055,0.7109,3.8952,687.87,1.3484,8.7212,14.3895,2.7548,2.6189,2.6458,0.974,1.082,1.7824,1.5487,1.8552,2.009,3.361,4.75,1.43,25.58,59.009,50.86,11.4,2506.96,1892.71,967.65,3091.13,2549.563,10195.59,29.41,1378,1266,,114.17
2018-12-20,96.276,1199.89,1.1446,6.8952,0.7108,3.8442,691.15,1.3509,8.6869,14.4144,2.8065,2.6677,2.6706,1.028,1.136,1.7807,1.5414,1.803,2.009,3.336,5.08,1.46,28.38,58.762,52.89,12.45,2467.42,1862.82,959.79,3067.42,2536.268,10090.75,28.595,1318,1258,,79.38
2018-12-21,96.956,1206.67,1.1372,6.9239,0.704,3.9,692.38,1.3602,8.7654,14.643,2.7902,2.6386,2.6389,1.027,1.11,1.7651,1.5352,1.8179,1.994,3.328,5.14,1.48,30.11,61.6148,51.76,11.97,2416.62,1834.97,957.33,3029.4,2516.25,10100.95,28.055,1279,1256,,144.91
2018-12-22,,,,,,,,,,,,,,,,,,,,,,,,,,,,,,,,,,,,,10.92
2018-12-23,,,,,,,,,,,,,,,,,,,,,,,,,,,,,,,,,,,,,261.36
2018-12-24,96.553,1201.71,1.1406,6.903,0.7049,3.8924,688.75,1.3597,8.7461,14.5835,2.7383,2.5793,2.5593,0.991,1.074,1.7505,1.5102,1.7768,1.983,3.352,5.3,1.5,36.07,66.0443,56.73,14.8,2351.1,1802.95,952.84,3038.2,2527.007,10062.94,26.92,1271,1252,,141.79
2018-12-25,96.581,1202.19,1.1392,6.8944,0.7036,,,1.3593,8.7609,14.6038,2.7383,2.5793,2.5593,0.991,1.074,1.7493,1.5102,,1.99,3.32,,,,,,,,1795.28,950.27,3017.28,2504.819,,,,,,171.11
2018-12-26,97.05,1205.71,1.1353,6.8948,0.7066,3.9281,693.52,1.3574,8.7667,14.57,2.8079,2.6483,2.615,1.033,1.101,1.7754,1.5502,1.8,2.011,3.31,5.3,1.5,30.41,63.8872,54.07,14.47,2467.7,1850.7,950.15,3002.03,2498.294,,28.595,,,,198.19
2018-12-27,96.481,1200.84,1.143,6.8747,0.7033,3.8759,697.76,1.3619,8.7705,14.4942,2.7666,2.6166,2.5625,1.011,1.061,1.7581,1.535,1.7766,1.983,3.31,5.31,1.52,29.96,68.3371,57.16,15.18,2488.83,1862.38,952.33,2990.51,2483.086,9991.06,28.745,,,,161.1
2018-12-28,96.402,1198.22,1.1444,6.882,0.7047,3.8767,693.6,1.3638,8.7084,14.4331,2.7182,2.5547,2.5161,0.988,1.034,1.732,1.5058,1.77,1.962,,5.22,1.52,28.34,66.6613,53.11,14.56,2485.74,1870.8,962.63,3010.65,2493.896,9992.22,28.525,,,,156.65
2018-12-29,,,,,,,,,,,,,,,,,,,,,,,,,,,,,,,,,,,,,116.81
2018-12-30,,,,,,,,,,,,,,,,,,,,,,,,,,,,,,,,,,,,,213.53
2018-12-31,96.173,1195.91,1.1467,6.8706,0.7049,3.8745,,1.3637,8.6409,14.3467,2.6842,2.5111,2.4878,0.972,0.999,1.7139,1.4933,1.75,1.938,,5.26,1.53,25.42,66.5828,51.87,13.48,2506.85,1883.9,965.78,,,10124.75,28.675,,,,149.82
2019-01-01,96.085,1195.7,1.1465,6.8718,0.7053,,694,1.3631,8.6443,14.3947,2.6842,2.5111,2.4878,0.972,0.999,1.7139,1.4942,,1.94,,,,,,,,,1883.93,966.04,,,,,,,83.74,204.03
2019-01-02,96.819,1199.79,1.1344,6.8785,0.6985,3.7859,697.48,1.3579,8.7164,14.4613,2.6204,2.4577,2.4676,0.932,0.963,1.6886,1.482,1.747,1.912,3.178,5.27,1.54,23.22,62.8045,54.72,13.18,2510.03,1881.15,955.78,2969.54,2465.291,9833.69,29.24,1282,1009,189.86,146.97
2019-01-03,96.305,1194.02,1.1394,6.883,0.7006,3.7594,695.5,1.3488,8.6899,14.2983,2.5535,2.3579,2.3786,0.875,0.869,1.6786,1.4788,1.738,1.907,3.156,5.37,1.57,25.45,65.7852,53.57,13.77,2447.89,1853.18,949.57,2964.84,2464.363,9835.45,28.95,1267,999,9.49,212.58
2019-01-04,96.179,1191.38,1.1395,6.8659,0.7113,3.7155,682.35,1.3374,8.6137,13.9649,2.6677,2.5008,2.4937,0.908,0.91,1.761,1.5818,1.837,1.985,3.138,4.98,1.55,21.38,65.8207,51.52,12.04,2531.94,1904.18,964.97,3035.87,2514.868,10029.65,29.935,1260,982,99.02,153.15
2019-01-05,,,,,,,,,,,,,,,,,,,,,,,,,,,,,,,,,,,,40.48,4.7
2019-01-06,,,,,,,,,,,,,,,,,,,,,,,,,,,,,,,,,,,,40.5,230.39
2019-01-07,95.666,1186.84,1.1474,6.8465,0.7148,3.7327,679.91,1.3299,8.5322,13.8773,2.696,2.5375,2.5406,0.915,0.917,1.7807,1.6103,1.8528,1.997,3.169,4.73,1.53,21.4,60.8802,50.42,11.66,2549.69,1919.75,977.96,3054.3,2533.089,10123.85,30.38,1247,973,83.16,148.61
2019-01-08,95.903,1189,1.1441,6.8547,0.714,3.7139,680.17,1.3274,8.5507,13.9565,2.728,2.5795,2.5855,0.906,0.917,1.821,1.6522,1.903,2.037,3.147,4.57,1.51,20.47,59.045,46.08,11.16,2574.41,1935.79,975.51,3047.7,2526.462,10133.74,30.615,1262,967,67.88,259.25
2019-01-09,95.219,1180.56,1.1543,6.8123,0.717,3.6808,676.98,1.3209,8.4686,13.8592,2.71,2.5475,2.5529,0.883,0.867,1.8258,1.6701,1.921,2.046,,4.45,1.48,19.98,57.0177,44.36,11.69,2584.96,1950.99,994.41,3078.48,2544.345,10358.21,31.1,1238,957,106.43,120.42
2019-01-10,95.539,1183.8,1.15,6.7935,0.7185,3.7118,675.78,1.3236,8.4781,13.8539,2.7421,2.5676,2.5755,0.925,0.901,1.817,1.658,1.906,2.042,,4.45,1.48,19.5,56.6493,42.99,10.95,2596.64,1957.69,998.67,3072.69,2535.098,10394.59,31.19,1189,930,76.84,148.84
2019-01-11,95.67,1183.97,1.1469,6.7601,0.7215,3.7136,674.56,1.3267,8.5357,13.8405,2.7007,2.5288,2.5408,0.869,0.847,1.8301,1.6734,1.914,2.051,3.12,4.44,1.47,18.19,55.9434,40.99,11,2596.26,1957.17,1001.11,3094.78,2553.831,10454.95,31.005,1169,929,101.24,170.68
2019-01-12,,,,,,,,,,,,,,,,,,,,,,,,,,,,,,,,,,,,51.76,175.61
2019-01-13,,,,,,,,,,,,,,,,,,,,,,,,,,,,,,,,,,,,37.73,120.96
2019-01-14,95.61,1182.46,1.1469,6.763,0.7197,3.6976,673.15,1.3285,8.549,13.7762,2.7024,2.5237,2.5347,0.897,0.887,1.8047,1.6315,1.8856,2.023,3.141,4.52,1.47,19.07,55.3414,40.81,11.06,2582.61,1948.16,992.71,3067.78,2535.765,10292.44,30.93,1147,925,89.27,223.58
2019-01-15,96.039,1185.38,1.1413,6.7735,0.7201,3.72,674.81,1.3266,8.5421,13.738,2.7112,2.5304,2.5347,0.899,0.892,1.8126,1.6352,1.8723,2.042,3.147,4.46,1.47,18.6,53.0115,39.75,11.06,2610.3,1963.61,1005.11,3127.99,2570.345,10502.62,31.04,1096,920,102.54,104.39
2019-01-16,96.059,1186.29,1.1392,6.7621,0.7168,3.7368,671.13,1.3255,8.5396,13.6923,2.7218,2.537,2.5409,0.905,0.899,1.8143,1.635,1.8756,2.042,3.083,4.36,1.44,19.04,51.9493,38.77,11.08,2616.1,1966.5,1009.39,3128.65,2570.422,10555.52,31,1055,899,92.77,173.46
2019-01-17,96.065,1186.52,1.1389,6.7758,0.7193,3.746,671.15,1.3279,8.551,13.7219,2.7504,2.5707,2.5637,0.928,0.926,1.8209,1.6399,1.885,2.046,3.081,4.32,1.43,18.06,53.4391,37.03,10.9,2635.96,1975.61,1008.99,3111.42,2559.637,10512.15,31.285,1077,891,160.64,168.92
2019-01-18,96.336,1190.92,1.1363,6.8034,0.7168,3.7544,669.33,1.326,8.5617,13.8479,2.7842,2.6231,2.6139,0.962,0.945,1.8235,1.6749,1.8995,2.063,3.105,4.22,1.38,17.8,53.7818,35.63,11.12,2670.71,2000.76,1018,3168.17,2596.006,10636.97,31.92,1112,873,112.83,154.17
2019-01-19,,,,,,,,,,,,,,,,,,,,,,,,,,,,,,,,,,,,22.32,109
2019-01-20,,,,,,,,,,,,,,,,,,,,,,,,,,,,,,,,,,,,47.83,178.48
2019-01-21,96.336,1191.32,1.1365,6.8012,0.7159,3.7601,672.48,1.3294,8.5622,13.8277,2.7842,2.6231,2.6139,0.962,0.945,1.8231,1.6749,,2.0425,3.112,,,,,,,,2000.77,1018.45,3185.64,2610.51,10713.05,,1092,875,70.8,216.29
2019-01-22,96.303,1191.89,1.136,6.8157,0.7124,3.8047,671.93,1.3355,8.6015,13.9732,2.7392,2.5773,2.5869,0.94,0.931,1.7996,1.6443,1.862,2.033,3.121,4.33,1.37,20.8,54.6405,38.26,10.77,2632.9,1978.83,1010.63,3143.32,2579.704,10613.48,31.225,1036,868,144.77,107.95
2019-01-23,96.123,1188.48,1.1381,6.7936,0.7142,3.7593,672.61,1.3343,8.566,13.8163,2.7409,2.5756,2.5829,0.948,0.934,1.7934,1.6411,1.863,2.024,3.132,4.34,1.35,19.52,54.1942,37.69,10.61,2638.7,1980.15,1011.56,3141.05,2581.004,10631.03,30.905,982,866,58.19,88.26
2019-01-24,96.601,1191.64,1.1304,6.7949,0.7094,3.7708,670.83,1.335,8.5881,13.722,2.7157,2.5502,2.5642,0.943,0.921,1.7732,1.6299,1.8574,2.007,3.132,4.4,1.34,18.89,54.1789,36.75,10.37,2642.33,1983.23,1019.44,3158.78,2591.694,10691,31.07,939,875,91.32,106.06
2019-01-25,95.794,1183.31,1.1406,6.7536,0.7179,3.762,667.2,1.3218,8.5132,13.6192,2.7585,2.5992,2.6063,0.976,0.952,1.7833,1.6441,1.8696,2.009,3.144,4.29,1.32,17.42,52.496,35.21,11.12,2664.76,2001.86,1032.34,3184.47,2601.723,10873.67,31.465,905,877,91.14,105.17
2019-01-26,,,,,,,,,,,,,,,,,,,,,,,,,,,,,,,,,,,,40.13,107.16
2019-01-27,,,,,,,,,,,,,,,,,,,,,,,,,,,,,,,,,,,,75.63,218.94
2019-01-28,95.746,1183.71,1.1428,6.7552,0.7166,3.7661,672.44,1.3262,8.5107,13.6653,2.744,2.5805,2.5897,0.971,0.95,1.7747,1.6282,1.838,2.001,3.154,4.33,1.32,18.87,50.9512,37.61,11.04,2643.85,1989.18,1028.06,3183.78,2596.977,10882.5,31.15,852,874,101.15,73.71
2019-01-29,95.821,1184.58,1.1433,6.7483,0.7155,3.7257,667.68,1.3269,8.4983,13.6001,2.7098,2.5452,2.5726,0.936,0.911,1.7747,1.635,1.8475,2.003,3.137,4.34,1.31,19.13,49.8021,37.13,11.25,2640,1989.6,1029.75,3193.97,2594.254,10867.42,31.245,797,872,101.45,62.53
2019-01-30,95.34,1180.19,1.148,6.7121,0.7248,3.6794,667.5,1.3149,8.4251,13.33,2.6775,2.4833,2.5081,0.85,0.788,1.8288,1.6945,1.9044,2.05,3.135,4.3,1.3,17.66,48.3202,35.59,11.14,2681.05,2010.96,1036.63,3168.48,2575.576,10897.13,31.685,721,859,173.69,123.71
2019-01-31,95.578,1180.83,1.1448,6.7095,0.7273,3.6468,654.45,1.3125,8.4299,13.2542,2.6293,2.4365,2.4576,0.767,0.711,1.863,1.7266,1.9443,2.098,3.106,4.23,1.28,16.57,49.8117,34.97,10.74,2704.1,2028.49,1049.93,3201.63,2584.573,11035.73,31.89,668,848,148.14,126.24
2019-02-01,95.579,1181.98,1.1456,6.7565,0.725,3.6568,652.1,1.3102,8.4385,13.3249,2.6842,2.5033,2.5019,0.814,0.763,1.8716,1.7425,1.964,2.115,3.11,4.16,1.27,16.14,48.7887,33.4,10.12,2706.53,2029.55,1050.2,3247.4,2618.232,11063.94,32.445,645,843,113.57,95.81
2019-02-02,,,,,,,,,,,,,,,,,,,,,,,,,,,,,,,,,,,,75.84,82.06
2019-02-03,,,,,,,,,,,,,,,,,,,,,,,,,,,,,,,,,,,,82.25,134.38
2019-02-04,95.852,1185.09,1.1438,6.7787,0.7226,3.6666,651.14,1.311,8.4615,13.4212,2.7235,2.5352,2.5364,0.852,0.797,1.8729,1.7401,1.96,2.113,,4.11,1.25,15.73,48.874,33.7,10.11,2724.87,2037.76,1048.05,,,11036.42,32.52,634,824,179.98,216.31
2019-02-05,96.067,1186.21,1.1406,6.7628,0.7234,3.6666,651.8,1.3126,8.4848,13.3749,2.6983,2.51,2.5222,0.825,0.77,1.8743,1.7412,1.945,2.107,,4.02,1.23,15.57,48.6212,34.57,10.14,2737.7,2051.36,1051.9,,,,32.57,629,806,106.41,87.75
2019-02-06,96.39,1189.88,1.1362,6.7782,0.7105,3.7006,654.65,1.3214,8.5427,13.5405,2.6946,2.5033,2.5243,0.838,0.776,1.8575,1.7313,1.95,2.09,,4,1.24,15.38,47.4392,33.02,9.76,2731.61,2047.11,1048.46,,,,32.33,629,805,103.1,145.25
2019-02-07,96.507,1191.83,1.1341,6.7844,0.7101,3.7171,655.26,1.3308,8.5958,13.6287,2.6572,2.463,2.4795,0.818,0.763,1.8401,1.7074,1.908,2.068,,4.16,1.26,16.37,48.9702,34.34,9.72,2706.05,2026.94,1041.97,,,,31.615,610,797,92.48,93.79
2019-02-08,96.637,1192.07,1.1323,6.7847,0.7088,3.732,658.83,1.3278,8.6376,13.6245,2.6339,2.4445,2.465,0.808,0.744,1.8276,1.7092,1.8991,2.043,,4.22,1.26,15.72,49.628,32.56,9.89,2707.88,2020.53,1036.03,,,10956.58,31.47,601,795,62.35,76.81
2019-02-09,,,,,,,,,,,,,,,,,,,,,,,,,,,,,,,,,,,,30.33,49.63
2019-02-10,,,,,,,,,,,,,,,,,,,,,,,,,,,,,,,,,,,,39.16,95.37
2019-02-11,97.057,1197.72,1.1276,6.8004,0.7062,3.7558,663.05,1.3302,8.7171,13.8112,2.6536,2.4663,2.4854,0.83,0.768,1.8243,1.7075,1.902,2.04,,4.15,1.26,15.97,48.3198,33.34,10.18,2709.8,2021.6,1035.41,3306.47,2653.896,11016.93,31.62,595,791,96.53,59.53
2019-02-12,96.709,1194.2,1.1326,6.7738,0.7095,3.712,660.65,1.3238,8.6505,13.7686,2.6877,2.4965,2.5059,0.847,0.767,1.8412,1.7355,1.913,2.054,3.077,4.05,1.25,15.43,49.0236,32.69,10.03,2744.73,2045.12,1042.13,3330.34,2671.894,11044.65,32.02,598,790,69.22,45.91
2019-02-13,97.129,1199.45,1.1261,6.7834,0.709,3.7592,663.68,1.3254,8.6616,14.0644,2.7021,2.5235,2.5305,0.836,0.758,1.8667,1.7742,1.944,2.075,3.078,4.02,1.24,15.65,48.1677,32.26,9.55,2753.03,2052.76,1041.84,3397.03,2721.068,11199.1,32.42,608,798,88.73,93.01
2019-02-14,96.978,1197.29,1.1295,6.7802,0.7106,3.7188,666.85,1.3295,8.6496,14.1304,2.6536,2.4729,2.4935,0.798,0.718,1.8567,1.7662,1.939,2.0675,3.089,4.07,1.26,16.22,47.1872,32.1,9.92,2745.73,2047.56,1039.19,3402.14,2719.7,11170.35,32.535,628,806,76.54,35.99
2019-02-15,96.904,1195.04,1.1296,6.7705,0.7141,3.7014,663.89,1.3244,8.6354,14.0811,2.6626,2.4931,2.5141,0.799,0.716,1.865,1.7869,1.943,2.067,3.088,4.02,1.25,14.91,45.7323,29.46,10.16,2775.6,2066.59,1030.64,3338.71,2682.385,10937.33,33.06,639,818,145.11,55.54
2019-02-16,,,,,,,,,,,,,,,,,,,,,,,,,,,,,,,,,,,,61.66,27.08
2019-02-17,,,,,,,,,,,,,,,,,,,,,,,,,,,,,,,,,,,,86.23,10.92
2019-02-18,96.904,1194.48,1.1311,6.7738,0.713,3.7354,660.98,1.324,8.6104,14.1156,2.6626,2.4931,2.5141,0.799,0.716,1.865,1.7859,,2.068,3.114,,,,,,,,2072.62,1036.73,3445.75,2754.357,11149.02,,643,819,67.15,57.35
2019-02-19,96.52,1190.55,1.1341,6.7454,0.7165,3.7218,656.93,1.3211,8.5665,14.0449,2.6339,2.4576,2.4872,0.758,0.672,1.8768,1.7954,1.944,2.073,3.128,4.01,1.25,14.88,45.0614,31,11.39,2779.76,2075.91,1036.97,3439.61,2755.646,11116.92,33.16,635,828,116.57,79.79
2019-02-20,96.454,1191.09,1.1338,6.7189,0.7165,3.7303,652.79,1.3176,8.5879,14.0124,2.6447,2.4677,2.4975,0.751,0.663,1.8941,1.8146,1.9572,2.088,3.118,3.98,1.25,14.02,44.5448,30.76,10.92,2784.7,2083.64,1049.32,3451.93,2761.219,11229.43,33.3,622,831,171.34,65.36
2019-02-21,96.605,1192.71,1.1336,6.7234,0.7092,3.7627,654.15,1.3232,8.6237,14.0244,2.6914,2.5134,2.5286,0.78,0.696,1.9132,1.827,1.96,2.08,3.137,3.94,1.25,14.46,46.5487,30.16,10.29,2774.88,2077.44,1050.99,3442.71,2751.801,11305.98,32.785,630,828,116.55,87.44
2019-02-22,96.507,1190.5,1.1335,6.7096,0.7129,3.747,651.05,1.3135,8.613,14.0001,2.6518,2.471,2.4933,0.731,0.631,1.9223,1.8475,1.953,2.109,3.145,3.95,1.25,13.51,47.2184,29.85,10.02,2792.67,2086.97,1058.65,3520.12,2804.226,11427.29,32.88,634,823,69.44,115.34
2019-02-23,,,,,,,,,,,,,,,,,,,,,,,,,,,,,,,,,,,,46.91,93.12
2019-02-24,,,,,,,,,,,,,,,,,,,,,,,,,,,,,,,,,,,,74.98,4.05
2019-02-25,96.413,1189.46,1.1358,6.683,0.7167,3.7476,649.57,1.3187,8.5949,13.8236,2.6626,2.4761,2.5058,0.735,0.641,1.9289,1.8417,1.965,2.114,3.172,3.88,1.24,14.85,46.1606,32.69,9.91,2796.11,2091.83,1067.64,3729.48,2961.283,11631.03,32.935,637,801,139.02,84.03
2019-02-26,96.003,1185.77,1.1389,6.6863,0.7186,3.7489,649.05,1.3169,8.5636,13.8338,2.6357,2.4451,2.4819,0.713,0.609,1.9232,1.8485,1.9706,2.109,3.19,3.87,1.23,15.17,46.2842,31.57,9.86,2793.9,2091.7,1064.94,3684.69,2941.516,11543.95,32.83,649,799,124.92,68.54
2019-02-27,96.154,1187.46,1.137,6.6817,0.7138,3.7295,650.81,1.3156,8.5567,13.9358,2.6825,2.4803,2.498,0.746,0.622,1.9374,1.8674,1.9965,2.135,3.177,3.83,1.23,14.7,46.7929,31.01,9.72,2792.38,2092.12,1061.26,3678.39,2953.824,11457.27,32.955,651,796,160.56,128.81
2019-02-28,96.157,1189.88,1.1371,6.7034,0.7094,3.7568,654.63,1.3172,8.5619,14.0849,2.715,2.5122,2.5141,0.772,0.652,1.9442,1.8641,1.993,2.142,3.178,3.79,1.21,14.78,47.2183,30.27,9.52,2784.49,2085.84,1050.95,3669.37,2940.954,11367.45,32.625,658,781,162.63,125.24
2019-03-01,96.527,1193.46,1.1365,6.714,0.7079,3.7786,658.47,1.3297,8.5809,14.2295,2.7531,2.5562,2.5526,0.797,0.684,1.9583,1.8764,2.003,2.155,3.204,3.76,1.2,13.57,47.9044,30.31,10.2,2803.69,2096.35,1051.54,3749.71,2994.005,11506.94,33.225,664,774,184.5,110.76
2019-03-02,,,,,,,,,,,,,,,,,,,,,,,,,,,,,,,,,,,,131.75,118.68
2019-03-03,,,,,,,,,,,,,,,,,,,,,,,,,,,,,,,,,,,,77.76,101.11
2019-03-04,96.682,1193.89,1.134,6.707,0.7092,,658.83,1.3303,8.645,14.2301,2.7223,2.5276,2.5405,0.784,0.673,1.9389,1.8581,1.988,2.136,3.205,3.78,1.2,14.63,46.7423,30.2,10.26,2792.81,2090.4,1053.62,3794.1,3027.575,11575.53,33.285,669,762,62.96,71.01
2019-03-05,96.866,1195.72,1.1308,6.7051,0.7084,,656.93,1.335,8.6625,14.1669,2.7169,2.5277,2.5446,0.794,0.686,1.9246,1.8483,1.981,2.133,3.229,3.81,1.2,14.74,45.8567,29.79,10.19,2789.65,2087.5,1055.12,3816.01,3054.247,11582.61,33.175,663,754,103.08,138.38
2019-03-06,96.873,1197.35,1.1307,6.7171,0.7032,3.8393,659.15,1.3442,8.6651,14.2678,2.6934,2.4991,2.5161,0.781,0.667,1.9133,1.8378,1.968,2.126,3.198,3.86,1.21,15.74,45.6342,29.69,10.13,2771.45,2078.69,1055.68,3848.09,3102.099,11592.03,32.755,664,753,81.01,78.64
2019-03-07,97.667,1204.98,1.1193,6.7341,0.7016,3.8759,665.74,1.3455,8.7797,14.5036,2.6393,2.4403,2.4734,0.732,0.615,1.908,1.8363,1.97,2.12,3.175,3.96,1.22,16.59,45.8309,30.43,10.36,2748.93,2061.41,1043.56,3808.85,3106.418,11460.08,32.56,657,747,91.1,138.86
2019-03-08,97.306,1201.2,1.1235,6.7309,0.7045,3.8658,671.47,1.3416,8.7684,14.4391,2.6285,2.4303,2.461,0.728,0.604,1.9027,1.8364,1.973,2.115,3.149,4.04,1.23,16.05,45.8253,29.77,10.51,2743.07,2051.12,1030.13,3657.58,2969.861,11156.82,31.95,649,742,55.01,81.81
2019-03-09,,,,,,,,,,,,,,,,,,,,,,,,,,,,,,,,,,,,81.61,67.73
2019-03-10,,,,,,,,,,,,,,,,,,,,,,,,,,,,,,,,,,,,23.22,138.96
2019-03-11,97.215,1198.8,1.1245,6.7324,0.707,3.841,670.62,1.3394,8.6657,14.3393,2.6393,2.4421,2.4752,0.73,0.598,1.9102,1.8559,1.9905,2.122,3.148,3.99,1.22,14.33,44.8436,29.18,10.18,2783.3,2074.66,1041.15,3729.95,3026.992,11276.91,32.45,645,737,44.9,161.35
2019-03-12,96.935,1196.14,1.1288,6.7068,0.7082,3.8114,666.48,1.3354,8.6329,14.3519,2.6015,2.4085,2.4506,0.703,0.575,1.8998,1.8433,1.968,2.108,3.158,3.96,1.21,13.77,44.86,28.56,10.08,2791.52,2083.38,1051.52,3755.35,3060.307,11466.14,32.66,647,743,101.32,93.23
2019-03-13,96.55,1191.81,1.1327,6.7013,0.7094,3.817,668.69,1.3302,8.5633,14.4227,2.6213,2.4304,2.4648,0.701,0.57,1.9209,1.8698,1.992,2.127,3.147,3.88,1.21,13.41,44.5688,28.13,10.14,2810.92,2095.67,1050.46,3724.19,3026.951,11405.82,32.99,654,740,115.26,81.38
2019-03-14,96.785,1195.31,1.1304,6.722,0.7064,3.8447,671.17,1.3335,8.5712,14.5378,2.6303,2.4304,2.4607,0.691,0.554,1.9397,1.8831,2.009,2.143,3.152,3.86,1.21,13.5,45.2381,27.22,10.08,2808.48,2096.32,1048.2,3698.49,2990.685,11447.27,33.025,677,737,66.67,56.33
2019-03-15,96.595,1192.81,1.1326,6.7136,0.7085,3.8144,668.79,1.3336,8.5298,14.4013,2.5871,2.3951,2.4378,0.645,0.517,1.9448,1.8856,2.008,2.152,3.15,3.88,1.2,12.88,46.054,26.27,10.01,2822.48,2108.78,1057.3,3745.01,3021.751,11508.17,32.755,730,735,61.12,66.48
2019-03-16,,,,,,,,,,,,,,,,,,,,,,,,,,,,,,,,,,,,81.61,65.37
2019-03-17,,,,,,,,,,,,,,,,,,,,,,,,,,,,,,,,,,,,32.56,101.36
2019-03-18,96.524,1190.66,1.1337,6.7208,0.7104,3.7917,665.88,1.3334,8.5459,14.4494,2.6033,2.4119,2.4521,0.644,0.52,1.9606,1.9005,2.025,2.162,3.142,3.84,1.19,13.1,44.9477,26.48,9.79,2832.94,2117.99,1069.26,3851.75,3096.417,11674.83,33.21,721,730,79.94,77.23
2019-03-19,96.383,1189.46,1.1352,6.7177,0.7088,3.7891,665.69,1.332,8.5266,14.5059,2.6123,2.4254,2.4686,0.659,0.547,1.9537,1.8872,2.013,2.1575,3.142,3.82,1.19,13.56,43.6778,28.44,9.82,2832.57,2120.44,1070.95,3833.96,3090.975,11686.66,33.12,712,715,107.43,82.83
2019-03-20,95.761,1183.52,1.1413,6.6876,0.7116,3.7763,665.97,1.3305,8.5005,14.2596,2.5263,2.3277,2.3961,0.571,0.432,1.9561,1.9067,2.0341,2.159,3.146,3.86,1.2,13.91,42.5322,27.21,10.15,2824.23,2112.05,1068.47,3835.44,3090.64,11624.98,33.41,709,705,60.31,75.89
2019-03-21,96.495,1188.74,1.1374,6.7071,0.7112,3.7932,669.53,1.3364,8.4544,14.2162,2.5369,2.3412,2.4084,0.58,0.451,1.9593,1.9021,2.036,2.165,3.126,3.8,1.18,13.63,44.5137,27.14,10.2,2854.88,2127.93,1069.68,3836.89,3101.455,11544.09,33.645,695,700,88.87,91.17
2019-03-22,96.651,1191.1,1.1302,6.723,0.7083,3.9065,680,1.3429,8.5593,14.4976,2.439,2.2419,2.3166,0.536,0.418,1.9047,1.8363,1.97,2.113,3.108,3.94,1.19,16.48,52.2586,27.78,10.31,2800.71,2094.81,1059.63,3833.8,3104.149,11517.48,32.735,690,695,122.84,83.99
2019-03-23,,,,,,,,,,,,,,,,,,,,,,,,,,,,,,,,,,,,77.73,102.4
2019-03-24,,,,,,,,,,,,,,,,,,,,,,,,,,,,,,,,,,,,67.19,127.53
2019-03-25,96.566,1189.43,1.1312,6.7171,0.7112,3.8543,680,1.3404,8.5343,14.3073,2.3983,2.1783,2.2416,0.531,0.395,1.8681,1.7939,1.927,2.068,,4.02,1.19,16.33,57.1059,29.32,10.77,2798.36,2087.06,1047.71,3742.83,3043.031,11232.07,32.75,689,688,51.39,69.27
2019-03-26,96.736,1192.18,1.1266,6.7234,0.7135,3.8754,680.75,1.3381,8.5452,14.416,2.423,2.2049,2.2662,0.559,0.424,1.8646,1.7904,1.919,2.068,,4.01,1.18,14.68,56.5131,27.92,10.18,2818.46,2102.62,1050.45,3700.44,2997.095,11231.73,33.22,683,678,88.73,78.28
2019-03-27,96.774,1194.39,1.1244,6.7382,0.7084,3.994,683.25,1.3409,8.6285,14.5995,2.3665,2.1563,2.2,0.541,0.42,1.8268,1.7456,1.88,2.043,3.09,4.02,1.19,15.15,60.9728,28.11,10.36,2805.37,2094.02,1044.1,3743.39,3022.719,11305.36,32.985,690,663,80.9,92.66
2019-03-28,97.202,1198.25,1.1221,6.7395,0.7074,3.901,683.32,1.3438,8.6411,14.6077,2.3946,2.2145,2.2359,0.535,0.445,1.8615,1.7687,1.911,2.069,3.083,4.02,1.19,14.43,59.927,28.52,10.35,2815.44,2095.18,1045.21,3728.4,2994.943,11294.81,33.11,692,651,81.35,53.74
2019-03-29,97.284,1198.44,1.1218,6.7232,0.7096,3.9205,679.7,1.3349,8.6267,14.5012,2.405,2.233,2.26,0.531,0.439,1.8749,1.7908,1.937,2.082,3.069,3.91,1.19,13.71,58.5478,26.75,9.94,2834.4,2107.74,1058.13,3872.34,3090.758,11379.62,33.06,689,648,77.67,91.25
2019-03-30,,,,,,,,,,,,,,,,,,,,,,,,,,,,,,,,,,,,67.23,101.92
2019-03-31,,,,,,,,,,,,,,,,,,,,,,,,,,,,,,,,,,,,22.33,134.75
2019-04-01,97.232,1196.68,1.1213,6.719,0.7112,3.851,671.79,1.3307,8.585,14.1595,2.5009,2.3215,2.3326,0.592,0.479,1.9094,1.8344,1.977,2.117,3.148,3.76,1.19,13.4,52.6899,26.23,10.13,2867.19,2131.79,1070.09,3973.93,3170.361,11557.63,33.495,685,640,65.45,117.34
2019-04-02,97.361,1197.83,1.1204,6.7261,0.7071,3.8537,673.23,1.3337,8.6026,14.2045,2.4741,2.2865,2.3024,0.572,0.453,1.9034,1.8256,1.969,2.113,3.174,3.77,1.19,13.36,54.2056,26.28,9.81,2867.24,2131.71,1071.14,3971.29,3176.823,11546.66,33.265,674,632,60.65,130.56
2019-04-03,97.091,1195.77,1.1233,6.7142,0.7113,3.8711,666.66,1.3345,8.5728,14.1461,2.5241,2.3268,2.3348,0.615,0.49,1.9096,1.8264,1.9679,2.115,3.251,3.73,1.18,13.74,53.8399,25.57,9.69,2873.4,2143.02,1079.8,4022.16,3216.295,11705.16,32.945,672,623,83.97,81.95
2019-04-04,97.308,1197.33,1.1221,6.7171,0.7112,3.8588,665.57,1.3359,8.602,14.1198,2.5151,2.3201,2.3369,0.61,0.493,1.9064,1.8203,1.963,2.11,3.262,3.72,1.17,13.58,51.6954,25.22,9.92,2879.39,2142.75,1080.73,4062.23,3246.571,11692.37,33.22,699,618,72.57,82.78
2019-04-05,97.395,1198.24,1.1216,6.7123,0.7105,3.8735,664.67,1.3384,8.6102,14.0931,2.4954,2.3053,2.3393,0.585,0.484,1.9117,1.8195,1.9665,2.115,,3.68,1.16,12.82,49.2196,24,9.65,2892.74,2149.85,1085.14,,,,33.805,711,617,71.19,50.15
2019-04-06,,,,,,,,,,,,,,,,,,,,,,,,,,,,,,,,,,,,58.6,108.22
2019-04-07,,,,,,,,,,,,,,,,,,,,,,,,,,,,,,,,,,,,15.52,127.54
2019-04-08,97.05,1194.58,1.1263,6.7174,0.7127,3.8509,663.7,1.3314,8.5471,14.1108,2.5222,2.3272,2.3618,0.598,0.493,1.9247,1.8316,1.976,2.13,3.256,3.66,1.15,13.18,47.8937,24.33,9.71,2895.77,2152.9,1088.5,4057.23,3244.81,11793.65,33.955,714,610,96.83,58.07
2019-04-09,97.006,1193.91,1.1263,6.719,0.7124,3.8505,663.96,1.333,8.5569,14.0903,2.5006,2.3055,2.3497,0.588,0.49,1.9139,1.8132,1.965,2.119,3.302,3.67,1.15,14.28,48.8314,24.66,9.55,2878.2,2143.2,1093.44,4075.43,3239.664,11815,33.54,725,618,167.54,60.19
2019-04-10,96.946,1191.96,1.1274,6.719,0.7171,3.8251,661.99,1.3319,8.497,13.9148,2.4649,2.272,2.3212,0.532,0.424,1.9346,1.8475,1.998,2.139,3.319,3.66,1.14,13.3,48.6003,24.68,9.45,2888.21,2147.99,1096.05,4085.85,3241.93,11764,33.665,734,620,76.35,71.78
2019-04-11,97.177,1194.83,1.1253,6.7281,0.7124,3.8604,665.2,1.3383,8.5363,14.0068,2.497,2.3107,2.354,0.562,0.467,1.9359,1.8425,1.991,2.136,3.281,3.58,1.12,13.02,46.9,25.7,9.59,2888.32,2147.61,1087.49,3997.58,3189.962,11618.04,33.69,728,634,104.2,54.57
2019-04-12,96.972,1192.56,1.1299,6.7089,0.7173,3.8816,660.99,1.3323,8.4879,13.9667,2.5651,2.3802,2.3914,0.602,0.504,1.9637,1.8752,2.037,2.164,3.356,3.49,1.1,12.01,48.8439,25.7,9.28,2907.41,2159.39,1089.09,3988.62,3188.625,11659.84,33.78,726,639,103.63,75.79
2019-04-13,,,,,,,,,,,,,,,,,,,,,,,,,,,,,,,,,,,,81.1,66.73
2019-04-14,,,,,,,,,,,,,,,,,,,,,,,,,,,,,,,,,,,,51.87,161.23
2019-04-15,96.942,1193.3,1.1304,6.7075,0.7173,3.8723,663.12,1.3367,8.4956,14.0464,2.5543,2.3719,2.3916,0.602,0.501,1.9529,1.8679,2.0267,2.157,3.372,3.5,1.09,12.32,47.6389,25.51,9.57,2905.58,2161.14,1086.22,3975.52,3177.787,11631.86,33.58,738,639,56.67,76.25
2019-04-16,97.043,1194.76,1.1281,6.7127,0.7175,3.9049,662.7,1.335,8.4923,14.0333,2.5904,2.4059,2.4124,0.637,0.534,1.9544,1.8676,2.0262,2.155,3.396,3.46,1.09,12.18,48.3127,25.57,9.78,2907.06,2163.08,1093.55,4085.79,3253.598,11821.18,33.8,749,643,124.46,58.1
2019-04-17,97.009,1193.83,1.1296,6.6777,0.7179,3.9408,661.08,1.3341,8.4949,13.9886,2.594,2.4026,2.4002,0.647,0.534,1.9482,1.8614,2.016,2.15,3.391,3.49,1.09,12.6,48.6528,25.19,9.39,2900.45,2160.94,1096.39,4087.24,3263.118,11848.98,33.755,767,652,67.7,63.24
2019-04-18,97.474,1197.45,1.123,6.7074,0.7151,3.9271,662.38,1.3376,8.5154,14.052,2.5596,2.3709,2.3802,0.61,0.502,1.951,1.864,2.0217,2.154,3.358,3.54,1.1,12.09,49.228,24.45,8.96,2905.03,2160.21,1092.52,4072.08,3250.201,11768.63,33.595,790,653,54.6,56.96
2019-04-19,97.378,1197.2,1.1245,6.7024,0.7152,,,1.3391,8.5133,14.0599,2.5596,2.3709,2.3802,0.61,0.502,1.951,1.8681,2.02,2.152,3.379,,,,,,,,2160.36,1092.52,4120.61,3270.797,,,,,51.31,48.34
2019-04-20,,,,,,,,,,,,,,,,,,,,,,,,,,,,,,,,,,,,46.24,52.37
2019-04-21,,,,,,,,,,,,,,,,,,,,,,,,,,,,,,,,,,,,86.96,83.39
2019-04-22,97.287,1196.74,1.1257,6.7121,0.7134,3.9363,663.94,1.3347,8.4987,14.1574,2.5885,2.3863,2.3866,0.634,0.515,1.9553,1.872,2.032,2.154,3.412,3.54,1.11,12.42,48.7782,26.07,9.56,2907.97,2161.58,1089.03,4025.61,3215.042,,34.305,,,95.93,78.68
2019-04-23,97.636,1200.2,1.1227,6.7289,0.7102,3.9216,667.84,1.3423,8.5446,14.2566,2.565,2.3593,2.3639,0.604,0.485,1.9614,1.8753,2.0348,2.165,3.407,3.54,1.11,12.28,49.7852,26.56,9.54,2933.68,2174.39,1089.76,4019.01,3198.594,11731.02,34.25,821,644,156.5,56.96
2019-04-24,98.173,1206.37,1.1155,6.7347,0.7015,3.9922,672.7,1.3493,8.6373,14.4358,2.5181,2.3119,2.3178,0.555,0.444,1.9639,1.8686,2.03,2.165,3.431,3.55,1.1,13.14,50.5232,25.28,9.48,2927.25,2168.81,1084.52,4030.09,3201.614,11663.78,33.65,850,636,88.27,60.14
2019-04-25,98.203,1206.29,1.1132,6.7501,0.7015,3.9501,675.38,1.3485,8.6706,14.4186,2.5325,2.3299,2.3319,0.558,0.456,1.9755,1.8771,2.039,2.173,3.419,3.56,1.1,13.25,49.7858,25.57,9.35,2926.17,2165.36,1076.71,3941.82,3123.826,11502.04,33.545,869,635,99.63,76.31
2019-04-26,98.006,1204.21,1.1151,6.7405,0.7042,3.9315,674.51,1.3455,8.684,14.3917,2.4982,2.2882,2.2821,0.528,0.426,1.9712,1.866,2.026,2.173,3.405,3.59,1.1,12.73,49.4279,31.24,9.28,2939.88,2173.82,1078.06,3889.28,3086.399,11510.87,33.11,889,640,129.57,67.89
2019-04-27,,,,,,,,,,,,,,,,,,,,,,,,,,,,,,,,,,,,53.72,56.25
2019-04-28,,,,,,,,,,,,,,,,,,,,,,,,,,,,,,,,,,,,29.71,107.52
2019-04-29,97.857,1203.11,1.1186,6.7389,0.7056,3.9431,679.55,1.3458,8.6581,14.3177,2.5252,2.3116,2.2922,0.565,0.455,1.9617,1.8578,2.024,2.16,3.435,3.56,1.1,13.11,48.0523,29.04,9.46,2943.03,2175.59,1082.91,3900.33,3062.499,11638.18,33.08,913,638,68.81,97.53
2019-04-30,97.479,1199.61,1.1215,6.737,0.7048,3.921,676.7,1.3388,8.6297,14.2986,2.5018,2.2783,2.2661,0.553,0.421,1.9497,1.8572,2.0217,2.152,3.402,3.58,1.11,13.12,49.4711,29.31,9.32,2945.83,2178.67,1079.24,3913.21,3078.339,11542.25,33.055,1011,634,49.37,75.34
2019-05-01,97.686,1201.12,1.1196,6.7328,0.7015,,677.2,1.3446,8.6729,14.4558,2.4999,2.2999,2.3044,0.588,0.476,1.9132,1.8247,1.989,2.12,,3.53,1.11,14.8,46.7453,29.41,9.19,2923.73,2170.03,1080.48,,,,32.395,1031,635,61.52,112.75
2019-05-02,97.832,1203.68,1.1172,6.7455,0.7,3.966,681.48,1.3475,8.7563,14.5353,2.5414,2.345,2.3448,0.646,0.55,1.8953,1.7962,1.953,2.094,,3.55,1.12,14.42,46.7165,30.49,9.08,2917.52,2161.11,1078.95,,,11556.72,31.83,1032,638,186.33,30.2
2019-05-03,97.52,1198.59,1.1198,6.7354,0.7018,3.938,677.89,1.342,8.7051,14.3515,2.525,2.3234,2.333,0.615,0.514,1.9108,1.8098,1.97,2.104,,3.54,1.12,12.87,45.7821,29.88,8.89,2945.64,2177.77,1082.77,,,11575.05,32.125,985,645,70.15,57.65
2019-05-04,,,,,,,,,,,,,,,,,,,,,,,,,,,,,,,,,,,,51.81,71.39
2019-05-05,,,,,,,,,,,,,,,,,,,,,,,,,,,,,,,,,,,,93.31,98.38
2019-05-06,97.515,1199.72,1.1199,6.7733,0.6991,3.9697,678.38,1.3448,8.7195,14.4671,2.4692,2.2633,2.2904,0.563,0.457,1.9079,1.8067,1.975,2.107,3.366,3.59,1.13,15.44,47.8193,30.91,9.26,2932.47,2166.66,1062.64,3684.62,2906.464,11233.66,32.155,,,134.99,93.78
2019-05-07,97.628,1200.31,1.1191,6.7948,0.7012,3.9705,684.88,1.3474,8.7413,14.4329,2.4566,2.2583,2.2844,0.584,0.493,1.8737,1.7647,1.932,2.07,3.358,3.68,1.14,19.32,52.3609,34.07,9.74,2884.05,2135.49,1057.05,3720.67,2926.391,11261.05,31.875,936,662,122.51,111.09
2019-05-08,97.623,1201.35,1.1192,6.8077,0.6988,3.9286,684.18,1.3479,8.7692,14.3742,2.4835,2.285,2.2966,0.619,0.531,1.8654,1.7545,1.9212,2.061,3.346,3.67,1.14,19.4,51.3087,32.23,9.78,2879.42,2131.9,1050.94,3667.46,2893.757,11097.37,31.875,940,672,56.74,101.81
2019-05-09,97.373,1200.47,1.1215,6.8374,0.6989,3.9472,684.77,1.3477,8.7837,14.3458,2.4423,2.2449,2.258,0.588,0.514,1.8558,1.7313,1.9008,2.052,3.308,3.78,1.16,19.1,54.7235,32.48,9.96,2870.72,2119.31,1028.4,3599.7,2850.954,10845.06,31.875,974,680,167.13,67.46
2019-05-10,97.33,1198.47,1.1233,6.8448,0.7002,3.9537,686.53,1.3417,8.7136,14.1597,2.4672,2.2633,2.2661,0.582,0.5,1.8859,1.7641,1.939,2.085,3.312,3.82,1.17,16.04,53.4923,32.8,9.33,2881.4,2126.32,1033.44,3730.45,2939.211,10931.05,32.025,1013,697,135.96,108.12
2019-05-11,,,,,,,,,,,,,,,,,,,,,,,,,,,,,,,,,,,,56.26,46.84
2019-05-12,,,,,,,,,,,,,,,,,,,,,,,,,,,,,,,,,,,,31.18,155.26
2019-05-13,97.319,1200.52,1.1222,6.9121,0.6944,3.9937,693.56,1.3478,8.7674,14.331,2.4015,2.1831,2.1884,0.549,0.452,1.8541,1.7322,1.909,2.053,3.276,3.99,1.19,20.55,57.8938,34.6,10.51,2811.87,2086.46,1016.49,3668.73,2903.713,,31.475,1026,703,130.95,94.65
2019-05-14,97.526,1202.29,1.1204,6.9039,0.6944,3.9762,690.88,1.3462,8.7453,14.243,2.4104,2.1881,2.1965,0.545,0.433,1.8672,1.7556,1.929,2.067,3.287,3.96,1.18,18.06,55.3462,32.13,9.76,2834.41,2098.76,1014.48,3645.15,2883.611,10764.02,31.86,1043,704,248.68,126.65
2019-05-15,97.569,1202.02,1.1201,6.9044,0.6928,4.0017,690.9,1.3438,8.7206,14.2189,2.3732,2.148,2.1596,0.53,0.404,1.8448,1.7445,1.92,2.045,3.281,4.01,1.18,16.44,57.4009,29.26,9.45,2850.96,2110.4,1015.97,3727.09,2938.678,10804.14,32.025,1032,697,184.76,132.3
2019-05-16,97.855,1205.06,1.1174,6.9286,0.6892,4.0449,693.7,1.346,8.7442,14.289,2.3944,2.1696,2.1922,0.546,0.417,1.8503,1.7533,1.928,2.043,3.268,3.92,1.17,15.29,56.9754,29.42,9.16,2876.32,2126.06,1011.15,3743.96,2955.711,10811.62,32.2,1032,683,158.54,94.72
2019-05-17,97.995,1207.51,1.1158,6.9491,0.6868,4.0991,695.72,1.3458,8.7949,14.4298,2.3909,2.1728,2.1981,0.569,0.456,1.8244,1.7181,1.898,2.026,3.266,3.93,1.18,15.96,56.9732,29.44,9.16,2859.53,2116.51,996.39,3648.76,2882.296,10688.75,31.875,1040,678,141.05,117.89
2019-05-18,,,,,,,,,,,,,,,,,,,,,,,,,,,,,,,,,,,,81.71,95.04
2019-05-19,,,,,,,,,,,,,,,,,,,,,,,,,,,,,,,,,,,,57.24,95.86
2019-05-20,97.933,1205.63,1.1166,6.9398,0.6908,4.0966,696.22,1.3429,8.7916,14.3868,2.4157,2.2046,2.2208,0.594,0.493,1.8231,1.7127,1.89,2.023,3.273,3.89,1.18,16.31,56.5504,27.63,9.16,2840.23,2104.64,994.08,3617.79,2870.604,10633.42,31.89,1041,674,102.84,95.08
2019-05-21,98.062,1206.77,1.1161,6.934,0.6883,4.0392,,1.3406,8.7656,14.3938,2.4264,2.2264,2.2538,0.587,0.502,1.84,1.7248,1.91,2.047,3.314,3.85,1.18,14.95,55.3473,26.93,8.99,2864.36,2117.66,998.97,3666.78,2905.969,10634.62,32.26,1049,673,131.19,73.8
2019-05-22,98.041,1206.91,1.115,6.9341,0.6882,4.0402,697.12,1.3435,8.7588,14.3792,2.382,2.1794,2.2227,0.583,0.494,1.8007,1.6859,1.877,2.016,3.322,3.88,1.19,14.75,54.9586,28.19,9.04,2856.27,2111.78,998,3649.38,2891.705,10604.55,31.76,1059,672,93.18,69.8
2019-05-23,97.856,1205.19,1.1181,6.927,0.6901,4.0408,696.87,1.3474,8.7593,14.4842,2.3185,2.1141,2.146,0.558,0.483,1.7634,1.632,1.83,1.983,3.312,3.98,1.22,16.92,61.0665,33.79,9.47,2822.24,2087.46,984.81,3583.96,2852.515,10401.11,30.695,1068,666,102.54,71.04
2019-05-24,97.613,1201.77,1.1203,6.9168,0.6927,4.0227,694.59,1.3437,8.6894,14.4119,2.3202,2.1205,2.1641,0.551,0.494,1.771,1.6279,1.83,1.996,3.309,3.93,1.22,15.85,60.5383,33.19,9,2826.06,2095.03,986.65,3593.91,2852.995,10445.54,30.81,1066,665,148.69,144.24
2019-05-25,,,,,,,,,,,,,,,,,,,,,,,,,,,,,,,,,,,,64.11,151.55
2019-05-26,,,,,,,,,,,,,,,,,,,,,,,,,,,,,,,,,,,,39.72,138.34
2019-05-27,97.613,1203.36,1.1194,6.9089,0.6918,4.0422,698.61,1.3444,8.7068,14.4281,2.3202,2.1205,2.1641,0.551,0.494,1.771,1.6279,1.832,1.998,3.354,,,,,,,,2096.43,989.15,3637.2,2892.378,10402.76,,,,43.34,102.04
2019-05-28,97.952,1205.8,1.116,6.9216,0.6924,4.0253,707.18,1.3494,8.7243,14.7346,2.2658,2.0686,2.1244,0.532,0.478,1.7365,1.5914,1.794,1.952,3.323,4,1.24,17.5,61.7682,34.36,9.2,2802.39,2084.57,988.16,3672.26,2909.911,10416.55,30.49,1082,658,69.46,69.48
2019-05-29,98.144,1208.31,1.1131,6.933,0.6917,3.9732,705.77,1.3519,8.7529,14.6529,2.2605,2.0694,2.109,0.508,0.469,1.7554,1.6119,1.811,1.972,3.295,4.14,1.26,17.9,63.1556,36.43,8.88,2783.02,2064.8,985.44,3663.91,2914.696,10390.45,30.295,1107,651,67.51,55.62
2019-05-30,98.142,1207.79,1.1129,6.9291,0.6912,3.982,709.3,1.35,8.7719,14.7313,2.2133,2.0198,2.0609,0.466,0.429,1.7498,1.603,1.803,1.959,3.295,4.12,1.25,17.3,61.7429,39.62,9.3,2788.86,2066.48,994.93,3641.18,2905.805,10450.09,29.91,1097,643,120.23,50.84
2019-05-31,97.75,1206.19,1.1169,6.9368,0.6938,3.9232,710.36,1.3516,8.7573,14.5803,2.1246,1.911,1.9221,0.385,0.335,1.742,1.5875,1.791,1.951,,4.33,1.28,18.71,72.681,46.91,10.33,2752.06,2046.25,998,3629.79,2898.696,10387.17,29.385,1096,636,104.56,94.35
2019-06-01,,,,,,,,,,,,,,,,,,,,,,,,,,,,,,,,,,,,130.16,97.55
2019-06-02,,,,,,,,,,,,,,,,,,,,,,,,,,,,,,,,,,,,28.99,159.79
2019-06-03,97.142,1201.71,1.1241,6.922,0.6977,3.8864,701.9,1.3438,8.7095,14.4516,2.071,1.8354,1.8317,0.342,0.273,1.7328,1.5723,1.771,1.938,3.262,4.43,1.3,18.86,73.5574,46.78,11.79,2744.45,2045.06,1008.34,3632.01,2890.081,10430.64,29.76,1103,634,129.25,72.86
2019-06-04,97.072,1198.78,1.1252,6.9244,0.6991,3.8568,694.24,1.3394,8.6957,14.6623,2.1296,1.8961,1.8834,0.375,0.306,1.7625,1.6014,1.796,1.959,3.242,4.28,1.28,16.97,75.2595,43.46,10.66,2803.27,2077.66,1005.43,3598.47,2862.28,10341.12,30.275,1122,633,69.4,120.06
2019-06-05,97.32,1201.9,1.1221,6.9282,0.697,3.8812,694.09,1.3415,8.7408,14.8778,2.1348,1.8763,1.8569,0.374,0.281,1.7704,1.6047,1.797,1.965,3.242,4.24,1.28,16.09,77.6396,45.19,11.26,2826.15,2095.83,1004.68,3597.11,2861.418,10345.05,29.94,1141,632,122.39,217.51
2019-06-06,97.044,1199.53,1.1276,6.9272,0.6977,3.8812,692.42,1.3362,8.6913,14.9949,2.1174,1.8828,1.8787,0.367,0.277,1.7594,1.6153,1.809,1.954,3.254,4.2,1.28,15.93,73.4193,40.66,11.62,2843.49,2104.18,1002.75,3564.68,2827.798,10334.32,30.495,1138,635,82.92,137.43
2019-06-07,96.544,1195.42,1.1334,6.9442,0.7001,3.8795,691.92,1.3267,8.6259,14.9515,2.0809,1.8529,1.8494,0.336,0.241,1.7494,1.619,1.815,1.946,,4.07,1.27,16.3,68.6928,38.75,11.41,2873.34,2126.88,1007.39,,,,30.635,1138,643,69.92,242.25
2019-06-08,,,,,,,,,,,,,,,,,,,,,,,,,,,,,,,,,,,,50.87,139.29
2019-06-09,,,,,,,,,,,,,,,,,,,,,,,,,,,,,,,,,,,,53.93,174.61
2019-06-10,96.761,1194.79,1.1312,6.9438,0.6961,3.8888,697.95,1.3269,8.6539,14.8253,2.1484,1.9155,1.9036,0.411,0.319,1.7411,1.6005,1.793,1.935,3.259,3.93,1.25,15.94,65.6237,39.12,10.87,2886.73,2135.51,1022.03,3610.74,2852.13,10526.92,30.725,1125,645,56.93,162.1
2019-06-11,96.686,1193.82,1.1326,6.9261,0.6962,3.8579,692.76,1.3284,8.6304,14.6675,2.1431,1.9155,1.9297,0.421,0.344,1.7222,1.5753,1.775,1.92,3.267,3.89,1.24,15.99,64.9288,38.69,10.52,2885.72,2139.74,1031.85,3719.28,2925.716,10620.13,30.785,1105,654,74.29,130.24
2019-06-12,97,1197.27,1.1287,6.9281,0.6928,3.8674,695.69,1.3343,8.6599,14.8717,2.1205,1.8708,1.8786,0.416,0.343,1.7034,1.5326,1.731,1.899,3.291,3.96,1.26,15.91,68.4258,43.06,11.06,2879.84,2134.42,1026.24,3691.1,2909.38,10494.78,30.35,1080,653,95.03,116.03
2019-06-13,97.013,1197.24,1.1276,6.929,0.6915,3.8491,696.05,1.3327,8.6803,14.8675,2.0945,1.8378,1.8357,0.412,0.322,1.6821,1.5187,1.7175,1.874,3.275,3.95,1.26,15.82,75.7382,41.56,11.68,2891.64,2136.96,1022.08,3685.39,2910.74,10472.44,30.705,1062,657,114.67,143.87
2019-06-14,97.572,1202.31,1.1208,6.9306,0.6872,3.8967,699.89,1.3414,8.715,14.822,2.0804,1.8326,1.8405,0.439,0.355,1.6399,1.4817,1.683,1.834,3.269,3.95,1.26,15.28,80.8203,42.89,11.9,2886.98,2130.95,1015.08,3654.88,2881.974,10419.87,30.505,1085,662,192.64,145.07
2019-06-15,,,,,,,,,,,,,,,,,,,,,,,,,,,,,,,,,,,,108.25,175.49
2019-06-16,,,,,,,,,,,,,,,,,,,,,,,,,,,,,,,,,,,,62.5,198.5
2019-06-17,97.558,1202.92,1.1218,6.9307,0.6853,3.8891,700.38,1.3413,8.7348,14.8129,2.0942,1.8556,1.8687,0.469,0.398,1.6224,1.4625,1.657,1.818,3.239,3.92,1.26,15.35,76.8751,46.15,11.99,2889.67,2130.86,1010.97,3654.82,2887.622,10428.52,30.76,1093,668,126.36,82.16
2019-06-18,97.644,1201.7,1.1194,6.9028,0.6877,3.8606,696.3,1.3377,8.7455,14.5233,2.0595,1.8324,1.8643,0.412,0.332,1.645,1.5067,1.707,1.849,3.252,3.87,1.24,15.15,76.7365,43.43,12.4,2917.75,2150.91,1023.91,3667.62,2890.158,10507.65,31.185,1135,677,157.74,146.35
2019-06-19,97.117,1197.03,1.1226,6.8946,0.6881,3.8395,692.25,1.328,8.7049,14.3222,2.0233,1.7581,1.7351,0.333,0.215,1.6893,1.5501,1.766,1.898,3.255,3.84,1.23,14.33,71.3661,40.79,12.41,2926.46,2161.6,1038.27,3715.94,2917.803,10764.7,31.15,1179,676,135.55,77.89
2019-06-20,96.629,1189.55,1.1293,6.8609,0.6923,,683.55,1.3192,8.5559,14.3351,2.0284,1.781,1.7775,0.283,0.164,1.7463,1.6259,1.8524,1.961,3.255,3.54,1.19,14.75,72.3657,41.66,15.69,2954.18,2183.36,1053.78,3828.52,2987.119,10922.39,31.84,1194,681,72.57,116.67
2019-06-21,96.22,1187.31,1.1369,6.8653,0.6926,3.8216,684.3,1.3222,8.4999,14.3346,2.054,1.7906,1.7678,0.321,0.188,1.735,1.6106,1.8408,1.953,,3.61,1.17,15.4,74.6269,42.13,15.54,2950.46,2178.16,1053.22,3833.94,3001.98,10921.47,31.78,1239,679,126,178.92
2019-06-22,,,,,,,,,,,,,,,,,,,,,,,,,,,,,,,,,,,,167.47,127.09
2019-06-23,,,,,,,,,,,,,,,,,,,,,,,,,,,,,,,,,,,,99.31,245.77
2019-06-24,95.98,1185.86,1.1399,6.8764,0.6963,3.8254,680.86,1.318,8.4796,14.3655,2.0143,1.7475,1.7324,0.298,0.167,1.7197,1.5899,1.81,1.939,3.248,3.62,1.16,15.26,73.7603,41,16.8,2945.35,2178.17,1053.06,3841.27,3008.148,10952.94,31.495,1258,678,171.25,92.75
2019-06-25,96.14,1187.57,1.1367,6.8846,0.6961,3.8492,681.03,1.3169,8.5338,14.3527,1.985,1.7243,1.7318,0.297,0.181,1.6914,1.5536,1.772,1.909,3.239,3.78,1.17,16.28,74.2246,40.26,17.08,2917.38,2163.73,1045.3,3801.31,2982.074,10742.41,31.245,1280,679,82.02,74.19
2019-06-26,96.214,1187.33,1.1369,6.8877,0.6985,3.8441,679.9,1.3127,8.4957,14.2271,2.0468,1.7952,1.7689,0.333,0.234,1.716,1.5725,1.799,1.93,3.253,3.74,1.16,16.21,73.7344,38.45,15.88,2913.78,2158.41,1047.91,3794.33,2976.284,10766.06,31.725,1317,678,123.76,142.51
2019-06-27,96.194,1187.32,1.1369,6.8712,0.7009,3.8197,680.24,1.3095,8.5144,14.1688,2.014,1.7697,1.7449,0.322,0.23,1.6938,1.543,1.767,1.908,3.262,3.81,1.16,15.82,69.9154,37.84,15.57,2924.92,2166.48,1054.86,3834.82,2996.792,10897.13,31.49,1340,677,134.94,64.08
2019-06-28,96.13,1186.92,1.1373,6.8679,0.702,3.8499,678.72,1.3095,8.5326,14.0869,2.0051,1.7664,1.7549,0.304,0.229,1.7003,1.5369,1.768,1.914,3.236,3.77,1.15,15.08,70.4339,39.46,15.99,2941.76,2178.35,1054.86,3825.59,2978.878,10881.85,31.855,1354,680,153.9,129.48
2019-06-29,,,,,,,,,,,,,,,,,,,,,,,,,,,,,,,,,,,,83.28,96.2
2019-06-30,,,,,,,,,,,,,,,,,,,,,,,,,,,,,,,,,,,,23.66,114.41
2019-07-01,96.844,1192.62,1.1286,6.8579,0.6966,3.841,679.55,1.3135,8.581,14.1357,2.024,1.7894,1.7872,0.332,0.254,1.6933,1.5366,1.776,1.913,3.229,3.67,1.13,14.06,66.5296,35.92,14.08,2964.33,2192.24,1064.09,3935.81,3044.903,,31.885,1381,679,112.52,174.62
2019-07-02,96.726,1191.58,1.1285,6.8876,0.6994,3.8482,680.38,1.3108,8.5668,14.0965,1.974,1.7434,1.7613,0.32,0.247,1.6515,1.4978,1.741,1.87,3.171,3.76,1.13,12.93,68.5997,37.77,15.8,2973.01,2198.55,1063.64,3937.17,3043.943,10981.23,31.375,1446,673,138.22,144.12
2019-07-03,96.768,1190.74,1.1278,6.8849,0.7029,3.8295,679.21,1.3058,8.535,14.0552,1.9498,1.7336,1.7596,0.294,0.223,1.6531,1.5112,1.7485,1.876,3.161,3.71,1.13,12.57,68.326,36.72,15.89,2995.82,2213.35,1059.63,3893.53,3015.263,10922.41,31.5,1549,660,66.82,126.27
2019-07-04,96.768,1189.92,1.1285,6.8744,0.7022,3.8021,679.05,1.3053,8.5328,14.0371,1.9498,1.7336,1.7596,0.294,0.223,1.6531,1.5112,1.75,1.872,3.16,,,,,,,,2215.17,1064.63,3873.1,3005.249,10913.39,,1700,652,105.83,96.84
2019-07-05,97.286,1195.16,1.1225,6.8956,0.698,3.8217,683.47,1.3081,8.6192,14.1766,2.0338,1.8308,1.8593,0.332,0.276,1.6995,1.5559,1.79,1.915,3.178,3.66,1.12,13.28,65.2773,34.7,15.07,2990.41,2205.57,1059.93,3893.2,3011.059,10895.1,31.545,1740,650,98.35,72.83
2019-07-06,,,,,,,,,,,,,,,,,,,,,,,,,,,,,,,,,,,,52.01,93.29
2019-07-07,,,,,,,,,,,,,,,,,,,,,,,,,,,,,,,,,,,,52.03,180.55
2019-07-08,97.384,1196.52,1.1214,6.8891,0.6972,3.8071,686.86,1.3096,8.6423,14.1738,2.0476,1.8556,1.89,0.341,0.304,1.7054,1.554,1.782,1.9145,3.186,3.68,1.12,13.96,63.2188,34,12.99,2975.95,2194.62,1046.25,3802.79,2933.363,10725.2,31.59,1725,645,53.51,72.06
2019-07-09,97.489,1199.33,1.1208,6.8957,0.6928,3.791,689.69,1.3128,8.6519,14.1792,2.0648,1.8789,1.9066,0.338,0.3,1.7262,1.5809,1.811,1.938,3.169,3.74,1.13,14.09,62.9002,30.3,13.45,2979.63,2193.65,1042.47,3793.13,2928.229,10650.63,31.615,1759,640,96.65,40.14
2019-07-10,97.104,1195.33,1.1251,6.8725,0.6959,3.7543,686.16,1.3082,8.5805,13.9837,2.0613,1.8259,1.8277,0.317,0.226,1.743,1.6023,1.848,1.965,3.177,3.72,1.13,13.03,62.3884,30.76,15.01,2993.07,2201.14,1048.95,3786.74,2915.302,10701.92,32.02,1777,633,100.78,45.62
2019-07-11,97.05,1194.03,1.1254,6.8764,0.6974,3.7547,681.52,1.3072,8.5395,13.9687,2.1378,1.8923,1.8625,0.365,0.26,1.769,1.6362,1.88,1.986,3.173,3.73,1.12,12.93,62.9563,29.86,13.64,2999.91,2205.35,1055.15,3785.22,2917.761,10784.01,32.085,1816,631,119.68,103.84
2019-07-12,96.81,1190.58,1.127,6.879,0.702,3.7369,679.37,1.3028,8.53,13.9599,2.1219,1.8709,1.8471,0.343,0.237,1.7756,1.6388,1.888,1.994,3.157,3.71,1.12,12.39,62.7766,30.39,14.65,3013.77,2212.65,1050.91,3808.73,2930.546,10788.34,32.22,1865,628,107.37,72.49
2019-07-13,,,,,,,,,,,,,,,,,,,,,,,,,,,,,,,,,,,,77.71,126.95
2019-07-14,,,,,,,,,,,,,,,,,,,,,,,,,,,,,,,,,,,,31.32,58.43
2019-07-15,96.933,1191.7,1.1258,6.8736,0.7039,3.757,680.65,1.3049,8.54,13.9039,2.0887,1.8444,1.829,0.299,0.215,1.7848,1.6346,1.88,2.006,3.186,3.71,1.12,12.68,61.8957,30.83,14.9,3014.3,2214.34,1057.75,3824.19,2942.185,10838.99,31.93,1928,627,31.06,72.19
2019-07-16,97.395,1196.55,1.1211,6.8814,0.7012,3.7694,,1.3088,8.5739,13.9495,2.1026,1.8677,1.8498,0.304,0.232,1.7932,1.6419,1.888,2.012,3.178,3.71,1.12,12.86,61.2943,32.06,14.32,3004.04,2208.09,1060.38,3806.85,2937.617,10865.52,31.59,2011,623,76.37,53.41
2019-07-17,97.223,1194.87,1.1224,6.8773,0.701,3.765,682.06,1.3054,8.588,14.0116,2.0451,1.8129,1.8111,0.288,0.218,1.7514,1.6016,1.848,1.97,3.178,3.77,1.13,13.97,62.2913,34.94,16.02,2984.42,2197.94,1054.9,3804.64,2931.693,10847.91,31.23,2064,627,147.23,77.06
2019-07-18,96.794,1188.6,1.1277,6.8741,0.7075,3.7215,684.14,1.3027,8.5377,13.8411,2.0242,1.7665,1.7559,0.255,0.153,1.7637,1.6173,1.86,1.982,3.163,3.86,1.13,13.53,63.1196,33.07,17.45,2995.11,2198.4,1051.72,3768.4,2901.177,10784.55,31.235,2130,625,102.68,61.63
2019-07-19,97.151,1193.03,1.1221,6.8834,0.7042,3.7492,686.83,1.3059,8.5739,13.9358,2.0552,1.8147,1.8183,0.265,0.214,1.7909,1.6037,1.871,1.985,3.161,3.84,1.12,14.45,63.8649,34.84,15.83,2976.61,2194.61,1057.49,3807.96,2924.201,10909.41,31.38,2170,622,48.78,61.84
2019-07-20,,,,,,,,,,,,,,,,,,,,,,,,,,,,,,,,,,,,86.82,28.88
2019-07-21,,,,,,,,,,,,,,,,,,,,,,,,,,,,,,,,,,,,61.02,112.14
2019-07-22,97.257,1194.6,1.1209,6.884,0.7036,3.7406,688.77,1.3119,8.6077,13.8633,2.0464,1.8031,1.8123,0.252,0.209,1.7953,1.5976,1.863,1.987,3.151,3.79,1.11,13.53,60.974,33.63,14.89,2985.03,2197.67,1053.81,3781.68,2886.974,10770.31,31.525,2191,624,193.02,75.32
2019-07-23,97.705,1199.57,1.1152,6.8849,0.7005,3.7749,693.04,1.3136,8.6781,13.9303,2.0812,1.8331,1.8374,0.275,0.227,1.8074,1.61,1.868,1.998,3.156,3.75,1.1,12.61,61.226,32.25,14.28,3005.47,2209.59,1055.49,3789.91,2899.945,10809.92,31.61,2165,626,139.27,114.24
2019-07-24,97.729,1198.91,1.114,6.8761,0.6977,3.7755,690.35,1.3142,8.6435,13.8792,2.0428,1.8098,1.8179,0.254,0.221,1.7901,1.591,1.853,1.979,3.17,3.72,1.09,12.07,60.7127,32.86,14.55,3019.56,2217.75,1055.34,3819.83,2923.278,10858.88,31.745,2014,628,99.52,79.72
2019-07-25,97.818,1200.71,1.1147,6.8734,0.6951,3.7792,696.08,1.3165,8.6757,14.0812,2.081,1.8585,1.8639,0.285,0.265,1.796,1.5956,1.857,1.989,3.168,3.67,1.08,12.74,60.9893,31.95,13.54,3003.67,2206.92,1054.29,3851.07,2937.36,10930.36,31.385,1947,634,74.44,40.68
2019-07-26,98.01,1202.65,1.1128,6.8806,0.6911,3.7775,694.93,1.3166,8.7175,14.2957,2.0703,1.8469,1.8519,0.292,0.27,1.7794,1.5819,1.842,1.97,3.173,3.64,1.08,12.16,58.9008,32.29,12.31,3025.86,2215.71,1048.66,3858.57,2944.541,10853.17,31.225,1937,634,137.65,116.11
2019-07-27,,,,,,,,,,,,,,,,,,,,,,,,,,,,,,,,,,,,62.81,174.53
2019-07-28,,,,,,,,,,,,,,,,,,,,,,,,,,,,,,,,,,,,31.78,133.67
2019-07-29,98.044,1203.62,1.1145,6.8926,0.6902,3.7818,697.21,1.3164,8.6947,14.1639,2.065,1.8469,1.8579,0.298,0.274,1.7677,1.5768,1.841,1.964,3.183,3.67,1.07,12.83,58.5463,31.63,13.59,3020.97,2212.5,1045.73,3854.27,2941.007,10780.59,31.1,1922,632,137.61,86.97
2019-07-30,98.05,1203.54,1.1155,6.8895,0.6872,3.7908,701.3,1.3151,8.7515,14.2082,2.058,1.842,1.8459,0.283,0.262,1.7762,1.5858,1.85,1.976,3.181,3.71,1.08,13.94,57.843,30.07,14.51,3013.18,2203.4,1043.15,3870.32,2952.338,10818.35,31.45,1899,624,152.36,139.24
2019-07-31,98.516,1208.85,1.1076,6.9099,0.6845,3.8148,697.1,1.3191,8.8636,14.3429,2.0144,1.8272,1.8721,0.266,0.285,1.7497,1.5479,1.817,1.959,3.16,3.71,1.08,16.12,55.2468,30.77,13.21,2980.38,2187.56,1037.01,3835.36,2932.506,10675.31,31.35,1868,621,89.66,103.01
2019-08-01,98.369,1206.55,1.1085,6.9545,0.68,3.8404,705.42,1.3212,8.8878,14.6674,1.8935,1.6829,1.734,0.205,0.208,1.6887,1.4804,1.753,1.899,3.151,3.88,1.11,17.87,64.6756,36.43,16.01,2953.56,2173.18,1024.56,3803.47,2908.766,10621.57,30.64,1812,620,107.73,150.2
2019-08-02,98.074,1205.13,1.1108,6.976,0.6801,3.8895,713.16,1.3207,8.9159,14.7856,1.8452,1.6582,1.7118,0.189,0.204,1.6575,1.4629,1.745,1.881,3.103,3.97,1.13,17.61,66.1145,35.56,15,2932.05,2149.99,1003.76,3747.44,2867.838,10348.63,30.2,1788,621,110.99,117.41
2019-08-03,,,,,,,,,,,,,,,,,,,,,,,,,,,,,,,,,,,,112.18,153.64
2019-08-04,,,,,,,,,,,,,,,,,,,,,,,,,,,,,,,,,,,,115.36,87.14
2019-08-05,97.522,1204.43,1.1203,7.0987,0.6756,3.9773,720.7,1.3204,8.9298,14.9145,1.7075,1.518,1.5733,0.11,0.134,1.5979,1.392,1.677,1.828,3.068,4.37,1.19,24.59,77.236,37.04,16.91,2844.74,2097.32,973,3675.69,2821.496,10081.64,29.3,1774,617,103.52,83.03
2019-08-06,97.63,1205.34,1.1199,7.0538,0.6761,3.9618,715.93,1.3281,8.9086,14.9289,1.7023,1.513,1.583,0.088,0.117,1.6159,1.4059,1.69,1.836,3.074,4.31,1.19,20.17,73.9212,36.43,16.02,2881.77,2109.2,972.67,3636.33,2777.556,10012.24,29.265,1734,617,270.94,84.05
2019-08-07,97.544,1205.36,1.1199,7.0859,0.6757,3.9706,716.01,1.3303,8.9543,15.0695,1.7342,1.5503,1.6069,0.106,0.143,1.6282,1.4189,1.67,1.842,3.05,4.4,1.22,19.49,79.0767,38.1,18.16,2883.98,2114.05,972.65,3621.43,2768.679,9993.34,29.045,1712,626,106,92.22
2019-08-08,97.618,1202.96,1.118,7.0766,0.6802,3.9198,709.26,1.3227,8.9283,15.0405,1.7172,1.5453,1.6188,0.065,0.113,1.6531,1.4418,1.709,1.8515,3.05,4.16,1.19,16.91,78.552,35.98,17.53,2938.09,2146.91,984.3,3669.29,2794.552,10041.62,29.88,1720,628,144.63,93.48
2019-08-09,97.491,1202.7,1.12,7.0984,0.6786,3.9418,711.53,1.3222,8.8808,15.253,1.7447,1.5792,1.6466,0.091,0.146,1.654,1.4428,1.7037,1.85,3.027,4.15,1.2,17.97,78.9672,35.14,16.64,2918.65,2135.34,981.19,3633.53,2774.753,9993.84,29.55,1748,627,105.86,92.35
2019-08-10,,,,,,,,,,,,,,,,,,,,,,,,,,,,,,,,,,,,90.66,57.72
2019-08-11,,,,,,,,,,,,,,,,,,,,,,,,,,,,,,,,,,,,76.15,123.95
2019-08-12,97.38,1203.15,1.1214,7.103,0.6752,3.9845,714.06,1.3239,8.9169,15.3019,1.6454,1.4927,1.5837,0.039,0.105,1.6077,1.397,1.657,1.801,3.027,4.24,1.21,21.09,81.5755,34.43,18.46,2883.75,2117.65,974.48,3699.1,2814.994,9997.94,29.175,1774,626,151.52,109.59
2019-08-13,97.812,1205.44,1.1171,7.0126,0.6799,3.9671,705.15,1.3223,8.8762,15.1352,1.7035,1.584,1.6666,0.078,0.155,1.6276,1.4384,1.692,1.816,3.011,4.09,1.21,17.52,77.6971,33.19,17.92,2926.32,2134.54,968.87,3665.75,2797.26,9846.64,29.47,1864,627,40.67,70.1
2019-08-14,97.987,1208.77,1.1139,7.0533,0.6748,4.052,711.38,1.3319,8.9831,15.417,1.5792,1.4892,1.5771,0.006,0.126,1.5744,1.3793,1.623,1.768,3.015,4.39,1.23,22.1,87.2194,35.83,18.19,2840.6,2086.26,964.43,3682.4,2808.915,9866.18,28.315,1950,627,105.77,133.71
2019-08-15,98.144,1208.27,1.1107,7.0494,0.6775,3.9925,709.5,1.3313,9.0209,15.2777,1.5269,1.424,1.4957,-0.022,0.086,1.5502,1.3539,1.6072,1.758,3.014,4.44,1.24,21.18,90.617,36.2,18.72,2847.6,2082.84,963.52,3694,2815.798,9903.41,28.14,2047,631,96.89,144.25
2019-08-16,98.142,1208.9,1.109,7.0446,0.6779,4.0059,708.63,1.3269,9.0053,15.3058,1.5538,1.4169,1.4763,0.005,0.07,1.55,1.3607,1.6098,1.75,3.024,4.37,1.24,18.47,89.5162,35.02,16.86,2888.68,2108.5,970.27,3710.54,2823.824,9964.3,28.51,2088,646,104.61,105.71
2019-08-17,,,,,,,,,,,,,,,,,,,,,,,,,,,,,,,,,,,,99.68,176.17
2019-08-18,,,,,,,,,,,,,,,,,,,,,,,,,,,,,,,,,,,,88.66,196.87
2019-08-19,98.347,1212.66,1.1078,7.0721,0.6764,4.0745,713.3,1.3324,8.9784,15.4664,1.6063,1.477,1.5453,0.045,0.115,1.5624,1.3756,1.628,1.762,3.021,4.18,1.22,16.88,86.4916,32.99,14.94,2923.65,2131.81,977.73,3791.09,2883.096,10109.15,29.14,2067,649,127.85,144.84
2019-08-20,98.19,1209.39,1.11,7.0709,0.6778,4.0555,710.64,1.3319,8.9829,15.3645,1.5555,1.4329,1.5123,0.026,0.099,1.5302,1.3489,1.591,1.735,3.032,4.22,1.22,17.5,86.8642,32.34,15.42,2900.51,2119.57,980.11,3787.73,2880.001,10132.77,28.895,2059,657,76.68,229.29
2019-08-21,98.295,1210.6,1.1085,7.0672,0.6781,4.027,711.09,1.3291,8.9448,15.1817,1.5893,1.4735,1.5733,0.047,0.123,1.5431,1.3677,1.612,1.7475,3.058,3.97,1.19,15.8,84.5123,32.39,15.13,2924.43,2135.52,983.14,3781.76,2880.331,10177.29,29.08,2061,659,114.39,278.29
2019-08-22,98.17,1210.57,1.108,7.0894,0.6757,4.0713,713.62,1.3303,8.9808,15.2479,1.6131,1.5011,1.6121,0.056,0.14,1.5588,1.3797,1.6105,1.7605,3.058,3.93,1.18,16.68,83.1516,32.39,15.35,2922.95,2131.68,975.66,3793.51,2883.436,10122.9,28.95,2118,656,147.97,186.06
2019-08-23,97.64,1206.3,1.1144,7.1315,0.6756,4.1223,718.16,1.3283,8.9335,15.2496,1.5351,1.4173,1.5332,-0.006,0.075,1.5419,1.3619,1.601,1.748,3.072,4.07,1.19,19.87,91.8222,35.2,18.36,2847.11,2094.63,973.66,3820.86,2897.425,10194.73,27.98,2168,662,96.78,268.83
2019-08-24,,,,,,,,,,,,,,,,,,,,,,,,,,,,,,,,,,,,66.05,386.19
2019-08-25,,,,,,,,,,,,,,,,,,,,,,,,,,,,,,,,,,,,83.02,321.21
2019-08-26,98.081,1209.96,1.1102,7.1666,0.6775,4.1569,719.81,1.3254,9.0025,15.2886,1.5351,1.4171,1.5391,-0.011,0.075,1.5466,1.3592,1.5957,1.75,3.053,4,1.19,19.32,87.9793,35.42,17.54,2878.38,2105.22,960.81,3765.91,2863.567,10013.51,28.1,,,121.19,267.98
2019-08-27,97.999,1210.13,1.109,7.1666,0.6752,4.1305,722.34,1.3283,9.0106,15.3103,1.4711,1.3778,1.5223,-0.069,0.033,1.5426,1.3634,1.607,1.759,3.054,4.01,1.19,20.31,88.6712,33.73,17.34,2869.16,2104.85,964.59,3816.95,2902.193,9996.19,27.925,2213,663,178.1,173.5
2019-08-28,98.21,1212.91,1.1078,7.1691,0.6734,4.1682,722.43,1.3306,9.0474,15.4132,1.4794,1.3792,1.5,-0.08,0.015,1.5632,1.3833,1.629,1.792,3.056,3.99,1.2,19.35,89.8664,32.72,16.83,2887.94,2111.92,965.35,3802.58,2893.756,9980.73,28.325,2267,664,83.47,132.75
2019-08-29,98.507,1214.93,1.1057,7.1439,0.6728,4.1706,721.22,1.3287,9.0965,15.3122,1.4945,1.3963,1.52,-0.097,0.013,1.5929,1.4077,1.66,1.83,3.035,3.92,1.19,17.88,86.9435,31.82,16.31,2924.58,2133.08,970.08,3790.19,2890.919,9992.64,28.74,2277,660,76.37,100.25
2019-08-30,98.916,1216.62,1.0982,7.1623,0.6733,4.1453,721.7,1.3311,9.1249,15.1954,1.4961,1.3865,1.504,-0.044,0.053,1.5417,1.3557,1.601,1.785,3.061,3.93,1.2,18.98,86.8897,32.16,15.45,2926.46,2138.52,984.33,3799.59,2886.237,10083.2,28.74,2378,656,45.78,116.43
2019-08-31,,,,,,,,,,,,,,,,,,,,,,,,,,,,,,,,,,,,37.03,135.02
2019-09-01,,,,,,,,,,,,,,,,,,,,,,,,,,,,,,,,,,,,35.54,242.38
2019-09-02,98.916,1219.46,1.097,7.194,0.6716,4.188,724.87,1.3326,9.1006,15.2514,1.4961,1.3865,1.504,-0.044,0.053,1.5417,1.3557,1.603,1.772,3.081,3.94,1.21,,,,,,2136.58,983.76,3848.32,2924.106,10103.36,,2442,654,118.91,229.98
2019-09-03,99,1217.84,1.0974,7.178,0.676,4.1677,725.74,1.3337,9.1024,15.0966,1.4573,1.3295,1.452,-0.053,0.037,1.5108,1.3094,1.56,1.739,3.069,3.96,1.21,19.66,85.2653,35.73,16.86,2906.27,2126.92,973.27,3853.61,2930.154,10035.78,28.6,2501,651,83.73,95.61
2019-09-04,98.451,1210.97,1.1035,7.1471,0.6797,4.0949,723.59,1.3224,9.0326,14.8007,1.4657,1.3182,1.4319,-0.048,0.013,1.5141,1.3224,1.573,1.749,3.047,4.06,1.22,17.33,81.6016,34.56,17.27,2937.78,2149.8,990.61,3886,2957.412,10288.19,29,2518,667,89.65,92.02
2019-09-05,98.414,1210.57,1.1035,7.1378,0.6815,4.1096,715.09,1.323,9.0094,14.8829,1.5586,1.426,1.526,0.001,0.074,1.5587,1.3683,1.616,1.788,3.018,3.88,1.2,16.27,79.9169,33.5,15.72,2976,2174.27,1003.01,3925.32,2985.865,10384.14,29.36,2499,676,81.01,106.57
2019-09-06,98.394,1208.98,1.1029,7.1064,0.6846,4.0605,712.25,1.3173,8.9752,14.805,1.5602,1.4328,1.5402,0.01,0.081,1.5508,1.3687,1.614,1.779,3.01,3.85,1.19,15,78.821,33.21,14.75,2978.71,2178.9,1007.96,3948.51,2999.601,10430.67,29.515,2462,683,81.74,130.51
2019-09-07,,,,,,,,,,,,,,,,,,,,,,,,,,,,,,,,,,,,18.95,160.77
2019-09-08,,,,,,,,,,,,,,,,,,,,,,,,,,,,,,,,,,,,64.95,128.76
2019-09-09,98.281,1208.18,1.1048,7.1178,0.6862,4.0962,715.03,1.3168,8.924,14.7688,1.6438,1.4987,1.5928,0.063,0.112,1.5817,1.4025,1.651,1.808,3.027,3.72,1.18,15.27,76.4382,33.28,14.76,2978.43,2178.41,1010.58,3972.95,3024.739,10417.39,30.105,2422,685,72.86,65.84
2019-09-10,98.326,1208.74,1.1043,7.1094,0.6861,4.0814,711.74,1.3152,8.9553,14.6434,1.7316,1.5913,1.676,0.125,0.185,1.6071,1.4269,1.659,1.827,3.045,3.68,1.18,15.2,76.7837,33.55,14.62,2979.39,2179.43,1008.13,3959.27,3021.202,10403.34,30.46,2393,686,104.88,64.63
2019-09-11,98.645,1210.83,1.101,7.1086,0.6862,4.0679,715.3,1.3194,8.9565,14.6766,1.7385,1.5932,1.6742,0.142,0.194,1.5986,1.4191,1.663,1.823,3.057,3.72,1.18,14.61,76.7033,34.94,14.95,3000.93,2194.42,1017.04,3930.1,3008.812,10565.01,30.49,2366,696,98.75,58.52
2019-09-12,98.309,1208.49,1.1065,7.0685,0.6866,4.062,709.72,1.321,8.9715,14.5995,1.7715,1.6349,1.7192,0.149,0.215,1.6232,1.4393,1.691,1.8455,3.089,3.65,1.17,14.22,77.5711,35.58,15.07,3009.57,2201.81,1022.33,3972.38,3031.235,10592.37,30.3,2331,706,79.5,100.33
2019-09-13,98.257,1206.65,1.1073,7.0467,0.6879,4.0871,707.17,1.3288,8.987,14.579,1.8958,1.7507,1.7999,0.22,0.278,1.6773,1.4932,1.737,1.893,,3.61,1.16,13.74,85.5301,35.48,14.94,3007.39,2205.81,1026.61,,,10687.75,30.54,2312,708,70.57,103.12
2019-09-14,,,,,,,,,,,,,,,,,,,,,,,,,,,,,,,,,,,,46.44,103.05
2019-09-15,,,,,,,,,,,,,,,,,,,,,,,,,,,,,,,,,,,,74.36,154.3
2019-09-16,98.61,1209.98,1.1001,7.0621,0.6865,4.0804,709.18,1.324,8.9605,14.6612,1.8467,1.6991,1.7593,0.173,0.212,1.675,1.5082,1.754,1.897,3.092,3.56,1.16,14.67,85.9485,48.58,16.07,2997.96,2195.88,1027.08,3957.72,3030.754,10628.25,31.565,2311,729,178.92,67.24
2019-09-17,98.261,1207.1,1.1073,7.0858,0.6866,4.0775,714.25,1.3244,8.9227,14.7125,1.8013,1.6576,1.7248,0.141,0.198,1.662,1.4816,1.73,1.88,3.105,3.6,1.16,14.44,84.7607,44.89,15.91,3005.7,2201.77,1018.93,3891.22,2978.118,10502.37,31.125,2283,755,253.34,79.18
2019-09-18,98.561,1210.08,1.103,7.0833,0.6828,4.1109,715.65,1.3289,8.9455,14.6872,1.7961,1.6762,1.7621,0.183,0.263,1.6149,1.4375,1.691,1.8395,3.127,3.56,1.14,13.95,79.6633,40.44,15.1,3006.73,2201.02,1021.36,3910.08,2985.659,10478.5,30.975,2266,777,115.36,72.64
2019-09-19,98.272,1208.98,1.1041,7.1028,0.6792,4.1673,715.65,1.326,8.979,14.8191,1.784,1.6597,1.7378,0.167,0.238,1.6192,1.4482,1.703,1.837,3.105,3.55,1.14,14.05,78.1445,41.15,15.13,3006.79,2204.67,1016.57,3924.38,2999.279,10385.35,30.895,2192,795,157.13,184.82
2019-09-20,98.513,1209.78,1.1017,7.1243,0.6766,4.147,715.65,1.3263,9.0621,14.935,1.7215,1.6002,1.683,0.117,0.183,1.6066,1.4406,1.702,1.832,3.099,3.59,1.14,15.32,80.0726,38.99,16.79,2992.07,2197.55,1021.27,3935.65,3006.447,10375.65,30.64,2131,828,126.96,98.34
2019-09-21,,,,,,,,,,,,,,,,,,,,,,,,,,,,,,,,,,,,80.56,139.28
2019-09-22,,,,,,,,,,,,,,,,,,,,,,,,,,,,,,,,,,,,108.33,133.98
2019-09-23,98.599,1210.45,1.0993,7.1098,0.6773,4.1646,722.28,1.3263,9.0453,14.9012,1.7267,1.6021,1.6812,0.105,0.17,1.623,1.4541,1.703,1.841,3.104,3.6,1.13,14.91,81.0116,39.06,16.79,2991.78,2193.74,1015.23,3890.66,2977.077,10287.92,30.65,2108,833,52.58,134.52
2019-09-24,98.337,1207.55,1.102,7.1061,0.6801,4.1655,724.05,1.3243,9.0063,14.8674,1.6456,1.5273,1.6256,0.066,0.145,1.5807,1.4065,1.659,1.803,3.12,3.7,1.14,17.05,83.0673,38.74,17.22,2966.6,2182.07,1011.35,3901.08,2985.341,10271.03,30.165,2116,849,103.24,120.81
2019-09-25,99.037,1214.8,1.0943,7.1272,0.6751,4.148,727.65,1.3268,9.0556,14.9889,1.7372,1.6074,1.6795,0.136,0.202,1.5999,1.4291,1.6705,1.822,3.119,3.7,1.15,15.96,80.2171,38.37,15.62,2984.87,2184.56,1005.56,3870.98,2955.433,10168.78,30.215,2053,850,124.11,144.83
2019-09-26,99.132,1216.97,1.0921,7.1245,0.6749,4.1691,727.13,1.3268,9.0833,15.0091,1.6921,1.5799,1.6555,0.122,0.19,1.5734,1.4043,1.647,1.789,3.135,3.73,1.15,16.07,79.8713,37.52,15.11,2977.62,2183.46,1009.3,3841.14,2929.087,10212.27,29.82,1963,876,70.67,60.07
2019-09-27,99.109,1216.36,1.094,7.1382,0.6764,4.1597,726.78,1.3247,9.077,15.1275,1.6801,1.562,1.6315,0.15,0.206,1.5333,1.3665,1.61,1.75,3.146,3.77,1.15,17.22,79.9722,38.9,14.96,2961.79,2175.54,1001.5,3852.65,2932.167,10148.77,29.815,1857,935,88.06,101.26
2019-09-28,,,,,,,,,,,,,,,,,,,,,,,,,,,,,,,,,,,,38.83,97.83
2019-09-29,,,,,,,,,,,,,,,,,,,,,,,,,,,,,,,,,,,,61.06,165.02
2019-09-30,99.377,1218.84,1.0899,7.1413,0.675,4.1562,728.41,1.3241,9.0967,15.1363,1.6646,1.544,1.6217,0.146,0.21,1.5204,1.3472,1.59,1.742,3.141,3.73,1.15,16.24,77.2005,38.75,15.37,2976.74,2180.02,1001,3814.53,2905.189,10200.97,29.6,1823,961,95.55,113
2019-10-01,99.128,1217.29,1.0933,7.147,0.6704,4.1594,728.82,1.3221,9.1265,15.3349,1.6353,1.4902,1.5459,0.111,0.166,1.5255,1.3368,1.58,1.745,,3.86,1.16,18.56,85.6073,38.88,15.61,2940.25,2158.47,998.48,,,,28.915,1809,998,90.14,65.08
2019-10-02,99.019,1216.69,1.0959,7.1483,0.6707,4.1297,725.53,1.3326,9.1306,15.2914,1.5992,1.4316,1.478,0.095,0.139,1.5053,1.3041,1.547,1.72,,4.09,1.19,20.56,89.3853,39.62,15.75,2887.61,2121.47,989.2,,,10182.97,28.205,1803,1033,69.65,92.82
2019-10-03,98.864,1214.04,1.0965,7.1284,0.6742,4.0815,717.5,1.3337,9.1239,15.1481,1.5341,1.3473,1.3901,0.056,0.093,1.4793,1.2678,1.52,1.7,,4.2,1.21,19.12,87.9438,40.4,16.33,2910.63,2131.36,992.28,,,10220.98,28.51,1757,1123,46.48,46.59
2019-10-04,98.808,1211.76,1.0979,7.1126,0.6771,4.0561,715.8,1.3314,9.0957,15.0506,1.529,1.347,1.4036,0.033,0.086,1.4968,1.2791,1.53,1.721,,4.19,1.2,17.04,83.1527,39.31,15.26,2952.01,2153.82,996.58,,,10147.33,28.69,1767,1191,111.27,105.75
2019-10-05,,,,,,,,,,,,,,,,,,,,,,,,,,,,,,,,,,,,54.15,200.44
2019-10-06,,,,,,,,,,,,,,,,,,,,,,,,,,,,,,,,,,,,38.97,192.8
2019-10-07,98.967,1214.2,1.0971,7.1345,0.6733,4.1074,718.16,1.3309,9.1438,15.18,1.558,1.3908,1.4617,0.048,0.119,1.5121,1.2922,1.5479,1.734,,4.09,1.19,17.86,81.8598,39.42,15.44,2938.79,2151.82,994.16,,,,28.435,1770,1258,52.96,137.56
2019-10-08,99.133,1215.94,1.0957,7.1642,0.6728,4.0953,724.7,1.3325,9.1642,15.2801,1.5289,1.3517,1.4194,0.057,0.12,1.4719,1.2512,1.52,1.699,3.11,4.18,1.21,20.28,80.4689,39.49,16.21,2893.06,2124.15,993.95,3837.68,2913.57,10201.34,27.95,1801,1355,118.78,165.35
2019-10-09,99.118,1215.86,1.0971,7.138,0.6725,4.1098,724.15,1.3333,9.1755,15.172,1.5836,1.4037,1.4657,0.097,0.165,1.4873,1.2592,1.517,1.707,3.122,4.13,1.2,18.64,79.3105,38,15.73,2919.4,2137.62,993.01,3843.24,2924.857,10169.33,28.205,1873,1442,82.47,62.58
2019-10-10,98.701,1211.39,1.1005,7.1043,0.6761,4.1083,718.15,1.3291,9.125,15.0498,1.6681,1.4885,1.5424,0.146,0.201,1.523,1.3091,1.5705,1.747,3.13,4.07,1.19,17.57,80.1374,39.52,15.7,2938.13,2150.16,996.5,3874.64,2947.711,10218.49,28.56,1929,1561,,119.93
2019-10-11,98.301,1206.01,1.1042,7.0811,0.6794,4.1098,710.4,1.3203,9.0755,14.7756,1.729,1.5542,1.5914,0.171,0.224,1.5599,1.3471,1.612,1.7875,3.156,3.9,1.15,15.58,79.86,39.65,15.72,2970.27,2179.33,1011.54,3911.73,2973.656,10452.58,28.945,1924,1941,,95.08
2019-10-12,,,,,,,,,,,,,,,,,,,,,,,,,,,,,,,,,,,,,88.08
2019-10-13,,,,,,,,,,,,,,,,,,,,,,,,,,,,,,,,,,,,,80.63
2019-10-14,98.454,1208.28,1.1027,7.0693,0.6775,4.1263,712.55,1.3234,9.1101,14.8169,1.729,1.5542,1.5914,0.171,0.224,1.5599,1.3471,1.611,1.772,3.164,,,14.57,,40.21,15.65,2966.15,2175.28,1017.45,3953.24,3007.883,10507.85,28.93,1916,1958,,108.55
2019-10-15,98.288,1206.59,1.1033,7.0844,0.6753,4.1803,716.24,1.3199,9.1223,14.8907,1.771,1.5971,1.618,0.207,0.27,1.5656,1.344,1.6115,1.786,3.166,3.73,1.14,13.54,80.06,39.47,15.08,2995.68,2196.61,1019.25,3936.25,2991.046,10500.17,29.05,1898,1797,,68.05
2019-10-16,98.002,1204.09,1.1072,7.0998,0.6759,4.1544,717.07,1.3202,9.1781,14.9438,1.7395,1.5608,1.5835,0.175,0.219,1.5656,1.3571,1.63,1.788,3.166,3.79,1.14,13.68,77.94,39.47,14.94,2989.69,2195.35,1024.08,3922.69,2978.712,10532.17,28.645,1897,1641,,114.65
2019-10-17,97.607,1199.73,1.1125,7.0812,0.6824,4.1641,712.08,1.3137,9.185,14.8333,1.7518,1.5757,1.5999,0.163,0.199,1.5896,1.3919,1.6618,1.81,3.164,3.8,1.13,13.79,77.61,37.71,14.84,2997.95,2201.92,1028.39,3925.22,2977.334,10588.17,28.665,1861,1532,,156.8
2019-10-18,97.282,1196.09,1.1167,7.0715,0.6856,4.1127,711.84,1.3127,9.1617,14.791,1.7536,1.5675,1.5736,0.158,0.041,1.598,1.5372,1.6719,1.827,3.186,3.83,1.12,14.25,78.35,36.43,14.85,2986.2,2195.28,1024.02,3869.38,2938.141,10540.04,28.515,1855,1432,,64.05
2019-10-19,,,,,,,,,,,,,,,,,,,,,,,,,,,,,,,,,,,,,60.31
2019-10-20,,,,,,,,,,,,,,,,,,,,,,,,,,,,,,,,,,,,,56.13
2019-10-21,97.328,1196.03,1.115,7.0699,0.6868,4.1296,727.1,1.3089,9.1369,14.7595,1.7993,1.6106,1.621,0.192,0.085,1.61,1.5284,1.671,1.84,3.217,3.7,1.1,14,80.25,36.66,14.05,3006.72,2209.34,1028.51,3880.84,2939.618,10543.41,29.025,1846,1376,,57.74
2019-10-22,97.526,1197.19,1.1125,7.0759,0.6855,4.083,723.88,1.3095,9.1486,14.5861,1.7607,1.5858,1.5944,0.156,0.062,1.6063,1.5248,1.668,1.84,3.222,3.77,1.1,14.46,78.73,35.52,13.67,2995.99,2204.29,1034.08,3895.88,2954.38,10526.86,29.4,1806,1312,,42.25
2019-10-23,97.491,1197.14,1.113,7.0611,0.6853,4.0364,726.22,1.3072,9.1222,14.6454,1.7642,1.5908,1.5817,0.148,0.058,1.6167,1.5337,1.68,1.8475,3.21,3.75,1.1,14.01,73.03,35.66,13.23,3004.52,2208.28,1030.95,3871.08,2941.619,10451.7,29.645,1779,1282,,80.02
2019-10-24,97.631,1199.51,1.1104,7.0731,0.6819,4.0429,724.3,1.3071,9.1381,14.7012,1.766,1.5832,1.5777,0.142,0.055,1.625,1.5369,1.688,1.8575,3.218,3.72,1.1,13.71,68.97,35.95,13.97,3010.29,2215.64,1037.41,3870.67,2940.921,10532.85,29.52,1785,1227,,56.27
2019-10-25,97.831,1199.7,1.108,7.0511,0.6823,4.0031,727.95,1.3058,9.1957,14.6269,1.7943,1.6192,1.6176,0.137,0.063,1.6582,1.5582,1.7212,1.869,3.24,3.6,1.08,12.65,67.07,34.64,13.48,3022.55,2222.75,1035.84,3896.79,2954.933,10466.3,29.76,1801,1185,,67.88
2019-10-26,,,,,,,,,,,,,,,,,,,,,,,,,,,,,,,,,,,,,78.83
2019-10-27,,,,,,,,,,,,,,,,,,,,,,,,,,,,,,,,,,,,,166.39
2019-10-28,97.764,1199.09,1.11,7.0642,0.6838,3.9925,723.95,1.3055,9.222,14.5612,1.842,1.6618,1.6435,0.194,0.119,1.6485,1.5432,1.7037,1.86,3.295,3.54,1.06,13.11,67.41,35.64,13.78,3039.42,2231.4,1042.97,3926.59,2980.05,10569.82,29.59,1803,1144,,28.94
2019-10-29,97.69,1198.95,1.1112,7.0656,0.6865,3.9992,727.2,1.3087,9.2273,14.6265,1.8385,1.6618,1.6415,0.226,0.15,1.6135,1.5108,1.66,1.8295,3.311,3.63,1.07,13.2,67.61,35.7,13.46,3036.89,2232.45,1043.73,3910.23,2954.176,10547,29.71,1802,1101,,134.13
2019-10-30,97.646,1197.51,1.1151,7.0464,0.6903,3.992,738.58,1.3159,9.181,15.007,1.7715,1.6061,1.5976,0.185,0.119,1.5878,1.4867,1.638,1.8037,3.318,3.74,1.09,12.33,63.32,34.36,13.17,3046.77,2237.31,1041.5,3891.23,2939.321,10479.09,29.105,1782,1055,,111.12
2019-10-31,97.352,1195.81,1.1152,7.0465,0.6894,4.0183,740.5,1.3164,9.1923,15.1008,1.691,1.5195,1.5239,0.142,0.069,1.5501,1.4498,1.599,1.768,3.282,3.92,1.1,13.22,65.88,35.84,13.39,3037.56,2233.53,1041.98,3886.75,2929.056,10533.24,28.98,1731,1040,,133.29
2019-11-01,97.239,1194.2,1.1166,7.0419,0.6904,3.9914,740.5,1.3142,9.0838,15.0374,1.7103,1.5424,1.552,0.118,0.04,1.5933,1.5037,1.663,1.811,3.272,3.85,1.1,12.3,57.28,34.37,12.86,3066.91,2252.07,1049.19,3952.39,2958.199,10622.5,29.64,1697,1029,100.66,35.14
2019-11-02,,,,,,,,,,,,,,,,,,,,,,,,,,,,,,,,,,,,60.81,135
2019-11-03,,,,,,,,,,,,,,,,,,,,,,,,,,,,,,,,,,,,54.3,143.99
2019-11-04,97.505,1197.79,1.1128,7.033,0.6884,4.0173,740.15,1.3151,9.1447,14.8125,1.777,1.5932,1.5822,0.135,0.032,1.6431,1.5624,1.719,1.855,3.297,3.61,1.08,12.83,60.18,35.63,12.45,3078.27,2261.45,1064.55,3978.12,2975.492,10813.47,30.605,1675,1011,59.24,75.66
2019-11-05,97.983,1200.72,1.1075,7.0026,0.6893,3.9926,748.5,1.3157,9.1739,14.7507,1.8584,1.664,1.6245,0.185,0.084,1.6744,1.5818,1.748,1.898,3.249,3.7,1.07,13.1,61.48,33.77,12.43,3074.62,2259.26,1071.22,4002.81,2991.562,10877.63,30.645,1656,967,77.94,129.4
2019-11-06,97.952,1200.88,1.1066,7.0128,0.6884,4.0748,741.13,1.3181,9.1712,14.8142,1.8283,1.6311,1.6086,0.144,0.041,1.6852,1.5909,1.757,1.909,3.257,3.75,1.07,12.62,61.73,33.22,12.04,3076.78,2261.37,1068.87,3984.88,2978.595,10860.86,30.02,1533,938,85.79,48.77
2019-11-07,98.143,1202.09,1.105,6.9712,0.6898,4.101,741.63,1.3174,9.11,14.742,1.9173,1.7302,1.6672,0.217,0.119,1.7066,1.6117,1.778,1.926,3.273,3.63,1.05,12.73,67.08,31.45,12.35,3085.18,2266.69,1073.57,3991.87,2978.714,10935.89,30.47,1428,914,63.62,67.84
2019-11-08,98.353,1204.33,1.1018,6.9864,0.6863,4.1676,747.65,1.3228,9.1319,14.8533,1.9417,1.7456,1.6742,0.221,0.112,1.7267,1.635,1.8045,1.9175,3.269,3.69,1.05,12.07,64.44,31.45,12.27,3093.08,2268.83,1064.85,3973.01,2964.185,10882.3,30.345,1378,899,98.94,127.43
2019-11-09,,,,,,,,,,,,,,,,,,,,,,,,,,,,,,,,,,,,26.86,125.21
2019-11-10,,,,,,,,,,,,,,,,,,,,,,,,,,,,,,,,,,,,,118.98
2019-11-11,98.2,1203.13,1.1033,7.0076,0.6851,4.1478,760.42,1.3233,9.1329,14.8829,1.9417,1.7456,1.6742,0.221,0.112,1.7271,1.6342,1.8,1.95,3.217,,,12.69,,34.22,12.87,3087.01,2266.36,1052.88,3902.98,2909.975,10613.63,30.175,1345,902,,101.72
2019-11-12,98.309,1205.4,1.1009,7.0242,0.6841,4.1642,783.83,1.3233,9.1649,14.9426,1.9347,1.7391,1.6623,0.239,0.139,1.7038,1.6006,1.77,1.93,3.253,3.62,1.04,12.68,69.82,33.74,11.91,3091.84,2270.01,1055.83,3903.69,2914.823,10691.09,30.02,1354,941,,89.57
2019-11-13,98.373,1205.92,1.1007,7.0299,0.6838,4.1768,795.03,1.3251,9.1842,14.9116,1.886,1.6911,1.636,0.219,0.115,1.676,1.5773,1.7519,1.9025,3.231,3.77,1.05,13,66.1,35.15,11.56,3094.04,2268.33,1043.83,3899.98,2905.241,10519.12,29.89,1365,984,,106.88
2019-11-14,98.163,1204.51,1.1022,7.0187,0.6786,4.1892,803.68,1.3248,9.1627,14.8254,1.8186,1.6284,1.5914,0.186,0.092,1.6415,1.5377,1.7175,1.873,3.251,3.82,1.06,13.05,64.17,33.94,11.83,3096.63,2265.29,1042.25,3905.86,2909.87,10427.38,29.81,1364,1082,,53.75
2019-11-15,97.999,1202.19,1.1051,7.0064,0.6817,,777.34,1.3223,9.0922,14.7114,1.8308,1.6468,1.6101,0.202,0.112,1.6373,1.5354,1.714,1.86,3.242,3.79,1.06,12.05,61.7,32.42,11.23,3120.46,2282.8,1048.79,3877.09,2891.343,10424.8,30.04,1357,1119,,56.77
2019-11-16,,,,,,,,,,,,,,,,,,,,,,,,,,,,,,,,,,,,,91.22
2019-11-17,,,,,,,,,,,,,,,,,,,,,,,,,,,,,,,,,,,,,125.9
2019-11-18,97.794,1201.46,1.1072,7.0259,0.6811,4.2087,772.77,1.3206,9.1164,14.8134,1.8153,1.6353,1.598,0.178,0.097,1.6463,1.539,1.71,1.867,3.188,3.81,1.06,12.46,64.13,33.68,11.55,3122.03,2285.76,1052.12,3907.93,2909.2,10556.56,29.675,1338,1143,,19.85
2019-11-19,97.856,1202.4,1.1078,7.0275,0.6828,4.1994,786.85,1.3268,9.1234,14.7631,1.7826,1.6204,1.5961,0.152,0.092,1.6396,1.5298,1.7025,1.869,3.176,3.92,1.07,12.86,62.64,32.94,11.5,3120.18,2284.85,1057.16,3947.04,2933.991,10696.56,29.235,1304,1194,,33.14
2019-11-20,97.934,1204.25,1.1073,7.0405,0.6803,4.2032,795.47,1.3304,9.135,14.7808,1.7449,1.589,1.5757,0.134,0.069,1.6226,1.5208,1.68,1.856,3.176,3.97,1.08,12.78,65.58,32.2,11.55,3108.46,2274.92,1052,3907.86,2911.053,10619.51,29.53,1260,1235,,46.27
2019-11-21,97.993,1204.52,1.1059,7.0324,0.6787,4.195,795.32,1.3285,9.1456,14.6842,1.7723,1.6189,1.6046,0.148,0.084,1.6371,1.5355,1.704,1.869,3.171,3.96,1.09,13.13,61.83,31.59,11.37,3103.54,2270.36,1044.58,3889.6,2903.638,10450.22,30.015,1255,1276,,65.17
2019-11-22,98.27,1206.87,1.1021,7.0435,0.6786,4.196,798.99,1.3302,9.1568,14.716,1.7706,1.624,1.6277,0.148,0.095,1.6352,1.5295,1.702,1.871,3.172,3.91,1.08,12.34,62.17,32.38,11.32,3110.29,2273.89,1048.55,3849.99,2885.288,10506.17,29.915,1284,1296,,83.86
2019-11-23,,,,,,,,,,,,,,,,,,,,,,,,,,,,,,,,,,,,,63.35
2019-11-24,,,,,,,,,,,,,,,,,,,,,,,,,,,,,,,,,,,,,110.11
2019-11-25,98.323,1207.44,1.1014,7.0313,0.6779,4.2276,795.64,1.3299,9.1779,14.7766,1.7551,1.6108,1.6134,0.126,0.075,1.6408,1.5363,1.711,1.874,3.197,3.76,1.06,11.87,61.55,31.9,11.15,3133.64,2290.65,1053.47,3878.21,2906.169,10628.88,29.945,1351,1276,,41.17
2019-11-26,98.252,1207.51,1.1021,7.0145,0.6788,4.2386,799.27,1.3272,9.1691,14.8017,1.7414,1.5959,1.5819,0.113,0.053,1.6415,1.5439,1.715,1.871,3.184,3.81,1.06,11.54,60.39,31.25,10.76,3140.52,2294.78,1047.84,3891.65,2907.06,10617.37,29.67,1426,1297,,37.49
2019-11-27,98.37,1209.45,1.0999,7.0161,0.6776,4.2592,818.99,1.3282,9.1609,14.7609,1.7654,1.6292,1.6259,0.133,0.09,1.6456,1.5488,1.718,1.871,3.185,3.73,1.05,11.75,57.62,30.82,10.3,3153.63,2302.67,1052.93,3875.62,2903.195,10620.11,29.745,1440,1301,,37.18
2019-11-28,98.37,1209.54,1.1009,7.0313,0.677,4.2119,828.61,1.3282,9.1696,14.7092,1.7654,1.6292,1.6259,0.133,0.09,1.6456,1.5496,1.71,1.863,3.181,,,,,,,,2301.79,1050.39,3862.3,2889.693,10561.87,,1467,1283,,97.06
2019-11-29,98.273,1209.03,1.1018,7.0309,0.6763,4.2372,810.47,1.3282,9.2248,14.6706,1.7758,1.6259,1.6119,0.157,0.111,1.633,1.5273,1.684,1.85,3.175,3.7,1.05,12.62,56.57,36.73,10.71,3140.98,2292.26,1040.05,3828.67,2871.981,10301.82,29.445,1528,1267,,122.19
2019-11-30,,,,,,,,,,,,,,,,,,,,,,,,,,,,,,,,,,,,,41.19
2019-12-01,,,,,,,,,,,,,,,,,,,,,,,,,,,,,,,,,,,,59.46,99.73
2019-12-02,97.856,1205,1.1079,7.0436,0.6819,4.2169,803.38,1.3308,9.1645,14.5443,1.8189,1.6424,1.6,0.162,0.098,1.6709,1.557,1.705,1.8862,3.212,3.75,1.05,14.91,59.42,34.97,10.77,3113.87,2276.4,1040.22,3836.06,2875.807,10363.91,29.445,1568,1252,77.88,86.08
2019-12-03,97.737,1203.85,1.1082,7.0697,0.6847,4.2049,802.85,1.3296,9.1853,14.6363,1.7157,1.5424,1.538,0.088,0.031,1.6423,1.5221,1.689,1.857,3.199,3.91,1.06,15.96,64.62,35.05,12.15,3093.2,2263.1,1037.38,3851.09,2884.699,10355.92,29.005,1606,1237,85.84,69.28
2019-12-04,97.648,1201.49,1.1078,7.0525,0.6849,4.2069,791.2,1.3201,9.1736,14.5931,1.774,1.5998,1.5721,0.105,0.051,1.6807,1.5603,1.726,1.89,3.197,3.78,1.05,14.8,63.01,32.21,11.57,3112.76,2275.47,1036.57,3849.82,2878.116,10254.09,29.44,1599,1259,47.66,64.18
2019-12-05,97.41,1199.14,1.1104,7.0411,0.6834,4.1873,783.28,1.3174,9.1378,14.6492,1.8103,1.6327,1.5923,0.133,0.073,1.6862,1.5705,1.7273,1.897,3.19,3.72,1.03,14.52,63.73,30.41,11.25,3117.43,2278.63,1042.85,3879.36,2899.469,10321.83,29.3,1575,1286,103.15,36.86
2019-12-06,97.7,1200.66,1.106,7.0246,0.6841,4.1394,778.23,1.3255,9.1296,14.6224,1.8363,1.6626,1.6149,0.129,0.068,1.7155,1.6041,1.7763,1.926,3.205,3.6,1.02,13.62,64.07,30.02,10.73,3145.91,2296.39,1048.96,3902.39,2912.014,10407.18,29.86,1558,1315,88.66,134.85
2019-12-07,,,,,,,,,,,,,,,,,,,,,,,,,,,,,,,,,,,,12.23,174.94
2019-12-08,,,,,,,,,,,,,,,,,,,,,,,,,,,,,,,,,,,,37.47,219.84
2019-12-09,97.644,1199.83,1.1064,7.0369,0.6823,4.1399,775.79,1.3239,9.1442,14.6715,1.819,1.6561,1.613,0.122,0.063,1.7024,1.6041,1.7707,1.908,3.202,3.5,1.01,15.86,67.29,30.02,10.75,3135.96,2292.58,1051.11,3895.45,2914.478,10408.05,29.825,1551,1338,82.81,130.15
2019-12-10,97.413,1198.76,1.1092,7.0282,0.6809,4.1455,778.9,1.323,9.1774,14.791,1.8416,1.6859,1.6517,0.134,0.079,1.7135,1.6158,1.791,1.9169,3.201,3.51,1.01,15.68,67.09,27.94,10.33,3132.52,2289.67,1049.5,3900.38,2917.316,10395.27,29.885,1528,1375,,189.13
2019-12-11,97.078,1194.64,1.113,7.0285,0.6876,4.1179,769.67,1.3174,9.1117,14.6824,1.7914,1.6381,1.6133,0.092,0.035,1.7054,1.6141,1.794,1.918,3.19,3.53,1.02,14.99,61.3,27.81,10.81,3141.63,2295.02,1058.23,3902.75,2924.417,10502.53,29.835,1460,1414,,111.83
2019-12-12,97.397,1194.91,1.113,6.9457,0.6909,4.091,769.46,1.3185,9.0778,14.4955,1.8922,1.7258,1.6582,0.165,0.097,1.7316,1.6395,1.819,1.945,3.19,3.39,0.99,13.94,61.63,27.44,10.95,3168.57,2309.36,1070.71,3891.02,2915.698,10614.76,30.385,1388,1419,,99.79
2019-12-13,97.172,1194.67,1.1121,7.0144,0.6876,4.1076,763.72,1.3166,9.0319,14.531,1.8226,1.6532,1.6037,0.108,0.03,1.7186,1.6346,1.798,1.927,3.2,3.38,0.99,12.63,56.44,26.76,10.39,3168.8,2319.73,1086.91,3968.22,2967.677,10838.11,30.155,1355,1440,,164.4
2019-12-14,,,,,,,,,,,,,,,,,,,,,,,,,,,,,,,,,,,,,139.75
2019-12-15,,,,,,,,,,,,,,,,,,,,,,,,,,,,,,,,,,,,,110.44
2019-12-16,97.019,1192.65,1.1144,6.9915,0.6885,4.0581,762.05,1.3155,9.01,14.3644,1.8713,1.7014,1.6263,0.138,0.06,1.7369,1.6512,1.8195,1.951,3.2,3.26,0.97,12.14,56.13,26.51,10.39,3191.45,2337.45,1087.96,3987.55,2984.393,10778.89,30.56,1315,1455,,79.66
2019-12-17,97.222,1194.79,1.115,6.9988,0.6851,4.0721,756.26,1.316,9.021,14.3836,1.8801,1.7065,1.6224,0.126,0.042,1.7578,1.6733,1.843,1.9737,3.225,3.26,0.96,12.29,55.38,26.33,10.03,3192.52,2336.62,1102.61,4041.8,3022.422,10964.99,30.58,1281,1509,,140.79
2019-12-18,97.4,1195.92,1.1114,7.0026,0.6853,4.0674,752.39,1.3115,9.0105,14.3084,1.9169,1.7332,1.6287,0.147,0.05,1.7714,1.6891,1.853,1.972,3.239,3.22,0.96,12.58,53.41,26.77,10.04,3191.14,2333.28,1109.18,4032.78,3017.044,11024.66,30.695,1221,1545,,89.87
2019-12-19,97.379,1195.25,1.1122,6.999,0.6886,4.0654,753.48,1.3125,8.9753,14.2248,1.9204,1.7317,1.6268,0.135,0.027,1.787,1.7119,1.868,1.9858,3.233,3.26,0.95,12.5,53.7,24.8,10.39,3205.37,2340.65,1106.63,4027.15,3017.066,10985.89,30.685,1151,1560,,70.52
2019-12-20,97.69,1197.51,1.1079,7.0031,0.69,4.0978,753.15,1.3161,8.9726,14.2536,1.9171,1.7304,1.6294,0.143,0.05,1.7755,1.6881,1.845,1.97,3.201,3.24,0.95,12.51,54.19,25.54,9.69,3221.22,2349.87,1107.64,4017.25,3004.938,11030.23,30.68,1123,1589,,141.48
2019-12-21,,,,,,,,,,,,,,,,,,,,,,,,,,,,,,,,,,,,,155.23
2019-12-22,,,,,,,,,,,,,,,,,,,,,,,,,,,,,,,,,,,,,190.14
2019-12-23,97.658,1197.54,1.1089,7.0081,0.6922,4.0785,754.43,1.3148,8.9564,14.2131,1.9294,1.7488,1.6523,0.166,0.079,1.7661,1.6768,1.826,1.956,3.167,3.17,0.95,12.61,55.31,25.11,10.56,3224.01,2350.75,1111.64,3967.1,2962.751,11052.68,30.995,1103,1580,,110.91
2019-12-24,97.654,1198.09,1.1089,7.0044,0.6922,4.0907,751.54,1.3165,8.9098,14.1592,1.8996,1.709,1.621,0.14,0.04,1.7632,1.6754,1.82,1.954,3.166,3.26,0.95,12.67,58.32,25.46,11.93,3223.38,2351.84,1109.07,3992.96,2982.681,11035.98,30.98,1090,1597,,97.08
2019-12-25,97.632,,1.1093,6.9957,0.692,,749.03,1.316,8.9139,14.1595,1.8996,1.709,1.621,0.14,0.04,1.7632,1.6754,1.764,1.956,3.146,,,,,,,,2351.22,1109.14,3990.87,2981.881,,,,,,43.46
2019-12-26,97.534,1196.29,1.1098,6.9918,0.6945,4.0538,746.01,1.3122,8.8826,14.1307,1.8944,1.7189,1.631,0.142,0.046,1.7533,1.6657,1.823,1.94,3.118,3.24,0.95,12.65,56.42,24.08,13.33,3239.91,2360.21,1112.08,4025.99,3007.354,,30.97,,,,106.92
2019-12-27,96.919,1191.18,1.1177,6.9929,0.698,4.0469,747.27,1.3079,8.8148,14.0304,1.8752,1.678,1.5812,0.14,0.027,1.7379,1.6449,1.7987,1.926,3.134,3.3,0.94,13.43,55.3,25.16,12.32,3240.02,2364.9,1118.61,4022.03,3005.035,11194.55,30.84,,,,127.92
2019-12-28,,,,,,,,,,,,,,,,,,,,,,,,,,,,,,,,,,,,,123.1
2019-12-29,,,,,,,,,,,,,,,,,,,,,,,,,,,,,,,,,,,,,245.14
2019-12-30,96.74,1188.66,1.1199,6.9846,0.6994,4.0227,751.89,1.3069,8.815,14.1153,1.8788,1.6699,1.5653,0.126,0.004,1.7547,1.6603,1.786,1.93,3.145,3.3,0.94,14.82,59.63,25.86,12.56,3221.29,2353.25,1118.42,4081.63,3040.024,11225.31,29.85,,,,101.31
2019-12-31,96.389,1184.83,1.1213,6.9617,0.7021,4.0304,751.75,1.299,8.7855,14,1.9175,1.691,1.5691,0.134,-0.008,1.786,1.6966,1.844,1.978,3.144,3.36,0.93,13.78,58.28,28.3,12.63,3230.78,2358.47,1114.66,4096.58,3050.124,11168.06,30.02,,,,105.75
2020-01-01,96.445,,1.1212,6.9623,0.7017,,753.38,1.2987,8.7806,14.0132,1.9175,1.691,1.5691,0.134,-0.008,1.7842,1.6966,1.846,1.9525,,,,,,,,,2358.48,1114.64,,,,,,,114.53,186.06
2020-01-02,96.846,1187.69,1.1172,6.9592,0.6993,4.024,750.97,1.2981,8.7953,14.0894,1.8771,1.6665,1.569,0.074,-0.053,1.8029,1.7185,1.8627,1.979,,3.31,0.95,12.47,57.2,28.75,12.7,3257.85,2375.94,1128.01,4152.24,3085.198,11320.56,30.29,976,1503,163.18,139.13
2020-01-03,96.838,1189.29,1.1161,6.9663,0.695,4.0588,756.19,1.3001,8.8343,14.3019,1.7881,1.5896,1.5246,0.012,-0.116,1.7751,1.7068,1.85,1.962,3.146,3.35,0.96,14.02,60.12,31.92,13.46,3234.85,2363.12,1123.87,4144.96,3083.786,11253.55,30.2,907,1517,80.79,108.1
2020-01-04,,,,,,,,,,,,,,,,,,,,,,,,,,,,,,,,,,,,229.99,212.82
2020-01-05,,,,,,,,,,,,,,,,,,,,,,,,,,,,,,,,,,,,199.25,173.76
2020-01-06,96.671,1187.15,1.1197,6.9693,0.694,4.0644,772.4,1.2965,8.7933,14.2117,1.809,1.6058,1.5445,0.052,-0.077,1.7555,1.6851,1.824,1.942,3.134,3.29,0.98,13.85,62.79,32.32,14.21,3246.28,2364.49,1112.53,4129.3,3083.408,11165.41,30.435,844,1500,251.99,147.96
2020-01-07,97.005,1190.61,1.1153,6.9427,0.687,4.0658,769.09,1.3004,8.8513,14.3119,1.8177,1.6122,1.5404,0.073,-0.062,1.7443,1.6774,1.805,1.923,3.142,3.32,0.98,13.79,62.63,31.8,14.01,3237.18,2362.43,1115.84,4160.23,3104.802,11198.75,30.355,791,1509,413.46,103.98
2020-01-08,97.299,1192.53,1.1105,6.9368,0.6866,4.0649,761.55,1.3039,8.8659,14.1615,1.8738,1.6629,1.5806,0.109,-0.019,1.7621,1.6854,1.814,1.943,3.138,3.29,0.97,13.45,60.49,32.6,13.67,3253.05,2366.93,1111.4,4112.32,3066.893,11079.79,29.855,773,1520,180.61,91.15
2020-01-09,97.45,1194.19,1.1106,6.9249,0.6858,4.0898,767.22,1.3056,8.8884,14.2103,1.8545,1.653,1.5785,0.094,-0.029,1.7593,1.686,1.806,1.937,3.122,3.31,0.96,12.54,57.66,33.22,12.54,3274.7,2379.85,1129.37,4164.37,3094.882,11281.26,30.075,772,1508,394.46,71.92
2020-01-10,97.356,1192.58,1.1121,6.915,0.6901,4.0981,772.09,1.305,8.8872,14.3661,1.8196,1.6315,1.5702,0.061,-0.051,1.7558,1.6881,1.8,1.938,3.08,3.27,0.96,12.56,53.32,30.38,12.27,3265.35,2377.62,1133.63,4163.18,3092.291,11267.48,29.905,774,1473,167.3,74.58
2020-01-11,,,,,,,,,,,,,,,,,,,,,,,,,,,,,,,,,,,,120.16,127.36
2020-01-12,,,,,,,,,,,,,,,,,,,,,,,,,,,,,,,,,,,,175.73,159.24
2020-01-13,97.345,1192.76,1.1134,6.8823,0.6904,4.1425,775.36,1.3057,8.8972,14.4059,1.8459,1.6495,1.5843,0.069,-0.056,1.7748,1.7086,1.829,1.959,3.094,3.15,0.95,12.32,53.27,34.25,10.91,3288.13,2388.25,1144,4203.99,3115.57,11396.76,29.915,765,1448,152.73,124.82
2020-01-14,97.372,1192.83,1.1128,6.8894,0.6902,4.1319,771.38,1.3062,8.874,14.4028,1.8109,1.6199,1.57,0.037,-0.081,1.7711,1.7059,1.819,1.959,3.104,3.22,0.96,12.39,52.35,33.62,11.02,3283.15,2388.5,1143.86,4189.89,3106.82,11355.37,29.92,763,1396,131.78,109.27
2020-01-15,97.229,1191.5,1.115,6.8923,0.6902,4.1831,775.09,1.3042,8.8629,14.3894,1.783,1.5985,1.5536,0.033,-0.082,1.7466,1.6839,1.796,1.933,3.091,3.22,0.96,12.42,50.54,33.38,11.75,3289.29,2392.06,1137.98,4166.73,3090.038,11295.47,29.7,768,1340,153.53,98.77
2020-01-16,97.32,1191.98,1.1137,6.8766,0.6898,4.1839,775.92,1.3042,8.8866,14.4149,1.8074,1.6247,1.5657,0.056,-0.066,1.749,1.6933,1.791,1.935,3.095,3.19,0.95,12.32,50.37,29.79,11.38,3316.81,2406.17,1140.62,4149.04,3074.081,11328.38,29.75,768,1305,145.95,88.05
2020-01-17,97.606,1194.14,1.1092,6.8674,0.6879,4.1616,772.66,1.3066,8.9124,14.4699,1.8215,1.6195,1.5592,0.065,-0.066,1.7526,1.6881,1.7862,1.938,3.088,3.2,0.93,12.1,49.67,28.6,11.31,3329.62,2415.51,1146.83,4154.85,3075.496,11419.91,29.56,754,1241,129.82,77.76
2020-01-18,,,,,,,,,,,,,,,,,,,,,,,,,,,,,,,,,,,,38.82,89.29
2020-01-19,,,,,,,,,,,,,,,,,,,,,,,,,,,,,,,,,,,,93.31,162.21
2020-01-20,97.606,1193.77,1.1095,6.8672,0.6873,4.1873,769.51,1.3048,8.9275,14.507,1.8215,1.6195,1.5592,0.065,-0.066,1.7526,1.6881,,1.94,3.057,,,,,,,,2415.04,1145.68,4185.83,3095.787,11331.49,,729,1226,119.12,96.05
2020-01-21,97.531,1195.2,1.1082,6.9089,0.6845,4.2136,773.37,1.307,8.9944,14.5023,1.7743,1.575,1.5304,0.031,-0.102,1.7403,1.679,1.77,1.92,3.044,3.2,0.93,12.85,53.42,27.66,11.48,3320.79,2409.29,1126.85,4114.31,3052.142,10970.13,29.03,689,1227,119.33,87.56
2020-01-22,97.527,1194.02,1.1093,6.9105,0.6844,4.1805,772.01,1.3135,8.984,14.3292,1.7691,1.5749,1.5283,0.04,-0.082,1.726,1.6603,1.74,1.9,3.028,3.32,0.93,12.91,51.31,30.7,11.16,3321.75,2410.23,1133.4,4131.93,3060.754,11174.7,28.75,623,1237,77.99,77.19
2020-01-23,97.693,1195.68,1.1055,6.932,0.6847,4.17,776.72,1.3127,8.9954,14.4011,1.7325,1.5469,1.5137,0.01,-0.104,1.7205,1.6527,1.731,1.891,3.003,3.4,0.95,12.98,55.34,31.95,11.61,3325.54,2406.14,1122.19,4003.9,2976.528,10952.22,28.64,576,1208,93.07,70.67
2020-01-24,97.853,1197.3,1.1025,6.9304,0.6832,4.1826,777.62,1.3143,9.0494,14.3939,1.6839,1.5038,1.4947,0.002,-0.124,1.6826,1.6302,1.69,1.873,,3.56,0.95,14.56,59.94,34.55,12.48,3295.47,2395.31,1119.39,,,10976.19,28.31,557,1190,51.96,48.48
2020-01-25,,,,,,,,,,,,,,,,,,,,,,,,,,,,,,,,,,,,33.13,78.77
2020-01-26,,,,,,,,,,,,,,,,,,,,,,,,,,,,,,,,,,,,23.33,137.56
2020-01-27,97.956,1199.6,1.1019,6.9866,0.6761,4.2108,791.24,1.3194,9.1432,14.61,1.608,1.4414,1.4409,-0.018,-0.126,1.6273,1.5688,1.624,1.815,,3.85,0.99,18.23,66.73,37.72,12.9,3243.63,2356.09,1102.98,,,,27.525,546,1152,72.01,22.25
2020-01-28,98.018,1198.97,1.1022,6.9661,0.6762,4.1904,788.45,1.3155,9.1127,14.5506,1.6562,1.4791,1.4625,-0.001,-0.127,1.6584,1.6064,1.67,1.842,,3.71,0.99,16.28,65.6,36.42,11.89,3276.24,2372.52,1101.72,,,,27.65,539,1093,99.59,94.68
2020-01-29,97.991,1199.74,1.101,6.9697,0.6754,4.225,791.62,1.3199,9.1624,14.6167,1.5839,1.4058,1.4128,-0.051,-0.184,1.6359,1.5924,1.651,1.826,,3.71,0.99,16.39,66.17,35.73,12.09,3273.4,2373.52,1097.51,,,10618.72,27.36,525,1046,47.02,88.62
2020-01-30,97.867,1198.73,1.1032,6.983,0.6722,4.2472,796.15,1.3209,9.181,14.7648,1.5856,1.4058,1.4128,-0.071,-0.203,1.6577,1.6131,1.664,1.847,,3.82,1,15.49,71.07,37.49,12.23,3283.66,2372.01,1072.79,,,10325.09,27.58,498,934,188.07,142.05
2020-01-31,97.39,1195.91,1.1093,6.9984,0.6692,4.2829,800.49,1.3237,9.2011,15.0282,1.5068,1.3134,1.3132,-0.133,-0.281,1.6408,1.5977,1.649,1.83,,3.9,1.02,18.84,72.98,40.35,13.5,3225.52,2342.41,1062.34,,,10240.51,26.72,487,882,73.98,122.2
2020-02-01,,,,,,,,,,,,,,,,,,,,,,,,,,,,,,,,,,,,89.05,147.37
2020-02-02,,,,,,,,,,,,,,,,,,,,,,,,,,,,,,,,,,,,41.15,104.49
2020-02-03,97.8,1200.13,1.106,7.014,0.6692,4.2469,788.79,1.3286,9.2759,14.8843,1.5272,1.3474,1.353,-0.088,-0.224,1.6157,1.5754,1.625,1.803,,3.83,1.02,17.97,72.81,41.81,12.48,3248.92,2351.45,1060.32,3688.36,2746.606,10268.12,26.37,466,850,107.52,124.15
2020-02-04,97.961,1199.68,1.1044,6.9908,0.6739,4.2546,781.56,1.3277,9.2107,14.7831,1.5991,1.419,1.409,-0.036,-0.175,1.6362,1.597,1.644,1.831,2.866,3.72,0.99,16.05,68.17,39.44,12.01,3297.59,2383.3,1085.39,3785.64,2783.288,10435.36,26.465,453,803,143.61,111.96
2020-02-05,98.301,1202.11,1.0999,6.9754,0.6746,4.2412,778.22,1.3282,9.2104,14.7767,1.6508,1.4631,1.4431,-0.009,-0.162,1.6603,1.6285,1.6704,1.846,2.869,3.6,0.97,15.15,64.07,37.88,11.32,3334.69,2404.96,1089.4,3828.53,2818.088,10493.85,27.46,430,798,68.35,84.94
2020-02-06,98.496,1204.45,1.0983,6.9782,0.673,4.2825,783.85,1.3284,9.2185,14.9146,1.6422,1.4615,1.4452,-0.022,-0.17,1.6657,1.636,1.673,1.852,2.837,3.56,0.96,14.96,61.24,36.44,11.45,3345.78,2416.48,1102.39,3899.78,2866.51,10764.34,27.18,431,796,90.63,81.75
2020-02-07,98.684,1207.52,1.0946,7.007,0.6673,4.3175,790.86,1.3308,9.305,15.0636,1.5834,1.4044,1.4011,-0.072,-0.222,1.6565,1.6309,1.672,1.845,2.806,3.54,0.96,15.47,65.59,37.51,11.3,3327.71,2404.75,1091.65,3899.87,2875.964,10705.17,26.99,415,803,78.96,130.27
2020-02-08,,,,,,,,,,,,,,,,,,,,,,,,,,,,,,,,,,,,31.17,87.8
2020-02-09,,,,,,,,,,,,,,,,,,,,,,,,,,,,,,,,,,,,31.47,113.95
2020-02-10,98.832,1207.78,1.0911,6.9847,0.6687,4.3255,795.85,1.3317,9.2888,14.9782,1.5696,1.388,1.3931,-0.088,-0.238,1.6586,1.6322,1.675,1.848,2.792,3.58,0.97,15.04,68.13,39.01,11.91,3352.09,2413.1,1086.93,3916.01,2890.488,10654.43,26.855,411,816,24.76,111.39
2020-02-11,98.721,1205.81,1.0916,6.9708,0.6714,4.3302,792.64,1.3286,9.25,14.8096,1.6006,1.4207,1.4234,-0.051,-0.204,1.6527,1.6286,1.673,1.8489,2.833,3.52,0.97,15.18,64.89,37.52,11.48,3357.75,2421.26,1099.41,3952.46,2901.674,10808.52,27.155,418,840,90.26,152.71
2020-02-12,99.049,1207.21,1.0874,6.9742,0.6737,4.3529,790.07,1.325,9.2284,14.8524,1.6333,1.4503,1.4437,-0.038,-0.201,1.6727,1.6555,1.701,1.864,2.836,3.46,0.95,13.74,63.52,35.58,11.07,3379.45,2434.95,1109.7,3984.43,2926.899,10884.69,27.52,421,847,62.03,79.26
2020-02-13,99.067,1207.36,1.0841,6.9891,0.6719,4.3537,795.4,1.3267,9.2507,14.9557,1.6173,1.4437,1.4438,-0.056,-0.218,1.6742,1.6661,1.711,1.863,2.827,3.41,0.96,14.15,63.51,35.84,11.59,3373.94,2429.89,1106.07,3959.92,2906.073,10835.38,27.435,421,855,58.85,82.23
2020-02-14,99.124,1207.26,1.0831,6.9929,0.6714,4.2915,791.38,1.3252,9.2488,14.9118,1.5848,1.4159,1.4279,-0.081,-0.24,1.6677,1.6616,1.697,1.8655,2.866,3.44,0.96,13.68,62.38,35.93,11.62,3380.16,2431.36,1106.3,3987.73,2917.008,10863.45,27.29,425,865,89.18,71.98
2020-02-15,,,,,,,,,,,,,,,,,,,,,,,,,,,,,,,,,,,,53.96,82.1
2020-02-16,,,,,,,,,,,,,,,,,,,,,,,,,,,,,,,,,,,,73.43,131.52
2020-02-17,99.003,1207.83,1.0836,6.985,0.6714,4.3277,793.17,1.3235,9.2567,14.9875,1.5848,1.4159,1.4279,-0.081,-0.24,1.6677,1.6616,1.695,1.851,2.893,,,,,,,,2430.69,1107.99,4077.42,2983.622,10957.84,,434,871,84.65,82.54
2020-02-18,99.44,1210.43,1.0792,7.0072,0.6686,4.3622,796.9,1.326,9.3299,15.007,1.561,1.3979,1.4116,-0.103,-0.256,1.6648,1.6585,1.686,1.843,2.881,3.41,0.96,14.83,67.66,33.47,13.02,3370.29,2421.47,1095.66,4057.51,2984.972,10805.15,27.065,450,871,83.43,77.38
2020-02-19,99.705,1212.79,1.0805,7.0132,0.6675,4.3639,798.89,1.3221,9.2716,14.9833,1.5661,1.4078,1.4219,-0.091,-0.251,1.6592,1.6641,1.682,1.823,2.885,3.44,0.96,14.38,68.04,32.27,13.34,3386.15,2431.23,1103.69,4051.31,2975.402,10908.57,27.425,465,872,54.75,56.47
2020-02-20,99.865,1218.51,1.0785,7.0462,0.6615,4.3904,806.74,1.3259,9.3187,15.1283,1.5152,1.3635,1.3892,-0.119,-0.276,1.6351,1.6434,1.666,1.807,2.884,3.49,0.97,15.56,69.6,33.16,13.35,3373.23,2420.21,1095.32,4144.66,3030.154,10913.97,27.395,480,870,111.31,103.7
2020-02-21,99.262,1214.22,1.0847,7.0366,0.6627,4.3885,802.71,1.3225,9.2793,15.0052,1.4713,1.3224,1.3543,-0.146,-0.303,1.6183,1.6291,1.64,1.797,2.859,3.59,0.99,17.08,74.54,35.87,15.79,3337.75,2402.8,1084.22,4149.49,3039.669,10790.84,27.07,497,865,103.92,106.59
2020-02-22,,,,,,,,,,,,,,,,,,,,,,,,,,,,,,,,,,,,77.34,177.27
2020-02-23,,,,,,,,,,,,,,,,,,,,,,,,,,,,,,,,,,,,37.9,144.34
2020-02-24,99.359,1215.7,1.0854,7.0359,0.6605,,807.88,1.3293,9.3573,15.1499,1.3705,1.2096,1.2476,-0.215,-0.378,1.5862,1.5894,1.598,1.758,2.814,3.94,1.05,25.03,86.92,39.53,17.58,3225.89,2330.75,1055.32,4132.84,3031.233,10568.33,25.82,506,862,80.92,88.73
2020-02-25,98.968,1213.01,1.0882,7.0256,0.6604,,811.33,1.3279,9.3616,15.2148,1.3521,1.1835,1.2248,-0.187,-0.352,1.5403,1.5367,1.541,1.7045,2.82,4.17,1.07,27.85,87.38,42.5,18.13,3128.21,2269.42,1056.54,4123.85,3013.05,10579.92,24.68,508,850,115.45,147.84
2020-02-26,98.996,1215.29,1.0881,7.0213,0.6544,4.4496,810.22,1.3333,9.3989,15.3137,1.3371,1.159,1.1647,-0.207,-0.375,1.5461,1.5368,1.533,1.716,2.8,4.25,1.08,27.56,87,43.4,16.48,3116.39,2258.62,1043.31,4073.02,2987.929,10501.62,23.935,517,817,102.6,97.49
2020-02-27,98.508,1211.76,1.1001,7.0084,0.6569,4.4911,814.97,1.3391,9.3943,15.4841,1.2607,1.0686,1.0615,-0.242,-0.4,1.5047,1.4756,1.486,1.685,2.783,4.61,1.16,39.16,92.59,49.42,18.05,2978.76,2177.25,1030.67,4084.88,2991.329,10593.11,22.655,529,806,63.97,106.55
2020-02-28,98.132,1209.53,1.1026,6.9798,0.6515,4.472,820.78,1.3407,9.3939,15.6609,1.1486,0.9356,0.913,-0.28,-0.434,1.4301,1.3746,1.42,1.621,2.733,5,1.22,40.11,109.67,51.25,21.27,2954.22,2141.12,1005.52,3940.05,2880.304,10302.36,22.635,535,796,55.14,172.45
2020-02-29,,,,,,,,,,,,,,,,,,,,,,,,,,,,,,,,,,,,90.32,225.32
2020-03-01,,,,,,,,,,,,,,,,,,,,,,,,,,,,,,,,,,,,53.68,175.73
2020-03-02,97.36,1204.88,1.1134,6.9632,0.6537,4.4744,812.78,1.3328,9.2919,15.3794,1.1632,0.9419,0.9029,-0.287,-0.431,1.4525,1.3815,1.417,1.65,2.745,4.87,1.26,33.42,104.89,48.33,18.98,3090.23,2212.38,1017.03,4069.67,2970.931,10485.17,23.55,539,796,106.23,153.53
2020-03-03,97.153,1200.15,1.1173,6.949,0.6584,4.5078,807.25,1.338,9.2767,15.4065,0.999,0.7431,0.6991,-0.447,-0.603,1.4485,1.3576,1.396,1.657,2.763,4.77,1.26,36.82,102.97,50.8,22.01,3003.37,2179.48,1027.82,4091.36,2992.897,10485.16,22.83,549,796,123.04,132.55
2020-03-04,97.336,1202.07,1.1136,6.9231,0.6627,4.5793,816.77,1.3385,9.256,15.2632,1.0522,0.7825,0.6926,-0.43,-0.591,1.4834,1.3907,1.42,1.687,2.686,4.64,1.24,31.99,89.59,50.59,18.55,3130.12,2243.09,1037.81,4115.05,3011.666,10521.78,23.37,562,796,144.92,197.2
2020-03-05,96.82,1197.61,1.1237,6.9412,0.6614,4.6167,823.2,1.3411,9.2833,15.628,0.912,0.6779,0.5973,-0.494,-0.612,1.4079,1.3079,1.331,1.603,2.685,4.94,1.28,39.62,96.96,52.58,22.43,3023.94,2192.35,1039.34,4206.73,3071.677,10728.07,22.515,599,792,79.18,118.02
2020-03-06,95.951,1193.99,1.1284,6.9324,0.6636,4.6274,826.47,1.3418,9.2604,15.679,0.7623,0.6093,0.5062,-0.553,-0.543,1.318,1.1785,1.178,1.627,2.626,5.5,1.44,41.94,125.21,65.02,25.12,2972.37,2149.29,1012.08,4138.51,3034.511,10456.93,21.25,617,764,51.33,132.5
2020-03-07,,,,,,,,,,,,,,,,,,,,,,,,,,,,,,,,,,,,64.26,122.57
2020-03-08,,,,,,,,,,,,,,,,,,,,,,,,,,,,,,,,,,,,65.09,250.63
2020-03-09,94.895,1190.98,1.145,6.9529,0.6587,4.722,842.14,1.3702,9.5695,16.0926,0.5407,0.4772,0.381,-0.475,-0.301,1.0186,0.8088,0.87,1.231,2.533,6.42,1.71,54.46,163.7,115.92,31.29,2746.56,1995.22,947.92,3997.13,2943.291,9984.44,16.97,616,778,72.8,276.24
2020-03-10,96.414,1204.63,1.1281,6.9638,0.6505,4.6428,835.85,1.3727,9.5942,15.9432,0.803,0.6672,0.5342,-0.228,-0.096,1.0332,0.7894,0.871,1.257,2.615,6.26,1.72,47.3,123.72,92.93,23.99,2882.23,2051.96,964.55,4082.73,2996.762,10153.37,17.775,627,848,71.65,296.12
2020-03-11,96.507,1207.4,1.127,6.9688,0.6484,4.8152,835.8,1.3779,9.692,16.1967,0.8695,0.7034,0.5195,-0.124,0.016,0.9961,0.7144,0.834,1.27,2.64,6.46,1.83,53.9,127.84,105.25,26.74,2741.38,1972.05,946.62,4028.43,2968.517,10070.47,16.835,631,1057,90.98,234.73
2020-03-12,97.468,1220.47,1.1185,7.0279,0.6236,4.7955,853.83,1.3925,10.1668,16.5437,0.8042,0.6035,0.481,-0.058,0.057,0.8683,0.5741,0.66,0.992,2.629,7.26,2.09,75.47,152.62,123.45,30.18,2480.64,1776.52,883.13,3950.91,2923.486,9725.72,14.735,633,1173,74.84,187.08
2020-03-13,98.749,1233.84,1.1107,7.0225,0.6203,4.8345,838,1.3806,10.0778,16.276,0.9603,0.7168,0.4903,0.047,0.184,0.9174,0.5573,0.656,1.167,2.686,7.27,2.16,57.83,138.4,118.48,37.43,2711.02,1881.64,891.19,3895.31,2887.427,9650.15,16.095,631,1434,68.07,330.85
2020-03-14,,,,,,,,,,,,,,,,,,,,,,,,,,,,,,,,,,,,66.95,236.03
2020-03-15,,,,,,,,,,,,,,,,,,,,,,,,,,,,,,,,,,,,32.08,468.43
2020-03-16,98.069,1236.52,1.1183,7.0127,0.6117,5.0004,854.6,1.4016,10.2781,16.7045,0.7182,0.4905,0.3599,-0.01,0.246,0.7298,0.279,0.353,0.956,2.674,8.27,2.42,82.69,124.53,128.5,41.43,2386.13,1702.79,833.18,3727.84,2789.254,9227.6,13.905,623,1518,34.45,323.71
2020-03-17,99.575,1253.69,1.0997,7.0317,0.6,5.0092,848.43,1.4202,10.4996,16.6205,1.0784,0.7434,0.4925,0.395,0.538,0.6869,0.2299,0.312,0.911,2.72,8.46,2.55,75.91,109.85,133.32,45.27,2529.19,1772.94,826.68,3709.68,2779.641,9216.17,14,612,1516,99.09,378.92
2020-03-18,101.16,1274.08,1.0915,7.0745,0.5773,5.1089,867.52,1.4504,11.2897,17.0954,1.1915,0.7879,0.5337,0.581,0.662,0.6135,0.1751,0.2388,0.813,2.721,9.04,2.85,76.45,124.14,166.79,48.98,2398.1,1682.25,787.81,3636.26,2728.756,8800.62,11.99,629,1379,87.61,455.45
2020-03-19,102.755,1291.54,1.0692,7.1545,0.5743,5.0961,862,1.4511,11.2472,17.4669,1.1404,0.6872,0.4507,0.592,0.504,0.5521,0.222,0.2799,0.839,2.736,9.76,3.29,72,141.13,164.06,39.48,2409.39,1694.45,766.41,3589.09,2702.13,8559.64,12.805,630,1242,89.17,514.67
2020-03-20,102.817,1292.45,1.0688,7.1227,0.5785,5.064,863.72,1.4366,11.7051,17.6099,0.8454,0.4585,0.3134,0.087,0.171,0.7604,0.3326,0.377,0.976,2.686,10.13,3.63,66.04,133.37,190.08,36.81,2304.92,1650.94,803.23,3653.22,2745.618,9118.67,12.93,625,1166,57.8,633.51
2020-03-21,,,,,,,,,,,,,,,,,,,,,,,,,,,,,,,,,,,,59.94,538.95
2020-03-22,,,,,,,,,,,,,,,,,,,,,,,,,,,,,,,,,,,,79.82,651.07
2020-03-23,102.487,1297.08,1.0726,7.1213,0.5838,5.146,860.4,1.4494,11.5817,17.8369,0.7863,0.411,0.3123,-0.022,0.038,0.8113,0.3939,0.423,1.014,2.627,11,3.73,61.59,135.38,185.68,41.16,2237.4,1602.11,758.2,3530.31,2660.167,8751.76,11.785,617,1099,121.19,572.94
2020-03-24,102.039,1287.74,1.0788,7.0858,0.5958,5.0972,844.5,1.4462,11.1202,17.5226,0.8466,0.5225,0.3715,-0.109,-0.012,0.9593,0.5444,0.541,1.108,2.634,10.79,3.53,61.67,111.09,170.86,40.41,2447.33,1742.61,801.66,3625.12,2722.438,9184.44,13.675,603,1041,191.01,596.78
2020-03-25,101.05,1272.55,1.0882,7.1268,0.5959,5.0363,844.28,1.4191,10.7297,17.3346,0.8673,0.5254,0.3299,-0.186,-0.129,1.0556,0.6648,0.653,1.215,2.628,10.25,3.24,63.95,87.14,144.03,40.56,2475.56,1785.99,836.54,3722.52,2781.591,9529.49,14.32,582,1068,53.36,449.86
2020-03-26,99.352,1248.33,1.1032,7.0814,0.6063,5.0234,827.5,1.402,10.4104,17.327,0.8447,0.5254,0.2927,-0.221,-0.181,1.0697,0.6968,0.679,1.23,2.592,9.59,3.02,61,88.48,150.06,37.48,2630.07,1875.56,851.28,3698.05,2764.911,9447.56,15.195,569,1111,56.71,670.3
2020-03-27,98.365,1240.01,1.1141,7.0883,0.6168,5.1003,834.7,1.3985,10.486,17.624,0.6746,0.3942,0.2418,-0.338,-0.247,1.0164,0.6242,0.624,1.311,2.602,9.21,2.95,65.54,88.33,175.88,34.89,2541.47,1827.17,842.54,3710.06,2772.203,9504.92,14.165,556,1230,52.13,557.18
2020-03-28,,,,,,,,,,,,,,,,,,,,,,,,,,,,,,,,,,,,67.87,515.39
2020-03-29,,,,,,,,,,,,,,,,,,,,,,,,,,,,,,,,,,,,157.74,743.13
2020-03-30,99.181,1248.87,1.1048,7.1142,0.6174,5.1937,852.17,1.4166,10.5466,17.9368,0.7264,0.4131,0.2281,-0.221,-0.148,0.9505,0.5512,0.568,1.149,2.619,9.02,2.84,57.08,90.7,174.22,30.42,2626.65,1870.48,832.02,3674.11,2747.214,9402.17,14.31,548,1348,103.52,361.46
2020-03-31,99.048,1246.97,1.1031,7.0939,0.6131,5.2059,855.15,1.4062,10.4028,17.8379,0.6695,0.3799,0.2455,-0.255,-0.164,0.9269,0.5326,0.594,1.136,2.586,8.8,2.72,53.54,83.87,170.55,29.19,2584.59,1852.73,848.58,3686.16,2750.296,9594.77,14.53,626,1394,89.26,516.55
2020-04-01,99.673,1255.79,1.0964,7.1227,0.6071,5.25,861.32,1.4191,10.4551,18.229,0.5832,0.3515,0.2061,-0.322,-0.187,0.9054,0.5283,0.599,1.121,2.554,9.09,2.78,57.06,83.13,158.98,30.26,2470.5,1781.27,827.26,3675.08,2734.521,9404.98,13.81,624,1406,65.6,474.81
2020-04-02,100.18,1260.84,1.0858,7.0934,0.6061,5.254,859,1.4138,10.3897,18.4676,0.597,0.3814,0.2255,-0.434,-0.351,1.0327,0.7182,0.769,1.245,2.6,9.19,2.79,50.91,71.99,162.65,31.91,2526.9,1803.07,838.53,3734.53,2780.638,9526.56,15.075,624,1402,47.59,738.02
2020-04-03,100.576,1268.28,1.0801,7.1111,0.5997,5.3519,865.19,1.4205,10.6091,19.0403,0.5948,0.3844,0.2289,-0.488,-0.396,1.0866,0.7702,0.806,1.271,2.555,9.42,2.83,46.8,65.01,141.68,31.85,2488.65,1776.86,831.72,3713.22,2763.987,9491.1,14.915,616,1383,84.58,540.5
2020-04-04,,,,,,,,,,,,,,,,,,,,,,,,,,,,,,,,,,,,76.5,636.21
2020-04-05,,,,,,,,,,,,,,,,,,,,,,,,,,,,,,,,,,,,95.14,739.55
2020-04-06,100.685,1267.71,1.0793,7.1069,0.6088,5.2822,851.77,1.4111,10.428,18.6642,0.6698,0.4397,0.2622,-0.49,-0.41,1.1614,0.8389,0.873,1.342,,9.26,2.74,45.24,66.28,144.19,35.76,2663.68,1881.48,853.83,,,9652.31,15.705,604,1240,99.33,605.38
2020-04-07,99.9,1255.7,1.0892,7.0671,0.617,5.2237,854.33,1.3993,10.2837,18.3201,0.7122,0.4571,0.2601,-0.466,-0.432,1.1824,0.8766,0.902,1.351,2.507,8.83,2.63,46.7,72.21,139.13,34.27,2659.41,1895.04,878.15,3798.02,2820.763,9846.92,16.04,596,1122,106.53,468.08
2020-04-08,100.119,1257.04,1.0858,7.0685,0.623,5.1219,848.75,1.4013,10.3049,18.192,0.7722,0.4714,0.252,-0.424,-0.405,1.1974,0.8569,0.87,1.37,2.477,8.71,2.53,43.35,75.71,141.46,29.98,2749.98,1940.08,873.85,3780.34,2815.369,9681.95,17.11,607,1071,78.21,524.13
2020-04-09,99.517,1247.48,1.093,7.0596,0.634,5.1082,839.5,1.3976,10.2358,18.0338,0.7191,0.4045,0.2254,-0.513,-0.497,1.2352,0.8785,0.891,1.406,2.525,7.85,2.33,41.67,74.39,129.88,27.59,2789.82,1970.67,887.58,3792.81,2825.904,9811.12,16.955,635,1114,60.91,417.54
2020-04-10,99.482,,1.0937,7.0473,0.6349,,,1.3956,10.2023,17.9619,0.7191,0.4045,0.2254,-0.513,-0.497,1.2344,0.8777,0.8862,1.38,2.542,,,,,129.88,27.59,,1971.96,888.16,3769.18,2796.631,,,,,85.49,461.87
2020-04-11,,,,,,,,,,,,,,,,,,,,,,,,,,,,,,,,,,,,42.93,547.4
2020-04-12,,,,,,,,,,,,,,,,,,,,,,,,,,,,,,,,,,,,42.69,558.22
2020-04-13,99.348,1244.66,1.0914,7.0544,0.6382,5.2012,850.92,1.3904,10.3165,18.1299,0.7713,0.449,0.2452,-0.493,-0.497,1.2664,0.9247,0.946,1.437,2.558,7.47,2.13,41.17,75.85,114.44,28.41,2761.63,1956.75,883.14,3753.26,2783.048,,16.9,,,88.78,638.81
2020-04-14,98.887,1238.54,1.098,7.0471,0.6442,5.1635,850.92,1.3883,10.308,18.3234,0.752,0.4203,0.219,-0.542,-0.529,1.296,0.9269,0.956,1.468,2.551,7.17,2.04,37.76,69.52,115.48,28.87,2846.06,2006.81,896.29,3825.7,2827.283,9847.47,16.82,679,1108,91.17,441.32
2020-04-15,99.461,1250.1,1.091,7.0711,0.6319,5.238,853.8,1.4115,10.5083,18.6979,0.6316,0.3377,0.1969,-0.564,-0.509,1.1968,0.8296,0.866,1.36,2.532,7.4,2.09,40.84,70.5,120.38,27.39,2783.36,1960.2,888.14,3797.36,2811.174,9724.7,16.03,706,1084,89.53,455.68
2020-04-16,100.025,1255.19,1.084,7.0883,0.6327,5.2342,853.11,1.4082,10.4558,18.8787,0.6267,0.3567,0.2066,-0.437,-0.338,1.0649,0.6807,0.755,1.259,2.511,7.29,2.1,40.11,69.93,115.1,27.74,2799.55,1964.33,884.86,3802.38,2819.935,9672.6,15.345,726,1102,48.46,505.52
2020-04-17,99.782,1249.26,1.0875,7.0787,0.6366,5.2349,854.22,1.4001,10.3271,18.8086,0.6417,0.3596,0.2019,-0.376,-0.294,1.0189,0.6427,0.732,1.2075,2.551,7.05,2.06,38.15,69.84,95.91,26.96,2874.56,2017.51,901.31,3839.49,2838.494,9815.2,16.975,751,1154,73.51,573.7
2020-04-18,,,,,,,,,,,,,,,,,,,,,,,,,,,,,,,,,,,,43.83,529.03
2020-04-19,,,,,,,,,,,,,,,,,,,,,,,,,,,,,,,,,,,,37.47,594.11
2020-04-20,99.955,1253.97,1.0862,7.0911,0.6336,5.317,854.15,1.4149,10.4539,18.8567,0.6053,0.3421,0.2016,-0.346,-0.194,0.9538,0.5258,0.615,1.163,2.584,7.2,2.09,43.83,70.6,226.13,28.01,2823.16,1994.03,899.33,3853.46,2852.553,9824.42,16.445,757,1182,25.88,618.66
2020-04-21,100.258,1258.46,1.0858,7.1018,0.628,,858.83,1.4211,10.6509,18.9751,0.5691,0.3356,0.2034,-0.38,-0.184,0.9507,0.5091,0.608,1.175,2.571,7.68,2.14,45.41,73.83,325.15,30.62,2736.56,1932.25,878.24,3808.05,2827.013,9614.93,16.155,728,1377,54.08,599.13
2020-04-22,100.388,1260.3,1.0823,7.1008,0.6323,5.4579,857.19,1.4161,10.7676,19.0177,0.619,0.3673,0.2133,-0.432,-0.278,1.0525,0.6336,0.73,1.278,2.546,7.61,2.11,41.98,72.29,236.8,30.44,2799.31,1968.27,888.64,3839.38,2843.98,9670.2,16.73,694,1525,137.26,511.42
2020-04-23,100.433,1260.91,1.0777,7.0941,0.637,5.5358,858.83,1.4073,10.6378,19.0815,0.6015,0.3689,0.2191,-0.437,-0.27,1.0401,0.6306,0.727,1.265,2.508,7.62,2.08,41.38,67.25,211,30.25,2797.8,1974.38,891.81,3829.75,2838.5,9703.99,17.27,672,1537,100.94,505.54
2020-04-24,100.38,1260.89,1.0823,7.0904,0.6371,5.5822,858.8,1.4103,10.6226,19.0444,0.6008,0.3734,0.2245,-0.512,-0.357,1.1141,0.7204,0.804,1.313,2.489,7.75,2.09,35.93,66.09,173.53,29.22,2836.74,1987.65,879.41,3796.97,2808.529,9656.19,17.31,665,1550,45.83,562.5
2020-04-25,,,,,,,,,,,,,,,,,,,,,,,,,,,,,,,,,,,,48.61,555.71
2020-04-26,,,,,,,,,,,,,,,,,,,,,,,,,,,,,,,,,,,,41,855.17
2020-04-27,100.041,1255.72,1.0829,7.0926,0.6465,5.6509,859.68,1.4034,10.5113,18.798,0.6605,0.4037,0.2223,-0.5,-0.371,1.1614,0.7634,0.8362,1.372,2.51,7.74,2.07,33.29,62.7,185.47,26.75,2878.48,2022.49,895.33,3822.77,2815.495,9875.59,17.685,661,1536,49,642.66
2020-04-28,99.865,1251.78,1.082,7.0884,0.6491,5.5004,845.4,1.3998,10.4045,18.6654,0.6129,0.375,0.2112,-0.529,-0.406,1.1424,0.7828,0.832,1.337,2.504,7.73,2.07,33.57,58.89,198.77,24.43,2863.39,2023.35,902.7,3849.15,2810.024,9983.69,18.09,655,1503,95.69,479.89
2020-04-29,99.565,1244.39,1.0873,7.0731,0.6557,5.3365,835.05,1.3881,10.3222,18.1676,0.6269,0.3671,0.2014,-0.502,-0.405,1.1301,0.7726,0.845,1.346,2.484,7.58,2.04,31.23,57.15,195.59,24.16,2939.51,2070.76,919.66,3867.03,2822.442,10040.87,19.43,643,1387,79.46,439.11
2020-04-30,99.016,1242.5,1.0955,7.0817,0.6512,5.4866,835.58,1.3945,10.2421,18.5264,0.6393,0.3624,0.1956,-0.429,-0.343,1.0694,0.7058,0.805,1.306,2.516,7.44,2.02,34.15,53.59,104.98,24.24,2912.43,2052.85,924.94,3912.58,2860.082,,19,635,1236,56.95,440.07
2020-05-01,99.079,1247.26,1.0981,7.1349,0.6418,,,1.4089,10.2987,18.81,0.6118,0.3497,0.19,-0.454,-0.35,1.0676,0.7001,0.791,1.297,,7.45,2.06,37.19,48.11,110.18,24.25,2830.71,2004.79,916.77,,,,17.925,617,1105,60.41,516.72
2020-05-02,,,,,,,,,,,,,,,,,,,,,,,,,,,,,,,,,,,,69.96,387.24
2020-05-03,,,,,,,,,,,,,,,,,,,,,,,,,,,,,,,,,,,,26.15,541.24
2020-05-04,99.484,1249.26,1.0907,7.1305,0.6428,5.5441,836.47,1.4087,10.3267,18.5877,0.6336,0.3639,0.1822,-0.444,-0.338,1.0797,0.703,0.803,1.314,,7.53,2.07,35.97,49.25,97.42,23.68,2842.74,1997.75,887.98,,,9599.02,18.545,598,1015,59.6,449.38
2020-05-05,99.709,1249.71,1.084,7.1226,0.6431,5.5788,834.08,1.4049,10.2619,18.5188,0.6619,0.375,0.1882,-0.431,-0.346,1.094,0.7221,0.812,1.314,,7.37,2.06,33.61,49.65,97.27,24.97,2868.44,2018.11,895.74,,,9698.22,18.56,575,905,41.64,807.66
2020-05-06,100.091,1255.79,1.0795,7.1297,0.64,5.7179,839.3,1.4146,10.436,18.7829,0.703,0.3718,0.1784,-0.393,-0.348,1.0964,0.7207,0.816,1.31,2.567,7.36,2.07,34.12,51.31,115.39,24.47,2848.42,2007.6,898.7,3936.25,2878.14,9807.76,18.075,534,881,80.79,498.71
2020-05-07,99.889,1250.22,1.0834,7.0922,0.6495,5.8361,834.85,1.3973,10.2468,18.5938,0.6409,0.3054,0.1388,-0.451,-0.419,1.0936,0.7256,0.801,1.286,2.617,7.35,2.1,31.44,54.93,110.62,26.15,2881.19,2026.12,896.89,3924.9,2871.523,9764.26,18.545,514,863,56.15,504.24
2020-05-08,99.734,1246.86,1.0839,7.0934,0.6532,5.7347,826.9,1.3927,10.2212,18.3474,0.6831,0.3338,0.1568,-0.432,-0.409,1.1163,0.744,0.829,1.301,2.611,7.25,2.12,27.98,57.4,98.7,24.89,2929.8,2061.89,911.65,3963.62,2895.344,9868.34,19.39,,,70.48,488.53
2020-05-09,,,,,,,,,,,,,,,,,,,,,,,,,,,,,,,,,,,,24.67,621.96
2020-05-10,,,,,,,,,,,,,,,,,,,,,,,,,,,,,,,,,,,,41.72,536.09
2020-05-11,100.236,1252.51,1.0807,7.1052,0.6489,5.8189,824.02,1.4007,10.3083,18.4234,0.7099,0.3512,0.1747,-0.414,-0.403,1.1245,0.7548,0.859,1.33,2.646,7.22,2.13,27.57,61.6,109.72,23.55,2930.32,2060.7,915.9,3960.18,2894.802,9990.48,19.05,474,868,37.91,527.36
2020-05-12,99.933,1253.33,1.0848,7.1066,0.6471,5.8863,822.45,1.4078,10.1751,18.4311,0.6651,0.3242,0.1589,-0.422,-0.407,1.0875,0.7328,0.836,1.295,2.645,7.16,2.11,33.04,61.26,86.86,22.45,2870.12,2034.06,909.31,3960.24,2891.556,9832.1,18.715,433,870,39.44,442.15
2020-05-13,100.242,1255.64,1.0818,7.1121,0.6455,5.887,817.88,1.4101,10.1657,18.4993,0.6525,0.3162,0.1589,-0.43,-0.405,1.0725,0.722,0.821,1.275,2.683,7.35,2.11,35.28,57.56,82.83,22.71,2820,1998.48,909.2,3968.25,2898.05,9835.71,17.865,398,872,59.53,553.21
2020-05-14,100.466,1253.98,1.0805,7.11,0.6462,5.8123,821.26,1.405,10.1529,18.4443,0.6218,0.3051,0.147,-0.446,-0.416,1.0581,0.722,0.824,1.257,2.686,7.5,2.12,32.61,59.05,80.05,24.15,2852.5,1999.89,900.87,3925.22,2870.342,9687.1,18.065,393,863,82.13,508.02
2020-05-15,100.402,1256.95,1.082,7.1339,0.6413,5.8562,826.35,1.4109,10.2358,18.59,0.6428,0.3082,0.1451,-0.455,-0.446,1.0897,0.7554,0.856,1.2885,2.659,7.57,2.08,31.89,56.53,76.39,23.63,2863.7,2008.41,901.16,3912.82,2868.459,9674.57,17.995,407,852,45.82,374.22
2020-05-16,,,,,,,,,,,,,,,,,,,,,,,,,,,,,,,,,,,,51.98,385.27
2020-05-17,,,,,,,,,,,,,,,,,,,,,,,,,,,,,,,,,,,,75.48,861.1
2020-05-18,99.665,1248.17,1.0913,7.1186,0.6524,5.7162,820.87,1.3937,10.0285,18.356,0.7257,0.3702,0.1772,-0.455,-0.477,1.1697,0.8487,0.949,1.36,2.72,7.18,1.98,29.3,58.7,76.14,22.81,2953.91,2069,912.57,3922.91,2875.417,9726.43,19.465,427,847,135.1,511.62
2020-05-19,99.371,1246.66,1.0923,7.1181,0.6537,5.7573,818.15,1.3944,9.9844,18.3385,0.6882,0.332,0.1652,-0.465,-0.487,1.1433,0.8201,0.927,1.344,2.741,7.11,1.93,30.53,60.09,73.22,21.33,2922.94,2061.37,925.22,3956.25,2898.576,9883.37,18.92,453,818,99.48,363.66
2020-05-20,99.124,1240.49,1.098,7.1042,0.6597,5.6933,802.78,1.3901,9.9059,17.9216,0.6801,0.3383,0.1633,-0.488,-0.498,1.1575,0.8376,0.956,1.367,2.673,6.91,1.87,27.99,58.85,73.62,20.12,2971.61,2092.03,931.5,3935.22,2883.738,9898,19.675,477,792,99.69,420.68
2020-05-21,99.37,1241.8,1.095,7.1325,0.6565,5.5536,,1.3955,9.9422,17.5926,0.672,0.3383,0.1653,-0.465,-0.473,1.1253,0.8124,0.958,1.35,2.662,6.81,1.85,29.53,55.62,89.06,19.74,2948.51,2074.1,930.01,3913.8,2867.924,9850.07,19.36,494,756,73.21,361.11
2020-05-22,99.863,1244.95,1.0901,7.1485,0.6537,5.5321,805.86,1.3996,10.0001,17.6223,0.6591,0.3334,0.1676,-0.464,-0.471,1.1104,0.8049,0.952,1.344,2.583,6.8,1.86,28.16,51.67,84.98,18.95,2955.45,2071.9,905.25,3824.06,2813.765,9426.78,19.24,498,735,135.65,418.96
2020-05-23,,,,,,,,,,,,,,,,,,,,,,,,,,,,,,,,,,,,36.33,441.45
2020-05-24,,,,,,,,,,,,,,,,,,,,,,,,,,,,,,,,,,,,17.76,458.16
2020-05-25,99.863,1244.11,1.0898,7.148,0.6545,5.4452,804.65,1.3985,10.0568,17.6435,0.6591,0.3334,0.1676,-0.464,-0.471,1.112,0.8057,,1.287,2.659,,,,,,,,2081.83,911.41,3829.32,2817.97,9465.94,,,,129.13,462.96
2020-05-26,98.908,1233.32,1.0982,7.1446,0.6653,5.3502,805.81,1.3777,9.8892,17.4015,0.6965,0.3478,0.1717,-0.433,-0.467,1.1178,0.8158,0.973,1.358,2.702,6.47,1.8,28.01,52.22,75.47,18.57,2991.77,2114.27,926.65,3872.77,2846.547,9595.2,19.775,506,718,120.36,389.21
2020-05-27,99.062,1234.65,1.1006,7.1763,0.6622,5.2728,821.5,1.3752,9.8659,17.3856,0.6819,0.3478,0.1799,-0.469,-0.487,1.1392,0.8355,0.9968,1.38,2.724,6.43,1.78,27.62,52.98,73.89,18.51,3036.13,2136.9,927.36,3845.61,2836.804,9567.43,20.03,502,733,23.43,355.1
2020-05-28,98.383,1230.34,1.1077,7.1729,0.6637,5.409,808.13,1.3763,9.7758,17.5119,0.69,0.3384,0.1701,-0.499,-0.529,1.1779,0.8737,1.058,1.42,2.692,6.31,1.75,28.59,50.57,72.98,18.1,3029.73,2148.33,925.34,3856.63,2846.222,9551.56,19.47,489,720,61.02,421.99
2020-05-29,98.344,1228.11,1.1101,7.1332,0.6667,5.3363,806.63,1.378,9.7205,17.5465,0.6526,0.3036,0.1603,-0.505,-0.529,1.1432,0.8388,1.03,1.4045,2.693,6.37,1.74,27.51,51.55,69.23,18.15,3044.31,2147.88,930.35,3867.02,2852.351,9561.03,19.38,504,713,137.45,426.28
2020-05-30,,,,,,,,,,,,,,,,,,,,,,,,,,,,,,,,,,,,84.25,418.18
2020-05-31,,,,,,,,,,,,,,,,,,,,,,,,,,,,,,,,,,,,77.84,557.19
2020-06-01,97.83,1220.02,1.1136,7.1265,0.6798,5.3663,793.78,1.3573,9.6109,17.3683,0.6591,0.3052,0.1564,-0.535,-0.549,1.1818,0.8609,1.058,1.434,2.736,6.27,1.71,28.23,55.07,64.38,18.06,3055.73,2163.93,951.48,3971.34,2915.431,9833.83,19.72,520,698,53.9,226.8
2020-06-02,97.673,1216.95,1.117,7.1068,0.6897,5.2026,780.36,1.3519,9.5462,17.1628,0.6852,0.3179,0.1623,-0.504,-0.539,1.1748,0.8648,1.0619,1.428,2.813,6.04,1.67,26.84,55.35,64.71,18.1,3080.82,2187.09,967.48,3983.57,2921.398,9876.25,20.27,546,653,83.04,257.49
2020-06-03,97.276,1213.28,1.1233,7.117,0.6921,5.065,770.57,1.3495,9.4572,16.9271,0.7458,0.3655,0.19,-0.464,-0.512,1.1989,0.8829,1.09,1.454,2.793,5.62,1.6,25.66,61.24,65.73,18.47,3122.87,2222.54,988.02,3983.65,2923.371,9967.53,20.865,592,628,114.53,287.17
2020-06-04,96.677,1211.31,1.1338,7.1086,0.6942,5.1181,771.43,1.35,9.3538,16.9097,0.8234,0.4084,0.194,-0.401,-0.48,1.2115,0.8948,1.136,1.495,2.835,5.68,1.56,25.81,61.18,65.13,18.05,3112.35,2218.5,988.8,3982.19,2919.25,9967.93,20.87,632,605,36.15,231.24
2020-06-05,96.937,1209.82,1.1292,7.0705,0.6969,4.9619,769.1,1.3422,9.3152,16.879,0.8951,0.463,0.2062,-0.377,-0.503,1.2582,0.9704,1.217,1.552,2.858,5.36,1.46,24.52,61.97,64.2,18.17,3193.93,2266.76,1002.65,4001.25,2930.799,10066.25,22.42,679,592,109.98,235.07
2020-06-06,,,,,,,,,,,,,,,,,,,,,,,,,,,,,,,,,,,,55.09,277.42
2020-06-07,,,,,,,,,,,,,,,,,,,,,,,,,,,,,,,,,,,,60.86,391.21
2020-06-08,96.618,1204,1.1294,7.0563,0.7021,4.8201,768.58,1.3382,9.2603,16.6801,0.8752,0.4471,0.2261,-0.421,-0.548,1.282,0.9982,1.248,1.575,2.821,5.36,1.44,25.81,62.77,67.24,17.94,3232.39,2288.04,1007.46,4021.95,2937.771,10008.88,23.43,698,584,65.65,318.64
2020-06-09,96.324,1204.53,1.134,7.0766,0.6961,4.901,770,1.3417,9.2784,16.6307,0.8253,0.4009,0.2024,-0.429,-0.585,1.2433,0.9867,1.224,1.527,2.82,5.59,1.48,27.57,62.94,67.76,19,3207.18,2275.28,1009.61,4047.03,2956.112,10121.13,22.55,714,577,68.3,191.32
2020-06-10,95.959,1199.09,1.1374,7.0538,0.6998,4.975,772.25,1.3412,9.3022,16.5259,0.7263,0.315,0.1667,-0.546,-0.698,1.2597,1.0142,1.252,1.532,2.825,5.74,1.51,27.57,60.02,63.06,20.75,3190.14,2267.36,1012.51,4039.71,2943.752,10143.48,21.44,764,572,95.69,237.88
2020-06-11,96.733,1213.6,1.1299,7.0807,0.6855,,787.43,1.3629,9.6142,17.1696,0.669,0.323,0.1967,-0.55,-0.626,1.2069,0.9497,1.204,1.489,2.771,6.2,1.61,40.79,56.47,69.96,23.04,3002.1,2154.44,993.59,3995.88,2920.897,9944.6,19.42,839,559,87.41,317.86
2020-06-12,97.319,1214.59,1.1256,7.0775,0.6866,5.0497,793.75,1.3589,9.6418,17.0784,0.7034,0.3279,0.193,-0.514,-0.636,1.2032,0.9667,1.212,1.48,2.76,6.11,1.59,36.09,55.81,70.22,20.39,3041.31,2164.46,987.01,4003.08,2919.741,9832.53,19.91,923,551,73.61,293.12
2020-06-13,,,,,,,,,,,,,,,,,,,,,,,,,,,,,,,,,,,,58.86,373.28
2020-06-14,,,,,,,,,,,,,,,,,,,,,,,,,,,,,,,,,,,,26.86,397.45
2020-06-15,96.706,1210.63,1.1323,7.0722,0.6919,5.1564,786.55,1.3572,9.5378,17.102,0.7215,0.3423,0.189,-0.525,-0.657,1.2296,1.0011,1.245,1.503,2.81,6.01,1.57,34.4,58.09,68.11,20.11,3066.59,2171.44,966.32,3954.99,2890.031,9655.83,19.97,973,545,102.87,300.34
2020-06-16,96.958,1213.7,1.1264,7.0821,0.6889,5.2445,785.45,1.3541,9.5686,17.2442,0.7528,0.3439,0.1992,-0.528,-0.692,1.2634,1.0374,1.289,1.537,2.857,5.53,1.44,33.67,60.49,66.63,19.29,3124.74,2219.1,989.87,4014.57,2931.749,9867.63,20.545,1054,530,79.2,319.69
2020-06-17,97.158,1214.15,1.1244,7.076,0.6884,5.2284,796.85,1.3565,9.5287,17.1995,0.738,0.344,0.1952,-0.529,-0.669,1.2476,1.016,1.267,1.46,2.883,5.61,1.45,33.47,58.16,61.45,18.88,3113.49,2217.9,994.62,4017.59,2935.873,9909.63,19.845,1246,524,151.38,348.4
2020-06-18,97.421,1219.86,1.1205,7.0813,0.6852,5.3781,815.9,1.36,9.5426,17.473,0.7084,0.3328,0.1933,-0.575,-0.71,1.2638,1.0473,1.307,1.54,2.86,5.77,1.47,32.94,55.15,61.35,18.31,3115.34,2215.64,995.18,4044.38,2939.315,9916.45,20.09,1527,513,101.32,322.96
2020-06-19,97.623,1220.01,1.1178,7.0745,0.6835,5.3114,815.57,1.3607,9.6461,17.3316,0.6937,0.3266,0.1855,-0.615,-0.747,1.2894,1.0771,1.319,1.565,2.881,5.78,1.46,35.12,53.4523,58.73,18.27,3097.74,2208.97,1001.36,4098.71,2967.634,9974.59,19.785,1555,509,53.82,450.64
2020-06-20,,,,,,,,,,,,,,,,,,,,,,,,,,,,,,,,,,,,82.13,515.46
2020-06-21,,,,,,,,,,,,,,,,,,,,,,,,,,,,,,,,,,,,43.47,413.51
2020-06-22,97.039,1214.01,1.1261,7.0583,0.6908,5.2544,816.7,1.3522,9.6033,17.324,0.7085,0.3394,0.1917,-0.646,-0.784,1.3336,1.1271,1.372,1.599,2.92,5.75,1.47,31.77,53.9318,56.76,19.55,3117.86,2217.82,1000.19,4102.05,2965.272,9879.02,19.625,1558,496,131.45,259.55
2020-06-23,96.646,1210.49,1.1308,7.0606,0.693,5.1544,818.6,1.355,9.517,17.2439,0.7118,0.3299,0.1857,-0.671,-0.815,1.3624,1.1497,1.381,1.621,2.914,5.75,1.47,31.37,54.04,58.83,20.51,3131.29,2236.04,1014.62,4121.79,2970.62,9993.48,19.645,1617,473,56.38,309.15
2020-06-24,97.148,1217.33,1.1251,7.0791,0.6869,5.3476,819.15,1.3638,9.6647,17.3761,0.679,0.3155,0.1876,-0.661,-0.786,1.3186,1.1077,1.358,1.583,2.872,5.94,1.51,33.84,54.89,64.96,20.01,3050.33,2180.12,1010.79,4138.99,2979.551,9936.66,18.555,1705,459,80.22,224.4
2020-06-25,97.429,1217.95,1.1218,7.0827,0.6887,5.3627,811.81,1.3638,9.6611,17.149,0.6856,0.332,0.1857,-0.666,-0.802,1.3309,1.1286,1.405,1.617,,6.05,1.52,32.22,51.57,62.69,19.73,3083.76,2193.4,1004.44,,,,18.91,1738,466,40.78,225.72
2020-06-26,97.433,1221.35,1.1219,7.0859,0.6865,5.4859,818.05,1.3688,9.6979,17.2956,0.6413,0.302,0.1661,-0.697,-0.827,1.3166,1.1249,1.383,1.59,,6.15,1.53,34.73,51.21,63.69,20.52,3009.05,2157.19,998.9,,,9853.18,18.255,1749,467,44.34,260.33
2020-06-27,,,,,,,,,,,,,,,,,,,,,,,,,,,,,,,,,,,,29.61,276.22
2020-06-28,,,,,,,,,,,,,,,,,,,,,,,,,,,,,,,,,,,,36.3,561.21
2020-06-29,97.536,1222.66,1.1242,7.0764,0.6866,5.4045,,1.3659,9.6744,17.2738,0.6234,0.2736,0.1485,-0.727,-0.884,1.3282,1.1529,1.406,1.609,2.857,6.3,1.53,31.78,52.96,60.04,19.26,3053.24,2176.44,993.96,4109.72,2961.516,9757.69,18.5,1794,465,48.01,301.58
2020-06-30,97.391,1219.78,1.1234,7.0699,0.6903,5.4676,821.22,1.3576,9.6251,17.3512,0.6561,0.2878,0.1485,-0.705,-0.887,1.3387,1.1703,1.427,1.618,2.851,6.26,1.5,30.43,54.13,57.66,19.65,3100.29,2201.79,995.1,4163.96,2984.674,9758.63,18.925,1799,462,76.92,292.37
2020-07-01,97.196,1216,1.1251,7.0679,0.6915,5.3198,813.84,1.3587,9.5147,17.0461,0.6758,0.3115,0.1603,-0.708,-0.884,1.3603,1.189,1.436,1.645,2.849,6.14,1.47,28.62,53.28,53.43,18.85,3115.86,2211.27,1001.08,4247.78,3025.981,,18.465,1803,464,107.85,329.62
2020-07-02,97.317,1215.09,1.1239,7.068,0.6924,5.3622,802.17,1.3564,9.532,16.9699,0.6693,0.2958,0.1526,-0.748,-0.938,1.3953,1.2276,1.51,1.687,2.864,6,1.44,27.68,50.96,51.29,17.7,3130.01,2227.65,1023.48,4335.84,3090.569,10056.86,18.67,1823,464,23.39,249.7
2020-07-03,97.172,1213.35,1.1248,7.0678,0.6939,5.3157,802.33,1.3547,9.4747,17.0413,0.6693,0.2958,0.1526,-0.748,-0.938,1.3949,1.2276,1.491,1.683,2.902,,,,,51.29,17.7,,2226.4,1033.09,4419.6,3152.813,10243.29,,1894,471,43.97,412.01
2020-07-04,,,,,,,,,,,,,,,,,,,,,,,,,,,,,,,,,,,,24.46,347.74
2020-07-05,,,,,,,,,,,,,,,,,,,,,,,,,,,,,,,,,,,,57.11,415.94
2020-07-06,96.725,1209.39,1.1309,7.0131,0.6973,5.3576,798.28,1.3539,9.3969,16.986,0.6759,0.3022,0.1566,-0.789,-0.991,1.4437,1.2867,1.552,1.727,3.032,5.9,1.4,27.94,52.03,50.73,17.42,3179.72,2264.29,1060.5,4670.09,3332.881,10726.83,18.725,1956,483,72.01,389.2
2020-07-07,96.881,1214.12,1.1274,7.0229,0.6947,5.3814,792.2,1.3603,9.4907,17.1672,0.6397,0.2864,0.1567,-0.798,-0.987,1.4166,1.2655,1.526,1.696,3.034,5.89,1.41,29.43,50.98,51.39,17.37,3145.32,2243.17,1052.54,4698.13,3345.337,10600.41,18.13,1949,487,106.17,278.61
2020-07-08,96.428,1208.37,1.133,6.9986,0.6982,5.3386,785.45,1.3512,9.3863,16.9372,0.6644,0.3007,0.1587,-0.757,-0.96,1.4017,1.2528,1.521,1.683,3.065,5.89,1.42,28.08,49.8,48.85,17.74,3169.94,2252.64,1070.14,4774,3403.44,10748.11,18.115,1849,492,68.6,319.33
2020-07-09,96.7,1210.8,1.1285,6.9976,0.6964,5.3435,788.08,1.3586,9.4681,16.8355,0.6135,0.2832,0.1508,-0.785,-0.952,1.379,1.2277,1.498,1.663,3.096,5.97,1.43,29.26,50.07,53.77,17.39,3152.05,2240.73,1079.69,4840.77,3450.594,10781.89,17.22,1810,498,55.83,267.49
2020-07-10,96.652,1209.3,1.13,7.0107,0.695,5.3254,796.74,1.3592,9.4238,16.7873,0.6447,0.3055,0.1529,-0.767,-0.953,1.3924,1.2515,1.514,1.674,3.032,5.97,1.43,27.29,49.19,49.71,16.64,3185.04,2259.6,1069.27,4753.13,3383.322,10541.26,17.77,1810,500,97.43,259.27
2020-07-11,,,,,,,,,,,,,,,,,,,,,,,,,,,,,,,,,,,,21.1,237.89
2020-07-12,,,,,,,,,,,,,,,,,,,,,,,,,,,,,,,,,,,,25.48,496.99
2020-07-13,96.464,1210.44,1.1344,7.001,0.694,5.4061,786.42,1.3609,9.4555,16.8559,0.6184,0.2849,0.1509,-0.807,-0.988,1.4062,1.265,1.523,1.698,3.059,5.82,1.41,32.19,49.55,53.41,16.53,3155.22,2253.76,1071.36,4852.96,3443.286,10575.88,17.675,1792,499,92.73,212.54
2020-07-14,96.259,1207.73,1.14,7.0106,0.6975,5.3685,787.79,1.3615,9.4047,16.7505,0.6233,0.2897,0.157,-0.807,-1.009,1.4099,1.2907,1.552,1.693,3.003,5.85,1.41,29.52,50.81,53.04,16,3197.52,2270.69,1059.52,4806.69,3414.619,10405.27,18.295,1742,492,93.8,308.28
2020-07-15,96.081,1203.84,1.1412,6.9822,0.7008,5.3705,788.7,1.3509,9.2718,16.5924,0.6299,0.2881,0.155,-0.789,-1.014,1.3995,1.2927,1.544,1.679,2.957,5.63,1.38,27.76,47.08,47.05,15.36,3226.56,2298.78,1066.29,4744.47,3361.304,10390.54,18.69,1696,491,103.67,352.74
2020-07-16,96.346,1207.69,1.1384,6.9943,0.6971,5.3315,,1.3574,9.2997,16.7593,0.6168,0.2754,0.145,-0.81,-1.043,1.4062,1.3114,1.567,1.694,2.968,5.58,1.38,28,46.43,46.12,15.37,3215.57,2288.81,1045.93,4516.25,3210.099,10133.92,18.605,1699,509,29.49,313.71
2020-07-17,95.942,1204.75,1.1428,6.9928,0.6996,5.3862,785.25,1.358,9.2935,16.6947,0.6266,0.2834,0.1451,-0.84,-1.08,1.4469,1.354,1.612,1.749,2.966,5.56,1.36,25.68,45.68,40.22,15.09,3224.73,2293.92,1055.06,4544.7,3214.129,10203.57,18.345,1710,520,38.32,555.06
2020-07-18,,,,,,,,,,,,,,,,,,,,,,,,,,,,,,,,,,,,30.83,388.97
2020-07-19,,,,,,,,,,,,,,,,,,,,,,,,,,,,,,,,,,,,33.46,640
2020-07-20,95.832,1202.97,1.1448,6.9875,0.7016,5.3335,787.04,1.3535,9.2296,16.6382,0.6102,0.2787,0.1472,-0.856,-1.1,1.4471,1.3683,1.627,1.739,2.943,5.3,1.33,24.46,46.82,42.59,15.3,3251.84,2312.95,1064.5,4680.3,3314.149,10295.32,18.04,1678,534,87.17,430.14
2020-07-21,95.117,1195.3,1.1527,6.9728,0.7128,5.1733,773.58,1.3459,9.1135,16.4102,0.6004,0.2643,0.1411,-0.892,-1.148,1.4743,1.4048,1.665,1.773,2.918,5.06,1.3,24.84,46.45,41.1,16.67,3257.3,2321.55,1085.86,4691.04,3320.895,10445.42,19.13,1594,541,116.23,423.52
2020-07-22,94.988,1193.43,1.157,7.0176,0.714,5.1184,768.59,1.3417,9.0998,16.4845,0.5971,0.2739,0.1492,-0.9,-1.151,1.4766,1.4168,1.682,1.776,2.895,5,1.29,24.32,45.32,41.3,22.45,3276.02,2327.76,1077.78,4714.45,3333.164,10243.51,18.895,1473,539,117.13,297.02
2020-07-23,94.692,1193.61,1.1596,7.0127,0.7098,5.2142,767.39,1.341,9.2273,16.6652,0.5774,0.2707,0.1513,-0.888,-1.108,1.4454,1.3707,1.636,1.749,2.915,5.04,1.3,26.08,43.93,43.83,21.99,3235.66,2308.12,1077.6,4712.44,3325.11,10325.25,18.86,1388,530,78.04,282.1
2020-07-24,94.435,1188.82,1.1656,7.0173,0.7105,5.2324,776,1.3415,9.1529,16.6574,0.5888,0.2756,0.1473,-0.913,-1.089,1.5018,1.3566,1.634,1.763,2.868,5.04,1.31,25.84,42.48,42.35,21.61,3215.63,2291.58,1060.47,4505.59,3196.768,10080.86,18.755,1317,520,92.75,290.25
2020-07-25,,,,,,,,,,,,,,,,,,,,,,,,,,,,,,,,,,,,35.73,279.85
2020-07-26,,,,,,,,,,,,,,,,,,,,,,,,,,,,,,,,,,,,39.25,465.25
2020-07-27,93.668,1180.47,1.1752,7,0.7149,5.1506,769.28,1.3356,9.0944,16.4249,0.6151,0.2852,0.1514,-0.902,-1.094,1.5175,1.3718,1.637,1.75,2.896,5.02,1.31,24.74,42.61,41.37,25.52,3239.41,2311.62,1073.14,4528.45,3205.227,10075.45,18.775,1293,516,137.18,521.96
2020-07-28,93.696,1180.26,1.1716,7.0051,0.7158,5.157,767.05,1.338,9.1192,16.5226,0.579,0.2642,0.1387,-0.924,-1.106,1.504,1.3586,1.625,1.741,2.94,5.05,1.32,25.44,41.27,41.09,28.96,3218.44,2299.91,1082.02,4568.26,3227.96,10151.89,18.455,1264,513,121.65,315.73
2020-07-29,93.453,1176.48,1.1792,6.9993,0.7188,5.1695,756.13,1.334,9.0282,16.5423,0.5741,0.2516,0.1309,-0.955,-1.143,1.531,1.3819,1.657,1.769,2.967,4.94,1.32,24.1,41.63,39.58,26.79,3258.44,2319.71,1086.62,4679.01,3294.552,10184.41,18.84,1317,506,80.91,370.27
2020-07-30,93.021,1174.3,1.1847,7.0032,0.7195,5.1552,759.53,1.3423,9.0738,16.7637,0.5462,0.2311,0.1172,-0.975,-1.164,1.5229,1.383,1.652,1.765,2.935,4.91,1.33,24.76,40.66,42.06,24.13,3246.22,2304.01,1082.06,4656.15,3286.822,10097.08,18.1,1348,505,54.08,307.77
2020-07-31,93.349,1179.02,1.1778,6.9892,0.7143,5.221,757.77,1.3412,9.1022,17.0718,0.5282,0.2044,0.1054,-1.025,-1.234,1.5545,1.4263,1.68,1.773,2.976,4.88,1.33,24.46,41.98,44.43,24.46,3271.12,2304.98,1078.92,4695.05,3310.007,10039.96,18.015,1350,506,38.62,384.08
2020-08-01,,,,,,,,,,,,,,,,,,,,,,,,,,,,,,,,,,,,26.74,304.7
2020-08-02,,,,,,,,,,,,,,,,,,,,,,,,,,,,,,,,,,,,25.35,405.97
2020-08-03,93.542,1182.01,1.1762,6.9823,0.7124,5.322,761.06,1.3391,9.1312,17.1948,0.5543,0.2185,0.1093,-1.027,-1.258,1.5831,1.4651,1.715,1.809,2.949,4.71,1.31,24.28,43.13,41.56,23.56,3294.61,2324.08,1077.87,4771.31,3367.966,10033.2,18.08,1385,506,42.17,271.04
2020-08-04,93.382,1179.54,1.1803,6.9746,0.716,5.2865,771.47,1.3319,9.1166,17.3842,0.5069,0.1902,0.1073,-1.063,-1.288,1.5714,1.4657,1.716,1.797,2.947,4.81,1.31,23.76,44.11,40.28,26.3,3306.51,2336.82,1089.58,4775.8,3371.688,10203.88,18.52,1463,506,48.71,391.33
2020-08-05,92.868,1173.73,1.1863,6.9434,0.7192,5.2936,777.22,1.3266,8.9516,17.3242,0.5477,0.2232,0.1171,-1.067,-1.315,1.6161,1.5249,1.779,1.849,2.978,4.72,1.28,22.99,41.75,37.12,25.69,3327.77,2355.94,1103.03,4777.11,3377.565,10256.64,18.715,1475,509,33.8,253.99
2020-08-06,92.788,1172.95,1.1877,6.9438,0.7236,5.3325,772.2,1.3307,8.9689,17.4242,0.5362,0.2137,0.1151,-1.083,-1.334,1.6197,1.5328,1.79,1.858,2.985,4.76,1.27,22.65,42.6,37.59,27.36,3349.16,2359.89,1106.58,4762.76,3386.463,10202.41,18.565,1500,507,112.37,285.63
2020-08-07,93.435,1179.07,1.1787,6.9695,0.7157,5.4384,787.68,1.3384,9.0401,17.6383,0.564,0.231,0.129,-1.054,-1.293,1.6192,1.5097,1.767,1.854,2.987,4.79,1.26,22.21,41.46,37.43,26.22,3351.28,2355.97,1089.32,4707.93,3354.035,10063.43,18.59,1501,507,43.82,276.7
2020-08-08,,,,,,,,,,,,,,,,,,,,,,,,,,,,,,,,,,,,27.21,353.43
2020-08-09,,,,,,,,,,,,,,,,,,,,,,,,,,,,,,,,,,,,39.44,398.91
2020-08-10,93.582,1180.56,1.1738,6.961,0.715,5.4813,802.88,1.3351,9.0352,17.6886,0.5755,0.2358,0.131,-1.032,-1.27,1.6094,1.492,1.75,1.844,2.961,4.83,1.26,22.13,42.21,35.74,23.89,3360.47,2360.87,1086.45,4724.87,3379.252,9990.67,19.165,1506,503,40.58,388.62
2020-08-11,93.628,1181.57,1.174,6.9415,0.7143,5.3813,792.63,1.3301,9.0208,17.4743,0.6415,0.2754,0.1489,-0.984,-1.247,1.6263,1.5084,1.763,1.856,2.979,4.75,1.24,24.03,45.26,37.5,27.48,3333.69,2359.47,1091.23,4681.78,3340.29,10153.4,19.1,1510,497,55.29,359.14
2020-08-12,93.443,1179.14,1.1784,6.9333,0.7162,5.4307,792.7,1.3247,8.9445,17.4674,0.6747,0.3039,0.1609,-0.99,-1.276,1.6659,1.5647,1.816,1.893,2.977,4.8,1.24,22.28,44.23,34.74,25.85,3380.35,2391.8,1093.98,4647.64,3319.266,10215.91,19.29,1540,500,61.83,202.2
2020-08-13,93.335,1177.21,1.1814,6.948,0.7149,5.3702,792.72,1.3223,8.8827,17.4164,0.7208,0.3215,0.1629,-0.954,-1.265,1.676,1.5713,1.821,1.89,2.959,4.86,1.26,22.13,45.08,34.87,25.82,3373.43,2390.08,1096.18,4635.71,3320.726,10244.6,18.915,1577,499,88.9,282.72
2020-08-14,93.096,1174.4,1.1842,6.9444,0.7171,5.4231,798.03,1.3266,8.89,17.3876,0.7094,0.2945,0.145,-0.945,-1.263,1.6552,1.5438,1.796,1.874,2.944,4.98,1.28,22.05,43.09,35.1,23.53,3372.85,2384.2,1093.16,4704.63,3360.099,10266.46,19.095,1595,498,44.29,345.8
2020-08-15,,,,,,,,,,,,,,,,,,,,,,,,,,,,,,,,,,,,82.19,324.57
2020-08-16,,,,,,,,,,,,,,,,,,,,,,,,,,,,,,,,,,,,64.17,531.9
2020-08-17,92.851,1171.59,1.187,6.9324,0.7214,5.5112,804.64,1.3215,8.8504,17.5152,0.6882,0.2882,0.1511,-0.97,-1.27,1.6588,1.5442,1.79,1.881,2.953,5.03,1.29,21.35,45.81,32.43,26.35,3381.99,2393.97,1099.96,4815.23,3438.801,10385.9,18.985,1598,493,65.55,350.55
2020-08-18,92.271,1166.25,1.1931,6.906,0.7243,5.4679,795.05,1.3168,8.8463,17.3199,0.6687,0.277,0.1431,-1.028,-1.311,1.6979,1.5739,1.82,1.91,2.98,5.01,1.31,21.51,46.06,31.7,26.46,3389.78,2399.37,1104.96,4812.76,3451.089,10425.42,18.745,1586,490,84.1,341.68
2020-08-19,92.887,1173.17,1.1838,6.922,0.7182,5.5573,783.59,1.3216,8.9288,17.2744,0.6801,0.2834,0.1391,-0.985,-1.267,1.6655,1.5351,1.772,1.879,2.998,4.99,1.3,22.54,44.6,32.85,28.15,3374.85,2394.47,1099.41,4740.68,3408.129,10313.31,18.53,1568,491,46.66,216.18
2020-08-20,92.793,1170.03,1.186,6.9071,0.7192,5.559,788.22,1.3186,8.9207,17.2712,0.6509,0.2723,0.1411,-0.975,-1.253,1.627,1.5118,1.746,1.845,2.999,5.02,1.31,22.72,44.58,32.83,25.91,3385.51,2389.15,1080.54,4679.15,3363.899,10155.81,18.13,1518,488,122.02,250.25
2020-08-21,93.247,1173.6,1.1797,6.9208,0.7161,5.6202,793.8,1.3177,9.0123,17.1557,0.6282,0.2643,0.1432,-1.011,-1.282,1.6419,1.5324,1.781,1.861,2.99,5.01,1.31,22.54,45.14,33.68,25.96,3397.16,2392.11,1091.85,4718.84,3380.683,10212.21,18.015,1481,483,166.3,286.03
2020-08-22,,,,,,,,,,,,,,,,,,,,,,,,,,,,,,,,,,,,55.15,217.76
2020-08-23,,,,,,,,,,,,,,,,,,,,,,,,,,,,,,,,,,,,24.97,380.2
2020-08-24,93.298,1174.6,1.1788,6.9122,0.7163,5.6111,783.77,1.3218,8.998,16.9699,0.6542,0.2819,0.1513,-1.024,-1.313,1.6789,1.5788,1.825,1.91,3,4.92,1.3,22.37,46.33,32.25,23.86,3431.28,2417.05,1108.23,4755.85,3385.638,10336.95,18.51,1491,480,71.24,186.9
2020-08-25,93.019,1171.56,1.1835,6.9042,0.7195,5.5088,785.79,1.3173,8.9564,16.8559,0.6835,0.2931,0.1493,-1.02,-1.335,1.7039,1.6125,1.847,1.934,3.052,4.79,1.3,22.03,47.89,33.03,22.76,3443.62,2422.95,1114.72,4761.95,3373.578,10291.85,18.25,1518,477,85.98,213.68
2020-08-26,93.006,1169.73,1.183,6.8807,0.7233,5.6118,785.96,1.3143,8.8897,16.8744,0.6884,0.2852,0.1504,-1.041,-1.384,1.7299,1.6544,1.882,1.958,3.051,4.8,1.31,23.27,47.99,33.79,24.79,3478.73,2446.05,1119.34,4706.13,3329.739,10300.36,17.865,1509,473,105.67,154.27
2020-08-27,93.001,1171.68,1.1822,6.8887,0.7259,5.5697,785.16,1.3128,8.9151,17.0325,0.7522,0.313,0.1583,-0.995,-1.367,1.7485,1.6649,1.88,1.971,3.063,4.77,1.3,24.47,49.29,33.74,23.08,3484.55,2442.79,1117.22,4731.35,3350.113,10201.94,17.9,1504,472,142.09,180.61
2020-08-28,92.371,1161.61,1.1903,6.859,0.7365,5.3891,778.6,1.3099,8.8424,16.5956,0.7211,0.2689,0.127,-1.054,-1.427,1.7776,1.6808,1.902,2.0025,3.075,4.75,1.3,22.96,48.19,32.06,23.19,3508.01,2456.86,1121.6,4844.27,3403.807,10182.83,18.22,1488,474,64.11,296.28
2020-08-29,,,,,,,,,,,,,,,,,,,,,,,,,,,,,,,,,,,,45.14,339.77
2020-08-30,,,,,,,,,,,,,,,,,,,,,,,,,,,,,,,,,,,,8.39,296.28
2020-08-31,92.144,1161.14,1.1936,6.8477,0.7376,5.4945,776.65,1.3047,8.724,16.9416,0.7048,0.2673,0.1309,-1.099,-1.445,1.8049,1.6972,1.92,2.035,3.024,4.77,1.29,26.41,47.02,32.59,24.32,3500.31,2455.51,1101.5,4816.22,3395.677,9991.48,17.825,,,88.63,169.1
2020-09-01,92.338,1161.52,1.1912,6.837,0.7372,5.3969,771.25,1.3064,8.7607,16.6524,0.6689,0.2532,0.1309,-1.102,-1.424,1.7715,1.6627,1.896,2.013,3.065,4.75,1.28,26.12,44.3,31.74,23,3526.65,2467.25,1120.02,4842.12,3410.607,10013.32,17.705,1471,466,106.37,204.69
2020-09-02,92.847,1164.35,1.1855,6.8329,0.7338,5.3423,770.87,1.3045,8.8387,16.8155,0.6477,0.2516,0.1329,-1.081,-1.382,1.73,1.6195,1.871,1.978,3.108,4.71,1.26,26.57,44.86,35.49,23.57,3580.84,2494.1,1118.9,4843.89,3404.802,10000.96,17.62,1445,457,109.21,237.83
2020-09-03,92.739,1165.98,1.1852,6.8472,0.7273,5.2926,775.13,1.3128,8.9179,16.7295,0.6347,0.2484,0.127,-1.046,-1.333,1.6817,1.5665,1.797,1.932,3.12,4.8,1.28,33.6,45.76,41.28,23.68,3455.06,2425.78,1108.85,4817.1,3384.981,9940.13,17.49,1395,452,94.24,243.52
2020-09-04,92.719,1164.48,1.1838,6.8369,0.7282,5.3016,773.24,1.3062,8.9283,16.6016,0.718,0.2991,0.1428,-0.984,-1.303,1.7024,1.5846,1.829,1.961,3.128,4.88,1.29,30.75,47.04,44.02,21.98,3426.96,2399.6,1099.5,4770.22,3355.367,9883.98,17.435,1362,446,94.9,224.01
2020-09-05,,,,,,,,,,,,,,,,,,,,,,,,,,,,,,,,,,,,57.11,258.22
2020-09-06,,,,,,,,,,,,,,,,,,,,,,,,,,,,,,,,,,,,28.5,484.25
2020-09-07,92.719,1167.95,1.1817,6.8325,0.7277,,774.74,1.3098,8.933,16.7405,0.718,0.2991,0.1428,-0.984,-1.303,1.7028,1.5846,1.817,1.961,3.149,,,,,,,,2408.05,1094.56,4669.37,3292.591,9764.82,,1349,444,149.53,491.37
2020-09-08,93.445,1173.78,1.1778,6.8538,0.7214,5.3622,772.75,1.3236,9.1305,16.9425,0.6788,0.2674,0.1408,-1.013,-1.319,1.6922,1.5724,1.817,1.96,3.129,4.99,1.31,31.46,50.68,55.9,22.49,3331.84,2354.41,1087.51,4694.39,3316.417,9830.39,16.8,1328,446,68.6,208.78
2020-09-09,93.255,1168.81,1.1803,6.8317,0.7283,5.3085,767.47,1.3146,9.0189,16.6096,0.7001,0.2817,0.1468,-1.004,-1.314,1.7058,1.5804,1.827,1.984,3.089,4.94,1.3,28.81,48.82,49.42,21.66,3398.96,2393.75,1085.75,4584.59,3254.628,9728.52,16.915,1296,447,47.32,209.54
2020-09-10,93.336,1171.68,1.1815,6.8451,0.7258,5.3203,770.53,1.3192,9.0761,16.9078,0.6772,0.2674,0.1389,-1.014,-1.308,1.6916,1.5588,1.803,1.969,3.1,4.93,1.31,29.71,45.21,52.16,21.26,3339.19,2367.8,1085.31,4581.98,3234.823,9683.75,16.295,1269,450,145.25,218.1
2020-09-11,93.333,1169.13,1.1846,6.8331,0.7284,5.3196,768.84,1.3179,9.0371,16.7357,0.6658,0.2516,0.127,-0.999,-1.305,1.6662,1.5404,1.782,1.939,3.148,4.96,1.31,26.87,43.12,50.13,20.2,3340.97,2368.14,1091.79,4627.28,3260.346,9752.5,16.31,1267,459,145.95,237.03
2020-09-12,,,,,,,,,,,,,,,,,,,,,,,,,,,,,,,,,,,,55.65,218.84
2020-09-13,,,,,,,,,,,,,,,,,,,,,,,,,,,,,,,,,,,,85.74,318.66
2020-09-14,93.052,1165.48,1.1866,6.8084,0.7288,5.2715,764.1,1.3176,9.0345,16.6662,0.6723,0.2643,0.137,-0.985,-1.292,1.6584,1.5395,1.791,1.943,3.153,4.94,1.29,25.85,44.21,49.41,20.91,3383.54,2396.37,1104.27,4651.05,3278.814,9806.64,16.435,1282,456,67.31,270.62
2020-09-15,93.05,1165.31,1.1847,6.7803,0.7302,5.2769,761.63,1.3186,9.0309,16.4557,0.6789,0.2722,0.139,-0.992,-1.298,1.6722,1.5526,1.798,1.943,3.112,4.9,1.29,25.59,43.06,45.19,20.32,3401.2,2407.97,1112.62,4688.48,3295.679,9829.07,16.315,1289,453,115.94,245.27
2020-09-16,93.214,1164.69,1.1816,6.7453,0.7306,5.2377,760.7,1.3178,9.0209,16.2524,0.6969,0.2818,0.137,-0.982,-1.315,1.6806,1.5786,1.819,1.953,3.13,4.85,1.28,26.04,42.43,41.13,20.08,3385.49,2403.5,1116.99,4657.36,3283.924,9845.79,16.97,1281,448,82.47,244.64
2020-09-17,92.97,1160.97,1.1848,6.7539,0.7313,5.2395,763.29,1.3167,9.0481,16.1588,0.6887,0.277,0.135,-0.988,-1.323,1.6772,1.5815,1.809,1.941,3.14,4.88,1.28,26.46,38.45,38.73,19.95,3357.01,2383.54,1106.82,4632.71,3270.435,9732.15,16.995,1294,443,100.08,248.91
2020-09-18,92.926,1163.38,1.184,6.7791,0.7289,5.3885,,1.3204,9.0942,16.3274,0.6937,0.2819,0.1391,-0.979,-1.315,1.6739,1.5778,1.801,1.942,3.123,4.9,1.28,25.83,37.24,39.07,20.22,3319.47,2367.99,1108.53,4737.09,3338.09,9803.1,16.805,1296,441,86.34,244.41
2020-09-19,,,,,,,,,,,,,,,,,,,,,,,,,,,,,,,,,,,,45.16,187.42
2020-09-20,,,,,,,,,,,,,,,,,,,,,,,,,,,,,,,,,,,,57.25,437.15
2020-09-21,93.656,1170.64,1.1771,6.7929,0.7224,5.4147,773.5,1.3308,9.277,16.7822,0.6658,0.2659,0.1371,-0.964,-1.271,1.6305,1.5194,1.735,1.8825,3.099,5.15,1.3,27.78,38.63,42.89,21.6,3281.06,2329.49,1090.35,4691.43,3316.935,9640.42,15.985,1314,439,52.92,177.56
2020-09-22,93.988,1176.12,1.1708,6.784,0.7171,5.4719,776.22,1.3304,9.3458,16.8009,0.6708,0.2659,0.1351,-0.95,-1.256,1.6218,1.5032,1.714,1.862,3.091,5.17,1.3,26.86,39.35,41.28,21.63,3315.57,2343.39,1082.87,4635.76,3274.302,9576.81,15.82,1364,433,94.39,126.1
2020-09-23,94.389,1184.66,1.166,6.8252,0.7072,5.5964,781.92,1.3386,9.4917,17.0806,0.6724,0.2707,0.1387,-0.93,-1.229,1.6032,1.4793,1.699,1.851,3.093,5.19,1.32,28.58,38.63,44.64,23.43,3236.92,2305.57,1077.7,4652.33,3279.71,9558.78,15.105,1426,431,62.17,161.46
2020-09-24,94.354,1182.85,1.1672,6.826,0.7047,5.5102,784.22,1.3362,9.4951,16.9296,0.6659,0.2752,0.1328,-0.915,-1.198,1.5835,1.447,1.675,1.838,3.091,5.33,1.36,28.51,37.22,42.88,23.41,3246.59,2300.3,1057.74,4563.07,3223.177,9371.19,15.1,1605,434,64.87,246.25
2020-09-25,94.642,1186.44,1.1631,6.8284,0.7031,5.5626,787.05,1.3386,9.5737,17.1313,0.6544,0.2673,0.1289,-0.928,-1.197,1.5836,1.4374,1.6745,1.8325,3.133,5.37,1.4,26.38,36.97,41.41,22.09,3298.46,2326.85,1059.1,4570.02,3219.418,9302.59,15.09,1667,434,55.35,252.32
2020-09-26,,,,,,,,,,,,,,,,,,,,,,,,,,,,,,,,,,,,42.05,134.92
2020-09-27,,,,,,,,,,,,,,,,,,,,,,,,,,,,,,,,,,,,62.06,317.07
2020-09-28,94.278,1183.37,1.1666,6.8131,0.7071,5.6624,785.4,1.337,9.4805,17.0563,0.6528,0.2579,0.125,-0.963,-1.255,1.6171,1.4859,1.739,1.877,3.117,5.28,1.38,26.19,37.4,40.64,22.01,3351.6,2366.41,1069.88,4581.91,3217.535,9383.4,15.445,1654,436,104.41,189.79
2020-09-29,93.891,1180.64,1.1744,6.8167,0.713,5.6329,786.68,1.3388,9.4214,16.9347,0.6495,0.2547,0.123,-0.987,-1.277,1.6378,1.5042,1.76,1.9,3.137,5.24,1.37,26.27,36.62,46.13,23.28,3335.47,2359.63,1068.79,4591.8,3224.359,9281.52,15.02,1658,435,105.16,185.6
2020-09-30,93.886,1177.27,1.1721,6.7838,0.7162,5.6095,784.33,1.3319,9.3324,16.7484,0.684,0.2768,0.127,-0.948,-1.244,1.6327,1.4933,1.747,1.897,3.148,5.17,1.36,26.37,39.21,44,22.07,3363,2367.27,1082,4587.4,3218.052,9397.37,14.975,1725,435,104.96,207.77
2020-10-01,93.711,1173.85,1.1748,6.7492,0.7185,5.6461,787.05,1.3289,9.3011,16.6087,0.6774,0.2721,0.127,-0.96,-1.248,1.6391,1.493,1.75,1.904,,5.1,1.35,26.7,38.65,49.35,22.39,3380.8,2380.02,1084.83,,,,14.515,1869,432,76,259.5
2020-10-02,93.844,1174.38,1.1716,6.7537,0.7161,5.6861,789.26,1.3308,9.3163,16.5283,0.7005,0.2863,0.1289,-0.948,-1.226,1.6494,1.4864,1.75,1.9135,,5.1,1.34,27.63,39.97,55.51,22.59,3348.44,2362.41,1081.71,,,,14.655,2020,429,101.93,390.29
2020-10-03,,,,,,,,,,,,,,,,,,,,,,,,,,,,,,,,,,,,44.42,340.62
2020-10-04,,,,,,,,,,,,,,,,,,,,,,,,,,,,,,,,,,,,74.61,332.63
2020-10-05,93.513,1169.14,1.1783,6.7192,0.7181,5.5755,797.78,1.3263,9.2159,16.5837,0.7817,0.3354,0.1447,-0.914,-1.23,1.6969,1.536,1.799,1.962,,4.92,1.31,27.96,39.81,49.44,22.13,3408.63,2403.5,1091.38,,,9447.99,15.095,2071,428,66.92,273.84
2020-10-06,93.686,1173.7,1.1734,6.7475,0.7102,5.5936,798.46,1.3312,9.3638,16.7326,0.7353,0.3117,0.1467,-0.935,-1.231,1.6713,1.5144,1.781,1.932,,4.81,1.29,29.48,57.75,46.6,22.79,3360.95,2382.57,1102.47,,,9536.49,14.87,2097,424,85.71,334.28
2020-10-07,93.63,1172.38,1.1763,6.7346,0.7139,5.6116,795.4,1.3256,9.2989,16.6263,0.7868,0.3419,0.1507,-0.92,-1.238,1.708,1.5492,1.822,1.977,,4.79,1.28,28.06,56.98,45.5,23.28,3419.45,2409.4,1107.9,,,9629.29,15.08,2044,419,83.25,426.88
2020-10-08,93.605,1170.41,1.1759,6.7382,0.7165,5.601,798.78,1.3196,9.2616,16.5904,0.7852,0.3372,0.1508,-0.945,-1.269,1.7308,1.5721,1.83,1.986,,4.74,1.28,26.36,57.31,41.15,21.96,3446.83,2427.36,1117.44,,,9624.48,15.645,1970,417,113.65,294.91
2020-10-09,93.057,1162.71,1.1826,6.6878,0.724,5.5327,797.22,1.3121,9.1372,16.4675,0.7737,0.3374,0.1529,-0.962,-1.27,1.7382,1.5729,1.838,2.0275,3.19,4.69,1.26,25,57.52,42.38,22.44,3477.13,2447.76,1122.51,4681.14,3272.076,9617.85,15.395,1892,412,81.57,306.7
2020-10-10,,,,,,,,,,,,,,,,,,,,,,,,,,,,,,,,,,,,,396.92
2020-10-11,,,,,,,,,,,,,,,,,,,,,,,,,,,,,,,,,,,,,492.14
2020-10-12,93.065,1163.26,1.1813,6.7449,0.7209,,,1.3114,9.1376,16.5117,0.7737,0.3374,0.1529,-0.962,-1.27,1.7377,1.5729,1.829,2.003,3.18,,,25.07,,44.04,22.66,3534.22,2477.92,1137.17,4823.16,3358.465,9878.74,15.435,1807,410,,289.7
2020-10-13,93.531,1168.67,1.1746,6.7384,0.7161,5.5709,797.55,1.3139,9.237,16.4731,0.7272,0.304,0.139,-0.977,-1.245,1.705,1.5158,1.787,1.968,3.193,4.6,1.26,26.07,55.59,46.07,23.17,3511.93,2464.18,1136.42,4839.2,3359.75,,15.195,1732,410,,220.87
2020-10-14,93.382,1166.37,1.1746,6.7108,0.7162,5.5926,799.07,1.3146,9.2412,16.5328,0.7256,0.304,0.139,-0.97,-1.242,1.6968,1.5133,1.786,1.96,3.22,4.65,1.26,26.4,53.5,43.53,21.88,3488.67,2453.61,1135.56,4807.1,3340.778,9920.77,15.26,1637,412,,341.81
2020-10-15,93.856,1171.23,1.1708,6.7134,0.7094,5.6145,802.92,1.3221,9.3483,16.6443,0.7322,0.3136,0.139,-0.966,-1.233,1.7003,1.5138,1.79,1.964,3.228,4.75,1.26,26.97,55.62,43.83,21.73,3483.34,2435.93,1120.54,4798.74,3332.183,9762.28,15.445,1561,414,,141.19
2020-10-16,93.682,1169.2,1.1718,6.6939,0.7081,5.6462,795.8,1.3189,9.379,16.5613,0.7456,0.3217,0.1431,-0.962,-1.237,1.7087,1.5256,1.799,1.964,3.217,4.71,1.25,27.41,57.25,44.06,20.29,3483.81,2440.14,1124.08,4791.68,3336.358,9914.9,15.095,1477,417,,200.48
2020-10-17,,,,,,,,,,,,,,,,,,,,,,,,,,,,,,,,,,,,,161.13
2020-10-18,,,,,,,,,,,,,,,,,,,,,,,,,,,,,,,,,,,,,285.62
2020-10-19,93.427,1167.78,1.1769,6.679,0.7074,5.6104,786.4,1.3192,9.319,16.5195,0.769,0.3345,0.1451,-0.951,-1.228,1.7209,1.5295,1.803,1.985,3.201,4.68,1.24,29.18,61.16,43.35,21.33,3426.92,2417.93,1127.28,4755.49,3312.667,9978.16,14.775,1409,420,,249.35
2020-10-20,93.067,1164.46,1.1822,6.663,0.7048,5.6059,786.88,1.3129,9.2838,16.4827,0.7857,0.3345,0.1431,-0.937,-1.228,1.724,1.5286,1.798,1.978,3.198,4.66,1.24,29.35,60.42,43.85,21.54,3443.12,2422.71,1133.94,4793.47,3328.103,9988.33,14.95,1350,423,,234.01
2020-10-21,92.611,1158.9,1.1861,6.6441,0.7117,5.6064,782.04,1.3146,9.2195,16.3258,0.8226,0.3554,0.1472,-0.916,-1.225,1.7391,1.5452,1.82,1.995,3.183,4.67,1.24,28.65,59.07,47.58,22.66,3435.56,2417.83,1137.91,4792.83,3325.025,10077.78,14.665,1346,424,,158.05
2020-10-22,92.951,1161.19,1.1818,6.6701,0.7118,5.5916,778.65,1.3136,9.2535,16.2102,0.8562,0.3747,0.1533,-0.906,-1.232,1.7629,1.5717,1.841,2.016,3.17,4.69,1.23,28.11,59.73,46.61,21.38,3453.49,2421,1136.54,4777.98,3312.501,10085.18,15.27,1401,421,,167.77
2020-10-23,92.768,1158.37,1.186,6.6679,0.7139,5.6191,776.73,1.3125,9.2378,16.1816,0.8429,0.3765,0.1554,-0.909,-1.29,1.753,1.6672,1.823,2.011,3.196,4.68,1.23,27.55,58.46,46.32,21.04,3465.39,2430.54,1136.45,4718.49,3277.997,10125.59,15.195,1415,417,,138.34
2020-10-24,,,,,,,,,,,,,,,,,,,,,,,,,,,,,,,,,,,,,129.44
2020-10-25,,,,,,,,,,,,,,,,,,,,,,,,,,,,,,,,,,,,,369.86
2020-10-26,93.045,1162.35,1.181,6.7006,0.7123,5.6247,775.5,1.3212,9.2446,16.226,0.801,0.3509,0.1494,-0.929,-1.288,1.7314,1.6401,1.796,1.988,3.19,4.83,1.23,32.46,58.95,53.05,20.93,3400.97,2390.08,1130.65,4691.24,3251.119,,14.65,1402,425,,294.62
2020-10-27,92.94,1161.06,1.1796,6.7152,0.7129,5.7062,771.04,1.3185,9.1754,16.2028,0.7676,0.3301,0.1453,-0.941,-1.293,1.7107,1.6237,1.785,1.965,3.17,4.88,1.23,33.35,57.88,50.22,20.41,3390.68,2381.65,1133.99,4699.28,3254.316,10003.1,14.46,1413,426,,187.07
2020-10-28,93.405,1168,1.1746,6.7285,0.7045,5.7491,773.75,1.3323,9.3708,16.3778,0.771,0.3301,0.1466,-0.925,-1.27,1.698,1.601,1.765,1.955,3.183,5.1,1.25,40.28,57.13,59.61,21.93,3271.03,2306.65,1120.75,4737.27,3269.238,9963.36,13.855,1384,422,,234.14
2020-10-29,93.955,1172.04,1.1674,6.7089,0.7029,5.7816,772.63,1.3325,9.5424,16.3976,0.823,0.3701,0.1466,-0.88,-1.228,1.7028,1.5899,1.755,1.973,3.185,5.07,1.25,37.59,61.3,63.38,21.9,3310.11,2318.44,1120.1,4772.92,3272.727,9955.46,14.28,1297,416,,298.36
2020-10-30,94.038,1172.46,1.1647,6.6964,0.7028,5.7451,773.87,1.3321,9.5362,16.2439,0.8737,0.3844,0.1525,-0.833,-1.212,1.7078,1.5916,1.767,1.9735,3.185,5.09,1.25,38.02,61.91,68.84,23.26,3269.96,2292.93,1103.46,4695.33,3224.532,9760.24,14.36,1283,411,,277.43
2020-10-31,,,,,,,,,,,,,,,,,,,,,,,,,,,,,,,,,,,,,186.36
2020-11-01,,,,,,,,,,,,,,,,,,,,,,,,,,,,,,,,,,,,49.87,271.71
2020-11-02,94.129,1173.19,1.1641,6.6889,0.7055,,768.05,1.3217,9.56,16.2264,0.8434,0.3749,0.1545,-0.872,-1.235,1.7168,1.6048,1.773,1.9825,3.186,5.01,1.26,37.13,63.56,66.73,23.74,3310.24,2322.14,1114.76,4720.83,3225.12,9936.56,14.85,1284,406,56.63,418.93
2020-11-03,93.553,1166.89,1.1715,6.6829,0.7164,5.7523,754.88,1.3144,9.3846,16.0625,0.8993,0.3956,0.1663,-0.836,-1.242,1.7365,1.6325,1.806,2.003,3.183,4.84,1.24,35.55,64.37,63.63,23.32,3369.16,2369.27,1120.88,4777.56,3271.074,10071.41,14.765,1263,405,162.63,335.3
2020-11-04,93.407,1164.53,1.1726,6.6237,0.7182,5.6648,757.5,1.3136,9.3348,15.874,0.7629,0.3275,0.1447,-0.883,-1.234,1.6474,1.5633,1.72,1.903,3.175,4.57,1.22,29.57,47.74,54.53,20.49,3443.44,2416.61,1135.26,4813.66,3277.44,10099.16,14.785,1224,405,129.57,370.7
2020-11-05,92.525,1153.04,1.1826,6.6092,0.7283,5.5402,755.95,1.3045,9.2096,15.6866,0.7629,0.3259,0.1447,-0.888,-1.232,1.6513,1.5588,1.71,1.909,3.191,4.36,1.19,27.58,43.76,53.69,22,3510.45,2466.58,1166.23,4885.11,3320.133,10478.84,14.785,1194,405,69.65,303.07
2020-11-06,92.229,1149.82,1.1874,6.5915,0.7258,5.3772,753.82,1.305,9.1567,15.6033,0.8185,0.361,0.1527,-0.838,-1.192,1.6586,1.554,1.716,1.9095,3.201,4.42,1.17,24.86,39.88,55.75,21.1,3509.44,2470.05,1176.36,4885.72,3312.159,10497.8,14.465,1196,403,62.93,390.29
2020-11-07,,,,,,,,,,,,,,,,,,,,,,,,,,,,,,,,,,,,42.18,452.23
2020-11-08,,,,,,,,,,,,,,,,,,,,,,,,,,,,,,,,,,,,44.87,416.76
2020-11-09,92.725,1154.18,1.1813,6.6163,0.7284,5.3803,756.05,1.3007,9.044,15.3751,0.9235,0.428,0.1706,-0.798,-1.209,1.7225,1.638,1.796,1.978,3.24,4.01,1.1,25.75,44.94,52.2,21.86,3550.5,2502.06,1192.37,4981.35,3373.734,10633.07,16.53,1207,403,105.4,254.34
2020-11-10,92.749,1153.9,1.1815,6.599,0.7284,5.4129,756.63,1.3033,9.0145,15.6272,0.9595,0.4538,0.1807,-0.793,-1.231,1.7547,1.6861,1.845,2.012,3.226,4.12,1.11,24.8,46.19,49.64,20.46,3545.53,2507.1,1179.92,4953.88,3360.148,10586.89,17.065,1200,405,,192.03
2020-11-11,93.043,1156.59,1.1777,6.618,0.7281,5.3998,756.36,1.3063,9.0924,15.6351,0.9753,0.4538,0.1807,-0.793,-1.231,1.7547,1.6861,1.859,2.008,3.251,,,23.45,,49.24,19.14,3572.66,2528.25,1178.86,4904.9,3342.202,10541.34,16.89,1141,407,,252.06
2020-11-12,92.963,1158.21,1.1806,6.6174,0.7232,5.4575,756.13,1.3141,9.1737,15.649,0.8815,0.3916,0.1768,-0.852,-1.249,1.7163,1.6415,1.817,1.975,3.263,4.35,1.15,25.35,44.17,50.9,18.98,3537.01,2509.24,1182.1,4908.46,3338.679,10579.47,16.345,1124,413,,184.25
2020-11-13,92.755,1154.06,1.1834,6.6001,0.727,5.4635,767.25,1.3137,9.1658,15.5083,0.8963,0.4062,0.179,-0.847,-1.237,1.7284,1.6444,1.811,1.982,3.274,4.35,1.14,23.1,42.95,48.24,17.74,3585.15,2529.29,1188.35,4856.85,3310.104,10545.27,16.94,1115,425,,123.79
2020-11-14,,,,,,,,,,,,,,,,,,,,,,,,,,,,,,,,,,,,,225.66
2020-11-15,,,,,,,,,,,,,,,,,,,,,,,,,,,,,,,,,,,,,218.9
2020-11-16,92.642,1151.16,1.1852,6.5743,0.732,5.4303,766.55,1.3074,9.057,15.3356,0.9061,0.4063,0.1771,-0.837,-1.24,1.7291,1.6467,1.803,1.982,3.271,4.27,1.12,22.45,42.49,46.89,18.31,3626.91,2561.5,1203.04,4904.17,3346.969,10578.94,18.055,1111,430,,254.24
2020-11-17,92.416,1149.22,1.1862,6.5481,0.7301,5.3246,764.88,1.3105,9.0711,15.3977,0.857,0.3792,0.1692,-0.866,-1.253,1.7097,1.633,1.787,1.962,3.283,4.24,1.12,22.71,43.08,45.08,17.54,3609.53,2558.43,1201.43,4894.79,3339.895,10550.2,18.24,1112,432,,196.81
2020-11-18,92.316,1148.98,1.1853,6.5618,0.7305,5.3631,757.67,1.3081,9.0175,15.4571,0.8701,0.3952,0.1732,-0.851,-1.237,1.7069,1.6335,1.783,1.962,3.334,4.17,1.1,23.84,43.62,46.06,17.67,3567.79,2543.36,1207.55,4891.67,3347.303,10640.05,17.71,1115,431,,154.81
2020-11-19,92.294,1147.13,1.1875,6.5771,0.7288,5.3087,757.7,1.3073,9.0004,15.4135,0.8293,0.3729,0.1612,-0.879,-1.246,1.696,1.6201,1.776,1.951,3.36,4.22,1.09,23.11,43.53,46.34,17.96,3581.87,2546.31,1200.44,4927.99,3363.088,10555.36,18,1134,437,,224.65
2020-11-20,92.392,1147.3,1.1857,6.552,0.7302,5.3893,760.92,1.3095,9.013,15.3985,0.8243,0.3715,0.1573,-0.877,-1.244,1.6904,1.6157,1.768,1.9595,3.335,4.22,1.1,23.7,42.31,43.94,17.72,3557.54,2540.02,1209.26,4943.29,3377.727,10553.35,17.905,1148,438,,230.2
2020-11-21,,,,,,,,,,,,,,,,,,,,,,,,,,,,,,,,,,,,,196.02
2020-11-22,,,,,,,,,,,,,,,,,,,,,,,,,,,,,,,,,,,,,359.33
2020-11-23,92.505,1149.84,1.1841,6.5815,0.7286,5.4337,770.8,1.3082,9.033,15.4151,0.8537,0.3844,0.1594,-0.864,-1.246,1.7089,1.6302,1.778,1.96,3.289,4.18,1.09,22.66,43.04,42.79,18.98,3577.59,2546.9,1220.52,5005.03,3414.49,10666.53,19.17,1169,437,,415.59
2020-11-24,92.226,1144.97,1.1892,6.5751,0.7361,5.3752,772.86,1.2998,8.9074,15.2045,0.8799,0.3955,0.1602,-0.875,-1.279,1.7467,1.6693,1.813,1.99,3.318,4.06,1.07,21.64,42.38,42.84,20.09,3635.41,2587.19,1225.99,4974.29,3402.823,10612.58,20.155,1178,447,,262.51
2020-11-25,91.994,1142.66,1.1917,6.5631,0.7365,5.3167,770,1.3007,8.8282,15.1263,0.8816,0.394,0.1583,-0.89,-1.295,1.7635,1.6828,1.831,2.019,3.296,4.09,1.07,21.25,39.62,43.56,19.75,3629.65,2589.67,1218.29,4910.7,3362.327,10557.83,19.685,1197,451,,276.82
2020-11-26,91.994,1143.76,1.1913,6.5695,0.7362,5.332,766.31,1.3017,8.8787,15.1838,0.8816,0.394,0.1583,-0.89,-1.295,1.7635,1.6812,1.8312,2.01,3.304,,,,,,,,2590.15,1229.58,4919.59,3369.733,10701.49,,1219,457,,157.55
2020-11-27,91.79,1141.98,1.1963,6.5754,0.7387,5.3373,767.39,1.2989,8.8356,15.2413,0.8373,0.364,0.1524,-0.929,-1.32,1.7586,1.6803,1.821,2.005,3.318,4.1,1.06,20.84,39.64,46.21,19.09,3638.35,2601.45,1230.72,4980.77,3408.307,10790.3,19.455,1230,455,,238.32
2020-11-28,,,,,,,,,,,,,,,,,,,,,,,,,,,,,,,,,,,,,149.05
2020-11-29,,,,,,,,,,,,,,,,,,,,,,,,,,,,,,,,,,,,,258.52
2020-11-30,91.869,1144.87,1.1927,6.5839,0.7344,5.3594,767.35,1.3001,8.8781,15.4681,0.8389,0.3608,0.1485,-0.96,-1.346,1.7899,1.7009,1.847,2.036,3.273,4.12,1.04,20.57,40.84,47.37,19.69,3621.63,2583.14,1205.07,4960.25,3391.755,10546.47,18.38,1227,458,,156.15
2020-12-01,91.313,1136.68,1.2071,6.5524,0.7371,5.2183,760.35,1.2936,8.8041,15.2498,0.926,0.4161,0.1662,-0.907,-1.321,1.8242,1.7305,1.876,2.066,3.299,3.97,1.01,20.77,41.53,47.81,19.61,3662.45,2609.01,1224,5067.1,3451.938,10659.64,18.465,1211,455,129.66,248.2
2020-12-02,91.118,1135.6,1.2115,6.5436,0.7416,5.2312,755.47,1.2918,8.8,15.3151,0.936,0.4146,0.1584,-0.937,-1.367,1.8652,1.7768,1.921,2.106,3.318,3.92,1,21.17,43.92,45.68,19.42,3669.01,2613.91,1228.71,5067.14,3449.381,10573.79,19.065,1201,444,92.27,156.7
2020-12-03,90.714,1130.58,1.2144,6.5356,0.7439,5.1577,750.79,1.2862,8.7649,15.1753,0.9063,0.394,0.1486,-0.97,-1.408,1.8685,1.7961,1.943,2.121,3.304,3.85,0.99,21.28,42.53,40.95,19.61,3666.72,2621.28,1239.46,5057.06,3442.136,10586.37,19.265,1189,445,67.79,189.91
2020-12-04,90.701,1129.55,1.2121,6.5173,0.7425,5.1295,745.09,1.2784,8.8002,15.2025,0.9659,0.4162,0.1507,-0.949,-1.433,1.9061,1.8446,1.985,2.145,3.304,3.77,1,20.79,43.89,38.34,18.95,3699.12,2639.66,1251.04,5065.92,3444.581,10624.65,20.315,1197,440,38.67,215.13
2020-12-05,,,,,,,,,,,,,,,,,,,,,,,,,,,,,,,,,,,,48.34,141.89
2020-12-06,,,,,,,,,,,,,,,,,,,,,,,,,,,,,,,,,,,,64.01,363.84
2020-12-07,90.792,1131.22,1.2109,6.5196,0.7421,5.1068,742.5,1.2798,8.7427,15.1465,0.9228,0.3861,0.1408,-0.977,-1.467,1.8917,1.8475,1.986,2.136,3.295,3.75,1,21.3,49.67,37.68,19.79,3691.96,2635.88,1253.39,5022.24,3416.604,10473.32,19.84,1162,440,55.04,269.89
2020-12-08,90.965,1131.38,1.2104,6.5202,0.7411,5.1195,,1.2819,8.7666,14.9851,0.9179,0.3925,0.1508,-0.991,-1.468,1.8985,1.8548,1.998,2.15,3.28,3.77,1.02,20.68,49.1,37.7,19.86,3702.25,2642.05,1254.23,5009.88,3410.177,10409.59,20.135,1121,439,78.98,259.64
2020-12-09,91.087,1132.11,1.2081,6.5284,0.7447,5.1683,742.44,1.2816,8.8357,14.968,0.9361,0.4036,0.1488,-0.986,-1.46,1.9083,1.8575,2,2.1555,3.303,3.78,1.04,22.27,48.48,39.52,20.26,3672.82,2627.53,1255.85,4942.7,3371.964,10488.32,20.18,1122,435,62.74,144.77
2020-12-10,90.824,1130.36,1.2138,6.5356,0.7535,5.0192,735.8,1.2739,8.7777,15.0208,0.9063,0.3861,0.1369,-0.991,-1.463,1.8861,1.8437,1.99,2.131,3.286,3.79,1.03,22.52,47.15,39.7,19.66,3668.1,2628.59,1255.03,4940.52,3373.276,10415.72,20.8,1161,430,,256.04
2020-12-11,90.976,1133.04,1.2112,6.5397,0.7533,5.0594,733.22,1.2769,8.8172,15.1377,0.8964,0.3655,0.115,-0.987,-1.468,1.8717,1.8261,1.974,2.12,3.311,3.84,1.05,23.31,47.52,39.51,19.24,3663.46,2621.89,1257.66,4889.63,3347.191,10452.5,20.56,1211,431,,122.3
2020-12-12,,,,,,,,,,,,,,,,,,,,,,,,,,,,,,,,,,,,,141.22
2020-12-13,,,,,,,,,,,,,,,,,,,,,,,,,,,,,,,,,,,,,379.17
2020-12-14,90.711,1131.19,1.2144,6.529,0.7535,5.1163,733.9,1.2764,8.7517,15.0332,0.8931,0.3575,0.115,-1.003,-1.492,1.8832,1.8428,1.984,2.129,3.307,3.82,1.04,24.72,49.22,39.96,19.43,3647.49,2619.43,1250.45,4934.84,3369.12,10443.12,19.84,1235,432,,186.91
2020-12-15,90.473,1126.16,1.2151,6.5171,0.7559,5.0829,734.99,1.2701,8.7168,14.8808,0.908,0.3639,0.113,-1.021,-1.527,1.9162,1.8838,2.025,2.1595,3.296,3.79,1.03,22.89,48.14,39.34,19.75,3694.62,2643.74,1250.21,4945.1,3367.233,10399.56,20.23,1273,435,,139.29
2020-12-16,90.45,1125.06,1.22,6.5125,0.7577,5.086,733.44,1.2743,8.6723,14.8172,0.9163,0.367,0.115,-1.025,-1.552,1.9292,1.9109,2.045,2.167,3.3,3.79,1.02,22.5,46.96,38.68,19.39,3701.17,2654.79,1263.82,4953.87,3366.983,10461.9,20.13,1296,439,,136.12
2020-12-17,89.822,1120.81,1.2268,6.5168,0.7622,5.0665,721.73,1.272,8.5632,14.6413,0.9329,0.3782,0.121,-1.028,-1.548,1.948,1.918,2.054,2.185,3.294,3.78,1,21.93,44.15,36.86,20.1,3722.48,2674.87,1272.96,5017.48,3404.873,10545.73,20.035,1301,453,,195.87
2020-12-18,90.016,1123.38,1.2257,6.518,0.7622,5.0849,725.88,1.2788,8.583,14.54,0.9462,0.3814,0.121,-1.025,-1.552,1.9602,1.9268,2.065,2.187,3.302,3.76,1,21.57,44.64,37.15,19.58,3709.41,2666.3,1268.36,4999.97,3394.896,10483.34,19.7,1325,456,,146.67
2020-12-19,,,,,,,,,,,,,,,,,,,,,,,,,,,,,,,,,,,,,154.77
2020-12-20,,,,,,,,,,,,,,,,,,,,,,,,,,,,,,,,,,,,,196.41
2020-12-21,90.043,1125.94,1.2244,6.5359,0.7587,5.1273,728.47,1.2857,8.6503,14.5928,0.9346,0.3798,0.121,-1.025,-1.537,1.9469,1.9096,2.051,2.175,3.264,3.85,1.01,25.16,46.66,41.56,19.8,3694.92,2644.97,1257.01,5046.84,3420.569,10401.83,19.065,1323,461,,246.79
2020-12-22,90.654,1132.2,1.2163,6.5401,0.7523,5.1628,724.25,1.2908,8.7427,14.674,0.9164,0.3622,0.1129,-1.034,-1.558,1.9389,1.9128,2.051,2.164,3.235,3.85,1.01,24.23,43.57,42.06,19.5,3687.26,2643.07,1248.7,4964.77,3356.782,10384.18,18.745,1330,468,,147.55
2020-12-23,90.413,1127.36,1.2187,6.5339,0.7575,5.2053,714.25,1.2848,8.6447,14.6008,0.943,0.3702,0.1169,-1.04,-1.573,1.9701,1.9353,2.068,2.19,3.217,3.78,0.99,23.31,42.74,39.89,18.87,3690.01,2651.41,1258.1,5007.12,3382.32,10482.52,19.16,1362,466,,291.07
2020-12-24,90.323,1126.53,1.2187,6.5178,0.7597,5.1739,714.03,1.2863,8.6621,14.6112,0.9231,0.3622,0.1189,-1.057,-1.575,1.9678,1.9299,2.059,2.185,3.229,3.76,1,21.53,42.11,39.41,18.99,3703.06,2659.04,1253.53,5000.02,3363.113,10430.53,19.06,1366,466,,256.16
2020-12-25,90.223,,1.2193,6.5104,0.7605,,,1.2865,8.628,14.6134,0.9231,0.3622,0.1189,-1.057,-1.575,1.9678,1.9299,2.063,2.185,3.193,,,,,,,,2659.27,1255.2,5042.01,3396.563,,,,,,174.42
2020-12-26,,,,,,,,,,,,,,,,,,,,,,,,,,,,,,,,,,,,,699.78
2020-12-27,,,,,,,,,,,,,,,,,,,,,,,,,,,,,,,,,,,,,358.97
2020-12-28,90.337,1127.7,1.2216,6.5332,0.7579,5.2473,712.5,1.2854,8.6362,14.6426,0.9231,0.3542,0.1189,-1.059,-1.579,1.9688,1.9281,2.052,2.184,3.167,3.61,0.98,21.7,45.26,39.67,20.2,3735.36,2676.8,1252.33,5064.41,3397.285,10311.48,18.94,,,,217.47
2020-12-29,89.994,1123.7,1.2249,6.518,0.7606,5.2039,714.83,1.2818,8.6199,14.7181,0.9364,0.3782,0.125,-1.037,-1.564,1.9597,1.9241,2.048,2.176,3.162,3.59,0.97,23.08,46.1,38.64,19.53,3727.04,2682.19,1266.77,5042.94,3379.036,10449.17,18.815,,,,286.36
2020-12-30,89.68,1119.15,1.2298,6.5062,0.7686,5.192,711.78,1.2758,8.5401,14.6093,0.9231,0.3671,0.1211,-1.057,-1.584,1.9652,1.9324,2.054,2.177,3.135,3.58,0.96,22.77,47.19,38.01,20.06,3732.04,2686.06,1289.03,5113.71,3414.453,10662.93,19.11,,,,368.46
2020-12-31,89.937,1120.3,1.2216,6.5028,0.7694,5.1985,,1.2725,8.5791,14.6947,0.9132,0.3608,0.1211,-1.087,-1.626,1.9868,1.9665,2.083,2.193,3.146,3.6,0.96,22.75,48.98,37.83,20.79,3756.07,2690.04,1291.26,5211.29,3473.069,10738.4,18.95,,,,307.12
2021-01-01,,,1.2215,,0.7694,,,1.2728,8.5753,,0.9132,0.3608,0.1211,-1.087,-1.626,1.9868,1.9665,2.0824,2.19,,,,,,,,,2690.04,1291.75,,,,,,,65.27,429.48
2021-01-02,,,,,,,,,,,,,,,,,,,,,,,,,,,,,,,,,,,,39.44,190.39
2021-01-03,,,,,,,,,,,,,,,,,,,,,,,,,,,,,,,,,,,,19.04,324.05
2021-01-04,89.869,1121.01,1.2248,6.4551,0.7665,5.2717,702.58,1.2778,8.5556,14.7258,0.9132,0.3497,0.1132,-1.112,-1.662,2.0094,1.992,2.101,2.2055,3.177,3.65,0.98,26.97,49.59,42.12,21.86,3700.65,2670.04,1304.43,5267.72,3502.958,10722.99,18.98,1374,543,99.33,233.3
2021-01-05,89.436,1115.61,1.2298,6.437,0.7759,5.2766,698.93,1.2669,8.4677,14.9963,0.9549,0.3766,0.1211,-1.089,-1.668,2.0285,2.0262,2.123,2.213,3.137,3.62,0.99,25.34,48.95,40.39,22.14,3726.86,2684.18,1319.97,5368.51,3528.677,10774.15,19.83,1418,540,121.85,208.61
2021-01-06,89.53,1114.09,1.2327,6.4498,0.7802,5.3006,698.22,1.2677,8.4116,15.0692,1.0355,0.4258,0.1369,-1.049,-1.658,2.0691,2.0646,2.155,2.243,3.131,3.52,0.98,25.07,44.64,39.31,21.7,3748.14,2699.51,1315.33,5417.67,3550.877,10899.83,20.435,1425,533,106.57,139.81
2021-01-07,89.826,1120.65,1.2272,6.4714,0.7769,5.4009,709.89,1.2691,8.4271,15.4388,1.0795,0.4592,0.1369,-1.031,-1.67,2.0953,2.1108,2.213,2.281,3.129,3.5,0.96,22.37,45.2,36.06,20.66,3803.79,2734.19,1322.3,5513.66,3576.205,10796.73,20.735,1448,524,54.24,124.29
2021-01-08,90.098,1121.8,1.2218,6.4649,0.7757,5.4212,710.68,1.2702,8.4199,15.298,1.1153,0.4833,0.1329,-0.971,-1.642,2.0721,2.1059,2.214,2.267,3.149,3.48,0.95,21.56,44.81,36.65,22.16,3824.68,2753.31,1353.53,5495.43,3570.108,10955.55,20.71,1606,520,77.74,104.8
2021-01-09,,,,,,,,,,,,,,,,,,,,,,,,,,,,,,,,,,,,84.59,115.22
2021-01-10,,,,,,,,,,,,,,,,,,,,,,,,,,,,,,,,,,,,70.81,283.14
2021-01-11,90.465,1127.05,1.2151,6.4794,0.7697,5.5077,721.15,1.2784,8.537,15.5302,1.146,0.5058,0.1449,-0.942,-1.598,2.0734,2.0827,2.2,2.279,3.166,3.53,0.95,24.08,47.77,35.31,20.65,3799.61,2730.05,1349.6,5441.16,3531.498,11059.51,21.035,1761,511,84.14,308.7
2021-01-12,90.093,1120.2,1.2207,6.4424,0.7772,5.3212,726.55,1.2711,8.4488,15.2349,1.1291,0.4994,0.1449,-0.959,-1.605,2.0729,2.0832,2.193,2.263,3.149,3.56,0.95,23.33,50.12,33.85,20.01,3801.19,2734.4,1353.57,5596.35,3608.339,11217.69,21.77,1849,505,169.88,229.15
2021-01-13,90.355,1122.9,1.2157,6.467,0.7733,5.3079,741.7,1.2698,8.473,15.257,1.0832,0.4691,0.143,-0.992,-1.618,2.0602,2.0665,2.179,2.255,3.136,3.54,0.93,22.21,45.6,36.79,18.8,3809.84,2739.87,1364.07,5577.97,3598.652,11184.9,21.6,1856,500,66.5,223.57
2021-01-14,90.239,1119.7,1.2155,6.4643,0.7778,5.2056,728.34,1.264,8.4638,15.093,1.1292,0.4836,0.139,-0.976,-1.653,2.0909,2.1188,2.229,2.284,3.113,3.47,0.93,23.25,46.23,37.95,19.21,3795.54,2738.09,1370.76,5470.46,3565.905,11299.17,22.24,1792,496,62.11,157.94
2021-01-15,90.772,1126.25,1.2082,6.4847,0.7703,5.3003,733.78,1.2732,8.5689,15.2313,1.0835,0.4501,0.133,-1.02,-1.687,2.0885,2.1187,2.228,2.288,3.148,3.5,0.94,24.34,45.14,40.39,19.04,3768.25,2714.81,1358.03,5458.08,3566.378,11320.53,21.375,1754,493,57.97,149.93
2021-01-16,,,,,,,,,,,,,,,,,,,,,,,,,,,,,,,,,,,,72.01,228.3
2021-01-17,,,,,,,,,,,,,,,,,,,,,,,,,,,,,,,,,,,,71.32,209.94
2021-01-18,90.765,1125.87,1.2077,6.4971,0.7681,5.2974,733.83,1.2757,8.5959,15.157,1.0835,0.4501,0.133,-1.02,-1.687,2.0885,2.1187,2.225,2.287,3.176,,,,,,,,2713.49,1358.98,5518.52,3596.224,11462.52,,1740,492,94.49,159.6
2021-01-19,90.498,1123.73,1.2129,6.4808,0.7695,5.3518,736.58,1.2735,8.542,14.9857,1.0886,0.4454,0.131,-1.038,-1.731,2.1125,2.1577,2.249,2.3025,3.161,3.48,0.92,23.24,45.23,35.37,18.87,3798.91,2732.48,1381.31,5437.52,3566.381,11734.33,21.805,1766,496,66.67,170.18
2021-01-20,90.475,1121.46,1.2106,6.4617,0.7747,5.3083,722.42,1.2636,8.4937,14.9051,1.0802,0.4406,0.127,-1.052,-1.759,2.119,2.1817,2.274,2.307,3.159,3.45,0.93,21.58,42.53,35.67,18.95,3851.85,2761.48,1400.97,5476.43,3583.092,11949.35,21.885,1828,498,87.49,309.33
2021-01-21,90.131,1118.87,1.2164,6.4653,0.7764,5.3605,718.25,1.2637,8.4135,14.9431,1.1058,0.4454,0.1189,-1.083,-1.796,2.1754,2.2238,2.313,2.359,3.144,3.43,0.94,21.32,43.01,35.05,18.85,3853.07,2765.57,1406.07,5564.97,3621.264,11889.45,21.145,1837,505,47.44,280.95
2021-01-22,90.238,1122.76,1.2171,6.497,0.7715,5.4705,728.03,1.2733,8.4951,15.1476,1.0855,0.4311,0.1209,-0.993,-1.775,2.08,2.1877,2.272,2.32,3.126,3.48,0.95,21.91,43.09,36.25,18.42,3841.47,2755.66,1392.85,5569.78,3606.75,11677.45,21.035,1810,512,93.71,192
2021-01-23,,,,,,,,,,,,,,,,,,,,,,,,,,,,,,,,,,,,56.43,147.81
2021-01-24,,,,,,,,,,,,,,,,,,,,,,,,,,,,,,,,,,,,34.06,291.37
2021-01-25,90.391,1124.93,1.2139,6.4871,0.7713,5.4965,732.6,1.274,8.5353,15.2428,1.0295,0.4022,0.1149,-1.04,-1.794,2.0713,2.1779,2.263,2.305,3.143,3.5,0.96,23.19,43.08,38.02,18.51,3855.36,2756.87,1410.2,5625.92,3624.238,11960.49,20.82,1765,519,140.45,241.85
2021-01-26,90.17,1121.56,1.216,6.4727,0.7747,5.3503,732.44,1.2694,8.5455,15.0684,1.0347,0.4087,0.1211,-1.032,-1.791,2.0672,2.1803,2.265,2.299,3.168,3.52,0.96,23.02,43.14,37.13,17.88,3849.62,2754.12,1388.76,5512.97,3569.429,11695.43,20.375,1659,520,50.25,254.93
2021-01-27,90.647,1128.79,1.2111,6.4961,0.7663,5.4106,739.42,1.2799,8.6547,15.2764,1.0161,0.4114,0.1191,-1.035,-1.785,2.0517,2.1647,2.241,2.272,3.164,3.62,0.98,37.21,44.16,40.21,18.47,3750.77,2694.42,1371.42,5528,3573.341,11651.24,20.1,1540,521,68.84,251.13
2021-01-28,90.455,1127.16,1.2122,6.4743,0.7683,5.4405,738.38,1.283,8.5976,15.2131,1.0449,0.4272,0.1172,-1.061,-1.822,2.1088,2.2179,2.283,2.319,3.197,3.55,0.97,30.21,45.53,40.45,19.38,3787.38,2710.6,1350.59,5377.14,3505.176,11334.03,20.335,1470,521,112.79,150
2021-01-29,90.584,1129.9,1.2136,6.4522,0.7644,5.4717,732.5,1.2777,8.5649,15.1609,1.0655,0.4193,0.1093,-1.035,-1.832,2.1019,2.2191,2.289,2.31,3.185,3.62,0.97,33.09,47.41,40.2,20.64,3714.24,2661.69,1329.57,5351.96,3483.069,11208.78,19.66,1452,517,63.22,248.96
2021-01-30,,,,,,,,,,,,,,,,,,,,,,,,,,,,,,,,,,,,61.92,139.41
2021-01-31,,,,,,,,,,,,,,,,,,,,,,,,,,,,,,,,,,,,23.89,199.79
2021-02-01,90.98,1133.81,1.206,6.4743,0.7621,5.4457,736.75,1.2851,8.6088,15.0694,1.0792,0.4241,0.1073,-1.01,-1.822,2.0907,2.2124,2.262,2.304,3.175,3.56,0.97,30.24,46.28,39.16,21.81,3773.86,2697.88,1361.09,5417.65,3505.284,11454.18,19.8,1444,515,60.05,144.04
2021-02-02,91.197,1132.67,1.2044,6.4589,0.7607,5.3594,731.33,1.2781,8.6029,14.966,1.0963,0.4399,0.1132,-1.04,-1.854,2.1379,2.2612,2.2947,2.346,3.183,3.5,0.96,25.56,45.91,38.62,19.61,3826.31,2731.95,1381.19,5501.09,3533.685,11609.02,20.015,1380,506,192.34,282.75
2021-02-03,91.171,1132.98,1.2036,6.4595,0.7618,5.3783,732.6,1.2786,8.5856,14.9452,1.1374,0.4622,0.1171,-1.034,-1.871,2.1731,2.3009,2.328,2.374,3.212,3.42,0.95,22.91,46.93,37.11,18.45,3830.17,2737.93,1392.64,5485.2,3517.308,11651.84,20.87,1327,497,69.92,145.65
2021-02-04,91.529,1137.83,1.1964,6.4726,0.76,5.4323,739.6,1.2827,8.637,15.0069,1.1392,0.4575,0.1112,-1.03,-1.859,2.1706,2.2835,2.315,2.374,3.238,3.39,0.94,21.77,47.25,35.37,19.3,3871.74,2757.66,1387.61,5473.95,3501.859,11563.5,21.1,1327,496,78.18,129.36
2021-02-05,91.042,1131.13,1.2046,6.4593,0.7678,5.3767,737.05,1.2756,8.5289,14.844,1.1635,0.4624,0.1013,-1.034,-1.887,2.1987,2.3131,2.347,2.393,3.221,3.33,0.93,20.87,47.2,34.94,18.7,3886.83,2773.45,1395.35,5483.41,3496.333,11561.32,21.28,1333,496,106.44,111.2
2021-02-06,,,,,,,,,,,,,,,,,,,,,,,,,,,,,,,,,,,,63.06,99.84
2021-02-07,,,,,,,,,,,,,,,,,,,,,,,,,,,,,,,,,,,,48.48,200.27
2021-02-08,90.934,1129.95,1.205,6.4411,0.7702,5.3576,734.07,1.2739,8.5013,14.8767,1.1705,0.4784,0.1111,-1.034,-1.892,2.2062,2.3341,2.352,2.394,3.24,3.27,0.91,21.24,48.45,34.48,18.45,3915.59,2795.89,1399.81,5564.56,3532.447,11560.01,22.17,1317,495,72.8,232.61
2021-02-09,90.439,1124.87,1.2119,6.4204,0.7739,5.3824,734.74,1.2693,8.4494,14.7276,1.1568,0.4737,0.1151,-1.048,-1.897,2.2066,2.3357,2.347,2.397,3.235,3.28,0.92,21.63,46.75,33.54,18.35,3911.23,2798.55,1409.14,5686.25,3603.489,11602.76,21.935,1306,497,61.26,84.45
2021-02-10,90.371,1124.3,1.2118,6.429,0.7722,5.3847,726.18,1.2701,8.4641,14.7538,1.1225,0.4498,0.1071,-1.067,-1.917,2.1903,2.3306,2.347,2.38,3.243,3.27,0.92,21.99,46.27,33.77,18.57,3909.88,2800.68,1422.94,5807.72,3655.088,11810.25,22.355,1303,510,74.93,113.01
2021-02-11,90.417,1123.16,1.213,6.4233,0.7752,5.3854,724.35,1.2705,8.4765,14.6274,1.1632,0.4626,0.1091,-1.038,-1.93,2.2036,2.3567,2.364,2.372,,3.26,0.92,21.25,45.95,34.33,18.31,3916.38,2807.16,1427.89,,,11880.49,22.01,1313,519,63.46,121.93
2021-02-12,90.48,1123.75,1.212,6.4217,0.7761,5.3776,722.16,1.2696,8.4622,14.5475,1.2082,0.4916,0.109,-1.016,-1.925,2.2263,2.3783,2.371,2.375,,3.23,0.92,19.97,47.01,34.25,18.08,3934.83,2818.85,1428.87,,,,22.335,1339,539,73.33,211.29
2021-02-13,,,,,,,,,,,,,,,,,,,,,,,,,,,,,,,,,,,,36.62,180
2021-02-14,,,,,,,,,,,,,,,,,,,,,,,,,,,,,,,,,,,,25.29,153.61
2021-02-15,90.48,1122.38,1.2129,6.406,0.7781,,719.37,1.2639,8.3903,14.4557,1.2082,0.4916,0.109,-1.016,-1.925,2.2263,2.3783,2.37,2.385,,,,,,,,,2829.67,1437.72,,,,,1364,550,61.24,152.79
2021-02-16,90.509,1126.01,1.2106,6.4251,0.7758,,718.61,1.269,8.4377,14.6595,1.3141,0.5737,0.119,-0.93,-1.862,2.2457,2.3949,2.389,2.4035,,3.15,0.9,21.46,56.78,35.13,19.57,3932.59,2828.15,1442.17,,,12036.15,22.895,1495,589,91.76,150.29
2021-02-17,90.951,1129.45,1.2038,6.4355,0.7751,5.4117,715.1,1.2702,8.5015,14.652,1.2703,0.5464,0.1029,-0.947,-1.866,2.2192,2.3678,2.371,2.384,,3.19,0.89,21.5,55.97,36.9,20.49,3931.33,2815.98,1444.93,,,12228.63,23.235,1756,602,104.37,84.88
2021-02-18,90.592,1126.68,1.2092,6.46,0.7768,5.4313,712.53,1.2679,8.4623,14.5938,1.2956,0.5529,0.1049,-0.878,-1.81,2.1745,2.3205,2.321,2.337,3.284,3.21,0.88,22.49,56.12,37.9,19.66,3913.97,2802.92,1425.13,5768.38,3675.357,12041.53,22.71,1770,627,33.67,148.02
2021-02-19,90.364,1124.92,1.2119,6.4542,0.7869,5.3877,707.94,1.2615,8.4699,14.6943,1.3364,0.5758,0.1048,-0.816,-1.785,2.1558,2.3148,2.297,2.3105,3.266,3.19,0.89,22.05,60.43,37.76,19.26,3906.71,2806.47,1430.03,5778.84,3696.168,12106.77,23.09,1698,639,85.16,106.51
2021-02-20,,,,,,,,,,,,,,,,,,,,,,,,,,,,,,,,,,,,23.76,107.05
2021-02-21,,,,,,,,,,,,,,,,,,,,,,,,,,,,,,,,,,,,37.47,135.8
2021-02-22,90.01,1123.74,1.2157,6.4667,0.7916,5.46,708.18,1.2615,8.4914,14.6792,1.3653,0.5986,0.1109,-0.794,-1.818,2.1596,2.3687,2.309,2.304,3.273,3.19,0.91,23.45,62.42,38.57,19.12,3876.5,2788.11,1397.67,5597.33,3642.445,11893.68,23.89,1709,651,71.29,132.3
2021-02-23,90.169,1122.74,1.215,6.4601,0.7911,5.4415,707.09,1.2587,8.4691,14.5437,1.3416,0.5663,0.1108,-0.83,-1.87,2.1732,2.3905,2.3,2.292,3.265,3.22,0.92,23.11,61.73,39.75,18.3,3881.37,2789.21,1398.2,5579.67,3636.357,11909.63,24.285,1727,663,97.43,145.25
2021-02-24,90.176,1120.74,1.2166,6.4476,0.7968,5.4159,703.58,1.2513,8.3766,14.4998,1.3756,0.6004,0.123,-0.788,-1.844,2.1656,2.3984,2.295,2.287,3.272,3.17,0.91,21.34,61.92,39.58,18.31,3925.43,2802.4,1376.76,5437.57,3564.08,11509.73,25.145,1709,668,77.84,186.94
2021-02-25,90.134,1127.87,1.2175,6.4892,0.7873,5.5212,713.9,1.2603,8.494,15.0105,1.5199,0.8198,0.172,-0.609,-1.603,2.1326,2.3593,2.266,2.256,3.27,3.19,0.91,28.89,74.16,40.58,21.26,3829.34,2760.26,1383.81,5469.56,3585.046,11717.41,24.66,1700,669,46.18,124.74
2021-02-26,90.879,1135.36,1.2075,6.4807,0.7706,5.6033,725.38,1.2738,8.6661,15.1204,1.4049,0.7313,0.127,-0.741,-1.755,2.1489,2.4231,2.34,2.282,3.279,3.26,0.9,27.95,75.66,42.49,21.08,3811.15,2726.91,1339.26,5336.76,3509.08,11247.21,24.075,1675,669,121.14,223.25
2021-02-27,,,,,,,,,,,,,,,,,,,,,,,,,,,,,,,,,,,,81.19,220.62
2021-02-28,,,,,,,,,,,,,,,,,,,,,,,,,,,,,,,,,,,,66.42,194.65
2021-03-01,91.039,1133.86,1.2049,6.4699,0.7772,5.6344,722.15,1.2646,8.5573,14.9983,1.417,0.6961,0.1191,-0.741,-1.802,2.16,2.434,2.352,2.295,3.256,3.2,0.9,23.35,68.73,42.56,21.33,3901.82,2783.7,1362.47,5418.78,3551.4,11453.68,24.7,1651,668,96.3,257.79
2021-03-02,90.785,1130.88,1.2091,6.4748,0.782,5.6645,731.61,1.2635,8.4749,14.938,1.3914,0.6594,0.1211,-0.804,-1.868,2.197,2.4662,2.388,2.334,3.254,3.22,0.9,24.1,57.7,40.96,20.06,3870.29,2768.25,1359.65,5349.63,3508.591,11361.35,24.565,1673,671,137.47,122
2021-03-03,90.947,1134.65,1.2063,6.4774,0.7775,5.6233,728.37,1.2655,8.5033,15.0916,1.4808,0.7316,0.1407,-0.738,-1.817,2.2218,2.4869,2.398,2.354,3.254,3.21,0.91,26.67,65.83,39.83,20.93,3819.72,2741.68,1378.02,5452.21,3576.905,11666.24,24.925,1763,667,154.59,103.44
2021-03-04,91.631,1142.07,1.1969,6.4918,0.7726,5.6686,725.95,1.2667,8.5799,15.3027,1.564,0.7898,0.1447,-0.643,-1.74,2.2085,2.4676,2.373,2.337,3.265,3.26,0.92,28.57,68.13,37.27,21.61,3768.47,2706.48,1346.34,5280.71,3503.492,11325.58,25.52,1779,668,88.44,76.48
2021-03-05,91.977,1146.06,1.1915,6.5163,0.7686,5.6831,736.99,1.2659,8.5522,15.3579,1.5661,0.7983,0.1369,-0.666,-1.751,2.235,2.4873,2.406,2.359,3.249,3.29,0.96,24.66,69.37,36.61,20.21,3841.94,2728.56,1339.31,5262.8,3501.987,11292.22,26.475,1829,666,88.98,231.03
2021-03-06,,,,,,,,,,,,,,,,,,,,,,,,,,,,,,,,,,,,58,206.96
2021-03-07,,,,,,,,,,,,,,,,,,,,,,,,,,,,,,,,,,,,16.28,229.1
2021-03-08,92.313,1152.24,1.1847,6.5515,0.765,5.8173,734.7,1.2665,8.5388,15.5374,1.5907,0.8536,0.1626,-0.621,-1.659,2.2132,2.4511,2.371,2.342,3.244,3.3,0.98,25.47,71.65,38.89,20.64,3821.35,2722.64,1308.14,5080.02,3421.414,11014.79,26.525,1853,672,60.4,328.48
2021-03-09,91.958,1145.39,1.1901,6.5187,0.7714,5.8066,735.1,1.2638,8.4698,15.2997,1.5263,0.8051,0.1607,-0.693,-1.716,2.2215,2.4616,2.38,2.342,3.247,3.34,1,24.03,67.44,37.97,19.54,3875.44,2761.82,1317.85,4971,3359.292,10973.15,26.06,1901,696,22.26,167.78
2021-03-10,91.823,1142.06,1.1929,6.4948,0.7736,5.6725,726.17,1.2618,8.4282,15.0739,1.5178,0.7891,0.1528,-0.753,-1.79,2.2719,2.52,2.451,2.402,3.245,3.34,0.99,22.56,63.19,37.56,18.55,3898.81,2775.34,1324.9,5003.61,3357.737,11059.67,26.72,1980,706,57.34,195.33
2021-03-11,91.42,1135.94,1.1986,6.4788,0.779,5.5398,715.48,1.2533,8.4164,14.8307,1.537,0.786,0.1389,-0.75,-1.852,2.2883,2.5773,2.499,2.42,3.249,3.26,0.98,21.91,63.9,37.86,18.21,3939.34,2806.07,1357.6,5128.22,3436.831,11340.4,26.73,1970,720,70.39,275.24
2021-03-12,91.679,1139.12,1.1953,6.4962,0.7764,5.556,721.74,1.2475,8.4314,14.9508,1.6247,0.8401,0.147,-0.65,-1.805,2.2765,2.5829,2.499,2.429,3.259,3.26,0.98,20.69,70.83,37.51,18.36,3943.34,2807.21,1348.2,5146.38,3453.078,11172.95,26.785,1960,721,49.38,106.71
2021-03-13,,,,,,,,,,,,,,,,,,,,,,,,,,,,,,,,,,,,72.59,108.34
2021-03-14,,,,,,,,,,,,,,,,,,,,,,,,,,,,,,,,,,,,43.82,216.17
2021-03-15,91.833,1139.82,1.1929,6.498,0.7755,5.6171,723.5,1.2472,8.4516,14.8645,1.6055,0.8272,0.151,-0.668,-1.835,2.2744,2.5999,2.527,2.428,3.272,3.26,0.98,20.03,70.79,39.38,17.86,3968.94,2821.85,1340.25,5035.54,3419.946,11144.08,26.48,1983,727,111.6,206.85
2021-03-16,91.865,1139.57,1.1903,6.5011,0.7746,5.6249,728.65,1.2448,8.4821,14.8837,1.6179,0.829,0.149,-0.684,-1.887,2.3037,2.6524,2.574,2.452,3.262,3.27,0.97,19.79,70.81,39.1,17.93,3962.71,2823.69,1349.07,5079.36,3446.733,11329.43,25.725,2017,742,108.84,87.46
2021-03-17,91.442,1134.17,1.1979,6.4861,0.7798,5.5872,729.36,1.2405,8.4119,14.6542,1.6427,0.7983,0.133,-0.664,-1.902,2.3089,2.6355,2.559,2.463,3.256,3.32,0.97,19.23,66.75,37.4,17.24,3974.12,2826.79,1342.8,5100.86,3445.551,11358.66,25.925,2105,746,93.31,187.89
2021-03-18,91.862,1139.35,1.1915,6.5072,0.7759,5.5613,718.72,1.2487,8.5138,14.75,1.7082,0.8636,0.1531,-0.588,-1.775,2.2957,2.5669,2.498,2.433,3.256,3.37,0.96,21.58,70.48,48.44,17.79,3915.46,2802.27,1347.33,5141.77,3463.068,11470.43,24.76,2215,753,134.94,180.02
2021-03-19,91.919,1140.26,1.1904,6.5079,0.7742,5.4908,716.33,1.25,8.5343,14.7119,1.721,0.8806,0.1492,-0.585,-1.745,2.3076,2.5535,2.485,2.444,3.237,3.37,0.95,20.95,68.8,44.38,16.57,3913.1,2796.14,1336.84,5007.09,3404.663,11283.92,24.765,2281,748,42.85,211.66
2021-03-20,,,,,,,,,,,,,,,,,,,,,,,,,,,,,,,,,,,,29.49,301.26
2021-03-21,,,,,,,,,,,,,,,,,,,,,,,,,,,,,,,,,,,,26.29,152.98
2021-03-22,91.742,1139.24,1.1933,6.5071,0.7746,5.5071,716.74,1.2522,8.5031,14.7189,1.6946,0.8628,0.1472,-0.626,-1.767,2.3221,2.5584,2.495,2.452,3.23,3.3,0.96,18.88,67.62,40.28,16.47,3940.59,2809.65,1336.27,5057.15,3443.439,11306.71,24.27,2319,746,119.16,275.36
2021-03-23,92.336,1146.26,1.1849,6.5203,0.7624,5.5238,723.17,1.2588,8.64,14.8942,1.6206,0.8156,0.1452,-0.677,-1.78,2.2991,2.5259,2.474,2.433,3.205,3.3,0.97,20.3,60.77,48.62,16.69,3910.52,2788.01,1323.77,5009.25,3411.509,11111.18,23.915,2271,747,99.46,193.53
2021-03-24,92.528,1149.49,1.1813,6.5292,0.7582,5.6222,726.5,1.2579,8.6028,14.98,1.6084,0.8076,0.1465,-0.702,-1.834,2.3126,2.5725,2.525,2.453,3.193,3.26,0.97,21.2,60.71,64.91,15.7,3889.14,2767.26,1298.44,4928.69,3367.061,10847.98,24.515,2194,743,76.44,126.24
2021-03-25,92.848,1150.69,1.1764,6.5482,0.758,5.6483,727.21,1.2613,8.6455,15.0184,1.6332,0.8347,0.1367,-0.685,-1.842,2.3208,2.5855,2.54,2.46,3.187,3.29,0.99,19.81,59.54,49.88,15.58,3909.52,2775.06,1288.42,4926.35,3363.592,10744.27,24.605,2172,748,63.78,142.05
2021-03-26,92.766,1148.11,1.1794,6.5401,0.7637,5.7569,729.7,1.2577,8.572,14.9844,1.676,0.8652,0.1387,-0.681,-1.859,2.359,2.6295,2.578,2.495,3.198,3.25,0.96,18.86,61.49,44.93,15.48,3974.54,2814.86,1307.48,5037.99,3418.327,10966.06,25.215,2178,765,69.78,108.99
2021-03-27,,,,,,,,,,,,,,,,,,,,,,,,,,,,,,,,,,,,41.33,87.78
2021-03-28,,,,,,,,,,,,,,,,,,,,,,,,,,,,,,,,,,,,75.63,155.99
2021-03-29,92.944,1150.33,1.1765,6.5751,0.7633,5.7833,731.3,1.2591,8.5527,14.9144,1.7081,0.8877,0.1407,-0.656,-1.821,2.3654,2.6131,2.547,2.498,3.195,3.2,0.95,20.74,65.96,44.16,17.23,3971.09,2811.53,1310.11,5046.88,3435.296,10942.94,24.915,2162,765,123.24,177.66
2021-03-30,93.297,1154.39,1.1717,6.5729,0.7597,5.7745,730.22,1.2634,8.5549,14.9175,1.7029,0.8957,0.1465,-0.64,-1.772,2.3472,2.5733,2.503,2.476,3.211,3.19,0.94,19.61,67.44,41.46,18.3,3958.55,2805.1,1319.5,5094.73,3456.677,11020.87,24.7,2103,737,95.42,121.16
2021-03-31,93.232,1152.19,1.173,6.5647,0.7598,5.6337,719.04,1.2562,8.5505,14.7759,1.7404,0.9393,0.1603,-0.632,-1.757,2.3741,2.6016,2.523,2.49,3.188,3.1,0.91,19.4,71.27,45.65,17.07,3972.89,2811.7,1316.43,5048.36,3441.912,10972.04,24.53,2046,710,76.35,136.03
2021-04-01,92.929,1148.66,1.1777,6.5747,0.7617,5.7091,717.57,1.2548,8.5198,14.6225,1.6699,0.9009,0.1585,-0.682,-1.802,2.3534,2.6122,2.546,2.468,3.194,3.05,0.89,17.33,64.99,40.15,16.74,4019.87,2840.19,1335.24,5110.78,3466.332,11217.41,25.155,2072,699,67.7,76.09
2021-04-02,93.022,,1.1759,6.5771,0.761,,,1.2578,8.5335,14.674,1.7216,0.977,0.1862,-0.646,-1.75,2.371,2.6345,2.564,2.483,3.199,3.02,0.89,,63.71,40.15,16.74,,2841.89,1338.23,5161.56,3484.392,,,,,65.7,130.61
2021-04-03,,,,,,,,,,,,,,,,,,,,,,,,,,,,,,,,,,,,91.82,120.78
2021-04-04,,,,,,,,,,,,,,,,,,,,,,,,,,,,,,,,,,,,23.44,210.38
2021-04-05,92.595,1145.32,1.1813,6.5565,0.7651,5.6655,720.59,1.2525,8.5041,14.5548,1.7003,0.922,0.1664,-0.652,-1.772,2.3543,2.6007,2.53,2.465,,2.95,0.89,17.91,61.79,42,17.08,4077.91,2872.97,1338.79,,,,24.555,,,74.56,181.6
2021-04-06,92.335,1142.77,1.1876,6.5424,0.7664,5.5917,717.2,1.2566,8.4858,14.5238,1.656,0.8721,0.1566,-0.659,-1.784,2.3166,2.5655,2.49,2.426,3.207,2.93,0.9,18.12,60.29,42.41,16.76,4073.94,2876.23,1346.91,5140.34,3482.967,,24.49,2092,685,92.79,125.46
2021-04-07,92.455,1145.24,1.1868,6.5484,0.7614,5.6163,713.2,1.2609,8.4708,14.5741,1.6739,0.8689,0.1527,-0.668,-1.814,2.3432,2.5925,2.519,2.456,3.226,2.9,0.89,17.16,62.54,41.27,16.11,4079.95,2881.15,1338.76,5103.74,3479.625,11070.58,24.575,2127,675,113.79,205.44
2021-04-08,92.059,1141.12,1.1914,6.5569,0.7653,5.5718,708.4,1.2562,8.4589,14.5176,1.6192,0.8351,0.1488,-0.694,-1.826,2.3157,2.5705,2.494,2.436,3.223,2.92,0.89,16.95,60.08,40.7,15.72,4097.17,2895.61,1343.36,5112.21,3482.555,11109.48,24.255,2088,658,32.52,115.07
2021-04-09,92.163,1142.58,1.1899,6.5584,0.7623,5.6845,711.68,1.253,8.4969,14.6112,1.6585,0.8627,0.1548,-0.665,-1.804,2.325,2.5773,2.532,2.453,3.21,2.92,0.89,16.69,61.21,39.19,15.3,4128.8,2910.1,1330.36,5035.34,3450.677,10977.37,24.095,2085,646,48.01,115.04
2021-04-10,,,,,,,,,,,,,,,,,,,,,,,,,,,,,,,,,,,,32.44,138.65
2021-04-11,,,,,,,,,,,,,,,,,,,,,,,,,,,,,,,,,,,,48.83,300.55
2021-04-12,92.138,1142.42,1.1911,6.548,0.7623,5.7349,712.1,1.2563,8.4862,14.576,1.6657,0.8805,0.1668,-0.669,-1.806,2.3362,2.5973,2.544,2.461,3.191,2.92,0.88,16.91,63.5,37.04,14.88,4127.99,2907.25,1322.31,4947.75,3412.948,10874.83,23.905,2145,629,100.38,69.6
2021-04-13,91.852,1139.07,1.1948,6.5436,0.7641,5.7184,708.42,1.2535,8.471,14.5128,1.6145,0.8354,0.1589,-0.711,-1.842,2.3263,2.5891,2.549,2.461,3.169,3.01,0.89,16.65,61.2,35.2,14.26,4141.59,2918.19,1323.95,4939.64,3396.47,10850.53,23.93,2140,614,95.29,112.82
2021-04-14,91.69,1136.83,1.198,6.5316,0.7728,5.6535,708.19,1.2521,8.3891,14.3923,1.6323,0.8548,0.161,-0.715,-1.851,2.3483,2.6171,2.576,2.485,3.161,2.95,0.88,16.99,60.08,35.7,14.69,4124.66,2913.53,1336.59,4980.63,3416.721,10999.3,24.595,2178,612,186.3,65.13
2021-04-15,91.671,1135.88,1.1967,6.5266,0.7752,5.6164,700.58,1.2543,8.3779,14.1677,1.5759,0.8177,0.159,-0.765,-1.881,2.3428,2.6097,2.568,2.476,3.176,2.96,0.88,16.57,59.05,34.2,15.36,4170.42,2941.75,1341.09,4948.97,3398.988,10905.89,24.395,2323,608,103.26,111.93
2021-04-16,91.556,1134.56,1.1983,6.5261,0.7734,5.5881,704.03,1.2508,8.3701,14.3101,1.5798,0.8307,0.1612,-0.789,-1.884,2.3703,2.6249,2.591,2.509,3.159,2.93,0.89,16.25,62.57,32.79,15.32,4185.47,2953.35,1348.69,4966.18,3426.618,11027.51,24.2,2385,605,95.03,86.85
2021-04-17,,,,,,,,,,,,,,,,,,,,,,,,,,,,,,,,,,,,101.41,108.04
2021-04-18,,,,,,,,,,,,,,,,,,,,,,,,,,,,,,,,,,,,54.82,128.86
2021-04-19,91.069,1129.75,1.2037,6.509,0.7759,5.5488,701.65,1.2535,8.2927,14.2222,1.6047,0.8292,0.1572,-0.748,-1.867,2.3545,2.6056,2.572,2.493,3.152,2.96,0.91,17.29,63.96,35.07,16.01,4163.26,2944.05,1348.55,5087.02,3477.549,11092.95,24.175,2432,603,110.42,92
2021-04-20,91.241,1132.08,1.2036,6.5005,0.7726,5.5674,696.88,1.2609,8.3601,14.306,1.5589,0.792,0.1492,-0.77,-1.878,2.3308,2.581,2.544,2.471,3.159,3.02,0.92,18.68,64.35,35.68,15.59,4134.94,2915.78,1347.61,5083.37,3472.943,11085.87,23.535,2472,600,125.27,89.99
2021-04-21,91.155,1130.2,1.2035,6.4902,0.7754,,696.8,1.2497,8.3377,14.2496,1.5555,0.7968,0.1472,-0.778,-1.865,2.3341,2.5726,2.539,2.478,3.151,2.98,0.91,17.5,62.27,42.44,16.41,4173.42,2932.98,1336.86,5098.74,3472.93,10888.52,23.835,2710,603,166.3,100.71
2021-04-22,91.333,1132.63,1.2015,6.4958,0.7707,5.4468,706.67,1.2507,8.3612,14.3083,1.538,0.7904,0.1472,-0.792,-1.869,2.3321,2.572,2.53,2.472,3.158,3.01,0.91,18.71,59.62,39.39,16.05,4134.98,2923.91,1341.43,5089.24,3465.114,10939.12,23.555,2750,605,113.77,70.82
2021-04-23,90.859,1127.65,1.2097,6.49,0.7739,5.4759,712.05,1.2476,8.295,14.2771,1.5577,0.8164,0.1575,-0.779,-1.623,2.3389,2.4405,2.547,2.474,3.175,2.98,0.9,17.33,59.98,38.7,15.74,4180.17,2946.11,1353.02,5135.45,3474.166,11067.84,23.77,2788,604,146.73,102.84
2021-04-24,,,,,,,,,,,,,,,,,,,,,,,,,,,,,,,,,,,,111.82,76.35
2021-04-25,,,,,,,,,,,,,,,,,,,,,,,,,,,,,,,,,,,,16.6,106.95
2021-04-26,90.807,1126.81,1.2086,6.4724,0.78,5.4369,705.52,1.2398,8.2897,14.2772,1.5667,0.8294,0.1677,-0.795,-1.64,2.3627,2.47,2.58,2.503,3.198,2.91,0.89,17.64,60.98,41.23,15.51,4187.62,2956.13,1360.64,5077.24,3441.166,10981.31,23.93,2808,603,54.47,84.99
2021-04-27,90.909,1129.13,1.2091,6.4804,0.7765,5.4524,702.33,1.2399,8.2738,14.3723,1.6216,0.8813,0.1798,-0.785,-1.658,2.4085,2.5405,2.632,2.548,3.199,2.93,0.88,17.56,60.15,38.44,14.77,4186.72,2952.01,1361.96,5090.52,3442.611,10983.46,24.22,2889,603,131.65,165.42
2021-04-28,90.609,1124.82,1.2126,6.4759,0.7791,5.3448,697.77,1.2314,8.1863,14.2363,1.6094,0.8508,0.1641,-0.814,-1.721,2.4247,2.5729,2.663,2.562,3.192,2.94,0.88,17.28,60.31,36.42,14.79,4183.18,2951.88,1364.96,5119.24,3457.068,11014.69,25.055,2957,604,50.06,102.3
2021-04-29,90.614,1125.28,1.2121,6.4647,0.7766,5.3396,705.78,1.2283,8.1923,14.3071,1.6343,0.8636,0.1622,-0.789,-1.724,2.4258,2.5879,2.669,2.551,3.184,2.93,0.88,17.61,59.02,36.37,14.54,4211.47,2963.31,1364.54,5164.17,3474.901,11049.88,25.335,3007,605,47.38,153.32
2021-04-30,91.28,1133.12,1.202,6.4735,0.7716,5.4376,710.35,1.2287,8.3212,14.495,1.6259,0.8461,0.1584,-0.779,-1.739,2.4063,2.5871,2.666,2.538,3.156,2.91,0.88,18.61,58.13,38.39,14.58,4181.17,2938.76,1347.61,5123.49,3446.856,10825.25,24.695,3053,606,36.4,125.83
2021-05-01,,,,,,,,,,,,,,,,,,,,,,,,,,,,,,,,,,,,56.09,107.85
2021-05-02,,,,,,,,,,,,,,,,,,,,,,,,,,,,,,,,,,,,49.56,184.5
2021-05-03,90.945,1129.41,1.2064,6.4707,0.7763,5.4427,703.88,1.2279,8.2814,14.4027,1.5976,0.8237,0.1585,-0.826,-1.799,2.4258,2.6242,2.702,2.56,,2.86,0.89,18.31,57.33,40.15,15.65,4192.66,2948.67,1338.89,,,10713,25.375,,,97.43,297.27
2021-05-04,91.288,1132.66,1.2014,6.4838,0.7707,5.4435,701.8,1.2309,8.3324,14.4671,1.5924,0.8173,0.1585,-0.836,-1.855,2.4296,2.673,2.746,2.56,,2.92,0.89,19.48,58.51,37.15,15.91,4164.66,2922.5,1334.99,,,10765.72,25.39,3157,602,93.88,119.21
2021-05-05,91.308,1132.25,1.2005,6.4875,0.7747,5.3555,704.75,1.2267,8.3551,14.3696,1.566,0.7932,0.1506,-0.905,-1.919,2.4728,2.7118,2.782,2.604,,2.9,0.89,19.15,56.93,38.33,15.7,4167.59,2932.85,1333.05,,,10721.87,26.21,3266,604,60.39,176.89
2021-05-06,90.951,1127.12,1.2065,6.4644,0.7782,5.2782,699.32,1.2149,8.2996,14.2103,1.5696,0.8045,0.1527,-0.885,-1.871,2.4567,2.6759,2.748,2.586,3.143,2.91,0.88,18.39,57.75,37.74,16.57,4201.62,2952.03,1340.8,5061.12,3441.283,10756.37,26.345,3212,604,76.31,142.39
2021-05-07,90.233,1119.51,1.2166,6.4161,0.7844,5.2375,694.92,1.2133,8.214,14.0574,1.5771,0.7741,0.1448,-0.927,-1.924,2.5055,2.6986,2.768,2.6305,3.152,2.89,0.87,16.69,54.13,37.63,16.46,4232.6,2979.41,1348.57,4996.05,3418.874,10699,26.815,3183,607,55.93,170.41
2021-05-08,,,,,,,,,,,,,,,,,,,,,,,,,,,,,,,,,,,,3.57,134.18
2021-05-09,,,,,,,,,,,,,,,,,,,,,,,,,,,,,,,,,,,,8.32,114.95
2021-05-10,90.212,1119.06,1.2129,6.4221,0.783,5.2278,694.78,1.2102,8.2736,14.0421,1.602,0.7837,0.1528,-0.927,-1.945,2.531,2.73,2.79,2.654,3.141,2.88,0.88,19.66,55.48,37.99,17.19,4188.43,2961.57,1346.35,4992.42,3427.991,10651.07,26.825,3240,605,49,168.8
2021-05-11,90.141,1119.14,1.2148,6.4288,0.7842,5.2207,702.9,1.2102,8.2597,13.9995,1.6217,0.7998,0.1588,-0.917,-1.912,2.5401,2.7131,2.764,2.6575,3.133,3,0.88,21.84,58.01,37.93,17.17,4152.1,2928.33,1329.08,5023.06,3441.845,10431.55,26.135,3254,606,101.18,175.89
2021-05-12,90.713,1126.68,1.2072,6.4588,0.7725,5.3065,707.33,1.2134,8.3484,14.1313,1.6916,0.8628,0.1629,-0.868,-1.883,2.5625,2.7481,2.786,2.664,3.137,3.02,0.87,27.59,58.47,36.94,17.56,4063.04,2876.79,1315.25,5044.55,3462.751,10556.57,26.26,3139,613,63.3,78.7
2021-05-13,90.752,1125.03,1.2081,6.4481,0.773,5.3098,707.93,1.2162,8.3562,14.1163,1.6574,0.8273,0.1529,-0.885,-1.861,2.537,2.6892,2.739,2.641,3.135,3.05,0.87,23.13,56.59,37.94,17.1,4112.5,2892.48,1292.78,4992.97,3429.536,10339.99,25.94,3077,610,140.43,94.65
2021-05-14,90.321,1121.04,1.2141,6.4378,0.7771,5.2734,700.43,1.2104,8.2252,14.1301,1.6284,0.8129,0.147,-0.915,-1.897,2.5387,2.7118,2.772,2.652,3.136,3.03,0.86,18.81,54.99,36.46,16.75,4173.85,2938.63,1307.53,5110.59,3490.376,10404.95,26.745,2939,610,115.36,100.11
2021-05-15,,,,,,,,,,,,,,,,,,,,,,,,,,,,,,,,,,,,88.29,53.8
2021-05-16,,,,,,,,,,,,,,,,,,,,,,,,,,,,,,,,,,,,49.32,129.76
2021-05-17,90.164,1119.31,1.2152,6.4425,0.7764,5.2742,716.75,1.2068,8.2614,14.0993,1.6488,0.8355,0.1531,-0.917,-1.932,2.5649,2.7684,2.832,2.676,3.142,3,0.86,19.72,58.59,36.42,17.62,4163.29,2934.18,1311.45,5184.98,3517.616,10503.84,27.365,2856,610,92.16,128.94
2021-05-18,89.75,1115.51,1.2222,6.4217,0.7792,5.2613,712.55,1.2066,8.2266,14.0003,1.6369,0.8178,0.1491,-0.915,-1.93,2.5499,2.7482,2.814,2.669,3.134,3.03,0.87,21.34,57.18,37.01,17,4127.83,2928.68,1333.18,5187.6,3529.014,10654.3,26.73,2795,611,98.59,96.41
2021-05-19,90.191,1120.82,1.2175,6.4402,0.7728,5.3106,712.12,1.2133,8.3188,14.1045,1.671,0.8567,0.1552,-0.825,-1.807,2.4954,2.6657,2.741,2.618,3.117,3.08,0.87,22.18,57.31,38.82,17.79,4115.68,2910.94,1327.54,5172.27,3510.965,,26.065,2801,606,158.96,147.69
2021-05-20,89.808,1115.96,1.2228,6.4339,0.7776,5.2846,718.47,1.2061,8.3049,13.9747,1.625,0.8114,0.1451,-0.83,-1.802,2.4529,2.615,2.688,2.569,3.092,3.11,0.86,20.67,55.04,39.43,17.29,4159.12,2942.21,1329.31,5186.41,3506.944,10642.8,26.025,2824,610,125.85,189.22
2021-05-21,90.017,1118.24,1.2182,6.4368,0.7732,5.3668,,1.2066,8.3873,13.9619,1.6216,0.8212,0.1533,-0.829,-1.817,2.4473,2.6387,2.711,2.577,3.071,3.07,0.86,20.15,54.59,39.34,16.47,4155.86,2943.13,1330.04,5134.15,3486.557,10702.57,26.08,2869,615,165.85,108.94
2021-05-22,,,,,,,,,,,,,,,,,,,,,,,,,,,,,,,,,,,,68.16,80.84
2021-05-23,,,,,,,,,,,,,,,,,,,,,,,,,,,,,,,,,,,,65.92,181.82
2021-05-24,89.844,1116,1.2216,6.4096,0.7752,5.3183,729.47,1.2044,8.3323,13.9245,1.6012,0.8034,0.1493,-0.859,-1.858,2.4598,2.6624,2.729,2.571,3.08,3.03,0.85,18.4,54.94,35.54,16.91,4197.05,2966.44,1326.68,5155.59,3497.282,10641.4,26.34,2881,613,138.41,183.43
2021-05-25,89.639,1115.4,1.225,6.4113,0.7751,5.3315,734.35,1.2067,8.3099,13.8689,1.5588,0.771,0.1412,-0.89,-1.869,2.4468,2.6413,2.717,2.561,3.076,3.05,0.85,18.84,53.72,36.23,17.09,4188.13,2965.51,1345.49,5318.48,3581.342,10792.63,25.805,2809,614,170.94,145.6
2021-05-26,90.042,1118.23,1.2192,6.3814,0.7743,5.312,729.72,1.2123,8.3683,13.7606,1.5757,0.7824,0.1485,-0.853,-1.828,2.4273,2.6111,2.69,2.54,3.066,3.03,0.85,17.36,52.82,33.89,16.81,4195.99,2969.51,1351.95,5320.59,3593.357,10855.58,26.035,2754,610,176.61,71.66
2021-05-27,89.971,1117.96,1.2195,6.3732,0.7747,5.2392,728.8,1.2066,8.3429,13.7736,1.6062,0.8155,0.1446,-0.836,-1.822,2.4396,2.6187,2.694,2.552,3.077,3.02,0.85,16.74,53.47,33.63,16.15,4200.88,2970.64,1354.31,5338.23,3608.851,10848.35,26.055,2688,605,133.34,70.25
2021-05-28,90.031,1118.33,1.2192,6.3603,0.7712,5.2257,723.63,1.2076,8.3663,13.7649,1.5943,0.7995,0.1407,-0.858,-1.814,2.4482,2.5954,2.692,2.575,3.088,2.96,0.84,16.76,52.04,33.54,16.08,4204.11,2979.3,1360.78,5321.09,3600.784,10793.55,26.105,2596,604,140.03,171.86
2021-05-29,,,,,,,,,,,,,,,,,,,,,,,,,,,,,,,,,,,,59.02,20.63
2021-05-30,,,,,,,,,,,,,,,,,,,,,,,,,,,,,,,,,,,,31.1,91.45
2021-05-31,89.829,1116.53,1.2227,6.3728,0.7734,5.2188,722.18,1.2064,8.3257,13.7373,1.5943,0.7995,0.1407,-0.858,-1.814,2.4482,2.5954,2.692,2.558,3.074,2.96,0.84,,,,,,2975.7,1376.21,5331.57,3615.477,10889.12,,,,57.55,74.69
2021-06-01,89.831,1117.08,1.2213,6.3831,0.7754,5.1518,725.01,1.2071,8.317,13.7558,1.6062,0.8044,0.1466,-0.875,-1.835,2.4728,2.6209,2.716,2.59,3.087,3.01,0.85,17.9,54.99,33.43,16.09,4202.04,2982.02,1390.85,5341.68,3624.714,10990.75,27.11,2568,598,65.87,176.43
2021-06-02,89.909,1116.8,1.2211,6.3833,0.7754,5.0764,716.71,1.2035,8.297,13.5194,1.5875,0.7932,0.1446,-0.876,-1.829,2.4546,2.6033,2.715,2.585,3.096,2.98,0.85,17.48,55.21,32.77,15.65,4208.12,2985.97,1388.47,5289.97,3597.138,10951.84,27.615,2530,595,68.73,83.31
2021-06-03,90.512,1124.18,1.2127,6.3992,0.7658,,719.95,1.2107,8.3791,13.6391,1.625,0.8397,0.1545,-0.815,-1.744,2.4307,2.5651,2.693,2.575,3.089,2.95,0.85,18.04,53.96,33.89,15.95,4192.85,2972.87,1383.57,5255.29,3584.212,10826.78,27.69,2472,589,60.07,109.44
2021-06-04,90.136,1118.85,1.2167,6.3923,0.7739,5.0494,717.81,1.2084,8.3075,13.4316,1.5534,0.7788,0.1448,-0.876,-1.802,2.4213,2.5618,2.695,2.568,3.13,2.97,0.85,16.42,49.78,31.76,15.83,4229.89,2997.36,1381.56,5282.28,3591.845,10805.64,27.875,2438,585,79.61,68
2021-06-05,,,,,,,,,,,,,,,,,,,,,,,,,,,,,,,,,,,,41.49,48.51
2021-06-06,,,,,,,,,,,,,,,,,,,,,,,,,,,,,,,,,,,,47.32,122.76
2021-06-07,89.95,1116.54,1.219,6.3875,0.7754,5.0459,715.56,1.2082,8.2634,13.508,1.5687,0.7933,0.1547,-0.84,-1.76,2.3993,2.5354,2.666,2.549,3.141,2.92,0.85,16.42,49.55,31.7,15.57,4226.52,3000.97,1380.59,5277.63,3599.541,10748.2,27.755,2428,583,54.3,111.43
2021-06-08,90.076,1118.04,1.2173,6.3998,0.7742,5.0342,717.82,1.2111,8.2691,13.5717,1.5331,0.7724,0.1508,-0.845,-1.734,2.3698,2.4882,2.621,2.5085,3.14,2.92,0.85,17.07,49.93,31.95,15.59,4227.26,3001.83,1377.43,5232.12,3580.106,10729.52,27.995,2420,579,59.73,109.81
2021-06-09,90.12,1118.58,1.218,6.3876,0.7731,5.0624,719.67,1.2111,8.2778,13.7347,1.4908,0.75,0.1548,-0.844,-1.704,2.3257,2.434,2.561,2.463,3.14,2.91,0.85,17.89,52.84,31.79,15.43,4219.55,2996.64,1372.8,5236.45,3591.396,10704.75,27.82,2481,581,93.25,131.85
2021-06-10,90.075,1117.09,1.217,6.3862,0.7754,5.0563,720.73,1.2096,8.2753,13.6101,1.4318,0.7115,0.1429,-0.934,-1.797,2.3581,2.4899,2.611,2.491,3.13,2.91,0.85,16.1,48.26,33.03,15.5,4239.18,3007.46,1378.85,5271.47,3610.859,10716.28,27.785,2669,580,85.51,122.88
2021-06-11,90.555,1122.3,1.2109,6.3966,0.7708,5.1181,722.5,1.2158,8.3394,13.7163,1.4518,0.7387,0.1469,-0.898,-1.725,2.3423,2.4461,2.562,2.483,3.15,2.9,0.84,15.65,50.85,32.55,15.21,4247.44,3012.67,1381.99,5224.7,3589.748,10750.95,27.69,2857,581,131.48,97.74
2021-06-12,,,,,,,,,,,,,,,,,,,,,,,,,,,,,,,,,,,,47.13,63.44
2021-06-13,,,,,,,,,,,,,,,,,,,,,,,,,,,,,,,,,,,,58.56,127.53
2021-06-14,90.522,1122.99,1.212,6.4058,0.7712,5.062,718.26,1.2144,8.3146,13.7811,1.494,0.7822,0.157,-0.884,-1.701,2.3714,2.4653,2.578,2.501,,2.84,0.83,16.39,54.03,33.13,16.13,4255.15,3019.88,1383.19,,,,27.57,2944,582,29.36,117.23
2021-06-15,90.536,1124.18,1.2126,6.4069,0.7687,5.0457,726.75,1.2184,8.3178,13.7724,1.4922,0.7806,0.163,-0.902,-1.725,2.3856,2.4867,2.596,2.501,3.146,2.86,0.83,17.02,52.92,31.56,16.26,4246.59,3017.27,1378.27,5166.56,3556.559,10668.93,28.095,3025,583,73.51,109.37
2021-06-16,91.129,1133.77,1.1995,6.4405,0.761,5.0549,726.88,1.2277,8.4805,14.0264,1.5754,0.8954,0.2052,-0.751,-1.532,2.321,2.4075,2.533,2.449,3.164,2.8,0.81,18.15,54.28,33.83,16.3,4223.7,3008.48,1370,5080.49,3518.329,10562.97,27.945,3176,586,144.79,104.83
2021-06-17,91.889,1140.62,1.1907,6.4571,0.7552,5.0082,737.55,1.2358,8.5491,14.116,1.504,0.8809,0.2093,-0.792,-1.551,2.2931,2.4124,2.531,2.434,3.171,2.84,0.82,17.75,54.91,36.84,17.66,4221.86,2996.51,1362.88,5101.89,3525.604,10589.67,26.995,3267,588,138.02,94.44
2021-06-18,92.225,1144.82,1.1864,6.4616,0.7479,5.0903,748.42,1.2465,8.6694,14.3509,1.4381,0.8746,0.2541,-0.808,-1.519,2.2411,2.3764,2.505,2.382,3.152,2.86,0.82,20.7,60.45,33.95,17.9,4166.45,2954.19,1361.25,5102.47,3525.097,10646.39,26.195,3218,592,84.5,142.32
2021-06-19,,,,,,,,,,,,,,,,,,,,,,,,,,,,,,,,,,,,42.24,64.25
2021-06-20,,,,,,,,,,,,,,,,,,,,,,,,,,,,,,,,,,,,94.64,95.85
2021-06-21,91.899,1139.99,1.1919,6.4672,0.7535,5.0152,,1.2363,8.5785,14.2343,1.4886,0.8877,0.2543,-0.796,-1.553,2.2811,2.424,2.54,2.42,3.112,2.81,0.82,17.89,61.86,35.01,16.91,4224.79,2982.11,1350.52,5090.39,3529.183,10547.86,27.035,3190,604,94.5,174.11
2021-06-22,91.756,1138.48,1.194,6.4806,0.7554,4.9596,742.3,1.2306,8.5374,14.2715,1.4632,0.8552,0.2281,-0.864,-1.625,2.3226,2.4666,2.582,2.448,3.098,2.85,0.82,16.66,58.64,34.28,16.66,4246.44,3001.14,1346.84,5122.16,3557.412,10469.8,27.215,3119,615,170.6,100
2021-06-23,91.802,1138.73,1.1926,6.4781,0.7575,4.967,735.03,1.2306,8.5352,14.2179,1.4852,0.8813,0.2622,-0.87,-1.63,2.3532,2.502,2.629,2.512,3.092,2.8,0.82,16.32,55.6,34.68,16.2,4241.84,2998,1360.5,5147.39,3566.22,10673.91,27.29,3147,621,41.51,60.28
2021-06-24,91.814,1136.34,1.1932,6.4709,0.7583,4.9146,734.57,1.2324,8.5005,14.2089,1.4919,0.9134,0.2681,-0.832,-1.586,2.3205,2.4676,2.594,2.455,3.093,2.78,0.82,15.97,54.83,32.05,15.7,4266.49,3013.36,1367.39,5155.97,3566.654,10677.31,27.525,3175,624,76.66,113.04
2021-06-25,91.851,1135.32,1.1935,6.4612,0.759,4.9343,733.9,1.2292,8.497,14.1466,1.5241,0.9215,0.2661,-0.844,-1.605,2.3624,2.4979,2.632,2.514,3.098,2.75,0.81,15.62,55.58,31.3,15.29,4280.7,3024.94,1379.59,5239.97,3607.562,10878.45,27.67,3255,624,54.79,92.88
2021-06-26,,,,,,,,,,,,,,,,,,,,,,,,,,,,,,,,,,,,25.45,73.15
2021-06-27,,,,,,,,,,,,,,,,,,,,,,,,,,,,,,,,,,,,8.47,302.87
2021-06-28,91.887,1136.79,1.1925,6.4613,0.7567,4.9266,,1.2337,8.5271,14.26,1.4765,0.8958,0.2543,-0.867,-1.604,2.3392,2.4726,2.606,2.478,3.102,2.72,0.81,15.76,56.33,31.86,15.36,4290.61,3025.22,1380.9,5251.76,3606.372,10863.57,26.735,3324,614,97.29,168.47
2021-06-29,92.049,1138.75,1.1897,6.4659,0.7512,4.9565,727.7,1.2401,8.563,14.3531,1.4697,0.8894,0.2504,-0.867,-1.62,2.3325,2.4827,2.618,2.473,3.1,2.72,0.81,16.02,56.8,31.99,16.19,4291.8,3024.44,1377.15,5190.54,3573.178,10757.3,26.605,3418,605,95.69,74.51
2021-06-30,92.436,1142.11,1.1858,6.4683,0.7498,4.9696,734.38,1.2398,8.604,14.2854,1.468,0.8894,0.2486,-0.876,-1.635,2.3365,2.498,2.634,2.49,3.093,2.68,0.8,15.83,57.27,32.74,15.97,4297.5,3017.23,1374.64,5224.04,3591.197,10663.39,26.935,3383,598,43.82,133.65
2021-07-01,92.597,1145.36,1.185,6.4726,0.747,5.049,741.42,1.2437,8.6258,14.4336,1.4578,0.8926,0.2527,-0.897,-1.649,2.3467,2.5158,2.641,2.493,3.092,2.65,0.81,15.48,57.52,32.47,15.8,4319.94,3028.2,1368.22,5229.66,3588.781,,27.405,3338,592,64.11,82.66
2021-07-02,92.226,1139.85,1.1865,6.4717,0.7526,5.0597,735.5,1.2322,8.5957,14.2509,1.4238,0.8573,0.2336,-0.924,-1.684,2.3415,2.515,2.654,2.49,3.082,2.67,0.82,15.07,52.41,32.87,15.28,4352.34,3046.09,1355.38,5081.12,3518.76,10415.58,27.345,3285,590,78.98,133.09
2021-07-03,,,,,,,,,,,,,,,,,,,,,,,,,,,,,,,,,,,,46.89,82.15
2021-07-04,,,,,,,,,,,,,,,,,,,,,,,,,,,,,,,,,,,,46.52,160.07
2021-07-05,92.212,1139.9,1.1864,6.462,0.753,5.0951,736.38,1.2342,8.5678,14.2625,1.4238,0.8573,0.2336,-0.924,-1.684,2.3415,2.515,2.653,2.497,3.082,,,,,,,,3049.84,1354.47,5085.79,3534.322,10274.18,,3224,586,65.99,144.78
2021-07-06,92.546,1144.33,1.1824,6.4796,0.7497,5.1994,748.13,1.2461,8.7028,14.381,1.3481,0.7965,0.2179,-0.988,-1.727,2.3281,2.498,2.64,2.484,3.092,2.62,0.82,16.44,56.55,37.59,15.45,4343.54,3042.63,1346.58,5083.1,3530.259,10269.6,26.455,3179,591,63.33,199.58
2021-07-07,92.644,1145.57,1.179,6.4745,0.7487,5.2325,748.88,1.2481,8.7263,14.3113,1.3163,0.7788,0.2141,-0.966,-1.693,2.2751,2.4507,2.584,2.42,3.058,2.63,0.83,16.2,60.65,42.01,15.21,4358.13,3049.66,1340.68,5140.49,3553.716,10149.84,26.025,3241,588,34.78,57.23
2021-07-08,92.417,1143.68,1.1845,6.4934,0.7429,5.2604,752.9,1.2534,8.7834,14.3394,1.2928,0.742,0.1944,-0.948,-1.693,2.2345,2.4122,2.527,2.361,2.99,2.71,0.85,19,61.68,38.8,15.82,4320.82,3022.24,1316.25,5088.26,3525.504,9822.56,25.875,3281,588,37.86,67.69
2021-07-09,92.13,1139.57,1.1876,6.4813,0.7488,,748.5,1.2447,8.6695,14.2182,1.3595,0.785,0.2126,-0.943,-1.721,2.2946,2.4822,2.597,2.429,2.998,2.69,0.85,16.18,59.92,37.02,15.27,4369.55,3053.12,1318.17,5069.44,3524.088,9885.42,26.425,3300,586,32.36,84.3
2021-07-10,,,,,,,,,,,,,,,,,,,,,,,,,,,,,,,,,,,,31.02,113.6
2021-07-11,,,,,,,,,,,,,,,,,,,,,,,,,,,,,,,,,,,,27.3,118.92
2021-07-12,92.261,1141,1.1861,6.4764,0.7476,5.1742,743.85,1.2453,8.6815,14.403,1.3645,0.7946,0.2267,-0.978,-1.746,2.3344,2.5155,2.633,2.462,2.952,2.66,0.84,16.17,60.78,38.73,15.04,4384.63,3068.27,1326.83,5132.71,3547.836,9945.73,26.385,3300,583,69.74,144.11
2021-07-13,92.752,1147.18,1.1776,6.4797,0.7447,5.1634,750.2,1.2513,8.7819,14.7293,1.4166,0.846,0.2528,-0.968,-1.78,2.3764,2.6033,2.72,2.499,2.935,2.67,0.84,17.12,60.8,35.4,14.84,4369.21,3059.28,1339.51,5142.1,3566.522,10113.32,26.185,3228,582,77.25,192.35
2021-07-14,92.41,1141.71,1.1837,6.4592,0.7481,5.0714,745.78,1.2509,8.7349,14.4762,1.3459,0.7945,0.223,-1.015,-1.81,2.3524,2.5811,2.698,2.475,2.94,2.75,0.84,16.33,57.31,38.2,14.79,4374.3,3058.59,1338.13,5083.08,3528.501,10065.07,25.405,3139,580,56.22,98.68
2021-07-15,92.624,1144.45,1.1812,6.4613,0.7423,5.1119,757.88,1.2595,8.8259,14.5811,1.2989,0.7752,0.2231,-1.05,-1.815,2.3386,2.5668,2.682,2.46,2.957,2.82,0.85,17.01,56.98,38.04,15.01,4360.03,3043.52,1348.48,5151.46,3564.59,10174.27,25.05,3073,585,104.51,153.82
2021-07-16,92.687,1145.97,1.1806,6.4755,0.7401,5.1152,,1.2613,8.8541,14.4307,1.2903,0.7734,0.2215,-1.052,-1.803,2.3331,2.5545,2.676,2.465,2.948,2.82,0.86,18.45,58.24,37.15,14.6,4327.16,3024.66,1340.08,5094.77,3539.304,10152.95,24.34,3039,589,70.38,140.71
2021-07-17,,,,,,,,,,,,,,,,,,,,,,,,,,,,,,,,,,,,76.57,126.48
2021-07-18,,,,,,,,,,,,,,,,,,,,,,,,,,,,,,,,,,,,32.56,216.59
2021-07-19,92.891,1149.67,1.18,6.495,0.7344,5.2517,760.99,1.275,8.9477,14.5682,1.1888,0.7043,0.2156,-1.079,-1.77,2.2592,2.4529,2.585,2.402,2.948,3.04,0.89,22.5,67.58,46.36,15.96,4258.49,2975.55,1317.22,5113.5,3539.123,9958.56,23.48,3059,590,50.57,103.99
2021-07-20,92.973,1150.6,1.1781,6.4882,0.733,5.2216,758.5,1.2682,9.0064,14.6015,1.2218,0.685,0.1996,-1.052,-1.782,2.265,2.4445,2.581,2.411,2.931,3.01,0.89,19.73,69.31,52.26,15.01,4323.06,3005.86,1311.07,5108.99,3536.791,9864.57,23.795,3053,590,37.43,130.37
2021-07-21,92.754,1148.21,1.1794,6.4645,0.7359,5.1881,752.38,1.2556,8.8884,14.5939,1.2884,0.7362,0.2078,-1.017,-1.781,2.2958,2.4948,2.627,2.443,2.922,2.93,0.87,17.91,65.28,42.91,15.01,4358.69,3036.72,1312.15,5144.04,3562.661,9831.02,24.625,3058,591,49.92,185.19
2021-07-22,92.822,1147.99,1.1771,6.4757,0.7379,5.2017,754.35,1.2563,8.8513,14.6929,1.2783,0.7185,0.1998,-1.033,-1.811,2.302,2.5094,2.637,2.455,2.929,2.92,0.87,17.69,64.96,36.44,14.51,4367.48,3046.6,1326.38,5151.75,3574.734,10006.57,24.35,3103,593,95.29,91.1
2021-07-23,92.912,1148.78,1.1771,6.4764,0.7366,5.2,762.52,1.2564,8.8683,14.8503,1.2763,0.7118,0.1981,-1.068,-1.885,2.3452,2.5754,2.707,2.5138,2.912,2.89,0.86,17.2,65.28,34.05,14.53,4411.79,3072.38,1311.3,5089.23,3550.396,9839.05,24.26,3199,593,91.79,138.66
2021-07-24,,,,,,,,,,,,,,,,,,,,,,,,,,,,,,,,,,,,65.36,89.31
2021-07-25,,,,,,,,,,,,,,,,,,,,,,,,,,,,,,,,,,,,26.22,170.04
2021-07-26,92.649,1146.08,1.1803,6.4835,0.7385,5.1765,760.21,1.2551,8.8181,14.7947,1.2896,0.7214,0.1941,-1.103,-1.927,2.3939,2.6276,2.75,2.554,2.879,2.89,0.86,17.58,69.03,35.59,15.2,4422.3,3080.41,1279.99,4925.3,3467.441,9355.24,24.86,3210,592,59.15,125.45
2021-07-27,92.432,1144.37,1.1817,6.5269,0.7362,5.1709,767.81,1.2602,8.8796,14.7887,1.2411,0.6987,0.2035,-1.129,-1.927,2.3718,2.6038,2.733,2.5355,2.921,2.96,0.86,19.36,70.07,35.14,15.51,4401.46,3068.87,1252.43,4751.31,3381.183,8879.58,24.63,3166,594,79.2,132.55
2021-07-28,92.322,1141.79,1.1845,6.4859,0.7376,5.1168,762.08,1.2528,8.8059,14.749,1.2327,0.7111,0.2016,-1.176,-1.972,2.4107,2.644,2.783,2.626,2.927,2.94,0.85,18.31,62.4,34.62,15.61,4400.64,3069.49,1268.21,4760.48,3361.59,9071.1,24.855,3154,598,53.3,152.66
2021-07-29,91.864,1137.2,1.1887,6.4574,0.7396,5.0811,760.05,1.2448,8.7323,14.5564,1.2693,0.7351,0.2035,-1.148,-1.956,2.4185,2.6506,2.785,2.582,2.896,2.98,0.85,17.7,62.08,33.36,15.21,4419.15,3089.82,1295.41,4850.27,3411.724,9415.69,25.095,3214,604,30.92,144.4
2021-07-30,92.174,1140.57,1.187,6.4633,0.7344,5.2119,759,1.2475,8.8136,14.6019,1.2223,0.6904,0.1839,-1.176,-1.97,2.4003,2.6219,2.778,2.579,2.855,2.94,0.86,18.24,61.19,32.85,15.09,4395.26,3069.25,1277.8,4811.17,3397.357,9233.22,24.695,3292,604,80.9,133.44
2021-07-31,,,,,,,,,,,,,,,,,,,,,,,,,,,,,,,,,,,,30.39,116.35
2021-08-01,,,,,,,,,,,,,,,,,,,,,,,,,,,,,,,,,,,,40.69,125.09
2021-08-02,92.048,1140.01,1.187,6.465,0.7361,5.1743,768.05,1.251,8.8327,14.4724,1.1773,0.6537,0.1722,-1.182,-1.964,2.3596,2.5788,2.723,2.5405,2.829,2.98,0.87,19.46,64.29,36.23,15.23,4387.16,3077.11,1293.11,4933.74,3464.285,9336.6,24.51,3282,605,111.95,124.58
2021-08-03,92.081,1139.03,1.1864,6.4666,0.7396,5.1974,777.9,1.2539,8.8111,14.3124,1.1722,0.6473,0.1703,-1.197,-1.981,2.3704,2.589,2.732,2.564,2.832,3.06,0.88,18.04,65.42,37.55,15.09,4423.15,3092.51,1294.18,4934.46,3447.991,9320.38,24.93,3281,604,50.82,77.81
2021-08-04,92.27,1141.59,1.1837,6.463,0.7379,5.1689,774.17,1.254,8.8452,14.3855,1.182,0.6761,0.1802,-1.163,-1.917,2.3466,2.555,2.698,2.5338,2.83,3.09,0.88,17.97,62.67,42.27,14.88,4402.66,3085.83,1303.99,4978.85,3477.219,9419.25,24.255,3318,607,89.99,67.39
2021-08-05,92.244,1140.55,1.1834,6.462,0.7405,5.2493,779.17,1.2506,8.8163,14.5092,1.2235,0.7241,0.198,-1.106,-1.85,2.3307,2.5394,2.678,2.51,2.826,3.04,0.88,17.28,63.57,39.09,14.84,4429.1,3102.23,1300.09,4948.67,3466.549,9296.43,24.53,3376,607,99.66,179.01
2021-08-06,92.8,1146.7,1.1762,6.4786,0.7356,5.2314,788.22,1.2554,8.8887,14.6308,1.2969,0.7677,0.2083,-1.064,-1.829,2.363,2.5607,2.711,2.556,2.816,3.01,0.88,16.15,62.64,39.31,15.9,4436.52,3098.06,1292.53,4921.56,3458.228,9273.55,24.755,3371,609,63.62,107.12
2021-08-07,,,,,,,,,,,,,,,,,,,,,,,,,,,,,,,,,,,,50.91,57.9
2021-08-08,,,,,,,,,,,,,,,,,,,,,,,,,,,,,,,,,,,,18.56,241.48
2021-08-09,92.945,1148.87,1.1737,6.4864,0.7333,5.2343,784.67,1.2577,8.9446,14.7808,1.3237,0.7952,0.2203,-1.04,-1.801,2.3642,2.5593,2.701,2.5475,2.864,3.01,0.89,16.72,65.72,43.28,17.26,4432.35,3097.06,1294.2,4985.56,3494.635,9313.97,24.405,3371,608,42.61,134.96
2021-08-10,93.055,1149.7,1.172,6.4874,0.735,5.1901,779.25,1.252,8.9231,14.8016,1.349,0.8259,0.2383,-1.04,-1.798,2.3906,2.5896,2.734,2.578,2.875,3.05,0.89,16.79,66.55,39.28,16.93,4436.75,3099.49,1300.33,5043.15,3529.931,9499.18,24.835,3375,608,103.37,399.87
2021-08-11,92.922,1146.92,1.1739,6.4763,0.7374,5.2227,773.25,1.2504,8.8585,14.6623,1.3303,0.8083,0.2186,-1.072,-1.836,2.4045,2.6077,2.753,2.592,2.887,3.09,0.89,16.06,60.66,38.32,15.85,4447.7,3109.97,1297.58,5015.34,3532.621,9548.13,25.03,3410,608,71.91,96.07
2021-08-12,93.035,1148.57,1.173,6.4776,0.7335,5.2534,774.38,1.2526,8.8524,14.7818,1.359,0.8229,0.2227,-1.059,-1.826,2.4193,2.6152,2.746,2.58,2.869,3.07,0.88,15.59,57.39,36.5,15.67,4460.83,3115.74,1290.91,4973.35,3524.737,9465.46,25.005,3503,609,76.15,90.39
2021-08-13,92.518,1143.34,1.1797,6.4776,0.737,5.2477,775.74,1.2515,8.7985,14.7347,1.2767,0.7731,0.2071,-1.104,-1.84,2.3822,2.5793,2.721,2.5463,2.892,3.09,0.88,15.45,55.45,35.91,15.15,4468,3125.12,1280.86,4945.98,3516.299,9377.79,24.71,3566,613,95.29,101.4
2021-08-14,,,,,,,,,,,,,,,,,,,,,,,,,,,,,,,,,,,,11.13,95.63
2021-08-15,,,,,,,,,,,,,,,,,,,,,,,,,,,,,,,,,,,,55.99,91.76
2021-08-16,92.628,1144.69,1.1778,6.4761,0.7338,5.2606,787.6,1.2574,8.8378,14.8427,1.265,0.7618,0.2092,-1.106,-1.838,2.3729,2.5656,2.706,2.536,2.894,3.05,0.89,16.12,59.4,38.84,15.62,4479.71,3121.99,1272.19,4941.07,3517.345,9265.24,24.255,3606,610,127.2,131.18
2021-08-17,93.13,1150.88,1.171,6.4912,0.7253,5.2938,789.97,1.2629,8.9132,14.9107,1.2617,0.7668,0.2133,-1.065,-1.798,2.3283,2.5316,2.671,2.4895,2.882,3.09,0.9,17.91,60.28,39.5,16.1,4448.08,3100.12,1255.78,4837.4,3446.976,9057.88,24.005,3657,608,157.74,113.72
2021-08-18,93.136,1151.43,1.1711,6.485,0.7232,5.3894,788.65,1.2658,8.9129,14.9806,1.2583,0.7685,0.2155,-1.06,-1.771,2.32,2.5069,2.649,2.494,2.852,3.09,0.9,21.57,58.05,40.86,15.8,4400.27,3078.01,1261.6,4894.24,3485.286,9150.36,23.505,3833,607,83.16,113.23
2021-08-19,93.568,1157.54,1.1675,6.5011,0.7147,5.4149,787.03,1.2828,9.0377,15.2122,1.2433,0.7669,0.2196,-1.051,-1.749,2.2953,2.4843,2.62,2.4625,2.838,3.14,0.91,21.67,59.38,40.98,15.91,4405.8,3063.22,1232.41,4862.14,3465.555,8916.02,22.895,3976,608,49.64,78.58
2021-08-20,93.496,1158.06,1.1698,6.5002,0.7132,5.3802,786.77,1.2821,9.0268,15.2953,1.255,0.7817,0.2241,-1.008,-1.683,2.2643,2.4321,2.578,2.443,2.848,3.12,0.91,18.56,59.95,40.67,15.34,4441.67,3080.02,1220.78,4769.27,3427.334,8742.44,22.945,4092,610,68.6,85.35
2021-08-21,,,,,,,,,,,,,,,,,,,,,,,,,,,,,,,,,,,,95.35,70.76
2021-08-22,,,,,,,,,,,,,,,,,,,,,,,,,,,,,,,,,,,,64.41,304.68
2021-08-23,92.958,1151.91,1.1745,6.4771,0.7209,5.3805,784.92,1.2654,8.9203,15.1259,1.2517,0.7688,0.2242,-1.027,-1.726,2.2801,2.4602,2.609,2.4562,2.868,3.07,0.9,17.15,62.23,38.67,15.84,4479.53,3112.57,1237.53,4835.88,3477.132,8815.56,23.805,4147,607,189.93,177.96
2021-08-24,92.893,1149.79,1.1756,6.4696,0.7258,5.2477,782.65,1.2589,8.8329,15.0004,1.2935,0.7965,0.2223,-1.02,-1.739,2.3161,2.5,2.655,2.495,2.856,3.02,0.89,17.22,63.03,36.79,15.45,4486.23,3122,1270.01,4888.39,3514.471,9098.68,24.2,4201,605,133.26,86.77
2021-08-25,92.825,1149.58,1.1772,6.4701,0.7276,5.2143,783.9,1.2591,8.8074,14.952,1.339,0.8178,0.2386,-1.014,-1.759,2.3551,2.5399,2.696,2.5325,2.861,2.97,0.88,16.79,64.51,35.6,15.9,4496.19,3125.83,1275.31,4898.16,3540.384,9076.03,24.385,4193,603,47.53,74.18
2021-08-26,93.062,1153.17,1.1752,6.4846,0.7237,5.2572,786.85,1.2687,8.8411,14.9357,1.3491,0.8492,0.2406,-0.997,-1.732,2.3478,2.5305,2.678,2.5175,2.89,2.96,0.88,18.84,63.41,36.33,16.44,4470,3110.27,1266.13,4801.61,3501.664,8937.29,24.015,4195,604,114.39,54.9
2021-08-27,92.686,1147.53,1.1795,6.4624,0.7312,5.2038,782.9,1.262,8.7131,14.7229,1.307,0.7995,0.2151,-1.08,-1.817,2.3888,2.5707,2.728,2.56,2.873,2.94,0.88,16.39,57.98,34.93,15.27,4509.37,3133.67,1272.67,4827.04,3522.157,8957.81,24.655,4235,604,103.81,69.52
2021-08-28,,,,,,,,,,,,,,,,,,,,,,,,,,,,,,,,,,,,116.29,147.47
2021-08-29,,,,,,,,,,,,,,,,,,,,,,,,,,,,,,,,,,,,81.68,105.19
2021-08-30,92.653,1147.54,1.1797,6.4654,0.7296,5.1851,782.13,1.2606,8.6701,14.6734,1.2785,0.7676,0.2014,-1.087,-1.828,2.3684,2.5503,2.704,2.54,2.853,2.88,0.88,16.19,60.14,35.27,15.52,4528.79,3146.63,1285.39,4813.27,3528.151,8995.82,24.365,,,107.77,77.75
2021-08-31,92.626,1146.78,1.1809,6.4542,0.7316,5.1529,774.15,1.2616,8.6971,14.5242,1.3088,0.7771,0.2093,-1.028,-1.777,2.3383,2.507,2.663,2.5125,2.848,2.88,0.87,16.48,59.54,34.28,15.47,4522.68,3141.35,1308.67,4805.61,3543.94,9183.76,24.2,4132,610,203.01,166.77
2021-09-01,92.449,1144.6,1.1839,6.4519,0.7366,5.1863,771.28,1.262,8.6955,14.4132,1.2936,0.7724,0.2094,-1.046,-1.788,2.3411,2.5164,2.675,2.5237,2.821,2.87,0.88,16.11,58.09,36.13,15.12,4524.09,3151.66,1312.44,4869.46,3567.101,9271.32,23.845,4013,613,80.04,88.74
2021-09-02,92.225,1141.55,1.1875,6.4493,0.74,5.1845,767.58,1.2553,8.643,14.465,1.2835,0.7644,0.2056,-1.049,-1.794,2.3334,2.5152,2.673,2.516,2.834,2.83,0.88,16.41,55.8,31.35,14.76,4536.95,3161.46,1311.91,4869.41,3597.042,9341.3,24.45,4001,617,106.26,72.75
2021-09-03,92.035,1139.42,1.188,6.4386,0.746,5.1928,767.75,1.2524,8.6678,14.3126,1.3223,0.7836,0.2061,-1.019,-1.786,2.3424,2.5228,2.69,2.532,2.833,2.79,0.88,16.41,53.26,36.91,14.95,4535.43,3163.99,1315.91,4843.06,3581.734,9291.71,24.31,3944,616,98.69,88.32
2021-09-04,,,,,,,,,,,,,,,,,,,,,,,,,,,,,,,,,,,,52.84,78.8
2021-09-05,,,,,,,,,,,,,,,,,,,,,,,,,,,,,,,,,,,,50.7,229.72
2021-09-06,92.035,1140.8,1.187,6.4506,0.7439,5.1699,772.75,1.2534,8.6618,14.2377,1.3223,0.7836,0.2061,-1.019,-1.786,2.3428,2.5228,2.686,2.5287,2.834,,,,,,,,3169.64,1324.37,4933.73,3621.859,9371.15,,3822,615,81.71,222.33
2021-09-07,92.512,1145.45,1.184,6.4615,0.7386,,780.75,1.2647,8.691,14.3152,1.3732,0.8222,0.2201,-0.993,-1.774,2.3668,2.5475,2.71,2.548,2.86,2.79,0.88,18.14,57.05,32.91,15.36,4520.03,3158.94,1325.65,4992.83,3676.587,9468.22,24.165,3707,610,117.78,165.86
2021-09-08,92.653,1146.87,1.1816,6.4569,0.7365,5.3203,786.98,1.2691,8.7129,14.1895,1.3376,0.8094,0.2162,-1.041,-1.81,2.3803,2.5707,2.736,2.572,2.869,2.82,0.88,17.96,57.02,31.91,15.14,4514.07,3146.96,1313.6,4972.13,3675.187,9449.39,23.855,3618,604,85.3,118.66
2021-09-09,92.479,1144.49,1.1825,6.4513,0.7368,5.207,794.4,1.2664,8.6734,14.2103,1.2971,0.7885,0.2124,-1.091,-1.85,2.3895,2.5906,2.753,2.575,2.873,2.81,0.87,18.8,52.61,33.87,15.1,4493.28,3136.04,1299.97,4970.01,3693.13,9183.58,23.905,3643,609,73.61,56.89
2021-09-10,92.582,1145.53,1.1814,6.4432,0.7356,5.2469,788.63,1.2692,8.6719,14.2086,1.3411,0.816,0.2127,-1.051,-1.82,2.3951,2.5858,2.762,2.5812,2.871,2.79,0.86,20.95,51.73,33.54,15.15,4458.58,3122.07,1308.94,5013.52,3703.11,9386.84,23.895,3864,611,65.94,72.22
2021-09-11,,,,,,,,,,,,,,,,,,,,,,,,,,,,,,,,,,,,89.44,96.32
2021-09-12,,,,,,,,,,,,,,,,,,,,,,,,,,,,,,,,,,,,69.01,152.3
2021-09-13,92.675,1145.88,1.1811,6.4424,0.7369,5.2158,785.13,1.2648,8.6413,14.1433,1.3259,0.8047,0.2129,-1.044,-1.808,2.3712,2.566,2.741,2.56,2.89,2.76,0.86,19.37,53.1,32.74,15.09,4468.73,3126.1,1301.54,4991.66,3715.372,9238.99,24.58,4163,612,104.92,209.02
2021-09-14,92.623,1146.29,1.1803,6.4346,0.732,5.2425,784.25,1.2694,8.6426,14.3287,1.2836,0.7854,0.207,-1.05,-1.785,2.335,2.5225,2.694,2.518,2.887,2.79,0.86,19.46,51.73,33.63,15.02,4443.05,3116.08,1296.15,4917.16,3662.602,9081.73,24.225,4221,614,69.79,135.76
2021-09-15,92.548,1143.78,1.1817,6.4269,0.7333,5.2224,779.67,1.263,8.5737,14.4111,1.2988,0.7967,0.2111,-1.05,-1.806,2.3501,2.555,2.725,2.5344,2.898,2.77,0.86,18.18,53.93,32.38,15.14,4480.7,3127.71,1288.68,4867.32,3656.223,8936.53,25.13,4233,618,65.97,106.93
2021-09-16,92.932,1148.59,1.1767,6.453,0.7292,5.2565,783.13,1.2683,8.6289,14.5977,1.3378,0.8404,0.2193,-1.021,-1.778,2.3607,2.5689,2.737,2.5489,2.889,2.75,0.86,18.69,53.7,33.16,15.92,4473.75,3122.57,1276.78,4807.7,3607.092,8805.8,24.845,4215,616,119.12,44.76
2021-09-17,93.195,1152.47,1.1725,6.4713,0.7265,5.2895,,1.2764,8.7105,14.718,1.3616,0.86,0.2217,-0.983,-1.731,2.3475,2.5424,2.724,2.5487,2.879,2.74,0.85,20.81,56.06,32.32,15.92,4432.99,3096.62,1279.35,4855.94,3613.966,8940.47,24.66,4275,608,151.91,83.45
2021-09-18,,,,,,,,,,,,,,,,,,,,,,,,,,,,,,,,,,,,103.52,63.85
2021-09-19,,,,,,,,,,,,,,,,,,,,,,,,,,,,,,,,,,,,41,91.65
2021-09-20,93.276,1153.88,1.1726,6.483,0.7252,5.3253,788.4,1.2822,8.7272,14.7832,1.3107,0.8243,0.2158,-0.994,-1.717,2.3064,2.4924,2.677,2.511,,2.9,0.87,25.71,59.58,35.23,16.85,4357.73,3046.2,1258.23,,,8638.55,23.62,4304,608,59.96,159.31
2021-09-21,93.204,1153.46,1.1726,6.4816,0.7231,5.2733,786.28,1.282,8.6861,14.84,1.3226,0.8292,0.2139,-0.976,-1.693,2.3,2.472,2.66,2.507,,2.87,0.86,24.36,59.2,34.45,16.46,4354.19,3049.68,1261.4,,,8640.37,23.675,4410,607,84.71,196.08
2021-09-22,93.462,1155.01,1.1687,6.4662,0.7247,5.2897,787.85,1.2772,8.6605,14.8078,1.3006,0.8504,0.2363,-0.974,-1.634,2.2773,2.4368,2.632,2.485,2.863,2.8,0.86,20.87,55.92,32.43,16.41,4395.64,3074.35,1262.79,4821.77,3628.49,,24.405,4560,610,54.23,98.64
2021-09-23,93.085,1150.92,1.1739,6.4624,0.7295,5.3038,785.5,1.2655,8.5814,14.75,1.4301,0.9482,0.2608,-0.895,-1.6,2.3265,2.4972,2.677,2.518,2.86,2.75,0.84,18.63,56.79,32.3,16.82,4448.98,3106.42,1272.52,4853.2,3642.22,8733.73,25.26,4651,614,68.83,79.1
2021-09-24,93.327,1153.9,1.172,6.4619,0.7262,5.3345,793.04,1.2652,8.5856,14.9534,1.4509,0.9469,0.2695,-0.881,-1.607,2.3345,2.5037,2.686,2.525,2.869,2.77,0.82,17.75,58.46,34.01,16.44,4455.48,3103.53,1265.1,4849.43,3613.067,8604.99,25.45,4644,614,92.75,86.86
2021-09-25,,,,,,,,,,,,,,,,,,,,,,,,,,,,,,,,,,,,36.15,82.85
2021-09-26,,,,,,,,,,,,,,,,,,,,,,,,,,,,,,,,,,,,33.21,108.75
2021-09-27,93.383,1154.05,1.1695,6.458,0.7286,5.3911,794.28,1.2628,8.6042,14.9648,1.4871,0.9847,0.2779,-0.884,-1.621,2.3719,2.5541,2.734,2.568,2.877,2.76,0.82,18.76,60.5,34.98,16.2,4443.11,3095.56,1267.36,4877.37,3582.831,8583.82,26.355,4717,616,57.03,243.51
2021-09-28,93.766,1159.93,1.1683,6.4662,0.7236,5.4295,801.75,1.2687,8.6659,15.1068,1.5374,1.0196,0.301,-0.855,-1.619,2.3947,2.5713,2.75,2.5975,2.878,2.85,0.83,23.25,62.71,36.1,16.78,4352.63,3032.7,1260.89,4883.83,3602.219,8720.3,26.445,4962,618,96.16,126.3
2021-09-29,94.338,1167.88,1.1598,6.4777,0.7176,5.4149,809.9,1.2757,8.7711,15.1888,1.5167,0.9906,0.2892,-0.858,-1.627,2.3753,2.5525,2.73,2.581,2.865,2.81,0.83,22.56,61.21,35.26,17.39,4359.46,3028.75,1251.28,4833.93,3536.294,8760.44,26.445,5197,623,59.4,104.63
2021-09-30,94.23,1165.12,1.158,6.4492,0.7227,5.4429,810.06,1.268,8.7485,15.0683,1.4873,0.9649,0.2755,-0.888,-1.634,2.3762,2.5329,2.708,2.577,2.877,2.89,0.84,23.14,61.07,38.68,17.16,4307.54,3006.6,1253.1,4866.38,3568.167,8726.38,26.045,5167,626,102.68,142.53
2021-10-01,94.035,1161.34,1.1596,6.4369,0.7258,5.3643,803.35,1.2648,8.6306,14.8839,1.4616,0.928,0.2638,-0.916,-1.673,2.3792,2.5376,2.72,2.576,,2.93,0.84,21.15,57.38,37.38,16.32,4357.04,3022.83,1246.6,,,,26.92,5202,630,68.04,88.83
2021-10-02,,,,,,,,,,,,,,,,,,,,,,,,,,,,,,,,,,,,57.64,100.28
2021-10-03,,,,,,,,,,,,,,,,,,,,,,,,,,,,,,,,,,,,43.25,166.17
2021-10-04,93.776,1159.31,1.1621,6.4505,0.7281,5.4549,806.05,1.2589,8.57,15.0443,1.4789,0.9441,0.2776,-0.912,-1.678,2.3917,2.5567,2.732,2.5862,,2.93,0.85,22.96,60.61,37.27,16.77,4300.46,2992.89,1236.41,,,8521.19,27.36,5267,635,65.81,148.03
2021-10-05,93.975,1161.63,1.1598,6.4493,0.7292,5.4761,811.45,1.2583,8.5314,14.9996,1.5258,0.9732,0.2836,-0.932,-1.725,2.4595,2.6309,2.806,2.654,,2.93,0.84,21.3,62.83,37.2,16.56,4345.72,3016.19,1236.51,,,8515.55,27.52,5409,649,171.9,97.14
2021-10-06,94.266,1163.62,1.1556,6.454,0.7272,5.4923,814.5,1.259,8.583,14.975,1.5206,0.9813,0.2935,-0.924,-1.695,2.4455,2.6118,2.788,2.6438,,3,0.86,21,60.65,41.02,16.58,4363.55,3015.95,1227.13,,,8412.72,27.23,5647,662,56.07,145.53
2021-10-07,94.217,1163.56,1.1552,6.4524,0.7312,5.5188,813.63,1.2551,8.5821,14.9578,1.5729,1.0218,0.3055,-0.902,-1.696,2.4757,2.651,2.841,2.681,,2.93,0.85,19.54,60.91,46.15,16.29,4399.76,3046.57,1253.28,,,8713.05,27.44,5650,668,121.31,100.93
2021-10-08,94.067,1163.38,1.1569,6.4455,0.7309,5.5085,824.06,1.2472,8.5403,14.9277,1.6118,1.0595,0.3178,-0.898,-1.68,2.5108,2.6732,2.869,2.718,2.904,2.95,0.86,18.77,59.65,38,15.67,4391.34,3043.74,1257.04,4929.94,3592.167,8775.65,28.285,5526,680,94.4,96.69
2021-10-09,,,,,,,,,,,,,,,,,,,,,,,,,,,,,,,,,,,,37.86,248.61
2021-10-10,,,,,,,,,,,,,,,,,,,,,,,,,,,,,,,,,,,,,122.3
2021-10-11,94.316,1167.13,1.1552,6.4591,0.7351,5.5391,,1.2483,8.5883,15.0667,1.6118,1.0595,0.3178,-0.898,-1.68,2.5115,2.6732,2.785,2.719,2.969,,,20,,38.51,15.56,4361.19,3031.57,1265.65,4936.19,3591.709,8999.26,28.18,5488,692,,85.57
2021-10-12,94.516,1167.25,1.153,6.4558,0.735,,822.5,1.2468,8.5597,14.9795,1.5769,1.071,0.3379,-0.914,-1.659,2.4924,2.6654,2.871,2.7062,2.965,3,0.87,19.85,62.95,37.1,15.1,4350.65,3024.72,1253.63,4883.84,3546.936,8849.17,28.205,5378,701,,90.52
2021-10-13,94.08,1161.72,1.1594,6.4281,0.7379,5.5154,816.07,1.2443,8.4953,14.807,1.5368,1.0695,0.358,-0.988,-1.699,2.5254,2.7092,2.911,2.7425,2.958,3.01,0.86,18.64,60.84,36.05,15.51,4363.8,3039.01,1260.23,4940.11,3561.762,,28.18,5206,710,,111.12
2021-10-14,93.956,1160.89,1.1597,6.4359,0.7416,5.5134,825.52,1.237,8.4477,14.7874,1.5107,1.05,0.3602,-1.023,-1.728,2.5357,2.7187,2.919,2.75,2.957,2.95,0.86,16.86,59.35,36.98,15.34,4438.26,3084.59,1266.67,4913.61,3558.28,,28.525,5062,719,,94.34
2021-10-15,93.937,1159.37,1.1601,6.4346,0.7421,5.4616,823.7,1.2368,8.4225,14.603,1.5703,1.1255,0.3949,-0.993,-1.686,2.5646,2.7537,2.949,2.778,2.989,2.89,0.85,16.3,62.7,34.05,15.06,4471.37,3109.47,1283.67,4932.11,3572.366,8966.17,28.665,4854,726,,65.19
2021-10-16,,,,,,,,,,,,,,,,,,,,,,,,,,,,,,,,,,,,,86.82
2021-10-17,,,,,,,,,,,,,,,,,,,,,,,,,,,,,,,,,,,,,238.11
2021-10-18,93.953,1159.98,1.161,6.4278,0.7411,5.5122,817.78,1.2379,8.4183,14.6846,1.6002,1.17,0.4254,-0.947,-1.623,2.5493,2.7366,2.934,2.762,3.038,2.84,0.85,16.31,70.77,35.02,15.53,4486.46,3114.01,1283.02,4874.77,3568.138,8971.4,28.685,4732,727,,159.77
2021-10-19,93.734,1156.49,1.1633,6.3763,0.7474,5.5846,811.24,1.2363,8.3548,14.5264,1.6372,1.1619,0.3953,-0.915,-1.641,2.5541,2.7458,2.935,2.757,3.007,2.85,0.85,15.7,68.25,35.14,15.32,4519.63,3136.19,1294.57,4922.72,3593.153,9136.07,29.01,4714,737,,73.95
2021-10-20,93.558,1153.99,1.1651,6.3946,0.7516,5.5982,813.35,1.2321,8.3062,14.4015,1.6567,1.1653,0.3854,-0.942,-1.706,2.5998,2.8127,2.995,2.805,3.005,2.85,0.85,15.49,65.47,35.16,15.27,4536.19,3147.7,1301.13,4910.18,3587.001,9276.69,29.245,4751,743,,59.85
2021-10-21,93.77,1156.56,1.1623,6.3942,0.7467,5.659,817.69,1.2368,8.3642,14.6886,1.7011,1.2397,0.4545,-0.944,-1.729,2.6468,2.9128,3.087,2.851,2.973,2.81,0.85,15.01,69.42,36.55,15.15,4549.78,3152.33,1293,4928.02,3594.783,9273.57,28.705,4653,755,,69.73
2021-10-22,93.642,1154.36,1.1643,6.3837,0.7466,5.65,815.97,1.2366,8.3577,14.8265,1.6324,1.1957,0.4534,-1.005,-1.706,2.6394,2.9026,3.08,2.848,2.996,2.85,0.86,15.43,72.04,36.87,15.74,4544.9,3151.16,1293.14,4959.73,3582.604,9356.85,28.975,4410,768,,101.73
2021-10-23,,,,,,,,,,,,,,,,,,,,,,,,,,,,,,,,,,,,,69.32
2021-10-24,,,,,,,,,,,,,,,,,,,,,,,,,,,,,,,,,,,,,185.92
2021-10-25,93.813,1155.72,1.1608,6.3829,0.7491,5.556,808.08,1.2382,8.3538,14.7142,1.6307,1.1711,0.4353,-1.034,-1.775,2.6661,2.9474,3.123,2.875,2.986,2.85,0.86,15.24,68.96,36.07,16.73,4566.48,3159.88,1297.26,4979.52,3609.863,9322.08,29.4,4257,784,,102.62
2021-10-26,93.949,1156.75,1.1596,6.3787,0.7501,5.5661,804.17,1.239,8.3656,14.8495,1.6079,1.1745,0.4396,-1.084,-1.807,2.6916,2.9835,3.161,2.905,2.976,2.87,0.85,15.98,66.7,35.5,15.96,4574.79,3167.44,1296.06,4963.1,3597.638,9259.43,29.57,4056,793,,99.45
2021-10-27,93.802,1156.89,1.1603,6.3939,0.7517,5.5392,804.95,1.2359,8.4207,15.0832,1.5413,1.15,0.5029,-1.133,-1.831,2.6771,2.9823,3.165,2.889,2.983,2.89,0.85,16.98,70.06,37.63,16.08,4551.68,3152.05,1282.89,4898.16,3562.305,9093.8,28.72,3808,796,,63.73
2021-10-28,93.345,1152.66,1.1681,6.3892,0.7544,5.6458,806.03,1.2346,8.3316,15.1345,1.58,1.1847,0.4891,-1.013,-1.737,2.5934,2.9224,3.102,2.81,2.966,2.86,0.85,16.53,71.96,37.23,15.8,4596.42,3179.44,1276.07,4864.14,3518.417,9052.7,28.925,3630,800,,90.49
2021-10-29,94.123,1160.5,1.1558,6.4049,0.7518,5.6364,814.5,1.2388,8.4437,15.2412,1.5521,1.1831,0.497,-1.032,-1.746,2.587,2.9311,3.106,2.805,2.97,2.87,0.87,16.26,75.45,37.92,16.07,4605.38,3174.73,1264.75,4908.77,3547.336,8961.73,28.735,3519,797,,77.35
2021-10-30,,,,,,,,,,,,,,,,,,,,,,,,,,,,,,,,,,,,,61.28
2021-10-31,,,,,,,,,,,,,,,,,,,,,,,,,,,,,,,,,,,,,97.73
2021-11-01,93.879,1160.17,1.1606,6.3942,0.7526,5.6863,,1.2369,8.4063,15.4295,1.5557,1.1767,0.4992,-0.954,-1.689,2.512,2.8684,3.044,2.7213,2.942,2.86,0.88,16.41,78.34,36.74,16.31,4613.67,3190.54,1264.54,4890.69,3544.479,8899.32,29.23,3428,794,124.33,136.17
2021-11-02,94.09,1162.49,1.1579,6.4028,0.7429,,812.7,1.2411,8.5277,15.4431,1.5488,1.1476,0.4499,-0.973,-1.717,2.5238,2.8662,3.04,2.7337,2.93,2.94,0.87,16.03,71.04,35.56,16.47,4630.65,3195.67,1263.96,4839.85,3505.628,8863.83,28.955,3187,793,62.87,110.75
2021-11-03,93.864,1159.26,1.1612,6.3948,0.7448,5.5533,812.75,1.2391,8.5071,15.2702,1.6034,1.1881,0.4659,-0.957,-1.712,2.5621,2.9019,3.076,2.7725,2.936,2.91,0.85,15.1,71.22,39.44,16.28,4660.57,3212.35,1262.46,4821.11,3498.537,8856.99,28.715,2892,794,73.81,188.57
2021-11-04,94.347,1163.59,1.1554,6.3974,0.7401,5.6035,814.31,1.2456,8.5559,15.2169,1.5262,1.1105,0.4244,-1.043,-1.791,2.5717,2.9026,3.068,2.7787,2.92,2.92,0.86,15.44,64.61,38.56,15.87,4680.06,3224.63,1268.45,4868.74,3526.866,8953.12,28.755,2769,798,122.69,156.8
2021-11-05,94.32,1161.23,1.1567,6.3944,0.74,5.5423,811.55,1.2457,8.559,15.0529,1.4513,1.0555,0.4008,-1.1,-1.836,2.5539,2.8923,3.068,2.77,2.889,2.84,0.86,16.48,66.9,37.84,16.64,4697.53,3232.26,1264.07,4842.35,3491.568,8820.83,29.13,2715,817,76.94,211.53
2021-11-06,,,,,,,,,,,,,,,,,,,,,,,,,,,,,,,,,,,,28.16,205.66
2021-11-07,,,,,,,,,,,,,,,,,,,,,,,,,,,,,,,,,,,,46.44,264.34
2021-11-08,94.049,1159.24,1.1587,6.3884,0.7423,5.5423,802.58,1.2442,8.5045,14.9184,1.4897,1.1169,0.4426,-1.134,-1.846,2.6245,2.9632,3.135,2.8338,2.9,2.76,0.86,17.22,70.97,37.71,16.66,4701.7,3237.63,1268.82,4848.18,3498.631,8793.73,29.395,2718,828,46.37,363.38
2021-11-09,93.955,1158.45,1.1593,6.3897,0.7378,5.4857,792.15,1.2438,8.5093,15.0283,1.4358,1.0813,0.4208,-1.204,-1.907,2.6428,2.9886,3.159,2.855,2.897,2.82,0.87,17.78,73.02,36.33,16.76,4685.25,3227.8,1272.95,4846.74,3507.002,8806.02,29.515,2805,835,84.58,149.84
2021-11-10,94.85,1168.92,1.1479,6.4003,0.7327,5.4978,795.25,1.2491,8.6525,15.4327,1.5493,1.216,0.5129,-1.174,-1.882,2.7066,3.0993,3.272,2.9225,2.906,2.8,0.87,18.73,78.31,37.09,16.8,4646.71,3201.57,1274.39,4821.19,3492.462,8910.98,28.735,2861,833,,39
2021-11-11,95.178,1172.35,1.1451,6.391,0.7294,5.4046,794.3,1.2579,8.6749,15.3061,1.5493,1.216,0.5129,-1.174,-1.882,2.7066,3.0993,3.262,2.915,2.932,,,17.66,,36.2,16.95,4649.27,3201.99,1281.4,4898.65,3532.786,9048.39,28.845,2844,835,,65.66
2021-11-12,95.128,1169.64,1.1445,6.38,0.7332,5.4564,801.07,1.255,8.6924,15.3279,1.5613,1.2211,0.5115,-1.174,-1.896,2.718,3.1191,3.287,2.9363,2.936,2.84,0.88,16.29,78.61,36.1,16.85,4682.85,3223.82,1285.48,4888.38,3539.1,9114.37,28.775,2807,821,,202.74
2021-11-13,,,,,,,,,,,,,,,,,,,,,,,,,,,,,,,,,,,,,79.21
2021-11-14,,,,,,,,,,,,,,,,,,,,,,,,,,,,,,,,,,,,,173.41
2021-11-15,95.407,1173.82,1.1368,6.3829,0.7347,,797.67,1.2516,8.7148,15.2444,1.6145,1.2522,0.5157,-1.154,-1.938,2.752,3.1921,3.357,2.97,2.925,2.85,0.89,16.49,81.59,36.42,17,4682.8,3226.45,1286.82,4882.38,3533.302,9085.6,29.015,2759,812,,107.9
2021-11-16,95.915,1178.19,1.132,6.3903,0.7303,5.4976,812.03,1.2558,8.7413,15.5139,1.6335,1.2653,0.5179,-1.125,-1.94,2.7419,3.2071,3.368,2.96,2.918,2.91,0.9,16.37,81.58,34.69,16.67,4700.9,3231.95,1290.55,4883.32,3521.787,9225.81,29.06,2591,802,,112.32
2021-11-17,95.828,1175.92,1.1319,6.3753,0.7267,5.5242,829.32,1.261,8.7477,15.5053,1.5889,1.231,0.4979,-1.137,-1.946,2.7096,3.1774,3.339,2.925,2.924,2.96,0.91,17.11,81.58,33.75,16.69,4688.67,3221.03,1286.87,4885.75,3537.366,9193.21,28.615,2430,795,,114.88
2021-11-18,95.544,1174.78,1.1371,6.3802,0.7277,5.566,832.3,1.2602,8.8143,15.6455,1.5855,1.2196,0.5021,-1.146,-1.917,2.7172,3.1379,3.308,2.933,2.913,2.98,0.91,17.59,74.51,37.68,16.25,4704.54,3226.37,1273.87,4837.62,3520.711,9036.04,28.445,2454,788,,141.8
2021-11-19,96.031,1179.61,1.129,6.3903,0.7235,5.6102,829.9,1.264,8.9182,15.7268,1.5462,1.2214,0.5067,-1.117,-1.813,2.654,3.036,3.207,2.8725,2.928,3.01,0.92,17.91,73.39,37.13,15.99,4697.96,3219.9,1269.22,4890.06,3560.373,8970.67,27.335,2552,780,,120.37
2021-11-20,,,,,,,,,,,,,,,,,,,,,,,,,,,,,,,,,,,,,192.7
2021-11-21,,,,,,,,,,,,,,,,,,,,,,,,,,,,,,,,,,,,,87.77
2021-11-22,96.548,1184.86,1.1237,6.3907,0.7225,5.5964,811.95,1.27,8.9291,15.8582,1.6236,1.3168,0.5842,-1.011,-1.69,2.6263,3.0088,3.174,2.835,2.917,2.95,0.91,19.17,79.21,36.61,16.59,4682.94,3201.49,1261.56,4912.4,3582.08,8929.78,27.82,2645,763,,92.12
2021-11-23,96.491,1185.65,1.1248,6.3911,0.7228,5.5908,812.63,1.267,8.8978,15.8351,1.6651,1.3391,0.6142,-0.971,-1.701,2.6278,3.0291,3.187,2.8375,2.915,3.07,0.93,19.38,80.57,35.1,16.81,4690.7,3196.88,1255.39,4913.35,3589.089,8827.67,28.675,2715,753,,98.64
2021-11-24,96.875,1189.61,1.1199,6.3956,0.7196,5.6015,814.77,1.2668,8.9648,15.8891,1.6341,1.3424,0.6398,-0.998,-1.73,2.6232,3.0608,3.209,2.83,2.907,3.11,0.94,18.58,83.15,34.79,16.75,4701.46,3198.12,1253.15,4916.66,3592.702,8794.82,28.955,2654,744,,131.12
2021-11-25,96.774,1190.43,1.1209,6.3877,0.719,5.5632,821.33,1.2648,8.9723,15.9718,1.6341,1.3424,0.6398,-0.998,-1.73,2.6232,3.0608,3.215,2.83,2.888,,,,,,,,3202.44,1254.69,4896.44,3584.179,8809.72,,2678,745,,58.34
2021-11-26,96.089,1186.42,1.1317,6.3975,0.7123,5.6032,831.79,1.2791,9.0767,16.286,1.4731,1.1597,0.498,-1.093,-1.801,2.5548,2.9538,3.1,2.759,2.858,3.41,0.98,28.62,89.45,65.72,17.99,4594.62,3131.98,1223.13,4860.13,3564.089,8576.07,27.79,2767,738,,57.97
2021-11-27,,,,,,,,,,,,,,,,,,,,,,,,,,,,,,,,,,,,,44.45
2021-11-28,,,,,,,,,,,,,,,,,,,,,,,,,,,,,,,,,,,,,126.1
2021-11-29,96.341,1187.38,1.1291,6.3865,0.7143,5.6081,842.5,1.2741,9.02,16.1528,1.4987,1.15,0.4843,-1.054,-1.791,2.5419,2.9382,3.079,2.745,2.861,3.3,0.99,22.96,89.41,63.34,17.55,4655.27,3155.73,1218.99,4851.42,3562.697,8498.26,27.95,2881,731,,103.8
2021-11-30,95.994,1182.66,1.1338,6.3671,0.7127,5.6237,829.25,1.2779,9.0358,15.8859,1.4443,1.1596,0.565,-1.083,-1.652,2.5131,2.8086,2.95,2.7213,2.862,3.37,0.99,27.19,84.04,75.23,17.99,4567,3101.8,1212.42,4832.03,3563.887,8368.49,27.295,3018,721,,117.24
2021-12-01,96.028,1184.2,1.132,6.3721,0.7105,5.6808,838.8,1.2818,9.0563,16.0377,1.4037,1.1354,0.5513,-1.039,-1.579,2.4285,2.7126,2.874,2.647,2.876,3.33,1.01,31.12,82.97,78.18,18.39,4513.04,3087.98,1226.81,4843.85,3576.885,8426.24,27.005,3047,720,86.94,108.42
2021-12-02,96.156,1183.84,1.1301,6.3729,0.7094,5.6393,837.8,1.281,9.0928,15.9359,1.4443,1.2063,0.6126,-1.041,-1.552,2.4729,2.7563,2.896,2.69,2.895,3.25,1.01,27.95,82.55,57.27,18.45,4577.1,3111.17,1236.19,4856.16,3573.836,8506.36,27.79,3115,727,93.12,90.4
2021-12-03,96.117,1184.76,1.1315,6.3748,0.7001,5.6527,841.25,1.2843,9.1767,16.0809,1.343,1.132,0.5873,-1.111,-1.62,2.442,2.7507,2.891,2.6735,2.903,3.26,1,30.67,79.14,64.55,17.92,4538.43,3086.44,1224.64,4901.02,3607.432,8455.45,27.57,3171,737,106.17,219.57
2021-12-04,,,,,,,,,,,,,,,,,,,,,,,,,,,,,,,,,,,,73.32,169.9
2021-12-05,,,,,,,,,,,,,,,,,,,,,,,,,,,,,,,,,,,,86.76,173.55
2021-12-06,96.328,1185.54,1.1285,6.3748,0.705,5.686,846.53,1.2756,9.0913,15.9187,1.4342,1.2062,0.6312,-1.024,-1.58,2.4474,2.787,2.923,2.6675,2.863,3.1,0.97,27.18,87.89,56.21,17.44,4591.67,3117.31,1213.96,4892.62,3589.306,8274.77,27.98,3235,754,120.54,90.05
2021-12-07,96.369,1182.87,1.1267,6.364,0.7119,5.6097,839.28,1.2639,9.0188,15.8505,1.4733,1.2549,0.6892,-1.052,-1.609,2.5132,2.8656,3,2.734,2.88,2.9,0.95,21.89,88.14,48.15,17.02,4686.75,3184.17,1235.56,4922.1,3595.088,8527.12,28.635,3352,764,202.43,121.78
2021-12-08,95.894,1178.96,1.1343,6.3459,0.7172,5.5301,840.95,1.2654,8.8805,15.7146,1.5212,1.2744,0.6815,-1.048,-1.633,2.5585,2.907,3.042,2.782,2.889,2.94,0.95,19.9,80.29,45.22,16.48,4701.21,3196.39,1241.01,4995.93,3637.567,8522.9,28.63,3423,771,145.56,94.23
2021-12-09,96.271,1182.24,1.1293,6.3798,0.7149,5.5802,848.25,1.2713,8.9935,15.9394,1.499,1.2679,0.6877,-1.007,-1.541,2.4938,2.8101,2.936,2.71,2.884,2.99,0.96,21.58,79.54,47.43,16.7,4667.45,3172.49,1247.71,5078.69,3673.041,8657.77,28.41,3343,777,104.56,59.47
2021-12-10,96.097,1180.48,1.1313,6.3763,0.7172,5.609,842.25,1.2722,8.9488,15.9761,1.4837,1.25,0.6543,-1.01,-1.552,2.4813,2.8045,2.933,2.701,2.876,3.02,0.96,18.69,74.36,46.23,15.35,4712.02,3188.26,1238.54,5055.12,3666.348,8578.33,28.62,3272,785,,78.93
2021-12-11,,,,,,,,,,,,,,,,,,,,,,,,,,,,,,,,,,,,,84.96
2021-12-12,,,,,,,,,,,,,,,,,,,,,,,,,,,,,,,,,,,,,184.54
2021-12-13,96.317,1184.83,1.1284,6.3756,0.7131,5.676,841.63,1.2807,9.0451,16.0223,1.4156,1.2044,0.6324,-1.009,-1.523,2.4132,2.7279,2.864,2.635,2.887,3.04,0.97,20.31,76.41,45.88,15.97,4668.97,3162,1230.61,5083.8,3681.082,8551.14,27.825,3216,788,,214.47
2021-12-14,96.571,1188.09,1.1259,6.3742,0.7104,5.6895,843.7,1.2862,9.1096,16.0865,1.4411,1.2353,0.6568,-0.979,-1.46,2.408,2.6981,2.835,2.634,2.88,3.09,0.98,21.89,78.98,54.76,16.41,4634.09,3138.06,1222.1,5049.7,3661.525,8418.61,27.71,2932,795,,76.16
2021-12-15,96.511,1185.38,1.1289,6.3742,0.7169,5.6853,851.65,1.2834,9.0133,15.972,1.4565,1.2451,0.6631,-1.018,-1.526,2.4639,2.7745,2.911,2.689,2.883,3.06,0.98,19.29,74.06,56.53,15.54,4709.85,3175.11,1214.5,5005.9,3647.63,8342.91,27.575,2665,803,,103.8
2021-12-16,96.042,1179.97,1.133,6.3806,0.7184,5.6873,846.95,1.2775,8.9859,15.9431,1.4106,1.1637,0.6128,-1.052,-1.572,2.4485,2.7411,2.858,2.662,2.895,3.05,0.98,20.57,69.1,49.97,15.22,4668.67,3167.33,1223.89,5034.73,3675.016,8349.65,27.75,2498,801,,152.15
2021-12-17,96.565,1186.44,1.124,6.3872,0.7125,5.6859,844.77,1.2889,9.0342,15.8845,1.4021,1.1749,0.6376,-1.027,-1.528,2.4165,2.7064,2.832,2.626,2.895,3.08,0.98,21.57,72.46,48.31,15.07,4620.64,3139.75,1216.3,4954.76,3632.364,8218,27.185,2379,803,,130.93
2021-12-18,,,,,,,,,,,,,,,,,,,,,,,,,,,,,,,,,,,,,111.46
2021-12-19,,,,,,,,,,,,,,,,,,,,,,,,,,,,,,,,,,,,,185.69
2021-12-20,96.551,1185.35,1.1279,6.3827,0.7112,5.7378,875.18,1.294,9.046,15.7672,1.4225,1.1668,0.6317,-1.007,-1.515,2.414,2.6873,2.811,2.63,2.857,3.1,1,22.87,77.02,60.24,15.77,4568.02,3100.5,1190.08,4880.42,3593.602,8042.74,26.505,2371,804,,118.72
2021-12-21,96.491,1184.86,1.1285,6.3762,0.7155,5.7449,870.65,1.2914,8.9424,15.8514,1.4617,1.2156,0.6665,-1.03,-1.51,2.4755,2.7339,2.854,2.69,2.854,2.99,0.98,21.01,79.52,52.31,15.42,4649.23,3152.31,1203.66,4913.49,3625.125,8141.47,27.26,2294,801,,164.17
2021-12-22,96.076,1179.63,1.1326,6.3776,0.7214,5.6603,861.05,1.2836,8.8794,15.7023,1.4515,1.2156,0.6606,-1.058,-1.55,2.4963,2.7754,2.899,2.713,2.834,2.92,0.97,18.63,76.85,46,14.94,4696.56,3183.62,1209.88,4914.46,3622.618,8195.23,27.435,2229,788,,130.79
2021-12-23,96.019,1178.38,1.1327,6.3753,0.7244,5.6772,859.23,1.281,8.8184,15.6534,1.4927,1.2417,0.6881,-1.018,-1.507,2.4952,2.7607,2.875,2.705,2.823,2.83,0.96,17.96,77.29,43.71,14.62,4725.79,3206.08,1219.59,4948.74,3643.339,8204.31,27.45,2219,788,,171.54
2021-12-24,,,1.1319,6.3739,0.7221,,865.05,1.2815,8.8608,15.5452,1.4927,1.2417,0.6881,-1.018,-1.507,2.4952,2.7607,2.878,2.6588,2.825,,,,,43.71,14.62,,3206.85,1220.55,4921.35,3618.053,8201.95,,2217,786,,98.9
2021-12-25,,,,,,,,,,,,,,,,,,,,,,,,,,,,,,,,,,,,,203.29
2021-12-26,,,,,,,,,,,,,,,,,,,,,,,,,,,,,,,,,,,,,271.9
2021-12-27,96.093,1179.19,1.1328,6.375,0.7239,5.6316,857.5,1.2789,8.8436,15.5439,1.4756,1.2467,0.6987,-1.071,-1.538,2.5333,2.7957,2.915,2.742,2.814,2.71,0.94,17.68,80.12,43.58,15.44,4791.19,3237.7,1221.76,4919.32,3615.974,,28.05,,,,179.41
2021-12-28,96.202,1179.81,1.131,6.3745,0.7229,5.6275,856.13,1.2822,8.8027,15.7701,1.4807,1.245,0.75,-1.063,-1.552,2.5302,2.8053,2.92,2.732,2.801,2.75,0.93,17.54,77.52,41.23,15.06,4786.35,3239.28,1227.12,4955.96,3630.112,8194.45,28.03,,,,113.84
2021-12-29,95.929,1177.04,1.1349,6.3711,0.725,5.6932,848.95,1.2791,8.7832,15.9363,1.5496,1.2969,0.7461,-1.05,-1.606,2.5856,2.8938,3.006,2.797,2.793,2.76,0.93,16.95,78,40.24,15.13,4793.06,3243.95,1217.93,4883.48,3597,8098.76,27.85,,,,84.18
2021-12-30,95.968,1177.1,1.1325,6.3758,0.7256,5.5697,852,1.2741,8.8136,15.9295,1.5083,1.2629,0.7244,-1.119,-1.648,2.6129,2.904,2.993,2.798,2.775,2.81,0.93,17.33,77.62,40.2,14.77,4778.73,3237.07,1222.75,4921.51,3619.189,8096.44,27.68,,,,131.66
2021-12-31,95.67,1173.47,1.137,6.357,0.7263,5.5758,,1.2637,8.8183,15.9372,1.5101,1.263,0.7322,-1.099,-1.652,2.5947,2.9063,2.989,2.773,2.779,2.83,0.92,17.22,77.1,42.62,14.61,4766.18,3231.73,1232.01,4940.37,3639.775,8236.35,27.75,,,,132.09
2022-01-01,,,,,,,,,,,,,,,,,,,,,,,,,,,,,,,,,,,,63.1,169.59
2022-01-02,,,,,,,,,,,,,,,,,,,,,,,,,,,,,,,,,,,,37.86,157.01
2022-01-03,96.213,1179.5,1.1297,6.3744,0.719,5.6751,851.65,1.2745,8.8741,15.8753,1.628,1.354,0.7678,-1.032,-1.644,2.6468,2.9928,3.074,2.821,,2.78,0.93,16.6,84.08,37.57,15.34,4796.56,3241.43,1233.5,,,8188.76,28.61,,,52.34,146.6
2022-01-04,96.262,1179.92,1.1287,6.3757,0.7236,5.6852,847.63,1.2708,8.8602,15.997,1.6473,1.3573,0.7599,-0.964,-1.61,2.5966,2.962,3.036,2.764,2.791,2.85,0.92,16.91,83.11,39.48,15.33,4793.54,3248.12,1234.95,4917.77,3632.329,8180.16,29.6,2285,722,88.96,192.08
2022-01-05,96.171,1179.78,1.1314,6.3755,0.7221,5.7161,837.43,1.2756,8.8532,15.9025,1.7052,1.4293,0.8256,-0.851,-1.462,2.5425,2.8872,2.959,2.714,2.806,2.86,0.91,19.73,78.68,44.49,16.21,4700.58,3203.03,1222.74,4868.12,3595.176,8015.7,29.595,2289,711,96.48,111.08
2022-01-06,96.32,1180.73,1.1297,6.3944,0.7162,5.6856,837.25,1.2729,8.898,15.7418,1.7211,1.4687,0.8656,-0.797,-1.361,2.5034,2.8275,2.899,2.672,2.823,2.93,0.92,19.61,77.73,36.86,15.87,4696.05,3184.62,1217.07,4818.23,3586.079,8068.93,30.255,2296,711,70.01,235.1
2022-01-07,95.719,1174.63,1.136,6.3829,0.7181,5.6342,828.65,1.2643,8.8347,15.5806,1.762,1.4987,0.8621,-0.773,-1.325,2.5204,2.8216,2.895,2.696,2.819,2.98,0.92,18.76,74.69,37,15.04,4677.03,3177.54,1226.1,4822.37,3579.543,8231.28,30.67,2289,705,118.96,57.41
2022-01-08,,,,,,,,,,,,,,,,,,,,,,,,,,,,,,,,,,,,38.28,139.45
2022-01-09,,,,,,,,,,,,,,,,,,,,,,,,,,,,,,,,,,,,63.7,115.26
2022-01-10,95.991,1176.18,1.1326,6.3806,0.717,5.6701,835.92,1.2679,8.868,15.6756,1.7603,1.5186,0.8944,-0.771,-1.308,2.5178,2.8217,2.902,2.69,2.806,3.02,0.94,19.4,78.12,37.65,15.56,4670.29,3166.14,1232.27,4844.05,3593.519,8365.37,30.575,2277,704,130.01,120.25
2022-01-11,95.624,1172.67,1.1367,6.3774,0.721,5.573,828.85,1.2575,8.7958,15.525,1.7357,1.499,0.8825,-0.856,-1.423,2.5792,2.9205,2.989,2.744,2.801,2.93,0.94,18.41,77.85,34.31,15.21,4713.07,3193.39,1243.04,4797.77,3567.441,8369.01,31.615,2151,698,188.91,77.55
2022-01-12,94.915,1165.35,1.1442,6.3626,0.7284,5.5203,823.53,1.2509,8.662,15.3084,1.7428,1.5189,0.9189,-0.773,-1.336,2.5044,2.8553,2.924,2.672,2.794,2.86,0.94,17.62,74.55,34.39,15.32,4726.35,3214.19,1267.34,4845.58,3597.432,8612.85,31.675,2027,694,78.21,91.97
2022-01-13,94.79,1164.92,1.1455,6.3645,0.7283,5.5289,817.7,1.252,8.7167,15.4053,1.7041,1.4728,0.8929,-0.777,-1.348,2.4705,2.8209,2.881,2.632,2.79,2.93,0.96,20.31,72.57,37.11,15.17,4659.03,3182.06,1263.3,4765.92,3555.259,8602.38,31.515,1873,698,170.65,57.28
2022-01-14,95.165,1167.34,1.1411,6.3578,0.7208,5.528,819.75,1.2552,8.7635,15.3899,1.7841,1.5577,0.9668,-0.701,-1.281,2.4759,2.8385,2.892,2.635,2.793,2.93,0.96,19.19,76.59,41.18,14.73,4662.85,3173.12,1257.46,4726.73,3521.256,8554.79,32.255,1764,698,133.57,73.63
2022-01-15,,,,,,,,,,,,,,,,,,,,,,,,,,,,,,,,,,,,71.06,169.9
2022-01-16,,,,,,,,,,,,,,,,,,,,,,,,,,,,,,,,,,,,46.01,507.73
2022-01-17,95.258,1168.32,1.1408,6.3512,0.7217,5.523,822.8,1.2516,8.736,15.3855,1.7841,1.5577,0.9668,-0.701,-1.281,2.4759,2.8377,2.885,2.635,2.786,,,,,,,,3176.19,1254.4,4767.28,3541.666,8463.88,,1731,697,109.27,174.94
2022-01-18,95.732,1173.36,1.1325,6.3606,0.7185,5.5681,819.07,1.2514,8.8085,15.5209,1.8735,1.6578,1.0425,-0.618,-1.174,2.4819,2.8327,2.879,2.64,2.745,2.95,0.96,22.79,84.63,42.28,15.09,4577.11,3124.21,1241.58,4813.35,3569.914,8449,32.385,1644,694,138.82,77
2022-01-19,95.51,1170.94,1.1343,6.3511,0.7211,5.4461,809.6,1.2515,8.7874,15.332,1.8646,1.648,1.0572,-0.591,-1.141,2.4471,2.7876,2.841,2.614,2.733,2.95,0.97,23.85,80.14,42.75,15.64,4532.76,3098.6,1239.83,4780.38,3558.18,8441.69,32.15,1570,692,153.56,71.25
2022-01-20,95.735,1173.32,1.1312,6.347,0.7226,5.4372,802.25,1.2503,8.8353,15.2181,1.804,1.5865,1.0249,-0.624,-1.164,2.42,2.7497,2.801,2.587,2.725,2.98,0.98,25.59,80.96,41.15,15.09,4482.73,3082.25,1255.74,4823.51,3555.063,8761.56,31.855,1474,691,136.37,72.93
2022-01-21,95.642,1171.72,1.1344,6.3414,0.7185,5.4515,798.15,1.2581,8.9062,15.1042,1.7581,1.5571,1.0014,-0.609,-1.214,2.369,2.7697,2.826,2.624,2.707,3.12,1,28.85,81.03,42.57,15.2,4397.94,3025.1,1244.31,4779.31,3522.568,8787.3,31.225,1415,692,185.75,126.04
2022-01-22,,,,,,,,,,,,,,,,,,,,,,,,,,,,,,,,,,,,145.81,52.51
2022-01-23,,,,,,,,,,,,,,,,,,,,,,,,,,,,,,,,,,,,106.86,122.72
2022-01-24,95.918,1175.44,1.1326,6.3337,0.7145,5.4909,807.9,1.2638,8.9571,15.2614,1.7706,1.5472,0.971,-0.646,-1.271,2.4184,2.8168,2.881,2.68,2.677,3.21,1.02,29.9,83.77,47.84,16.3,4410.13,3005.52,1222.16,4786.74,3524.105,8658.11,31.435,1391,692,185.8,273.48
2022-01-25,95.948,1176.03,1.1301,6.3311,0.7151,5.4412,800.05,1.2629,8.9394,15.232,1.7689,1.5541,1.0174,-0.642,-1.276,2.4127,2.8269,2.896,2.675,2.697,3.24,1.01,31.16,84.57,47.63,16.47,4356.45,2975.48,1210.45,4678.45,3433.061,8503.35,32.655,1343,691,291.58,190.88
2022-01-26,96.478,1181.87,1.124,6.3355,0.7115,5.4423,801.75,1.267,8.9418,15.3385,1.8637,1.6844,1.1504,-0.537,-1.128,2.4032,2.8047,2.871,2.66,2.717,3.15,1,31.96,85.75,45.67,16.42,4349.93,2979.7,1211.45,4712.31,3455.668,8512.29,32.6,1296,682,260.34,146.78
2022-01-27,97.255,1189.71,1.1145,6.3685,0.7033,5.4105,806.07,1.2742,8.9496,15.4616,1.7994,1.6583,1.1882,-0.627,-1.175,2.4295,2.8282,2.887,2.677,2.73,3.32,1.04,30.49,85.62,46.9,17.15,4326.51,2955.34,1192.06,4619.88,3394.247,8291.3,32.955,1302,685,265.01,164.89
2022-01-28,97.27,1190.16,1.1151,6.3678,0.6988,5.3818,813.22,1.277,8.9791,15.5999,1.7694,1.6127,1.1623,-0.69,-1.246,2.4617,2.8586,2.911,2.705,2.711,3.45,1.06,27.66,85.29,47.74,17.12,4431.85,3005.63,1191.14,4563.77,3361.44,8210.29,32.815,1381,687,182.23,129.34
2022-01-29,,,,,,,,,,,,,,,,,,,,,,,,,,,,,,,,,,,,217.44,126.32
2022-01-30,,,,,,,,,,,,,,,,,,,,,,,,,,,,,,,,,,,,63.53,179.99
2022-01-31,96.54,1183.37,1.1235,6.3707,0.7067,5.3102,800.62,1.2708,8.8963,15.3866,1.7767,1.6094,1.1787,-0.708,-1.28,2.4864,2.8879,2.937,2.724,,3.42,1.06,24.83,85.14,42.35,16.7,4515.55,3059.05,1208.23,,,8349.95,32.96,1418,689,142.99,184.81
2022-02-01,96.385,1179.33,1.1272,6.3691,0.7129,5.2689,803.25,1.2687,8.8357,15.2633,1.7875,1.6177,1.1651,-0.649,-1.225,2.4386,2.8409,2.878,2.665,,3.32,1.05,21.96,85.22,41.31,16.5,4546.54,3086.62,1214.01,,,,34.135,1440,685,190.59,143.53
2022-02-02,95.936,1176.65,1.1305,6.3579,0.7137,5.2656,811.38,1.2669,8.8034,15.3383,1.7751,1.6079,1.1535,-0.65,-1.228,2.4272,2.8331,2.862,2.639,,3.26,1.05,22.09,84.85,41.86,15.66,4589.38,3113.84,1213.23,,,,34.245,1419,682,250.32,101.01
2022-02-03,95.379,1173.75,1.144,6.3536,0.7141,5.2874,818.25,1.2678,8.7082,15.2601,1.8306,1.6704,1.1959,-0.577,-1.144,2.4083,2.8119,2.82,2.616,,3.33,1.06,24.35,85.74,42.15,16.01,4477.44,3052.5,1210.27,,,,33.92,1425,679,176.29,93.56
2022-02-04,95.485,1175.59,1.1449,6.3635,0.7072,5.3259,827.75,1.2757,8.7979,15.4622,1.9085,1.7682,1.3099,-0.501,-1.048,2.4119,2.8152,2.819,2.609,,3.42,1.08,23.22,87.68,43.88,15.53,4500.53,3061.46,1221.1,,,8584.37,34.45,1423,679,92.57,171.57
2022-02-05,,,,,,,,,,,,,,,,,,,,,,,,,,,,,,,,,,,,47.57,111.26
2022-02-06,,,,,,,,,,,,,,,,,,,,,,,,,,,,,,,,,,,,78.25,121.68
2022-02-07,95.399,1174.06,1.1442,6.3626,0.7126,5.2556,824.8,1.2667,8.7757,15.5066,1.9159,1.765,1.2903,-0.493,-1.04,2.4102,2.7997,2.807,2.61,2.724,3.45,1.07,22.86,87.44,43.34,16.15,4483.87,3059.44,1219.33,4634.09,3429.581,8589.53,34.89,1422,682,195.15,97.27
2022-02-08,95.643,1175.64,1.1415,6.3661,0.7146,5.2586,827.64,1.2708,8.8259,15.3504,1.9632,1.8167,1.3414,-0.466,-0.999,2.4293,2.8124,2.814,2.617,2.723,3.43,1.07,21.44,82.72,41.26,15.86,4521.54,3077.13,1219.81,4608.77,3452.629,8513.3,34.14,1503,681,158.39,115.82
2022-02-09,95.494,1173.97,1.1425,6.3631,0.7179,5.2347,812.91,1.267,8.8106,15.2126,1.9415,1.8168,1.3644,-0.504,-1.001,2.4463,2.8206,2.823,2.634,2.73,3.34,1.05,19.96,81.76,39.4,15.63,4587.18,3124.93,1239.79,4652.06,3479.946,8723.33,34.425,1711,682,117.18,83.48
2022-02-10,95.553,1175.79,1.1428,6.3636,0.7167,5.2497,805.65,1.2719,8.8152,15.17,2.0294,1.9507,1.5786,-0.421,-0.889,2.4525,2.8527,2.858,2.646,2.764,3.35,1.06,23.91,88.52,43.81,15.92,4504.08,3087.98,1251.09,4639.86,3485.907,8789.92,34.21,1940,681,108.54,84.38
2022-02-11,96.082,1178.23,1.135,6.3655,0.7137,5.249,808.65,1.2737,8.8646,15.212,1.9371,1.8542,1.4997,-0.536,-1.053,2.4766,2.9199,2.925,2.676,2.788,3.67,1.08,27.36,94.03,47.44,17.81,4418.64,3039.18,1240.51,4601.4,3462.948,8784.39,35.205,1977,687,179.28,67.68
2022-02-12,,,,,,,,,,,,,,,,,,,,,,,,,,,,,,,,,,,,131.99,85.27
2022-02-13,,,,,,,,,,,,,,,,,,,,,,,,,,,,,,,,,,,,118,155.44
2022-02-14,96.374,1179.9,1.1307,6.3575,0.7127,5.2189,813.63,1.273,8.8876,15.1311,1.9875,1.9114,1.5744,-0.52,-1.052,2.5095,2.9852,3,2.711,2.798,3.57,1.09,28.33,102.28,48.83,18.95,4401.67,3011.45,1220.42,4551.69,3428.882,8618.48,34.375,1984,690,191.89,201.81
2022-02-15,95.989,1176.9,1.1359,6.3366,0.7152,5.1692,801.53,1.2718,8.9052,15.1089,2.0434,1.9401,1.5774,-0.439,-0.985,2.484,2.9449,2.966,2.689,2.798,3.52,1.08,25.7,94,48.36,17.7,4471.07,3054.26,1229.05,4600.1,3446.089,8528.27,34.015,1968,691,229.06,109.46
2022-02-16,95.701,1173.4,1.1373,6.3324,0.7195,5.1293,799.53,1.2687,8.8812,14.9917,2.0382,1.9185,1.5208,-0.428,-0.981,2.4681,2.9154,2.931,2.68,2.785,3.54,1.12,24.29,92.74,49.38,18.07,4475.01,3060.29,1244.19,4617.99,3465.831,8678.94,34.29,1896,692,223.47,73.91
2022-02-17,95.8,1173.43,1.1361,6.3346,0.7187,5.1697,795.67,1.2708,8.9214,14.9929,1.9615,1.8399,1.4662,-0.49,-1.082,2.4528,2.9407,2.934,2.652,2.783,3.63,1.15,28.11,96.17,53.14,19.79,4380.26,3009.09,1242.92,4629.17,3468.035,8711.4,34.235,1886,694,228.45,107.1
2022-02-18,96.043,1175.47,1.1322,6.3248,0.7177,5.1388,801.8,1.2752,8.9931,15.1346,1.9286,1.8205,1.4654,-0.508,-1.097,2.4393,2.9345,2.927,2.636,2.81,3.65,1.18,27.75,94.36,52.01,18.54,4348.87,2983.59,1231.77,4651.24,3490.757,8537.97,34.025,1964,699,226.35,180.25
2022-02-19,,,,,,,,,,,,,,,,,,,,,,,,,,,,,,,,,,,,140.16,139.8
2022-02-20,,,,,,,,,,,,,,,,,,,,,,,,,,,,,,,,,,,,83.28,133.87
2022-02-21,96.078,1174.95,1.1311,6.3263,0.719,5.1064,798.75,1.2753,9.0104,15.1502,1.9286,1.8205,1.4654,-0.508,-1.097,2.4393,2.9339,2.929,2.636,2.849,,,,,,,,2975.91,1219.46,4634.31,3490.612,8455.99,,2045,706,152.37,114.2
2022-02-22,96.025,1175.31,1.1325,6.3239,0.7219,5.0598,793.04,1.277,8.899,15.0742,1.939,1.8626,1.5491,-0.532,-1.095,2.4732,2.9782,2.97,2.667,2.839,3.61,1.19,28.81,95.54,50.11,17.93,4304.76,2949.64,1206.63,4574.15,3457.146,8270.69,33.475,2148,715,279.43,180.27
2022-02-23,96.19,1175.42,1.1307,6.3121,0.7234,5.0065,790.18,1.2734,8.8914,15.1359,1.9912,1.9032,1.6016,-0.576,-1.225,2.5677,3.1431,3.144,2.774,2.81,3.59,1.21,31.02,95.15,50.51,17.69,4225.5,2909.33,1206.86,4623.05,3489.146,8317.22,33.82,2244,725,431.02,89.64
2022-02-24,97.137,1185.41,1.1192,6.3229,0.7163,5.1184,819.38,1.2816,8.9632,15.3478,1.9633,1.8619,1.5797,-0.617,-1.278,2.5831,3.1571,3.16,2.801,2.805,3.72,1.24,30.32,100.75,49.04,18.12,4288.7,2905.94,1154.86,4529.32,3429.956,8030.9,33.555,2187,904,370.7,156.68
2022-02-25,96.615,1179.63,1.1268,6.3141,0.7226,5.1522,802.25,1.2713,8.8331,15.1563,1.9617,1.8651,1.5697,-0.594,-1.219,2.5584,3.1063,3.121,2.814,2.789,3.53,1.21,27.59,93.34,49.5,18.4,4384.65,2980.2,1171.99,4573.43,3451.406,7991.64,34.44,2076,1147,515.89,161.59
2022-02-26,,,,,,,,,,,,,,,,,,,,,,,,,,,,,,,,,,,,398.59,175.73
2022-02-27,,,,,,,,,,,,,,,,,,,,,,,,,,,,,,,,,,,,202.09,160.39
2022-02-28,96.707,1180.52,1.1219,6.314,0.7263,,798.58,1.2675,8.8105,15.3756,1.825,1.7177,1.4323,-0.795,-1.412,2.6218,3.1505,3.165,2.89,2.79,3.59,1.22,30.15,100.4,52.5,20.97,4373.94,2977.95,1171.31,4581.65,3462.306,8023.93,35.29,2040,1343,452.62,167.06
2022-03-01,97.409,1185.92,1.1125,6.319,0.7252,,807.47,1.2743,8.8836,15.4207,1.7275,1.594,1.3407,-0.968,-1.678,2.6966,3.2919,3.334,2.957,2.821,3.71,1.24,33.32,118.26,61.43,22.7,4306.26,2930.77,1176.43,4619.69,3488.835,8053.04,35.645,2069,1449,540.83,188.05
2022-03-02,97.385,1184.8,1.1119,6.3233,0.7297,5.102,805.05,1.2631,8.8521,15.3176,1.8767,1.7552,1.512,-0.85,-1.538,2.7294,3.3112,3.341,2.991,2.832,3.55,1.24,30.74,110.28,61.53,21.85,4386.54,2964.24,1168.41,4578.6,3484.192,7908.18,36.46,2137,1466,523.52,134.88
2022-03-03,97.785,1188.26,1.1066,6.3225,0.7329,5.0273,796.25,1.2681,8.9163,15.1984,1.8405,1.7322,1.53,-0.849,-1.482,2.6911,3.2351,3.256,2.923,2.845,3.58,1.25,30.48,115.18,64.37,22.94,4363.49,2942.45,1172.56,4551.63,3481.113,7900.04,36.56,2104,1497,436.82,204.82
2022-03-04,98.648,1194.89,1.0928,6.3252,0.737,5.0648,805.63,1.2731,8.9543,15.3903,1.7307,1.6372,1.4759,-0.966,-1.599,2.6995,3.2622,3.291,2.933,2.824,3.76,1.3,31.98,131.82,77.29,26.29,4328.87,2896.52,1144.91,4496.43,3447.649,7686.87,37.615,2148,1474,350.07,219.09
2022-03-05,,,,,,,,,,,,,,,,,,,,,,,,,,,,,,,,,,,,322.36,212.98
2022-03-06,,,,,,,,,,,,,,,,,,,,,,,,,,,,,,,,,,,,197.62,142.22
2022-03-07,99.293,1204.33,1.0854,6.327,0.7317,5.0976,813.16,1.282,9.0555,15.3572,1.7734,1.704,1.5503,-1.071,-1.7,2.847,3.4306,3.45,3.079,2.837,3.87,1.37,36.45,140.03,78.91,29.67,4201.09,2819.54,1107.3,4352.78,3372.855,7412.59,38.17,2235,1517,362.31,164.7
2022-03-08,99.062,1205.23,1.0899,6.3258,0.7269,5.0643,810.35,1.2885,8.9888,15.3006,1.8456,1.7761,1.5987,-1.078,-1.72,2.9255,3.5221,3.534,3.141,2.84,3.92,1.42,35.13,133.37,75.82,31.7,4170.7,2797.7,1096.05,4265.39,3293.53,7237.8,38.77,2352,1424,352.11,165.06
2022-03-09,97.968,1194.29,1.1076,6.3233,0.7322,5.0117,804.83,1.2809,8.9109,15.0001,1.9531,1.8783,1.6798,-0.921,-1.541,2.8759,3.4453,3.431,3.067,2.859,3.84,1.38,32.45,110.9,73.25,28.01,4277.88,2881.78,1090.67,4226.35,3256.388,7189.58,37.585,2558,1349,295.31,142.59
2022-03-10,98.507,1198.54,1.0986,6.3272,0.7358,5.0188,803.25,1.2769,8.9577,15.0446,1.9864,1.923,1.6963,-0.894,-1.561,2.8851,3.5088,3.488,3.096,2.857,3.89,1.41,30.23,105.31,67.34,26.08,4259.52,2871.52,1102.74,4292.84,3296.092,7255.82,38.735,2704,1333,352.4,150.53
2022-03-11,99.124,1204.27,1.0912,6.358,0.7293,5.075,804.65,1.2744,9.0066,15.0412,1.9917,1.9463,1.748,-0.978,-1.647,2.9728,3.6228,3.591,3.161,2.795,3.94,1.43,30.75,99.03,68.01,24.73,4204.31,2840.05,1085.66,4306.52,3309.747,7060.6,38.425,2718,1312,410.33,232.96
2022-03-12,,,,,,,,,,,,,,,,,,,,,,,,,,,,,,,,,,,,298.71,174.06
2022-03-13,,,,,,,,,,,,,,,,,,,,,,,,,,,,,,,,,,,,181.01,352.88
2022-03-14,98.999,1206.7,1.094,6.395,0.7188,5.1195,813.13,1.2824,9.0442,15.1282,2.133,2.0899,1.8609,-0.815,-1.479,2.9502,3.5966,3.554,3.124,2.769,4.08,1.45,31.77,105.08,65.42,24.08,4173.11,2826.49,1055.01,4174.76,3223.533,6555.55,37.275,2727,1297,350.11,222.54
2022-03-15,99.097,1205.37,1.0956,6.3816,0.7196,5.1637,811.05,1.2765,9.0066,15.1097,2.1437,2.1051,1.8491,-0.713,-1.385,2.8583,3.5169,3.474,3.036,2.819,4.11,1.43,29.83,101.03,63.62,23.8,4262.45,2865.89,1026.77,3983.81,3063.965,6123.94,35.91,2689,1279,311.88,154.33
2022-03-16,98.618,1197.4,1.1035,6.3637,0.729,5.0781,799.46,1.2677,8.8915,14.9191,2.1849,2.181,1.9379,-0.616,-1.206,2.8033,3.4156,3.373,2.964,2.804,3.86,1.36,26.67,100.57,59.35,22.51,4357.86,2936.33,1081,4156.08,3170.71,6889.45,35.745,2591,1268,473.22,216.66
2022-03-17,97.974,1192.64,1.1091,6.3631,0.7376,5.0393,799.85,1.2628,8.8002,14.9223,2.1706,2.144,1.9138,-0.766,-1.465,2.9389,3.6414,3.598,3.108,2.8,3.69,1.27,25.67,91.76,67.78,22.23,4411.67,2981.31,1120.93,4237.7,3215.044,7407.57,36.975,2588,1225,290.33,137.82
2022-03-18,98.233,1192.97,1.1051,6.367,0.7415,5.0233,804,1.2603,8.7437,14.9694,2.1494,2.1428,1.9362,-0.751,-1.412,2.9027,3.5916,3.566,3.093,2.81,3.7,1.27,23.87,91.77,69.09,22,4463.12,3010.59,1122.98,4265.9,3251.073,7366.42,36.94,2605,1127,285.32,171.27
2022-03-19,,,,,,,,,,,,,,,,,,,,,,,,,,,,,,,,,,,,175.89,100.89
2022-03-20,,,,,,,,,,,,,,,,,,,,,,,,,,,,,,,,,,,,130.76,161.71
2022-03-21,98.498,1195.78,1.1016,6.3711,0.74,4.936,793.88,1.2593,8.7453,14.9098,2.2896,2.3209,2.1153,-0.629,-1.281,2.9214,3.6439,3.596,3.082,2.817,3.53,1.25,23.53,101.94,70.78,21.89,4461.18,3010.08,1115.26,4258.75,3253.686,7244.48,38.065,2589,1105,227.74,239.83
2022-03-22,98.493,1194.47,1.1029,6.3765,0.747,4.9103,792.85,1.257,8.7604,14.8097,2.3825,2.3996,2.1641,-0.545,-1.187,2.9294,3.6272,3.577,3.091,2.836,3.52,1.21,22.94,105.38,69.56,20.58,4511.61,3040.37,1131.41,4255.3,3259.862,7538.55,37.785,2546,1092,244.84,137.53
2022-03-23,98.622,1195.82,1.1004,6.389,0.7499,4.8267,793.05,1.2562,8.69,14.7618,2.2917,2.3179,2.0961,-0.678,-1.336,2.9726,3.6968,3.649,3.141,2.831,3.58,1.23,23.57,105.72,72.59,23.41,4456.24,3012.79,1140.72,4276.52,3271.032,7635.13,38.435,2575,1093,267.47,116.56
2022-03-24,98.789,1196.78,1.0997,6.3832,0.7513,4.8268,788.36,1.2526,8.674,14.5253,2.3718,2.3985,2.1387,-0.571,-1.213,2.9441,3.6553,3.599,3.104,2.807,3.52,1.23,21.67,113.14,69.14,24.07,4520.16,3041.48,1136.95,4251.31,3250.264,7528.14,38.53,2567,1093,317.01,128.23
2022-03-25,98.789,1195.84,1.0983,6.3838,0.7515,4.7429,778.1,1.2477,8.6091,14.5417,2.4731,2.5456,2.2696,-0.503,-1.14,2.9816,3.7305,3.673,3.144,2.8,3.41,1.21,20.81,125.27,68.91,24.68,4543.06,3049.11,1125.01,4174.57,3212.24,7283.92,39.375,2544,1112,350.74,209.01
2022-03-26,,,,,,,,,,,,,,,,,,,,,,,,,,,,,,,,,,,,275.09,204.08
2022-03-27,,,,,,,,,,,,,,,,,,,,,,,,,,,,,,,,,,,,189.29,396.7
2022-03-28,99.091,1200.84,1.0985,6.3868,0.7489,4.7657,778.96,1.2518,8.7194,14.6914,2.4585,2.5564,2.3277,-0.492,-1.032,2.9535,3.6397,3.599,3.135,2.793,3.42,1.2,19.63,129.28,67.04,23.2,4575.52,3061.63,1124.82,4148.47,3214.503,7396.25,38.4,2484,1141,281.92,322.1
2022-03-29,98.404,1193.44,1.1086,6.3755,0.7509,4.7578,779.9,1.2497,8.6734,14.5366,2.3944,2.4983,2.3646,-0.467,-0.952,2.8638,3.504,3.465,3.037,2.789,3.26,1.16,18.9,117.92,62.46,21.28,4631.6,3110.81,1136.45,4134.14,3203.939,7513,38.3,2417,1163,233.36,193.93
2022-03-30,97.792,1188.14,1.1159,6.3598,0.7509,4.7715,789.05,1.2481,8.5687,14.4748,2.3488,2.4382,2.3063,-0.536,-1.027,2.8876,3.5185,3.478,3.068,2.777,3.24,1.16,19.33,112.98,61.04,21.08,4602.45,3096.67,1149.3,4254.1,3266.596,7609.37,38.745,2369,1223,233.51,105.19
2022-03-31,98.312,1191.77,1.1067,6.3547,0.7482,4.7417,786.05,1.2505,8.7923,14.6115,2.338,2.4599,2.3345,-0.488,-0.909,2.8288,3.4252,3.384,3.023,2.787,3.25,1.16,20.56,106.88,57.66,20.25,4530.41,3053.07,1141.79,4222.6,3252.203,7525.89,38.22,2358,1279,254.81,81.85
2022-04-01,98.632,1193.84,1.1043,6.3678,0.7496,4.6592,782.42,1.2522,8.7477,14.6648,2.3822,2.5587,2.4564,-0.435,-0.769,2.8202,3.3936,3.361,3.013,2.777,3.2,1.15,19.63,108.34,54.36,19.08,4545.86,3057.07,1145.85,4276.16,3282.717,7537.16,38.53,2357,1321,188.16,114.29
2022-04-02,,,,,,,,,,,,,,,,,,,,,,,,,,,,,,,,,,,,188.16,160.34
2022-04-03,,,,,,,,,,,,,,,,,,,,,,,,,,,,,,,,,,,,239.78,65.82
2022-04-04,99,1195.85,1.0972,6.3741,0.7543,4.5928,779.6,1.2485,8.7178,14.587,2.3951,2.5503,2.4221,-0.408,-0.761,2.8056,3.3735,3.357,3,,3.13,1.11,18.57,108.37,54.31,19.22,4582.64,3081.38,1161.65,,,7770.98,38.58,2307,1369,163.02,115.67
2022-04-05,99.472,1200.86,1.0905,6.3775,0.7579,4.6517,786.74,1.2487,8.7564,14.6728,2.5469,2.6955,2.5139,-0.31,-0.662,2.8572,3.416,3.408,3.033,,3.09,1.09,21.03,116.37,53.8,18.47,4525.12,3049.39,1156.75,,,,37.975,2213,1469,212.42,126.89
2022-04-06,99.599,1203.36,1.0896,6.359,0.7512,4.716,800.03,1.2544,8.8029,14.6657,2.5975,2.682,2.4714,-0.237,-0.638,2.8378,3.3713,3.357,3.024,2.759,3.27,1.13,22.1,123.92,53.15,18.88,4481.15,3012.24,1142.5,4263.84,3283.426,7608.8,38.2,2128,1547,175.75,168.21
2022-04-07,99.751,1206.02,1.0879,6.3632,0.748,4.7536,805.93,1.2591,8.804,14.7437,2.6578,2.7076,2.4595,-0.184,-0.617,2.8436,3.3711,3.353,3.037,2.743,3.34,1.13,21.55,122.67,54.23,18.43,4500.21,3014.08,1126.06,4209.1,3236.695,7495.54,38.7,2061,1653,243.42,171.04
2022-04-08,99.796,1206.51,1.0877,6.3699,0.7458,4.6988,814.7,1.2572,8.6993,14.6457,2.7,2.7538,2.5115,-0.183,-0.641,2.8881,3.4372,3.443,3.096,2.759,3.38,1.16,21.16,124.86,53.14,18.37,4488.28,3012.19,1127.93,4230.77,3251.85,7490.37,39.765,2055,1677,219.48,124.74
2022-04-09,,,,,,,,,,,,,,,,,,,,,,,,,,,,,,,,,,,,178.67,92.39
2022-04-10,,,,,,,,,,,,,,,,,,,,,,,,,,,,,,,,,,,,148.98,324.04
2022-04-11,99.932,1208.21,1.0884,6.3884,0.7417,4.6967,817.33,1.263,8.8174,14.5698,2.7801,2.7881,2.4975,-0.149,-0.677,2.931,3.5007,3.507,3.134,2.771,3.52,1.19,24.37,129.87,54.81,19.25,4412.53,2972.4,1111.76,4100.07,3167.126,7208.49,38.57,2031,1730,195.23,241.25
2022-04-12,100.292,1209.25,1.0828,6.3765,0.7456,4.675,805.88,1.2644,8.7716,14.5096,2.7213,2.6893,2.4054,-0.151,-0.699,2.8752,3.4146,3.419,3.075,2.773,3.58,1.22,24.26,117.79,55.25,19.37,4397.45,2959.78,1110.4,4179.97,3213.33,7264.43,39.21,2035,1744,226.25,103.12
2022-04-13,99.875,1205.49,1.0888,6.3778,0.7451,4.691,805.65,1.2567,8.7532,14.5643,2.6987,2.652,2.3481,-0.127,-0.688,2.8288,3.3632,3.364,3.021,2.765,3.54,1.23,21.82,116.33,51.2,18.7,4446.59,2985.07,1119.32,4139.74,3186.824,7314.82,39.795,2068,1728,258.88,90.43
2022-04-14,100.321,1211.33,1.0828,6.3898,0.7419,4.7014,816.55,1.2603,8.7831,14.663,2.8275,2.7872,2.4539,-0.081,-0.635,2.9108,3.4459,3.458,3.108,2.761,3.49,1.21,22.7,119.66,53.38,17.71,4392.59,2960.64,1117.36,4191.57,3225.641,7385.58,39.925,2137,1714,265.66,142.29
2022-04-15,100.5,,1.081,6.3815,0.7395,,,1.261,8.8166,14.6254,2.8275,2.7872,2.4539,-0.081,-0.635,2.9108,3.4459,3.449,3.11,2.791,,,,,,,,2959.67,1112.9,4188.75,3211.245,,,,,168.44,98.36
2022-04-16,,,,,,,,,,,,,,,,,,,,,,,,,,,,,,,,,,,,166.67,85.21
2022-04-17,,,,,,,,,,,,,,,,,,,,,,,,,,,,,,,,,,,,151.43,105.38
2022-04-18,100.781,1214.86,1.0782,6.3777,0.7349,4.6531,816.92,1.2614,8.8686,14.6538,2.8527,2.789,2.448,-0.092,-0.659,2.9477,3.4709,3.483,3.14,2.811,3.52,1.23,22.17,122.32,50.94,19.07,4391.69,2954.15,1106.68,4166.38,3195.524,,40.51,,,218.63,93.03
2022-04-19,100.961,1219.56,1.0788,6.4192,0.7374,4.6681,820.08,1.2618,8.8371,14.9858,2.9361,2.9165,2.5915,-0.004,-0.516,2.9432,3.4559,3.483,3.147,2.823,3.45,1.25,21.37,122.74,50.34,18.19,4462.21,2984.7,1096,4134.9,3194.029,7167.67,40.18,2115,1680,213.52,276.08
2022-04-20,100.39,1212.05,1.0853,6.4449,0.745,4.6221,814.55,1.2499,8.8091,15.0331,2.832,2.8615,2.5753,-0.114,-0.593,2.9489,3.481,3.505,3.152,2.844,3.47,1.25,20.32,125.12,52.23,18.15,4459.45,2994.64,1095.63,4070.79,3151.05,7098.29,40.335,2142,1589,189.61,95.07
2022-04-21,100.578,1217.18,1.0834,6.4808,0.7374,,825.55,1.2581,8.8886,15.3802,2.9095,2.9741,2.6822,-0.124,-0.636,3.0367,3.6382,3.648,3.23,2.826,3.45,1.28,22.68,130.69,49.86,18.22,4393.66,2959.92,1086.93,3995.83,3079.808,6962.2,39.055,2239,1518,128.26,89.05
2022-04-22,101.22,1225.28,1.079,6.5262,0.7244,4.7961,836.76,1.271,8.9621,15.6082,2.8987,2.9314,2.6672,-0.084,-0.43,2.9846,3.3631,3.6155,3.183,2.846,3.55,1.32,28.21,128.12,51.15,18.97,4271.78,2882.45,1075.6,4013.25,3086.919,6972.38,38.1,2307,1465,246.8,148.56
2022-04-23,,,,,,,,,,,,,,,,,,,,,,,,,,,,,,,,,,,,134.42,112.1
2022-04-24,,,,,,,,,,,,,,,,,,,,,,,,,,,,,,,,,,,,50.45,131.87
2022-04-25,101.752,1229.33,1.0713,6.5721,0.7178,4.877,844.95,1.2735,9.1227,15.6761,2.8198,2.859,2.6257,-0.08,-0.414,2.9041,3.2751,3.5124,3.1288,2.818,3.65,1.32,27.02,131.63,52.86,19.47,4296.12,2877.71,1046.04,3814.91,2928.512,6684.73,36.84,2356,1382,246.9,126.9
2022-04-26,102.303,1235.97,1.0638,6.5898,0.7123,4.9981,843.43,1.2826,9.251,15.8488,2.7205,2.7335,2.4773,-0.154,-0.533,2.8771,3.268,3.4843,3.0838,2.83,3.75,1.32,33.52,129.27,53.57,19.23,4175.2,2811,1049.39,3784.12,2886.426,6747.42,36.89,2404,1296,160.54,130.06
2022-04-27,102.954,1241.79,1.0557,6.5868,0.7126,4.9665,847.81,1.2819,9.3293,15.8913,2.8318,2.83,2.591,-0.069,-0.479,2.9023,3.3111,3.5289,3.1142,2.845,3.75,1.33,31.6,130.11,53.38,19.16,4183.96,2807.51,1043.74,3895.54,2958.282,6786.02,37.43,2425,1234,186.7,69.39
2022-04-28,103.623,1249.09,1.0499,6.6597,0.7097,4.9418,857.28,1.2808,9.4197,16.0329,2.8224,2.8395,2.6173,-0.15,-0.555,2.9749,3.399,3.5929,3.19,2.847,3.76,1.35,29.99,128.74,51.94,19,4287.5,2861.55,1053.82,3921.11,2975.485,6918.62,38.565,2403,1245,176.38,80.21
2022-04-29,102.959,1244.98,1.0545,6.6404,0.7061,4.9721,851,1.2848,9.3816,15.7892,2.9336,2.9549,2.7146,-0.001,-0.391,2.9388,3.3481,3.5551,3.1413,2.839,3.79,1.35,33.4,128.4,53.1,19.83,4131.93,2795.62,1076.19,4016.24,3047.063,7298.69,37.575,2404,1253,148.94,126.12
2022-04-30,,,,,,,,,,,,,,,,,,,,,,,,,,,,,,,,,,,,168.44,281.5
2022-05-01,,,,,,,,,,,,,,,,,,,,,,,,,,,,,,,,,,,,66.92,150.39
2022-05-02,103.744,1249.68,1.0507,6.6742,0.705,5.085,860.81,1.288,9.4431,16.1133,2.9807,3.0045,2.7312,0.155,-0.212,2.83,3.2178,3.45,3.05,,3.88,1.38,32.34,135.17,54.15,20.06,4155.38,2796.33,1072.56,,,,38.175,,,96.67,99.33
2022-05-03,103.465,1246.29,1.0521,6.6487,0.7096,4.961,855.47,1.2841,9.3981,15.7776,2.9712,3.0217,2.7824,0.147,-0.181,2.8286,3.204,3.45,3.0712,,3.84,1.36,29.25,126.46,54.04,19.71,4175.48,2809.82,1069.24,,,7267.25,39.245,2412,1233,157.47,103.64
2022-05-04,102.587,1235.56,1.0622,6.6223,0.726,4.921,854.75,1.2747,9.2506,15.4567,2.9344,2.9126,2.6421,0.06,-0.331,2.8774,3.2449,3.484,3.11,,3.9,1.34,25.42,121.99,53.15,18.81,4300.17,2864.43,1063.84,,,7137.63,40.875,2485,1226,163.45,123.78
2022-05-05,103.752,1246.87,1.0542,6.6819,0.7112,5.0288,860.83,1.2834,9.4904,15.9894,3.0365,3.0083,2.7034,0.182,-0.215,2.8589,3.2244,3.467,3.1047,2.829,3.92,1.34,31.2,122.72,54.72,19.36,4146.87,2784.12,1058.72,4010.21,3067.759,7117.75,40.26,2644,1182,144.7,87.92
2022-05-06,103.66,1248.77,1.0551,6.718,0.7076,5.0793,858.99,1.2875,9.4868,15.9963,3.1265,3.0773,2.7308,0.267,-0.148,2.8642,3.2269,3.478,3.115,2.831,4.02,1.34,30.19,121.42,54.82,18.71,4123.34,2762.21,1031.5,3908.82,3001.561,6809.52,41.46,2718,1162,174.07,212.5
2022-05-07,,,,,,,,,,,,,,,,,,,,,,,,,,,,,,,,,,,,97.72,108.42
2022-05-08,,,,,,,,,,,,,,,,,,,,,,,,,,,,,,,,,,,,98.48,307.96
2022-05-09,103.651,1253.05,1.0561,6.7566,0.6952,5.1608,868.55,1.3011,9.6714,16.1894,3.0338,2.9471,2.5938,0.295,-0.099,2.7422,3.0458,3.2989,2.997,2.818,4.37,1.39,34.75,125.22,57.9,20.49,3991.24,2671.83,1014.68,3877.44,3004.141,,38.03,2831,1160,150.87,97.81
2022-05-10,103.92,1254.87,1.0529,6.7477,0.6938,5.1339,867,1.3027,9.7261,16.1238,2.9908,2.9148,2.6124,0.341,-0.01,2.6524,2.9261,3.2,2.919,2.808,4.37,1.39,32.99,126.76,56.06,20.02,4001.05,2677.25,1007.22,3919.87,3035.844,6658.25,38.375,2939,1167,143.25,135.75
2022-05-11,103.846,1255.31,1.0513,6.7643,0.6938,5.1378,862.2,1.2992,9.7498,16.0891,2.9207,2.8961,2.6371,0.193,-0.129,2.733,3.0263,3.257,2.99,2.825,4.41,1.39,32.56,118.05,53.43,20.26,3935.18,2652.59,1011.22,3976.42,3058.703,6769.72,38.89,3052,1155,176.38,102.02
2022-05-12,104.851,1261.58,1.038,6.8273,0.6856,5.1348,862.5,1.3046,9.8767,16.0909,2.8479,2.8212,2.5592,0.232,-0.085,2.6272,2.9076,3.123,2.864,2.811,4.58,1.41,31.77,118.73,52.71,21.51,3930.08,2639.75,987.82,3958.74,3054.994,6594.81,39.055,3117,1140,158.26,144.73
2022-05-13,104.563,1257.53,1.0412,6.7999,0.694,5.061,860.7,1.2929,9.7666,16.1652,2.9185,2.8656,2.578,0.189,-0.209,2.7415,3.0765,3.2909,3.005,2.819,4.52,1.41,28.87,114.61,51.22,21.2,4023.89,2701.33,1004.52,3988.6,3084.284,6807.03,40.39,3104,1133,162.08,140
2022-05-14,,,,,,,,,,,,,,,,,,,,,,,,,,,,,,,,,,,,83.8,130.88
2022-05-15,,,,,,,,,,,,,,,,,,,,,,,,,,,,,,,,,,,,77.84,184.23
2022-05-16,104.187,1253.39,1.0434,6.7975,0.6971,5.0609,857.76,1.2846,9.7706,16.1476,2.8822,2.8264,2.5698,0.17,-0.238,2.7241,3.0649,3.2984,2.983,2.823,4.59,1.43,27.47,117.95,51.89,21.16,4008.01,2693.95,1007.5,3956.54,3073.749,6826.31,41.455,3085,1125,168.75,124.37
2022-05-17,103.36,1244.87,1.055,6.7412,0.7029,4.9387,851.35,1.2811,9.6742,15.9111,2.986,2.9633,2.7003,0.249,-0.138,2.7478,3.1032,3.3141,3.0015,2.819,4.48,1.42,26.1,119.46,50.34,20.05,4088.85,2746.82,1030.83,4005.89,3093.697,7076.8,41.935,3095,1110,174.62,101.23
2022-05-18,103.81,1249.99,1.0464,6.7807,0.6955,4.9688,853.9,1.289,9.9003,16.032,2.884,2.8914,2.6694,0.154,-0.176,2.7417,3.0691,3.303,3.0123,2.802,4.72,1.47,30.96,114.86,51.89,19.69,3923.68,2665.06,1033.19,3991.91,3085.977,7089.29,40.86,3189,1083,165.9,97.83
2022-05-19,102.724,1238.33,1.0588,6.7253,0.7049,4.9296,837.33,1.2825,9.6836,15.8272,2.837,2.8401,2.6073,0.19,-0.134,2.6575,2.9746,3.2138,2.9295,2.809,4.79,1.48,29.35,115.05,51.16,20.25,3900.79,2651.55,1014.89,3999.6,3096.965,6899.19,40.71,3289,1101,162.38,157.59
2022-05-20,103.15,1240.3,1.0564,6.6998,0.704,4.8801,836.09,1.284,9.7403,15.8417,2.7811,2.7992,2.5807,0.199,-0.103,2.5921,2.9043,3.135,2.845,2.819,4.82,1.49,29.43,111.1,50.72,19.31,3901.36,2655.91,1035.31,4077.6,3146.567,7121.18,40.885,3344,1111,140.96,185.12
2022-05-21,,,,,,,,,,,,,,,,,,,,,,,,,,,,,,,,,,,,124.22,157.27
2022-05-22,,,,,,,,,,,,,,,,,,,,,,,,,,,,,,,,,,,,75.1,247.4
2022-05-23,102.076,1231.97,1.0691,6.6617,0.7109,4.8141,830.47,1.2767,9.5885,15.7506,2.8514,2.8677,2.6204,0.251,-0.055,2.6102,2.9221,3.182,2.899,2.799,4.75,1.47,28.48,110.19,48.63,19.63,3973.75,2702.25,1034.51,4053.98,3146.857,7022.45,41.965,3369,1114,150.31,135.77
2022-05-24,101.857,1229.18,1.0736,6.6574,0.7106,4.8197,830.6,1.2819,9.558,15.6431,2.7506,2.7412,2.4787,0.187,-0.14,2.5744,2.8829,3.146,2.857,2.797,4.81,1.46,29.45,111.15,47.04,19.13,3941.48,2680.46,1016.99,3959.15,3070.927,6883.14,42.125,3253,1119,222.36,135.79
2022-05-25,102.056,1231.95,1.0681,6.7127,0.7091,4.8264,831.78,1.2816,9.577,15.7409,2.7452,2.7191,2.4919,0.192,-0.18,2.5635,2.9004,3.15,2.848,2.77,4.6,1.4,28.37,105.69,46.76,18.27,3978.73,2700.09,1019.59,3983.18,3107.464,6898.56,42.995,3127,1122,155.1,100.89
2022-05-26,101.829,1228.97,1.0725,6.7674,0.7098,4.7693,823.05,1.2773,9.5556,15.7071,2.7469,2.7091,2.4758,0.124,-0.259,2.6331,2.975,3.2538,2.93,2.743,4.3,1.36,27.5,102.49,46.03,17.81,4057.84,2743.96,1022.96,3993.04,3123.108,6877.21,43.47,2933,1126,134.57,132.56
2022-05-27,101.668,1225.19,1.0735,6.7208,0.7162,4.7306,825.3,1.2724,9.4645,15.5903,2.7378,2.7175,2.4758,0.087,-0.262,2.6586,2.9935,3.2718,2.967,2.748,4.12,1.34,25.72,98.48,47.92,17.5,4158.24,2802.59,1043.17,4001.3,3130.24,7082.38,44.265,2681,1128,155.52,145.02
2022-05-28,,,,,,,,,,,,,,,,,,,,,,,,,,,,,,,,,,,,118.48,61.72
2022-05-29,,,,,,,,,,,,,,,,,,,,,,,,,,,,,,,,,,,,76.05,79.32
2022-05-30,101.668,1221.63,1.0779,6.6715,0.7196,4.7544,829.93,1.2655,9.4122,15.494,2.7378,2.7175,2.4758,0.087,-0.262,2.6586,2.9935,,,2.774,,,26.54,,,,,2814.75,1065.09,4029.02,3149.061,7255.13,,2571,1121,115.82,82.99
2022-05-31,101.752,1226.84,1.0734,6.6787,0.7177,4.7336,823.88,1.2647,9.377,15.6405,2.8441,2.8173,2.5565,0.198,-0.124,2.6525,2.9572,3.297,2.97,2.797,4.06,1.3,26.19,107.12,49.82,17.19,4132.15,2791.01,1077.67,4091.52,3186.427,7416.75,43.6,2566,1119,190.31,72.9
2022-06-01,102.498,1233.7,1.065,6.698,0.7175,4.8161,824.25,1.2657,9.483,15.5678,2.9058,2.916,2.6416,0.259,-0.048,2.6559,2.9775,3.2787,2.959,2.8,4.01,1.31,25.69,109.38,49.14,16.94,4101.23,2770.43,1067.86,4083.18,3182.156,7345.64,44.31,2633,1104,168.34,161.66
2022-06-02,101.824,1225.36,1.0747,6.6567,0.7265,4.7974,813.05,1.257,9.3712,15.4666,2.9076,2.9094,2.6296,0.233,-0.078,2.6838,3.0002,3.297,2.988,2.807,3.99,1.3,24.72,99.27,47.8,17.13,4176.82,2814.03,1061.44,4089.57,3195.458,7267.57,44.17,,,142.59,144.13
2022-06-03,102.14,1229.93,1.0719,6.6557,0.7207,4.7739,811.5,1.2594,9.4363,15.5482,2.9332,2.9337,2.6525,0.179,-0.118,2.7654,3.0649,3.3478,3.068,,4.08,1.31,24.79,97.73,46.23,16.51,4108.54,2779.06,1060.74,,,,44.755,,,142.78,163.85
2022-06-04,,,,,,,,,,,,,,,,,,,,,,,,,,,,,,,,,,,,102.87,88.7
2022-06-05,,,,,,,,,,,,,,,,,,,,,,,,,,,,,,,,,,,,70.29,139.95
2022-06-06,102.437,1232.37,1.0696,6.657,0.7193,4.7946,821.59,1.258,9.4247,15.4366,3.0399,3.0334,2.7262,0.262,-0.043,2.7864,3.0892,3.3699,3.0763,2.819,4.06,1.3,25.07,102.26,47.9,16.81,4121.43,2789.83,1071.33,4166.09,3236.372,7499.97,44.705,2560,1088,190.13,127.27
2022-06-07,102.318,1231.72,1.0703,6.6717,0.7232,4.8709,827.4,1.2532,9.4575,15.3799,2.9736,2.9854,2.7265,0.223,-0.069,2.7588,3.0654,3.3462,3.0338,2.811,4.17,1.31,24.02,102.61,45.88,16.64,4160.68,2805.33,1061.02,4179.13,3241.763,7467.87,46.04,2514,1089,139.03,167.65
2022-06-08,102.542,1235.41,1.0716,6.7011,0.7194,4.8989,821.84,1.256,9.4691,15.2899,3.0215,3.0303,2.7739,0.261,-0.041,2.7683,3.0803,3.3773,3.0625,2.811,4.2,1.3,23.96,105.29,44.37,16.04,4115.77,2783.29,1073.74,4219.81,3263.793,7679.6,46.14,2410,1090,152.37,110.13
2022-06-09,103.223,1243.42,1.0617,6.7009,0.7098,4.9071,824.8,1.2699,9.5985,15.512,3.0418,3.0633,2.8113,0.272,-0.036,2.7772,3.1071,3.3988,3.0725,2.799,4.28,1.32,26.09,105.29,43.87,16.29,4017.82,2721.85,1067.15,4175.68,3238.954,7606.35,45.12,2342,1093,115.55,112.11
2022-06-10,104.148,1253.08,1.0519,6.7303,0.7058,4.9876,845.5,1.2776,9.7039,15.8567,3.1555,3.2585,3.0632,0.379,0.102,2.7853,3.1645,3.466,3.09,2.794,4.38,1.36,27.75,114.23,42.92,17.58,3900.86,2641.69,1054.64,4238.99,3284.834,7609.56,44.355,2320,1126,94.35,93.65
2022-06-11,,,,,,,,,,,,,,,,,,,,,,,,,,,,,,,,,,,,103.96,80.16
2022-06-12,,,,,,,,,,,,,,,,,,,,,,,,,,,,,,,,,,,,83.74,124.32
2022-06-13,105.078,1266.76,1.0409,6.7826,0.6923,5.116,861.35,1.2899,9.9047,16.1172,3.3598,3.482,3.3541,0.689,0.425,2.6837,3.0647,3.44,2.992,2.808,4.8,1.41,34.02,139.21,47.56,20.84,3749.63,2545.05,1016.46,4189.35,3255.551,7340.52,42.04,2260,1132,147.23,95.37
2022-06-14,105.518,1271.62,1.0416,6.7549,0.6871,5.1174,868.5,1.295,10.0188,16.0399,3.4733,3.587,3.4267,0.826,0.652,2.6572,2.9474,3.2112,2.957,2.813,4.77,1.42,32.69,144.09,46.63,21.99,3735.48,2525.88,1017.87,4222.31,3288.906,7333.61,42.12,2284,1147,136.37,120.62
2022-06-15,105.158,1260.7,1.0444,6.6687,0.7003,5.0552,857.02,1.2891,9.9552,15.7757,3.2839,3.3664,3.1908,0.614,0.39,2.6806,2.9889,3.235,2.9875,2.823,4.77,1.4,29.62,135.93,47.04,19.4,3789.99,2556.67,1020.1,4278.22,3305.406,7452.89,41.19,2387,1168,110.05,140.82
2022-06-16,103.631,1251.05,1.0549,6.6843,0.7047,,866.58,1.295,9.9467,16.0085,3.1952,3.2843,3.0933,0.625,0.454,2.5771,2.8456,3.175,2.877,2.817,5.08,1.44,32.95,138.1,46.27,20.65,3666.77,2490.54,1008.11,4250.06,3285.385,7259.41,38.87,2462,1199,132.28,189.54
2022-06-17,104.7,1261.45,1.0499,6.7092,0.6932,5.1538,875.4,1.303,10.0064,16.0181,3.2256,3.3418,3.1785,0.64,0.523,2.5957,2.8351,3.1393,2.8949,2.814,5.02,1.44,31.13,133.75,49.19,20.28,3674.84,2485.77,1004.63,4309.04,3316.786,7367.68,36.745,2578,1205,114.05,108.29
2022-06-18,,,,,,,,,,,,,,,,,,,,,,,,,,,,,,,,,,,,98.12,143.96
2022-06-19,,,,,,,,,,,,,,,,,,,,,,,,,,,,,,,,,,,,56.46,184.49
2022-06-20,104.7,1259.07,1.0511,6.6893,0.6951,5.1911,882.43,1.2981,9.9111,16.0354,3.2256,3.3418,3.1785,0.64,0.523,2.5947,2.8359,,,2.828,,,31.03,,,,,2494.99,1000.42,4330.43,3315.43,7399.6,,2596,1204,115.72,165.42
2022-06-21,104.435,1258.63,1.0533,6.6922,0.6971,5.1263,883.58,1.2922,9.846,15.9216,3.2749,3.3634,3.1963,0.672,0.519,2.6096,2.8598,3.162,2.904,2.829,4.95,1.43,30.19,138.91,46.56,18.24,3764.79,2543.36,1016.98,4325.57,3306.719,7549.58,38.22,2484,1207,116.77,140.11
2022-06-22,104.197,1256.61,1.0566,6.7127,0.6927,5.1953,888.47,1.2946,9.9134,15.9148,3.1561,3.2301,3.0559,0.619,0.49,2.5445,2.7554,3.0457,2.8455,2.825,5.21,1.49,28.95,129.94,48.99,18.29,3759.89,2537.26,993.59,4270.62,3267.202,7335,36.69,2349,1214,121.32,96.97
2022-06-23,104.431,1257.08,1.0523,6.6995,0.6897,5.24,904.72,1.2996,9.9857,15.9618,3.087,3.1464,3.0145,0.57,0.394,2.5221,2.7674,3.0457,2.815,2.829,5.25,1.49,29.05,125.98,48.58,18.65,3795.73,2549.05,995.34,4343.88,3320.149,7463.08,35.33,2354,1222,143.56,96.96
2022-06-24,104.185,1253.43,1.0553,6.6816,0.6945,5.2427,918.5,1.2891,9.8549,15.8019,3.1301,3.1857,3.0632,0.562,0.357,2.5744,2.8411,3.1097,2.8519,2.849,5.07,1.48,27.23,127,46.99,17.92,3911.74,2619.48,1011.18,4394.77,3349.747,7629.06,35.795,2331,1219,149.36,111.86
2022-06-25,,,,,,,,,,,,,,,,,,,,,,,,,,,,,,,,,,,,123.24,91.56
2022-06-26,,,,,,,,,,,,,,,,,,,,,,,,,,,,,,,,,,,,75.86,239.87
2022-06-27,103.939,1253.18,1.0584,6.6927,0.6926,5.2384,920.65,1.2877,9.7954,15.8636,3.1997,3.2545,3.1212,0.658,0.455,2.5444,2.813,3.094,2.834,2.83,5.02,1.48,26.95,133.22,46.99,17.88,3900.11,2623.2,1027.55,4444.26,3379.185,7816.94,36.845,2295,1215,132,140.94
2022-06-28,104.506,1258.67,1.0519,6.7024,0.6908,5.2687,911.7,1.2875,9.8367,16.0887,3.1715,3.233,3.1096,0.701,0.498,2.4741,2.7499,3.0436,2.782,2.845,5.21,1.51,28.36,135.22,46.59,17.95,3821.55,2584.26,1030.07,4490.52,3409.21,7893.76,37.84,2204,1212,200.76,129.96
2022-06-29,105.106,1264.35,1.0442,6.7081,0.688,5.182,924.83,1.2893,9.8939,16.2367,3.0891,3.1429,3.0385,0.702,0.499,2.3917,2.6611,2.948,2.7069,2.833,5.49,1.53,28.16,130.43,48.57,18.08,3818.83,2574.45,1013.2,4421.36,3361.518,7694.64,36.525,2186,1225,181.89,135.33
2022-06-30,104.685,1260.19,1.0484,6.6941,0.6903,5.2568,918.08,1.2873,9.8475,16.2782,3.0129,3.0379,2.9533,0.671,0.435,2.3449,2.6173,2.858,2.648,2.816,5.69,1.55,28.71,135.5,48.9,19.61,3785.38,2546.19,1000.67,4485.01,3398.616,7666.88,35.755,2240,1234,173.21,158.37
2022-07-01,105.138,1264.5,1.0414,6.6974,0.6814,5.3319,931.13,1.2899,9.9961,16.4154,2.8803,2.8775,2.8329,0.525,0.255,2.3601,2.6369,2.9047,2.674,2.829,5.78,1.58,26.7,144.17,49.4,20.17,3825.33,2559.95,992.84,4466.72,3387.637,,36.29,2214,1224,119.08,177.73
2022-07-02,,,,,,,,,,,,,,,,,,,,,,,,,,,,,,,,,,,,60.23,130.95
2022-07-03,,,,,,,,,,,,,,,,,,,,,,,,,,,,,,,,,,,,30.21,135.95
2022-07-04,105.138,1264.68,1.0422,6.6942,0.6865,5.3283,927.55,1.2861,9.8512,16.3409,2.8803,2.8775,2.8329,0.525,0.255,2.3594,2.6369,,,2.849,,,27.53,,,,,2567.87,992.8,4496.03,3405.427,7647.7,,2159,1222,80.44,309.83
2022-07-05,106.535,1277.04,1.0266,6.7118,0.6802,5.3878,951,1.3033,10.0616,16.534,2.8054,2.817,2.8184,0.512,0.315,2.2979,2.5133,2.812,2.61,2.834,5.83,1.6,27.54,156.16,52.61,21.33,3831.39,2553.95,991.47,4489.54,3404.025,7642.45,34.85,2098,1226,109.65,116.59
2022-07-06,107.096,1282.19,1.0182,6.715,0.6779,5.4275,971.65,1.3042,10.1434,16.8115,2.928,2.9797,3.0018,0.638,0.492,2.2953,2.4993,2.7716,2.609,2.837,5.66,1.57,26.73,151.14,54.67,21.91,3845.08,2561.2,981.01,4423.97,3355.35,7545.92,34.255,2043,1260,138.99,91.52
2022-07-07,107.13,1279.25,1.016,6.6931,0.6838,5.3421,951.1,1.2968,10.0891,16.7205,2.9945,3.032,3.0141,0.649,0.466,2.3492,2.5772,2.81,2.661,2.837,5.39,1.51,26.08,149.71,52.87,20.5,3902.62,2602.03,994.34,4443.47,3364.398,7538.98,35.49,2073,1286,88.63,93.67
2022-07-08,107.007,1278.39,1.0185,6.6862,0.6857,5.2555,969.75,1.2947,10.0787,16.8726,3.0803,3.1234,3.1047,0.707,0.501,2.3748,2.6317,2.8845,2.676,2.839,5.26,1.47,24.64,145.25,52.1,19.41,3899.38,2603.62,999.57,4428.78,3356.078,7551.7,35.475,2067,1333,110.42,104.33
2022-07-09,,,,,,,,,,,,,,,,,,,,,,,,,,,,,,,,,,,,70.48,104.17
2022-07-10,,,,,,,,,,,,,,,,,,,,,,,,,,,,,,,,,,,,38.52,210.3
2022-07-11,108.021,1291.33,1.004,6.7259,0.6734,5.3785,992.25,1.3007,10.2029,17.1074,2.9928,3.0552,3.0718,0.67,0.491,2.3256,2.5758,2.844,2.635,2.821,5.31,1.5,26.17,147.72,53.1,19.72,3854.43,2572.33,981.15,4354.62,3313.584,7320.91,35.135,2081,1363,112.85,200.3
2022-07-12,108.072,1291.89,1.0037,6.7352,0.6758,5.4383,1016.25,1.3022,10.2528,17.0288,2.9687,3.0178,3.0491,0.652,0.511,2.3184,2.5174,2.776,2.627,2.811,5.32,1.51,27.29,148.11,54.4,19.78,3818.8,2554.19,967.31,4313.62,3281.467,7191.64,34.45,2013,1373,113.64,126.67
2022-07-13,107.957,1289.45,1.0059,6.726,0.676,5.3927,1008,1.2974,10.1982,16.9093,2.9336,3.0278,3.1547,0.594,0.487,2.3424,2.556,2.806,2.642,2.809,5.33,1.51,26.82,136.1,51.76,18.36,3801.78,2544.68,970.46,4321.46,3284.292,7145.83,34.395,2002,1378,182.87,52.82
2022-07-14,108.544,1297.34,1.0018,6.7612,0.675,5.4245,1048.5,1.3118,10.2391,17.1597,2.9595,3.0651,3.1321,0.612,0.505,2.3521,2.5747,2.8079,2.652,2.79,5.4,1.53,26.4,137.76,53.03,19.6,3790.38,2520.92,965.45,4322.07,3281.744,7125.95,33.745,2010,1369,165.35,203.03
2022-07-15,108.063,1290.75,1.008,6.7607,0.6793,5.4075,974.01,1.3032,10.1764,17.0751,2.9152,3.0341,3.1201,0.55,0.443,2.3717,2.6101,2.8575,2.6813,2.787,5.29,1.5,24.23,129.85,51.77,19.27,3863.16,2568.64,961.85,4248.53,3228.061,6958.02,34.295,2150,1369,192.03,210.77
2022-07-16,,,,,,,,,,,,,,,,,,,,,,,,,,,,,,,,,,,,102.6,214.9
2022-07-17,,,,,,,,,,,,,,,,,,,,,,,,,,,,,,,,,,,,107.43,195.72
2022-07-18,107.366,1285.54,1.0143,6.7603,0.6812,5.4373,947.49,1.2977,10.1,17.1225,2.9855,3.1039,3.1744,0.613,0.459,2.3782,2.6609,2.905,2.6887,2.785,5.15,1.47,25.3,127.69,49.66,19.42,3830.85,2567.68,980.48,4292.59,3278.103,7168.89,35.08,2162,1413,128.71,182.94
2022-07-19,106.682,1279.5,1.0227,6.7454,0.6897,5.4142,925.87,1.287,9.9148,17.0962,3.0209,3.1535,3.2374,0.628,0.472,2.3979,2.695,2.941,2.7062,2.789,4.99,1.45,24.5,124.7,48.77,18.63,3936.69,2628.34,979.94,4269.34,3279.431,7097.39,36.16,2145,1448,151.08,177.18
2022-07-20,107.076,1282.52,1.018,6.7741,0.6888,5.4709,926.38,1.2884,9.9755,17.1532,3.0265,3.1637,3.2272,0.648,0.499,2.3835,2.677,2.944,2.705,2.77,4.8,1.44,23.88,122.9,47.54,19.26,3959.9,2643.93,986.56,4283.8,3304.724,7179.07,36.51,2113,1467,149.56,113.33
2022-07-21,106.91,1280.18,1.023,6.7707,0.6934,5.4985,926.5,1.2868,9.9383,17.0555,2.8747,2.9826,3.085,0.57,0.414,2.3113,2.5824,2.8381,2.619,2.763,4.89,1.44,23.11,121.15,51.1,18.71,3998.95,2663.84,990.69,4236.06,3272.001,7099.55,35.87,2118,1481,117.51,132.76
2022-07-22,106.73,1277.53,1.0213,6.7669,0.6929,5.498,955.45,1.2916,9.9338,16.8275,2.7504,2.843,2.97,0.407,0.274,2.3447,2.5795,2.8302,2.6284,2.786,4.9,1.44,23.03,123.7,47.84,18.3,3961.63,2650.82,990.37,4238.23,3269.974,7106.7,35.575,2146,1485,125.48,138.82
2022-07-23,,,,,,,,,,,,,,,,,,,,,,,,,,,,,,,,,,,,109.92,100.99
2022-07-24,,,,,,,,,,,,,,,,,,,,,,,,,,,,,,,,,,,,89.26,209.57
2022-07-25,106.483,1275.28,1.022,6.7521,0.6955,5.3572,936.5,1.2846,9.8365,16.7936,2.7959,2.88,3.0161,0.436,0.289,2.3613,2.5989,2.8648,2.665,2.781,4.86,1.47,23.36,128.27,47.96,18.3,3966.84,2651.22,987.08,4212.64,3250.388,7077.09,36.88,2114,1483,109.56,120.62
2022-07-26,107.189,1280.8,1.0117,6.7673,0.6939,5.3513,924.7,1.2887,9.9059,16.9474,2.8068,2.9036,3.0528,0.448,0.318,2.3607,2.5908,2.859,2.669,2.769,4.95,1.49,24.69,128.55,47.81,18.06,3921.05,2624.49,989.92,4245.98,3277.436,7185.19,36.545,2061,1468,160.86,94.68
2022-07-27,106.452,1272.98,1.02,6.744,0.6992,5.2441,910,1.2825,9.7404,16.6902,2.7849,2.8428,2.9979,0.315,0.162,2.4724,2.6922,2.9407,2.766,2.77,4.91,1.44,23.24,117.28,48.99,17.39,4023.61,2675.09,989.89,4225.04,3275.755,7091.47,37.37,2007,1446,145.54,181.99
2022-07-28,106.351,1269.96,1.0197,6.7445,0.6989,5.1826,909.75,1.2807,9.725,16.4836,2.6759,2.6979,2.8622,0.184,-0.013,2.4933,2.7268,2.984,2.78,2.769,4.88,1.46,22.33,119.93,47.17,16.84,4072.43,2709.82,997.61,4225.67,3282.576,7082.58,37.58,1945,1442,106.68,111
2022-07-29,105.903,1267.24,1.022,6.7498,0.6985,5.1733,900.24,1.2795,9.6742,16.6237,2.6487,2.676,2.8844,0.099,-0.108,2.5526,2.8068,3.057,2.85,2.765,4.69,1.44,21.33,116.36,46.19,16.49,4130.29,2746.37,993.78,4170.1,3253.238,6885.48,39.21,1895,1466,68.25,130.23
2022-07-30,,,,,,,,,,,,,,,,,,,,,,,,,,,,,,,,,,,,119.98,61.72
2022-07-31,,,,,,,,,,,,,,,,,,,,,,,,,,,,,,,,,,,,125.18,118.84
2022-08-01,105.45,1263.15,1.0262,6.7837,0.7023,5.1866,891.95,1.2844,9.6327,16.5157,2.5732,2.6341,2.8701,0.074,-0.094,2.5022,2.7533,3.02,2.79,2.744,4.65,1.43,22.84,120.5,49.97,17.52,4118.63,2749.26,995.04,4188.68,3259.958,6876.71,38.4,1872,1472,130.93,141.32
2022-08-02,106.241,1272.86,1.0166,6.7786,0.692,5.2793,907.63,1.2881,9.7744,16.8212,2.7483,2.8531,3.0508,0.273,0.148,2.4759,2.7306,3.001,2.758,2.737,4.46,1.44,23.93,129.23,52.77,17.34,4091.19,2728.3,984.32,4107.02,3186.266,6702.07,38.31,1817,1474,204.48,96.66
2022-08-03,106.506,1272.36,1.0166,6.7628,0.6948,5.284,911.13,1.2843,9.7148,16.7492,2.7046,2.826,3.0651,0.222,0.114,2.4838,2.7409,3.02,2.771,2.73,4.44,1.41,21.95,122.04,50.12,16.76,4155.17,2755.25,985.81,4066.98,3163.674,6736.96,37.21,1731,1454,210.23,115.69
2022-08-04,105.693,1266.6,1.0246,6.7511,0.6971,5.2133,902.3,1.2865,9.7359,16.6118,2.6883,2.7922,3.0427,0.232,0.132,2.457,2.6922,2.934,2.734,2.733,4.41,1.41,21.44,120.57,55.14,16.95,4151.94,2761.65,994.59,4101.54,3189.039,6879.69,35.83,1603,1437,212.05,78.43
2022-08-05,106.621,1274.75,1.0183,6.7659,0.6911,5.1639,916.9,1.2932,9.7951,16.7768,2.8268,2.9555,3.2257,0.354,0.301,2.4749,2.6879,2.9425,2.759,2.746,4.28,1.41,21.15,122.58,48.76,16.37,4145.19,2752.06,1002.87,4156.91,3227.027,6902.18,36.54,1560,1448,163.93,107.43
2022-08-06,,,,,,,,,,,,,,,,,,,,,,,,,,,,,,,,,,,,138.23,265.44
2022-08-07,,,,,,,,,,,,,,,,,,,,,,,,,,,,,,,,,,,,111.04,187.1
2022-08-08,106.435,1272.11,1.0197,6.7622,0.6988,5.1129,905.63,1.2854,9.757,16.6922,2.7572,2.9061,3.2053,0.286,0.238,2.4724,2.7001,2.948,2.7488,2.748,4.26,1.42,21.29,124.12,46.4,16.76,4140.06,2758.72,1001.79,4148.08,3236.934,6821.52,36.73,1566,1451,149.1,227.88
2022-08-09,106.374,1271.79,1.0213,6.7552,0.6966,5.1249,903.88,1.2889,9.7268,16.5765,2.7773,2.9608,3.2696,0.316,0.297,2.4638,2.6976,2.947,2.731,2.751,4.32,1.43,21.77,125.12,46.23,16.69,4122.47,2743.62,1001.69,4156.29,3247.432,6794.77,37.375,1564,1455,212.57,189.05
2022-08-10,105.196,1259.04,1.0299,6.7231,0.7089,5.0943,888.53,1.2776,9.5177,16.2076,2.7809,2.9216,3.2141,0.344,0.298,2.4404,2.6554,2.91,2.713,2.748,4.18,1.39,19.74,115.26,46.56,16.27,4210.24,2803.37,997.2,4109.74,3230.02,6644.13,37.645,1592,1463,80.65,84.3
2022-08-11,105.09,1258.58,1.032,6.7438,0.7106,5.1568,884.67,1.2764,9.5261,16.2346,2.8876,2.9867,3.2185,0.406,0.302,2.4831,2.7106,2.945,2.7337,2.74,4.08,1.35,20.2,111.11,45.37,15.81,4207.27,2802.23,1014.29,4193.54,3281.665,6823.39,38.94,1556,1469,130.27,99.36
2022-08-12,105.631,1260.55,1.0259,6.738,0.7121,5.0745,876.05,1.2782,9.5696,16.1684,2.8312,2.9562,3.2422,0.359,0.276,2.4754,2.7063,2.958,2.743,2.743,4.09,1.32,19.53,106.28,44,15.22,4280.15,2834.51,1016.83,4191.15,3276.888,6857.48,39.235,1477,1475,182.54,48.55
2022-08-13,,,,,,,,,,,,,,,,,,,,,,,,,,,,,,,,,,,,112.02,112.14
2022-08-14,,,,,,,,,,,,,,,,,,,,,,,,,,,,,,,,,,,,120.09,95.08
2022-08-15,106.546,1268.92,1.016,6.8158,0.7023,5.097,,1.2906,9.7158,16.436,2.7878,2.8997,3.1821,0.343,0.267,2.4461,2.6581,2.89,2.69,2.667,4.11,1.31,19.95,113.82,46.63,15.37,4297.14,2842.48,1015,4185.68,3276.087,6814.47,38.47,1404,1488,110.42,145.63
2022-08-16,106.5,1268.8,1.0171,6.792,0.7022,5.1479,880.75,1.2845,9.6664,16.3861,2.8041,2.9529,3.2574,0.356,0.321,2.4486,2.6587,2.8795,2.6955,2.639,4.13,1.31,19.69,116.83,50.25,15.27,4305.2,2844.42,1014.22,4177.84,3277.885,6727.94,38.38,1387,1515,96.54,103.94
2022-08-17,106.574,1271.98,1.018,6.7942,0.6934,5.1663,897.72,1.2913,9.7112,16.6503,2.8968,3.0511,3.2848,0.433,0.384,2.4668,2.6934,2.91,2.702,2.641,4.19,1.34,19.9,117.7,51.55,15.32,4274.04,2822.87,1015.59,4216.96,3292.526,6755.31,38.7,1394,1547,156.09,75.77
2022-08-18,107.484,1279.81,1.0087,6.8031,0.6917,5.169,929.6,1.2948,9.7369,16.8639,2.8822,3.0271,3.1974,0.369,0.327,2.5142,2.7287,2.9335,2.7424,2.624,4.24,1.34,19.56,120.26,47.41,15.36,4283.74,2826.41,1009.58,4180.1,3277.544,6700.42,39.74,1320,1553,100.74,92.67
2022-08-19,108.169,1286.4,1.0037,6.8358,0.6875,5.1703,944.76,1.2994,9.8138,17.0033,2.9721,3.0933,3.2338,0.42,0.373,2.5552,2.7472,2.9745,2.7958,2.63,4.32,1.36,20.6,123.81,50.34,15.91,4228.48,2787.71,1001.46,4151.07,3258.078,6719.88,39.73,1279,1554,117.68,98.49
2022-08-20,,,,,,,,,,,,,,,,,,,,,,,,,,,,,,,,,,,,81.54,49.35
2022-08-21,,,,,,,,,,,,,,,,,,,,,,,,,,,,,,,,,,,,122.69,149.65
2022-08-22,109.046,1293.67,0.9943,6.8678,0.6877,5.157,941.69,1.3056,9.8293,16.9974,3.0146,3.1577,3.3098,0.449,0.414,2.5685,2.771,3.005,2.804,2.635,4.49,1.39,23.8,135.89,50.64,16.57,4137.99,2736.1,991.9,4181.4,3277.794,6695.29,39.655,1270,1548,101.73,169.02
2022-08-23,108.624,1288.55,0.997,6.8544,0.6931,5.1052,916.75,1.2955,9.7125,16.9951,3.0461,3.1648,3.2997,0.458,0.376,2.59,2.8142,3.034,2.818,2.634,4.54,1.38,24.11,133.85,47.35,15.8,4128.73,2730.35,989.54,4161.08,3276.223,6648.85,41.085,1271,1549,145.34,93.31
2022-08-24,108.677,1289.24,0.9967,6.8774,0.6909,5.1107,921.38,1.2967,9.6919,16.937,3.1039,3.2331,3.3905,0.472,0.389,2.6351,2.8674,3.087,2.838,2.638,4.47,1.36,22.82,133.13,48.33,15.9,4140.77,2736.01,985.13,4082.42,3215.203,6565.69,41.59,1213,1542,102.45,137.29
2022-08-25,108.47,1286.35,0.9975,6.8515,0.6981,5.1098,897.19,1.2924,9.6611,16.7494,3.0258,3.1522,3.3661,0.417,0.35,2.611,2.8528,3.0635,2.8362,2.659,4.46,1.34,21.78,126.33,48.78,15.57,4199.12,2768.48,1003.44,4116.24,3246.248,6848.89,41.91,1123,1550,149.12,66.37
2022-08-26,108.803,1292.16,0.9966,6.8947,0.6897,5.0637,892.45,1.3033,9.7564,16.8849,3.0409,3.2051,3.3966,0.46,0.461,2.5821,2.8003,3.045,2.834,2.661,4.52,1.37,25.56,122.95,47.08,15.42,4057.66,2694.62,1006.5,4107.55,3236.223,6920.99,41.42,1082,1554,108.25,121.88
2022-08-27,,,,,,,,,,,,,,,,,,,,,,,,,,,,,,,,,,,,81.79,96.29
2022-08-28,,,,,,,,,,,,,,,,,,,,,,,,,,,,,,,,,,,,103.81,138.76
2022-08-29,108.835,1293.86,0.9997,6.9155,0.6903,5.0291,884.75,1.3011,9.7513,16.8275,3.1024,3.2529,3.4232,0.529,0.534,2.5757,2.7739,3.02,2.825,2.637,4.61,1.38,26.21,130.14,47.73,16.02,4030.61,2668.79,991.65,4089.52,3240.728,6872.26,42.045,,,120.46,97.52
2022-08-30,108.773,1295.7,1.0015,6.9236,0.6854,5.122,886.13,1.3093,9.8133,16.9807,3.1025,3.2649,3.4416,0.551,0.586,2.553,2.7339,2.9825,2.795,2.636,4.78,1.4,26.21,127.69,49.74,16.52,3986.16,2645.37,992.76,4075.79,3227.22,6840.17,40.62,1017,1526,115.27,83.23
2022-08-31,108.7,1295.64,1.0054,6.9069,0.6842,5.1839,896,1.313,9.9293,17.1189,3.1926,3.3508,3.4929,0.712,0.766,2.4813,2.6367,2.888,2.729,2.644,4.84,1.4,25.87,124.84,52.11,17.02,3955,2627.32,994.11,4078.84,3202.138,6865.12,40.25,965,1512,97.75,126.46
2022-09-01,109.691,1304.21,0.9946,6.9157,0.6788,5.2424,895.75,1.3155,10.059,17.2757,3.2533,3.3975,3.4994,0.806,0.862,2.4494,2.5836,2.8371,2.693,2.631,4.94,1.45,25.56,126.58,53.9,17.8,3966.85,2610.26,976.14,4043.74,3184.98,6742.04,39.26,1002,1504,187.71,75.93
2022-09-02,109.534,1303.14,0.9954,6.916,0.6812,5.1701,876.5,1.3134,10.0195,17.305,3.1894,3.2928,3.3873,0.721,0.736,2.471,2.6022,2.8424,2.719,2.636,4.93,1.45,25.47,120.72,53.9,16.88,3924.26,2605.21,972.02,4023.61,3186.478,6672.42,39.98,1086,1489,84.13,65.23
2022-09-03,,,,,,,,,,,,,,,,,,,,,,,,,,,,,,,,,,,,117.78,65.72
2022-09-04,,,,,,,,,,,,,,,,,,,,,,,,,,,,,,,,,,,,65.92,95.37
2022-09-05,109.534,1305.33,0.9929,6.9428,0.6797,5.1532,881.7,1.3142,9.9713,17.1655,3.1894,3.2928,3.3873,0.721,0.736,2.471,2.6022,,,2.628,,,25.99,,,,,2596.7,967.8,4015.43,3199.912,6577.53,,1133,1471,83.96,158.69
2022-09-06,110.214,1311.47,0.9904,6.9703,0.6735,5.2512,892.9,1.3153,10.0279,17.3005,3.3492,3.4518,3.5029,0.871,0.895,2.4794,2.6009,2.8484,2.725,2.626,4.88,1.47,26.91,133.54,50,17.68,3908.19,2584.97,965.24,4052.28,3243.447,6555.8,39.61,1114,1439,119.16,91.55
2022-09-07,109.84,1306.15,1.0006,6.9591,0.6769,,885.58,1.3121,10.0041,17.2688,3.2635,3.3584,3.4309,0.816,0.851,2.4497,2.549,2.797,2.679,2.627,4.85,1.45,24.64,133.12,53.32,16.77,3979.87,2614.1,956.51,4054.98,3246.294,6513.22,39.15,1133,1420,124.29,87.66
2022-09-08,109.707,1306.49,0.9997,6.9615,0.6751,5.2152,880.93,1.3092,10.0494,17.5183,3.317,3.4209,3.5035,0.903,0.952,2.4155,2.515,2.756,2.643,2.628,4.69,1.43,23.61,124.14,51.29,16.4,4006.18,2636.17,957.22,4037.68,3235.586,6436.6,39.32,1178,1416,99.43,47.62
2022-09-09,109.003,1298.63,1.0042,6.9377,0.6841,5.1474,909.5,1.3031,9.9273,17.3064,3.3097,3.4352,3.5565,0.885,0.919,2.4275,2.5626,2.794,2.6584,2.643,4.49,1.41,22.79,121.54,48.84,15.91,4067.36,2682.9,970.29,4093.79,3262.054,6628.14,40.3,1213,1432,94.33,66.03
2022-09-10,,,,,,,,,,,,,,,,,,,,,,,,,,,,,,,,,,,,81.92,64.78
2022-09-11,,,,,,,,,,,,,,,,,,,,,,,,,,,,,,,,,,,,66.75,141.95
2022-09-12,108.33,1293.48,1.0122,6.9181,0.6888,5.0921,898.33,1.2988,9.8468,17.1269,3.3578,3.4493,3.5714,0.939,0.937,2.42,2.5559,2.7987,2.658,,4.42,1.4,23.87,123.07,44.15,15.79,4110.41,2719.01,979.05,,,,41.04,1256,1439,111.96,162.37
2022-09-13,109.815,1308.85,0.997,6.9828,0.673,5.1909,917.55,1.3168,10.1113,17.457,3.408,3.5787,3.756,0.968,1.001,2.4413,2.6263,2.8607,2.6812,2.65,4.57,1.41,27.27,128.87,44.81,16.93,3932.69,2619.5,979.91,4111.11,3263.797,6633.05,40.005,1408,1455,132.26,95.35
2022-09-14,109.658,1306.6,0.9981,6.973,0.6748,5.164,919.4,1.3165,10.0826,17.4833,3.4043,3.6035,3.7881,0.934,0.964,2.4714,2.6893,2.91,2.6978,2.665,4.63,1.4,26.16,125.35,45.62,17.17,3946.01,2617.84,962.55,4065.36,3237.542,6470.65,41.135,1595,1461,202.93,116.73
2022-09-15,109.739,1309.36,1.0001,7.0131,0.6702,5.2472,923.75,1.3227,10.1681,17.5652,3.4489,3.6654,3.8646,1.02,1.099,2.4311,2.6194,2.8634,2.6823,2.663,4.71,1.41,26.27,124.07,46.63,19.66,3901.35,2592,958.58,4027.12,3199.919,6508.99,40.075,1612,1464,95.61,118.58
2022-09-16,109.764,1308.67,1.0016,6.9997,0.6716,5.2501,923.75,1.3264,10.1933,17.6103,3.4494,3.6309,3.8671,1.078,1.149,2.3743,2.5344,2.7739,2.622,2.68,4.87,1.42,26.3,124.95,47.44,18.31,3873.33,2569.29,944.12,3932.68,3126.398,6420.66,39.22,1553,1492,127.41,123.3
2022-09-17,,,,,,,,,,,,,,,,,,,,,,,,,,,,,,,,,,,,119.16,125.98
2022-09-18,,,,,,,,,,,,,,,,,,,,,,,,,,,,,,,,,,,,71.24,131.17
2022-09-19,109.737,1307.67,1.0024,7.0048,0.6727,5.1691,,1.3251,10.2016,17.675,3.4905,3.6823,3.9358,1.142,1.239,2.349,2.498,2.7285,2.5892,2.676,4.81,1.42,25.76,133.79,46.75,18.37,3899.89,2580.55,938.53,3928,3115.602,6338.3,38.82,,,122.18,65.09
2022-09-20,110.215,1312.92,0.9971,7.0305,0.6689,5.1433,933.9,1.3365,10.3354,17.6902,3.563,3.7464,3.9665,1.167,1.271,2.3971,2.5301,2.766,2.642,2.661,4.83,1.43,27.16,134.66,48.23,18.59,3855.93,2554.02,946.17,3932.84,3122.406,6405.38,38.55,1729,1508,109.77,78.61
2022-09-21,110.642,1321.99,0.9837,7.0752,0.663,5.173,935.4,1.3463,10.3504,17.7428,3.5299,3.7662,4.0484,1.163,1.31,2.3692,2.5195,2.7581,2.6156,2.644,4.82,1.41,27.99,130.54,48.65,18.48,3789.93,2516.59,932.08,3903.74,3117.177,6267.16,37.985,1746,1501,189.75,70.88
2022-09-22,111.353,1322.74,0.9836,7.0819,0.6645,5.1168,944.7,1.3487,10.4024,17.5982,3.7138,3.9363,4.1222,1.311,1.499,2.4041,2.501,2.76,2.6469,2.65,4.88,1.43,27.35,131.93,47.1,17.93,3757.99,2489.36,922.61,3869.34,3108.91,6195.9,37.85,1720,1497,225.86,139.2
2022-09-23,113.192,1339.64,0.9687,7.1377,0.6528,5.2622,970.55,1.3592,10.6117,17.95,3.6846,3.9789,4.2011,1.319,1.608,2.3694,2.4437,2.6892,2.5942,2.68,5.12,1.46,29.92,137.28,50.82,19.42,3693.23,2438.5,905.84,3856.02,3088.369,6114.4,35.24,1816,1498,187.8,133.87
2022-09-24,,,,,,,,,,,,,,,,,,,,,,,,,,,,,,,,,,,,108.02,114.37
2022-09-25,,,,,,,,,,,,,,,,,,,,,,,,,,,,,,,,,,,,71.05,127.96
2022-09-26,114.103,1352.79,0.9609,7.1739,0.6456,5.3905,992,1.3735,10.8207,18.09,3.9244,4.1913,4.3406,1.626,1.923,2.3003,2.3392,2.606,2.537,2.701,5.16,1.48,32.26,153.61,56.68,20.26,3655.04,2408.44,888.58,3836.68,3051.226,6137.78,34.375,1813,1507,163.02,85.96
2022-09-27,114.106,1353.41,0.9594,7.1794,0.6435,5.3805,987.33,1.3724,10.8204,18.0167,3.9451,4.1845,4.2829,1.615,1.856,2.3315,2.3881,2.658,2.572,2.693,5.26,1.55,32.6,158.12,55.89,19.26,3647.29,2403.88,891.89,3892.3,3093.862,6150.47,34.76,1807,1506,155.89,194.98
2022-09-28,112.604,1339.8,0.9735,7.1624,0.6522,5.3746,956.38,1.3608,10.667,17.8551,3.7312,3.9478,4.1349,1.408,1.594,2.3255,2.4017,2.6495,2.5455,2.708,5.48,1.58,30.18,158.99,55.02,19.27,3719.04,2438.78,875.85,3828.71,3045.067,5958.62,36.3,1799,1497,202.59,155.79
2022-09-29,112.254,1335.12,0.9815,7.0978,0.65,5.4001,964.7,1.368,10.6994,18.0146,3.7856,4.0171,4.1924,1.605,1.847,2.1834,2.2259,2.481,2.4086,2.716,5.61,1.64,31.84,148.14,54.41,19.78,3640.47,2401.32,873.29,3827.14,3041.205,5912.25,36.3,1757,1484,156.94,93.12
2022-09-30,112.117,1337.47,0.9802,7.1419,0.64,5.4155,968.69,1.3829,10.8862,18.0855,3.8286,4.09,4.2787,1.676,1.989,2.1545,2.1602,2.407,2.369,2.75,5.52,1.59,31.62,141.89,55.69,19.52,3585.62,2378.65,875.79,3804.89,3024.39,5914.08,36.01,1760,1477,162.74,192.84
2022-10-01,,,,,,,,,,,,,,,,,,,,,,,,,,,,,,,,,,,,154.97,101.92
2022-10-02,,,,,,,,,,,,,,,,,,,,,,,,,,,,,,,,,,,,120.6,296.28
2022-10-03,111.745,1331.2,0.9826,7.1046,0.6516,5.1687,938.13,1.3624,10.6518,17.8437,3.6387,3.8782,4.1134,1.447,1.694,2.1935,2.2405,2.495,2.423,,5.52,1.58,30.1,152.94,56.24,20.29,3678.43,2429.91,876.15,,,5856.82,38.045,1788,1476,123.9,146.03
2022-10-04,110.065,1317.43,0.9986,7.0416,0.6501,5.1778,931.75,1.3513,10.4356,17.6289,3.6329,3.8539,4.0926,1.395,1.583,2.2393,2.3329,2.579,2.47,,5.09,1.53,29.07,151.21,59.51,19.55,3790.93,2511.72,893.65,,,,39.68,1865,1462,164.21,148.79
2022-10-05,111.208,1325.75,0.9884,7.0684,0.6488,5.1958,940.13,1.3619,10.5083,17.7835,3.7528,3.9662,4.1481,1.545,1.715,2.2105,2.3079,2.5514,2.435,,4.99,1.55,28.55,152.01,54.2,19.69,3783.28,2500.07,909.52,,,6224.61,40.5,1996,1457,171.15,153.24
2022-10-06,112.258,1335.43,0.9791,7.0837,0.6406,5.2224,943.95,1.3748,10.7229,18.0013,3.8236,4.0671,4.2558,1.614,1.783,2.2108,2.3445,2.599,2.4474,,4.9,1.52,30.52,153.29,53.39,19.67,3744.52,2478.42,910.57,,,6185.58,41.22,1992,1461,202.7,168.97
2022-10-07,112.795,1340.74,0.9744,7.1336,0.6375,5.2034,938.5,1.3739,10.7064,18.096,3.8814,4.1423,4.3078,1.612,1.788,2.2713,2.4175,2.6712,2.5084,,4.98,1.54,31.36,148.46,53.64,19.66,3639.66,2417.72,897.74,,,6074.65,40.9,1961,1461,144.24,139.82
2022-10-08,,,,,,,,,,,,,,,,,,,,,,,,,,,,,,,,,,,,132.69,100.81
2022-10-09,,,,,,,,,,,,,,,,,,,,,,,,,,,,,,,,,,,,97.95,128.12
2022-10-10,113.144,1344.35,0.9702,7.1536,0.6303,5.1908,,1.3779,10.6967,18.096,3.8814,4.1423,4.3078,1.612,1.788,2.2713,2.4165,,,2.726,,,32.45,,51.42,20.54,3612.39,2395.61,884.81,3720.94,2974.146,5880.71,40.06,1944,1459,,181.4
2022-10-11,113.221,1346.88,0.9708,7.1733,0.6272,5.3022,928.35,1.3797,10.7551,18.1822,3.947,4.1704,4.3058,1.631,1.803,2.3179,2.4298,2.679,2.549,2.746,5.25,1.59,33.63,155.57,51.92,20.59,3588.84,2376.29,864.66,3727.69,2979.792,5729.58,39.74,1904,1465,,155.85
2022-10-12,113.32,1346.57,0.9703,7.175,0.6278,,943.9,1.3816,10.7743,18.2936,3.8962,4.1177,4.2911,1.602,1.814,2.2955,2.3718,2.6185,2.5163,2.73,5.33,1.65,33.57,160.72,51.52,20.4,3577.03,2367.69,865.34,3784.31,3025.506,5692.42,40.06,1873,1481,,186.85
2022-10-13,112.363,1340.36,0.9776,7.1773,0.6298,5.2631,938.25,1.3753,10.59,18.2664,3.9435,4.2004,4.4635,1.598,1.834,2.3472,2.4486,2.699,2.5688,2.729,5.27,1.63,31.94,155.08,50.52,20.07,3669.91,2411.69,854.53,3752.67,3016.356,5560.8,41.695,1818,1514,,169.02
2022-10-14,113.311,1349.55,0.9722,7.2203,0.6199,5.3257,962.63,1.3885,10.6789,18.3594,4.0184,4.2677,4.4959,1.613,1.845,2.4082,2.5051,2.7608,2.6283,2.702,5.22,1.64,32.02,152.89,50.3,20.07,3583.07,2376.64,863.33,3842.47,3071.987,5629.3,40.14,1838,1554,,180.93
2022-10-15,,,,,,,,,,,,,,,,,,,,,,,,,,,,,,,,,,,,,120.4
2022-10-16,,,,,,,,,,,,,,,,,,,,,,,,,,,,,,,,,,,,,208.79
2022-10-17,112.039,1339.95,0.9841,7.2091,0.6291,5.2826,972.45,1.3716,10.5367,18.0696,4.0104,4.2287,4.4433,1.546,1.745,2.4664,2.5626,2.803,2.6774,2.704,5.14,1.64,31.37,150.42,50.27,19.96,3677.95,2431.84,865.77,3846.41,3084.942,5633.23,40.64,1843,1621,,129.16
2022-10-18,112.13,1339.43,0.9858,7.2241,0.6309,5.2412,970.25,1.3737,10.5483,18.112,4.0066,4.2217,4.4286,1.602,1.793,2.4062,2.5012,2.743,2.621,2.703,5.04,1.63,30.5,145.79,49.12,19.19,3719.98,2457.86,879.07,3838.27,3080.958,5756.31,40.995,1875,1693,,73.35
2022-10-19,112.984,1347.76,0.9773,7.2683,0.627,5.2721,974.75,1.3765,10.6148,18.2933,4.1335,4.3568,4.5563,1.697,1.9,2.4388,2.5313,2.7887,2.6663,2.71,5.05,1.64,30.76,147.73,47.78,19.41,3695.16,2439.3,865.91,3776.53,3044.378,5597.79,42.205,1871,1710,,70.66
2022-10-20,112.881,1347.09,0.9786,7.2536,0.6281,5.2147,978.8,1.3765,10.6329,18.2963,4.2283,4.4445,4.61,1.737,1.923,2.4925,2.5965,2.866,2.725,2.719,5,1.63,29.98,155.61,47.98,19.23,3665.78,2429.26,864.76,3754.93,3035.05,5512.3,42.245,1837,1725,,78.35
2022-10-21,112.012,1335.57,0.9862,7.2299,0.6379,5.1631,971.9,1.364,10.5335,18.0892,4.2167,4.3411,4.4723,1.68,1.646,2.5403,2.6965,2.904,2.767,2.739,5.07,1.64,29.69,156.95,47.19,19.05,3752.75,2462.42,865.04,3742.89,3038.929,5517.44,43.465,1819,1737,,107.34
2022-10-22,,,,,,,,,,,,,,,,,,,,,,,,,,,,,,,,,,,,,72.32
2022-10-23,,,,,,,,,,,,,,,,,,,,,,,,,,,,,,,,,,,,,140.06
2022-10-24,111.989,1340.41,0.9874,7.3264,0.6312,5.3025,985.89,1.3705,10.5197,18.4126,4.2424,4.3626,4.5046,1.667,1.66,2.5771,2.704,2.911,2.803,2.72,5,1.6,29.85,154.02,47.78,19.58,3797.34,2493.06,842.76,3633.37,2977.555,5114.48,43.67,1797,1791,,168.29
2022-10-25,110.95,1329.59,0.9966,7.314,0.6394,5.3175,963.58,1.3608,10.3899,18.2025,4.1021,4.261,4.4771,1.598,1.636,2.5053,2.6262,2.845,2.7351,2.73,5.02,1.6,28.46,147.78,47.3,19.33,3859.11,2537.54,844.51,3627.45,2976.283,5180.31,43.715,1755,1793,,104.95
2022-10-26,109.7,1317.62,1.0081,7.1875,0.6497,5.3813,950.49,1.3553,10.2549,17.9323,4.0028,4.1846,4.4039,1.576,1.622,2.4287,2.563,2.8022,2.672,2.71,4.83,1.6,27.28,140.2,48.58,18.67,3830.6,2535.68,851.81,3656.9,2999.504,5217.54,44.31,1706,1804,,84.81
2022-10-27,110.587,1323.02,0.9964,7.2525,0.6452,5.342,940.08,1.3565,10.293,17.9792,3.9187,4.0605,4.2741,1.479,1.481,2.4421,2.5809,2.8187,2.7,2.701,4.78,1.61,27.39,142.78,49.02,18.51,3807.3,2523.59,859.46,3631.15,2982.903,5242.86,44.47,1612,1816,,150.79
2022-10-28,110.752,1325.46,0.9965,7.2672,0.6411,5.2954,942.43,1.3596,10.3254,18.1341,4.0123,4.1844,4.4142,1.517,1.562,2.4994,2.6237,2.8628,2.7503,2.675,4.55,1.58,25.75,144.6,47.81,18.01,3901.06,2561.04,845.58,3541.33,2915.926,5028.98,44.625,1534,1823,,204.29
2022-10-29,,,,,,,,,,,,,,,,,,,,,,,,,,,,,,,,,,,,,87.03
2022-10-30,,,,,,,,,,,,,,,,,,,,,,,,,,,,,,,,,,,,,114.98
2022-10-31,111.527,1334.27,0.9882,7.3363,0.6399,5.1797,943.4,1.3624,10.402,18.3545,4.0478,4.2283,4.4824,1.539,1.575,2.5112,2.6561,2.8925,2.7636,2.648,4.64,1.58,25.88,147.92,47.41,18.27,3871.98,2547.72,848.16,3508.7,2893.483,4938.56,45,1463,1827,,161.13
2022-11-01,111.481,1332.09,0.9877,7.3084,0.6395,5.1468,943.4,1.363,10.3499,18.228,4.0419,4.267,4.5447,1.534,1.604,2.5101,2.6652,2.8959,2.757,2.665,4.46,1.55,25.81,148.42,47.04,18.45,3856.1,2546.4,867.58,3634.17,2969.199,5209.6,45.435,1377,1811,136.88,127.48
2022-11-02,111.345,1336.07,0.9818,7.343,0.6351,,942.17,1.3712,10.4656,18.2563,4.1005,4.3093,4.6197,1.605,1.664,2.4982,2.6465,2.885,2.75,2.689,4.46,1.54,25.86,141.17,47.75,17.84,3759.69,2499.79,873.02,3677.81,3003.37,5355.03,44.34,1321,1819,150.82,98.2
2022-11-03,112.93,1344.82,0.9749,7.3317,0.6289,5.1164,944.92,1.3746,10.5681,18.4056,4.1469,4.3677,4.7138,1.747,1.829,2.4024,2.5405,2.781,2.659,2.678,4.63,1.55,25.3,136.28,46.47,18.03,3719.89,2467.89,860.9,3647.9,2997.806,5170.51,45.16,1290,1828,186.55,140.73
2022-11-04,110.877,1321.74,0.9957,7.1865,0.647,5.0592,926.83,1.3479,10.2439,17.9038,4.1584,4.3308,4.6584,1.683,1.718,2.4774,2.6157,2.8482,2.733,2.706,4.62,1.52,24.55,128.44,47.5,18.03,3770.55,2507.22,884.98,3767.18,3070.796,5482.52,45.71,1323,1836,115.89,122.07
2022-11-05,,,,,,,,,,,,,,,,,,,,,,,,,,,,,,,,,,,,95.82,66.38
2022-11-06,,,,,,,,,,,,,,,,,,,,,,,,,,,,,,,,,,,,101.15,116.64
2022-11-07,110.12,1317.04,1.002,7.2298,0.6479,5.1621,917.92,1.3494,10.2161,17.7309,4.2135,4.3876,4.7217,1.682,1.717,2.5337,2.6734,2.9072,2.7888,2.705,4.53,1.49,24.35,128.33,45.11,18.12,3806.8,2533.64,897.36,3775.3,3077.817,5636.21,46.495,1337,1842,139.72,245.52
2022-11-08,109.636,1312.25,1.0074,7.2302,0.6507,5.1479,905.3,1.3427,10.2344,17.7125,4.1234,4.2938,4.6506,1.63,1.679,2.4969,2.6159,2.849,2.751,2.688,4.62,1.5,25.54,126.33,45.04,18.91,3828.11,2554.87,900.02,3749.33,3064.493,5602.61,46.54,1356,1857,225.74,123.6
2022-11-09,110.549,1319.54,1.0011,7.2741,0.6431,5.1965,906.75,1.3526,10.3957,17.7933,4.0923,4.2409,4.5795,1.656,1.71,2.4388,2.5322,2.76,2.6945,2.693,4.82,1.52,26.09,124.4,45.38,18.91,3748.57,2509.77,900.32,3714.27,3048.167,5534.76,44.265,1393,1874,137.41,146.6
2022-11-10,108.206,1293.06,1.0209,7.1521,0.6619,5.38,894.05,1.3324,10.081,17.3629,3.8125,3.9375,4.3321,1.412,1.468,2.4136,2.4705,2.705,2.6635,2.696,4.68,1.47,23.53,111.69,43.48,17.69,3956.37,2636.55,889.6,3685.69,3036.132,5417.13,45.25,1390,1885,,119.57
2022-11-11,106.292,1275.89,1.0347,7.092,0.6703,5.3264,891.95,1.3275,9.9278,17.2397,3.8125,3.9375,4.3321,1.412,1.468,2.4136,2.4705,,,2.741,,,22.52,,42.06,17.57,3992.93,2674.08,935.73,3788.44,3087.292,5867.31,46.565,1355,1894,,183.98
2022-11-12,,,,,,,,,,,,,,,,,,,,,,,,,,,,,,,,,,,,,198.23
2022-11-13,,,,,,,,,,,,,,,,,,,,,,,,,,,,,,,,,,,,,228.73
2022-11-14,106.66,1278.78,1.0327,7.0417,0.6702,5.3252,892.03,1.3314,10.0252,17.295,3.8536,3.9897,4.3888,1.494,1.564,2.3762,2.4271,2.664,2.642,2.842,4.52,1.42,23.73,119.99,44.42,17.41,3957.25,2653.94,939.78,3794.02,3083.401,5979.8,46.55,1325,1906,,215.52
2022-11-15,106.404,1274.7,1.0349,7.0484,0.6756,,887.15,1.328,9.9972,17.3158,3.7696,3.8956,4.3382,1.435,1.507,2.3504,2.3908,2.6287,2.616,2.826,4.49,1.39,24.54,128.62,46.72,17.72,3991.73,2678.23,960.64,3865.97,3134.078,6269.29,47.04,1300,1961,,95.09
2022-11-16,106.281,1274.29,1.0395,7.1078,0.6741,5.3925,910.73,1.3329,10.0021,17.2678,3.6899,3.8503,4.3549,1.381,1.483,2.3217,2.3687,2.611,2.592,2.837,4.55,1.38,24.11,130.83,45.12,17.23,3958.79,2657.58,954.31,3834.39,3119.98,6225.71,46.08,1288,2033,,107.83
2022-11-17,106.694,1279.86,1.0362,7.1478,0.6685,5.4056,920.75,1.3328,10.1197,17.3765,3.7657,3.9371,4.452,1.486,1.607,2.2931,2.3314,2.576,2.5617,2.796,4.59,1.38,23.93,132.18,45.34,16.77,3946.56,2642.34,942.36,3818.66,3115.435,6140.57,46.18,1228,2197,,91.22
2022-11-18,106.93,1282.4,1.0325,7.1264,0.6673,5.377,941.24,1.3374,10.1899,17.2559,3.8288,4.0085,4.5329,1.573,1.707,2.2683,2.3036,2.5305,2.526,2.83,4.5,1.35,23.12,129.33,45.93,16.51,3965.34,2658.9,943.01,3801.57,3097.243,6125.4,45.815,1189,2365,,133.39
2022-11-19,,,,,,,,,,,,,,,,,,,,,,,,,,,,,,,,,,,,,110.6
2022-11-20,,,,,,,,,,,,,,,,,,,,,,,,,,,,,,,,,,,,,255.53
2022-11-21,107.835,1291.57,1.0242,7.1799,0.6605,5.309,942.1,1.3448,10.2643,17.3359,3.8269,4.0224,4.5523,1.501,1.624,2.3392,2.4001,2.6317,2.6005,2.826,4.49,1.34,22.36,132.13,47.11,16.68,3949.94,2640.44,931.05,3769.13,3085.044,6001.9,45.195,1177,2459,,122.23
2022-11-22,107.222,1284.6,1.0304,7.1367,0.6649,5.3637,927.22,1.3374,10.1143,17.2367,3.7559,3.9445,4.5145,1.438,1.587,2.322,2.392,2.6151,2.59,2.834,4.44,1.33,21.29,133.53,46.3,16.07,4003.58,2675.46,927.41,3769.57,3088.943,5901.22,46.61,1149,2496,,125.51
2022-11-23,106.076,1274.57,1.0397,7.1538,0.6733,5.3496,915.63,1.3354,9.946,16.9678,3.6927,3.8837,4.4773,1.368,1.524,2.3318,2.399,2.6232,2.598,2.795,4.36,1.31,20.35,136.2,51.56,15.84,4027.26,2697.39,932.3,3773.53,3096.907,5945.11,46.105,1184,2495,,183.38
2022-11-24,106.076,1271.38,1.041,7.1694,0.6764,5.3122,910.5,1.3337,9.9101,17.0202,3.6927,3.8837,4.4773,1.368,1.524,2.3318,2.399,,2.598,2.812,,,20.42,,,,,2706.01,945.57,3756.81,3089.31,5992.35,,1242,2487,,226.25
2022-11-25,105.959,1272.85,1.0395,7.194,0.6751,5.3987,922.99,1.338,9.888,17.0813,3.6776,3.8577,4.4526,1.357,1.505,2.3309,2.3952,2.614,2.5943,2.839,4.35,1.3,20.5,129.6,50.16,15.23,4026.12,2703.67,941.01,3775.78,3101.693,5971.1,45.935,1324,2494,,189.26
2022-11-26,,,,,,,,,,,,,,,,,,,,,,,,,,,,,,,,,,,,,119.31
2022-11-27,,,,,,,,,,,,,,,,,,,,,,,,,,,,,,,,,,,,,173.32
2022-11-28,106.681,1280.93,1.034,7.2474,0.665,5.3657,913.3,1.3496,10.0237,17.1537,3.6812,3.875,4.4381,1.418,1.583,2.271,2.3361,2.561,2.539,2.87,4.49,1.33,22.21,131.73,50.53,15.77,3963.94,2668.44,930.77,3733.24,3078.549,5872.38,44.675,1347,2468,,183.05
2022-11-29,106.822,1279.53,1.033,7.1406,0.6688,5.2845,903.75,1.3579,10.007,17,3.7441,3.9236,4.4732,1.484,1.616,2.2668,2.3525,2.5763,2.5421,2.906,4.48,1.34,21.89,131.23,47.91,15.71,3957.63,2663.25,952.94,3848.42,3149.748,6236.72,45.35,1327,2433,,90.52
2022-11-30,105.95,1269.83,1.0406,7.0457,0.6788,5.1906,894,1.3412,9.845,17.2031,3.6054,3.7367,4.3102,1.243,1.304,2.3683,2.4765,2.699,2.649,2.922,4.48,1.33,20.58,127.27,46.15,15.45,4080.11,2720.89,972.29,3853.04,3151.335,6374.44,45.575,1355,2353,,89.9
2022-12-01,104.728,1257.22,1.052,7.0385,0.6811,5.1916,880.05,1.3432,9.7317,17.6574,3.5048,3.6644,4.2276,1.136,1.204,2.3738,2.502,2.704,2.638,2.902,4.37,1.32,19.84,119.77,45.61,15.92,4076.57,2741.08,978.3,3894.77,3165.471,6384.9,45.425,1338,2260,65.95,177.11
2022-12-02,104.545,1256.74,1.0535,7.021,0.679,5.219,883.6,1.3468,9.778,17.5052,3.4862,3.652,4.2717,1.054,1.139,2.4423,2.5555,2.751,2.6996,2.911,4.38,1.3,19.06,118.62,45.76,15.42,4071.7,2733.03,973.85,3870.95,3156.144,6368.74,45.155,1324,2220,109.1,48.03
2022-12-03,,,,,,,,,,,,,,,,,,,,,,,,,,,,,,,,,,,,106.41,83.3
2022-12-04,,,,,,,,,,,,,,,,,,,,,,,,,,,,,,,,,,,,51.62,339.06
2022-12-05,105.289,1266.71,1.0491,6.975,0.6698,5.283,895.92,1.3588,9.9484,17.4239,3.5736,3.7777,4.3874,1.174,1.3,2.4091,2.5208,2.7137,2.6652,2.924,4.34,1.3,20.75,126.5,45.41,15.81,3998.84,2696.3,984.26,3946.88,3211.814,6706.29,43.815,1323,2196,98.97,187.14
2022-12-06,105.578,1270.13,1.0467,6.9807,0.6688,5.2379,879.28,1.3653,10.0242,17.3365,3.5314,3.7517,4.3664,1.205,1.353,2.3348,2.4417,2.639,2.599,2.945,4.48,1.3,22.17,129.09,46.36,16.19,3941.26,2662.07,972.93,3968.2,3212.533,6652.95,42.66,1340,2112,139.1,105.68
2022-12-07,105.1,1265.91,1.0506,6.9619,0.6725,5.2164,866.66,1.3653,10.0237,17.1622,3.4169,3.6241,4.2561,1.156,1.288,2.2726,2.378,2.5825,2.5476,2.912,4.58,1.32,22.68,131.1,47.91,16.55,3933.92,2654.34,958.77,3958.44,3199.619,6432.95,42.56,1373,2095,127.41,151.37
2022-12-08,104.774,1262.43,1.0556,6.9613,0.6769,5.2169,,1.3595,9.9658,17.1659,3.4819,3.7066,4.3077,1.187,1.342,2.3043,2.4061,2.6148,2.592,2.919,4.46,1.3,22.29,129.54,47.17,16.45,3963.51,2670.27,969.21,3959.18,3197.35,6666.77,42.37,1385,2089,140.96,81.81
2022-12-09,104.81,1263.79,1.054,6.9643,0.6795,5.2471,861.76,1.3645,10,17.3542,3.5783,3.7686,4.3443,1.309,1.443,2.2751,2.3674,2.5867,2.5685,2.921,4.37,1.3,22.83,132.79,46.93,16.26,3934.38,2662.86,978.28,3998.24,3206.95,6834.21,41.34,1386,2110,117.31,114.31
2022-12-10,,,,,,,,,,,,,,,,,,,,,,,,,,,,,,,,,,,,,61
2022-12-11,,,,,,,,,,,,,,,,,,,,,,,,,,,,,,,,,,,,,223.06
2022-12-12,105.131,1266.27,1.0537,6.9898,0.6745,5.2924,867.6,1.3636,9.9971,17.5793,3.6113,3.7894,4.3754,1.334,1.446,2.2794,2.3807,2.596,2.579,2.922,4.31,1.29,25,141.93,44.99,15.51,3990.56,2683.56,963.58,3953.44,3179.042,6628.3,42.425,1361,2106,,169.7
2022-12-13,103.98,1254.82,1.0633,6.9639,0.6855,5.3047,858.86,1.3545,9.7772,17.2639,3.5012,3.6508,4.2183,1.257,1.345,2.2472,2.3414,2.558,2.5428,2.931,4.26,1.29,22.55,135.08,43.37,14.71,4019.65,2715.49,965.25,3945.68,3176.325,6654.85,43.23,1357,2086,,122.35
2022-12-14,103.77,1250.97,1.0682,6.943,0.6864,5.2899,870.8,1.3548,9.7179,17.1677,3.4774,3.6127,4.2095,1.286,1.36,2.1932,2.2914,2.5,2.48,2.895,4.3,1.3,21.14,120.26,41.82,14.06,3995.32,2705.31,973.71,3954.89,3176.525,6702.36,42.965,1401,2079,,120.9
2022-12-15,104.558,1263.16,1.0628,6.9913,0.6703,5.3142,878,1.3658,9.8675,17.4959,3.4463,3.6178,4.2362,1.282,1.412,2.1675,2.244,2.448,2.45,2.916,4.45,1.31,22.83,111.26,43.7,14.39,3895.75,2636.91,960.22,3951.99,3168.648,6591.46,42.705,1528,2092,,114.95
2022-12-16,104.701,1264.3,1.0586,6.9774,0.6685,5.3073,886.9,1.3699,9.896,17.6833,3.4822,3.6242,4.1783,1.357,1.472,2.1303,2.1912,2.395,2.411,2.914,4.57,1.32,22.62,113.65,42.29,14.14,3852.36,2606.01,957.3,3954.23,3167.858,6634.75,42.18,1560,2078,,99.07
2022-12-17,,,,,,,,,,,,,,,,,,,,,,,,,,,,,,,,,,,,,84.76
2022-12-18,,,,,,,,,,,,,,,,,,,,,,,,,,,,,,,,,,,,,103.12
2022-12-19,104.721,1263.89,1.0607,6.9861,0.67,5.2992,889.7,1.3648,9.9062,17.3009,3.5846,3.7142,4.2557,1.425,1.519,2.1635,2.235,2.434,2.441,2.887,4.57,1.33,22.42,118.32,42.47,14.49,3817.66,2585.89,957.64,3893.22,3107.115,6604.62,41.745,1548,2043,,87.27
2022-12-20,103.965,1255.06,1.0624,6.9614,0.6678,5.2033,886.67,1.3611,9.8669,17.3059,3.6825,3.7872,4.2532,1.439,1.51,2.2482,2.3208,2.5113,2.5181,2.896,4.58,1.35,21.48,119.92,41.79,15.03,3821.62,2592.86,951.08,3829.02,3073.766,6472.29,42.375,1596,1951,,72.84
2022-12-21,104.162,1255.7,1.0605,6.9864,0.6707,5.2021,870.13,1.3612,9.8388,17.1964,3.662,3.7697,4.2127,1.376,1.442,2.2868,2.3702,2.5427,2.549,2.894,4.48,1.32,20.07,115,41.18,14.78,3878.44,2626.92,952.98,3830.54,3068.41,6500.18,43.18,1723,1921,,147.63
2022-12-22,104.433,1257.31,1.0596,7.0096,0.667,5.173,873.5,1.3656,9.8765,17.1607,3.6786,3.8028,4.2714,1.484,1.541,2.1987,2.3035,2.465,2.469,2.877,4.52,1.32,21.97,112.05,41.8,14.88,3822.39,2595.25,964.06,3836.03,3054.431,6716.32,42.185,1650,1887,,98.69
2022-12-23,104.314,1255.39,1.0617,7.0031,0.6721,5.162,876.75,1.3599,9.8911,17.0217,3.7472,3.8569,4.3211,1.521,1.562,2.2266,2.3342,2.4853,2.491,2.866,4.48,1.3,20.87,113.17,41.21,14.86,3844.82,2605.19,954.78,3828.22,3045.866,6642.9,43.53,1515,1873,,84.14
2022-12-24,,,,,,,,,,,,,,,,,,,,,,,,,,,,,,,,,,,,,73.31
2022-12-25,,,,,,,,,,,,,,,,,,,,,,,,,,,,,,,,,,,,,343.59
2022-12-26,,,1.0637,6.9758,0.6727,5.2199,878.02,1.3582,9.8431,17.0053,3.7472,3.8569,4.3211,1.521,1.562,2.227,2.336,,,2.851,,,,,,,,2605.48,956.48,3843.49,3065.563,,,,,,170.29
2022-12-27,104.179,1254.43,1.064,6.9668,0.6732,5.2933,871.99,1.3523,9.8298,17.2086,3.8411,3.9396,4.3741,1.575,1.61,2.2693,2.3686,2.529,2.5383,2.877,4.47,1.3,21.65,124.89,43.5,16.3,3829.25,2600.94,959.39,3887.85,3095.568,,43.995,,,,69.63
2022-12-28,104.463,1257.75,1.0612,6.997,0.6737,5.2633,863.1,1.3608,9.8986,17.1146,3.8827,3.9661,4.3512,1.605,1.64,2.2769,2.3664,2.5252,2.5405,2.871,4.63,1.3,22.14,120.07,43.95,15.99,3783.22,2575.16,960.18,3871.26,3087.4,6772.76,43.01,,,,85.9
2022-12-29,103.836,1251.36,1.0661,6.9737,0.6778,5.2804,857.8,1.3548,9.8841,16.9635,3.8145,3.941,4.3615,1.533,1.598,2.2806,2.3749,2.516,2.527,2.848,4.68,1.29,21.44,120.25,42.6,16.18,3849.28,2611.98,957.45,3856.7,3073.702,6695.57,43.46,,,,123.69
2022-12-30,103.522,1246.6,1.0705,6.922,0.6813,,851.13,1.3554,9.8038,17.0374,3.8748,4.0039,4.4258,1.576,1.651,2.2972,2.3827,2.5185,2.526,2.839,4.69,1.3,21.67,121.61,41.26,16.25,3839.5,2602.69,956.38,3871.63,3089.258,6704.94,43.735,,,,199.3
2022-12-31,,,,,,,,,,,,,,,,,,,,,,,,,,,,,,,,,,,,,162.78
2023-01-01,,,,,,,,,,,,,,,,,,,,,,,,,,,,,,,,,,,,34.63,433.38
2023-01-02,,,1.0667,6.927,0.6802,5.3597,,1.3573,9.8562,16.9958,3.8748,4.0039,4.4258,1.576,1.651,2.2972,2.3845,,,,,,,,,,,2607.25,956.12,,,,,,,117.05,185.33
2023-01-03,104.518,1255.66,1.0548,6.9237,0.6727,5.4627,859.5,1.3671,10.0855,17.0131,3.7389,3.894,4.3699,1.482,1.62,2.2558,2.3104,2.4544,2.495,2.829,4.59,1.32,22.9,129.97,44.14,17.26,3824.14,2600.91,962.57,3887.9,3116.512,6833.98,42.2,1250,1465,198.45,117.51
2023-01-04,104.248,1251.2,1.0604,6.8995,0.6839,5.4316,855.61,1.3478,10.0889,16.8839,3.6827,3.8402,4.3534,1.482,1.648,2.1972,2.2277,2.3753,2.436,2.818,4.52,1.33,22.01,125.78,45.83,17.35,3852.97,2624.35,974.22,3892.95,3123.516,7065.53,42.195,1176,1430,94.29,114.2
2023-01-05,105.042,1258.25,1.0522,6.8884,0.6752,5.3529,852.75,1.357,10.2457,17.1665,3.7181,3.9132,4.4576,1.492,1.698,2.2221,2.252,2.396,2.461,2.837,4.48,1.33,22.46,119.53,43.93,16.78,3808.1,2594.69,984,3968.58,3155.216,7172.43,42.965,1146,1396,100.74,176.01
2023-01-06,103.879,1245.12,1.0644,6.8303,0.6877,5.225,841,1.3444,10.001,17.107,3.558,3.698,4.2474,1.341,1.508,2.2109,2.2274,2.351,2.4345,2.835,4.37,1.32,21.13,113.87,42.94,16.44,3895.08,2649.76,988.68,3980.89,3157.636,7143.64,43.78,1130,1391,88.73,158.88
2023-01-07,,,,,,,,,,,,,,,,,,,,,,,,,,,,,,,,,,,,88.86,168.63
2023-01-08,,,,,,,,,,,,,,,,,,,,,,,,,,,,,,,,,,,,29.23,204.85
2023-01-09,103.001,1237.63,1.073,6.7821,0.6912,5.2585,835.5,1.3389,9.9459,16.9274,3.5321,3.6737,4.2077,1.315,1.49,2.2123,2.2176,2.336,2.436,2.842,4.28,1.3,21.97,116.67,42.75,16.92,3892.09,2663.17,1013.5,4013.12,3176.084,7286.07,43.625,1139,1392,86.13,152.46
2023-01-10,103.236,1238.31,1.0733,6.7847,0.6889,5.2041,828.3,1.3426,9.989,17.0145,3.6188,3.7306,4.2472,1.388,1.536,2.2261,2.2283,2.338,2.443,2.872,4.24,1.28,20.58,119.52,41.6,16.59,3919.25,2671.2,1014.02,4017.47,3169.507,7263.63,43.935,1096,1423,114.62,386.4
2023-01-11,103.188,1237.39,1.0757,6.7678,0.6904,5.1647,823.5,1.3425,10.0021,16.9179,3.5392,3.658,4.2179,1.311,1.456,2.2244,2.2345,2.3439,2.438,2.874,4.2,1.26,21.09,115.17,41.19,16.32,3969.61,2700.75,1016.85,4010.03,3161.838,7310.92,44.07,1043,1427,129.44,363.54
2023-01-12,102.246,1226.6,1.0853,6.7266,0.6969,5.101,818.5,1.3367,9.89,16.7535,3.44,3.5357,4.1447,1.231,1.323,2.2084,2.2481,2.3536,2.434,2.876,4.19,1.25,18.83,112.34,39.28,15.95,3983.17,2720.09,1018.31,4017.87,3163.451,7311.84,44.91,976,1441,114.45,189.12
2023-01-13,102.204,1224.26,1.083,6.7139,0.6968,5.1034,819.98,1.3396,9.9027,16.8287,3.5035,3.6107,4.2321,1.311,1.404,2.1876,2.2423,2.3391,2.4018,2.898,4.07,1.24,18.35,113.55,38.19,16.37,3999.09,2735.72,1029.84,4074.38,3195.306,7391.18,44.975,946,1445,103.7,141.9
2023-01-14,,,,,,,,,,,,,,,,,,,,,,,,,,,,,,,,,,,,95.4,176.67
2023-01-15,,,,,,,,,,,,,,,,,,,,,,,,,,,,,,,,,,,,42.61,261.68
2023-01-16,102.204,1227,1.0822,6.7427,0.6955,5.1527,822.24,1.3408,9.9044,17.0209,3.5035,3.6107,4.2321,1.311,1.404,2.1876,2.2423,,,2.919,,,19.49,,,,,2735.88,1030.91,4137.96,3227.592,7350.34,,946,1445,107.1,166.4
2023-01-17,102.39,1225.54,1.0788,6.7698,0.6988,5.1052,815.58,1.3389,9.8682,17.0494,3.5476,3.6209,4.2047,1.38,1.442,2.165,2.2136,2.3137,2.3831,2.906,4.1,1.23,19.36,122.27,40.1,16.49,3990.97,2736.45,1027.38,4137.24,3224.245,7314.04,45.07,921,1427,127.41,73.48
2023-01-18,102.363,1228.06,1.0794,6.7691,0.6943,5.1815,823.38,1.3493,9.9013,17.1064,3.3698,3.4385,4.0825,1.244,1.341,2.1207,2.1309,2.2227,2.336,2.914,4.16,1.23,20.34,112.61,39.25,16.19,3928.86,2713.54,1030.06,4130.31,3224.406,7340.73,44.245,874,1421,76.78,310.22
2023-01-19,102.058,1225.81,1.0833,6.7707,0.691,5.1767,826.01,1.3466,9.8951,17.2764,3.3915,3.4828,4.1264,1.152,1.266,2.2335,2.2518,2.346,2.4384,2.914,4.29,1.24,20.52,114.53,39.02,16.71,3898.85,2685.32,1027.91,4156.01,3240.279,7312.76,44.795,801,1412,115.06,106.09
2023-01-20,102.012,1224.86,1.0856,6.7812,0.6963,5.2071,815.15,1.3381,9.8762,17.1304,3.4787,3.5614,4.1702,1.241,1.321,2.2402,2.2743,2.35,2.446,2.928,4.24,1.23,19.85,114.76,37.81,16.4,3972.61,2725.4,1036.24,4181.53,3264.814,7483.58,45.24,763,1415,152.37,119.89
2023-01-21,,,,,,,,,,,,,,,,,,,,,,,,,,,,,,,,,,,,126.19,89.56
2023-01-22,,,,,,,,,,,,,,,,,,,,,,,,,,,,,,,,,,,,41.54,258.78
2023-01-23,102.138,1225.23,1.0872,6.7765,0.7029,5.1959,814.2,1.3368,9.816,17.1874,3.5098,3.62,4.2274,1.247,1.34,2.2686,2.3132,2.3968,2.477,,4.16,1.22,19.81,114.69,37.3,16.2,4019.81,2754.96,1038.68,,,,45.3,740,1411,87.71,326.16
2023-01-24,101.918,1224.42,1.0887,6.784,0.7046,5.1423,801.65,1.3369,9.8596,17.198,3.4527,3.5749,4.2103,1.171,1.281,2.2837,2.3264,2.4025,2.492,,4.2,1.22,19.2,112.76,38.26,16.17,4016.95,2755.96,1039.2,,,,45.125,721,1384,89.98,123.28
2023-01-25,101.641,1220.95,1.0916,6.7721,0.7104,5.0767,802.49,1.3392,9.9028,17.1104,3.4416,3.5453,4.125,1.146,1.24,2.2981,2.3359,2.4113,2.504,,4.24,1.22,19.08,107.74,38.54,16.12,4016.22,2756.73,1041.26,,,,45.13,703,1353,110.61,113.38
2023-01-26,101.839,1221.39,1.0892,6.737,0.7115,5.0702,801.79,1.3321,9.8643,17.1883,3.4947,3.5929,4.1826,1.168,1.256,2.3323,2.3846,2.4535,2.522,,4.14,1.19,18.73,104.28,38.12,15.59,4060.43,2777.62,1052.46,,,7706.72,46.555,677,1336,71.49,72.53
2023-01-27,101.927,1222.19,1.0868,6.7569,0.71,5.1086,806.18,1.3311,9.8905,17.1876,3.5035,3.6102,4.199,1.188,1.283,2.3173,2.3725,2.435,2.515,,4.13,1.19,18.51,100.7,38.6,15.23,4070.56,2785.84,1051.19,,,7773.61,45.615,676,1323,120.77,110.89
2023-01-28,,,,,,,,,,,,,,,,,,,,,,,,,,,,,,,,,,,,82.94,114.2
2023-01-29,,,,,,,,,,,,,,,,,,,,,,,,,,,,,,,,,,,,55.21,225.17
2023-01-30,102.276,1225.14,1.0851,6.7565,0.706,5.1214,807.66,1.3387,9.9737,17.4003,3.5366,3.6621,4.2341,1.252,1.364,2.2871,2.3442,2.4208,2.489,2.919,4.18,1.19,19.94,103.77,40.18,15.59,4017.77,2759.32,1044,4201.35,3269.318,7496.07,44.57,680,1302,155.17,190.98
2023-01-31,102.097,1223.2,1.0863,6.7568,0.7055,5.0757,797.5,1.3306,9.9878,17.4081,3.5069,3.6171,4.2011,1.264,1.333,2.2456,2.3275,2.4058,2.4535,2.902,4.2,1.17,19.4,99.54,38.55,15.75,4076.6,2785,1031.5,4156.86,3255.669,7424.92,44.965,681,1275,148.32,158.19
2023-02-01,101.217,1213.96,1.099,6.7195,0.7137,5.052,791.44,1.3291,9.9147,17.0439,3.4166,3.5154,4.1063,1.159,1.21,2.2624,2.3482,2.4125,2.4525,2.913,4.19,1.18,17.87,97.33,37.99,15.22,4119.21,2809.94,1042.79,4195.93,3284.921,7560.4,44.08,668,1260,108.7,137.21
2023-02-02,101.75,1218.67,1.091,6.7377,0.7077,5.0436,779.3,1.3316,10.0481,17.0702,3.3927,3.4879,4.1042,1.154,1.207,2.2417,2.3231,2.3936,2.4383,2.897,3.86,1.15,18.73,97.76,38.49,15.14,4179.76,2847.82,1045.56,4181.15,3285.67,7505.79,43.075,640,1256,130.6,116.99
2023-02-03,102.915,1233.7,1.0795,6.806,0.6923,5.1332,795.9,1.3397,10.2197,17.4756,3.5246,3.659,4.2886,1.295,1.382,2.2303,2.3231,2.393,2.437,2.896,3.85,1.15,18.33,98.99,39.48,15.06,4136.48,2820.74,1038.71,4141.63,3263.406,7387.02,42.98,621,1239,116.33,115.81
2023-02-04,,,,,,,,,,,,,,,,,,,,,,,,,,,,,,,,,,,,119.19,99.82
2023-02-05,,,,,,,,,,,,,,,,,,,,,,,,,,,,,,,,,,,,83.86,90.75
2023-02-06,103.621,1241.48,1.0726,6.8056,0.6883,5.151,803.63,1.3446,10.3397,17.6638,3.6399,3.8283,4.4724,1.378,1.503,2.2645,2.3776,2.4463,2.4635,2.907,3.9,1.15,19.43,105.63,38.92,15.81,4111.08,2793.59,1014.49,4086.88,3238.698,7189.37,42.785,608,1224,112.53,219.03
2023-02-07,103.427,1236.24,1.0726,6.7839,0.6959,5.2048,796.28,1.3399,10.3155,17.5654,3.6735,3.8337,4.4644,1.356,1.427,2.3207,2.458,2.522,2.515,2.896,3.91,1.15,18.66,103.15,37.31,15.62,4164,2820.49,1015.51,4094.23,3248.094,7232.25,44.175,601,1218,138.02,190.34
2023-02-08,103.409,1238.01,1.0712,6.7964,0.6925,5.2013,800.45,1.3447,10.324,17.7693,3.6098,3.7883,4.4208,1.258,1.337,2.3564,2.5002,2.559,2.5495,2.897,3.99,1.16,19.63,100.75,37.02,15.46,4117.86,2801.96,1020.58,4076.14,3232.106,7189.29,43.78,603,1213,134.98,139.63
2023-02-09,103.221,1236.3,1.074,6.7922,0.6936,5.2752,802.3,1.3454,10.1777,17.758,3.6579,3.8586,4.482,1.329,1.417,2.3319,2.4938,2.5467,2.5447,2.895,3.99,1.17,20.71,102.45,35.75,15.52,4081.5,2790.53,1024.51,4130.86,3270.383,7313.73,43.405,592,1205,169.59,129.06
2023-02-10,103.63,1237.34,1.0678,6.8231,0.6917,5.2138,797.22,1.3344,10.1509,17.8582,3.732,3.9226,4.517,1.403,1.464,2.3362,2.5065,2.553,2.545,2.892,4.14,1.18,20.53,109.63,35.89,15.46,4090.46,2783.91,1013.67,4106.31,3260.673,7126.19,45.105,602,1206,147.88,99.82
2023-02-11,,,,,,,,,,,,,,,,,,,,,,,,,,,,,,,,,,,,98.81,118.66
2023-02-12,,,,,,,,,,,,,,,,,,,,,,,,,,,,,,,,,,,,75.78,54.4
2023-02-13,103.345,1235.46,1.0723,6.8242,0.6966,5.1697,792.9,1.3332,10.0955,17.8561,3.7016,3.9104,4.5175,1.388,1.474,2.3154,2.4878,2.5476,2.537,2.897,4.14,1.2,20.34,110.67,37.77,15.58,4137.29,2810.04,1013.53,4143.57,3284.16,7144.45,44.99,616,1204,110.42,70.05
2023-02-14,103.233,1234.75,1.0738,6.8374,0.6986,5.188,785.6,1.3337,10.1341,17.8988,3.7435,4.001,4.6154,1.435,1.541,2.3109,2.5182,2.5713,2.5333,2.892,4.09,1.19,18.91,110.59,36.67,14.88,4136.13,2812.53,1014.49,4145.29,3293.283,7110.42,45.005,563,1203,82.67,105.73
2023-02-15,103.923,1242.19,1.0689,6.8636,0.6903,5.2162,793.5,1.3394,10.2118,18.0312,3.8049,4.0368,4.6309,1.461,1.533,2.3453,2.561,2.615,2.565,2.893,4.08,1.19,18.23,108.64,35.7,14.9,4147.6,2815.45,1004.87,4123.69,3280.492,7018.14,44.24,541,1212,119.27,200.6
2023-02-16,103.856,1243.61,1.0674,6.8684,0.6879,5.2198,792.22,1.3458,10.2526,18.1662,3.8608,4.0727,4.64,1.487,1.556,2.3771,2.5716,2.624,2.5898,2.893,4.16,1.19,20.17,111.01,35.03,14.92,4090.41,2790.63,1011.14,4093.49,3249.03,7089.95,43.805,530,1244,134.75,223.17
2023-02-17,103.862,1242.35,1.0695,6.8738,0.6879,5.1627,789,1.3473,10.282,18.056,3.8148,4.0291,4.6169,1.454,1.53,2.3665,2.5537,2.5913,2.5775,2.891,4.26,1.21,20.02,110.11,36.04,14.69,4079.09,2779.88,999.42,4034.51,3224.024,6991.27,42.245,538,1261,106.1,97.82
2023-02-18,,,,,,,,,,,,,,,,,,,,,,,,,,,,,,,,,,,,86.77,153.22
2023-02-19,,,,,,,,,,,,,,,,,,,,,,,,,,,,,,,,,,,,115.22,101.26
2023-02-20,103.862,1242.05,1.0686,6.8595,0.6908,,798.25,1.3453,10.2304,18.0904,3.8148,4.0291,4.6169,1.454,1.53,2.3656,2.5528,,2.5775,2.919,,,21.23,,,,,2783.26,1005.21,4133.49,3290.338,7063.94,,552,1278,146.03,88.82
2023-02-21,104.176,1246.22,1.0648,6.8926,0.6853,,802.28,1.3538,10.3085,18.2563,3.9525,4.1745,4.7226,1.528,1.59,2.4271,2.6388,2.6788,2.6372,2.923,4.4,1.23,22.87,119.62,37.05,15.48,3997.34,2740.38,995.19,4144.35,3306.524,6925.07,42.035,594,1306,174.98,68.9
2023-02-22,104.585,1249.38,1.0605,6.9038,0.6804,5.1593,798.78,1.3552,10.3572,18.2389,3.9156,4.1514,4.6933,1.512,1.608,2.4062,2.5973,2.6403,2.616,2.919,4.34,1.24,22.29,118.21,38.36,15.05,3991.05,2730.88,982.06,4106.95,3291.148,6832.76,41.755,674,1304,150.31,140.33
2023-02-23,104.598,1248.74,1.0596,6.9163,0.6808,5.1318,807.4,1.3549,10.3062,18.2211,3.8768,4.1064,4.6974,1.482,1.592,2.3987,2.5908,2.6445,2.626,2.925,4.23,1.23,21.14,117.45,36.69,14.84,4012.32,2737.41,987.74,4103.65,3287.477,6859.95,42.385,816,1324,127.87,188.33
2023-02-24,105.214,1257.14,1.0548,6.981,0.6726,5.1997,825.75,1.3611,10.3867,18.4266,3.9432,4.2152,4.8136,1.57,1.728,2.3767,2.5654,2.615,2.6019,2.916,4.19,1.23,21.67,122.84,37.25,14.56,3970.04,2706.91,971.87,4061.05,3267.16,6703.45,42.33,883,1338,110.97,82.35
2023-02-25,,,,,,,,,,,,,,,,,,,,,,,,,,,,,,,,,,,,84.05,57.93
2023-02-26,,,,,,,,,,,,,,,,,,,,,,,,,,,,,,,,,,,,67.6,78.14
2023-02-27,104.673,1252.88,1.0609,6.9608,0.6739,5.2006,832.2,1.3575,10.339,18.4121,3.9141,4.1677,4.7783,1.544,1.684,2.3722,2.5629,2.6123,2.592,2.916,4.16,1.24,20.95,120.03,37.55,14.35,3982.24,2721.63,967.25,4043.84,3258.034,6670.22,42.455,935,1363,125.63,130.62
2023-02-28,104.869,1254.69,1.0576,6.9546,0.6729,5.2364,827.05,1.3647,10.3863,18.357,3.92,4.1818,4.8158,1.547,1.666,2.3783,2.5946,2.635,2.586,2.915,4.12,1.24,20.7,123.6,35.42,14.17,3970.15,2714.57,964.01,4069.46,3279.605,6581.47,41.845,990,1414,146.95,88.38
2023-03-01,104.483,1248.43,1.0668,6.8789,0.6761,5.1805,810.5,1.3594,10.3777,18.1231,3.9925,4.2559,4.8764,1.56,1.668,2.4356,2.6688,2.7085,2.6402,2.914,4.1,1.25,20.58,121.08,36.63,14.16,3951.39,2706.79,984.19,4126.94,3312.348,6914.3,42.67,1099,1455,92.77,79.33
2023-03-02,105.027,1253.22,1.0597,6.921,0.673,5.2118,812.75,1.3597,10.4506,18.2041,4.0556,4.3125,4.885,1.574,1.662,2.4852,2.7296,2.7674,2.685,2.927,4.08,1.22,19.59,124.12,35.61,13.94,3981.35,2719.68,980.05,4117.74,3310.654,6857.2,43.045,1145,1472,121.4,158.83
2023-03-03,104.521,1246.95,1.0635,6.8954,0.677,5.1974,803.78,1.3598,10.3865,18.1417,3.9517,4.2457,4.8565,1.439,1.539,2.5151,2.7875,2.835,2.7221,2.921,3.97,1.2,18.49,122.52,35.2,13.93,4045.64,2757.97,988.03,4130.55,3328.393,6939.62,43.63,1211,1483,154.63,90.05
2023-03-04,,,,,,,,,,,,,,,,,,,,,,,,,,,,,,,,,,,,101.26,109.74
2023-03-05,,,,,,,,,,,,,,,,,,,,,,,,,,,,,,,,,,,,60.05,120.29
2023-03-06,104.35,1247.01,1.0681,6.9498,0.673,5.1587,798.33,1.3613,10.417,18.2483,3.9577,4.2528,4.8861,1.475,1.58,2.4854,2.7538,2.8122,2.703,2.895,3.89,1.2,18.61,128.19,33.03,14.24,4048.42,2764.64,993.74,4109.01,3322.026,6937.5,43.65,1258,1485,106.86,88.74
2023-03-07,105.615,1259.62,1.0549,6.9939,0.6584,5.1918,803.75,1.3754,10.6959,18.5085,3.9637,4.3114,5.0084,1.58,1.776,2.3868,2.6185,2.6655,2.595,2.89,3.89,1.22,19.59,133.33,33.76,14.2,3986.37,2724.8,988.38,4048.85,3285.099,6912.28,42.89,1298,1487,161.43,97.28
2023-03-08,105.658,1259.67,1.0545,6.9684,0.6589,5.142,803.97,1.3805,10.6536,18.6068,3.9913,4.3489,5.0701,1.665,1.901,2.3295,2.5379,2.5916,2.536,2.897,4,1.24,19.11,129.76,33.39,13.79,3992.01,2725.23,978.07,4034.11,3283.248,6727.18,42.45,1327,1495,125.93,71.68
2023-03-09,105.309,1258.6,1.0581,6.977,0.659,5.1651,795.68,1.3828,10.6613,18.5685,3.9032,4.1913,4.87,1.606,1.788,2.2997,2.4845,2.5402,2.506,2.884,4.17,1.27,22.61,129.28,34.86,14.3,3918.32,2691.17,968.39,4019.85,3276.094,6649.63,41.85,1379,1511,147.48,99.01
2023-03-10,104.576,1253.53,1.0643,6.9398,0.658,5.2145,796.9,1.3832,10.6318,18.3173,3.6987,3.9647,4.5862,1.411,1.614,2.2899,2.4333,2.4913,2.4987,2.881,4.5,1.36,24.8,140.06,36.76,16.57,3861.59,2657.41,955.28,3967.14,3230.077,6445.9,41.315,1424,1487,113.44,167.33
2023-03-11,,,,,,,,,,,,,,,,,,,,,,,,,,,,,,,,,,,,84.22,111.64
2023-03-12,,,,,,,,,,,,,,,,,,,,,,,,,,,,,,,,,,,,77.71,63.42
2023-03-13,103.595,1245.08,1.0731,6.852,0.6668,5.2469,805.25,1.3731,10.5505,18.1979,3.5732,3.6991,3.9764,1.326,1.432,2.2486,2.3391,2.417,2.4672,2.88,4.94,1.52,26.52,173.59,38.13,20,3855.76,2643.64,961.5,4008.69,3268.696,6590.23,40.475,1465,1478,144.3,226.43
2023-03-14,103.597,1243.35,1.0733,6.8798,0.6682,5.2542,801.27,1.3686,10.5366,18.1287,3.6892,3.853,4.2504,1.394,1.498,2.299,2.4309,2.5219,2.515,2.879,4.69,1.48,23.73,169.65,47.41,17.95,3919.29,2674.36,945.12,3984.7,3245.312,6439,40.875,1587,1480,117.31,246.38
2023-03-15,104.646,1254.44,1.0577,6.8925,0.6619,5.2889,824.1,1.3768,10.7617,18.4372,3.4548,3.5509,3.8874,1.181,1.234,2.2765,2.3864,2.5095,2.521,2.875,5.11,1.63,26.14,198.71,49.78,19.75,3891.93,2638.46,946.87,3986.9,3263.315,6559.86,38.68,1603,1516,101.75,165.53
2023-03-16,104.418,1250.74,1.061,6.8953,0.6656,5.2311,824.95,1.3721,10.7616,18.3989,3.577,3.7366,4.1572,1.357,1.477,2.2234,2.3429,2.461,2.4741,2.87,4.85,1.56,22.99,167.96,48.65,17.38,3960.28,2677.99,941.35,3939.15,3226.891,6482.47,39.1,1560,1541,112.81,191.67
2023-03-17,103.708,1246.67,1.067,6.8861,0.6697,5.2787,829.5,1.3731,10.6895,18.474,3.4286,3.5002,3.8374,1.334,1.397,2.098,2.1841,2.3211,2.35,2.873,5.09,1.58,25.51,180.11,51.48,22.83,3916.64,2656.19,951.56,3958.82,3250.546,6615.71,38.485,1535,1579,85.23,236.53
2023-03-18,,,,,,,,,,,,,,,,,,,,,,,,,,,,,,,,,,,,87.94,80.16
2023-03-19,,,,,,,,,,,,,,,,,,,,,,,,,,,,,,,,,,,,32.06,213.92
2023-03-20,103.281,1241.34,1.0721,6.8736,0.6718,5.2379,824.45,1.3664,10.6475,18.5196,3.4847,3.5892,3.9763,1.329,1.42,2.1583,2.2517,2.3943,2.419,2.856,5.09,1.57,24.15,182.64,51.14,21.4,3951.57,2678.29,942.98,3939.08,3234.91,6469.65,38.85,1542,1611,94.07,158.68
2023-03-21,103.256,1240.97,1.0768,6.8765,0.6669,5.2431,822.3,1.3713,10.5485,18.5589,3.6094,3.748,4.1664,1.371,1.496,2.2415,2.3342,2.464,2.488,2.865,4.81,1.45,21.38,162.31,48.12,19.14,4002.87,2711.84,952.45,3982.38,3255.65,6549.78,40.195,1512,1642,129.9,102.69
2023-03-22,102.346,1234.21,1.0856,6.8607,0.6685,5.2389,809.5,1.3731,10.4657,18.2805,3.4341,3.5114,3.9367,1.187,1.236,2.2493,2.3525,2.5015,2.498,2.862,4.96,1.45,22.26,142.84,46.97,19.22,3936.97,2686.13,961.48,3999.44,3265.748,6639.99,39.34,1456,1648,114.43,215.3
2023-03-23,102.532,1232.51,1.0831,6.8296,0.6684,5.2993,806.4,1.3715,10.3894,18.0989,3.4266,3.4392,3.833,1.175,1.175,2.2554,2.3386,2.4751,2.5049,2.874,5.07,1.47,22.61,151.4,46.9,20.95,3948.72,2696.85,977.78,4039.09,3286.649,6836.46,38.795,1484,1642,100.57,190
2023-03-24,103.116,1237.14,1.076,6.8669,0.6645,5.2466,810.28,1.3744,10.482,18.157,3.3762,3.4075,3.7667,1.169,1.206,2.2095,2.2741,2.415,2.47,2.871,5.16,1.49,21.74,173.66,48.36,19.96,3970.99,2692.55,972.17,4027.05,3265.654,6794.8,38.945,1489,1622,72.62,163.72
2023-03-25,,,,,,,,,,,,,,,,,,,,,,,,,,,,,,,,,,,,101.61,132.95
2023-03-26,,,,,,,,,,,,,,,,,,,,,,,,,,,,,,,,,,,,31.65,153.05
2023-03-27,102.857,1235.07,1.0798,6.8828,0.6651,5.1992,805.83,1.3661,10.4655,18.3085,3.5299,3.5911,3.9952,1.279,1.311,2.2538,2.3512,2.486,2.505,2.859,4.99,1.46,20.6,161.67,45.41,19.18,3977.53,2702.42,964.01,4012.48,3251.397,6648.68,39.775,1456,1587,120.95,141.81
2023-03-28,102.43,1229.71,1.0845,6.8775,0.6709,5.1663,797.5,1.3601,10.3593,18.1474,3.5696,3.6757,4.0783,1.27,1.342,2.3011,2.4034,2.5325,2.551,2.859,4.98,1.47,19.97,155.96,44.31,19.03,3971.27,2704.76,970.69,3999.52,3245.376,6729.76,40.39,1402,1545,76.76,117.77
2023-03-29,102.64,1232.47,1.0844,6.894,0.6684,5.1359,793.83,1.3559,10.4088,18.1014,3.5639,3.6819,4.0989,1.233,1.286,2.3335,2.4654,2.5794,2.5707,2.856,4.8,1.43,19.12,150.58,43.33,17.77,4027.81,2739.42,980.14,4006.14,3240.057,6878.93,40.95,1407,1508,79.96,127.01
2023-03-30,102.144,1227.61,1.0905,6.8749,0.6712,5.0948,789.83,1.3523,10.3882,17.8203,3.5488,3.6837,4.1195,1.22,1.287,2.3312,2.4692,2.577,2.577,2.866,4.72,1.4,19.02,141.24,42.02,18.39,4050.83,2759.71,985.77,4038.53,3261.249,6922.66,41.13,1403,1481,129.3,82.78
2023-03-31,102.506,1230.24,1.0839,6.8703,0.6685,5.0631,795.47,1.3516,10.4747,17.7962,3.4676,3.5733,4.0253,1.147,1.172,2.3221,2.4761,2.59,2.579,2.858,4.55,1.38,18.7,135.93,40.34,17.31,4109.31,2791.44,990.28,4050.93,3272.86,6968.86,41.415,1389,1428,90.45,144.99
2023-04-01,,,,,,,,,,,,,,,,,,,,,,,,,,,,,,,,,,,,52.35,118.19
2023-04-02,,,,,,,,,,,,,,,,,,,,,,,,,,,,,,,,,,,,43.59,407.69
2023-04-03,102.093,1225.51,1.0899,6.8769,0.6786,5.0649,808.88,1.3437,10.2976,17.8492,3.4114,3.5011,3.9634,1.117,1.102,2.2973,2.466,2.5714,2.544,2.864,4.54,1.36,18.55,138.17,39.49,18.25,4124.51,2803.63,989.18,4090.57,3296.396,6940.45,43.29,1412,1363,84.6,150.38
2023-04-04,101.586,1222.58,1.0953,6.8788,0.6751,5.073,808.53,1.3445,10.3119,17.9305,3.3387,3.3881,3.8253,1.087,1.056,2.2549,2.3939,2.5,2.502,2.865,4.67,1.38,19,147.75,39.42,19.73,4100.6,2796.78,987.62,4103.1,3312.558,6875.47,42.505,1473,1334,119.43,154.53
2023-04-05,101.852,1225.67,1.0904,6.8858,0.672,5.0346,810.53,1.3458,10.4427,18.0419,3.3108,3.3709,3.7798,1.073,1.06,2.2401,2.3703,2.4826,2.489,,4.78,1.4,19.08,153.9,39.14,18.98,4090.38,2784.05,987.85,,,,43.145,1525,1332,117.88,108.51
2023-04-06,101.822,1226.29,1.0922,6.8823,0.6672,5.0575,818.89,1.3493,10.4463,18.25,3.305,3.3755,3.8309,1.06,1.055,2.2474,2.38,2.497,2.501,2.864,4.77,1.41,18.4,147.73,34.76,18.44,4105.02,2790.1,984.43,4096.64,3312.628,6894.05,42.49,1560,1319,173.69,40.4
2023-04-07,102.092,,1.0905,6.877,0.6672,,818.7,1.3512,10.5043,18.1949,3.3906,3.4971,3.9806,1.133,1.156,2.2623,2.3969,2.524,2.5172,2.85,4.65,1.4,,139.2,,,,2790.38,987.07,4123.28,3327.646,,,,,169.01,65.4
2023-04-08,,,,,,,,,,,,,,,,,,,,,,,,,,,,,,,,,,,,64.85,124.42
2023-04-09,,,,,,,,,,,,,,,,,,,,,,,,,,,,,,,,,,,,44.02,210.2
2023-04-10,102.578,1231.53,1.0859,6.8927,0.6641,5.067,818.75,1.3509,10.5275,18.5123,3.4168,3.5194,4.0077,1.144,1.176,2.2752,2.4052,2.53,2.531,2.849,4.65,1.4,18.97,143,34.31,18.54,4109.11,2786.2,988.68,4104.81,3315.358,,42.83,,,142.78,116.65
2023-04-11,102.204,1228.88,1.0912,6.8939,0.6654,5.0068,806.1,1.3467,10.557,18.3962,3.4262,3.528,4.0224,1.136,1.167,2.2925,2.4224,2.5487,2.551,2.823,4.59,1.38,19.1,139.78,34.23,18.33,4108.94,2797.07,996.25,4100.15,3313.571,6950.37,43.235,1507,1295,92.75,155.38
2023-04-12,101.5,1223.42,1.0992,6.8809,0.6691,4.9191,803.63,1.3442,10.4427,18.4191,3.3906,3.4625,3.9578,1.115,1.166,2.2786,2.3576,2.483,2.5387,2.819,4.59,1.39,19.09,129.68,33.74,17.69,4091.95,2795.48,993.58,4097.29,3327.182,6866.5,43.265,1463,1276,119.43,109.82
2023-04-13,101.011,1216.67,1.1046,6.8718,0.6782,4.9275,795,1.3337,10.3068,18.0472,3.4449,3.5003,3.9683,1.157,1.216,2.2909,2.3469,2.4815,2.546,2.831,4.46,1.37,17.8,119.95,32.78,18.48,4146.22,2829.2,997.03,4068.98,3318.364,6875.45,43.535,1463,1256,126.19,258.05
2023-04-14,101.552,1221.76,1.0992,6.8729,0.6707,4.9088,796.63,1.3374,10.3892,18.086,3.5128,3.6056,4.0989,1.212,1.289,2.3038,2.3855,2.5192,2.556,2.83,4.39,1.34,17.07,118.84,32.51,17.16,4137.64,2825.75,1000.49,4092,3338.153,6914.4,43.615,1435,1242,119.8,38.2
2023-04-15,,,,,,,,,,,,,,,,,,,,,,,,,,,,,,,,,,,,87.31,50.4
2023-04-16,,,,,,,,,,,,,,,,,,,,,,,,,,,,,,,,,,,,42.06,279.06
2023-04-17,102.103,1226.51,1.0926,6.8827,0.6701,4.9426,800.55,1.3394,10.4805,18.3177,3.6004,3.6978,4.1942,1.291,1.354,2.3108,2.413,2.5575,2.564,2.844,4.41,1.33,16.95,122.69,32.93,17.37,4151.32,2827.24,1003.78,4149.38,3385.61,7056.16,43.1,1412,1219,91.62,51.34
2023-04-18,101.745,1224.26,1.0972,6.8823,0.6725,4.986,795.48,1.339,10.4594,18.1632,3.5756,3.6786,4.1967,1.286,1.336,2.2921,2.4159,2.55,2.552,2.837,4.39,1.32,16.83,122.78,33.69,17.14,4154.87,2835.89,1000.54,4162.03,3393.331,7002.91,43.27,1368,1197,106.86,186.52
2023-04-19,101.968,1226.82,1.0955,6.895,0.6713,5.076,794.08,1.346,10.58,18.1983,3.5908,3.7013,4.2437,1.303,1.361,2.2891,2.4124,2.5511,2.549,2.836,4.41,1.33,16.46,124.02,34.44,17.21,4154.52,2833.39,990.37,4124.56,3370.128,6889.01,43.12,1372,1174,158.03,128.99
2023-04-20,101.84,1225.27,1.097,6.8843,0.6743,5.0494,792.95,1.3477,10.5897,18.0342,3.5318,3.6264,4.1423,1.261,1.305,2.2733,2.389,2.5245,2.531,2.834,4.54,1.34,17.17,120.61,36.41,17.21,4129.79,2822.54,989.79,4113.02,3367.031,6895.29,42.74,1432,1146,95.67,98.98
2023-04-21,101.822,1225.11,1.0986,6.8985,0.6692,,802.58,1.3537,10.5907,18.1078,3.5718,3.663,4.1816,1.286,1.345,2.2881,2.3185,2.54,2.5485,2.829,4.48,1.33,16.77,120.84,35.17,16.42,4133.52,2823.07,980.74,4032.57,3301.258,6764.19,42.49,1504,1146,140.05,118.21
2023-04-22,,,,,,,,,,,,,,,,,,,,,,,,,,,,,,,,,,,,70.8,113.76
2023-04-23,,,,,,,,,,,,,,,,,,,,,,,,,,,,,,,,,,,,56.46,127.64
2023-04-24,101.348,1222.98,1.1046,6.9037,0.6696,5.0346,813.08,1.3541,10.5196,18.1344,3.4901,3.5706,4.0882,1.213,1.242,2.2804,2.3296,2.5487,2.542,2.82,4.48,1.34,16.89,126.28,34.28,16.88,4137.04,2826.85,977.38,3982.64,3275.413,6733.14,43.14,1517,1137,159.47,149.57
2023-04-25,101.863,1228.38,1.0973,6.942,0.6626,5.0524,812.2,1.3627,10.6776,18.3328,3.3996,3.4491,3.9544,1.155,1.176,2.2485,2.2748,2.489,2.5105,2.817,4.65,1.37,18.76,137.13,36.64,17.72,4071.63,2789.54,965.6,3962.67,3264.872,6601.36,42.33,1510,1118,180.23,111.25
2023-04-26,101.467,1226.29,1.1041,6.9413,0.6603,5.0457,805.6,1.3636,10.643,18.3992,3.4485,3.4975,3.9509,1.18,1.203,2.2704,2.2972,2.506,2.542,2.802,4.66,1.37,18.84,130.39,39.25,17.74,4055.99,2779.71,967.85,3959.23,3264.101,6654.4,41.765,1536,1068,105.35,135.07
2023-04-27,101.503,1225.46,1.1028,6.9301,0.6631,4.9824,802.13,1.3592,10.6174,18.3029,3.5204,3.5912,4.0682,1.257,1.305,2.2664,2.292,2.508,2.533,2.788,4.51,1.35,17.03,122.43,37.76,17.28,4135.35,2815.77,972.18,3988.42,3285.884,6675.4,41.915,1581,1053,117.88,157.01
2023-04-28,101.659,1226.82,1.1019,6.9272,0.6615,4.988,807.25,1.3552,10.6522,18.2902,3.422,3.4828,4.0064,1.217,1.248,2.2083,2.2463,2.46,2.4726,2.78,4.52,1.36,15.78,122.46,35.63,16.47,4169.48,2835.93,977.05,4029.09,3323.275,6702.15,42.565,1576,1046,117.88,94.05
2023-04-29,,,,,,,,,,,,,,,,,,,,,,,,,,,,,,,,,,,,63.05,93.97
2023-04-30,,,,,,,,,,,,,,,,,,,,,,,,,,,,,,,,,,,,71.35,209.08
2023-05-01,102.151,1230.97,1.0976,6.9617,0.663,,806.5,1.3544,10.7368,18.402,3.5681,3.6345,4.1407,1.325,1.376,2.245,2.2593,2.4805,2.522,,4.39,1.38,16.08,128.18,35.94,16.63,4167.87,2833.6,976.74,,,,42.085,,,104.61,435.03
2023-05-02,101.958,1228.86,1.0999,6.9346,0.6663,5.0409,810.23,1.3626,10.8128,18.4737,3.4239,3.4484,3.9613,1.232,1.255,2.1965,2.1936,2.426,2.473,,4.64,1.41,17.78,137.55,39.48,18.69,4119.58,2803.07,973.94,,,6680.21,40.255,1552,1033,77.04,249.56
2023-05-03,101.343,1223.43,1.1062,6.9223,0.6671,4.9945,803.9,1.3615,10.7549,18.29,3.3356,3.298,3.8048,1.152,1.134,2.1884,2.1653,2.404,2.477,,4.73,1.43,18.34,134.5,43.23,18.7,4090.75,2796.31,969.62,,,6589.35,39.495,1558,1061,149.53,139.92
2023-05-04,101.399,1221.86,1.1012,6.9153,0.6693,4.984,798.5,1.3539,10.702,18.2873,3.3787,3.3286,3.7903,1.193,1.184,2.1872,2.1472,2.389,2.477,2.763,4.89,1.48,20.09,140.71,43.75,20.35,4061.22,2779.26,976.36,4030.25,3350.459,6718.8,39.055,1545,1077,118.08,105
2023-05-05,101.214,1219.39,1.1019,6.9219,0.6749,4.951,794.38,1.3375,10.5693,18.4074,3.437,3.4104,3.9139,1.224,1.215,2.2158,2.1974,2.437,2.505,2.736,4.71,1.46,17.19,130.21,37.35,18.5,4136.25,2821.99,981.66,4016.88,3334.503,6797.75,40.115,1558,1072,69.74,100.93
2023-05-06,,,,,,,,,,,,,,,,,,,,,,,,,,,,,,,,,,,,91.45,87.09
2023-05-07,,,,,,,,,,,,,,,,,,,,,,,,,,,,,,,,,,,,42.61,152.42
2023-05-08,101.377,1220.32,1.1004,6.92,0.6782,5.0097,797.35,1.3374,10.4963,18.331,3.5072,3.4912,4.0012,1.271,1.256,2.2389,2.2364,2.475,2.5246,2.749,4.66,1.47,16.98,135.07,35.54,18.67,4138.12,2827.38,989.44,4062.66,3395.004,6897.68,40.115,,,51.76,311.34
2023-05-09,101.605,1222.01,1.0962,6.925,0.6762,4.9864,789.1,1.3384,10.5787,18.6341,3.5186,3.4947,4.0221,1.286,1.27,2.2355,2.2259,2.4645,2.5163,2.739,4.66,1.46,17.71,133.93,35.13,18.73,4119.17,2815.29,982.24,4027.88,3357.671,6735.13,40.13,1598,1080,116.35,163.06
2023-05-10,101.477,1218.81,1.0982,6.9389,0.6779,4.9446,788.2,1.3372,10.505,18.8709,3.4426,3.3845,3.9098,1.256,1.247,2.1884,2.1387,2.383,2.468,2.719,4.71,1.46,16.94,125.6,34.13,18.37,4137.64,2822.6,979.64,3996.87,3319.151,6683.23,39.675,1640,1159,118.52,69.51
2023-05-11,102.058,1225.05,1.0916,6.9596,0.6702,4.9315,793.95,1.3491,10.6798,19.2051,3.3843,3.3553,3.8994,1.216,1.24,2.1753,2.116,2.361,2.4595,2.702,4.73,1.46,16.93,128.21,35.74,17.77,4130.62,2814.86,977.82,3990.66,3309.551,6695.11,39.2,1608,1218,137.28,155.22
2023-05-12,102.681,1231.12,1.0849,6.9711,0.6646,4.9214,785,1.355,10.6815,19.3414,3.4625,3.4462,3.9872,1.281,1.335,2.1897,2.1123,2.3615,2.467,2.706,4.71,1.45,17.03,120.52,37.32,17.37,4124.08,2809.35,973,3937.76,3272.362,6663.55,39.26,1558,1252,146.22,190.28
2023-05-13,,,,,,,,,,,,,,,,,,,,,,,,,,,,,,,,,,,,88.82,250.04
2023-05-14,,,,,,,,,,,,,,,,,,,,,,,,,,,,,,,,,,,,74.02,189.55
2023-05-15,102.434,1227.36,1.0874,6.9589,0.67,4.8913,786.4,1.3467,10.6014,19.0297,3.5019,3.4686,4.0104,1.304,1.339,2.2059,2.1314,2.3809,2.481,2.722,4.7,1.47,17.12,127.89,35.16,17.52,4136.28,2819.47,977.48,3998.89,3310.737,6780.08,39.46,1522,1280,135.87,99.1
2023-05-16,102.564,1230.19,1.0862,6.9986,0.6656,4.9409,799.33,1.3482,10.7196,19.0756,3.5339,3.5257,4.0821,1.336,1.406,2.2076,2.1206,2.363,2.4769,2.714,4.84,1.48,17.99,130.3,35.98,17.62,4109.9,2802.39,979.24,3978.21,3290.987,6789.37,38.49,1476,1299,137.53,67.14
2023-05-17,102.882,1232.92,1.084,7.008,0.666,4.9374,793.58,1.3455,10.7831,19.2521,3.5641,3.5848,4.154,1.349,1.434,2.2231,2.1513,2.3913,2.498,2.724,4.84,1.46,16.87,120.78,36.44,16.99,4158.77,2820.92,975.83,3960.17,3284.232,6636.66,39.23,1425,1318,89.38,113.54
2023-05-18,103.584,1239.92,1.077,7.0497,0.6622,4.9653,795.66,1.3503,10.9177,19.3328,3.6457,3.6843,4.2517,1.414,1.514,2.2425,2.1708,2.417,2.5105,2.72,4.81,1.45,16.05,122.5,36.02,16.95,4198.05,2840.12,978.16,3956.07,3297.32,6715.56,39.515,1402,1312,125.22,210.79
2023-05-19,103.198,1236.68,1.0805,7.0247,0.6651,4.9982,798.64,1.3505,10.8719,19.4517,3.6726,3.7319,4.2659,1.433,1.547,2.2514,2.1853,2.4318,2.5079,2.719,4.77,1.43,16.81,127.51,35.85,17.22,4191.98,2842.76,977.24,3944.54,3283.542,6593.92,39.82,1384,1306,160.85,111.5
2023-05-20,,,,,,,,,,,,,,,,,,,,,,,,,,,,,,,,,,,,98.44,206.6
2023-05-21,,,,,,,,,,,,,,,,,,,,,,,,,,,,,,,,,,,,60.23,328.45
2023-05-22,103.198,1238.37,1.0813,7.047,0.6653,4.9678,796.01,1.3505,10.8922,19.2248,3.7148,3.7619,4.3154,1.476,1.579,2.2508,2.1833,2.443,2.5145,2.713,4.49,1.42,17.21,132.29,35.52,17.55,4192.63,2845.71,983.27,3969.33,3296.469,6693.64,39.655,1365,1276,78.25,398.71
2023-05-23,103.488,1241.28,1.077,7.0649,0.661,4.9721,802.7,1.3504,10.9572,19.202,3.6919,3.7426,4.316,1.422,1.524,2.2823,2.2209,2.4748,2.547,2.701,4.56,1.41,18.53,131.7,35.11,17.66,4145.58,2816.85,978.6,3913.19,3246.238,6603.57,40.08,1348,1268,183.69,156.99
2023-05-24,103.887,1244.14,1.075,7.0661,0.6544,4.9604,807.3,1.3595,10.9559,19.247,3.7419,3.8186,4.3757,1.492,1.635,2.2625,2.1858,2.4505,2.527,2.707,4.64,1.41,20.03,132.29,35.86,17.56,4115.24,2788.82,970.9,3859.09,3204.75,6478.08,40.255,1295,1257,115.22,301.54
2023-05-25,104.251,1248.33,1.0725,7.0919,0.6505,5.0415,808.51,1.3642,11.0497,19.8025,3.8174,3.9131,4.5329,1.571,1.778,2.2605,2.1722,2.436,2.525,2.708,4.53,1.39,19.14,139.54,36.74,16.84,4151.28,2796.86,964.01,3850.5,3201.26,6333.63,39.54,1215,1238,106.29,237.84
2023-05-26,104.206,1245.87,1.0723,7.0739,0.6517,4.9947,798.99,1.3615,11.0773,19.6529,3.7983,3.9271,4.5619,1.554,1.781,2.257,2.1819,2.4501,2.5207,2.722,4.46,1.37,17.95,145.37,35.95,16.3,4205.45,2827.93,972.86,3850.95,3212.504,,39.385,1172,1156,61.34,220.29
2023-05-27,,,,,,,,,,,,,,,,,,,,,,,,,,,,,,,,,,,,85.71,154.91
2023-05-28,,,,,,,,,,,,,,,,,,,,,,,,,,,,,,,,,,,,36.5,241.49
2023-05-29,104.206,1245.64,1.0708,7.0854,0.6539,5.0177,805.79,1.3592,11.1089,19.6674,3.7983,3.9271,4.5619,1.554,1.781,2.2561,2.1819,,,2.715,,,17.46,,,,,2830.43,971.75,3833.94,3221.448,6251.04,,,,44.97,80.39
2023-05-30,104.165,1244.57,1.0735,7.0911,0.6517,5.0376,804.84,1.3602,11.1811,19.6984,3.6866,3.8067,4.4501,1.473,1.693,2.2296,2.1536,2.4252,2.5075,2.72,4.61,1.36,17.46,141.36,39.68,15.88,4205.52,2825.6,970.32,3837.75,3224.213,6283.71,38.98,1123,1124,111.29,111.1
2023-05-31,104.326,1246.14,1.0689,7.1192,0.6503,5.0556,809.53,1.3574,11.0879,19.7255,3.6426,3.7547,4.4027,1.481,1.693,2.1768,2.1003,2.3892,2.4615,2.708,4.59,1.38,17.94,136.02,40.68,15.63,4179.83,2800.56,958.53,3798.54,3204.564,6163.34,38.295,977,1105,219.58,264.79
2023-06-01,103.56,1238.41,1.0762,7.1044,0.6571,5.0138,803.35,1.3449,11.0547,19.6274,3.595,3.6975,4.3408,1.432,1.616,2.1767,2.118,2.406,2.4722,2.704,4.55,1.38,15.65,124.63,40.5,15.5,4221.02,2831.66,961.8,3806.87,3204.635,6149.64,38.77,937,1091,182.4,108.62
2023-06-02,104.015,1241.5,1.0708,7.1096,0.661,4.9586,799.25,1.3425,11.0097,19.529,3.6907,3.8437,4.4969,1.512,1.712,2.2042,2.1674,2.454,2.5052,2.719,4.24,1.34,14.6,120.95,39.6,14.32,4282.37,2873.37,984.36,3861.83,3230.069,6428.33,39.95,919,1068,129.57,96.48
2023-06-03,,,,,,,,,,,,,,,,,,,,,,,,,,,,,,,,,,,,119.01,63.27
2023-06-04,,,,,,,,,,,,,,,,,,,,,,,,,,,,,,,,,,,,38.19,150.73
2023-06-05,104.002,1240.79,1.0713,7.1192,0.6617,4.9331,799.53,1.3445,11.0326,19.2766,3.6831,3.8176,4.4659,1.489,1.672,2.2156,2.1823,2.4802,2.5195,2.718,4.29,1.36,14.73,119.08,37.45,14.27,4273.79,2870.27,986.69,3844.25,3232.441,6463.9,39.685,939,1041,107.09,133.01
2023-06-06,104.125,1240.34,1.0693,7.1289,0.6671,4.9115,796.22,1.3403,11.0948,19.2025,3.6602,3.8072,4.4786,1.469,1.671,2.2103,2.1716,2.46,2.5085,2.711,4.26,1.36,13.96,114.42,36.07,13.94,4283.85,2877.97,988.49,3808.16,3195.34,6479.64,40.005,1016,1036,133.47,62.63
2023-06-07,104.099,1241.03,1.0699,7.1477,0.6652,4.9263,791.6,1.337,11.0388,19.0918,3.7952,3.9404,4.5563,1.586,1.786,2.2263,2.1903,2.475,2.527,2.705,4.22,1.36,13.94,120.5,34.13,13.81,4267.52,2866.59,995.41,3789.34,3197.759,6541.16,41.065,1020,1039,142.29,119
2023-06-08,103.343,1233.5,1.0782,7.1209,0.6716,,787.17,1.3357,10.8955,18.8357,3.7179,3.8581,4.5147,1.52,1.724,2.2125,2.1685,2.454,2.5115,2.707,4.27,1.37,13.65,115.11,35.18,13.94,4293.93,2882.13,994.08,3820.19,3213.586,6540.03,40.89,1040,1039,78.74,96.83
2023-06-09,103.557,1234.24,1.0749,7.1439,0.6742,4.8811,788.59,1.334,10.7645,18.7564,3.7394,3.9128,4.5956,1.547,1.789,2.2095,2.1596,2.4445,2.504,2.691,4.16,1.38,13.83,115.77,33.7,13.69,4298.86,2885.63,1002.33,3836.7,3231.406,6589.32,40.665,1055,1049,96.33,58.14
2023-06-10,,,,,,,,,,,,,,,,,,,,,,,,,,,,,,,,,,,,97.14,64.39
2023-06-11,,,,,,,,,,,,,,,,,,,,,,,,,,,,,,,,,,,,81.29,90.27
2023-06-12,103.654,1234.9,1.0757,7.1561,0.6751,4.8654,807.63,1.3368,10.7961,18.5702,3.7356,3.8936,4.577,1.556,1.793,2.1926,2.1355,2.421,2.486,2.686,4.21,1.37,15.01,119.8,36.35,13.7,4338.93,2906.01,1003.14,3844.43,3228.834,6585.68,40.275,1056,1086,65.73,204.38
2023-06-13,103.338,1231.79,1.0793,7.1749,0.6767,4.8634,803.58,1.3318,10.6495,18.6285,3.8133,3.9907,4.6662,1.616,1.879,2.2099,2.1465,2.428,2.5068,2.627,4.07,1.35,14.61,118.8,32.38,13.45,4369.01,2929.68,1013.25,3864.91,3233.673,6618.29,40.465,1074,1111,77.17,110.96
2023-06-14,102.948,1229.06,1.083,7.174,0.6796,4.811,801.25,1.3324,10.6483,18.3461,3.7862,3.9891,4.6879,1.582,1.842,2.217,2.1799,2.4544,2.509,2.623,4.06,1.35,13.88,114.37,33.66,12.84,4372.59,2939.59,1014.91,3864.02,3228.989,6576.79,40.05,1079,1140,72.13,147.42
2023-06-15,102.115,1220.59,1.0945,7.1201,0.6885,4.8137,793.85,1.3223,10.4965,18.2223,3.7165,3.9098,4.6418,1.494,1.739,2.2352,2.2064,2.4725,2.526,2.665,4.08,1.33,14.5,107.34,33.07,13,4425.84,2966.43,1023.59,3925.5,3252.975,6772.61,40.49,1094,1148,158.32,71
2023-06-16,102.243,1221.96,1.0937,7.128,0.6875,4.8232,794.5,1.32,10.5683,18.1867,3.7613,3.9828,4.7141,1.546,1.821,2.2296,2.1993,2.4852,2.538,2.679,4.01,1.31,13.54,104.43,32.99,12.4,4409.59,2962.34,1030.03,3963.35,3273.334,6833,40.43,1076,1175,111.43,56.58
2023-06-17,,,,,,,,,,,,,,,,,,,,,,,,,,,,,,,,,,,,93.1,61.35
2023-06-18,,,,,,,,,,,,,,,,,,,,,,,,,,,,,,,,,,,,84.7,126.36
2023-06-19,102.522,1224.52,1.0921,7.164,0.6851,4.7776,795.35,1.321,10.6527,18.1949,3.7613,3.9828,4.7141,1.546,1.821,2.2296,2.1993,,,2.697,,,14.19,,,,,2955.12,1023.42,3930.91,3255.806,6776.55,,1065,1184,107.78,277.07
2023-06-20,102.54,1226.23,1.0918,7.1823,0.6785,4.7881,803.85,1.3235,10.7154,18.378,3.7207,3.9529,4.6847,1.506,1.806,2.2263,2.1831,2.47,2.536,2.678,4.09,1.31,13.88,114.19,34.75,12.73,4388.71,2939.54,1013.24,3924.24,3240.365,6654.94,39.18,1078,1181,142.78,213.08
2023-06-21,102.071,1222.67,1.0986,7.1768,0.6797,4.7638,803.97,1.3164,10.6716,18.3159,3.7189,3.9566,4.7152,1.515,1.811,2.2177,2.1815,2.4795,2.532,2.674,4.17,1.31,13.2,110.84,33.26,12.98,4365.69,2927.72,1004.27,3864.03,3197.901,6505.81,39.49,1138,1141,127.87,65.39
2023-06-22,102.386,1226.5,1.0956,7.1956,0.6756,4.7697,804.45,1.3151,10.6553,18.5223,3.7946,4.042,4.7909,1.57,1.869,2.2377,2.2086,2.502,2.5495,,4.16,1.3,12.91,107.7,34.93,12.96,4381.89,2930.37,1001.14,,,,38.96,1216,1103,154.5,72.75
2023-06-23,102.903,1231.48,1.0894,7.2157,0.668,4.7849,806.6,1.3183,10.8258,18.7542,3.7347,3.991,4.7412,1.532,1.85,2.2146,2.1748,2.465,2.523,,4.26,1.32,13.44,105.74,35.36,12.73,4348.33,2902.34,991.91,,,6394.54,38.68,1240,1070,46.41,74.02
2023-06-24,,,,,,,,,,,,,,,,,,,,,,,,,,,,,,,,,,,,105.08,161
2023-06-25,,,,,,,,,,,,,,,,,,,,,,,,,,,,,,,,,,,,125.18,340.25
2023-06-26,102.692,1230.45,1.0906,7.2429,0.6675,4.7688,806.26,1.3155,10.725,18.6507,3.7212,3.968,4.744,1.534,1.844,2.201,2.1581,2.4507,2.515,2.67,4.29,1.32,14.25,109.02,36.67,13.08,4328.82,2894.93,989.27,3809.7,3150.619,6372.19,39.375,1233,1058,169.51,150.9
2023-06-27,102.492,1227.91,1.0961,7.2243,0.6686,4.8125,797.77,1.3192,10.7779,18.5196,3.7639,4.0305,4.7554,1.583,1.912,2.1951,2.152,2.444,2.5015,2.673,4.15,1.31,13.74,110.85,39.3,12.88,4378.41,2921.19,995.02,3845.43,3189.443,6504.62,39.465,1183,1046,118.31,127.96
2023-06-28,102.905,1233.48,1.0913,7.2432,0.66,4.8499,800.45,1.3258,10.7675,18.6559,3.7078,3.967,4.7098,1.535,1.858,2.1852,2.1386,2.4268,2.495,2.671,4.13,1.3,13.43,108.3,36.86,12.53,4376.86,2924.92,992.06,3840.8,3189.376,6521.22,39.865,1138,1017,82.54,152.99
2023-06-29,103.342,1236.6,1.0865,7.2686,0.6616,4.8564,803.45,1.3252,10.7999,18.7648,3.8383,4.1309,4.8593,1.644,1.993,2.2094,2.1674,2.4625,2.526,2.656,4,1.27,13.54,113.45,35.42,12.21,4396.44,2933.86,987.07,3821.84,3182.381,6426.59,40.325,1112,1008,120.9,117.91
2023-06-30,102.912,1233,1.0909,7.2677,0.6664,4.7854,802.25,1.3242,10.7373,18.8485,3.8367,4.1556,4.8954,1.62,1.994,2.2329,2.191,2.4852,2.5458,2.641,3.9,1.23,13.59,110.64,33.28,12.04,4450.38,2966.72,989.48,3842.45,3202.062,6424.88,40.585,1091,1014,102.67,96.85
2023-07-01,,,,,,,,,,,,,,,,,,,,,,,,,,,,,,,,,,,,103.03,86.8
2023-07-02,,,,,,,,,,,,,,,,,,,,,,,,,,,,,,,,,,,,69.43,123.9
2023-07-03,102.988,1232.86,1.0912,7.2529,0.6673,4.8104,798.15,1.325,10.6963,18.7414,3.8545,4.1874,4.9358,1.607,1.989,2.262,2.231,2.522,2.576,2.646,3.87,1.22,13.57,110.77,33.88,12.22,4455.59,2972.03,1005.11,3892.88,3243.975,6590.82,40.68,1068,1003,45.38,65.32
2023-07-04,103.039,1232.1,1.0879,7.2279,0.6692,4.8405,798.61,1.3223,10.6587,18.6471,3.8545,4.1874,4.9358,1.607,1.989,2.262,2.231,,2.576,2.651,,,13.7,,,,,2971.7,1008.05,3899.01,3245.349,6613.4,,1044,988,109.93,60.81
2023-07-05,103.373,1234.62,1.0854,7.2621,0.6655,4.8498,796.93,1.3282,10.6778,18.7749,3.9315,4.2492,4.9445,1.692,2.059,2.2547,2.2205,2.5128,2.57,2.643,3.89,1.23,14.18,110.53,33.91,12.46,4446.82,2960.76,1001.12,3868.81,3222.947,6489.94,40.455,994,974,89.85,137.28
2023-07-06,103.166,1235.2,1.0889,7.2556,0.6626,4.9179,803.03,1.3368,10.7675,19.1089,4.0291,4.3468,4.9806,1.775,2.146,2.2728,2.2303,2.5282,2.59,2.643,3.98,1.25,15.44,134.63,35.13,12.25,4411.59,2924.55,984.69,3842.76,3205.575,6268.53,39.545,993,945,172.66,40.77
2023-07-07,102.272,1226.82,1.0967,7.2324,0.669,4.8719,808.38,1.3274,10.6219,18.867,4.0616,4.3597,4.9459,1.809,2.161,2.2719,2.2261,2.525,2.592,2.643,3.97,1.24,14.83,130.41,34.55,12.12,4398.95,2924.19,980.66,3825.7,3196.609,6198.86,40.395,1009,934,120.56,93.53
2023-07-08,,,,,,,,,,,,,,,,,,,,,,,,,,,,,,,,,,,,58.68,139.58
2023-07-09,,,,,,,,,,,,,,,,,,,,,,,,,,,,,,,,,,,,75.93,71.88
2023-07-10,101.972,1223.84,1.1001,7.2294,0.6675,4.8991,813.38,1.328,10.4833,18.7948,3.9938,4.2355,4.8576,1.749,2.056,2.2605,2.2061,2.51,2.587,2.643,4.01,1.24,15.07,131.73,38.35,12.41,4409.53,2931.05,981.88,3844.33,3203.696,6235.24,40.71,1024,925,138.3,39.18
2023-07-11,101.732,1220.14,1.1009,7.2119,0.6686,4.8538,815.73,1.3231,10.3537,18.4902,3.97,4.2285,4.8726,1.747,2.081,2.2384,2.1758,2.473,2.5645,2.639,3.93,1.23,14.84,127.07,32.43,12.64,4439.26,2953.12,994.89,3869.49,3221.367,6295.85,41.605,1032,923,141.35,37.82
2023-07-12,100.521,1208.67,1.1129,7.1657,0.6787,4.8205,811.63,1.3187,10.1264,18.135,3.8573,4.0734,4.7462,1.592,1.89,2.279,2.2092,2.504,2.594,2.641,3.82,1.22,13.54,114.07,32.69,13.12,4472.16,2987.19,1005.55,3843.44,3196.134,6377.99,41.99,1088,921,203.19,89.22
2023-07-13,99.77,1200.41,1.1226,7.1504,0.6889,4.8018,810.79,1.311,9.9574,17.9282,3.7634,3.9472,4.6303,1.532,1.803,2.2418,2.1721,2.4585,2.546,2.646,3.85,1.23,13.61,111.75,30.04,12.73,4510.04,3019.71,1020.53,3898.42,3236.48,6543.91,41.83,1103,929,80.51,75.95
2023-07-14,99.914,1202.67,1.1228,7.1584,0.6838,4.7888,814.7,1.3216,10.0497,18.1077,3.8322,4.047,4.7656,1.605,1.911,2.2367,2.1611,2.445,2.5419,2.647,3.79,1.24,13.34,112.48,30,12.05,4505.42,3017.94,1028.49,3899.1,3237.701,6558.88,40.725,1090,959,151.37,206.65
2023-07-15,,,,,,,,,,,,,,,,,,,,,,,,,,,,,,,,,,,,65.75,53.17
2023-07-16,,,,,,,,,,,,,,,,,,,,,,,,,,,,,,,,,,,,30.58,79.3
2023-07-17,99.842,1201.98,1.1236,7.1784,0.6816,4.8092,817.63,1.3199,10.0588,18.0356,3.8068,4.0189,4.7424,1.561,1.874,2.2548,2.1704,2.4457,2.552,2.638,3.83,1.25,13.48,113.5,31.34,12.34,4522.79,3021.96,1027.76,3867.18,3209.63,,40.645,1073,970,110.85,155.95
2023-07-18,99.941,1202.84,1.1229,7.1929,0.6811,4.8134,814.65,1.3169,10.0553,17.8571,3.7853,4.0066,4.7659,1.568,1.885,2.2276,2.1469,2.416,2.5243,2.625,3.79,1.24,13.3,112.45,30.66,12.62,4554.98,3042.53,1022.12,3854.94,3197.82,6400.09,41.055,1037,975,151.43,104.21
2023-07-19,100.281,1206.33,1.1201,7.2318,0.6772,4.7921,807.44,1.3164,10.0509,17.8682,3.7483,3.9855,4.766,1.529,1.855,2.2309,2.1529,2.4227,2.5238,2.627,3.81,1.24,13.76,107.19,31.06,12.89,4565.72,3047.99,1019.59,3850.87,3198.836,6381.94,41.295,1004,962,188.83,37.11
2023-07-20,100.88,1210.89,1.113,7.1751,0.6779,4.7976,815.45,1.3172,10.0739,17.9244,3.8503,4.1017,4.8387,1.547,1.885,2.3168,2.2425,2.514,2.608,2.623,3.79,1.23,13.99,112.85,30.15,12.67,4534.87,3029.7,1018.06,3823.7,3169.522,6364.12,41.78,977,947,127.64,260.18
2023-07-21,101.071,1215.32,1.1124,7.1881,0.6729,4.7824,822.8,1.3224,10.0816,17.96,3.8349,4.093,4.8372,1.49,1.88,2.3491,2.2366,2.5125,2.591,2.615,3.76,1.22,13.6,106.66,29.65,12.23,4536.34,3028.71,1014.58,3821.91,3167.745,6415.02,42.15,978,940,112.39,80.78
2023-07-22,,,,,,,,,,,,,,,,,,,,,,,,,,,,,,,,,,,,36.52,81.81
2023-07-23,,,,,,,,,,,,,,,,,,,,,,,,,,,,,,,,,,,,49.44,142.45
2023-07-24,101.346,1215.95,1.1064,7.1863,0.6739,4.7299,828.75,1.3168,10.0621,17.7447,3.8725,4.1515,4.9191,1.478,1.874,2.3966,2.303,2.584,2.643,2.625,3.73,1.21,13.91,109.95,30.11,12.35,4554.64,3037.44,1013.45,3805.22,3164.161,6271.03,42.83,967,929,143.43,105.67
2023-07-25,101.349,1213.91,1.1055,7.1372,0.6792,4.7537,828.68,1.3172,10.0612,17.5485,3.8845,4.1676,4.8744,1.503,1.903,2.3844,2.2887,2.568,2.624,2.674,3.72,1.2,13.86,113.02,30.63,12.42,4567.46,3045.39,1032.26,3915.12,3231.521,6604.2,43.055,962,910,61.72,37.76
2023-07-26,100.887,1210.87,1.1086,7.1532,0.6758,4.7382,823.38,1.3208,10.1083,17.6146,3.8668,4.1163,4.8516,1.504,1.875,2.3659,2.277,2.562,2.6094,2.647,3.76,1.18,13.19,104.88,29.97,12.11,4566.75,3044.7,1031.88,3907.01,3223.028,6549.19,43.07,1067,899,84.08,220.51
2023-07-27,101.773,1217.61,1.0979,7.1705,0.6709,4.7436,829.78,1.3224,10.1924,17.8413,3.9982,4.2388,4.9284,1.623,1.984,2.38,2.2974,2.6005,2.637,2.649,3.7,1.17,14.41,111.15,29.12,12.29,4537.41,3034.41,1035.15,3902.35,3216.671,6670.68,42.795,1097,881,132.5,95.33
2023-07-28,101.622,1216.17,1.1016,7.1526,0.665,4.7322,829.25,1.3237,10.2027,17.6312,3.9507,4.1774,4.8744,1.562,1.904,2.3906,2.311,2.628,2.652,2.663,3.71,1.15,13.33,109.76,29.41,11.78,4582.23,3057.84,1043.2,3992.74,3275.926,6808.47,42.925,1110,873,130.33,82.35
2023-07-29,,,,,,,,,,,,,,,,,,,,,,,,,,,,,,,,,,,,71.89,108.35
2023-07-30,,,,,,,,,,,,,,,,,,,,,,,,,,,,,,,,,,,,10.07,156.43
2023-07-31,101.855,1218.08,1.0997,7.1461,0.6717,4.7259,838.75,1.319,10.1297,17.8481,3.9588,4.1774,4.8766,1.588,1.907,2.3734,2.3065,2.621,2.6275,2.662,3.67,1.12,13.63,112.03,28.48,12.16,4588.96,3064.3,1046.91,4014.63,3291.04,6899.31,43.74,1127,851,154.4,81.19
2023-08-01,102.303,1224.16,1.0984,7.1856,0.6613,4.7916,840.6,1.3281,10.203,18.3021,4.023,4.216,4.9016,1.672,1.978,2.3537,2.2745,2.5855,2.611,2.668,3.73,1.15,13.93,116.38,28.35,11.83,4576.73,3048.6,1043.09,3998,3290.949,6854.52,43.535,1150,840,116.91,151.79
2023-08-02,102.59,1229.56,1.0938,7.2009,0.6538,4.8104,849.47,1.335,10.303,18.4635,4.0775,4.2371,4.8767,1.718,2.004,2.3635,2.2674,2.578,2.621,2.659,3.85,1.18,16.09,115.15,28.74,12.45,4513.39,3000.54,1019.99,3969.9,3261.69,6669.37,42.965,1123,821,132.76,121.59
2023-08-03,102.542,1230.12,1.0949,7.182,0.6551,4.9161,851.75,1.3353,10.243,18.7071,4.1751,4.2917,4.881,1.808,2.057,2.3706,2.2662,2.569,2.631,2.657,3.88,1.19,15.92,124.6,28.54,12.79,4501.89,2990.13,1015.81,4004.98,3280.463,6652.16,43.4,1128,810,88.73,62.21
2023-08-04,102.017,1226.06,1.1006,7.1879,0.657,4.8756,852.17,1.3379,10.1422,18.4575,4.0338,4.1336,4.7641,1.663,1.883,2.3748,2.2846,2.5955,2.6415,2.658,3.9,1.18,17.1,115.91,28.06,12.22,4478.03,2986.54,1018.02,4020.58,3288.084,6732.58,43.46,1136,800,119.37,60.58
2023-08-05,,,,,,,,,,,,,,,,,,,,,,,,,,,,,,,,,,,,97.43,52.64
2023-08-06,,,,,,,,,,,,,,,,,,,,,,,,,,,,,,,,,,,,30.18,85.29
2023-08-07,102.047,1225.82,1.1002,7.2012,0.6573,4.899,859.1,1.337,10.1601,18.7012,4.0885,4.1651,4.7619,1.677,1.875,2.4159,2.3225,2.6318,2.6835,2.647,3.88,1.18,15.77,120.94,27.73,12.24,4518.44,3003.77,1016.31,3990.15,3268.831,6734.31,43.51,1145,798,117.57,59.3
2023-08-08,102.528,1231.05,1.0956,7.2371,0.6544,4.8984,862.78,1.3419,10.27,18.924,4.022,4.1108,4.7514,1.668,1.875,2.3585,2.2682,2.5695,2.6248,2.645,3.9,1.19,15.99,118.74,27.14,12.21,4499.38,2988.1,1003.71,3979.73,3260.62,6587.75,43.725,1142,800,108.3,49.89
2023-08-09,102.49,1230.89,1.0974,7.2293,0.6528,4.9042,861.79,1.3419,10.2008,18.9828,4.0081,4.137,4.808,1.673,1.918,2.3419,2.2535,2.5565,2.606,2.657,3.85,1.2,15.96,112.55,28.56,12.33,4467.71,2976.31,1008.42,3967.57,3244.487,6613.23,44.275,1144,799,105.72,77.25
2023-08-10,102.524,1232.71,1.0981,7.2427,0.6515,4.8925,845.95,1.3449,10.3232,18.8501,4.1055,4.2321,4.8417,1.763,1.988,2.3459,2.2738,2.5712,2.6135,2.658,3.75,1.2,15.85,108.64,27.27,11.84,4468.83,2984.81,1008.34,3975.72,3254.56,6628.55,44.27,1137,799,131.01,46.74
2023-08-11,102.842,1234.45,1.0949,7.2601,0.6496,4.9078,859.35,1.344,10.4241,18.9508,4.1522,4.3012,4.8947,1.781,2.015,2.3747,2.3156,2.612,2.643,2.65,3.73,1.19,14.84,112.13,28.04,11.54,4464.05,2972.73,997.72,3884.25,3189.248,6540.63,44.95,1129,802,142.36,170.3
2023-08-12,,,,,,,,,,,,,,,,,,,,,,,,,,,,,,,,,,,,119.27,73.28
2023-08-13,,,,,,,,,,,,,,,,,,,,,,,,,,,,,,,,,,,,60.7,64.02
2023-08-14,103.19,1237.85,1.0906,7.2793,0.6487,4.9615,854.6,1.3461,10.479,19.0829,4.1913,4.3599,4.9669,1.838,2.096,2.3549,2.2951,2.6015,2.631,2.623,3.76,1.2,14.82,119.94,27.55,11.97,4489.72,2976.86,986.28,3855.91,3178.427,6423.84,44.76,1135,801,114.97,236.53
2023-08-15,103.209,1239.52,1.0905,7.3242,0.6455,4.9837,857.15,1.3498,10.5373,19.1488,4.211,4.3724,4.9522,1.888,2.146,2.3266,2.2587,2.564,2.6075,2.576,3.75,1.21,16.46,121.8,28.3,12.11,4437.86,2948.22,981.8,3846.54,3176.176,6366.48,43.83,1166,798,114.64,53.33
2023-08-16,103.431,1242.4,1.0879,7.3363,0.6424,4.9917,869.38,1.3533,10.6115,19.1717,4.2504,4.4029,4.9652,1.938,2.201,2.3148,2.2356,2.5412,2.6,2.566,3.74,1.22,16.78,117.24,28.54,12.43,4404.33,2925.63,975.77,3818.33,3150.128,6272.86,43.45,1233,806,100.02,128.55
2023-08-17,103.572,1241.38,1.0872,7.3041,0.6404,4.9766,867.85,1.3546,10.5843,19.0668,4.2741,4.4083,4.9292,1.949,2.182,2.3288,2.2546,2.5514,2.612,2.569,3.87,1.24,17.89,121.14,29.3,12.89,4370.36,2901.84,973.86,3831.1,3163.739,6292.33,43.97,1247,809,116.03,101.81
2023-08-18,103.375,1240.53,1.0873,7.3064,0.6406,4.9703,868.9,1.3553,10.6444,18.9974,4.2546,4.3854,4.9425,1.947,2.183,2.309,2.2364,2.536,2.596,2.563,3.92,1.24,17.3,120.51,28.43,12.63,4369.71,2897.5,964.44,3784,3131.953,6146.99,44.405,1237,803,77.42,36.93
2023-08-19,,,,,,,,,,,,,,,,,,,,,,,,,,,,,,,,,,,,114.05,59.85
2023-08-20,,,,,,,,,,,,,,,,,,,,,,,,,,,,,,,,,,,,43.7,141.46
2023-08-21,103.3,1239.88,1.0896,7.2892,0.6414,4.9786,870.08,1.3544,10.6209,18.9652,4.3379,4.4662,5.0006,1.987,2.227,2.3537,2.2776,2.558,2.63,2.543,3.88,1.23,17.13,130.69,28.9,12.91,4399.77,2910.52,959.79,3729.56,3092.978,6030.64,44.125,1223,802,97.22,130.14
2023-08-22,103.563,1241.01,1.0846,7.3065,0.6423,4.9382,869.13,1.355,10.6198,18.8002,4.3241,4.4879,5.0459,1.971,2.233,2.3559,2.2894,2.582,2.64,2.554,3.85,1.22,16.97,126.65,28.56,12.58,4387.55,2909.19,966.69,3758.23,3120.334,6097.59,43.785,1194,804,81.1,52.69
2023-08-23,103.419,1237.41,1.0863,7.2877,0.648,4.8576,855.97,1.3526,10.5926,18.4672,4.1918,4.3697,4.9667,1.849,2.126,2.3455,2.283,2.577,2.6332,2.551,3.82,1.2,15.98,118.4,28.47,12.67,4436.01,2937.7,970.2,3696.63,3078.402,6117.27,43.675,1151,802,126.71,141.21
2023-08-24,103.982,1242.38,1.081,7.2806,0.6417,4.8833,844.3,1.3582,10.7143,18.8166,4.2372,4.4146,5.0229,1.907,2.19,2.3312,2.2661,2.559,2.615,2.553,3.85,1.2,17.2,117.56,28.88,12.53,4376.31,2906.25,982.31,3723.43,3082.244,6267.95,43.375,1110,797,61.57,76.47
2023-08-25,104.077,1243.34,1.0796,7.2948,0.6404,4.8744,845.2,1.3601,10.7018,18.6273,4.2354,4.4383,5.0779,1.916,2.213,2.3225,2.2613,2.559,2.6065,2.567,3.8,1.19,15.68,110.37,28.81,12.09,4405.71,2911.99,971.04,3709.15,3064.075,6175.29,43.795,1080,793,40.26,137.35
2023-08-26,,,,,,,,,,,,,,,,,,,,,,,,,,,,,,,,,,,,85.98,172.14
2023-08-27,,,,,,,,,,,,,,,,,,,,,,,,,,,,,,,,,,,,41.93,109.45
2023-08-28,104.058,1242.71,1.0819,7.2933,0.6429,4.8733,855.5,1.3599,10.716,18.6218,4.202,4.4007,5.0479,1.902,2.201,2.3033,2.2377,2.5338,2.585,2.586,3.77,1.18,15.08,110.45,28.66,12.21,4433.31,2935.71,978.09,3752.62,3098.636,6246.22,44.09,,,75.44,70.13
2023-08-29,103.531,1237.77,1.088,7.284,0.6481,4.855,858.15,1.3552,10.5781,18.4805,4.1197,4.2769,4.8942,1.837,2.118,2.2856,2.2156,2.51,2.5665,2.59,3.77,1.18,14.45,110.68,27.63,12.5,4497.63,2975.5,987.58,3790.11,3135.887,6386.8,44.21,1107,776,115.63,69.2
2023-08-30,103.157,1236.32,1.0923,7.3031,0.6475,4.8885,851.92,1.3532,10.5926,18.6813,4.1139,4.2681,4.8859,1.851,2.122,2.2649,2.2005,2.5,2.553,2.583,3.7,1.18,13.88,109.84,26.63,12.39,4514.87,2991.52,988.3,3788.51,3137.137,6356.5,44.43,1094,764,163.3,66.94
2023-08-31,103.619,1240.15,1.0843,7.2755,0.6484,4.955,852.29,1.3508,10.6314,18.8758,4.1081,4.2541,4.8629,1.872,2.135,2.2375,2.1705,2.4707,2.5284,2.581,3.72,1.18,13.57,107.93,26.56,11.78,4507.66,2986.02,980.33,3765.27,3119.876,6332.42,44.46,1086,752,117.42,167.14
2023-09-01,104.236,1245.62,1.078,7.2703,0.6456,4.9497,851.68,1.3592,10.6611,18.8419,4.1788,4.2958,4.8785,1.923,2.141,2.257,2.2019,2.5022,2.556,2.623,3.66,1.19,13.09,102.92,27.48,11.28,4515.77,2989.51,985.68,3791.49,3133.247,,45.37,1065,740,73.49,57.38
2023-09-02,,,,,,,,,,,,,,,,,,,,,,,,,,,,,,,,,,,,58.98,141.49
2023-09-03,,,,,,,,,,,,,,,,,,,,,,,,,,,,,,,,,,,,16.36,180.96
2023-09-04,104.236,1245.33,1.0796,7.2755,0.6461,4.938,858.58,1.3591,10.6277,19.0782,4.1788,4.2958,4.8785,1.923,2.141,2.257,2.2019,,,2.651,,,13.82,,,,,2990.17,995.5,3848.95,3177.06,6533.45,,1083,732,100.62,41.29
2023-09-05,104.807,1253.91,1.0722,7.3055,0.6379,4.971,874.58,1.3642,10.7212,19.2051,4.2598,4.3766,4.9597,1.962,2.161,2.3011,2.2642,2.5673,2.6015,2.642,3.72,1.2,14.01,109.64,28.65,11.36,4496.83,2973.45,985.84,3820.32,3154.369,6396.76,45.61,1063,728,121.79,66.39
2023-09-06,104.861,1255.64,1.0727,7.3208,0.6382,4.9787,873.13,1.3636,10.7167,19.199,4.2797,4.4172,5.0162,1.977,2.205,2.3046,2.2701,2.559,2.591,2.667,3.71,1.2,14.45,111.31,28.33,11.31,4465.48,2955.82,981.42,3812.03,3158.077,6403.7,45.63,1081,725,76.63,41.02
2023-09-07,105.059,1257.85,1.0696,7.3422,0.6376,,884.64,1.3685,10.7119,19.1767,4.2441,4.373,4.9469,1.934,2.151,2.3135,2.276,2.56,2.597,2.668,3.76,1.2,14.4,105.2,27.59,11.11,4451.14,2947.11,973.59,3758.47,3122.352,6314.67,45.585,1141,715,80.34,95.66
2023-09-08,105.09,1258.47,1.07,7.3647,0.6376,4.9856,896.25,1.364,10.682,19.1308,4.2641,4.403,4.9906,1.928,2.153,2.339,2.3021,2.5869,2.6252,2.668,3.72,1.19,13.84,104.34,27.16,10.99,4457.49,2948.81,973.86,3739.99,3116.719,,46.025,1186,713,80.14,37.05
2023-09-09,,,,,,,,,,,,,,,,,,,,,,,,,,,,,,,,,,,,44.43,65.78
2023-09-10,,,,,,,,,,,,,,,,,,,,,,,,,,,,,,,,,,,,16.6,70.26
2023-09-11,104.569,1250.34,1.075,7.3024,0.6431,4.9309,892.34,1.3573,10.638,18.8733,4.288,4.4118,4.9905,1.949,2.155,2.3429,2.3079,2.596,2.63,2.66,3.7,1.19,13.8,107.23,24.37,10.75,4487.46,2969.45,977.5,3767.54,3142.779,6298.72,45.42,1209,714,93.5,82.18
2023-09-12,104.711,1251.35,1.0754,7.3014,0.6426,4.9482,894.22,1.3553,10.675,18.9172,4.2801,4.4295,5.02,1.943,2.176,2.3408,2.308,2.5995,2.6265,2.658,3.72,1.21,14.23,105.11,24.23,10.82,4461.9,2955.87,975.72,3760.61,3137.059,6260.19,46.49,1235,716,164.97,99.71
2023-09-13,104.766,1250.59,1.073,7.2719,0.6422,4.9163,882.65,1.3549,10.715,18.8174,4.2485,4.3835,4.9692,1.922,2.141,2.3292,2.2966,2.5932,2.619,2.647,3.74,1.21,13.48,101.86,25.06,10.33,4467.44,2956.84,974.56,3736.65,3123.067,6235.71,46.14,1290,722,134.78,132.91
2023-09-14,105.405,1254.02,1.0643,7.2902,0.644,4.8707,889.05,1.3508,10.7349,19.0187,4.2863,4.4189,5.0114,1.946,2.163,2.343,2.3102,2.609,2.6343,2.634,3.68,1.19,12.82,97.11,26.56,10.22,4505.1,2982.69,982.11,3733.51,3126.551,6275.15,46.68,1340,733,119.94,111.69
2023-09-15,105.322,1253.89,1.0657,7.2807,0.6432,4.8647,884.65,1.3525,10.7795,19.0097,4.3324,4.4633,5.0325,1.985,2.204,2.3497,2.3112,2.607,2.6402,2.668,3.74,1.18,13.79,96.61,27.16,10.34,4450.32,2960.98,984.99,3708.78,3117.743,6309.59,46.005,1381,740,106.68,63.69
2023-09-16,,,,,,,,,,,,,,,,,,,,,,,,,,,,,,,,,,,,79.46,29.01
2023-09-17,,,,,,,,,,,,,,,,,,,,,,,,,,,,,,,,,,,,64.32,132.64
2023-09-18,105.202,1252.98,1.0692,7.291,0.6437,4.8549,884.64,1.3486,10.8069,19.0115,4.3026,4.4491,5.0538,1.941,2.172,2.3626,2.33,2.629,2.655,2.674,3.72,1.18,14,99.32,27.91,11.1,4453.53,2956.14,976.17,3727.71,3125.932,6209.52,46.055,1439,742,114.69,63.82
2023-09-19,105.133,1252.58,1.0679,7.3036,0.6454,4.867,884.64,1.3448,10.7798,18.9386,4.3586,4.5115,5.0901,1.986,2.223,2.3733,2.3394,2.635,2.664,2.679,3.73,1.18,14.11,101.31,30.32,11.09,4443.95,2951.17,974.5,3720.5,3124.957,6235.65,45.625,1526,749,207.42,146.72
2023-09-20,105.328,1254.92,1.0661,7.3074,0.6448,4.8798,882.08,1.3462,10.7886,18.841,4.407,4.5832,5.1758,2.052,2.326,2.3579,2.3104,2.6062,2.6445,2.683,3.69,1.16,15.14,97.04,30.38,10.96,4402.2,2936.36,970.87,3705.69,3108.568,6181.73,45.2,1584,768,190.11,82.86
2023-09-21,105.363,1256.84,1.0661,7.3141,0.6416,4.9351,888.54,1.3483,10.7806,18.9538,4.4942,4.621,5.1438,2.117,2.356,2.3789,2.3138,2.6,2.653,2.676,3.8,1.17,17.54,106,31.35,11.11,4330,2886.07,956.25,3672.45,3084.701,6099.26,44.58,1569,776,162.91,106.49
2023-09-22,105.583,1258.08,1.0653,7.299,0.6441,4.9367,893.26,1.3483,10.7584,18.7553,4.4337,4.5584,5.1097,2.061,2.301,2.3742,2.3061,2.597,2.6515,2.692,3.84,1.16,17.2,101.11,30.61,10.87,4320.06,2879.85,964.24,3738.93,3132.432,6262.61,44.655,1593,790,131.63,42.8
2023-09-23,,,,,,,,,,,,,,,,,,,,,,,,,,,,,,,,,,,,70.02,52.98
2023-09-24,,,,,,,,,,,,,,,,,,,,,,,,,,,,,,,,,,,,66.42,62.13
2023-09-25,105.998,1262.68,1.0593,7.3157,0.6424,4.9636,902.15,1.3454,10.8011,18.7743,4.5334,4.6142,5.1249,2.177,2.391,2.3587,2.2673,2.561,2.635,2.7,3.87,1.16,16.9,117.33,30.96,11.43,4337.44,2879.79,957.41,3714.6,3115.607,6130.25,45.215,1614,799,109.96,14.69
2023-09-26,106.231,1266.76,1.0572,7.3101,0.6397,4.9906,903.9,1.3517,10.8188,19.0777,4.5356,4.6053,5.1207,2.221,2.43,2.3161,2.219,2.5252,2.6,2.705,3.96,1.17,18.94,117.72,31.3,13.63,4273.53,2844.83,947.18,3692.89,3102.273,6030.77,44.955,1694,810,81.25,143.47
2023-09-27,106.666,1271.63,1.0503,7.3242,0.6353,5.0442,910.75,1.3498,10.7619,19.2094,4.6075,4.6848,5.1354,2.262,2.455,2.3453,2.2752,2.5638,2.6191,2.693,3.93,1.19,18.22,122.09,32.48,13.86,4274.51,2840.82,948.25,3700.5,3107.316,6069.84,46.075,1752,814,101.47,150.04
2023-09-28,106.224,1266.23,1.0566,7.2948,0.6427,5.033,906.75,1.3487,10.7276,18.9817,4.5748,4.6232,5.0582,2.199,2.372,2.3767,2.2889,2.576,2.645,2.681,3.98,1.2,17.34,115.24,31.62,13.09,4299.7,2855.88,944.08,3689.52,3110.475,5990.56,46.125,1716,821,64.38,111.89
2023-09-29,106.174,1265.94,1.0573,7.2928,0.6435,5.0341,891.53,1.3577,10.6961,18.9226,4.5711,4.609,5.0436,2.231,2.397,2.3407,2.2496,2.5367,2.613,,3.94,1.21,17.52,113.55,32.24,12.94,4288.05,2853.24,952.78,,,6148.33,45.195,1701,827,86.41,136.08
2023-09-30,,,,,,,,,,,,,,,,,,,,,,,,,,,,,,,,,,,,82.56,113.8
2023-10-01,,,,,,,,,,,,,,,,,,,,,,,,,,,,,,,,,,,,38.97,143.15
2023-10-02,106.904,1274.31,1.0477,7.3227,0.6363,5.0622,908.51,1.3676,10.8586,19.2165,4.6785,4.7083,5.1041,2.328,2.49,2.3514,2.2519,2.534,2.6081,,4.02,1.23,17.61,127.59,32,14.13,4288.39,2838.78,951.49,,,,44.295,1737,839,63.46,77.03
2023-10-03,107,1277.45,1.0467,7.3228,0.6302,5.1677,916.98,1.3708,10.9662,19.3469,4.7955,4.7993,5.1502,2.437,2.603,2.3597,2.2302,2.5087,2.62,,4.2,1.26,19.78,141.67,33.25,15.31,4229.45,2799.64,939.16,,,5949.18,44.265,1780,842,107.05,100.4
2023-10-04,106.799,1275.36,1.0504,7.3164,0.6325,5.1579,915.3,1.3745,10.9981,19.3333,4.7329,4.7243,5.0518,2.399,2.557,2.3354,2.1983,2.4843,2.599,,4.27,1.26,18.58,128.23,35.35,14.58,4263.75,2810.86,927.86,,,5882.68,42.875,1778,846,61.24,181.95
2023-10-05,106.332,1272.97,1.055,7.3064,0.637,5.1683,913.75,1.3705,10.9603,19.5176,4.7185,4.6852,5.0183,2.415,2.551,2.3041,2.1633,2.4575,2.565,,4.29,1.27,18.49,130.18,36.59,14.7,4258.19,2816.43,930.23,,,5887.98,42.61,1827,854,54.3,47.99
2023-10-06,106.044,1270.66,1.0586,7.3094,0.6386,5.146,918.74,1.3661,10.9167,19.3,4.8009,4.7566,5.0813,2.486,2.609,2.3177,2.1751,2.469,2.5808,,4.22,1.25,17.45,126.64,35.68,14.03,4308.5,2845.23,937.34,,,5974.3,42.865,1929,871,161.31,95.46
2023-10-07,,,,,,,,,,,,,,,,,,,,,,,,,,,,,,,,,,,,54.14,89.38
2023-10-08,,,,,,,,,,,,,,,,,,,,,,,,,,,,,,,,,,,,75.67,228.9
2023-10-09,106.083,1268.85,1.0567,7.2928,0.6411,5.1375,,1.359,10.7839,19.3362,4.8009,4.7566,5.0813,2.486,2.609,2.3172,2.1751,,,2.671,,,17.7,,39.85,15.18,4335.66,2858.71,935.42,3684.73,3096.922,5998.3,44.295,1991,881,227.07,264.13
2023-10-10,105.825,1265.41,1.0605,7.2878,0.6432,5.0544,930.47,1.3583,10.8097,19.0181,4.653,4.614,4.9696,2.329,2.439,2.3248,2.2015,2.499,2.585,2.69,4.05,1.23,17.03,136.17,39.54,14.49,4358.24,2887.89,944.55,3657.13,3075.236,6052.51,44.35,1983,911,,143.27
2023-10-11,105.82,1264.77,1.062,7.301,0.6414,5.0504,928.52,1.3593,10.8545,18.8269,4.5582,4.5767,4.9821,2.245,2.407,2.3144,2.202,2.495,2.575,2.701,4.05,1.24,16.09,127.18,38.94,14.38,4376.95,2899.5,956.84,3667.55,3078.956,6132.87,43.78,1948,955,,192.77
2023-10-12,106.599,1273.26,1.0528,7.3098,0.6314,,938.95,1.369,10.9767,19.017,4.6969,4.6923,5.0687,2.353,2.465,2.3446,2.256,2.545,2.6072,2.698,4.06,1.23,16.69,126.37,38.52,13.98,4349.61,2884.06,962.69,3702.38,3107.901,6267.34,43.83,1935,1054,,189.71
2023-10-13,106.648,1274.14,1.051,7.3133,0.6296,5.0786,940,1.366,10.9471,19.0022,4.6124,4.6388,5.0538,2.274,2.395,2.3395,2.2745,2.563,2.6063,2.68,4.12,1.24,19.32,128.33,44.24,18.91,4327.78,2862.14,951.31,3663.41,3088.099,6115.88,44.795,1945,1149,,58.76
2023-10-14,,,,,,,,,,,,,,,,,,,,,,,,,,,,,,,,,,,,,70.39
2023-10-15,,,,,,,,,,,,,,,,,,,,,,,,,,,,,,,,,,,,,512.8
2023-10-16,106.243,1269.62,1.056,7.3085,0.6342,5.041,946.13,1.3611,10.9211,18.771,4.706,4.7156,5.0985,2.319,2.421,2.3886,2.3214,2.6063,2.645,2.681,4.09,1.24,17.21,130.16,40.7,16.22,4373.63,2885.35,946.21,3626.6,3073.813,6049.82,45.095,1972,1221,,136.3
2023-10-17,106.25,1270.85,1.0577,7.3256,0.6365,5.0387,937.7,1.3648,10.953,18.8021,4.8341,4.8685,5.2095,2.42,2.556,2.4161,2.3411,2.6177,2.6593,2.693,4.05,1.24,17.88,130.17,41.37,16.59,4373.2,2888.62,951.21,3639.4,3083.496,6092.55,45.565,2058,1244,,97.8
2023-10-18,106.565,1275.36,1.0536,7.3277,0.6336,5.0591,942.76,1.3716,11.046,18.9923,4.9149,4.9338,5.2225,2.48,2.595,2.4362,2.3642,2.6467,2.69,2.709,4.14,1.27,19.22,129.17,44.4,17.38,4314.6,2851.89,943.12,3610.58,3058.71,6075.68,45.98,2105,1272,,90.33
2023-10-19,106.253,1273.63,1.0582,7.3365,0.6329,5.0653,939.85,1.3719,11.003,19.0237,4.9898,4.9557,5.1585,2.502,2.566,2.4888,2.4071,2.701,2.7435,2.72,4.23,1.29,21.4,134.62,45.7,19.4,4278,2824.45,930.8,3533.54,3005.393,5924.23,45.9,2071,1274,,279.65
2023-10-20,106.163,1272.85,1.0594,7.3271,0.6314,5.0343,941.83,1.3715,11.0669,19.0104,4.9137,4.8581,5.0731,2.449,2.398,2.4659,2.4624,2.6577,2.724,2.706,4.35,1.3,21.71,135.45,43.79,18.56,4224.16,2791.24,925.58,3510.59,2983.059,5871.71,45.13,2046,1286,,287.49
2023-10-21,,,,,,,,,,,,,,,,,,,,,,,,,,,,,,,,,,,,,82.04
2023-10-22,,,,,,,,,,,,,,,,,,,,,,,,,,,,,,,,,,,,,159.3
2023-10-23,105.536,1268,1.067,7.3104,0.6336,5.0127,934,1.3691,11.0791,18.9618,4.8502,4.7986,5.0474,2.442,2.403,2.4094,2.396,2.5933,2.664,2.706,4.34,1.29,20.37,131.83,41.74,17.28,4217.04,2786.75,917.69,3474.24,2939.291,,44.4,2017,1316,,150.87
2023-10-24,106.27,1271.95,1.059,7.3144,0.6355,4.9921,928.13,1.3741,11.1686,19.0425,4.8229,4.8203,5.1119,2.431,2.451,2.3948,2.3715,2.5662,2.656,2.722,4.23,1.27,18.97,128.13,41.08,16.05,4247.68,2801.96,920.57,3487.13,2962.244,5799.38,43.775,1949,1331,,79.87
2023-10-25,106.528,1276.02,1.0566,7.3299,0.6309,4.9955,925.37,1.3797,11.1985,19.1255,4.9549,4.9201,5.1206,2.519,2.509,2.4371,2.413,2.607,2.6884,2.712,4.2,1.26,20.19,131.21,44.91,16.76,4186.77,2772.11,920.78,3504.46,2974.114,5853.97,43.695,1832,1348,,124.21
2023-10-26,106.602,1276.46,1.0563,7.3248,0.6322,4.9879,933.18,1.3831,11.2063,18.9643,4.8445,4.7969,5.0395,2.422,2.414,2.4239,2.3916,2.5839,2.676,2.717,4.31,1.27,20.68,130.94,43.93,16.53,4137.23,2740.96,910.91,3514.15,2988.299,5859.55,43.355,1662,1372,,37.91
2023-10-27,106.559,1275.21,1.0565,7.3334,0.6335,5.0143,,1.387,11.1836,18.8396,4.8346,4.7614,5.0021,2.412,2.366,2.4252,2.4062,2.5965,2.6725,2.72,4.34,1.28,21.27,129.16,46.64,17.69,4117.37,2731.99,919.78,3562.39,3017.784,5979.01,42.315,1563,1414,,90.17
2023-10-28,,,,,,,,,,,,,,,,,,,,,,,,,,,,,,,,,,,,,57.07
2023-10-29,,,,,,,,,,,,,,,,,,,,,,,,,,,,,,,,,,,,,67.84
2023-10-30,106.12,1270.76,1.0615,7.3253,0.6374,5.0448,907.5,1.3826,11.1465,18.8575,4.8942,4.8235,5.054,2.457,2.414,2.438,2.4108,2.6017,2.6834,2.716,4.37,1.3,19.75,131.9,44.01,16.84,4166.82,2757.59,921.9,3583.77,3021.553,5960.33,42.455,1502,1453,,164.09
2023-10-31,106.663,1276.36,1.0575,7.3416,0.6337,5.0381,897.38,1.3875,11.1788,18.6488,4.9307,4.8536,5.0873,2.515,2.473,2.4164,2.3801,2.572,2.6614,2.693,4.37,1.29,18.14,126.86,41.99,16.23,4193.8,2768.62,915.2,3572.51,3018.771,5861.74,42.595,1459,1483,,42.38
2023-11-01,106.884,1274.09,1.057,7.3357,0.6393,4.9555,895,1.3856,11.1625,18.5151,4.7341,4.65,4.9436,2.315,2.283,2.4199,2.3684,2.5605,2.6697,2.689,4.38,1.29,16.87,120.55,40.52,15.36,4237.86,2797.49,915.97,3571.03,3023.076,5859.57,42.495,1401,1487,251.73,132.01
2023-11-02,106.124,1266.85,1.0622,7.3266,0.6434,,888.51,1.3739,11.1632,18.4211,4.659,4.634,4.9893,2.271,2.299,2.389,2.3365,2.5293,2.6326,2.66,4.06,1.25,15.66,118.64,39.79,14.76,4317.78,2852.55,930.62,3554.19,3009.406,5911.08,43.78,1385,1462,219.58,58.14
2023-11-03,105.021,1256.65,1.0731,7.2888,0.6513,4.9032,875.23,1.3658,11.0445,18.2604,4.5724,4.5036,4.8386,2.177,2.165,2.396,2.34,2.5327,2.641,2.667,3.95,1.25,14.91,118.74,38.53,14.04,4358.34,2883.8,948.26,3584.14,3030.798,6052.31,43.34,1462,1465,174.92,72.02
2023-11-04,,,,,,,,,,,,,,,,,,,,,,,,,,,,,,,,,,,,157.24,34.76
2023-11-05,,,,,,,,,,,,,,,,,,,,,,,,,,,,,,,,,,,,92.95,85.27
2023-11-06,105.215,1257.57,1.0718,7.2826,0.6489,4.887,881.97,1.37,11.0599,18.2926,4.6431,4.5876,4.9345,2.229,2.227,2.4165,2.3615,2.558,2.6562,2.656,3.9,1.25,14.89,121.74,36.31,13.25,4365.98,2889.44,968.91,3632.61,3058.41,6182.05,42.85,1523,1447,182.9,342.88
2023-11-07,105.542,1260.91,1.07,7.2812,0.6436,4.8791,886.28,1.3767,11.1908,18.3386,4.5665,4.5365,4.9176,2.181,2.21,2.3869,2.3272,2.5162,2.6227,2.671,3.98,1.25,14.81,120.09,38.72,13.33,4378.38,2887.39,960.66,3619.76,3057.27,6087.1,41.9,1559,1433,140.21,122.59
2023-11-08,105.593,1262.11,1.0709,7.2871,0.6402,4.9096,903.53,1.3792,11.1749,18.4732,4.4925,4.5047,4.932,2.135,2.213,2.3589,2.293,2.476,2.591,2.65,3.98,1.25,14.45,117.1,40.44,14.07,4382.78,2888.41,957.91,3611.07,3052.373,6039.91,41.375,1530,1424,132.5,119.34
2023-11-09,105.91,1268.03,1.0668,7.2979,0.6367,4.9395,912.53,1.3808,11.2211,18.66,4.6241,4.6401,5.0202,2.279,2.345,2.3636,2.2957,2.4706,2.5905,2.652,3.94,1.24,15.29,117.05,41.23,14.06,4347.35,2878.98,956.25,3612.83,3053.279,6030.26,41.25,1598,1404,201.48,142.71
2023-11-10,105.861,1266.15,1.0686,7.3065,0.6361,4.9095,913.25,1.3801,11.1131,18.727,4.6518,4.6839,5.0623,2.325,2.403,2.3424,2.2829,2.458,2.569,2.648,3.92,1.22,14.17,116.79,39.29,13.96,4415.24,2900.76,948.32,3586.49,3038.97,5900.82,41.705,1643,1392,,127.96
2023-11-11,,,,,,,,,,,,,,,,,,,,,,,,,,,,,,,,,,,,,54.07
2023-11-12,,,,,,,,,,,,,,,,,,,,,,,,,,,,,,,,,,,,,145.04
2023-11-13,105.631,1264.57,1.0698,7.2928,0.6377,4.9103,923.38,1.3805,11.0849,18.7266,4.6399,4.6625,5.0348,2.323,2.379,2.3343,2.2844,2.474,2.5688,2.649,3.93,1.21,14.76,124.47,39.4,13.92,4411.55,2904.64,952.27,3579.41,3046.533,5989.1,42.005,1655,1373,,116.21
2023-11-14,104.053,1249.07,1.0879,7.2525,0.6507,4.8649,891.51,1.3693,10.8821,18.2248,4.4473,4.4385,4.836,2.17,2.208,2.2942,2.2323,2.4222,2.535,2.664,3.87,1.19,14.16,124.11,38.29,13.73,4495.7,2963.36,959.12,3582.06,3056.07,5964.54,42.38,1662,1345,,198.44
2023-11-15,104.394,1250.96,1.0848,7.2586,0.6509,,887.75,1.3683,10.8208,18.1813,4.5314,4.5173,4.9118,2.231,2.273,2.3179,2.2465,2.4319,2.558,2.666,3.81,1.18,14.18,122.19,39.51,12.98,4502.88,2975.19,983.51,3607.25,3072.835,6204.22,42.3,1688,1337,,68.82
2023-11-16,104.349,1250.61,1.0852,7.2487,0.647,4.8685,881.25,1.3755,10.9355,18.3731,4.4355,4.4187,4.8375,2.156,2.204,2.2957,2.2161,2.4027,2.5373,2.658,3.92,1.17,14.32,116.08,42.53,13.04,4508.24,2973,982.25,3572.36,3050.926,6116.7,41.475,1758,1336,,149.23
2023-11-17,103.917,1245.07,1.0915,7.2173,0.6515,4.9098,885,1.3723,10.8077,18.359,4.4354,4.4408,4.8855,2.161,2.208,2.2898,2.2343,2.4177,2.531,2.656,3.89,1.14,13.8,113.11,40.43,12.97,4514.02,2985.19,976.52,3568.07,3054.365,5974.47,42.345,1820,1317,,168.58
2023-11-18,,,,,,,,,,,,,,,,,,,,,,,,,,,,,,,,,,,,,62.79
2023-11-19,,,,,,,,,,,,,,,,,,,,,,,,,,,,,,,,,,,,,124.34
2023-11-20,103.438,1239.78,1.094,7.1673,0.6557,4.8544,875.85,1.3725,10.7027,18.3407,4.4198,4.4388,4.9109,2.122,2.18,2.3136,2.2601,2.4465,2.5543,2.662,3.83,1.13,13.41,115.09,39,12.59,4547.38,3004.88,985.41,3576.32,3068.319,6103.34,42.405,1817,1310,,42.9
2023-11-21,103.565,1240.26,1.0911,7.1429,0.6556,4.8992,870.13,1.3701,10.6805,18.6394,4.3926,4.3999,4.8723,2.147,2.202,2.2612,2.1995,2.387,2.5035,2.669,3.86,1.13,13.35,112.79,38.52,14.09,4538.19,2999.87,988.47,3581.07,3067.933,6076.67,42.31,1796,1263,,295.43
2023-11-22,103.92,1243.75,1.0888,7.1623,0.6543,4.9083,874.88,1.3687,10.7552,18.8862,4.4042,4.431,4.8996,2.146,2.217,2.2763,2.2156,2.4,2.515,2.686,3.8,1.1,12.85,111.57,42.76,13.35,4556.62,3004.76,983.6,3544.42,3043.611,6074.83,42.29,1755,1240,,65.95
2023-11-23,103.92,1242.17,1.0905,7.1522,0.6558,4.9038,876.14,1.3696,10.7731,18.8142,4.4042,4.431,4.8996,2.146,2.217,2.2763,2.2156,,2.514,2.704,,,12.8,,,,,3008.74,988.08,3561.52,3061.856,6171.01,,1855,1233,,15.44
2023-11-24,103.403,1238.88,1.0939,7.1493,0.6585,4.9021,869.05,1.3636,10.7323,18.7791,4.4665,4.485,4.9484,2.209,2.277,2.2777,2.2089,2.3942,2.517,2.708,3.75,1.09,12.46,107.43,43.38,13.05,4559.34,3015.19,980.33,3538.01,3040.972,6041.15,42.465,2102,1233,,94.64
2023-11-25,,,,,,,,,,,,,,,,,,,,,,,,,,,,,,,,,,,,,46.51
2023-11-26,,,,,,,,,,,,,,,,,,,,,,,,,,,,,,,,,,,,,127.55
2023-11-27,103.199,1237.38,1.0954,7.1593,0.6607,4.8988,872.15,1.3616,10.6395,18.6543,4.3866,4.4107,4.888,2.178,2.256,2.2291,2.1558,2.35,2.4742,2.71,3.82,1.09,12.69,109.31,43.9,13.31,4550.43,3007.99,977.54,3511.94,3031.7,6025.22,42.315,2259,1222,,89.08
2023-11-28,102.746,1232.31,1.0993,7.1326,0.6649,4.8711,868.33,1.3574,10.6231,18.6028,4.3207,4.2769,4.7342,2.102,2.131,2.2355,2.1699,2.3605,2.4775,2.688,3.83,1.09,12.69,110.06,43.14,15.54,4554.89,3012.57,985.47,3518.52,3038.554,5957.08,42.325,2391,1207,,101.83
2023-11-29,102.765,1233.77,1.0969,7.1432,0.6617,4.906,867.98,1.3589,10.6599,18.7508,4.2552,4.2088,4.6455,2.051,2.07,2.2193,2.1612,2.3457,2.4604,2.692,3.75,1.07,12.98,114.59,42.9,15.04,4550.58,3013.93,983.04,3488.31,3021.688,5818.87,42.01,2696,1192,,83.76
2023-11-30,103.497,1238.9,1.0888,7.1459,0.6605,4.9195,869.72,1.3561,10.8118,18.8545,4.3264,4.2663,4.6802,2.09,2.117,2.25,2.1726,2.359,2.4938,2.686,3.7,1.04,12.92,115.32,39.4,14.22,4567.8,3023.63,987.1,3496.2,3029.673,5857.54,42.29,2937,1184,,147.72
2023-12-01,103.268,1234.11,1.0884,7.1242,0.6675,4.8828,855.5,1.3497,10.6718,18.6521,4.1956,4.1231,4.5384,1.981,1.987,2.2314,2.1589,2.3395,2.467,2.683,3.74,1.05,12.63,111.51,35.7,16.96,4594.63,3040.7,982.14,3482.88,3031.636,5761.73,42.51,3192,1172,94.81,38.37
2023-12-02,,,,,,,,,,,,,,,,,,,,,,,,,,,,,,,,,,,,122.12,56.37
2023-12-03,,,,,,,,,,,,,,,,,,,,,,,,,,,,,,,,,,,,110.7,119.31
2023-12-04,103.712,1240.03,1.0836,7.149,0.662,4.9449,869.95,1.3537,10.8469,18.8012,4.2529,4.2066,4.6353,2.053,2.08,2.217,2.1494,2.325,2.451,2.692,3.67,1.05,13.08,118.25,38.08,17.13,4569.78,3026.59,980.24,3460.14,3022.914,5703.33,42.315,3346,1171,194.86,51.19
2023-12-05,104.05,1242.9,1.0797,7.1734,0.6552,4.9287,880.35,1.3592,10.9263,18.9532,4.1649,4.135,4.5767,1.98,2.027,2.1985,2.1305,2.3095,2.433,2.691,3.67,1.06,12.85,127.2,36.36,15.46,4567.18,3023.22,972.03,3394.26,2972.296,5609.63,41.575,3143,1173,89.69,328.17
2023-12-06,104.153,1244.11,1.0764,7.1742,0.6549,4.9026,872.53,1.3593,10.9779,18.9608,4.104,4.1035,4.5929,1.954,2.037,2.1608,2.0888,2.265,2.391,2.696,3.66,1.06,12.97,124.98,39.72,15.4,4549.34,3020.98,974.98,3399.6,2968.933,5663.92,40.955,2848,1167,131.24,88.12
2023-12-07,103.541,1239.54,1.0794,7.1632,0.6602,4.9056,870.72,1.3599,10.8709,18.7652,4.1495,4.1347,4.5945,1.998,2.077,2.1607,2.0796,2.251,2.386,2.687,3.64,1.06,13.06,129.74,37.82,14.93,4585.59,3037.45,970.12,3391.28,2966.206,5615.8,40.675,2495,1145,194.16,73.65
2023-12-08,104.01,1241.85,1.0763,7.1872,0.6579,4.9304,875.03,1.3583,10.9053,18.9559,4.2256,4.2392,4.7209,2.006,2.105,2.2299,2.1546,2.3245,2.4586,2.685,3.6,1.05,12.35,121.65,36.24,14.14,4604.37,3047.21,975.01,3399.46,2969.559,5598.16,41.115,2483,1129,153.52,64.67
2023-12-09,,,,,,,,,,,,,,,,,,,,,,,,,,,,,,,,,,,,106.34,89.99
2023-12-10,,,,,,,,,,,,,,,,,,,,,,,,,,,,,,,,,,,,,178.8
2023-12-11,104.095,1243.67,1.0765,7.1943,0.6568,4.9388,882.13,1.3574,10.9542,19.0853,4.2333,4.2461,4.708,2.035,2.134,2.2071,2.1335,2.304,2.436,2.661,3.64,1.05,12.63,126.66,35.3,13.99,4622.44,3056.42,973.23,3419.46,2991.438,5532.49,41.165,2509,1118,,117.01
2023-12-12,103.865,1240.95,1.0794,7.1939,0.6559,4.9663,875.83,1.3591,10.9649,18.967,4.2006,4.2197,4.7308,2.04,2.153,2.1671,2.0882,2.261,2.402,2.657,3.63,1.04,12.07,118.62,36.38,12.82,4643.7,3067.44,976.58,3426.8,3003.438,5614.5,40.6,2551,1103,,36.95
2023-12-13,102.869,1231.54,1.0874,7.1384,0.6662,4.9183,876.55,1.3518,10.7904,18.6824,4.0164,3.9704,4.4265,1.835,1.859,2.1894,2.1313,2.31,2.4225,2.645,3.63,1.01,12.19,113.77,36.6,13.67,4707.09,3101.08,973.47,3369.61,2968.76,5550.9,41.165,2438,1090,,95.78
2023-12-14,101.956,1221.87,1.0993,7.1236,0.6699,4.9122,866.05,1.3407,10.5113,18.3339,3.9208,3.9044,4.3882,1.696,1.723,2.2324,2.2038,2.384,2.464,2.653,3.34,0.99,12.48,118.04,33.98,13.96,4719.55,3128.89,992.51,3351.96,2958.986,5573.53,42.375,2411,1092,,89.93
2023-12-15,102.55,1226.42,1.0895,7.1346,0.6699,4.9438,875.3,1.338,10.4597,18.3119,3.911,3.9088,4.4428,1.695,1.734,2.2243,2.1996,2.3812,2.4575,2.636,3.36,1,12.28,115.75,35.13,13.49,4719.19,3126.14,1000.89,3341.55,2942.557,5700.39,42.15,2348,1103,,61.4
2023-12-16,,,,,,,,,,,,,,,,,,,,,,,,,,,,,,,,,,,,,51.97
2023-12-17,,,,,,,,,,,,,,,,,,,,,,,,,,,,,,,,,,,,,94.75
2023-12-18,102.561,1226.89,1.0924,7.1435,0.6707,4.9036,871.68,1.3399,10.3962,18.5855,3.9314,3.9311,4.4463,1.724,1.75,2.2149,2.2045,2.381,2.45,2.629,3.4,1.01,12.56,118.46,37.09,13.79,4740.56,3131.35,997.91,3329.37,2930.804,5634.42,42.09,2288,1116,,264.75
2023-12-19,102.167,1223.08,1.0981,7.1209,0.6763,4.8642,861.7,1.3333,10.2676,18.3221,3.9313,3.9343,4.4394,1.735,1.761,2.2011,2.1987,2.3704,2.4315,2.633,3.35,1.01,12.53,115.03,35.04,13.75,4768.37,3153.35,998.6,3334.04,2932.391,5592.76,42.595,2219,1141,,632.37
2023-12-20,102.408,1226.72,1.0942,7.1507,0.673,4.9146,871.75,1.3369,10.3536,18.327,3.8474,3.8441,4.3313,1.651,1.676,2.2016,2.1933,2.3649,2.433,2.637,3.34,1.03,13.67,111.87,34.98,13.82,4698.35,3121.79,997.46,3297.5,2902.11,5612.65,42.2,2150,1181,,69.49
2023-12-21,101.843,1219.35,1.1011,7.1436,0.6802,4.8812,880.13,1.3283,10.2606,18.361,3.8881,3.8749,4.3474,1.691,1.704,2.203,2.1935,2.368,2.437,2.62,3.29,1.02,13.65,111.93,35.44,14.27,4746.75,3145.09,998.32,3330.87,2918.715,5619.91,42.365,2087,1197,,95.99
2023-12-22,101.698,1218.41,1.1014,7.1544,0.6799,4.861,889,1.327,10.2048,18.4313,3.895,3.8721,4.3231,1.701,1.71,2.1991,2.1854,2.3502,2.4314,2.617,3.24,1,13.03,111.38,33.32,15.25,4754.63,3152.26,992.28,3337.23,2914.775,5488.99,42.49,2094,1200,,52.02
2023-12-23,,,,,,,,,,,,,,,,,,,,,,,,,,,,,,,,,,,,,174.58
2023-12-24,,,,,,,,,,,,,,,,,,,,,,,,,,,,,,,,,,,,,83.17
2023-12-25,,,1.1008,7.1471,0.6796,,889,1.3257,10.2329,18.493,3.895,3.8721,4.3231,1.701,1.71,2.1991,2.1854,,,2.573,,,,,,,,3152.49,993.25,3347.45,2918.813,,,,,,74.35
2023-12-26,101.466,1215.58,1.1042,7.1423,0.6825,4.8214,892.92,1.3195,10.1459,18.6407,3.8967,3.8875,4.352,1.713,1.731,2.1863,2.1792,2.345,2.419,2.582,3.23,1,12.99,116,34.53,15.83,4774.75,3162.65,998.53,3324.79,2898.879,,42.855,,,,111.18
2023-12-27,100.986,1210.87,1.1105,7.1527,0.6847,4.833,882.75,1.3208,10.1025,18.3975,3.7944,3.7954,4.2416,1.638,1.67,2.16,2.1461,2.3127,2.391,2.565,3.15,0.99,12.43,114.53,35.41,16.96,4781.58,3175.65,1009.84,3336.36,2914.614,5603.7,42.665,,,,145.72
2023-12-28,101.229,1212.33,1.1061,7.1183,0.683,4.8572,885.1,1.3229,10.1979,18.5389,3.8443,3.8384,4.2767,1.682,1.721,2.1659,2.1419,2.311,2.4105,2.572,3.12,0.98,12.47,113.78,36.45,16.05,4783.35,3178.05,1022.89,3414.54,2954.704,5764.77,42.015,,,,168.59
2023-12-29,101.333,1212.89,1.1039,7.1258,0.6812,,879,1.3243,10.1724,18.3621,3.8791,3.8471,4.2499,1.709,1.711,2.1732,2.1549,2.316,2.4145,2.561,3.23,0.99,12.45,114.62,36.22,15.85,4769.83,3169.18,1023.74,3431.11,2974.935,5768.5,41.92,,,,107.55
2023-12-30,,,,,,,,,,,,,,,,,,,,,,,,,,,,,,,,,,,,,131.31
2023-12-31,,,,,,,,,,,,,,,,,,,,,,,,,,,,,,,,,,,,,221.29
2024-01-01,,,1.1045,,0.6813,,879,1.3239,,,3.8791,3.8471,4.2499,1.709,1.711,2.1732,2.1549,,,,,,,,,,,3169.25,1024.67,,,,,,,167.6,110.48
2024-01-02,102.2,1221.56,1.0942,7.1491,0.6761,4.9173,885.25,1.3321,10.3551,18.569,3.9294,3.9133,4.3201,1.717,1.738,2.2165,2.1942,2.3385,2.446,2.566,3.33,1.01,13.2,127.02,39.05,15.73,4742.83,3145.42,1016.38,3386.35,2962.276,5672.53,42.37,2093,1258,131.12,138.57
2024-01-03,102.494,1224.22,1.0922,7.1663,0.6732,4.9191,880.18,1.3353,10.3418,18.7192,3.9162,3.9029,4.3305,1.708,1.723,2.2137,2.1979,2.331,2.4365,2.555,3.51,1.05,14.04,124.57,38.22,14.85,4704.81,3115.68,1003.13,3378.3,2967.247,5628.79,43.06,2091,1295,149.39,162.46
2024-01-04,102.422,1225.02,1.0945,7.1752,0.6707,4.9011,889.33,1.335,10.2999,18.7043,3.9988,3.98,4.3845,1.784,1.797,2.2202,2.2026,2.334,2.446,2.542,3.6,1.04,14.13,121.12,37.58,14.2,4688.68,3114.12,1004.26,3347.05,2954.349,5649.23,42.305,2086,1328,180.69,118.85
2024-01-05,102.412,1224.14,1.0943,7.1627,0.6713,4.8759,890.13,1.3363,10.3016,18.6852,4.0457,4.0066,4.3807,1.818,1.818,2.2295,2.2075,2.335,2.449,2.529,3.53,1.03,13.35,116.19,36.07,13.81,4697.24,3120.55,1002.08,3329.11,2929.183,5606.98,42.34,2110,1384,167.49,106.49
2024-01-06,,,,,,,,,,,,,,,,,,,,,,,,,,,,,,,,,,,,131.24,145.36
2024-01-07,,,,,,,,,,,,,,,,,,,,,,,,,,,,,,,,,,,,89.05,10.92
2024-01-08,102.209,1221.97,1.095,7.1627,0.672,4.874,904.88,1.3348,10.3642,18.6606,4.0305,3.9874,4.3746,1.806,1.803,2.2283,2.2032,2.33,2.4503,2.515,3.46,1.03,13.08,117.72,36.79,13.56,4763.54,3153.62,996.76,3286.06,2887.538,5480.82,41.85,2022,1416,106.63,153.56
2024-01-09,102.57,1226.08,1.0931,7.1842,0.6687,4.9072,917.73,1.339,10.3642,18.6969,4.0133,3.9699,4.3642,1.795,1.789,2.2217,2.1981,2.324,2.441,2.495,3.4,1,12.76,114.92,36.09,13.16,4756.5,3146.97,993,3292.5,2893.251,5449.76,41.18,1875,1452,241.27,1026.38
2024-01-10,102.362,1225.89,1.0973,7.1832,0.67,4.893,915.53,1.3381,10.3465,18.694,4.0283,3.9735,4.358,1.809,1.792,2.2219,2.1963,2.3232,2.4358,2.494,3.34,0.99,12.69,109.63,36.35,13.26,4783.45,3161.5,988.97,3277.13,2877.702,5421.23,40.775,1664,1457,118.1,73.6
2024-01-11,102.291,1224.49,1.0972,7.1751,0.6688,4.8712,911,1.3395,10.3087,18.6423,3.9658,3.8788,4.2451,1.728,1.682,2.2395,2.211,2.3312,2.445,2.503,3.37,0.97,12.44,103.45,36.78,12.8,4780.24,3157.32,994.75,3295.67,2886.65,5494.48,40.88,1554,1464,165.31,57
2024-01-12,102.404,1224.77,1.0951,7.1893,0.6686,4.8544,909.23,1.341,10.2821,18.6537,3.939,3.83,4.1441,1.661,1.602,2.2807,2.2397,2.3515,2.482,2.522,3.38,0.97,12.7,106.51,40.64,13.49,4783.83,3168.31,996.3,3284.17,2881.977,5481.94,41.34,1460,1473,210.59,76.85
2024-01-13,,,,,,,,,,,,,,,,,,,,,,,,,,,,,,,,,,,,160.03,92.97
2024-01-14,,,,,,,,,,,,,,,,,,,,,,,,,,,,,,,,,,,,107.43,126.89
2024-01-15,102.404,1226.95,1.095,7.1854,0.666,4.8656,911.38,1.3428,10.3481,18.6752,3.939,3.83,4.1441,1.661,1.602,2.2807,2.2397,,,2.523,,,13.25,,,,,3165.14,995.16,3280.92,2886.291,5446.52,,1360,1522,106.4,80.09
2024-01-16,103.357,1237.14,1.0875,7.219,0.6584,4.927,925,1.3495,10.4712,18.9712,4.0581,3.9335,4.2195,1.754,1.687,2.3054,2.2539,2.367,2.4992,2.527,3.41,0.98,13.84,113.44,38.34,13.55,4765.98,3146.04,979.72,3300.88,2893.989,5343.3,40.355,1324,1552,193.39,248.39
2024-01-17,103.45,1238.73,1.0883,7.2218,0.6552,4.9313,922.85,1.3506,10.5108,19.0562,4.1019,4.0254,4.3608,1.801,1.779,2.3023,2.2578,2.3787,2.497,2.508,3.44,0.97,14.79,105.86,37.06,13.53,4739.21,3120.44,958.39,3229.08,2833.615,5132.82,40.02,1308,1542,176.2,69.96
2024-01-18,103.536,1238.37,1.0876,7.216,0.6573,4.9299,918.06,1.3487,10.5297,18.9385,4.142,4.0467,4.3524,1.797,1.755,2.3461,2.3019,2.417,2.5358,2.51,3.42,0.95,14.13,107.22,35.98,13.09,4780.94,3143.2,961.34,3274.73,2845.784,5172.05,39.955,1357,1500,167.49,121.41
2024-01-19,103.288,1235.4,1.0898,7.2036,0.6597,4.9299,910.49,1.3429,10.4889,19.0308,4.1226,4.0507,4.3845,1.786,1.753,2.3388,2.3052,2.4078,2.537,2.504,3.38,0.95,13.3,104.97,35.79,12.95,4839.81,3175.36,970.91,3269.78,2832.279,5127.24,40.085,1503,1423,207.41,147.36
2024-01-20,,,,,,,,,,,,,,,,,,,,,,,,,,,,,,,,,,,,83.86,57.76
2024-01-21,,,,,,,,,,,,,,,,,,,,,,,,,,,,,,,,,,,,70.11,142.04
2024-01-22,103.331,1236.79,1.0883,7.1939,0.657,4.9852,909.63,1.3479,10.5136,19.2024,4.1052,4.0278,4.3911,1.807,1.767,2.2994,2.2702,2.3668,2.491,2.495,3.36,0.96,13.19,106.87,35.71,12.83,4850.43,3189.1,964.15,3218.9,2756.34,5001.95,40.235,1518,1393,186.62,175.55
2024-01-23,103.617,1238.88,1.0854,7.1674,0.658,4.9503,913.4,1.3462,10.504,19.0411,4.1282,4.0385,4.3678,1.847,1.794,2.2835,2.2544,2.352,2.478,2.506,3.37,0.96,12.55,107.7,34.99,12.73,4864.6,3190.9,969.97,3231.93,2770.976,5140.93,40.32,1473,1343,169.07,71.62
2024-01-24,103.236,1236.37,1.0885,7.1623,0.6577,4.9328,910.25,1.3524,10.468,18.8881,4.1762,4.0885,4.3799,1.887,1.832,2.2902,2.2666,2.3692,2.492,2.508,3.33,0.94,13.14,105.78,33.99,12.7,4868.55,3203.55,982.34,3277.11,2820.772,5353.05,40.895,1507,1328,159.14,91.92
2024-01-25,103.574,1237.54,1.0846,7.1799,0.6585,4.9166,909.45,1.3475,10.4364,18.874,4.1184,3.9983,4.2932,1.831,1.743,2.2879,2.2742,2.373,2.4894,2.499,3.34,0.93,13.45,105.89,35.1,12.79,4894.16,3212.32,988.3,3342.92,2906.109,5468.71,41.815,1499,1326,202.29,114.57
2024-01-26,103.433,1236.74,1.0853,7.1885,0.6575,4.9109,922.5,1.3453,10.4268,18.7883,4.1373,4.0366,4.3489,1.847,1.759,2.2913,2.2943,2.3737,2.49,2.502,3.25,0.92,13.26,100.23,34.78,11.91,4890.97,3216.23,985.1,3333.82,2910.223,5360.24,42.125,1518,1347,141.32,85.29
2024-01-27,,,,,,,,,,,,,,,,,,,,,,,,,,,,,,,,,,,,178.92,80.68
2024-01-28,,,,,,,,,,,,,,,,,,,,,,,,,,,,,,,,,,,,152.74,109.4
2024-01-29,103.609,1236.24,1.0833,7.1875,0.6611,4.948,930.1,1.3414,10.4311,18.8117,4.074,3.9826,4.318,1.787,1.705,2.288,2.2962,2.3663,2.488,2.492,3.27,0.94,13.6,106.34,36.32,13.08,4927.93,3236.32,990.18,3303.96,2883.356,5408.93,42.065,1460,1346,140.53,212.58
2024-01-30,103.397,1235.42,1.0845,7.1869,0.6602,4.9501,931.45,1.3398,10.4398,18.7995,4.0319,3.9687,4.3345,1.776,1.714,2.2571,2.276,2.351,2.4635,2.458,3.27,0.95,13.31,104.26,36.19,13.05,4924.97,3236.76,980.59,3245.04,2830.527,5275.37,42.5,1397,1319,206.28,144.27
2024-01-31,103.274,1238.07,1.0818,7.1872,0.6568,4.9554,929.08,1.3435,10.5052,18.6849,3.9124,3.8354,4.2067,1.667,1.593,2.2459,2.26,2.3387,2.456,2.434,3.44,0.96,14.35,107.28,37.25,13.16,4845.65,3205.32,975.8,3215.35,2788.548,5194.04,41.705,1398,1306,205.61,81.76
2024-02-01,103.048,1232.15,1.0872,7.1878,0.6572,4.9127,932.55,1.3386,10.4362,18.5989,3.8802,3.8128,4.2024,1.687,1.631,2.1941,2.2039,2.2838,2.419,2.434,3.4,0.99,13.88,113.92,35.38,13.72,4906.19,3226.8,982.12,3217.71,2770.74,5223.48,41.7,1388,1295,147.5,97.99
2024-02-02,103.922,1239.89,1.0788,7.2147,0.6512,4.9704,947.55,1.3463,10.6042,18.8995,4.0199,3.9825,4.3638,1.812,1.787,2.2098,2.2189,2.2923,2.4289,2.429,3.3,0.96,13.85,106.72,34.85,12.66,4958.61,3247.64,988.21,3179.63,2730.152,5218.99,41.76,1407,1287,171.52,55.14
2024-02-03,,,,,,,,,,,,,,,,,,,,,,,,,,,,,,,,,,,,96.8,95.61
2024-02-04,,,,,,,,,,,,,,,,,,,,,,,,,,,,,,,,,,,,85.67,213.37
2024-02-05,104.452,1244.87,1.0743,7.2201,0.6483,4.9824,956,1.354,10.6859,19.0667,4.1579,4.1189,4.4722,1.905,1.861,2.2538,2.2803,2.35,2.466,2.402,3.32,0.95,13.67,108.68,34.43,12.49,4942.81,3233.53,983.32,3200.42,2702.185,5217.36,41.655,1436,1274,125.88,209.6
2024-02-06,104.213,1241.1,1.0755,7.2014,0.6523,4.9591,948.98,1.3492,10.5904,18.8271,4.1,4.0453,4.4035,1.865,1.795,2.236,2.2719,2.345,2.454,2.458,3.34,0.95,13.06,110.6,33.01,12.31,4954.23,3244.51,999.86,3311.69,2789.486,5473.75,41.79,1516,1262,118.75,109.35
2024-02-07,104.057,1241.01,1.0772,7.2128,0.652,4.9717,954.13,1.3463,10.5826,18.9015,4.1211,4.0698,4.4287,1.888,1.814,2.2344,2.2763,2.346,2.445,2.424,3.26,0.95,12.83,107.86,31.21,11.84,4995.06,3265.07,1002.55,3343.63,2829.696,5421.53,41.875,1487,1254,100.38,178.57
2024-02-08,104.165,1243.05,1.0778,7.2152,0.6492,4.9972,965.5,1.3458,10.6181,18.9695,4.154,4.1172,4.454,1.904,1.831,2.2511,2.3067,2.3705,2.474,2.439,3.21,0.95,12.79,108.6,31.64,11.71,4997.91,3266.14,997.54,3364.93,2865.903,5360.08,42.305,1473,1255,116.23,153.72
2024-02-09,104.111,1242.13,1.0784,7.2187,0.6524,4.9544,970.27,1.346,10.5423,19.024,4.1754,4.1367,4.4799,1.921,1.849,2.2553,2.3091,2.3728,2.471,,3.16,0.95,12.93,106.21,32.44,11.2,5026.61,3281.42,995.53,,,5306.79,41.655,1545,1268,194.53,67.61
2024-02-10,,,,,,,,,,,,,,,,,,,,,,,,,,,,,,,,,,,,98.5,55.65
2024-02-11,,,,,,,,,,,,,,,,,,,,,,,,,,,,,,,,,,,,86.26,216.31
2024-02-12,104.17,1242.31,1.0772,7.2152,0.6531,,970.6,1.3451,10.5008,18.9035,4.1793,4.1367,4.4738,1.937,1.861,2.2443,2.2951,2.356,2.459,,3.18,0.96,13.93,109.78,32.69,11.81,5021.84,3281.01,996.06,,,,42.115,1572,1285,156.39,215.18
2024-02-13,104.96,1250.24,1.0709,7.2314,0.6453,,970.34,1.3564,10.6769,19.1264,4.3143,4.3158,4.6578,2.022,1.978,2.2929,2.3615,2.416,2.5057,,3.16,0.95,15.85,113.22,32.37,12.15,4953.17,3240.26,996.78,,,,41.69,1585,1296,187.86,183.22
2024-02-14,104.723,1248.22,1.0727,7.2243,0.6491,4.974,958.15,1.3544,10.5856,19.0461,4.2554,4.2395,4.5778,1.955,1.896,2.3028,2.3693,2.419,2.5107,,3.19,0.94,14.38,111.97,32.76,12.02,5000.62,3265.67,998.86,,,5386.31,41.65,1582,1304,135.81,86.93
2024-02-15,104.296,1243.88,1.0772,7.2176,0.6525,4.9739,967.62,1.3465,10.5247,18.9446,4.23,4.2147,4.574,1.936,1.868,2.2963,2.3707,2.4208,2.4957,,3.17,0.92,14.01,112.09,32.02,11.79,5029.73,3289.74,1007.7,,,5410.94,42.81,1581,1336,214.81,83.03
2024-02-16,104.275,1244.08,1.0777,7.2128,0.6531,4.9661,971.9,1.3485,10.5069,18.8837,4.2792,4.2738,4.6416,1.949,1.88,2.3325,2.4205,2.4602,2.53,,3.14,0.92,14.24,109.2,30.84,11.75,5005.57,3285.12,1016.23,,,5558.86,42.785,1610,1341,160.93,58.32
2024-02-17,,,,,,,,,,,,,,,,,,,,,,,,,,,,,,,,,,,,87.03,147.98
2024-02-18,,,,,,,,,,,,,,,,,,,,,,,,,,,,,,,,,,,,80.79,309.05
2024-02-19,104.291,1243.87,1.0779,7.2114,0.654,4.9606,966.58,1.3491,10.4851,18.9612,4.2792,4.2738,4.6416,1.949,1.88,2.3325,2.4195,,,2.437,,,14.71,,,,,3286.86,1016.38,3403.81,2910.544,5484.88,,1629,1338,167.82,88.77
2024-02-20,104.079,1242.68,1.0808,7.2017,0.6549,4.927,962.61,1.3523,10.4885,18.9116,4.2753,4.2525,4.6121,1.954,1.871,2.3223,2.4063,2.446,2.5192,2.418,3.18,0.91,15.42,111.02,31.81,11.81,4975.51,3274.33,1018.99,3410.85,2922.73,5519.23,42.395,1632,1324,170.21,149.95
2024-02-21,104.006,1242.19,1.0819,7.1994,0.6551,4.9382,970.79,1.3506,10.4841,18.9204,4.3187,4.3044,4.666,1.981,1.909,2.3383,2.4229,2.465,2.535,2.418,3.16,0.9,15.34,114.27,31.05,11.46,4981.8,3272.19,1020.62,3456.87,2950.956,5642.78,43.19,1676,1286,193.75,111.52
2024-02-22,103.957,1242.05,1.0823,7.2021,0.6557,4.9644,979.38,1.3482,10.5061,19.1635,4.3207,4.3278,4.7116,2.009,1.953,2.3149,2.4049,2.4415,2.509,2.405,3.06,0.89,14.54,115.59,30.55,11.19,5087.03,3329.86,1029.44,3486.68,2988.358,5758.46,43.265,1752,1237,219.58,70.29
2024-02-23,103.936,1242.36,1.0821,7.2057,0.6562,4.9943,980.18,1.3505,10.5347,19.3143,4.248,4.2799,4.6896,1.958,1.935,2.2913,2.3745,2.41,2.486,2.399,3.06,0.91,13.75,108.31,31.31,11.5,5088.8,3334.04,1028.31,3489.74,3004.881,5765.1,42.98,1866,1209,167.07,117.11
2024-02-24,,,,,,,,,,,,,,,,,,,,,,,,,,,,,,,,,,,,111.12,192.21
2024-02-25,,,,,,,,,,,,,,,,,,,,,,,,,,,,,,,,,,,,87.17,68.12
2024-02-26,103.827,1241.57,1.0851,7.2112,0.654,4.9809,988.7,1.3505,10.5122,19.2913,4.2795,4.3122,4.7182,1.965,1.924,2.3166,2.4171,2.444,2.505,2.378,3.05,0.93,13.74,110.77,31.71,11.29,5069.53,3325.79,1024.11,3453.36,2977.022,5723.36,43.13,1871,1191,200.97,167.77
2024-02-27,103.829,1241.63,1.0844,7.2139,0.6544,4.9342,981.28,1.3528,10.5316,19.097,4.3032,4.3114,4.6933,1.98,1.929,2.3223,2.4257,2.449,2.5048,2.378,3.07,0.92,13.43,110.8,31.35,10.95,5078.18,3331.88,1027.75,3494.79,3015.481,5806.9,42.945,1899,1180,166.86,117.39
2024-02-28,103.975,1243.46,1.0838,7.2141,0.6496,4.9707,977.1,1.3577,10.5899,19.275,4.2639,4.2605,4.6374,1.942,1.866,2.3233,2.4353,2.4497,2.503,2.358,3.14,0.95,13.84,108.71,31.21,10.93,5069.76,3322.64,1018.72,3450.26,2957.852,5688.46,42.86,2041,1156,177.46,143.19
2024-02-29,104.156,1243.78,1.0805,7.2078,0.6497,4.9708,966.5,1.3579,10.622,19.204,4.2502,4.2447,4.6187,1.928,1.846,2.3232,2.4389,2.449,2.5095,2.353,3.12,0.96,13.4,109.1,31.5,11.16,5096.27,3337.2,1020.94,3516.08,3015.171,5677.88,43.07,2111,1145,153.25,105.86
2024-03-01,103.861,1242.16,1.0837,7.2113,0.6527,4.955,966,1.3561,10.5238,19.1115,4.1798,4.1571,4.5313,1.86,1.752,2.3221,2.4404,2.4525,2.509,2.383,3.16,0.97,13.11,106.48,31.08,13.47,5137.08,3364.04,1024.68,3537.8,3027.021,5728.84,43.57,2203,1142,155.18,58.59
2024-03-02,,,,,,,,,,,,,,,,,,,,,,,,,,,,,,,,,,,,82.69,72.85
2024-03-03,,,,,,,,,,,,,,,,,,,,,,,,,,,,,,,,,,,,82.36,85.57
2024-03-04,103.832,1241.51,1.0856,7.2101,0.651,4.9481,975.5,1.3574,10.5681,19.0415,4.2131,4.2025,4.6017,1.869,1.779,2.3448,2.4621,2.4787,2.541,2.362,3.1,0.96,13.49,109.57,30.47,14.61,5130.95,3362.28,1030.39,3540.87,3039.305,5712.83,43.105,2297,1145,170.75,185.31
2024-03-05,103.798,1240.76,1.0857,7.2121,0.6503,4.9583,980.37,1.3593,10.5688,18.9746,4.1525,4.1448,4.5579,1.826,1.742,2.3271,2.4427,2.465,2.527,2.334,3.15,0.97,14.46,110.33,30.19,14.54,5078.65,3337.2,1021.74,3565.51,3047.793,5562.73,43.425,2291,1190,83.46,98.25
2024-03-06,103.369,1236.52,1.0899,7.21,0.6564,4.9455,984.65,1.3514,10.4933,18.8309,4.102,4.1168,4.5536,1.8,1.732,2.3041,2.4275,2.447,2.501,2.281,3.15,0.97,14.5,105.33,29.57,15.17,5104.76,3357.03,1027.95,3551.05,3039.931,5672.97,43.56,2176,1192,108.02,107.93
2024-03-07,102.823,1231.08,1.0948,7.2003,0.662,4.935,981.61,1.3459,10.4022,18.6815,4.0827,4.0731,4.5014,1.809,1.717,2.276,2.3966,2.418,2.475,2.294,3.15,0.96,14.44,105.45,29.57,15.09,5157.36,3391.26,1030.27,3529.72,3027.401,5613.83,43.93,2251,1188,122.23,56.71
2024-03-08,102.712,1229.36,1.0939,7.2,0.6624,4.9833,961.65,1.3483,10.4251,18.7293,4.0749,4.0466,4.4735,1.793,1.698,2.283,2.3892,2.4167,2.4766,2.293,3.14,0.95,14.74,100.88,29.64,15.47,5123.69,3380.14,1037.09,3544.91,3046.019,5656.72,44.085,2345,1186,183.72,36.66
2024-03-09,,,,,,,,,,,,,,,,,,,,,,,,,,,,,,,,,,,,89.67,230.58
2024-03-10,,,,,,,,,,,,,,,,,,,,,,,,,,,,,,,,,,,,98.22,221.18
2024-03-11,102.869,1229.28,1.0926,7.1799,0.6614,4.9779,966.83,1.3483,10.457,18.6792,4.0982,4.0884,4.536,1.823,1.747,2.2766,2.3825,2.407,2.4722,2.312,3.14,0.95,15.22,106.63,29.11,15.5,5117.94,3367.08,1039.07,3589.26,3068.455,5748.89,44.54,2377,1189,155.81,159.06
2024-03-12,102.957,1230.5,1.0927,7.1873,0.6606,4.972,959.73,1.3491,10.5243,18.6698,4.1507,4.1477,4.5862,1.848,1.779,2.3051,2.4152,2.434,2.495,2.354,3.08,0.93,13.84,101.36,29.36,14.1,5175.27,3397.25,1049.07,3597.49,3055.935,5949.52,44.47,2315,1189,199.55,104.69
2024-03-13,102.789,1229.07,1.0948,7.1935,0.6621,4.972,945.5,1.3471,10.4808,18.5782,4.1899,4.1986,4.6345,1.887,1.815,2.3042,2.4254,2.448,2.496,2.339,3.03,0.92,13.75,97.03,29.52,14.09,5165.31,3396.19,1046.51,3572.36,3043.835,5932.46,45.18,2370,1198,149.75,159.16
2024-03-14,103.36,1233.61,1.0883,7.2026,0.6581,4.9898,940.63,1.3533,10.556,18.734,4.2903,4.2885,4.6936,1.983,1.9,2.3086,2.4335,2.45,2.5,2.351,3.02,0.91,14.4,98.67,31.51,13.3,5150.48,3382.48,1048.68,3562.22,3038.234,5906.88,45.645,2350,1197,187.15,69.68
2024-03-15,103.432,1235.65,1.0889,7.2057,0.656,4.9959,942.95,1.3542,10.6189,18.7733,4.3063,4.3257,4.7276,1.99,1.928,2.3174,2.4433,2.4677,2.5167,2.347,3.02,0.89,14.41,97.82,29.77,13.54,5117.09,3363.03,1034.74,3569.99,3054.636,5820.5,45.78,2374,1202,138.02,181.53
2024-03-16,,,,,,,,,,,,,,,,,,,,,,,,,,,,,,,,,,,,126.56,110.1
2024-03-17,,,,,,,,,,,,,,,,,,,,,,,,,,,,,,,,,,,,69.19,180.66
2024-03-18,103.579,1237.84,1.0872,7.2061,0.656,5.0255,948.75,1.3534,10.656,18.946,4.3242,4.3416,4.7319,2.009,1.943,2.3161,2.445,2.4703,2.5147,2.328,3.01,0.89,14.33,102.87,29.81,13.83,5149.42,3380.67,1038.07,3603.53,3084.926,5848.15,45.57,2419,1212,147.65,140.24
2024-03-19,103.818,1240.63,1.0866,7.212,0.6532,5.0307,965.75,1.3567,10.6483,18.9045,4.2925,4.2973,4.6831,1.995,1.913,2.2986,2.4304,2.45,2.5,2.285,2.99,0.89,13.82,99.99,29.22,13.48,5178.51,3393.37,1027.78,3577.63,3062.756,5780.21,46.09,2392,1205,183.3,91.96
2024-03-20,103.389,1236.13,1.0922,7.2112,0.6586,4.9681,967.28,1.3492,10.5784,18.7034,4.2728,4.2442,4.6023,1.936,1.819,2.3379,2.4693,2.489,2.5385,2.306,3,0.9,13.04,92.72,28.82,13.62,5224.62,3414.89,1032.12,3585.38,3079.686,5803.99,46.025,2284,1193,116.03,202.01
2024-03-21,104.007,1241.62,1.086,7.2216,0.657,4.979,972.8,1.3531,10.6661,18.8219,4.2669,4.253,4.6363,1.913,1.812,2.3549,2.4829,2.509,2.5577,2.289,2.92,0.88,12.92,90.82,27.53,13.42,5241.53,3434.69,1048.34,3581.09,3077.113,5905.27,46.3,2240,1173,130.51,77.59
2024-03-22,104.43,1246.5,1.0808,7.2761,0.6515,5.0015,982.88,1.3604,10.7559,19.0295,4.1981,4.1822,4.5891,1.851,1.752,2.3477,2.4733,2.505,2.559,2.309,2.96,0.88,13.06,91.04,26.92,12.53,5234.18,3428.12,1039.32,3545,3048.034,5757.67,46.2,2196,1161,125,73.05
2024-03-23,,,,,,,,,,,,,,,,,,,,,,,,,,,,,,,,,,,,107.03,147.64
2024-03-24,,,,,,,,,,,,,,,,,,,,,,,,,,,,,,,,,,,,69.01,93.1
2024-03-25,104.224,1243.66,1.0837,7.2531,0.654,4.9752,978.7,1.3586,10.7165,18.8847,4.2454,4.2281,4.6254,1.91,1.809,2.3363,2.4625,2.499,2.5462,2.32,3,0.9,13.19,92.24,27.49,12.09,5218.19,3420.18,1036.13,3525.76,3026.305,5754.65,46.63,2123,1159,187.99,79.67
2024-03-26,104.298,1244.29,1.0831,7.2487,0.6533,4.9816,980.55,1.3584,10.7568,18.9808,4.2316,4.221,4.591,1.904,1.819,2.3287,2.4434,2.4872,2.5448,2.321,3.01,0.91,13.24,90.63,27.25,12.57,5203.58,3414.29,1040.07,3543.75,3031.481,5825.42,46.27,1989,1154,165.63,85.54
2024-03-27,104.348,1243.72,1.0828,7.2539,0.6535,4.9852,980.25,1.3568,10.7797,18.909,4.1903,4.1862,4.5682,1.883,1.805,2.3086,2.4232,2.4643,2.5231,2.296,3.01,0.9,12.78,86.28,26.6,13.58,5248.49,3436.98,1036.73,3502.79,2993.139,5728.13,46.7,1845,1141,126.74,97.9
2024-03-28,104.546,1245.39,1.0789,7.2623,0.6516,5.0141,979.36,1.354,10.8567,18.9399,4.2003,4.2125,4.62,1.877,1.817,2.3246,2.4406,2.4872,2.545,2.306,2.99,0.9,13.01,86.38,26.27,15.44,5254.35,3436.78,1040.39,3520.97,3010.664,5810.79,47.205,1821,1137,99.63,59.31
2024-03-29,104.487,,1.079,7.2572,0.6521,,,1.354,10.826,18.881,4.2003,4.2125,4.62,1.877,1.817,2.3246,2.4406,,,2.295,2.99,0.9,,,,,,3437.76,1043.2,3537.48,3041.167,,,,,126.19,90.04
2024-03-30,,,,,,,,,,,,,,,,,,,,,,,,,,,,,,,,,,,,161.59,49.51
2024-03-31,,,,,,,,,,,,,,,,,,,,,,,,,,,,,,,,,,,,119.95,89.56
2024-04-01,105.019,1248.88,1.0743,7.2595,0.6489,5.0553,984.9,1.357,10.9581,18.9412,4.3092,4.3198,4.7053,1.965,1.907,2.3462,2.4565,2.505,2.5647,2.309,2.98,0.9,13.65,94.2,27.65,16.25,5243.77,3424.73,1042.07,3595.65,3077.379,,47.555,,,123.22,113.74
2024-04-02,104.816,1247.17,1.077,7.2546,0.6518,5.0584,975.53,1.3567,10.8383,18.7759,4.3491,4.3411,4.6888,1.986,1.893,2.3646,2.4858,2.5335,2.579,2.296,3.08,0.9,14.61,96.57,29.04,17.13,5205.81,3403.4,1049.93,3580.68,3074.958,5960.72,48.22,1714,1129,197.96,64.34
2024-04-03,104.249,1242.85,1.0836,7.2488,0.6565,5.0391,954.89,1.3527,10.727,18.6722,4.3472,4.327,4.6723,1.997,1.897,2.3519,2.4692,2.5115,2.5623,2.292,3.09,0.88,14.33,97.88,29.08,17.49,5211.49,3409.62,1043.23,3567.8,3069.296,5874.99,48.55,1711,1123,181.87,87.02
2024-04-04,104.121,1242.7,1.0837,7.2492,0.6588,5.0556,942.38,1.3543,10.7428,18.7131,4.3094,4.2971,4.6474,1.948,1.844,2.3622,2.4927,2.536,2.575,,3.12,0.9,16.35,96.13,32.17,17.29,5147.21,3386.31,1048.76,,,,48.52,1669,1127,160.98,79.84
2024-04-05,104.298,1242.7,1.0837,7.2478,0.6579,5.0665,949.1,1.359,10.7291,18.702,4.4016,4.3947,4.7505,2.029,1.93,2.3738,2.5041,2.5549,2.587,,3.03,0.89,16.03,94.31,32.36,16.92,5204.34,3402.36,1045.71,,,5863.57,49.04,1628,1122,142.05,65.9
2024-04-06,,,,,,,,,,,,,,,,,,,,,,,,,,,,,,,,,,,,130.3,286.44
2024-04-07,,,,,,,,,,,,,,,,,,,,,,,,,,,,,,,,,,,,69.74,136.54
2024-04-08,104.14,1241.02,1.0859,7.2422,0.6604,5.0295,944.13,1.3572,10.6846,18.6409,4.4198,4.4304,4.7886,2.031,1.953,2.3911,2.5206,2.572,2.606,2.289,2.98,0.87,15.19,99.37,30.57,18.17,5202.39,3408.57,1049.16,3536.41,3047.052,5868.97,48.73,1594,1114,126.33,96.86
2024-04-09,104.148,1240.78,1.0857,7.2383,0.6629,5.0093,941.55,1.3571,10.6766,18.4606,4.3616,4.3736,4.7426,1.994,1.922,2.3686,2.4943,2.549,2.589,2.289,2.99,0.87,14.98,98.73,28.96,18.3,5209.91,3412.09,1055.37,3533.49,3048.537,5895.32,48.745,1570,1165,171.76,127.5
2024-04-10,105.245,1250.13,1.0743,7.2624,0.6512,5.0748,954.55,1.3682,10.8447,18.7767,4.5435,4.6044,4.9731,2.139,2.112,2.4057,2.5418,2.592,2.622,2.298,2.92,0.87,15.8,109.59,30.08,18.67,5160.64,3379.73,1057.89,3504.71,3027.335,6016.83,48.895,1587,1195,208.52,134.32
2024-04-11,105.282,1250.83,1.0726,7.2558,0.6538,5.0925,955.7,1.3689,10.8309,18.7328,4.5865,4.6316,4.9609,2.188,2.146,2.4009,2.5322,2.5782,2.62,2.294,3.01,0.87,14.91,108.86,31.27,18.97,5199.06,3391.01,1055.09,3504.25,3034.246,6003.97,48.86,1690,1205,123.34,116.38
2024-04-12,106.038,1259.38,1.0643,7.2673,0.6467,5.1182,969.5,1.3775,10.8983,18.8642,4.5216,4.5584,4.8966,2.126,2.073,2.3966,2.5313,2.5838,2.616,2.284,3.1,0.89,17.31,112.82,32.19,20.21,5123.41,3351.01,1041.7,3475.84,3019.473,5879.58,48.065,1729,1202,161.33,164.38
2024-04-13,,,,,,,,,,,,,,,,,,,,,,,,,,,,,,,,,,,,130.12,83.15
2024-04-14,,,,,,,,,,,,,,,,,,,,,,,,,,,,,,,,,,,,137.64,351.28
2024-04-15,106.208,1261.69,1.0624,7.259,0.6442,5.1856,979.1,1.3788,10.9429,18.9867,4.6014,4.6199,4.9205,2.174,2.09,2.429,2.5716,2.623,2.648,2.281,3.14,0.91,19.23,121.15,35.59,22.25,5061.82,3317.68,1030.74,3549.08,3057.378,5856.44,47.615,1730,1194,230.79,148
2024-04-16,106.257,1266.18,1.0619,7.2644,0.6402,5.2829,981.84,1.3829,10.9846,19.0538,4.6674,4.7015,4.9871,2.254,2.181,2.4142,2.5595,2.6163,2.636,2.272,3.2,0.92,18.4,119.59,33.61,20.56,5051.41,3297.14,1009.84,3511.12,3007.068,5743.78,47.2,1779,1173,340.54,205
2024-04-17,105.951,1261.78,1.0673,7.244,0.6435,5.2421,977.83,1.3773,11.0006,19.0276,4.5873,4.6149,4.9321,2.203,2.137,2.3858,2.5206,2.5738,2.6,2.264,3.29,0.93,18.21,113.29,33,19.01,5022.21,3281.11,1012.46,3565.4,3071.381,5749.69,47.065,1844,1134,227.5,89.86
2024-04-18,106.151,1263.51,1.0643,7.2496,0.6421,5.2485,965.78,1.3767,11.0554,19.1535,4.6326,4.6767,4.9861,2.23,2.17,2.404,2.5495,2.595,2.62,2.257,3.25,0.92,18,108.66,31.4,18.65,5011.12,3280.1,1018.59,3569.8,3074.225,5803.86,46.92,1901,1128,155.67,73
2024-04-19,106.154,1264.37,1.0656,7.2512,0.6418,5.2021,955.3,1.3751,11.0198,19.1033,4.6207,4.6701,4.9858,2.217,2.239,2.405,2.4324,2.5908,2.617,2.256,3.23,0.92,18.71,111.26,31.86,18.51,4967.23,3255.62,1004.17,3541.66,3065.261,5746.61,47.485,1919,1114,208.12,69.55
2024-04-20,,,,,,,,,,,,,,,,,,,,,,,,,,,,,,,,,,,,134.36,105
2024-04-21,,,,,,,,,,,,,,,,,,,,,,,,,,,,,,,,,,,,70.48,129.65
2024-04-22,106.077,1264.28,1.0655,7.2507,0.645,5.1663,953.4,1.3701,10.9889,19.194,4.6085,4.6504,4.9713,2.204,2.218,2.405,2.4336,2.5977,2.619,2.246,3.16,0.91,16.94,108.56,29.7,17.76,5010.6,3282.09,1011.84,3530.9,3044.595,5831.26,47.795,1882,1108,162.91,63.52
2024-04-23,105.675,1259.54,1.0701,7.2605,0.6487,5.1264,954.6,1.3663,10.9122,19.1149,4.6004,4.6289,4.931,2.202,2.2,2.3991,2.4297,2.594,2.6163,2.226,3.08,0.89,15.69,106.85,28.86,17.73,5070.55,3322.54,1019.34,3506.22,3021.978,5954.62,48.06,1804,1088,148.32,50.68
2024-04-24,105.857,1261.03,1.0699,7.2731,0.6498,5.1481,950.75,1.3703,10.9847,19.2276,4.6417,4.6564,4.9269,2.235,2.222,2.4077,2.4354,2.599,2.621,2.273,3.07,0.9,15.97,110.21,29.04,17.45,5071.63,3323.29,1034.69,3521.62,3044.822,6100.22,48.095,1774,1096,139.23,103.13
2024-04-25,105.598,1260.19,1.073,7.2553,0.6518,5.1592,949.51,1.3657,10.9587,19.032,4.7039,4.7189,4.9975,2.28,2.276,2.4251,2.4442,2.61,2.638,2.264,3.11,0.89,15.37,108.55,28.34,17.32,5048.42,3306.68,1028.61,3530.28,3052.9,6120.37,48.315,1743,1100,172.4,228.77
2024-04-26,105.938,1263.43,1.0693,7.2687,0.6533,5.1166,950.4,1.3671,11.0346,18.8093,4.663,4.687,4.9934,2.239,2.24,2.4263,2.4475,2.6137,2.6435,2.306,3.04,0.87,15.03,104.4,27.81,16.92,5099.96,3335.08,1041.52,3584.27,3088.636,6269.76,47.87,1721,1112,150.83,71.47
2024-04-27,,,,,,,,,,,,,,,,,,,,,,,,,,,,,,,,,,,,154.33,53.88
2024-04-28,,,,,,,,,,,,,,,,,,,,,,,,,,,,,,,,,,,,106.33,105.58
2024-04-29,105.579,1258.31,1.0721,7.2439,0.6567,5.1205,941.55,1.3661,10.9948,18.6305,4.6136,4.6445,4.9767,2.203,2.209,2.412,2.4368,2.601,2.6335,2.357,2.99,0.87,14.67,105.42,27.84,16.92,5116.17,3347.04,1051.33,3623.91,3113.043,6282.86,48.195,1684,1120,191.11,80.35
2024-04-30,106.221,1265.88,1.0666,7.2548,0.6473,5.1934,960.33,1.3778,11.1163,18.7821,4.6798,4.7154,5.0351,2.276,2.292,2.4044,2.4246,2.59,2.625,2.314,3.01,0.87,15.65,107.46,27.87,16.54,5035.69,3305.3,1045.95,3604.39,3104.824,6273.75,46.76,1685,1123,167.8,111.88
2024-05-01,105.755,1263.93,1.0712,7.2341,0.6523,,,1.3739,11.0409,18.5854,4.6283,4.648,4.9602,2.257,2.261,2.3726,2.3882,2.523,2.584,,3.08,0.89,15.39,100.64,28.7,16.25,5018.39,3294.01,1045.52,,,,46.015,1688,1117,130.76,52.26
2024-05-02,105.299,1254.53,1.0725,7.2063,0.6565,5.1119,946.03,1.3674,10.9914,18.5494,4.5811,4.5701,4.8727,2.22,2.198,2.3617,2.3741,2.542,2.5924,,3.04,0.87,14.68,100.7,27.65,16.05,5064.2,3321.81,1052.86,,,6437.09,46.28,1774,1113,137.77,80.5
2024-05-03,105.03,1251.12,1.0761,7.1928,0.661,5.0725,939.25,1.3686,10.8775,18.5102,4.5077,4.4993,4.816,2.151,2.145,2.3588,2.3561,2.531,2.5912,,2.93,0.86,13.49,95.96,28.09,15.83,5127.79,3361.41,1061.45,,,6547.29,46.285,1876,1122,110.42,55.72
2024-05-04,,,,,,,,,,,,,,,,,,,,,,,,,,,,,,,,,,,,86.46,43.53
2024-05-05,,,,,,,,,,,,,,,,,,,,,,,,,,,,,,,,,,,,68.83,165.5
2024-05-06,105.051,1251.55,1.0769,7.2142,0.6625,5.0763,930.63,1.3666,10.8403,18.4769,4.4874,4.4869,4.8305,2.141,2.142,2.3474,2.3462,2.5238,2.5833,2.309,2.89,0.85,13.49,94.5,28.58,16.23,5180.74,3391.13,1066.73,3657.88,3140.72,6572.45,46.65,,,93.62,76.56
2024-05-07,105.412,1254.43,1.0755,7.2253,0.6598,5.0717,936.98,1.3726,10.9081,18.5163,4.457,4.471,4.8304,2.144,2.163,2.3137,2.3084,2.4908,2.55,2.289,2.92,0.86,13.23,98.04,27.83,15.75,5187.7,3401.77,1068.26,3659.01,3147.738,6526.67,46.605,2083,1129,176.27,38.92
2024-05-08,105.546,1256.49,1.0748,7.2297,0.658,5.0909,937.73,1.3722,10.9086,18.5709,4.4937,4.4991,4.8365,2.16,2.164,2.3343,2.3357,2.5167,2.5755,2.298,2.95,0.86,13,95.58,27.91,15.29,5187.67,3395.64,1066.62,3630.22,3128.48,6456.72,46.55,2203,1139,163.58,35.93
2024-05-09,105.227,1252.84,1.0782,7.2223,0.662,5.1416,925.22,1.3677,10.8511,18.4866,4.4531,4.469,4.8154,2.12,2.122,2.344,2.3475,2.523,2.573,2.316,3,0.87,12.69,93.85,27.95,16.27,5214.08,3411.11,1063.52,3664.56,3154.32,6560.67,47.175,2166,1148,145.4,51.54
2024-05-10,105.301,1253.69,1.0771,7.2341,0.6604,5.1581,925.45,1.3672,10.8432,18.446,4.4963,4.5128,4.8655,2.15,2.164,2.3556,2.3502,2.524,2.585,2.32,2.98,0.87,12.55,94.23,27.88,16.2,5222.68,3419.92,1071.64,3666.28,3154.547,6718.86,46.915,2129,1155,185.28,103.08
2024-05-11,,,,,,,,,,,,,,,,,,,,,,,,,,,,,,,,,,,,106,262.99
2024-05-12,,,,,,,,,,,,,,,,,,,,,,,,,,,,,,,,,,,,54.01,245.08
2024-05-13,105.218,1253.76,1.079,7.2397,0.6608,5.1511,923.55,1.3666,10.8254,18.3699,4.4865,4.5057,4.8612,2.153,2.171,2.3426,2.3355,2.517,2.577,2.293,3.01,0.88,13.6,105.35,28.04,16.52,5221.42,3421.11,1078.72,3664.69,3148.021,6761.64,46.79,2066,1150,177.11,36.94
2024-05-14,105.013,1252.16,1.0819,7.2398,0.6627,5.1294,915.9,1.3651,10.8046,18.3888,4.4394,4.4543,4.8147,2.113,2.133,2.3341,2.3211,2.507,2.571,2.292,3.03,0.88,13.42,106.55,28.01,16.61,5246.68,3435.15,1080.96,3657.05,3145.774,6741.41,46.85,1993,1150,154.67,135.19
2024-05-15,104.345,1244.39,1.0884,7.2179,0.6694,5.1366,904.65,1.3602,10.6715,18.2725,4.34,4.345,4.7237,2.038,2.048,2.3119,2.2975,2.49,2.551,2.301,3.01,0.88,12.45,93.78,28.07,16.99,5308.15,3472.26,1084.65,3626.06,3119.902,,46.955,1889,1153,129.21,96.41
2024-05-16,104.462,1245.42,1.0867,7.2227,0.6679,5.1296,897.83,1.3618,10.6996,18.1878,4.375,4.3994,4.7953,2.066,2.089,2.3176,2.3116,2.499,2.555,2.315,2.98,0.87,12.42,91.83,27.08,16.26,5297.1,3468.71,1098.56,3640.36,3122.401,6871.38,46.825,1817,1178,124.9,55.17
2024-05-17,104.445,1245.03,1.0869,7.2337,0.6693,5.1045,889.45,1.3612,10.6807,18.1665,4.4198,4.445,4.8245,2.099,2.121,2.3289,2.3252,2.5288,2.573,2.317,2.97,0.87,11.99,89.35,28.06,17.4,5303.27,3472.52,1099.79,3677.97,3154.026,6934.7,47.48,1844,1195,181.66,54.29
2024-05-18,,,,,,,,,,,,,,,,,,,,,,,,,,,,,,,,,,,,110.92,71.86
2024-05-19,,,,,,,,,,,,,,,,,,,,,,,,,,,,,,,,,,,,98.48,228.26
2024-05-20,104.565,1246.48,1.0857,7.2469,0.6667,5.1045,888.33,1.3625,10.7028,18.2004,4.4433,4.4661,4.8478,2.114,2.131,2.3392,2.3371,2.5375,2.581,2.309,2.96,0.86,12.15,88.13,27.89,17.58,5308.13,3477.07,1101.91,3690.96,3171.145,6964.99,47.17,1847,1205,135.08,92.53
2024-05-21,104.661,1247.58,1.0854,7.2469,0.6666,5.123,888.13,1.3654,10.6716,18.0793,4.412,4.4341,4.8285,2.082,2.1,2.3376,2.3355,2.533,2.578,2.313,2.98,0.87,11.86,85.34,27.38,16.76,5321.41,3479.84,1093.38,3676.16,3157.966,6820.97,46.94,1829,1234,165.28,62.26
2024-05-22,104.933,1250.76,1.0823,7.2542,0.662,5.1516,910.07,1.3695,10.7087,18.2662,4.4218,4.4623,4.869,2.09,2.126,2.3415,2.3376,2.531,2.577,2.312,3,0.87,12.29,82.49,27.71,16.45,5307.01,3465.55,1095.29,3684.45,3158.54,6817.68,46.04,1804,1236,140.05,55.15
2024-05-23,105.108,1252.53,1.0815,7.2578,0.6606,5.1449,909.5,1.3729,10.6764,18.4794,4.4767,4.5298,4.9353,2.163,2.209,2.3206,2.3212,2.516,2.555,2.306,2.98,0.87,12.77,86.15,28.66,16.03,5267.84,3446.43,1091.37,3641.79,3116.387,6701.78,45.62,1796,1231,101.83,77.2
2024-05-24,104.724,1249.77,1.0847,7.2615,0.6628,5.168,902.35,1.3665,10.5813,18.4174,4.465,4.5277,4.9461,2.146,2.202,2.3275,2.3266,2.5283,2.564,2.314,3,0.87,11.93,83.57,27.56,15.26,5304.72,3462.13,1082.98,3601.48,3088.871,6605.24,45.685,1797,1234,116.64,153.24
2024-05-25,,,,,,,,,,,,,,,,,,,,,,,,,,,,,,,,,,,,91.42,58.73
2024-05-26,,,,,,,,,,,,,,,,,,,,,,,,,,,,,,,,,,,,121.31,40.78
2024-05-27,104.595,1247.84,1.0859,7.2589,0.6654,5.1713,900.9,1.3633,10.4981,18.362,,,,,,,,,,2.313,3,0.87,12.36,,,,,3468.13,1090.32,3635.71,3124.043,6688.13,,,,145.43,52.47
2024-05-28,104.614,1249.11,1.0857,7.2636,0.665,5.1607,896.75,1.3646,10.5102,18.2774,4.55,4.5937,4.9764,2.212,2.238,2.3441,2.3569,2.5605,2.585,2.3,2.99,0.86,12.92,89.67,27.53,15.92,5306.04,3464.61,1088.01,3609.17,3109.572,6686.13,46.155,1784,1240,143.46,56.95
2024-05-29,105.122,1255.09,1.0801,7.2735,0.661,5.2038,911.48,1.3718,10.5922,18.3966,4.6117,4.6326,4.9726,2.246,2.274,2.3713,2.3739,2.577,2.618,2.296,3.04,0.86,14.28,93.45,26.77,15.83,5266.95,3430.01,1072.11,3613.52,3111.018,6557.48,45.34,1790,1232,135.44,123.02
2024-05-30,104.716,1252.18,1.0832,7.2537,0.6633,,917.95,1.3681,10.5484,18.7551,4.546,4.5671,4.9248,2.187,2.217,2.3655,2.3664,2.5695,2.6125,2.306,3.1,0.85,14.47,91.09,29.24,15.74,5235.48,3420.32,1058.08,3594.31,3091.678,6462.95,45.47,1801,1234,93.58,92.78
2024-05-31,104.671,1251.4,1.0848,7.263,0.6653,5.2461,918.25,1.3628,10.4956,18.793,4.4985,4.507,4.8727,2.149,2.166,2.356,2.3564,2.5672,2.6072,2.319,3.08,0.85,12.92,91.14,30.34,15.26,5277.51,3445.17,1048.96,3579.92,3086.813,6392.58,46.6,1815,1241,156.5,72.4
2024-06-01,,,,,,,,,,,,,,,,,,,,,,,,,,,,,,,,,,,,121.19,87.64
2024-06-02,,,,,,,,,,,,,,,,,,,,,,,,,,,,,,,,,,,,90.02,58.35
2024-06-03,104.14,1251.68,1.0904,7.2517,0.6689,5.2456,903.38,1.3627,10.4565,18.5151,4.3884,4.4048,4.808,2.056,2.089,2.3393,2.3328,2.55,2.591,2.311,3.08,0.86,13.11,93.92,30.84,16,5283.4,3453.44,1069.31,3588.75,3078.489,6531.99,45.38,1808,1237,111.11,191.95
2024-06-04,104.11,1252.41,1.0879,7.2475,0.6649,5.2876,907.4,1.3676,10.5655,18.7127,4.3259,4.345,4.7704,2.022,2.068,2.3127,2.2935,2.516,2.5712,2.31,3.12,0.88,13.16,100.11,30.59,16.22,5291.34,3453.71,1051.96,3615.67,3091.199,6554.32,44.945,1813,1238,110.21,67.8
2024-06-05,104.268,1251.86,1.0869,7.2593,0.6648,5.2984,909.42,1.3694,10.5826,18.9389,4.2755,4.2941,4.7222,1.98,2.02,2.303,2.2885,2.508,2.56,2.307,3.11,0.88,12.63,102.43,29.18,16.5,5354.03,3483.4,1062.79,3594.79,3065.403,6542.47,44.94,1852,1251,119.32,35.32
2024-06-06,104.102,1252.35,1.089,7.2593,0.6666,5.2541,908.15,1.367,10.5522,18.9718,4.287,4.2993,4.724,2.009,2.041,2.2845,2.2733,2.488,2.5395,2.307,3.11,0.89,12.58,100.99,27.71,16.85,5352.96,3489.89,1073.26,3592.25,3048.794,6555.06,45.175,1869,1246,122.01,80.15
2024-06-07,104.885,1262.34,1.0801,7.2631,0.6582,5.3453,920.2,1.3764,10.7127,18.9035,4.4335,4.4626,4.8868,2.138,2.19,2.3034,2.2861,2.507,2.5612,2.31,3.03,0.88,12.22,91.82,26.42,17.13,5346.99,3478.7,1073.14,3574.11,3051.279,6510.37,44.995,1881,1267,122.69,55.59
2024-06-08,,,,,,,,,,,,,,,,,,,,,,,,,,,,,,,,,,,,66.66,102.97
2024-06-09,,,,,,,,,,,,,,,,,,,,,,,,,,,,,,,,,,,,92.95,82.89
2024-06-10,105.15,1263.62,1.0765,7.2658,0.661,5.3547,920.78,1.3759,10.6437,18.7218,4.467,4.482,4.8804,2.165,2.205,2.308,2.2912,2.51,2.565,,3.05,0.88,12.74,94.16,25.69,16.66,5360.79,3482.22,1070.33,,,,45.335,1883,1266,107.29,92.67
2024-06-11,105.23,1265.81,1.0741,7.2717,0.6606,5.3656,922.55,1.3758,10.694,18.5988,4.404,4.4183,4.834,2.121,2.173,2.2874,2.2627,2.486,2.5429,2.305,3.1,0.88,12.85,97.27,25.54,16.45,5375.32,3479.94,1065.7,3542.88,3028.045,6452.06,45.245,1831,1265,121.79,59.32
2024-06-12,104.645,1263.35,1.0809,7.263,0.6664,5.4143,916.63,1.3723,10.5792,18.3833,4.316,4.3161,4.7518,2.086,2.143,2.2329,2.189,2.4097,2.495,2.306,3.02,0.88,12.04,91.73,24.8,15.92,5421.03,3516.3,1068.55,3544.12,3037.468,6359.36,44.76,1836,1267,117.68,100.25
2024-06-13,105.196,1264.43,1.0737,7.2705,0.6636,5.3643,917.49,1.3743,10.6578,18.4334,4.2442,4.244,4.6969,2.04,2.102,2.2076,2.1596,2.3917,2.4802,2.3,3.12,0.9,11.94,91.93,24.45,15.71,5433.74,3504.48,1075.54,3526.13,3028.919,6421.81,44.35,1942,1253,133.47,94.21
2024-06-14,105.55,1266.91,1.0703,7.2711,0.6615,5.3764,934.8,1.3734,10.6745,18.3861,4.2209,4.2383,4.7044,2.042,2.124,2.1826,2.1333,2.3702,2.4567,2.297,3.2,0.92,12.66,100.16,24.71,16.07,5431.6,3492.05,1076.89,3541.53,3032.633,6374.66,44.02,1948,1240,90.14,88.92
2024-06-15,,,,,,,,,,,,,,,,,,,,,,,,,,,,,,,,,,,,109.9,62.45
2024-06-16,,,,,,,,,,,,,,,,,,,,,,,,,,,,,,,,,,,,102.35,48.63
2024-06-17,105.32,1266.67,1.0734,7.2701,0.6613,5.4206,936.05,1.3724,10.6593,18.2619,4.2809,4.3032,4.7655,2.059,2.133,2.225,2.1878,2.413,2.49,2.263,3.16,0.93,12.75,99.07,24.17,15.63,5473.23,3508.25,1074.2,3536.2,3015.891,6373.48,44.135,1948,1231,120.95,64.98
2024-06-18,105.256,1264.82,1.074,7.2711,0.6656,5.4352,936.98,1.3718,10.5794,18.0414,4.2227,4.2431,4.712,2.008,2.073,2.2183,2.1877,2.4232,2.493,2.255,3.16,0.93,12.3,97.99,23.73,15.64,5487.03,3522.68,1081.81,3545.59,3030.246,6368.1,44.32,1961,1226,142.94,72.11
2024-06-19,105.254,1264.73,1.0744,7.2813,0.6673,5.4349,932.15,1.3707,10.5667,17.955,4.2227,4.2431,4.712,2.008,2.073,2.2183,2.1877,2.4232,2.4868,2.246,3.16,0.93,12.48,,,,,3523.66,1095.27,3528.75,3018.049,6587.77,,1943,1224,114.89,52.65
2024-06-20,105.588,1267.71,1.0702,7.291,0.6656,5.4501,,1.3689,10.5515,17.9778,4.2594,4.2746,4.7372,2.009,2.058,2.2556,2.2332,2.461,2.5187,2.247,3.15,0.94,13.28,94.14,24.23,16.4,5473.17,3519.68,1095.76,3503.28,3005.437,6556.1,45.135,1984,1218,177.01,89.94
2024-06-21,105.796,1268.09,1.0693,7.2905,0.6641,5.432,942.7,1.3692,10.5692,17.9691,4.2554,4.2742,4.7322,2.027,2.09,2.2333,2.2002,2.432,2.4932,2.26,3.14,0.94,13.2,94.09,24.74,15.86,5464.62,3507.81,1086.93,3495.62,2998.138,6439.82,44.875,1997,1205,128.3,76.15
2024-06-22,,,,,,,,,,,,,,,,,,,,,,,,,,,,,,,,,,,,64.95,109.47
2024-06-23,,,,,,,,,,,,,,,,,,,,,,,,,,,,,,,,,,,,85.16,197.14
2024-06-24,105.473,1264.37,1.0733,7.2832,0.6657,5.3905,945.74,1.3657,10.5385,18.1041,4.2321,4.2547,4.7234,2.013,2.078,2.2237,2.1933,2.42,2.4813,2.252,3.1,0.93,13.33,95.2,25.42,15.49,5447.87,3508.95,1084.32,3476.81,2963.099,6441.16,45.64,1973,1190,212.61,99.49
2024-06-25,105.607,1266.34,1.0714,7.2893,0.6647,5.4516,941.4,1.3658,10.6135,18.2479,4.2476,4.2757,4.7424,2.026,2.102,2.2256,2.1896,2.4135,2.4808,2.233,3.09,0.95,12.84,96.97,25.75,14.88,5469.3,3520.73,1085.32,3457.9,2949.996,6464.49,45.745,1926,1181,109.99,49.78
2024-06-26,106.052,1271.85,1.0681,7.3009,0.6648,5.5212,951.53,1.3702,10.6803,18.1783,4.3294,4.3428,4.7472,2.065,2.123,2.2675,2.2351,2.4588,2.523,2.226,3.08,0.94,12.55,97.91,26.24,14.88,5477.9,3520.21,1086.2,3480.26,2972.525,6477.24,45.295,1964,1177,128.58,66.89
2024-06-27,105.906,1271.36,1.0704,7.3035,0.6647,5.5004,955.38,1.3701,10.6458,18.4725,4.2864,4.2973,4.712,2.027,2.077,2.2645,2.2366,2.471,2.5256,2.21,3.13,0.94,12.24,95.69,26.28,15.01,5482.87,3521.9,1081.87,3454.12,2945.852,6324.05,45.4,2031,1161,120.68,88.91
2024-06-28,105.866,1269.54,1.0713,7.2993,0.667,5.594,940.23,1.3679,10.6789,18.1933,4.3961,4.3765,4.7535,2.109,2.112,2.292,2.2782,2.515,2.5425,2.21,3.09,0.94,12.44,98.59,26.54,14.72,5460.48,3511.78,1086.25,3461.66,2967.403,6331.86,45.575,2050,1150,121.46,56.38
2024-06-29,,,,,,,,,,,,,,,,,,,,,,,,,,,,,,,,,,,,42.54,134
2024-06-30,,,,,,,,,,,,,,,,,,,,,,,,,,,,,,,,,,,,46.92,130.99
2024-07-01,105.901,1271.06,1.074,7.3052,0.666,5.66,946.43,1.3736,10.6578,18.3697,4.4613,4.426,4.7556,2.145,2.133,2.3211,2.3043,2.545,2.5742,2.253,3.09,0.91,12.22,106.23,27.29,14.86,5475.09,3520.04,1087.38,3478.18,2994.73,,45.6,2158,1142,71.45,244.08
2024-07-02,105.722,1268.99,1.0745,7.307,0.6667,5.6764,945.58,1.3679,10.6719,18.6063,4.4316,4.3942,4.7412,2.133,2.126,2.3027,2.2776,2.517,2.5555,2.24,3.12,0.9,12.03,107.51,25.82,14.35,5509.01,3537.51,1079.78,3471.79,2997.011,6374.91,45.565,2179,1127,79.6,41.45
2024-07-03,105.403,1265.87,1.0786,7.3032,0.6705,5.5531,940.53,1.3639,10.5541,18.4154,4.3587,4.3237,4.7059,2.085,2.093,2.2777,2.2417,2.4797,2.5295,2.243,3.13,0.89,12.09,102.83,24.62,14.89,5537.02,3562.23,1092.38,3463.41,2982.375,6455.7,45.765,2064,1121,107.82,58.82
2024-07-04,105.13,1262.58,1.0812,7.2939,0.6726,5.4853,935,1.3614,10.567,18.2587,4.3587,4.3237,4.7059,2.085,2.093,2.2777,2.2417,,,2.249,3.13,0.89,12.26,,,,,3569.36,1104.18,3445.81,2957.567,6470.86,,2021,1108,90.28,33.75
2024-07-05,104.875,1260.27,1.084,7.2889,0.6749,5.4601,937.38,1.364,10.5585,18.1828,4.2784,4.2252,4.6035,2.006,2.003,2.2755,2.2311,2.478,2.5338,2.273,3.14,0.89,12.48,98.78,23.78,15.62,5567.19,3580.9,1104.88,3431.06,2949.933,6382.27,45.05,1966,1102,73.11,778.95
2024-07-06,,,,,,,,,,,,,,,,,,,,,,,,,,,,,,,,,,,,87.63,307.38
2024-07-07,,,,,,,,,,,,,,,,,,,,,,,,,,,,,,,,,,,,94.92,104.43
2024-07-08,105,1260.56,1.0824,7.2857,0.6737,5.4703,940.05,1.3635,10.6067,18.1174,4.2783,4.2392,4.6285,2.012,2.022,2.2695,2.2273,2.476,2.526,2.29,3.11,0.89,12.37,97.96,23.81,15.13,5572.85,3582.7,1107.3,3401.76,2922.45,6284.73,44.775,1940,1078,89.18,109.45
2024-07-09,105.129,1261.17,1.0813,7.2886,0.6741,5.4212,930.6,1.3636,10.5819,18.1456,4.2959,4.2427,4.6264,2.032,2.024,2.2669,2.2264,2.472,2.522,2.276,3.1,0.9,12.51,95.62,24.19,14.64,5576.98,3579.33,1111.7,3439.81,2959.372,6275.64,44.38,1894,1064,90.05,85.73
2024-07-10,105.048,1259.89,1.083,7.2924,0.6747,5.4161,911.33,1.3619,10.7108,18.1253,4.2841,4.2374,4.62,2.005,2.008,2.2814,2.2381,2.4813,2.53,2.269,3.07,0.9,12.85,92.97,24.01,14.89,5633.91,3613.62,1111.22,3428.97,2939.364,6251.18,44.68,1939,1059,124.67,182.9
2024-07-11,104.44,1253.92,1.0868,7.2677,0.6759,5.4386,912.78,1.3632,10.71,18.0049,4.2101,4.1426,4.513,1.963,1.968,2.2497,2.1808,2.427,2.5,2.264,3.08,0.9,12.92,89.67,24.01,15.74,5584.54,3606.15,1124.86,3468.17,2970.387,6371.78,45.145,1947,1062,127.85,29.57
2024-07-12,104.093,1249.55,1.0907,7.2723,0.6784,5.4292,905.45,1.3635,10.6951,17.9547,4.1829,4.102,4.4514,1.941,1.941,2.2439,2.1667,2.4,2.4813,2.259,3.07,0.89,12.46,86.79,24.12,15.12,5615.35,3627.52,1123.56,3472.4,2971.295,6532.63,45.26,1997,1064,86.32,109.49
2024-07-13,,,,,,,,,,,,,,,,,,,,,,,,,,,,,,,,,,,,31.75,275.41
2024-07-14,,,,,,,,,,,,,,,,,,,,,,,,,,,,,,,,,,,,45.01,182.93
2024-07-15,104.189,1252.12,1.0894,7.2746,0.676,5.4453,909.38,1.3683,10.8144,18.2084,4.2294,4.1317,4.4575,1.955,1.927,2.2771,2.208,2.441,2.5182,2.25,3.08,0.9,13.12,94.5,23.83,15.98,5631.22,3629.58,1120.27,3476.25,2974.011,6421.67,45.945,1993,1057,67.88,99.68
2024-07-16,104.27,1251.76,1.0899,7.2891,0.6734,5.4289,,1.3673,10.7975,18.0603,4.1576,4.0738,4.4172,1.894,1.881,2.2647,2.1988,2.4375,2.507,2.261,3.03,0.9,13.19,93.87,24.41,17.15,5667.2,3642.95,1117.38,3498.28,2976.304,6316.53,46.15,1942,1054,68.24,96.85
2024-07-17,103.748,1247.74,1.0939,7.272,0.6729,5.4826,925,1.3683,10.7161,18.1988,4.1576,4.0772,4.4379,1.895,1.883,2.2643,2.2014,2.4362,2.507,2.259,3.04,0.91,14.48,91,25.28,16.7,5588.27,3607.74,1111.46,3501.58,2962.855,6297.49,46.61,1890,1046,105.26,129.38
2024-07-18,104.173,1253.71,1.0897,7.2775,0.6706,5.5445,942.85,1.3706,10.8054,18.2584,4.2021,4.1192,4.4714,1.942,1.926,2.2612,2.2004,2.4338,2.505,2.265,3.03,0.91,15.93,91.97,25.68,16.25,5544.59,3579.84,1105.95,3520.93,2977.133,6306.8,46.695,1912,1044,133.52,376.84
2024-07-19,104.396,1256.32,1.0882,7.2855,0.6685,5.5978,946.78,1.373,10.9157,18.2659,4.2389,4.1665,4.5109,1.943,1.98,2.2964,2.194,2.425,2.5025,2.259,3.03,0.91,16.52,94.29,26.83,16.34,5505,3553.76,1089.61,3539.02,2982.309,6165.04,46.185,1902,1056,143.77,88.76
2024-07-20,,,,,,,,,,,,,,,,,,,,,,,,,,,,,,,,,,,,79.5,87.09
2024-07-21,,,,,,,,,,,,,,,,,,,,,,,,,,,,,,,,,,,,81.29,190.99
2024-07-22,104.314,1255.25,1.0891,7.2961,0.6643,5.5768,941.8,1.3757,10.948,18.2593,4.2525,4.1735,4.517,1.962,1.99,2.2918,2.188,2.4152,2.4932,2.242,3,0.91,14.91,94.45,26.83,15.74,5564.41,3584.66,1085.48,3514.93,2964.216,6253.94,45.895,1896,1054,130.04,78.76
2024-07-23,104.45,1257.25,1.0854,7.2891,0.6615,5.5856,946.31,1.3785,11.0253,18.3909,4.2506,4.1628,4.4913,1.976,1.993,2.275,2.1754,2.4002,2.4787,2.229,2.97,0.91,14.72,95.04,26.74,15.44,5555.74,3580.87,1086.96,3439.88,2915.368,6194.69,45.165,1869,1055,36.47,141.71
2024-07-24,104.391,1256.94,1.084,7.2663,0.6581,5.6546,948.65,1.3808,11.0285,18.3412,4.2838,4.1716,4.4307,2.015,2.011,2.2693,2.1651,2.395,2.4655,2.23,3.03,0.93,18.04,94.81,26.85,15.98,5427.13,3515.97,1082.44,3418.17,2901.952,6142.32,45.17,1864,1044,78.87,79.17
2024-07-25,104.355,1257.42,1.0846,7.2402,0.6538,5.6447,951.13,1.3825,11.0382,18.3525,4.2407,4.1309,4.4307,1.972,1.976,2.27,2.1698,2.385,2.4688,2.209,3.03,0.93,18.46,99.08,26.49,15.54,5399.22,3490.82,1073.98,3399.27,2886.742,6016.51,45.95,1834,1036,91.54,39.71
2024-07-26,104.316,1257.08,1.0856,7.2635,0.6548,5.6563,952.23,1.3836,11.0211,18.2752,4.1939,4.0749,4.3832,1.941,1.934,2.254,2.1551,2.3725,2.452,2.189,3.06,0.93,16.39,97.76,29.77,15.2,5459.1,3524.08,1072.28,3409.29,2890.897,6010.64,46.095,1808,1023,95.77,68.12
2024-07-27,,,,,,,,,,,,,,,,,,,,,,,,,,,,,,,,,,,,81.65,78.03
2024-07-28,,,,,,,,,,,,,,,,,,,,,,,,,,,,,,,,,,,,105.16,174.08
2024-07-29,104.564,1260.34,1.0821,7.2716,0.6549,5.6152,955.8,1.3853,10.9988,18.4533,4.1744,4.0749,4.3997,1.925,1.937,2.2502,2.1506,2.3812,2.455,2.155,3.08,0.93,16.6,98.65,30.82,15.64,5463.54,3526.51,1077.27,3390.74,2891.845,6080.56,45.7,1797,1017,124.38,66.23
2024-07-30,104.554,1260.81,1.0815,7.2438,0.6538,5.6129,953.65,1.3849,10.9546,18.3302,4.1394,4.0331,4.3585,1.907,1.916,2.2339,2.1289,2.3705,2.4431,2.14,3.13,0.94,17.69,100.42,31.49,16.3,5436.44,3514.37,1071.6,3369.38,2879.3,5986.69,46.41,1762,1003,107.07,73.45
2024-07-31,104.096,1253.77,1.0826,7.227,0.6542,5.6505,941.65,1.3808,10.9091,18.2031,4.0296,3.9132,4.2575,1.801,1.786,2.2302,2.1383,2.3857,2.4443,2.148,3.14,0.93,16.36,99.41,33.69,17.88,5522.3,3571.58,1084.77,3442.08,2938.749,6107.16,46.605,1708,972,112.86,53.04
2024-08-01,104.421,1257.98,1.0791,7.2513,0.6501,5.7462,952.48,1.3874,10.9518,18.274,3.976,3.8335,4.1482,1.794,1.767,2.1825,2.0777,2.3245,2.4,2.128,3.25,0.98,18.59,101.82,33.42,17.61,5446.68,3518.01,1087.8,3419.27,2932.387,6086.4,45.37,1668,960,133.2,60.98
2024-08-02,103.208,1249.24,1.0911,7.1638,0.6511,5.7281,950.6,1.3873,10.9433,18.2653,3.7904,3.6166,3.8798,1.735,1.703,2.0563,1.919,2.1817,2.29,2.124,3.59,1.05,23.39,112.26,38.83,18.7,5346.56,3448.8,1061.23,3384.39,2905.337,5974.85,44.2,1675,952,191.22,97.69
2024-08-03,,,,,,,,,,,,,,,,,,,,,,,,,,,,,,,,,,,,92.18,61.69
2024-08-04,,,,,,,,,,,,,,,,,,,,,,,,,,,,,,,,,,,,76.25,89.47
2024-08-05,102.689,1245.65,1.0952,7.1385,0.6498,5.7228,954.1,1.3825,11.0199,18.5224,3.7884,3.6421,3.9201,1.727,1.728,2.0626,1.9202,2.198,2.307,2.145,3.81,1.11,38.57,121.22,43.63,21.95,5186.33,3342.73,1016.48,3343.32,2860.698,5876.64,43.225,1677,940,187,150.14
2024-08-06,102.969,1249.19,1.0931,7.159,0.652,5.6627,944.88,1.3785,10.9189,18.4761,3.8919,3.7312,3.9751,1.79,1.772,2.1032,1.9681,2.249,2.34,2.151,3.59,1.06,27.71,119.24,40.42,19.1,5240.03,3380.91,1030.86,3342.98,2867.284,5852.61,43.49,1685,935,131.5,207.85
2024-08-07,103.197,1250.61,1.0922,7.1733,0.6519,5.6332,943.63,1.3759,10.808,18.3862,3.9431,3.7621,3.9621,1.832,1.795,2.1118,1.9739,2.2333,2.3363,2.141,3.48,1.05,27.85,112.69,38.01,18.12,5199.5,3372.32,1050.3,3341.49,2869.834,5933.17,43.665,1698,930,172.72,53.33
2024-08-08,103.209,1248.18,1.0919,7.1842,0.6593,5.547,936.28,1.3733,10.8435,18.361,3.9877,3.8276,4.038,1.855,1.833,2.1346,2.0006,2.261,2.3563,2.172,3.39,1.03,23.79,110.42,34.77,18.45,5319.31,3427.78,1046.31,3342.94,2869.901,5941.47,44.605,1683,927,174.67,18.65
2024-08-09,103.135,1245.98,1.0917,7.1744,0.6578,5.5087,932.2,1.373,10.808,18.3363,3.9398,3.7961,4.0531,1.826,1.824,2.1146,1.9799,2.2425,2.3434,2.206,3.39,1.02,20.37,108.26,33.37,17.8,5344.16,3447.75,1063.43,3331.63,2862.194,6017.85,44.705,1670,922,151.34,122.7
2024-08-10,,,,,,,,,,,,,,,,,,,,,,,,,,,,,,,,,,,,122.04,81.78
2024-08-11,,,,,,,,,,,,,,,,,,,,,,,,,,,,,,,,,,,,61.83,223.61
2024-08-12,103.139,1247.87,1.0931,7.1784,0.6586,5.4965,933.48,1.3744,10.809,18.2356,3.9035,3.7458,4.0173,1.787,1.764,2.1181,1.9904,2.242,2.3438,2.247,3.45,1.03,20.71,118.26,35.17,20.61,5344.39,3446.33,1069.11,3325.86,2858.205,6029.66,44.925,1655,915,118.31,76.44
2024-08-13,102.559,1242.36,1.0993,7.1479,0.6634,5.4554,930.88,1.3706,10.7294,18.1417,3.8428,3.6715,3.9294,1.751,1.717,2.0924,1.9621,2.225,2.314,2.215,3.45,1.02,18.12,118.44,33.26,19.18,5434.43,3501.91,1071.01,3334.39,2867.946,6049.41,44.49,1670,904,151.6,88.36
2024-08-14,102.568,1241.61,1.1012,7.1471,0.6598,5.4736,934.58,1.3716,10.7184,18.0625,3.8352,3.6799,3.9558,1.762,1.733,2.0755,1.9543,2.212,2.292,2.187,3.38,1,16.19,106.34,31.51,18.49,5455.21,3522.42,1076.57,3309.24,2850.654,6025.16,44.75,1728,903,175.77,120.48
2024-08-15,102.977,1244.73,1.0972,7.1796,0.6612,5.4837,928.5,1.373,10.7468,18.0226,3.9131,3.7887,4.0929,1.8,1.792,2.1138,2.0067,2.268,2.338,2.201,3.22,0.96,15.23,103.74,31.14,18.16,5543.22,3568.1,1076,3341.95,2877.358,6035.27,45.285,1692,928,139.61,221.13
2024-08-16,102.463,1238.47,1.1027,7.1631,0.6669,5.4715,938.13,1.368,10.6769,17.8738,3.8826,3.7571,4.0497,1.804,1.795,2.0799,1.972,2.2313,2.306,2.19,3.19,0.96,14.8,102.81,31,20.09,5554.25,3584.19,1093.65,3345.63,2879.43,6161.9,45.235,1691,936,118.94,194.96
2024-08-17,,,,,,,,,,,,,,,,,,,,,,,,,,,,,,,,,,,,137.03,142.54
2024-08-18,,,,,,,,,,,,,,,,,,,,,,,,,,,,,,,,,,,,75.07,300.83
2024-08-19,101.886,1232.62,1.1085,7.1336,0.6731,5.4118,923.43,1.3634,10.5507,17.7017,3.8711,3.7569,4.066,1.796,1.806,2.0763,1.9622,2.226,2.31,2.175,3.12,0.95,14.65,110.13,32.03,18.77,5608.25,3618.41,1103.53,3356.97,2893.674,6225.86,45.54,1708,940,136.53,88.54
2024-08-20,101.441,1229.99,1.113,7.1172,0.6745,5.4769,924.1,1.3621,10.4939,17.8203,3.8067,3.6875,3.9836,1.734,1.743,2.0732,1.9566,2.2238,2.3114,2.17,3.18,0.97,15.88,111.57,32.05,18.47,5597.12,3615.77,1104.45,3332.7,2866.661,6195.58,44.34,1735,943,151.47,54.32
2024-08-21,101.039,1230.07,1.115,7.1329,0.6744,5.4888,915.88,1.3595,10.5075,17.8461,3.801,3.6562,3.9305,1.721,1.709,2.0808,1.959,2.22,2.317,2.17,3.19,0.96,16.27,111.38,32.7,18.63,5620.85,3630.66,1100.89,3321.64,2856.584,6141.78,44.415,1759,939,140.69,116.81
2024-08-22,101.508,1235.16,1.1112,7.1467,0.6705,5.584,919.89,1.3616,10.6002,18.0161,3.8521,3.7166,4.0035,1.751,1.747,2.102,1.9822,2.2562,2.3425,2.155,3.13,0.95,17.55,108.5,31.73,17.89,5570.64,3607.63,1100.98,3313.14,2848.772,6224.24,44.53,1768,925,184.37,87.14
2024-08-23,100.718,1223.14,1.1192,7.1162,0.6795,5.4859,908.23,1.3509,10.4626,17.7037,3.799,3.6486,3.9153,1.677,1.642,2.123,2.0186,2.2938,2.3653,2.155,3.12,0.94,15.86,105.63,30.54,17.49,5634.61,3649.56,1100.68,3327.19,2854.367,6219.24,45.195,1762,920,143.76,69.6
2024-08-24,,,,,,,,,,,,,,,,,,,,,,,,,,,,,,,,,,,,87.32,30.03
2024-08-25,,,,,,,,,,,,,,,,,,,,,,,,,,,,,,,,,,,,110.73,100.22
2024-08-26,100.851,1226.54,1.1161,7.1229,0.6772,5.4948,905.15,1.3487,10.5429,17.7399,3.816,3.6657,3.9358,1.673,1.634,2.1439,2.0432,2.316,2.384,2.164,3.07,0.94,16.15,106.66,30.99,17.9,5616.84,3641.81,1104.28,3324.22,2855.52,6278.63,45.6,,,176.03,63.73
2024-08-27,100.552,1225.48,1.1184,7.1215,0.6793,5.5089,907.78,1.3444,10.4596,17.7253,3.8216,3.6482,3.8992,1.67,1.619,2.1522,2.0408,2.318,2.3919,2.188,3.1,0.94,15.43,109.22,31.25,17.69,5625.8,3647.3,1099.77,3305.33,2848.731,6306.36,45.175,1721,911,174.35,35.71
2024-08-28,101.094,1229.74,1.112,7.1329,0.6785,5.5676,912.04,1.3481,10.5024,17.8252,3.8349,3.6653,3.865,1.682,1.629,2.1535,2.0463,2.3176,2.3882,2.181,3.1,0.94,17.11,108.76,32.12,17.18,5592.18,3631.2,1097.22,3286.5,2837.429,6225.99,44.885,1755,897,156.19,64.09
2024-08-29,101.343,1232.12,1.1077,7.0943,0.6798,5.6278,911.7,1.3485,10.5008,17.7443,3.8615,3.6664,3.8939,1.703,1.643,2.1597,2.0546,2.329,2.395,2.174,3.08,0.94,15.65,106.7,31.81,17.22,5591.96,3632.16,1094.96,3277.68,2823.106,6247.13,45.47,1827,884,132.5,92.28
2024-08-30,101.698,1234.28,1.1048,7.09,0.6765,5.6068,910.68,1.3492,10.6128,17.8183,3.9034,3.7027,3.9165,1.752,1.695,2.152,2.0338,2.309,2.386,2.178,3.05,0.93,15,107.77,33.36,16.4,5648.4,3661.24,1099.92,3321.43,2842.214,6331.14,45.64,1814,881,166.55,60.89
2024-08-31,,,,,,,,,,,,,,,,,,,,,,,,,,,,,,,,,,,,124.58,66.18
2024-09-01,,,,,,,,,,,,,,,,,,,,,,,,,,,,,,,,,,,,113.67,137.9
2024-09-02,101.653,1235.26,1.1072,7.1158,0.6791,5.6178,917.78,1.3494,10.5841,17.8308,3.9034,3.7027,3.9165,1.752,1.695,2.152,2.0338,,,2.153,3.01,0.93,15.55,,,,,3659.44,1096.34,3265.01,2811.035,6211.61,,1919,872,145.51,601.26
2024-09-03,101.825,1237.17,1.1043,7.1208,0.6711,5.6443,929.38,1.3551,10.6858,17.9807,3.831,3.6387,3.8631,1.719,1.679,2.1131,1.9836,2.26,2.345,2.149,3.16,0.97,20.72,114.2,35.36,16.55,5528.93,3595.44,1090.17,3273.43,2802.979,6203.55,44.505,1947,868,171.23,70.88
2024-09-04,101.358,1233.04,1.1082,7.1134,0.6725,5.6418,943.33,1.3506,10.63,17.8601,3.7552,3.5491,3.7539,1.695,1.651,2.0614,1.9171,2.1888,2.285,2.13,3.2,0.98,21.32,119.15,37.95,16.19,5520.07,3580.06,1073.59,3252.16,2784.278,6133.98,43.89,1902,864,180.32,92.74
2024-09-05,101.107,1230.74,1.1111,7.0899,0.6741,5.573,941.78,1.3503,10.6362,17.7096,3.7269,3.537,3.7435,1.68,1.652,2.0485,1.9026,2.1625,2.2693,2.146,3.15,0.97,19.9,114.81,36.61,16.48,5503.41,3567.49,1076.09,3257.76,2788.314,6105.54,43.55,1919,866,141.97,54.83
2024-09-06,101.177,1231.86,1.1084,7.0948,0.6671,5.5994,943.99,1.3573,10.714,17.8505,3.708,3.4852,3.6462,1.674,1.615,2.0354,1.8865,2.1525,2.258,2.138,3.22,0.98,22.38,107.24,37.58,16.49,5408.42,3518.58,1074.89,3231.35,2765.807,,43.005,1941,870,100.38,103.01
2024-09-07,,,,,,,,,,,,,,,,,,,,,,,,,,,,,,,,,,,,90.48,57.59
2024-09-08,,,,,,,,,,,,,,,,,,,,,,,,,,,,,,,,,,,,122.36,136.16
2024-09-09,101.552,1235.13,1.1035,7.1202,0.6661,5.5849,944.78,1.3559,10.8363,17.8846,3.7004,3.4868,3.6688,1.657,1.604,2.044,1.8976,2.162,2.2655,2.125,3.2,0.97,19.45,104.61,37,16.16,5471.05,3546.4,1063.44,3192.95,2736.488,6002.91,43.315,1958,880,146.76,55.57
2024-09-10,101.63,1236.44,1.102,7.1356,0.6652,5.6602,948.94,1.361,10.8416,17.9458,3.6423,3.4232,3.5941,1.613,1.553,2.0308,1.8818,2.15,2.25,2.121,3.3,0.99,19.08,108.36,40.23,16.08,5495.52,3552.03,1062.88,3195.76,2744.192,6026.34,42.57,1941,885,97.61,117.97
2024-09-11,101.684,1235.11,1.1012,7.1293,0.6674,5.6624,942.38,1.3575,10.851,17.8984,3.6534,3.4437,3.6415,1.611,1.538,2.0436,1.9178,2.186,2.262,2.113,3.3,0.99,17.69,103.79,37.76,15.52,5554.13,3578.65,1058.69,3186.13,2721.795,5982.55,42.175,1963,885,212.91,38.01
2024-09-12,101.366,1229.91,1.1074,7.119,0.6722,5.6257,930.65,1.358,10.7158,17.801,3.674,3.4642,3.6392,1.611,1.53,2.0642,1.9468,2.2145,2.28,2.097,3.25,0.97,17.07,98.03,36.07,16.74,5595.76,3611.3,1075.62,3172.47,2717.123,6017.53,42.555,1927,883,103.11,58.47
2024-09-13,101.114,1226.11,1.1075,7.1004,0.6704,5.5646,926.25,1.3585,10.6614,17.7202,3.6513,3.4312,3.5824,1.571,1.478,2.0818,1.9617,2.2227,2.294,2.073,3.22,0.96,16.56,100.6,35.22,16.88,5626.02,3634.86,1082.3,3159.25,2704.09,6071.52,42.795,1890,883,185.64,92.86
2024-09-14,,,,,,,,,,,,,,,,,,,,,,,,,,,,,,,,,,,,100.38,62.32
2024-09-15,,,,,,,,,,,,,,,,,,,,,,,,,,,,,,,,,,,,55.87,76.57
2024-09-16,100.763,1222.47,1.1133,7.097,0.6752,5.5111,922.45,1.3587,10.5909,17.6192,3.6176,3.4019,3.5509,1.529,1.448,2.0895,1.9651,2.231,2.3063,,3.2,0.96,17.14,101.22,34.71,17.03,5633.09,3640.73,1086.02,,,6090.16,43.285,1896,882,88.97,59.1
2024-09-17,100.894,1224.75,1.1114,7.111,0.6756,5.4833,931.85,1.3598,10.6078,17.6193,3.6456,3.443,3.6048,1.539,1.47,2.1084,1.9852,2.252,2.321,,3.12,0.94,17.61,101.58,35.29,17.49,5634.58,3640.5,1090.51,,,6176.03,43.87,1901,888,100.79,110.52
2024-09-18,100.596,1226.27,1.1119,7.0954,0.6764,5.461,,1.3605,10.5899,17.5454,3.7038,3.4826,3.6172,1.593,1.506,2.1114,1.9887,2.2572,2.3255,2.04,3.07,0.93,18.23,98.61,36.19,17.13,5618.26,3629.69,1087.75,3171.01,2717.281,,43.955,1890,889,122.01,152.08
2024-09-19,100.614,1222.19,1.1162,7.0716,0.6814,5.4255,,1.3559,10.4935,17.4945,3.7131,3.4825,3.5813,1.554,1.433,2.1613,2.0582,2.33,2.379,2.045,2.98,0.91,16.33,92.64,33.72,16.76,5713.64,3689.52,1100.15,3196.04,2736.022,6305.51,44.48,1976,897,93.75,126.07
2024-09-20,100.723,1223.93,1.1162,7.0421,0.6807,5.5107,,1.3569,10.4861,17.4261,3.7413,3.4978,3.591,1.589,1.455,2.1531,2.053,2.322,2.36,2.041,3.01,0.91,16.15,91,32.22,17.08,5702.55,3676.84,1106.44,3201.05,2736.814,6381.5,44.38,1977,894,175.54,66.37
2024-09-21,,,,,,,,,,,,,,,,,,,,,,,,,,,,,,,,,,,,90.29,77.27
2024-09-22,,,,,,,,,,,,,,,,,,,,,,,,,,,,,,,,,,,,8.95,56.52
2024-09-23,100.851,1224.03,1.1111,7.0604,0.6838,5.5375,922.23,1.3541,10.4889,17.3503,3.7489,3.5064,3.5866,1.585,1.456,2.1665,2.0564,2.3207,2.3772,2.037,3.02,0.9,15.89,93.87,34.39,17.72,5718.57,3688.33,1110.66,3212.76,2748.918,6389.08,44.56,1999,888,158.1,73.57
2024-09-24,100.466,1218.38,1.118,7.011,0.6892,5.4554,909.9,1.3431,10.4041,17.2628,3.728,3.4665,3.5379,1.552,1.39,2.1769,2.083,2.341,2.39,2.063,3.06,0.89,15.39,93.3,33.76,19.26,5732.93,3702.33,1132.04,3351.91,2863.125,6714.47,44.45,2014,876,161.12,72.44
2024-09-25,100.912,1226.26,1.1133,7.0328,0.6823,5.4741,913.75,1.3485,10.5729,17.2694,3.7849,3.5253,3.5592,1.608,1.45,2.1777,2.0794,2.3365,2.3878,2.038,3.04,0.9,15.41,91.64,34.4,19.13,5722.26,3695.89,1136.8,3401.53,2896.306,6765.6,43.58,2016,865,175.3,103.88
2024-09-26,100.562,1221.05,1.1177,6.973,0.6896,5.4376,900.86,1.3465,10.5296,17.1744,3.7963,3.5671,3.6287,1.627,1.503,2.1699,2.0628,2.3188,2.383,2.081,2.99,0.9,15.37,90.14,39.76,18.82,5745.37,3720.51,1163.38,3545.32,3000.953,7086.7,42.725,2091,860,240.48,82.08
2024-09-27,100.381,1219.14,1.1162,6.9816,0.6903,5.4342,899.9,1.3516,10.5026,17.1151,3.7506,3.5052,3.5592,1.594,1.448,2.1583,2.0551,2.3138,2.375,2.183,2.99,0.89,16.96,92.53,39.62,18.59,5738.17,3726.8,1174.52,3703.69,3087.529,7299.9,43.595,2110,862,134.85,90.48
2024-09-28,,,,,,,,,,,,,,,,,,,,,,,,,,,,,,,,,,,,66.58,53.03
2024-09-29,,,,,,,,,,,,,,,,,,,,,,,,,,,,,,,,,,,,102.35,31.33
2024-09-30,100.779,1222.81,1.1135,7.0074,0.6913,5.4496,898.7,1.3525,10.5481,17.2687,3.7809,3.5585,3.6411,1.595,1.475,2.1873,2.0856,2.344,2.4013,2.21,2.95,0.89,16.73,94.61,39.86,18.08,5762.48,3723.03,1170.85,4017.85,3336.497,7509.79,43.9,2084,863,160.49,116.24
2024-10-01,101.194,1225.96,1.1068,7.0302,0.6883,5.4393,904.88,1.349,10.6137,17.4061,3.7315,3.5086,3.6043,1.539,1.416,2.1933,2.0971,2.346,2.41,,3,0.9,19.26,104.14,42.87,18.57,5708.75,3693.5,1172.59,,,,44.9,2030,867,135.87,58.83
2024-10-02,101.677,1228.96,1.1045,7.0364,0.6885,5.4421,911.13,1.3502,10.5698,17.3532,3.7809,3.5533,3.6414,1.568,1.433,2.2144,2.1239,2.359,2.418,,3,0.88,18.9,102.17,46.52,18.07,5709.54,3685.92,1187.97,,,8041.27,45.36,1978,951,178.71,133.57
2024-10-03,101.989,1232.92,1.1031,7.0515,0.684,5.4769,918.93,1.3555,10.6082,17.5128,3.8458,3.6277,3.7053,1.64,1.502,2.207,2.1307,2.361,2.404,,2.98,0.87,20.49,101.16,54.5,18.28,5699.94,3675.89,1173.02,,,7914.16,46.16,1941,1039,237.06,76.65
2024-10-04,102.52,1238.3,1.0974,7.0984,0.6795,5.4559,923.38,1.3576,10.6576,17.4885,3.9672,3.8038,3.9217,1.735,1.654,2.2333,2.1623,2.3863,2.43,,2.84,0.83,19.21,100.15,46.37,17.48,5751.07,3698.41,1179.34,,,8156.5,46.59,1928,1060,144.28,74.53
2024-10-05,,,,,,,,,,,,,,,,,,,,,,,,,,,,,,,,,,,,72.58,93.95
2024-10-06,,,,,,,,,,,,,,,,,,,,,,,,,,,,,,,,,,,,89.29,77.36
2024-10-07,102.537,1238.67,1.0976,7.0712,0.6757,5.4897,925.9,1.362,10.6392,17.3883,4.0256,3.8653,3.9952,1.753,1.661,2.2735,2.2161,2.451,2.4787,,2.9,0.83,22.64,124.23,48.32,17.71,5695.94,3678.75,1183.78,,,8330.85,46.755,1907,1058,80.63,48.33
2024-10-08,102.549,1239.32,1.098,7.0738,0.6744,5.5344,932.15,1.3647,10.706,17.5735,4.0119,3.8461,3.9582,1.729,1.645,2.2842,2.2116,2.45,2.49,2.209,2.95,0.83,21.42,123.77,52.35,17.64,5751.13,3694.3,1156.23,4256.1,3489.775,7483.67,45.535,1860,1040,98.59,127.04
2024-10-09,102.928,1244.41,1.0939,7.0927,0.6718,5.5935,932.6,1.3711,10.7776,17.655,4.0726,3.9167,4.0215,1.777,1.7,2.2962,2.2304,2.46,2.5,2.186,2.9,0.82,20.86,122.39,48.8,17.62,5792.04,3716.17,1148.27,3955.98,3258.858,7365.59,45.81,1799,1024,137.03,71.55
2024-10-10,102.988,1243.84,1.0934,7.0849,0.6739,5.5835,930.76,1.3742,10.7484,17.5333,4.0608,3.8852,3.9573,1.733,1.612,2.3299,2.2824,2.51,2.5312,2.157,2.95,0.81,20.93,116.56,52.36,17.27,5780.05,3710.71,1156.96,3997.79,3301.926,7620.74,46.12,1790,1038,,96.67
2024-10-11,102.89,1242.8,1.0937,7.0711,0.675,5.611,924,1.3762,10.6957,17.4212,4.1003,3.9018,3.9554,1.769,1.624,2.3324,2.2836,2.5225,2.5338,2.147,2.94,0.81,20.46,118.47,52.68,17.27,5815.03,3731.93,1159.56,3887.17,3217.738,,46.405,1809,1036,,247.06
2024-10-12,,,,,,,,,,,,,,,,,,,,,,,,,,,,,,,,,,,,,211.55
2024-10-13,,,,,,,,,,,,,,,,,,,,,,,,,,,,,,,,,,,,,154.13
2024-10-14,103.298,1246.84,1.0909,7.0956,0.6726,5.5937,929.4,1.3796,10.7984,17.5657,4.1003,3.9018,3.9554,1.769,1.624,2.3324,2.2836,,,2.149,2.94,0.81,19.7,,51.62,17.47,5859.85,3753.49,1160.06,3961.34,3284.323,7579.94,46.385,1814,1038,,68.25
2024-10-15,103.261,1249.46,1.0893,7.1354,0.6703,5.6529,943.3,1.3775,10.8186,17.6329,4.0317,3.8543,3.9454,1.756,1.643,2.2778,2.222,2.465,2.482,2.146,2.89,0.8,20.64,127.23,48.64,17.38,5815.26,3728.4,1149.73,3856,3201.292,7277.83,44.89,1766,1039,,140.41
2024-10-16,103.59,1253.29,1.0862,7.1368,0.6667,5.6643,935.6,1.3751,10.9167,17.6227,4.0122,3.8439,3.9376,1.743,1.637,2.2709,2.2161,2.457,2.479,2.136,2.87,0.8,19.58,121.86,47.84,17.31,5842.47,3735.29,1144.04,3831.59,3202.948,7267.98,45.105,1676,1036,,79.68
2024-10-17,103.825,1254.84,1.0831,7.137,0.6696,5.6549,946.3,1.3795,10.9153,17.6867,4.0906,3.8988,3.9719,1.781,1.653,2.3105,2.2548,2.487,2.515,2.118,2.85,0.79,19.11,122.14,46.88,17.57,5841.47,3737.87,1135.13,3788.22,3169.384,7179.44,45.32,1594,1037,,114.8
2024-10-18,103.493,1251.88,1.0867,7.1181,0.6706,5.693,953.9,1.3799,10.9237,17.6072,4.0828,3.8781,3.9483,1.777,1.642,2.3064,2.2448,2.4765,2.5097,2.123,2.86,0.81,18.03,123.13,47.22,17.77,5864.67,3753.04,1155.12,3925.23,3261.563,7471.95,45.17,1576,1043,,70.12
2024-10-19,,,,,,,,,,,,,,,,,,,,,,,,,,,,,,,,,,,,,89.05
2024-10-20,,,,,,,,,,,,,,,,,,,,,,,,,,,,,,,,,,,,,176.02
2024-10-21,104.012,1257.36,1.0815,7.1364,0.6659,5.6955,952.33,1.3831,10.9541,17.6126,4.1956,3.9866,4.0317,1.879,1.741,2.3178,2.2543,2.481,2.5147,2.119,2.83,0.83,18.37,128.95,46.82,18.19,5853.98,3740.27,1148.42,3935.2,3268.11,7340.56,45.035,1546,1044,,283.8
2024-10-22,104.075,1257.9,1.0799,7.1357,0.6682,5.6906,947.18,1.3818,10.9183,17.548,4.2076,4.0064,4.0324,1.872,1.739,2.3368,2.2767,2.501,2.5312,2.141,2.88,0.83,18.2,129.26,47.69,18.73,5851.2,3731.32,1142.19,3957.78,3285.867,7363,45.14,1480,1054,,116.02
2024-10-23,104.431,1260.39,1.0782,7.1358,0.6634,5.6884,946.63,1.3836,10.992,17.7819,4.2456,4.0567,4.0779,1.926,1.816,2.3209,2.2516,2.4762,2.511,2.158,2.9,0.83,19.24,129.05,47.78,18.98,5797.42,3697.6,1141.81,3973.21,3302.803,7478.23,44.905,1445,1044,,98.6
2024-10-24,104.058,1257.71,1.0828,7.1244,0.664,5.6646,947.03,1.3855,10.9375,17.6742,4.2118,4.0319,4.0787,1.914,1.829,2.2985,2.2162,2.4335,2.4876,2.161,2.89,0.84,19.08,127.48,46.66,18.66,5809.86,3707.18,1134.52,3928.83,3280.262,7359.14,44.9,1417,1041,,67.34
2024-10-25,104.257,1261.45,1.0796,7.1341,0.6608,5.7078,948.35,1.3892,10.9777,17.6657,4.2399,4.0631,4.1046,1.947,1.754,2.2938,2.3111,2.4258,2.4707,2.158,2.85,0.82,20.33,128.4,48.97,18.88,5808.12,3705.81,1134.88,3956.42,3299.7,7385.26,44.885,1410,1036,,83.65
2024-10-26,,,,,,,,,,,,,,,,,,,,,,,,,,,,,,,,,,,,,245.79
2024-10-27,,,,,,,,,,,,,,,,,,,,,,,,,,,,,,,,,,,,,187.75
2024-10-28,104.316,1261.86,1.0812,7.1449,0.6583,5.709,947.2,1.389,10.9977,17.6997,4.2821,4.1173,4.1377,1.989,1.808,2.294,2.3104,2.4288,2.4727,2.162,2.79,0.82,19.8,130.92,42.96,18.34,5823.52,3716.61,1137.94,3964.16,3322.198,7391.22,44.6,1382,1013,,75.66
2024-10-29,104.316,1262.96,1.0819,7.1428,0.6561,5.7618,954.73,1.3915,10.9588,17.6676,4.2541,4.0814,4.0962,1.941,1.743,2.3137,2.3377,2.44,2.4842,2.159,2.82,0.82,19.34,131.87,42.47,18.51,5832.92,3717.86,1136.47,3924.65,3286.407,7417.53,43.92,1402,992,,88.98
2024-10-30,103.994,1261.16,1.0856,7.1255,0.6572,5.7629,962.33,1.3904,10.9636,17.6544,4.3004,4.1617,4.1826,1.954,1.781,2.3469,2.3813,2.5099,2.524,2.158,2.76,0.81,20.35,130.8,41.13,18.68,5813.67,3706.29,1126.51,3889.45,3266.238,7286.5,44.02,1395,971,,70.46
2024-10-31,103.976,1258.82,1.0884,7.1216,0.6582,5.7877,,1.3934,11.0002,17.6029,4.2844,4.1582,4.1702,1.958,1.779,2.3275,2.3802,2.51,2.5062,2.152,2.82,0.84,23.16,135.18,48.79,19.46,5705.45,3647.14,1119.52,3891.04,3279.824,7264.11,44.295,1388,966,,107.64
2024-11-01,104.282,1263.87,1.0834,7.1354,0.6559,5.8703,,1.3949,11.0644,17.6549,4.3836,4.2248,4.2054,2.048,1.849,2.3371,2.3766,2.513,2.525,2.143,2.75,0.83,21.88,132.58,44.14,19.29,5728.8,3660.03,1122.28,3890.02,3272.014,7342.66,44.015,1378,957,131.07,116.29
2024-11-02,,,,,,,,,,,,,,,,,,,,,,,,,,,,,,,,,,,,79.76,384.15
2024-11-03,,,,,,,,,,,,,,,,,,,,,,,,,,,,,,,,,,,,101.41,298.74
2024-11-04,103.885,1258.55,1.0878,7.1121,0.6585,5.784,954.55,1.3902,11.0042,17.5301,4.2847,4.1459,4.1599,2.008,1.836,2.2777,2.3109,2.455,2.4808,2.122,2.79,0.83,21.98,136.25,45.75,19.91,5712.69,3656.14,1129.82,3944.76,3310.207,7367.65,44.785,1374,950,114.69,231.81
2024-11-05,103.423,1254.11,1.093,7.1017,0.6638,5.7464,956.1,1.3824,10.9512,17.3996,4.2708,4.1494,4.1765,1.971,1.813,2.302,2.3352,2.482,2.5091,2.113,2.78,0.81,20.49,130.43,45.61,19.59,5782.76,3692.96,1139.11,4044.57,3386.987,7556.62,45.085,1405,944,57.44,312.49
2024-11-06,105.088,1269.9,1.0729,7.2036,0.6569,5.6774,960.58,1.3939,11.0764,17.6214,4.4315,4.2743,4.2617,2.035,1.804,2.4002,2.4699,2.611,2.597,2.123,2.65,0.77,16.27,117.64,44.74,17.63,5929.04,3752.15,1131.87,4024.28,3383.806,7363.47,46.78,1427,931,120.14,142.57
2024-11-07,104.508,1260.11,1.0805,7.1483,0.6679,5.6903,948.6,1.3861,10.8642,17.3063,4.3257,4.1704,4.1994,1.961,1.743,2.3707,2.4294,2.571,2.571,2.115,2.67,0.75,15.2,104.08,42.55,17.37,5973.1,3787.27,1140.54,4145.7,3470.661,7546.95,46.565,1451,922,98.8,323.52
2024-11-08,104.997,1267.77,1.0718,7.2013,0.6583,5.7352,971.75,1.3912,11.0015,17.6002,4.3043,4.1915,4.2539,1.947,1.768,2.3631,2.4244,2.5792,2.57,2.107,2.56,0.74,14.94,99.85,38.76,15.91,5995.54,3791.23,1135.65,4104.05,3452.297,7461.44,46.875,1495,913,108.89,308.41
2024-11-09,,,,,,,,,,,,,,,,,,,,,,,,,,,,,,,,,,,,77.4,125.18
2024-11-10,,,,,,,,,,,,,,,,,,,,,,,,,,,,,,,,,,,,,484.55
2024-11-11,105.543,1274.06,1.0655,7.2278,0.6575,5.7566,980.35,1.3925,11.034,17.9402,4.3043,4.1915,4.2539,1.947,1.768,2.3631,2.4244,2.5792,2.57,2.086,2.56,0.74,14.97,,37.74,16.02,6001.35,3795.3,1125.89,4131.13,3470.066,7355.57,47.14,1558,910,,386.33
2024-11-12,106.024,1279.96,1.0623,7.243,0.6533,5.7573,985.1,1.3944,11.0734,18.1109,4.4275,4.3135,4.3401,2.066,1.887,2.3676,2.4273,2.5833,2.584,2.073,2.53,0.74,14.71,108.55,34.32,16.25,5983.99,3773.23,1103.19,4085.74,3421.97,7127.14,46.89,1634,902,,225.35
2024-11-13,106.481,1284.72,1.0564,7.2437,0.6485,5.7974,978.78,1.3997,11.1376,18.2213,4.4512,4.3065,4.2857,2.091,1.891,2.3658,2.4168,2.574,2.583,2.069,2.55,0.76,14.02,102.08,37.12,17.05,5985.38,3767.05,1093.7,4110.89,3439.278,7130.93,47.255,1630,889,,170.4
2024-11-14,106.673,1288.43,1.053,7.2538,0.6454,5.7964,975.51,1.406,11.1508,18.2707,4.4354,4.3243,4.3448,2.099,1.921,2.3454,2.4059,2.5513,2.549,2.079,2.54,0.77,14.31,99.43,30.9,17.39,5949.17,3752.7,1084.41,4039.62,3379.839,6973.08,47.435,1692,889,,135.73
2024-11-15,106.687,1285.72,1.054,7.237,0.6462,,979.33,1.409,11.0843,18.1875,4.4394,4.3068,4.3033,2.106,1.91,2.3408,2.398,2.54,2.543,2.073,2.66,0.78,16.14,102.47,35.07,17.17,5870.62,3710.5,1085,3968.83,3330.726,6980.06,47.365,1785,890,,268.42
2024-11-16,,,,,,,,,,,,,,,,,,,,,,,,,,,,,,,,,,,,,154.6
2024-11-17,,,,,,,,,,,,,,,,,,,,,,,,,,,,,,,,,,,,,450.74
2024-11-18,106.275,1280.33,1.0598,7.2273,0.6508,5.7527,972.96,1.4015,10.9993,17.9627,4.4138,4.2749,4.2802,2.07,1.859,2.3526,2.4174,2.552,2.5427,2.104,2.68,0.77,15.58,102.01,36.89,16.97,5893.62,3723.36,1089.72,3950.38,3323.849,7057.1,47.995,1756,907,,463.22
2024-11-19,106.206,1278.44,1.0596,7.2366,0.6532,5.7731,971.9,1.3956,10.9811,18.0535,4.3962,4.2625,4.2803,2.052,1.839,2.3509,2.4242,2.5567,2.535,2.099,2.66,0.77,16.35,105.12,37.28,17.85,5916.98,3738.95,1094.94,3976.89,3346.01,7082.21,47.69,1627,924,,214.05
2024-11-20,106.68,1284.11,1.0544,7.2511,0.6506,,972.95,1.3975,11.0593,18.116,4.41,4.2785,4.3144,2.056,1.844,2.3618,2.4351,2.565,2.553,2.094,2.64,0.78,17.16,106.69,36.74,18.34,5917.11,3732.77,1093.85,3985.77,3367.989,7090.86,48.17,1616,915,,181.81
2024-11-21,106.972,1286.32,1.0474,7.255,0.6511,5.8142,974.08,1.3974,11.0687,18.1052,4.4218,4.3035,4.3487,2.076,1.873,2.3522,2.4313,2.559,2.543,2.086,2.58,0.78,16.87,101.9,36.91,17.59,5948.71,3753.51,1085.49,3989.3,3370.404,7034.89,48.56,1576,914,,219.91
2024-11-22,107.554,1291.22,1.0418,7.2597,0.6501,5.8068,986.01,1.3978,11.0688,18.1119,4.4002,4.2948,4.373,2.053,1.858,2.3545,2.4374,2.5612,2.5425,2.08,2.58,0.78,15.24,99.14,35.74,17.54,5969.34,3765.96,1087.27,3865.7,3267.192,6887.05,48.635,1537,908,,135.37
2024-11-23,,,,,,,,,,,,,,,,,,,,,,,,,,,,,,,,,,,,,104.89
2024-11-24,,,,,,,,,,,,,,,,,,,,,,,,,,,,,,,,,,,,,311.54
2024-11-25,106.817,1285.05,1.0495,7.2468,0.6504,5.8111,976.8,1.3987,11.0927,18.0621,4.2731,4.1757,4.2685,1.98,1.81,2.2986,2.3663,2.4935,2.4913,2.055,2.61,0.78,14.6,99.96,37.44,17.8,5987.37,3781.79,1092.2,3848.09,3263.76,6862.2,47.675,1529,905,,87.75
2024-11-26,107.013,1288.05,1.0489,7.2578,0.6475,5.8122,978,1.4054,11.1602,18.1966,4.3062,4.1882,4.2561,2.021,1.827,2.2895,2.3635,2.4928,2.4825,2.055,2.64,0.79,14.1,99.18,38.74,17,6021.63,3790.31,1086.93,3840.19,3259.757,6851.56,47.61,1581,889,,150.15
2024-11-27,106.084,1279.68,1.0566,7.2449,0.6497,5.934,977.67,1.403,11.0599,18.181,4.2634,4.1354,4.2272,1.99,1.794,2.2783,2.3554,2.47,2.461,2.051,2.66,0.79,14.1,97.74,37,16.54,5998.74,3786.04,1087.58,3907.05,3309.779,7027.4,47.56,1509,895,,132.14
2024-11-28,106.048,1279.56,1.0552,7.2499,0.6499,6.0109,977.43,1.4014,11.045,18.1133,4.2634,4.1354,4.2272,1.99,1.794,2.2783,2.3554,2.47,,2.04,2.66,0.79,13.9,,,,,3789.28,1079.65,3872.55,3295.698,6924.51,,1419,893,,162.72
2024-11-29,105.737,1274.94,1.0577,7.2491,0.6512,5.9713,973.68,1.4006,11.0214,18.0569,4.1685,4.0482,4.1509,1.905,1.713,2.2679,2.3467,2.4625,2.4531,2.033,2.66,0.78,13.51,95.22,34.95,16.37,6032.38,3810.14,1078.57,3916.58,3326.456,6946.68,47.765,1354,892,,174.81
2024-11-30,,,,,,,,,,,,,,,,,,,,,,,,,,,,,,,,,,,,,123.13
2024-12-01,,,,,,,,,,,,,,,,,,,,,,,,,,,,,,,,,,,,184.54,140.43
2024-12-02,106.446,1281.17,1.0498,7.2864,0.6475,6.068,977.83,1.4047,11.1029,18.1334,4.1897,4.0865,4.1796,1.931,1.75,2.2649,2.3493,2.457,2.439,1.992,2.64,0.78,13.34,97.81,34.71,16.33,6047.15,3817.72,1086.39,3947.63,3363.982,7009.05,47.26,1298,890,197,78.68
2024-12-03,106.365,1281.21,1.0509,7.2998,0.6486,6.0506,972.25,1.4069,11.0671,18.1159,4.2245,4.1109,4.1795,1.921,1.727,2.3086,2.3977,2.505,2.4825,1.995,2.62,0.77,13.3,95.6,34.55,16.21,6049.88,3830.12,1097.52,3951.89,3378.806,7072.13,47.255,1237,888,164.99,92.19
2024-12-04,106.321,1280.87,1.0511,7.2776,0.643,6.0398,974.66,1.4073,11.0559,18.164,4.18,4.0672,4.1256,1.897,1.7,2.288,2.3802,2.485,2.457,1.975,2.62,0.77,13.45,92.25,33.82,15.92,6086.49,3849.72,1100.49,3930.56,3364.65,7085,46.115,1180,926,136.6,177.91
2024-12-05,105.714,1275.9,1.0586,7.2635,0.6453,6.007,970.25,1.4023,11.0364,18.0157,4.1761,4.0742,4.144,1.908,1.721,2.2729,2.3662,2.468,2.443,1.96,2.61,0.78,13.54,91.48,29.45,15.93,6075.11,3848.48,1102.29,3921.59,3368.855,7014.13,46.295,1160,944,127.66,97.39
2024-12-06,106.055,1278.85,1.0568,7.2843,0.6391,6.0867,974.98,1.4157,11.1544,18.0255,4.1529,4.0356,4.1039,1.9,1.714,2.2526,2.3336,2.4408,2.428,1.952,2.63,0.78,12.77,83.2,30.98,15.04,6090.27,3855.07,1105.08,3973.14,3404.076,7136.55,45.51,1167,943,150.85,390.69
2024-12-07,,,,,,,,,,,,,,,,,,,,,,,,,,,,,,,,,,,,151.06,376.57
2024-12-08,,,,,,,,,,,,,,,,,,,,,,,,,,,,,,,,,,,,68.65,114.97
2024-12-09,106.145,1280.69,1.0554,7.2675,0.644,6.0836,969.03,1.4171,11.1242,17.7726,4.2012,4.074,4.1245,1.934,1.738,2.2668,2.348,2.44,2.439,1.931,2.62,0.77,14.19,85.63,27.7,15.75,6052.85,3837.63,1114.04,3966.57,3402.534,7360.67,45.435,1168,937,170.97,233.8
2024-12-10,106.399,1282.32,1.0527,7.2579,0.6377,6.0511,975.15,1.4181,11.1514,17.8095,4.2263,4.0967,4.143,1.93,1.735,2.2971,2.3735,2.4647,2.4635,1.856,2.63,0.76,14.18,90.1,28.61,16.34,6034.91,3816.76,1111.71,3995.64,3422.661,7306.16,45.125,1156,932,,218.39
2024-12-11,106.71,1284.81,1.0496,7.2791,0.6369,5.9647,976,1.4159,11.1482,17.6993,4.2711,4.1335,4.1532,1.954,1.743,2.3188,2.4024,2.5,2.4818,1.841,2.59,0.74,13.58,82.4,31.99,16.86,6084.19,3842.39,1108.43,3988.83,3432.49,7249.38,45.2,1106,931,,219.72
2024-12-12,106.956,1288.41,1.0468,7.2759,0.6369,5.9976,978.95,1.422,11.1749,17.8037,4.3278,4.1827,4.1906,1.999,1.788,2.3275,2.4047,2.4975,2.4833,1.816,2.58,0.75,13.92,82.66,33.64,15.43,6051.25,3826.08,1112.94,4028.51,3461.5,7360.1,44.835,1055,929,,125.44
2024-12-13,107.003,1288.83,1.0501,7.2811,0.6362,6.0564,986.38,1.4234,11.1434,17.8711,4.3967,4.2499,4.2448,2.051,1.839,2.3455,2.4224,2.511,2.4975,1.782,2.62,0.75,13.81,85.66,34.92,15.63,6051.09,3817.24,1107.01,3933.18,3391.878,7186.59,44.61,1051,921,,141.68
2024-12-14,,,,,,,,,,,,,,,,,,,,,,,,,,,,,,,,,,,,,167.31
2024-12-15,,,,,,,,,,,,,,,,,,,,,,,,,,,,,,,,,,,,,244.9
2024-12-16,106.858,1288.54,1.0512,7.2923,0.6371,6.1349,991.1,1.4242,11.1554,17.8568,4.3967,4.257,4.249,2.071,1.87,2.327,2.397,2.471,2.4643,1.728,2.64,0.75,14.69,90.88,33.41,15.38,6074.08,3826.99,1103.21,3911.84,3386.331,7132.69,43.63,1071,922,,288.93
2024-12-17,106.956,1289.48,1.0491,7.2881,0.6337,6.1109,987.83,1.431,11.1928,18.1038,4.3987,4.2624,4.2447,2.085,1.887,2.315,2.387,2.4513,2.452,1.729,2.7,0.76,15.87,90.42,30.71,15.64,6050.61,3812.07,1093.2,3922.03,3361.485,7105.44,43.305,1053,929,,86.94
2024-12-18,108.027,1301.07,1.0353,7.3249,0.6218,6.2931,990.6,1.4447,11.3865,18.3435,4.514,4.4031,4.3545,2.203,2.036,2.3156,2.3773,2.444,2.4585,1.765,2.67,0.76,27.62,87.21,32.6,16.54,5872.16,3720.41,1095.31,3941.89,3382.208,7180.79,42.025,1028,918,,251.99
2024-12-19,108.408,1303.75,1.0363,7.3091,0.6239,6.1403,992.5,1.4398,11.4452,18.3919,4.5621,4.4229,4.3165,2.267,2.092,2.2976,2.3382,2.413,2.433,1.763,2.84,0.79,24.09,90.41,30.5,15.83,5867.08,3696.05,1081.76,3945.46,3370.033,7152.13,41.66,976,914,,171.71
2024-12-20,107.621,1296.81,1.043,7.2924,0.6251,6.085,990.45,1.4359,11.3206,18.3054,4.5222,4.375,4.3102,2.224,2.036,2.2987,2.3478,2.4179,2.4305,1.718,2.85,0.79,18.36,91.75,29.27,15.73,5930.85,3723.22,1072.25,3927.74,3368.069,7143.88,42.07,990,925,,180.8
2024-12-21,,,,,,,,,,,,,,,,,,,,,,,,,,,,,,,,,,,,,180.08
2024-12-22,,,,,,,,,,,,,,,,,,,,,,,,,,,,,,,,,,,,,381.65
2024-12-23,108.037,1300.79,1.0405,7.3072,0.6249,6.1915,991.8,1.4371,11.3562,18.5571,4.5865,4.4342,4.3401,2.247,2.045,2.3382,2.3955,2.4637,2.4678,1.707,2.81,0.78,16.78,95.85,30.16,15.54,5974.07,3745.13,1081.95,3933.57,3351.257,7213.85,41.965,994,929,,139.02
2024-12-24,108.257,1301.35,1.0399,7.3068,0.6237,6.1575,986.9,1.4357,11.3769,18.6786,4.5887,4.4363,4.3324,2.235,2.038,2.3534,2.4086,2.4742,2.4862,1.736,2.82,0.77,14.27,96.95,30.35,14.71,6040.04,3777.89,1084.99,3983.69,3393.528,7303.92,42.32,997,927,,252.18
2024-12-25,,,1.0407,7.3027,0.6239,,,1.4379,11.3692,18.6642,4.5887,4.4419,4.3324,2.235,2.038,2.3534,2.4059,,,1.754,2.82,0.77,,,,,,3778.53,1085.86,3985.63,3393.35,,,,,,190.79
2024-12-26,108.129,1302.63,1.0422,7.303,0.6221,6.1813,990.37,1.4408,11.3913,18.8422,4.5827,4.4331,4.3283,2.233,2.035,2.3491,2.3965,2.4622,2.4815,1.729,2.79,0.77,14.73,95.2,30.01,15.19,6037.59,3778.7,1084.69,3987.48,3398.076,,42.285,,,,118.16
2024-12-27,107.998,1303.06,1.0426,7.3001,0.6217,6.1921,993.93,1.4412,11.3585,18.7021,4.6253,4.4613,4.3262,2.27,2.062,2.3534,2.3985,2.4606,2.4885,1.701,2.8,0.77,15.95,94.8,30.21,14.67,5970.84,3755.36,1082.87,3981.03,3400.142,7305.36,42.28,,,,104.31
2024-12-28,,,,,,,,,,,,,,,,,,,,,,,,,,,,,,,,,,,,,150.11
2024-12-29,,,,,,,,,,,,,,,,,,,,,,,,,,,,,,,,,,,,,167.91
2024-12-30,108.13,1304.75,1.0407,7.3152,0.6221,6.1774,994.92,1.4355,11.3293,18.8106,4.5327,4.3592,4.2418,2.206,1.987,2.3262,2.3718,2.43,2.4518,1.712,2.87,0.78,17.4,99.08,30.77,15.02,5906.94,3718.94,1078.4,3999.06,3407.326,7280.48,42.275,,,,138.37
2024-12-31,108.487,1309.66,1.0354,7.3379,0.6188,,,1.4384,11.3865,18.8432,4.569,4.382,4.2416,2.231,1.986,2.3388,2.3944,2.4509,2.4647,1.675,2.87,0.8,17.35,98.8,30.02,14.62,5881.63,3707.84,1075.48,3934.91,3351.763,7289.89,42.83,,,,109.44
2025-01-01,,,1.0356,7.3361,0.6187,,,1.4388,11.3821,18.8013,4.569,4.382,4.2416,2.231,1.986,2.3388,2.3962,,,,,,,,,,,3707.88,1076.52,,,,,,,112.81,202.92
2025-01-02,109.394,1314.09,1.0265,7.3403,0.6203,6.1512,1005.25,1.4403,11.395,18.7461,4.559,4.3696,4.2395,2.217,1.961,2.3402,2.4104,2.4507,2.4583,1.623,2.82,0.8,17.93,96.67,29.54,15.07,5868.55,3702.68,1071,3820.4,3262.561,7090.56,43.33,1029,853,198.48,188.9
2025-01-03,108.952,1312.24,1.0308,7.3583,0.6216,6.1854,1018.25,1.4447,11.3644,18.7232,4.5975,4.4119,4.2787,2.255,2.002,2.3399,2.4122,2.451,2.46,1.621,2.74,0.8,16.13,93.35,29.98,14.49,5942.47,3737.5,1073.21,3775.17,3211.43,7159.28,43.735,1072,841,137.5,167.41
2025-01-04,,,,,,,,,,,,,,,,,,,,,,,,,,,,,,,,,,,,69.86,213.62
2025-01-05,,,,,,,,,,,,,,,,,,,,,,,,,,,,,,,,,,,,48.15,571.19
2025-01-06,108.257,1304.28,1.039,7.346,0.6246,6.1158,1011.6,1.4332,11.2918,18.5772,4.63,4.4295,4.2745,2.269,2.004,2.3596,2.4242,2.4555,2.4742,1.597,2.7,0.81,16.04,97.89,29.31,14.76,5975.38,3763.15,1078.89,3768.97,3206.923,7135.48,43.535,1043,829,98.32,222.31
2025-01-07,108.542,1306.48,1.034,7.34,0.623,6.1021,1004.57,1.437,11.3541,18.6955,4.685,4.4649,4.2911,2.282,1.999,2.4025,2.4643,2.4963,2.52,1.611,2.71,0.81,17.82,102.78,31.09,14.68,5909.03,3733.55,1080.07,3796.11,3229.644,7049.71,43.97,1015,814,117.64,260.94
2025-01-08,109.09,1311.2,1.0318,7.3537,0.6216,6.1099,1001.89,1.4376,11.4028,18.9037,4.6892,4.4614,4.2828,2.267,1.976,2.4196,2.4823,2.5238,2.5475,1.609,2.77,0.8,17.7,100.76,31.56,14.82,5918.25,3732.2,1070.79,3789.22,3230.168,6990.65,44.015,966,805,70.21,212.01
2025-01-09,109.179,1312.96,1.03,7.3561,0.6196,6.0366,1007.7,1.4395,11.3949,18.93,4.6893,4.4561,4.264,2.276,1.975,2.4104,2.4794,2.5246,2.5412,1.639,2.75,0.8,18.07,99.73,,,,3732.14,1066.47,3779.88,3211.393,6978.97,,969,799,123.14,230.71
2025-01-10,109.65,1319.11,1.0244,7.3633,0.6147,6.1079,1012.75,1.4423,11.4758,19.1084,4.7592,4.5737,4.3792,2.314,2.046,2.4444,2.5295,2.571,2.576,1.653,2.74,0.8,19.54,96.57,33.91,15.77,5827.04,3678.22,1057.1,3732.48,3168.524,6898.15,44.195,1048,821,65.54,147.76
2025-01-11,,,,,,,,,,,,,,,,,,,,,,,,,,,,,,,,,,,,71.65,403.4
2025-01-12,,,,,,,,,,,,,,,,,,,,,,,,,,,,,,,,,,,,81.9,678.32
2025-01-13,109.956,1319.87,1.0245,7.347,0.6177,6.0972,1007.28,1.4379,11.4234,19.0436,4.7779,4.597,4.3793,2.313,2.03,2.4657,2.5703,2.609,2.5963,1.655,2.78,0.81,19.19,103.51,33.98,15.27,5836.22,3674.92,1039.11,3722.51,3160.755,6843.71,45.125,1093,855,106.86,179.6
2025-01-14,109.273,1314.06,1.0308,7.3437,0.6195,6.0542,1003.07,1.4349,11.3713,18.9174,4.7924,4.5953,4.3668,2.329,2.029,2.4632,2.5713,2.599,2.58,1.644,2.76,0.81,18.71,101.99,33.51,15,5842.91,3682.46,1053.05,3820.54,3240.94,6987.36,45.61,1080,879,147.37,185.4
2025-01-15,109.09,1311.06,1.0289,7.3487,0.6227,6.0131,1006.11,1.4341,11.3316,18.7822,4.6531,4.4473,4.2638,2.219,1.908,2.4329,2.5464,2.57,2.552,1.633,2.68,0.8,16.12,93.1,32.93,15.23,5949.91,3744.47,1055.8,3796.03,3227.117,7011.6,46.285,1063,884,147.09,110.72
2025-01-16,108.957,1312.69,1.0301,7.3469,0.6213,6.0547,1012.35,1.4395,11.3638,18.83,4.6125,4.3958,4.23,2.188,1.865,2.4236,2.5338,2.555,2.545,1.645,2.7,0.8,16.6,92.72,33.13,15.4,5937.34,3746.86,1066.67,3800.38,3236.032,7098.76,46.62,1023,912,92.82,134.68
2025-01-17,109.347,1316.14,1.0273,7.3415,0.6193,6.0796,1006.1,1.4477,11.4488,18.749,4.627,4.4313,4.2826,2.195,1.896,2.43,2.5392,2.5768,2.568,1.661,2.62,0.8,15.97,95.6,33.52,14.98,5996.66,3777.85,1070.12,3812.34,3241.821,7108.81,46.98,987,912,88.34,173.63
2025-01-18,,,,,,,,,,,,,,,,,,,,,,,,,,,,,,,,,,,,77.16,234.19
2025-01-19,,,,,,,,,,,,,,,,,,,,,,,,,,,,,,,,,,,,68.3,508.27
2025-01-20,109.347,1301.76,1.0416,7.2629,0.6275,6.0333,1001.72,1.431,11.2985,18.5389,4.627,4.4313,4.2826,2.195,1.896,2.4312,2.5411,,,1.678,2.62,0.8,15.81,,,,,3788.38,1080.5,3829.68,3244.378,7235.71,,957,917,151.89,193.71
2025-01-21,108.062,1302.61,1.0428,7.2674,0.6274,6.026,1003.5,1.4322,11.2922,18.5031,4.5764,4.3957,4.2741,2.175,1.909,2.4023,2.492,2.529,2.54,1.668,2.58,0.79,15.06,96.78,35.1,15.5,6049.24,3817.28,1081.11,3832.62,3242.623,7320.88,46.74,928,902,50.1,225.37
2025-01-22,108.167,1303.9,1.0409,7.2814,0.6274,5.9423,991.03,1.4379,11.2792,18.4877,4.6109,4.4349,4.2975,2.192,1.934,2.4184,2.5063,2.5397,2.551,1.663,2.56,0.79,15.1,89.9,34.68,15.24,6086.37,3838.19,1082.34,3797.02,3213.624,7177.14,45.89,893,882,157.46,121.77
2025-01-23,108.047,1301.87,1.0415,7.2877,0.6285,5.924,987.75,1.4383,11.2749,18.505,4.6436,4.451,4.289,2.181,1.897,2.4614,2.5559,2.577,2.587,1.664,2.56,0.78,15.02,88.51,34.18,14.95,6118.71,3856.17,1081.34,3803.74,3230.164,7164.22,46.1,824,856,126.48,176.52
2025-01-24,107.443,1295.16,1.0497,7.2443,0.6314,5.9138,982.5,1.4341,11.1938,18.4009,4.6214,4.426,4.2655,2.203,1.874,2.4183,2.5537,2.5557,2.574,1.664,2.56,0.78,14.85,86.75,29.98,14.85,6101.24,3856.78,1090.02,3832.86,3252.626,7312.16,45.655,778,845,148.64,189.16
2025-01-25,,,,,,,,,,,,,,,,,,,,,,,,,,,,,,,,,,,,84.67,159.12
2025-01-26,,,,,,,,,,,,,,,,,,,,,,,,,,,,,,,,,,,,128.06,178.55
2025-01-27,107.341,1296.84,1.0492,7.2522,0.6293,5.9038,987.9,1.4374,11.2423,18.7303,4.5343,4.3369,4.195,2.134,1.811,2.4012,2.5288,2.5342,2.5512,1.63,2.63,0.79,17.9,95.05,35.98,15.23,6012.28,3813.33,1087.54,3817.08,3250.601,7382.81,45.18,761,840,209.14,159.42
2025-01-28,107.866,1301.19,1.043,7.2752,0.6253,5.8657,993.88,1.4399,11.2792,18.6863,4.5323,4.329,4.1949,2.122,1.775,2.4115,2.5544,2.561,2.5625,,2.64,0.79,16.41,92.83,31.95,15.46,6067.7,3836.25,1089.13,,,7382.13,44.75,746,843,163.21,262.69
2025-01-29,108,1302.12,1.0421,7.266,0.6231,5.865,991.85,1.4419,11.2894,18.5384,4.5284,4.3325,4.2135,2.12,1.778,2.4094,2.5573,2.564,2.5673,,2.62,0.79,16.56,90.73,33.02,14.84,6039.31,3828.45,1092.31,,,,44.85,726,850,105.26,342.27
2025-01-30,107.797,1302.74,1.0391,7.2934,0.6209,5.8752,984.25,1.4486,11.3315,18.5944,4.5163,4.3184,4.2073,2.129,1.779,2.3884,2.5399,2.544,2.546,,2.6,0.79,15.84,90.54,31.05,16.09,6071.17,3853.49,1095.75,,,,45.08,715,868,120.68,293.51
2025-01-31,108.37,1307.7,1.0362,7.322,0.6218,5.844,980.25,1.4541,11.3436,18.6694,4.5387,4.3272,4.1971,2.111,1.725,2.4302,2.6014,2.594,2.585,,2.61,0.79,16.43,91.76,29.96,15.82,6040.53,3836.58,1093.37,,,,43.82,735,876,109.84,495.78
2025-02-01,,,,,,,,,,,,,,,,,,,,,,,,,,,,,,,,,,,,65.25,256.1
2025-02-02,,,,,,,,,,,,,,,,,,,,,,,,,,,,,,,,,,,,62,314.4
2025-02-03,108.99,1309.79,1.0344,7.3114,0.6227,5.8082,988.45,1.4428,11.3412,18.7466,4.555,4.3607,4.2489,2.13,1.758,2.4273,2.6035,2.598,2.585,,2.66,0.81,18.62,94.15,35.3,16.81,5994.57,3796.53,1073.72,,,7384.11,44.095,738,881,146.05,327.16
2025-02-04,107.96,1300.58,1.0379,7.2869,0.6254,5.7586,971.58,1.4323,11.2426,18.6755,4.5105,4.3184,4.2137,2.074,1.689,2.4387,2.629,2.62,2.5915,,2.66,0.8,17.21,90.28,33.62,17.11,6037.88,3826.36,1092.93,,,7643.63,45.02,753,898,141.46,393.35
2025-02-05,107.579,1297.7,1.0403,7.2825,0.6285,5.8044,971.85,1.431,11.2269,18.5589,4.4181,4.2481,4.1868,2,1.638,2.4195,2.611,2.6,2.5675,1.621,2.63,0.81,15.77,94.68,34.25,17.19,6061.48,3848.65,1095.79,3795.08,3229.488,7566.27,45.115,771,900,135.57,226.19
2025-02-06,107.689,1297.41,1.0383,7.2884,0.6283,5.7626,963.17,1.4308,11.2116,18.4374,4.4342,4.2744,4.2118,2.022,1.679,2.4131,2.5988,2.585,2.5676,1.604,2.62,0.82,15.5,93.9,36.25,16.27,6083.57,3864.03,1102.25,3842.83,3270.659,7690.35,44.285,793,903,162.32,372.45
2025-02-07,108.04,1300.77,1.0328,7.3033,0.6274,5.8091,964.15,1.4293,11.2444,18.403,4.4947,4.3485,4.2892,2.066,1.728,2.4298,2.6224,2.6012,2.5803,1.606,2.64,0.82,16.54,93.13,29.66,16.23,6025.99,3832.82,1108.48,3892.7,3303.667,7784.07,44.28,815,903,124.44,332.89
2025-02-08,,,,,,,,,,,,,,,,,,,,,,,,,,,,,,,,,,,,131.89,578.84
2025-02-09,,,,,,,,,,,,,,,,,,,,,,,,,,,,,,,,,,,,0,613.98
2025-02-10,108.319,1303.51,1.0307,7.3109,0.6277,5.7877,961.33,1.4316,11.2185,18.448,4.4968,4.3379,4.2747,2.062,1.703,2.4354,2.6386,2.6163,2.589,1.632,2.63,0.82,15.81,87.68,32.09,17.59,6066.44,3854.09,1108.46,3901.06,3322.17,7946.81,45.255,809,899,121.01,290.34
2025-02-11,107.963,1300.05,1.0361,7.31,0.6295,5.7659,961.23,1.4287,11.1956,18.4755,4.5352,4.3698,4.2833,2.065,1.689,2.4708,2.6843,2.6592,2.6214,1.625,2.63,0.81,16.02,85.58,29.76,17.48,6068.5,3854.96,1104.63,3883.14,3318.057,7842.72,45.62,801,892,119.8,230.88
2025-02-12,107.938,1301.18,1.0383,7.3104,0.628,5.7596,952.23,1.4306,11.2682,18.5269,4.6208,4.4676,4.3548,2.152,1.786,2.4727,2.686,2.6588,2.6262,1.631,2.62,0.79,15.89,86.58,31.79,17.34,6051.97,3848.18,1111.01,3919.86,3346.385,8058.08,44.52,776,890,95.37,285.28
2025-02-13,107.313,1291.89,1.0465,7.2699,0.6317,5.7675,945.38,1.4193,11.1444,18.4914,4.5288,4.3894,4.3067,2.075,1.718,2.4544,2.6743,2.645,2.61,1.633,2.62,0.78,15.1,84.57,31.47,17.13,6115.07,3894.24,1113.25,3905.14,3332.483,8002.63,44.855,780,894,167.42,236.69
2025-02-14,106.71,1288.17,1.0492,7.2578,0.6352,5.6988,941.63,1.4182,11.1225,18.3875,4.4762,4.3274,4.2589,2.037,1.678,2.4407,2.6525,2.615,2.5925,1.65,2.6,0.78,14.77,84.67,28.46,17.23,6114.63,3898.87,1125.23,3939.01,3346.724,8331.4,45.035,792,910,119.53,297.91
2025-02-15,,,,,,,,,,,,,,,,,,,,,,,,,,,,,,,,,,,,108.19,229.66
2025-02-16,,,,,,,,,,,,,,,,,,,,,,,,,,,,,,,,,,,,86.55,294.91
2025-02-17,106.575,1287.29,1.0484,7.2663,0.6356,5.7124,948.26,1.4184,11.1041,18.3997,4.4762,4.3274,4.2589,2.037,1.678,2.4407,2.6525,,,1.693,2.6,0.78,15.37,,,,,3902.14,1130.61,3947.4,3355.83,8323.67,,806,912,156.25,372.7
2025-02-18,107.054,1289.87,1.0446,7.2759,0.6353,5.6845,950.68,1.4196,11.155,18.405,4.5503,4.4021,4.3056,2.094,1.726,2.4564,2.6752,2.6362,2.605,1.716,2.56,0.77,15.35,84.51,27.47,18.03,6129.58,3910.71,1138.92,3912.78,3324.49,8475.4,45.65,841,918,217.61,280.36
2025-02-19,107.173,1292.01,1.0423,7.2842,0.6344,5.7219,950.3,1.4234,11.1373,18.5216,4.5327,4.3648,4.2676,2.069,1.67,2.4644,2.6932,2.6475,2.6137,1.688,2.62,0.77,15.27,83.86,28.36,16.76,6144.15,3906.82,1136.87,3940.16,3351.539,8463.1,46.01,904,925,166.24,341.49
2025-02-20,106.372,1282.9,1.0501,7.2352,0.64,5.7027,943.15,1.4175,11.0925,18.3459,4.5053,4.3435,4.2699,2.038,1.641,2.4681,2.7026,2.6473,2.6194,1.719,2.61,0.78,15.66,86.26,29.3,16.45,6117.52,3893.65,1132.45,3928.9,3350.783,8322.56,46.43,941,920,265.49,367.92
2025-02-21,106.612,1286.23,1.0458,7.255,0.6357,5.7305,947.17,1.4224,11.1474,18.3844,4.4313,4.2725,4.198,2.01,1.633,2.422,2.6389,2.5835,2.5585,1.759,2.71,0.8,18.21,91.83,35.79,16.55,6013.13,3843.08,1147.3,3978.44,3379.113,8666.72,45.465,981,911,181.82,375.62
2025-02-22,,,,,,,,,,,,,,,,,,,,,,,,,,,,,,,,,,,,124.81,203.15
2025-02-23,,,,,,,,,,,,,,,,,,,,,,,,,,,,,,,,,,,,96.91,476.69
2025-02-24,106.596,1287.27,1.0468,7.2532,0.635,5.7727,943.78,1.426,11.1152,18.3826,4.4003,4.2352,4.1747,1.968,1.573,2.4331,2.6595,2.5699,2.561,1.8,2.72,0.8,18.98,88.44,31.3,16.73,5983.25,3828.18,1135.74,3969.72,3373.028,8618.88,45.475,1002,900,144.02,355.9
2025-02-25,106.308,1284.68,1.0514,7.2549,0.6344,5.7522,941.98,1.4313,11.1083,18.4152,4.2945,4.1292,4.0942,1.907,1.509,2.3883,2.6175,2.5412,2.5081,1.78,2.77,0.82,19.43,96.61,32.77,16.72,5955.25,3814.35,1122.38,3925.65,3346.04,8499.19,44.82,1039,888,165.32,232.14
2025-02-26,106.416,1286.39,1.0485,7.2653,0.6305,5.8123,941.53,1.4338,11.1569,18.3921,4.2562,4.0836,4.0716,1.895,1.499,2.3621,2.59,2.5213,2.4908,1.768,2.74,0.83,19.1,97.52,33.36,16.36,5956.06,3821.04,1135.41,3959.94,3380.214,8792.89,44.565,1112,882,162.38,275.17
2025-02-27,107.244,1294.33,1.0398,7.301,0.6236,5.8315,952.83,1.4437,11.2445,18.4626,4.2599,4.0732,4.0511,1.901,1.467,2.3599,2.6113,2.5338,2.485,1.798,2.75,0.84,21.13,96.27,31.72,16.45,5861.57,3767.35,1124.03,3968.12,3388.062,8734.58,44.805,1159,880,143.77,288.54
2025-02-28,107.614,1298.12,1.0375,7.2934,0.6209,5.8844,963.3,1.4461,11.257,18.6906,4.2082,4.0191,3.9889,1.842,1.398,2.3677,2.6268,2.545,2.491,1.778,2.8,0.87,19.63,104.46,29.97,15.82,5954.5,3805.33,1097.25,3890.05,3320.897,8417.43,45.5,1229,885,122.69,345.22
2025-03-01,,,,,,,,,,,,,,,,,,,,,,,,,,,,,,,,,,,,119.86,522.4
2025-03-02,,,,,,,,,,,,,,,,,,,,,,,,,,,,,,,,,,,,83.74,476.54
2025-03-03,106.747,1292.49,1.0487,7.3029,0.6225,,950.48,1.4482,11.1874,18.6071,4.1551,3.9616,3.9496,1.792,1.337,2.3642,2.6314,2.543,2.4802,1.763,2.88,0.88,22.78,105.65,38.52,16.81,5849.72,3770.34,1097.37,3888.47,3316.925,8419.69,43.91,1276,881,154.23,429.75
2025-03-04,105.743,1284.58,1.0626,7.2533,0.6272,,945.05,1.4395,11.0908,18.4879,4.2442,4.0453,3.9905,1.89,1.447,2.3556,2.603,2.5163,2.4763,1.761,2.92,0.88,23.51,108.87,37.52,17.25,5778.15,3724.69,1093,3885.22,3324.21,8367.47,43.485,1262,884,253.45,447.53
2025-03-05,104.276,1271.7,1.0789,7.2366,0.6335,5.7558,930.3,1.4339,10.9249,18.3292,4.2785,4.0785,4.0047,1.94,1.488,2.3404,2.5917,2.498,2.4475,1.757,2.83,0.85,21.93,104.32,35.04,16.92,5842.63,3777.64,1115.55,3902.57,3341.965,8630.4,42.85,1228,883,180.47,391.3
2025-03-06,104.062,1270.06,1.0785,7.2441,0.6333,5.7629,928.25,1.4296,10.8888,18.1302,4.2784,4.0558,3.959,1.941,1.488,2.3381,2.5694,2.473,2.4388,1.787,2.94,0.87,24.87,108.95,37.14,16.83,5738.52,3730.93,1131.26,3956.24,3381.098,8938.09,42.98,1286,881,229.88,726.26
2025-03-07,103.838,1267.95,1.0833,7.2452,0.6305,5.7896,928.58,1.4372,10.8595,18.2426,4.3011,4.0856,3.9997,1.957,1.512,2.3459,2.5738,2.4878,2.451,1.845,2.91,0.87,23.37,104.41,29.75,16.19,5770.2,3740.37,1128.55,3944.01,3372.546,8914.03,43.715,1400,879,179.53,556.7
2025-03-08,,,,,,,,,,,,,,,,,,,,,,,,,,,,,,,,,,,,195.74,684.13
2025-03-09,,,,,,,,,,,,,,,,,,,,,,,,,,,,,,,,,,,,105.72,714.21
2025-03-10,103.9,1270.88,1.0834,7.2634,0.6278,5.8554,944.5,1.444,10.7697,18.3335,4.2131,3.9666,3.8833,1.903,1.432,2.3125,2.5367,2.4543,2.426,1.872,3.1,0.91,27.86,112.5,34.82,17.06,5614.56,3651.48,1113.06,3928.8,3366.163,8725.01,44.04,1424,881,238.45,403.78
2025-03-11,103.419,1265.45,1.0919,7.2268,0.6298,5.8104,933.48,1.4435,10.6538,18.2132,4.2799,4.0348,3.9431,1.963,1.485,2.3177,2.5509,2.46,2.4242,1.945,3.16,0.94,26.92,114.6,31.83,17.14,5572.07,3623.17,1109.16,3941.42,3379.828,8755.37,43.69,1436,890,221.64,704.03
2025-03-12,103.612,1266.35,1.0888,7.2415,0.6321,5.8,937.87,1.437,10.6392,18.342,4.3124,4.0699,3.9866,1.976,1.498,2.3372,2.5741,2.4928,2.451,1.851,3.13,0.94,24.23,104.11,31.09,16.82,5599.3,3643.01,1111.13,3927.23,3371.924,8682.13,43.89,1559,911,218.23,433.5
2025-03-13,103.828,1267.89,1.0852,7.248,0.6285,5.7997,936.13,1.4439,10.6794,18.3304,4.2682,4.0295,3.9571,1.968,1.506,2.3018,2.5252,2.445,2.425,1.859,3.35,0.97,24.66,106.19,32.8,17.41,5521.52,3599.67,1106.07,3911.58,3358.729,8640.61,43.59,1650,923,254.81,463.36
2025-03-14,103.718,1265.71,1.0879,7.2379,0.6324,5.7421,928.48,1.4366,10.6537,18.1969,4.3121,4.0893,4.017,2.004,1.563,2.3101,2.5285,2.461,2.4414,1.851,3.21,0.93,21.77,101.01,33.52,17.13,5638.94,3665.71,1119.61,4006.56,3419.562,8877.99,44.88,1669,941,223.68,442.46
2025-03-15,,,,,,,,,,,,,,,,,,,,,,,,,,,,,,,,,,,,150.57,494.6
2025-03-16,,,,,,,,,,,,,,,,,,,,,,,,,,,,,,,,,,,,92.95,731.78
2025-03-17,103.37,1262.44,1.0922,7.2271,0.6384,5.6838,919.75,1.4288,10.538,18.0857,4.2985,4.0911,4.0441,2,1.581,2.3009,2.5155,2.4478,2.429,1.9,3.15,0.92,20.51,99.78,30.9,17.6,5675.12,3697.21,1131.44,3996.79,3426.128,8928.45,45.595,1658,946,155.96,649.53
2025-03-18,103.244,1261.66,1.0945,7.2277,0.6361,5.6713,917.04,1.4298,10.5603,18.1444,4.2831,4.0735,4.0398,1.986,1.567,2.2995,2.511,2.445,2.4286,1.894,3.19,0.92,21.7,96.68,36.12,17.53,5614.66,3672.57,1145.17,4007.72,3429.759,9177.8,45.67,1650,953,201.12,614.24
2025-03-19,103.428,1264.39,1.0903,7.2309,0.6357,5.6483,916.58,1.4326,10.5616,18.1222,4.2428,4.0207,3.9723,1.912,1.465,2.3303,2.5558,2.4875,2.46,1.88,3.14,0.89,19.9,91.4,33.87,16.74,5675.29,3701.86,1143.29,4010.17,3426.429,9163.67,46.415,1637,967,275.09,565.45
2025-03-20,103.851,1267.82,1.0851,7.2522,0.6303,5.6805,928.2,1.4325,10.5583,18.1594,4.2369,4.0119,3.9636,1.904,1.441,2.3352,2.5732,2.505,2.4663,1.844,3.14,0.9,19.8,95.74,29.72,16.45,5662.89,3693.55,1140.69,3974.99,3408.948,8950.18,46.585,1635,979,246.2,458.66
2025-03-21,104.088,1271.08,1.0818,7.2571,0.6273,5.7283,920.65,1.4349,10.5517,18.2281,4.2462,4.003,3.9481,1.92,1.438,2.3281,2.5666,2.4992,2.4557,1.853,3.17,0.9,19.28,94.54,28.43,15.98,5667.56,3689.85,1131.38,3914.7,3364.831,8742.44,46.26,1643,990,158.82,390.35
2025-03-22,,,,,,,,,,,,,,,,,,,,,,,,,,,,,,,,,,,,110.77,488.06
2025-03-23,,,,,,,,,,,,,,,,,,,,,,,,,,,,,,,,,,,,96.91,538.36
2025-03-24,104.262,1271.76,1.0801,7.2639,0.6286,5.7645,927.71,1.4318,10.5239,18.2539,4.3346,4.0948,4.0346,1.979,1.495,2.3573,2.5991,2.523,2.475,1.833,3.02,0.89,17.48,95.22,29.67,15.8,5767.57,3735.73,1136.01,3934.85,3370.028,8850.69,46.425,1652,994,141.51,498.84
2025-03-25,104.184,1270.32,1.0791,7.2659,0.6303,5.6994,921.27,1.4279,10.5107,18.2709,4.3133,4.0683,4.0132,1.956,1.462,2.3578,2.6066,2.5322,2.475,1.822,3.06,0.89,17.15,93.57,28.27,15.23,5776.65,3746.87,1129.41,3932.3,3369.976,8616.05,46.615,1642,1011,139.72,472.98
2025-03-26,104.547,1274.09,1.0754,7.2796,0.6299,5.7352,926.29,1.4267,10.5592,18.2649,4.3519,4.0984,4.0166,1.98,1.475,2.3724,2.6216,2.5512,2.492,1.804,3.14,0.9,18.33,91.41,28.84,15.04,5712.2,3709.19,1131.54,3919.36,3368.697,8654.26,46.89,1634,1069,155.46,316.49
2025-03-27,104.335,1273.3,1.0801,7.268,0.6305,5.7457,934.17,1.4305,10.4798,18.2343,4.3595,4.0872,3.9899,1.96,1.411,2.4007,2.6648,2.5963,2.5262,1.809,3.22,0.91,18.69,91.03,28.49,16.08,5693.31,3696.16,1130.54,3932.41,3373.749,8677.68,46.435,1621,1102,155.95,313.11
2025-03-28,104.044,1271.87,1.0828,7.2704,0.6287,5.761,951.3,1.4313,10.4784,18.4307,4.2494,3.9791,3.9119,1.881,1.336,2.3689,2.6313,2.5697,2.4952,1.815,3.4,0.93,21.65,96.83,28.7,16.45,5580.94,3634.71,1120.72,3915.17,3351.307,8606.51,46.215,1602,1105,156.46,362.44
2025-03-29,,,,,,,,,,,,,,,,,,,,,,,,,,,,,,,,,,,,132.29,284.53
2025-03-30,,,,,,,,,,,,,,,,,,,,,,,,,,,,,,,,,,,,55.06,612.15
2025-03-31,104.21,1274.25,1.0816,7.2659,0.6247,5.7057,951.08,1.4387,10.5099,18.3227,4.2053,3.9496,3.8832,1.837,1.313,2.3703,2.6299,2.57,2.498,1.818,3.47,0.94,22.28,101.35,30.88,17.84,5611.85,3628.64,1101.4,3887.31,3335.746,8516.55,46.725,1598,1107,188.36,426.16
2025-04-01,104.26,1273.28,1.0793,7.2808,0.6278,5.6825,946.63,1.4303,10.4681,18.4723,4.1689,3.9252,3.8811,1.834,1.325,2.3361,2.5934,2.533,2.4589,1.813,3.45,0.96,21.77,104.73,30.57,17.95,5633.07,3649.56,1110.66,3887.68,3348.435,8537.34,47,1587,1102,90.91,642.48
2025-04-02,103.807,1271.15,1.0853,7.2964,0.6299,5.6591,954.9,1.4241,10.4102,18.8884,4.1307,3.8853,3.8584,1.794,1.282,2.3371,2.5948,2.5355,2.4636,1.789,3.34,0.93,21.51,106.39,29.98,17.92,5670.97,3668.53,1111.68,3884.39,3350.127,8531.51,47.065,1583,1121,115.75,445.6
2025-04-03,102.072,1252.24,1.1052,7.2804,0.6329,5.63,949.73,1.4097,10.3245,18.7262,4.0286,3.7265,3.6817,1.752,1.165,2.2786,2.5527,2.506,2.4155,1.72,3.87,1.02,30.02,112,35.45,18.36,5396.52,3532.64,1102.78,3861.5,3342.008,8420.14,43.37,1540,1111,97.94,438.93
2025-04-04,103.023,1264.57,1.0956,7.2951,0.604,5.8423,978.55,1.4219,10.7624,19.1367,3.9943,3.7088,3.652,1.803,1.296,2.194,2.4038,2.3637,2.3348,,4.27,1.09,45.31,125.71,44.72,22.03,5074.08,3326.28,1087.59,,,,39.38,1489,1112,176.97,550.44
2025-04-05,,,,,,,,,,,,,,,,,,,,,,,,,,,,,,,,,,,,148.77,975.6
2025-04-06,,,,,,,,,,,,,,,,,,,,,,,,,,,,,,,,,,,,115.76,773.67
2025-04-07,103.256,1271.56,1.0912,7.345,0.5984,5.9144,988.95,1.4248,10.9715,19.6589,4.1835,3.8658,3.7629,1.982,1.479,2.2061,2.3762,2.347,2.3475,1.64,4.49,1.16,46.98,137.3,52.81,19.68,5062.25,3267,1001.49,3589.44,3096.576,7262.72,39.125,1401,1101,125.71,574.97
2025-04-08,102.955,1269.41,1.0958,7.4257,0.596,6.0118,1000,1.4264,10.954,19.7634,4.2929,3.9161,3.7256,2.065,1.481,2.2308,2.4222,2.3923,2.365,1.666,4.53,1.19,52.33,139.88,55.26,23.73,4982.77,3254.24,1002.6,3650.76,3145.549,7430.62,38.22,1342,1106,128.11,565.99
2025-04-09,102.9,1264.78,1.0949,7.346,0.6153,5.8252,980.13,1.4082,10.7862,19.2996,4.3315,4.0435,3.9077,2.035,1.521,2.3014,2.5119,2.4808,2.4397,1.652,4.26,1.12,33.62,128.83,42.9,24.53,5456.9,3464.76,993.45,3686.79,3186.81,7535.68,41.18,1259,1114,189.45,590.08
2025-04-10,100.867,1246.26,1.1201,7.3094,0.6224,5.8856,986.8,1.3983,10.8182,19.4139,4.4249,4.0716,3.862,2.256,1.717,2.1717,2.342,2.307,2.3045,1.652,4.34,1.14,40.72,128.35,49,26.59,5268.05,3421.91,1028.86,3735.12,3223.638,7668.38,38.49,1269,1123,166.2,623.53
2025-04-11,100.102,1233.74,1.1355,7.2875,0.6289,5.8668,971.92,1.3876,10.6686,19.1686,4.4895,4.1597,3.9599,2.259,1.738,2.2336,2.4168,2.382,2.356,1.658,4.19,1.13,37.56,137.26,50.88,28.44,5363.36,3471.27,1045.2,3750.52,3238.227,7801.51,39.445,1274,1132,134.75,833.81
2025-04-12,,,,,,,,,,,,,,,,,,,,,,,,,,,,,,,,,,,,93.66,589.49
2025-04-13,,,,,,,,,,,,,,,,,,,,,,,,,,,,,,,,,,,,91.55,910.15
2025-04-14,99.64,1230.06,1.1351,7.3116,0.6328,5.8552,967.56,1.3874,10.5642,18.8986,4.3739,4.0119,3.845,2.139,1.597,2.2376,2.4071,2.394,2.37,1.664,4.09,1.12,30.89,132.46,47.76,23.8,5405.97,3514.16,1060.22,3759.14,3262.808,7965.81,39.585,1282,1137,168.12,495.65
2025-04-15,100.215,1234.32,1.1282,7.3286,0.6345,5.8862,971.95,1.3956,10.6422,19.0372,4.333,3.9856,3.8449,2.141,1.604,2.1946,2.3695,2.355,2.331,1.659,4.05,1.11,30.12,122.56,42.31,21.54,5396.63,3522.8,1070.26,3761.23,3267.662,7982.88,39.525,1263,1138,141.46,371.94
2025-04-16,99.38,1225.64,1.1399,7.2989,0.6371,5.867,969.13,1.3859,10.5569,18.849,4.2768,3.9034,3.7695,2.092,1.541,2.1868,2.3477,2.3205,2.321,1.646,4.12,1.11,32.64,119.4,43.56,26.73,5275.7,3468.47,1059.1,3772.82,3276.004,7779.01,39.85,1241,1138,156.31,505.79
2025-04-17,99.376,1224.68,1.1365,7.3012,0.639,5.8071,965.68,1.3841,10.4798,18.8066,4.3249,3.9381,3.7982,2.088,1.502,2.2381,2.4119,2.3951,2.3778,1.654,3.98,1.08,29.65,114.64,41.27,24.14,5282.7,3474.06,1067.07,3772.22,3280.341,7897.44,40.75,1261,1152,122.46,508.01
2025-04-18,99.23,,1.1393,7.3061,0.6377,,,1.3847,10.4831,18.8517,4.3249,3.9381,3.7982,2.088,1.681,2.238,2.258,2.394,2.3778,1.65,3.98,1.08,,,,,,3476.06,1068.59,3772.52,3276.73,,,,,187.73,417.47
2025-04-19,,,,,,,,,,,,,,,,,,,,,,,,,,,,,,,,,,,,117.39,431.85
2025-04-20,,,,,,,,,,,,,,,,,,,,,,,,,,,,,,,,,,,,170.1,526.52
2025-04-21,98.278,1216.14,1.1515,7.2934,0.6415,,961.5,1.3843,10.3783,18.7437,4.4106,3.9749,3.7623,2.182,1.736,2.2309,2.2394,2.3595,2.3612,1.664,4.12,1.11,33.82,128.56,41.21,28.14,5158.2,3424.33,1071.95,3784.88,3291.434,,39.685,,,158.4,407.95
2025-04-22,98.918,1221.62,1.1421,7.3122,0.6367,5.7247,942.5,1.3815,10.3963,18.6199,4.4008,3.9925,3.819,2.128,1.693,2.2733,2.3,2.4215,2.4018,1.653,3.97,1.09,30.57,118.35,43.15,28.44,5287.76,3487.99,1073.79,3783.95,3299.757,7950.79,40.695,1261,1138,133.23,439.04
2025-04-23,99.844,1228.6,1.1316,7.285,0.636,5.7089,944.28,1.3882,10.5335,18.6595,4.3812,4.0224,3.8709,2.079,1.676,2.3047,2.3472,2.4785,2.4377,1.662,3.71,1.05,28.45,116.6,43.56,25.23,5375.86,3537.97,1096.05,3786.88,3296.355,8116.28,40.62,1300,1138,146.83,337.82
2025-04-24,99.377,1223.88,1.139,7.29,0.6408,5.6829,934.43,1.3853,10.3978,18.797,4.3149,3.9358,3.7971,2.013,1.571,2.304,2.3643,2.508,2.4488,1.662,3.68,1.03,26.47,108.28,44.37,24.93,5484.77,3596.16,1092.98,3784.36,3297.288,8056.85,41.27,1353,1142,179.21,419.9
2025-04-25,99.471,1226.05,1.1365,7.2885,0.6395,5.6833,934.42,1.3863,10.4371,18.7106,4.2353,3.8594,3.748,1.965,1.524,2.2721,2.3363,2.477,2.419,1.661,3.6,1.01,24.84,105.79,43.53,23.36,5525.21,3618.48,1097.1,3786.99,3295.06,8080.54,41.195,1373,1142,190.11,515.91
2025-04-26,,,,,,,,,,,,,,,,,,,,,,,,,,,,,,,,,,,,123.45,473.09
2025-04-27,,,,,,,,,,,,,,,,,,,,,,,,,,,,,,,,,,,,154.07,664.45
2025-04-28,99.01,1219.82,1.142,7.2846,0.6431,5.6549,943.83,1.383,10.3372,18.5252,4.2082,3.8127,3.6928,1.951,1.481,2.2587,2.3329,2.476,2.4043,1.647,3.68,1.02,25.15,110.01,43.55,23.25,5528.75,3628.48,1102.57,3781.62,3288.415,8080.19,41.485,1403,1136,113.79,787.79
2025-04-29,99.237,1222.19,1.1387,7.2679,0.6384,5.6209,946.75,1.3833,10.3677,18.549,4.1716,3.7661,3.6499,1.942,1.467,2.2318,2.3002,2.445,2.391,1.632,3.7,1.03,24.17,112.27,48.41,22.1,5560.83,3647.21,1105.99,3775.08,3286.655,8067.94,41.365,1398,1127,127.87,575.26
2025-04-30,99.468,1223.6,1.1328,7.2698,0.6402,5.6734,948.4,1.3799,10.4068,18.6057,4.1619,3.7264,3.6027,1.923,1.416,2.2396,2.3111,2.4637,2.407,1.628,3.84,1.06,24.7,112.48,54.46,21.52,5569.06,3655.52,1112.84,3770.57,3279.031,8076.26,40.25,1386,1114,140.21,433.1
2025-05-01,100.248,1229.98,1.129,7.2789,0.6383,,,1.3854,10.4441,18.5699,4.2176,3.8039,3.6987,1.976,1.496,2.2435,2.3088,2.468,2.408,,3.68,1.06,24.6,107.33,51.96,21.51,5604.14,3663.74,1111.97,,,,40.4,1411,1108,105.35,890.82
2025-05-02,100.03,1224.51,1.1297,7.213,0.6434,5.6572,947.95,1.3812,10.4283,18.3994,4.3083,3.9184,3.8239,2.04,1.593,2.2706,2.3265,2.476,2.43,,3.52,1.02,22.68,101.4,50.59,21.35,5686.67,3724.62,1133.27,,,8231.04,40.99,1421,1085,181.07,592.35
2025-05-03,,,,,,,,,,,,,,,,,,,,,,,,,,,,,,,,,,,,85.18,706.16
2025-05-04,,,,,,,,,,,,,,,,,,,,,,,,,,,,,,,,,,,,95.39,636.65
2025-05-05,99.831,1220.77,1.1315,7.2011,0.6469,5.6877,941.53,1.3825,10.3858,18.2703,4.3433,3.9393,3.8323,2.061,1.605,2.2847,2.3351,2.492,2.448,,3.51,1.02,23.64,104.45,42.58,23.2,5650.38,3707.38,1139.59,,,,40.25,,,213.92,346.64
2025-05-06,99.238,1216.34,1.137,7.2098,0.6495,5.7141,940.35,1.3778,10.2869,18.2132,4.2946,3.8923,3.7827,2.009,1.543,2.2889,2.3507,2.5038,2.4535,1.627,3.57,1.02,24.76,106.18,42.14,24.72,5606.91,3687.16,1137.42,3808.54,3316.114,8261.61,40.26,1406,1056,214.7,553.82
2025-05-07,99.614,1222.69,1.1301,7.2283,0.6424,5.7453,946.48,1.3839,10.3508,18.2651,4.2694,3.8626,3.7765,1.99,1.526,2.2725,2.3393,2.4913,2.436,1.64,3.56,1.02,23.55,99.87,42.66,22.99,5631.28,3697.54,1137.41,3831.63,3342.665,8242.25,40.275,1374,1020,250.21,428.17
2025-05-08,100.64,1230.23,1.1228,7.2429,0.64,5.663,935.53,1.3924,10.4312,18.2009,4.3785,3.9848,3.8739,2.061,1.591,2.31,2.3947,2.5365,2.4665,1.629,3.42,0.99,22.48,98.66,40.6,22.58,5663.94,3707.89,1133.58,3852.9,3351.996,8300.25,40.805,1316,1005,246.39,567.82
2025-05-09,100.339,1227.34,1.125,7.2403,0.6414,5.6541,936.81,1.3935,10.3802,18.2017,4.3785,4.0007,3.891,2.058,1.597,2.3145,2.4048,2.55,2.4762,1.635,3.43,0.99,21.9,100.4,39.82,21.86,5659.91,3711.68,1138.4,3846.16,3341.999,8308.83,41.215,1299,995,150.08,535.71
2025-05-10,,,,,,,,,,,,,,,,,,,,,,,,,,,,,,,,,,,,116.98,676.42
2025-05-11,,,,,,,,,,,,,,,,,,,,,,,,,,,,,,,,,,,,104.52,777.17
2025-05-12,101.788,1240.03,1.1087,7.2006,0.6372,5.6754,946.59,1.3975,10.455,18.2639,4.4709,4.11,4.0103,2.16,1.757,2.3049,2.3555,2.5043,2.4768,1.681,3.05,0.94,18.39,102.9,37.5,21.38,5844.19,3793.7,1161.85,3890.61,3369.244,8559.23,42.29,1304,991,200.17,667.23
2025-05-13,101.003,1231.29,1.1185,7.1991,0.6471,5.6081,940.18,1.3936,10.3665,18.3151,4.465,4.0977,4.0001,2.116,1.696,2.3449,2.4022,2.554,2.508,1.661,2.99,0.91,18.22,100.13,36.71,19.58,5886.55,3823.07,1156.82,3896.26,3374.871,8386.21,42.885,1280,985,150.03,512.95
2025-05-14,101.039,1232.57,1.1175,7.2112,0.6428,5.6379,942.76,1.3983,10.3793,18.2697,4.5363,4.1668,4.0508,2.154,1.725,2.3785,2.443,2.593,2.545,1.671,3.01,0.91,18.62,100.73,36.72,20.78,5892.58,3830.71,1173.65,3943.21,3403.948,8593.07,42.625,1267,987,145.08,776.77
2025-05-15,100.879,1230.03,1.1187,7.2049,0.6406,5.6827,938.85,1.3959,10.4149,18.0173,4.4315,4.0537,3.9608,2.087,1.653,2.3394,2.4032,2.55,2.498,1.676,3.09,0.91,17.83,98.65,37.4,21.63,5916.93,3842.19,1173.53,3907.2,3380.821,8509.67,42.805,1305,988,213.53,469
2025-05-16,101.092,1232.24,1.1163,7.2105,0.6406,5.6651,942.78,1.3969,10.3787,18.0443,4.477,4.0928,3.9995,2.113,1.658,2.3593,2.4356,2.5788,2.5175,1.682,3.05,0.9,17.24,96.7,37.88,21.47,5958.38,3863.29,1172.38,3889.09,3367.462,8468.29,42.74,1388,988,206.7,516.56
2025-05-17,,,,,,,,,,,,,,,,,,,,,,,,,,,,,,,,,,,,142.74,581.6
2025-05-18,,,,,,,,,,,,,,,,,,,,,,,,,,,,,,,,,,,,137.7,681.45
2025-05-19,100.426,1224.98,1.124,7.2147,0.6457,5.6521,937.78,1.3951,10.3103,18.0863,4.4474,4.0629,3.9765,2.084,1.637,2.3597,2.4272,2.568,2.515,1.66,3.12,0.89,18.14,103.81,38,21.37,5963.6,3874.12,1166.64,3877.15,3367.583,8460.55,42.185,1347,989,231.88,390.58
2025-05-20,100.118,1222.71,1.1283,7.2152,0.6424,5.6681,944.1,1.3916,10.2579,17.9216,4.4869,4.0735,3.9704,2.124,1.646,2.3584,2.4287,2.565,2.5117,1.669,3.11,0.88,18.09,101.37,34.62,21.95,5940.46,3870.03,1167.46,3898.17,3380.478,8589.08,41.795,1340,989,167.24,408.7
2025-05-21,99.559,1218.84,1.1331,7.2041,0.6436,5.646,,1.386,10.1736,17.9608,4.5985,4.1606,4.0194,2.23,1.728,2.3643,2.4331,2.5742,2.5227,1.676,3.19,0.9,20.87,102.1,39.12,22.23,5844.61,3829.82,1174.56,3916.38,3387.573,8660.94,41.025,1337,980,222.44,319.48
2025-05-22,99.96,1220.88,1.1281,7.2044,0.6411,5.708,942.46,1.3857,10.2083,18.0077,4.5287,4.0932,3.99,2.159,1.658,2.3629,2.4359,2.578,2.5245,1.686,3.23,0.9,20.28,99.47,41.44,21.55,5842.01,3818.9,1165.38,3913.87,3380.188,8557.64,40.865,1341,974,205.25,283.69
2025-05-23,99.112,1211.36,1.1362,7.1726,0.6488,5.6467,938.97,1.3731,10.1171,17.8405,4.511,4.0811,3.9912,2.161,1.658,2.3464,2.4237,2.5637,2.5015,1.697,3.3,0.91,22.29,100.91,43.13,22.28,5802.82,3802.77,1170.98,3882.27,3348.372,8583.86,40.995,1340,962,103.52,328.74
2025-05-24,,,,,,,,,,,,,,,,,,,,,,,,,,,,,,,,,,,,89.67,247.2
2025-05-25,,,,,,,,,,,,,,,,,,,,,,,,,,,,,,,,,,,,142.21,353.81
2025-05-26,98.934,1210.79,1.1387,7.1768,0.6486,5.669,940.1,1.3737,10.0968,17.8649,,,,,,,,,,1.692,3.3,0.91,20.57,,,,,3813.89,1170.13,3860.11,3346.839,8437.64,,,,180.83,293.68
2025-05-27,99.521,1216.98,1.1328,7.1896,0.6443,5.6424,937.4,1.381,10.1584,17.9489,4.4436,4.0333,3.9808,2.1,1.619,2.3378,2.4152,2.5585,2.5005,1.701,3.16,0.89,18.96,97.93,41.94,21.12,5921.54,3869.06,1164.1,3839.4,3340.687,8469.97,41.35,1296,947,203.35,409.58
2025-05-28,99.875,1220.38,1.1292,7.1925,0.6426,5.6899,941,1.3837,10.186,17.9303,4.4773,4.0618,3.9901,2.132,1.647,2.3415,2.4161,2.5589,2.5008,1.709,3.12,0.88,19.31,93.2,40.42,19.69,5888.55,3845.7,1163.84,3836.24,3339.932,8443.87,40.825,1303,929,228.04,282.29
2025-05-29,99.278,1215.1,1.137,7.1876,0.6442,5.6674,935.3,1.3809,10.1251,17.8125,4.418,3.9965,3.9386,2.08,1.601,2.3328,2.401,2.558,2.497,1.718,3.11,0.89,19.18,92.67,40.26,19.65,5912.17,3862.34,1170.16,3858.7,3363.446,8559.71,41.13,1353,910,169.43,340.04
2025-05-30,99.329,1215.99,1.1347,7.2051,0.6431,5.7231,945.68,1.3739,10.2124,18.0027,4.4004,3.9617,3.8975,2.065,1.575,2.3297,2.3924,2.5415,2.4875,1.706,3.14,0.88,18.57,92.11,40.71,19.1,5911.69,3863.48,1157.34,3840.23,3347.487,8432.02,40.765,1418,922,185.32,514
2025-05-31,,,,,,,,,,,,,,,,,,,,,,,,,,,,,,,,,,,,54.93,389.5
2025-06-01,,,,,,,,,,,,,,,,,,,,,,,,,,,,,,,,,,,,161.38,902.62
2025-06-02,98.706,1208.76,1.1441,7.2106,0.6495,5.6734,939.03,1.3714,10.0746,17.8537,4.4399,4.0034,3.9366,2.086,1.601,2.3471,2.4083,2.55,2.495,,3.16,0.88,18.36,95.76,38.7,20.6,5935.94,3881.41,1153.77,,,8359.26,41.3,1422,938,247.21,445.03
2025-06-03,99.227,1213.96,1.1372,7.1917,0.6462,5.6383,941.17,1.372,10.1606,17.8609,4.4537,4.0208,3.9511,2.096,1.627,2.3487,2.3984,2.534,2.497,1.707,3.09,0.86,17.69,100,37.75,20.1,5970.37,3894.53,1158.13,3852.01,3361.976,8519.86,41.79,1430,952,205.09,475.75
2025-06-04,98.787,1209.11,1.1417,7.1713,0.6492,5.6371,937.05,1.3678,10.1094,17.8237,4.3552,3.9233,3.8665,2.036,1.584,2.3091,2.3453,2.485,2.4675,1.704,3.12,0.87,17.61,96.98,37.7,19.82,5970.81,3903.91,1172.45,3868.74,3376.203,8576.75,40.975,1489,959,197.03,420.42
2025-06-05,98.741,1208.26,1.1445,7.1761,0.6506,5.588,931,1.3675,10.0743,17.7349,4.3906,3.9911,3.9201,2.09,1.666,2.2936,2.3296,2.481,2.465,1.703,3.09,0.88,18.48,94.65,34.89,19.69,5939.3,3889.67,1182.68,3877.56,3384.098,8684.73,40.935,1626,957,245.16,340.8
2025-06-06,99.19,1211.74,1.1397,7.1886,0.649,5.5601,934.89,1.3696,10.1116,17.7802,4.5056,4.1207,4.0365,2.183,1.762,2.3174,2.3637,2.517,2.486,1.693,3,0.85,16.77,89.65,35.72,19.16,6000.36,3914.72,1182.93,3873.98,3385.358,8629.75,41.705,1633,951,137.79,351.94
2025-06-07,,,,,,,,,,,,,,,,,,,,,,,,,,,,,,,,,,,,109.03,367.07
2025-06-08,,,,,,,,,,,,,,,,,,,,,,,,,,,,,,,,,,,,102.72,620.59
2025-06-09,98.939,1209.26,1.1422,7.1826,0.6516,5.5588,937.1,1.37,10.0651,17.7318,4.4738,4.0821,4.0034,2.155,1.731,2.313,2.3557,2.515,2.487,1.692,3.01,0.84,17.16,92.62,34.42,19.45,6005.88,3919.17,1193.78,3885.25,3399.771,8780.13,41.785,1691,941,145.34,328.87
2025-06-10,99.098,1210.59,1.1425,7.1887,0.6522,5.5744,940.49,1.3671,10.1062,17.7054,4.4698,4.0856,4.0181,2.16,1.749,2.3036,2.3424,2.5,2.476,1.694,3,0.84,16.95,91.22,35.05,19,6038.81,3934.94,1201.13,3865.47,3384.816,8767.36,42.53,1680,930,188.47,273.63
2025-06-11,98.631,1207.48,1.1487,7.1986,0.6501,5.537,934.2,1.3672,10.0646,17.7301,4.4203,4.0207,3.9515,2.126,1.705,2.2869,2.3195,2.474,2.46,1.686,3.02,0.84,17.26,89.36,43.24,19.16,6022.24,3929.36,1208.98,3894.63,3402.316,8865.72,43.145,1738,922,177.36,281.91
2025-06-12,97.921,1200.02,1.1584,7.1735,0.6533,5.5374,930.08,1.3604,9.9365,17.776,4.3592,3.9665,3.9077,2.084,1.675,2.269,2.2955,2.45,2.44,1.703,3.06,0.84,18.02,88.99,45.37,19.7,6045.26,3944.58,1202.74,3892.2,3402.658,8729.96,43.295,1904,909,168.15,484.65
2025-06-13,98.184,1202.49,1.1549,7.1892,0.6487,5.5437,940.28,1.3588,9.9114,17.9455,4.3987,3.9996,3.9475,2.102,1.684,2.2893,2.3211,2.481,2.465,1.702,3.08,0.85,20.82,95.31,57.23,21.16,5976.97,3900.9,1190.03,3864.18,3376.996,8655.33,44.05,1968,928,166.78,270.05
2025-06-14,,,,,,,,,,,,,,,,,,,,,,,,,,,,,,,,,,,,307.25,346.92
2025-06-15,,,,,,,,,,,,,,,,,,,,,,,,,,,,,,,,,,,,169.09,534.57
2025-06-16,97.998,1202.59,1.1561,7.182,0.6524,5.4925,936.33,1.3571,9.9145,17.808,4.4462,4.0312,3.9664,2.125,1.695,2.3118,2.3405,2.504,2.49,1.699,2.97,0.84,19.11,93.48,56.6,19.87,6033.11,3936.03,1198.18,3873.8,3388.729,8729.99,43.92,1975,987,273.92,340.61
2025-06-17,98.82,1209.07,1.148,7.1917,0.6475,5.501,945.3,1.3679,9.9431,18.0214,4.3888,3.9908,3.9518,2.056,1.63,2.3233,2.3654,2.52,2.497,1.694,3.04,0.85,21.6,97.18,71.56,20.41,5982.72,3901.81,1196.96,3870.38,3387.405,8694.67,44.33,1952,1019,293.2,445.72
2025-06-18,98.905,1210.26,1.148,7.1946,0.6509,5.4932,944.08,1.3695,9.9794,18.0019,4.3909,3.9908,3.9414,2.058,1.627,2.323,2.3671,2.524,2.494,1.639,3.04,0.85,20.14,93.64,66.86,19.58,5980.87,3899.46,1193.45,3874.97,3388.809,8594.19,44.04,1874,1034,320.77,477.28
2025-06-19,98.905,1209.5,1.1495,7.186,0.6482,,940.2,1.37,10.0418,18.03,4.3909,3.9908,3.9414,2.058,1.627,2.323,2.3671,2.524,2.4952,1.642,3.04,0.85,22.17,,,,,3887.09,1177.31,3843.09,3362.108,8410.94,,1751,1040,205.75,315.71
2025-06-20,98.707,1211.06,1.1523,7.1791,0.6452,5.5137,942.88,1.3735,10.1023,17.9932,4.3751,3.9608,3.9077,2.026,1.58,2.341,2.3852,2.5407,2.516,1.639,2.99,0.85,20.62,90.1,64.67,19.27,5967.84,3881.69,1189.85,3846.64,3359.896,8527.07,44.49,1689,1054,284.89,326.33
2025-06-21,,,,,,,,,,,,,,,,,,,,,,,,,,,,,,,,,,,,155.7,252.25
2025-06-22,,,,,,,,,,,,,,,,,,,,,,,,,,,,,,,,,,,,239.67,463.29
2025-06-23,98.416,1208.22,1.1578,7.1751,0.646,5.4969,947.7,1.3734,10.088,17.8733,4.3475,3.9134,3.8633,2.028,1.585,2.3061,2.3337,2.4923,2.486,1.642,3.02,0.86,19.83,95.03,53.65,19.02,6025.17,3905.86,1182.25,3857.9,3381.582,8597.36,43.015,1674,1099,540.16,229.7
2025-06-24,97.858,1201.53,1.1609,7.1656,0.6489,5.5111,934.95,1.3725,10.1257,17.7626,4.2945,3.8644,3.8251,1.994,1.557,2.2914,2.3099,2.4705,2.4688,1.649,2.92,0.84,17.48,92.62,48.8,18.28,6092.18,3957.83,1211.84,3904.03,3420.566,8760.45,42.455,1681,1109,351.72,326.19
2025-06-25,97.679,1199.66,1.1659,7.1731,0.6513,5.564,937.38,1.3726,10.1312,17.7528,4.2906,3.8503,3.7807,1.989,1.54,2.2904,2.3125,2.477,2.4713,1.655,2.94,0.86,16.76,91.24,42.75,17.33,6092.16,3950.11,1220.72,3960.07,3455.974,8859.29,42.27,1665,1066,328.47,342.66
2025-06-26,97.147,1194.01,1.1701,7.164,0.6546,5.4892,931.65,1.3644,10.0756,17.8461,4.2417,3.7954,3.7193,1.944,1.477,2.2871,2.31,2.487,2.4717,1.647,2.93,0.86,16.59,89.47,41.86,16.65,6141.02,3984.5,1226.95,3946.02,3448.453,8803.83,42.875,1553,1022,233.97,239.86
2025-06-27,97.401,1195.87,1.1718,7.1726,0.6529,5.4867,941.48,1.3689,10.0774,17.8204,4.2769,3.83,3.748,1.961,1.496,2.3043,2.3245,2.5035,2.4998,1.648,2.92,0.85,16.32,87.93,41.23,16.49,6173.07,4009.04,1228.53,3921.76,3424.227,8762.47,42.65,1521,1002,231.24,305.07
2025-06-28,,,,,,,,,,,,,,,,,,,,,,,,,,,,,,,,,,,,112.29,385.22
2025-06-29,,,,,,,,,,,,,,,,,,,,,,,,,,,,,,,,,,,,95.39,583.73
2025-06-30,96.875,1190.16,1.1787,7.1574,0.6581,5.4317,931.62,1.3608,10.0728,17.7118,4.228,3.7971,3.7192,1.932,1.479,2.2839,2.3085,2.49,2.4818,1.65,2.9,0.83,16.73,90.26,38.89,17.31,6204.95,4026.44,1222.78,3936.08,3444.426,8678.3,42.405,1489,984,147.65,511.44
2025-07-01,96.819,1189.51,1.1806,7.1609,0.6583,5.4587,929.45,1.3646,10.0683,17.5972,4.2416,3.8333,3.7725,1.938,1.497,2.2922,2.33,2.515,2.4925,1.647,2.81,0.82,16.83,93.48,38,16.76,6198.01,4021.57,1229.25,3942.76,3457.747,,42.73,1458,973,189.46,444.86
2025-07-02,96.776,1189.28,1.1799,7.1612,0.6584,5.4249,927.13,1.359,10.0605,17.5655,4.2769,3.8628,3.7848,1.954,1.499,2.3123,2.3561,2.548,2.515,1.643,2.77,0.8,16.64,91.37,40.24,16.87,6227.42,4036.25,1230.24,3943.68,3454.792,8724.9,43.465,1443,961,95.84,376.21
2025-07-03,97.18,1191.96,1.1757,7.1703,0.6571,5.4089,929.98,1.3583,10.0539,17.5163,4.3457,3.9358,3.8799,1.996,1.54,2.3386,2.3883,2.5815,2.5427,1.643,2.68,0.77,16.38,86.09,37.75,16.19,6279.35,4063.04,1236.97,3968.07,3461.151,8648.44,43.515,1434,950,96.76,750.31
2025-07-04,97.18,1190.79,1.1778,7.1633,0.6556,5.4211,930.55,1.3601,10.0813,17.5774,4.3457,3.9358,3.8799,1.996,1.54,2.3386,2.3883,,,1.645,2.68,0.77,17.48,,,,,4061.43,1231.63,3982.2,3472.319,8609.27,,1436,945,156.77,631.92
2025-07-05,,,,,,,,,,,,,,,,,,,,,,,,,,,,,,,,,,,,101.03,352.05
2025-07-06,,,,,,,,,,,,,,,,,,,,,,,,,,,,,,,,,,,,48.71,489.75
2025-07-07,97.48,1196.51,1.1709,7.1795,0.6491,5.4869,943,1.3683,10.1321,17.8623,4.3794,3.9551,3.8946,2.005,1.522,2.3628,2.4269,2.6185,2.57,1.644,2.74,0.79,17.79,88.53,41.23,16.91,6229.98,4035.12,1226.19,3965.17,3473.127,8608.54,43.095,1436,935,115.55,406.62
2025-07-08,97.516,1196.64,1.1725,7.1818,0.653,5.4481,941.94,1.366,10.0961,17.786,4.3992,3.9708,3.8905,2.025,1.551,2.3633,2.4152,2.6088,2.5691,1.648,2.79,0.79,16.81,88.05,35.71,16.2,6225.52,4030.01,1231.54,3998.45,3497.475,8708.66,44.255,1431,935,151.72,226.19
2025-07-09,97.555,1196.63,1.172,7.1828,0.6535,5.5726,949.88,1.3685,10.0995,17.8301,4.332,3.9062,3.8429,1.972,1.5,2.348,2.4006,2.59,2.5555,1.648,2.81,0.81,15.94,84.31,34.17,15.86,6263.26,4055.89,1227.87,3991.4,3493.05,8597.27,44.03,1423,932,136.3,270.45
2025-07-10,97.652,1196.74,1.1701,7.1789,0.6588,5.5318,950.26,1.3655,10.0765,17.7471,4.3498,3.9341,3.8721,1.984,1.513,2.3541,2.4149,2.598,2.5543,1.66,2.79,0.8,15.78,81.58,32.8,16.04,6280.46,4063.96,1231.26,4010.02,3509.682,8668.26,44.365,1465,931,146.06,539.55
2025-07-11,97.853,1199.49,1.1689,7.1717,0.6578,5.5598,958.48,1.3692,10.128,17.9422,4.4093,3.9727,3.885,2.01,1.504,2.3886,2.4616,2.6475,2.5925,1.668,2.83,0.8,16.4,85.48,37.06,16.94,6259.75,4046.84,1229.13,4014.81,3510.177,8687.56,44.565,1663,929,134.52,322.44
2025-07-12,,,,,,,,,,,,,,,,,,,,,,,,,,,,,,,,,,,,123.07,356.31
2025-07-13,,,,,,,,,,,,,,,,,,,,,,,,,,,,,,,,,,,,42.69,347.85
2025-07-14,98.081,1202.5,1.1664,7.1723,0.6545,5.588,967.3,1.3705,10.1423,17.9078,4.4333,3.9886,3.8998,2.017,1.504,2.4043,2.478,2.6613,2.6033,1.672,2.84,0.8,17.2,90.73,33.53,16.99,6268.56,4051.5,1228.59,4017.67,3519.65,8732.74,44.075,1783,927,107.63,379.41
2025-07-15,98.616,1207.45,1.1601,7.1845,0.6514,5.5568,966.41,1.3724,10.2579,17.927,4.4813,4.0414,3.9398,2.054,1.538,2.4143,2.4948,2.6775,2.61,1.659,2.82,0.79,17.38,88.95,34.38,16.37,6243.76,4031.2,1240.45,4019.06,3504.999,8877.1,43.44,1866,927,166.55,573.74
2025-07-16,98.392,1204.11,1.1641,7.1799,0.6528,5.5683,,1.3683,10.2465,17.8167,4.4553,3.9921,3.8917,2.018,1.476,2.4249,2.5082,2.689,2.617,1.662,2.88,0.79,17.16,89.52,33.16,17.27,6263.7,4035.77,1239.53,4007.2,3503.777,8861.39,43.065,1906,926,177.9,468.19
2025-07-17,98.734,1207.58,1.1596,7.1844,0.6488,5.5457,962.7,1.3753,10.2995,17.8301,4.4513,3.9887,3.9045,1.997,1.439,2.4402,2.5441,2.7188,2.631,1.664,2.81,0.78,16.52,85.57,32.84,16.91,6297.36,4060.51,1241.25,4034.49,3516.825,8853.1,43.33,2030,929,155.01,444.91
2025-07-18,98.482,1206.33,1.1626,7.1813,0.6509,5.5795,964.58,1.3726,10.1893,17.7154,4.4155,3.9465,3.8691,1.98,1.415,2.4215,2.5239,2.704,2.615,1.668,2.83,0.77,16.41,83.29,32.17,16.73,6296.79,4065.68,1249.38,4058.55,3534.483,8986.47,42.98,2052,925,140.04,428.28
2025-07-19,,,,,,,,,,,,,,,,,,,,,,,,,,,,,,,,,,,,58.32,405.06
2025-07-20,,,,,,,,,,,,,,,,,,,,,,,,,,,,,,,,,,,,88.87,513.08
2025-07-21,97.853,1200.52,1.1694,7.171,0.6525,5.5672,954.05,1.3683,10.1579,17.6208,4.3777,3.9167,3.8608,1.945,1.386,2.4176,2.5222,2.702,2.613,1.678,2.8,0.78,16.65,86.62,31.38,17.78,6305.6,4072.14,1253.46,4085.61,3559.791,9040.2,42.535,2016,909,144.32,289.39
2025-07-22,97.392,1195.8,1.1754,7.1712,0.6556,5.5652,950.5,1.3605,10.0754,17.558,4.344,3.8851,3.8334,1.935,1.378,2.3961,2.4992,2.6802,2.5897,1.694,2.8,0.79,16.5,89.89,32.26,19.08,6309.62,4074.99,1248.05,4118.96,3581.861,9075.6,42.735,2035,903,118.56,220.87
2025-07-23,97.214,1193.09,1.1771,7.1518,0.6602,5.5201,949.17,1.3597,10.1029,17.5284,4.3798,3.9325,3.88,1.981,1.45,2.3851,2.4767,2.6537,2.5742,1.708,2.73,0.77,15.37,85.95,32.39,18.44,6358.91,4115.24,1265.16,4119.77,3582.298,9241.2,43.405,2120,899,142.94,233.7
2025-07-24,97.377,1195.2,1.1749,7.1532,0.659,5.5204,950.2,1.3638,10.1298,17.6306,4.3957,3.9589,3.9162,1.96,1.442,2.4212,2.5108,2.6838,2.6075,1.742,2.72,0.77,15.39,82.75,32.37,17.82,6363.35,4124.25,1267.29,4149.04,3605.727,9257.62,43.715,2258,884,199.48,301.78
2025-07-25,97.645,1198.57,1.1742,7.1679,0.6566,5.5642,963.5,1.3703,10.1633,17.7676,4.3878,3.9573,3.9232,1.97,1.457,2.4198,2.4904,2.6652,2.595,1.739,2.74,0.76,14.93,82.09,32.88,17.05,6388.64,4127.47,1257.78,4127.16,3593.655,9150.49,43.55,2257,882,122.9,227.42
2025-07-26,,,,,,,,,,,,,,,,,,,,,,,,,,,,,,,,,,,,124.05,175.31
2025-07-27,,,,,,,,,,,,,,,,,,,,,,,,,,,,,,,,,,,,152.61,221.77
2025-07-28,98.634,1208.12,1.1589,7.1819,0.6521,5.5886,967.74,1.3739,10.2,17.8768,4.4098,3.9696,3.9255,1.985,1.459,2.4265,2.5006,2.672,2.6015,1.719,2.73,0.76,15.03,83.73,35.37,16.79,6389.77,4119.12,1255.44,4135.82,3597.937,9177.15,44.045,2226,881,142.26,282.48
2025-07-29,98.886,1209.98,1.1547,7.1808,0.651,5.5746,971.25,1.377,10.2053,17.8882,4.3204,3.8993,3.8689,1.906,1.382,2.4152,2.5032,2.6778,2.5925,1.748,2.77,0.77,15.98,85.07,38.04,16.61,6370.86,4102.8,1252.31,4152.02,3609.711,9145.92,44.475,2109,887,126.92,199.35
2025-07-30,99.815,1219.25,1.1405,7.2113,0.6434,5.5714,981.85,1.3828,10.3271,17.9979,4.37,3.9636,3.9406,1.957,1.444,2.4151,2.5073,2.6797,2.594,1.728,2.78,0.76,15.48,81.88,37.75,16.48,6362.9,4095.58,1252.47,4151.24,3615.717,9038.27,43.84,1995,903,219.12,274.14
2025-07-31,99.968,1221.65,1.1415,7.2091,0.6425,5.6003,972.61,1.3856,10.3325,18.2175,4.374,3.9724,3.9571,1.983,1.474,2.3933,2.4847,2.6537,2.562,1.712,2.78,0.76,16.72,79.84,36.78,16.04,6339.39,4076.04,1243.23,4075.59,3573.208,8882.95,43.605,2003,921,176.51,378.15
2025-08-01,99.141,1210.9,1.1587,7.1938,0.6474,5.5421,968.9,1.3786,10.2358,18.1124,4.2159,3.7571,3.6817,1.885,1.326,2.3325,2.4153,2.5885,2.5068,1.706,3.01,0.8,20.38,83.83,39.37,17.3,6238.01,4022.69,1226.18,4054.93,3559.952,8804.42,42.795,2018,956,179.06,563.27
2025-08-02,,,,,,,,,,,,,,,,,,,,,,,,,,,,,,,,,,,,113.9,401.51
2025-08-03,,,,,,,,,,,,,,,,,,,,,,,,,,,,,,,,,,,,89.53,660
2025-08-04,98.784,1210.63,1.1571,7.1841,0.6467,5.499,966.13,1.3779,10.268,17.9314,4.1923,3.7381,3.6752,1.837,1.288,2.3582,2.4349,2.611,2.5343,1.711,2.93,0.8,17.52,87.95,38.79,17.07,6329.94,4072.66,1237.05,4070.7,3583.309,8893.48,42.7,1970,965,127.92,259.95
2025-08-05,98.782,1209.72,1.1575,7.189,0.6473,5.5076,965.98,1.3773,10.2595,17.9172,4.21,3.7777,3.7242,1.864,1.339,2.3478,2.428,2.606,2.524,1.712,2.89,0.8,17.85,89.2,35.3,16.68,6299.19,4063.3,1246.1,4103.45,3617.598,8951.07,42.755,1921,979,163.99,251.56
2025-08-06,98.177,1204.6,1.166,7.1853,0.6503,5.4638,975.5,1.3741,10.1867,17.7731,4.2257,3.7759,3.7137,1.882,1.339,2.3468,2.4236,2.604,2.5255,1.704,2.88,0.79,16.77,83.89,36.67,16.42,6345.06,4093.26,1244.43,4113.49,3633.995,8932.68,42.36,1994,1005,133.52,229.33
2025-08-07,98.4,1203.66,1.1666,7.181,0.6524,5.4245,969.45,1.3746,10.2228,17.7187,4.25,3.7915,3.7279,1.876,1.334,2.3738,2.4434,2.6353,2.551,1.698,2.86,0.78,16.57,80.15,35.01,16.95,6340,4098.08,1260.46,4114.67,3639.667,8981.73,42.195,2008,1007,149.16,280.6
2025-08-08,98.18,1204.76,1.1641,7.1893,0.6522,5.4345,966.13,1.3759,10.2837,17.7469,4.2829,3.8312,3.7624,1.888,1.35,2.3964,2.4693,2.662,2.571,1.699,2.83,0.78,15.15,79.2,34.06,16.36,6389.45,4125.3,1253.79,4104.97,3635.128,8895.28,42.465,2051,1011,175.3,239.92
2025-08-09,,,,,,,,,,,,,,,,,,,,,,,,,,,,,,,,,,,,115.55,190.2
2025-08-10,,,,,,,,,,,,,,,,,,,,,,,,,,,,,,,,,,,,103.81,327.82
2025-08-11,98.52,1208.16,1.1615,7.1965,0.6513,5.4426,969.85,1.3779,10.2322,17.7572,4.2849,3.8364,3.7684,1.887,1.344,2.4002,2.4818,2.6773,2.574,1.723,2.86,0.78,16.25,81.76,31.4,16.94,6373.45,4113.11,1255.65,4122.51,3647.547,8888.08,42.125,2038,1013,176.85,309.88
2025-08-12,98.097,1203.14,1.1675,7.1849,0.653,5.3889,955.32,1.3772,10.2211,17.5932,4.2888,3.8225,3.7308,1.904,1.354,2.3871,2.4534,2.654,2.5646,1.731,2.84,0.77,14.73,77.42,30.31,16.35,6445.76,4156.48,1257.27,4143.83,3665.918,8916.85,42.33,2017,1007,140.15,275.89
2025-08-13,97.84,1201.06,1.1705,7.1817,0.6546,5.3976,953.69,1.3759,10.1969,17.5205,4.2326,3.7616,3.6745,1.857,1.302,2.3759,2.4449,2.649,2.559,1.727,2.8,0.76,14.49,77.31,33.82,15.95,6466.58,4177.97,1276.97,4176.58,3683.465,9150.05,42.82,2025,1017,159.26,241.27
2025-08-14,98.254,1205.86,1.1648,7.1821,0.6495,5.417,966.34,1.3817,10.2201,17.5967,4.2849,3.8137,3.7324,1.89,1.337,2.3962,2.4627,2.6677,2.5823,1.738,2.81,0.75,14.83,76.77,35.96,15.33,6468.54,4174.17,1271.97,4173.31,3666.443,9128.93,42.78,2039,1019,173.33,199.49
2025-08-15,97.852,1202.86,1.1703,7.1886,0.6507,5.4011,,1.3819,10.1938,17.5923,4.316,3.8362,3.7505,1.935,1.376,2.3844,2.4462,2.651,2.5712,1.748,2.79,0.73,15.09,76.66,37.22,15.22,6449.8,4174.56,1272.43,4202.35,3696.771,9039.09,42.78,2044,1016,139.08,323.06
2025-08-16,,,,,,,,,,,,,,,,,,,,,,,,,,,,,,,,,,,,99.59,274.55
2025-08-17,,,,,,,,,,,,,,,,,,,,,,,,,,,,,,,,,,,,154.97,242.09
2025-08-18,98.167,1205.21,1.1661,7.1875,0.6491,5.4363,963.93,1.3803,10.2038,17.6347,4.3335,3.8466,3.7629,1.949,1.389,2.3851,2.4435,2.6398,2.5687,1.784,2.82,0.73,14.99,81.82,32.15,14.9,6449.15,4170.72,1273.09,4239.41,3728.027,9033.68,42.525,2022,1015,224.33,336.75
2025-08-19,98.265,1207,1.1647,7.1871,0.6454,5.5057,963.33,1.3868,10.2802,17.6814,4.3062,3.8239,3.748,1.949,1.389,2.3582,2.4198,2.616,2.535,1.773,2.85,0.75,15.57,82.15,33.04,14.82,6411.37,4155.02,1270.73,4223.37,3727.288,9006.23,42.54,1964,999,135.6,216.13
2025-08-20,98.218,1206.74,1.1652,7.182,0.6434,5.4824,967,1.3873,10.2384,17.6712,4.2907,3.8116,3.7478,1.932,1.366,2.3597,2.4295,2.625,2.538,1.786,2.87,0.76,15.69,80.75,32.51,15.4,6395.78,4148.83,1259.88,4271.4,3766.21,9013.27,42.895,1927,1010,155.58,177.74
2025-08-21,98.619,1210.92,1.1606,7.1828,0.642,5.4757,970.85,1.3911,10.1824,17.7176,4.3277,3.8553,3.7918,1.936,1.37,2.3923,2.4702,2.6585,2.57,1.769,2.87,0.76,16.6,80.52,31.54,15.44,6370.17,4132.08,1261.74,4288.07,3771.099,8974.77,43.19,1893,1029,122.21,158.27
2025-08-22,97.716,1201.49,1.1718,7.1719,0.649,5.426,958.78,1.3826,10.0597,17.449,4.2537,3.759,3.6963,1.837,1.231,2.418,2.5134,2.698,2.5868,1.787,2.79,0.75,14.22,78.1,30.35,15.15,6466.91,4192.8,1266.55,4378,3825.759,9079.93,44.07,1944,1042,104.54,155.54
2025-08-23,,,,,,,,,,,,,,,,,,,,,,,,,,,,,,,,,,,,110.24,224.66
2025-08-24,,,,,,,,,,,,,,,,,,,,,,,,,,,,,,,,,,,,86.17,483.1
2025-08-25,98.43,1207.61,1.1618,7.1584,0.6482,5.4117,964.78,1.386,10.1257,17.6074,4.2751,3.7851,3.7235,1.856,1.258,2.4198,2.5125,2.6992,2.5925,1.767,2.73,0.75,14.79,77.56,31.24,15.09,6439.32,4174.13,1285.46,4469.22,3883.562,9248,44.185,,,131.92,467.56
2025-08-26,98.225,1205.44,1.1642,7.1533,0.6495,5.4317,965.97,1.3839,10.1293,17.6311,4.2615,3.7414,3.6789,1.827,1.193,2.4352,2.5314,2.7218,2.6122,1.768,2.72,0.76,14.62,79.36,33.73,15.88,6465.94,4177.26,1274.21,4452.59,3868.382,9148.66,44.115,2041,1036,108.73,441.53
2025-08-27,98.232,1204.85,1.1639,7.1539,0.6506,5.4182,968.28,1.3791,10.0896,17.6938,4.2343,3.696,3.6085,1.796,1.128,2.4392,2.5503,2.735,2.614,1.77,2.7,0.77,14.85,77.66,31.94,15.9,6481.4,4180.83,1269.11,4386.13,3800.35,9020.26,44.61,2046,1036,186.9,269.38
2025-08-28,97.813,1201.2,1.1683,7.1202,0.6532,5.4145,967.68,1.3749,10.0694,17.6977,4.2033,3.6906,3.629,1.789,1.141,2.4161,2.534,2.721,2.5941,1.792,2.68,0.77,14.43,77.55,33.98,16.34,6501.86,4199.99,1261.26,4463.78,3843.597,8916.93,44.95,2017,1043,170.36,279.5
2025-08-29,97.771,1200.87,1.1686,7.1223,0.654,5.4297,966.88,1.3741,10.0587,17.6566,4.2284,3.6958,3.6167,1.817,1.154,2.4122,2.5227,2.7065,2.5902,1.786,2.72,0.79,15.36,79.39,32.63,17.39,6460.26,4177.72,1258.44,4496.76,3857.927,8947.79,45.195,2025,1045,175.67,250.15
2025-08-30,,,,,,,,,,,,,,,,,,,,,,,,,,,,,,,,,,,,100.55,458.07
2025-08-31,,,,,,,,,,,,,,,,,,,,,,,,,,,,,,,,,,,,44.76,326.52
2025-09-01,97.771,1200.63,1.1711,7.1336,0.6552,5.4395,968.72,1.3751,9.999,17.6175,4.2284,3.6958,3.6167,1.817,1.154,2.4132,2.5227,,,1.781,2.71,0.79,16.12,,,,,4177.24,1266.58,4523.71,3875.531,9121.87,,2024,1039,144.02,223.11
2025-09-02,98.397,1207.14,1.164,7.1385,0.652,5.4651,973.4,1.3782,10.0378,17.6907,4.2614,3.7218,3.6392,1.845,1.183,2.4172,2.5183,2.704,2.598,1.772,2.81,0.8,17.17,85.28,34.28,19.81,6415.54,4143.34,1265.44,4490.45,3858.133,9108.12,45.26,1986,1041,122.69,488.48
2025-09-03,98.142,1205.52,1.1662,7.1391,0.6543,5.451,969.1,1.3794,10.0393,17.6643,4.2168,3.6924,3.6166,1.812,1.176,2.4058,2.498,2.6798,2.5872,1.751,2.8,0.79,16.35,89.67,35.22,19.53,6448.26,4158.88,1267,4459.83,3813.557,9050.02,44.245,1940,1048,187.5,185.22
2025-09-04,98.347,1207.04,1.1649,7.139,0.6518,5.4467,972.38,1.3818,10.0878,17.7787,4.1607,3.6456,3.5878,1.772,1.155,2.39,2.4739,2.6563,2.569,1.757,2.75,0.77,15.3,88.26,35.03,18.33,6502.08,4189.1,1261.56,4365.21,3765.876,8937.09,44.54,1963,1053,114.89,388.69
2025-09-05,97.768,1202.18,1.1717,7.1262,0.6557,5.4126,965.89,1.383,10.0402,17.59,4.0742,3.5817,3.5092,1.702,1.11,2.3738,2.4571,2.6415,2.564,1.776,2.72,0.77,15.18,85.29,33.33,18.3,6481.5,4191.23,1276.05,4460.32,3812.514,9057.22,43.68,1979,1066,142.68,601.23
2025-09-06,,,,,,,,,,,,,,,,,,,,,,,,,,,,,,,,,,,,102.91,309.36
2025-09-07,,,,,,,,,,,,,,,,,,,,,,,,,,,,,,,,,,,,74.23,301.49
2025-09-08,97.454,1198.55,1.1763,7.1218,0.6592,5.4196,970.13,1.3803,9.982,17.4953,4.0398,3.5609,3.4863,1.684,1.1,2.3564,2.443,2.6337,2.55,1.791,2.74,0.78,15.11,84,35.03,19.09,6495.15,4204.41,1282.2,4467.57,3826.841,9121.66,43.58,2019,1071,115.22,319.23
2025-09-09,97.788,1201.24,1.1708,7.124,0.6585,5.4383,967.93,1.3842,9.9821,17.5434,4.0875,3.6162,3.5584,1.719,1.139,2.3699,2.4609,2.645,2.5586,1.801,2.76,0.78,15.04,82.2,33.44,17.99,6512.61,4213.11,1295.38,4436.26,3807.292,9242.4,43.79,2079,1069,95.37,243.41
2025-09-10,97.78,1200.9,1.1695,7.1195,0.6613,5.4089,962.76,1.3864,9.937,17.4875,4.0454,3.5954,3.5438,1.694,1.142,2.3542,2.4393,2.62,2.54,1.824,2.74,0.77,15.35,79.58,33.35,17.37,6532.04,4223.67,1307.49,4445.36,3812.221,9328.16,44.555,2112,1071,236.61,280.99
2025-09-11,97.531,1197.58,1.1734,7.1129,0.6659,5.3891,952.29,1.3833,9.8594,17.3618,4.0206,3.5953,3.5415,1.661,1.145,2.3614,2.4378,2.6143,2.5421,1.807,2.68,0.75,14.71,75.07,33.96,16.48,6587.47,4255.23,1310.08,4548.03,3875.309,9260.25,44.565,2111,1096,179.06,311.82
2025-09-12,97.55,1198.34,1.1734,7.1246,0.6648,5.3543,954.25,1.3844,9.8606,17.3909,4.0643,3.6334,3.5556,1.696,1.17,2.3711,2.4526,2.627,2.55,1.802,2.7,0.74,14.76,73.37,31.77,16.38,6584.29,4252.63,1325.73,4522,3870.598,9364.94,44.3,2126,1114,103.72,268.43
2025-09-13,,,,,,,,,,,,,,,,,,,,,,,,,,,,,,,,,,,,103.36,214.76
2025-09-14,,,,,,,,,,,,,,,,,,,,,,,,,,,,,,,,,,,,94.4,629.68
2025-09-15,97.302,1194.93,1.1761,7.1186,0.6669,5.3169,951.19,1.3778,9.8262,17.3597,4.0375,3.6056,3.5368,1.668,1.145,2.3713,2.4485,2.62,2.548,1.801,2.67,0.73,15.69,76.88,30.98,17.9,6615.28,4273.27,1328.79,4533.06,3860.504,9384.76,44.15,2153,1128,100.58,273.8
2025-09-16,96.633,1188.9,1.1867,7.1046,0.6685,5.2972,947.81,1.3739,9.771,17.3391,4.0279,3.5848,3.5033,1.657,1.122,2.3719,2.45,2.625,2.547,1.787,2.69,0.74,16.36,77.09,33.17,18.37,6606.76,4269.83,1339.91,4523.34,3861.865,9386.39,44.89,2154,1137,102.52,243.91
2025-09-17,96.873,1190.83,1.1813,7.1018,0.6653,5.3045,952.05,1.3774,9.8238,17.399,4.0872,3.6542,3.5531,1.698,1.166,2.3915,2.4749,2.6572,2.57,1.771,2.68,0.74,15.72,75.95,31.05,17.41,6600.35,4264.86,1347.85,4551.02,3876.341,9596.77,44.995,2180,1144,142.62,400.05
2025-09-18,97.348,1195.91,1.1788,7.1094,0.6612,5.3137,,1.3797,9.8804,17.3505,4.1044,3.663,3.5635,1.714,1.169,2.3924,2.478,2.67,2.58,1.782,2.62,0.72,15.7,71.91,31.88,16.45,6631.96,4279.34,1345.83,4498.11,3831.656,9456.52,44.855,2205,1147,96.48,284.37
2025-09-19,97.644,1198.5,1.1746,7.1194,0.6593,5.3241,,1.3785,9.9431,17.3437,4.1274,3.6769,3.5715,1.739,1.196,2.3895,2.4653,2.648,2.565,1.798,2.62,0.72,15.45,72.51,30.53,16.76,6664.36,4293.85,1340.91,4501.92,3820.089,9472.35,44.26,2203,1143,140.83,204.23
2025-09-20,,,,,,,,,,,,,,,,,,,,,,,,,,,,,,,,,,,,159.58,187.61
2025-09-21,,,,,,,,,,,,,,,,,,,,,,,,,,,,,,,,,,,,110.11,610.55
2025-09-22,97.341,1195.97,1.1803,7.1154,0.6599,5.3353,955.83,1.3818,9.914,17.326,4.1467,3.7014,3.603,1.775,1.236,2.3725,2.4484,2.631,2.551,1.792,2.59,0.72,16.1,75.8,30.88,18.43,6693.75,4309.23,1343.73,4522.61,3828.576,9370.73,43.835,2172,1128,131.45,548.21
2025-09-23,97.264,1195.67,1.1815,7.113,0.6599,5.2824,948.85,1.3835,9.8893,17.2454,4.1061,3.6682,3.586,1.733,1.192,2.3744,2.4608,2.649,2.5588,1.802,2.62,0.73,16.64,75.66,32.58,19.06,6656.92,4293.66,1346.55,4519.78,3821.833,9290.34,44.59,2200,1123,115.33,248.3
2025-09-24,97.873,1202.33,1.1738,7.1374,0.6583,5.3314,952.66,1.3896,9.9422,17.3465,4.1466,3.7172,3.6041,1.768,1.23,2.3799,2.4697,2.659,2.564,1.905,2.61,0.74,16.18,75.13,34.08,18.3,6637.97,4277.35,1351.91,4566.07,3853.642,9442.99,45.17,2240,1129,117.2,356.04
2025-09-25,98.553,1208.52,1.1666,7.1451,0.654,5.3637,961.3,1.394,10.0371,17.4266,4.1698,3.7598,3.6553,1.787,1.269,2.384,2.4777,2.6677,2.57,1.893,2.66,0.75,16.74,75.44,36.85,19.07,6604.72,4252.35,1343.82,4593.49,3853.302,9444.22,45.575,2266,1136,148.88,190.78
2025-09-26,98.152,1204.98,1.1703,7.1435,0.6542,5.344,959.88,1.3934,9.9759,17.3366,4.1755,3.765,3.643,1.795,1.275,2.3807,2.4739,2.665,2.5687,1.888,2.66,0.74,15.29,74.38,35.85,18.59,6643.7,4276.23,1325.58,4550.05,3828.106,9303.1,45.995,2259,1148,159.2,409.49
2025-09-27,,,,,,,,,,,,,,,,,,,,,,,,,,,,,,,,,,,,54.96,310.97
2025-09-28,,,,,,,,,,,,,,,,,,,,,,,,,,,,,,,,,,,,78.64,534.23
2025-09-29,97.906,1202.32,1.1727,7.1293,0.6577,5.3224,966.43,1.3915,9.9803,17.2726,4.1387,3.7338,3.6205,1.779,1.275,2.3604,2.4442,2.635,2.548,1.897,2.66,0.73,16.12,75.51,35.54,19.19,6661.21,4288.36,1339.71,4620.05,3862.532,9454.12,45.15,2220,1144,119.88,282.61
2025-09-30,97.775,1200.39,1.1734,7.1284,0.6613,5.3218,962.5,1.392,9.9951,17.2704,4.1503,3.7408,3.6083,1.781,1.273,2.3707,2.4517,2.644,2.557,1.871,2.67,0.74,16.28,77.93,35.58,19.95,6688.46,4306.7,1346.05,4640.69,3882.777,9555.33,44.67,2134,1128,161.75,406.64
2025-10-01,97.706,1200.15,1.1732,7.1279,0.6613,5.3292,959.55,1.3935,9.9209,17.2324,4.0981,3.6716,3.5347,1.75,1.225,2.3493,2.4277,2.614,2.53,,2.7,0.74,16.29,73.5,36.39,19.05,6711.2,4322.7,1352.73,,,,44.67,1980,1104,169.26,307.12
2025-10-02,97.846,1201.75,1.1715,7.1327,0.6596,5.3383,961.79,1.3968,9.9859,17.2919,4.0827,3.6698,3.5388,1.753,1.253,2.3305,2.4006,2.592,2.515,,2.69,0.73,16.63,71.21,37.62,18.05,6715.35,4327.49,1367.71,,,9724.38,44.22,1909,1092,184.74,438.91
2025-10-03,97.723,1200.74,1.1742,7.1364,0.6604,5.3372,965.32,1.3952,9.9654,17.2349,4.1192,3.7149,3.5759,1.782,1.287,2.3384,2.4112,2.5998,2.5227,,2.68,0.73,16.65,69.53,36.5,17.66,6715.79,4337.29,1373.89,,,9658.34,44.455,1901,1087,293.15,306.79
2025-10-04,,,,,,,,,,,,,,,,,,,,,,,,,,,,,,,,,,,,139.06,359.09
2025-10-05,,,,,,,,,,,,,,,,,,,,,,,,,,,,,,,,,,,,64.23,547.04
2025-10-06,98.108,1204.27,1.1711,7.1441,0.6617,5.3113,962.07,1.3943,9.922,17.1716,4.152,3.7341,3.5883,1.808,1.297,2.3471,2.4193,2.61,2.533,,2.65,0.72,16.37,72.99,32.44,19.51,6740.28,4351.88,1372.25,,,9573.38,44.675,1932,1093,190.01,326.43
2025-10-07,98.578,1209.29,1.1657,7.1459,0.6581,5.3505,959.13,1.395,9.9706,17.2208,4.123,3.7011,3.5636,1.768,1.254,2.3557,2.4273,2.619,2.543,,2.71,0.73,17.24,75.43,31.82,19.94,6714.59,4331.48,1375.23,,,,44.745,1947,1085,163.92,225.8
2025-10-08,98.915,1211.09,1.1628,7.1501,0.6586,5.3431,951.03,1.3951,9.9771,17.1569,4.1171,3.715,3.5802,1.756,1.259,2.3626,2.4362,2.624,2.551,,2.73,0.73,16.3,74.87,31.53,21.81,6753.72,4352.18,1372.04,,,9523.87,44.485,1963,1078,83.78,354.2
2025-10-09,99.538,1216.21,1.1564,7.1381,0.6556,5.3693,950.84,1.402,10.0618,17.2153,4.1384,3.7359,3.5927,1.783,1.286,2.356,2.4285,2.614,2.545,1.851,2.82,0.75,16.43,74.12,32.48,21.85,6735.11,4337.78,1375.9,4709.48,3933.972,9530.13,43.88,1923,1079,194.48,391.93
2025-10-10,98.978,1213.4,1.1619,7.1453,0.6474,5.5209,960.03,1.4006,10.1214,17.5045,4.0322,3.6247,3.5015,1.712,1.223,2.322,2.3826,2.5633,2.5052,1.856,3.04,0.79,21.66,81.65,37.73,23.78,6552.51,4237.72,1365.67,4616.83,3897.028,9358.32,42.61,1936,1119,,314.78
2025-10-11,,,,,,,,,,,,,,,,,,,,,,,,,,,,,,,,,,,,,230.57
2025-10-12,,,,,,,,,,,,,,,,,,,,,,,,,,,,,,,,,,,,,571.89
2025-10-13,99.269,1215.64,1.157,7.1383,0.6515,5.4663,958.84,1.4036,10.0872,17.3184,4.0322,3.6247,3.5015,1.712,1.223,2.322,2.3826,,,1.848,3.04,0.79,19.03,,35.92,24.53,6654.72,4285.8,1353.31,4593.98,3889.502,9222.54,43.19,2144,1141,,401.18
2025-10-14,99.047,1214.44,1.1607,7.1402,0.6486,5.484,960.96,1.4045,10.1632,17.3829,4.0321,3.6074,3.4807,1.726,1.222,2.3076,2.3649,2.542,2.4902,1.838,2.98,0.78,20.81,79.95,37.9,26.11,6644.31,4277.74,1338.98,4539.06,3865.229,9079.16,43.185,2022,1152,,444.68
2025-10-15,98.793,1210.85,1.1647,7.1298,0.6513,5.4543,961.04,1.4043,10.0971,17.3513,4.0282,3.616,3.4973,1.729,1.241,2.3003,2.3557,2.541,2.493,1.844,2.82,0.77,20.64,75.11,36.62,27.12,6671.06,4302.27,1365.69,4606.29,3912.209,9250.91,43.16,1997,1160,,160.15
2025-10-16,98.336,1207.45,1.1687,7.1249,0.6485,5.4448,955.98,1.4054,10.0723,17.3396,3.9745,3.5467,3.4243,1.699,1.201,2.2766,2.3248,2.509,2.469,1.839,2.92,0.79,25.31,81.23,38.26,32.78,6629.07,4292.08,1378.96,4618.42,3916.228,9259.46,42.64,2046,1181,,363.38
2025-10-17,98.433,1207.68,1.1655,7.1268,0.6499,5.4102,957.6,1.402,10.0679,17.3699,4.0088,3.5916,3.4573,1.736,1.242,2.2736,2.3291,2.514,2.471,1.827,2.93,0.78,20.78,78.62,37.24,31.2,6664.01,4296.41,1361.6,4514.23,3839.755,9011.97,42.99,2069,1207,,551.3
2025-10-18,,,,,,,,,,,,,,,,,,,,,,,,,,,,,,,,,,,,,304.61
2025-10-19,,,,,,,,,,,,,,,,,,,,,,,,,,,,,,,,,,,,,399.42
2025-10-20,98.586,1209.08,1.1642,7.1241,0.6513,5.3745,950.95,1.4037,10.0564,17.2309,3.98,3.5725,3.4552,1.713,1.236,2.2679,2.3167,2.501,2.465,1.847,2.88,0.77,18.23,77.22,36.77,31.43,6735.13,4345.79,1383.26,4538.22,3863.893,9232.67,43.445,2071,1218,,338.92
2025-10-21,98.934,1212.69,1.16,7.1268,0.6488,5.3883,953.65,1.4023,10.061,17.3984,3.9627,3.5638,3.4551,1.689,1.216,2.2749,2.3289,2.511,2.469,1.839,2.88,0.78,17.87,77.18,35.87,29.82,6735.35,4341.53,1383.64,4607.87,3916.332,9302.66,43.345,2094,1236,,279.64
2025-10-22,98.897,1212.62,1.1611,7.1256,0.6488,5.4008,950.5,1.3994,10.0215,17.4115,3.9493,3.5533,3.4445,1.662,1.185,2.2893,2.3526,2.535,2.4867,1.829,2.91,0.79,18.6,75.49,38.09,27.19,6699.4,4322.93,1380.07,4592.57,3913.758,9223.78,43.9,2092,1226,,490.22
2025-10-23,98.936,1212.77,1.1618,7.1256,0.6512,5.3839,944.51,1.3992,9.9752,17.3298,4.0009,3.6089,3.4885,1.699,1.233,2.3032,2.359,2.545,2.502,1.837,2.88,0.77,17.3,74.05,40.46,26.68,6738.44,4343.58,1381.37,4606.34,3922.41,9300.74,44.485,2057,1234,,226.47
2025-10-24,98.952,1213.14,1.1627,7.1261,0.6513,5.3889,941.55,1.3996,10.0139,17.266,4.0007,3.6053,3.4799,1.704,1.21,2.2989,2.3965,2.5217,2.489,1.851,2.81,0.75,16.37,68.94,38.7,24.75,6791.69,4371.27,1389.39,4660.68,3950.312,9363.94,44.035,1991,1256,,327.22
2025-10-25,,,,,,,,,,,,,,,,,,,,,,,,,,,,,,,,,,,,,198.82
2025-10-26,,,,,,,,,,,,,,,,,,,,,,,,,,,,,,,,,,,,,483.74
2025-10-27,98.783,1211.54,1.1645,7.1093,0.6556,5.374,941.43,1.399,9.9852,17.2221,3.9795,3.6018,3.4905,1.695,1.226,2.287,2.3767,2.502,2.4733,1.81,2.72,0.74,15.79,66.87,38.96,23.94,6875.16,4418.66,1407.94,4716.02,3996.945,9467.22,44.14,1976,1271,,386.2
2025-10-28,98.667,1210.03,1.1651,7.096,0.6585,5.3582,943.4,1.3946,9.988,17.156,3.9756,3.6095,3.4898,1.686,1.234,2.2908,2.3729,2.506,2.479,1.813,2.73,0.75,16.42,67.3,37.18,24.03,6890.89,4426.07,1402.66,4691.97,3988.224,9375.79,43.68,1950,1288,,269.14
2025-10-29,99.22,1214.01,1.1601,7.0974,0.6574,5.3613,941.83,1.3943,10.0241,17.2012,4.0757,3.7113,3.598,1.778,1.333,2.2986,2.3762,2.5038,2.4837,1.814,2.67,0.74,16.92,65.75,37.14,24.7,6890.59,4424.84,1416.39,4747.84,4016.331,,44.005,1961,1365,,260.35
2025-10-30,99.526,1218.6,1.1565,7.1107,0.6555,5.3814,942.38,1.3986,10.0609,17.2853,4.097,3.7182,3.6082,1.801,1.336,2.2976,2.3834,2.509,2.48,1.81,2.78,0.76,16.91,66.88,34.74,24.82,6822.34,4381.34,1411.65,4709.91,3986.901,9346.86,43.745,1983,1430,,280.03
2025-10-31,99.804,1220.88,1.1537,7.1225,0.6545,5.3766,,1.401,10.1227,17.3325,4.0775,3.6871,3.5736,1.762,1.277,2.3162,2.411,2.531,2.495,1.797,2.81,0.78,17.44,66.61,36.2,22.66,6840.2,4390.42,1401.55,4640.67,3954.79,9168.58,44.065,1966,1436,,439.77
2025-11-01,,,,,,,,,,,,,,,,,,,,,,,,,,,,,,,,,,,,64.53,495.89
2025-11-02,,,,,,,,,,,,,,,,,,,,,,,,,,,,,,,,,,,,57.25,335.63
2025-11-03,99.873,1221.43,1.152,7.1266,0.6537,5.3586,938.63,1.4056,10.1266,17.319,4.1104,3.7218,3.6045,1.802,1.315,2.3097,2.4078,2.5275,2.4925,1.792,2.86,0.82,17.17,67.23,34.31,21.38,6851.97,4394.91,1410.43,4653.4,3976.521,9258.73,44.07,1945,1436,236.61,5.39
2025-11-04,100.224,1226.03,1.1482,7.1349,0.649,5.4005,946.53,1.4104,10.2226,17.5117,4.0852,3.6958,3.5758,1.782,1.292,2.3042,2.403,2.5165,2.483,1.795,2.96,0.81,19,68.02,34.27,21.43,6771.55,4347.45,1393.38,4618.7,3960.186,9173.21,43.595,1958,1414,107.06,285.7
2025-11-05,100.204,1225.11,1.1492,7.1313,0.6505,5.357,944.32,1.4109,10.2173,17.4181,4.1591,3.7636,3.6295,1.849,1.36,2.3108,2.4049,2.5149,2.4873,1.797,2.87,0.8,18.01,72.42,33.69,20.15,6796.29,4356.69,1382.96,4627.26,3969.248,9163.24,43.71,2003,1403,140.96,300.81
2025-11-06,99.733,1221.41,1.1547,7.1213,0.648,5.3521,943.4,1.4117,10.2055,17.3765,4.0831,3.6803,3.5553,1.805,1.318,2.279,2.3627,2.4827,2.46,1.806,2.94,0.81,19.5,72.44,33.76,20.13,6720.32,4323.7,1393.77,4693.4,4007.76,9355.97,44.135,2063,1403,82.08,316.74
2025-11-07,99.603,1219.44,1.1566,7.1262,0.6493,5.334,945.7,1.4044,10.1607,17.3037,4.0966,3.6838,3.5616,1.805,1.301,2.2934,2.384,2.4917,2.4662,1.808,2.96,0.82,19.08,74.41,33.33,20.36,6728.8,4325.03,1381.63,4678.79,3997.556,9267.56,44.77,2104,1401,99.21,337.82
2025-11-08,,,,,,,,,,,,,,,,,,,,,,,,,,,,,,,,,,,,64.22,598.34
2025-11-09,,,,,,,,,,,,,,,,,,,,,,,,,,,,,,,,,,,,24.72,494.36
2025-11-10,99.589,1218.71,1.1557,7.1228,0.6536,5.301,938.8,1.4021,10.1316,17.1604,4.116,3.7134,3.5908,1.813,1.314,2.3044,2.4002,2.505,2.478,1.808,2.84,0.81,17.6,78.86,32.12,23.34,6832.43,4384.77,1400.21,4695.05,4018.597,9443.24,45.175,2084,1394,,473.61
2025-11-11,99.443,1217.77,1.1582,7.1222,0.6527,5.2734,934.55,1.4018,10.0613,17.1596,4.116,3.7134,3.5908,1.813,1.314,2.3044,2.4002,2.5038,2.4775,1.811,2.84,0.81,17.28,,32.02,23.33,6846.61,4404.49,1402.67,4652.17,4002.758,9461.49,45.765,2072,1395,,332.87
2025-11-12,99.495,1218.24,1.1593,7.1127,0.6541,5.2924,930.1,1.4006,10.0804,17.0843,4.0693,3.6716,3.568,1.783,1.299,2.2877,2.3733,2.476,2.465,1.804,2.83,0.82,17.51,81.12,33,25.82,6850.92,4415.24,1407.73,4645.91,4000.14,9538.99,45.125,2030,1407,,224.47
2025-11-13,99.156,1216.01,1.1633,7.0956,0.6529,5.2991,928.75,1.4036,10.0261,17.0426,4.1192,3.7064,3.5909,1.807,1.318,2.3004,2.3898,2.482,2.469,1.808,2.91,0.83,20,79.1,32.63,24.82,6737.49,4357.5,1409.8,4702.07,4029.501,9599.06,45.24,2077,1440,,475.99
2025-11-14,99.299,1216.28,1.1621,7.0991,0.6538,5.2974,927.25,1.4023,10.0903,17.0904,4.1483,3.731,3.6058,1.833,1.338,2.3031,2.3941,2.485,2.4775,1.808,2.91,0.82,19.83,79.71,33.12,24.13,6734.11,4343.64,1385.61,4628.14,3990.492,9397.96,46.01,2125,1453,,302.37
2025-11-15,,,,,,,,,,,,,,,,,,,,,,,,,,,,,,,,,,,,,255.94
2025-11-16,,,,,,,,,,,,,,,,,,,,,,,,,,,,,,,,,,,,,403.64
2025-11-17,99.588,1219.97,1.1592,7.1083,0.6494,5.328,923.46,1.4055,10.1071,17.1728,4.1386,3.7275,3.6101,1.83,1.347,2.2945,2.3814,2.47,2.4675,1.807,2.96,0.83,22.38,82.58,32.38,24.07,6672.41,4305.44,1387.85,4598.05,3972.035,9328.4,45.17,2153,1456,,575.78
2025-11-18,99.55,1219.43,1.1581,7.1108,0.6507,5.3238,932.83,1.3989,10.1091,17.1851,4.1134,3.6839,3.5725,1.815,1.316,2.2841,2.3684,2.4562,2.453,1.806,3.04,0.84,24.69,83.18,33.33,23.9,6617.32,4257.67,1361.75,4568.19,3939.813,9174.84,45.53,2216,1445,,617.41
2025-11-19,100.228,1225.42,1.1538,7.1176,0.6478,5.3333,931.63,1.405,10.1755,17.1966,4.1367,3.7083,3.5915,1.843,1.341,2.2816,2.3678,2.46,2.4513,1.81,3,0.83,23.66,84.32,34.12,23.89,6642.16,4264.13,1360.31,4588.29,3946.742,9151.04,44.94,2260,1426,,226.6
2025-11-20,100.158,1226.95,1.1528,7.1175,0.644,,929.46,1.4096,10.214,17.2419,4.0845,3.6455,3.5327,1.817,1.31,2.2531,2.3365,2.4313,2.4255,1.811,3.02,0.84,26.42,77.81,36.38,22.93,6538.76,4217.24,1371.54,4564.95,3931.051,9143.34,44.43,2270,1443,,312.65
2025-11-21,100.18,1226.45,1.1513,7.1051,0.6455,5.4032,939.43,1.4101,10.2533,17.3783,4.0633,3.6211,3.5075,1.798,1.29,2.2507,2.3317,2.4148,2.425,1.814,3.01,0.85,23.43,78.81,35.97,21.93,6602.99,4242.67,1333.96,4453.61,3834.891,8919.78,44.71,2275,1457,,265.43
2025-11-22,,,,,,,,,,,,,,,,,,,,,,,,,,,,,,,,,,,,,182.64
2025-11-23,,,,,,,,,,,,,,,,,,,,,,,,,,,,,,,,,,,,,354.59
2025-11-24,100.142,1226.85,1.1521,7.1062,0.6464,5.3898,940.12,1.4108,10.2363,17.2964,4.0248,3.5915,3.4969,1.783,1.29,2.2269,2.3019,2.3797,2.403,1.814,2.97,0.84,20.52,76.82,36.3,22.55,6705.12,4296.12,1342.1,4448.05,3836.765,9079.42,44.585,2295,1463,,199.1
2025-11-25,99.664,1223.05,1.157,7.0824,0.6469,5.3859,935.5,1.4098,10.2291,17.2196,3.996,3.5636,3.4586,1.748,1.254,2.2332,2.3105,2.4088,2.4067,1.819,2.9,0.82,18.56,72.82,37.57,22.4,6765.88,4334.46,1353.84,4490.4,3870.023,9158.31,44.305,2309,1468,,323.74
2025-11-26,99.595,1219.84,1.1595,7.069,0.6518,5.3337,926.37,1.4044,10.2028,17.1405,3.9941,3.5688,3.475,1.737,1.245,2.2397,2.3264,2.406,2.41,1.839,2.79,0.81,17.19,71.9,35.7,21.95,6812.61,4372.48,1371.46,4517.63,3864.184,9162.37,44.64,2401,1463,,231.59
2025-11-27,99.536,1219.45,1.1596,7.0744,0.6534,5.354,928.94,1.4031,10.1595,17.1564,3.9941,3.5688,3.475,1.737,1.245,2.2397,2.3264,2.4063,2.412,1.847,2.79,0.81,17.21,,,,,4375.31,1370.39,4515.4,3875.26,9164.87,,2480,1458,,334.67
2025-11-28,99.459,1217.88,1.1598,7.0708,0.655,5.3351,927.9,1.3977,10.1304,17.113,4.0132,3.5964,3.4893,1.762,1.279,2.2349,2.319,2.4012,2.405,1.832,2.69,0.8,16.35,68.95,35.95,22.87,6849.09,4398.44,1366.92,4526.66,3888.596,9130.18,45.225,2560,1452,,323.26
2025-11-29,,,,,,,,,,,,,,,,,,,,,,,,,,,,,,,,,,,,,168.25
2025-11-30,,,,,,,,,,,,,,,,,,,,,,,,,,,,,,,,,,,,,321.03
2025-12-01,99.414,1217.94,1.161,7.0719,0.6544,5.3559,929.8,1.3999,10.1322,17.0915,4.0865,3.6639,3.5304,1.824,1.341,2.2458,2.3254,2.41,2.42,1.83,2.74,0.8,17.24,71.35,35.82,23.34,6812.63,4378.36,1368.27,4576.49,3914.006,9172.84,45.66,2583,1432,149.95,257.88
2025-12-02,99.357,1217.21,1.1625,7.067,0.6563,5.3279,921.78,1.397,10.1362,17.1108,4.0865,3.6553,3.508,1.827,1.34,2.2426,2.3191,2.4025,2.41,1.837,2.72,0.79,16.59,69.91,35.89,22.49,6829.37,4385.76,1373.87,4554.33,3897.712,9182.65,45.07,2600,1420,110.01,292.27
2025-12-03,98.854,1213.01,1.1671,7.0577,0.6601,5.3109,919.18,1.395,10.0576,17.0394,4.0633,3.6294,3.4835,1.793,1.304,2.2529,2.3277,2.409,2.419,1.84,2.69,0.79,16.08,66.46,33.72,21.96,6849.72,4402.44,1372.95,4531.05,3878,9028.55,45.915,2845,1407,106.48,357.52
2025-12-04,98.989,1214.13,1.1644,7.0716,0.661,5.312,918.08,1.3958,10.1134,16.9961,4.0981,3.6728,3.5226,1.81,1.324,2.2716,2.3506,2.4345,2.4395,1.857,2.67,0.78,15.78,65.69,33.3,20.57,6857.12,4418.46,1376.79,4546.57,3875.793,9106.48,46.11,2814,1395,154.63,520.11
2025-12-05,98.992,1212.38,1.1642,7.0692,0.664,5.4506,923.66,1.3817,10.1073,16.9338,4.1351,3.7113,3.5603,1.848,1.363,2.27,2.3522,2.437,2.441,1.833,2.64,0.77,15.41,67.28,32.06,19.92,6870.4,4418.63,1385.48,4584.54,3902.808,9198.3,45.92,2727,1384,150.3,236.11
2025-12-06,,,,,,,,,,,,,,,,,,,,,,,,,,,,,,,,,,,,82.4,113.63
2025-12-07,,,,,,,,,,,,,,,,,,,,,,,,,,,,,,,,,,,,40.9,354.92
2025-12-08,99.087,1214.12,1.1637,7.0717,0.6624,5.4323,,1.3857,10.1331,17.042,4.1643,3.7463,3.575,1.878,1.404,2.2696,2.3444,2.434,2.4425,1.839,2.71,0.77,16.66,72.3,33.03,19.58,6846.51,4405.03,1386.62,4621.75,3924.078,9083.53,45.42,2694,1380,110.64,483.24
2025-12-09,99.22,1214.82,1.1627,7.061,0.6642,5.4399,925.63,1.3846,10.153,17.0542,4.1878,3.7867,3.6147,1.903,1.45,2.2701,2.3404,2.43,2.4447,1.836,2.71,0.77,16.93,75.38,30.82,20.35,6840.51,4400.15,1378.93,4598.22,3909.521,8936.41,45.7,2557,1371,104.48,583.98
2025-12-10,98.786,1209.5,1.1695,7.061,0.6676,5.4718,923.06,1.3793,10.0865,16.9332,4.1468,3.7308,3.5381,1.864,1.392,2.2702,2.3418,2.431,2.439,1.838,2.75,0.76,15.77,68.62,30.78,20.2,6886.68,4424.74,1382.51,4591.83,3900.496,8954.69,46.18,2430,1379,,336.6
2025-12-11,98.346,1206.42,1.1738,7.0522,0.6664,5.4058,914.14,1.3771,10.0685,16.8701,4.1566,3.7344,3.5404,1.88,1.403,2.2633,2.3326,2.427,2.443,1.822,2.71,0.77,14.85,69.24,31.88,20.97,6901,4444.32,1376.73,4552.19,3873.318,8934.28,45.96,2294,1392,,524.45
2025-12-12,98.399,1207.21,1.174,7.0532,0.6652,5.4181,907.69,1.3772,10.1341,16.8854,4.1841,3.7417,3.5222,1.89,1.407,2.2761,2.3342,2.429,2.455,1.842,2.75,0.78,15.74,69.25,29.93,21.46,6827.41,4407.82,1389.99,4580.95,3889.346,9079.35,45.51,2205,1396,,355.26
2025-12-13,,,,,,,,,,,,,,,,,,,,,,,,,,,,,,,,,,,,,629.56
2025-12-14,,,,,,,,,,,,,,,,,,,,,,,,,,,,,,,,,,,,,418.09
2025-12-15,98.309,1206.04,1.1753,7.0433,0.6641,5.4191,915.38,1.3768,10.1473,16.7962,4.1723,3.7243,3.5015,1.9,1.419,2.2534,2.3036,2.403,2.4322,1.856,2.76,0.79,16.5,73.31,32.85,21.2,6816.51,4408.6,1373.88,4552.06,3867.921,8917.7,45.19,2193,1392,,254.98
2025-12-16,98.146,1204.83,1.1747,7.0363,0.6632,5.4675,914.63,1.3754,10.1882,16.7593,4.145,3.6964,3.487,1.894,1.426,2.2321,2.2658,2.3625,2.4115,1.852,2.81,0.79,16.48,67.14,36.23,20.18,6800.26,4392.75,1352.66,4497.56,3824.812,8757.93,43.81,2204,1389,,258.94
2025-12-17,98.368,1207.34,1.1741,7.0402,0.6605,5.5145,917.93,1.3787,10.205,16.7741,4.1528,3.6982,3.4829,1.892,1.411,2.2417,2.2853,2.372,2.412,1.836,2.83,0.79,17.62,62.74,36.74,21.22,6721.43,4352.02,1358.97,4579.88,3870.278,8843.57,44.78,2121,1414,,230.87
2025-12-18,98.427,1207.46,1.1722,7.0327,0.6613,5.5223,910.53,1.3777,10.1634,16.7339,4.1217,3.6616,3.46,1.86,1.381,2.242,2.2811,2.3575,2.4135,1.836,2.78,0.79,16.87,60.01,33.6,21.31,6774.76,4382.41,1358.18,4552.79,3876.371,8841.51,44.13,2071,1402,,350.41
2025-12-19,98.599,1210.15,1.171,7.0342,0.6612,5.5434,910.32,1.3802,10.1415,16.7764,4.1471,3.6933,3.4834,1.892,1.416,2.2361,2.2752,2.3625,2.405,1.828,2.75,0.79,14.91,59.41,33.62,20.72,6834.5,4413.79,1368.48,4568.18,3890.448,8901.23,44.13,2023,1401,,313.6
2025-12-20,,,,,,,,,,,,,,,,,,,,,,,,,,,,,,,,,,,,,283.5
2025-12-21,,,,,,,,,,,,,,,,,,,,,,,,,,,,,,,,,,,,,547.81
2025-12-22,98.286,1205.87,1.1762,7.0311,0.6657,5.5915,909.25,1.3749,10.1026,16.7106,4.1628,3.7127,3.5067,1.916,1.445,2.2272,2.2648,2.3488,2.39,1.84,2.71,0.78,14.08,61.7,33.03,23.8,6878.49,4442.65,1383.83,4611.62,3917.364,8939.68,44.21,1979,1387,,238.58
2025-12-23,97.942,1201.89,1.1795,7.0193,0.6702,5.5285,907.47,1.3688,10.0336,16.6841,4.1628,3.7356,3.5321,1.903,1.457,2.2402,2.2767,2.35,2.399,1.839,2.68,0.78,14,61.17,33.02,24.53,6909.79,4463.97,1387.13,4620.73,3919.979,8913.83,44.5,1889,1343,,264.35
2025-12-24,97.976,1200.65,1.1779,7.0074,0.6709,5.5402,904.35,1.3677,10.0142,16.6653,4.1335,3.7148,3.5014,1.879,1.443,2.2353,2.2651,2.3397,2.3925,1.84,2.67,0.77,13.47,59.48,31.71,23.81,6932.05,4474.2,1392.07,4634.06,3940.947,8915.12,44.37,1877,1319,,204.03
2025-12-25,,,1.1784,7.0017,0.6704,,,1.3676,10.0109,16.6607,4.1335,3.7148,3.5014,1.879,1.443,2.2372,2.266,2.3375,2.3925,1.838,2.67,0.77,,,,,,4474.59,1391.79,4642.54,3959.621,,,,,,181.39
2025-12-26,98.022,1200.95,1.1772,7.0045,0.6716,5.5435,907.66,1.3672,10.0077,16.6614,4.1277,3.6958,3.479,1.882,1.44,2.2257,2.2467,2.318,2.381,1.835,2.71,0.76,13.6,58.5,32.22,25.78,6929.94,4473.23,1397.4,4657.24,3963.679,,44.2,,,,513.83
2025-12-27,,,,,,,,,,,,,,,,,,,,,,,,,,,,,,,,,,,,,281.48
2025-12-28,,,,,,,,,,,,,,,,,,,,,,,,,,,,,,,,,,,,,462.89
2025-12-29,98.037,1201.47,1.1773,6.9971,0.6694,5.5728,915.43,1.3691,10.0421,16.6778,4.1102,3.6681,3.4545,1.866,1.412,2.2246,2.2454,2.31,2.3728,1.858,2.71,0.77,14.2,59.21,32.16,25.71,6905.74,4461.19,1401.66,4639.37,3965.28,8891.71,44.62,,,,445.72
2025-12-30,98.238,1203.13,1.1748,6.9922,0.6695,5.4749,899.31,1.3697,10.0461,16.5929,4.1219,3.6767,3.4484,1.87,1.414,2.2323,2.2507,2.316,2.383,1.856,2.67,0.77,14.33,63.98,30.76,24.83,6896.24,4458.28,1402.53,4651.28,3965.116,8991.02,44.96,,,,305.8
2025-12-31,98.322,1203.56,1.1746,6.9757,0.6673,,900.58,1.3724,10.0865,16.5611,4.167,3.7252,3.473,1.902,1.444,2.2458,2.2704,2.3362,2.3935,1.855,2.66,0.78,14.95,63.96,30.17,23.92,6845.5,4430.38,1404.37,4629.94,3968.84,8913.68,44.71,,,,307.63
2026-01-01,,,1.1746,6.9756,0.667,,,1.3717,10.0812,16.5949,4.167,3.7252,3.473,1.902,1.444,2.2458,2.2704,2.336,2.394,,,,,,,,,4430.58,1405.32,,,,,,,164.66,288.09
2026-01-02,98.424,1204.46,1.1719,6.9703,0.6693,5.4247,906.63,1.3733,10.0654,16.4952,4.1907,3.7427,3.4733,1.911,1.44,2.2599,2.2904,2.353,2.4015,,2.68,0.78,14.51,62.36,28.4,23.8,6858.47,4445.21,1429.48,,,9168.99,45.65,1882,1207,175.08,296.92
2026-01-03,,,,,,,,,,,,,,,,,,,,,,,,,,,,,,,,,,,,177.81,314.9
2026-01-04,,,,,,,,,,,,,,,,,,,,,,,,,,,,,,,,,,,,135.55,552.46
2026-01-05,98.27,1203.11,1.1722,6.9835,0.6714,5.4078,903.97,1.3772,10.0325,16.3708,4.1612,3.7045,3.4508,1.871,1.386,2.2688,2.3066,2.3668,2.407,1.856,2.62,0.78,14.9,64.71,29.41,24.25,6902.05,4477.92,1451.11,4717.75,4023.417,9148.47,46.89,1851,1188,263.34,539.83
2026-01-06,98.58,1205.69,1.1689,6.9805,0.6738,5.3756,893.8,1.3815,10.0523,16.3556,4.173,3.7132,3.4632,1.879,1.39,2.276,2.312,2.365,2.416,1.882,2.59,0.77,14.75,65.82,30.06,24.82,6944.82,4506.64,1467.16,4790.69,4083.667,9244.24,45.64,1830,1181,255.33,251.35
2026-01-07,98.684,1207.28,1.1675,6.9935,0.6721,5.3887,895.8,1.3861,10.0854,16.4532,4.1475,3.7046,3.4695,1.861,1.379,2.2683,2.3158,2.364,2.412,1.897,2.61,0.78,15.38,66.15,32.98,24.13,6920.93,4490.24,1462.97,4776.67,4085.772,9138.75,45.13,1776,1165,242.22,253.69
2026-01-08,98.934,1209.23,1.166,6.9822,0.6699,5.3861,897.43,1.3864,10.082,16.5294,4.1672,3.7272,3.4881,1.874,1.392,2.273,2.3271,2.3725,2.414,1.886,2.58,0.78,15.45,66.94,35.8,24.07,6921.46,4484.29,1452.7,4737.65,4082.979,9039.34,46.55,1718,1211,267.44,474.73
2026-01-09,99.133,1211.7,1.1637,6.976,0.6687,5.366,894.04,1.3913,10.0983,16.4926,4.1653,3.7499,3.5321,1.863,1.398,2.2818,2.3432,2.376,2.414,1.872,2.57,0.77,14.49,61.55,36.8,23.43,6966.28,4511.01,1452.35,4758.92,4120.426,9048.53,46.67,1688,1259,131.63,231.37
2026-01-10,,,,,,,,,,,,,,,,,,,,,,,,,,,,,,,,,,,,192.2,310.71
2026-01-11,,,,,,,,,,,,,,,,,,,,,,,,,,,,,,,,,,,,118.91,375.53
2026-01-12,98.862,1209.56,1.1667,6.968,0.6711,5.3747,884.63,1.3879,10.0653,16.3902,4.1752,3.7552,3.5343,1.859,1.368,2.2982,2.3785,2.408,2.428,1.863,2.59,0.77,15.12,62.9,38.85,25.03,6977.27,4522.4,1466.2,4789.92,4165.287,9220.08,46.34,1659,1296,186.33,281.74
2026-01-13,99.134,1211.68,1.1642,6.9735,0.6682,5.3737,886.24,1.3891,10.0943,16.4022,4.1792,3.7518,3.5324,1.857,1.367,2.3024,2.3783,2.4075,2.432,1.855,2.58,0.76,15.98,60.79,40.43,23.76,6963.74,4519.08,1472.29,4761.03,4138.758,9285.41,47,1608,1347,167.42,357.58
2026-01-14,99.055,1210.65,1.1644,6.9701,0.6682,5.3928,882.4,1.3882,10.0556,16.4058,4.132,3.7117,3.5097,1.817,1.328,2.2939,2.3746,2.393,2.4225,1.849,2.6,0.76,16.75,58.11,44.19,23.57,6926.6,4508.85,1479.39,4741.93,4126.093,9315.56,48.06,1566,1410,119.88,369.14
2026-01-15,99.321,1211.68,1.1609,6.9632,0.6699,5.3707,883.04,1.3891,10.1133,16.3349,4.1694,3.7676,3.5641,1.851,1.382,2.2998,2.3781,2.396,2.431,1.849,2.53,0.75,15.84,56.14,42.06,22.06,6944.47,4518.15,1478.25,4751.43,4112.601,9266.86,47.61,1532,1500,152.98,409.97
2026-01-16,99.393,1211.66,1.1598,6.9678,0.6683,5.3713,886.42,1.3914,10.0936,16.4049,4.2229,3.8152,3.586,1.885,1.4,2.3187,2.405,2.4075,2.4427,1.841,2.51,0.74,15.86,58.05,43.19,22.23,6940.01,4515.28,1484.97,4731.87,4101.913,9220.81,47.69,1567,1562,194.86,257.45
2026-01-17,,,,,,,,,,,,,,,,,,,,,,,,,,,,,,,,,,,,87.9,193.48
2026-01-18,,,,,,,,,,,,,,,,,,,,,,,,,,,,,,,,,,,,89.31,349.32
2026-01-19,99.393,1208.31,1.1646,6.9567,0.6714,5.3657,888.97,1.3869,10.0604,16.3829,4.2229,3.8152,3.586,1.885,1.4,2.3197,2.4058,,,1.838,2.51,0.74,18.84,,,,,4509.41,1486.61,4734.46,4114,9134.45,,1650,1598,191.91,355.15
2026-01-20,98.641,1205.37,1.1725,6.9557,0.6737,5.3759,885.5,1.3837,9.9941,16.4248,4.2925,3.8575,3.5968,1.937,1.43,2.3353,2.4209,2.423,2.455,1.84,2.61,0.74,20.09,66.67,42.78,24.79,6796.86,4438.23,1480.63,4718.88,4113.649,9094.76,47.6,1729,1572,251.43,360.3
2026-01-21,98.761,1205.85,1.1685,6.96,0.6762,5.3166,874.53,1.3834,9.9626,16.261,4.2428,3.8242,3.5845,1.865,1.364,2.359,2.4518,2.4588,2.475,1.832,2.54,0.72,16.9,59.56,45.45,26.27,6875.62,4469.6,1480.35,4723.07,4116.94,9122.95,48.75,1803,1588,180.36,541.38
2026-01-22,98.359,1201.75,1.1755,6.9643,0.684,5.2879,869.66,1.3786,9.8569,16.1326,4.2449,3.8454,3.6058,1.885,1.403,2.3427,2.4348,2.4412,2.458,1.835,2.5,0.71,15.64,56.5,44.7,28.11,6913.35,4500.06,1495.16,4723.71,4122.576,9114.3,48.91,1761,1619,133.72,474.48
2026-01-23,97.599,1192.92,1.1828,6.9494,0.6894,5.2857,866.45,1.3699,9.7687,16.1274,4.2252,3.8245,3.594,1.913,1.346,2.3131,2.4698,2.468,2.4739,1.828,2.56,0.72,16.09,56.25,47.64,30.01,6915.61,4505.18,1501.11,4702.5,4136.164,9160.81,49.19,1762,1626,193.19,308.57
2026-01-24,,,,,,,,,,,,,,,,,,,,,,,,,,,,,,,,,,,,123.73,410.43
2026-01-25,,,,,,,,,,,,,,,,,,,,,,,,,,,,,,,,,,,,85.16,547.97
2026-01-26,97.04,1187.96,1.188,6.9488,0.6917,5.2831,864.75,1.3707,9.7714,16.049,4.2113,3.8193,3.59,1.897,1.332,2.3163,2.4781,2.474,2.478,1.824,2.57,0.73,16.15,55.77,47.78,32.7,6950.23,4534.47,1509.35,4706.96,4132.605,9147.21,49.22,1780,1631,80.79,289.49
2026-01-27,96.217,1174.6,1.2041,6.9337,0.7011,5.1852,859.55,1.3576,9.5777,15.8626,4.2432,3.8282,3.5731,1.896,1.295,2.349,2.5233,2.5113,2.497,1.83,2.58,0.72,16.35,56.12,49.61,33.13,6978.6,4560.73,1528.89,4705.69,4139.904,9244.88,49.67,1999,1646,206.28,402.55
2026-01-28,96.446,1179.46,1.1954,6.9437,0.7041,5.1974,865.35,1.3557,9.596,15.7732,4.2432,3.828,3.5712,1.887,1.265,2.3562,2.5471,2.528,2.5185,1.819,2.59,0.71,16.35,57.43,50.39,39.67,6978.03,4552.76,1556.8,4717.99,4151.238,9512.24,50.05,2016,1646,134.14,343.94
2026-01-29,96.283,1177.9,1.1971,6.9447,0.7049,5.1897,859.13,1.349,9.538,15.7379,4.2313,3.8158,3.5591,1.894,1.247,2.3398,2.5533,2.535,2.506,1.816,2.64,0.73,16.88,60.73,55.37,46.02,6969.01,4546.29,1554.78,4753.87,4157.984,9552.58,50.51,2002,1653,177.57,248.94
2026-01-30,96.991,1188.29,1.1851,6.9584,0.6964,5.2634,873.7,1.3613,9.6376,16.1469,4.2355,3.7881,3.5224,1.896,1.206,2.3413,2.5638,2.53,2.4989,1.811,2.65,0.73,17.44,59.2,55.91,44.08,6939.03,4527.59,1528.09,4706.34,4117.948,9317.09,51.05,2148,1702,161.46,211.46
2026-01-31,,,,,,,,,,,,,,,,,,,,,,,,,,,,,,,,,,,,129.2,239.36
2026-02-01,,,,,,,,,,,,,,,,,,,,,,,,,,,,,,,,,,,,106.86,298.23
2026-02-02,97.632,1191.78,1.1791,6.9426,0.6948,5.2567,865.03,1.3681,9.7023,16.0879,4.2774,3.8349,3.5716,1.938,1.264,2.3411,2.5544,2.514,2.498,1.819,2.59,0.72,16.34,59.3,48.7,37.38,6976.44,4538.49,1493.91,4605.98,4015.746,9080.19,50.05,2124,1732,109.21,196.39
2026-02-03,97.437,1187.68,1.1819,6.9351,0.7021,5.2385,859.63,1.364,9.6255,15.9556,4.2655,3.8315,3.5696,1.916,1.252,2.3504,2.5638,2.513,2.5,1.815,2.6,0.73,18,57.54,52.34,41.04,6917.81,4523.15,1536,4660.11,4067.738,9053.11,51.67,2028,1672,141.46,321.6
2026-02-04,97.616,1191.59,1.1807,6.9412,0.6998,5.246,861.43,1.3663,9.6675,16.0739,4.2735,3.8298,3.5532,1.934,1.27,2.342,2.542,2.489,2.489,1.817,2.64,0.73,18.64,57.51,55.13,36.93,6882.72,4505.15,1532.67,4698.68,4102.202,9048.38,52.83,1955,1678,239.61,303.36
2026-02-05,97.824,1195.11,1.1777,6.9405,0.6927,5.2716,866.99,1.3712,9.8101,16.3092,4.1801,3.7187,3.4504,1.876,1.219,2.3044,2.4835,2.4375,2.4423,1.812,2.75,0.75,21.77,62.16,54.97,35.53,6798.4,4452.13,1507.53,4670.42,4075.917,9093.34,52.21,1936,1679,139.29,291.35
2026-02-06,97.633,1190.63,1.1815,6.9301,0.7013,5.2191,856.08,1.3675,9.6809,16.0311,4.206,3.7585,3.4976,1.88,1.223,2.3287,2.5201,2.463,2.466,1.808,2.66,0.75,17.76,63.62,53.18,33.96,6932.3,4528.99,1506.38,4643.6,4065.583,9031.38,53.25,1923,1691,114.82,176.17
2026-02-07,,,,,,,,,,,,,,,,,,,,,,,,,,,,,,,,,,,,132.28,523.6
2026-02-08,,,,,,,,,,,,,,,,,,,,,,,,,,,,,,,,,,,,64.23,486.27
2026-02-09,96.816,1182.99,1.1914,6.9152,0.7093,5.1924,852.15,1.3559,9.577,15.8986,4.2021,3.7446,3.4851,1.865,1.2,2.3381,2.5289,2.473,2.4765,1.807,2.64,0.75,17.36,62.74,50.79,32.84,6964.82,4570.79,1539.54,4719.06,4123.09,9168.33,53.64,1895,1710,114.01,221.9
2026-02-10,96.799,1182.52,1.1895,6.9121,0.7075,5.1972,857.3,1.3552,9.5233,15.9511,4.1427,3.7012,3.452,1.822,1.181,2.3224,2.505,2.452,2.457,1.807,2.65,0.77,17.79,64.55,48.02,28.86,6941.81,4570.51,1549.73,4724.3,4128.373,9242.75,53.58,1882,1727,59.26,205.87
2026-02-11,96.834,1181.87,1.1872,6.9095,0.7127,5.1843,854.45,1.3576,9.4844,15.8695,4.1724,3.7428,3.5099,1.842,1.217,2.3317,2.5116,2.462,2.471,1.799,2.63,0.75,17.65,61.35,44.33,29.38,6941.47,4568.94,1564.48,4713.82,4131.985,9268.18,54.98,1958,1721,107.05,251.66
2026-02-12,96.925,1182.16,1.1871,6.8981,0.709,5.2125,857.72,1.361,9.5348,15.9611,4.0981,3.6595,3.4559,1.783,1.161,2.3174,2.4839,2.431,2.442,1.779,2.75,0.77,20.82,68.57,42,30.23,6832.76,4515.82,1570.44,4719.58,4134.018,9175.18,53.98,2095,1713,125.65,438.29
2026-02-13,96.915,1181.35,1.1868,6.9012,0.7073,5.2229,861.63,1.3617,9.5102,15.9457,4.0483,3.6038,3.4076,1.759,1.149,2.2904,2.4422,2.38,2.411,1.788,2.8,0.79,20.6,70.1,42.18,30.84,6836.17,4509.69,1555.12,4660.41,4082.073,9032.71,54.35,2083,1719,116.79,337.34
2026-02-14,,,,,,,,,,,,,,,,,,,,,,,,,,,,,,,,,,,,69.01,361.7
2026-02-15,,,,,,,,,,,,,,,,,,,,,,,,,,,,,,,,,,,,21.51,343.98
2026-02-16,96.915,1182.95,1.1851,6.8844,0.7072,,863.62,1.3636,9.5078,15.9795,4.0483,3.6038,3.4076,1.759,1.149,2.2904,2.4422,,,,2.8,0.79,21.2,,,,,4508.07,1557.86,,,9070.32,,2100,1739,72.96,280.85
2026-02-17,97.155,1183.3,1.1855,6.8852,0.7086,,865.92,1.3636,9.5324,16.0204,4.0578,3.621,3.4325,1.784,1.189,2.276,2.4206,2.3645,2.399,,2.78,0.79,20.29,68.84,42.54,33.24,6843.22,4507.95,1555.7,,,,53.75,2095,1747,76.59,278.08
2026-02-18,97.703,1189.17,1.1783,6.8921,0.7042,5.2361,863.33,1.3696,9.5375,16.0644,4.0827,3.6504,3.4595,1.791,1.189,2.293,2.4497,2.3882,2.41,,2.7,0.77,19.62,64.19,51.49,33.75,6881.31,4541.48,1560.88,,,,54.78,2063,1743,122.04,238.41
2026-02-19,97.925,1190.83,1.1773,6.9002,0.7056,5.215,865.58,1.368,9.5602,16.1441,4.0673,3.6382,3.4573,1.773,1.163,2.2957,2.4629,2.3975,2.4185,,2.72,0.77,20.23,68.03,56.73,33.56,6861.89,4528.33,1563.34,,,,55.18,2019,1766,113.25,493.8
2026-02-20,97.796,1188.6,1.1784,6.8978,0.7081,5.1754,866.25,1.3681,9.5283,16.0388,4.0826,3.6467,3.4781,1.791,1.172,2.294,2.4624,2.3913,2.4128,,2.7,0.77,19.09,64.27,56.12,36.44,6909.51,4555.11,1567.23,,,8959.56,54.88,2043,1787,153.68,473.44
2026-02-21,,,,,,,,,,,,,,,,,,,,,,,,,,,,,,,,,,,,78.07,412.53
2026-02-22,,,,,,,,,,,,,,,,,,,,,,,,,,,,,,,,,,,,62.06,625.08
2026-02-23,97.706,1189.38,1.1785,6.8879,0.7056,5.1654,866.15,1.3697,9.5668,16.02,4.0309,3.5841,3.438,1.772,1.147,2.2594,2.4255,2.3485,2.3775,,2.8,0.79,21.01,68.03,59.05,38.46,6837.75,4517.31,1582.7,,,9197.38,55.15,2112,1809,139.29,695.45
2026-02-24,97.843,1189.84,1.1772,6.8793,0.7058,5.1531,860.95,1.37,9.57,15.9773,4.029,3.5944,3.4611,1.763,1.145,2.2679,2.4381,2.354,2.382,1.798,2.81,0.8,19.55,65.27,58.82,37.55,6890.07,4540.38,1591.64,4707.54,4117.409,9007.86,55.1,2129,1842,197.68,672.5
2026-02-25,97.7,1187.5,1.181,6.8538,0.7123,5.1249,856.72,1.3676,9.5451,15.849,4.0519,3.6221,3.471,1.764,1.137,2.29,2.4742,2.3853,2.4075,1.812,2.77,0.79,17.93,62.43,58.97,34.96,6946.13,4578.08,1614.58,4735.89,4147.23,9034.75,54.87,2121,1885,138.26,369.27
2026-02-26,97.791,1188.04,1.1797,6.8444,0.7105,5.1379,865.77,1.3681,9.5568,15.936,4.0041,3.5688,3.428,1.72,1.079,2.2851,2.4793,2.391,2.4036,1.823,2.82,0.82,18.63,63.93,59.8,33.07,6908.86,4565.87,1619.28,4726.87,4146.631,8814.29,55.05,2117,1944,167.3,319.09
2026-02-27,97.608,1187.45,1.1812,6.8625,0.7118,5.1252,872.73,1.364,9.5127,15.9364,3.9375,3.5017,3.3749,1.684,1.043,2.2569,2.4482,2.361,2.379,1.809,2.91,0.84,19.86,73.38,64.68,33.23,6878.88,4556.79,1610.7,4710.65,4162.881,8859.49,55.92,2140,1991,197.11,320.15
2026-02-28,,,,,,,,,,,,,,,,,,,,,,,,,,,,,,,,,,,,110.59,150.05
2026-03-01,,,,,,,,,,,,,,,,,,,,,,,,,,,,,,,,,,,,273.91,380.69
2026-03-02,98.381,1196.14,1.1688,6.901,0.7093,5.175,881.4,1.3676,9.5836,16.1024,4.0345,3.6103,3.4752,1.739,1.094,2.2977,2.5085,2.4155,2.4162,1.801,2.89,0.84,21.44,73.21,68.9,34.83,6881.62,4532.51,1585.78,4728.67,4182.591,8701.91,57.04,2187,2322,500.81,440.29
2026-03-03,99.052,1203.43,1.1613,6.9194,0.7036,5.2723,905.32,1.368,9.6732,16.528,4.0594,3.6398,3.5081,1.754,1.109,2.3071,2.5213,2.4278,2.426,1.804,2.95,0.83,23.57,77.75,73.99,38.77,6816.63,4456.84,1527.62,4655.9,4122.676,8608.71,56.52,2242,2866,391.07,544.62
2026-03-04,98.769,1199.86,1.1634,6.8951,0.7075,5.2312,897.2,1.3644,9.6296,16.3467,4.0959,3.6815,3.5473,1.803,1.163,2.2945,2.5106,2.414,2.41,1.797,2.81,0.8,21.15,70.03,75.2,36.48,6869.5,4487.45,1472.03,4602.63,4082.474,8483.95,56.19,2233,3002,465.92,230.31
2026-03-05,99.317,1204.32,1.1609,6.918,0.7008,5.2639,913.78,1.3678,9.673,16.6538,4.1363,3.7268,3.5764,1.815,1.153,2.3214,2.5635,2.458,2.431,1.795,2.83,0.81,23.75,74.53,83.83,35.31,6830.71,4458.16,1503.53,4647.69,4108.567,8451.43,56.48,2138,3083,413.36,387.92
2026-03-06,98.986,1203.34,1.1618,6.903,0.703,5.2382,911.58,1.3568,9.5825,16.548,4.1383,3.7271,3.5605,1.788,1.093,2.3521,2.622,2.5217,2.4588,1.801,2.96,0.83,29.49,81.26,103.6,34.26,6740.02,4407.04,1499.72,4660.44,4124.194,8628.13,56.57,2010,3069,314.75,466.69
2026-03-07,,,,,,,,,,,,,,,,,,,,,,,,,,,,,,,,,,,,226.08,392.88
2026-03-08,,,,,,,,,,,,,,,,,,,,,,,,,,,,,,,,,,,,213.71,763.29
2026-03-09,99.175,1201.43,1.1636,6.8875,0.7076,5.1575,914.28,1.3588,9.5959,16.3004,4.0958,3.6853,3.5359,1.768,1.105,2.3295,2.5692,2.465,2.43,1.82,3.01,0.83,25.5,79.74,100.53,33.52,6795.99,4417.8,1454.57,4615.46,4096.603,8581.46,56.32,2066,3040,372.13,479.74
2026-03-10,98.826,1200.2,1.1611,6.879,0.712,5.159,890.42,1.358,9.6389,16.291,4.1557,3.7395,3.59,1.807,1.124,2.3505,2.6047,2.498,2.4532,1.819,2.92,0.83,24.93,76.33,108.19,32.11,6781.48,4438.01,1504.33,4674.76,4123.138,8710.26,55.6,1919,2924,457.11,288.44
2026-03-11,99.231,1202.86,1.1567,6.8767,0.7152,5.1567,896.48,1.3593,9.6507,16.4893,4.2296,3.8044,3.6527,1.849,1.149,2.3828,2.6434,2.525,2.479,1.823,2.94,0.86,24.23,78.59,120.91,30.68,6775.8,4426.04,1516.47,4704.5,4133.433,8704.52,56.98,1926,2835,368.66,420.76
2026-03-12,99.739,1208.91,1.1512,6.8813,0.7077,5.2459,917,1.3641,9.7089,16.7994,4.2609,3.8661,3.7407,1.869,1.178,2.3937,2.6799,2.56,2.479,1.82,2.98,0.9,27.29,95.3,120.22,31.09,6672.62,4362.71,1492.11,4687.56,4129.103,8699.55,57.51,1972,2684,313.28,362.89
2026-03-13,100.362,1216.89,1.1417,6.9065,0.6981,5.3237,920,1.3718,9.7662,16.9325,4.2767,3.8578,3.7169,1.899,1.181,2.3796,2.6654,2.5425,2.455,1.827,3.11,0.92,27.19,91.17,119.02,32.31,6632.19,4329.54,1469.47,4669.14,4095.448,8671.48,57.7,2028,2586,322.28,450.36
2026-03-14,,,,,,,,,,,,,,,,,,,,,,,,,,,,,,,,,,,,270.52,433.7
2026-03-15,,,,,,,,,,,,,,,,,,,,,,,,,,,,,,,,,,,,236.61,486.49
2026-03-16,99.712,1209.12,1.1505,6.889,0.7072,5.2309,908.65,1.3686,9.6736,16.675,4.216,3.7963,3.6711,1.856,1.143,2.3623,2.6434,2.528,2.4513,1.846,3.13,0.93,23.51,85.25,101.97,30.56,6699.38,4369.53,1479.35,4671.56,4084.786,8816.32,57.9,2038,2849,259.94,243.05
2026-03-17,99.575,1207.28,1.154,6.883,0.7105,5.1934,907.05,1.3691,9.5803,16.6687,4.1985,3.7894,3.6736,1.812,1.095,2.3887,2.6853,2.574,2.474,1.841,3.1,0.9,22.37,79.23,95.92,27.98,6716.09,4387.33,1495.43,4637.44,4049.907,8826.73,58.51,2024,2850,378.06,325.21
2026-03-18,100.086,1213.75,1.1452,6.9004,0.7024,5.2678,917.64,1.3732,9.6121,16.9898,4.265,3.876,3.7729,1.845,1.129,2.4213,2.7401,2.64,2.517,1.832,3.06,0.89,25.09,81.25,97.28,29.42,6624.7,4341.48,1517.45,4658.33,4062.984,8835.5,58.43,2064,2743,337.79,347.7
2026-03-19,99.232,1205.13,1.1589,6.8782,0.7087,5.221,913.5,1.3739,9.4844,16.7628,4.2493,3.8779,3.7924,1.859,1.183,2.3921,2.6959,2.5885,2.4875,1.84,3.11,0.88,24.06,84.88,92.68,31.05,6606.49,4307.01,1476.21,4583.25,4006.552,8695.88,59.36,2057,2842,375.65,372.46
2026-03-20,99.647,1210.93,1.1572,6.9067,0.7023,5.3159,933.51,1.3723,9.5626,17.0384,4.3796,4.0081,3.9001,1.995,1.312,2.3861,2.7026,2.59,2.4787,1.839,3.12,0.87,26.78,108.84,91.85,35.25,6506.48,4244.09,1463.33,4567.02,3957.053,8574.07,59.31,2056,2962,328.52,308.76
2026-03-21,,,,,,,,,,,,,,,,,,,,,,,,,,,,,,,,,,,,300.23,492.11
2026-03-22,,,,,,,,,,,,,,,,,,,,,,,,,,,,,,,,,,,,174.76,535.47
2026-03-23,98.95,1205.77,1.1613,6.8841,0.7011,5.2351,909.98,1.3727,9.7369,16.82,4.342,3.9656,3.8519,2.008,1.363,2.337,2.6095,2.495,2.428,1.843,3.06,0.86,26.15,98.15,89.78,43.36,6581,4278.67,1419.95,4418,3813.283,8307.82,59.63,2037,3120,300.58,348.81
2026-03-24,99.434,1209.28,1.1608,6.8938,0.6996,5.2323,915.2,1.3763,9.6946,16.9669,4.3599,3.9908,3.8887,2.048,1.411,2.3159,2.5878,2.475,2.413,1.837,3.05,0.84,26.95,103.01,89.34,41.9,6556.37,4273.8,1443.9,4474.72,3881.28,8499.53,60.84,1989,3572,402.07,494.5
2026-03-25,99.599,1211.35,1.1559,6.9028,0.6947,5.2274,917.78,1.3811,9.6947,16.9754,4.3322,3.9768,3.8852,2.022,1.391,2.3124,2.5876,2.481,2.41,1.825,3.04,0.85,25.33,97.59,90.16,38.65,6591.9,4309.89,1472.58,4537.47,3931.837,8582.74,60.57,2001,3618,316.81,273.75
2026-03-26,99.9,1216.2,1.1527,6.9203,0.6886,5.2386,930.2,1.3861,9.7037,17.1132,4.4117,4.0912,3.9858,2.079,1.456,2.3349,2.6285,2.53,2.4338,1.82,3.08,0.86,27.44,115.02,92.37,45.07,6477.16,4241.31,1448.41,4477.53,3889.083,8389.93,61.52,2014,3716,310.55,509.77
2026-03-27,100.151,1219.17,1.1509,6.92,0.6874,5.2388,922.94,1.3893,9.7471,17.1276,4.4278,4.0684,3.9119,2.109,1.432,2.3203,2.6263,2.5238,2.409,1.818,3.31,0.89,31.05,111.95,96.64,45.51,6368.85,4180.83,1437.25,4502.57,3913.724,8453.77,62.56,2031,3737,294.21,301.58
2026-03-28,,,,,,,,,,,,,,,,,,,,,,,,,,,,,,,,,,,,241.18,271.21
2026-03-29,,,,,,,,,,,,,,,,,,,,,,,,,,,,,,,,,,,,233.63,475.14
2026-03-30,100.509,1222.4,1.1465,6.9163,0.6853,5.2543,933.1,1.3924,9.7456,17.1853,4.3482,3.9845,3.8279,2.04,1.345,2.31,2.6278,2.534,2.419,1.808,3.35,0.91,30.61,108.33,95.84,42.71,6343.72,4163.77,1412.19,4491.95,3923.287,8399.12,61.96,2017,3723,266.53,381.86
2026-03-31,99.961,1215.45,1.1553,6.8892,0.69,5.1805,926.33,1.3916,9.6925,16.9412,4.3166,3.9427,3.793,2.013,1.336,2.3059,2.5951,2.511,2.421,1.816,3.17,0.89,25.25,96.05,89.39,38.89,6528.52,4258.31,1397.2,4450.05,3891.861,8374.3,61.26,1995,3705,447.82,383.38
2026-04-01,99.651,1212.57,1.1589,6.8774,0.6928,5.1549,914,1.3876,9.7117,16.8156,4.3186,3.9532,3.801,1.987,1.339,2.3326,2.6029,2.519,2.446,1.818,3.01,0.85,24.54,90.19,91.8,36.11,6575.32,4321.91,1457.59,4526.07,3948.552,8504.81,58.97,2030,3678,282.56,359.72
2026-04-02,100.028,1215.89,1.1539,6.8901,0.691,5.1574,919.62,1.392,9.7322,16.943,4.3049,3.9463,3.7963,1.952,1.298,2.3553,2.6377,2.5603,2.4662,1.816,3.04,0.83,23.87,84.41,93.14,37.85,6582.69,4313.61,1434.48,4478.91,3919.285,8456.92,59.25,2066,3639,328.43,268.47
2026-04-03,100.028,,1.1519,6.8859,0.6895,,918.88,1.3945,9.7701,16.9818,4.3406,3.9848,3.8395,1.972,1.309,2.3736,2.6689,2.5928,2.4857,1.816,2.99,0.82,,81.78,,,,4316.09,1440.95,4440.79,3880.097,,,,,217.01,392.85
2026-04-04,,,,,,,,,,,,,,,,,,,,,,,,,,,,,,,,,,,,220.84,294.11
2026-04-05,,,,,,,,,,,,,,,,,,,,,,,,,,,,,,,,,,,,138.02,697.34
2026-04-06,99.981,1214.47,1.1541,6.8747,0.6918,5.1446,918.76,1.3911,9.7099,16.8594,4.3307,3.983,3.8478,1.969,1.311,2.3638,2.6633,2.5833,2.475,,2.91,0.82,24.17,81.68,96.14,37.04,6611.83,4329.54,1449.99,,,,59.68,,,306.01,255.85
2026-04-07,99.858,1210.63,1.1595,6.8554,0.6974,5.1542,916.35,1.3888,9.6398,16.7964,4.2931,3.9289,3.7877,1.933,1.262,2.362,2.6576,2.575,2.4688,1.811,2.96,0.83,25.78,83.15,98.79,37.43,6616.85,4327.93,1459.53,4440.62,3890.165,,60.16,2095,3498,265.82,242.86
2026-04-08,99.133,1201.51,1.1663,6.833,0.7044,5.0997,897.76,1.3846,9.5743,16.3946,4.2911,3.9236,3.7855,1.953,1.301,2.3401,2.6125,2.5375,2.4472,1.811,2.79,0.81,21.04,78.74,83.91,34.21,6782.81,4458.39,1539.59,4595.56,3994.998,8677.31,58.05,2139,3593,294.45,245.51
2026-04-09,98.819,1199.6,1.1699,6.8281,0.7082,5.0575,893.57,1.3815,9.5006,16.384,4.2754,3.8975,3.7667,1.919,1.262,2.3569,2.6254,2.5537,2.465,1.814,2.7,0.8,19.49,74.01,81.74,31.66,6824.66,4470.41,1528.6,4566.22,3966.171,8611.83,57.33,2161,3658,446.98,293.55
2026-04-10,98.65,1198.77,1.1723,6.8258,0.7064,5.0054,896.48,1.3841,9.5279,16.4215,4.317,3.9429,3.7952,1.928,1.275,2.3907,2.6569,2.5838,2.4925,1.811,2.78,0.8,19.23,72.15,78.01,30.46,6816.89,4473.96,1547.49,4636.56,3986.225,8655.04,56.94,2201,3561,320.75,266.58
2026-04-11,,,,,,,,,,,,,,,,,,,,,,,,,,,,,,,,,,,,267.47,822.43
2026-04-12,,,,,,,,,,,,,,,,,,,,,,,,,,,,,,,,,,,,206.04,353.4
2026-04-13,98.366,1196.54,1.1759,6.8197,0.7095,4.9968,892.91,1.3792,9.4487,16.4156,4.2933,3.9097,3.7722,1.898,1.231,2.3955,2.6686,2.6007,2.501,1.798,2.79,0.8,19.12,74.42,80.55,30,6886.24,4503.84,1536.01,4646.16,3988.558,8602.06,57.11,2250,3422,374.41,383.1
2026-04-14,98.124,1193.27,1.1796,6.8108,0.7126,4.9884,886.45,1.3767,9.4522,16.3457,4.2479,3.866,3.7449,1.866,1.205,2.3828,2.6509,2.5773,2.4843,1.788,2.68,0.79,18.36,74.35,75.35,31.04,6967.38,4563.68,1565.04,4701.28,4026.625,8671.61,55.95,2354,3275,337.55,412.1
2026-04-15,98.055,1192.39,1.1799,6.8181,0.717,4.9939,885.25,1.3741,9.4079,16.3736,4.2834,3.8939,3.7614,1.885,1.215,2.4,2.6679,2.591,2.4998,1.783,2.69,0.78,18.17,67.94,72.23,29.97,7022.95,4587.93,1583.38,4685.25,4027.209,8718.26,55.76,2484,3111,256.49,276.31
2026-04-16,98.215,1193.54,1.1781,6.8229,0.7161,4.9931,887.23,1.3704,9.3859,16.409,4.3112,3.9184,3.7737,1.919,1.239,2.3942,2.6675,2.5868,2.494,1.781,2.72,0.79,17.94,65.89,73.04,28.65,7041.28,4595.65,1603.26,4736.61,4055.547,8905.11,56.58,2523,2975,348.04,262.82
2026-04-17,98.098,1192.87,1.1765,6.816,0.7174,4.9781,877.43,1.3691,9.3771,16.3059,4.248,3.8466,3.7082,1.887,1.215,2.3627,2.6196,2.544,2.4668,1.771,2.66,0.79,17.48,65.7,69.01,28.95,7126.06,4650.4,1597.13,4728.67,4051.425,8845.02,55.02,2567,2831,305.1,266.55
2026-04-18,,,,,,,,,,,,,,,,,,,,,,,,,,,,,,,,,,,,204.6,295.14
2026-04-19,,,,,,,,,,,,,,,,,,,,,,,,,,,,,,,,,,,,175.67,379.79
2026-04-20,98.097,1191.88,1.1788,6.8158,0.7178,4.9655,882.95,1.3644,9.3165,16.3665,4.251,3.8553,3.7205,1.896,1.217,2.3563,2.6264,2.551,2.4632,1.767,2.7,0.79,18.87,67.9,73.79,28.46,7109.14,4635.56,1600.38,4757.44,4082.127,8899.06,55.07,2633,2907,218.81,329.9
2026-04-21,98.394,1196.81,1.1744,6.8286,0.7152,,894.44,1.3664,9.3511,16.4902,4.2916,3.9096,3.7791,1.911,1.239,2.3819,2.6594,2.584,2.489,1.754,2.69,0.79,19.5,70.78,85.57,29.31,7064.01,4602.53,1615.48,4768,4085.077,8943.54,55.87,2640,2865,164.99,197.66
2026-04-22,98.59,1197.2,1.1705,6.832,0.716,4.963,889.23,1.3672,9.3047,16.4718,4.3025,3.9255,3.7979,1.91,1.238,2.3933,2.6777,2.599,2.499,1.729,2.69,0.77,18.92,69.88,76.77,27.09,7137.9,4629.58,1607.07,4799.63,4106.258,8801.78,56.54,2675,2854,224.48,208.63
2026-04-23,98.77,1199.44,1.1683,6.8356,0.7128,5.0182,898.38,1.3701,9.3455,16.6306,4.3244,3.9589,3.8337,1.896,1.213,2.4298,2.7347,2.6535,2.532,1.756,2.72,0.78,19.31,67.7,78.67,27.87,7108.4,4613.01,1599.31,4786.33,4093.25,8732.63,56.98,2673,2837,240.91,455.4
2026-04-24,98.533,1196.86,1.1722,6.8346,0.7152,4.9813,895.75,1.3668,9.323,16.5109,4.3007,3.9149,3.7783,1.875,1.314,2.4268,2.6031,2.67,2.531,1.758,2.72,0.79,18.71,66.97,75.83,25.88,7165.08,4632.83,1610,4769.37,4079.9,8775.62,56.87,2665,2812,257.9,251.17
2026-04-25,,,,,,,,,,,,,,,,,,,,,,,,,,,,,,,,,,,,178.49,562.18
2026-04-26,,,,,,,,,,,,,,,,,,,,,,,,,,,,,,,,,,,,139.48,201.83
2026-04-27,98.496,1195.87,1.1721,6.8262,0.7186,4.9834,895.15,1.3627,9.2911,16.5419,4.3395,3.9484,3.7972,1.892,1.307,2.4484,2.6422,2.7038,2.55,1.763,2.68,0.8,18.02,68.42,73.11,25.37,7173.91,4638.77,1629.94,4770.95,4086.344,8756.32,56.77,2666,2811,124.88,337.27
2026-04-28,98.64,1197.87,1.1712,6.8402,0.7181,4.974,889.08,1.3684,9.3364,16.5388,4.3455,3.9776,3.836,1.89,1.329,2.4562,2.6475,2.7062,2.5579,1.76,2.71,0.8,17.83,68.68,70.5,26.19,7138.8,4614.35,1616.88,4758.21,4078.637,8644.81,57.71,2677,2834,203.46,387.67
2026-04-29,98.961,1202.13,1.1677,6.8474,0.7116,4.9967,908.09,1.3685,9.3371,16.8306,4.4298,4.0789,3.9468,1.962,1.401,2.4689,2.6782,2.74,2.5793,1.747,2.7,0.8,18.81,74.33,75.96,27.77,7135.95,4606.78,1618.42,4810.35,4107.514,8805.6,59.03,2670,2795,248.29,281.95
2026-04-30,98.056,1192.02,1.1731,6.832,0.7201,4.9554,899.17,1.3582,9.2585,16.6715,4.3706,4.0055,3.8689,1.884,1.305,2.4879,2.7009,2.7546,2.594,1.752,2.68,0.78,16.89,72.07,75.08,26.64,7209.01,4660.7,1600.21,4807.31,4112.159,8681.83,59.65,2686,2767,193.48,386.28
2026-05-01,98.156,1193.38,1.1721,6.831,0.7202,,,1.3589,9.2949,16.6465,4.3698,4.0144,3.8775,1.872,1.306,2.4986,2.7089,2.7656,2.6055,,2.64,0.79,16.99,70.41,75.4,26.43,7230.12,4674.25,1601.42,,,,58.85,2730,2752,250.23,501.82
2026-05-02,,,,,,,,,,,,,,,,,,,,,,,,,,,,,,,,,,,,168.52,1048.95
2026-05-03,,,,,,,,,,,,,,,,,,,,,,,,,,,,,,,,,,,,145.14,345.81
2026-05-04,98.374,1195.63,1.1691,6.8309,0.7167,4.9642,911.4,1.3625,9.2769,16.7992,4.4382,4.0881,3.952,1.92,1.347,2.5195,2.7416,2.802,2.625,,2.67,0.79,18.29,77.86,78.63,27.92,7200.75,4647.1,1648.61,,,8774.39,59.39,,,207.04,366.58
2026-05-05,98.444,1195.42,1.1693,6.8276,0.7183,4.9109,906.08,1.3619,9.2557,16.6713,4.4241,4.0794,3.9398,1.944,1.401,2.4809,2.6785,2.7466,2.586,,2.66,0.77,17.38,76.78,74.73,26.61,7259.22,4676.86,1648.36,,,8730.49,59.45,2832,2841,287.18,529.17
2026-05-06,98.023,1188.83,1.1748,6.8138,0.7237,4.9239,890.75,1.3633,9.2999,16.3962,4.3489,3.997,3.8654,1.92,1.402,2.4297,2.596,2.6625,2.5365,1.763,2.62,0.77,17.39,70.63,72.34,26.34,7365.12,4753.71,1699.48,4877.09,4160.174,8800.75,57,2991,2676,284.82,270.75
2026-05-07,98.067,1190.42,1.1726,6.8087,0.7209,4.9241,894.65,1.3665,9.3111,16.4807,4.3861,4.0409,3.9112,1.921,1.409,2.4655,2.6315,2.6945,2.5728,1.759,2.64,0.78,17.08,72.24,72.25,27.03,7337.11,4740.91,1723.92,4900.51,4180.092,8919.48,55.95,3034,2629,298.73,318.06
2026-05-08,97.9,1187.98,1.1787,6.7971,0.7246,4.8889,889.99,1.3677,9.2109,16.376,4.3541,4.0024,3.8846,1.894,1.374,2.4607,2.6292,2.7025,2.576,1.76,2.66,0.77,17.19,67.25,72.15,26.48,7398.93,4757.3,1711.25,4871.91,4179.953,8889.07,55.7,2978,2574,250.95,266.15
2026-05-09,,,,,,,,,,,,,,,,,,,,,,,,,,,,,,,,,,,,174.63,697.6
2026-05-10,,,,,,,,,,,,,,,,,,,,,,,,,,,,,,,,,,,,139.84,521.39
2026-05-11,97.955,1189.28,1.1783,6.7919,0.7249,4.8912,897.39,1.3678,9.182,16.4318,4.4134,4.0728,3.9536,1.93,1.39,2.4839,2.6838,2.754,2.6025,1.765,2.64,0.76,18.38,70.74,75.66,27.48,7412.84,4765.42,1723.83,4951.84,4225.021,8884.2,57.17,3001,2528,274.9,321.42
2026-05-12,98.298,1192.64,1.1739,6.7908,0.724,4.8927,896.5,1.3696,9.1854,16.5159,4.463,4.1259,3.9914,1.968,1.421,2.4951,2.7062,2.776,2.6112,1.762,2.68,0.76,17.99,71.68,75.69,27.16,7400.96,4750.8,1698.92,4948.05,4214.489,8882.37,57.57,3063,2463,218.41,296
2026-05-13,98.524,1193.74,1.1711,6.7874,0.7258,5.0119,887.8,1.3707,9.175,16.4055,4.4688,4.1171,3.9791,1.966,1.415,2.4968,2.7032,2.764,2.6083,1.753,2.67,0.75,17.87,70.24,70.94,26.56,7444.25,4777.74,1705.24,4998.34,4242.572,8876.38,57.63,3189,2429,238.8,237.41
2026-05-14,98.819,1197.58,1.1669,6.7867,0.7221,4.9818,894.5,1.372,9.2358,16.483,4.4816,4.1526,4.0172,1.986,1.463,2.4894,2.6905,2.7422,2.5963,1.752,2.64,0.74,17.26,69.63,68.92,25.79,7501.24,4806.35,1716.75,4914.6,4177.917,8858.63,58.07,3195,2401,207.8,217.04
2026-05-15,99.284,1202.64,1.1625,6.8139,0.715,5.0556,908.95,1.375,9.3097,16.6934,4.5934,4.258,4.0687,2.073,1.545,2.5147,2.7137,2.78,2.628,1.764,2.67,0.73,18.43,79.87,72.35,26.34,7408.5,4741.61,1668.17,4859.59,4135.389,8691.03,59.44,3151,2375,201.26,379.11
2026-05-16,,,,,,,,,,,,,,,,,,,,,,,,,,,,,,,,,,,,168.6,391.84
2026-05-17,,,,,,,,,,,,,,,,,,,,,,,,,,,,,,,,,,,,130.27,470.06
2026-05-18,99.193,1199.49,1.1656,6.7993,0.7168,4.9907,900.5,1.3739,9.2586,16.5692,4.5874,4.235,4.0438,2.09,1.563,2.4919,2.673,2.744,2.608,1.751,2.72,0.74,17.82,86.07,72.07,26.2,7403.05,4739.86,1662.94,4833.52,4131.528,8597.97,60.58,3092,2351,225.25,323.85
2026-05-19,99.327,1203.98,1.1605,6.8169,0.7107,5.0482,907.05,1.3745,9.2713,16.7049,4.6663,4.3263,4.1182,2.161,1.646,2.5006,2.6811,2.749,2.614,1.745,2.73,0.74,18.06,85.32,72.89,26.63,7353.61,4717.73,1638.75,4852.88,4169.538,8639.96,61.29,3054,2307,222.44,402.88
2026-05-20,99.092,1200.92,1.1624,6.8022,0.7151,5,898.29,1.3746,9.2608,16.4711,4.5855,4.2442,4.0551,2.133,1.635,2.4502,2.6107,2.6865,2.566,1.747,2.68,0.74,17.44,81.53,72.77,25.17,7432.97,4766.67,1637.34,4850.7,4162.185,8605.13,59.8,3005,2249,256.69,424.08
2026-05-21,99.257,1201.63,1.1619,6.8001,0.715,5.0046,898.33,1.3777,9.2381,16.4571,4.5696,4.2444,4.083,2.139,1.661,2.4285,2.5844,2.6508,2.5408,1.752,2.67,0.74,16.76,79.72,73.54,24.59,7445.72,4777.49,1675.52,4783.1,4077.277,8475.32,59.13,2964,2215,190.38,226.92
2026-05-22,99.239,1202.84,1.1603,6.7983,0.7127,5.0367,900.65,1.3818,9.263,16.4644,4.5578,4.2576,4.121,2.146,1.713,2.4095,2.5451,2.6288,2.536,1.753,2.6,0.72,16.7,78.43,75.97,23.86,7473.47,4801.11,1686.05,4845.1,4112.899,8550.87,59.49,2991,2185,149.31,306.79
2026-05-23,,,,,,,,,,,,,,,,,,,,,,,,,,,,,,,,,,,,116.6,230.67
2026-05-24,,,,,,,,,,,,,,,,,,,,,,,,,,,,,,,,,,,,178.52,375.49
2026-05-25,99.239,1199.59,1.1644,6.7844,0.7173,5.0174,895.09,1.3803,9.2297,16.289,,,,,,,,,,1.751,2.6,0.72,16.59,,,,,4818.68,1711.41,4921.6,4152.568,,,,,198.41,317.79
2026-05-26,99.169,1201.21,1.1631,6.7852,0.7169,5.0336,894.28,1.3812,9.2678,16.3749,4.4846,4.1719,4.0317,2.069,1.631,2.4128,2.5421,2.629,2.5433,1.749,2.61,0.73,17.01,74.95,65.06,24.27,7519.12,4831.2,1720.41,4947.85,4145.373,8576.89,57.85,3085,2157,163.74,187.99
2026-05-27,99.206,1202.3,1.1626,6.779,0.7141,5.059,894.7,1.384,9.2803,16.3658,4.4827,4.1774,4.0328,2.068,1.626,2.4113,2.5524,2.6386,2.5423,1.736,2.61,0.73,16.29,70.9,59.97,24.47,7520.36,4828.11,1739.13,4908.17,4093.727,8463.02,56.99,3124,2129,181.51,325.98
2026-05-28,99.02,1199.89,1.1651,6.7731,0.7163,5.0402,891.2,1.3784,9.2542,16.235,4.4473,4.1529,4.0205,2.033,1.586,2.4101,2.5661,2.644,2.541,1.724,2.61,0.72,15.74,69.74,58.3,24.83,7563.63,4845.74,1724.69,4914.21,4098.636,8364.41,56.95,3226,2088,184.4,279.84
2026-05-29,98.942,1198.83,1.1659,6.7635,0.7185,5.0358,889.72,1.3793,9.2478,16.2259,4.4355,4.1407,4.0041,2.033,1.601,2.4005,2.5382,2.63,2.534,1.72,2.57,0.72,15.32,70.22,57.84,24.91,7580.06,4864.59,1752.15,4892.12,4068.569,8425.82,56.29,3224,2068,192.91,350.79
2026-05-30,,,,,,,,,,,,,,,,,,,,,,,,,,,,,,,,,,,,270.53,215.37
2026-05-31,,,,,,,,,,,,,,,,,,,,,,,,,,,,,,,,,,,,146.01,388.99
2026-06-01,99.201,1201.98,1.1631,6.7653,0.7159,5.0268,892.21,1.384,9.2735,16.3155,4.4532,4.1652,4.0328,2.043,1.613,2.4084,2.5522,2.6375,2.5295,1.707,2.59,0.72,16.05,73.33,61.24,25.64,7599.96,4861.14,1773.23,4844.26,4057.74,8507.87,57.3,3222,2053,170.97,235.53
