date,F1,F2,F3,F4
2013-10-21,-0.009449634,-0.02791842,0.038119994,0.016175516
2013-10-22,0.028905341,0.29261997,0.069064215,-0.036696807
2013-10-23,-0.08178246,-0.85302174,0.034677725,0.15300207
2013-10-24,0.0028403427,0.017497316,0.014004194,-0.021674259
2013-10-25,0.009014011,0.01202284,-0.0016315683,-0.006571041
2013-10-28,-0.00010346986,0.12700452,-0.056024153,-0.02834704
2013-10-29,-0.033654254,-0.12385887,0.005477708,0.05577488
2013-10-30,0.002499306,0.45417455,0.007184818,-0.041294206
2013-10-31,-0.036990613,-0.8448438,-0.03733246,0.16630898
2013-11-01,-0.01865888,-0.7253686,0.037679132,0.16418864
2013-11-04,-0.048422683,-0.46660033,0.013889758,0.0748
2013-11-05,-0.0071219206,-0.26830685,0.0060370243,0.06417269
2013-11-06,-0.00027447395,0.048238676,-0.01614815,-0.043428052
2013-11-07,-0.01130754,-0.35726464,0.039824884,0.07394389
2013-11-08,-0.026245309,0.047587592,-0.03795365,-0.005417945
2013-11-11,-0.039918806,0.12392637,-0.0071147257,0.011183795
2013-11-12,-0.0026445312,-0.30636173,0.0016886345,0.12931451
2013-11-13,-0.03709512,-0.14675213,-0.03067322,0.05207543
2013-11-14,-0.020099916,0.18667582,0.007485537,-0.040108606
2013-11-15,0.037518818,-0.069690965,-0.0075375736,0.024235459
2013-11-18,-0.015823407,-0.5852686,-0.01621186,0.10143549
2013-11-19,0.0154927,0.054544616,0.02961109,0.0025919245
2013-11-20,-0.021624355,-0.048352033,-0.030651148,0.06690563
2013-11-21,-0.02175465,0.57969785,-0.031572714,-0.05225698
2013-11-22,0.0044045136,0.15446685,0.004638502,-0.037833255
2013-11-25,-0.0016473171,-0.094649054,0.03539398,0.032785762
2013-11-26,0.0053181453,-0.11438495,-0.0054367427,0.0069167046
2013-11-27,-0.03855193,-0.41517368,0.008349262,0.08654275
2013-11-29,0.045316767,0.46202245,0.029185409,-0.080859385
2013-12-02,-0.02271157,-0.48140395,-0.056431636,0.13027407
2013-12-03,-0.027454684,0.121623114,-0.008313751,8.664053e-05
2013-12-04,0.049529053,0.7067283,0.055182777,-0.14408445
2013-12-06,0.0029497393,-0.18779428,-0.03387599,0.060985092
2013-12-09,0.03031004,0.17529088,0.052651368,-0.033854347
2013-12-10,0.044726145,0.47159642,0.03661371,-0.06696466
2013-12-11,0.010740223,0.27035335,0.012473498,-0.013016292
2013-12-12,0.04097655,-0.7778091,-0.068966754,0.15037616
2013-12-13,0.026241047,0.009515108,0.030965166,0.027245805
2013-12-16,0.06551726,0.6735595,-0.017355196,-0.05286975
2013-12-18,-0.023672266,-0.36672568,-0.025665075,0.021010282
2013-12-19,-0.009032501,-0.24756797,-0.06422808,0.10586991
2013-12-20,0.028673463,0.76587474,0.01757656,-0.09287624
2013-12-23,-0.0259889,-0.3403551,-0.007851742,0.087988384
2013-12-24,0.013182253,0.28700566,0.009182519,-0.04607202
2013-12-27,0.07189749,0.8014927,0.016142752,-0.16386841
2013-12-30,-0.012171766,-0.67539537,-0.017758206,0.13571098
2013-12-31,-0.051549707,-0.41745347,0.0015180216,0.058808587
2014-01-02,0.02809907,-0.32554093,0.06421864,0.031146057
2014-01-03,-0.058936264,-0.43571058,0.05783978,0.09869417
2014-01-06,0.0016857487,0.018680569,0.035826385,0.031570237
2014-01-07,-0.0034797678,-0.016856091,-0.030181138,-0.008937639
2014-01-08,-0.01341347,-0.48853785,0.0048077526,0.11950568
2014-01-09,-0.043295335,-0.47666088,0.003988032,0.078931265
2014-01-10,0.003976677,0.86630195,0.05810127,-0.10181939
2014-01-13,0.04362705,0.29583257,0.010445246,-0.049701937
2014-01-14,0.010257959,0.027478384,-0.0041437056,-0.03130297
2014-01-15,0.027810143,0.2126286,-0.054367427,-0.050533168
2014-01-16,-0.006461501,0.13456178,0.040292334,0.0061281756
2014-01-17,0.026560739,0.23321784,-1.960376e-05,-0.07003279
2014-01-21,0.010542713,-0.1851469,-0.044598,0.047524918
2014-01-22,-0.019968556,0.10354784,-0.03496381,-0.04579342
2014-01-23,-0.039008725,-0.076889575,0.04340736,0.009254636
2014-01-24,-0.02534428,-0.19529402,0.0068008313,0.054951254
2014-01-27,-0.034687262,-0.666161,0.05094301,0.1146731
2014-01-28,-0.01708807,0.08442369,-0.022482198,0.028621953
2014-01-29,0.009420987,-0.028738426,-0.034889303,0.011966943
2014-02-10,-0.003453331,0.9238034,0.057373162,-0.095830694
2014-02-11,0.016530298,0.1993352,0.010245084,-0.039672457
2014-02-12,0.03521862,0.48377877,0.020620791,-0.039997697
2014-02-13,-0.022532336,0.19242473,0.010254223,-0.021325907
2014-02-14,0.005702682,0.47541007,0.033270385,-0.09729185
2014-02-18,-0.003661425,1.2384819,-0.011182353,-0.16158734
2014-02-19,0.016607342,0.42873237,0.02764851,0.031750496
2014-02-20,-0.04189598,-0.12771593,0.002381436,0.041646644
2014-02-21,0.0046739304,0.05403561,0.0317127,0.0037200528
2014-02-24,0.010548971,0.34367678,0.060270563,-0.031165617
2014-02-25,-0.02271927,-0.13636613,0.061113708,0.039032336
2014-02-26,-0.011491139,-0.16733462,-0.01575876,0.07251469
2014-02-27,0.03876847,-0.13496707,0.012317348,-0.0017857018
2014-02-28,-0.01374951,0.13527444,-0.022980329,-0.011372577
2014-03-03,0.033110313,0.7363453,-0.049285863,-0.032503802
2014-03-04,0.019134223,0.3162115,0.02601564,-0.022619037
2014-03-05,0.022857383,-0.046313293,0.07226882,0.09059197
2014-03-06,-0.005798531,0.53181535,0.03391988,-0.07657682
2014-03-07,-0.019386876,-0.46021003,-0.044771556,0.0999929
2014-03-10,0.023371635,-0.49637112,0.008858774,0.09070423
2014-03-11,-0.06515355,-0.36037895,0.022636501,0.12009058
2014-03-12,-0.004705423,-0.008841548,0.053121027,0.00923135
2014-03-13,-0.022158599,-0.29451102,0.025779977,0.06307022
2014-03-14,0.007999474,-0.056776155,-0.033602368,-0.06724482
2014-03-17,-0.032947358,-0.4748111,0.03814961,0.06275837
2014-03-18,-0.01611905,0.42867452,-0.0012849234,-0.06495144
2014-03-19,-0.005417172,-0.07567749,0.020234194,-0.011948487
2014-03-20,-0.047379732,-0.8061257,-0.0675625,0.09446689
2014-03-21,0.019379517,0.028720116,-0.01601395,-0.004901299
2014-03-24,-0.03825302,-0.07891466,0.035652004,0.06755201
2014-03-25,0.05764134,0.37740493,-0.00091022224,-0.050828706
2014-03-26,-0.051802717,-0.3670744,0.002257844,0.06552092
2014-03-27,0.0014860745,0.36317208,0.0007725694,-0.057792675
2014-03-28,0.016301053,0.2148521,0.010224177,-0.006710276
2014-03-31,-0.011155359,0.020960167,0.03502298,0.017124439
2014-04-01,-0.0320781,-0.2115622,0.020697521,0.07363481
2014-04-02,0.031872306,-0.18610112,0.007106006,-0.013745582
2014-04-03,-0.021914594,0.43688357,-0.0077559585,-0.008799211
2014-04-04,0.035430547,0.38773853,0.020428091,0.014885478
2014-04-08,0.0020587288,0.5681829,0.012013731,-0.016997129
2014-04-09,0.0026714734,0.27689233,-0.028801076,-0.011506554
2014-04-10,0.030628346,0.29663262,0.032309975,-0.01883449
2014-04-11,-0.016903842,-0.25706545,-0.022733998,0.02173396
2014-04-14,0.022407178,0.58560973,0.017213453,-0.07448941
2014-04-15,-0.065726176,-0.3309362,-0.05439602,0.05969201
2014-04-16,0.025348753,0.4267585,-0.0035509178,-0.07247539
2014-04-17,0.01041331,0.02040826,-0.011324954,0.04239817
2014-04-22,0.031186646,-0.13404325,-0.007620108,0.06796101
2014-04-23,-0.005401841,0.06277133,0.035341624,0.0031502454
2014-04-24,0.011492533,0.40519437,0.01634194,-0.059251577
2014-04-25,-0.04843341,-0.010591446,0.04740983,0.00071250845
2014-04-28,-0.040451005,-0.39347282,-0.0041060997,0.040492687
2014-04-29,-0.010893957,0.32246888,0.01735797,0.011006709
2014-04-30,-0.041787382,-0.55795574,0.032838937,0.072863005
2014-05-06,-0.013107777,-0.26876557,0.04897503,0.059374563
2014-05-07,-0.047569726,-0.36775076,-0.036065996,0.08175851
2014-05-08,0.00011851852,0.21240725,0.0145295365,-0.018710583
2014-05-09,-0.015400588,-0.13336447,-0.021667145,-0.015546501
2014-05-12,0.064921975,0.5944077,0.014011098,-0.0632209
2014-05-13,-0.03932362,0.24411167,0.028802492,-0.004281016
2014-05-14,0.025154555,0.35705823,-0.01079099,-0.08288577
2014-05-15,-0.004189131,-0.6441087,-0.066561386,0.07369113
2014-05-16,-0.03447991,-0.2480586,-0.04061339,-0.008826269
2014-05-19,0.019436881,0.15449062,0.005600824,-0.054509446
2014-05-20,-0.0032507181,-0.16308683,0.0076301,0.0636651
2014-05-21,-0.03528002,0.044910405,-0.018518686,-0.010987983
2014-05-22,-0.0070987972,0.29041722,0.039697368,-0.0038573635
2014-05-23,-0.0120436605,-0.079487704,0.0056296643,0.031345263
2014-05-27,0.0016871773,-0.5761855,-0.054353952,0.09189544
2014-05-28,-0.027405052,-0.20602949,0.022521779,0.04732439
2014-05-29,-0.0018879807,-0.035288353,0.00872829,0.012928672
2014-05-30,-0.013304403,-0.60354483,-0.012142475,0.080068424
2014-06-03,0.0238128,-0.29338977,-0.020434916,-0.002737899
2014-06-04,-0.047107343,-0.19254497,0.0032824872,0.0771907
2014-06-05,0.015893593,0.017692724,-0.0061888336,-0.036533788
2014-06-06,-0.012528189,0.2296098,0.034618724,0.010997174
2014-06-09,0.0002495903,0.26822552,-0.03438036,-0.10447495
2014-06-10,0.0183353,-0.04757371,0.014417953,-0.02498134
2014-06-11,-0.008695051,-0.3470674,-0.024378639,0.06472557
2014-06-12,-0.05606489,0.06178123,-0.033979557,-0.024103189
2014-06-13,-0.00018033611,0.56211346,0.0035209083,-0.055203285
2014-06-16,0.04060877,0.22015546,-0.024875639,-0.06626965
2014-06-17,0.035005722,0.23041494,-0.02398837,-0.030518882
2014-06-18,-0.0033950536,0.374609,0.03806266,-0.038072914
2014-06-19,-0.036798537,0.721632,0.0706251,-0.13193798
2014-06-20,0.015489797,0.11402633,0.024961863,0.0031818806
2014-06-23,0.0032643883,-0.043431412,0.017206453,0.03275623
2014-06-24,-0.033240873,-0.15942605,0.013999285,0.00408089
2014-06-25,0.013439359,0.12320596,0.03613883,0.0074554225
2014-06-26,-0.014087069,-0.06248953,0.022336695,0.020769466
2014-06-27,-0.015193035,-0.3246848,-0.031209176,0.008364955
2014-06-30,0.07139162,-0.40672898,-0.018182375,0.019112779
2014-07-01,-0.03350258,0.013728119,0.05986806,0.0026187599
2014-07-02,0.06348403,0.19601466,0.018932981,-0.027680099
2014-07-03,-0.015227977,-0.088507235,0.0053724023,0.00532063
2014-07-07,-0.0057208366,-0.6399353,-0.021432197,0.11102097
2014-07-08,0.034255087,-0.17528011,0.013111764,0.035656985
2014-07-09,0.01171254,-0.34804037,0.018517233,0.054822322
2014-07-10,-0.080280475,-0.26136434,0.010821149,0.015134829
2014-07-11,0.03661254,-0.46315017,0.0011359549,0.06970592
2014-07-14,0.00021826882,-0.25085264,-0.0463134,0.06470302
2014-07-15,0.0105786305,-0.6836668,-0.090580486,0.058965005
2014-07-16,-0.009029161,0.06633858,0.015128133,0.027170364
2014-07-17,-0.005250383,0.31369305,0.038734805,-0.08466468
2014-07-18,0.0006129762,-0.34021658,-0.004533932,0.09989571
2014-07-21,0.042662363,0.28881645,0.0052864254,-0.061968915
2014-07-22,0.02303006,0.027441332,-0.015361757,-0.04443266
2014-07-23,-0.04013905,0.075131886,0.03553361,0.074393235
2014-07-24,-0.02377156,-0.17771883,0.005776164,0.058783557
2014-07-25,-0.03886912,0.1825084,0.030770762,-0.02385317
2014-07-28,-0.021552615,0.10993023,0.031557746,0.026848791
2014-07-29,-0.031301554,-0.53079283,-0.02785293,0.092740715
2014-07-30,0.021563169,0.088747114,0.041288197,0.0043721087
2014-07-31,-0.030327585,-0.48687425,0.016105013,0.1642073
2014-08-01,-0.017803168,-0.4752608,0.037342504,0.046709508
2014-08-04,0.011361719,0.5711829,0.02104371,-0.055851217
2014-08-05,-0.026624156,-0.5983149,-0.0060262126,0.117797546
2014-08-06,-0.011761105,0.4884898,0.055195574,-0.04802782
2014-08-07,-0.027352804,-0.06734958,-0.012244837,0.007880694
2014-08-08,0.0008895337,-0.26339418,0.006754922,0.023572166
2014-08-11,0.011120353,0.24839255,0.038837712,-0.018415324
2014-08-12,0.0012957773,-0.4553482,-0.0040911078,0.09779084
2014-08-13,-0.026094709,-0.38104028,-0.002086524,0.07336844
2014-08-14,-0.011963264,-0.6658693,0.038165104,0.10788389
2014-08-15,0.056475032,-0.43717167,-0.06210275,0.077145256
2014-08-18,0.0014751262,-0.28577232,0.021796815,0.04603646
2014-08-19,-0.014987333,-0.15268973,-0.019667944,0.036740467
2014-08-20,0.07881115,0.63862747,-0.016584208,-0.084717356
2014-08-21,-0.012261463,0.0051149125,-0.0077967145,0.025514273
2014-08-22,0.0071519236,0.068009734,0.045147642,-0.0402054
2014-08-26,-0.0054286597,-0.0102262385,-0.108560115,-0.009857752
2014-08-27,-0.008334199,-0.030460067,0.012621435,0.00405978
2014-08-28,-0.04765751,-0.09252568,0.024409816,0.033652224
2014-08-29,0.016090225,0.10243633,-0.027506318,-0.060843624
2014-09-02,-0.0039059338,-0.7653727,0.07315387,0.1955179
2014-09-03,-0.010357967,-0.049701236,-0.087021664,-0.07603193
2014-09-04,0.037172,-0.059521277,-0.019754943,0.0049159373
2014-09-05,-0.052167367,0.056084894,0.065540984,0.00079255545
2014-09-09,0.022027085,-1.0565851,-0.043684095,0.11006217
2014-09-10,-0.012213279,-0.4091391,-0.030685877,0.019683376
2014-09-11,0.004328635,-0.4881429,-0.022416351,0.09645674
2014-09-12,-0.02971349,-0.053911503,-0.0041772216,0.056633584
2014-09-15,-0.11497291,-0.4330689,-0.025969356,0.087387115
2014-09-16,0.04579684,0.58232844,-0.011491029,-0.099742845
2014-09-17,-0.010121173,-0.0050799507,-0.0055020386,0.022213062
2014-09-18,-0.027254565,-0.91010594,-0.008172627,0.18004492
2014-09-19,0.0137410555,-0.4881815,-0.06422263,0.09956573
2014-09-22,-0.016968492,-0.61628616,0.039944086,0.10573854
2014-09-23,-0.02415589,-0.029713597,0.001788884,0.034352038
2014-09-24,-0.006514513,0.44329205,0.014648626,0.008368738
2014-09-25,-0.028662784,-0.2568043,-0.044070076,0.026412029
2014-09-26,0.014212289,-0.16596666,0.015085648,-0.015585469
2014-09-29,0.022867078,0.63773453,0.0110207535,-0.07672209
2014-09-30,0.010991164,-1.0494834,0.018868964,0.20101912
2014-10-08,-0.06450117,0.36336452,0.050059717,-0.01785514
2014-10-09,0.010334874,0.03901633,0.053092673,0.007282335
2014-10-10,0.0035901342,-0.5339517,-0.02133679,0.038337186
2014-10-13,-0.010315604,0.48221183,0.065278366,-0.05011461
2014-10-14,0.027645804,-0.2652183,0.13715506,0.08737376
2014-10-15,-0.04861337,-1.0493302,0.02475958,0.16662776
2014-10-16,-0.0755664,0.11031566,0.017309176,0.016047252
2014-10-17,0.02644744,0.24923065,-0.031968564,-0.06208834
2014-10-20,-0.041293465,-0.32661945,-0.001272494,-0.016929168
2014-10-21,0.0006787662,0.54951197,0.036742132,-0.063027486
2014-10-22,-0.004786972,-0.3189931,-0.0017584182,0.064062595
2014-10-23,-0.04070523,0.3472831,-0.017928962,-0.013451208
2014-10-24,0.028492346,-0.4427275,0.0070923385,0.042999886
2014-10-27,-0.020756066,0.1276721,0.05216927,-0.0070940293
2014-10-28,0.01905469,0.6745187,-0.006278272,-0.07788979
2014-10-29,-0.031297196,0.97964746,-0.01023138,-0.103780344
2014-10-30,-0.020117236,-0.7702574,-0.03039114,0.19666299
2014-10-31,-0.022805551,-0.22990991,-0.026325148,0.0795768
2014-11-03,0.028817572,-0.38600656,0.022230329,0.042729504
2014-11-04,0.001406406,-1.2295502,0.026785022,0.18599908
2014-11-05,-0.030211968,-0.33123884,-0.03842059,0.06383195
2014-11-06,0.0058562187,0.09776388,-0.014173321,-0.0109946355
2014-11-07,0.034395725,0.46510303,0.019777045,-0.12272754
2014-11-10,-0.041164357,-0.5374706,0.019622497,0.12358749
2014-11-11,-0.008360381,0.5769341,0.05081053,-0.046320297
2014-11-12,0.02214871,-0.17681529,0.038341038,0.01656341
2014-11-13,-0.03226917,-0.934248,0.06498403,0.14162767
2014-11-14,0.014453781,0.58405024,-0.033380445,-0.11184623
2014-11-17,-0.036034454,-0.25192657,-0.011344875,0.067084655
2014-11-18,0.009073015,-0.21831548,0.0005959926,0.058854684
2014-11-19,0.039430484,0.038561705,-0.005780554,0.013196199
2014-11-20,-0.04189995,0.24625978,0.04044423,-0.013215997
2014-11-21,0.05133694,0.7675167,0.004298794,-0.12917654
2014-11-24,-0.021268087,-0.36052155,0.003714871,0.10281611
2014-11-25,-0.01749167,0.072632976,0.05755477,0.03429269
2014-11-26,0.011047812,0.12453505,0.010205703,0.0043506445
2014-11-28,0.031039663,-2.2198658,0.0045606974,0.331812
2014-12-01,0.044778213,0.8722839,0.061984982,-0.22619568
2014-12-02,0.017542768,-1.3273606,-0.029258661,0.15839109
2014-12-03,-0.013489512,-0.034804635,0.012418693,0.06299524
2014-12-04,0.030743768,0.2862659,0.055001438,-0.022884741
2014-12-05,-0.0683833,-0.39318705,0.016938232,0.13579452
2014-12-08,-0.009984452,-0.8217663,0.09125146,0.15469064
2014-12-09,-0.006519685,0.72841847,0.022152632,-0.15344165
2014-12-10,-0.027145246,-1.0856956,0.068163835,0.18298544
2014-12-11,-0.01735085,0.06947614,0.030314252,0.022606455
2014-12-12,-0.023754617,-0.4161563,0.05212126,0.12220764
2014-12-15,-0.05031323,-0.61475885,0.011593615,0.17052701
2014-12-16,-0.006206431,-1.0972751,0.0083331475,0.19907911
2014-12-17,-0.032449458,0.3563495,0.006669343,-0.05736181
2014-12-18,-0.029609466,-0.49391598,0.0772627,0.1308272
2014-12-19,-0.005812746,0.45309582,-0.031985708,-0.09775111
2014-12-22,-0.021252276,-0.61966604,0.017780498,0.11637559
2014-12-23,-0.042060304,0.38481563,-0.027939014,-0.059131958
2014-12-24,-0.010268223,-0.9649559,0.034605023,0.16525064
2014-12-29,-0.026105558,-0.5087223,0.06482211,0.09794324
2014-12-30,0.019782621,0.28300142,0.018549986,-0.061706472
2014-12-31,-0.0050193234,-1.0260224,-0.009295949,0.20111164
2015-01-05,-0.017334353,-0.7131042,0.097741954,0.16751553
2015-01-06,0.0072178175,-0.075077854,0.106702566,0.05587691
2015-01-07,0.012027153,-0.29234913,-0.0061528734,0.0409773
2015-01-08,0.016512584,0.2412892,-0.016570268,0.022212097
2015-01-09,-0.029287474,-0.29073244,0.060372226,0.112734474
2015-01-12,0.046706647,-1.0967097,0.08671305,0.17898336
2015-01-13,0.0010115667,-0.7496626,-0.008828808,0.09046994
2015-01-14,-0.055498105,-0.08218866,-0.1261667,0.050980162
2015-01-15,0.051879503,0.28225005,0.08352963,0.0011595282
2015-01-16,0.067124315,1.2596601,-0.008997669,-0.22603814
2015-01-20,0.02287433,-0.65519947,0.10497836,0.0859763
2015-01-21,0.028126663,0.44659278,-0.020421416,-0.101077944
2015-01-22,-0.0023039132,-0.4385544,0.017039355,0.085558414
2015-01-23,-0.071497016,-0.7839981,-0.030685188,0.19213912
2015-01-26,0.0677462,-0.0005255665,-0.007224813,-0.06309508
2015-01-27,-0.0316272,0.036416575,-0.038104545,-0.011874426
2015-01-28,0.06744972,-0.47705746,-0.00673166,0.03476029
2015-01-29,-0.046276744,-1.077518,-0.053812854,0.18172699
2015-01-30,0.05687127,1.4068158,-0.0485974,-0.2646366
2015-02-02,-0.0071191182,0.8024035,-0.14646758,-0.08817599
2015-02-03,0.036153316,1.5549296,-0.06131005,-0.24683248
2015-02-04,0.033907678,-1.1371049,0.10506092,0.20542425
2015-02-05,-0.021905607,0.82509524,-0.033494283,-0.10905458
2015-02-06,-0.012458319,0.04824765,-0.073276974,0.009176781
2015-02-09,-0.020088244,0.6406354,0.0060014073,-0.094808236
2015-02-10,-0.024282536,-1.2342619,-0.006584707,0.16398804
2015-02-11,-0.019391542,-0.4163629,0.008584158,0.119359344
2015-02-12,0.036624815,1.0795858,-0.055391792,-0.18169762
2015-02-13,-0.014232857,0.9967861,-0.045976605,-0.1804807
2015-02-25,0.057639156,-0.9469844,-0.12184206,0.0033622377
2015-02-26,-0.021902151,0.12853733,0.08973559,0.017002923
2015-02-27,-0.03905652,0.89505494,-0.044680204,-0.10929742
2015-03-02,0.08824906,-1.2236761,-0.068895526,0.14829737
2015-03-03,-0.061291806,-0.13844208,-0.028370945,0.012904259
2015-03-04,0.03582758,-0.22415772,0.0011765016,0.013023768
2015-03-05,-0.010485013,-0.38773316,0.0252348,0.073236346
2015-03-06,3.276729e-05,-0.6030969,-0.022163868,0.13192202
2015-03-09,-0.0008253637,-0.07722281,0.040042102,-0.004881956
2015-03-10,-0.039597053,-1.1089602,0.027873099,0.19516559
2015-03-11,-0.081865706,-0.25151196,-0.0006805184,0.08654291
2015-03-12,0.022563288,-0.0030121084,0.050637014,0.014124764
2015-03-13,0.032489687,-1.0502306,0.030500188,0.16850795
2015-03-16,0.05907636,0.16798244,0.05091963,0.0714993
2015-03-17,0.01649436,-0.45012367,-0.046876967,0.08334008
2015-03-18,-0.022776203,0.5832545,-0.057076007,-0.11361372
2015-03-19,0.052605595,0.35304502,0.0710014,-0.04582223
2015-03-20,0.08316295,1.2946892,0.06197252,-0.17972663
2015-03-23,0.022398246,0.6127442,0.004012252,-0.14344203
2015-03-24,-0.03385225,-0.34333327,-0.0018859133,0.037680853
2015-03-25,-0.031590145,0.27920407,-0.013550194,-0.024280332
2015-03-26,-0.006903241,0.735118,-0.07360299,-0.13993262
2015-03-27,0.014811736,-1.1075461,0.05059148,0.18446176
2015-03-30,0.056639716,-0.48614436,0.026651371,0.0037170795
2015-03-31,0.046926666,-0.647976,-0.020740267,0.07351951
2015-04-01,0.03636867,1.1654305,0.019077035,-0.19940583
2015-04-02,0.033236522,-0.26484415,0.07571562,0.11938846
2015-04-07,0.03138429,1.2132734,-0.1455517,-0.26185992
2015-04-08,0.025085647,-1.2341515,0.05986886,0.22500904
2015-04-09,-0.013211896,-0.15848857,-0.041225556,0.064224385
2015-04-10,0.0024045955,0.53761554,-0.017449517,-0.064587854
2015-04-13,0.015897516,-0.20497847,-0.04088076,0.009122868
2015-04-14,-0.028544653,0.3337719,-0.018168291,-0.029956462
2015-04-15,0.017865691,1.0661969,-0.07482284,-0.19990411
2015-04-16,-0.074289024,0.5699113,-0.108729005,-0.13274997
2015-04-17,-0.032345515,-0.28667924,0.025930727,0.08717051
2015-04-20,-0.027397377,-0.446331,-0.021004468,0.10804063
2015-04-21,0.006190018,-0.27277324,0.019991051,0.0686605
2015-04-22,-0.008460255,-0.05734537,-0.034256462,0.044048566
2015-04-23,0.0031428146,0.8016415,-0.055189706,-0.17450276
2015-04-24,0.07134809,0.18613751,-0.04593433,-0.050463296
2015-04-27,0.03811568,0.52849936,0.036985926,-0.114989124
2015-04-28,0.029238712,0.24991721,0.03398707,-0.056464233
2015-04-29,0.00062361575,0.57011384,-0.017815584,-0.09589316
2015-04-30,0.057522543,0.317271,-0.1021083,-0.0788324
2015-05-05,0.017508555,0.88496614,-0.03232371,-0.09795226
2015-05-06,-0.07263695,-0.3513382,0.006749946,0.05664615
2015-05-07,0.0091693085,-0.9282037,0.031536397,0.17638627
2015-05-08,-0.005747879,0.4387549,0.035359506,-0.06778085
2015-05-11,-0.045218416,-0.4228197,0.02499477,0.111321874
2015-05-12,0.040795144,0.65737724,-0.028953688,-0.11491162
2015-05-13,0.027654644,0.24699506,-0.035089828,-0.13288897
2015-05-14,-0.03207304,0.061015934,0.027727833,-0.017153226
2015-05-15,-0.01769311,0.07186454,0.024703592,0.032983318
2015-05-18,-0.036201205,-0.26047283,0.034437157,0.058965877
2015-05-19,-0.008965921,-1.5061629,0.010125626,0.24551384
2015-05-20,-0.03500097,0.050461356,-0.036494244,-0.036520757
2015-05-21,-0.036087066,0.35520613,-0.047227036,-0.109920256
2015-05-22,0.0032518106,-0.86011004,0.0020274855,0.11832901
2015-05-26,-0.0075845392,-0.888055,-0.012652262,0.1682848
2015-05-27,0.004645155,-0.6653353,0.011387638,0.08636196
2015-05-28,0.014124288,0.3575587,0.005104461,-0.022241782
2015-05-29,-0.06549505,0.56876206,-0.104437865,-0.07230971
2015-06-01,0.008353243,0.14845528,0.044739462,0.023337338
2015-06-02,-0.020526975,0.55659753,0.02863962,-0.06258945
2015-06-03,0.014178578,-0.49641368,0.0026305537,0.15146628
2015-06-04,-0.03363418,-0.7602935,0.080611624,0.17436995
2015-06-05,-0.020526681,0.08950032,-0.040663194,0.0041070855
2015-06-08,0.017135823,0.1281347,0.053252816,-0.0043544425
2015-06-09,0.023728218,0.7782016,-0.040743504,-0.15727212
2015-06-10,-0.023896316,0.36423263,-0.0577464,-0.066936105
2015-06-11,-0.014548151,-0.84643966,-0.016925378,0.16110504
2015-06-12,0.008574558,-0.4328338,0.031208493,0.081595995
2015-06-15,-0.030301765,-0.698733,-0.01796192,0.09538052
2015-06-16,-0.033260833,0.1521581,-0.004131397,0.021835454
2015-06-17,-0.038877726,0.003925755,0.027789649,0.009616365
2015-06-18,0.016473997,0.15058634,0.036874924,-0.040153194
2015-06-19,-0.059560247,-0.6923295,0.01749012,0.12885518
2015-06-23,0.0033906847,0.7359935,0.008849295,-0.085390165
2015-06-24,0.005307743,-0.04520665,0.028556371,0.049254064
2015-06-25,-0.016446477,0.10709902,0.05889946,0.03762903
2015-06-26,-0.011007536,0.23980927,0.029343233,-0.035129525
2015-06-29,-0.035646226,-0.47976065,0.049752768,0.08403564
2015-06-30,-0.06852246,0.9452877,0.031040743,-0.08164813
2015-07-01,0.022854865,-0.47709277,0.043682422,0.0359297
2015-07-02,-0.018271662,0.12157459,-0.010203651,0.018419426
2015-07-06,0.0076307775,-1.6908715,0.06865863,0.3046273
2015-07-07,-0.024377204,-1.5286192,-0.021733494,0.23974504
2015-07-08,0.034559608,0.50870645,-0.0034326795,-0.025717787
2015-07-09,0.0067741433,0.8893779,-0.047781788,-0.12388688
2015-07-10,-0.0383442,0.118552014,0.037529957,0.007126448
2015-07-13,0.009607164,0.24705453,0.053003397,0.032576177
2015-07-14,0.040365625,-0.054930944,-0.023121139,0.019222056
2015-07-15,0.024649607,-0.8516401,0.039539855,0.16627407
2015-07-17,-0.029866148,-0.7011595,-0.08009591,0.15782462
2015-07-20,0.01690678,-0.76027817,-0.08985127,0.12549254
2015-07-21,-0.042468257,-0.09412532,-0.0019613618,0.043901384
2015-07-22,-0.016746638,-0.73617655,0.010135242,0.13415891
2015-07-23,-0.0316518,-0.57409626,0.022380529,0.098099716
2015-07-24,0.021904008,-0.83914596,-0.00890057,0.11546848
2015-07-27,0.012792187,-0.8543216,-0.03459982,0.06512906
2015-07-28,0.050259203,0.7009963,0.012355174,-0.11902861
2015-07-29,0.02273702,0.053784832,0.0001694354,-0.034117877
2015-07-30,-0.04770779,-0.25668743,0.013851762,0.08965739
2015-07-31,-0.01787529,-0.5551458,0.027064856,0.103942275
2015-08-03,0.01293581,-1.2638371,0.060014483,0.1646826
2015-08-04,-0.018726112,0.27832457,0.0054798555,-0.024897207
2015-08-05,-0.050557636,-0.33690965,0.031996846,0.096580416
2015-08-06,-0.05840507,-0.3069402,0.03920528,0.06558082
2015-08-07,-0.02499316,0.075370476,0.062168192,0.044594333
2015-08-10,0.03990136,1.5133936,0.03920949,-0.20692565
2015-08-11,-0.014547149,-1.2093728,0.0058923224,0.1336531
2015-08-12,0.10992099,-0.2632699,-0.092557356,-0.055521563
2015-08-13,0.0131669445,0.04721745,0.070104234,0.046917465
2015-08-14,0.0021222837,-0.074211545,0.020654613,0.03433144
2015-08-17,-0.0023213972,-0.8207625,-0.00096026144,0.017979467
2015-08-18,-0.03202213,-0.626543,0.018158326,0.11282994
2015-08-19,0.007426189,-0.6376718,0.08033778,0.098288774
2015-08-20,0.035537574,0.5624982,0.07980346,-0.11648563
2015-08-21,-0.036702383,-1.1325583,-0.0206304,0.12240238
2015-08-24,-0.0043599466,-1.8384024,0.100662105,0.33858323
2015-08-25,0.0056009633,0.23451726,-0.035947107,-0.064674
2015-08-26,-0.03332017,-1.247566,0.04317429,0.2523451
2015-08-27,0.113022216,2.0146263,-0.13504499,-0.39835462
2015-08-28,0.102825895,1.4443133,-0.09101619,-0.34538013
2015-09-01,-0.019111361,-0.8228773,0.029751461,0.14268062
2015-09-02,0.004828708,0.093013525,-0.030992316,-0.056083314
2015-09-08,0.07671482,0.43099523,0.050341412,-0.050917536
2015-09-09,0.017241191,-0.7485112,0.05885877,0.15191399
2015-09-10,-0.014080496,0.6495199,-0.01682775,-0.120656215
2015-09-11,0.0039638733,-0.22863875,0.08135316,0.10293953
2015-09-14,-0.072146475,-0.90951365,0.040745303,0.15622424
2015-09-15,0.0007408313,0.270527,0.026351254,-0.041391138
2015-09-16,0.005119321,1.0980504,-0.04960305,-0.17591612
2015-09-17,0.009361845,-0.38823715,0.010129956,0.037560366
2015-09-18,0.007685732,-1.0185019,0.041483082,0.15083621
2015-09-21,-0.046264324,0.6630525,-0.013514447,-0.06350066
2015-09-22,-0.056088217,-1.0529543,-0.032702636,0.21367308
2015-09-23,0.016763607,-0.04451351,0.05253152,0.08861283
2015-09-24,0.023072487,0.6351855,0.033462852,-0.05793355
2015-09-25,-0.06548195,0.51948786,0.014564296,-0.043595895
2015-09-28,0.012877896,-1.2903966,0.007351206,0.20291066
2015-09-29,0.0030892643,0.48789328,-0.044362057,-0.047489017
2015-09-30,0.082811385,0.36817244,-0.038097385,-0.09457001
2015-10-08,-0.05566833,1.4393241,-0.064698614,-0.3843767
2015-10-09,0.1761997,1.0022657,0.01719046,-0.13290527
2015-10-12,0.0461476,-0.681298,0.0697172,0.10223684
2015-10-13,-0.029759545,-0.27812186,0.06907839,0.07878639
2015-10-14,0.014955755,0.1870267,0.015330559,-0.036874533
2015-10-15,-0.02897062,-0.22768568,0.022050641,0.0849994
2015-10-16,-0.04096657,0.058213636,-0.05228033,-0.065720536
2015-10-19,-0.0064269463,-1.1880012,0.024213899,0.16867322
2015-10-20,-0.023381488,0.25740707,-0.0072947745,-0.0051080403
2015-10-21,-0.05314441,-0.29370615,-0.015623993,0.06323443
2015-10-22,0.006467099,0.16614692,-0.01177385,-0.084284216
2015-10-23,-0.0095908595,-0.39219406,0.015640046,0.086663276
2015-10-26,-0.017492615,-0.43343994,0.081282176,0.06463875
2015-10-27,-0.0066469256,-0.31323725,0.015377236,0.102656074
2015-10-28,0.020279009,1.162953,-0.107526325,-0.24175462
2015-10-29,-0.017505804,-0.70203185,-0.051072795,0.18668595
2015-10-30,-0.010053382,0.40902564,-0.04134792,-0.02431543
2015-11-02,0.011906057,-0.3390038,0.03382366,0.030702015
2015-11-03,-0.030352289,0.62953436,-0.0825942,-0.08963418
2015-11-04,-0.015709838,-0.9332428,0.040338837,0.21696635
2015-11-05,-0.0060184803,-0.8178568,0.019663265,0.17311625
2015-11-06,-0.033691343,-0.48017907,-0.030711005,0.09682667
2015-11-09,0.001271577,-0.7432267,-0.011525115,0.14889587
2015-11-10,0.016790561,-0.32657757,0.012844252,0.021425141
2015-11-11,0.023804694,-0.35784003,0.057240315,0.059671525
2015-11-12,-0.03250466,-0.8366056,0.04217225,0.13527317
2015-11-13,-0.023643248,-0.6769459,0.027111193,0.1252763
2015-11-16,-0.062788084,-0.29727003,0.0142990835,0.15084518
2015-11-17,-0.010371102,-0.45560083,-0.022047753,0.07753691
2015-11-18,-0.044968177,-0.26527068,-0.03717434,0.040880613
2015-11-19,0.0420945,0.49868628,-0.00031531183,-0.0021430375
2015-11-20,-0.01592863,-0.13334279,0.0027471182,0.08217392
2015-11-23,-0.05262626,-0.06352672,-0.035393964,-0.029012576
2015-11-24,0.012804395,0.8209467,-0.12239486,-0.10007029
2015-11-25,0.004607606,0.31927946,-0.029110372,-0.027689315
2015-11-27,0.025208542,-0.7689358,-0.0028781474,0.10331986
2015-11-30,-0.06280187,-0.033625048,0.052053586,0.051008426
2015-12-01,-0.01053575,0.49885356,0.028546885,-0.07456647
2015-12-02,-0.009695343,-0.9081347,0.05291014,0.23310734
2015-12-03,-0.0379034,0.7320619,0.011304835,-0.020109186
2015-12-04,0.04829359,0.854667,0.0627285,-0.037278254
2015-12-07,0.02594356,-1.6315129,0.06094837,0.3220985
2015-12-08,-0.018816229,-0.4190895,0.001045957,0.10524917
2015-12-09,0.04972769,0.31163204,0.0030431892,-0.041641254
2015-12-10,-0.044819787,-0.014909099,-0.071553186,0.03812303
2015-12-11,0.029151209,-0.59367293,-0.015574545,0.06322406
2015-12-14,-0.024576945,-0.17945153,0.04577897,0.061608385
2015-12-15,-0.0509705,-0.20507303,-0.05228609,-0.038327258
2015-12-16,0.06342679,-0.19982028,0.05628249,0.0594594
2015-12-17,-0.05859364,-0.7626735,-0.021205392,0.14925237
2015-12-18,0.08182214,1.0599635,0.018726991,-0.16247515
2015-12-21,0.016856562,0.010724118,0.063896246,-0.025745632
2015-12-22,-0.006452808,-0.38233367,-0.0129016265,-0.0009207249
2015-12-23,0.049694445,0.8284299,-0.071738705,-0.16657983
2015-12-24,0.012135584,0.27499714,-0.035746068,-0.08672582
2015-12-29,0.06714361,0.17786214,-0.03966612,-0.021118905
2015-12-30,0.002286676,-0.49027917,0.06212369,0.1357
2015-12-31,-0.022098517,0.22186728,-0.00849345,-0.037256565
2016-01-04,-0.024717404,-0.6963023,-0.02641257,0.06581193
2016-01-05,0.012061854,-0.1526656,0.03146274,0.011199262
2016-01-06,-0.045009006,-1.0805115,0.13285422,0.18333979
2016-01-07,-0.043303292,-0.38761646,0.055651307,0.08888476
2016-01-08,-0.0060637644,-0.40380514,0.041657016,0.10642045
2016-01-11,-0.009673134,-1.5025057,0.009057087,0.22249666
2016-01-12,-0.032120235,-0.5209367,0.052803304,0.11047702
2016-01-13,0.026716277,0.33821908,0.05735075,-0.050245877
2016-01-14,-0.017323775,0.25645405,-0.03339113,-0.016059004
2016-01-15,-0.0059580943,-1.0851235,0.098096155,0.21440963
2016-01-19,0.021145133,0.17902924,0.043288358,0.013364453
2016-01-20,0.008232963,-1.2092465,0.08633385,0.27578253
2016-01-21,0.009636232,1.2232473,-0.16937283,-0.29645717
2016-01-22,-0.014077965,1.5608082,-0.13822663,-0.29304862
2016-01-25,-0.00498783,-0.82975787,0.0712308,0.132228
2016-01-26,0.06076734,1.1309196,-0.028214345,-0.19757506
2016-01-27,0.04530131,0.7342839,-0.03175775,-0.18777329
2016-01-28,-0.016210424,-0.04778503,-0.08297984,0.016076209
2016-01-29,-0.0111578,0.5777061,-0.012400139,-0.080800615
2016-02-01,0.016071063,-0.49943736,0.07100056,0.16346723
2016-02-02,0.0056533557,-0.83381474,0.12371676,0.193074
2016-02-03,0.041769862,1.4510871,-0.051316086,-0.3071485
2016-02-04,0.03553342,0.3746099,0.015454764,-0.032221895
2016-02-05,-0.038934182,-0.9585328,0.048487164,0.14858404
2016-02-22,0.08212887,1.1720021,-0.00041789078,-0.30906165
2016-02-23,0.034451373,-0.5773646,0.08365142,-0.0329135
2016-02-24,-0.0004925042,0.47940728,-0.049624704,-0.06826728
2016-02-25,-0.020334233,-0.009332462,-0.057044245,-0.025737083
2016-02-26,0.033126894,-0.10040092,-0.03269227,0.04275156
2016-02-29,0.029292073,0.7141644,0.010045603,-0.13678537
2016-03-01,0.08559421,0.6166498,-0.13114579,-0.02370956
2016-03-02,0.04297042,0.58410746,0.027403947,-0.07894283
2016-03-03,0.024111504,0.55739284,0.04908207,-0.03623723
2016-03-04,0.069259055,1.4354061,-0.0048883935,-0.2655622
2016-03-07,-0.03747382,0.94631946,-0.08941289,-0.17044169
2016-03-08,-0.06929039,-0.9595448,0.022515837,0.16257554
2016-03-09,0.02471861,0.8291019,-0.07670137,-0.15727317
2016-03-10,-0.032259487,-0.2637269,0.066526115,0.027484156
2016-03-11,0.008503182,0.5937427,-0.0051318766,-0.05879044
2016-03-14,-0.024598429,-0.5681973,0.04548749,0.15429574
2016-03-15,-0.030441683,-0.42096835,0.0008679084,0.07653922
2016-03-16,-0.018193476,0.8156845,-0.05941088,-0.14456038
2016-03-17,0.08596294,1.5435112,-0.023608379,-0.26970693
2016-03-18,-0.022072539,-0.55624217,0.014634138,0.15724066
2016-03-21,0.0044086967,0.337072,0.010757276,-0.02232852
2016-03-22,-0.010304192,0.5972124,-0.033198196,-0.08662379
2016-03-23,-0.013985718,-1.4705999,0.024212517,0.26968256
2016-03-24,-0.054828532,-0.5216286,-0.0034394842,0.07385962
2016-03-29,-0.025907129,-0.3696785,0.079476,0.11762521
2016-03-30,0.021365894,-0.13072406,-0.040458262,-0.011922468
2016-03-31,0.04311699,0.32344216,-0.022155058,-0.07732722
2016-04-01,0.018550215,-0.8049113,0.036622483,0.18572669
2016-04-05,-0.06561391,-1.2154477,0.039595407,0.18809043
2016-04-06,-0.025150817,0.7750083,-0.06557274,-0.14752203
2016-04-07,-0.05351177,-0.6668317,0.021337071,0.10148698
2016-04-08,0.059437048,1.5693741,-0.108620055,-0.31643617
2016-04-11,0.004999439,0.4624432,-0.04090467,-0.1016812
2016-04-12,0.0783645,1.2738404,-0.038189735,-0.21724337
2016-04-13,0.033761278,0.56595254,-0.0027597395,-0.06661851
2016-04-14,-0.03524229,-0.43324724,0.01739075,0.108174436
2016-04-15,0.00048490454,-0.20993833,0.10574965,0.04073281
2016-04-18,0.05232061,0.4783176,0.027748955,-0.013732452
2016-04-19,0.09877495,1.3955928,0.013741917,-0.27094638
2016-04-20,0.036269024,1.2043881,0.005766866,-0.17606466
2016-04-21,0.027276844,-0.29024565,-0.027807178,-0.044726104
2016-04-22,0.01777646,-0.47977665,-0.08955252,0.09225292
2016-04-25,-0.0054228543,0.021724515,0.079988174,0.02298059
2016-04-26,-0.03176761,0.71444964,-0.0012754448,-0.09932436
2016-04-27,-0.022461755,0.26835147,-0.029000977,-0.13650246
2016-04-28,0.03597639,0.65146464,-0.003943894,-0.12114337
2016-04-29,0.064771496,0.6812356,0.073160395,-0.09363715
2016-05-03,0.050999366,-1.4890224,0.038391013,0.270105
2016-05-05,-0.07263861,-0.89838326,-0.056825552,0.11801543
2016-05-06,0.010365964,0.6168705,0.042431615,-0.084790334
2016-05-09,-0.02104234,-1.5638857,0.021468997,0.22844355
2016-05-10,-0.019303028,0.9959287,-0.03116482,-0.15210027
2016-05-11,0.06420426,1.1926402,-0.09679615,-0.18501109
2016-05-12,-0.057226382,-0.33779934,0.032211,0.07286639
2016-05-13,-0.007866074,-0.085679926,0.00048771262,0.02485622
2016-05-16,0.03974893,1.107595,-0.011061533,-0.13484801
2016-05-17,-0.022231981,0.4474906,-0.024202805,-0.10816937
2016-05-18,-0.016261475,-0.22305131,0.007009089,0.03705415
2016-05-19,-0.039226945,-1.0782733,-0.041708343,0.16502766
2016-05-20,0.010145146,0.17193532,0.021795854,-0.0129387425
2016-05-24,-0.006605237,-0.43130606,-0.064652845,0.040697128
2016-05-25,-0.011764105,0.5578415,0.05533682,-0.03118678
2016-05-26,0.039768927,0.24172758,0.032703154,-0.04645142
2016-05-27,-0.012171142,0.14301176,-0.009678582,0.021047128
2016-05-31,0.0065108123,-0.07359593,-0.032176837,0.058328826
2016-06-01,0.006642122,0.27789146,0.03068287,-0.008327197
2016-06-02,0.004895594,0.44864208,0.024924926,-0.03822603
2016-06-03,0.049499754,0.5064485,0.0973673,-0.048588935
2016-06-06,0.0051214546,0.73504126,0.023428703,-0.08032639
2016-06-07,-0.023392508,0.09222459,-0.0031733247,-0.011194901
2016-06-08,0.055517863,1.4065515,0.033499263,-0.18377303
2016-06-13,0.021939687,-1.0159806,0.067584544,0.124652125
2016-06-14,-0.0489256,-0.53638554,0.04514924,0.08721939
2016-06-15,0.08085925,0.031646397,0.021920903,-0.023830073
2016-06-16,-0.0302976,-1.1348866,0.049473237,0.18012214
2016-06-17,-0.07205333,0.90163946,-0.030352918,-0.12642713
2016-06-20,0.023080092,0.67787325,-0.09653731,-0.13226238
2016-06-21,0.029503994,-0.6535358,-0.07790584,0.056250364
2016-06-22,0.007050754,0.029462323,-0.008629346,-0.009256726
2016-06-23,0.016717328,0.29498544,-0.048192915,-0.053483088
2016-06-24,-0.03794178,-0.97355783,0.09883563,0.13919899
2016-06-27,-0.04649739,-0.43797848,0.0987092,0.11336426
2016-06-28,0.089343116,1.2079204,-0.056639016,-0.19732393
2016-06-29,0.030660948,1.0521289,-0.05925838,-0.22099826
2016-06-30,0.00035642614,-0.24571185,0.012929053,0.06618504
2016-07-01,0.06573249,0.7571449,-0.0017698847,-0.08915242
2016-07-05,-0.019479977,-1.141815,0.10254835,0.1823796
2016-07-06,0.01082138,-0.017735248,-0.023631815,-0.045112837
2016-07-07,-0.0034067312,-1.3261145,0.007694547,0.19573332
2016-07-08,0.0016218679,0.6901986,0.051201317,-0.060547672
2016-07-11,0.053219642,0.20928974,-0.004829015,-0.007452448
2016-07-12,0.04289811,1.0881549,-0.081824906,-0.17593841
2016-07-13,-0.008858924,-0.33842665,0.07764814,0.01744087
2016-07-14,0.018944524,0.523408,-0.057870954,-0.064479046
2016-07-15,0.00010232078,-0.46801963,-0.09755331,0.041792378
2016-07-18,-0.03286766,-0.16121621,0.08608369,0.07093189
2016-07-19,0.050787088,-0.4060931,-0.033559103,0.033477224
2016-07-20,-0.028719628,-0.32349288,-0.018307287,0.10049746
2016-07-21,0.007140388,0.0023260582,0.030271856,0.02549784
2016-07-22,0.014203856,-0.64241314,0.00024225918,0.045913763
2016-07-25,0.003555109,-0.6241202,0.035165995,0.07135165
2016-07-26,-0.0060653826,-0.047776446,-0.0038638818,0.01218672
2016-07-27,-0.013728726,-0.4301366,0.06253132,0.08771251
2016-07-29,0.06568234,0.79099584,0.05735785,-0.0641684
2016-08-01,-0.013014653,-0.6043063,-0.009158025,0.116512194
2016-08-02,-0.0016802758,0.030999335,0.011291748,0.0024133434
2016-08-03,-0.016932735,0.5164456,-0.040096723,-0.08544848
2016-08-04,-0.015918085,0.22714594,-0.033642076,-0.044078432
2016-08-05,-0.00026952973,0.092782475,0.010739306,0.0034871446
2016-08-08,-0.032677103,0.53445685,0.005396508,-0.06200315
2016-08-09,-0.037213054,-0.25828627,0.032942,0.06715377
2016-08-10,-0.0152324075,-0.2685704,0.046080176,0.04336106
2016-08-11,-0.04633048,0.57194597,-0.06910219,-0.08012594
2016-08-12,-0.06497729,-0.09325707,-0.064264156,0.034904614
2016-08-15,-0.015339573,0.8253367,0.0036527845,-0.06553528
2016-08-16,-0.017086532,0.4338799,0.01732591,-0.041537587
2016-08-17,-0.02833905,0.17493656,-0.041504823,0.012952142
2016-08-18,0.026683347,0.7839765,-0.013653496,-0.139321
2016-08-19,-0.029168062,-0.28934452,-0.022693781,0.08244698
2016-08-22,0.0067605586,-0.554049,0.07267989,0.16265455
2016-08-23,0.0129642375,0.22423066,-0.026287934,-0.030339088
2016-08-24,-0.034651402,-1.0070959,-0.023436788,0.19769019
2016-08-25,0.011022079,-0.14273743,-0.026353251,0.02384251
2016-08-26,0.031546365,-0.15642363,-0.013463249,0.016631505
2016-08-30,0.022219488,-1.1015322,0.009062888,0.15567017
2016-08-31,-0.005874728,-0.83335257,0.0295055,0.17944777
2016-09-01,-0.026869603,-0.4023481,0.10956567,0.24587573
2016-09-02,-0.025629636,0.8597139,0.010166741,-0.08128547
2016-09-06,0.003980733,0.5208596,0.033551212,-0.09759775
2016-09-07,-0.003887209,0.441748,-0.011663151,-0.08190746
2016-09-08,-0.024723884,0.8473986,-0.0841689,-0.1210017
2016-09-09,-0.054362018,-0.89929533,0.051766526,0.14530595
2016-09-12,-0.035276897,-0.32928914,-0.011400542,0.04487685
2016-09-13,0.019327395,-0.8347858,0.017720107,0.0977316
2016-09-14,0.025773408,0.006949107,0.059268415,0.018060356
2016-09-19,-0.084961645,0.83976495,-0.039702196,-0.12144554
2016-09-20,0.011558961,0.48531783,0.031472363,-0.028871445
2016-09-21,0.011583189,0.5531297,-0.021418866,-0.14045201
2016-09-22,0.06099556,0.8663295,0.0027689051,-0.12642415
2016-09-23,0.005812972,-0.8640048,0.03528746,0.14550993
2016-09-26,0.015461678,0.25896445,-0.04088014,-0.030894905
2016-09-27,0.010349804,-0.63095766,0.056034345,0.16142015
2016-09-28,-0.009489329,0.7176202,-0.07806061,-0.12857321
2016-09-29,0.010418322,0.4036044,-0.033329323,-0.075853884
2016-09-30,-0.027284276,0.24647279,0.0062956815,0.020642031
2016-10-10,0.0014076715,0.32748333,-0.22070532,0.076121904
2016-10-11,-0.033516735,-0.6562749,0.040530067,0.10497538
2016-10-12,0.05241154,-0.24692789,-0.014561887,0.056073047
2016-10-13,-0.053632803,0.09536269,0.030717453,0.059326854
2016-10-14,-0.014284762,0.28296432,0.006974565,0.0061119865
2016-10-17,-0.032282833,-0.034637198,0.039401274,0.07979493
2016-10-18,-0.0030057107,0.15605032,-0.00042358311,-0.0182089
2016-10-19,-0.01212865,0.4483627,-0.004212477,-0.04839493
2016-10-20,-0.026473176,-0.82433957,0.0049993773,0.0987928
2016-10-21,-0.041701786,0.1520768,0.0023464256,-0.01759887
2016-10-24,0.050615575,0.30130062,0.020099962,-0.052302487
2016-10-25,0.073707074,0.5411228,0.03287809,-0.07406667
2016-10-26,-0.013739101,-0.10206597,0.04703594,0.03653348
2016-10-27,0.03486074,0.44734693,0.0063629616,-0.09350284
2016-10-28,0.07533317,0.10490864,0.006226345,-0.008653738
2016-10-31,-0.03070137,-0.44397056,0.03421887,0.1666453
2016-11-01,-0.013265603,0.18599993,-0.009375312,-0.07907245
2016-11-02,0.0011246727,-0.45789617,0.092711985,0.07517726
2016-11-03,0.035225417,-0.16897249,0.029480267,0.070752695
2016-11-04,-0.007110595,-0.25049534,0.069141366,0.08349905
2016-11-07,0.023502707,0.4372324,-0.04718781,-0.043038495
2016-11-08,0.0116290925,0.44428965,0.039542027,-0.062396973
2016-11-09,0.07249544,0.04130439,0.0017720485,-0.058897503
2016-11-10,0.028626338,0.121652715,0.019688766,-0.042213935
2016-11-11,-0.014271614,-1.4428688,-0.023649527,0.28257942
2016-11-14,0.05946609,-0.21731357,-0.010486396,0.059801005
2016-11-15,0.029960731,0.95319355,-0.06946236,-0.19509892
2016-11-16,0.022447215,-0.5336096,-0.037628014,0.021730108
2016-11-17,-0.012490071,0.077071525,-0.005633361,-0.014556968
2016-11-18,-0.03912481,-0.086357266,0.0002302248,0.034803037
2016-11-21,0.030378407,1.4472922,-0.09377678,-0.31694642
2016-11-22,0.0151165025,0.35189396,0.002425298,-0.06911416
2016-11-23,0.07854427,0.3211649,-0.027372353,-0.06701361
2016-11-25,0.032005966,-0.35731214,0.01823111,0.049878113
2016-11-28,0.07870999,0.62293667,-0.019247212,-0.14490475
2016-11-29,-0.005349283,-1.6087326,0.023429528,0.1368712
2016-11-30,0.018942444,1.1650834,-0.14425687,-0.3070812
2016-12-01,-0.0095833745,0.6263562,-0.09067038,-0.14923641
2016-12-02,-0.019700198,0.25500467,0.020855669,-0.043287788
2016-12-05,0.05344181,0.75744325,0.022131383,-0.11987556
2016-12-06,0.014702054,-0.25668478,0.016572036,0.013299847
2016-12-07,-0.0044759675,-0.33354566,0.039158266,0.03372296
2016-12-08,-0.015509853,-0.2919961,-0.019969203,0.03202328
2016-12-09,0.00081854744,0.23585473,-0.016507415,-0.04987583
2016-12-12,-0.006661948,0.44062442,-0.019706806,-0.09474295
2016-12-13,-0.0045492854,-0.016169501,-0.030620003,0.012908162
2016-12-14,0.041793704,-0.13964452,0.0046682847,0.05646474
2016-12-15,-0.039574295,-0.52970386,-0.052430347,0.097491845
2016-12-16,0.0082518365,0.2504791,-0.03332666,-0.116378345
2016-12-19,-0.061436288,-0.7361454,0.008698516,0.13496388
2016-12-20,0.001709298,-0.0027975966,-0.02038357,0.013573721
2016-12-21,0.025186941,-0.18711413,-0.012256773,0.020213366
2016-12-22,-0.0036183635,-0.2381612,-0.015463781,-0.023626078
2016-12-23,-0.048099622,-0.42902982,-0.0066405367,0.06283343
2016-12-28,-0.026958443,0.8461052,-0.018218441,-0.15995386
2016-12-29,-0.023857925,0.074898385,0.05567472,-0.023910807
2016-12-30,0.0041085407,0.10469831,0.0103335995,0.008843827
2017-01-03,-0.015726162,-0.15372758,0.08103608,0.08592362
2017-01-04,0.08827799,1.1205244,0.009853437,-0.15969314
2017-01-05,0.01860535,0.29359964,0.0446975,-0.04816743
2017-01-06,0.014256449,-0.16152668,-0.018246407,0.016159363
2017-01-09,0.015500189,-0.27269694,0.09663059,0.06672642
2017-01-10,0.061714426,0.29708803,0.05318188,-0.040165707
2017-01-11,-0.030752378,0.36750597,-0.03401331,-0.029390179
2017-01-12,0.037211504,0.7698967,0.0154979685,-0.07968401
2017-01-13,0.03765497,0.13576606,0.001690215,-0.027099691
2017-01-17,-0.09223316,-0.021041898,0.053477786,0.0024222701
2017-01-18,0.035984028,-0.27322525,0.07244257,0.0462075
2017-01-19,-0.009470744,-0.42700994,-0.026159978,0.07734062
2017-01-20,-0.00031318454,0.53151786,-0.0053065643,-0.06522936
2017-01-23,0.013044426,0.2065839,0.032717936,-0.023775123
2017-01-24,0.03372554,0.34116945,-0.022308325,-0.08666115
2017-01-25,-0.0033923797,-0.68338376,0.012729376,0.082268454
2017-02-06,0.0863576,0.39962298,-0.0018448,-0.15324587
2017-02-07,-0.020798055,-0.311569,0.038926248,0.045241587
2017-02-08,0.038144235,0.6962848,-0.030593615,-0.08694294
2017-02-09,-0.01294863,0.096496016,-0.010748875,-0.0112157455
2017-02-10,0.08434758,0.83393353,-0.009803377,-0.12027622
2017-02-13,0.009894591,-0.491583,0.027897855,0.067984894
2017-02-14,-0.012818435,0.050377812,-0.0004100859,-0.012966373
2017-02-15,-0.020863533,0.17485675,0.073612,0.02842023
2017-02-16,-0.0068442593,-0.36556846,0.018736867,0.066227116
2017-02-17,-0.005348537,-0.3983504,0.0034474707,0.03025563
2017-02-21,0.02430537,0.3338618,0.010285907,-0.04963991
2017-02-22,-0.03512367,-0.29089576,0.017366026,0.049698193
2017-02-23,-0.014260321,-0.30516958,-0.031369016,-0.029445812
2017-02-24,0.03603636,0.20208749,0.01674038,-0.060203385
2017-02-27,-0.0055236486,-0.03168827,-0.030037323,-0.0020821088
2017-02-28,-0.014805882,0.39115968,0.047884114,0.012189088
2017-03-01,0.042467598,0.8818516,-0.10421262,-0.06307192
2017-03-02,-0.019745145,-1.3746065,0.024216035,0.2576263
2017-03-03,-0.010107475,0.2256033,-0.012518218,-0.021492084
2017-03-06,-0.010103754,-0.25448224,-0.027078845,0.043697692
2017-03-07,-0.008011896,-0.77253133,-0.017560681,0.12122862
2017-03-08,0.01700206,-0.99520475,0.03138425,0.1751666
2017-03-09,-0.014454782,-1.0614388,0.024483997,0.18465647
2017-03-10,0.023023626,-0.27851498,0.027592992,0.04075869
2017-03-13,-0.0038937596,-0.06060108,-0.0019026012,-0.0021477016
2017-03-14,0.008769441,-0.18586634,-0.00050899835,0.060839776
2017-03-15,-0.047646064,0.7052857,0.0044492055,-0.12971945
2017-03-16,0.018310107,0.4862411,0.053463656,-0.09935386
2017-03-17,0.011170357,0.3245915,0.013195491,-0.021289421
2017-03-20,-0.017444408,-0.12931934,-0.01283567,0.07645851
2017-03-21,-0.040851295,-0.40528712,0.026408616,0.096333176
2017-03-22,-0.017366624,-0.07210802,0.007416167,-0.02678007
2017-03-23,0.0020240054,-0.12773076,0.0154052125,0.017974108
2017-03-24,0.0039634523,-0.14942782,-0.000685031,-0.012645536
2017-03-27,-0.03986623,-0.12312866,0.02271851,0.04655226
2017-03-28,0.029742954,0.58697563,-0.016555168,-0.07558541
2017-03-29,0.007291019,0.31566557,-0.05273556,-0.053168472
2017-03-30,0.0055974717,0.06712258,-0.042818572,-0.00778448
2017-03-31,-0.04380426,-0.16061895,0.006591392,0.03381447
2017-04-05,-0.07263015,0.31511104,-0.021846427,-0.004931131
2017-04-06,-0.01303127,-0.10451913,0.004148472,-0.009820275
2017-04-07,-0.022018762,0.2169814,0.020132132,-0.007042823
2017-04-10,-0.061929535,-0.24077418,-0.0054583494,0.060252503
2017-04-11,-0.019015493,0.10265352,0.047763355,-0.06291977
2017-04-12,-0.042402834,-0.23514518,0.018844951,0.060130082
2017-04-13,0.026294999,0.38121054,0.027714632,-0.07168646
2017-04-18,0.0626021,-0.7178093,0.00919765,0.115338184
2017-04-19,0.009168351,-0.5106589,0.02965418,0.082737856
2017-04-20,0.0348973,0.18361875,-0.0062844194,-0.014032114
2017-04-21,-0.047710493,-0.5153141,0.04673676,0.092755705
2017-04-24,0.0060372804,-0.21367233,0.0103933625,0.029656356
2017-04-25,-0.010315301,0.17800586,0.011478644,-0.018169263
2017-04-26,0.0033761067,-0.33534184,-0.04630447,0.051907465
2017-04-27,-0.05439078,-0.48414046,0.04407807,0.06541115
2017-04-28,0.05319283,0.35448015,0.019039588,-0.056218598
2017-05-02,0.03079051,-0.23667456,0.045920275,0.0325643
2017-05-03,-0.067771934,-0.63342535,-0.013393773,0.118712954
2017-05-04,0.011441552,-1.2433919,-0.004336613,0.19075398
2017-05-05,-0.03893848,0.39433324,-0.027024236,-0.014887692
2017-05-08,-0.012015177,-0.27138135,-0.003137055,0.058545344
2017-05-09,0.014661075,-0.28222418,-0.004996482,0.06325154
2017-05-10,-0.023277268,0.57830316,-0.013122134,-0.0782585
2017-05-11,0.042179912,0.34678832,-0.031634975,-0.08694955
2017-05-12,0.0055064545,0.31807554,-0.004773204,-0.045462847
2017-05-15,0.06293982,0.81968504,-0.0252503,-0.14970401
2017-05-16,-0.044460338,-0.023680756,0.048709713,0.0046493495
2017-05-17,0.004938695,0.5869256,0.04511537,-0.05020803
2017-05-18,-0.012521305,-0.5843506,-0.046469726,0.05581576
2017-05-19,0.061044056,1.2151206,-0.059566956,-0.1644795
2017-05-22,0.0054217037,0.44184744,0.013461474,-0.08104545
2017-05-23,0.021490619,-0.29674482,-0.033088386,0.027997974
2017-05-24,-0.036459494,-0.2953829,0.01476495,0.061805975
2017-05-25,0.019927412,-0.6390633,0.069738425,0.110899195
2017-05-26,0.011032687,0.011834782,-0.010347265,-0.024057027
2017-05-31,-0.008391152,-0.9376649,0.04778956,0.12254765
2017-06-01,-0.02554417,-0.40164122,-0.011262828,0.063551724
2017-06-02,-0.03213382,-0.2529657,0.043233965,-0.0098473225
2017-06-05,-0.042481817,-0.35242116,0.051968798,0.080475934
2017-06-06,-0.038975846,0.2782196,0.020305188,-0.030301588
2017-06-07,-0.021930004,-0.61301935,0.103529505,0.15054739
2017-06-08,1.0304764e-06,0.30607304,0.0007017991,-0.012308918
2017-06-09,0.028113225,0.40994757,-0.016607726,-0.053818017
2017-06-12,-0.0012870067,-0.6869459,-0.025569914,0.125201
2017-06-13,-0.061460342,-0.032396752,0.0080632055,0.04732737
2017-06-14,0.007316909,-0.51935065,0.06716482,0.11730062
2017-06-15,-0.08125471,-0.4498381,-0.032220334,0.11399985
2017-06-16,-0.015052336,0.3844087,-0.004912008,-0.03243434
2017-06-19,0.040194888,-0.15494369,-0.019919215,0.019051244
2017-06-20,0.005670013,-0.74383646,0.019547092,0.09280219
2017-06-21,0.024307117,-0.29216313,-0.018382614,0.04632697
2017-06-22,0.0041945046,-0.009844568,-0.065888636,-0.036781393
2017-06-23,0.024742112,0.4134864,0.009385966,-0.03304208
2017-06-26,-0.0032342146,-0.0688043,-0.038917005,0.010702136
2017-06-27,0.022554174,0.8410933,-0.03882864,-0.09451698
2017-06-28,-0.0134234745,0.3839995,-0.0121664405,-0.09385848
2017-06-29,0.026706843,0.63413835,0.028464708,-0.051296104
2017-06-30,-0.01218492,0.8944848,0.030247772,-0.11949625
2017-07-03,-0.012901425,0.4437552,-0.02326313,-0.040854335
2017-07-05,-0.021515412,-0.58032763,0.065564424,0.19158724
2017-07-06,0.02131177,0.190563,-0.019414244,-0.055254385
2017-07-07,-0.0048331697,-0.7482024,0.045887105,0.1642116
2017-07-10,-0.06476154,-0.055024784,0.025431002,0.009905591
2017-07-11,0.016202647,0.46874404,-0.014826943,-0.09085543
2017-07-12,0.026238045,0.027358105,-0.027373983,-0.0678288
2017-07-13,0.043738626,-0.23384008,-0.055840578,0.06638456
2017-07-14,-0.0024514217,0.7841165,0.015943805,-0.12192293
2017-07-17,0.03817741,0.2882279,0.02241979,-0.03947577
2017-07-18,-0.033944473,0.30820197,0.031957477,0.049411837
2017-07-19,-0.03701081,0.43205976,-0.011777681,-0.064172745
2017-07-20,-0.023441127,0.28783283,0.02917716,0.013809959
2017-07-21,0.018755715,-0.49103218,0.049235307,0.07807139
2017-07-24,-0.01559865,-0.11714022,-0.015629351,0.01149199
2017-07-25,0.011883507,0.60057545,-0.071782835,-0.12954044
2017-07-26,-0.015460177,0.58397275,0.014458734,-0.06002866
2017-07-27,0.019831803,0.5107922,0.002821185,-0.076758236
2017-07-28,-0.037075117,0.50682795,-0.017708844,-0.039368436
2017-07-31,0.008704983,0.38878906,-0.03824537,-0.013794406
2017-08-01,0.024218816,-0.6492663,0.00041253114,0.060567196
2017-08-02,0.007446513,0.45204663,0.0080062,-0.06485706
2017-08-03,0.0300262,-0.43530712,-0.019335499,0.06065178
2017-08-04,-0.017621933,-0.012832983,-0.020515209,0.026830312
2017-08-07,0.024554273,0.27714157,0.039751977,-0.0033038773
2017-08-08,0.070679516,0.49556056,-0.0061266576,-0.07195302
2017-08-09,-0.012475046,0.3822826,0.021632234,-0.030008134
2017-08-10,0.033589512,-0.655865,-0.03078908,0.092730336
2017-08-11,-0.029736847,-0.016879704,0.021913864,0.007422318
2017-08-14,0.003689612,-0.6465142,0.047971305,0.10229152
2017-08-15,-0.030311253,-0.71493757,0.041713506,0.07104661
2017-08-16,0.067876875,0.40573955,0.0075973854,-0.044213634
2017-08-17,-0.038592614,0.118488945,0.012421757,0.020628095
2017-08-18,0.011692074,0.70849466,-0.03180385,-0.08422587
2017-08-21,0.037104066,-0.101100035,0.036548,0.030399868
2017-08-22,-0.0029048051,0.06121356,-0.037987366,-0.00023615912
2017-08-23,-0.012204315,0.49703342,-0.032875698,-0.054323833
2017-08-24,0.030553794,0.37716404,0.0029034894,-0.031710003
2017-08-25,-0.04579132,-0.26350048,0.0206602,0.052349407
2017-08-29,0.10156574,0.49924502,-0.0487865,-0.07847421
2017-08-30,0.037195817,0.042681467,-0.06734096,-0.02105524
2017-08-31,0.040591937,1.4297925,-0.09187432,-0.15412126
2017-09-01,0.015827028,-0.23916414,0.09770211,-0.039055083
2017-09-05,-0.016807728,0.31865433,0.041442834,-0.08350378
2017-09-06,-0.019364245,0.27279,0.03435422,-0.01496701
2017-09-07,-0.0032316993,0.038757086,0.013860714,-0.0017667928
2017-09-08,-0.058769047,-0.7695619,0.012337251,0.140891
2017-09-11,-0.031557545,-0.053418685,-0.004798535,0.053518828
2017-09-12,-0.026823401,-0.1913557,-0.007921433,0.10080731
2017-09-13,-0.050154176,-0.054219525,0.0023681566,0.012330258
2017-09-14,-0.036445007,-0.026610212,0.026089119,0.03181804
2017-09-15,-0.060436286,0.34936774,-0.0075319675,-0.13398007
2017-09-18,0.012876207,-0.27624196,-0.04721134,0.060628027
2017-09-19,-0.011532988,-0.21995868,-0.020185731,0.02758526
2017-09-20,0.010958481,0.74288607,0.02993229,-0.09758428
2017-09-21,-0.015628949,-0.5874406,0.002664318,0.1000583
2017-09-22,-0.058737777,-0.13633534,0.023271637,0.028468462
2017-09-25,0.026847314,0.5463961,-0.05104124,-0.1077949
2017-09-26,-0.023608537,-0.8084904,0.002390945,0.16543236
2017-09-27,-0.019231765,-0.24975635,0.009270816,0.02726073
2017-09-28,0.04325537,0.0878351,0.027599763,-0.032422908
2017-09-29,-0.057352666,-0.3442098,0.031862505,0.09450345
2017-10-09,0.105308376,0.12331766,0.08890247,-0.004550328
2017-10-10,0.036187287,0.687761,-0.019204251,-0.17215705
2017-10-11,-0.033597782,-0.08186805,-0.040960886,-0.00896274
2017-10-12,0.007202766,0.21511997,0.041466366,0.01186987
2017-10-13,-0.019211924,0.6785365,0.0036604214,-0.1020351
2017-10-16,-0.016441125,0.11960933,-0.013755796,-0.03866718
2017-10-17,-0.038825125,-0.5255105,-0.011112956,0.13155304
2017-10-18,-0.0018034893,-0.13558324,-0.015785038,0.032911174
2017-10-19,0.0020204056,0.10876726,0.046053816,0.03443948
2017-10-20,-0.010533165,-0.06477843,-0.05839138,0.014831307
2017-10-23,0.05092165,0.44173384,-0.012106889,-0.093419805
2017-10-24,0.011265686,0.41706884,-0.0014730943,-0.0645719
2017-10-25,0.010628357,0.07005493,-0.006892799,0.012087056
2017-10-26,-0.01877394,0.015195997,-0.022940736,0.011881061
2017-10-27,-0.05988813,0.07370833,-0.009604714,0.006363105
2017-10-30,-0.0015811743,0.27139306,0.005491429,-0.083231226
2017-10-31,0.022108264,0.19172817,-0.04083299,-0.03620851
2017-11-01,0.022798974,0.36863235,0.061873853,-0.11550498
2017-11-02,-0.0065251784,0.011264522,0.0048053404,0.056301735
2017-11-03,-0.02544316,-0.018029954,-0.032569744,-0.034537256
2017-11-06,0.005371577,0.976785,-0.01923689,-0.14483215
2017-11-07,-0.054793328,-0.66428065,0.008766704,0.15124029
2017-11-08,0.0071772817,0.25544968,0.020781033,0.003804344
2017-11-09,-0.009731083,-0.19430257,-0.015804186,0.03190291
2017-11-10,0.0068846135,-0.17383175,0.009954796,0.050151646
2017-11-13,0.021006156,0.010032678,0.037313517,-0.00836112
2017-11-14,-0.04188827,-0.9659026,0.047142535,0.15833974
2017-11-15,-0.008442562,0.11645573,0.008648691,0.012091389
2017-11-16,-0.00800731,-0.27635685,0.03518235,0.04233747
2017-11-17,0.045640513,0.8808205,0.01665222,-0.18353742
2017-11-20,0.022753216,-0.62215656,-0.038713425,0.09637277
2017-11-21,0.012823438,0.4786061,0.0043685026,-0.07504909
2017-11-22,0.02827183,0.51953316,0.030109784,-0.09743878
2017-11-24,0.040624462,0.34546238,-0.024485804,-0.05849101
2017-11-27,-0.003740558,-0.3628341,0.007682047,0.04045587
2017-11-28,0.031038875,-0.3125366,-0.029270628,0.099646084
2017-11-29,-0.011847615,-0.36785224,0.019798364,0.11191951
2017-11-30,-0.03811354,-0.38942525,-0.002414685,0.060607325
2017-12-01,0.03884399,0.6508236,-0.030831289,-0.10398961
2017-12-04,-0.0069706053,-0.66956335,0.059482705,0.091347545
2017-12-05,-0.06663575,-0.62234694,-0.04862505,0.11985668
2017-12-06,-0.001381328,-0.90476173,0.03116045,0.13149264
2017-12-07,-0.03698503,-0.038876392,-0.046658058,0.00819594
2017-12-08,-0.034510296,0.1988784,-0.030731073,-0.0056347447
2017-12-11,0.02315655,0.32419562,-0.025303867,-0.063569546
2017-12-12,-0.006709379,-0.48170865,0.01235814,0.07495209
2017-12-13,0.011957968,-0.012686389,0.0714793,0.017393542
2017-12-14,0.03160817,0.42536038,0.0029135507,-0.07191845
2017-12-15,0.014515589,0.5729426,0.04520908,-0.13010418
2017-12-18,0.018702138,0.4289588,0.010629087,-0.05364342
2017-12-19,0.014001326,0.39452913,0.012712342,-0.008947454
2017-12-20,0.048490304,0.64290434,-0.0037069267,-0.100113936
2017-12-21,0.028440304,0.28608096,0.017018395,-0.058216702
2017-12-22,0.018114537,0.39367703,0.0045307754,-0.07073193
2017-12-27,0.020102456,1.0302078,0.019450106,-0.16250215
2017-12-28,0.036695406,0.4190739,0.018683204,-0.09190722
2017-12-29,0.003673186,0.48798558,0.005053426,-0.045562584
2018-01-02,-0.021979144,0.15569915,0.053889513,0.040161517
2018-01-03,-0.029089421,0.2938876,-0.03191154,-0.056966532
2018-01-04,0.025625665,0.27967566,-0.0012161162,-0.028269798
2018-01-05,-0.042764947,-0.4933366,0.017624384,0.11208623
2018-01-08,0.0063790334,-0.27060688,-0.03470601,0.040284496
2018-01-09,-0.021298567,0.18636106,-0.03270667,-0.030548435
2018-01-10,0.012834557,0.25376812,0.006993921,-0.05511033
2018-01-11,0.04512609,-0.05372131,-0.03831874,-0.04226814
2018-01-12,0.011843384,0.23650412,0.0026332468,-0.03721265
2018-01-16,-0.030877307,-0.3546377,0.04453706,0.059638333
2018-01-17,-0.021108055,0.06322851,0.01943458,-0.004855562
2018-01-18,0.018145867,0.0062369923,-0.0328732,-0.023571737
2018-01-19,0.0006931853,0.046433598,0.042151604,0.012897908
2018-01-22,0.005881761,0.13887106,0.004313041,-0.0073247612
2018-01-23,-0.016892618,0.03244643,-0.03964547,-0.012852229
2018-01-24,0.08109976,1.0213195,0.062219717,-0.15341026
2018-01-25,0.014605174,0.16320457,0.016736683,0.016470633
2018-01-26,-0.021931631,0.103861146,-0.0066499948,0.011750812
2018-01-29,-0.032379653,-0.110556215,0.0028759795,0.05829522
2018-01-30,-0.026472291,-0.55312824,0.07076543,0.09293541
2018-01-31,0.027222376,0.10437221,5.7638194e-05,-0.049985763
2018-02-01,0.013499703,0.306769,0.010682135,-0.078590624
2018-02-02,-0.033666175,-0.79007953,0.022512184,0.12917209
2018-02-05,0.016591545,-0.152708,0.03280781,0.046967935
2018-02-06,-0.07924862,-0.44723198,0.050607376,0.13723308
2018-02-07,-0.021131536,-1.0745466,0.043001447,0.18942389
2018-02-08,0.024651881,-0.1976828,0.013830095,0.02510997
2018-02-09,-0.026379034,-1.1975143,0.0444328,0.19777979
2018-02-22,0.05753507,1.8068093,-0.10418446,-0.41900188
2018-02-23,-0.023473466,0.04558868,-0.040928576,0.013652279
2018-02-26,-0.00015818566,0.3407459,0.0011728436,-0.009095574
2018-02-27,-0.015527146,-0.6371564,0.018643925,0.118980505
2018-02-28,-0.03809714,-0.4026728,0.09801474,0.096096024
2018-03-01,-0.02169208,-0.105498925,-0.014710188,0.0143088205
2018-03-02,-0.014610855,-0.026287423,0.010171915,-0.010502209
2018-03-05,0.0028621017,0.35057852,-0.02081061,-0.087305844
2018-03-06,-0.010452422,0.31032795,0.032489568,-0.018067589
2018-03-07,-0.009452902,-0.9757748,-0.021873288,0.15483597
2018-03-08,-0.013341121,-0.44491857,0.04453947,0.108094245
2018-03-09,0.02164175,0.5483408,-0.042174466,-0.12996311
2018-03-12,-0.040887408,-0.4094898,0.032369163,0.09587726
2018-03-13,0.029944088,0.2843486,0.021752955,-6.7546236e-05
2018-03-14,-0.0034794218,-0.024225816,-0.019487314,-0.009483802
2018-03-15,-0.054174963,-0.13974823,0.009019608,0.056739077
2018-03-16,-0.010362969,-0.009622755,-0.043193985,0.004009576
2018-03-19,0.005257342,-0.39247623,0.0027641268,0.08434846
2018-03-20,-0.008300153,0.050523985,-0.05291586,-0.010288631
2018-03-21,0.0007669604,0.80399555,-0.031672947,-0.09680612
2018-03-22,-0.030568214,-0.3960698,0.048866775,0.07610549
2018-03-23,-0.04135381,0.057518054,0.016675122,-0.004122673
2018-03-26,0.006810082,-0.13839209,0.0028582793,0.059656426
2018-03-27,-0.0024307135,0.040609892,-0.014391066,0.030542975
2018-03-28,-0.039123766,-0.46669996,-0.008755266,0.08947808
2018-03-29,-0.035585895,0.4628055,0.04238456,-0.0053204345
2018-04-03,0.017988123,-0.21902785,0.063003026,0.039051834
2018-04-04,0.0012534356,-0.66582364,-0.0021039187,0.11190288
2018-04-09,0.11477051,1.0955054,0.09263394,-0.1675894
2018-04-10,0.05290436,0.96928716,-0.04405741,-0.19023113
2018-04-11,0.029866463,0.4743407,-0.0152174765,-0.09368572
2018-04-12,-0.023174621,-0.16962695,0.012710116,0.0175483
2018-04-13,-0.018171582,-0.11818122,-0.008536278,0.0059027956
2018-04-16,0.10135849,-0.06638503,-0.036951378,-0.11049439
2018-04-17,-0.0057219076,-0.06946132,-0.007781735,-0.0058062123
2018-04-18,0.06478318,1.2605517,-0.022071883,-0.23816498
2018-04-19,-0.035195112,-0.19055413,-0.013013596,0.059400316
2018-04-20,0.016882075,-0.20816553,-0.038052607,0.031204794
2018-04-23,-0.07570717,-0.7579697,-0.07333775,0.16353995
2018-04-24,-0.027752003,-0.14526148,0.030573606,0.035627577
2018-04-25,-0.014463045,-0.10716937,0.0006633758,0.014431818
2018-04-26,-0.0020541009,0.2513247,-0.0006442128,-0.012549027
2018-04-27,-0.02700818,-0.09003183,0.043175858,0.016248493
2018-05-02,-0.12599021,-0.28428528,-0.021918997,0.03073535
2018-05-03,-0.040363718,0.047762133,0.024462052,-0.022960445
2018-05-04,0.06521484,0.6335365,-0.04744143,-0.10741855
2018-05-08,-0.027626155,-0.40012476,-0.017206274,0.06940388
2018-05-09,0.0047967057,0.5430333,-0.07280657,-0.093333535
2018-05-10,-0.023613077,0.2378154,0.014713617,-0.035208866
2018-05-11,-0.009744167,-0.30846217,-0.026044589,0.055566765
2018-05-14,-0.03440967,0.056575894,-0.02706069,0.0016138232
2018-05-15,0.020664737,0.08716554,-0.0695072,-0.038758267
2018-05-16,0.025360351,0.049967423,-0.017211106,-0.027457353
2018-05-17,0.012745975,0.24704665,-0.025272325,-0.046121158
2018-05-18,-0.016923988,-0.011793966,0.046483096,0.040757798
2018-05-21,-0.005724287,0.7073353,0.020368923,-0.08696806
2018-05-22,-0.031552635,0.279734,0.025308903,-0.007873793
2018-05-23,-0.046531405,-0.1497773,0.032073475,0.053453118
2018-05-24,0.037327237,0.16247995,0.04100851,-0.004455987
2018-05-25,-0.014834077,-0.60772383,0.06473726,0.13880876
2018-05-29,0.05819653,-0.27442044,-0.008856557,0.042074766
2018-05-30,0.028634071,0.5187988,-0.036940064,-0.1408757
2018-05-31,-0.006884608,-0.09713087,0.043873042,0.063388936
2018-06-01,0.0031356693,-0.23444764,0.015909996,0.047878567
2018-06-04,0.03754545,-0.5812143,-0.027261373,0.08944129
2018-06-05,-0.025726268,0.20976606,0.037156668,-0.07387011
2018-06-06,0.025676839,0.113429986,0.039714947,-0.058365766
2018-06-07,-0.0032980023,0.12466526,-0.0744162,-0.058264542
2018-06-08,0.03364812,0.17662205,0.019418875,-0.032260783
2018-06-11,0.009822529,-0.22393446,-0.02082392,0.036542714
2018-06-12,-0.011469244,0.02495811,0.04798117,0.0068058567
2018-06-13,-0.0043063513,0.029380681,-0.022870809,0.021590387
2018-06-14,0.0054780263,-0.5983788,-0.019810108,0.07125632
2018-06-15,-0.015592954,-1.6171492,0.016870646,0.25197724
2018-06-19,-0.047681488,-1.0539052,-0.009316002,0.19553246
2018-06-20,-0.019891694,0.17845665,0.0072309175,-0.009839346
2018-06-21,-0.027058093,-0.5335697,0.035742424,0.096549995
2018-06-22,0.011328921,0.8836608,-0.050159816,-0.17241782
2018-06-25,-0.007918508,-0.8856516,-0.009476273,0.14732274
2018-06-26,-0.02899735,0.18570526,-0.028375769,-0.019454919
2018-06-27,0.02090787,0.4404859,-0.06637549,-0.10745847
2018-06-28,-0.021101205,-0.3361151,-0.03257974,0.042271886
2018-06-29,-0.01001718,0.4784832,-0.0066200765,-0.070720896
2018-07-02,0.054806344,-1.2414043,-0.035424996,0.08139872
2018-07-03,-0.033638548,-0.007736637,0.03833552,-0.024108129
2018-07-05,-0.057722595,-0.38398564,0.02243941,0.07673432
2018-07-06,-0.007772282,0.53626686,0.053423077,-0.04310589
2018-07-09,0.027951786,0.16599503,-0.02762811,-0.016197514
2018-07-10,-0.03454073,-0.20131852,-0.010353103,0.0492376
2018-07-11,0.005516015,-1.7112,-0.01047709,0.22122444
2018-07-12,0.020760786,0.44055748,0.01605326,-0.10508499
2018-07-13,-0.010360175,-0.44815633,-0.048343275,0.056701716
2018-07-16,-0.0079299975,-0.5324365,0.10095931,0.0574653
2018-07-17,-0.07372979,-0.31183416,0.0026829003,0.118308105
2018-07-18,0.020032635,0.36464098,-0.0098205,-0.07358098
2018-07-19,-0.052372,-0.40593302,0.0005027117,0.08511562
2018-07-20,0.03943017,0.98922426,0.04625742,-0.10201629
2018-07-23,-0.0056256773,-0.1490524,0.03221424,0.07429878
2018-07-24,0.037276987,0.55440867,0.008880369,-0.09481835
2018-07-25,-0.00497376,0.36130813,0.026887994,-0.10773031
2018-07-26,-0.029491436,-0.054537248,-0.012496898,0.023763007
2018-07-27,-0.006267591,0.015813278,0.007534586,0.052120253
2018-07-30,0.019980319,0.2025749,0.05245852,-0.06583293
2018-07-31,-0.00831178,0.21991341,0.053924166,0.0041216942
2018-08-01,-0.03921319,-1.2309113,0.017280694,0.16741467
2018-08-02,-0.017274251,0.13888243,-0.01981103,-0.04275151
2018-08-03,0.022921862,0.4481471,0.037712537,-0.06549608
2018-08-06,-0.026055604,-0.01233506,0.020372273,0.030030511
2018-08-07,0.003271961,0.39263055,-0.009715351,-0.03439819
2018-08-08,0.023476722,-0.33855444,0.095019,0.07528197
2018-08-09,-0.01245503,-0.20031486,0.010372747,0.051869534
2018-08-10,-0.00057534646,-0.6118853,-0.06355313,0.0723508
2018-08-13,-0.064194985,-0.8472621,-0.018590288,0.16486888
2018-08-14,-0.019145336,-0.004249976,0.027007516,-0.009128049
2018-08-15,-0.0754893,-1.8231691,0.036363095,0.35878056
2018-08-16,0.10485626,0.95161283,0.005453616,-0.16176476
2018-08-17,-0.0040741223,0.066414654,-0.0045229406,-0.030216089
2018-08-20,0.006180617,0.3251873,-0.013894955,-0.06880392
2018-08-21,0.031509973,0.29568535,-0.012974808,-0.043520723
2018-08-22,-0.005871559,0.07729441,-0.046935607,-0.011412164
2018-08-23,-0.021918518,-0.55793524,-0.005323828,0.113653965
2018-08-24,0.049832605,0.84165204,0.016824136,-0.079744
2018-08-28,0.047148313,0.09028608,-0.02227194,-0.07138661
2018-08-29,-0.03172262,0.19535924,0.012033398,-0.02634766
2018-08-30,-0.06343549,-0.26070583,-0.01035826,0.08109013
2018-08-31,-0.047327276,-0.11300683,0.037671663,0.07827673
2018-09-04,-0.061486878,-0.79993635,0.026928501,0.12593465
2018-09-05,0.021595977,-0.17436406,0.0506804,0.052304115
2018-09-06,0.0014447051,-0.2328639,0.005931243,0.03366257
2018-09-07,-0.0068525947,0.04641747,0.016970789,-0.0046643782
2018-09-10,-0.0036939941,0.32120928,0.029860899,-0.046719152
2018-09-11,-0.056095608,-0.22747928,-0.038600497,0.029211517
2018-09-12,0.07582003,0.6167407,-0.007852578,-0.1310986
2018-09-13,-0.008919673,-0.57596743,0.024975754,0.09766155
2018-09-14,-0.03266104,-0.45259985,-0.014733141,0.047898803
2018-09-17,-0.016238324,-0.020889428,0.026727993,-0.04661033
2018-09-18,0.039205994,0.3405409,-0.0236608,-0.11365893
2018-09-19,0.042719692,0.8044008,0.017243722,-0.093011305
2018-09-20,0.01440782,0.45585617,0.053232405,-0.030246662
2018-09-21,0.07148892,0.704071,0.014803755,-0.07426725
2018-09-25,-0.009933477,0.31143078,-0.080277264,-0.084618226
2018-09-26,-0.013113076,-0.24323533,-0.005932058,0.06021199
2018-09-27,-0.0601927,-0.15092073,-0.0071282974,0.09204456
2018-09-28,0.077790596,0.6830902,-0.018350802,-0.12909381
2018-10-08,-0.16191383,0.7608238,-0.054163784,-0.15986477
2018-10-09,0.049304623,0.42161733,0.010856859,-0.086810835
2018-10-10,-0.027269335,-0.8948589,0.035988614,0.11878605
2018-10-11,0.005956586,-0.082852654,0.10204764,-0.0012703814
2018-10-12,0.0037253764,0.36781254,0.035603005,-0.004374379
2018-10-15,-0.07951124,0.35487404,0.06272611,0.029765526
2018-10-16,-0.008099156,-0.050495937,-0.027409311,0.020088762
2018-10-17,0.012533639,-0.2597829,0.06624655,0.12936136
2018-10-18,0.0040179994,-0.59601223,0.017389096,0.104407504
2018-10-19,-0.020785855,0.07611975,-0.006150164,0.002440367
2018-10-22,-0.022436647,-0.11170108,-0.010944566,-0.054171532
2018-10-23,0.014139738,-0.6039902,0.068457775,0.09973238
2018-10-24,-0.011504888,-0.30250964,-0.0035998344,0.032829594
2018-10-25,0.0018415784,-0.14470331,-0.013921978,0.020545498
2018-10-26,-0.009115506,0.21021612,0.024161719,-0.04638265
2018-10-29,-0.03941525,-0.56329006,-0.041535623,0.059786893
2018-10-30,-0.03655234,-0.7016046,0.004945683,0.11664137
2018-10-31,-0.032191407,-0.40995374,0.017950973,0.067317344
2018-11-01,0.07730486,0.56407964,0.13130218,-0.05314645
2018-11-02,0.022376763,0.33793333,0.05584103,-0.0041179513
2018-11-05,-0.039815396,-0.41179752,-0.008272303,0.090070225
2018-11-06,-0.06362078,-0.55330056,-0.003385456,0.1073902
2018-11-07,0.0058825687,0.33894163,0.025533397,-0.021465596
2018-11-08,0.030921178,-0.33579165,-0.0027234796,0.09561234
2018-11-09,-0.039284714,-0.80110776,-0.04823089,0.16025758
2018-11-12,-0.059502076,-0.3221066,0.0027623249,0.05803153
2018-11-13,0.020059075,-1.281194,0.06596262,0.18412252
2018-11-14,0.025532117,0.4600823,-0.009741489,-0.027638707
2018-11-15,0.0024041203,0.18236071,0.049216203,-0.031357706
2018-11-16,0.0629524,0.42430633,0.012773973,-0.076856114
2018-11-19,0.0019396995,-0.041398168,-0.02628917,0.010480512
2018-11-20,-0.03125155,-1.3870648,0.0985071,0.26274595
2018-11-21,-0.0021387707,0.4374931,0.016983358,-0.059919946
2018-11-23,-0.009140076,-1.6691546,0.100303516,0.27407798
2018-11-26,-0.010845881,0.0802808,-0.05015355,-0.060737096
2018-11-27,-0.051596947,-0.5273421,0.022840481,0.13451096
2018-11-28,0.023212403,0.39896244,0.07376498,-0.0121340575
2018-11-29,-0.012244846,0.17796923,-0.034058157,-0.027928099
2018-11-30,0.00013373133,-0.015657725,0.05654203,-0.0069662146
2018-12-03,0.004642048,1.1085212,0.0056615057,-0.17321657
2018-12-04,-0.03379002,0.09732169,-0.008403325,-0.00012915513
2018-12-05,0.026090804,0.021782216,-0.009175378,0.0024529188
2018-12-06,-0.052025117,-1.0613232,0.046393953,0.21708485
2018-12-07,0.044725005,0.91554046,-0.03866181,-0.1831777
2018-12-10,-0.02538134,-0.9118734,0.051113438,0.18449259
2018-12-11,-0.010612005,0.19687901,0.0013448108,-0.041923158
2018-12-12,-0.013132702,0.11856179,0.04833036,-0.015604493
2018-12-13,-0.024557887,0.15303999,-0.030557118,-0.014765305
2018-12-14,-0.022195887,-0.69601953,0.05094689,0.11846835
2018-12-17,0.04222124,0.03452274,0.075973965,-0.02423763
2018-12-18,-0.06850142,-1.271013,0.056556102,0.24800402
2018-12-19,0.036208536,0.63998264,-0.025674233,-0.049553007
2018-12-20,0.0023446928,-0.8901285,0.079383306,0.13487573
2018-12-21,-0.054292828,-0.60199094,-0.004063161,0.109440885
2018-12-24,0.00873449,-0.92103,0.11394212,0.18479377
2018-12-27,-0.011197567,0.19767486,-0.06821072,-0.10640465
2018-12-28,-0.029093923,0.030820392,0.050160386,-0.0021545603
2019-01-02,-0.05683546,0.16336182,-0.039272413,-0.041656516
2019-01-03,-0.022549812,0.39866745,0.019944461,-0.019576797
2019-01-04,0.07359484,1.1140363,-0.03145593,-0.18993075
2019-01-07,0.044213973,0.44750556,0.020374214,-0.05592819
2019-01-08,-0.01577015,0.30332416,-0.014438005,-0.05904849
2019-01-09,-0.0054185116,0.90746576,-0.06677252,-0.17337082
2019-01-10,-0.0038041032,-0.34168345,-0.028542863,0.03753969
2019-01-11,-0.015752496,-0.04214869,0.042852305,0.05058804
2019-01-14,0.008187822,-0.5325605,0.012870498,0.08764233
2019-01-15,-0.0068786237,0.38466445,-0.013115614,-0.07283296
2019-01-16,0.013279012,0.55538994,0.016665488,-0.0618483
2019-01-17,0.0022062494,0.28413928,-0.0016083473,0.00035928361
2019-01-18,0.011680656,0.69074583,-0.042991363,-0.09293324
2019-01-22,0.017671594,-0.8133369,0.0489268,0.13396183
2019-01-23,0.0035896203,0.24149586,0.03154256,-0.012492154
2019-01-24,0.00051955204,0.03418075,-0.009626476,0.027149636
2019-01-25,0.043982144,0.82902277,0.026539553,-0.1347409
2019-01-28,-0.049783055,-0.8968589,0.04638154,0.13964958
2019-01-29,0.03002346,0.61820376,-0.026234701,-0.09675999
2019-01-30,0.04428652,0.65319014,-0.020099547,-0.09913488
2019-01-31,0.0218573,0.0961207,0.043027386,0.037364665
2019-02-01,-0.018620804,0.2804048,-0.05005076,-0.048267785
2019-02-11,-0.03572816,-0.94935185,0.057586495,0.14616358
2019-02-12,-0.041791193,0.13887551,0.022997994,0.017374646
2019-02-13,-0.010882055,0.2289972,-0.028682437,-0.043852977
2019-02-14,-0.007560076,-0.12949522,-0.057457343,0.017114202
2019-02-15,0.049562324,1.0885108,-0.06350669,-0.21592839
2019-02-19,0.03895176,0.29877862,0.03158292,-0.053699903
2019-02-20,0.023652997,0.6149275,0.00012336543,-0.07651691
2019-02-21,0.0526657,0.15352689,-0.067805566,0.0003641368
2019-02-22,0.036032632,0.500255,0.019360956,-0.08984907
2019-02-25,0.0059209527,-0.8245314,0.029444277,0.14498802
2019-02-26,-0.008364582,-0.024769476,-0.0549881,-0.030046258
2019-02-27,0.029352713,0.52627677,-0.03055912,-0.09494672
2019-02-28,0.010346586,-0.00015284703,-0.029660374,0.0033007474
2019-03-01,0.0121462615,-0.14106548,-0.051964678,0.09007468
2019-03-04,-0.04181445,-0.39368007,-0.04404287,0.058234032
2019-03-05,0.036450975,0.4225502,0.00506924,-0.042632066
2019-03-06,-0.01625853,-0.45761365,-0.022960741,0.08083478
2019-03-07,-0.029953055,-0.42746842,-0.017012935,0.036510628
2019-03-08,0.031255793,-0.058878027,0.041357134,-0.023925483
2019-03-11,0.00094138633,-0.12163556,-0.045116458,0.0036074612
2019-03-12,0.040595535,0.77311385,0.030537881,-0.10657457
2019-03-13,0.03194307,0.56375647,-0.0011870349,-0.08768657
2019-03-14,-0.024334949,-0.42667386,-0.008824723,0.0883929
2019-03-15,-0.0125360135,0.38636157,0.071393676,-0.06589756
2019-03-18,0.009555594,0.17110515,-0.014482143,-0.023298398
2019-03-19,0.032867704,0.41060865,0.0069036577,-0.07224417
2019-03-20,0.009018817,0.38692996,-0.028779022,-0.062828556
2019-03-21,0.014850491,-0.2032575,-0.003259438,-0.024887813
2019-03-22,-0.024239171,-0.62028897,0.039087802,0.1181621
2019-03-25,0.011087145,0.32372692,0.0057630693,-0.02274845
2019-03-26,0.01234677,0.14815792,-0.032519143,-0.025162235
2019-03-27,-0.009113748,-0.25028536,0.01409974,0.06391767
2019-03-28,-0.05363185,-0.5704666,0.009777945,0.13177013
2019-03-29,0.06755557,0.2326449,-0.02918157,-0.060884412
2019-04-01,0.032296106,0.15842739,0.022305075,-0.08515144
2019-04-02,-0.026729807,0.10924792,-0.016852746,-0.021168724
2019-04-03,0.05578059,0.40602028,0.005212197,-0.040479813
2019-04-04,-0.02063807,0.20505975,0.022541543,-0.031108312
2019-04-08,-0.011380049,0.30350047,-0.043611433,-0.07529648
2019-04-09,-0.024374107,-0.10254837,0.036523886,0.05861824
2019-04-10,-0.0015656878,0.42822558,-0.02084525,-0.04264553
2019-04-11,-0.037251305,-0.7281988,-0.036995895,0.13050929
2019-04-12,0.04188918,0.5469777,0.0059667556,-0.07843616
2019-04-15,-0.00562234,-0.28553,-0.017187474,0.0028239177
2019-04-16,-0.01173337,-0.34407726,-0.043360446,0.01304022
2019-04-17,-0.012727617,-0.09277833,-0.016122354,-0.016603502
2019-04-18,-0.034812786,0.19125497,0.015423492,0.013463786
2019-04-23,-0.0053021437,-0.12495732,-0.06501297,0.015666915
2019-04-24,0.0064569516,-0.2480605,0.00093902287,0.049685903
2019-04-25,-0.0027676667,-0.2567292,-0.006330133,0.09669118
2019-04-26,-0.0053780493,-0.34782594,0.061830774,0.09026517
2019-04-29,-0.01955316,-0.24032316,-0.03474102,0.067697555
2019-04-30,-0.00083416695,0.10492302,-0.0101717515,0.015270478
2019-05-07,-0.025507826,-1.6145709,0.11079594,0.38549292
2019-05-08,-0.030212123,-0.24270356,-0.034931418,0.060606223
2019-05-09,0.016730307,-0.5072737,0.018814497,0.07239648
2019-05-10,0.013857915,0.0924317,-0.005829998,-0.0055264495
2019-05-13,-0.042894628,-0.38681197,0.07950602,0.11561632
2019-05-14,-0.019416137,0.688278,0.053513907,-0.056386687
2019-05-15,0.003468527,0.67160386,-0.031817034,-0.10463265
2019-05-16,-0.011973542,0.5708033,-0.028751872,-0.041581843
2019-05-17,-0.043062028,-0.8037611,0.008010739,0.10689021
2019-05-20,-0.0054821777,0.053483445,0.038100436,0.003596699
2019-05-21,-0.0024860273,0.046326075,0.033007488,0.06346034
2019-05-22,-0.05205242,-0.68048716,0.039448183,0.15028611
2019-05-23,0.0353787,-0.8824485,0.091805294,0.16675186
2019-05-24,-0.015531645,0.690602,0.04347804,-0.047132537
2019-05-28,-0.01856368,0.7142147,0.034540463,-0.02483646
2019-05-29,-0.020581335,-0.1656359,0.026657412,0.097491935
2019-05-30,0.02765704,-0.11443795,0.1272767,0.10275178
2019-05-31,-0.015485885,-0.90948814,0.12553878,0.22082302
2019-06-03,0.049969576,-0.44853982,0.084079474,2.891323e-05
2019-06-04,-0.014193678,0.1558622,0.029423105,0.011342333
2019-06-05,-0.01667823,-1.1674002,-0.038107965,0.12974676
2019-06-06,0.003884131,0.7050378,0.030169073,-0.040559813
2019-06-10,-0.030905979,-0.20924367,-0.055956382,-0.02199131
2019-06-11,-0.0024284925,0.46335363,0.022763265,-0.053478274
2019-06-12,0.023184098,-0.25135162,0.097443275,0.108484946
2019-06-13,-0.05133425,0.5136051,0.033851434,-0.05761146
2019-06-14,-0.048491918,-0.022928324,0.026503922,0.015388216
2019-06-17,-0.013638568,-0.15133066,0.041316777,0.03952094
2019-06-18,0.045351975,0.62774515,-0.012380838,-0.13075455
2019-06-19,0.016056325,-0.21358198,-0.018241756,0.06778232
2019-06-20,-0.044602666,1.078767,0.005753783,-0.17273074
2019-06-21,-0.038430266,-0.23733963,-0.053845398,0.055916436
2019-06-24,0.041985948,0.44290304,0.062129296,-0.050614
2019-06-25,0.05046344,0.4268132,-0.014941189,-0.043809853
2019-06-26,-0.0005759818,0.2641337,-0.07177951,-0.0740442
2019-06-27,-0.024446903,-0.1842693,0.03171998,0.03007644
2019-06-28,0.02859066,-0.05675896,-0.018378342,0.04486619
2019-07-01,0.03949723,-0.7374788,-0.022299027,0.123194784
2019-07-02,-0.00018454515,-0.8491521,0.04284272,0.140919
2019-07-03,-0.04498735,0.9238653,0.06220155,-0.07644829
2019-07-05,-0.04376557,-0.54533935,-0.027078105,0.100376636
2019-07-08,-0.051616203,-0.010385568,0.04011062,0.014928674
2019-07-09,-0.025022589,-0.08281954,0.0052002072,0.008669489
2019-07-10,0.07133272,1.3347753,-0.057462957,-0.2587283
2019-07-11,-0.016674016,0.044440348,0.0512832,0.029595105
2019-07-12,-0.0051171333,0.25139722,0.024953377,-0.023918219
2019-07-15,0.050220616,0.026815785,0.008706635,0.009644288
2019-07-16,0.06490366,-0.4453888,-0.006086441,0.006878709
2019-07-17,0.0030082827,-0.12758625,0.037531614,0.023923429
2019-07-18,0.017791092,-0.56390214,0.036465913,0.09956117
2019-07-19,-0.023625806,0.43612456,0.03004137,-0.04837788
2019-07-22,-0.018715875,-0.37555975,-0.03656385,0.02302443
2019-07-23,0.0028175458,0.36299798,-0.01264468,-0.104679175
2019-07-24,0.019873787,0.35110492,0.02215477,-0.03604097
2019-07-25,-0.022638818,-0.372756,-0.032130588,0.08007814
2019-07-26,-0.02215459,-0.2255571,0.0042903484,0.041238345
2019-07-29,0.021116618,0.37115756,0.04685811,-0.043710023
2019-07-30,-0.01677457,0.00078620005,-0.02499953,-0.02337068
2019-07-31,0.02140277,-0.18140206,-0.028547086,-0.013510512
2019-08-01,-0.0020641503,-1.5972472,0.09228311,0.25194567
2019-08-02,-0.118434265,0.00412828,0.03175935,0.04239614
2019-08-05,-0.04911389,-0.6602076,0.08713877,0.077119276
2019-08-06,0.013050371,-0.33447903,0.04703892,0.07760828
2019-08-07,-9.624168e-05,-0.5577219,0.065694354,0.04347913
2019-08-08,-0.012506468,1.0100381,-0.0622542,-0.15318356
2019-08-09,-0.0737584,0.28915522,-0.024664074,-0.05734338
2019-08-12,0.033595033,-0.5163362,-0.052983332,0.048670284
2019-08-13,0.024949143,0.65226626,-0.10390228,-0.11284227
2019-08-14,0.0070974636,-0.74165004,0.021460643,0.11110421
2019-08-15,-0.021372825,-0.3832457,0.0737393,0.0958934
2019-08-16,-0.024303528,0.21234885,0.036722388,0.0002129934
2019-08-19,-0.00347973,-0.18298383,-0.05428177,-0.021600444
2019-08-20,-0.003344038,-0.043279648,-0.006118091,-0.027375812
2019-08-21,0.011230691,0.34823844,0.0109331235,0.0012855538
2019-08-22,-0.06116277,-0.44775784,0.04392085,0.06543902
2019-08-23,-0.026911797,-0.44323593,0.05684589,0.09824396
2019-08-27,0.0330201,0.2984308,-0.0066774953,-0.12709413
2019-08-28,0.0046937955,0.7292401,-0.037501175,-0.14727105
2019-08-29,0.027527042,0.19378845,-0.035615858,-0.07375651
2019-08-30,-0.010592574,-0.34403262,0.060489617,0.1413741
2019-09-03,0.06336662,-0.42786324,0.05313305,0.057776444
2019-09-04,0.11680974,1.301391,-0.058421295,-0.28099546
2019-09-05,-0.00834131,-0.2067606,-0.059585765,0.032123562
2019-09-06,-0.016337369,-0.29712227,-0.02841246,0.13345154
2019-09-09,0.013558056,0.3581005,-0.02551583,-0.055332817
2019-09-10,-0.0010387964,0.36726254,0.020739703,-0.012204917
2019-09-11,-0.00853065,-0.3613179,0.03766027,0.10262314
2019-09-12,0.037211653,0.2872491,0.030215895,-0.07616676
2019-09-16,-0.075747356,1.9397566,-0.13229892,-0.36930957
2019-09-17,0.008244093,-1.1179072,0.020814665,0.12339068
2019-09-18,-0.039487176,-0.3984699,0.05636593,0.10284247
2019-09-19,-0.02170777,0.26323715,-0.0006972181,0.0014197427
2019-09-20,0.0068799015,-0.18318781,0.03247495,0.029698571
2019-09-23,0.021227954,0.5217562,0.039756734,-0.15199468
2019-09-24,-0.030733654,-0.47825214,0.07191599,0.083680764
2019-09-25,0.020462979,-0.4884154,-0.0043165493,0.10632547
2019-09-26,-0.010019468,-0.07574749,-0.024808442,0.037702568
2019-09-27,0.022932861,-0.12550294,-0.0043911925,-0.0069845812
2019-10-08,0.044929143,-0.20218903,0.11966081,0.038552757
2019-10-09,0.013294091,0.19506818,-3.6812915e-05,-0.046504
2019-10-10,0.065031566,0.26993412,-0.034996204,-0.06147895
2019-10-11,-0.015699318,0.60730034,0.010780401,-0.091207735
2019-10-14,-0.0503564,-0.47635326,0.06924884,0.08888928
2019-10-15,0.10278117,0.042331282,-0.083556235,0.01085407
2019-10-16,-0.028491335,0.03277128,-0.005509063,-0.02152896
2019-10-17,-0.03169728,0.15241864,0.03296897,-0.006219951
2019-10-18,0.03053216,0.20916669,0.004196575,0.0014470787
2019-10-21,-0.007308599,-0.2944602,0.009896273,0.0781112
2019-10-22,-0.025700783,0.17421557,-0.0070957686,0.043854173
2019-10-23,0.029224563,0.6019653,-0.013540746,-0.14062805
2019-10-24,-0.010287012,0.38975054,-0.00918503,-0.034477163
2019-10-25,0.011169786,0.17036799,0.011086178,-0.023818212
2019-10-28,0.018484335,-0.19433323,0.001631806,0.04667628
2019-10-29,-0.014312295,0.12836108,-0.0043446226,0.0043565105
2019-10-30,0.00654319,-0.116260916,0.046493627,0.034719102
2019-10-31,-0.03987275,-0.4931137,0.07240513,0.12320679
2019-11-01,0.055262364,0.8930475,-0.008640611,-0.25437704
2019-11-04,0.001974134,0.27726197,-0.02440725,-0.026291834
2019-11-05,0.008499193,-0.08214469,-0.033530258,0.018783618
2019-11-06,-0.019518355,-0.50256115,0.0514685,0.1332921
2019-11-07,-0.0009879855,-0.20268875,-0.05353159,0.006225967
2019-11-08,-0.031303983,-0.29848814,0.009710767,0.092738174
2019-11-11,-0.038672727,-0.6377446,-0.01434197,0.0857523
2019-11-12,-0.026098179,-0.12297481,0.024222728,0.022299947
2019-11-13,-0.023571404,-0.18636543,0.0327748,0.03624369
2019-11-14,-0.017407453,-0.09616941,0.013663445,0.033273935
2019-11-15,-0.00018294655,0.1715431,-0.02062696,-0.077628195
2019-11-18,-0.04798789,-0.62043154,0.03551677,0.11723294
2019-11-19,-0.03181346,-0.21073401,0.045787472,0.045151085
2019-11-20,-0.026504831,0.42502993,-0.021351218,-0.005170967
2019-11-21,-0.027766928,0.16120583,-0.03252924,0.008074404
2019-11-22,0.042902082,0.08414292,0.018791657,0.0021542562
2019-11-25,0.023959732,0.04142571,0.027789889,-0.044092264
2019-11-26,0.023439344,0.35561943,-0.021725403,-0.08695205
2019-11-27,-0.012008252,-0.27746084,0.00929688,0.03617889
2019-11-29,0.0004224675,-0.72570723,0.08462346,0.12789208
2019-12-02,-0.0034333786,-0.25026137,0.032427933,0.045967128
2019-12-03,-0.0110257305,-0.26834917,-0.0011843828,0.03345976
2019-12-04,0.008609137,0.5231833,-0.040748004,-0.08632757
2019-12-05,-0.0016060417,0.1941365,-0.0012738039,-0.010325855
2019-12-06,-0.0010825833,0.4479003,-0.04115558,-0.046873633
2019-12-09,-0.00792672,0.16671649,0.03891323,0.019303542
2019-12-10,0.012994886,0.4042395,0.014290162,-0.04373322
2019-12-11,0.019370707,-0.085417636,0.040374566,0.014898066
2019-12-12,0.003556332,0.793746,0.011351415,-0.07019133
2019-12-13,-0.036557827,0.24005948,-0.03463258,-0.09951797
2019-12-16,0.01239771,1.017175,0.008860874,-0.15778741
2019-12-17,-0.059353597,0.14132525,-0.009525405,-0.013689113
2019-12-18,0.007965548,-0.0698758,0.007851797,0.013003766
2019-12-19,0.021834645,0.41625044,-0.017721914,-0.06959953
2019-12-20,0.0059732613,-0.0025852844,0.020721085,0.058140393
2019-12-23,-0.022468418,0.010120924,0.025660746,-0.047666967
2019-12-24,-0.0003853034,0.48835087,0.016026622,-0.056441516
2019-12-27,0.014865264,0.69019514,0.02808189,-0.1007521
2019-12-30,-0.004854406,0.21351512,0.016991872,-0.023958074
2019-12-31,-0.022644274,-0.62896335,0.031987727,0.06323257
2020-01-02,-0.0025853135,0.2907777,-0.00042982065,-0.04147365
2020-01-03,-0.006387492,0.22092135,-0.033676464,-0.030557001
2020-01-06,0.015931651,-0.01399592,0.01949245,-0.062157266
2020-01-07,0.012042521,0.015832592,0.02318846,0.018872814
2020-01-08,0.008094381,-0.6842855,0.0071371696,0.11428498
2020-01-09,-0.040322248,-0.10793239,0.019299809,0.05295323
2020-01-10,-0.0023218244,0.27188766,0.048653584,-0.014396533
2020-01-13,-0.027775325,-0.35562804,0.016780347,0.048114266
2020-01-14,0.013229969,0.13185146,0.0037495573,-0.02183393
2020-01-15,0.0044177338,0.041295115,0.050004106,-0.011656924
2020-01-16,0.013448041,-0.38091162,-0.05207149,0.041458894
2020-01-17,-0.013549938,0.3816392,0.063089296,-0.04336291
2020-01-21,0.024343481,-0.5724614,0.02722518,0.08275867
2020-02-03,0.006029924,-2.4995663,0.119824745,0.55729663
2020-02-04,-0.006995658,0.11932023,-0.015219011,0.042240772
2020-02-05,0.028903091,1.1025137,-0.052347478,-0.18431367
2020-02-06,0.016447093,0.14792374,0.006966905,-0.029626898
2020-02-07,-0.054402262,-0.43962908,0.033223387,0.088441014
2020-02-10,0.0071752365,-0.36462888,0.052302346,0.08614842
2020-02-11,0.01026828,0.39934245,-0.010519853,-0.036285248
2020-02-12,-0.034344506,0.64132625,-0.025723355,-0.07055665
2020-02-13,0.012828008,0.25063658,-0.024315108,-0.045905318
2020-02-14,-0.031101111,-0.008686819,-0.0023386034,0.019792885
2020-02-18,0.058251422,0.39978698,0.004628383,-0.18327357
2020-02-19,0.012793618,0.5883697,-0.03885778,-0.11819073
2020-02-20,-0.023018314,-0.3726529,-0.008256352,0.045529798
2020-02-21,0.022970656,0.10054635,0.062368028,0.046796534
2020-02-24,-0.0014427184,-1.3501815,0.0733624,0.20741004
2020-02-25,-0.017440254,-0.94011205,0.046991047,0.21123342
2020-02-26,0.0024332225,-0.9353558,0.05332715,0.20207947
2020-02-27,-0.057428908,-1.0918056,0.08270391,0.23734856
2020-02-28,-0.016991174,-1.1604557,-0.037476752,0.20477715
2020-03-02,0.09515071,1.2285953,-0.060182802,-0.16426253
2020-03-03,-0.009223378,0.37922394,0.0032632423,-0.11375627
2020-03-04,-0.0092555005,0.16037922,-0.014544582,-0.0218875
2020-03-05,-0.0075336457,-0.56289196,0.013680881,0.065752
2020-03-06,-0.025850957,-1.8159778,0.07173993,0.24804705
2020-03-09,0.111658126,-2.5729883,0.14558709,0.5807113
2020-03-10,-0.018404761,1.3104606,-0.08578201,-0.2921024
2020-03-11,0.011676554,-0.933171,0.0011980094,0.19365469
2020-03-12,-0.024431607,-2.117199,0.15996289,0.47987384
2020-03-13,-0.004502653,-0.9129503,0.017622657,0.23963256
2020-03-16,0.058767974,-2.4729543,0.18480448,0.5853728
2020-03-17,-0.03450838,-0.73780966,-0.0049449666,0.07009964
2020-03-18,0.043027252,-2.3422492,0.116338015,0.5440924
2020-03-19,-0.041543607,1.9176378,-0.094664544,-0.38683468
2020-03-20,-0.0012203833,-0.6261298,0.10407567,0.11547849
2020-03-23,-0.1032206,-0.55764246,0.07961364,-0.18240146
2020-03-24,0.11813676,1.6752882,-0.07357195,-0.4359215
2020-03-25,0.13699912,1.3174963,-0.12694071,-0.20877111
2020-03-26,0.0008919456,-1.064469,0.060422868,0.24686691
2020-03-27,0.017517706,-0.55641764,0.009518778,0.14477223
2020-03-30,-0.031827874,-1.256359,0.021104718,0.29316956
2020-03-31,0.03551553,0.20911142,-0.014197038,-0.08007325
2020-04-01,-0.070610285,-1.5353429,0.08499574,0.34448376
2020-04-02,0.05753874,1.959945,-0.19577168,-0.36896187
2020-04-03,-0.038661186,1.0751772,-0.10440179,-0.15560462
2020-04-07,0.14636697,0.16387405,0.059204202,-0.0014228945
2020-04-08,-0.018238392,0.1331863,-0.058214176,-0.12421245
2020-04-09,0.007873634,0.12982498,0.09826503,-0.036757432
2020-04-14,0.10147134,-0.37898046,0.03603376,0.060880374
2020-04-15,0.03754701,-1.0494821,0.00010884494,0.1722078
2020-04-16,-0.036586057,-0.10057206,0.027425071,0.028324066
2020-04-17,-0.012524766,-0.07890597,-0.02171443,0.075528994
2020-04-22,-0.05528412,1.8773321,-0.18265922,-0.52551615
2020-04-23,-0.019305006,1.1888871,-0.10577434,-0.32503077
2020-04-24,-0.04627313,-0.92909825,-0.057556216,0.08940502
2020-04-27,0.20913593,-1.8179466,0.09444365,0.3900744
2020-04-28,0.028656784,0.496367,-0.010340919,-0.011952334
2020-04-29,-0.08774662,1.8166565,-0.18810147,-0.41861215
2020-04-30,-0.055504113,1.5308374,-0.16370219,-0.4620506
2020-05-06,-0.068285234,1.4542228,-0.27573296,-0.41543072
2020-05-07,0.04260562,0.96221966,-0.025845684,-0.24484779
2020-05-11,-0.012077459,0.47135475,-0.0008228967,-0.050307795
2020-05-12,-0.013613785,-0.072432905,-0.002456341,-0.13042207
2020-05-13,0.004037304,-0.93073934,0.06553293,0.13292222
2020-05-14,0.006732962,1.3726991,-0.11686921,-0.3033862
2020-05-15,0.00032050782,0.95244217,-0.04264402,-0.31148407
2020-05-18,0.0984866,1.9980303,-0.15995657,-0.52288646
2020-05-19,0.020863976,0.25325623,0.025524212,-0.06509646
2020-05-20,0.042833798,0.9442693,0.01960276,-0.12148791
2020-05-21,-0.020166544,-0.7762977,-0.0353826,0.105529584
2020-05-22,-0.009946036,-0.6107098,0.03217808,0.10275544
2020-05-26,-0.018043231,0.693203,-0.07258624,-0.09703474
2020-05-27,-0.06400221,-0.91660976,0.06128345,0.083554104
2020-05-28,-0.03275684,0.016263543,0.02632981,-0.011224898
2020-05-29,0.06571266,0.8520639,-0.03676485,-0.1853163
2020-06-01,-0.007559376,1.2614826,-0.07780252,-0.13877696
2020-06-02,-0.052254643,0.6135254,-0.13254003,-0.085397854
2020-06-03,-0.0139318155,-0.071623206,0.030488774,0.058074646
2020-06-04,-0.02084025,0.37366596,0.049212888,-0.048783015
2020-06-05,-0.012981434,0.9657584,-0.1923216,-0.20257625
2020-06-08,0.02547775,-0.0880225,0.055261057,-0.0051217517
2020-06-09,-0.0068575805,0.1958261,-0.00221456,-0.08251421
2020-06-10,0.041706886,0.4058594,0.0072862343,-0.07583546
2020-06-11,-0.004390192,-1.5283968,0.048329916,0.22453918
2020-06-12,-0.05172504,-0.29527986,0.02092323,0.07978454
2020-06-15,-0.0017957325,0.38449323,-0.06984136,-0.08169061
2020-06-16,0.03583973,1.0429844,-0.057794932,-0.17290168
2020-06-17,0.033199266,0.25048012,-0.0027131643,0.0019156702
2020-06-18,-0.009607773,0.09786033,-0.06377249,-0.008422087
2020-06-19,0.004323736,0.71554893,-0.012042922,-0.107680045
2020-06-22,0.021203948,0.44711143,0.0060840533,-0.070771165
2020-06-23,0.004847811,-0.091690294,0.013095883,-3.8514263e-05
2020-06-24,0.008313925,-1.5993601,0.12316568,0.3086316
2020-06-29,0.0060036243,0.7246925,0.029353209,-0.1299588
2020-06-30,0.0016279798,0.7828948,0.056168277,-0.09151949
2020-07-01,-0.018197458,0.58569014,0.00030653275,-0.09264625
2020-07-02,-0.01204151,0.43769696,-0.05361692,-0.09981443
2020-07-06,0.023466956,0.44562456,0.00094803073,-0.11929028
2020-07-07,0.008549514,0.5230874,0.0065635187,-0.031541575
2020-07-08,0.06986278,0.64430815,0.01952353,-0.1283166
2020-07-09,0.0009580241,-0.71919763,0.045621287,0.14115442
2020-07-10,0.041418843,0.44742736,-0.04748394,-0.10506503
2020-07-13,0.057848442,0.18040326,-0.00024980388,-0.061559923
2020-07-14,-0.0606214,-0.4609664,0.023629146,0.12540706
2020-07-15,0.035188142,0.53964967,-0.042470872,-0.17387207
2020-07-16,0.019867668,-0.090698116,-0.007583019,0.0065908977
2020-07-17,-0.062330022,0.007819915,0.039612416,0.06309728
2020-07-20,0.006135141,0.16048086,0.0011225205,-0.035931423
2020-07-21,0.0988481,1.4284412,-0.056983173,-0.32722723
2020-07-22,-0.0031314227,0.4403456,0.005849008,-0.15771033
2020-07-23,0.02216654,-0.062209226,0.04469225,0.026389068
2020-07-24,-0.04807986,-0.22804113,-0.0007990515,0.07359622
2020-07-27,0.032245733,0.4909009,0.07016615,-0.09052451
2020-07-29,0.04461173,0.11605904,-0.0012847389,-0.0052611376
2020-07-30,0.005113183,-0.7418008,0.06129087,0.20849004
2020-07-31,-0.02705211,0.53103316,0.052522518,-0.06059798
2020-08-03,-0.0014218455,0.8476877,-0.04549462,-0.12552986
2020-08-04,0.060361154,0.51688504,-0.012951291,-0.12770554
2020-08-05,0.06910222,0.8544008,-0.010013818,-0.18850093
2020-08-06,0.009721616,0.079559624,0.055025667,-0.07804238
2020-08-07,-0.03721058,-1.2002941,-0.039428663,0.2634893
2020-08-10,0.053718433,0.67224985,0.023067754,-0.19313407
2020-08-11,0.06270459,-0.7164779,-0.047043636,0.21833558
2020-08-12,-0.030330516,0.4939016,-0.0038851316,-0.05514924
2020-08-13,-0.016788425,0.21848261,0.027389374,-0.12803398
2020-08-14,-0.0007979793,-0.3310913,-0.036146313,0.09358129
2020-08-17,0.043769386,0.95462066,0.04586272,-0.18190697
2020-08-18,0.042841505,0.5952489,0.0001964803,-0.05101967
2020-08-19,0.0229255,0.078162536,-0.015565431,-0.014406233
2020-08-20,-0.002757034,-0.6550122,-0.025211982,0.095116444
2020-08-21,-0.040678028,-0.63771486,0.027551657,0.17294751
2020-08-24,0.013561253,0.63635826,-0.092765465,-0.06913693
2020-08-25,-0.009469055,0.70805013,-0.019860841,-0.07270329
2020-08-26,-0.006053333,0.15822431,0.0002526108,-0.1470501
2020-08-27,-0.0348908,-0.153878,0.07847796,0.12149617
2020-08-28,0.02259137,0.6726431,0.03721217,-0.07491912
2020-09-01,0.015015556,0.4383032,0.083572514,-0.09550131
2020-09-02,0.0025528516,-1.0334626,0.010684207,0.23556507
2020-09-03,-0.013130112,-0.8914157,-0.005127467,0.15394403
2020-09-04,0.044852253,-0.11918732,0.047799885,0.008012641
2020-09-08,-0.01597068,-1.3248104,0.101175904,0.17906462
2020-09-09,0.009337874,0.5258308,-0.024259662,-0.13268323
2020-09-10,-0.0028492305,-0.13836162,0.039719105,0.03087539
2020-09-11,0.002388495,0.48037678,-0.014824483,-0.050380103
2020-09-14,0.013601226,0.3055928,-0.030396657,-0.15305038
2020-09-15,0.014366364,0.48326236,-0.033132605,-0.101920344
2020-09-16,-0.028339406,0.8949508,-0.02411572,-0.110543266
2020-09-17,-0.046923608,0.27054653,-0.04155704,-0.06980459
2020-09-18,-0.0058779423,0.44143823,0.02573165,-0.07606776
2020-09-21,0.022496723,-1.9695843,0.014328385,0.3806585
2020-09-22,0.011939072,-0.051161017,0.02497543,-0.016537102
2020-09-23,0.034989126,-0.7216777,-0.097533956,0.13423087
2020-09-24,-0.014873233,-0.22855775,-0.014984378,0.023543796
2020-09-25,0.011009515,0.33090594,-0.021713134,-0.011359354
2020-09-28,0.014744689,0.76729715,-0.031813078,-0.16091892
2020-09-29,0.030417891,-0.25568423,0.06321364,0.0035426186
2020-10-12,0.15116912,1.5837896,0.12538946,-0.28156316
2020-10-13,-0.012554592,-0.11499514,-0.01153177,0.076806046
2020-10-14,-0.014138068,0.5240001,0.025922904,-0.057012934
2020-10-15,-0.022374516,0.06258989,0.079291716,0.04460751
2020-10-16,0.013559608,0.038146056,0.006769504,-0.010212794
2020-10-19,0.014414429,0.040747706,0.026654571,0.012229534
2020-10-20,0.0015917044,0.6604283,0.0030916391,-0.086550415
2020-10-21,0.025511775,-0.14548291,0.08437907,0.03905184
2020-10-22,-0.013010049,0.24853262,-0.037684653,0.04777216
2020-10-23,-0.036425173,-0.15375802,0.04965349,0.052617017
2020-10-26,-0.0049571786,-0.8965926,0.058052517,0.19737796
2020-10-27,0.009131049,0.54724425,-0.040352717,-0.10830681
2020-10-28,-0.01871794,-1.515918,0.010885038,0.21433175
2020-10-29,0.0026334533,-0.8892001,0.019169912,0.1537454
2020-10-30,-0.018110087,0.09637495,0.034074422,0.029598005
2020-11-02,0.021400912,0.7122164,0.028949544,-0.12861301
2020-11-03,0.038115807,0.9863103,-0.018925939,-0.14485554
2020-11-04,-0.007342422,0.79734796,-0.07907934,-0.14225152
2020-11-05,0.0012864935,0.7459204,0.03996825,-0.12268248
2020-11-06,-0.002146207,-0.39382276,0.09984316,0.084397
2020-11-09,0.052112795,0.58023113,-0.19214112,-0.12528442
2020-11-10,0.003098037,1.0656608,0.012918132,-0.18455006
2020-11-11,0.0049580624,-0.05513691,-0.026108565,0.054136746
2020-11-12,0.022843229,-0.033874054,0.03003529,-0.017186487
2020-11-13,-0.002246392,-0.11016729,0.0764276,0.040223636
2020-11-16,0.032071292,1.1234885,-0.00139131,-0.14583443
2020-11-17,-0.008622877,0.17591287,0.012326944,-0.004890251
2020-11-18,0.014889424,0.7898484,-0.03508172,-0.059159312
2020-11-19,-0.006308513,-0.18343541,-0.006605736,0.09183621
2020-11-20,0.035776272,0.5734106,-0.0060966564,-0.10830359
2020-11-23,-0.030774327,-0.059061762,-0.07569933,0.008773352
2020-11-24,0.03912917,0.810221,-0.09994706,-0.19430289
2020-11-25,-0.016858878,0.13534334,-0.06418256,-0.032197565
2020-11-27,0.015076628,0.44555047,-0.0019730248,-0.04694639
2020-11-30,0.0020630038,-0.5174011,-0.01052225,0.075494565
2020-12-01,0.03288863,0.18043609,0.060863752,-0.1163024
2020-12-02,-0.035751406,0.3663773,0.0025290851,-0.0155937085
2020-12-03,-0.054590065,0.5118429,0.014396456,-0.0019261563
2020-12-04,0.016114352,0.38217667,-0.027163208,-0.06642203
2020-12-07,0.0041529494,-0.054671265,0.041463166,0.047816303
2020-12-08,0.004246447,-0.29088503,-0.001763632,0.060295045
2020-12-09,0.017713066,0.40185308,0.006199015,-0.07062508
2020-12-10,0.006241833,0.96959776,-0.053392798,-0.15401196
2020-12-11,-0.03129083,-0.057223003,-0.007928771,0.022371689
2020-12-14,0.021787683,0.3903759,-0.03864763,-0.023152616
2020-12-15,0.032255735,0.4806093,0.01038412,-0.13038582
2020-12-16,0.0020002327,0.32867992,0.015903914,-0.03612582
2020-12-17,0.040815026,1.0445039,0.009701445,-0.17966259
2020-12-18,-5.097272e-05,0.3909534,-0.007394406,-0.06682513
2020-12-21,-0.055474438,-0.8229841,0.073229745,0.15923437
2020-12-22,-0.03187588,-0.6026848,0.006823787,0.17681962
2020-12-23,0.023289388,1.0402164,-0.032757744,-0.17625266
2020-12-24,0.009211464,0.36251774,0.033898186,-0.011768383
2020-12-29,-0.09481579,0.2146381,0.0011290171,0.041226692
2020-12-30,-0.015555134,0.5466164,0.033263087,-0.16377477
2020-12-31,-0.02863529,0.09730577,0.02048896,0.03852269
2021-01-04,0.067650646,0.40506223,0.08218334,-0.04644197
2021-01-05,0.06903912,1.5840865,-0.063068464,-0.35926732
2021-01-06,-0.017690608,-0.008082884,-0.059912838,0.0065605664
2021-01-07,-0.0069379373,0.18242419,-0.016794892,-0.0070915245
2021-01-08,-0.045018684,-0.56790996,-0.19177754,0.111237645
2021-01-11,-0.033446193,-0.5082183,0.007889974,0.07154663
2021-01-12,-0.0013222526,0.895733,0.007937454,-0.0904619
2021-01-13,0.008651488,0.4258235,0.03205206,-0.018714648
2021-01-14,-0.009654528,0.7677811,0.04917847,-0.06955667
2021-01-15,-0.0020677617,-1.1798788,0.016086332,0.2161477
2021-01-19,0.02438343,0.009943904,-0.05266404,-0.028934509
2021-01-20,0.028936394,0.4552511,-0.018757649,-0.067060485
2021-01-21,-0.008080072,0.23927265,0.011899439,0.0052227336
2021-01-22,0.07491476,-0.8355433,-0.06983817,0.07878827
2021-01-25,-0.02897643,0.49978504,-0.003966954,-0.043915313
2021-01-26,-0.07136577,0.38933653,0.03898923,0.020713948
2021-01-27,-0.06470018,-0.33287692,-0.0093309665,0.08255479
2021-01-28,-0.021841468,-0.27607286,0.009783527,0.060611498
2021-01-29,-0.022543661,0.30199498,0.062310167,-0.025544696
2021-02-01,0.023387535,0.9258063,-0.030391918,-0.21791534
2021-02-02,0.018450007,-0.467421,-0.08664465,0.11498725
2021-02-03,-0.0018438787,0.63043404,-0.00243088,-0.107669085
2021-02-04,0.03682956,0.030264284,-0.052229412,0.044671666
2021-02-05,0.04124898,0.82672435,0.035500716,-0.12618437
2021-02-22,0.06260278,2.435277,-0.25168586,-0.5228627
2021-02-23,-0.043203827,0.08605414,-0.030087939,0.04590027
2021-02-24,0.0057231723,1.0945579,-0.027281122,-0.1957639
2021-02-25,-0.010228547,-0.30116245,-0.028573731,0.11108729
2021-02-26,-0.053476203,-1.5349369,-0.028413866,0.35431674
2021-03-01,0.0677629,-0.32243365,-0.09535115,-0.033484932
2021-03-02,0.020827739,0.6209466,0.09968519,-0.03726987
2021-03-03,-0.0614344,-0.6661606,-0.071821116,0.10847841
2021-03-04,-0.10753168,-0.49453753,-0.088109046,0.12681738
2021-03-05,0.029063748,1.1172181,-0.022108858,-0.14375931
2021-03-08,0.0076601617,-0.09781146,0.00068122253,0.03924797
2021-03-09,-0.07268337,-0.14997025,0.04644018,0.043906186
2021-03-10,0.03353786,0.050198272,-0.038140245,0.0073544327
2021-03-11,0.023273835,0.96226233,-0.048918825,-0.13295119
2021-03-12,-0.0060454127,-0.01726291,-0.027363172,0.03048072
2021-03-15,0.028151168,-0.05595558,0.07993495,-0.028787231
2021-03-16,-0.011882656,-0.17952846,0.02629273,0.08713145
2021-03-17,-0.0014006373,-0.29368445,0.04191707,0.0418661
2021-03-18,0.03520449,-1.3469272,0.04591112,0.1711643
2021-03-19,-0.037354264,0.52124023,0.0068013496,-0.053792436
2021-03-22,0.0030079272,0.25752684,-0.057736766,0.041633964
2021-03-23,-0.03980473,-1.2792971,0.047508903,0.23937897
2021-03-24,-0.021792678,0.9501677,-0.05672672,-0.17182012
2021-03-25,0.06420988,-1.4087487,0.054922555,0.24461578
2021-03-26,0.10022704,1.0225538,-0.053936012,-0.24564657
2021-03-29,-0.019444503,-0.28880247,-0.061132066,0.04379375
2021-03-30,0.02202945,-1.0522816,-0.059013385,0.11551725
2021-03-31,-0.03671965,0.647636,0.07816489,-0.08419705
2021-04-01,-0.023913357,0.13824975,-0.0282205,-0.04073773
2021-04-06,0.0671674,0.67740726,0.049322005,-0.09503721
2021-04-07,-0.01684199,-0.2116617,0.023675675,0.03240852
2021-04-08,0.024087615,0.7146553,0.049738593,-0.087054566
2021-04-09,-0.019550275,-0.41568705,-0.0048871445,0.06652908
2021-04-12,-0.025076956,-0.7880421,0.0027703892,0.13247927
2021-04-13,-0.0031183292,0.68138754,0.025514202,-0.046894766
2021-04-14,0.017628834,1.4743183,-0.0473274,-0.23573521
2021-04-15,0.049866524,0.78530777,0.024050787,-0.11047974
2021-04-16,-0.039763566,0.042707954,0.01423448,0.020095216
2021-04-19,-0.008827326,0.07588783,-0.004637595,-0.005392913
2021-04-20,-0.055715717,0.15045546,0.06813982,0.07096555
2021-04-21,0.0061006923,0.6682568,0.09683343,-0.042800214
2021-04-22,-0.06359732,0.4903327,0.047666464,0.04461358
2021-04-23,0.04930079,0.6652953,-0.01582098,-0.10507062
2021-04-26,0.013886516,1.0647384,0.07697,-0.06951124
2021-04-27,0.002718104,0.7437794,-0.023784084,-0.083155595
2021-04-28,-0.04795125,0.21759851,-0.05756106,-0.019628298
2021-04-29,-0.0035942711,-0.16417499,0.037083138,0.0053010974
2021-04-30,-0.04197521,0.22632426,0.07176172,0.09447911
2021-05-06,0.1253632,1.3793393,0.06344961,-0.33422968
2021-05-07,0.04869088,0.739875,0.028035715,-0.1035816
2021-05-10,0.0021141374,-0.30548352,-0.049203273,0.008163198
2021-05-11,-0.026996406,0.43836775,0.032303844,-0.013880297
2021-05-12,-0.028628444,-0.09711894,-0.04195104,0.051875565
2021-05-13,0.045831114,-1.3966316,-0.015495897,0.16293932
2021-05-14,-0.011523855,0.13875169,-0.04314326,-0.062487364
2021-05-17,0.08111284,0.62485904,-0.030598452,-0.12949066
2021-05-18,0.04412571,0.12316103,0.015442416,0.027068006
2021-05-19,-0.044873767,-1.5277153,0.050060924,0.23695605
2021-05-20,-0.037881162,-0.5619886,0.054853287,0.116520055
2021-05-21,-0.018701097,-0.30064055,-0.057448383,0.056834262
2021-05-24,-0.016845888,0.69084513,-0.030996524,-0.12045818
2021-05-25,0.02440381,0.032363042,-0.04176988,-0.008534923
2021-05-26,8.228567e-05,0.14991985,-0.019732723,-0.052636065
2021-05-27,0.042493787,1.0597823,0.06747326,-0.10320743
2021-05-28,0.03217011,0.041393172,0.017291253,0.023349581
2021-06-01,-0.063249335,0.8498755,-0.0017224688,-0.027196396
2021-06-02,-0.0029271063,0.23045611,-0.034588482,-0.08182287
2021-06-03,-0.0114432415,-1.0876235,-0.06580708,0.1523215
2021-06-04,-0.006377719,1.1037871,0.052768894,-0.108588316
2021-06-07,-0.025359059,-0.3718464,0.0024269426,0.06988788
2021-06-08,-0.0182017,0.41742855,-0.010021763,-0.045443483
2021-06-09,0.003555917,0.0901875,0.018554015,-0.005669857
2021-06-10,-0.0049366285,0.019587358,0.009827494,0.023044158
2021-06-11,0.054815043,-0.3120291,-0.034601003,-0.028731339
2021-06-15,-0.045519195,-0.9504003,-0.11172784,0.09691613
2021-06-16,0.014548675,-0.17778158,0.04908646,0.007572556
2021-06-17,0.061429303,-1.9542031,-0.10189254,0.2867149
2021-06-18,-0.07094759,0.41381648,0.057653353,0.007053847
2021-06-21,-0.045330495,0.78677714,0.00034229402,-0.0860271
2021-06-22,0.025184467,0.26057538,-0.029225323,-0.04967915
2021-06-23,0.04669529,0.8474463,-0.005108114,-0.09597587
2021-06-24,0.008045087,0.03703467,-0.026071357,0.011778582
2021-06-25,0.06328843,-0.23667064,-0.012780281,-0.008862374
2021-06-28,-0.05910036,0.43893915,0.079533145,0.049532905
2021-06-29,-0.016909573,0.329018,-0.010920726,0.0044292053
2021-06-30,-0.016614776,0.6245257,0.09562903,-0.03547032
2021-07-01,-0.03019161,0.055040676,-0.027504409,-0.026525559
2021-07-02,0.0042845956,0.39794058,-0.048787303,-0.05384231
2021-07-06,0.09750151,-1.2921548,-0.061671045,0.016524678
2021-07-07,-0.0023475112,0.016011631,0.04930821,0.064398
2021-07-08,-0.030155811,-0.17773625,-0.04281234,0.06172014
2021-07-09,0.11512137,0.7868197,-0.019059176,-0.20168735
2021-07-12,-0.04943402,0.46695507,0.02707102,-0.026380587
2021-07-13,-0.031102145,0.5123697,-0.0043046027,-0.04879828
2021-07-14,0.010631791,-0.100641586,0.059803337,0.05259559
2021-07-15,0.051329657,-0.4983808,-0.016399475,-0.045999363
2021-07-16,-0.011981859,0.0047167633,6.287843e-05,0.093276456
2021-07-19,-0.013517005,-1.9373312,0.05939375,0.31286702
2021-07-20,0.02004377,0.8145959,0.04758996,-0.065972194
2021-07-21,-0.0016457058,0.7820038,-0.047590233,-0.13189505
2021-07-22,0.03563162,0.7156142,-0.04201369,-0.066548854
2021-07-23,0.036395375,0.0745407,-0.029906364,-0.0347039
2021-07-26,0.038067486,0.8343958,-0.0057077077,-0.059506264
2021-07-27,-0.04145834,-0.49305272,-0.0030370175,0.089271784
2021-07-28,-0.017685127,0.36685568,0.033508044,-0.04910161
2021-07-29,0.025327783,0.8768941,0.024853118,-0.15496391
2021-07-30,-0.033675842,-0.61827797,-0.0819762,0.036590543
2021-08-02,0.022573618,-0.54066604,0.08671372,0.07097441
2021-08-03,0.00521124,-0.59094185,-0.0051941196,0.08048809
2021-08-04,-0.005856063,-0.73019266,0.02903037,0.15197425
2021-08-05,-0.0130121065,0.42786208,-0.013471953,-0.06397564
2021-08-06,-0.029931411,-0.54972935,-0.0066824397,0.14744212
2021-08-09,-0.005259015,-0.7638667,-0.014325787,0.23066059
2021-08-10,0.067629136,1.0065145,-0.030974101,-0.17173238
2021-08-11,0.018768862,0.27894765,0.0071890713,-0.029694097
2021-08-12,-0.01122875,0.16490382,0.041964363,0.019831626
2021-08-13,0.038878042,0.42582622,0.05429038,-0.05830628
2021-08-16,-0.021257304,-0.66258997,0.030519204,0.12169046
2021-08-17,-0.010159543,-0.7996291,-0.016217675,0.11976395
2021-08-18,-0.030004337,-0.53338325,0.013776667,0.11282597
2021-08-19,-0.022804469,-1.4293112,0.04463447,0.25009617
2021-08-20,0.07973505,-0.6061057,0.022129517,-0.013820699
2021-08-23,0.032112084,1.5469767,-0.08110186,-0.28955606
2021-08-24,0.02789023,1.1422105,-0.059083533,-0.15584758
2021-08-25,-0.016993249,0.48714644,-0.085758016,-0.055732477
2021-08-26,-0.030329773,-0.38288623,0.047250316,0.109421566
2021-08-27,0.025763743,0.94035554,0.0044293753,-0.14679605
2021-08-31,0.041617848,-0.1761968,-0.07224351,0.031567205
2021-09-01,0.0032823468,-0.82035565,-0.00034058493,0.02121723
2021-09-02,-0.012527567,0.58302236,-0.07641187,-0.06488354
2021-09-03,0.046029497,0.39892986,0.030302713,-0.06474645
2021-09-07,0.007823245,-0.7217101,-0.047380123,0.12618808
2021-09-08,-0.012904158,-0.04569025,-0.048022598,0.0068955957
2021-09-09,0.038550623,-0.22867405,0.01965231,0.015746403
2021-09-10,0.04373232,0.57150143,-0.062146302,-0.118200146
2021-09-13,-0.030028569,-0.2041664,-0.03059581,0.052656565
2021-09-14,-0.04895142,-0.08448373,0.0074598687,0.043540712
2021-09-15,-0.054906487,1.1119342,0.011321795,-0.15346158
2021-09-16,-0.0028963145,-0.790502,-0.06125649,0.11901245
2021-09-17,-0.011779044,-0.41850716,-0.023123598,0.07716568
2021-09-22,-0.03206458,0.40571654,0.053346455,-0.06936387
2021-09-23,0.02806017,0.6686178,-0.078270465,-0.054642122
2021-09-24,0.028729826,0.35751098,-0.050861917,-0.028986586
2021-09-27,-0.13854986,0.56543,-0.107336804,-0.018356862
2021-09-28,0.04049236,-0.26105863,-0.027032608,0.046104174
2021-09-29,-0.017722977,-0.36764148,-0.006305661,0.10513649
2021-10-11,0.114562094,2.0618558,-0.25692764,-0.58944184
2021-10-12,0.030953227,-0.32338753,-0.008302896,0.0688357
2021-10-13,0.047444947,0.43719754,0.02338891,-0.10096549
2021-10-14,0.049342647,0.9855855,-0.014660605,-0.15053858
2021-10-15,0.108767636,0.7349372,0.09553279,-0.055226743
2021-10-18,-0.0696785,-0.41285947,0.031774655,0.09196233
2021-10-19,-0.041215714,-0.19358537,-0.012421481,-0.031781867
2021-10-20,-0.040555418,0.8443891,-0.00064188626,-0.11581411
2021-10-21,0.0045237793,-1.3217446,-0.001552976,0.26352197
2021-10-22,-0.04020966,0.08652858,0.010699895,-0.027799213
2021-10-25,-0.0040071337,0.7216602,-0.024464406,-0.09198417
2021-10-26,-0.04703235,-0.3468915,0.004500762,0.07367368
2021-10-27,-0.088632904,-1.0260469,0.029188838,0.23384501
2021-10-28,0.0057272273,0.15493366,0.0042828694,-0.13966551
2021-10-29,-0.024668254,-0.13915434,-0.03019328,0.024864154
2021-11-01,0.26461732,0.2352407,0.042400945,-0.3288305
2021-11-02,-0.03151696,-0.41188508,-0.02091894,0.09109309
2021-11-03,0.022362044,-0.964636,0.0053648707,0.16512248
2021-11-04,-0.017197354,-0.6136155,0.04311022,0.01957267
2021-11-05,0.006820641,0.37035525,-0.014504928,-0.1075314
2021-11-08,0.017544413,0.49028453,0.008196149,-0.096210435
2021-11-09,-0.014075293,0.41240752,-0.0022873715,-0.040534902
2021-11-10,0.034404527,-0.128508,0.09168684,0.027397923
2021-11-11,0.048566535,0.74060684,0.059033103,-0.08790375
2021-11-12,0.0071624923,-0.0297559,0.10203099,0.061422832
2021-11-15,-0.031151999,-0.42255554,0.012948209,0.09786741
2021-11-16,-0.015905835,-0.16372661,-0.063147426,0.04911195
2021-11-17,-0.004876958,-0.12572402,0.093285404,0.0812173
2021-11-18,-0.047123495,-0.14361314,-0.012014534,0.040135425
2021-11-19,0.04904338,-0.39284754,0.0713292,0.082029246
2021-11-22,0.029151019,0.3684197,-0.04680891,-0.04351131
2021-11-23,-0.03207798,0.35178432,-0.0651907,0.0155989425
2021-11-24,0.041698806,0.41342056,-0.011936678,-0.033051353
2021-11-26,-0.013399057,-2.4304814,0.10175817,0.3535432
2021-11-29,-0.010533605,0.18359055,-0.048909023,-0.08181058
2021-11-30,0.14673178,-1.4926518,0.093497075,0.29985535
2021-12-01,-0.017280823,0.0026529948,0.028206827,0.044284586
2021-12-02,-0.05529815,0.21148482,0.012867949,0.010925499
2021-12-03,-0.0023287614,0.37628624,0.04429761,0.00888052
2021-12-06,0.02049892,0.73394996,-0.040674303,-0.1100491
2021-12-07,0.023874504,0.8448918,-0.04677778,-0.1545726
2021-12-08,0.032310247,0.31122103,-0.05194876,-0.047902007
2021-12-09,-0.044426225,-0.71566373,-0.013225432,0.1636608
2021-12-10,-0.020183366,-0.056176197,-0.014240898,-0.010936824
2021-12-13,0.030151276,-0.13162556,0.017247194,0.040124312
2021-12-14,-0.04917287,-0.66402096,0.024378672,0.11064014
2021-12-15,-0.015721103,-0.32512334,-0.059874583,0.11600014
2021-12-16,0.13551226,1.6181735,-0.02848778,-0.2805537
2021-12-17,0.0007392646,-0.40213063,0.07391151,0.070058666
2021-12-20,-0.052470602,-1.0669744,0.008944114,0.1737845
2021-12-21,0.051880933,1.4401667,-0.09260547,-0.24944733
2021-12-22,0.050685268,1.3104486,-0.011984763,-0.21559332
2021-12-23,-0.010186651,0.5035632,-0.015582698,-0.07066018
2021-12-29,-0.097016685,0.50516546,-0.1710451,-0.039824314
2021-12-30,0.041320387,-0.14353354,-0.023392504,-0.007998529
2021-12-31,-0.010113434,-0.2794874,0.0642598,0.069077335
2022-01-04,-0.028957313,1.0906146,-0.07012146,-0.1471994
2022-01-05,0.0027885123,0.4340299,-0.05897873,-0.046125855
2022-01-06,-0.0650106,-0.46299118,-0.11674215,0.1261929
2022-01-07,0.0014459762,0.28290364,0.035898417,0.013322438
2022-01-10,-0.0036255666,-0.53498566,-0.0074121305,0.08531762
2022-01-11,0.06695254,1.4237945,-0.054203123,-0.23483483
2022-01-12,-0.06316582,0.8465623,-0.01881709,-0.074176915
2022-01-13,-0.0013686742,-0.46699935,-0.02568558,0.07977485
2022-01-14,0.0081201,0.21698391,-0.038429193,-0.0019282884
2022-01-18,0.004755502,0.8615776,-0.019547297,-0.12884794
2022-01-19,0.06920586,1.4038682,0.031479657,-0.22649413
2022-01-20,0.065376826,0.74450284,-0.0011434231,-0.10835862
2022-01-21,-0.0420181,-0.5416573,-0.025611123,0.1463318
2022-01-24,-0.03400044,-1.0018005,0.04697154,0.2011665
2022-01-25,0.0020709517,0.7512898,-0.009650414,-0.102318965
2022-01-26,0.016680958,0.6998361,-0.11025108,-0.10655014
2022-01-27,0.062256258,-0.37598217,-0.0782591,0.1382218
2022-01-28,-0.02228309,-0.06554671,-0.01995397,-0.027093051
2022-02-07,0.052608944,1.5512877,-0.009326253,-0.25099713
2022-02-08,0.0072871177,-0.499818,0.07377742,0.09505752
2022-02-09,0.036265757,0.90930295,0.040974934,-0.10415877
2022-02-10,0.009701375,0.044521697,-0.018624939,0.0014491729
2022-02-11,-0.1080284,-0.058633,-0.0522243,0.06396108
2022-02-14,-0.015115415,0.58594835,0.0091262935,-0.11037538
2022-02-15,0.10914739,-0.76699257,-0.0076445024,0.0876359
2022-02-16,-0.03298365,0.80089766,-0.026115764,-0.13411784
2022-02-17,0.020979788,0.036133606,0.08177259,0.009140391
2022-02-18,0.0056259073,0.15268055,-0.014086438,0.009003039
2022-02-22,-0.061351396,1.1290888,0.016351774,-0.117693216
2022-02-23,-0.04481433,0.23095655,0.018354483,0.015214105
2022-02-24,0.019703705,0.788835,-0.06057718,-0.1249829
2022-02-25,0.07728951,-1.338887,-0.0437829,0.2025497
2022-02-28,-0.10706178,1.4781034,0.0033880742,-0.17183943
2022-03-01,0.03453414,2.190863,-0.05733138,-0.37637877
2022-03-02,-0.10400795,1.6860064,-0.14680187,-0.32886937
2022-03-03,0.20589167,0.47635442,0.10072063,-0.19411352
2022-03-04,0.099114545,1.861337,-0.034195483,-0.23862876
2022-03-07,0.048253406,1.3908128,-0.040228978,-0.21608166
2022-03-16,-0.0026784982,-2.7437139,0.10930334,0.43122262
2022-03-17,0.022137227,1.9486,-0.1094616,-0.4163915
2022-03-18,0.024715161,-0.22721852,-0.029490042,-0.046380363
2022-03-21,-0.03441291,1.3375585,-0.08392045,-0.23674397
2022-03-22,-0.04687882,-0.47854477,-0.004745344,0.08761309
2022-03-23,0.11985459,1.6836725,-0.1054373,-0.25504026
2022-03-24,0.054073866,0.07537917,0.038853116,-0.035877887
2022-03-25,0.00506818,-0.017618505,-0.019816019,0.011968645
2022-03-28,0.20625776,-1.7310114,-0.0044849333,0.13644731
2022-03-29,-0.01628481,-1.3769201,-0.031496003,0.20880252
2022-03-30,0.003152152,1.3864553,-0.052222222,-0.3561828
2022-03-31,0.061374243,-1.0820862,0.11827687,0.2252181
2022-04-01,0.04898454,-0.571192,-0.08752888,0.14106502
2022-04-06,-0.0839622,-0.16487898,0.119601235,0.17917933
2022-04-07,-0.0659553,-0.39053783,0.06557118,0.093370475
2022-04-08,0.0006605656,1.1518636,-0.012026565,-0.12059757
2022-04-11,-0.02075846,-0.79457384,0.03155624,0.118765295
2022-04-12,0.00785798,1.386702,-0.052690297,-0.25319874
2022-04-13,0.039367285,1.0434613,-0.06672238,-0.24406601
2022-04-14,-0.00542379,0.7342991,-0.073846854,-0.12529449
2022-04-19,0.00607855,-0.22860056,0.02271027,0.05553132
2022-04-20,-0.060627054,0.11631943,0.00795955,0.004587582
2022-04-21,0.0033776306,0.025135372,-0.017592143,0.055298828
2022-04-22,-0.05538959,-0.8487455,-0.037967566,0.15917765
2022-04-25,-0.050355896,-1.407643,0.016503964,0.3189415
2022-04-26,-0.008926745,1.0224543,-0.07236374,-0.16906284
2022-04-27,-0.010648179,0.740701,-0.06383021,-0.04525928
2022-04-28,-0.0482361,0.53516835,-0.063275605,-0.07460498
2022-04-29,0.012271518,-0.2484517,-0.021946875,0.03226968
2022-05-05,-0.014059653,-1.094275,-0.03849907,0.17392877
2022-05-06,-0.096557945,-0.6651086,-0.0042149597,0.10611037
2022-05-09,-0.0055159875,-1.889992,0.048094723,0.32880238
2022-05-10,0.0015773347,-0.17121959,-0.0021041562,0.07670515
2022-05-11,0.05590715,1.3197964,-0.020213768,-0.24600555
2022-05-12,-0.079796456,-0.6330563,-0.03601011,0.12084005
2022-05-13,0.05488105,0.38653174,-0.02122563,-0.060708065
2022-05-16,0.052281503,0.54490393,-0.0034405775,-0.14637573
2022-05-17,0.02540147,0.257978,0.046770524,-0.001418614
2022-05-18,-0.013804716,-1.4025506,0.039148364,0.20036757
2022-05-19,0.08891407,1.14981,-0.027730456,-0.24060327
2022-05-20,-0.023783462,-0.055420447,-0.008028698,0.023016807
2022-05-23,0.028197229,0.25411266,0.015416775,-0.029712847
2022-05-24,-0.0033259024,-0.31307197,-0.0070362715,0.01871906
2022-05-25,0.010767956,-0.19458306,-0.034191255,0.044222303
2022-05-26,-0.025596742,0.74568784,-0.04318723,-0.104662664
2022-05-27,0.035409745,0.718458,-0.022497103,-0.08792777
2022-05-31,-0.0019630003,-0.1704827,-0.100697525,0.05032819
2022-06-01,0.057042852,-0.092977725,-0.019650334,-0.008387992
2022-06-06,0.0076210904,1.5164032,-0.074834436,-0.29634753
2022-06-07,-0.045268115,-0.29359338,0.036323443,0.032178078
2022-06-08,-0.00018608249,0.540882,0.0016376484,-0.08395892
2022-06-09,-0.02775552,-0.03843183,-0.018699601,0.043069545
2022-06-10,-0.050714042,-0.85113907,0.033232853,0.12982386
2022-06-13,-0.03430233,-1.5388802,0.0019651258,0.2719849
2022-06-14,-0.001966596,-0.64154446,0.0066464017,0.108465835
2022-06-15,0.010642932,0.24955963,0.040044837,-0.041672338
2022-06-16,-0.024631768,-0.020759553,0.036320698,-0.06726492
2022-06-17,0.011288,-1.4154652,0.061387856,0.26399416
2022-06-21,0.029842211,0.14571689,-0.06238065,-0.048538886
2022-06-22,-0.046307437,-1.0662104,0.025469804,0.2105176
2022-06-23,0.04597779,-1.4053075,0.0047217435,0.25789168
2022-06-24,-0.01695113,-0.634499,0.05518293,0.027223522
2022-06-27,-0.031416614,-0.14853348,0.032026406,0.04478159
2022-06-28,-0.03242266,0.38890073,0.012448009,-0.023474557
2022-06-29,0.051520735,-0.06119848,0.037156608,0.097953476
2022-06-30,-0.045412097,-1.5470257,0.09433813,0.22560667
2022-07-01,-0.04819877,-0.9286994,-0.089404196,0.11757737
2022-07-05,0.050819006,-2.1777008,0.092160806,0.43667948
2022-07-06,-0.057439376,-0.8395549,0.06537505,0.17805478
2022-07-07,0.050990928,1.7488213,-0.08430232,-0.34115568
2022-07-08,-0.021707153,0.7119968,0.03754499,-0.114868104
2022-07-11,-0.062468275,-0.2413322,-0.06800214,0.07974926
2022-07-12,0.10188085,-1.7435763,0.00032200836,0.25795898
2022-07-13,-0.062533125,-0.32309434,0.08231178,0.04331074
2022-07-14,-0.07444967,-1.3995918,-0.09293038,0.18104315
2022-07-15,0.13429627,0.010727162,-0.21518101,-0.19817877
2022-07-18,0.04239496,1.6714994,-0.025189176,-0.26486343
2022-07-19,-0.01844199,-0.69475955,-0.024309833,0.09204692
2022-07-20,0.05018227,-0.12648098,-0.018347032,0.0009987424
2022-07-21,0.011307417,-1.095081,0.061562795,0.1458693
2022-07-22,0.024718994,0.22987384,-0.007362687,-0.018487684
2022-07-25,-0.03569701,0.27232248,-0.016573142,-0.029774325
2022-07-26,0.01271218,0.6229227,0.055351246,-0.05253485
2022-07-27,0.033219874,0.88955045,-0.05511608,-0.14956053
2022-07-28,0.021852402,1.2130522,0.028786283,-0.14019845
2022-07-29,0.113295816,1.11144,0.013873584,-0.20334093
2022-08-01,0.008532318,-1.7144209,0.0881542,0.18388954
2022-08-02,-0.0023089566,-0.6440497,-0.046573352,0.059716173
2022-08-03,-0.0060044485,-0.6984273,0.03392674,0.12842515
2022-08-04,0.058933135,0.34190196,0.13144282,-0.02612431
2022-08-05,0.004174937,0.12664033,-0.016699806,-0.026491998
2022-08-08,-0.019602569,0.31997254,0.037622772,-0.05193285
2022-08-09,0.02522925,0.9411324,-0.07095086,-0.18075565
2022-08-10,0.02205483,1.0559803,-0.026563233,-0.1331685
2022-08-11,0.027340826,1.0181664,-0.031656224,-0.160723
2022-08-12,-0.036694996,-0.15028812,-0.010712568,0.03997271
2022-08-15,-0.043839443,-1.4916582,-0.019731779,0.12931877
2022-08-16,0.034079496,-0.44616887,-0.034102265,0.07055121
2022-08-17,-0.09679355,-0.17393725,-0.02780752,0.024073623
2022-08-18,-0.043067425,0.0054446473,-0.04462293,-0.0035347075
2022-08-19,-0.008083067,0.41257212,-0.0015406987,-0.00673311
2022-08-22,-0.04222003,0.10209809,0.04148159,0.061659884
2022-08-23,-0.040457513,0.961927,0.049350467,-0.10144729
2022-08-24,0.008384792,0.27039146,0.031347796,0.008317497
2022-08-25,0.038461708,0.0052433573,0.00626767,0.022895234
2022-08-26,-0.03070118,0.6793138,-0.019947117,-0.08055601
2022-08-30,-0.051437438,-1.591365,0.04759256,0.3037861
2022-08-31,-0.00012403209,-0.64142406,0.023570087,0.2143089
2022-09-01,0.0019043759,-2.0108337,0.05005684,0.1528683
2022-09-02,-0.09757493,0.5165585,0.029158777,-0.03826233
2022-09-06,0.022135492,0.015144468,0.037580736,-0.0014417449
2022-09-07,0.010081695,-0.73293704,0.08095585,0.06409586
2022-09-08,0.02950014,0.56569874,-0.009636536,-0.09594952
2022-09-09,0.050165683,1.3759958,0.010118145,-0.18314148
2022-09-13,0.047131628,0.584599,0.020302441,-0.052378375
2022-09-14,-0.028238362,-0.56817514,-0.055094544,0.013853956
2022-09-15,0.024348924,-1.4429873,0.029622084,0.23150809
2022-09-16,-0.032267828,0.11687041,0.012299929,0.033359148
2022-09-19,-0.012462571,0.17038707,-0.013757102,-0.019889377
2022-09-20,-0.042861782,0.28224158,0.07340845,0.02698651
2022-09-21,-0.011310658,-0.42602146,-0.021768315,0.045095555
2022-09-22,0.013287122,0.47042945,-0.009379682,-0.03683023
2022-09-23,-0.00070758566,-2.0223403,0.060263306,0.37038413
2022-09-26,-0.06243858,-1.3237388,0.026190763,0.29103044
2022-09-27,-0.028673353,0.38983938,-0.056982495,-0.052238278
2022-09-28,0.0712951,1.3013333,-0.023805674,-0.27576905
2022-09-29,0.04008898,0.27097872,0.04534919,-0.030796928
2022-10-10,-0.007781794,1.9844148,-0.18950808,-0.4500633
2022-10-11,-0.023388816,-0.5436048,0.052027725,0.117260106
2022-10-12,-0.057180863,-0.44630143,0.004481481,0.10390121
2022-10-13,-0.019233119,0.46062148,0.022331458,-0.06303805
2022-10-14,-0.031913135,-1.1415553,-0.036769312,0.2375658
2022-10-17,-0.08142301,-0.31676996,0.055203002,-0.01646917
2022-10-18,-0.034644563,-0.65076196,0.002374918,0.16676432
2022-10-19,-0.045071844,-0.30970284,-0.049054697,0.045924827
2022-10-20,0.06704476,0.51169753,0.04062369,-0.089393295
2022-10-21,0.00632692,0.47564763,0.039417908,-0.059811432
2022-10-24,-0.034524407,-0.09748288,-0.052967384,0.044288658
2022-10-25,0.007091212,0.40311363,-0.051167306,-0.08165657
2022-10-26,0.09337612,1.1705357,-0.039784852,-0.22527541
2022-10-27,-0.05984466,-0.09617353,-0.016402164,0.022086194
2022-10-28,-0.089012355,-1.0151571,0.003573476,0.14772396
2022-10-31,-0.06853631,-0.550693,0.06409265,0.18773042
2022-11-01,0.15816541,-0.09829696,0.1432696,0.012258235
2022-11-02,-0.031014176,0.5823005,-0.13802454,-0.03731363
2022-11-03,0.038351152,-0.33755696,-0.030770507,0.008671712
2022-11-04,0.15672666,1.9205511,-0.00554277,-0.30803496
2022-11-07,0.020757133,-0.50639087,-0.015353928,0.009559585
2022-11-08,0.041768707,0.013440765,0.09341074,-0.044004716
2022-11-09,-0.009199058,-0.83235,0.10647902,0.15057668
2022-11-10,0.048834924,0.6595571,0.009020797,-0.10775273
2022-11-11,0.142818,1.0358644,0.01164556,-0.14705648
2022-11-14,0.005262937,-0.20334019,0.043402363,0.059554406
2022-11-15,0.008600768,0.42304817,-0.0005957625,-0.04576618
2022-11-16,0.0107873,-0.94564104,0.011271515,0.09477812
2022-11-17,-0.01047057,-1.5736849,0.043285735,0.26048228
2022-11-18,-0.013435603,-0.16340742,0.041133847,0.08167232
2022-11-21,-0.10055738,-0.6948269,-0.018669419,0.14472435
2022-11-22,0.05949733,0.8196778,-0.06372653,-0.117829375
2022-11-23,-0.011408567,-0.40852103,0.05424824,0.101182625
2022-11-25,-0.026472844,-0.79806924,0.05170363,0.11528369
2022-11-28,-0.048762623,-0.1357431,0.006497235,0.08129702
2022-11-29,0.012315207,0.728594,-0.013329826,-0.09377655
2022-11-30,0.13463531,1.3246026,-0.07322835,-0.28017995
2022-12-01,0.04744971,-0.08605529,0.06068605,-0.123730145
2022-12-02,0.013085817,-0.5564502,0.0745698,0.10540936
2022-12-05,0.045986135,-1.264821,0.009943062,0.22117867
2022-12-06,-0.005639226,-0.7581352,0.078060165,0.15910985
2022-12-07,0.011758095,-0.15699984,0.08200131,0.031332217
2022-12-08,-0.015382932,0.117659435,0.050350744,-0.025294725
2022-12-09,0.024485439,-0.024475947,-0.013916583,-0.029131385
2022-12-12,-0.063679576,0.2601848,-0.043916054,0.035325136
2022-12-13,0.035171986,1.401693,-0.08222864,-0.3069087
2022-12-14,-0.011832178,0.6000645,-0.050492212,-0.101653
2022-12-15,-0.04321896,-1.1077338,0.020151285,0.23685798
2022-12-16,-0.03778442,-0.87153447,0.05315553,0.07189575
2022-12-19,-0.00947982,-0.19418776,-0.022735523,0.021761078
2022-12-20,0.05188753,1.0041212,0.017710393,-0.1574221
2022-12-21,-0.011305842,0.6855852,-0.0025817375,-0.10807534
2022-12-22,-0.045877453,-0.7322805,0.014091422,0.17078938
2022-12-23,0.043177456,1.0605316,-0.030941673,-0.23283634
2022-12-28,-0.02623628,0.2801908,0.025222367,-0.10194603
2022-12-29,-0.016047174,0.067220934,0.03641176,-0.023315761
2022-12-30,0.0024529784,0.13456239,-0.036699638,-0.06771453
2023-01-03,0.017445669,-1.1178324,0.028958565,0.15540056
2023-01-04,-0.07121431,-1.3273191,-0.0072674607,0.20039132
2023-01-05,-0.021248948,-0.24739423,-0.015578767,0.026277024
2023-01-06,0.06435061,0.7642912,0.03997748,-0.17799354
2023-01-09,0.09067522,0.8719144,-0.014276675,-0.13988177
2023-01-10,-0.0200538,0.032942794,0.022277523,-0.03674274
2023-01-11,0.037620567,0.61999595,-0.039418414,-0.15241493
2023-01-12,-0.028359257,0.7283098,0.039217558,-0.04132762
2023-01-13,0.03975629,0.66809267,0.003201362,-0.11309588
2023-01-17,-0.02828382,0.11188795,0.021472981,0.02250026
2023-01-18,0.077306785,0.21624012,-0.017391007,0.026165498
2023-01-30,0.068614736,-0.5562654,0.07469494,-0.16725215
2023-01-31,0.041366223,0.63768864,0.009335426,-0.07898327
2023-02-01,0.011715284,-1.4598775,0.056285456,0.23738737
2023-02-02,0.0122803645,-0.05903491,0.026543362,0.007287203
2023-02-03,-0.03374591,-1.7797683,0.068938054,0.2704972
2023-02-06,-0.10188002,-0.5371993,-0.016199823,0.14104691
2023-02-07,-0.017458333,1.0871639,-0.10595938,-0.19484739
2023-02-08,0.0030555266,-0.02235436,0.032059163,-0.045102786
2023-02-09,0.056386895,-0.3840088,0.017878432,0.005072332
2023-02-10,-0.10436864,0.007854165,-0.004006353,0.04968316
2023-02-13,0.006801635,0.1110124,-0.02643755,-0.035823032
2023-02-14,0.017761856,-0.008801411,0.032041498,0.051518362
2023-02-15,-0.008188626,-0.8680304,-0.028367791,0.123445705
2023-02-16,0.014169106,0.20415753,0.07842524,-0.013560888
2023-02-17,0.043649264,-0.6313741,0.074109696,0.12873966
2023-02-21,0.0944803,1.1156415,0.006785368,-0.17869903
2023-02-22,0.025996763,-0.7340753,-0.049438026,0.06133023
2023-02-23,-0.052981414,-0.611896,-0.07657895,0.0490339
2023-02-24,-0.012443776,-0.6802072,-0.05565984,0.05317432
2023-02-27,0.08479676,0.46497926,0.003268674,-0.11423581
2023-02-28,0.010191571,0.2389792,-0.02683932,-0.11348797
2023-03-01,0.05300263,0.6941349,-0.08685369,-0.10429625
2023-03-02,-0.082326986,-0.32831657,-0.008942589,0.08416614
2023-03-03,0.042766456,0.55942315,0.0037923553,-0.17388046
2023-03-06,-0.008338569,-0.3152001,0.032580335,0.020325312
2023-03-07,-0.009804215,-1.5609353,0.042363334,0.28976282
2023-03-08,-0.03117037,-0.22406743,0.002423326,0.0011381952
2023-03-09,0.015192412,-0.65506333,0.02881261,0.040083207
2023-03-10,-0.072007,0.3055894,0.04221013,-0.04561301
2023-03-13,0.10727353,0.3561082,0.049198486,-0.1781079
2023-03-14,0.012031361,-0.6017377,0.056902524,0.1167573
2023-03-15,-0.028486384,-1.5539361,0.074963145,0.2997941
2023-03-16,-0.032224257,0.5624412,-0.0044293893,-0.008919954
2023-03-17,0.009257856,0.2098196,0.05733473,-0.062250707
2023-03-20,-0.021521112,0.2535794,0.024248803,-0.03717199
2023-03-21,-0.0071275905,-0.26992077,-0.02180635,0.015553278
2023-03-22,0.0064644646,0.3031708,0.005386658,-0.12844698
2023-03-23,0.027652076,-0.03600601,0.043439776,-0.08892598
2023-03-24,-0.030580435,0.1241087,0.057348467,0.046471532
2023-03-27,0.0004263405,0.84823316,-0.04570544,-0.13784988
2023-03-28,0.032728937,0.51456624,0.020398606,-0.100542404
2023-03-29,-0.047131486,-0.2998418,0.019272543,-0.005022965
2023-03-30,0.0044610347,0.083479576,0.042657856,-0.08919841
2023-03-31,-0.015418602,0.7049704,0.018827567,-0.09917571
2023-04-03,-0.11856436,0.6211213,-0.05926588,-0.0414986
2023-04-04,-0.023071038,-0.33368874,0.077848494,-0.024150683
2023-04-06,0.039892197,0.01549538,-0.017321264,-0.049762312
2023-04-11,-0.03308323,0.23828708,0.03339377,0.0010457007
2023-04-12,0.010702105,0.43966636,0.03440403,-0.11874692
2023-04-13,0.07884297,0.37044248,0.061038524,-0.08645398
2023-04-14,-0.0010803294,-0.07654745,0.015876329,0.025645535
2023-04-17,-0.0030565183,-0.018788137,0.0663357,0.07758219
2023-04-18,0.08620897,0.6365844,-0.005751344,-0.14696302
2023-04-19,-0.05293306,-0.85477465,0.04668233,0.10568571
2023-04-20,-0.057085462,-0.93136495,0.0523861,0.1453054
2023-04-21,-0.03518183,-0.45814052,-0.021271845,0.026608244
2023-04-24,-0.014334268,-0.068738386,0.01370782,-0.011596728
2023-04-25,-0.048772685,-1.2482814,0.034880634,0.17716554
2023-04-26,0.022024091,-0.5537549,0.008956998,0.14890979
2023-04-27,0.022062968,-0.1443301,-0.0022833063,-0.024885487
2023-04-28,0.0041317693,0.7742894,-0.037072062,-0.12872227
2023-05-04,0.035918407,-1.5307641,0.1524215,0.394142
2023-05-05,-0.03296657,1.2538558,-0.06411614,-0.1869384
2023-05-09,0.011486681,0.47490847,-0.089774676,-0.14579181
2023-05-10,-0.037896838,-0.58434486,-0.007444867,0.094254985
2023-05-11,-0.012175663,-1.3495398,-0.03255721,0.21463089
2023-05-12,0.0003342168,-0.40720436,0.045656085,0.0703328
2023-05-15,-0.00010718964,0.39013514,-0.15960537,-0.12722443
2023-05-16,0.017579969,-0.89055514,-0.077603996,0.070994094
2023-05-17,0.07841652,0.64475775,-0.110235006,-0.13749246
2023-05-18,-0.0013491656,-0.58179325,-0.06915167,0.11233654
2023-05-19,0.008863418,0.10746912,-0.025375359,0.029497093
2023-05-22,-0.11556902,0.094262205,-0.031196758,0.015376162
2023-05-23,-0.0682327,-0.4770262,-0.004833191,0.072496064
2023-05-24,-0.104811445,-0.3483217,-0.032718908,0.10021991
2023-05-25,-0.05285014,-0.68002564,0.048942782,0.12663794
2023-05-26,0.054458648,0.8483601,0.013593244,-0.11822358
2023-05-30,0.12010334,-1.2246221,0.0021739113,0.031806033
2023-05-31,-0.04866154,-0.51242733,0.021491146,0.076329425
2023-06-01,0.06158031,1.0980513,0.033986397,-0.23381566
2023-06-02,-0.008495795,0.60043603,-0.0460223,-0.10003804
2023-06-05,-0.027556611,0.17724659,-0.01550886,-0.0022688035
2023-06-06,0.0061196634,0.26252162,-0.0015778575,-0.01696751
2023-06-07,0.01921594,0.16197701,-0.090196505,-0.018648911
2023-06-08,0.011933043,0.516206,0.06329574,0.029111631
2023-06-09,-0.017048994,-0.029030994,-0.00014689911,0.044270635
2023-06-12,-0.03140125,-1.1140774,0.06583196,0.17745999
2023-06-13,0.026771992,0.6777733,-0.035041805,-0.12635548
2023-06-14,0.06415274,0.27859002,0.0188611,0.013624307
2023-06-15,-0.03278637,1.2136049,-0.031524613,-0.1912527
2023-06-16,0.0009773509,0.85224676,0.00643012,-0.1498045
2023-06-20,-0.06258016,-1.2179708,0.056213073,0.17413902
2023-06-21,0.061600026,0.1397384,0.03813309,-0.11571772
2023-06-26,-0.07588011,-1.3581725,-0.056220464,0.27039778
2023-06-27,0.055964604,-0.15135534,-0.03765648,0.04600279
2023-06-28,0.031839233,-0.6822508,-0.116349936,0.009512588
2023-06-29,0.011043208,-0.031538963,-0.021233818,0.0280526
2023-06-30,-0.052188914,0.7655174,-0.061265625,-0.1747887
2023-07-03,-0.03602492,0.08126774,0.025396056,0.13173804
2023-07-05,-0.0013618475,0.80976963,-0.05351765,-0.14284757
2023-07-06,0.04388524,-0.5837271,0.04214395,0.0889063
2023-07-07,0.018194847,0.42502666,-0.045115147,-0.112965025
2023-07-10,-0.02807854,0.25485206,0.026253877,0.010102813
2023-07-11,0.044185705,0.4363357,-0.025888428,-0.14590585
2023-07-12,0.13209255,0.7532205,-0.025082443,-0.14351393
2023-07-13,-0.02813753,0.9764204,0.06305825,-0.10839154
2023-07-14,-0.011088453,-0.24164413,0.047004256,0.033886757
2023-07-17,0.0887308,-1.197583,-0.10855693,0.025904875
2023-07-18,-0.034842122,0.43723905,0.05506909,-0.08740579
2023-07-19,-0.03335216,0.41740704,0.0023458323,-0.04307605
2023-07-20,0.014751417,0.29748356,-0.03502107,0.01978981
2023-07-21,-0.021759482,0.42347452,-0.04262487,-0.035509497
2023-07-24,-0.04750892,1.1683213,0.0050068367,-0.078436226
2023-07-25,0.07020888,0.5272876,0.00651308,-0.115881644
2023-07-26,0.0549664,-0.28784713,-0.03268768,-0.02178876
2023-07-27,-0.03527734,-0.38136858,-0.035917226,0.04446181
2023-07-28,0.037847072,0.17648174,-0.027420528,-0.08387987
2023-07-31,0.08681454,0.26024196,-0.01204602,-0.079888634
2023-08-01,0.0024032586,-0.30271608,-0.047019996,0.07838664
2023-08-02,-0.052666776,-1.2386363,0.040237926,0.20415695
2023-08-03,-0.016908167,0.22116216,-0.038936693,-0.04217701
2023-08-04,-0.018074377,0.13971247,-0.014502335,-0.03091885
2023-08-07,0.010505683,-0.40095988,-0.010851965,0.1104842
2023-08-08,-0.06100973,-0.2995798,-0.019205242,0.069517784
2023-08-09,0.01675037,0.5272594,-0.068184376,-0.093861386
2023-08-10,-0.0010596036,-0.19237465,0.03233047,0.031387016
2023-08-11,0.0031667433,-0.45072082,-0.02375994,0.050745454
2023-08-14,-0.098207206,-0.7040185,0.007950058,0.09100697
2023-08-15,-0.0027849376,-1.1924272,0.018750519,0.2074364
2023-08-16,-0.03811642,-0.09432662,0.052904375,0.064600125
2023-08-17,-0.004673399,0.36232874,0.0067218337,-0.059654493
2023-08-18,0.02281787,0.41307622,0.017326284,-0.13006909
2023-08-21,0.020184927,-0.12197778,0.014768363,0.0011561172
2023-08-22,0.054295946,0.05587676,0.010000869,-0.052253973
2023-08-23,0.028464248,0.74791646,0.078278445,-0.05366863
2023-08-24,0.0064511495,0.019946506,-0.008173473,-0.017058227
2023-08-25,-0.024442373,0.6655106,-0.0517224,-0.090946876
2023-08-29,0.021591669,0.21191788,0.04502018,-0.03570109
2023-08-30,0.0705724,-0.23503457,0.004486059,0.03303855
2023-08-31,-0.027253635,-0.10869966,-0.0064877872,0.015317341
2023-09-01,0.016643446,0.4694423,0.033942766,-0.0541105
2023-09-05,-0.074003085,-0.073779225,-0.007910749,0.052155875
2023-09-06,-0.043491084,-0.42255118,0.029703006,0.07638467
2023-09-07,-0.0011659495,-0.321674,-0.014516912,0.024950605
2023-09-08,-0.018304612,-0.09144079,-0.038011298,0.003584207
2023-09-11,0.08843399,0.87513024,-0.0107047865,-0.1398825
2023-09-12,0.0031251584,-0.15678877,-0.034778394,-0.019850597
2023-09-13,-0.027884757,0.20948996,0.031731475,0.046304714
2023-09-14,0.02287579,0.47418672,-0.017576268,-0.08455823
2023-09-15,-0.031772044,-0.14537384,0.053417657,-0.03780931
2023-09-18,0.020138837,-0.20641279,0.0060495883,0.027799131
2023-09-19,0.02038743,0.23984745,0.032382526,-0.019607408
2023-09-20,0.023868503,-0.17539412,0.04915937,-0.03144422
2023-09-21,-0.030501502,-0.84070724,-0.04262219,0.11621544
2023-09-22,-0.021935826,0.10644345,0.0410084,-0.013679994
2023-09-25,-0.02943446,-0.65769684,0.01763017,0.10385868
2023-09-26,-0.0012429657,-0.21604073,-0.020114366,0.07383104
2023-09-27,-0.032548897,0.19920413,-0.057070956,-0.013604328
2023-10-09,0.080526546,-1.9436892,0.10167292,0.23823565
2023-10-10,-0.009669605,-0.33119243,0.014159249,0.020359583
2023-10-11,3.4474095e-05,-0.53166217,0.044569388,0.08779779
2023-10-12,-0.059847042,0.14806405,0.055911195,0.05969359
2023-10-13,0.025775842,1.2028208,-0.08644858,-0.17120059
2023-10-16,-0.043398466,-0.29816946,0.027133038,0.10030656
2023-10-17,-0.020408612,0.03633403,0.05079836,0.019306043
2023-10-18,0.019950999,0.38194385,0.0077689183,-0.061326396
2023-10-19,-0.007823458,0.065456316,0.07387501,0.00031703437
2023-10-20,0.0045904615,-0.014672242,-0.0121510625,0.023283632
2023-10-23,0.028557219,-0.64825857,0.050713368,0.12561181
2023-10-24,0.015537017,-0.44742426,0.06179901,0.07842837
2023-10-25,0.029183352,0.3598068,-0.023808757,-0.11093182
2023-10-26,-0.0024503355,-0.472524,-0.0026870877,0.0375033
2023-10-27,0.030761529,0.63735014,-0.0024940672,-0.11339929
2023-10-30,0.03794029,-0.24707526,0.048704237,0.014767585
2023-10-31,0.023883715,-0.32175723,0.013138993,0.062136203
2023-11-01,0.016368194,-0.44105014,-0.0012385655,-0.0011711072
2023-11-02,-0.031512827,0.62366927,-0.045421615,-0.08802078
2023-11-03,0.023230467,0.026276628,0.106168166,0.047562454
2023-11-06,0.0054219086,0.34565717,0.0046076654,-0.00029804665
2023-11-07,-0.0011994069,-1.3881568,0.020583047,0.21793316
2023-11-08,-0.009649082,-0.4489936,0.069005065,0.14237836
2023-11-09,0.014896508,-0.15993531,0.0057049184,0.07379738
2023-11-10,-0.030891547,-0.42582923,-0.07010861,0.0796795
2023-11-13,-0.006995295,0.90451926,0.03185156,-0.11640286
2023-11-14,0.061570946,0.556324,0.008738289,-0.13364537
2023-11-15,0.02210664,0.20089568,0.03281181,-0.011489477
2023-11-16,-0.03846787,-1.1971055,0.07616427,0.16375378
2023-11-17,-0.017777462,0.2605968,-0.07871899,-0.09933344
2023-11-20,0.012126712,0.9116764,-0.0117065115,-0.1337025
2023-11-21,-0.028143747,0.43635282,0.046425685,-0.045819208
2023-11-22,-0.028975861,-0.75926566,-0.011087599,0.1301467
2023-11-24,0.050559502,-0.46945322,0.031165311,0.020675778
2023-11-27,-0.044741444,-0.30673027,0.021765219,0.09571645
2023-11-28,0.045500208,0.9930369,0.010847299,-0.22277108
2023-11-29,-0.020184314,0.10858497,-0.014061881,-0.1283094
2023-11-30,-0.028486935,-0.38077414,-0.011078212,0.029909307
2023-12-01,0.030176293,-0.4369653,0.030443115,0.012181394
2023-12-04,-0.0190186,-1.0359311,-0.009562502,0.1719533
2023-12-05,-0.023123786,-0.7391036,0.034431674,0.102697164
2023-12-06,-0.022211546,-1.1762449,-0.0017894565,0.14860745
2023-12-07,-0.007951038,0.5172761,0.0064512272,-0.020949258
2023-12-08,-0.003287344,0.11371999,-0.058898814,-0.05638095
2023-12-11,-0.014890665,-0.1702049,-0.03453746,0.0753248
2023-12-12,0.07178723,-0.5562689,0.066100426,0.023403011
2023-12-13,-0.0014219031,-0.3045729,-0.013379888,0.07405867
2023-12-14,0.0915899,1.4716893,0.0006343638,-0.27360773
2023-12-15,-0.029664027,0.5336667,0.0059082955,-0.027245194
2023-12-18,-0.0109519195,0.18392293,-0.03808853,2.1088814e-05
2023-12-19,0.013039656,0.5069347,-0.024653945,-0.100803435
2023-12-20,-0.02780039,-0.21329921,-0.046105333,-0.038687274
2023-12-21,0.011220064,-0.36212996,0.02113272,0.026766878
2023-12-22,0.055137776,0.23860946,0.042685784,-0.03656627
2023-12-27,0.040333204,0.6896234,0.06433053,-0.08533808
2023-12-28,0.0099013215,-0.43838638,0.07834467,0.070647605
2023-12-29,-0.028441317,-0.52087355,-0.068199575,0.0704518
