date,F1,F2,F3,F4
2013-10-21,0.032873947,0.020489294,0.5817462,0.13477962
2013-10-22,0.47968745,0.57708997,1.2359629,0.22348852
2013-10-23,-0.4947958,-1.1282728,0.039416805,0.019236442
2013-10-24,0.38754606,0.10416731,0.5187484,0.11805731
2013-10-25,0.22583641,0.00066215015,-0.11550299,0.0021632602
2013-10-28,0.4145602,0.1391721,-0.51435745,-0.06401527
2013-10-29,-0.24527593,-0.20952554,-0.103402,-0.008014254
2013-10-30,0.17886966,0.6786939,0.3984793,0.13093264
2013-10-31,-0.31208053,-1.231332,-1.051878,-0.14514157
2013-11-01,0.074413314,-0.93961906,0.53049827,0.34413317
2013-11-04,-0.12101473,-0.66512585,-0.0012731265,-0.025130032
2013-11-05,0.06391159,-0.38487157,-0.045484364,0.09332312
2013-11-06,0.16238678,0.07760428,0.042138763,-0.067156985
2013-11-07,-0.11549641,-0.4971719,0.1372801,0.09857707
2013-11-08,-0.4737177,-0.048365515,-1.0071751,-0.30741826
2013-11-11,-0.3583352,0.09303907,-0.5333593,-0.11034659
2013-11-12,-0.17169265,-0.45172885,-0.2763903,0.068062626
2013-11-13,-0.21931137,-0.32647395,-0.6268659,-0.17311643
2013-11-14,0.18485284,0.3387416,0.26392835,0.0411727
2013-11-15,0.501928,-0.080690846,0.009183617,0.18941619
2013-11-18,-0.088476986,-0.8456884,-0.65049386,-0.04429514
2013-11-19,0.09959074,0.10440806,0.3533526,0.10589695
2013-11-20,-0.25747254,-0.17565715,-0.9373979,-0.10358842
2013-11-21,-0.5402415,0.61163306,-0.8865405,-0.23066367
2013-11-22,-0.08116584,0.19318335,-0.09666454,-0.1391001
2013-11-25,-0.11627421,-0.1389075,0.1604994,0.04661734
2013-11-26,0.07365563,-0.1854176,-0.19682464,-0.0711769
2013-11-27,-0.14919323,-0.598756,-0.3689486,-0.04552128
2013-11-29,0.27308977,0.6852925,0.74545765,0.11753957
2013-12-02,-0.32092276,-0.7333235,-1.3109667,-0.2059693
2013-12-03,-0.19790825,0.077515386,-0.478578,-0.121415496
2013-12-04,0.43936744,1.1137661,1.2130793,0.14840694
2013-12-06,-0.056224294,-0.3538273,-0.6967045,-0.053403776
2013-12-09,0.15433936,0.30500087,0.8088822,0.13223416
2013-12-10,0.57506114,0.7906719,0.9866738,0.32253054
2013-12-11,-0.054231975,0.36402404,0.08714658,0.036185443
2013-12-12,0.09969429,-1.1033379,-1.1977293,-0.095337234
2013-12-13,0.47897258,0.09777961,0.532175,0.29837358
2013-12-16,0.08722413,0.86974096,0.053533424,0.09423176
2013-12-18,0.07199836,-0.508097,-0.4077117,-0.04527993
2013-12-19,-0.6479793,-0.56985635,-1.5893413,-0.32158872
2013-12-20,0.12174276,1.0960867,0.37421837,0.06795064
2013-12-23,0.07747454,-0.49263412,-0.2000422,0.07491303
2013-12-24,0.20822337,0.42910647,0.21347176,0.014793857
2013-12-27,0.5289541,1.1626732,0.79240674,0.06890318
2013-12-30,-0.02382947,-0.97279763,-0.37685373,0.0058734096
2013-12-31,-0.19725044,-0.59623474,-0.089411944,-0.09997548
2014-01-02,0.7020562,-0.10493916,1.5579766,0.3749306
2014-01-03,-0.22000031,-0.54178554,0.69855887,0.20237474
2014-01-06,-0.09964903,0.0114662,0.047216605,0.031051673
2014-01-07,-0.036739595,-0.12274216,-0.5370024,-0.15549615
2014-01-08,0.16224743,-0.6762362,-0.082263984,0.11227196
2014-01-09,-0.04200808,-0.6371934,0.3216721,0.06452097
2014-01-10,0.022562068,1.2677088,0.76858777,0.15401798
2014-01-13,0.2904011,0.47087598,0.444025,0.2208187
2014-01-14,-0.09067402,-0.025233563,-0.22434357,-0.14117034
2014-01-15,0.27574533,0.22453468,-0.52530307,-0.15833366
2014-01-16,-0.16527176,0.17269611,0.25240245,-0.006731422
2014-01-17,0.40850744,0.3847171,0.38225147,0.03151661
2014-01-21,0.06676762,-0.32442477,-0.59854144,-0.07381521
2014-01-22,-0.06687991,0.091615595,-0.5322216,-0.23806922
2014-01-23,-0.21627782,-0.091109104,0.39014882,0.06327917
2014-01-24,-0.2108022,-0.32167864,-0.670691,-0.062226146
2014-01-27,-0.07794923,-0.8890189,0.3327197,0.17032212
2014-01-28,-0.30142608,0.00567919,-0.8026437,-0.1249903
2014-01-29,0.43270808,-0.036282267,-0.38362294,0.122187234
2014-02-10,-0.81581134,1.1174675,0.6900083,0.036325954
2014-02-11,0.08506499,0.26791376,0.11092007,-0.004084038
2014-02-12,0.34713942,0.7077465,0.5289749,0.26486754
2014-02-13,-0.20169614,0.22094205,-0.022358758,-0.05710239
2014-02-14,0.33785927,0.8103,0.9068675,0.21022956
2014-02-18,-0.18932503,1.6067771,0.025986398,-0.09721198
2014-02-19,-0.1645623,0.50284857,-0.30982593,0.22947364
2014-02-20,-0.28206557,-0.24268661,-0.34357822,-0.09843609
2014-02-21,0.101814464,0.10549245,0.60152876,0.14841841
2014-02-24,-0.08739409,0.51933306,0.7068807,0.11385282
2014-02-25,-0.17155747,-0.16545948,0.39879346,0.028794713
2014-02-26,-0.25610813,-0.3793063,-0.7552613,-0.08334609
2014-02-27,0.48342076,-0.10575005,0.6422346,0.09681096
2014-02-28,-0.41166684,0.10941286,-0.37698108,-0.23196939
2014-03-03,-0.28220424,1.1205065,-0.0185417,0.23621377
2014-03-04,-0.18667205,0.41445395,0.33699793,-0.04680489
2014-03-05,0.094625555,-0.016163547,0.71020013,0.38923013
2014-03-06,-0.24177098,0.7252166,0.57251585,0.008879043
2014-03-07,-0.5658823,-0.68011004,-1.07438,-0.33732548
2014-03-10,0.46416518,-0.63322264,0.32085818,0.19476314
2014-03-11,-0.48461503,-0.49568543,-0.11878722,-0.010077782
2014-03-12,0.19768086,0.14102766,0.9940958,0.26200882
2014-03-13,-0.053509243,-0.4280488,0.1588054,0.033017807
2014-03-14,0.40524217,-0.04017993,-0.185389,-0.18074833
2014-03-17,-0.2711468,-0.6572811,0.3190935,-0.018279506
2014-03-18,-0.5375869,0.43483263,-0.44427395,-0.34139463
2014-03-19,-0.31450313,-0.19106199,-0.06300222,-0.21948652
2014-03-20,-0.07636709,-1.1576772,-0.7455432,-0.19038326
2014-03-21,0.34786645,0.048939757,-0.030687582,0.050016418
2014-03-24,-0.65994793,-0.19834132,-0.42308933,-0.0866745
2014-03-25,0.34430248,0.55012363,0.003172697,0.028625783
2014-03-26,-0.30705094,-0.57248,-0.55421257,-0.14510366
2014-03-27,-0.29855958,0.41027778,-0.55210066,-0.19742446
2014-03-28,0.14480431,0.30493358,0.12826906,0.120762244
2014-03-31,-0.2872078,0.012058115,0.2413128,-0.031543918
2014-04-01,-0.18547642,-0.2697509,0.40782923,0.094963625
2014-04-02,0.7422139,-0.10781574,0.6408039,0.2083508
2014-04-03,-0.39040872,0.46344945,-0.49818236,-0.1297633
2014-04-04,0.24319097,0.5896779,0.35477066,0.30948794
2014-04-08,-0.1310127,0.7486491,-0.08686426,0.10497423
2014-04-09,-0.05608991,0.32182774,-0.44786248,-0.07055678
2014-04-10,0.54135066,0.5178831,0.7615073,0.33919337
2014-04-11,0.16938648,-0.375962,-0.15025955,-0.056390062
2014-04-14,-0.14602616,0.78400195,0.14528026,-0.058905575
2014-04-15,-0.7148617,-0.67631966,-0.90302366,-0.37832937
2014-04-16,0.12819313,0.58659285,0.1807059,-0.046651065
2014-04-17,0.04065318,-0.017315714,-0.32043937,0.117079504
2014-04-22,0.26696852,-0.19512717,-0.3058832,0.2681716
2014-04-23,-0.15590048,0.091018155,0.30491257,0.031034134
2014-04-24,0.13889511,0.60341066,0.23500605,0.021191949
2014-04-25,-0.35494027,-0.022591677,0.6030196,-0.0038423294
2014-04-28,-0.12991892,-0.5777718,-0.024839016,-0.10146522
2014-04-29,-0.48301286,0.35593817,-0.24526033,-0.044012357
2014-04-30,-0.19028194,-0.79592836,0.23752877,-0.06405813
2014-05-06,0.5195541,-0.21676862,1.1217726,0.4215262
2014-05-07,-0.2514,-0.5808792,-1.005521,-0.1319572
2014-05-08,-0.108741015,0.26009032,0.23302844,-0.049289666
2014-05-09,0.09112828,-0.20771986,0.042205706,-0.12841792
2014-05-12,0.6063891,0.94842064,0.6893229,0.28450638
2014-05-13,-0.40595716,0.26466885,-0.038985997,-0.055416796
2014-05-14,0.462631,0.53712183,0.20480885,0.060189992
2014-05-15,0.13885236,-0.8609825,-0.87257266,0.009706262
2014-05-16,0.12613875,-0.38199472,-0.18457718,-0.14455658
2014-05-19,0.25974903,0.26234087,0.35292482,-0.033352073
2014-05-20,0.16820388,-0.22523803,-0.07115519,0.16967237
2014-05-21,-0.4048165,-0.0133444015,-0.44168028,-0.2652074
2014-05-22,0.11599857,0.47883928,0.56414884,0.22314568
2014-05-23,0.063354366,-0.1194959,-0.29011428,0.098865
2014-05-27,0.26715073,-0.8551346,-0.6937743,-0.018825203
2014-05-28,-0.1303038,-0.3082317,-0.054680333,0.07386505
2014-05-29,-0.09786657,-0.06943275,-0.2162051,-0.036614034
2014-05-30,0.13306397,-0.87369233,-0.17841156,-0.007931016
2014-06-03,0.48840943,-0.38905331,0.074938215,0.008175591
2014-06-04,-0.25044158,-0.28542128,0.025859889,0.05669309
2014-06-05,0.48868734,0.09128051,0.2340554,0.044346943
2014-06-06,-0.35337418,0.2972925,0.033333752,-0.026241066
2014-06-09,0.16855739,0.35411564,-0.18081559,-0.26773807
2014-06-10,0.27885696,-0.018372674,0.4724466,0.010945097
2014-06-11,0.26136792,-0.5048805,-0.38654187,0.11575454
2014-06-12,-0.20240416,0.05860541,-0.6744325,-0.112065986
2014-06-13,-0.33813092,0.72743624,0.032341704,-0.047200352
2014-06-16,0.4014614,0.33293146,0.16151696,-0.060838472
2014-06-17,0.26955056,0.31109348,-0.021076372,-0.018554566
2014-06-18,-0.2875905,0.4613696,0.14021698,-0.10771706
2014-06-19,0.15334122,1.13568,1.1595012,0.14004505
2014-06-20,0.21328594,0.20857134,0.20008533,0.21925439
2014-06-23,0.18967862,-0.03455627,0.30414033,0.14212847
2014-06-24,0.07880908,-0.17296532,0.06870327,0.064456254
2014-06-25,0.13629185,0.19038993,0.3651929,0.17608097
2014-06-26,-0.17326725,-0.1306884,0.16919298,-0.05289952
2014-06-27,0.14872049,-0.43593913,0.025415683,-0.09688405
2014-06-30,0.92984784,-0.5105688,0.058144495,0.1344862
2014-07-01,-0.07426714,0.050873615,0.52388227,0.12882328
2014-07-02,0.6762721,0.409034,0.65242493,0.28913516
2014-07-03,-0.12644799,-0.16856283,-0.08055175,-0.14382182
2014-07-07,0.39033252,-0.9291773,-0.17065972,0.12974516
2014-07-08,0.4367632,-0.19125132,0.36663383,0.22244579
2014-07-09,0.40253657,-0.4418095,0.4005317,0.21360911
2014-07-10,0.10524477,-0.29235798,0.34922543,0.17167735
2014-07-11,0.61189187,-0.60032403,0.25835654,0.24756579
2014-07-14,-0.2705349,-0.4245759,-1.0311539,-0.16223782
2014-07-15,0.82400036,-0.927481,-0.26346314,0.1709696
2014-07-16,-0.1313144,0.052973278,-0.08900966,0.059232473
2014-07-17,0.17131424,0.533079,0.56562155,0.02110305
2014-07-18,0.0546208,-0.49422252,-0.44790933,0.09367251
2014-07-21,0.46692607,0.4620687,0.20177497,0.034148347
2014-07-22,0.20557274,0.039221372,-0.006432735,-0.1542441
2014-07-23,-0.35367623,0.07386464,-0.0337201,0.1527293
2014-07-24,-0.05699323,-0.30688912,-0.32943973,0.06895073
2014-07-25,-0.1948824,0.25620183,0.16726196,-0.043200325
2014-07-28,-0.21493751,0.16345532,0.22291999,0.089149155
2014-07-29,0.16126966,-0.7472251,-0.43483132,0.061341517
2014-07-30,0.19060065,0.18443128,0.39535433,0.18227558
2014-07-31,-0.24194054,-0.6818757,-0.3606316,0.18786292
2014-08-01,0.15837963,-0.6252316,0.5170786,0.06786515
2014-08-04,-0.19455269,0.7303668,0.065226965,-0.075457156
2014-08-05,0.023928706,-0.87973624,-0.2782,0.035481185
2014-08-06,-0.34721527,0.66316533,0.5059147,0.06481834
2014-08-07,0.11622453,-0.10140905,-0.020047257,0.00022696774
2014-08-08,0.022091078,-0.37785998,-0.089405425,-0.0056611085
2014-08-11,-0.17441261,0.3403937,0.14391275,0.06430617
2014-08-12,0.3200101,-0.61850613,0.09762721,0.23302716
2014-08-13,0.057552062,-0.5503848,-0.31683126,0.014733851
2014-08-14,0.17688486,-0.84108585,0.59720874,0.25262418
2014-08-15,0.28343466,-0.46452343,-0.6367083,0.3013198
2014-08-18,0.1068632,-0.38016087,0.34038058,0.08926885
2014-08-19,-0.04959491,-0.27088153,-0.27321684,-0.050400082
2014-08-20,0.40344658,0.9337403,0.08905435,0.10377254
2014-08-21,-0.42793557,-0.071807936,-0.53669775,-0.14811869
2014-08-22,-0.19801395,0.062112115,0.31172386,-0.14370307
2014-08-26,0.7040775,-0.04748778,-0.18198553,0.23747794
2014-08-27,-0.084870555,-0.06355755,-0.048219495,-0.025018498
2014-08-28,-0.20309116,-0.11230949,0.10161678,0.075420305
2014-08-29,0.15554123,0.141399,-0.27498138,-0.1961665
2014-09-02,-0.03873674,-1.028656,0.4785913,0.3558218
2014-09-03,0.55706686,-0.10001245,-0.4884054,-0.22983858
2014-09-04,0.4057244,-0.049654957,0.14027205,0.05218861
2014-09-05,-0.5624832,0.058093645,0.41120553,-0.10635401
2014-09-09,0.06713713,-1.4403011,-0.71279335,-0.20506015
2014-09-10,0.08902552,-0.5687795,0.14943783,-0.08648806
2014-09-11,0.086837865,-0.7026931,-0.60097355,-0.021248264
2014-09-12,-0.25794405,-0.09411261,-0.013751177,0.0545937
2014-09-15,0.06195928,-0.68342113,-0.41259265,0.20151559
2014-09-16,0.39869466,0.8258245,-0.058363147,0.06155776
2014-09-17,-0.20109116,-0.023788558,-0.0426585,0.0064481995
2014-09-18,0.16979207,-1.3162404,-0.18339472,0.18541338
2014-09-19,0.3102259,-0.751113,-0.8895837,-0.059406944
2014-09-22,-0.03784842,-0.827527,0.018965393,0.14227776
2014-09-23,0.11854002,-0.040806267,0.08274138,0.1127678
2014-09-24,-0.19415504,0.5563961,-0.19213986,0.19955838
2014-09-25,0.08780158,-0.41489244,-0.48163718,-0.07848473
2014-09-26,0.019715754,-0.23435149,-0.1668284,-0.040130522
2014-09-29,-0.17659888,0.85852057,0.0376665,-0.02052234
2014-09-30,0.26589182,-1.4642833,0.09279482,0.23135649
2014-10-08,-0.9191273,0.56580365,0.7069945,0.008589018
2014-10-09,0.42338684,0.17027143,1.0949221,0.37604702
2014-10-10,0.33768293,-0.76523006,-0.40657234,-0.06311889
2014-10-13,-0.46681184,0.6139231,0.4802437,-0.052563403
2014-10-14,-0.04448617,-0.19416858,1.2073997,0.3015349
2014-10-15,0.03651435,-1.470288,0.18494736,0.32300133
2014-10-16,-0.7958072,0.022738043,-0.53787583,-0.22330298
2014-10-17,0.44896373,0.35630453,-0.18779972,-0.038820468
2014-10-20,-0.007906666,-0.44605392,0.19284186,-0.054907046
2014-10-21,-0.18227541,0.7694004,0.2997497,0.040234327
2014-10-22,0.02307664,-0.46264392,0.067391165,-0.00675652
2014-10-23,-0.7077117,0.30817133,-0.8530921,-0.30055025
2014-10-24,0.42718342,-0.5747415,0.2260477,0.15064132
2014-10-27,-0.41225716,0.13824889,0.15616168,-0.063282214
2014-10-28,-0.01515807,0.9004896,0.19825901,0.010882513
2014-10-29,-0.58932006,1.2003288,-0.18232003,-0.16950886
2014-10-30,-0.17214458,-1.1678077,-0.9111045,0.009972942
2014-10-31,-0.48168638,-0.381398,-0.69160014,-0.15293285
2014-11-03,0.436616,-0.4977611,0.4744751,0.19438559
2014-11-04,0.35349247,-1.6995865,0.032412965,0.24062301
2014-11-05,-0.47673002,-0.5637827,-1.1103336,-0.24596146
2014-11-06,0.024800455,0.10466434,-0.2852664,-0.03931553
2014-11-07,0.40756598,0.73895466,0.5830127,0.023623183
2014-11-10,-0.18117315,-0.7346486,-0.030430913,0.104702845
2014-11-11,-0.422838,0.7511563,0.42332137,0.021970412
2014-11-12,0.0050972733,-0.22298394,0.20520379,0.041499346
2014-11-13,-0.26507786,-1.1422551,0.81676894,0.22804968
2014-11-14,0.66611457,0.94166696,0.62314963,0.21705341
2014-11-17,-0.0665975,-0.37785685,-0.25769523,-0.09171991
2014-11-18,0.30066147,-0.2506942,0.44324753,0.2546961
2014-11-19,0.5736114,0.09322921,0.16996023,0.2683972
2014-11-20,-0.59627265,0.19425653,-0.14266336,-0.22365803
2014-11-21,0.18270484,1.0950422,0.42568958,-0.031595536
2014-11-24,-0.063158505,-0.5122759,-0.043326277,0.121693686
2014-11-25,-0.40532795,0.12572117,0.47340208,0.086701356
2014-11-26,-0.07542366,0.14341582,0.033490974,0.03773436
2014-11-28,0.115524,-2.9936376,0.506796,0.30894804
2014-12-01,0.5378792,1.3896608,1.5224992,0.0862939
2014-12-02,0.3865007,-1.8667537,-0.0321276,0.067920946
2014-12-03,0.07846257,-0.04902807,0.40331644,0.2338935
2014-12-04,0.11588557,0.49170992,0.8181167,0.22071245
2014-12-05,-0.7281007,-0.6145465,-0.60167605,-0.0614723
2014-12-08,0.06347269,-1.0270957,1.1557214,0.3644949
2014-12-09,0.39026877,1.1141149,1.0338088,0.20413652
2014-12-10,0.08338867,-1.3818382,0.79158646,0.36539376
2014-12-11,-0.33443308,0.0548693,0.1276379,-0.037165377
2014-12-12,-0.16995198,-0.5471659,0.5663541,0.25887093
2014-12-15,-0.69784075,-0.85359645,-0.53328514,0.1556144
2014-12-16,-0.12605552,-1.5026011,-0.584465,0.023737287
2014-12-17,-0.2961214,0.41799355,-0.24844077,-0.15363878
2014-12-18,-0.17861135,-0.56551385,0.8636069,0.21995316
2014-12-19,0.19164987,0.63315076,-0.34109452,-0.25943747
2014-12-22,-0.34278062,-0.9005403,-0.17469092,-0.07529566
2014-12-23,-0.29829043,0.450964,-0.59474987,-0.31148586
2014-12-24,0.31138882,-1.2489507,0.6287479,0.25613782
2014-12-29,-0.1750133,-0.60729456,1.0006409,0.13081077
2014-12-30,0.5703433,0.58186054,0.90913916,0.20910376
2014-12-31,0.28668132,-1.4959993,-0.3589439,0.12941451
2015-01-05,0.07911708,-0.67044204,1.6496748,0.37581515
2015-01-06,0.09220136,0.02740801,1.232531,0.4077163
2015-01-07,0.1333907,-0.4081764,0.0049248664,0.019494643
2015-01-08,0.21073288,0.3167352,-0.16058034,0.17040326
2015-01-09,-0.12082068,-0.37588426,0.55109066,0.23440185
2015-01-12,0.5424929,-1.2918068,1.1799942,0.5133646
2015-01-13,0.381309,-0.92286134,0.42052904,0.3197752
2015-01-14,-0.2717773,-0.2808004,-1.5990919,-0.20565893
2015-01-15,0.3904769,0.49494907,1.3427609,0.37019882
2015-01-16,0.14013283,1.7570041,0.07846159,-0.040413857
2015-01-20,0.16852488,-0.519647,1.2782701,0.43319544
2015-01-21,0.32780302,0.6520644,-0.24620482,-0.08843178
2015-01-22,0.2957369,-0.54106337,0.43746537,0.24432279
2015-01-23,-0.31481028,-1.0182772,-0.7626152,0.08504901
2015-01-26,0.31495354,0.069225326,0.16930157,-0.019745551
2015-01-27,-0.0023904296,0.013556212,-0.44571736,-0.04621351
2015-01-28,0.615143,-0.6047858,0.29014832,0.18652602
2015-01-29,-0.4216788,-1.4862094,-1.3233191,-0.071678154
2015-01-30,0.36300415,1.9900808,-0.19921573,-0.1480886
2015-02-02,-0.05146425,0.93755424,-1.4980049,-0.26893285
2015-02-03,-0.54217386,1.9086268,-1.1286657,-0.60960865
2015-02-04,0.4325752,-1.3243368,1.3802563,0.65278363
2015-02-05,-0.50384974,0.95039827,-0.7577018,-0.3604391
2015-02-06,-0.36237398,-0.13175905,-1.5200667,-0.3181349
2015-02-09,-0.28685105,0.8712727,-0.089113936,-0.032322306
2015-02-10,0.09948556,-1.7206988,0.10664327,0.11768338
2015-02-11,-0.2106126,-0.6242841,-0.08023537,0.11036281
2015-02-12,0.046189062,1.4352287,-0.7285775,-0.23780921
2015-02-13,-0.28146368,1.3332258,-0.6430359,-0.3002197
2015-02-25,0.0848879,-1.3610021,-1.3056355,-0.26521146
2015-02-26,-0.064823605,0.33249566,0.8630776,0.24558496
2015-02-27,-0.48862836,1.0049293,-0.95400715,-0.3593324
2015-03-02,0.77779025,-1.4575598,0.38644782,0.44387817
2015-03-03,-0.42240962,-0.31196082,-0.7238213,-0.27642122
2015-03-04,0.39796317,-0.30473295,0.024893502,0.08433558
2015-03-05,0.17931578,-0.50987417,0.19421524,0.21996462
2015-03-06,-0.30750614,-0.8966136,-0.7682121,-0.07229387
2015-03-09,-0.009657401,-0.11595595,0.48616326,0.0458957
2015-03-10,-0.16232291,-1.5085853,0.14043912,0.1396774
2015-03-11,-0.55767524,-0.44547462,-0.77201617,-0.12186145
2015-03-12,0.20752352,0.09190493,0.76868117,0.22937974
2015-03-13,0.6364335,-1.3254544,0.97774816,0.44010568
2015-03-16,-0.07008784,0.23652449,0.32981187,0.38250136
2015-03-17,0.4627891,-0.6468932,-0.47148246,0.13494258
2015-03-18,-0.6532528,0.5952952,-1.1051952,-0.4175047
2015-03-19,0.68262064,0.71397907,1.5124735,0.35074288
2015-03-20,0.17787336,1.8155949,0.8758522,0.06607932
2015-03-23,-0.17207372,0.7729944,0.040474154,-0.31842023
2015-03-24,0.082018174,-0.46424827,0.15283686,0.0715921
2015-03-25,-0.12569307,0.3239574,-0.51442844,-0.07413473
2015-03-26,0.29020384,0.92802143,-0.7043321,-0.19170362
2015-03-27,-0.000667028,-1.4416429,0.65379846,0.21151614
2015-03-30,-0.27276582,-0.7197376,-0.29678595,-0.28328818
2015-03-31,0.5290819,-0.8478108,0.19030091,0.06806908
2015-04-01,-0.09324727,1.6178042,0.44839332,-0.054879148
2015-04-02,-0.14780748,-0.28884923,0.6177117,0.27945253
2015-04-07,0.24598606,1.5170127,-1.2604593,-0.34992155
2015-04-08,0.15673977,-1.6333525,0.92548454,0.4343621
2015-04-09,0.12322927,-0.2865842,-0.80195564,0.012982023
2015-04-10,0.1460748,0.76934516,0.04864304,0.027874347
2015-04-13,0.25001845,-0.33490002,-0.68141246,-0.047930583
2015-04-14,-0.35771075,0.34885088,-0.59810495,-0.1893673
2015-04-15,-0.011954863,1.3787229,-0.9258068,-0.3333972
2015-04-16,-0.0959232,0.85517305,-0.41340783,0.00576082
2015-04-17,-0.08370803,-0.3803038,0.22343417,0.22572486
2015-04-20,-0.30764127,-0.67124534,-0.58101165,-0.11954791
2015-04-21,0.30831963,-0.30893162,0.6475369,0.25241733
2015-04-22,-0.15815882,-0.20976679,-0.9832152,-0.09596916
2015-04-23,-0.254439,1.0311184,-0.56042445,-0.42398778
2015-04-24,0.47894263,0.23976873,-0.43844724,-0.027067248
2015-04-27,0.67837757,0.99074405,1.2146838,0.23143084
2015-04-28,0.19112457,0.40098533,0.4971598,0.07028106
2015-04-29,-0.25759804,0.7294736,-0.43400025,-0.31446052
2015-04-30,0.24871753,0.3349318,-1.1977959,-0.17331469
2015-05-05,0.24108289,1.3698608,0.30447307,0.15388004
2015-05-06,-0.53544813,-0.57169974,-0.34977302,-0.120693006
2015-05-07,0.28861934,-1.2938703,0.4483844,0.2731578
2015-05-08,-0.1992495,0.60433865,0.4906338,0.016807634
2015-05-11,-0.34466654,-0.6113841,-0.22198945,0.0514703
2015-05-12,0.44752678,0.9429772,-0.17859715,-0.034316413
2015-05-13,0.30631405,0.4530892,0.69019645,0.022137383
2015-05-14,-0.2646969,0.10371019,0.28736648,-0.0015676105
2015-05-15,-0.15980256,0.09801136,0.21468525,0.07859279
2015-05-18,-0.17759368,-0.3280005,0.32688087,0.19384214
2015-05-19,-0.04242468,-2.0617983,-0.38659617,0.065690845
2015-05-20,-0.059231583,0.022887636,-0.3991831,-0.23024046
2015-05-21,-0.3528279,0.36855787,-0.83936155,-0.45809278
2015-05-22,0.37819174,-1.1901715,0.19335464,0.18693608
2015-05-26,0.15081978,-1.2733712,-0.04371901,0.18345892
2015-05-27,0.26046288,-0.8658247,0.47678405,0.03124781
2015-05-28,-0.013559803,0.44872585,-0.047472954,-0.0014757599
2015-05-29,-0.51155937,0.5605392,-1.3548851,-0.35999703
2015-06-01,-0.2942848,0.20606513,0.44572192,0.06410429
2015-06-02,-0.43392584,0.71480095,-0.031768262,-0.03950057
2015-06-03,0.0725151,-0.68961287,0.11535168,0.23518021
2015-06-04,-0.5140263,-0.97314626,0.26829207,0.09566031
2015-06-05,0.01413227,0.047574777,-0.70583785,-0.08796882
2015-06-08,-0.0073591564,0.18177004,0.5276526,0.09418335
2015-06-09,0.038941912,1.0158207,-0.76449454,-0.3179951
2015-06-10,0.47094303,0.475539,-0.41999373,0.01134532
2015-06-11,0.046813335,-1.1845376,-0.23103625,0.053015932
2015-06-12,0.07866481,-0.5982454,0.28413725,0.17413571
2015-06-15,0.3304825,-0.9388701,0.24810754,0.26247567
2015-06-16,-0.54230225,0.10151604,-0.623762,-0.16424266
2015-06-17,-0.43679288,-0.044122886,-0.18967374,-0.12670203
2015-06-18,0.35786757,0.29579055,0.6537393,0.16884965
2015-06-19,-0.033153087,-0.91362375,0.50447696,0.16246568
2015-06-23,-0.81158847,0.6129529,-0.95929146,-0.37429205
2015-06-24,0.022819018,-0.018366614,0.44323668,0.19197878
2015-06-25,-0.45750853,0.12401561,0.31631806,0.09729169
2015-06-26,-0.48258194,0.20888266,-0.043781046,-0.20040555
2015-06-29,-0.12508142,-0.643145,0.35354072,0.13447636
2015-06-30,-1.1835313,0.86332875,-0.38251826,-0.30432102
2015-07-01,0.43229353,-0.47375125,0.85155344,0.15138449
2015-07-02,-0.30278018,0.10643559,-0.2985689,-0.06521633
2015-07-06,0.23385358,-2.079596,1.3319272,0.66809404
2015-07-07,-0.2473652,-1.8698859,-1.225034,-0.1056971
2015-07-08,0.37090573,0.8245047,0.37091327,0.2812958
2015-07-09,-0.15429181,1.2524453,-0.32748148,-0.08120077
2015-07-10,-0.2848594,0.20157105,0.16256393,0.09415978
2015-07-13,0.002552631,0.3903813,0.64172596,0.29007515
2015-07-14,0.33971232,-0.10311165,-0.37116754,-0.059586607
2015-07-15,0.036491934,-1.1025344,0.36329436,0.29143175
2015-07-17,0.16374026,-1.0578525,-0.8289795,0.08671973
2015-07-20,0.44194278,-1.0874411,-0.6647945,0.011474973
2015-07-21,-0.293472,-0.18363954,-0.31772014,-0.060043164
2015-07-22,-0.07833517,-1.0073336,-0.09805267,-0.008985443
2015-07-23,-0.12602852,-0.76822966,0.29572648,0.087558776
2015-07-24,0.5068147,-1.1677692,-0.10195358,0.122039
2015-07-27,0.7605722,-1.0521246,0.37658003,0.24715234
2015-07-28,0.034071125,0.97705936,0.22117004,-0.11643665
2015-07-29,0.19938666,0.053773955,-0.16100818,-0.05875085
2015-07-30,-0.37775782,-0.3749031,-0.13675323,0.011789422
2015-07-31,0.104284726,-0.7493369,0.41500083,0.21977095
2015-08-03,0.15695415,-1.6377848,0.82763493,0.17323379
2015-08-04,-0.030492514,0.3669441,-0.19895668,0.039883114
2015-08-05,-0.42763317,-0.48290238,-0.03872809,0.07731064
2015-08-06,0.011702482,-0.3804424,0.40157393,0.17597708
2015-08-07,-0.30743974,0.12546898,0.56046426,0.1444941
2015-08-10,-0.29739368,2.1268456,0.23725353,-0.06167691
2015-08-11,0.411494,-1.5449353,0.24931137,0.34345198
2015-08-12,1.2903568,-0.21331991,-0.08493481,0.038850036
2015-08-13,-0.6032877,-0.025690604,0.2935815,-0.042976495
2015-08-14,0.0055532977,-0.12576479,0.010769464,0.05346753
2015-08-17,0.114705704,-0.964851,0.46389174,0.17394525
2015-08-18,-0.19199081,-0.9006995,-0.6548461,-0.0804154
2015-08-19,0.46573776,-0.57364833,1.480359,0.41482165
2015-08-20,0.21507084,0.881058,1.2493082,0.103051536
2015-08-21,0.31107295,-1.6251322,0.15555522,0.14779927
2015-08-24,-0.19567136,-2.4736016,0.311592,0.21392341
2015-08-25,0.080998205,0.34624448,-0.40891767,-0.13357866
2015-08-26,-0.09656557,-1.6326638,-0.2179662,0.10570057
2015-08-27,0.079875246,2.7817054,-0.93454015,-0.54732066
2015-08-28,0.18712722,1.9292495,-0.8015916,-0.45064718
2015-09-01,0.22494805,-1.1188425,0.40624598,0.17022677
2015-09-02,0.27746218,0.11575763,-0.32052758,-0.13445161
2015-09-08,0.051562056,0.584801,0.296401,0.14245963
2015-09-09,-0.032053784,-1.0345043,0.32312995,0.26058856
2015-09-10,-0.19665703,0.82724625,-0.29813594,-0.26209307
2015-09-11,-0.4624304,-0.33469355,0.112680584,0.19467266
2015-09-14,-0.50402737,-1.1067998,0.35905337,0.17488708
2015-09-15,-0.36613974,0.28837714,-0.0132895475,-0.17278571
2015-09-16,0.29962865,1.5584373,-0.1410802,-0.01155498
2015-09-17,0.20871785,-0.525935,0.15328234,0.13254564
2015-09-18,0.38716528,-1.3095195,1.0494986,0.4218909
2015-09-21,-0.6784079,0.70303816,-0.7591106,-0.2739845
2015-09-22,-0.2525474,-1.4320562,-0.98662776,0.020919139
2015-09-23,-0.08531856,-0.027638959,0.6464122,0.31245092
2015-09-24,0.3515742,0.92718995,0.93039346,0.2838288
2015-09-25,-0.9884618,0.5410197,-0.39803556,-0.2668872
2015-09-28,0.055092003,-1.8191773,-0.1781832,0.106865905
2015-09-29,-0.1370058,0.63647074,-0.53482974,-0.062528506
2015-09-30,0.24639301,0.6366043,-0.10645034,0.12739667
2015-10-08,-0.33992672,2.2408085,0.33340582,-0.14643978
2015-10-09,0.89505416,1.5184219,0.5854645,0.17151083
2015-10-12,0.38021156,-0.7552797,1.3980631,0.37431476
2015-10-13,-0.5252507,-0.30694318,0.5613786,0.004845153
2015-10-14,0.37287867,0.30371395,0.4807181,0.22305429
2015-10-15,0.25838515,-0.21557486,0.4299945,0.41850153
2015-10-16,-0.0993832,0.044955943,-0.5803406,-0.27075627
2015-10-19,0.15837684,-1.6538968,0.31588465,0.18588139
2015-10-20,-0.22862864,0.29647186,0.027453609,0.0022098308
2015-10-21,-0.64194834,-0.4710011,-0.58147895,-0.049155902
2015-10-22,0.3091103,0.23911478,-0.07169961,0.20730321
2015-10-23,-0.005239751,-0.51643646,0.051985424,0.14220275
2015-10-26,-0.16602188,-0.55290663,0.6428192,0.195091
2015-10-27,0.13086843,-0.44987917,0.22860569,0.27610996
2015-10-28,0.19753917,1.5803659,-0.66069186,-0.23823637
2015-10-29,-0.545983,-1.022769,-1.4610469,-0.14276743
2015-10-30,-0.29728997,0.42532513,-0.831543,-0.1873533
2015-11-02,0.10492289,-0.5026601,0.033738595,0.02206478
2015-11-03,-0.48080835,0.5528842,-1.5311732,-0.34274763
2015-11-04,-0.039833754,-1.2416847,0.5534669,0.35658684
2015-11-05,0.30135015,-1.113112,0.13654391,0.36541656
2015-11-06,-0.3015889,-0.73118645,-0.68515813,-0.0723166
2015-11-09,0.224845,-1.0475429,-0.40077108,0.16740832
2015-11-10,0.16066106,-0.47077498,-0.32237923,0.03631874
2015-11-11,-0.018717973,-0.45240515,0.63795894,0.07736007
2015-11-12,-0.27335814,-1.0633548,0.4111757,0.11052069
2015-11-13,0.20621318,-0.9316803,0.3878728,0.31394854
2015-11-16,-0.534485,-0.390327,-0.15656994,0.19367048
2015-11-17,-0.2713712,-0.6134619,-0.3988331,-0.0506649
2015-11-18,-0.1178379,-0.40794063,-0.66986996,-0.09839617
2015-11-19,0.040815394,0.76320726,0.27495176,0.34785783
2015-11-20,-0.07566731,-0.2217794,-0.21773764,0.078262985
2015-11-23,-0.6486111,-0.23915388,-1.0316962,-0.4379592
2015-11-24,0.5062562,1.170198,-0.39768612,0.16003406
2015-11-25,-0.20190652,0.40070465,-0.10683805,-0.016518176
2015-11-27,0.16457444,-1.1248801,-0.014917327,0.17611296
2015-11-30,-0.30448502,-0.03867569,0.5082419,0.14630233
2015-12-01,-0.16566086,0.6570507,0.21645749,-0.091996744
2015-12-02,-0.01825958,-1.1997193,0.6784499,0.49961108
2015-12-03,-0.4469065,0.90608305,-0.29922244,0.1817189
2015-12-04,0.32605916,1.2152853,1.3755388,0.37348947
2015-12-07,0.33783412,-2.3429854,0.73707235,0.5572832
2015-12-08,-0.026438229,-0.6224464,-0.18582961,0.13442071
2015-12-09,0.21083997,0.4572234,0.47207358,0.10365974
2015-12-10,-0.24176478,-0.10969863,-0.5477809,0.12723538
2015-12-11,0.6129835,-0.8759484,0.66635764,0.47030336
2015-12-14,-0.43056443,-0.25067157,0.086654335,0.0070384764
2015-12-15,-0.3732173,-0.34696415,-0.5450403,-0.383071
2015-12-16,0.8840584,0.017788367,1.4939909,0.6399394
2015-12-17,-0.7209519,-1.0558223,-1.2111442,-0.079067625
2015-12-18,0.36382073,1.4592042,0.90286744,0.13573775
2015-12-21,0.41332445,0.23889722,1.182391,0.12262668
2015-12-22,-0.04162578,-0.54701793,-0.41442198,-0.23272628
2015-12-23,0.163595,1.0417439,-0.9737683,-0.32074556
2015-12-24,0.19709018,0.4129653,0.06317698,-0.107003555
2015-12-29,0.45363164,0.19226588,-0.5322076,-0.08013182
2015-12-30,-0.0056494353,-0.77915144,0.615957,0.10751348
2015-12-31,-0.048380278,0.26033896,-0.31290942,-0.17342488
2016-01-04,0.25106058,-0.9646614,-0.29973912,-0.065591075
2016-01-05,0.13158692,-0.16145799,0.6379207,0.11190445
2016-01-06,-0.0013614831,-1.2236122,1.4128023,0.3869581
2016-01-07,-0.09023327,-0.4772077,0.76271343,0.33044064
2016-01-08,-0.21618876,-0.57641184,0.07140036,0.016082196
2016-01-11,0.1243581,-2.1066108,0.35009736,0.23613316
2016-01-12,-0.568365,-0.68328184,0.2638849,-0.014042905
2016-01-13,0.18307152,0.56543994,1.1113783,0.20047902
2016-01-14,-0.18165761,0.25669342,-0.8621124,-0.08309963
2016-01-15,0.032242782,-1.328993,1.1817323,0.47621948
2016-01-19,0.20217358,0.34678993,0.89946455,0.23515044
2016-01-20,0.33967564,-1.5922161,1.02241,0.72604525
2016-01-21,-0.00029822398,1.648334,-1.2989249,-0.4359773
2016-01-22,-0.30132112,1.8545551,-1.6182573,-0.6928314
2016-01-25,0.3253674,-0.85673267,1.6229249,0.32297543
2016-01-26,0.46100983,1.6645604,0.14550276,-0.09209181
2016-01-27,0.018592319,0.9387344,-0.7414405,-0.43385836
2016-01-28,-0.031372413,-0.15862617,-1.2536514,-0.23146676
2016-01-29,-0.13115764,0.7496048,-0.19880831,-0.18854459
2016-02-01,0.29780415,-0.55924124,0.91015995,0.4546342
2016-02-02,-0.043867275,-0.96263915,1.1126845,0.39108542
2016-02-03,0.24571835,2.0268025,-0.34484306,-0.2973734
2016-02-04,0.5132398,0.6385052,0.70137167,0.28032696
2016-02-05,-0.14478607,-1.2280422,0.25067306,0.21255673
2016-02-22,0.77579033,1.657372,1.1034006,0.20954691
2016-02-23,0.21285614,-0.6711335,1.0932301,0.2286525
2016-02-24,0.19769202,0.6484052,-0.45630512,-0.08725022
2016-02-25,-0.21481368,-0.07245716,-1.0463817,-0.2657319
2016-02-26,0.10441305,-0.1663087,-0.6115836,-0.034513537
2016-02-29,0.19411619,1.0305008,0.23896685,-0.09661447
2016-03-01,0.3357131,0.7494544,-1.4106231,-0.09815066
2016-03-02,0.1906922,0.8756101,0.48242974,0.13845342
2016-03-03,0.08290699,0.80220276,0.72395694,0.18669967
2016-03-04,0.28376472,2.022435,0.39584228,-0.10262732
2016-03-07,-0.37267408,1.0774059,-1.3997623,-0.5221413
2016-03-08,-0.6057095,-1.2572359,-0.3881681,0.017363425
2016-03-09,-0.037384175,1.0583472,-0.97362274,-0.36556947
2016-03-10,-0.22706439,-0.32309243,0.71607995,0.10182847
2016-03-11,-0.26401648,0.7623548,-0.3557145,-0.091963485
2016-03-14,-0.34914982,-0.72914106,0.15019092,0.18993051
2016-03-15,-0.43715763,-0.64007217,-0.16730292,-0.06067165
2016-03-16,-0.2218684,0.9760789,-1.0783107,-0.40037104
2016-03-17,0.6467186,2.1049707,0.740311,0.19134651
2016-03-18,-0.14862384,-0.8027491,-0.31548214,0.11961164
2016-03-21,-0.10295954,0.38582304,0.013154838,-0.065477066
2016-03-22,-0.17048745,0.7812322,-0.3301789,-0.1228148
2016-03-23,-0.25890285,-1.9790704,-0.31931672,0.09639735
2016-03-24,-0.18300381,-0.7154913,-0.21348986,-0.06048383
2016-03-29,-0.07649786,-0.37104362,1.0696955,0.27965072
2016-03-30,0.21113011,-0.22486916,-0.1893541,-0.19250688
2016-03-31,0.47405207,0.5154005,0.29929572,-0.03855426
2016-04-01,-0.087520696,-1.1161091,0.22872171,0.2323505
2016-04-05,0.098627135,-1.5949489,0.92633593,0.3637373
2016-04-06,-0.2986792,0.8830173,-1.26666,-0.46187466
2016-04-07,-0.08123218,-0.8735027,0.42467564,0.18407862
2016-04-08,-0.13241988,2.0858536,-1.1549392,-0.5774244
2016-04-11,0.5406761,0.72011274,0.3776069,0.10557896
2016-04-12,0.2408613,1.8212004,-0.20836443,-0.15437117
2016-04-13,-0.20849451,0.7365619,0.09856001,-0.03085309
2016-04-14,-0.25985613,-0.6223282,-0.35491112,0.044617657
2016-04-15,-0.14923832,-0.20012991,0.9511513,0.10801315
2016-04-18,-0.052294344,0.61779267,0.30133843,0.10179375
2016-04-19,0.2219141,2.0302467,0.45407268,-0.14546491
2016-04-20,-0.41293442,1.530458,-0.3669024,-0.33001778
2016-04-21,0.30597222,-0.42122146,-0.07084394,-0.15285665
2016-04-22,0.6277294,-0.7315215,-1.0637646,0.105679005
2016-04-25,-0.2163683,0.083992526,0.83470947,0.16217372
2016-04-26,-0.3897646,0.87666315,-0.484482,-0.24732216
2016-04-27,-0.09452552,0.35344285,-0.22476034,-0.5077204
2016-04-28,0.35027027,0.96145827,0.29071882,0.046873707
2016-04-29,0.34196556,1.0532352,1.0855417,0.1954783
2016-05-03,0.4482542,-2.2359529,0.8749258,0.55163586
2016-05-05,-0.22785608,-1.1957585,-0.955297,-0.16807227
2016-05-06,-0.095147535,0.8762018,0.63279504,0.060636662
2016-05-09,-0.15883464,-2.1064196,-0.30769208,0.020336172
2016-05-10,-0.78823054,1.134771,-0.69277537,-0.3806092
2016-05-11,0.36501637,1.6241729,-0.63959855,-0.13843867
2016-05-12,-0.6004999,-0.5268327,-0.5118614,-0.1543193
2016-05-13,0.12142806,-0.11238952,0.044860348,0.009030849
2016-05-16,-0.4177757,1.3914155,-0.38513836,-0.3095415
2016-05-17,-0.24662752,0.5896654,-0.24886012,-0.11522461
2016-05-18,-0.16876946,-0.34140557,-0.376664,-0.11098434
2016-05-19,-0.028621715,-1.5172164,-0.7657801,-0.084737375
2016-05-20,-0.053050093,0.21451704,0.036985945,-0.02367303
2016-05-24,-0.16663314,-0.64103043,-1.0751907,-0.20206194
2016-05-25,-0.6890638,0.6236913,-0.23102693,-0.24179734
2016-05-26,0.0705639,0.34806854,0.35931602,0.0013955338
2016-05-27,-0.17789093,0.11303691,-0.38624144,0.010238289
2016-05-31,0.2960824,-0.14633203,-0.45039204,0.11560413
2016-06-01,-0.33282158,0.30188748,0.021253936,-0.04306717
2016-06-02,-0.53434783,0.5191294,-0.2814063,-0.13234876
2016-06-03,0.3399754,0.8240417,1.3407798,0.32508865
2016-06-06,-0.19485232,1.006238,0.1811451,0.065317795
2016-06-07,-0.37550464,0.02820999,-0.54433393,-0.22130364
2016-06-08,0.02452018,1.92329,0.69450325,0.07444981
2016-06-13,0.65732837,-1.1548263,1.2950008,0.6251374
2016-06-14,-0.35649082,-0.7405448,0.19606769,0.014008858
2016-06-15,0.62748194,0.111979336,0.61320853,0.2252865
2016-06-16,0.3377494,-1.4425445,0.9712839,0.45814776
2016-06-17,-0.81896,0.9883146,-0.86013144,-0.35499904
2016-06-20,0.77207416,0.8487252,-0.5718549,-0.03945485
2016-06-21,0.7405176,-0.9179875,-0.5785689,0.046682782
2016-06-22,0.15742111,0.04359986,0.16558011,0.009573757
2016-06-23,0.1648389,0.30936342,-0.64490855,-0.115029044
2016-06-24,0.5394828,-1.0044218,1.7708555,0.54976195
2016-06-27,-0.2681439,-0.5731447,0.65972054,0.24717517
2016-06-28,0.2962424,1.6991795,-0.51335806,-0.15501195
2016-06-29,0.48733026,1.4132979,-0.053762402,-0.08914338
2016-06-30,0.21926756,-0.23045173,0.6418848,0.18177375
2016-07-01,0.82307345,1.1508217,0.9966974,0.4016049
2016-07-05,0.41098702,-1.2542231,1.3766491,0.44593617
2016-07-06,0.4845074,0.0383946,0.11356264,-0.030418282
2016-07-07,0.4498007,-1.7681737,0.48923063,0.40484485
2016-07-08,-0.5034342,0.8947536,0.40162012,-0.06183112
2016-07-11,0.31212017,0.31197843,0.3631461,0.25837928
2016-07-12,-0.2633277,1.4188294,-1.0494758,-0.45915973
2016-07-13,-0.2465402,-0.33135277,1.2042941,0.10253137
2016-07-14,-0.010055354,0.62252986,-0.80111355,-0.16175728
2016-07-15,0.47926778,-0.6835474,-0.61197656,0.0040806285
2016-07-18,-0.18146437,-0.14317055,0.8331134,0.14443214
2016-07-19,0.86954916,-0.48422593,-0.10184394,0.20342591
2016-07-20,-0.024673542,-0.5157066,-0.6856415,-0.04439705
2016-07-21,0.1764357,0.034544047,0.8770924,0.2752489
2016-07-22,0.049873248,-0.9134269,-0.18555842,-0.09405668
2016-07-25,0.1920624,-0.7977159,0.48096249,0.12156537
2016-07-26,0.1183747,-0.06986675,0.048964266,0.010486133
2016-07-27,-0.110776134,-0.49107623,0.97931695,0.29748031
2016-07-29,0.46137586,1.1422832,1.150203,0.36906394
2016-08-01,0.53113633,-0.75381297,0.38317212,0.35959277
2016-08-02,0.2230033,0.10994173,0.502898,0.17654282
2016-08-03,-0.35371765,0.5337524,-0.9818482,-0.42566094
2016-08-04,-0.1541564,0.28823325,-0.6176137,-0.19552334
2016-08-05,-0.54307497,-0.0448769,-0.6981537,-0.234327
2016-08-08,-0.36497426,0.66787905,-0.41935405,-0.18714343
2016-08-09,-0.007335413,-0.31940684,0.42578858,0.1529436
2016-08-10,0.24020293,-0.21677913,1.0348508,0.19931652
2016-08-11,-0.33143649,0.6186023,-1.3629156,-0.32854268
2016-08-12,-0.47773767,-0.24433908,-1.4685966,-0.2757445
2016-08-15,-0.4147705,1.062955,-0.30662343,-0.015387658
2016-08-16,-0.02811257,0.5867975,-0.07083135,0.019683668
2016-08-17,-0.45073622,0.10303025,-0.76203007,-0.26942354
2016-08-18,-0.0005693984,1.0879518,-0.18833162,-0.18472043
2016-08-19,-0.20517386,-0.47418523,-0.70229936,-0.09536251
2016-08-22,-0.08876165,-0.7495349,0.2769114,0.24526045
2016-08-23,0.21767648,0.28785908,-0.30809885,-0.050679192
2016-08-24,-0.20741089,-1.4209893,-0.6449143,0.017059155
2016-08-25,0.3589591,-0.20951866,-0.51665235,0.077042155
2016-08-26,0.5233651,-0.16629392,0.13043582,0.05007232
2016-08-30,0.6309025,-1.4630661,0.23387752,0.33944464
2016-08-31,0.23093641,-1.1334788,0.61194533,0.44133666
2016-09-01,-0.050942846,-0.4355649,1.2002813,0.49991584
2016-09-02,-0.33038223,1.1707104,0.061396413,0.06340209
2016-09-06,0.25161225,0.8341328,1.0396513,0.23146342
2016-09-07,-0.40328076,0.4870363,-0.62487936,-0.38047558
2016-09-08,-0.4306947,0.8988262,-1.4412441,-0.41596642
2016-09-09,-0.2959287,-1.176886,0.4806361,0.10619045
2016-09-12,-0.17023404,-0.49317932,-0.9924312,-0.17915675
2016-09-13,0.5177999,-1.1400411,0.24482118,0.2741947
2016-09-14,0.24803156,0.1498652,0.9112722,0.2695358
2016-09-19,-0.94997156,1.031715,-0.3128338,-0.00583228
2016-09-20,-0.22302136,0.6601101,0.42645162,0.069220155
2016-09-21,0.18241413,0.8247533,-0.0070801727,-0.08686106
2016-09-22,0.40378937,1.2670875,0.5056541,0.11208304
2016-09-23,0.22158024,-1.1875397,0.42197722,0.28052217
2016-09-26,0.25647902,0.2892675,-0.87793076,-0.040872164
2016-09-27,-0.27439013,-0.8817611,0.107581586,0.25822324
2016-09-28,0.049885835,0.8806583,-1.2748191,-0.16277626
2016-09-29,0.008987922,0.5266178,-0.33744475,-0.1791426
2016-09-30,-0.24447076,0.3072542,-0.18351273,0.19244878
2016-10-10,-0.70382166,-0.22051178,-2.5922246,-0.48671132
2016-10-11,-0.30609572,-0.9076556,-0.035561483,0.07694286
2016-10-12,0.4936707,-0.29958135,0.18117946,0.1730032
2016-10-13,-0.7567191,0.01130834,-0.3525144,-0.008977755
2016-10-14,-0.36835748,0.34595975,0.08824405,0.003721053
2016-10-17,-0.36062744,0.079677485,0.17404522,0.38768035
2016-10-18,0.2049646,0.2533923,0.11905435,0.09530848
2016-10-19,-0.26256475,0.5522112,-0.29499945,-0.12023166
2016-10-20,0.13738818,-1.168741,0.19927458,0.026949521
2016-10-21,-0.32529578,0.14600812,-0.40839037,-0.20464467
2016-10-24,0.1518864,0.47933537,0.4618592,0.019241339
2016-10-25,0.5573775,0.8382453,0.9613821,0.25193805
2016-10-26,-0.39223507,-0.18075556,0.18571737,-0.042909786
2016-10-27,0.13930798,0.63560635,-0.028934775,-0.108228594
2016-10-28,0.68709767,0.31213468,0.58361405,0.22408876
2016-10-31,0.14419939,-0.54780084,0.4544095,0.51676476
2016-11-01,0.48569325,0.42986712,0.47930807,0.15336475
2016-11-02,0.18657294,-0.44734564,1.3134795,0.31429368
2016-11-03,0.17480344,-0.21475345,0.26613325,0.17190441
2016-11-04,-0.026890673,-0.31313875,0.60428095,0.3284439
2016-11-07,-0.036791284,0.57422197,-0.55002946,-0.067059785
2016-11-08,-0.23360592,0.5760878,0.4456023,-0.0927025
2016-11-09,0.8447447,0.13332087,0.085538894,0.13741016
2016-11-10,0.08917382,0.19815613,0.38047817,-0.0073902565
2016-11-11,-0.45283917,-1.8705463,-1.1391186,-0.08749601
2016-11-14,0.601689,-0.2981503,-0.090915024,0.06588724
2016-11-15,-0.32036927,1.2430725,-1.0782744,-0.5164941
2016-11-16,0.06062867,-0.70435476,-0.11815768,-0.21945307
2016-11-17,-0.19676042,0.039008226,-0.40574446,-0.11029636
2016-11-18,-0.5135257,-0.19597824,-0.7568549,-0.24261022
2016-11-21,-0.11326251,2.0058043,-0.7681969,-0.46858543
2016-11-22,0.15776554,0.5215527,0.11129282,-0.0019699512
2016-11-23,-0.1669524,0.36242872,-0.4079666,-0.16649275
2016-11-25,0.32113564,-0.45036674,0.65342236,0.26937035
2016-11-28,0.38931015,0.915236,0.00931574,-0.2296359
2016-11-29,0.19658384,-2.069607,0.498485,0.22361338
2016-11-30,-0.3905945,1.263551,-1.9059203,-0.94266564
2016-12-01,0.031060051,0.6943802,-1.2850434,-0.39210448
2016-12-02,-0.1672046,0.37653247,0.46280584,0.03743898
2016-12-05,0.069424786,1.0940785,0.2536368,0.0063862675
2016-12-06,-0.07832881,-0.3826349,0.2317276,-0.08319043
2016-12-07,0.07679384,-0.35834947,0.8024473,0.24844968
2016-12-08,0.051685024,-0.436696,-0.65728515,-0.11875589
2016-12-09,-0.32200807,0.28559643,-0.59526825,-0.18859644
2016-12-12,-0.07934856,0.6160739,-0.17292386,-0.16723391
2016-12-13,-0.11962685,-0.07799303,-0.53349674,-0.1729073
2016-12-14,0.58249754,-0.058513287,0.7564196,0.364822
2016-12-15,-0.80563605,-0.74431014,-1.5530165,-0.4021413
2016-12-16,-0.10647356,0.33564106,0.03978689,-0.28328118
2016-12-19,-0.24104503,-0.9840254,-0.35871297,0.035063088
2016-12-20,0.27049008,0.003388948,-0.20237842,0.051775996
2016-12-21,0.1514879,-0.2968204,-0.26261112,-0.024750587
2016-12-22,0.20462707,-0.35483664,-0.3843108,-0.14687344
2016-12-23,-0.12253765,-0.6290688,-0.48438275,-0.03947462
2016-12-28,-0.35136604,1.0790088,-0.36540356,-0.35571072
2016-12-29,-0.17305648,0.13861549,0.5759133,0.07687628
2016-12-30,0.01288799,0.12822896,-0.11279889,-0.04454089
2017-01-03,0.00015021687,0.013896017,1.2001365,0.41804606
2017-01-04,0.038894136,1.519053,0.35086703,-0.04715766
2017-01-05,0.15168533,0.45930514,0.76487595,0.07985828
2017-01-06,0.19658792,-0.26640096,-0.3703216,-0.046145473
2017-01-09,0.12964495,-0.121902145,1.4365215,0.21063839
2017-01-10,0.39483073,0.5151342,0.84659165,0.160693
2017-01-11,-0.12470027,0.43441716,-0.7877595,-0.12163713
2017-01-12,-0.12658945,1.0961527,-0.009041671,-0.008374173
2017-01-13,0.22189645,0.22172152,0.225047,-0.0062979595
2017-01-17,-0.6958196,-0.015401185,0.3559365,-0.027393416
2017-01-18,0.1515967,-0.23093377,0.8716396,0.25103375
2017-01-19,-0.0046811756,-0.6284095,-0.7346552,-0.064176895
2017-01-20,-0.033690948,0.6923732,-0.21578626,-0.09442478
2017-01-23,0.20535262,0.3211133,0.5910169,0.16682053
2017-01-24,0.41017237,0.5414181,0.082266375,-0.061404448
2017-01-25,-0.20810238,-0.8929374,-0.29423526,-0.047641207
2017-02-06,0.491743,0.86514664,1.2905524,0.031041373
2017-02-07,-0.11924685,-0.41135186,0.44215742,0.043605085
2017-02-08,0.058603693,0.95033896,-0.106146514,-0.07012786
2017-02-09,-0.12897585,0.09798263,-0.34685573,-0.12284773
2017-02-10,0.2306132,1.2399552,0.18328196,0.07577306
2017-02-13,0.003407007,-0.66667545,0.27705404,0.08947481
2017-02-14,-0.07778367,0.04777099,-0.14285783,-0.05783234
2017-02-15,-0.15830098,0.26159474,0.51055217,0.2602894
2017-02-16,0.4326128,-0.44678056,0.40941092,0.25119418
2017-02-17,0.13372526,-0.56339085,-0.24656804,0.004130982
2017-02-21,0.15691039,0.5105049,0.006909495,0.09399113
2017-02-22,-0.19763596,-0.42768204,0.038159613,-0.02503891
2017-02-23,0.114950374,-0.38157967,-0.24443522,-0.16767363
2017-02-24,0.44527987,0.41374034,0.79552615,0.07839728
2017-02-27,0.34381974,0.0125139775,-0.2054455,0.0049754377
2017-02-28,-0.5038226,0.4864696,0.22049017,0.02846046
2017-03-01,-0.29426014,1.1325437,-0.85403603,0.08586193
2017-03-02,-0.13610278,-1.844982,-0.4908982,0.08205899
2017-03-03,-0.17620637,0.24741343,-0.26248476,-0.13332178
2017-03-06,-0.11393014,-0.3998037,-0.43864194,-0.11361623
2017-03-07,0.005793752,-1.0717353,-0.7060067,-0.11052113
2017-03-08,0.24702717,-1.3665745,0.3704398,0.30563584
2017-03-09,0.17458056,-1.4567415,0.1340288,0.15421243
2017-03-10,0.28658554,-0.3611992,0.23680168,0.15409249
2017-03-13,0.4654735,0.004821579,0.33730328,0.18328452
2017-03-14,0.15081277,-0.26021314,0.21958037,0.1316471
2017-03-15,-0.49376902,0.8899287,-0.22825557,-0.22444329
2017-03-16,0.29270622,0.82480425,1.1067278,0.13877703
2017-03-17,0.14112425,0.47387463,0.20848024,0.10374873
2017-03-20,0.17872307,-0.1816767,0.005562502,0.19531262
2017-03-21,0.07312615,-0.5232302,0.5225668,0.22005726
2017-03-22,0.031378098,-0.109127864,0.14208625,-0.18855259
2017-03-23,0.120815314,-0.17425227,0.07490166,0.08429135
2017-03-24,0.30400136,-0.182143,-0.036787566,0.043178808
2017-03-27,-0.011280269,-0.13376033,0.25042808,0.25080803
2017-03-28,0.13110197,0.8160557,-0.17822993,0.04144014
2017-03-29,0.17684223,0.40141463,-0.66698503,-0.088008545
2017-03-30,0.15660922,0.050133772,-0.5211325,-0.06337406
2017-03-31,-0.34,-0.26145166,-0.26635355,-0.03264908
2017-04-05,-0.12268765,0.46137637,-0.5245482,0.021465505
2017-04-06,0.034604114,-0.164353,-0.28604653,-0.040507235
2017-04-07,-0.21480261,0.2525583,-0.086438924,-0.058925092
2017-04-10,-0.6630142,-0.4338022,-0.7594659,-0.28753164
2017-04-11,0.13139932,0.23954822,0.79986,0.04139669
2017-04-12,-0.25308877,-0.33982936,0.10016096,-0.007939318
2017-04-13,0.20365128,0.57957006,0.5102113,0.048232913
2017-04-18,0.14700419,-0.8663832,0.09211382,0.05729973
2017-04-19,0.033624407,-0.66510385,0.4569764,0.21298866
2017-04-20,0.5084847,0.30838853,0.10634015,-0.013087442
2017-04-21,-0.19195616,-0.7266062,0.41750503,0.11804233
2017-04-24,-0.098803245,-0.297173,-0.059811197,-0.020343585
2017-04-25,-0.27726585,0.17681552,-0.33938473,-0.15647586
2017-04-26,0.27300552,-0.51586175,-0.39000604,-0.0005045429
2017-04-27,-0.19978069,-0.6462359,0.4867298,0.0435785
2017-04-28,0.11417428,0.49536046,0.114061095,-0.0390923
2017-05-02,-0.5635219,-0.3420746,0.31804654,0.2533142
2017-05-03,-0.61424834,-0.89884347,-0.9039676,-0.20803164
2017-05-04,0.35830897,-1.6857325,0.4273524,0.20893048
2017-05-05,-0.25757164,0.48545545,-0.4197492,-0.039392248
2017-05-08,0.17062679,-0.40715578,0.02180208,-0.013384376
2017-05-09,-0.10060388,-0.41067275,-0.27086815,0.089639895
2017-05-10,-0.21858032,0.7287011,-0.60163975,-0.16566227
2017-05-11,0.31180653,0.48314297,-0.008799575,-0.12282052
2017-05-12,-0.04998966,0.41243532,0.038066182,-0.020227984
2017-05-15,-0.104698755,1.1196873,-0.07962674,-0.271425
2017-05-16,-0.07628438,0.0053815627,0.37097874,0.1306577
2017-05-17,0.026465062,0.8853266,0.5158204,0.18196002
2017-05-18,0.303091,-0.8429295,-0.5972132,-0.07602236
2017-05-19,-0.1057976,1.6869445,-0.27519932,0.0540014
2017-05-22,0.12584741,0.6695405,0.26851928,0.08065541
2017-05-23,0.42866728,-0.45251802,-0.2645119,-0.046755884
2017-05-24,-0.2399131,-0.4139508,-0.13427754,-0.012337768
2017-05-25,0.3505306,-0.7208061,1.099833,0.32956642
2017-05-26,0.194255,0.06626797,0.047209278,0.119995505
2017-05-31,0.26646745,-1.2430532,0.7592434,0.37168974
2017-06-01,-0.06402037,-0.56540334,-0.48025328,-0.10606818
2017-06-02,0.0023308257,-0.26249027,0.93650657,0.03587363
2017-06-05,-0.19359127,-0.41691184,0.532462,0.15369754
2017-06-06,-0.25611848,0.37049067,0.10289845,0.003981982
2017-06-07,-0.35418987,-0.7317915,0.6924112,0.2657154
2017-06-08,-0.3232638,0.3305806,-0.3720066,-0.09682339
2017-06-09,0.04926601,0.5565807,-0.2422046,-0.06405565
2017-06-12,0.3064188,-0.952,-0.40611976,0.095988594
2017-06-13,-0.54807884,-0.12670682,-0.56620115,-0.13629362
2017-06-14,0.40935412,-0.50867385,1.4694175,0.40949517
2017-06-15,-0.6328372,-0.6743593,-0.9877649,-0.07035975
2017-06-16,-0.2308635,0.4514793,-0.12758853,-0.1036846
2017-06-19,0.3930785,-0.1987078,0.0513965,0.11517435
2017-06-20,0.23038624,-1.0289739,0.26309165,0.082036465
2017-06-21,0.59772336,-0.28293416,0.48962557,0.16441527
2017-06-22,0.50443506,0.024066124,-0.18574482,-0.039768986
2017-06-23,0.30837083,0.5714635,0.31674162,0.1741138
2017-06-26,0.03341976,-0.14994149,-0.65473086,-0.13706577
2017-06-27,-0.061206765,1.1285484,-0.37980178,-0.09408081
2017-06-28,-0.055836532,0.5074958,-0.105362915,-0.26295048
2017-06-29,-0.36315122,0.76867884,-0.13555221,-0.05722922
2017-06-30,-0.80712897,1.0155014,-0.15916322,-0.34607768
2017-07-03,-0.78448635,0.24968162,-1.1603115,-0.3500509
2017-07-05,-0.2963753,-0.7649855,0.53103775,0.32046527
2017-07-06,0.2886406,0.25397205,-0.2209405,0.0007136334
2017-07-07,-0.27990884,-1.0573874,0.026887156,0.08243719
2017-07-10,-0.57201463,-0.08773552,0.16098888,0.040995065
2017-07-11,0.10196101,0.6525239,-0.22366802,-0.12945135
2017-07-12,0.6883162,0.1186008,0.2747237,-0.03693603
2017-07-13,0.6751882,-0.35595807,-0.6698712,0.1431827
2017-07-14,-0.036582775,1.0860369,0.35150588,0.047285665
2017-07-17,0.03858739,0.44255096,0.44657505,0.19132787
2017-07-18,-0.053143226,0.4409361,0.2239279,0.38296708
2017-07-19,-0.58469194,0.4425259,-0.7283857,-0.33915144
2017-07-20,-0.3977117,0.38545904,0.14793777,0.16769917
2017-07-21,0.54129475,-0.52815926,0.98991674,0.31279072
2017-07-24,0.27698335,-0.14201434,0.009123497,0.030795256
2017-07-25,0.72265416,0.77585125,-0.5238843,-0.08402376
2017-07-26,-0.44935676,0.712667,-0.5161602,-0.14981699
2017-07-27,-0.06354412,0.7020769,0.07682498,0.0121636
2017-07-28,-0.21153371,0.6547737,-0.15559667,0.022040272
2017-07-31,0.10890389,0.58596945,-0.22825132,0.2125358
2017-08-01,0.7024149,-0.7984581,0.3790642,0.27916327
2017-08-02,-0.1314737,0.60283935,-0.068413325,-0.13955246
2017-08-03,0.41399083,-0.6089017,0.026573384,0.05659675
2017-08-04,-0.19325851,-0.1175677,-0.6114717,-0.14984052
2017-08-07,0.042093698,0.4390595,0.51637596,0.21573994
2017-08-08,0.4674216,0.7506852,0.44373983,0.17208228
2017-08-09,0.029546343,0.5822628,0.4477207,0.20954058
2017-08-10,0.94493973,-0.69417095,0.29866007,0.40937406
2017-08-11,-0.14350311,-0.032201856,-0.07032521,-0.0052231713
2017-08-14,0.07943663,-0.85485965,0.3499593,0.21898855
2017-08-15,0.0575962,-1.0249324,-0.15867391,0.05151697
2017-08-16,0.67503375,0.7979864,0.7621765,0.34421584
2017-08-17,-0.16200404,0.13581768,0.06823552,0.15056281
2017-08-18,-0.12338933,0.8946145,-0.5724047,-0.19265838
2017-08-21,0.39556256,-0.04162042,0.7941443,0.3250706
2017-08-22,0.061817512,0.04522075,-0.43375337,0.013115904
2017-08-23,-0.045439914,0.64418733,-0.26519844,-0.01666798
2017-08-24,-0.024610372,0.49842492,0.045769744,0.022337317
2017-08-25,-0.082799636,-0.35797343,-0.023741566,0.11454528
2017-08-29,0.90382755,0.8534382,0.3293541,0.21841791
2017-08-30,0.07950543,-0.0038525388,-0.62305284,-0.16264327
2017-08-31,-0.25017512,1.7385789,-0.9257779,-0.31213886
2017-09-01,0.17815979,-0.13913642,1.5060598,0.04655458
2017-09-05,-0.45457947,0.41649908,0.29818842,-0.1874684
2017-09-06,-0.3668662,0.3187565,-0.1829736,-0.043305583
2017-09-07,0.4050204,0.1214924,0.34378216,0.14071189
2017-09-08,-0.33300236,-1.0234785,-0.014374106,0.07614267
2017-09-11,-0.04499012,-0.10889298,-0.3120698,0.15213612
2017-09-12,0.08400179,-0.28308728,-0.3219784,0.23993354
2017-09-13,-0.48827684,-0.15513662,-0.7878063,-0.20254882
2017-09-14,-0.3910838,-0.10987213,-0.1664967,-0.11398038
2017-09-15,-0.7469345,0.3438261,-0.24350241,-0.23924826
2017-09-18,0.2996077,-0.47117278,-0.54396534,0.00027589838
2017-09-19,0.15883267,-0.28016183,0.023290066,0.097564325
2017-09-20,-0.1483444,0.9971808,-0.019645328,-0.0788232
2017-09-21,-0.35764363,-0.86594373,-0.6840856,-0.16250616
2017-09-22,-0.44036767,-0.2295015,-0.37261465,-0.12344555
2017-09-25,0.3409462,0.79238075,-0.30421722,-0.11140237
2017-09-26,0.06111863,-1.1440238,-0.31637937,0.107961826
2017-09-27,-0.2152597,-0.40776503,-0.26930583,-0.0827536
2017-09-28,0.46171123,0.204441,0.49880168,0.16601963
2017-09-29,-0.30043864,-0.49226668,-0.057151817,0.002362654
2017-10-09,0.68120366,0.3506036,1.5098916,0.34799227
2017-10-10,0.2687853,0.9939999,0.013598144,-0.23147766
2017-10-11,-0.066944234,-0.16820927,-0.5057767,-0.10532008
2017-10-12,0.062342905,0.36969477,0.79777986,0.24897581
2017-10-13,-0.3800382,0.8758736,-0.08295442,-0.11685998
2017-10-16,0.15413041,0.13958658,-0.22726972,-0.03986718
2017-10-17,-0.4052238,-0.75343573,-0.7889538,-0.0625225
2017-10-18,0.091018304,-0.22438705,-0.25768062,-0.005539003
2017-10-19,0.060484998,0.21322925,0.70939046,0.23113471
2017-10-20,0.06161791,-0.17993018,-0.78241944,-0.15217786
2017-10-23,-0.08445869,0.5771024,0.09267698,0.057047132
2017-10-24,0.043912143,0.5174347,-0.35352603,-0.15219373
2017-10-25,0.11730158,0.09502864,-0.066878915,0.018814227
2017-10-26,-0.077881716,-0.04804338,-0.61936855,-0.12124233
2017-10-27,-0.5202407,0.037013795,-0.6133503,-0.18529883
2017-10-30,0.23150228,0.4231341,0.1930002,-0.08483874
2017-10-31,0.18662518,0.23999387,-0.27265093,-0.1138932
2017-11-01,0.19364542,0.66276366,1.0993435,-0.02515171
2017-11-02,-0.24836916,-0.026584338,-0.25451282,0.05802905
2017-11-03,-0.12926659,-0.12125388,-0.8672184,-0.27192938
2017-11-06,0.061727837,1.3876865,-0.11556575,-0.0016972064
2017-11-07,-0.42814913,-0.927507,-0.45616657,-0.0008261625
2017-11-08,0.09137606,0.3857814,0.5076683,0.19690901
2017-11-09,0.15919207,-0.30611005,-0.4254741,-0.030645011
2017-11-10,-0.1388213,-0.27698198,-0.25222957,0.048262596
2017-11-13,0.38772812,0.08432904,0.581367,0.23097971
2017-11-14,-0.070215955,-1.30037,0.2763825,0.23643169
2017-11-15,-0.19880253,0.15265302,0.0241343,-0.073733464
2017-11-16,0.06171487,-0.3580458,0.26607618,0.11405761
2017-11-17,-0.021539409,1.2613242,0.3308232,-0.117638744
2017-11-20,-0.08643338,-0.8694248,-0.84650433,-0.10308341
2017-11-21,0.15062152,0.69919074,0.26065117,0.04872798
2017-11-22,0.08109062,0.7374303,0.32069796,-0.035589315
2017-11-24,0.22791277,0.44880146,-0.21720864,-0.102872595
2017-11-27,0.15628362,-0.49275133,0.05169888,0.015927937
2017-11-28,-0.15236048,-0.43550465,-0.41694242,-0.05899683
2017-11-29,-0.3446225,-0.5352121,-0.2343159,-0.055633925
2017-11-30,-0.17567012,-0.5774374,-0.18221715,-0.022582961
2017-12-01,0.0936123,0.91657805,-0.18313958,-0.053917762
2017-12-04,-0.028020717,-0.9133682,0.4848458,0.21530919
2017-12-05,-0.58559483,-0.92722756,-1.0521041,-0.20446846
2017-12-06,0.19613877,-1.2066338,0.46961755,0.2984301
2017-12-07,-0.107490525,-0.14416166,-0.7442982,-0.18321495
2017-12-08,-0.19840634,0.21844494,-0.70920545,-0.1527627
2017-12-11,0.39551997,0.46204305,-0.22257258,-0.012827811
2017-12-12,0.0288659,-0.6892559,0.019964669,0.04132516
2017-12-13,0.08018902,0.040142052,0.8303736,0.23939568
2017-12-14,0.2991652,0.6288755,0.22202198,-0.012142205
2017-12-15,-0.22850002,0.8244637,0.56253403,-0.18561538
2017-12-18,0.25462863,0.6551953,0.3284377,0.12358501
2017-12-19,-0.09171766,0.5195553,-0.13889031,0.08997125
2017-12-20,0.21637636,0.91166526,0.16887717,0.04763272
2017-12-21,0.08765767,0.3672164,0.07741655,-0.116705954
2017-12-22,0.24999985,0.59128016,0.2662418,0.027825464
2017-12-27,-0.13527969,1.4478801,-0.041030534,-0.18237193
2017-12-28,0.49046302,0.6810738,0.41823518,0.06489093
2017-12-29,0.04723979,0.68148464,0.36874452,0.14438501
2018-01-02,-0.150172,0.24788618,0.3832744,0.24085744
2018-01-03,-0.32624388,0.3507522,-0.45153698,-0.24618864
2018-01-04,0.24797525,0.41530457,0.26931646,0.07867915
2018-01-05,-0.07939919,-0.67184055,0.27597135,0.1747298
2018-01-08,0.28167778,-0.37652197,-0.312984,0.010912917
2018-01-09,-0.34498835,0.152804,-0.79136807,-0.2802716
2018-01-10,0.21294725,0.37596795,0.23751034,-0.041044027
2018-01-11,0.372983,-0.039226897,-0.17183957,-0.033567905
2018-01-12,0.40517884,0.37755677,0.22792165,0.1223852
2018-01-16,-0.18389572,-0.4954186,0.4885435,-0.24896589
2018-01-17,-0.2193968,0.05442498,-0.120987274,-0.08852945
2018-01-18,0.096621215,-0.037814867,-0.34120423,-0.18463817
2018-01-19,0.038965084,0.10478855,0.63873065,0.118062325
2018-01-22,-0.06304815,0.16633987,-0.32534766,-0.06842054
2018-01-23,-0.097797304,-0.032568112,-0.4769776,-0.16004588
2018-01-24,0.28180072,1.493376,0.8720292,0.03863627
2018-01-25,0.18387876,0.2596247,0.41200563,0.17341392
2018-01-26,-0.31254315,0.023249442,-0.6388872,-0.15030563
2018-01-29,-0.28571013,-0.2753956,-0.16037495,0.009261105
2018-01-30,-0.54859406,-0.7602685,0.33219013,-0.05154247
2018-01-31,0.26900598,0.19916897,0.504755,-0.12895189
2018-02-01,0.12003891,0.41340205,0.094925426,-0.11448547
2018-02-02,-0.20880163,-1.1040326,-0.40013957,-0.026986986
2018-02-05,0.26103818,-0.15915698,0.56549424,0.22665235
2018-02-06,-0.742784,-0.5432818,0.06104502,0.062617645
2018-02-07,-0.45927438,-1.4039478,-0.02473584,9.0738446e-05
2018-02-08,0.3322051,-0.23384345,0.40421963,0.15307692
2018-02-09,0.009890629,-1.6078856,0.4832884,0.22440684
2018-02-22,0.21548147,2.6890929,-0.047456563,-0.24847119
2018-02-23,-0.27405378,-0.023167722,-0.68564683,-0.19729234
2018-02-26,-0.11538634,0.43403482,-0.01989936,0.0123813255
2018-02-27,-0.25781646,-0.8827021,-0.2123449,-0.09470831
2018-02-28,-0.5311769,-0.4627444,0.7292339,0.007045232
2018-03-01,-0.6345127,-0.25999954,-0.6135551,-0.13065322
2018-03-02,0.23158489,0.021192526,0.40218538,0.11606698
2018-03-05,-0.3824192,0.3781168,-0.59179187,-0.39136857
2018-03-06,0.24052575,0.5179371,0.648144,0.25943407
2018-03-07,0.109686896,-1.3602576,-0.27005962,0.046613723
2018-03-08,-0.2794063,-0.58819824,0.15556964,0.105814576
2018-03-09,0.58942616,0.76756203,-0.11482277,-0.015995558
2018-03-12,-0.29287046,-0.55425805,0.008344002,0.11070867
2018-03-13,0.17335218,0.46334323,0.4224035,0.17239803
2018-03-14,-0.05919365,-0.072161995,-0.40269953,-0.12950638
2018-03-15,-0.47700727,-0.26449823,-0.35432252,-0.116231106
2018-03-16,0.0857433,-0.07381736,-0.6596778,-0.13584699
2018-03-19,0.5979193,-0.49969184,0.19283246,0.43293175
2018-03-20,-0.26414442,-0.011371017,-1.0416526,-0.26620373
2018-03-21,0.017933957,1.1139332,-0.2505046,-0.0004959242
2018-03-22,-0.17421952,-0.5408773,0.21023071,0.09652843
2018-03-23,-0.013273426,0.11132871,0.07072352,0.049982566
2018-03-26,0.35651037,-0.15345688,0.27788138,0.2290085
2018-03-27,-0.017544316,0.0046816682,-0.4330134,-0.0025194145
2018-03-28,-0.12530254,-0.6685905,-0.3858743,-0.08371698
2018-03-29,-0.7245468,0.5190607,-0.110759154,-0.035102405
2018-04-03,-0.07680245,-0.12762493,1.0049833,0.28116646
2018-04-04,0.31375727,-0.94139564,-0.3146778,0.070629
2018-04-09,-0.13226762,1.58474,0.78435826,0.025573242
2018-04-10,0.17365518,1.2951809,-0.5258492,-0.26655304
2018-04-11,0.30582643,0.6704919,-0.06646435,-0.0039836187
2018-04-12,-0.48180974,-0.28385618,-0.53860986,-0.25703496
2018-04-13,0.22371672,-0.1300709,0.059031326,0.03305712
2018-04-16,0.7199875,0.07486728,0.60376346,-0.19241166
2018-04-17,0.1139826,-0.08659112,0.17591466,-0.056890674
2018-04-18,0.34680492,1.8520513,0.48241535,0.11169424
2018-04-19,-0.31249142,-0.3050018,-0.45143527,-0.10374892
2018-04-20,0.26444715,-0.34097683,-0.513364,-0.092169024
2018-04-23,-0.35826987,-1.1747913,-1.1601907,-0.2933624
2018-04-24,-0.12763242,-0.18461116,0.46760538,0.14457218
2018-04-25,-0.5030857,-0.24938248,-0.5460459,-0.23842673
2018-04-26,-0.05232759,0.2933255,-0.30948523,-0.0767475
2018-04-27,-0.44453937,-0.17132883,0.091788314,-0.08199635
2018-05-02,-0.5571101,-0.5492987,0.13827226,0.41529772
2018-05-03,-0.38612193,0.031531185,0.20584948,-0.12427539
2018-05-04,0.52707237,0.8507536,-0.16229573,-0.011196966
2018-05-08,0.27023366,-0.5557413,-0.109304965,0.088179685
2018-05-09,0.04430265,0.661958,-0.8472566,-0.2366971
2018-05-10,0.1086023,0.3687435,0.2731526,0.04668179
2018-05-11,0.23364581,-0.4251713,-0.05245884,0.102066174
2018-05-14,-0.24431261,0.06497719,-0.35173944,0.015664104
2018-05-15,-0.662073,0.028205872,-0.97102714,-0.35245764
2018-05-16,0.2838275,0.09556485,-0.1268755,-0.045990605
2018-05-17,0.09340796,0.32167634,-0.08750257,-0.08506351
2018-05-18,-0.4249322,-0.05851819,0.24004722,0.034047764
2018-05-21,-0.19187707,0.95052433,0.1437248,-0.023711458
2018-05-22,-0.29452646,0.34273368,0.030276276,0.0131500475
2018-05-23,-0.58055013,-0.26751396,-0.25691667,-0.17455912
2018-05-24,0.4687468,0.32863235,0.9406023,0.30271396
2018-05-25,-0.16645923,-0.80766034,0.5870973,0.2164231
2018-05-29,0.3797415,-0.29155716,0.29074016,-0.0012144155
2018-05-30,0.3091641,0.7407935,-0.29247332,-0.24918522
2018-05-31,-0.027820956,-0.09877553,0.2709128,0.2179725
2018-06-01,0.122357674,-0.27389857,0.32484153,0.1698073
2018-06-04,0.78307086,-0.7322617,0.0582253,0.26631162
2018-06-05,0.021111844,0.3283274,0.4585534,-0.051596783
2018-06-06,0.20894672,0.20974721,0.59188306,-0.03398172
2018-06-07,0.13587643,0.1387564,-0.8120031,-0.20392203
2018-06-08,0.078949966,0.24435833,0.18520558,0.015253784
2018-06-11,0.38865232,-0.28142294,0.039630465,0.15327749
2018-06-12,-0.40901297,-0.032468412,-0.03312224,-0.07760155
2018-06-13,0.35048783,0.055686,-0.10702326,0.17161024
2018-06-14,0.5654097,-0.72685874,0.3849962,0.22159037
2018-06-15,-0.17284495,-2.1546745,-0.50638485,-0.039353125
2018-06-19,0.2102272,-1.467737,-0.8057313,0.11670354
2018-06-20,-0.18398187,0.21828826,0.14553556,-0.05808786
2018-06-21,-0.16581078,-0.7277033,0.21549489,0.1219817
2018-06-22,-0.1021473,1.196985,-0.5603699,-0.26813126
2018-06-25,0.35663986,-1.1940788,-0.20077434,0.23611109
2018-06-26,-0.10632435,0.17605367,-0.69886327,-0.17065446
2018-06-27,-0.028460152,0.50722474,-0.9511414,-0.43095234
2018-06-28,0.13709657,-0.5130883,-0.36594194,-0.13035451
2018-06-29,-0.38568193,0.59812117,-0.2836315,-0.11146633
2018-07-02,0.4212465,-1.7105098,-0.57692546,-0.022725016
2018-07-03,-0.1696235,0.078401946,0.7203575,-0.06787056
2018-07-05,-0.52773255,-0.55237085,-0.18383633,-0.08177933
2018-07-06,-0.63762796,0.64810693,0.22006415,-0.07026963
2018-07-09,0.48867258,0.22839957,-0.07679663,0.1270112
2018-07-10,-0.19460768,-0.3164383,-0.5066988,-0.11332466
2018-07-11,0.45549375,-2.3515685,0.43129805,0.3872757
2018-07-12,-0.03636518,0.6188035,0.31744835,-0.10090133
2018-07-13,0.2637255,-0.6726905,-0.6559813,-0.047222026
2018-07-16,-0.6105997,-0.5885632,0.7565155,0.05655589
2018-07-17,-0.55891305,-0.57242334,-0.55889124,0.028112272
2018-07-18,0.09592122,0.4897521,-0.13162704,-0.11610494
2018-07-19,-0.57416844,-0.61171436,-0.69250506,-0.16313858
2018-07-20,0.053815935,1.4004328,0.58460563,0.11702172
2018-07-23,-0.12266566,-0.22061941,-0.060621426,0.07230924
2018-07-24,0.24220075,0.818473,0.18101886,-0.0066063604
2018-07-25,-0.5128207,0.45893344,0.07517321,-0.24948475
2018-07-26,-0.07836466,-0.13687187,-0.44138816,-0.10277832
2018-07-27,-0.11493254,-0.011842976,0.014653412,0.12432782
2018-07-30,-0.283496,0.21418095,0.24542502,-0.2648565
2018-07-31,-0.14916871,0.32237303,0.7596021,0.18056805
2018-08-01,-0.12874413,-1.713208,-0.021532588,0.0077996356
2018-08-02,-0.13415112,0.095943324,-0.5487233,-0.22948456
2018-08-03,0.06855552,0.6788193,0.45651427,0.07474327
2018-08-06,-0.448086,-0.10705038,-0.45708913,-0.048247702
2018-08-07,0.049176767,0.53306466,-0.101418205,0.011023172
2018-08-08,0.17788573,-0.28964934,1.0476801,0.3254904
2018-08-09,0.111670345,-0.26850316,0.10202572,0.1274369
2018-08-10,0.62509525,-0.8674754,-0.7176947,0.0519587
2018-08-13,-0.42960727,-1.1168138,-0.99611026,-0.11925003
2018-08-14,-0.3467238,-0.041633938,0.04064461,-0.058923643
2018-08-15,-0.53966737,-2.2348802,-0.6462968,-0.01410868
2018-08-16,0.09938877,1.354895,0.6423579,-0.089464866
2018-08-17,-0.13881418,0.056715675,-0.20142671,-0.26138198
2018-08-20,0.37828493,0.5046142,0.24340543,0.06197933
2018-08-21,0.42732468,0.4344661,0.011191119,0.136059
2018-08-22,0.4145666,0.091717824,-0.49726918,0.031904425
2018-08-23,0.0881191,-0.8055456,-0.55123895,0.05174152
2018-08-24,0.40831584,1.2305026,0.5746058,0.22417818
2018-08-28,0.59654266,0.14458637,0.13674973,-0.09962333
2018-08-29,-0.36831832,0.14831118,-0.4625561,-0.16792221
2018-08-30,-0.36753276,-0.42843843,-0.71055686,-0.05135115
2018-08-31,-0.6880149,-0.2165536,-0.16035213,-0.0071134116
2018-09-04,-0.5071215,-1.0668225,-0.42958048,-0.21915245
2018-09-05,0.30658123,-0.19043349,0.61121213,0.31116405
2018-09-06,0.20300905,-0.28746533,0.3539287,0.0356965
2018-09-07,-0.21708432,0.017118717,-0.28528616,-0.08559079
2018-09-10,-0.29523963,0.422886,0.1664357,-0.085499816
2018-09-11,-0.05321965,-0.35126206,-0.8156882,-0.07736414
2018-09-12,0.7243874,0.9166667,0.41379762,-0.015895486
2018-09-13,0.26666355,-0.7654079,0.441191,0.22715537
2018-09-14,-0.19738586,-0.6451774,-0.25702602,-0.22506739
2018-09-17,-0.51057535,-0.033928342,0.16945149,-0.17670593
2018-09-18,0.4987076,0.50750136,-0.16061434,-0.17980134
2018-09-19,-0.056214307,1.1010535,0.2657552,0.022604283
2018-09-20,-0.18621148,0.62202847,0.5524321,0.056664694
2018-09-21,0.19601691,1.0123428,0.26726848,0.17116553
2018-09-25,-0.20148098,0.3826503,-1.1061023,-0.33718252
2018-09-26,0.09633742,-0.3672862,-0.020989966,0.06825169
2018-09-27,-0.5578704,-0.31177396,-0.79790217,-0.06449059
2018-09-28,0.71597576,1.0119091,0.4745177,0.22540233
2018-10-08,-0.87082386,1.0553738,-0.43913698,-0.0962105
2018-10-09,0.40281036,0.6475454,0.29547217,0.020926736
2018-10-10,0.040386993,-1.1820703,0.37658265,0.19576338
2018-10-11,0.19623251,0.078339435,1.6103139,0.19655809
2018-10-12,-0.31230372,0.4609868,0.10424175,0.042085193
2018-10-15,-0.60830647,0.5585797,0.24033105,0.28165635
2018-10-16,0.24177456,-0.084807694,-0.21787828,0.0007841209
2018-10-17,0.13980272,-0.29233202,0.41535115,0.4292992
2018-10-18,0.32071325,-0.7636387,0.15569675,0.2533234
2018-10-19,0.020234901,0.07530946,-0.12824258,0.038430363
2018-10-22,-0.083571754,-0.17440502,-0.10986031,-0.29673955
2018-10-23,0.32663852,-0.6754744,1.2786912,0.3729541
2018-10-24,0.07187291,-0.45428553,-0.26846084,-0.07426198
2018-10-25,0.29447755,-0.21904673,-0.29306895,0.010928596
2018-10-26,-0.28090924,0.25206718,-0.0167349,-0.22239336
2018-10-29,0.007796031,-0.84062076,-0.3356658,-0.19968453
2018-10-30,-0.036622003,-0.94091594,0.26230195,0.12836532
2018-10-31,-0.26029032,-0.5864638,-0.23467879,-0.14028846
2018-11-01,0.30912426,0.7914848,1.7650965,0.25096053
2018-11-02,0.029902084,0.4853398,0.47439367,0.17044684
2018-11-05,-0.20878299,-0.58561766,-0.5566716,-0.012095468
2018-11-06,-0.18766992,-0.8152725,-0.06283634,0.037468635
2018-11-07,0.005376576,0.47670886,0.22479427,0.06772831
2018-11-08,0.25626692,-0.47483686,0.1774338,0.18629096
2018-11-09,-0.12028571,-1.19968,-0.7438345,-0.06817812
2018-11-12,-0.36066422,-0.49532193,-0.38945934,-0.09401812
2018-11-13,0.3628167,-1.6001539,1.1509602,0.47916886
2018-11-14,0.25243387,0.62528664,-0.33646864,0.13067591
2018-11-15,0.06907003,0.33541882,0.8633271,0.035908155
2018-11-16,0.4642244,0.66098446,0.28330493,0.033825267
2018-11-19,0.39678335,-0.058844227,-0.17959277,0.050404865
2018-11-20,-0.12784685,-1.7331201,0.98529094,0.389851
2018-11-21,0.038218092,0.62035924,0.4149808,0.028967941
2018-11-23,0.18029955,-2.112993,1.221927,0.45652133
2018-11-26,0.115006365,0.070432745,-0.6344911,-0.22870742
2018-11-27,-0.49935883,-0.7165436,-0.32804304,0.01328834
2018-11-28,-0.022357292,0.55421305,0.87202364,0.38828272
2018-11-29,0.049777705,0.18533996,-0.4253865,-0.12194173
2018-11-30,-0.30002055,-0.10260854,0.07415574,-0.13183016
2018-12-03,-0.14465548,1.5430782,0.106975324,-0.14636335
2018-12-04,-0.23116826,0.07449011,-0.23310925,-0.009174009
2018-12-05,0.22226174,0.018894885,-0.017886577,0.08283592
2018-12-06,-0.009484471,-1.4892454,0.32985085,0.3445777
2018-12-07,-0.17411488,1.2491957,-0.49410516,-0.2714267
2018-12-10,-0.03591316,-1.1837683,0.4920047,0.3232917
2018-12-11,0.0037342014,0.24107456,0.028158449,-0.12763235
2018-12-12,-0.06086549,0.22540598,0.7714712,0.031417485
2018-12-13,-0.08199272,0.14333698,-0.66937155,-0.12579024
2018-12-14,-0.146411,-0.9416805,0.31974444,0.10775476
2018-12-17,-0.11476109,0.041009966,1.0250387,-0.11281125
2018-12-18,-0.07729554,-1.6343702,0.8937968,0.42807588
2018-12-19,0.2797367,0.87576985,-0.2570987,0.12225214
2018-12-20,0.29708895,-1.0739628,1.2073457,0.37306395
2018-12-21,-0.06444343,-0.8703119,-0.27399185,0.03998315
2018-12-24,0.16146706,-1.0335687,1.4086558,0.47479817
2018-12-27,0.52064484,0.33171594,-0.34173742,-0.04842484
2018-12-28,-0.32622924,-0.00096184673,0.3914926,-0.028958471
2019-01-02,-0.41976622,0.19640523,-0.4305912,-0.30220288
2019-01-03,-0.3481736,0.5068781,-0.11781358,-0.040337566
2019-01-04,0.16128626,1.5547429,-0.026092246,-0.115632415
2019-01-07,0.0917082,0.6235275,0.043302413,-0.012892669
2019-01-08,-0.117420636,0.33005813,-0.65990514,-0.28094527
2019-01-09,-0.22049889,1.1518,-0.9564533,-0.40646952
2019-01-10,0.27859813,-0.50808495,-0.3862515,-0.04485207
2019-01-11,-0.11936858,-0.052251324,0.4240617,0.17773643
2019-01-14,0.1510371,-0.726869,0.07919588,0.23963381
2019-01-15,-0.0060771205,0.4561562,-0.4419211,-0.188664
2019-01-16,0.09019181,0.7917233,0.10875051,0.10596635
2019-01-17,-0.23060316,0.34066582,0.04092833,-0.041696854
2019-01-18,-0.21310163,0.8667876,-0.78966284,-0.21550103
2019-01-22,-0.062136754,-1.0317138,0.41140267,0.15835701
2019-01-23,-0.014589601,0.3512831,0.47134176,0.031191215
2019-01-24,0.06443715,0.010357594,-0.18067943,0.06307994
2019-01-25,0.3936602,1.2465028,0.74843115,0.12038294
2019-01-28,-0.16694428,-1.0481336,0.86496645,0.21438015
2019-01-29,0.2638686,0.84742284,-0.39342168,-0.10798978
2019-01-30,0.13388067,0.9050268,-0.00680122,0.028106695
2019-01-31,0.41498208,0.23506185,0.73027956,0.32480285
2019-02-01,-0.03979624,0.25296947,-0.5551673,-0.32921776
2019-02-11,-0.18398297,-1.3306254,-0.24216446,0.106886715
2019-02-12,-0.4591889,0.1140253,-0.22128415,-0.061511684
2019-02-13,-0.032038677,0.2645393,-0.49187586,-0.1625853
2019-02-14,0.25382403,-0.24874064,-0.74241126,-0.08722957
2019-02-15,0.27442265,1.4996058,-0.20482309,-0.23412728
2019-02-19,0.71510476,0.6112959,0.84027797,0.32057944
2019-02-20,0.28046358,0.9256361,0.20057622,0.18066934
2019-02-21,-0.48714754,0.10256443,-0.94774497,-0.3065617
2019-02-22,0.27966243,0.7918895,0.51784074,0.059304174
2019-02-25,0.40037918,-1.0670877,0.75201225,0.34466508
2019-02-26,0.34133843,-0.04187308,-0.39001295,-0.16793092
2019-02-27,0.040126644,0.6482035,-0.52381784,-0.25808197
2019-02-28,0.09858826,-0.04072434,-0.2355936,-0.07292536
2019-03-01,-0.090632536,-0.3254301,-0.81532,-0.002058496
2019-03-04,-0.30323604,-0.5677812,-1.0737138,-0.23273063
2019-03-05,0.039298147,0.5642766,0.0785732,0.0027989785
2019-03-06,0.34879574,-0.6397682,-0.24676682,0.1566057
2019-03-07,0.038391355,-0.61341053,-0.52513766,-0.099121116
2019-03-08,0.14180733,0.037558172,0.80138105,-0.01962764
2019-03-11,0.16458693,-0.2130227,-0.48944625,-0.11697553
2019-03-12,0.035807364,1.0625169,0.73653215,0.07812369
2019-03-13,0.2509438,0.79222304,0.103852734,0.02971964
2019-03-14,-0.36504933,-0.67089814,-0.7501265,-0.20429921
2019-03-15,-0.5756341,0.4809905,0.5140357,-0.15120596
2019-03-18,0.12438167,0.21335241,-0.1471367,-0.044370353
2019-03-19,0.334671,0.6107182,0.349709,0.01053755
2019-03-20,-0.084569484,0.49096575,-0.35753372,-0.21530505
2019-03-21,-0.1156451,-0.2491028,0.1842753,-0.09126914
2019-03-22,-0.051507574,-0.8425689,0.21685831,0.1617831
2019-03-25,0.043958746,0.4713283,0.26346028,0.09496226
2019-03-26,0.19949654,0.18003096,-0.38190863,-0.105795294
2019-03-27,0.1363609,-0.3325023,0.1275221,0.11193379
2019-03-28,-0.26997733,-0.84508765,-0.62508994,0.008106064
2019-03-29,0.8939775,0.41114044,0.19258103,0.025355378
2019-04-01,-0.29335785,0.12284205,-0.020062588,-0.38663965
2019-04-02,-0.32694325,0.07530337,-0.417376,-0.22794232
2019-04-03,0.41419247,0.6116886,0.44372845,0.16881704
2019-04-04,-0.30838785,0.28767365,0.26496145,-0.13668364
2019-04-08,0.38555562,0.43068695,-0.5152914,-0.04591891
2019-04-09,-0.1211601,-0.14886567,0.10111597,0.17931995
2019-04-10,-0.018853644,0.5652329,-0.31225458,-0.10634244
2019-04-11,-0.23077303,-1.0802859,-0.5843114,-0.115719415
2019-04-12,0.2203016,0.79918486,0.20667633,-0.003211574
2019-04-15,-0.03900278,-0.33585584,0.082063876,-0.05903281
2019-04-16,-0.10231698,-0.5180136,-0.8439106,-0.21406505
2019-04-17,0.20396583,-0.11467229,0.09713746,-0.020020442
2019-04-18,-0.3155202,0.25570086,-0.08617649,-0.014816779
2019-04-23,0.24319078,-0.2198605,-1.1557144,-0.08280316
2019-04-24,0.46538743,-0.28645015,0.22319719,0.30770177
2019-04-25,-0.0014515396,-0.3730463,-0.14222576,0.1724843
2019-04-26,0.30717057,-0.34457392,1.0677195,0.34604174
2019-04-29,0.16598824,-0.35842723,-0.3280774,0.050519213
2019-04-30,0.040748734,0.15610725,-0.36026528,0.035598017
2019-05-07,-0.24285215,-1.9995624,0.5451077,0.5812245
2019-05-08,-0.056227453,-0.3795579,-0.7378263,-0.05820753
2019-05-09,0.40173608,-0.6860835,-0.069519944,0.15628187
2019-05-10,0.37448567,0.18807887,0.17353031,0.12284488
2019-05-13,-0.43479055,-0.47003403,0.2604768,0.18106665
2019-05-14,-0.7401426,0.82878983,0.010448385,-0.13245776
2019-05-15,-0.3762065,0.88872683,-0.27794817,-0.24134146
2019-05-16,-0.608972,0.494101,-0.97780186,-0.36209765
2019-05-17,-0.14006548,-1.0965286,-0.33303723,-0.039946042
2019-05-20,-0.527376,0.042252395,0.21189962,-0.06018614
2019-05-21,-0.06852346,0.06305214,-0.019719793,0.2463897
2019-05-22,-0.20511085,-0.91491467,0.37454876,0.1946617
2019-05-23,0.5424495,-1.0023762,1.2839514,0.56544244
2019-05-24,-0.4193623,0.8263712,0.15869145,-0.095217444
2019-05-28,-0.86920875,0.6576008,-0.58594036,-0.23414606
2019-05-29,-0.137827,-0.22641385,0.14237635,0.380488
2019-05-30,-0.44404915,-0.037113987,0.99752825,0.223666
2019-05-31,0.37877998,-1.0511608,1.3701769,0.5870332
2019-06-03,0.19761086,-0.45246607,1.5513872,0.058086928
2019-06-04,0.04230622,0.22026287,0.011368258,0.15952218
2019-06-05,0.42647174,-1.6233871,0.29802048,0.1928037
2019-06-06,-0.18006326,0.9761268,0.20645158,0.12173406
2019-06-10,0.061890602,-0.36932757,-0.882581,-0.2838748
2019-06-11,-0.06979666,0.61561036,0.2253,-0.0012120181
2019-06-12,-0.19292203,-0.26708633,0.9773139,0.23336275
2019-06-13,-0.62940145,0.5975768,-0.09054942,-0.1602557
2019-06-14,-0.5183051,-0.112642765,-0.3755885,-0.16844696
2019-06-17,-0.21107401,-0.17427173,0.4091546,0.05018648
2019-06-18,0.3652805,0.92961293,-0.022570457,-0.056885257
2019-06-19,0.32190585,-0.31154916,-0.053796183,0.15339336
2019-06-20,-0.09267457,1.5410542,0.3084849,0.11950132
2019-06-21,0.25406665,-0.39646217,-0.7768722,0.020581039
2019-06-24,0.093997225,0.67062426,0.66057783,0.14258838
2019-06-25,0.30150092,0.61906457,-0.121547595,0.083175935
2019-06-26,0.025908235,0.28821114,-0.8149317,-0.23626839
2019-06-27,-0.10344396,-0.25950912,0.1436116,0.02382213
2019-06-28,0.6056656,0.008331421,0.3683395,0.2100571
2019-07-01,0.22462176,-1.0160965,-0.5167151,0.0929685
2019-07-02,0.36704198,-1.0646763,0.97597265,0.43393132
2019-07-03,-0.6550059,1.1762701,0.048923746,0.028471489
2019-07-05,-0.33335865,-0.73213965,-1.2379261,-0.14159758
2019-07-08,-0.31811723,-0.021307925,0.40883136,0.02039965
2019-07-09,-0.01324691,-0.13594972,-0.104259185,-0.105217196
2019-07-10,0.17512013,1.9134417,-0.4194695,-0.35088474
2019-07-11,-0.51717794,-0.0030342804,0.18359265,-0.09526571
2019-07-12,-0.016404176,0.35386,0.30816263,0.012138587
2019-07-15,0.5539031,0.08180574,0.6604632,0.3371969
2019-07-16,0.56101286,-0.4692993,0.8992854,0.060495876
2019-07-17,0.35970443,-0.07049903,0.8198414,0.28004834
2019-07-18,0.48776838,-0.63656545,0.92548376,0.36429995
2019-07-19,-0.626656,0.4973993,-0.12718584,-0.28243735
2019-07-22,0.30463818,-0.49696258,-0.30341956,-0.056036968
2019-07-23,-0.19806796,0.43105456,-0.15731469,-0.31963798
2019-07-24,0.07742536,0.51342374,0.7235949,0.087036274
2019-07-25,0.013628995,-0.5771276,-0.70948076,-0.023194622
2019-07-26,-0.0026096317,-0.3238066,0.13405374,-0.040808078
2019-07-29,0.091229014,0.5276235,0.52206093,-0.009702372
2019-07-30,0.16179897,0.0036447796,-0.23531944,-0.043451384
2019-07-31,0.3834561,-0.29730412,-0.24688557,-0.16169427
2019-08-01,0.24295157,-2.1228943,1.0341226,0.55317646
2019-08-02,-0.6796207,-0.012220633,-0.105397485,-0.0619344
2019-08-05,-0.0321796,-0.7563993,1.2745142,0.1550765
2019-08-06,0.3246442,-0.41187182,0.5633788,0.3089617
2019-08-07,0.23594053,-0.4136895,1.6965652,0.21263629
2019-08-08,-0.29135492,1.3080807,-0.45959622,-0.21660078
2019-08-09,-0.59701955,0.33262083,-0.71586055,-0.27284983
2019-08-12,1.0215764,-0.54037064,-0.01915402,0.23825116
2019-08-13,0.528855,0.8982128,-0.84914947,-0.07249306
2019-08-14,0.19695225,-1.0067666,0.8122419,0.30427703
2019-08-15,-0.09450874,-0.37799165,0.50958836,0.5270529
2019-08-16,-0.44448808,0.1682249,-0.0717075,-0.10688683
2019-08-19,0.25509244,-0.33401695,-0.68289685,-0.2570636
2019-08-20,0.13747212,-0.06854554,-0.088466175,-0.10003591
2019-08-21,0.03567437,0.48548412,0.15417077,0.066617094
2019-08-22,-0.37672293,-0.59969354,0.08046815,-0.06294773
2019-08-23,0.37270635,-0.42581278,0.92371255,0.466626
2019-08-27,0.49529085,0.5408499,0.7265176,-0.012138537
2019-08-28,-0.119979225,0.99466413,-0.11388384,-0.102829136
2019-08-29,0.13523674,0.2662972,-0.27018857,-0.27023226
2019-08-30,0.047982827,-0.40395692,0.9174129,0.34157217
2019-09-03,0.6840082,-0.3741219,1.541691,0.44657567
2019-09-04,0.40731028,1.8468974,-0.359857,-0.36597624
2019-09-05,-0.1623872,-0.39535657,-1.3076628,-0.14794514
2019-09-06,0.0104973335,-0.52562004,-0.78308713,0.13204338
2019-09-09,-0.052098382,0.43682855,-0.5802176,-0.14115484
2019-09-10,-0.40577033,0.4602887,-0.27216017,-0.050700687
2019-09-11,0.14430395,-0.4160297,0.5767749,0.27627867
2019-09-12,-0.33820996,0.39853555,0.4729851,-0.15522695
2019-09-16,-0.7746414,1.913214,-1.8139632,-0.9021847
2019-09-17,0.29374444,-1.3713123,1.0515697,0.2660734
2019-09-18,-0.29687837,-0.54113966,0.2762757,0.036886286
2019-09-19,-0.17519669,0.30626217,-0.30052903,-0.026361467
2019-09-20,0.2862039,-0.21515472,0.34374982,0.2025061
2019-09-23,0.2014321,0.861863,0.89138013,0.036362324
2019-09-24,-0.19173074,-0.6055376,0.5968645,0.13882823
2019-09-25,-0.17838095,-0.7120779,-0.6957327,0.0754155
2019-09-26,0.0472366,-0.1695577,-0.19077116,-0.014558513
2019-09-27,0.19093226,-0.18066569,-0.10716358,-0.098975055
2019-10-08,-0.78314286,-0.016263314,0.42560655,0.15878476
2019-10-09,0.07426181,0.28147644,0.112298355,-0.05783219
2019-10-10,0.70221746,0.43614262,-0.33231795,-0.0968786
2019-10-11,-0.7727522,0.5842074,-0.568506,-0.44281036
2019-10-14,-0.14675239,-0.59227,0.60378295,0.19848816
2019-10-15,0.19690607,0.04129425,-0.5221901,-0.21623452
2019-10-16,-0.033924613,0.024144607,-0.20684059,-0.12121121
2019-10-17,-0.15609068,0.20980786,0.20999107,0.015122296
2019-10-18,0.15821242,0.2956801,0.0732345,0.15418586
2019-10-21,0.14322196,-0.41546285,0.13021782,0.12772764
2019-10-22,-0.15355529,0.2042923,-0.2310016,0.11077105
2019-10-23,0.26027736,0.8609311,0.021024622,-0.18951866
2019-10-24,0.02839925,0.55015904,0.14441465,0.112419255
2019-10-25,0.20561384,0.27134463,0.1490329,0.057029925
2019-10-28,0.19866857,-0.2897473,-0.14663863,0.08702398
2019-10-29,0.008262568,0.14680806,-0.05378107,0.05315276
2019-10-30,0.05407315,-0.10807217,0.6735855,0.1780457
2019-10-31,-0.0047470145,-0.58863586,0.8389707,0.36104104
2019-11-01,0.0154940365,1.2391142,-0.30432904,-0.46126166
2019-11-04,0.02182631,0.32664132,-0.4652307,-0.07004693
2019-11-05,-0.3160639,-0.2049331,-1.0875163,-0.26845518
2019-11-06,0.10542361,-0.62983996,0.6302224,0.39056987
2019-11-07,-0.099650964,-0.324415,-0.9578493,-0.2186079
2019-11-08,-0.2794976,-0.4656147,-0.46223637,0.031993963
2019-11-11,-0.059317432,-0.8942629,-0.22535093,-0.055159792
2019-11-12,-0.39562574,-0.23913923,-0.10178115,-0.1566271
2019-11-13,0.15011415,-0.23386662,0.19548137,0.23391353
2019-11-14,-0.049112897,-0.12574986,0.20569618,0.1051942
2019-11-15,-0.025789782,0.22641568,-0.39327875,-0.31919998
2019-11-18,-0.05056923,-0.801535,0.50647223,0.23253398
2019-11-19,-0.025410326,-0.19665362,0.8829496,0.16912341
2019-11-20,-0.12422907,0.49574834,-0.70532143,-0.04657245
2019-11-21,-0.15309201,0.14297363,-0.9074083,-0.18560499
2019-11-22,0.023951855,0.09660119,0.022267748,0.14244878
2019-11-25,-0.20659612,0.002330324,-0.047834124,-0.21756823
2019-11-26,0.38610768,0.5291626,0.062642075,-0.019985734
2019-11-27,-0.03873206,-0.37289178,-0.092413284,-0.10775878
2019-11-29,-0.29605013,-0.7095125,0.9874669,0.16151625
2019-12-02,-0.017343637,-0.37275198,-0.0021544653,0.04439509
2019-12-03,0.14483726,-0.29517913,0.41254002,0.12998196
2019-12-04,-0.1627288,0.58839166,-1.0193998,-0.36889115
2019-12-05,0.06068053,0.24918082,-0.031848636,0.07421356
2019-12-06,-0.24149582,0.5173338,-0.7373029,-0.20320874
2019-12-09,-0.10540187,0.23278193,0.24744014,0.13564436
2019-12-10,0.023349874,0.55028296,0.26499757,0.027275795
2019-12-11,0.4531292,0.012270931,0.9122632,0.22785296
2019-12-12,-0.35872245,1.015856,0.059616048,-0.018517792
2019-12-13,-0.22891496,0.24769051,-0.44853255,-0.35594085
2019-12-16,-0.7326121,1.3485973,0.0026980306,-0.33656433
2019-12-17,-0.49738237,0.09025344,-0.4478456,-0.2492052
2019-12-18,0.23276743,-0.08467633,0.10782432,0.08965827
2019-12-19,0.1826266,0.5754349,0.09075905,-0.04386786
2019-12-20,-0.09798573,-0.019945525,-0.0072187614,0.16699865
2019-12-23,-0.010086252,0.06246277,0.61572593,-0.053846862
2019-12-24,0.110708706,0.707757,0.3557746,0.124416776
2019-12-27,-0.2368042,0.9296483,0.23359872,-0.14647791
2019-12-30,-0.042292546,0.30506265,0.35076684,0.025645358
2019-12-31,-0.06577179,-0.8601104,0.476493,-0.011437586
2020-01-02,0.06536458,0.43771482,0.3314754,-0.019926954
2020-01-03,0.31279087,0.33188692,-0.3830315,0.06173327
2020-01-06,0.11355435,-0.007505131,0.18835151,-0.036894877
2020-01-07,0.17431046,0.07056845,0.52409476,0.17603895
2020-01-08,0.082967736,-0.93609405,0.63366693,0.2600965
2020-01-09,-0.27724016,-0.19308896,-0.06808811,0.002730363
2020-01-10,-0.0016818459,0.4140279,0.57859796,0.11079419
2020-01-13,0.030078238,-0.5010088,0.13450605,0.19125712
2020-01-14,-0.08686388,0.11626662,-0.2849942,-0.14046188
2020-01-15,0.31660885,0.17713538,1.1216474,0.18122345
2020-01-16,0.44321945,-0.5668128,-0.57225674,0.029975666
2020-01-17,-0.3315923,0.54217994,0.71327305,-0.027868908
2020-01-21,0.05144668,-0.7864407,-0.113573425,0.027367959
2020-02-03,0.40134782,-3.558812,1.2000164,0.8984374
2020-02-04,-0.2724853,0.11143737,-0.41637358,-0.044932358
2020-02-05,0.1514069,1.5182687,-0.2608537,-0.13555649
2020-02-06,0.1312119,0.20908843,-0.043572463,0.063096404
2020-02-07,-0.42847267,-0.6147593,-0.046085473,0.015656678
2020-02-10,0.09700679,-0.47092122,0.7125203,0.26700664
2020-02-11,0.08283707,0.5458588,-0.185716,0.05403527
2020-02-12,-0.40250736,0.7403491,-0.79627234,-0.2602357
2020-02-13,0.39346248,0.37416646,0.0945573,0.09468594
2020-02-14,-0.102333196,-0.017175978,-0.28233412,0.020013312
2020-02-18,0.113889605,0.65871644,0.673091,-0.27689514
2020-02-19,0.0561437,0.7799307,-0.4015945,-0.20658672
2020-02-20,0.05997649,-0.52308655,-0.25316727,0.0043365783
2020-02-21,0.23875879,0.20208474,0.8579802,0.37264195
2020-02-24,0.4802651,-1.7542802,1.1931233,0.6015662
2020-02-25,-0.3212717,-1.2755414,-0.30252364,0.17747667
2020-02-26,0.14972143,-1.28188,0.59295714,0.39446408
2020-02-27,0.05667054,-1.5392513,0.646638,0.38815078
2020-02-28,-0.6030705,-1.5829515,-1.2460951,0.010279138
2020-03-02,0.1423647,1.7688102,-0.5256577,-0.05312226
2020-03-03,-0.046228345,0.5823277,0.72299445,0.15125458
2020-03-04,-0.06082984,0.19246553,0.10704496,-0.07951013
2020-03-05,0.4462988,-0.6492253,0.8852443,0.30931756
2020-03-06,0.37868145,-2.1140878,1.7684844,0.5745478
2020-03-09,0.5641665,-3.157356,1.7044383,1.0603937
2020-03-10,-0.4599818,1.5360819,-1.5130581,-0.7651213
2020-03-11,0.11395073,-1.2929419,0.15208416,0.21428198
2020-03-12,-0.07699235,-2.9670384,0.3015906,0.28997
2020-03-13,-0.45114833,-1.269439,-1.3553759,0.12192686
2020-03-16,0.36396232,-3.5745423,0.7010665,0.5210779
2020-03-17,0.061316032,-1.0147834,0.5543403,-0.08247163
2020-03-18,0.13078533,-3.210575,0.83180845,0.8047498
2020-03-19,-0.5354151,2.3148043,-1.7494142,-1.0646294
2020-03-20,0.0725249,-0.57845396,1.7560713,0.1952701
2020-03-23,0.006474501,-0.4817529,2.1599722,-0.12224757
2020-03-24,0.69214493,2.2896237,1.0845263,-0.1331928
2020-03-25,0.4563559,1.7603362,-0.814851,-0.23675328
2020-03-26,0.25771523,-1.3708131,0.8853162,0.5749367
2020-03-27,0.047311977,-0.8906543,-0.22983642,0.18856032
2020-03-30,0.15937936,-1.7884346,0.41030976,0.62066007
2020-03-31,-0.026457692,0.22580296,-0.251255,-0.32419604
2020-04-01,0.30803248,-2.0812116,0.4072699,0.5820184
2020-04-02,0.086643375,2.6618855,-1.4019146,-0.39775974
2020-04-03,-0.4303059,1.1496196,-1.9689894,-0.3866038
2020-04-07,0.66750985,0.40002614,1.8557028,0.41314968
2020-04-08,-0.21016099,0.06732108,-0.8525563,-0.49849376
2020-04-09,0.36199826,0.47068384,1.7957004,0.36421353
2020-04-14,1.0963111,-0.19041818,1.7406384,0.41361
2020-04-15,0.13583905,-1.5506682,-0.041722063,0.06829743
2020-04-16,-0.0041519287,-0.119627945,-0.35137615,0.22921763
2020-04-17,-0.17813924,-0.12901041,-0.41454977,0.12487268
2020-04-22,-0.016785208,2.6160154,-1.2680782,-0.7374299
2020-04-23,-0.22608888,1.4908483,-0.91304004,-0.69323105
2020-04-24,0.40873206,-1.2951627,0.2980105,0.19586183
2020-04-27,0.53667253,-2.1984546,1.536846,0.67268914
2020-04-28,0.06671663,0.65646094,-0.15339673,0.01578671
2020-04-29,-0.12013543,2.3341687,-1.5935175,-0.55027974
2020-04-30,-0.68623114,1.7467917,-1.7605838,-1.1112318
2020-05-06,-0.06452173,1.5406861,-2.0986066,-0.6970434
2020-05-07,0.21206185,1.3793846,0.7075717,-0.049860474
2020-05-11,-0.4795858,0.4668305,-0.4638226,-0.28418148
2020-05-12,-0.16477056,-0.08378238,-0.019854741,-0.47121263
2020-05-13,0.4001972,-1.2015232,0.7557657,0.42651972
2020-05-14,-0.13961174,1.8333523,-1.1718279,-0.5236242
2020-05-15,0.117612526,1.4492288,-0.0021256907,-0.18853173
2020-05-18,0.012195657,2.743899,-1.0408599,-0.75828683
2020-05-19,0.4501789,0.427358,0.8931974,0.26520282
2020-05-20,0.10204376,1.2632481,0.43456185,-0.1797251
2020-05-21,-0.35454163,-0.95188713,-1.3478056,-0.26704928
2020-05-22,0.29689798,-0.7433361,0.80481184,0.30746853
2020-05-26,-0.523627,0.7621425,-1.1211536,-0.415344
2020-05-27,-0.3068695,-0.99561954,1.083859,-0.06559127
2020-05-28,-0.12313625,0.06352707,0.36049274,0.09172057
2020-05-29,0.42808002,1.2454675,0.04385767,-0.11775351
2020-06-01,0.15287974,1.7295599,-0.5880089,0.045662276
2020-06-02,-0.38224885,0.68896544,-1.7022527,-0.26790312
2020-06-03,-0.32899177,-0.20627838,-0.40031993,0.057712547
2020-06-04,-0.24345526,0.49619567,0.37766904,-0.058670852
2020-06-05,-0.28843337,1.029229,-2.0567071,-0.35125214
2020-06-08,0.41587153,0.07179345,1.3973247,0.2367712
2020-06-09,0.11847076,0.22890751,-0.18981618,-0.22488177
2020-06-10,0.09234981,0.53439796,-0.30776942,-0.11903409
2020-06-11,0.15242237,-1.9799463,1.2348926,0.5331524
2020-06-12,-0.35679287,-0.4577283,-0.306874,-0.06419583
2020-06-15,-0.18002328,0.42062914,-0.9185776,-0.39381734
2020-06-16,0.19053109,1.4463198,-0.27670807,-0.14005633
2020-06-17,0.1620688,0.36200345,-0.0004448521,0.18870518
2020-06-18,-0.033472646,0.03203671,-1.056596,-0.19012201
2020-06-19,0.07131401,1.045441,0.18675102,0.07982953
2020-06-22,0.3022755,0.6507705,0.119276404,0.03628168
2020-06-23,0.13864468,-0.10570558,0.41799203,0.10541161
2020-06-24,0.034353152,-2.1670146,0.86102015,0.5141805
2020-06-29,0.26185158,1.0686948,0.27907044,0.06558877
2020-06-30,-0.26342696,1.1177232,0.7396173,0.12880874
2020-07-01,-0.8124222,0.502995,-0.851676,-0.51711094
2020-07-02,0.39461252,0.5446366,-0.5972964,-0.12243447
2020-07-06,-0.015582624,0.65468735,0.26937714,-0.12647039
2020-07-07,0.18762857,0.7411256,0.4653596,0.18393382
2020-07-08,0.3509805,0.99124205,0.8013344,0.1049511
2020-07-09,-0.15320453,-1.0052936,-0.04372615,0.083159626
2020-07-10,0.62994635,0.63835377,-0.25076377,-0.16865426
2020-07-13,0.8492861,0.4606106,0.9760958,0.2839034
2020-07-14,-0.5193764,-0.6323252,-0.4145794,0.045850955
2020-07-15,-0.1646539,0.71706825,-0.32224858,-0.32784376
2020-07-16,-0.09793224,-0.08702613,0.02551961,-0.12660187
2020-07-17,-0.30597135,0.059119795,0.4408832,0.1576359
2020-07-20,0.364525,0.3001776,0.43146688,0.08947199
2020-07-21,0.67755365,1.9479179,0.763986,0.03723527
2020-07-22,0.1261482,0.83432823,1.1293049,0.12826501
2020-07-23,0.39355758,0.023021203,0.779103,0.22109625
2020-07-24,-0.14159922,-0.36988357,-0.27986965,-0.00015325253
2020-07-27,0.47223514,0.8495739,1.3638339,0.35486877
2020-07-29,0.5817969,0.2581599,0.15179008,0.12849043
2020-07-30,-0.16729039,-1.0171273,-0.10116421,0.29468545
2020-07-31,-0.22702502,0.80061483,0.8013888,0.044625174
2020-08-03,0.21205427,1.1492133,-0.36545575,0.04339711
2020-08-04,0.9180525,0.8639653,1.0451579,0.35837916
2020-08-05,0.45038667,1.2882081,0.72890395,0.08023421
2020-08-06,0.44278494,0.38013107,1.3708721,0.20718136
2020-08-07,-0.20910737,-1.6681796,-0.9374856,0.012987799
2020-08-10,0.35492727,1.0410613,1.0234675,-0.06078434
2020-08-11,-0.60523415,-1.0881692,-1.8232225,-0.25563532
2020-08-12,-0.5094863,0.51986927,-0.59275186,-0.17023587
2020-08-13,-0.26673034,0.4757421,1.0066166,0.044026237
2020-08-14,-0.112726934,-0.5905996,-1.0879118,-0.17128022
2020-08-17,0.34800693,1.4181639,1.1129345,0.18688054
2020-08-18,0.51713103,0.8980803,0.28725627,0.29448274
2020-08-19,-0.14193481,0.001479846,-0.7277478,-0.19775234
2020-08-20,-0.15331261,-0.920853,-0.5581869,-0.11798218
2020-08-21,-0.22243324,-0.86588013,0.17890011,0.21452944
2020-08-24,-0.059256706,0.7432546,-1.103258,-0.18958999
2020-08-25,-0.49061134,0.81415296,-0.5484518,-0.2662432
2020-08-26,0.13668254,0.34003112,1.2168716,-0.13300297
2020-08-27,-0.61527,-0.17176144,0.27311915,0.08204359
2020-08-28,0.32923034,1.0280118,0.76800466,0.2711342
2020-09-01,-0.06951568,0.7803904,0.9817392,0.010192491
2020-09-02,-0.3337761,-1.3969268,-0.5698093,0.033159625
2020-09-03,0.04050201,-1.2903811,-0.19351228,-0.04691575
2020-09-04,0.22336836,-0.12993972,0.7034278,0.17934698
2020-09-08,0.003985013,-1.3810806,1.4686635,0.3194141
2020-09-09,0.065513186,0.72682494,-0.31558344,-0.32127458
2020-09-10,-0.1373623,-0.098675564,0.73580694,0.10311648
2020-09-11,-0.38185355,0.5995986,-0.3027126,-0.1639212
2020-09-14,0.27296877,0.52475834,0.5317393,-0.15194233
2020-09-15,0.15476684,0.6142195,-0.25373477,0.013030078
2020-09-16,-0.58227307,1.0160269,-0.71370506,-0.3334949
2020-09-17,-0.7733909,0.16546912,-1.2919928,-0.4248575
2020-09-18,-0.19287215,0.549006,0.3456524,-0.122119114
2020-09-21,-0.036559816,-2.6033795,-0.6389244,0.15134615
2020-09-22,0.0069720205,-0.08322527,0.019861609,-0.054657508
2020-09-23,-0.26969323,-1.0164473,-1.6734092,-0.26019603
2020-09-24,0.18723392,-0.33202186,-0.28205043,0.0070400964
2020-09-25,-0.14259665,0.41605282,-0.27881053,-0.045312528
2020-09-28,0.30701345,1.2804378,0.302544,0.081948385
2020-09-29,0.48802793,-0.18675353,1.1691713,0.3837265
2020-10-12,-0.5724816,2.0305643,0.5562805,-0.5027784
2020-10-13,-0.6472949,-0.28137988,-0.99053204,-0.28915697
2020-10-14,-0.3320294,0.6704159,-0.024022825,-0.050858416
2020-10-15,-0.2835581,0.086150035,0.21599841,0.25545424
2020-10-16,0.20315681,0.09042784,0.32866868,0.09905309
2020-10-19,0.110814445,0.09692888,0.46155176,0.19699743
2020-10-20,-0.058514107,0.93818355,0.18866952,-0.020474095
2020-10-21,0.30831376,-0.03680559,1.2454345,0.32154033
2020-10-22,-0.39684325,0.12809707,-1.1195923,-0.14403534
2020-10-23,-0.27892548,-0.15269388,0.5727897,0.053402673
2020-10-26,-0.007409111,-1.1963078,0.3950412,0.3063348
2020-10-27,0.14680523,0.72840077,-0.46040028,-0.21377754
2020-10-28,0.2942996,-2.142882,0.20154713,0.08861308
2020-10-29,0.24900247,-1.2295687,0.3165091,0.28872105
2020-10-30,-0.016561842,0.18061037,0.36274794,0.19905911
2020-11-02,0.035948835,1.003476,0.08474561,-0.15407927
2020-11-03,0.04732213,1.3715172,0.16978498,-0.03632092
2020-11-04,-0.4800117,0.8782185,-1.2917242,-0.5037103
2020-11-05,0.18191062,1.0401025,1.3566045,0.13652804
2020-11-06,0.32858986,-0.3877591,1.08685,0.47120035
2020-11-09,-0.6599589,0.114495665,-2.4225304,-0.60970944
2020-11-10,-0.3539139,1.4710525,0.22360392,-0.118929096
2020-11-11,-0.16729718,-0.15987517,-0.661151,0.011379313
2020-11-12,0.42130277,-0.008853763,0.6062376,0.3102999
2020-11-13,0.1441729,-0.010564758,1.1189953,0.32394433
2020-11-16,-0.14147677,1.5251284,0.09000377,-0.09200258
2020-11-17,-0.10127451,0.21338157,0.015512961,-0.056549896
2020-11-18,-0.23299792,0.9913937,-0.47624978,-0.079885565
2020-11-19,0.03101976,-0.30491552,-0.26383844,0.17297968
2020-11-20,0.30752847,0.8829858,0.14171043,-0.04593078
2020-11-23,-0.6944393,-0.22749005,-1.670006,-0.49907357
2020-11-24,-0.042939458,0.95404863,-1.1773043,-0.5630547
2020-11-25,0.21583399,0.14667632,-0.36813307,-0.18876626
2020-11-27,-0.33588496,0.5192866,-0.25958693,0.006520149
2020-11-30,0.48117757,-0.70290333,0.029305598,0.32803807
2020-12-01,0.6976985,0.61411214,1.6370801,0.1993337
2020-12-02,-0.30027127,0.4927626,-0.28111973,0.0013873018
2020-12-03,-0.39212993,0.6861425,0.15463914,0.008457079
2020-12-04,0.33426246,0.59571284,0.15320984,-0.05818192
2020-12-07,0.102166116,0.046292197,0.5548995,0.38461393
2020-12-08,0.27273315,-0.40221927,-0.12049567,0.123665534
2020-12-09,-0.46455398,0.3408575,-0.65573245,-0.35408056
2020-12-10,0.20198561,1.2368819,-0.41346407,-0.051359124
2020-12-11,-0.60883653,-0.13889132,-0.28073817,-0.087449074
2020-12-14,0.10651415,0.48790637,-0.41634253,0.005788427
2020-12-15,0.25530094,0.7394735,0.48448417,-0.008159806
2020-12-16,0.02226958,0.48424953,0.0810897,0.06098781
2020-12-17,0.024517223,1.4831543,0.7430606,0.10264927
2020-12-18,-0.19816257,0.47503668,-0.50186896,-0.20704895
2020-12-21,-0.41557336,-1.081736,0.53844345,0.20028189
2020-12-22,-0.5841154,-0.8374021,-0.66710377,-0.0348526
2020-12-23,-0.17108394,1.4009901,-0.07382049,-0.19348471
2020-12-24,-0.003009626,0.5405048,0.38285676,0.17735827
2020-12-29,-0.6911628,0.30858344,0.091690406,0.15950266
2020-12-30,-0.2799092,0.7360712,0.64425504,-0.37107116
2020-12-31,-0.49560276,0.08683856,-0.14610682,-0.012719536
2021-01-04,0.5896613,0.7302218,1.3949105,0.357961
2021-01-05,-0.19980827,2.1883314,-0.3834888,-0.48382732
2021-01-06,-0.27537248,-0.14546977,-1.086272,-0.18464436
2021-01-07,0.356824,0.31237668,0.17105465,0.12015228
2021-01-08,-0.68513155,-0.83092564,-2.2667544,-0.28224957
2021-01-11,-0.06545508,-0.6938297,0.051066,0.15283413
2021-01-12,-0.62071306,1.1176387,0.05490966,-0.12153328
2021-01-13,0.10694043,0.64094085,0.50266707,0.27844697
2021-01-14,-0.44573715,1.0175973,0.31190062,0.023920612
2021-01-15,-0.07501689,-1.6194439,-0.54929924,-0.036112584
2021-01-19,0.4461294,0.09318552,0.096274994,0.14881304
2021-01-20,0.4789214,0.6853364,0.61289334,0.22153433
2021-01-21,-0.082665615,0.3275399,0.23418997,0.085363135
2021-01-22,0.9030859,-1.1918311,-0.4080264,0.119385175
2021-01-25,-0.6049114,0.58668613,-0.37343246,-0.14164284
2021-01-26,-0.8799284,0.41465148,-0.18177739,-0.09040428
2021-01-27,-0.5773331,-0.47674483,-0.6253038,-0.11991213
2021-01-28,0.19664893,-0.3309408,0.32664734,0.17688166
2021-01-29,-0.32725134,0.49374568,0.64839804,0.07959012
2021-02-01,0.39179105,1.3512914,0.92956764,0.108221896
2021-02-02,-0.31311905,-0.7965786,-1.8269652,-0.28090352
2021-02-03,-0.07607631,0.89657354,0.14616695,-0.07034747
2021-02-04,-0.2296841,-0.079332955,-1.1055143,-0.2006118
2021-02-05,0.39719176,1.2387351,0.814772,0.17344265
2021-02-22,0.28749827,3.3559816,-0.3052634,-0.20994323
2021-02-23,-0.48535317,-0.008496037,-0.7096974,-0.03756276
2021-02-24,-0.32733166,1.4462714,-0.2511985,-0.38795337
2021-02-25,0.19842878,-0.5079427,-0.61195374,0.18389471
2021-02-26,-0.5240482,-1.9307858,-1.1563196,0.031091552
2021-03-01,0.6535277,-0.38960442,-0.1190301,-0.17599191
2021-03-02,-0.020377738,0.9647325,0.9061536,0.19947703
2021-03-03,-0.25162116,-0.9444382,-1.4257535,-0.23729251
2021-03-04,-0.7399762,-0.831063,-1.7671732,-0.31742647
2021-03-05,-0.3714627,1.3829976,-0.6968791,-0.25742808
2021-03-08,-0.022339242,-0.10900946,0.22471397,0.09015294
2021-03-09,0.119702525,-0.050636984,1.057503,0.26797375
2021-03-10,0.5546858,0.08950988,0.027513713,0.0213593
2021-03-11,0.015804661,1.2744597,-0.32803705,-0.11237669
2021-03-12,-0.047441985,-0.071974345,-0.4902281,-0.07661205
2021-03-15,0.30742025,0.10499985,0.9910436,0.20408192
2021-03-16,-0.24154638,-0.263069,0.04206218,0.08200273
2021-03-17,0.1392283,-0.36794335,0.30883577,0.111912124
2021-03-18,0.5738039,-1.6361386,1.3641362,0.5790795
2021-03-19,-0.28083557,0.7161793,-0.1582067,-0.026512787
2021-03-22,0.015078918,0.23184596,-0.5568891,0.07878543
2021-03-23,-0.24456014,-1.6438899,0.58228785,0.25528765
2021-03-24,-0.27557915,1.161162,-1.0796146,-0.42415228
2021-03-25,0.42735848,-1.982307,0.5738491,0.3996041
2021-03-26,0.42260772,1.3846041,-0.34149367,-0.29136828
2021-03-29,-0.09152577,-0.4842792,-0.6936216,-0.20834923
2021-03-30,0.2835977,-1.4657091,-0.7512971,-0.05325032
2021-03-31,-0.6863873,0.8442826,0.87079227,-0.15491009
2021-04-01,0.41570878,0.19061312,-0.24029215,0.0011753449
2021-04-06,0.38912025,0.95824957,1.2891265,0.23055266
2021-04-07,-0.1290708,-0.31702107,-0.129828,-0.044066682
2021-04-08,-0.20870508,0.98497695,0.55304796,0.035862938
2021-04-09,-0.28465477,-0.62688446,-0.5549383,-0.11390265
2021-04-12,0.04282126,-1.0569086,-0.86271286,-0.037904177
2021-04-13,-0.28592163,0.9163541,0.27503186,0.1025229
2021-04-14,-0.3770008,1.9328709,-0.64575696,-0.39873788
2021-04-15,0.3115202,1.1509033,0.7205889,0.17986481
2021-04-16,-0.21058027,0.06343613,0.30645818,0.14421827
2021-04-19,-0.16957268,0.08420325,-0.30427203,-0.1014422
2021-04-20,-0.7110008,0.24396957,0.28400844,0.07684939
2021-04-21,-0.20046741,0.99074197,1.0777032,0.10289613
2021-04-22,-1.0377406,0.46728024,-0.2917987,-0.15030657
2021-04-23,0.06509893,0.9006068,0.021649806,-0.13092457
2021-04-26,-0.42963934,1.4137133,0.5244005,0.047735512
2021-04-27,-0.22175941,0.9920608,-0.18708017,0.020759214
2021-04-28,-0.18176581,0.19308513,-0.86115277,-0.36248732
2021-04-29,0.020394411,-0.20607936,-0.42981872,-0.05998901
2021-04-30,-0.73035604,0.36202422,0.47538522,0.13002492
2021-05-06,0.2956237,1.9519111,1.0395603,0.049299043
2021-05-07,0.13080852,1.0732031,0.3220169,0.046424236
2021-05-10,0.4507788,-0.3949146,-0.22378288,-0.06675974
2021-05-11,-0.48644322,0.53126746,-0.15605976,0.01840083
2021-05-12,-0.36696687,-0.24411984,-0.9762036,-0.19946331
2021-05-13,0.72464186,-1.766183,0.1260647,0.4736171
2021-05-14,0.52452856,0.23392785,-0.06382774,-0.06710659
2021-05-17,0.9264512,1.0801661,0.46343598,0.17232464
2021-05-18,0.10229944,0.19899671,0.10808206,0.15239292
2021-05-19,0.099147595,-2.1007042,0.461727,0.297655
2021-05-20,0.02728311,-0.69070727,0.6207319,0.22580704
2021-05-21,-0.20159104,-0.5000665,-1.1180772,-0.25686467
2021-05-24,0.10675476,0.94183236,-0.375635,-0.04824128
2021-05-25,0.6567791,0.14723632,0.10603168,0.14689948
2021-05-26,0.06490643,0.21414122,-0.017606579,-0.09607933
2021-05-27,-0.4886823,1.3813848,0.2245549,0.021205237
2021-05-28,0.40535125,0.088082455,0.26979992,0.2747394
2021-06-01,-0.8244973,0.97730905,-0.32549128,-0.066788405
2021-06-02,-0.2027997,0.23210958,-0.31202778,-0.23686683
2021-06-03,-0.13121098,-1.436897,-1.0740243,-0.19280688
2021-06-04,-0.4325591,1.47699,0.37375247,0.034635197
2021-06-07,0.2627985,-0.48675695,0.22140414,0.194425
2021-06-08,-0.31427893,0.48374534,-0.4397403,-0.18202178
2021-06-09,-0.05187689,0.1309764,0.13313791,0.04363267
2021-06-10,-0.060567208,0.0065649142,-0.17740679,0.019804262
2021-06-11,0.6951173,-0.46547493,-0.19831204,-0.046418622
2021-06-15,0.24493863,-1.2565899,-0.8125926,-0.10336937
2021-06-16,0.33434638,-0.21516742,0.16820118,0.10526024
2021-06-17,0.5643872,-2.3699384,-1.2053057,0.08109503
2021-06-18,-1.1569334,0.3758789,-0.31073606,-0.25414518
2021-06-21,-0.29390657,1.0464824,0.046246726,0.029625757
2021-06-22,0.3051183,0.35782772,-0.13199349,-0.016277388
2021-06-23,0.05960069,1.2040765,0.33095354,0.113689885
2021-06-24,0.23796007,0.061012838,-0.12139388,0.090990625
2021-06-25,0.78823346,-0.3818009,0.05992329,0.09775668
2021-06-28,-0.9423296,0.587992,0.22637796,-0.03007478
2021-06-29,-0.4362235,0.26947376,-0.6155248,-0.098545186
2021-06-30,-0.9571383,0.6493509,0.22927989,-0.22566277
2021-07-01,-0.1078117,0.038918823,-0.5063451,-0.16651118
2021-07-02,0.4547155,0.55843216,0.11843794,0.12423704
2021-07-06,1.0975174,-1.623424,-0.04679138,0.1751506
2021-07-07,-0.0030162046,0.021419816,0.671404,0.22732726
2021-07-08,-0.083800904,-0.31077313,-0.7868097,-0.12414024
2021-07-09,0.5335463,1.1739959,0.1565688,-0.1911337
2021-07-12,-0.9100909,0.56393874,0.053852063,-0.13643269
2021-07-13,-0.38040727,0.5787925,-0.4413393,-0.14153722
2021-07-14,-0.09936447,-0.11485605,0.8250069,0.21890317
2021-07-15,1.0117162,-0.4711513,0.18563677,0.008247045
2021-07-16,-0.27781755,-0.08426445,-0.62593585,0.07711997
2021-07-19,0.08410133,-2.6444836,0.70689946,0.47669008
2021-07-20,-0.36217475,1.072654,-0.09107574,0.055152595
2021-07-21,-0.1643784,0.96677154,-1.0346563,-0.29621148
2021-07-22,0.49759164,0.90190995,-0.2456505,0.15951164
2021-07-23,0.36926737,0.07184833,-0.3526899,-0.02943777
2021-07-26,0.21438411,1.1663678,0.18778734,0.2772564
2021-07-27,-0.31217813,-0.73416746,-0.5225806,-0.14836095
2021-07-28,-0.32075435,0.48988384,0.22434223,-0.1480374
2021-07-29,0.15422831,1.2882274,0.6682531,0.05810405
2021-07-30,0.19462132,-0.9046762,-0.70316154,-0.10967888
2021-08-02,-0.16555929,-0.6214341,1.0658482,0.14110373
2021-08-03,0.14031862,-0.82143503,-0.2504331,0.041051276
2021-08-04,0.08180075,-1.0100917,0.26833382,0.19148356
2021-08-05,-0.21989396,0.53213334,-0.5095692,-0.039371222
2021-08-06,-0.7983372,-0.7665189,-1.0753808,-0.24000715
2021-08-09,-0.4819134,-1.0759923,-0.74830955,0.0875875
2021-08-10,0.039029602,1.4205235,-0.14116319,-0.12273717
2021-08-11,0.5711955,0.45604074,0.39436856,0.25537175
2021-08-12,-0.50690466,0.14995837,-0.018781083,-0.021256367
2021-08-13,0.21004638,0.6842827,1.067844,0.209761
2021-08-16,0.30496252,-0.6966314,0.36394903,0.6940234
2021-08-17,0.05754868,-1.1345608,-0.30261305,0.07371177
2021-08-18,-0.21152228,-0.74516815,-0.10281692,0.06701937
2021-08-19,0.33197087,-1.9773625,0.34520736,0.39104185
2021-08-20,0.81060165,-0.73802,0.647523,0.14134611
2021-08-23,0.13672507,2.10923,-0.420223,-0.18863906
2021-08-24,-0.29956377,1.5161141,-0.49861556,-0.14935516
2021-08-25,-0.3787003,0.5436846,-1.1114788,-0.23521723
2021-08-26,-0.29858944,-0.5480553,0.035048112,0.1340279
2021-08-27,0.31576297,1.315361,0.4620959,0.09247966
2021-08-31,0.98942447,-0.23040114,-0.15880048,0.37027645
2021-09-01,0.3357183,-1.0521779,0.22204715,-0.06482378
2021-09-02,-0.23164773,0.7247095,-1.0000972,-0.13878193
2021-09-03,0.5312004,0.70888036,1.1089177,0.2487305
2021-09-07,0.32346565,-1.1016902,-0.5465443,0.19884835
2021-09-08,-0.059526127,-0.10649273,-0.79727805,0.02788645
2021-09-09,0.6574782,-0.21217261,0.50971335,0.34608164
2021-09-10,0.056690935,0.8568144,-0.5996833,-0.045314122
2021-09-13,-0.14106612,-0.32968846,-0.66764814,-0.0057131634
2021-09-14,-0.46518,-0.13829836,-0.14830829,-0.04784134
2021-09-15,-0.76554006,1.4327341,-0.39341152,-0.09180173
2021-09-16,-0.27075183,-1.1154218,-1.0809515,-0.12227616
2021-09-17,0.12198016,-0.56712276,-0.1898019,0.08728408
2021-09-22,0.30584675,0.6883221,1.1678566,0.22850122
2021-09-23,-0.23257056,0.73652315,-1.1021066,-0.1603157
2021-09-24,0.12604167,0.39300236,-0.5986362,-0.09733475
2021-09-27,-0.37486097,0.5960172,-1.0133331,0.032393504
2021-09-28,0.19072366,-0.3815144,-0.57380897,0.12329531
2021-09-29,-0.56524247,-0.6230394,-0.9440758,-0.14317021
2021-10-11,0.39281183,2.7822454,-0.1784035,0.0069235587
2021-10-12,0.57342607,-0.4797048,-0.114804104,0.240047
2021-10-13,0.82467437,0.950007,0.7160327,0.2304033
2021-10-14,0.26589873,1.4027016,0.39730042,-0.0594905
2021-10-15,0.21177082,1.0016835,-0.01372813,-0.06589808
2021-10-18,-0.5639752,-0.5640117,-0.038949072,0.00018261882
2021-10-19,-0.26808685,-0.25461075,0.29015046,-0.004580753
2021-10-20,-0.32390118,1.1008477,0.44727755,0.022058737
2021-10-21,0.017722791,-1.950413,-0.09785508,0.12935208
2021-10-22,-0.27653942,0.10340474,0.11557053,-0.1418745
2021-10-25,0.021349128,0.94795185,0.05316379,0.0033442955
2021-10-26,-0.46881256,-0.5448227,-0.8372177,-0.10266695
2021-10-27,-0.3941081,-1.3359021,0.13265629,0.20115702
2021-10-28,0.1317751,0.2885184,0.5792483,-0.06346955
2021-10-29,-0.32784432,-0.2464805,-0.5390907,-0.19545738
2021-11-01,0.2911122,0.35309526,1.3099798,-0.55095357
2021-11-02,-0.13453266,-0.68364996,-0.8099177,-0.05183125
2021-11-03,0.042953562,-1.2604136,-0.08887158,0.23335798
2021-11-04,0.31193355,-0.7174007,1.0115235,0.27816787
2021-11-05,0.327768,0.5679515,0.0010894553,-0.08197748
2021-11-08,0.39490068,0.77185524,0.45713976,0.11797767
2021-11-09,-0.5019632,0.42564732,-0.47376943,-0.28281316
2021-11-10,-0.08750009,0.0147723695,1.3084757,0.103799365
2021-11-11,0.20009851,1.0812486,0.68249965,0.20275182
2021-11-12,-0.080490194,-0.0052448055,0.83826,0.19795594
2021-11-15,-0.29584086,-0.60609066,-0.18995556,-0.059523854
2021-11-16,-0.18147518,-0.3274332,-1.0004696,-0.13090266
2021-11-17,-0.27602124,-0.029356545,0.9942049,0.26336572
2021-11-18,-0.018810773,-0.25419062,-0.52751535,-0.028884484
2021-11-19,0.41512004,-0.40683475,0.8724322,0.39454508
2021-11-22,-0.44363743,0.25316614,-1.0675083,-0.39062798
2021-11-23,-0.6677728,0.18408425,-1.7499417,-0.323628
2021-11-24,0.31746656,0.58814824,0.10727821,0.23947702
2021-11-26,0.22708814,-3.1254778,1.3849033,0.7599225
2021-11-29,0.18597244,0.21550347,-0.504267,-0.23496902
2021-11-30,0.72093076,-2.1130629,0.7173852,0.48624772
2021-12-01,-0.15296313,0.007874965,0.10767476,0.13910098
2021-12-02,-0.77103275,0.14728774,-0.4710619,-0.24616806
2021-12-03,-0.14747737,0.52719545,0.3704931,0.18451774
2021-12-06,-0.16802365,0.92878234,-0.7918393,-0.2996577
2021-12-07,0.20026828,1.1365737,-0.42409137,-0.23411073
2021-12-08,0.41569757,0.5037683,-0.38987914,0.103176095
2021-12-09,-0.11629854,-1.0493199,-0.43535432,0.16761923
2021-12-10,0.04440686,-0.05170464,-0.17905363,-0.004883322
2021-12-13,0.2873873,-0.13021155,0.28876868,0.27767834
2021-12-14,-0.39024115,-0.94214034,-0.42438695,-0.055534605
2021-12-15,-0.15459405,-0.50081754,-0.86994106,-0.17379375
2021-12-16,0.4361178,2.1921663,0.83580726,0.07643403
2021-12-17,0.10434253,-0.45920014,0.8450295,0.24979691
2021-12-20,-0.0014469668,-1.5584353,0.2563079,0.2347968
2021-12-21,-0.17868361,1.9475219,-0.7632375,-0.37762827
2021-12-22,0.14335258,1.7951452,0.44390944,0.00086859835
2021-12-23,-0.15627076,0.6883081,-0.10301861,-0.06153982
2021-12-29,-0.0060672048,0.5386158,-1.1907976,-0.01690789
2021-12-30,0.5381688,-0.12546928,0.17137262,0.08380308
2021-12-31,0.27122003,-0.27846408,0.9466931,0.3586464
2022-01-04,-0.5867632,1.3109336,-0.7100661,-0.27031964
2022-01-05,0.20744868,0.5769429,-0.23596862,0.038417034
2022-01-06,-0.36981413,-0.6765948,-1.7876027,-0.10392398
2022-01-07,-0.06465849,0.41488093,0.30336472,0.26476803
2022-01-10,0.18432476,-0.7357317,-0.23066853,0.19502662
2022-01-11,0.30233333,1.9920332,0.11288208,-0.046224173
2022-01-12,0.27791458,1.1721147,-0.115114726,0.07917372
2022-01-13,0.36889789,-0.6550232,-0.21207888,0.12824963
2022-01-14,-0.30470985,0.18652599,-0.8829888,-0.16240421
2022-01-18,-0.23100586,1.1710013,-0.10306304,-0.05769632
2022-01-19,0.0102162,1.8797616,1.0163707,0.031479586
2022-01-20,0.18068619,1.1484195,0.7409573,0.15290016
2022-01-21,-0.19530402,-0.8248663,-0.53196925,0.07977805
2022-01-24,-0.28652292,-1.3588147,-0.043909255,0.14807536
2022-01-25,-0.121825986,0.98974967,-0.30189276,-0.14987867
2022-01-26,0.02864881,0.8952351,-0.87409174,0.02569556
2022-01-27,-0.1872666,-0.6980683,-1.5215967,-0.24947885
2022-01-28,-0.6831472,-0.2287938,-0.3414715,-0.23567128
2022-02-07,0.11943777,2.1499488,0.08529279,-0.19740756
2022-02-08,0.32147762,-0.5934518,0.9193731,0.30311844
2022-02-09,-0.17168504,1.2994722,0.36488193,0.16552882
2022-02-10,0.41265166,0.120261885,0.17779803,0.100733675
2022-02-11,-0.88915396,-0.18863444,-1.2244283,-0.25969037
2022-02-14,0.1339249,0.8477346,0.20738326,-0.01120163
2022-02-15,0.58785814,-0.9482221,0.20737402,0.19540949
2022-02-16,-0.12537226,1.0654821,0.26147938,0.0054382416
2022-02-17,0.25969526,0.21893896,1.4431331,0.26520795
2022-02-18,-0.23624459,0.18587936,-0.16516058,0.005564586
2022-02-22,-0.7470256,1.4547068,-0.08354893,-0.07369123
2022-02-23,-0.4609861,0.3234351,-0.14315256,0.2150343
2022-02-24,-0.2557387,1.0144379,-0.5973927,-0.048279744
2022-02-25,0.96566594,-1.8657826,-0.44113952,0.24555746
2022-02-28,-1.2018179,1.5059386,-0.5045871,-0.4172581
2022-03-01,-0.39588705,2.978345,-0.49154723,-0.3139518
2022-03-02,-0.2710258,1.8673296,-1.8043823,-0.41822436
2022-03-03,0.35643727,0.88805693,1.0815028,-0.12647244
2022-03-04,0.14248188,2.6659992,-0.4564028,-0.21761799
2022-03-07,0.4685217,1.9395449,0.16376846,-0.05387793
2022-03-16,0.3465694,-3.6102962,1.3373979,0.85738397
2022-03-17,-0.3087506,2.5646677,-1.2935164,-0.77279913
2022-03-18,0.010000172,-0.4322474,-1.060001,-0.3069001
2022-03-21,-0.42918003,1.4820763,-1.2287079,-0.60065883
2022-03-22,-0.43981364,-0.69278514,-1.0360253,-0.17071433
2022-03-23,0.4338977,2.3907955,-0.17580739,-0.11831646
2022-03-24,0.5637893,0.25393942,1.1301833,0.2774396
2022-03-25,-0.42825946,-0.13174199,-0.7775124,-0.28013897
2022-03-28,0.6337329,-2.238748,0.84176874,0.21850927
2022-03-29,0.28331685,-1.9547976,-0.28938156,0.08301892
2022-03-30,-0.07399342,1.8079414,0.25251713,-0.54522645
2022-03-31,0.44194844,-1.358867,1.0290089,0.62524825
2022-04-01,0.5131797,-0.7661438,-0.14628673,0.24520615
2022-04-06,-0.9046705,-0.18415034,0.1429311,0.2602075
2022-04-07,-0.17941575,-0.48440078,0.7770116,0.20463908
2022-04-08,-0.45622712,1.4628255,-0.16640112,-0.11007624
2022-04-11,0.03508631,-1.0677595,0.4836839,0.13223095
2022-04-12,-0.17457707,1.9002266,-0.64569294,-0.32927465
2022-04-13,-0.11402727,1.415328,-0.691972,-0.46177292
2022-04-14,-0.2278493,0.83305895,-1.1746206,-0.36536756
2022-04-19,-0.41044593,-0.303918,0.3501509,-0.030196164
2022-04-20,-0.63073623,0.02446979,-0.5089174,-0.24725766
2022-04-21,0.22633336,-0.0034513942,-0.49797517,0.13834618
2022-04-22,-0.31740186,-1.195069,-0.7195461,-0.021048587
2022-04-25,-0.64518493,-1.8084242,-0.6962432,-0.026129305
2022-04-26,-0.34344813,1.252686,-0.960625,-0.45808166
2022-04-27,-0.2166037,0.8174212,-0.9297761,-0.11470566
2022-04-28,-0.5462234,0.6029601,-0.99679315,-0.39726427
2022-04-29,0.38039643,-0.26216388,0.46299225,0.20088907
2022-05-05,-0.12813038,-1.2639848,-0.4467195,0.010109284
2022-05-06,-0.27824706,-0.8861059,-0.1184197,0.13966307
2022-05-09,-0.0869961,-2.5843878,0.2732285,0.19169702
2022-05-10,-0.32397458,-0.284763,-0.25527674,-0.05876508
2022-05-11,-0.08234744,1.8773807,-0.1844596,-0.17722112
2022-05-12,-0.8870349,-0.8251383,-1.3806363,-0.25882086
2022-05-13,-0.10346404,0.51674867,-0.5884677,-0.22795232
2022-05-16,0.2307049,0.8272261,0.006962956,-0.011845638
2022-05-17,0.30830553,0.4720301,0.9609841,0.24094705
2022-05-18,0.37319967,-1.9714369,0.5306023,0.25923142
2022-05-19,0.609962,1.6957544,0.544408,0.03457945
2022-05-20,-0.07294897,-0.099859744,-0.3312491,-0.011060648
2022-05-23,0.23574808,0.4080628,0.2081437,0.10389031
2022-05-24,0.2858659,-0.39832082,-0.003478234,0.07110545
2022-05-25,-0.14966513,-0.36133343,-0.90986276,0.07686861
2022-05-26,-0.27828175,0.92268497,-0.5587336,-0.1960695
2022-05-27,0.21314572,1.0354142,0.011191031,0.106555976
2022-05-31,0.69560474,-0.34566292,-0.81332564,0.12912424
2022-06-01,0.5363773,-0.16092403,0.22335246,0.018124426
2022-06-06,-0.22848886,2.0953763,-0.47093654,-0.3243531
2022-06-07,-0.3013927,-0.4114568,0.1692649,-0.044098187
2022-06-08,-0.24585065,0.65212506,-0.18767314,-0.23901571
2022-06-09,-0.606402,-0.18948305,-1.0147386,-0.25910273
2022-06-10,-0.008837795,-1.1468465,0.44596612,0.058179956
2022-06-13,-0.28068045,-1.9765143,-0.63370425,0.0736215
2022-06-14,-0.277807,-0.92826706,-0.4941107,-0.11237705
2022-06-15,0.28223407,0.43983686,0.70770586,0.1703644
2022-06-16,-0.25610706,0.057950266,0.51587486,-0.005233723
2022-06-17,0.2506328,-1.9374138,0.7658703,0.41817728
2022-06-21,0.80478334,0.2023251,0.044921502,0.16011462
2022-06-22,-0.088417105,-1.5119835,-0.32426777,0.2254848
2022-06-23,0.3679726,-1.948891,-0.2003974,0.25301588
2022-06-24,-0.36337283,-0.8792993,-0.0881763,0.09077943
2022-06-27,-0.004468913,-0.1734499,0.2838076,0.11443692
2022-06-28,-0.47546992,0.39415509,-0.20416243,-0.15693918
2022-06-29,0.06709572,-0.11981997,0.46424037,0.4434448
2022-06-30,0.013669708,-2.0592268,0.4744158,0.22376896
2022-07-01,0.12869419,-1.3389456,-1.3264529,-0.16492024
2022-07-05,0.5927248,-3.0270677,0.823844,0.6078533
2022-07-06,-0.16551737,-1.1614318,0.4096211,0.20040613
2022-07-07,-0.010562136,2.452919,-0.83657897,-0.5130312
2022-07-08,-0.8351486,0.8110556,0.1677585,-0.27092975
2022-07-11,-0.47570047,-0.4554742,-1.1172036,-0.2742121
2022-07-12,0.83150333,-2.4751318,0.28311345,0.359072
2022-07-13,-0.0007202826,-0.3914415,0.69154745,0.2186152
2022-07-14,-0.15838839,-1.948298,-0.934529,-0.17697261
2022-07-15,1.2937521,-0.1432913,-0.24227187,0.117931165
2022-07-18,0.033905417,2.2502608,0.37040797,0.01676648
2022-07-19,0.2786169,-0.9642544,-0.19729471,-0.023019925
2022-07-20,0.60509986,-0.11396937,-0.15963018,0.16480905
2022-07-21,0.49117517,-1.3474975,0.99664795,0.40838006
2022-07-22,0.6275476,0.4715783,0.15679964,0.097094424
2022-07-25,-0.5794083,0.22683077,-0.80673563,-0.33522493
2022-07-26,-0.5980869,0.76941293,0.15111962,-0.04204238
2022-07-27,-0.060775857,1.2151029,-0.4511611,-0.079777405
2022-07-28,-0.10664708,1.6400634,1.1918613,0.14086632
2022-07-29,0.4452793,1.6983038,0.5526333,0.041758496
2022-08-01,0.527178,-1.9088311,1.7237504,0.55185485
2022-08-02,0.43772316,-0.9121286,-0.2699967,0.024886966
2022-08-03,-0.14365187,-0.98463434,-0.11239773,0.10619502
2022-08-04,0.102731,0.5462383,1.6368513,0.19644204
2022-08-05,-0.12187183,0.10061363,-0.0074675214,-0.13633887
2022-08-08,0.12010869,0.53593785,0.75255,0.16035879
2022-08-09,-0.27949804,1.2496225,-0.6229464,-0.27867126
2022-08-10,-0.009934423,1.4296997,-0.050996743,0.025161745
2022-08-11,-0.15763034,1.3277566,-0.3332399,-0.23849088
2022-08-12,-0.25251445,-0.21933012,-0.032380328,0.1111192
2022-08-15,0.4346577,-1.9375982,-0.12354957,0.3048177
2022-08-16,0.7124704,-0.5651705,-0.05349146,0.13725755
2022-08-17,-0.6286777,-0.3383113,-1.1574678,-0.2894441
2022-08-18,-0.035827693,-0.02928394,-1.0517937,-0.123437025
2022-08-19,-0.52528584,0.42118046,-0.5443866,-0.13879004
2022-08-22,-0.715492,0.07053417,-0.31847903,0.00076204306
2022-08-23,-0.62250435,1.2512404,-0.1483652,-0.12594232
2022-08-24,-0.2995535,0.28985327,-0.46214935,-0.044677664
2022-08-25,0.6173919,0.13619731,0.5715722,0.32754555
2022-08-26,-0.74028474,0.6914148,-0.78903824,-0.31132787
2022-08-30,-0.18693134,-2.1549177,0.038774107,0.18892547
2022-08-31,-0.2050969,-0.8275785,0.1699826,0.29062963
2022-09-01,0.2974196,-2.6211293,0.47802064,0.28790393
2022-09-02,-0.8442248,0.65260464,0.0025840898,-0.073231086
2022-09-06,0.21417859,0.053714164,0.50724053,0.13218085
2022-09-07,0.14802963,-0.7785898,1.2506223,0.17604718
2022-09-08,0.2545744,0.7942863,0.2830628,-0.04288109
2022-09-09,-0.3250589,1.8239391,0.09767563,-0.13452402
2022-09-13,-0.14204736,0.8568032,0.59069705,0.12367762
2022-09-14,0.35963705,-0.74103826,0.094398804,0.0071252896
2022-09-15,0.6598639,-2.0558827,0.4684676,0.3719219
2022-09-16,-0.13642283,0.14975423,0.3298267,0.107109874
2022-09-19,0.014511864,0.1679873,-0.40095395,-0.04975467
2022-09-20,-0.7645738,0.30421048,0.000119982105,-0.10280372
2022-09-21,0.14933258,-0.5777093,0.18975377,0.07499988
2022-09-22,-0.28077438,0.6187331,-0.25864244,-0.03812433
2022-09-23,0.10233977,-2.7973962,0.067340985,0.24977249
2022-09-26,-0.05060804,-1.8371925,-0.35501313,0.25410587
2022-09-27,-0.3133946,0.44948658,-1.150684,-0.28276107
2022-09-28,0.12733926,1.908395,-0.10311272,-0.14633493
2022-09-29,0.20142114,0.5151094,0.53319365,0.23101127
2022-10-10,-0.23096429,2.683179,-1.1109966,-0.8269047
2022-10-11,0.25367212,-0.7617022,0.4751223,0.31178528
2022-10-12,-0.23957379,-0.64861,-0.30735737,0.027206175
2022-10-13,-0.090511404,0.5645097,-0.075577706,-0.1937005
2022-10-14,0.13034211,-1.732949,-0.26677462,0.16688326
2022-10-17,0.06267305,-0.32594115,0.6859387,0.14096066
2022-10-18,-0.11080386,-0.86348385,0.2673222,0.19581966
2022-10-19,-0.38910255,-0.55218375,-0.87935907,-0.2025757
2022-10-20,0.3964636,0.8435058,1.0283946,0.114596814
2022-10-21,0.123914555,0.6995962,0.83543766,0.092296846
2022-10-24,0.15348983,-0.20766024,-0.56448984,0.048345793
2022-10-25,-0.15316318,0.45348617,-0.6155938,-0.21926539
2022-10-26,0.49727064,1.693057,0.21984226,0.073563874
2022-10-27,-0.13334402,-0.21357602,-0.617699,-0.123174526
2022-10-28,-0.6254685,-1.314454,-1.0521493,-0.2971757
2022-10-31,-0.6778683,-0.6521789,0.48039436,0.19568369
2022-11-01,0.2992512,0.1753292,1.814432,0.12499076
2022-11-02,0.3179915,0.68068814,-0.8135079,0.1348908
2022-11-03,-0.2226882,-0.5614637,-0.90406597,-0.28097346
2022-11-04,0.80514765,2.4630358,0.92900187,0.10255954
2022-11-07,0.34000027,-0.5678987,0.6010947,-0.005714671
2022-11-08,0.6323994,0.3613966,1.6640495,0.33726472
2022-11-09,-0.12641785,-1.128281,0.8908392,0.27163765
2022-11-10,0.82443273,1.0801077,0.97362953,0.22381693
2022-11-11,0.3527836,1.5201194,0.537784,0.19938807
2022-11-14,0.24766459,-0.1055173,0.97439325,0.28082716
2022-11-15,-0.3882791,0.3515394,-0.51525295,-0.32733247
2022-11-16,0.15917027,-1.3135859,-0.25821283,0.00033553585
2022-11-17,-0.10160161,-2.1232986,-0.21671838,0.12943149
2022-11-18,-0.1219443,-0.20138359,0.26375985,0.18128335
2022-11-21,-0.4250192,-0.91237855,-0.40654358,0.095908776
2022-11-22,0.39343983,1.1109066,-0.0901641,0.022441754
2022-11-23,0.00035895806,-0.48779637,0.9412543,0.3171992
2022-11-25,-0.007776719,-1.0042659,0.8205015,0.28624994
2022-11-28,-0.33137274,-0.25580347,-0.19694051,0.09126185
2022-11-29,0.21373235,1.0015835,0.16118611,0.10446036
2022-11-30,0.47837573,1.8526039,-0.06638681,-0.27184984
2022-12-01,1.0484432,0.2697558,1.1647217,0.1715744
2022-12-02,0.37963387,-0.64846146,0.94476026,0.30543676
2022-12-05,0.22816707,-1.7962703,0.12589665,0.22236983
2022-12-06,0.20147105,-1.000811,1.0797163,0.38337287
2022-12-07,0.26234934,-0.03501294,1.495456,0.25710803
2022-12-08,-0.07195761,0.21401149,0.18117294,-0.020983502
2022-12-09,0.34907773,0.07785218,0.43943676,0.13921848
2022-12-12,-0.7240946,-0.00898708,-1.297346,-0.3042599
2022-12-13,0.01141587,1.9875903,-0.36982384,-0.2178349
2022-12-14,-0.26833367,0.7345044,-0.95462817,-0.31211758
2022-12-15,-0.41924974,-1.4605774,-0.7842795,-0.08788547
2022-12-16,-0.05056678,-1.0959795,0.8840964,0.1194051
2022-12-19,-0.04377156,-0.29116315,-0.23060067,-0.049404662
2022-12-20,0.18560988,1.4173744,1.2736645,0.20610264
2022-12-21,-0.5122151,0.799264,-0.65518177,-0.33103642
2022-12-22,-0.37269905,-1.0465724,-0.63909286,-0.043081373
2022-12-23,0.043271147,1.5172127,-0.20848103,-0.29024622
2022-12-28,-0.30591756,0.36320132,0.3738419,-0.27137005
2022-12-29,0.25278157,0.24208288,1.0273467,0.17446285
2022-12-30,0.022333885,0.16255996,-0.53493506,-0.26731637
2023-01-03,0.49340045,-1.2397115,1.3891085,0.52160496
2023-01-04,0.26722726,-1.8411757,0.80943024,0.38486615
2023-01-05,-0.23029211,-0.39645928,-0.8974709,-0.24426086
2023-01-06,0.29514602,1.130357,0.9873884,0.007771162
2023-01-09,0.5530856,1.2562776,-0.05735067,-0.06975284
2023-01-10,-0.12841292,-0.011900415,-0.32182673,-0.15276709
2023-01-11,0.1741398,0.7715883,-0.6419826,-0.39580697
2023-01-12,-0.16982202,1.051656,0.2949249,0.17650145
2023-01-13,0.13190866,0.9606002,0.20679277,-0.021483561
2023-01-17,-0.53631103,0.048980195,-0.5817513,-0.05747594
2023-01-18,0.4745212,0.32858434,0.013167094,0.17241323
2023-01-30,0.31374833,-0.32531962,1.387973,-0.053585373
2023-01-31,-0.015889682,0.8643685,0.20178524,0.021447552
2023-02-01,-0.033798326,-1.9132298,0.66603255,0.26239824
2023-02-02,0.1309139,-0.031814337,0.7097304,-0.016312676
2023-02-03,-0.39826056,-2.2840445,-0.4236685,-0.19661511
2023-02-06,-0.40060154,-0.7351999,-0.55935407,0.11881247
2023-02-07,-0.13663776,1.396036,-1.0914284,-0.41291073
2023-02-08,-0.19357887,-0.05338645,0.34100476,-0.21977007
2023-02-09,0.41950676,-0.5265862,0.2671822,0.010103209
2023-02-10,-1.0437654,-0.10485166,-0.94324523,-0.3334638
2023-02-13,-0.03905875,0.10898875,-0.5241122,-0.2529044
2023-02-14,-0.038874876,-0.03081001,-0.09471215,0.18582639
2023-02-15,-0.13812146,-1.1641363,-0.43894553,-0.22171876
2023-02-16,0.1667254,0.3416884,0.9222644,0.16239415
2023-02-17,0.034509752,-0.7864423,0.71731263,0.24816783
2023-02-21,0.2304515,1.5347246,0.6392779,-0.023867274
2023-02-22,0.06608293,-0.9451795,0.45853075,-0.005044358
2023-02-23,-0.1130843,-0.8257884,-0.941757,-0.32575768
2023-02-24,-0.28927106,-0.8694603,-1.3260705,-0.45752078
2023-02-27,0.7184969,0.6776543,0.49914467,0.022396257
2023-02-28,0.48624825,0.3647054,0.06364158,-0.19823526
2023-03-01,0.38966778,0.97356606,-0.5476844,-0.14033104
2023-03-02,-0.5776099,-0.49114135,-0.45802984,-0.20311266
2023-03-03,0.16291142,0.82907605,0.1503425,-0.2161328
2023-03-06,-0.022639938,-0.46843943,0.22218792,-0.0709655
2023-03-07,-0.22670849,-2.054526,-0.48508754,0.043614168
2023-03-08,0.10410159,-0.27934518,0.49681973,-0.058081314
2023-03-09,0.5650124,-0.80776775,0.64524513,0.22387853
2023-03-10,-0.269063,0.46685103,0.23408644,0.026697332
2023-03-13,0.8379433,0.7771556,1.7086887,0.29850242
2023-03-14,-0.13903901,-0.7100896,0.6470172,0.16815753
2023-03-15,-0.067485034,-1.9721882,0.9816885,0.42810187
2023-03-16,-0.3662842,0.6495838,-0.4802531,-0.057184037
2023-03-17,0.35724077,0.54658633,1.2107898,0.22604676
2023-03-20,0.010888367,0.37246984,0.30546042,0.018031815
2023-03-21,-0.075001195,-0.41514218,-1.0990734,-0.2305427
2023-03-22,0.24993683,0.41365173,0.104058675,-0.18511102
2023-03-23,0.6827903,0.21704733,0.982876,0.17447379
2023-03-24,-0.5624727,0.16433276,0.2657936,-0.055985667
2023-03-27,-0.515996,0.8999096,-1.0133405,-0.64151764
2023-03-28,-0.0850325,0.67727846,0.31991333,-0.07635659
2023-03-29,-0.18097831,-0.41207826,0.67824405,-0.22675544
2023-03-30,0.09150878,0.22745559,0.57994515,-0.03171474
2023-03-31,-0.4647273,0.87419,-0.12173734,-0.19967897
2023-04-03,-0.64379305,0.7169113,-1.0432515,-0.16714703
2023-04-04,0.20816468,-0.23649625,1.3003545,0.12667891
2023-04-06,0.1262073,-0.017837562,-0.43840122,-0.12994808
2023-04-11,-0.4289285,0.26391783,-0.18550119,-0.06668461
2023-04-12,0.16834469,0.6520114,0.4199856,-0.14318489
2023-04-13,0.6183154,0.6498739,1.313091,0.19990233
2023-04-14,-0.47466582,-0.24518238,-0.4603052,-0.25212395
2023-04-17,-0.41456926,0.0057496456,0.3569971,0.10038841
2023-04-18,0.36474076,0.8871957,0.7056208,-0.034028683
2023-04-19,0.020878999,-1.0484241,0.6832543,0.19053315
2023-04-20,0.1594396,-1.2443402,0.701204,0.38681507
2023-04-21,-0.11542,-0.609916,-0.4452414,-0.3064597
2023-04-24,-0.008026001,-0.13738424,-0.38604927,-0.1493237
2023-04-25,-0.010398431,-1.6679996,0.17776977,0.1954162
2023-04-26,0.48437572,-0.6973991,0.71632653,0.5226339
2023-04-27,0.5580097,-0.16618934,0.10901756,0.096524544
2023-04-28,-0.33754334,0.9888692,-0.40599176,-0.20795603
2023-05-04,0.07053912,-1.5527098,1.720963,0.5350873
2023-05-05,-0.4649623,1.5800503,-0.80124325,-0.36574656
2023-05-09,0.43864074,0.637673,-0.68591315,-0.18439732
2023-05-10,-0.2579275,-0.8565904,-0.4473081,-0.024898399
2023-05-11,-0.11455553,-1.8218005,-0.73688287,-0.07585329
2023-05-12,0.10168886,-0.5665529,0.1422295,0.15266436
2023-05-15,0.6860926,0.35731825,-0.71079004,-0.15417683
2023-05-16,0.31273565,-1.250091,-0.77388006,-0.037493296
2023-05-17,0.8367616,0.81384134,-0.62024266,-0.0027858175
2023-05-18,-0.0725989,-0.9273449,-0.90143883,0.07145443
2023-05-19,0.6975719,0.23678748,0.6435833,0.5710268
2023-05-22,-0.8207637,0.06792187,-0.41534743,0.029031282
2023-05-23,-0.3494694,-0.6669863,-0.66417193,-0.0065093436
2023-05-24,-0.5408229,-0.5854788,-1.2259171,-0.20253395
2023-05-25,-0.23849499,-0.886363,0.47973546,0.11472355
2023-05-26,0.00953,1.1529161,0.3227818,-0.014634198
2023-05-30,0.8614292,-1.5301481,0.67758304,0.08000889
2023-05-31,-0.16974194,-0.66068333,0.12150346,0.27995902
2023-06-01,-0.04155326,1.4613793,0.7153086,-0.21976843
2023-06-02,-0.7007288,0.5714451,-1.0159388,-0.53840494
2023-06-05,0.1743724,0.2570938,-0.1924047,0.025375307
2023-06-06,-0.16963433,0.3195039,0.21067348,-0.041730717
2023-06-07,0.31501552,0.18861462,-0.8670363,-0.003987648
2023-06-08,-0.12278649,0.7964517,0.5984677,0.38855597
2023-06-09,-0.17197259,-0.031996194,0.30977234,0.13892461
2023-06-12,-0.32265556,-1.4578519,0.32132643,0.1527847
2023-06-13,-0.057780374,0.8687531,-0.6691986,-0.31477752
2023-06-14,0.5475951,0.5177124,0.74655885,0.4383345
2023-06-15,-0.79996765,1.4398592,-0.7735541,-0.5040625
2023-06-16,-0.6900713,0.9807375,-0.3222462,-0.41960987
2023-06-20,-0.550495,-1.5679448,-0.27397704,-0.14197694
2023-06-21,-0.21457587,0.18641452,-0.75096864,-0.41647533
2023-06-26,-0.1304455,-1.7064761,0.057410344,0.23687705
2023-06-27,0.69415474,-0.12954359,0.32224926,0.26155448
2023-06-28,0.7195752,-0.9905544,-0.7441265,-0.01922207
2023-06-29,-0.07250753,-0.13266473,-0.4234594,-0.08276959
2023-06-30,-0.15081722,1.0250787,-0.014059416,-0.22818673
2023-07-03,-0.35094365,0.050313074,0.37478402,0.35630965
2023-07-05,-0.34106812,1.0060462,-0.57392734,-0.4627301
2023-07-06,-0.057118375,-0.8264347,-0.24476683,-0.041196387
2023-07-07,0.36761892,0.59216547,-0.2559683,-0.004932287
2023-07-10,-0.35290962,0.35117775,0.3476838,0.03857162
2023-07-11,-0.052406196,0.538976,-0.5117705,-0.39112878
2023-07-12,1.0431701,1.1541767,0.9269462,0.26369804
2023-07-13,-0.38873237,1.4035445,0.47269034,-0.079134226
2023-07-14,0.03533352,-0.2743964,0.4249247,0.22391634
2023-07-17,0.9900652,-1.6434932,-0.053736527,0.042843603
2023-07-18,-0.50620025,0.5653018,0.078255564,-0.015666788
2023-07-19,-0.7913347,0.42697132,-0.31234083,-0.19275431
2023-07-20,-0.08246649,0.299796,-0.57861125,-0.011931774
2023-07-21,-0.17215861,0.49754766,-0.77425086,-0.2094621
2023-07-24,-0.8726375,1.2517319,-0.35714924,-0.27093568
2023-07-25,0.43719545,0.84305954,0.49482515,-0.0075963764
2023-07-26,0.51891935,-0.42459005,-0.36428565,-0.054073904
2023-07-27,-0.16244288,-0.5697813,-1.0961026,-0.19887312
2023-07-28,0.7841195,0.35379776,0.01929825,-0.019712878
2023-07-31,1.0860437,0.3561574,0.4688822,0.2528259
2023-08-01,-0.3634324,-0.50939536,-0.92485434,-0.18295874
2023-08-02,-0.07499509,-1.6335086,0.06663616,0.2325032
2023-08-03,0.21952222,0.2565933,-0.74853486,-0.0863917
2023-08-04,-0.07620113,0.16243179,-0.13197753,-0.08594909
2023-08-07,0.12122325,-0.58895946,-0.34317988,0.10903977
2023-08-08,-0.5943739,-0.50157386,-1.0460318,-0.31740662
2023-08-09,-0.022897908,0.5836119,-1.177658,-0.3195203
2023-08-10,0.028250126,-0.16958389,0.6538764,0.106475644
2023-08-11,0.050443154,-0.63223594,-0.27813384,-0.033329673
2023-08-14,-0.21805382,-0.9729332,0.1687262,0.0021031206
2023-08-15,0.20686795,-1.5772283,0.040272743,0.5306553
2023-08-16,-0.4986873,-0.16342086,0.16234359,-0.031463217
2023-08-17,-0.1034091,0.47899404,-0.050165728,-0.15845315
2023-08-18,-0.3600543,0.560287,0.07738021,-0.2950093
2023-08-21,0.47773692,-0.05118436,0.59465945,0.23403831
2023-08-22,0.57607794,0.1416371,0.3583551,0.0983101
2023-08-23,0.10188628,1.1608715,1.1603062,0.2838868
2023-08-24,0.048035618,-0.015068943,-0.20362858,-0.14914791
2023-08-25,-0.36863884,0.795311,-0.80020213,-0.30848315
2023-08-29,0.4514,0.472156,0.98460376,0.14676096
2023-08-30,0.50515264,-0.27540037,0.24021223,0.23856348
2023-08-31,-0.12456139,-0.22601785,-0.5326469,-0.15804961
2023-09-01,-0.005132395,0.6601786,0.34145895,0.08003394
2023-09-05,-0.65014553,-0.21699414,-1.2116985,-0.20283273
2023-09-06,-0.46707115,-0.6442187,-0.36922002,-0.20266396
2023-09-07,0.22323929,-0.46681538,-0.33608073,-0.06238988
2023-09-08,-0.15952492,-0.18908063,-0.9250628,-0.19394349
2023-09-11,0.341191,1.2673818,0.1656601,-0.015396277
2023-09-12,0.08104747,-0.19766617,-0.39834058,-0.2325429
2023-09-13,-0.24669448,0.20755373,-0.11317925,0.037999883
2023-09-14,0.22678977,0.62824565,-0.28204185,-0.09710536
2023-09-15,-0.40229085,-0.15281974,0.7345952,0.002091568
2023-09-18,0.5404105,-0.21683386,0.38854405,0.23150837
2023-09-19,-0.11420335,0.31057543,0.018997533,0.05642649
2023-09-20,0.21582393,-0.11218719,0.73382956,0.021827988
2023-09-21,-0.0820993,-1.1373279,-0.89654154,-0.08367495
2023-09-22,0.014411566,0.24483524,0.72958034,0.084029764
2023-09-25,-0.12452689,-0.95150197,-0.24534847,-0.17189108
2023-09-26,-0.17480297,-0.3355438,-0.53809285,-0.020476151
2023-09-27,-0.5110771,0.06924058,-1.4890269,-0.45278332
2023-10-09,0.57243353,-2.3839405,1.4559379,0.67569345
2023-10-10,0.1899027,-0.4681062,-0.10383287,0.016376302
2023-10-11,0.27890697,-0.64242595,0.68299174,0.263511
2023-10-12,-0.78720635,0.13064162,-0.15537398,-0.045976654
2023-10-13,0.16785021,1.7122374,-0.20615709,0.09165356
2023-10-16,-0.058004253,-0.31236658,0.31686524,0.41428015
2023-10-17,0.016430775,0.08895501,0.3639252,0.16116002
2023-10-18,0.069687605,0.5281752,0.10465353,-0.048810385
2023-10-19,-0.17554344,0.034917444,0.31638736,-0.08011552
2023-10-20,0.40672866,0.063907415,0.33762217,0.27073494
2023-10-23,0.29720718,-0.8834049,0.41821468,0.31767434
2023-10-24,0.30003664,-0.5756489,0.6587154,0.2300978
2023-10-25,0.1633813,0.4644289,0.23000397,-0.38133955
2023-10-26,0.023637801,-0.6318604,0.0069869477,-0.04510643
2023-10-27,0.0537964,0.863108,-0.1651854,-0.18462734
2023-10-30,0.55831844,-0.10658998,1.482935,0.21813546
2023-10-31,0.028574059,-0.52617306,-0.4305177,-0.023872757
2023-11-01,0.10731636,-0.58198124,0.10977328,-0.09973576
2023-11-02,-0.13568391,0.7495216,-0.61942977,-0.25357017
2023-11-03,0.20814717,0.19723372,1.208597,0.41001782
2023-11-06,-0.25112733,0.40454817,-0.22068167,0.0065061953
2023-11-07,0.14973566,-1.9659075,0.27528253,0.18659163
2023-11-08,-0.38405532,-0.55743307,0.37684673,0.20163639
2023-11-09,0.25965902,-0.19738843,0.21263993,0.28614917
2023-11-10,-0.50058156,-0.63544965,-1.3980924,-0.41452634
2023-11-13,-0.39930546,1.193244,0.070342526,-0.17501985
2023-11-14,0.31496164,0.91394573,0.8903361,0.08869621
2023-11-15,0.25603682,0.36334214,0.5738471,0.15085338
2023-11-16,0.2466866,-1.4438518,1.2744142,0.4770215
2023-11-17,0.11978602,0.26073644,-0.8727616,-0.3024899
2023-11-20,-0.19566658,1.2431707,-0.22697076,-0.10789947
2023-11-21,-0.17747429,0.6250756,0.5221819,-0.0010763336
2023-11-22,-0.08886908,-1.0102352,-0.36492112,-0.09991202
2023-11-24,0.6815645,-0.42254913,0.89713997,0.25406495
2023-11-27,0.062274408,-0.39973083,0.18596204,0.29563734
2023-11-28,-0.04595876,1.3948952,0.43105736,-0.21871702
2023-11-29,-0.22348242,0.123785846,0.14396413,-0.42186746
2023-11-30,-0.2465137,-0.42632902,0.35350984,0.23781314
2023-12-01,0.5632834,-0.3434905,1.172876,0.27518848
2023-12-04,-0.55020183,-1.3723923,-0.7845107,-0.1514854
2023-12-05,-0.349434,-0.98610854,-0.24459904,-0.09498785
2023-12-06,0.19052252,-1.5684241,0.65047485,0.096989505
2023-12-07,-0.38310233,0.6675437,0.24572203,-0.0024984062
2023-12-08,-0.03723839,0.03019795,-1.0782516,-0.33684212
2023-12-11,-0.14812368,-0.28723735,-0.5651546,-0.06263492
2023-12-12,0.08735606,-0.53486127,1.0682403,0.095988564
2023-12-13,0.50429946,-0.43115354,-0.28593218,0.16192022
2023-12-14,0.7063454,1.9829596,1.0026422,0.14728452
2023-12-15,-0.611001,0.6415037,-0.42383906,-0.18337806
2023-12-18,0.05049992,0.18788214,-0.6310983,-0.06312963
2023-12-19,0.21896532,0.7370062,0.021263316,-0.07297127
2023-12-20,0.21431495,-0.25782618,-0.0006522475,-0.17987041
2023-12-21,0.21700099,-0.4590063,0.20476966,0.10416643
2023-12-22,0.369561,0.4048543,0.61177796,0.17411993
2023-12-27,0.18886732,1.0070866,0.88080657,-0.004178456
2023-12-28,0.03192195,-0.48333156,0.80616146,0.26638877
2023-12-29,0.08696932,-0.83339226,-0.35960603,-0.11347163
