date,F1,F2,F3,F4
2013-10-21,-0.013692382,0.102769695,0.8513855,0.20650667
2013-10-22,0.81505823,0.80355924,1.6539544,-0.1114365
2013-10-23,-0.99236727,-1.4026045,0.22099441,0.08070876
2013-10-24,0.95291454,0.31639296,0.6542291,0.30891916
2013-10-25,0.64569795,0.06303779,-0.16155213,0.24279459
2013-10-28,1.5284647,0.27073202,-0.655622,0.2887103
2013-10-29,-0.38046175,-0.30147824,-0.13283187,0.0934444
2013-10-30,0.45193958,0.8906881,0.5504765,0.12523471
2013-10-31,-0.073753744,-1.6471059,-1.3272399,0.2578388
2013-11-01,-0.044608746,-1.0266992,0.8905546,0.7439591
2013-11-04,-0.05930394,-0.8561235,0.058260035,0.11061335
2013-11-05,0.3125266,-0.4448831,-0.01735676,0.37200978
2013-11-06,0.5413431,0.13948692,-0.022116816,0.08961722
2013-11-07,-0.39004394,-0.60471886,0.34979147,0.2736413
2013-11-08,-0.7565374,-0.24852338,-1.3887136,-0.28103107
2013-11-11,-0.5722792,0.021042302,-0.75634754,-0.10108885
2013-11-12,-0.3262473,-0.6138517,-0.2760667,0.22341132
2013-11-13,0.002298948,-0.5157511,-0.92154545,-0.030046007
2013-11-14,0.5782663,0.43228427,0.2950638,-0.18916653
2013-11-15,1.2482809,0.064934686,-0.05622941,0.5723828
2013-11-18,0.13050571,-1.1108559,-0.7831543,0.3292077
2013-11-19,0.02120503,0.2100647,0.55453056,0.2522934
2013-11-20,-0.22171625,-0.3360922,-1.2860252,0.03418771
2013-11-21,-0.9901878,0.5361267,-1.3161252,-0.42738596
2013-11-22,-0.105559975,0.1595174,-0.1547125,-0.08626317
2013-11-25,-0.46720147,-0.19626671,0.32320833,0.116825014
2013-11-26,0.37058434,-0.26852784,-0.266388,0.052922506
2013-11-27,-0.006982115,-0.84240305,-0.45513415,0.05484326
2013-11-29,0.17289011,0.9219162,1.0891662,-0.05272661
2013-12-02,-0.12643139,-1.0447177,-1.7242906,0.18942025
2013-12-03,-0.31619287,0.015599907,-0.68791807,-0.0070083146
2013-12-04,0.47507212,1.5163465,1.5839136,-0.029437916
2013-12-06,0.19285488,-0.47808534,-0.9901774,0.2952395
2013-12-09,-0.11735189,0.45040154,1.2025068,0.08021353
2013-12-10,0.80154645,1.1782016,1.2500864,0.2928384
2013-12-11,-0.22751966,0.4299394,0.12673064,0.04773849
2013-12-12,0.81488395,-1.443784,-1.3448375,0.5105393
2013-12-13,0.9894722,0.32342863,0.6654294,0.6060895
2013-12-16,-0.32375848,1.1717112,-0.059520636,0.93612874
2013-12-18,0.74103105,-0.6491047,-0.4082197,-0.08996563
2013-12-19,-0.83714336,-0.84751105,-2.123914,-0.16701931
2013-12-20,0.043573454,1.3138335,0.49857625,-0.22329275
2013-12-23,0.5587514,-0.61239064,-0.23479292,0.15038446
2013-12-24,0.4698107,0.5421799,0.2639501,-0.105071895
2013-12-27,0.94952494,1.5983791,0.79986054,-0.06043143
2013-12-30,0.28718033,-1.2269214,-0.4483317,0.35325348
2013-12-31,-0.07910874,-0.8467609,-0.058672342,-0.1794405
2014-01-02,0.9018959,0.13737227,2.1067142,0.2016653
2014-01-03,-0.67890745,-0.66823024,1.2575547,-0.16340196
2014-01-06,-0.40670732,-0.098365046,0.23903634,-0.38148215
2014-01-07,0.15096644,-0.17896156,-0.8201215,0.32408223
2014-01-08,0.7151594,-0.8210286,-0.050085094,0.30151567
2014-01-09,0.029406447,-0.7846993,0.5125132,0.18889046
2014-01-10,-0.37501353,1.5820028,1.0764116,-0.21823435
2014-01-13,0.39905304,0.78101605,0.4601752,0.9315999
2014-01-14,-0.2886495,-0.03797874,-0.31349397,0.31586605
2014-01-15,1.1713508,0.27004486,-0.71356046,0.07677811
2014-01-16,-0.5132158,0.082120426,0.4492018,-0.49942473
2014-01-17,1.0340599,0.6384199,0.38641277,0.24375603
2014-01-21,0.5553891,-0.51375467,-0.77922565,0.08841175
2014-01-22,0.24035387,0.015443245,-0.8055003,-0.2737594
2014-01-23,-0.59915715,-0.14113866,0.62313294,-0.070627205
2014-01-24,-0.09436446,-0.45394942,-0.8687156,0.2482869
2014-01-27,-0.041848272,-1.0109833,0.5762109,0.57197964
2014-01-28,-0.40645894,-0.10429037,-1.1472672,-0.034287024
2014-01-29,1.3896424,0.024118269,-0.5891747,0.6111854
2014-02-10,-2.5295177,0.8423622,0.61540514,-0.958755
2014-02-11,0.17351179,0.30523673,0.13266122,-0.06451159
2014-02-12,0.53272194,1.0182916,0.6502893,0.3273409
2014-02-13,-0.40975165,0.1963987,-0.04510389,-0.12872882
2014-02-14,0.39422056,1.1511943,1.1908942,0.13760632
2014-02-18,-1.0891742,1.6524692,0.22575583,-0.6361271
2014-02-19,-0.68202716,0.54274607,-0.252786,0.08337901
2014-02-20,-0.29754096,-0.36620054,-0.4943657,0.003789804
2014-02-21,-0.03489711,0.16511828,0.9481533,0.09532752
2014-02-24,-0.82118493,0.54001766,1.1175681,-0.31478885
2014-02-25,-0.4976409,-0.20019607,0.67964363,-0.031874724
2014-02-26,-0.19720116,-0.5488813,-1.1473567,0.17442174
2014-02-27,0.9324551,-0.02177379,0.7617518,0.10213331
2014-02-28,-0.8275073,0.004389302,-0.5024404,-0.41524887
2014-03-03,-1.4332172,1.1565092,0.19435778,-0.34362012
2014-03-04,-0.6077725,0.44640002,0.54444844,-0.31611848
2014-03-05,-0.5054604,0.056695085,1.1364393,0.3385563
2014-03-06,-0.90001917,0.83828324,0.7710454,-0.31854114
2014-03-07,-0.75800955,-1.0406138,-1.3139753,-0.23779283
2014-03-10,1.0407711,-0.7480535,0.47311977,0.10030999
2014-03-11,-0.9521558,-0.72974706,0.017573941,-0.4318463
2014-03-12,0.06380755,0.314267,1.4645398,0.20809218
2014-03-13,-0.10827255,-0.5212905,0.3185345,0.16270326
2014-03-14,1.3006703,0.062242735,-0.4231136,-0.009232557
2014-03-17,-0.5678554,-0.8086936,0.5207768,0.16192766
2014-03-18,-1.2572746,0.22098671,-0.519534,-1.0822792
2014-03-19,-0.7250039,-0.42884436,0.0041222796,-0.72707397
2014-03-20,0.450709,-1.5119872,-0.98750836,0.28600827
2014-03-21,1.0222294,0.19259213,-0.092831686,0.37444976
2014-03-24,-1.5179135,-0.4002334,-0.45411286,-0.21465431
2014-03-25,0.7162737,0.73534566,-0.070409626,0.15933095
2014-03-26,-0.24287592,-0.82384104,-0.68761945,-0.13097347
2014-03-27,-0.7253055,0.325393,-0.72741324,-0.44641837
2014-03-28,0.31799647,0.4682834,0.14358953,0.27378827
2014-03-31,-0.83117276,-0.01584985,0.40233433,-0.006318796
2014-04-01,-0.4533133,-0.2822469,0.69481,0.23925397
2014-04-02,1.7064042,0.22572209,0.6259977,0.5788043
2014-04-03,-0.7666414,0.4200981,-0.77810514,-0.3228343
2014-04-04,0.1575119,0.81608725,0.5515332,0.3569612
2014-04-08,-0.5337237,0.83442634,-0.09116571,-0.08368769
2014-04-09,0.13919067,0.33432144,-0.64605623,0.062222246
2014-04-10,0.9718912,0.87389827,0.9239969,0.54227346
2014-04-11,0.7811688,-0.41584888,-0.2547176,0.2165383
2014-04-14,-0.6338218,0.80776745,0.22382729,-0.41121694
2014-04-15,-1.2049911,-1.1109589,-1.2014447,-0.22502871
2014-04-16,0.365738,0.7010262,0.17065664,-0.13827933
2014-04-17,0.015153044,-0.07995018,-0.29807186,0.039101314
2014-04-22,0.7551649,-0.14858454,-0.34116468,0.7218795
2014-04-23,-0.64488333,0.038089707,0.5795627,-0.27560622
2014-04-24,0.24969803,0.7597241,0.30715728,0.015464811
2014-04-25,-1.0385252,-0.16419303,0.9136304,-0.30723706
2014-04-28,-0.1447968,-0.77880853,0.02136164,-0.058211546
2014-04-29,-1.345363,0.24569051,-0.20991777,-0.38575166
2014-04-30,-0.42951,-1.0425876,0.47109318,-0.060731154
2014-05-06,0.5807873,-0.026479237,1.4477923,0.77355784
2014-05-07,0.0052295406,-0.8214171,-1.3579973,0.23869957
2014-05-08,-0.28496084,0.27217084,0.3372647,-0.09521933
2014-05-09,0.5137942,-0.22441606,0.0059221517,0.065879226
2014-05-12,1.1196342,1.3643262,0.7478978,0.38990647
2014-05-13,-0.95153046,0.223036,-0.061838586,-0.18617162
2014-05-14,1.2490429,0.8116049,0.15426703,0.1622929
2014-05-15,0.764486,-1.1009804,-0.98108506,0.31902608
2014-05-16,0.79093933,-0.38893947,-0.35749933,0.18139982
2014-05-19,0.8024036,0.4277179,0.36879566,0.041491106
2014-05-20,0.50533605,-0.20633441,-0.058581468,0.51915383
2014-05-21,-0.6782773,-0.15238753,-0.6161357,-0.26054445
2014-05-22,0.1804831,0.7227842,0.75313634,0.3863962
2014-05-23,0.3238764,-0.072564736,-0.3599233,0.4956172
2014-05-27,1.120647,-1.0289915,-0.7896095,0.5724316
2014-05-28,-0.103326455,-0.34089902,-0.10487492,0.40492076
2014-05-29,-0.16731472,-0.12973541,-0.2595765,-0.083928674
2014-05-30,0.6149878,-1.0286506,-0.21563917,0.4277355
2014-06-03,1.3499509,-0.29367653,0.0147619285,0.37615108
2014-06-04,-0.43450072,-0.39392933,0.067818865,0.093701854
2014-06-05,1.3536031,0.28719813,0.17560337,0.20260821
2014-06-06,-1.0970873,0.26567093,0.1905725,-0.3415263
2014-06-09,0.7758113,0.41966298,-0.3505446,-0.44389576
2014-06-10,0.54015386,0.01946351,0.65615046,-0.0019685614
2014-06-11,1.0213823,-0.56298697,-0.4680198,0.53634125
2014-06-12,0.18227066,-0.04038565,-1.0045891,-0.11191496
2014-06-13,-1.0419047,0.7171957,0.078100175,-0.4978422
2014-06-16,0.9494308,0.46912873,0.17926604,-0.023556974
2014-06-17,0.74655133,0.42731735,-0.101592205,0.11674749
2014-06-18,-0.94807744,0.35681024,0.25924188,-0.60915524
2014-06-19,-0.12567131,1.3974313,1.6418387,-0.24841613
2014-06-20,0.2950612,0.39468324,0.32453808,0.39938036
2014-06-23,0.48747632,0.010821009,0.44036478,0.28890765
2014-06-24,0.68004924,-0.16263533,0.105150126,0.1546001
2014-06-25,0.14628969,0.30765498,0.50167066,0.32995734
2014-06-26,-0.4892217,-0.25385553,0.35195214,-0.17471357
2014-06-27,0.535011,-0.47928017,0.008039914,0.23086298
2014-06-30,2.2079964,-0.21775994,-0.14240772,0.56463313
2014-07-01,-0.19170995,0.08557691,0.7902586,0.07490787
2014-07-02,1.311856,0.74838465,0.7023193,0.53850305
2014-07-03,-0.11959887,-0.32614112,-0.050867796,-0.32066464
2014-07-07,1.2731235,-1.0288994,-0.20529875,0.6547562
2014-07-08,0.820147,-0.079823956,0.48079216,0.52038527
2014-07-09,0.87006676,-0.3426225,0.56856036,0.7760529
2014-07-10,0.6727701,-0.18277173,0.3807776,0.61217195
2014-07-11,1.53751,-0.47224405,0.22739556,0.76930493
2014-07-14,-0.36740157,-0.68923557,-1.3417313,-0.032620445
2014-07-15,2.233866,-0.69847524,-0.42426446,0.8217625
2014-07-16,-0.3151095,0.08211865,-0.111086346,0.3722483
2014-07-17,0.29988357,0.7200772,0.74550647,-0.16410097
2014-07-18,0.3800826,-0.6369004,-0.5338503,0.37783423
2014-07-21,1.11954,0.70232975,0.14671907,0.14194049
2014-07-22,0.69769496,0.08055842,-0.040279564,-0.106366314
2014-07-23,-0.8026553,0.055273525,-0.0119656315,0.16018414
2014-07-24,0.1754227,-0.3834332,-0.45623317,0.3766835
2014-07-25,-0.37772226,0.21314026,0.2559365,-0.35309827
2014-07-28,-0.6384067,0.21729966,0.35793555,0.14949255
2014-07-29,0.9840301,-0.87194586,-0.61752707,0.5800802
2014-07-30,0.27429414,0.32025027,0.56128085,0.3489661
2014-07-31,-0.47954318,-0.8722147,-0.32729587,0.36855724
2014-08-01,0.26097026,-0.72847265,0.8262788,0.23959781
2014-08-04,-0.68389523,0.794221,0.06441266,-0.2667578
2014-08-05,0.29907027,-1.107624,-0.3283097,0.3914244
2014-08-06,-1.1841545,0.70899284,0.7049259,-0.32944804
2014-08-07,0.6155722,-0.012179452,-0.11961042,0.4718356
2014-08-08,0.22216685,-0.40256515,-0.109524265,0.459671
2014-08-11,-0.76484597,0.37728712,0.31340772,-0.030631788
2014-08-12,0.8449752,-0.5878757,0.21004988,0.85306835
2014-08-13,0.4768828,-0.6695317,-0.40785858,0.38381627
2014-08-14,0.2574905,-0.9344473,0.9536447,0.37879387
2014-08-15,1.1869212,-0.5066919,-0.6904481,0.8794879
2014-08-18,0.2073535,-0.4287268,0.544362,0.28750414
2014-08-19,0.06301878,-0.37663484,-0.3715281,0.24151576
2014-08-20,0.7235499,1.2480847,0.015261159,0.24891531
2014-08-21,-0.8902357,-0.26334986,-0.67885834,-0.26831225
2014-08-22,-0.6557461,-0.039238203,0.50670207,-0.36472282
2014-08-26,2.0056026,0.12744129,-0.37658703,0.4710838
2014-08-27,-0.17466597,-0.09171385,-0.061111093,0.19247222
2014-08-28,-0.37135604,-0.14917773,0.22163256,-0.015127014
2014-08-29,0.6441193,0.13597587,-0.39112428,-0.27703878
2014-09-02,-0.5392297,-1.1151431,0.8337754,0.7347715
2014-09-03,1.9610659,0.039497815,-0.74214756,0.013929449
2014-09-04,1.0108811,0.05243697,0.17571881,0.34596267
2014-09-05,-1.3590406,-0.058959972,0.6554567,-0.558001
2014-09-09,0.5635347,-1.866072,-0.81382394,0.2841046
2014-09-10,0.2508131,-0.6761489,0.27913442,0.103688106
2014-09-11,0.57243335,-0.88448375,-0.7439684,0.36918062
2014-09-12,-0.47021967,-0.11601585,0.016130822,0.16730925
2014-09-15,0.71763796,-0.8828932,-0.54725003,0.6716806
2014-09-16,0.9646998,1.193172,-0.14353728,0.34142935
2014-09-17,-0.4917526,-0.1307325,-0.03692042,-0.17528659
2014-09-18,0.8158753,-1.5563576,-0.18802956,0.8618493
2014-09-19,1.2067511,-0.9771041,-1.0490975,0.41663888
2014-09-22,-0.13502422,-1.0039921,0.23265885,0.29597184
2014-09-23,0.5384353,-0.01580674,0.07308352,0.15857743
2014-09-24,-0.5993707,0.6619416,-0.27679893,0.20380229
2014-09-25,0.6911528,-0.5429311,-0.7312705,0.16033305
2014-09-26,0.06934827,-0.29351467,-0.20164382,0.02664631
2014-09-29,-0.7058284,0.9030849,0.0559149,-0.39131236
2014-09-30,0.600269,-1.7336988,0.32800975,0.83961535
2014-10-08,-2.292449,0.53895164,0.93661976,-0.6657145
2014-10-09,0.5732332,0.47186235,1.4546065,0.6184205
2014-10-10,1.1473061,-0.89611804,-0.54400545,0.2872335
2014-10-13,-1.4859519,0.5466006,0.6806296,-0.6039238
2014-10-14,-1.0273253,-0.14217867,1.7141011,0.10985656
2014-10-15,0.46946585,-1.6466163,0.19672562,1.0350236
2014-10-16,-1.5340608,-0.17758188,-0.61888057,-0.57443964
2014-10-17,1.3815807,0.59521073,-0.28858057,0.24303143
2014-10-20,0.095584676,-0.42422372,0.30961174,0.6241216
2014-10-21,-0.66212434,0.9163547,0.38804412,-0.016657814
2014-10-22,0.13828708,-0.5639077,0.17220075,0.15337013
2014-10-23,-1.2728966,0.15509693,-1.1570122,-0.45683938
2014-10-24,1.0776094,-0.5918887,0.27007163,0.4912927
2014-10-27,-1.1122869,0.06920195,0.28275874,-0.16275503
2014-10-28,-0.20655444,1.0642871,0.24662878,-0.20215525
2014-10-29,-1.4226003,1.2122304,-0.2915473,-0.5238909
2014-10-30,0.17719693,-1.5439254,-1.1695428,0.48463854
2014-10-31,-0.84145886,-0.56679076,-0.94752437,0.06808111
2014-11-03,0.8350988,-0.4560841,0.6575464,0.57497245
2014-11-04,0.9660777,-1.9665148,0.123505734,0.9061384
2014-11-05,-0.6655972,-0.7924072,-1.5197635,0.095160685
2014-11-06,0.24346061,0.116327256,-0.43244845,0.14240655
2014-11-07,0.840384,1.0161952,0.7409408,-0.09693699
2014-11-10,-0.27390063,-0.8872934,0.0927769,0.30142146
2014-11-11,-1.4982281,0.71540207,0.61164147,-0.4643232
2014-11-12,-0.19474588,-0.28274423,0.44163713,0.00018352193
2014-11-13,-0.94051313,-1.2042919,1.4317497,0.2167531
2014-11-14,1.4789672,1.3515664,0.6366311,0.22274582
2014-11-17,0.4532851,-0.5616911,-0.36258513,-0.40134925
2014-11-18,0.60631126,-0.23661567,0.64798987,0.4384935
2014-11-19,1.3613027,0.30031428,0.123707294,0.5329691
2014-11-20,-1.2996995,0.05708742,-0.1771825,-0.4088067
2014-11-21,0.12989539,1.3627124,0.5383257,-0.25130367
2014-11-24,0.011580006,-0.61948484,0.012250237,0.38836676
2014-11-25,-1.3368499,0.09642593,0.7674253,-0.25118932
2014-11-26,-0.37732738,0.14909793,0.091597326,0.06608022
2014-11-28,0.2854852,-3.240667,0.8332569,1.0212032
2014-12-01,0.37308714,1.7513046,2.0467465,-0.38695613
2014-12-02,1.0163285,-2.1713645,0.100030676,0.6701205
2014-12-03,0.16554481,0.042032298,0.56071675,0.4882178
2014-12-04,-0.17588416,0.7368956,1.0440392,0.31629193
2014-12-05,-1.4187223,-0.8310098,-0.65398294,0.12173705
2014-12-08,-0.26567948,-1.0809413,1.7109947,0.5891722
2014-12-09,0.528878,1.5521349,1.3565615,0.0962622
2014-12-10,0.0499476,-1.5455277,1.2702342,0.7217776
2014-12-11,-0.9207733,-0.03010545,0.25336337,-0.1587307
2014-12-12,-0.65003926,-0.61900586,0.8463214,0.40734056
2014-12-15,-1.3488343,-1.04773,-0.55511767,0.26898804
2014-12-16,-0.0070280777,-1.9270619,-0.6011689,0.47611088
2014-12-17,-0.5967088,0.34432766,-0.38383052,-0.37374392
2014-12-18,-0.6450369,-0.68164605,1.461395,-0.43400034
2014-12-19,0.9341708,0.5246508,-0.3031749,-1.0115871
2014-12-22,-0.5650277,-1.1800841,-0.16423967,-0.010346237
2014-12-23,-0.25738665,0.35693642,-0.84072965,-0.81297296
2014-12-24,0.7488199,-1.3989284,0.86751664,0.26976442
2014-12-29,-0.77700037,-0.61857253,1.5240524,-0.03407989
2014-12-30,1.0761075,0.90948915,1.1364806,0.1785993
2014-12-31,1.0060695,-1.8320384,-0.3370386,0.74254596
2015-01-05,-0.57038045,-0.50648,2.2405195,0.055993434
2015-01-06,-0.5473926,0.22671786,1.7032986,0.2607296
2015-01-07,0.49418023,-0.4467953,-0.016140444,0.46780208
2015-01-08,0.6177057,0.4332797,-0.22286476,0.4090811
2015-01-09,-0.56727374,-0.43780956,0.9831235,0.03753081
2015-01-12,0.9046739,-1.3534372,1.6264412,0.8134849
2015-01-13,1.0256379,-0.9487896,0.6007246,0.8980498
2015-01-14,0.22196667,-0.45416874,-2.1413245,0.17477262
2015-01-15,0.22388725,0.7727071,1.8724751,0.2757066
2015-01-16,0.25536704,2.1089368,-0.033108603,0.15158038
2015-01-20,-0.08425047,-0.43129206,1.8162892,0.6570489
2015-01-21,0.9613647,0.8772913,-0.45198482,0.06654735
2015-01-22,0.74275947,-0.51365423,0.6243568,0.6377802
2015-01-23,-0.2521825,-1.2642447,-0.9738705,0.7075976
2015-01-26,0.46264094,0.15080175,0.23278415,0.22213317
2015-01-27,0.48833036,-0.07826684,-0.68859154,-0.032448556
2015-01-28,1.3651896,-0.48244986,0.3524448,0.7242405
2015-01-29,-0.2765898,-1.9289342,-1.6691871,0.3851142
2015-01-30,1.1207978,2.2723079,-0.49497893,-0.43447214
2015-02-02,0.6202272,1.0167887,-2.0791395,-0.2286617
2015-02-03,-1.165259,1.7165681,-1.5336436,-1.1698786
2015-02-04,0.24233726,-1.4092952,1.9725219,1.0022017
2015-02-05,-0.83477026,0.95326465,-1.2375302,-0.682888
2015-02-06,-0.31535813,-0.35815668,-2.0481331,-0.22601165
2015-02-09,-0.62449634,1.0134118,-0.24839205,-0.25320023
2015-02-10,0.49892986,-2.0558546,0.21596676,0.66233957
2015-02-11,-0.48477277,-0.80702746,0.0010715968,0.29706717
2015-02-12,0.3282735,1.6264614,-1.1676776,-0.41639128
2015-02-13,-0.31718814,1.4439445,-1.0599446,-0.660528
2015-02-25,1.6314386,-1.3491375,-1.7552161,0.788809
2015-02-26,-0.34272304,0.46762666,1.242236,0.15576558
2015-02-27,-0.67140037,1.0231299,-1.4643736,-0.44091758
2015-03-02,1.2262006,-1.4619347,0.7786807,1.0199512
2015-03-03,-0.2829406,-0.5253943,-1.074884,-0.06630901
2015-03-04,0.88085747,-0.2749485,0.031094499,0.16309099
2015-03-05,0.5710321,-0.47833183,0.2888626,0.7403657
2015-03-06,-0.4499564,-1.2254815,-0.8878861,0.035622995
2015-03-09,-0.31860095,-0.13374986,0.8069755,0.06356195
2015-03-10,-0.22735447,-1.8406522,0.32923615,0.44622025
2015-03-11,-0.716965,-0.6327318,-1.081731,0.11336562
2015-03-12,0.06214127,0.12825462,1.170894,0.15063305
2015-03-13,1.2120762,-1.2778686,1.3474921,1.1567999
2015-03-16,-0.6775519,0.49901792,0.16037259,1.0809281
2015-03-17,1.4087982,-0.67579585,-0.54626024,0.80091536
2015-03-18,-0.9792813,0.53995997,-1.4964992,-0.81102777
2015-03-19,0.7920414,1.0363215,1.9661992,0.015635332
2015-03-20,-0.3492448,2.1785,1.1754332,-0.48246822
2015-03-23,-0.59441966,0.71123683,0.04102419,-0.96127135
2015-03-24,0.38154283,-0.47791627,0.22004196,0.41718045
2015-03-25,-0.09203773,0.35987592,-0.7536254,0.012293442
2015-03-26,1.315018,1.1020645,-0.9577494,0.018912211
2015-03-27,-0.26433927,-1.6300999,1.1462314,0.48944974
2015-03-30,-0.6003507,-1.083646,-0.30282483,-0.5682242
2015-03-31,1.3477615,-0.9384714,0.21499766,0.5425606
2015-04-01,-0.6299111,1.7809755,0.54921365,-0.68220603
2015-04-02,-1.0324185,-0.27707124,1.0621805,-0.061532658
2015-04-07,1.1460558,1.6624744,-1.672595,-0.19096361
2015-04-08,0.09435293,-1.7997766,1.4490534,1.0447667
2015-04-09,0.78386223,-0.37679428,-1.0116574,0.49089313
2015-04-10,0.40455708,0.9985151,-0.030088188,0.15712059
2015-04-13,1.1736796,-0.38327476,-0.8336488,0.45864695
2015-04-14,-0.5566729,0.31136227,-0.90011585,-0.26838884
2015-04-15,0.41710988,1.5510899,-1.4642973,-0.41083744
2015-04-16,0.56980413,1.0111712,-0.45239112,0.86300576
2015-04-17,-0.3213809,-0.3507734,0.3972686,0.70448077
2015-04-20,-0.45428345,-0.8982041,-0.7197008,0.33181113
2015-04-21,0.5226417,-0.25030828,0.9703752,0.5379149
2015-04-22,-0.13296981,-0.38289553,-1.3506458,0.009833812
2015-04-23,-0.40021917,0.9562944,-0.8616972,-1.0623245
2015-04-24,1.3254114,0.36107886,-0.60672414,0.27713707
2015-04-27,1.1460401,1.5051601,1.3519678,0.43528318
2015-04-28,0.07282494,0.55208784,0.7571647,0.09734131
2015-04-29,-0.5180372,0.6776923,-0.5986345,-0.8299867
2015-04-30,0.9712177,0.36377147,-1.5478114,0.2563464
2015-05-05,0.44869658,1.7499608,0.2858814,0.25517833
2015-05-06,-1.2050576,-0.85378486,-0.32412285,-0.09107535
2015-05-07,0.59764916,-1.5254823,0.75555426,0.34619784
2015-05-08,-0.82126534,0.6171032,0.75076777,-0.49414483
2015-05-11,-0.5905542,-0.78406507,-0.22401349,0.2228687
2015-05-12,1.2413551,1.1771774,-0.33734015,-0.13631275
2015-05-13,0.42988312,0.70297736,1.0754744,-0.018826986
2015-05-14,-0.7541727,0.042096004,0.5021687,-0.32115838
2015-05-15,-0.51508576,0.058756392,0.43731803,-0.17948008
2015-05-18,-0.65792346,-0.3172563,0.53960156,0.48590335
2015-05-19,0.35493785,-2.5666983,-0.30527884,0.6595138
2015-05-20,0.34774044,-0.03889683,-0.647072,-0.19416113
2015-05-21,-0.35289952,0.28681052,-1.2507757,-0.53108513
2015-05-22,0.977593,-1.2936147,0.31092927,0.8694022
2015-05-26,0.64688927,-1.4932255,0.050406046,0.8143756
2015-05-27,0.59309995,-1.0230551,0.79444927,-0.017026717
2015-05-28,-0.09107046,0.5431251,-0.13523595,0.018780818
2015-05-29,-0.45803905,0.5428022,-1.9664878,-0.32724306
2015-06-01,-1.1665161,0.16483124,0.77251345,-0.4427194
2015-06-02,-1.1267594,0.7199663,-0.025334777,-0.2315656
2015-06-03,0.04956436,-0.82798356,0.3257871,0.5270124
2015-06-04,-1.3701147,-1.1711965,0.54867697,-0.0150817875
2015-06-05,0.5543002,0.006315155,-1.0104932,0.1571423
2015-06-08,-0.42889026,0.16797514,0.8953622,-0.15596712
2015-06-09,0.3917558,1.1193573,-1.218178,-0.40616322
2015-06-10,1.6289903,0.69586515,-0.65405464,0.5459917
2015-06-11,0.45199358,-1.4512964,-0.2653899,0.58185005
2015-06-12,-0.028708033,-0.66127,0.53142524,0.5387817
2015-06-15,1.0949254,-0.8715821,0.30885488,1.1842382
2015-06-16,-1.0872378,-0.017108133,-0.81177807,-0.178123
2015-06-17,-0.86015505,-0.11777643,-0.24631493,-0.068549655
2015-06-18,0.55470425,0.5042479,0.907919,0.32783192
2015-06-19,0.01108912,-1.1046009,0.8141142,0.17832087
2015-06-23,-1.7465926,0.23514013,-1.1548872,-0.48147747
2015-06-24,-0.36464137,-0.045210987,0.87117624,-0.08961283
2015-06-25,-1.4405872,0.048544474,0.45540786,-0.010979551
2015-06-26,-1.4780025,0.021114033,0.055543292,-0.6655637
2015-06-29,-0.43893355,-0.80518216,0.63425946,0.12534219
2015-06-30,-2.5427766,0.38884082,-0.015269282,-0.8988447
2015-07-01,0.9127193,-0.35678217,1.029906,0.27766645
2015-07-02,-0.585269,0.045349568,-0.38046893,-0.12534226
2015-07-06,0.08512814,-2.1714983,1.9127425,1.0688413
2015-07-07,0.17515369,-2.5569263,-1.3545787,0.5688633
2015-07-08,0.68794703,1.1626388,0.47337803,0.45518196
2015-07-09,-0.11788878,1.5166414,-0.66939896,0.016380746
2015-07-10,-0.7414575,0.28275967,0.28423873,0.06852009
2015-07-13,-0.39595723,0.5971771,0.9281392,0.26839012
2015-07-14,0.57740605,-0.20557877,-0.34264046,0.011713467
2015-07-15,0.41227072,-1.2173867,0.61013615,0.9152984
2015-07-17,1.0346491,-1.2417232,-1.1218808,0.6877424
2015-07-20,1.5934355,-1.1968399,-0.770871,0.698143
2015-07-21,-0.4320342,-0.2859863,-0.41933316,0.11410559
2015-07-22,0.049743153,-1.2879248,0.090960264,0.024517607
2015-07-23,-0.28778398,-0.93083084,0.51666915,0.22832341
2015-07-24,1.3694779,-1.2546735,-0.14221074,0.7559016
2015-07-27,1.8238194,-0.8762011,0.30000857,0.7531444
2015-07-28,-0.1648335,1.0924875,0.318441,-0.48088357
2015-07-29,0.56756914,0.0572655,-0.19534647,-0.018746074
2015-07-30,-0.79533845,-0.50273216,-0.081370845,0.017653408
2015-07-31,0.27240077,-0.8619847,0.65189517,0.46377346
2015-08-03,0.054254815,-1.90428,1.3689346,0.38420263
2015-08-04,0.173102,0.4773878,-0.32465434,0.16334552
2015-08-05,-0.934661,-0.6167989,-0.00044230968,0.29662514
2015-08-06,0.31490743,-0.36614588,0.5105571,0.43372732
2015-08-07,-1.0727464,0.12863603,0.8790407,-0.053839356
2015-08-10,-0.9155422,2.358762,0.27072394,-0.5752269
2015-08-11,1.1950254,-1.7610307,0.33217272,0.94043666
2015-08-12,2.8971338,0.33488226,-0.3155113,0.53754926
2015-08-13,-1.9567918,-0.24877474,0.59074575,-0.42547265
2015-08-14,-0.10027255,-0.16913052,0.105335064,0.114662685
2015-08-17,0.9218796,-1.1725067,0.78973985,-0.42901126
2015-08-18,-0.101560496,-1.1799619,-0.77407014,0.19232686
2015-08-19,0.5341333,-0.45690945,1.9851712,0.6633852
2015-08-20,-0.02867652,1.193305,1.7438879,-0.1652826
2015-08-21,0.93939507,-1.82649,0.20777361,0.7748546
2015-08-24,-0.35777703,-2.8892782,0.57985026,0.65524274
2015-08-25,0.61655635,0.23585932,-0.5089601,-0.4689715
2015-08-26,0.15705079,-1.9846742,-0.105358206,0.6109328
2015-08-27,0.3096831,3.0591419,-1.4234656,-1.1846187
2015-08-28,0.6201238,2.149459,-1.3001717,-0.5641032
2015-09-01,0.28612173,-1.3004524,0.8140961,0.7329144
2015-09-02,1.0469497,0.20649709,-0.50085884,0.0674605
2015-09-08,-0.32161137,0.675503,0.41001126,0.02504397
2015-09-09,-0.34067336,-1.1794618,0.6476309,0.55244476
2015-09-10,-0.15687752,0.9321933,-0.57331073,-0.43677226
2015-09-11,-1.5124872,-0.42373022,0.31929696,0.15120779
2015-09-14,-1.3614184,-1.2396913,0.7056626,0.03901114
2015-09-15,-1.1681887,0.1687058,0.11629005,-0.4505016
2015-09-16,1.1024479,1.9227663,-0.35282144,0.109838836
2015-09-17,0.56328917,-0.49847436,0.2602584,0.73534316
2015-09-18,0.6740436,-1.3876082,1.5315591,0.9763074
2015-09-21,-1.3196832,0.59699756,-1.042346,-0.68613446
2015-09-22,0.09722562,-1.9216951,-1.1716298,0.5454387
2015-09-23,-0.8160655,-0.017416945,0.999649,0.24057136
2015-09-24,0.3325011,1.2981546,1.2696375,0.17598407
2015-09-25,-2.1275504,0.250564,-0.3862223,-1.0394431
2015-09-28,0.25760198,-2.2409606,-0.07076102,0.6237766
2015-09-29,-0.31370312,0.71932906,-0.7512061,0.04410267
2015-09-30,0.23468637,0.8667732,-0.08138424,0.689664
2015-10-08,-0.75604665,2.4530454,0.30212733,-1.0649295
2015-10-09,1.5534022,2.0300398,0.739245,0.1142576
2015-10-12,0.13629669,-0.810867,2.09816,0.44379792
2015-10-13,-1.6298195,-0.40177944,0.69684327,-0.2265984
2015-10-14,0.9504609,0.56106836,0.5646611,0.5066597
2015-10-15,0.8403794,0.021130987,0.47180378,1.2182853
2015-10-16,0.5738162,-0.00381057,-0.8604863,-0.041148577
2015-10-19,0.52079576,-1.9126232,0.55357385,0.78402054
2015-10-20,-0.5195817,0.32683823,0.037634872,-0.046832662
2015-10-21,-1.0996572,-0.5691574,-0.76997864,0.47861445
2015-10-22,1.013607,0.5752548,-0.07518755,1.3808862
2015-10-23,0.18279834,-0.5410314,0.08783774,0.64781725
2015-10-26,-0.76808363,-0.62707615,1.0621656,0.21964698
2015-10-27,0.39788863,-0.4242043,0.3150051,0.7840832
2015-10-28,0.96678895,1.8683283,-1.0431508,-0.27418324
2015-10-29,-0.5644678,-1.2968949,-1.945566,0.3018793
2015-10-30,-0.55412054,0.34742987,-1.1760522,-0.27676424
2015-11-02,0.47250384,-0.58189124,0.025069082,0.3658197
2015-11-03,-0.7613605,0.4018962,-2.1682224,-0.3910382
2015-11-04,-0.29322532,-1.3676372,0.88003147,0.89514256
2015-11-05,0.78994274,-1.1007563,0.32635754,1.2888819
2015-11-06,-0.10857778,-0.93727225,-0.98185414,0.40935954
2015-11-09,0.832735,-1.1038692,-0.4489228,0.93247265
2015-11-10,0.62984127,-0.50571895,-0.38431078,0.54527485
2015-11-11,-0.45715415,-0.5267008,1.1178124,-0.122210495
2015-11-12,-0.73580515,-1.2687175,0.7663248,0.0315852
2015-11-13,0.3794239,-0.9939531,0.65615785,0.86078227
2015-11-16,-0.6783109,-0.5411466,-0.28730258,0.17996415
2015-11-17,-0.39030623,-0.7796426,-0.44763315,0.23316392
2015-11-18,0.47729677,-0.52461255,-0.99383926,0.41243535
2015-11-19,-0.3659411,1.1045314,0.3835871,0.49256113
2015-11-20,-0.18618935,-0.31028655,-0.18479446,0.081452765
2015-11-23,-1.0802132,-0.5115487,-1.3303136,-0.6370768
2015-11-24,1.2821667,1.4873604,-0.5686407,0.69399714
2015-11-25,-0.47096673,0.5062549,-0.23690072,0.2464188
2015-11-27,0.6543406,-1.2411672,0.100418635,0.9906765
2015-11-30,-0.8292997,-0.061227676,0.69646287,0.121038966
2015-12-01,-0.40392917,0.7245895,0.2639405,-0.5008928
2015-12-02,-0.12964599,-1.139101,0.872112,1.2697362
2015-12-03,-0.9973407,0.95169884,-0.49555174,0.51184493
2015-12-04,-0.14533487,1.7120749,1.6280223,0.16374132
2015-12-07,0.58602333,-2.6085837,1.2524695,1.4946604
2015-12-08,0.13424303,-0.7086351,-0.2129145,0.6369561
2015-12-09,-0.15619156,0.5637454,0.74725795,0.086062625
2015-12-10,-0.20203777,0.026415266,-0.85255915,1.0221872
2015-12-11,1.5165763,-0.65561396,0.8362566,1.7368757
2015-12-14,-1.0882448,-0.31506774,0.19345964,0.09991514
2015-12-15,-0.29010904,-0.5537487,-0.8240578,-0.64278185
2015-12-16,1.475013,0.33861727,1.4688601,1.2877595
2015-12-17,-1.2095251,-1.3782449,-1.4576557,0.22305089
2015-12-18,0.29712924,1.8651003,1.1926097,-0.19760685
2015-12-21,0.7452048,0.491079,1.6870471,-0.08010605
2015-12-22,0.10887717,-0.74052155,-0.4494451,-0.21353501
2015-12-23,0.7135235,1.129361,-1.3615531,-0.47425878
2015-12-24,0.5273832,0.48571932,0.07796682,-0.34505957
2015-12-29,1.1665385,0.1772745,-0.8096016,0.05802491
2015-12-30,-0.42211044,-1.0061126,1.0992138,-0.16965222
2015-12-31,0.25901413,0.18358287,-0.42712933,-0.5583395
2016-01-04,1.1373451,-1.1534072,-0.53087986,0.39794138
2016-01-05,0.057745874,-0.09360914,0.969578,0.3764963
2016-01-06,-0.33079094,-1.2107899,1.9677794,0.55918914
2016-01-07,-0.44835767,-0.416122,1.0410315,0.6142467
2016-01-08,-0.581118,-0.7737113,0.21055806,0.05469009
2016-01-11,0.34755173,-2.473821,0.58618087,0.88614434
2016-01-12,-1.5172539,-0.8141393,0.5203762,-0.19723287
2016-01-13,-0.24011174,0.8091589,1.5638435,-0.07697995
2016-01-14,-0.17851505,0.19019026,-1.2381761,0.09229912
2016-01-15,-0.5421025,-1.2947693,1.7992268,0.5538002
2016-01-19,0.09484206,0.4885777,1.3347336,0.030583499
2016-01-20,1.0141671,-1.4076859,1.051262,1.8141942
2016-01-21,0.30296066,1.8943247,-1.9236287,-0.28830126
2016-01-22,-0.09860603,1.9255748,-2.3129175,-1.1173351
2016-01-25,-0.065372415,-0.86838526,2.4289422,0.16053483
2016-01-26,1.2158136,1.877502,0.015527115,-0.69055796
2016-01-27,0.5208583,1.1424657,-1.0085353,-0.37188703
2016-01-28,0.6637915,-0.344698,-1.6429225,-0.02537211
2016-01-29,-0.1999823,0.7986874,-0.3983994,-0.5430393
2016-02-01,0.31396466,-0.4941562,1.3555979,0.7560178
2016-02-02,-0.69193184,-0.9841648,1.6885339,0.34193358
2016-02-03,0.99093115,2.3583066,-0.6342223,-0.57706666
2016-02-04,1.0315783,0.98086965,0.92036927,0.4109035
2016-02-05,-0.22603662,-1.4841071,0.50273657,0.5173561
2016-02-22,1.0307739,1.992897,1.0639869,0.9264134
2016-02-23,-0.08885402,-0.7387571,1.714761,0.17629786
2016-02-24,0.8774871,0.7844436,-0.74519557,0.13917762
2016-02-25,-0.014997392,-0.23178001,-1.4247986,-0.25908312
2016-02-26,0.5900058,-0.22439139,-0.8012202,0.34106785
2016-02-29,0.34873617,1.2019615,0.21626893,-0.4796054
2016-03-01,1.2125691,0.8466308,-1.9312626,0.11941421
2016-03-02,0.05153589,1.120921,0.66483426,0.03825191
2016-03-03,-0.26491413,0.96812433,1.0500623,-0.077034466
2016-03-04,0.47384483,2.4820197,0.45048824,-0.5653074
2016-03-07,-0.14933549,1.1032532,-2.0637836,-0.5126269
2016-03-08,-1.2385356,-1.5669658,-0.28354886,0.02925724
2016-03-09,0.2614691,1.1669339,-1.5300776,-0.50858724
2016-03-10,-0.8623737,-0.38834876,1.1290078,-0.14568633
2016-03-11,-0.703555,0.75973207,-0.4916027,-0.49729252
2016-03-14,-0.9934917,-0.8733622,0.35752404,0.17987224
2016-03-15,-1.2013704,-0.80676556,-0.12039673,0.27903745
2016-03-16,-0.11497131,0.9953561,-1.5874538,-0.60793394
2016-03-17,0.9609146,2.6646485,0.9953899,-0.15191904
2016-03-18,-0.29531366,-1.024739,-0.25358218,0.38126847
2016-03-21,-0.4223908,0.35154444,-0.0028967808,-0.2371348
2016-03-22,-0.45650163,0.8639639,-0.48860997,-0.3046552
2016-03-23,-0.34509698,-2.403794,-0.26487458,0.59186536
2016-03-24,0.122803174,-0.9133428,-0.3427926,0.36692822
2016-03-29,-0.75335574,-0.36055818,1.5892416,0.026864272
2016-03-30,0.8164189,-0.2512397,-0.08914529,-0.5327967
2016-03-31,1.2084504,0.73280823,0.24967447,0.06390884
2016-04-01,-0.48804972,-1.3328172,0.56207585,0.47393316
2016-04-05,0.24452789,-1.7286459,1.3032371,0.924314
2016-04-06,-0.0094791325,0.8958711,-1.8227575,-0.50863373
2016-04-07,-0.07520657,-0.9998878,0.67304564,0.5461046
2016-04-08,0.056099888,2.2506378,-1.7978784,-0.96549255
2016-04-11,1.399422,1.0624269,0.3586494,0.36735773
2016-04-12,0.47249284,2.1757245,-0.45237896,-0.3868898
2016-04-13,-0.8487491,0.76876986,0.19401723,-0.1540402
2016-04-14,-0.40220776,-0.7791109,-0.38919565,0.31145397
2016-04-15,-1.071701,-0.21085988,1.5355967,-0.26889756
2016-04-18,-0.8579398,0.5876121,0.5573471,-0.27485302
2016-04-19,-0.07345986,2.420281,0.6410592,-0.7003077
2016-04-20,-1.2694131,1.4065026,-0.46310073,-0.866923
2016-04-21,0.79830366,-0.46111572,-0.077397235,0.1948677
2016-04-22,2.0810866,-0.7323657,-1.0656595,0.83322173
2016-04-25,-1.0300021,0.14760949,1.2042105,-0.0073810103
2016-04-26,-0.63562334,0.92508495,-0.8230678,-0.56622314
2016-04-27,0.21039876,0.2726336,-0.17585945,-1.1092371
2016-04-28,0.6693886,1.3219415,0.4003246,0.1200483
2016-04-29,-0.018860692,1.2629529,1.632838,-0.17325202
2016-05-03,0.7250524,-2.4233875,1.4894207,1.437505
2016-05-05,0.41917452,-1.5800643,-1.1726638,0.2934537
2016-05-06,-0.5402383,1.0062237,0.90318054,-0.42980054
2016-05-09,0.009713811,-2.6120367,-0.23287742,0.4070319
2016-05-10,-1.5889733,1.0138156,-0.83255744,-0.7498607
2016-05-11,1.1970464,1.8860373,-0.9138436,-0.22018267
2016-05-12,-1.3492984,-0.7652064,-0.55649495,-0.27835876
2016-05-13,0.5381491,-0.1552634,0.067697905,-0.10075572
2016-05-16,-1.4900097,1.1792649,-0.31875846,-0.9731759
2016-05-17,-0.15060575,0.78246725,-0.5883274,0.28360227
2016-05-18,-0.16998708,-0.49779978,-0.45971254,-0.043426957
2016-05-19,0.6207307,-1.9711545,-0.9210661,0.24730676
2016-05-20,-0.2935061,0.15864107,0.16150574,-0.3861658
2016-05-24,-0.036477584,-0.84701395,-1.3924681,0.19823496
2016-05-25,-1.6453791,0.38121304,-0.17936684,-1.0319489
2016-05-26,-0.30722117,0.37118673,0.5898206,-0.18387954
2016-05-27,-0.24180688,0.07312933,-0.5675802,0.050295256
2016-05-31,1.1323282,-0.08868123,-0.56905687,0.89154947
2016-06-01,-1.1315501,0.270632,0.048077025,-0.06390424
2016-06-02,-1.5884141,0.33839965,-0.2008372,-0.33216095
2016-06-03,-0.16389164,1.0599818,1.917381,-0.073552884
2016-06-06,-0.7559287,1.1855798,0.26093054,-0.1266769
2016-06-07,-0.618851,-0.10542583,-0.7879703,-0.29259726
2016-06-08,-0.5449799,2.177487,0.9601053,-0.59910053
2016-06-13,1.1040132,-0.93332297,1.6786716,1.2653328
2016-06-14,-0.85378367,-0.9914205,0.45059717,-0.21651697
2016-06-15,0.88428056,0.31150207,0.8046269,0.38289392
2016-06-16,0.5574494,-1.6066301,1.4785615,0.9021536
2016-06-17,-1.3605869,0.9288195,-1.2230132,-0.9391941
2016-06-20,2.251233,1.06451,-0.7021356,0.3684228
2016-06-21,2.1874921,-0.8240376,-0.68825436,0.7059109
2016-06-22,0.33541846,0.0768113,0.27265072,0.1168101
2016-06-23,0.72697157,0.35807654,-0.9518642,0.033679076
2016-06-24,0.81776905,-0.88597775,2.364358,0.9944762
2016-06-27,-0.74564976,-0.6671712,0.9933979,0.26896778
2016-06-28,0.57549846,1.9744353,-0.82799524,-0.37642568
2016-06-29,1.5193213,1.7850144,-0.25556335,-0.1864834
2016-06-30,0.44017428,-0.22998615,1.0271674,0.42226174
2016-07-01,1.3498476,1.6673702,0.8413417,0.76264435
2016-07-05,0.35331792,-1.3377877,2.1031246,0.40236565
2016-07-06,1.4280301,0.22148146,-0.011141654,0.25909477
2016-07-07,0.9512333,-1.9770947,0.69102764,1.1919101
2016-07-08,-1.7374709,0.82862455,0.5852558,-0.8099986
2016-07-11,0.34751543,0.50119233,0.51715714,0.41749808
2016-07-12,-0.36243883,1.5310131,-1.6928581,-0.6638369
2016-07-13,-1.2161818,-0.28601083,1.7842201,-0.27149895
2016-07-14,0.31281802,0.65269315,-1.08072,-0.25830328
2016-07-15,1.2952517,-0.6715547,-0.80702496,0.6945545
2016-07-18,-0.61143535,-0.25913498,1.3554024,-0.51427627
2016-07-19,2.2402704,-0.20071134,-0.28500605,0.8253975
2016-07-20,0.41278362,-0.7258918,-0.84726214,0.17390814
2016-07-21,-0.005549174,0.14766961,1.307379,0.27712303
2016-07-22,0.15499313,-1.1488029,-0.16433136,-0.037692007
2016-07-25,0.35059258,-0.8996865,0.74917734,0.13629355
2016-07-26,0.5291218,-0.06389113,0.009672362,0.1768347
2016-07-27,-0.6078362,-0.4696687,1.335213,0.49984887
2016-07-29,0.42862576,1.6213708,1.5236652,0.23782274
2016-08-01,1.4986129,-0.54425746,0.44318718,1.1554292
2016-08-02,0.5037298,0.23902006,0.703054,0.26512572
2016-08-03,-0.42659864,0.44339317,-1.3915297,-0.76301605
2016-08-04,0.01500776,0.20325017,-0.9426191,-0.31347194
2016-08-05,-1.1866007,-0.28239247,-0.9196008,-0.48415685
2016-08-08,-0.6615803,0.6634314,-0.6806593,-0.41370574
2016-08-09,0.05074529,-0.32598686,0.6804769,0.333458
2016-08-10,0.3648805,-0.06894976,1.5045332,0.3881669
2016-08-11,-0.038468737,0.6704741,-1.9371743,-0.2041914
2016-08-12,-0.5311781,-0.45558056,-1.9978912,-0.061234813
2016-08-15,-0.7010329,1.1769602,-0.67859805,-0.38052642
2016-08-16,-0.026828628,0.65247613,-0.15179998,-0.17423649
2016-08-17,-0.68673956,-0.03006242,-1.0467732,-0.2667823
2016-08-18,-0.09548073,1.1212314,-0.30281225,-0.86196834
2016-08-19,-0.16408691,-0.66553885,-0.9107262,0.09381503
2016-08-22,-0.5157447,-0.9208625,0.64554137,0.103161775
2016-08-23,0.76706165,0.3235246,-0.47355357,-0.013035428
2016-08-24,-0.052755263,-1.8417672,-0.75806487,0.5072566
2016-08-25,1.2222106,-0.15521637,-0.65838164,0.4614059
2016-08-26,1.2192451,-0.09147544,0.11274577,-0.03226358
2016-08-30,1.6776757,-1.4725357,0.075892635,0.9482462
2016-08-31,0.34863707,-1.1683332,0.9301743,1.0106506
2016-09-01,-1.1104779,-0.2422115,1.3874587,0.5858152
2016-09-02,-0.9021567,1.2987837,-0.03365064,-0.16200012
2016-09-06,0.09810857,1.1847118,1.3531401,0.17132781
2016-09-07,-0.7181853,0.36439002,-0.8551537,-0.82729834
2016-09-08,-0.4791735,0.89352256,-2.1001716,-0.41404787
2016-09-09,-0.63791955,-1.4184214,0.83356464,0.078391254
2016-09-12,0.05113732,-0.75938374,-1.3035469,0.0648645
2016-09-13,1.3098553,-1.1585815,0.32953328,0.968603
2016-09-14,0.05474066,0.27684477,1.3665102,0.30016792
2016-09-19,-2.177045,0.8185365,-0.25379193,-0.5503788
2016-09-20,-0.9616586,0.7921437,0.6460591,-0.26184386
2016-09-21,0.6119331,1.0734988,-0.18126832,-0.1998089
2016-09-22,0.8479462,1.675523,0.5362764,0.1889371
2016-09-23,0.46512237,-1.3413014,0.739499,0.7557012
2016-09-26,1.0339301,0.3827347,-1.197861,0.41500247
2016-09-27,-0.9843514,-1.0746989,0.3210512,0.49304414
2016-09-28,0.6252188,1.0104197,-1.8671532,0.14420839
2016-09-29,0.2071314,0.61484265,-0.4836695,-0.23285839
2016-09-30,-0.4510517,0.42459118,-0.32022908,0.6061775
2016-10-10,-0.80670846,-0.50973034,-3.262932,-0.028999846
2016-10-11,-0.7370426,-1.0375708,0.0679718,0.5699821
2016-10-12,1.1027168,-0.24674156,0.24533956,0.55548304
2016-10-13,-1.796189,-0.15017281,-0.25791088,-0.04122771
2016-10-14,-1.0309966,0.33837694,0.14350992,-0.34680378
2016-10-17,-0.77169037,0.09424265,0.04912026,0.4911308
2016-10-18,0.57357097,0.3901912,0.11738131,0.25012293
2016-10-19,-0.68583024,0.56742215,-0.4059911,-0.104427055
2016-10-20,0.626351,-1.3723348,0.28576487,0.17340344
2016-10-21,-0.3990366,0.046585143,-0.56415254,-0.4596573
2016-10-24,0.1019642,0.5508549,0.69689864,-0.2713132
2016-10-25,0.5610659,1.2759105,1.1713475,0.3927834
2016-10-26,-1.1115394,-0.29726645,0.37040707,-0.059155673
2016-10-27,0.24536423,0.78546286,-0.044305705,-0.18376085
2016-10-28,1.2699736,0.5835008,0.81244004,0.4541852
2016-10-31,0.3198671,-0.22993378,0.46897495,1.4415901
2016-11-01,1.2907455,0.7482766,0.5141575,0.4519927
2016-11-02,-0.14482528,-0.4585127,2.0301096,0.043434754
2016-11-03,0.25359583,-0.2705793,0.49611345,0.17357162
2016-11-04,-0.5040937,-0.2323254,0.9108891,0.6141107
2016-11-07,-0.0929682,0.59949106,-0.7817193,-0.068084314
2016-11-08,-0.76509035,0.60741544,0.64631605,-0.43852818
2016-11-09,2.0314975,0.5095994,-0.17325284,0.55871814
2016-11-10,0.16727124,0.27486724,0.5402244,-0.00429888
2016-11-11,-0.4151266,-2.4214048,-1.3480579,0.42642543
2016-11-14,1.3670949,-0.29556188,-0.078952946,0.13791554
2016-11-15,-0.57188225,1.2946186,-1.5868554,-0.85745764
2016-11-16,0.55752206,-0.94874805,-0.10313637,-0.24064563
2016-11-17,-0.26918626,0.025011007,-0.6209782,0.17165072
2016-11-18,-0.9541987,-0.39159864,-0.96602786,-0.2545861
2016-11-21,-0.20773974,2.1915267,-1.2417159,-0.7798252
2016-11-22,0.37076196,0.75230354,0.09439557,0.3278361
2016-11-23,-0.4002919,0.28094816,-0.68789077,-0.41585603
2016-11-25,0.37822905,-0.42924237,1.046538,0.5568732
2016-11-28,0.59563893,0.9526726,0.036557585,-0.68239284
2016-11-29,0.66495633,-2.4351985,0.76196223,0.7879537
2016-11-30,-0.02906814,1.1514187,-2.2290835,-1.3575174
2016-12-01,0.9253864,0.6769206,-1.8444073,-0.048247736
2016-12-02,-0.6217538,0.46226996,0.6865152,0.010065183
2016-12-05,-0.26992065,1.3450611,0.41248977,0.018705372
2016-12-06,-0.37478164,-0.516356,0.4587808,-0.18194546
2016-12-07,-0.13304007,-0.25744906,1.155648,0.5950818
2016-12-08,0.5109126,-0.5436056,-0.86132586,0.3239465
2016-12-09,-0.69266707,0.23347205,-0.8072291,-0.120356746
2016-12-12,-0.123160295,0.70862997,-0.29179364,-0.32512546
2016-12-13,0.06440635,-0.17373377,-0.7164278,-0.06697493
2016-12-14,1.0527241,0.15883523,1.0159091,0.88077885
2016-12-15,-1.5472193,-1.1837108,-1.5920542,-0.543498
2016-12-16,-0.08520693,0.35086948,0.03844075,-0.5576968
2016-12-19,-0.14244646,-1.3010153,-0.37527296,0.16032116
2016-12-20,0.9366172,0.0389021,-0.26428467,0.0030977847
2016-12-21,0.43032554,-0.3856333,-0.34308955,0.22762693
2016-12-22,0.8115537,-0.37598935,-0.57261544,0.21448025
2016-12-23,0.14979905,-0.82485086,-0.6756122,0.29615036
2016-12-28,-0.71746296,0.99389565,-0.53413355,-1.1434882
2016-12-29,-0.55987,0.10027673,0.87078196,-0.26866016
2016-12-30,-0.03084006,0.0964249,-0.058383774,-0.2603388
2017-01-03,-0.79240334,0.13858974,1.739528,0.22902909
2017-01-04,-0.5978079,1.657508,0.5272051,-0.61156976
2017-01-05,-0.062300682,0.56059366,1.1641629,-0.17597853
2017-01-06,0.7344576,-0.32828707,-0.46158677,0.1765311
2017-01-09,-0.3706036,-0.04483963,2.1722054,-0.11435992
2017-01-10,0.4486631,0.6316869,1.2796228,-0.12638338
2017-01-11,0.1653141,0.47541812,-1.1548499,-0.027074452
2017-01-12,-0.6129962,1.1957291,-0.06530308,-0.11150377
2017-01-13,0.32099542,0.26308003,0.42100197,-0.08149263
2017-01-17,-1.6378021,-0.10316572,0.5721548,-0.47393918
2017-01-18,-0.07316413,-0.17170055,1.305739,0.32173684
2017-01-19,0.32311195,-0.73958707,-0.96308976,0.7110781
2017-01-20,-0.052039217,0.83718836,-0.3308025,-0.22689399
2017-01-23,0.2883109,0.38841474,0.864675,-0.19381297
2017-01-24,1.1948276,0.7311791,0.014170925,-0.07263606
2017-01-25,-0.34640324,-1.1503434,-0.2397254,0.18320909
2017-02-06,0.52475214,0.886711,1.8815581,-0.6216222
2017-02-07,-0.41483977,-0.49034247,0.74328554,0.06984109
2017-02-08,-0.014772257,1.0672791,-0.1859215,-0.27812538
2017-02-09,-0.19730951,0.027848976,-0.45823187,-0.19055185
2017-02-10,0.19920957,1.5420119,0.19513443,-0.010467768
2017-02-13,-0.2477852,-0.7426095,0.5350931,0.55861396
2017-02-14,0.028596932,0.054464273,-0.21265052,0.024266904
2017-02-15,-0.52472794,0.3989698,0.57790536,0.5093047
2017-02-16,1.1525633,-0.3446217,0.45662254,0.62479925
2017-02-17,0.6128214,-0.61948323,-0.32696125,0.5896538
2017-02-21,0.088366784,0.7723827,0.023657048,0.47158495
2017-02-22,-0.20066676,-0.6121057,0.08662502,-0.25524282
2017-02-23,0.73986006,-0.4823346,-0.41718107,0.004165077
2017-02-24,0.86814064,0.6889695,1.0522568,0.14546624
2017-02-27,1.2207664,0.20265585,-0.27850533,0.8615225
2017-02-28,-1.5495051,0.38787618,0.3525665,-0.5403241
2017-03-01,-0.9859754,1.0463127,-0.87466604,0.41666186
2017-03-02,0.0035696572,-2.344689,-0.4361311,0.55060005
2017-03-03,-0.22426073,0.1883663,-0.43378574,-0.2677294
2017-03-06,0.034150984,-0.5935575,-0.5738295,0.05896273
2017-03-07,0.47368196,-1.4244742,-0.8574633,0.37253535
2017-03-08,0.5316131,-1.6207614,0.6935948,0.6469604
2017-03-09,0.7603591,-1.7116145,0.16475867,0.46112248
2017-03-10,0.572656,-0.35695714,0.35831016,0.38078403
2017-03-13,1.3365444,0.24598195,0.3124384,0.44214648
2017-03-14,0.08421955,-0.31124687,0.48375624,0.30788645
2017-03-15,-1.0245509,0.77978885,-0.3705253,-1.0756867
2017-03-16,0.1616285,1.057809,1.6036265,-0.1872398
2017-03-17,0.2498468,0.6205386,0.27905774,0.100124754
2017-03-20,0.72274524,-0.18960018,0.018909138,0.52948916
2017-03-21,0.4089309,-0.56687886,0.71967,0.34203193
2017-03-22,0.29953268,-0.24898757,0.28390422,-0.72343874
2017-03-23,0.4079253,-0.1663344,0.13149531,0.28151694
2017-03-24,0.8687165,-0.078057826,-0.11563846,0.40936866
2017-03-27,0.22264309,-0.05224803,0.3571758,0.50958943
2017-03-28,0.30329537,1.0590719,-0.32458898,0.33418888
2017-03-29,0.7121891,0.49003586,-0.96728975,0.29538068
2017-03-30,0.73821336,0.109315366,-0.71568483,0.2799258
2017-03-31,-0.6538856,-0.3508886,-0.34675336,0.09348207
2017-04-05,0.17960529,0.5538391,-0.7917285,0.5609991
2017-04-06,0.35937387,-0.18478382,-0.4069367,0.26154283
2017-04-07,-0.32200095,0.19220841,-0.12251062,-0.3221553
2017-04-10,-0.9621666,-0.72090393,-0.9532687,-0.6034781
2017-04-11,0.13915822,0.32196334,1.144983,-0.17299676
2017-04-12,-0.34597644,-0.48879543,0.16100752,-0.14840467
2017-04-13,0.27730376,0.75493085,0.72596914,-0.120572366
2017-04-18,0.6060553,-1.1273016,0.26709068,0.07007673
2017-04-19,0.18729593,-0.56121534,0.58552116,0.9815542
2017-04-20,1.4798827,0.5363675,0.0464033,0.21989751
2017-04-21,-0.5807328,-0.90517336,0.7514363,0.18829647
2017-04-24,-0.3401008,-0.4025093,0.047868494,0.05957139
2017-04-25,-0.59344095,0.09234796,-0.4445203,-0.34532532
2017-04-26,1.0682378,-0.55313224,-0.6271699,0.5503839
2017-04-27,-0.47443864,-0.80812675,0.79735696,-0.02838874
2017-04-28,-0.06481488,0.4125991,0.2520602,-0.54605985
2017-05-02,-1.9065897,-0.4504543,0.27328065,0.18001635
2017-05-03,-0.7198307,-1.2246815,-1.1666929,-0.0711927
2017-05-04,1.0155149,-1.9088162,0.57794094,0.7508109
2017-05-05,-0.22297862,0.50376934,-0.66248405,-0.2608063
2017-05-08,0.6769604,-0.5292119,0.12582597,-0.18233122
2017-05-09,-0.33972374,-0.41013643,-0.25786498,0.6767246
2017-05-10,-0.33212423,0.7885951,-0.8664415,-0.42788753
2017-05-11,0.8564741,0.60159904,-0.14889239,-0.10957349
2017-05-12,0.06985887,0.49052942,-0.036015864,-0.13936563
2017-05-15,-0.85301346,1.1427418,0.040729962,-0.7187584
2017-05-16,0.009315535,0.16693567,0.5182377,0.49075374
2017-05-17,-0.33754727,1.0921484,0.7458675,0.052827377
2017-05-18,1.2337744,-0.9967676,-0.7707326,0.357302
2017-05-19,-0.47507775,1.8921776,-0.38647392,0.15538818
2017-05-22,0.15171067,0.9361356,0.35455757,0.43152845
2017-05-23,1.3213425,-0.42425215,-0.35983607,0.3666386
2017-05-24,-0.27489543,-0.54124296,-0.160113,0.16075644
2017-05-25,0.33762684,-0.78416795,1.6589903,0.15165722
2017-05-26,0.34071338,0.21500295,0.0257295,0.8609889
2017-05-31,0.5879888,-1.2501981,1.0881625,0.96655184
2017-06-01,0.4367866,-0.75350773,-0.70660734,0.12110988
2017-06-02,-0.034026965,-0.1984878,1.4138236,-0.005355198
2017-06-05,-0.54859376,-0.51561004,0.9345595,-0.02202361
2017-06-06,-0.67184097,0.4374721,0.12646733,0.13244452
2017-06-07,-1.247652,-0.7429756,1.0677075,0.19779606
2017-06-08,-0.8213071,0.23961438,-0.4965229,-0.26172623
2017-06-09,0.15931495,0.63816327,-0.34575832,-0.06816082
2017-06-12,1.0728737,-1.0447173,-0.4806456,0.7842636
2017-06-13,-0.99587536,-0.28355956,-0.6810659,-0.098181106
2017-06-14,0.3228983,-0.44295743,2.0167606,0.5481879
2017-06-15,-0.7586253,-1.0002981,-1.1482493,-0.344829
2017-06-16,-0.57247096,0.43476367,-0.18257119,-0.20999861
2017-06-19,0.78574836,-0.08329299,0.12289268,0.65662247
2017-06-20,0.4897539,-1.2045333,0.4746741,0.37363318
2017-06-21,1.4418198,-0.09697623,0.5828333,0.26943275
2017-06-22,1.3971477,0.19662666,-0.31369504,0.34458137
2017-06-23,0.45840758,0.7503692,0.4487033,0.1217694
2017-06-26,0.53626823,-0.24284334,-0.8991485,0.08938741
2017-06-27,-0.16553362,1.2782034,-0.6273772,-0.20430571
2017-06-28,0.15738593,0.4962738,-0.1140181,-0.6777724
2017-06-29,-1.3521161,0.61588603,-0.06333816,-0.49427697
2017-06-30,-2.0959544,0.7081892,0.02641739,-1.0150323
2017-07-03,-1.7268058,-0.14349338,-1.3501853,-0.46473798
2017-07-05,-1.2023634,-0.8006188,0.7980824,0.47560233
2017-07-06,0.94177604,0.41491467,-0.37515378,0.34916764
2017-07-07,-0.81505316,-1.2881899,0.23606125,0.29292852
2017-07-10,-1.18685,-0.03989131,0.03973284,0.033658136
2017-07-11,0.35700518,0.77672136,-0.40619668,-0.12027889
2017-07-12,1.8584499,0.35893485,0.09197988,0.039123178
2017-07-13,2.0372543,-0.3295773,-0.68376493,0.6548239
2017-07-14,-0.14715512,1.380744,0.3966519,-0.0716928
2017-07-17,-0.44086286,0.6320624,0.55890447,0.62792915
2017-07-18,-0.041430384,0.6534868,0.12868953,0.7899876
2017-07-19,-1.0768644,0.30600968,-0.9847525,-0.7425203
2017-07-20,-1.2003117,0.47152042,0.19497694,0.38222027
2017-07-21,1.0280758,-0.4212971,1.2726655,0.34419426
2017-07-24,0.9220151,-0.12454244,0.0042512743,0.0015936809
2017-07-25,2.1473396,1.0265071,-0.69928074,0.24952598
2017-07-26,-0.9969913,0.68073076,-0.6953333,-0.35941163
2017-07-27,-0.42692804,0.83116776,0.09229454,-0.011739241
2017-07-28,-0.34041694,0.7707044,-0.30467913,0.17603758
2017-07-31,0.26246184,0.8640643,-0.29056412,0.67369497
2017-08-01,1.7117543,-0.6319165,0.29989716,0.9918241
2017-08-02,-0.33431166,0.6596951,-0.079731084,-0.39510685
2017-08-03,1.064192,-0.6491696,0.049022153,0.46831068
2017-08-04,-0.19397053,-0.22945681,-0.8766332,0.06417767
2017-08-07,-0.39842093,0.58421165,0.6875918,0.40486646
2017-08-08,0.83697873,1.1088461,0.50044507,0.48400748
2017-08-09,-0.119123146,0.82109886,0.4957331,0.4290599
2017-08-10,2.366788,-0.28109553,0.24644074,1.2904049
2017-08-11,-0.18078394,-0.06555223,-0.047808338,-0.03329359
2017-08-14,0.081451476,-0.9750825,0.64901245,0.49661306
2017-08-15,0.9800065,-1.1698614,-0.18073379,-0.4291465
2017-08-16,1.246262,1.2127849,0.89813864,0.6749292
2017-08-17,-0.32797298,0.23106942,0.01168938,0.5290754
2017-08-18,-0.17544253,0.97012746,-0.95600253,-0.29569694
2017-08-21,0.60487694,0.13305815,1.099136,0.6784768
2017-08-22,0.55024225,0.123266816,-0.64137644,0.53994673
2017-08-23,0.12046829,0.8057085,-0.5008783,0.18882488
2017-08-24,-0.27698258,0.4765752,0.124599405,-0.22534168
2017-08-25,0.0039568073,-0.44449198,0.028244616,0.27750903
2017-08-29,2.0109212,1.2296425,0.15088633,0.730046
2017-08-30,0.3864875,-0.07743663,-0.82160634,-0.03429297
2017-08-31,-0.5553837,1.8113878,-1.3958534,-0.72467345
2017-09-01,-0.38056096,-0.05756821,2.0389013,0.011715785
2017-09-05,-1.4131339,0.4006567,0.45412818,-0.52525735
2017-09-06,-0.8538136,0.31418237,-0.26255986,0.0006136122
2017-09-07,1.2871275,0.29657298,0.29435503,0.2772849
2017-09-08,-0.71311444,-1.2422367,0.195732,0.21361063
2017-09-11,0.16036749,-0.115097344,-0.40576527,0.4766774
2017-09-12,0.3604603,-0.26127297,-0.42662525,0.8871777
2017-09-13,-0.89370686,-0.28065866,-1.1068212,-0.0058078193
2017-09-14,-0.9389392,-0.29658985,-0.11180285,-0.31114763
2017-09-15,-1.6431124,0.16009809,-0.26333442,-1.345524
2017-09-18,0.9550189,-0.54553366,-0.76794666,0.4081051
2017-09-19,0.7382781,-0.14995047,0.006807858,0.8594547
2017-09-20,-0.31889609,1.1092548,-0.15924604,-0.40120572
2017-09-21,-0.5829891,-1.2090588,-0.856753,0.006935015
2017-09-22,-0.81632036,-0.4405678,-0.44485518,-0.22454064
2017-09-25,0.9950583,1.0008305,-0.570785,0.016442262
2017-09-26,0.5940398,-1.3838468,-0.37038335,0.5408191
2017-09-27,-0.40451616,-0.5414816,-0.3825053,0.2089029
2017-09-28,0.9615063,0.4158104,0.5976101,0.3078767
2017-09-29,-0.3802185,-0.7144861,0.08152571,-0.54782915
2017-10-09,0.61299264,0.533952,1.9698896,0.20282412
2017-10-10,0.7717727,1.1235229,-0.032046843,-0.76104057
2017-10-11,0.42735437,-0.19169995,-0.7855263,0.27190962
2017-10-12,-0.17868887,0.5507682,1.0975134,0.24249592
2017-10-13,-0.88275397,0.93543893,-0.18303487,-0.3668142
2017-10-16,0.6988791,0.27221727,-0.32627583,0.39061347
2017-10-17,-0.45082602,-0.9931609,-1.0687507,0.31335586
2017-10-18,0.3023245,-0.26199055,-0.30734187,0.25789392
2017-10-19,-0.23843217,0.28369144,1.1290168,0.037333496
2017-10-20,0.7448601,-0.30718982,-1.0808302,0.18413652
2017-10-23,-0.6488147,0.7056073,0.035916224,0.6773388
2017-10-24,0.28451928,0.552586,-0.5480773,-0.30454394
2017-10-25,0.3078577,0.13770793,-0.029852167,0.14155121
2017-10-26,0.2563122,-0.1374141,-0.84591705,-2.350581e-05
2017-10-27,-0.79091066,-0.09706157,-0.89053994,-0.4783566
2017-10-30,0.8135299,0.5157853,0.18117277,-0.5712045
2017-10-31,0.73406845,0.29306245,-0.42639005,0.09063317
2017-11-01,0.2678757,0.90089345,1.5241346,-0.3764915
2017-11-02,-0.92082775,-0.15016359,-0.19954021,0.209256
2017-11-03,0.35885233,-0.27370745,-1.2085288,-0.044804953
2017-11-06,0.08041964,1.6596054,-0.2788457,0.032576557
2017-11-07,-0.66271406,-1.1859716,-0.521618,0.23580992
2017-11-08,-0.10897261,0.51032317,0.7709979,0.15967539
2017-11-09,0.6927817,-0.39353076,-0.57648355,0.28924727
2017-11-10,-0.4921782,-0.38412622,-0.22843459,0.21816814
2017-11-13,0.8017153,0.30916348,0.69400257,0.5299539
2017-11-14,-0.14087328,-1.5010196,0.4999984,0.77971315
2017-11-15,-0.40566573,0.10902865,0.10308848,-0.2920045
2017-11-16,0.09945297,-0.4043207,0.43656382,0.2766751
2017-11-17,-0.38227648,1.463563,0.40978768,-0.40622976
2017-11-20,-0.06305546,-1.0946728,-1.0463941,0.40672067
2017-11-21,0.34164038,0.91750365,0.29835063,0.07587575
2017-11-22,-0.1330277,0.8914108,0.47752693,-0.20059438
2017-11-24,0.57271665,0.5496334,-0.35056907,-0.07901784
2017-11-27,0.54329747,-0.61262417,0.13320516,0.13406384
2017-11-28,-0.016686363,-0.7288099,-0.49946597,-0.122346014
2017-11-29,-0.9096929,-0.7752318,-0.10734134,-0.27163926
2017-11-30,-0.4017921,-0.7477592,-0.15101627,0.28208324
2017-12-01,-0.018085105,1.0855317,-0.26965687,-0.021068828
2017-12-04,-0.17975159,-0.9843672,0.760054,0.7462585
2017-12-05,-0.7143034,-1.2164886,-1.4762027,0.37284872
2017-12-06,0.4434437,-1.3181921,0.79192716,0.93614465
2017-12-07,0.37882006,-0.257769,-1.0671571,-0.03859396
2017-12-08,0.032829087,0.16773194,-1.0270221,-0.1548971
2017-12-11,1.2190104,0.6655183,-0.34059513,0.44131595
2017-12-12,0.17276187,-0.81326145,0.10949446,0.34189352
2017-12-13,-0.40477112,0.13967772,1.2119232,0.28147045
2017-12-14,0.63748634,0.7948818,0.24275939,-0.19464816
2017-12-15,-0.8608606,0.8928106,0.84980613,-0.7023333
2017-12-18,0.5385265,0.85126776,0.430458,0.064373255
2017-12-19,-0.39641276,0.5833342,-0.16968605,0.032806244
2017-12-20,0.27220944,1.2115009,0.17892289,0.17590041
2017-12-21,0.008152634,0.3153086,0.15122622,-0.5288669
2017-12-22,0.6181651,0.82326424,0.31464842,0.12926064
2017-12-27,-0.17085892,1.504547,-0.1704216,-1.0203744
2017-12-28,1.1880188,0.9248511,0.4153939,-0.15115571
2017-12-29,-0.10047533,0.89195216,0.46920204,0.21564193
2018-01-02,-0.7018407,0.36078098,0.5342513,0.34998217
2018-01-03,-0.57083756,0.27171782,-0.6636332,-0.40522316
2018-01-04,0.45738122,0.6044662,0.3398105,0.23833773
2018-01-05,-0.27583197,-0.75273514,0.50543946,0.59255886
2018-01-08,0.8194415,-0.2728515,-0.41083458,0.83952147
2018-01-09,-0.5424997,0.01386472,-1.0997028,-0.37957504
2018-01-10,0.5867836,0.4152165,0.30107626,-0.37279022
2018-01-11,0.92918897,0.05918627,-0.28509513,0.45781347
2018-01-12,1.1115457,0.60481536,0.25828806,0.40722772
2018-01-16,0.022455584,-0.5196156,0.65714777,-1.6310287
2018-01-17,-0.41846612,-0.025347779,-0.1251881,-0.37321475
2018-01-18,0.3712762,-0.08335539,-0.45319277,-0.049689543
2018-01-19,-0.15325648,0.1141021,1.0103621,-0.21872936
2018-01-22,-0.052294083,0.12822042,-0.43603274,-0.07204932
2018-01-23,0.21683381,-0.13595168,-0.732064,-0.080870815
2018-01-24,0.072662815,1.7138273,1.3118018,-0.4898255
2018-01-25,0.10084194,0.35348535,0.65805876,0.24587035
2018-01-26,-0.48739198,-0.08954309,-0.9120807,-0.26581457
2018-01-29,-0.7879956,-0.45277554,-0.109458596,-0.033035837
2018-01-30,-1.5037371,-0.9394838,0.6156611,-0.3628792
2018-01-31,0.486983,0.23986793,0.80909467,-0.44507775
2018-02-01,0.5153686,0.5296007,0.01706474,-0.20224725
2018-02-02,-0.22430922,-1.4097278,-0.39521345,0.24628997
2018-02-05,0.3705074,-0.12524259,0.8680866,0.32012752
2018-02-06,-1.7948844,-0.7007046,0.25302538,-0.14795136
2018-02-07,-1.0399095,-1.654803,0.13543117,-0.028132563
2018-02-08,0.6643532,-0.12089548,0.5692498,0.6472404
2018-02-09,0.054481898,-1.8972538,0.8437318,0.3995664
2018-02-22,0.44681603,3.1702332,-0.23563842,-0.70402837
2018-02-23,-0.3006924,-0.17176147,-0.9568484,-0.2241101
2018-02-26,-0.37982884,0.43847364,-0.009060351,-0.17621294
2018-02-27,-0.49377376,-1.2074405,-0.19408153,0.08779527
2018-02-28,-1.4484079,-0.4776697,1.2176989,-0.6660386
2018-03-01,-1.5839854,-0.4683001,-0.5721053,-0.30962783
2018-03-02,0.638623,0.18195929,0.49986356,0.46842322
2018-03-05,-0.72694767,0.19782025,-0.7974727,-0.878754
2018-03-06,0.4822232,0.8010338,0.8647826,0.38866344
2018-03-07,0.59186906,-1.688378,-0.3006147,0.5688919
2018-03-08,-0.90595317,-0.6812829,0.39995202,0.24094708
2018-03-09,1.8960885,1.0808756,-0.31301636,0.15141664
2018-03-12,-0.48524663,-0.6718692,0.09076459,0.3530224
2018-03-13,0.08862734,0.6210965,0.68522596,0.21768533
2018-03-14,-0.029198661,-0.21477965,-0.51847064,-0.14610924
2018-03-15,-0.8032917,-0.46312705,-0.45337933,-0.31135234
2018-03-16,0.687387,-0.13996625,-0.9242689,0.10938358
2018-03-19,1.6687325,-0.35494542,0.17788167,1.1469389
2018-03-20,-0.13750215,-0.09842047,-1.5038784,0.02966628
2018-03-21,0.24136288,1.3532304,-0.46818426,0.01966482
2018-03-22,-0.4594689,-0.6633711,0.40010533,0.23965274
2018-03-23,0.04446777,0.1274812,0.058507424,0.10552815
2018-03-26,0.8964634,-0.0651608,0.37720084,0.55726314
2018-03-27,0.22779754,-0.06622353,-0.57593775,0.003099005
2018-03-28,0.33908805,-0.8902265,-0.5126443,0.12823495
2018-03-29,-1.8654271,0.348049,0.0032536197,-0.3702047
2018-04-03,-0.6809002,-0.18001448,1.5032406,-0.00079382973
2018-04-04,1.0504396,-1.0878823,-0.40912828,0.5046322
2018-04-09,-1.1869154,1.612825,0.9921081,-0.29930165
2018-04-10,0.6381616,1.5471709,-0.8643579,-0.031953104
2018-04-11,0.9077573,0.9390294,-0.20012358,0.25753245
2018-04-12,-0.73667073,-0.45205885,-0.740095,-0.13097683
2018-04-13,0.8102324,-0.13001363,-0.009290741,-0.0040213284
2018-04-16,1.3840176,0.37997854,0.6232733,-0.32726935
2018-04-17,0.35159227,-0.10457487,0.2566818,-0.032288935
2018-04-18,0.7922375,2.3851936,0.42427823,0.052426856
2018-04-19,-0.6044112,-0.50848365,-0.5241943,-0.1157865
2018-04-20,1.0029542,-0.4850563,-0.61168,0.012232088
2018-04-23,-0.060853377,-1.5385623,-1.4737935,-0.061373267
2018-04-24,-0.61986005,-0.24779832,0.84218496,0.10880506
2018-04-25,-1.0292976,-0.45132652,-0.71152645,-0.12590733
2018-04-26,0.087903604,0.28770128,-0.431337,-0.20555085
2018-04-27,-1.2786245,-0.38140377,0.27915397,-0.36483932
2018-05-02,-1.5242777,-0.70621026,0.061135698,0.8845913
2018-05-03,-1.0059593,-0.16892782,0.40917844,-0.6498608
2018-05-04,1.3668352,1.219593,-0.2908997,0.38237074
2018-05-08,1.118702,-0.6037126,-0.1523812,0.41427892
2018-05-09,0.60150254,0.73756814,-1.269156,-0.04320093
2018-05-10,0.39080775,0.4528409,0.38978475,-0.16398497
2018-05-11,0.87692434,-0.47671703,-0.11007678,0.4061486
2018-05-14,-0.26530614,0.06561026,-0.47246993,0.24508515
2018-05-15,-1.6341084,-0.21081644,-1.0585074,-0.49555933
2018-05-16,0.70016676,0.006516254,-0.054590147,-0.35359627
2018-05-17,0.3597813,0.31456882,-0.14532928,-0.26565084
2018-05-18,-1.4128448,-0.22354528,0.43001792,-0.30589315
2018-05-21,-0.60190725,1.0542971,0.19774823,-0.52877825
2018-05-22,-0.6809928,0.30520332,0.087367475,-0.14018965
2018-05-23,-1.2366253,-0.47924933,-0.21358672,-0.52174973
2018-05-24,0.6654923,0.57562506,1.2597028,0.41402808
2018-05-25,-0.81158245,-0.9438706,0.9466123,0.24669084
2018-05-29,0.50840306,-0.4015502,0.6162211,-0.3321012
2018-05-30,1.1029507,0.78604406,-0.3419272,-0.69298327
2018-05-31,-0.21056902,-0.063076854,0.50589776,0.40266505
2018-06-01,0.56941295,-0.19730125,0.38240013,0.62176317
2018-06-04,2.0814867,-0.48311493,-0.0088080745,1.0575296
2018-06-05,0.009330931,0.29005438,0.70320725,-0.6516583
2018-06-06,0.24165791,0.13433406,0.8914905,-0.4682146
2018-06-07,0.85235363,0.15376237,-1.2562104,0.13459758
2018-06-08,-0.10336571,0.25531757,0.32794225,-0.227506
2018-06-11,1.1106906,-0.20731626,0.008924669,0.5749915
2018-06-12,-1.2448328,-0.160908,0.08462414,-0.18611512
2018-06-13,1.150254,0.17198133,-0.1889715,0.48242164
2018-06-14,1.444385,-0.62728655,0.414142,0.77674586
2018-06-15,0.3361834,-2.7217355,-0.47958475,0.4411866
2018-06-19,1.4056998,-1.8437785,-0.92728466,0.9941589
2018-06-20,-0.38426524,0.15342084,0.22294946,-0.45802966
2018-06-21,-0.4416732,-0.8591081,0.43295518,0.32288808
2018-06-22,-0.14274214,1.378421,-0.9514224,-0.30009484
2018-06-25,1.1496521,-1.338622,-0.18014386,0.9179363
2018-06-26,0.283625,0.12232507,-0.92514026,-0.26733842
2018-06-27,0.34233952,0.46809798,-1.2958564,-0.688105
2018-06-28,0.7754437,-0.663212,-0.44859627,-0.21240582
2018-06-29,-1.0189149,0.5881241,-0.37643453,0.039894275
2018-07-02,1.263646,-1.8406895,-0.641452,1.1564116
2018-07-03,-0.49834892,-0.054434143,1.1263133,-1.0700516
2018-07-05,-1.0849727,-0.7444233,-0.16984695,-0.100755535
2018-07-06,-1.9381905,0.45043203,0.42557058,-0.5383086
2018-07-09,1.4735166,0.48544374,-0.24141888,0.48627758
2018-07-10,0.035112817,-0.51167464,-0.7163727,-0.035697345
2018-07-11,0.9610683,-2.675457,0.77924794,1.3200758
2018-07-12,-0.07211903,0.7454308,0.35390306,-0.37441048
2018-07-13,0.9737028,-0.83780277,-0.89728427,0.3245742
2018-07-16,-1.8984408,-0.61323667,1.0139393,-0.13146645
2018-07-17,-0.93129647,-0.92022973,-0.8079698,0.14279817
2018-07-18,0.4019947,0.5631616,-0.2771638,-0.27084178
2018-07-19,-1.1122544,-0.860325,-0.8218007,-0.0029352824
2018-07-20,-0.4104008,1.6118672,0.8649368,-0.36193487
2018-07-23,-0.2530224,-0.30741793,0.02124087,0.063097306
2018-07-24,0.46458817,1.0244493,0.2256189,-0.036785915
2018-07-25,-1.5011103,0.24664517,0.20105621,-1.1142231
2018-07-26,0.28878742,-0.23533964,-0.61491776,-0.22339351
2018-07-27,-0.3280695,0.018930865,0.035766516,0.39569446
2018-07-30,-0.96595305,0.018028984,0.44304842,-1.1314944
2018-07-31,-0.6489832,0.45727673,0.9287285,0.33741847
2018-08-01,-0.27362427,-2.1283112,0.044965446,0.4421887
2018-08-02,-0.109723896,-0.0072484515,-0.7939518,-0.2687712
2018-08-03,-0.095269784,0.80670834,0.7170168,-0.20144948
2018-08-06,-0.9773426,-0.18960808,-0.63142824,0.21899985
2018-08-07,0.2780149,0.6469358,-0.23702426,0.07751681
2018-08-08,-0.015368647,-0.16594023,1.4468293,0.5897051
2018-08-09,0.3303434,-0.28878644,0.202347,0.34940988
2018-08-10,2.060798,-0.79029006,-0.81187403,0.7190025
2018-08-13,-0.2463628,-1.4904163,-1.3065597,0.2962712
2018-08-14,-0.9351529,-0.11005615,0.10365695,0.0021412016
2018-08-15,-0.35484526,-2.946977,-0.50484097,0.124650985
2018-08-16,-0.44390792,1.52794,0.9833588,-0.69669837
2018-08-17,-0.2642425,-0.1612406,-0.15303373,-0.79027754
2018-08-20,1.17545,0.7863662,0.14985527,0.43889982
2018-08-21,1.0991825,0.6733842,-0.047566574,0.46087205
2018-08-22,1.3513023,0.22198702,-0.72062755,0.4193342
2018-08-23,0.6362504,-1.0478916,-0.6405662,0.2451332
2018-08-24,0.60235524,1.5776086,0.78610724,-0.07020795
2018-08-28,1.6040767,0.32417077,0.07210678,-0.24613321
2018-08-29,-0.63476616,0.040591493,-0.7535517,-0.17695102
2018-08-30,-0.2416834,-0.6141378,-1.0271308,0.06753359
2018-08-31,-1.7715861,-0.3697029,-0.025395615,-0.023214081
2018-09-04,-0.7170498,-1.394477,-0.44076225,-0.32427165
2018-09-05,0.358693,-0.07145076,0.8732911,0.62774384
2018-09-06,0.36687854,-0.3052026,0.64649135,0.13906303
2018-09-07,-0.4205147,-0.05054724,-0.3784353,-0.11077608
2018-09-10,-0.8652605,0.4216533,0.24892674,-0.23773085
2018-09-11,0.50536996,-0.45549121,-1.1758779,0.41264787
2018-09-12,1.6325208,1.1843789,0.39297378,-0.3949416
2018-09-13,0.6670377,-0.8293488,0.6526188,0.58603257
2018-09-14,-0.035346013,-0.8967213,-0.35502774,-0.18700346
2018-09-17,-1.5221481,-0.2473284,0.41858843,-0.53644496
2018-09-18,1.4347519,0.71070886,-0.26383248,-0.23713757
2018-09-19,-0.78969324,1.167517,0.4723764,-0.41629264
2018-09-20,-0.9932045,0.6380167,0.9313471,-0.40695074
2018-09-21,0.25424337,1.2584507,0.33117747,0.18381363
2018-09-25,0.03322122,0.35670468,-1.5862224,-0.02299265
2018-09-26,0.5402893,-0.38680097,-0.08020743,0.47030646
2018-09-27,-0.956456,-0.48753962,-1.069695,-0.088788874
2018-09-28,1.4557829,1.4913806,0.40805507,0.36070415
2018-10-08,-2.0533235,1.0032272,-0.104101814,-0.52008283
2018-10-09,0.77178705,0.88621336,0.3722207,0.071354516
2018-10-10,0.08753489,-1.3819413,0.6808559,0.69402355
2018-10-11,-0.3226185,0.19301516,2.3698602,-0.16777867
2018-10-12,-1.1973633,0.42661336,0.22430359,-0.2015537
2018-10-15,-1.4402351,0.52109665,0.18030068,0.109569415
2018-10-16,0.9068821,-0.060055383,-0.33394155,0.13150066
2018-10-17,-0.0064883996,-0.26481974,0.6908513,0.5703707
2018-10-18,0.9123798,-0.77643514,0.22063236,0.7253222
2018-10-19,0.30912945,0.08805382,-0.22045454,0.21909131
2018-10-22,0.17692874,-0.33504018,0.02325673,-1.1018759
2018-10-23,-0.027159689,-0.69396406,1.9512806,0.38714054
2018-10-24,0.45781213,-0.5839521,-0.26021948,0.07144518
2018-10-25,1.1225997,-0.2170863,-0.44489166,0.32474804
2018-10-26,-0.80910987,0.1293168,0.0901092,-0.7311519
2018-10-29,0.4725194,-1.0842566,-0.40459105,-0.14199468
2018-10-30,0.09837855,-1.0759943,0.42402178,0.67314106
2018-10-31,-0.23043747,-0.8585398,-0.21195284,-0.24785806
2018-11-01,-0.36555183,1.176825,2.2990112,-0.26829746
2018-11-02,-0.34939796,0.5730115,0.7591552,0.0010927342
2018-11-05,-0.11106023,-0.7094097,-0.73784274,0.6132038
2018-11-06,0.006376356,-1.0439544,-0.11199505,0.2445627
2018-11-07,0.07544501,0.6119588,0.27044553,-0.08689417
2018-11-08,0.3508059,-0.5307916,0.43780965,0.44106737
2018-11-09,0.09157935,-1.5499796,-0.89836335,0.45991862
2018-11-12,-0.3771406,-0.7176025,-0.5036369,-0.080675036
2018-11-13,0.5905765,-1.7273976,1.7090538,0.9787853
2018-11-14,0.59925455,0.7493384,-0.52672535,0.16391863
2018-11-15,-0.1951808,0.44310483,1.3010905,-0.22660984
2018-11-16,0.7109479,0.8394421,0.45083714,-0.044499736
2018-11-19,1.2821549,-0.067233175,-0.2527198,0.059735864
2018-11-20,-0.36023134,-1.9036885,1.5424565,0.6809805
2018-11-21,0.026142992,0.6315958,0.58267385,-0.5346141
2018-11-23,0.22891264,-2.287248,1.8489414,0.848701
2018-11-26,0.74471706,-0.024880411,-0.72034967,-0.3733951
2018-11-27,-0.8190543,-0.91483647,-0.387773,0.14783825
2018-11-28,-0.7334496,0.78491485,1.0548552,0.19719598
2018-11-29,0.4088006,0.20427562,-0.6540165,-0.06538081
2018-11-30,-0.8932704,-0.3238596,0.17491342,-0.4108491
2018-12-03,-0.35644898,1.8080783,0.043024253,-0.6351587
2018-12-04,-0.29231775,0.1034363,-0.38552612,0.24238615
2018-12-05,0.48778436,0.1253549,-0.009688711,0.56789196
2018-12-06,0.12346335,-1.7223573,0.5418176,0.8666935
2018-12-07,-0.44819188,1.3557183,-0.8073929,-0.49865505
2018-12-10,-0.23936112,-1.3287023,0.88199383,0.6849977
2018-12-11,0.25088367,0.18852127,0.00891016,-0.5348598
2018-12-12,-0.41679907,0.24222583,1.1882229,-0.2605725
2018-12-13,0.12615524,0.09306653,-0.9828208,-0.10199042
2018-12-14,-0.3095114,-1.0966394,0.5844803,0.4521914
2018-12-17,-0.9691043,-0.027037138,1.7128983,-0.8929525
2018-12-18,-0.3264211,-1.8682424,1.4428363,0.66191345
2018-12-19,0.8476675,1.0860546,-0.39067152,0.012932807
2018-12-20,0.21180807,-1.1341412,1.8307039,0.54853755
2018-12-21,0.30621165,-1.0803802,-0.3564926,0.43877867
2018-12-24,-0.25335622,-1.0418203,2.122302,0.4223362
2018-12-27,1.6241177,0.46665412,-0.64332026,-0.017943272
2018-12-28,-0.87963617,-0.1299817,0.5891465,-0.4207338
2019-01-02,-0.48405793,0.07924707,-0.6928719,-0.36197704
2019-01-03,-0.8330895,0.54746,-0.1786001,-0.080151856
2019-01-04,0.07881375,1.8883023,-0.06435204,-0.23484781
2019-01-07,-0.07249932,0.7114635,0.07424458,-0.24339393
2019-01-08,0.14147821,0.22800669,-0.87205327,-0.56790847
2019-01-09,-0.22292362,1.2193749,-1.4688636,-0.62404805
2019-01-10,1.1486516,-0.55567014,-0.5131889,0.40908924
2019-01-11,-0.5092882,-0.12377651,0.7370135,0.00461189
2019-01-14,0.46947533,-0.800341,0.15078068,0.8170086
2019-01-15,0.46202978,0.480322,-0.7693652,-0.24056421
2019-01-16,0.18938059,1.0636617,0.07225367,0.38669997
2019-01-17,-0.8117933,0.2806079,0.1557541,-0.26802662
2019-01-18,-0.36816704,0.84559613,-1.1705652,-0.6084291
2019-01-22,-0.32190832,-1.1225078,0.74546725,0.67778575
2019-01-23,-0.22387774,0.35136622,0.73556244,-0.39709315
2019-01-24,0.21142188,0.02022748,-0.25012594,0.3450276
2019-01-25,0.63411397,1.6906091,0.97381365,0.0674725
2019-01-28,-0.5655347,-1.1663224,1.376097,0.08508715
2019-01-29,0.96143514,1.0405734,-0.6540624,-0.04395455
2019-01-30,0.09309669,1.1481255,-0.029330239,0.41656035
2019-01-31,0.6712016,0.345567,0.9978809,0.11140763
2019-02-01,0.12959926,0.17018244,-0.81628895,-0.75364655
2019-02-11,0.3117768,-1.6041344,-0.43816355,0.87811893
2019-02-12,-1.1263547,0.008173079,-0.21800265,-0.14123172
2019-02-13,0.21671717,0.30492255,-0.75851095,0.0067317584
2019-02-14,1.189706,-0.32936117,-0.98684597,0.2606011
2019-02-15,0.65173304,1.6991085,-0.27814814,-0.7063611
2019-02-19,1.5845785,1.0374466,0.8407541,0.49235725
2019-02-20,0.7735205,1.2453215,0.14292747,0.33217806
2019-02-21,-0.86836624,-0.0696972,-1.3248421,-0.16315041
2019-02-22,0.32101426,0.98548245,0.787079,-0.10991131
2019-02-25,0.8452346,-1.1382512,1.0670782,0.8805748
2019-02-26,1.4458461,0.020298606,-0.5311873,-0.07648362
2019-02-27,0.2035841,0.7544884,-0.73386365,-0.23507015
2019-02-28,0.31925684,-0.07561928,-0.31481025,0.1638439
2019-03-01,-0.12528056,-0.4841182,-1.0443169,0.24857913
2019-03-04,-0.19445743,-0.66754407,-1.4378123,0.47055534
2019-03-05,-0.19731872,0.59457994,0.1567238,-0.24113348
2019-03-06,1.3530921,-0.5868293,-0.3921483,0.7529075
2019-03-07,0.68015623,-0.7820211,-0.73760134,0.25132817
2019-03-08,-0.15802392,-0.12188714,1.3393584,-0.87678504
2019-03-11,0.7673883,-0.28810057,-0.6270593,0.06934444
2019-03-12,-0.5329293,1.249186,1.0640999,-0.20132999
2019-03-13,0.49477378,1.0470016,0.074701495,0.1286267
2019-03-14,-0.70196974,-0.9557532,-0.8803994,-0.22486164
2019-03-15,-1.7203456,0.4054733,0.7581616,-0.77010024
2019-03-18,0.39018276,0.20618927,-0.17123881,-0.13422899
2019-03-19,0.789125,0.82677907,0.38334033,-0.08860898
2019-03-20,-0.14408033,0.47099823,-0.49933335,-0.4458355
2019-03-21,-0.6627089,-0.34330675,0.42791444,-0.053215887
2019-03-22,-0.057124197,-0.96732783,0.40495214,0.44469595
2019-03-25,-0.14914146,0.56831443,0.42012775,0.05408951
2019-03-26,0.7293908,0.16479595,-0.44842863,-0.286363
2019-03-27,0.4483821,-0.3494305,0.22719765,0.43728548
2019-03-28,-0.14487858,-1.1160657,-0.8348025,0.30328113
2019-03-29,2.0735526,0.7021777,0.019274952,0.07751275
2019-04-01,-0.7868434,-0.1095419,0.040851824,-1.0010802
2019-04-02,-0.48620403,-0.04787906,-0.57425654,-0.31871969
2019-04-03,0.6108241,0.85234535,0.59001017,0.1845931
2019-04-04,-0.8119324,0.2325367,0.45751515,-0.5873183
2019-04-08,1.3334838,0.6603592,-0.8852364,0.54368037
2019-04-09,-0.22227947,-0.13578968,0.1871663,0.3315537
2019-04-10,0.017613953,0.5736394,-0.45356834,-0.4076625
2019-04-11,-0.24868874,-1.4370046,-0.7246017,0.21134423
2019-04-12,0.31746402,0.93606466,0.28442326,-0.30757996
2019-04-15,-0.06930623,-0.38615978,0.32857373,-0.0013060966
2019-04-16,0.34759527,-0.7059069,-1.1750345,0.26616842
2019-04-17,0.65504426,-0.04681369,0.09897425,0.19199641
2019-04-18,-0.6967104,0.218251,-0.03179299,-0.37766495
2019-04-23,1.1860523,-0.30520815,-1.4219828,0.38428175
2019-04-24,1.188278,-0.04001271,0.27395463,0.9514751
2019-04-25,-0.05874691,-0.40522635,-0.109639645,0.70026416
2019-04-26,0.3073817,-0.27152827,1.6214314,0.2823219
2019-04-29,0.9228351,-0.40113097,-0.49922422,0.51323706
2019-04-30,0.16894813,0.1427626,-0.4606873,-0.026311982
2019-05-07,-0.64607,-1.9082221,0.68008006,1.3814403
2019-05-08,0.33436725,-0.4928819,-1.0241984,0.36049765
2019-05-09,1.1499985,-0.71809167,-0.115655534,0.49713254
2019-05-10,1.1228784,0.30825135,0.20682663,0.19506402
2019-05-13,-1.1758068,-0.56966656,0.46024975,0.1925333
2019-05-14,-1.89582,0.67414963,0.130085,-0.57624686
2019-05-15,-1.0183613,0.84056234,-0.29348156,-0.7243692
2019-05-16,-1.2731191,0.31848925,-1.296238,-0.6129181
2019-05-17,0.114321075,-1.3823282,-0.44434732,0.35602877
2019-05-20,-1.7735565,-0.14713416,0.4077046,-0.53061295
2019-05-21,-0.35777456,0.15018389,0.056600712,0.54726034
2019-05-22,-0.42409936,-1.079025,0.61246705,0.44738677
2019-05-23,0.6197745,-1.0295675,1.833246,0.87259644
2019-05-24,-1.3438532,0.64638966,0.2626777,-0.95555365
2019-05-28,-2.0906863,0.29579204,-0.43831336,-0.5557285
2019-05-29,-0.34646192,-0.019488849,0.043744583,0.9300944
2019-05-30,-1.8345379,-0.055313047,1.111666,-0.19904022
2019-05-31,0.33045593,-1.1086562,2.0072434,0.6204081
2019-06-03,-0.04255903,-0.3401532,2.2114522,-0.42312148
2019-06-04,0.27990624,0.31948757,0.030104414,0.33025226
2019-06-05,1.3135537,-1.6558458,0.32492775,0.83485955
2019-06-06,-0.829398,1.046919,0.31742477,-0.27777907
2019-06-10,0.9143353,-0.5464989,-1.1228662,0.06375346
2019-06-11,-0.3401534,0.6845352,0.35122937,-0.27536646
2019-06-12,-1.1551497,-0.23350272,1.4175562,-0.04724385
2019-06-13,-1.4867373,0.5177979,-0.08490101,-0.57138264
2019-06-14,-1.0587075,-0.30534694,-0.41638517,-0.2627024
2019-06-17,-0.5871874,-0.25307137,0.69474745,-0.07800254
2019-06-18,0.97202885,1.2318151,-0.12378274,0.21885335
2019-06-19,0.8623046,-0.29024485,-0.057674464,0.5906121
2019-06-20,-0.41838735,1.7927965,0.31627208,-0.11822351
2019-06-21,1.1958822,-0.43607286,-1.0795639,0.6561198
2019-06-24,-0.33202633,0.74743813,1.003064,-0.28042698
2019-06-25,0.61747056,0.8155269,-0.15847582,0.10959564
2019-06-26,0.77404743,0.29486248,-1.2223965,-0.17064616
2019-06-27,-0.19014229,-0.45384791,0.30483416,-0.33659393
2019-06-28,1.5796578,0.1471816,0.32881096,0.38108185
2019-07-01,0.6140843,-1.2413163,-0.4854969,0.6663524
2019-07-02,0.5209287,-1.0625057,1.46436,0.9705286
2019-07-03,-1.6711032,1.1380521,-0.00026861395,-0.3714475
2019-07-05,0.03212552,-0.97699004,-1.6379102,0.3431171
2019-07-08,-0.67983013,-0.05661217,0.59596485,-0.050627515
2019-07-09,0.35333556,-0.23813954,-0.13796745,-0.26552013
2019-07-10,0.41724473,2.1803586,-0.80923665,-0.8228721
2019-07-11,-1.5282475,-0.2035311,0.4458948,-0.72493327
2019-07-12,-0.025643874,0.38736194,0.4712848,-0.21734534
2019-07-15,1.1173384,0.36561474,0.69206905,1.1533747
2019-07-16,0.90021133,-0.37746418,1.2479513,0.07519789
2019-07-17,0.6150594,0.12562327,1.1523873,0.49318808
2019-07-18,0.97883826,-0.51775235,1.2358965,0.7831918
2019-07-19,-1.4112749,0.28741625,-0.11177304,-1.0761434
2019-07-22,1.2597382,-0.55353904,-0.41702864,0.050584402
2019-07-23,-0.5844389,0.338752,-0.1605723,-0.80410373
2019-07-24,-0.11868455,0.6361656,1.0699309,-0.13681799
2019-07-25,0.4513817,-0.762149,-0.9411724,0.35080233
2019-07-26,0.07412566,-0.48833182,0.26452821,-0.3457187
2019-07-29,0.01219358,0.46661657,0.786286,-0.73903185
2019-07-30,0.73181653,0.0355491,-0.42093673,0.17552006
2019-07-31,1.3495805,-0.32835138,-0.3113049,-0.08024716
2019-08-01,0.5232481,-2.3250933,1.528624,1.216647
2019-08-02,-1.200388,-0.06273489,-0.05534145,-0.26408088
2019-08-05,-0.3198137,-0.7507525,1.9183317,-0.0030718748
2019-08-06,0.65884113,-0.36037716,0.8167395,0.6027626
2019-08-07,-0.042379197,-0.22274491,2.4742057,0.096275374
2019-08-08,-0.56223077,1.4782007,-0.8170672,-0.41981435
2019-08-09,-0.8609002,0.26630113,-1.154439,-0.45042574
2019-08-12,2.6115816,-0.0924798,-0.21800485,0.9972249
2019-08-13,1.5305138,1.1184993,-1.1948158,0.2502658
2019-08-14,0.089123994,-1.127657,1.3388832,0.6287207
2019-08-15,0.15825424,-0.14927652,0.5073015,1.2492572
2019-08-16,-1.093605,0.032993868,-0.09107234,-0.38812253
2019-08-19,1.1349273,-0.41603053,-0.8237376,-0.007439036
2019-08-20,0.69039184,-0.08317748,-0.16512606,-0.04698214
2019-08-21,0.031583004,0.5307879,0.22428024,-0.27105698
2019-08-22,-0.65571964,-0.8379518,0.26861084,-0.37627828
2019-08-23,0.77466327,-0.20634195,1.2123492,0.87550586
2019-08-27,0.8608718,0.77805555,1.0304575,-0.20930451
2019-08-28,-0.21978837,1.1947051,-0.25094613,-0.21672209
2019-08-29,0.60076153,0.2415981,-0.42100865,-0.38734323
2019-08-30,-0.01788948,-0.38682857,1.348234,0.48089227
2019-09-03,0.79961365,-0.14286074,1.8094364,1.0953501
2019-09-04,0.94947726,2.1415823,-0.61957985,-0.7402034
2019-09-05,-0.1625682,-0.62840366,-1.7449034,0.173296
2019-09-06,0.48152766,-0.6462125,-1.0338436,0.6491949
2019-09-09,0.05889378,0.49080077,-0.8755901,0.044413693
2019-09-10,-1.0859822,0.44024694,-0.3113674,-0.2458317
2019-09-11,0.26187518,-0.44061616,0.91531533,0.25832778
2019-09-12,-1.3431673,0.35719267,0.7523258,-0.6894653
2019-09-16,-1.1002136,1.6621853,-2.4909728,-1.2125183
2019-09-17,0.4319587,-1.465125,1.622208,0.84865373
2019-09-18,-0.68626076,-0.7509476,0.59810007,-0.42819327
2019-09-19,-0.18841825,0.31755254,-0.46366683,-0.07385999
2019-09-20,0.6342716,-0.09169653,0.46003175,0.6391966
2019-09-23,0.010634649,1.1280555,1.2316687,-0.25538436
2019-09-24,-0.63402873,-0.7448225,1.0534133,-0.040607113
2019-09-25,-0.23222435,-0.8537715,-0.93833387,0.4854848
2019-09-26,0.2049812,-0.24892974,-0.2784261,0.22557777
2019-09-27,0.60266036,-0.24107228,-0.08649686,-0.21140654
2019-10-08,-2.410829,-0.31797022,0.3612769,-0.47501403
2019-10-09,0.102570616,0.3272357,0.18214716,-0.09246153
2019-10-10,1.9723821,0.5897563,-0.4696986,0.13062017
2019-10-11,-1.8383739,0.26728654,-0.5319893,-1.3298417
2019-10-14,-0.58085245,-0.72750545,1.115059,-0.008896398
2019-10-15,0.53303,-0.123060115,-0.56276554,-0.33182663
2019-10-16,0.34169382,0.00019277098,-0.38228622,-0.08627124
2019-10-17,-0.37304977,0.19015501,0.30086145,-0.18931137
2019-10-18,0.122374706,0.4218823,0.16252187,0.34755224
2019-10-21,0.39149195,-0.50767076,0.26717207,0.20844615
2019-10-22,0.10647641,0.23946153,-0.44101366,0.28217676
2019-10-23,0.7192466,1.0545285,-0.08037215,-0.3994928
2019-10-24,0.25338876,0.7174675,0.08905041,0.1072237
2019-10-25,0.44445974,0.37259993,0.18767911,-0.07882231
2019-10-28,0.55423903,-0.3787313,-0.12851247,0.1462393
2019-10-29,0.24116176,0.21857928,-0.13455147,0.33087978
2019-10-30,-0.20806228,-0.07698434,1.0779753,0.13725296
2019-10-31,-0.38550043,-0.57379663,1.2641915,0.5223297
2019-11-01,0.23899761,1.3357205,-0.47091627,-1.1084088
2019-11-04,0.3380784,0.30469635,-0.6796565,-0.09487401
2019-11-05,-0.49800202,-0.41160786,-1.4102702,-0.16421933
2019-11-06,0.14499286,-0.6066287,0.91088253,0.8316338
2019-11-07,0.1688008,-0.5471463,-1.2596743,-0.12364829
2019-11-08,-0.40807006,-0.5839852,-0.62470037,0.2723328
2019-11-11,0.24861437,-1.1555581,-0.21679835,-0.075576656
2019-11-12,-1.0339187,-0.44137338,0.0038717114,-0.50893223
2019-11-13,0.48304722,-0.15682146,0.27570507,0.5852848
2019-11-14,-0.12245486,-0.095811844,0.32385755,0.34910148
2019-11-15,0.47958276,0.14359808,-0.5753153,-0.48843554
2019-11-18,-0.14638892,-0.9072055,0.8153066,0.46389195
2019-11-19,-0.341687,-0.20522214,1.4198791,0.07289015
2019-11-20,0.103608,0.49053535,-1.007016,-0.314705
2019-11-21,0.1391933,0.054547813,-1.1500343,-0.45292744
2019-11-22,-0.29849747,0.23841289,0.05642717,0.58710515
2019-11-25,-0.8092608,-0.15022093,0.06453815,-0.5008325
2019-11-26,1.1350641,0.8088644,-0.04697433,0.23140466
2019-11-27,0.11936507,-0.58411705,0.099890605,-0.45007634
2019-11-29,-1.2309728,-0.6641186,1.7419848,-0.28462526
2019-12-02,0.032602698,-0.45221344,0.08051252,0.12634462
2019-12-03,0.292872,-0.3133477,0.71001947,0.16725035
2019-12-04,-0.07533009,0.56058586,-1.5442001,-0.402716
2019-12-05,0.24028386,0.33011943,-0.063045286,0.25019807
2019-12-06,-0.2102937,0.52552044,-1.1554343,-0.24822226
2019-12-09,-0.41776046,0.26079702,0.41479287,0.010057013
2019-12-10,-0.16020432,0.638829,0.41310665,-0.18009558
2019-12-11,0.7854435,0.15570872,1.200159,0.20029534
2019-12-12,-1.2189153,1.050407,0.08535594,-0.39912632
2019-12-13,-0.1303131,0.14803998,-0.65871817,-0.6617337
2019-12-16,-2.250885,0.97523046,0.36425588,-1.208253
2019-12-17,-0.77652115,-0.060760386,-0.6276136,-0.46815512
2019-12-18,0.5697509,-0.0017616856,0.12720427,0.3879842
2019-12-19,0.49446037,0.73610306,0.05227319,-0.039479647
2019-12-20,-0.3625713,0.0007766004,0.044511557,0.326013
2019-12-23,-0.014563398,0.13087124,0.8559573,-0.009078844
2019-12-24,0.11515222,0.9081577,0.4970768,0.07998036
2019-12-27,-1.000365,0.81090695,0.4274208,-0.97437245
2019-12-30,-0.28010798,0.3857829,0.5227738,0.046167854
2019-12-31,-0.24660741,-1.0429003,0.8061612,0.040782787
2020-01-02,0.19152437,0.52079815,0.47825286,-0.32057267
2020-01-03,1.1057986,0.50954884,-0.60041076,0.48319626
2020-01-06,0.14649926,0.05826296,0.24412976,0.15152684
2020-01-07,0.13988014,0.21387513,0.7746961,0.5070357
2020-01-08,-0.16447844,-1.0425283,1.1148545,0.7726791
2020-01-09,-0.45842612,-0.3286396,-0.11455396,-0.052911066
2020-01-10,-0.31625727,0.40302974,0.9508077,-0.4246795
2020-01-13,0.06808719,-0.41115594,0.21942388,0.949291
2020-01-14,-0.24857603,0.06732063,-0.34286734,-0.06225748
2020-01-15,0.37469348,0.33247072,1.54291,0.04951779
2020-01-16,1.3652406,-0.56222147,-0.75299054,0.59885925
2020-01-17,-1.2314404,0.53833514,1.0976857,-0.58996314
2020-01-21,0.19438852,-0.97707224,-0.028055219,0.2298308
2020-02-03,0.6782602,-3.6582978,1.6258181,1.7869151
2020-02-04,-0.56953883,0.014383262,-0.5094478,-0.19210051
2020-02-05,0.5271531,1.8164841,-0.5316682,-0.08036394
2020-02-06,0.40066704,0.36430797,-0.09409115,0.34674868
2020-02-07,-0.8436908,-0.79669076,0.045344844,0.057931866
2020-02-10,-0.2551174,-0.5201408,1.1580266,0.3640688
2020-02-11,0.2638037,0.6895338,-0.286632,0.2432623
2020-02-12,-0.4929658,0.6412991,-1.1322865,-0.83694
2020-02-13,1.1533945,0.5910235,0.07740193,0.3845125
2020-02-14,-0.09833928,-0.100586176,-0.34761286,-0.033133868
2020-02-18,-0.3856379,0.55122447,1.1818049,-1.0193766
2020-02-19,0.34555835,0.902668,-0.6412871,-0.2840234
2020-02-20,0.35748458,-0.5842057,-0.33338615,0.4686818
2020-02-21,-0.0056378418,0.34411448,1.319288,0.27221838
2020-02-24,0.91454285,-1.7622995,1.6638368,1.2613604
2020-02-25,-0.73903435,-1.4784254,-0.19779949,0.7073879
2020-02-26,0.028893678,-1.3786213,0.9930905,0.98097193
2020-02-27,0.3704298,-1.730998,0.92768365,0.9590661
2020-02-28,-0.8090754,-2.0513682,-1.5254673,0.31212574
2020-03-02,0.15324678,2.04388,-0.91873163,-0.18493044
2020-03-03,-0.5967948,0.80423796,1.0988402,0.048020646
2020-03-04,0.09010564,0.19959465,0.12045664,-0.3133563
2020-03-05,0.8996773,-0.49236262,1.2390987,0.8409689
2020-03-06,0.37854818,-2.1721995,2.4170096,1.0524273
2020-03-09,0.53301847,-3.2234566,2.3506079,1.4842404
2020-03-10,-0.7057018,1.5159265,-2.1214454,-1.2644125
2020-03-11,0.2841837,-1.5396949,0.41612107,0.6880878
2020-03-12,0.025090044,-3.3730707,0.6840673,1.1583924
2020-03-13,-0.51469225,-1.5793316,-1.805503,0.6711805
2020-03-16,0.48304045,-3.7162986,1.1875459,1.6423625
2020-03-17,0.11824866,-1.2421095,0.8505605,-0.28522864
2020-03-18,0.015113346,-3.2895796,1.0974257,1.6477542
2020-03-19,-0.950383,2.2037303,-2.3382401,-2.1235971
2020-03-20,-0.5898944,-0.6486618,2.5068617,-0.14816616
2020-03-23,-0.4557137,-0.31657243,2.7912533,-0.50716335
2020-03-24,1.1355728,2.8722363,1.3121736,-0.59788316
2020-03-25,1.0039306,2.0402467,-1.2746555,-0.4991083
2020-03-26,0.55442667,-1.4634503,1.3404787,0.9902297
2020-03-27,0.53173274,-1.100878,-0.35740206,0.6387385
2020-03-30,0.21249308,-2.149332,0.7667647,1.3083783
2020-03-31,0.07866765,0.096656,-0.29059002,-0.8142916
2020-04-01,0.7963439,-2.1784022,0.5089821,1.495762
2020-04-02,0.6217347,2.710911,-2.0359294,-0.56144935
2020-04-03,-0.022205243,1.2441614,-2.7972164,-0.11593611
2020-04-07,0.32592383,0.5848957,2.627028,0.14435531
2020-04-08,0.0823333,-0.10221368,-1.1360445,-0.8643261
2020-04-09,-0.04713638,0.9706712,2.3147511,0.23523302
2020-04-14,1.8951604,0.24298373,1.7914965,0.5636233
2020-04-15,0.2088639,-1.9185355,0.227383,0.15406494
2020-04-16,0.5125116,-0.056092147,-0.6589364,0.8694714
2020-04-17,-0.26295617,-0.2476733,-0.4912648,0.26756185
2020-04-22,0.164909,2.7495263,-2.0123234,-1.2261268
2020-04-23,-0.3591378,1.7182757,-1.4306282,-0.7934391
2020-04-24,0.8333821,-1.3342776,0.5893061,0.92796934
2020-04-27,0.7696911,-2.1008,2.13884,0.7940262
2020-04-28,0.22526437,0.7384617,-0.3259456,-0.12312089
2020-04-29,0.12862201,2.3714504,-2.5785916,-0.6477729
2020-04-30,-1.392037,1.509949,-2.2710125,-2.0843127
2020-05-06,0.4274756,1.5340517,-2.7957268,-0.88672054
2020-05-07,0.36405876,1.644805,0.8881716,-0.590885
2020-05-11,-1.1953529,0.27655604,-0.6654784,-0.74474823
2020-05-12,-0.26045552,-0.16002062,0.018087052,-1.2192832
2020-05-13,0.7898248,-1.2247589,1.0736246,1.1634916
2020-05-14,0.14620069,1.967576,-1.7731477,-0.9062358
2020-05-15,0.66713166,1.8144416,-0.31245533,-0.51936233
2020-05-18,0.40487218,3.0772748,-1.2186469,-1.3427854
2020-05-19,0.7613351,0.78312755,1.0191365,0.50502473
2020-05-20,-0.06710451,1.0752114,0.5827037,-1.2767606
2020-05-21,-0.25568315,-1.4214736,-1.6185653,0.0070841145
2020-05-22,0.459697,-0.7578489,1.2013043,0.6344055
2020-05-26,-0.8039827,0.63635886,-1.6228734,-0.90793604
2020-05-27,-0.6165553,-1.0139469,1.8436732,-0.6348116
2020-05-28,-0.4389664,0.05121707,0.5833284,-0.06425775
2020-05-29,0.8398539,1.608579,-0.106034204,0.018793922
2020-06-01,0.5960685,1.953366,-0.9313874,0.19245723
2020-06-02,-0.14821252,0.8137853,-2.3956728,-0.13813742
2020-06-03,-0.8133424,-0.3244745,-0.57801515,0.2970175
2020-06-04,-0.8286195,0.40266663,0.62525284,-0.5752261
2020-06-05,-0.15704453,1.0070164,-2.804876,-0.2916862
2020-06-08,0.23805374,0.27204666,1.9641695,0.22927958
2020-06-09,0.7732649,0.21727672,-0.38120508,-0.32757336
2020-06-10,0.2807669,0.5735563,-0.49693754,-0.16623437
2020-06-11,-0.03080788,-2.1136346,1.9117997,0.91180074
2020-06-12,-0.41116095,-0.64898485,-0.403312,0.07869538
2020-06-15,-0.07917111,0.3445442,-1.2570361,-0.4712629
2020-06-16,0.7361926,1.7737242,-0.5684339,-0.21510373
2020-06-17,0.23613898,0.547467,0.003192549,0.4497273
2020-06-18,0.4081541,-0.012732949,-1.5040319,0.039201047
2020-06-19,0.043540254,1.3313128,0.19394234,0.085903645
2020-06-22,0.7141824,0.8552338,0.042790156,0.05800431
2020-06-23,0.16076884,-0.07179042,0.66999644,0.3172977
2020-06-24,-0.1562718,-2.3642714,1.3309528,0.9868816
2020-06-29,0.82086325,1.3792216,0.29998,-0.10756429
2020-06-30,-1.274181,1.2527107,1.0095443,-0.18410617
2020-07-01,-1.6314484,0.21106641,-0.9903313,-1.3492731
2020-07-02,1.5212837,0.6501382,-0.8996989,0.13981251
2020-07-06,-0.07162392,0.8262427,0.3889134,-0.1869167
2020-07-07,0.344678,0.9134464,0.6401843,-0.2210207
2020-07-08,0.11060477,1.2713281,1.143297,0.13834193
2020-07-09,-0.3627786,-1.238834,0.0937343,0.4170306
2020-07-10,1.8247547,0.81699973,-0.40190133,-0.2407857
2020-07-13,1.5521715,0.91175944,1.0055062,0.6735872
2020-07-14,-0.7142868,-0.75883824,-0.52933866,0.4966616
2020-07-15,-0.55124897,0.65348107,-0.5493382,-0.58527374
2020-07-16,-0.47000727,-0.1746708,0.22812833,-0.31398857
2020-07-17,-0.7915594,0.010081214,0.87423533,-0.27607587
2020-07-20,1.0529095,0.53155684,0.41802546,0.23883905
2020-07-21,1.3312639,2.5216036,0.68920606,-0.28828907
2020-07-22,-0.7496231,1.0410392,1.6819184,-0.35451907
2020-07-23,0.7060633,0.2031511,1.1559162,0.35938177
2020-07-24,0.01092928,-0.51078904,-0.40758654,0.17803144
2020-07-27,0.28163213,1.1713922,1.8312532,0.059967447
2020-07-29,1.4327337,0.4109421,0.12526369,0.23563237
2020-07-30,-0.5608873,-1.1723491,0.014773414,0.637633
2020-07-31,-0.9190434,0.7405929,1.2955873,-0.79877156
2020-08-03,0.72127265,1.3808436,-0.6270768,0.17542899
2020-08-04,1.7569237,1.3587196,0.9415528,0.58619225
2020-08-05,0.68265516,1.7053086,0.9478001,-0.15263265
2020-08-06,0.5402082,0.6135017,1.8379679,0.01351128
2020-08-07,0.1289497,-2.1222844,-1.1458666,0.7060582
2020-08-10,0.5686604,1.4560895,1.2491592,-0.33761063
2020-08-11,-0.7303474,-1.4726862,-2.3484097,0.09754353
2020-08-12,-0.8504312,0.5368101,-0.9356473,-0.2639921
2020-08-13,-1.4101949,0.53918713,1.4919289,-0.54854095
2020-08-14,0.28191182,-0.81620497,-1.5068204,0.119212486
2020-08-17,0.033061083,1.8423034,1.3685184,-0.055489298
2020-08-18,1.193631,1.2348797,0.29552615,0.6037142
2020-08-19,-0.31421342,-0.19850141,-0.99448305,-0.27228805
2020-08-20,-0.22205298,-1.2512718,-0.6041519,0.04094821
2020-08-21,-0.6619435,-1.064759,0.4344088,0.3794215
2020-08-24,0.32692346,0.8179058,-1.6079997,-0.017265111
2020-08-25,-1.2616128,0.6961954,-0.7134986,-0.65546334
2020-08-26,-0.27568018,0.37906024,2.0963638,-0.64629555
2020-08-27,-1.7636877,-0.30647647,0.44025925,-0.22130749
2020-08-28,0.3848908,1.3838949,1.0163451,0.18151334
2020-09-01,-0.98345494,0.9296092,1.4103612,-0.45716646
2020-09-02,-0.6547962,-1.7762414,-0.49393347,0.44232965
2020-09-03,0.1661388,-1.6722833,-0.11203296,0.23403795
2020-09-04,0.046707436,-0.12292282,1.1459166,0.20583008
2020-09-08,-0.5664594,-1.3832852,2.1819673,0.38793585
2020-09-09,0.46170205,0.77717465,-0.5116551,-0.6097612
2020-09-10,-0.9206472,-0.08377415,1.248634,-0.11978264
2020-09-11,-0.992007,0.556847,-0.3909516,-0.48219946
2020-09-14,0.8488072,0.8389734,0.5793451,0.032262538
2020-09-15,0.468168,0.8450634,-0.24643631,0.6174647
2020-09-16,-1.1225075,0.9918774,-1.0428859,-0.7367837
2020-09-17,-1.2868366,-0.078480124,-1.6730245,-0.6037336
2020-09-18,-0.7180971,0.4515277,0.55843437,-0.57631624
2020-09-21,0.35912788,-3.3103242,-0.6099335,0.831285
2020-09-22,-0.082722396,-0.20780914,0.17072852,-0.24356827
2020-09-23,0.33804023,-1.3990228,-2.1020753,0.25035477
2020-09-24,0.82300633,-0.41035292,-0.43836376,0.21716145
2020-09-25,-0.3571619,0.46296033,-0.3368277,-0.14500237
2020-09-28,0.8060391,1.7101643,0.40060267,0.2919273
2020-09-29,0.6394528,-0.022955097,1.6971611,0.3947391
2020-10-12,-2.257584,1.4074684,0.71415645,-1.4035213
2020-10-13,-0.9573886,-0.52059686,-1.3692806,-0.35404974
2020-10-14,-0.84938824,0.75589937,-0.08867613,-0.14804955
2020-10-15,-0.69713485,0.105233036,0.18550622,0.6188704
2020-10-16,0.39623284,0.22071305,0.42620072,0.33141398
2020-10-19,-0.3020683,0.17809948,0.7334367,0.3328465
2020-10-20,-0.046839543,1.0528438,0.114076585,-0.51545745
2020-10-21,-0.019932456,0.1941819,1.6484294,0.6136587
2020-10-22,-0.70114917,-0.031691078,-1.5439129,-0.1560118
2020-10-23,-0.72032344,-0.19993924,0.9227398,-0.03754477
2020-10-26,-0.04615178,-1.4696612,0.7028385,0.43684345
2020-10-27,0.8159854,0.8359518,-0.686601,-0.37410438
2020-10-28,0.85109824,-2.5966563,0.4511709,0.6555541
2020-10-29,0.56339794,-1.3905401,0.55874413,0.8621131
2020-10-30,-0.1360352,0.3065297,0.53668195,0.34412345
2020-11-02,0.15911715,1.1376332,-0.023763224,-0.57820517
2020-11-03,-0.1264208,1.6822051,0.15537244,-0.0721637
2020-11-04,-0.6612448,0.8240554,-1.8887945,-0.50625694
2020-11-05,-0.1917109,1.4099859,1.8955915,-0.310367
2020-11-06,0.3207797,-0.24537915,1.479155,0.7450079
2020-11-09,-0.624926,-0.15213802,-3.2863288,-0.40445128
2020-11-10,-1.1329538,1.6016153,0.24715967,-0.678734
2020-11-11,-0.2998906,-0.17480151,-0.8428254,0.63060397
2020-11-12,1.0188432,0.26648813,0.67150426,1.0127267
2020-11-13,-0.32541594,0.2038682,1.414756,0.63518554
2020-11-16,-0.68751276,1.6481934,0.15788068,-0.8305516
2020-11-17,-0.1767725,0.22617456,0.032204002,-0.14704195
2020-11-18,-0.6799211,1.0117679,-0.6316064,-0.20954338
2020-11-19,0.1448312,-0.25817314,-0.30224216,0.94809014
2020-11-20,0.76766056,1.195117,0.03515281,0.09743824
2020-11-23,-0.8012452,-0.4855044,-2.1703572,-0.41243696
2020-11-24,0.38261503,1.0036721,-1.5758877,-0.6998557
2020-11-25,1.0504352,0.16285002,-0.37342617,-0.5204396
2020-11-27,-1.1357884,0.40391245,-0.20044726,-0.46642974
2020-11-30,1.3473494,-0.45482677,0.12801237,1.3694844
2020-12-01,1.1154811,1.0235674,1.9571137,0.18690012
2020-12-02,-0.6383083,0.5709678,-0.39372098,0.18529454
2020-12-03,-0.78727585,0.7202794,0.21597731,-0.5588098
2020-12-04,1.0401456,0.7434387,0.106786944,-0.20983283
2020-12-07,-0.058618262,0.38055077,0.60085857,0.86616606
2020-12-08,0.84841436,-0.39730108,-0.14918381,0.56672215
2020-12-09,-1.2783601,0.03365131,-0.7378036,-1.0336818
2020-12-10,0.58147043,1.4627961,-0.7004723,0.44460952
2020-12-11,-1.5082408,-0.2453804,-0.25560302,-0.075273246
2020-12-14,0.36943853,0.5867752,-0.6513074,0.28188068
2020-12-15,0.25394326,1.0589646,0.67292446,0.05286649
2020-12-16,-0.042762868,0.6065173,0.13992994,-0.018104527
2020-12-17,-0.43080986,1.8130461,0.9124006,-0.25657225
2020-12-18,-0.36434308,0.497573,-0.74326026,-0.061190803
2020-12-21,-1.2561293,-1.2625396,0.820917,0.16470182
2020-12-22,-1.0699118,-1.1042833,-0.7428908,0.11039434
2020-12-23,-0.37887928,1.586731,-0.22745459,-0.73898524
2020-12-24,-0.271053,0.7542152,0.48901325,0.456399
2020-12-29,-1.4407068,0.3308899,0.06719119,0.0985435
2020-12-30,-0.9909681,0.5027915,1.0087817,-1.4844711
2020-12-31,-1.3046776,0.018305458,-0.09093239,-0.21348736
2021-01-04,0.68341947,1.0619624,1.783683,0.32662857
2021-01-05,-0.4793382,2.3801172,-0.7940675,-1.2247006
2021-01-06,-0.17479217,-0.30636245,-1.6324475,0.21754022
2021-01-07,1.1412375,0.5204067,0.15348738,0.34411082
2021-01-08,-0.7171389,-1.0543426,-2.931967,0.16138303
2021-01-11,-0.08158612,-0.657704,0.11215348,0.8749195
2021-01-12,-1.6965302,0.98137474,0.18243043,-0.6045976
2021-01-13,-0.13480367,0.907284,0.65644604,0.505651
2021-01-14,-1.4207897,1.0250444,0.45429957,-0.369145
2021-01-15,0.14564312,-2.1165442,-0.499718,0.27148893
2021-01-19,1.2166612,0.35511342,0.05450705,0.8290353
2021-01-20,1.0117851,1.037324,0.7307886,0.44590977
2021-01-21,-0.21136023,0.44073418,0.3037721,0.172422
2021-01-22,2.367773,-1.0367584,-0.5547225,0.8996659
2021-01-25,-1.3142606,0.54175276,-0.45133018,-0.16798927
2021-01-26,-1.9613162,0.25895867,-0.07127098,-0.5590038
2021-01-27,-0.9090508,-0.7411943,-0.7681646,-0.23058864
2021-01-28,0.6552793,-0.3124207,0.4626937,0.2696307
2021-01-29,-1.205898,0.6025358,0.8898394,-0.17567888
2021-02-01,0.59397066,1.9285983,1.1291544,0.018068898
2021-02-02,0.13580725,-1.1504035,-2.3335714,-0.024676882
2021-02-03,-0.15308335,1.0886984,0.12643005,-0.29315177
2021-02-04,-0.17984831,-0.26557258,-1.5687392,0.041833576
2021-02-05,0.5959179,1.7086954,0.97270733,0.11334703
2021-02-22,0.24014235,3.8796637,-0.21258956,-1.2141831
2021-02-23,-0.8556929,-0.018345974,-0.90532416,0.29708695
2021-02-24,-0.7613675,1.5619713,-0.36051217,-0.9315947
2021-02-25,0.7311817,-0.5325983,-0.60566765,1.1149697
2021-02-26,-0.567708,-2.4094446,-1.2875053,0.5900316
2021-03-01,1.9426035,-0.21355994,-0.28440994,0.2330237
2021-03-02,-0.50015014,1.1619507,1.2701983,-0.067108184
2021-03-03,0.1834409,-1.2958996,-1.8836442,0.3828468
2021-03-04,-0.6822957,-1.0964592,-2.317681,0.00948219
2021-03-05,-0.8815275,1.3958597,-1.0427474,-0.4516001
2021-03-08,-0.23946784,-0.060092833,0.37164122,0.43084395
2021-03-09,0.29454833,0.115804255,1.4965508,0.2659468
2021-03-10,1.4227402,0.11225325,-0.009535588,-0.12639304
2021-03-11,-0.015185943,1.4036225,-0.5315257,-0.6648435
2021-03-12,0.16195855,-0.14701624,-0.6378269,0.09190219
2021-03-15,0.39260876,0.37455717,1.2753054,0.53268576
2021-03-16,-0.77533543,-0.3618691,0.24161702,0.04435175
2021-03-17,0.34962425,-0.35730854,0.48581064,0.2989438
2021-03-18,0.9473024,-1.7509304,1.8313969,1.2969545
2021-03-19,-0.4818673,0.8569759,-0.31571925,-0.0697883
2021-03-22,0.3380396,0.23607764,-0.84423566,0.33397576
2021-03-23,-0.7540949,-1.8802135,1.0432839,0.40370432
2021-03-24,-0.07767047,1.248414,-1.6240137,-0.48096585
2021-03-25,0.8686867,-2.2062716,0.86083853,1.1371723
2021-03-26,1.0930437,1.8205276,-0.62024003,-0.38565573
2021-03-29,0.2633631,-0.71244776,-0.97101057,0.00081608555
2021-03-30,1.0391428,-1.7645056,-0.875333,0.65738505
2021-03-31,-2.0475392,0.7793999,1.0379094,-1.0015234
2021-04-01,1.5654511,0.36695188,-0.403959,0.1806026
2021-04-06,0.025427595,1.3623601,1.6061697,0.20349438
2021-04-07,-0.29719657,-0.42855513,-0.14278506,0.084080175
2021-04-08,-1.0469841,1.0302525,0.8257735,-0.51345265
2021-04-09,-0.51272255,-0.9042489,-0.64934444,-0.114896156
2021-04-12,0.6733922,-1.403608,-1.0511607,0.40780494
2021-04-13,-1.0164567,0.96198034,0.40778205,-0.43119952
2021-04-14,-0.9817891,1.8892794,-0.9316007,-0.92600816
2021-04-15,0.25099134,1.4977938,0.99357915,0.04001106
2021-04-16,-0.49226323,0.21456671,0.29127958,0.5361731
2021-04-19,-0.3989193,0.027535135,-0.3491839,-0.025251038
2021-04-20,-1.9648317,0.17819564,0.43100226,-0.45350724
2021-04-21,-1.1825024,1.134978,1.5131639,-0.49213454
2021-04-22,-2.3545134,0.16809024,-0.08200502,-0.6884161
2021-04-23,-0.14662294,1.0125854,0.041785292,-0.5021493
2021-04-26,-1.5960345,1.332382,0.67613673,-0.61822104
2021-04-27,-0.74456847,1.0988497,-0.26205835,-0.29290873
2021-04-28,0.33767477,0.009157987,-1.1568642,-0.7628218
2021-04-29,0.378357,-0.23472625,-0.64488035,0.3175798
2021-04-30,-2.065831,0.2942674,0.61803603,-0.39493865
2021-05-06,-0.297329,2.4747176,1.1929196,-0.308032
2021-05-07,-0.05711261,1.2874097,0.45608398,0.031944767
2021-05-10,1.526067,-0.38510066,-0.3200495,0.43943438
2021-05-11,-1.180632,0.5116833,-0.226757,-0.24498904
2021-05-12,-0.33729026,-0.27934802,-1.3456562,0.4069579
2021-05-13,1.7952634,-1.536508,0.21882917,1.5940547
2021-05-14,1.8588216,0.4564256,-0.3306641,0.13273777
2021-05-17,2.0327175,1.4669073,0.3587502,0.3470623
2021-05-18,-0.14135805,0.23168308,0.2695779,-0.0010841365
2021-05-19,0.36326602,-2.4818037,0.7268615,0.7654355
2021-05-20,0.12554596,-0.7861731,1.0535563,-0.081119925
2021-05-21,0.1756911,-0.7737989,-1.4592037,-0.11113544
2021-05-24,0.6740256,1.240943,-0.64468116,0.34362826
2021-05-25,1.6909534,0.3138868,0.03791945,0.6406166
2021-05-26,0.3351222,0.27829432,0.12046369,-0.3706355
2021-05-27,-1.6963212,1.234903,0.25245538,-0.5925649
2021-05-28,0.77729076,0.26973853,0.3912565,0.5787589
2021-06-01,-2.0528908,0.74764717,-0.19152957,-0.7047105
2021-06-02,-0.04299601,0.17973687,-0.6019247,-0.47683376
2021-06-03,0.2646691,-1.9271731,-1.2839023,0.297993
2021-06-04,-1.4510814,1.5154198,0.4825104,-0.51400137
2021-06-07,0.8331576,-0.44185594,0.29916945,0.6630721
2021-06-08,-0.49285257,0.4257679,-0.68379194,-0.45554954
2021-06-09,-0.27947703,0.1899043,0.24175864,0.06871123
2021-06-10,-0.19305782,-0.0011985735,-0.19201829,0.12942727
2021-06-11,1.8068246,-0.30179667,-0.38157067,0.33418083
2021-06-15,1.4712983,-1.5046085,-0.9095774,0.57032114
2021-06-16,0.83832055,-0.12152986,0.186979,0.22727758
2021-06-17,1.5976042,-2.8088996,-1.3490438,0.88670707
2021-06-18,-2.3984714,0.0500682,-0.029039428,-0.8223111
2021-06-21,-0.5698405,1.2394421,-0.052314963,-0.26182035
2021-06-22,1.0567901,0.50033116,-0.22949232,0.26233122
2021-06-23,-0.3216181,1.3800771,0.5037307,-0.20240107
2021-06-24,0.75725055,0.09781589,-0.18920065,0.29969218
2021-06-25,1.8811271,-0.06502619,-0.16388272,0.55597275
2021-06-28,-2.3940716,0.3882516,0.42443374,-0.75446594
2021-06-29,-0.96695817,0.23281693,-0.8742564,-0.13623486
2021-06-30,-2.392001,0.37441227,0.49019977,-1.0893661
2021-07-01,0.34474358,0.000116764626,-0.78427464,-0.03486151
2021-07-02,1.3350903,0.8356651,-0.0035433415,0.41289738
2021-07-06,2.5452561,-1.1221795,-0.3959185,1.036314
2021-07-07,-0.36560377,-0.028083136,1.0402069,0.03226539
2021-07-08,0.31146377,-0.47808763,-1.0803998,0.067270204
2021-07-09,1.1132267,1.544151,0.02405626,-0.17916608
2021-07-12,-2.1603425,0.41750696,0.16104646,-0.6029985
2021-07-13,-0.5777642,0.62827903,-0.7374837,-0.21324015
2021-07-14,-0.86949724,-0.08228922,1.2447519,0.12266905
2021-07-15,2.400488,-0.09192486,-0.026621753,0.48855782
2021-07-16,-0.59414786,-0.1614705,-0.8462942,0.330706
2021-07-19,0.17353494,-2.9583278,1.0442636,1.2604053
2021-07-20,-1.2832873,1.047743,-0.010729469,-0.26235014
2021-07-21,-0.016086815,1.077683,-1.516204,-0.49877697
2021-07-22,1.4329047,1.2026551,-0.4393552,0.32041064
2021-07-23,1.2340804,0.1321575,-0.5910134,0.17667298
2021-07-26,0.13519949,1.468877,0.31512767,0.08702319
2021-07-27,-0.39240965,-1.0342573,-0.60852563,0.009022078
2021-07-28,-0.8233739,0.46314308,0.37645596,-0.58343333
2021-07-29,0.1262155,1.6499554,0.7943052,-0.04144374
2021-07-30,1.1915451,-0.95970404,-1.0471029,0.65046585
2021-08-02,-0.9466529,-0.6687826,1.6506815,-0.09060704
2021-08-03,0.49871492,-1.0240176,-0.24464189,0.4001881
2021-08-04,0.20046163,-1.2371812,0.540595,0.22847915
2021-08-05,-0.49140084,0.52016056,-0.7421168,-0.24699165
2021-08-06,-1.3770596,-1.1657889,-1.2076014,-0.35083148
2021-08-09,-0.779925,-1.0929242,-0.9876335,0.85823435
2021-08-10,-0.07592375,1.6496521,-0.25418872,-0.61117244
2021-08-11,1.350249,0.82737464,0.3720018,0.64548576
2021-08-12,-1.4355812,0.08404496,0.05287342,0.05681596
2021-08-13,-0.06497291,0.90442383,1.5007691,-0.045381133
2021-08-16,1.0841765,-0.09879561,0.42069268,2.046301
2021-08-17,0.5124661,-1.3130853,-0.35396707,0.7498306
2021-08-18,-0.36903805,-0.90943146,-0.02479714,0.37007207
2021-08-19,0.9421044,-2.175244,0.5068873,1.1132078
2021-08-20,1.6642649,-0.5383609,0.4813797,0.41407084
2021-08-23,0.475744,2.3878603,-0.7841179,-0.2808516
2021-08-24,-0.76180863,1.6553413,-0.7528704,-0.17015506
2021-08-25,-0.55825365,0.49768505,-1.5522621,-0.26825437
2021-08-26,-0.89091575,-0.71231556,0.23066795,0.2759636
2021-08-27,0.4426907,1.7467759,0.5790047,-0.013573683
2021-08-31,2.362185,0.11327348,-0.17943728,1.3700762
2021-09-01,1.3320515,-1.0918489,0.13789971,0.3268525
2021-09-02,-0.24680895,0.84872746,-1.3879175,0.34129658
2021-09-03,0.7560002,1.0856878,1.3139167,0.45586303
2021-09-07,0.9013649,-1.0541743,-0.4909791,1.3527327
2021-09-08,0.41430667,0.04628083,-1.057086,0.89488643
2021-09-09,1.5401626,0.06780953,0.54210776,1.1661586
2021-09-10,0.16805185,1.0375443,-0.90376574,0.24782217
2021-09-13,-0.0030082436,-0.3726294,-0.9029613,0.6147199
2021-09-14,-1.0126054,-0.31271353,-0.07759911,-0.34887457
2021-09-15,-1.7359333,1.2611685,-0.49811083,-0.35623434
2021-09-16,-0.2667216,-1.3622246,-1.4647677,0.5892478
2021-09-17,0.8018512,-0.6108569,-0.2363868,0.61066693
2021-09-22,0.5717289,1.1015714,1.208961,0.7828684
2021-09-23,-0.5455892,0.6248749,-1.4915309,0.10815151
2021-09-24,0.29829082,0.46017763,-0.9002807,0.21062775
2021-09-27,-0.55387014,0.75969505,-1.2804343,0.84290916
2021-09-28,0.5541867,-0.27113026,-0.6532498,0.93123215
2021-09-29,-0.8311216,-0.89313227,-1.281871,0.2051516
2021-10-11,0.59831727,3.05788,-0.16869797,0.10251661
2021-10-12,1.3737502,-0.36750287,-0.12357029,0.9537483
2021-10-13,1.8124365,1.3810447,0.86227405,0.27639455
2021-10-14,0.5204439,1.6020308,0.45047727,-0.8155776
2021-10-15,0.2899474,1.1837895,-0.16647312,-0.06293075
2021-10-18,-0.94432974,-0.71981657,-0.018718626,0.0517795
2021-10-19,-0.46838444,-0.3616529,0.46945953,0.10604956
2021-10-20,-0.7533942,1.216716,0.60014033,-0.78370327
2021-10-21,0.18307805,-2.5068371,0.045376487,0.36878818
2021-10-22,-0.5969782,-0.02939698,0.19189641,-0.9013532
2021-10-25,0.048574604,1.1058986,0.02597847,-0.28783926
2021-10-26,-0.697148,-0.78093064,-1.1272682,-0.022325508
2021-10-27,-1.0130291,-1.6466486,0.34936094,0.24963668
2021-10-28,0.04794773,0.21021508,0.89349705,-0.64404494
2021-10-29,-0.4609615,-0.38914216,-0.753398,-0.110565156
2021-11-01,-0.27471516,0.030904654,1.7427144,-1.5754732
2021-11-02,0.33654183,-0.93025917,-1.1052259,0.2772812
2021-11-03,0.20498614,-1.310449,0.0497049,1.1675272
2021-11-04,0.612401,-0.6779445,1.4808834,0.28471506
2021-11-05,1.1434175,0.8092454,-0.20076942,-0.01666564
2021-11-08,0.8929161,1.1970943,0.48405692,0.50411993
2021-11-09,-1.2158357,0.2362148,-0.5944477,-0.7461899
2021-11-10,-0.8362386,0.056969434,2.0048196,-0.48120797
2021-11-11,-0.048074152,1.3664287,0.9027688,0.07213715
2021-11-12,-0.86777514,-0.092308156,1.3708773,-0.2138815
2021-11-15,-0.07789369,-0.87576455,-0.2253178,-0.28752315
2021-11-16,0.11165595,-0.5165938,-1.3851424,0.16861656
2021-11-17,-1.297273,0.042098828,1.4215361,-0.13047318
2021-11-18,0.6173975,-0.3254729,-0.81392276,0.26626426
2021-11-19,0.3833838,-0.34974217,1.2724091,0.72964215
2021-11-22,-0.9457325,0.0475318,-1.6304079,-0.29365692
2021-11-23,-0.9951312,0.07401504,-2.2273307,-0.39294547
2021-11-24,0.6286535,0.8426465,0.13998856,0.7656008
2021-11-26,0.15490828,-3.1817338,2.0443113,1.280538
2021-11-29,1.1015397,0.35302287,-0.7281023,-0.019755166
2021-11-30,1.2167811,-2.3857064,1.0029386,1.2893972
2021-12-01,-0.35494936,0.13320306,0.19432493,0.59890443
2021-12-02,-1.5436829,-0.07838233,-0.56961954,-0.7596751
2021-12-03,-0.63006556,0.6745752,0.54655206,0.06295677
2021-12-06,-0.16215707,0.9840737,-1.2577368,-0.49316147
2021-12-07,0.73545045,1.366964,-0.68009824,-0.4407702
2021-12-08,0.969726,0.7293286,-0.4779024,0.67504406
2021-12-09,0.13379306,-1.2028462,-0.45770308,1.0521328
2021-12-10,0.31227297,0.03221564,-0.27206606,0.5475061
2021-12-13,0.45941472,0.096261725,0.38825378,0.94712234
2021-12-14,-0.53958595,-1.175515,-0.4985821,0.2427898
2021-12-15,-0.19887131,-0.761138,-1.0140842,0.0037365004
2021-12-16,0.39912444,2.7294822,1.0632548,-0.38368624
2021-12-17,-0.097433016,-0.3686975,1.1764197,0.68366456
2021-12-20,0.17237025,-1.7897074,0.41415384,1.0458227
2021-12-21,-0.41760424,2.061946,-1.1724823,-0.8422848
2021-12-22,-0.07691904,2.19557,0.6264496,-0.4910259
2021-12-23,-0.16264881,0.87749606,-0.24946536,0.028728556
2021-12-29,0.6908438,0.9027958,-1.7579039,0.7712427
2021-12-30,1.3793327,0.0744678,0.14343686,0.49466738
2021-12-31,0.50633687,-0.15774487,1.3672633,0.51820964
2022-01-04,-1.2879086,1.2306482,-0.9024549,-0.3482619
2022-01-05,0.80130863,0.75645393,-0.30149677,0.58189505
2022-01-06,-0.2796692,-0.87705004,-2.2711644,0.6180061
2022-01-07,-0.29191566,0.64120644,0.28380015,0.58731806
2022-01-10,0.6903614,-0.6419055,-0.23511954,1.1344315
2022-01-11,0.6940069,2.4148123,-0.00095895206,-0.455806
2022-01-12,0.60629135,1.4811276,-0.15711622,0.2588849
2022-01-13,1.3144794,-0.60234195,-0.2659257,0.91791964
2022-01-14,-0.42835233,0.14697586,-1.261616,0.06959357
2022-01-18,-0.6946082,1.3452538,-0.18580647,0.16451944
2022-01-19,-0.7466353,2.2585564,1.243009,-0.41982815
2022-01-20,0.009021209,1.5745432,0.910579,0.104285434
2022-01-21,-0.0056871823,-1.0224522,-0.70573246,0.6071811
2022-01-24,-0.7373425,-1.613498,0.13649787,0.6975966
2022-01-25,-0.20258118,1.0710231,-0.5137103,-0.441582
2022-01-26,0.21566002,1.0506169,-1.4022965,0.77975845
2022-01-27,0.5623011,-0.868346,-2.0815156,0.43124804
2022-01-28,-1.6649716,-0.41548088,-0.27515298,-0.2194182
2022-02-07,-0.20296238,2.6287408,-0.18007533,-0.34404668
2022-02-08,0.1257766,-0.6605972,1.4133215,0.38652948
2022-02-09,-0.7820743,1.4339505,0.5224515,-0.30059144
2022-02-10,1.1731216,0.24586518,0.17060232,0.08812637
2022-02-11,-1.3602018,-0.36444035,-1.43287,0.006839114
2022-02-14,0.7799025,1.0647285,0.1331677,-0.18632403
2022-02-15,1.1568468,-1.0671405,0.42512575,0.8470219
2022-02-16,-0.18280931,1.3891168,0.27245712,0.06517096
2022-02-17,-0.091442585,0.3980485,2.0174327,0.03924694
2022-02-18,-0.7785323,0.21272708,-0.22477128,0.3118576
2022-02-22,-1.5636735,1.4629998,-0.26348478,-0.22992902
2022-02-23,-0.9111977,0.40776905,-0.36629042,0.91340584
2022-02-24,-0.5020528,1.186611,-0.843195,0.35398045
2022-02-25,2.3500342,-1.7215105,-0.59565943,1.1475688
2022-02-28,-2.193345,1.3063403,-0.4996033,-0.9705051
2022-03-01,-1.021017,2.9225733,-0.55963117,-0.6758175
2022-03-02,-0.115725234,1.7442235,-2.294718,0.25934502
2022-03-03,-0.27629113,0.8007612,1.6795971,-0.65939707
2022-03-04,0.49499932,2.9195764,-0.8077935,-0.57626474
2022-03-07,1.0028328,2.4017935,-0.090316065,0.12008604
2022-03-16,0.5490086,-3.6261888,1.7581183,1.4012856
2022-03-17,-0.30486155,2.662134,-1.9177253,-1.3159307
2022-03-18,0.40840155,-0.51645243,-1.3503749,0.19772546
2022-03-21,-0.9500063,1.4236395,-1.8076385,-1.0755383
2022-03-22,-0.63983387,-0.9437452,-1.3563974,0.23946092
2022-03-23,0.9642456,2.715162,-0.42418835,-0.4069987
2022-03-24,1.2613748,0.60975057,1.346735,0.53538334
2022-03-25,-1.0278778,-0.38867408,-0.8667553,-0.58690995
2022-03-28,0.74835044,-2.5166838,1.3148123,0.28708595
2022-03-29,1.0980575,-2.2809384,-0.36532775,0.5332234
2022-03-30,-0.46150512,1.4010347,0.34285566,-1.901706
2022-03-31,0.3420105,-1.4856521,1.6588808,0.8860916
2022-04-01,1.1720538,-0.88216794,-0.11491975,0.57318944
2022-04-06,-2.2540135,-0.4154243,0.1134134,-0.0014712152
2022-04-07,-0.5324293,-0.62931705,1.1529104,0.076981574
2022-04-08,-1.3271496,1.417528,-0.27786273,-0.726572
2022-04-11,-0.22011423,-1.3045105,0.84731674,-0.26640227
2022-04-12,-0.14948064,2.1489186,-1.1166222,-0.60418844
2022-04-13,0.119450405,1.6120458,-1.2312707,-0.8258827
2022-04-14,0.0018703952,0.8712257,-1.6706302,-0.21988636
2022-04-19,-1.3184398,-0.36990276,0.58682555,-0.057845864
2022-04-20,-1.0118456,-0.098985106,-0.7446277,-0.40854466
2022-04-21,0.76213163,-0.0067690327,-0.6702295,0.36108062
2022-04-22,-0.25791705,-1.6318035,-0.84774804,0.23598616
2022-04-25,-0.8152066,-2.4206383,-0.74399877,0.14994399
2022-04-26,-0.24325855,1.3664135,-1.501978,-0.90276194
2022-04-27,-0.20742685,0.9081751,-1.5062404,0.13050723
2022-04-28,-0.76482236,0.5533729,-1.3529778,-0.83501136
2022-04-29,0.6775905,-0.14117911,0.7668336,0.34429383
2022-05-05,-0.3034039,-1.2783604,-0.68464166,0.44091108
2022-05-06,-0.12362231,-1.0534966,-0.1973656,0.6006321
2022-05-09,0.17330828,-3.0656083,0.46862137,0.61615187
2022-05-10,-0.5055064,-0.46035868,-0.3056556,-0.03299116
2022-05-11,-0.58966494,2.0931706,-0.21764018,-0.7477189
2022-05-12,-1.6200521,-1.2498854,-1.409527,-0.14655258
2022-05-13,-0.03736642,0.5639829,-0.9878838,-0.1648771
2022-05-16,-0.17276168,1.146279,0.04533963,0.35673204
2022-05-17,0.19129716,0.5970827,1.4742867,-0.1775866
2022-05-18,0.89134896,-2.1472874,0.744701,0.76088303
2022-05-19,1.3457526,2.2021706,0.46182016,-0.001327491
2022-05-20,0.122664794,-0.14604153,-0.35161248,0.21085481
2022-05-23,0.33612666,0.55188733,0.38747016,0.23807862
2022-05-24,1.0098243,-0.41657186,-0.06779503,0.38990477
2022-05-25,0.20731333,-0.28157544,-1.3886526,0.7149561
2022-05-26,-0.4675918,0.9788195,-0.8736777,-0.19347936
2022-05-27,0.32656217,1.3279855,0.0037723396,0.32619223
2022-05-31,2.2780862,-0.25232095,-0.77225906,0.87214595
2022-06-01,1.4199684,-0.10354269,0.2369143,0.11656427
2022-06-06,-0.4618044,2.3040037,-0.7877515,-0.61843216
2022-06-07,-0.5694395,-0.55393714,0.27670202,0.021927668
2022-06-08,-0.6448846,0.6042228,-0.31369653,-0.6867478
2022-06-09,-1.1893109,-0.43117434,-1.1924311,-0.36282024
2022-06-10,0.097503535,-1.3623335,0.6885057,-0.058416687
2022-06-13,-0.295552,-2.3882241,-0.7876252,0.6748919
2022-06-14,-0.35240036,-1.2607344,-0.5354967,0.05771099
2022-06-15,0.7909114,0.6763923,0.8463667,0.10390782
2022-06-16,-0.92697066,-0.0018609155,0.8174597,-0.27936924
2022-06-17,0.47727036,-2.1878443,1.2898687,0.98710436
2022-06-21,2.280544,0.5612328,-0.18527623,0.40116677
2022-06-22,0.04452317,-1.7946506,-0.28796095,0.915974
2022-06-23,1.2884873,-2.3096766,-0.18580899,1.007782
2022-06-24,-0.39010352,-1.3681713,-0.3029579,0.33901393
2022-06-27,0.2111182,-0.21048646,0.44125068,0.15160315
2022-06-28,-1.1519866,0.28425118,-0.25767946,-0.39601654
2022-06-29,-0.2817377,0.113784514,0.47723737,1.1614503
2022-06-30,0.23473749,-2.4239948,0.9124662,0.88945377
2022-07-01,0.9992962,-1.5704598,-1.6026666,0.67212385
2022-07-05,0.9506964,-3.2685113,1.2351897,1.5000182
2022-07-06,-0.40216112,-1.3744416,0.8429026,0.3670392
2022-07-07,-0.08549718,2.6912212,-1.3932009,-1.2357172
2022-07-08,-2.3028429,0.57927775,0.36021295,-1.0010197
2022-07-11,-0.044065323,-0.7208238,-1.425899,-0.36657223
2022-07-12,1.7446804,-2.5014527,0.29383972,1.2524618
2022-07-13,-0.10871802,-0.38780585,1.0951896,0.25867707
2022-07-14,0.46294042,-2.6290603,-1.0074052,0.39807764
2022-07-15,2.9346986,0.4316212,-0.61526906,0.9112466
2022-07-18,-0.6103971,2.5899563,0.49993306,-0.6798741
2022-07-19,0.90244067,-1.1315335,-0.31299466,0.44673276
2022-07-20,1.4861894,0.11480651,-0.20967533,0.7194028
2022-07-21,1.0464323,-1.3564887,1.3139619,1.0887251
2022-07-22,1.8004291,0.72562516,0.17842674,0.45870316
2022-07-25,-1.1221212,0.07200939,-1.0472286,-0.43918264
2022-07-26,-1.8610934,0.5546009,0.33097583,-0.5182088
2022-07-27,-0.2393611,1.4066063,-0.73685485,0.17022768
2022-07-28,-1.0707978,1.8988671,1.5175092,-0.70148695
2022-07-29,0.683852,2.1616676,0.82471204,-0.116015814
2022-08-01,0.45671895,-2.0351405,2.372558,0.94389063
2022-08-02,1.2800957,-1.0074625,-0.36026153,0.492268
2022-08-03,-0.13150379,-1.265241,0.00870602,0.28834534
2022-08-04,-0.55562204,0.71803206,2.4415116,-0.39786175
2022-08-05,-0.30616015,-0.057136655,0.0759869,-0.5053251
2022-08-08,-0.021537796,0.7970737,1.0135332,0.17646138
2022-08-09,-0.6882595,1.3384411,-0.8510773,-0.40007678
2022-08-10,-0.20232615,1.6642962,-0.18764177,-0.3391082
2022-08-11,-0.5154993,1.4913536,-0.5984918,-0.66047716
2022-08-12,-0.6161709,-0.29579648,0.073872134,0.12441019
2022-08-15,1.5087769,-2.1480777,-0.08882409,1.1492051
2022-08-16,1.9889,-0.41292316,-0.16806884,0.6651748
2022-08-17,-0.6283387,-0.5301407,-1.6614071,0.06470693
2022-08-18,0.6879806,-0.035843167,-1.4876059,0.36663368
2022-08-19,-1.2324213,0.30221054,-0.7116603,-0.45238274
2022-08-22,-1.6523734,-0.037208915,-0.35345304,0.0116581535
2022-08-23,-1.5766369,1.1746707,-0.1705848,-0.41590548
2022-08-24,-0.7473977,0.24287663,-0.5966233,-0.047357317
2022-08-25,1.3251947,0.42308736,0.7107827,0.77909756
2022-08-26,-1.6483132,0.43514234,-0.9028746,-0.56833386
2022-08-30,-0.18451425,-2.609631,0.17790224,0.38439316
2022-08-31,-0.54471254,-1.0161036,0.3399759,0.5472403
2022-09-01,0.8928903,-3.0323668,0.62412226,1.1429689
2022-09-02,-1.5545565,0.66979307,-0.04010178,-0.38186973
2022-09-06,0.17360593,0.21197706,0.6906147,0.47291884
2022-09-07,-0.0524223,-0.84252155,1.9251399,0.15118922
2022-09-08,0.50338227,1.0136529,0.3391999,-0.14926285
2022-09-09,-1.2270055,1.832482,0.08656078,-0.82035327
2022-09-13,-0.6479166,1.071857,0.64538395,-0.12485115
2022-09-14,0.8058858,-0.72957855,0.16884767,0.31816056
2022-09-15,1.4228156,-2.181808,0.40589944,1.3593009
2022-09-16,-0.17585514,0.13405882,0.5485669,-0.1176413
2022-09-19,0.46747866,0.19240853,-0.59353226,0.28161466
2022-09-20,-1.842537,0.085151576,0.19902879,-0.8082493
2022-09-21,0.4417302,-0.6839203,0.26351961,0.25746697
2022-09-22,-0.74892426,0.68127966,-0.3628125,-0.094231375
2022-09-23,0.4429798,-3.3327932,0.2246678,0.96171397
2022-09-26,0.47476554,-2.2648787,-0.3099534,0.84056973
2022-09-27,-0.16739999,0.45515236,-1.6954478,0.051941525
2022-09-28,0.1208351,2.227163,-0.29723004,-0.24915099
2022-09-29,0.34999222,0.76910424,0.7807202,0.47168908
2022-10-10,-0.085138954,2.8751433,-1.7795415,-1.4575152
2022-10-11,0.7679308,-0.79575884,0.55872554,0.6480119
2022-10-12,-0.019812008,-0.76733595,-0.4122592,0.54593736
2022-10-13,0.07249396,0.61688375,-0.3265249,-0.3524841
2022-10-14,0.74251735,-2.0591993,-0.21315467,0.93065494
2022-10-17,0.38964424,-0.3104107,0.89104056,0.36990526
2022-10-18,-0.1368364,-1.0692291,0.53387874,0.18539219
2022-10-19,-0.29997084,-0.7813373,-1.273148,-0.13060737
2022-10-20,0.3582565,1.2302717,1.395419,-0.0026611222
2022-10-21,-0.027631808,0.9169741,1.1395233,-0.05640887
2022-10-24,1.0973123,-0.26627642,-0.83385676,0.35427415
2022-10-25,-0.017281003,0.47375372,-0.9244339,-0.2494391
2022-10-26,1.0850459,2.1216834,0.18694259,0.47951683
2022-10-27,0.3992171,-0.3191911,-0.94850266,0.08578858
2022-10-28,-0.363507,-1.8157613,-1.2499293,0.13939051
2022-10-31,-2.01375,-0.5919768,0.54316217,-0.2061429
2022-11-01,-0.32058424,0.35602206,2.573272,-0.39539036
2022-11-02,1.0143245,0.8691838,-1.2113589,0.6897045
2022-11-03,-0.17053576,-0.8427374,-1.2641968,0.032749377
2022-11-04,0.8839717,3.1281388,0.9839705,-0.2853569
2022-11-07,0.5303524,-0.61760694,0.9035516,-0.017766984
2022-11-08,0.84710073,0.6047176,2.1590428,0.17593808
2022-11-09,-0.47277808,-1.3285677,1.3842124,0.30819064
2022-11-10,1.5273082,1.4881915,1.216884,-0.20979492
2022-11-11,0.19041131,1.842815,0.54579514,0.3947513
2022-11-14,0.4192723,0.047328737,1.3990197,0.3301997
2022-11-15,-1.0219716,0.06955897,-0.60157484,-0.7135853
2022-11-16,0.54930055,-1.6139756,-0.19293638,0.50106263
2022-11-17,0.14469261,-2.6292815,-0.17025928,0.7890443
2022-11-18,-0.3271694,-0.16067475,0.40809184,0.38386822
2022-11-21,-0.4294649,-1.1306995,-0.5058391,0.39230183
2022-11-22,0.9281959,1.4220902,-0.25143945,0.031913448
2022-11-23,-0.3704212,-0.4894134,1.4091825,0.31945604
2022-11-25,-0.49391094,-1.1029586,1.4466064,0.38636276
2022-11-28,-0.48814827,-0.28957453,-0.37107912,0.468332
2022-11-29,0.4039624,1.294724,0.16342075,0.032447454
2022-11-30,0.93461764,2.3944254,-0.39266855,-0.44055492
2022-12-01,1.7888716,0.73225313,1.3416151,0.15209809
2022-12-02,0.77819985,-0.56071407,1.2994778,0.5735927
2022-12-05,0.36724722,-2.094959,0.46522078,0.8535513
2022-12-06,0.029364873,-1.0662583,1.6081012,0.60029143
2022-12-07,0.07201041,0.10688641,2.1674783,0.005989243
2022-12-08,-0.1588436,0.22423159,0.31312445,-0.24934892
2022-12-09,0.52315634,0.25944418,0.6968586,0.35835534
2022-12-12,-1.0497128,-0.13224591,-1.8393257,-0.42056617
2022-12-13,-0.04548443,2.3365421,-0.58087265,-0.5522739
2022-12-14,-0.030392522,0.7804837,-1.4273878,-0.3817296
2022-12-15,-0.64060116,-1.897103,-0.8474792,0.14429343
2022-12-16,-0.2468626,-1.2663189,1.4608518,0.12027902
2022-12-19,-0.0064381864,-0.42981192,-0.27800983,-0.079396635
2022-12-20,-0.34785455,1.7754517,1.7410271,-0.3925014
2022-12-21,-0.99842167,0.737707,-0.9460696,-0.7356811
2022-12-22,-0.4251,-1.3734663,-0.79784274,0.3216053
2022-12-23,0.19415794,1.6833353,-0.4507383,-1.0056256
2022-12-28,-0.9298361,0.14777279,0.7999342,-1.1998876
2022-12-29,0.38922018,0.4602288,1.4274464,0.12412206
2022-12-30,0.13513757,0.0705197,-0.81383604,-0.15984021
2023-01-03,0.72722393,-1.2507846,1.9194392,0.9613083
2023-01-04,0.6742197,-2.0058324,1.2613318,0.91854453
2023-01-05,-0.25690892,-0.6032869,-1.1717042,-0.14597122
2023-01-06,0.29690027,1.5309541,1.3512353,-0.26099902
2023-01-09,1.1865627,1.4877697,-0.16097122,-0.3841476
2023-01-10,0.08893527,-0.015780244,-0.5662858,0.14574668
2023-01-11,0.6451657,0.8391645,-1.0017562,-0.59079826
2023-01-12,-0.76961404,1.2167507,0.4183113,-0.09816443
2023-01-13,0.012042456,1.0648509,0.2642957,-0.40173537
2023-01-17,-1.1165363,0.0034709803,-0.76543486,0.17603332
2023-01-18,0.9970237,0.53703666,-0.01088263,0.6809992
2023-01-30,-0.45657712,-0.60497034,1.9296885,-1.3015217
2023-01-31,-0.3462227,0.91551435,0.286162,-0.46934032
2023-02-01,-0.22958899,-2.1421268,1.1470286,0.6668802
2023-02-02,0.08591212,-0.09945673,1.1069067,-0.5857079
2023-02-03,-0.5210035,-2.8823075,-0.44860694,0.18250024
2023-02-06,-0.33889225,-0.89904493,-0.7385377,0.582813
2023-02-07,0.023685234,1.4914775,-1.644398,-0.7140409
2023-02-08,-0.63744044,-0.23662649,0.59574586,-0.9510341
2023-02-09,0.887055,-0.5966744,0.44629285,0.10008479
2023-02-10,-1.8589933,-0.3742645,-0.9130503,-0.89362866
2023-02-13,0.119740516,0.06171193,-0.63493377,-0.3771951
2023-02-14,-0.17567582,-0.038494516,-0.028191032,0.29585773
2023-02-15,0.020197144,-1.5705757,-0.41310465,-0.27315825
2023-02-16,-0.07509145,0.4212052,1.4216,-0.050173603
2023-02-17,-0.5191542,-0.9131823,1.3479747,-0.10593414
2023-02-21,0.061627407,1.840498,0.8086015,-0.5313127
2023-02-22,-0.032422766,-1.104068,1.032505,-0.9662982
2023-02-23,0.35546023,-1.194232,-1.1425077,-0.18675931
2023-02-24,0.17775036,-1.3698907,-1.5222056,-0.2504916
2023-02-27,1.5816431,0.9475542,0.47185406,-0.15442537
2023-02-28,1.3874223,0.49495208,0.040811803,-0.718936
2023-03-01,0.9165657,1.2382009,-0.921693,-0.022273868
2023-03-02,-0.97576797,-0.79147786,-0.47978634,-0.39400074
2023-03-03,0.3234885,0.9034976,0.18180524,-0.8825235
2023-03-06,-0.009617116,-0.622941,0.40075508,-0.11249252
2023-03-07,-0.2887399,-2.602757,-0.40732896,0.3616665
2023-03-08,0.16680156,-0.40220106,0.85744786,-0.44248372
2023-03-09,1.0678153,-0.7686818,0.85896677,0.588421
2023-03-10,-0.64249736,0.4844605,0.41124922,-0.23618703
2023-03-13,0.9015111,1.164097,2.2033288,0.056449212
2023-03-14,-0.5124346,-0.80721766,1.130178,0.08081251
2023-03-15,-0.5565564,-2.156618,1.3708465,0.32410684
2023-03-16,-0.6512665,0.6338395,-0.78958225,-0.64647996
2023-03-17,0.3371268,0.7334375,1.7510306,-0.052088954
2023-03-20,-0.03314372,0.41492274,0.4603448,-0.20030133
2023-03-21,0.36307245,-0.63419694,-1.3535433,-0.06953812
2023-03-22,0.8023641,0.6608944,-0.026571272,-0.28664392
2023-03-23,1.1729302,0.5233263,1.3207113,0.1833489
2023-03-24,-1.4655862,0.031448804,0.5185245,-0.93963015
2023-03-27,-1.0243856,0.75577897,-1.3896133,-1.413854
2023-03-28,-0.6117161,0.6565398,0.42696598,-0.47643667
2023-03-29,-0.48346275,-0.5990686,1.2191112,-1.361366
2023-03-30,-0.04607696,0.19009373,0.8902806,-0.56517607
2023-03-31,-1.1423342,0.82752717,-0.26265448,-0.8141309
2023-04-03,-1.0662283,0.7231011,-1.4125654,-0.35912755
2023-04-04,0.2049289,-0.19424656,1.888172,-0.30269757
2023-04-06,0.46361,-0.14348957,-0.49266547,-0.32516634
2023-04-11,-0.9469205,-0.007833028,-0.13477634,-1.0502315
2023-04-12,0.4298119,0.8208414,0.5103935,-0.5954905
2023-04-13,0.7691423,0.9603242,1.6753993,-0.16777356
2023-04-14,-1.1605246,-0.5251352,-0.5139639,-0.66993093
2023-04-17,-1.3155086,-0.052132446,0.6360772,-0.4192061
2023-04-18,0.3893858,1.2522858,1.0386666,-0.3529013
2023-04-19,0.06065164,-1.2383888,1.0963591,0.41647503
2023-04-20,0.4995962,-1.3268684,1.0145565,0.9301574
2023-04-21,0.16865166,-0.84656227,-0.44645238,-0.2584022
2023-04-24,0.28197342,-0.3827635,-0.4918642,-0.45346567
2023-04-25,0.23283766,-1.9982742,0.38836247,0.59878594
2023-04-26,0.97600454,-0.5240241,0.9080166,1.4177917
2023-04-27,1.5016321,0.021270743,-0.004902083,0.6191671
2023-04-28,-0.82210475,1.0291159,-0.58466226,-0.3552642
2023-05-04,-0.52094823,-1.3885653,2.311908,0.38364545
2023-05-05,-0.91929567,1.5196135,-1.2553661,-0.8468088
2023-05-09,1.2616457,0.740187,-0.9584125,0.62100446
2023-05-10,-0.25232327,-1.0979124,-0.50372684,0.22529511
2023-05-11,0.38213202,-2.301979,-0.80470836,0.5707909
2023-05-12,0.120841265,-0.6561801,0.3135404,0.39293414
2023-05-15,2.1113417,0.66806847,-0.82278466,0.4329316
2023-05-16,1.2200363,-1.4684974,-0.8329516,0.6970136
2023-05-17,2.0725172,1.0803715,-0.8502641,0.79223657
2023-05-18,0.44848076,-1.0627364,-1.1537733,0.91225034
2023-05-19,1.6190947,0.62104714,0.6291976,1.3127013
2023-05-22,-1.4405371,0.025257172,-0.5696895,0.31191352
2023-05-23,-0.4052691,-0.77965623,-0.9378831,0.6474722
2023-05-24,-0.34382176,-0.83481157,-1.6941504,0.12616526
2023-05-25,-0.3623596,-1.0871007,0.8309841,0.16166313
2023-05-26,-0.44652957,1.2738801,0.42919335,-0.5615557
2023-05-30,1.4483945,-1.5732352,0.8781515,0.24584924
2023-05-31,-0.23048922,-0.45375967,0.16902782,1.1272619
2023-06-01,-0.6195122,1.6924691,0.91161466,-0.8172805
2023-06-02,-1.3298248,0.42117155,-1.3625017,-1.082339
2023-06-05,0.65334445,0.35126594,-0.30987594,0.30209652
2023-06-06,-0.5602863,0.2196816,0.35958508,-0.68242025
2023-06-07,1.1696925,0.22503318,-1.10958,0.29284453
2023-06-08,-0.9368992,1.1046363,0.7773525,0.124079704
2023-06-09,-0.34419498,0.064767346,0.37307325,0.42820832
2023-06-12,-0.72749925,-1.6953968,0.65664685,0.3210537
2023-06-13,0.4009221,0.9868332,-1.2095321,-0.40551862
2023-06-14,0.85549396,0.8914341,0.9440887,0.7523661
2023-06-15,-1.5536877,1.3433228,-1.0634418,-1.293608
2023-06-16,-1.697629,0.73965937,-0.30783266,-1.1255562
2023-06-20,-0.94922704,-1.9889439,-0.20684502,0.1725415
2023-06-21,-0.56902826,-0.08395073,-1.0578436,-0.40290162
2023-06-26,0.21811964,-2.2707195,0.19221725,0.72435504
2023-06-27,1.6775241,0.058579266,0.31403172,0.68111736
2023-06-28,2.0857651,-0.8906098,-1.0041784,0.65751606
2023-06-29,0.055999033,-0.11292757,-0.5837682,0.4897123
2023-06-30,-0.35139626,1.1570222,-0.04692924,-0.69951934
2023-07-03,-0.9911667,0.33642274,0.40540922,0.60053855
2023-07-05,-0.53299516,0.85834044,-0.799762,-1.2068237
2023-07-06,-0.17186412,-1.0732492,-0.1687896,0.04742652
2023-07-07,1.4794599,0.83048314,-0.39588916,0.21406053
2023-07-10,-0.8631813,0.40216568,0.5116875,-0.22481911
2023-07-11,-0.12731504,0.5152283,-0.7788358,-0.52440166
2023-07-12,2.006061,1.7087016,0.68266195,0.48604956
2023-07-13,-1.3959948,1.4394852,0.7777226,-0.6525757
2023-07-14,-0.055585932,-0.18501909,0.6346321,0.49702397
2023-07-17,2.2599843,-1.1326479,-0.02852684,0.5410386
2023-07-18,-1.3754076,0.54072905,0.11927683,-0.54987955
2023-07-19,-1.9035751,0.27235848,-0.26773435,-0.6047299
2023-07-20,-0.17873135,0.25531226,-0.80039316,-0.09261751
2023-07-21,0.06546385,0.44533932,-1.0737524,-0.46228665
2023-07-24,-2.1436563,0.93747634,-0.25852385,-1.03978
2023-07-25,0.7914017,1.1204358,0.66097116,-0.20055301
2023-07-26,1.5702432,-0.34832752,-0.5605495,0.51295865
2023-07-27,0.23215446,-0.88014907,-1.4151784,0.022726059
2023-07-28,2.1493587,0.7047475,-0.15117829,0.054035995
2023-07-31,2.379934,0.90724427,0.030632703,0.44332612
2023-08-01,-0.4806861,-0.77236414,-1.3234824,0.08808591
2023-08-02,0.1874466,-1.9694111,0.22799072,0.7839428
2023-08-03,1.1259868,0.3414091,-1.0736156,0.30321857
2023-08-04,0.051896047,0.182931,-0.24652436,0.018654808
2023-08-07,0.30437952,-0.7558462,-0.33940256,0.36355224
2023-08-08,-0.68096304,-0.7841264,-1.2675723,-0.28232476
2023-08-09,0.4572556,0.5437486,-1.6117133,-0.34065711
2023-08-10,-0.27177542,-0.20033538,1.0334573,-0.0060356357
2023-08-11,0.40163663,-0.8145051,-0.394341,0.2749883
2023-08-14,-0.2129263,-1.2867687,0.32214534,-0.12297347
2023-08-15,1.2936114,-1.3819118,0.09370581,1.5055281
2023-08-16,-1.2199988,-0.35293722,0.38902757,-0.5807469
2023-08-17,-0.047338054,0.46507147,-0.08357338,-0.5987335
2023-08-18,-1.2323606,0.3650932,0.16616613,-1.060825
2023-08-21,1.049536,0.16227974,0.7437188,0.687322
2023-08-22,1.1507473,0.43765977,0.34639427,0.56246305
2023-08-23,-0.69760495,1.4061068,1.5845019,-0.23189507
2023-08-24,0.2446777,-0.10123083,-0.24783206,-0.22379182
2023-08-25,-0.41789573,0.80531555,-1.2664657,-0.51860034
2023-08-29,0.76883215,0.89028883,1.3731462,-0.08655711
2023-08-30,0.71623415,-0.108189605,0.32506678,0.8020212
2023-08-31,-0.051890805,-0.36129045,-0.74710304,-0.0064852457
2023-09-01,-0.31931937,0.88198125,0.47185716,0.10547364
2023-09-05,-0.9708701,-0.39258248,-1.6756502,-0.15038334
2023-09-06,-0.858309,-0.98047465,-0.39514333,-0.376162
2023-09-07,0.92988604,-0.53714216,-0.38472,0.14460215
2023-09-08,0.22338259,-0.28433517,-1.3189728,0.14436981
2023-09-11,0.5228947,1.4998006,0.18180732,-0.53091896
2023-09-12,0.34122315,-0.39874813,-0.40744838,-0.4680728
2023-09-13,-0.4842041,0.22817987,-0.28843078,-0.0025364293
2023-09-14,0.81657785,0.74322003,-0.4157093,-0.14191724
2023-09-15,-1.5043871,-0.24236424,1.2358894,-0.43373019
2023-09-18,1.1422286,-0.044684492,0.4512089,0.61165327
2023-09-19,-0.53849626,0.37016627,0.122653894,-0.017929086
2023-09-20,0.32704964,0.030009944,1.1099873,0.0046794354
2023-09-21,0.52050775,-1.5079787,-1.0259101,0.3290758
2023-09-22,-0.055789445,0.3239635,1.1175061,-0.22968584
2023-09-25,-0.19223765,-1.2718403,-0.23028596,-0.19399586
2023-09-26,-0.2421645,-0.46358448,-0.6957717,0.18522848
2023-09-27,-0.4601776,-0.12713692,-1.9713383,-0.48015594
2023-10-09,0.31701615,-2.673881,2.1192052,1.0996418
2023-10-10,0.7987929,-0.5012027,-0.14673473,0.36869228
2023-10-11,0.57296795,-0.6308559,0.9934464,0.53371835
2023-10-12,-1.7602292,-0.012836039,-0.10046972,-0.26057
2023-10-13,0.46368292,2.0667534,-0.45805836,0.043428287
2023-10-16,0.18481903,-0.20605403,0.35998118,1.0869004
2023-10-17,-0.018515386,0.20342748,0.51235074,0.35801154
2023-10-18,0.01873664,0.4702715,0.18128258,-0.49793345
2023-10-19,-0.563231,-0.15657969,0.6299998,-0.9651619
2023-10-20,1.0224227,0.303563,0.43135235,0.88106865
2023-10-23,0.17996964,-0.9588667,0.81864834,0.8534715
2023-10-24,0.47978067,-0.6204935,1.0188296,0.3554173
2023-10-25,0.47834557,0.34035242,0.44532135,-1.3194767
2023-10-26,0.1296371,-0.8573301,0.16494876,0.007951436
2023-10-27,0.20196728,0.91623354,-0.291814,-0.5519658
2023-10-30,0.610815,0.09278712,2.0192695,0.30387524
2023-10-31,0.2795795,-0.7208248,-0.36329922,0.012466642
2023-11-01,0.14785509,-0.74722445,0.30641067,-0.14843918
2023-11-02,-0.070742875,0.73583364,-0.92957723,-0.53740513
2023-11-03,-0.33126754,0.39466017,1.5955491,0.3984537
2023-11-06,-0.68862194,0.3829527,-0.2865504,-0.06686089
2023-11-07,0.2630196,-2.3140981,0.62732744,0.70590293
2023-11-08,-1.264624,-0.66684157,0.71309906,-0.108198255
2023-11-09,0.37689677,-0.17950295,0.37439215,0.46892205
2023-11-10,-0.39796603,-0.9679731,-1.802816,-0.110336736
2023-11-13,-0.9310591,1.084655,0.053578816,-1.185538
2023-11-14,0.3655236,1.326371,1.2431154,0.0399378
2023-11-15,0.37025595,0.4368451,0.857214,-0.13611975
2023-11-16,0.1305118,-1.5505707,1.9740067,0.7840505
2023-11-17,0.90989935,0.2140925,-1.2205592,-0.20719369
2023-11-20,-0.3959804,1.3890413,-0.38691676,-0.45859376
2023-11-21,-0.46881005,0.61077607,0.73775715,-0.5906718
2023-11-22,-0.03194715,-1.404835,-0.27276903,-0.2894609
2023-11-24,1.0595589,-0.2831031,1.168666,0.012549731
2023-11-27,0.30185935,-0.32400617,0.25738418,0.7378536
2023-11-28,-0.26936635,1.4267666,0.524382,-1.0555722
2023-11-29,-0.4841806,-0.13535339,0.39405861,-1.6369765
2023-11-30,-1.1606766,-0.42777634,0.78154147,0.2758264
2023-12-01,0.5918502,-0.16614152,1.7997559,0.39920247
2023-12-04,-0.81375337,-1.8272663,-0.7706492,-0.2952729
2023-12-05,-0.7839487,-1.3339236,-0.15380627,-0.34248856
2023-12-06,0.41321385,-1.7989057,1.0614264,0.4832865
2023-12-07,-1.2953835,0.7553562,0.41159794,-0.2915648
2023-12-08,0.49267992,-0.11832531,-1.3559391,-0.17364925
2023-12-11,0.06465931,-0.4144824,-0.7907029,0.19837777
2023-12-12,-0.44919968,-0.6188519,1.7456865,-0.25160995
2023-12-13,1.5008341,-0.3520169,-0.44778487,0.7179215
2023-12-14,1.2126137,2.598798,1.007893,-0.17227115
2023-12-15,-1.5612639,0.5798127,-0.433283,-0.67269164
2023-12-18,0.6049291,0.180571,-0.8836223,0.19499232
2023-12-19,0.6749319,0.9652813,-0.12953293,-0.009125611
2023-12-20,1.0537013,-0.2064067,-0.11973947,0.062209915
2023-12-21,0.44186765,-0.48718795,0.35091832,0.43256113
2023-12-22,0.35999566,0.6514975,0.8509916,0.41937175
2023-12-27,-0.17182022,1.0529411,1.4189194,-0.6486784
2023-12-28,-0.43838862,-0.55615395,1.3050889,0.21126096
2023-12-29,0.7342597,-0.9947277,-0.60110396,0.19667096
