date,F1,F2,F3,F4
2013-10-21,0.039043028,-0.021161843,0.11500258,0.04360863
2013-10-22,0.15701178,0.3571417,0.2396182,0.027033566
2013-10-23,-0.09917796,-0.94959897,0.03801803,0.12708738
2013-10-24,0.068600304,0.028206028,0.073440805,-0.010061919
2013-10-25,0.019561006,0.0056566177,-0.025285695,-0.018606935
2013-10-28,-0.026466552,0.14354756,-0.15387113,-0.06594425
2013-10-29,-0.05201416,-0.14875971,-0.011359829,0.04472507
2013-10-30,0.0390568,0.517237,0.06889875,-0.0010917652
2013-10-31,-0.11308711,-0.96901643,-0.18989795,0.078461796
2013-11-01,0.033296302,-0.8121863,0.10882885,0.17955105
2013-11-04,-0.058950655,-0.52937984,0.006047526,0.04984992
2013-11-05,-0.0015233494,-0.30800042,-0.0021818168,0.055132087
2013-11-06,0.008194252,0.05656834,-0.01554819,-0.048396803
2013-11-07,-0.0044205156,-0.41006023,0.055056237,0.06278047
2013-11-08,-0.13422708,0.0426625,-0.1739609,-0.05557947
2013-11-11,-0.105427496,0.12493607,-0.08585344,-0.0037469016
2013-11-12,-0.026388362,-0.35073456,-0.027175928,0.112491935
2013-11-13,-0.098698504,-0.19084726,-0.121445954,0.009135049
2013-11-14,0.0034042425,0.22957708,0.034302324,-0.017612085
2013-11-15,0.0730902,-0.08068364,-0.006311851,0.025978029
2013-11-18,-0.06017959,-0.67411983,-0.10748362,0.04506796
2013-11-19,0.052827254,0.060941175,0.07087067,0.020866163
2013-11-20,-0.10967392,-0.07652499,-0.15948693,0.026388813
2013-11-21,-0.13782445,0.62981653,-0.1567687,-0.06416516
2013-11-22,-0.0029993197,0.17476001,-0.006390604,-0.05043178
2013-11-25,0.0034015488,-0.11052416,0.058811586,0.034819163
2013-11-26,-0.005239182,-0.13742855,-0.032511894,-0.01826248
2013-11-27,-0.06878271,-0.47363964,-0.049634695,0.049022283
2013-11-29,0.118742205,0.5224902,0.13988145,-0.028671259
2013-12-02,-0.14107579,-0.55215436,-0.25377023,0.043796636
2013-12-03,-0.0731258,0.11347878,-0.07746395,-0.02017606
2013-12-04,0.1648034,0.8278745,0.23517032,-0.05838592
2013-12-06,-0.037395827,-0.22581743,-0.1207998,0.03280889
2013-12-09,0.10802256,0.20623498,0.16520666,0.007392541
2013-12-10,0.1558842,0.5545122,0.18232578,0.01909565
2013-12-11,0.014497618,0.30300736,0.026513182,0.0045776223
2013-12-12,-0.020966223,-0.8814684,-0.23826496,0.055108417
2013-12-13,0.09930101,0.01544491,0.10342633,0.05865971
2013-12-16,0.064572886,0.7556241,-0.022840563,-0.037956882
2013-12-18,-0.031840824,-0.41615918,-0.080354005,-0.003215446
2013-12-19,-0.1815159,-0.3028675,-0.3084097,0.026213275
2013-12-20,0.059382625,0.861327,0.06827768,-0.042978715
2013-12-23,-0.025720395,-0.38964966,-0.04572639,0.07265866
2013-12-24,0.04094874,0.32805762,0.029550124,-0.03039424
2013-12-27,0.14295591,0.90883017,0.12673518,-0.11138183
2013-12-30,-0.028216572,-0.7648596,-0.07355452,0.09166476
2013-12-31,-0.0761087,-0.4797231,-0.023008505,0.03165712
2014-01-02,0.22218953,-0.32081288,0.3031398,0.106872894
2014-01-03,-0.01894058,-0.48166573,0.15966626,0.12965864
2014-01-06,0.004413388,0.011839213,0.044401255,0.040103346
2014-01-07,-0.041788306,-0.040678203,-0.10126957,-0.046979852
2014-01-08,-0.00895669,-0.55180126,-0.009286788,0.08933961
2014-01-09,-0.023633208,-0.5352765,0.03787049,0.07044219
2014-01-10,0.061260838,0.9820297,0.18428504,-0.0056117564
2014-01-13,0.10476878,0.33541146,0.083937295,-0.017288655
2014-01-14,-0.012560185,0.018747894,-0.034082744,-0.06259376
2014-01-15,0.0018586151,0.2285995,-0.1323261,-0.085234
2014-01-16,-0.0027253106,0.14549416,0.075147286,0.02212859
2014-01-17,0.08202227,0.27011698,0.05235768,-0.056163594
2014-01-21,-0.024570685,-0.22261918,-0.12975518,0.017771143
2014-01-22,-0.0702747,0.10734045,-0.110704266,-0.079197384
2014-01-23,-0.03408192,-0.086520635,0.09278296,0.02947322
2014-01-24,-0.087044954,-0.2358988,-0.082053505,0.018372461
2014-01-27,-0.013963147,-0.7387352,0.083178684,0.10908261
2014-01-28,-0.09910827,0.075209744,-0.1314345,0.0016651808
2014-01-29,0.013526078,-0.040567726,-0.07692585,-6.958024e-06
2014-02-10,0.010537669,1.0600731,0.19593681,0.032299083
2014-02-11,0.028987972,0.22253294,0.03400437,-0.027828705
2014-02-12,0.085428946,0.54357165,0.08846068,0.017354017
2014-02-13,-0.041244723,0.20918503,0.0036753917,-0.017369948
2014-02-14,0.091363944,0.56214094,0.16422096,-0.022251679
2014-02-18,-0.0017005049,1.3394108,-0.01371184,-0.13705428
2014-02-19,-0.027354002,0.4637827,-0.0019328659,0.060210947
2014-02-20,-0.08545741,-0.15859213,-0.052392285,0.016206503
2014-02-21,0.044076465,0.064016536,0.10572112,0.035525315
2014-02-24,0.04923469,0.39302048,0.15448311,0.019317357
2014-02-25,-0.0059017884,-0.15332876,0.10601741,0.042297035
2014-02-26,-0.0839561,-0.21223423,-0.1245326,0.033291053
2014-02-27,0.112734705,-0.14393024,0.09226873,0.004326236
2014-02-28,-0.061108693,0.14316791,-0.0733909,-0.038691625
2014-03-03,-0.019392548,0.88396996,-0.052759584,0.058976363
2014-03-04,0.035254493,0.3572875,0.07119896,-0.0019446139
2014-03-05,0.08534614,-0.05621409,0.18630324,0.14559196
2014-03-06,0.0042662085,0.59782654,0.11272845,-0.024420127
2014-03-07,-0.14298896,-0.53229845,-0.20228936,0.0024234992
2014-03-10,0.083047576,-0.55392814,0.05417344,0.09034322
2014-03-11,-0.10044284,-0.41069832,0.005098838,0.10949949
2014-03-12,0.08551725,0.008341733,0.18918723,0.06617492
2014-03-13,-0.0173345,-0.34136996,0.036537968,0.047827534
2014-03-14,0.023585336,-0.062887244,-0.07066531,-0.11010632
2014-03-17,-0.019557659,-0.5384384,0.07033591,0.04616634
2014-03-18,-0.078045025,0.46638426,-0.053267486,-0.07763691
2014-03-19,-0.029716311,-0.095347464,0.0018822928,-0.032237694
2014-03-20,-0.08802133,-0.9219606,-0.17206348,0.008355964
2014-03-21,0.040973052,0.03222683,-0.024349794,-0.011378518
2014-03-24,-0.118857525,-0.10389751,-0.018763764,0.05325194
2014-03-25,0.086475834,0.4280531,0.004170025,-0.037191104
2014-03-26,-0.11850498,-0.43105125,-0.087412514,0.016485145
2014-03-27,-0.064326145,0.3915936,-0.08059964,-0.07305206
2014-03-28,0.028802413,0.2376653,0.027881635,0.0120293535
2014-03-31,-0.013962805,0.02399417,0.071495265,0.0223633
2014-04-01,-0.0071227774,-0.23733604,0.07745332,0.07847981
2014-04-02,0.14032996,-0.1925164,0.101782545,0.001876228
2014-04-03,-0.090317965,0.46841094,-0.073046565,-0.00905743
2014-04-04,0.07506815,0.44416207,0.07641701,0.074445665
2014-04-08,-0.013101506,0.62734026,0.0035834413,0.0147841815
2014-04-09,-0.037212014,0.29931188,-0.08358624,-0.02670514
2014-04-10,0.12584265,0.3432729,0.14087157,0.039712306
2014-04-11,-0.014829064,-0.29647526,-0.048232656,-0.009501529
2014-04-14,0.018152425,0.66062367,0.041875865,-0.046266735
2014-04-15,-0.17928037,-0.41728792,-0.18090498,-0.011792748
2014-04-16,0.03384986,0.47958887,0.011886581,-0.060139038
2014-04-17,-0.007401267,0.008714015,-0.048579223,0.042132735
2014-04-22,0.041344818,-0.15757781,-0.034452386,0.08000509
2014-04-23,-0.0027911467,0.06792704,0.06880696,0.021498892
2014-04-24,0.030552061,0.46386132,0.042373527,-0.043857526
2014-04-25,-0.03627326,-0.0060439073,0.12236018,0.026219413
2014-04-28,-0.03582502,-0.4464346,-0.018138964,0.012440648
2014-04-29,-0.06584715,0.34896362,-0.005826558,0.02537355
2014-04-30,-0.03547401,-0.6269361,0.058577176,0.048124738
2014-05-06,0.10969487,-0.2781211,0.19896378,0.12240394
2014-05-07,-0.14146434,-0.43463254,-0.18272942,0.018188575
2014-05-08,0.0070659216,0.23899265,0.043704048,-0.013421673
2014-05-09,-0.0045998087,-0.15122272,-0.022164492,-0.044709902
2014-05-12,0.15334402,0.6882465,0.116181456,0.00023578353
2014-05-13,-0.078471676,0.2587094,0.02481477,0.007838205
2014-05-14,0.060015332,0.41422465,-0.0041622217,-0.061040763
2014-05-15,-0.06086339,-0.7076559,-0.195429,0.016612066
2014-05-16,-0.028176166,-0.2905454,-0.07371642,-0.046271823
2014-05-19,0.06685788,0.1793364,0.051868923,-0.0536287
2014-05-20,0.0023702343,-0.18859409,-0.0020507823,0.062453657
2014-05-21,-0.09996207,0.041198626,-0.08363924,-0.04744733
2014-05-22,0.040534917,0.3347159,0.120039344,0.044831093
2014-05-23,-0.023693928,-0.09730293,-0.03924185,0.023309432
2014-05-27,-0.015493196,-0.66102755,-0.15035647,0.030331085
2014-05-28,-0.039921317,-0.23314834,0.016984683,0.049045924
2014-05-29,-0.027669607,-0.050006293,-0.02643919,0.0023461806
2014-05-30,-0.004478922,-0.68908256,-0.033768587,0.03945516
2014-06-03,0.07898655,-0.33156195,-0.01162036,-0.021267407
2014-06-04,-0.062095392,-0.22501746,0.0041306466,0.07766819
2014-06-05,0.06502376,0.027439965,0.021016665,-0.03822544
2014-06-06,-0.029150387,0.24324152,0.037742008,0.026442694
2014-06-09,-0.0049511963,0.29615274,-0.07267736,-0.12861976
2014-06-10,0.06365483,-0.04600297,0.07384816,-0.020609178
2014-06-11,-0.020667989,-0.39496917,-0.0816953,0.040206484
2014-06-12,-0.1330993,0.05312383,-0.13349098,-0.043907154
2014-06-13,-0.029155418,0.6243416,0.007154005,-0.025024556
2014-06-16,0.08159852,0.24216354,-0.010277622,-0.07783025
2014-06-17,0.050456878,0.2572601,-0.025639834,-0.02893169
2014-06-18,-0.015163405,0.4048255,0.05327314,-0.019966401
2014-06-19,0.04835201,0.8419576,0.23900576,-0.036031898
2014-06-20,0.049104575,0.13069972,0.045542326,0.030426582
2014-06-23,0.03453746,-0.04832518,0.052417096,0.04079003
2014-06-24,-0.037257254,-0.1736555,0.0027103804,0.00032226727
2014-06-25,0.049875136,0.13468014,0.089968264,0.032674078
2014-06-26,-0.007672061,-0.076067634,0.040428158,0.010258971
2014-06-27,0.005219386,-0.36494958,-0.03176228,-0.022738084
2014-06-30,0.15217273,-0.45941806,-0.0049511576,-0.012152352
2014-07-01,-0.024640614,0.014983317,0.12600835,0.037490584
2014-07-02,0.17324251,0.23742971,0.109507725,0.014873924
2014-07-03,-0.029027566,-0.11299856,-0.007971154,-0.0201449
2014-07-07,0.020335289,-0.7310214,-0.05568398,0.07460304
2014-07-08,0.09689427,-0.19341654,0.05866545,0.05057165
2014-07-09,0.07244368,-0.39300427,0.07032495,0.055403322
2014-07-10,-0.058225285,-0.28692636,0.028360926,0.022433493
2014-07-11,0.116011724,-0.5197483,0.037103243,0.067685276
2014-07-14,-0.08481357,-0.29882613,-0.18678565,0.009061302
2014-07-15,0.06416377,-0.77369034,-0.12386481,0.023120008
2014-07-16,-0.016684765,0.06284516,0.01102731,0.03222605
2014-07-17,0.035282105,0.36250544,0.10267594,-0.058686957
2014-07-18,-0.025677484,-0.39011082,-0.06558012,0.07315778
2014-07-21,0.08916343,0.33148128,0.028215852,-0.053614404
2014-07-22,0.04155617,0.028152179,-0.022267075,-0.07270165
2014-07-23,-0.06473092,0.07743275,0.038082626,0.0967611
2014-07-24,-0.0420286,-0.21389115,-0.039935756,0.044115975
2014-07-25,-0.047468252,0.20775609,0.044161912,-0.013639865
2014-07-28,-0.016091289,0.12365462,0.05646267,0.0485121
2014-07-29,-0.05385595,-0.5987423,-0.08493415,0.056519493
2014-07-30,0.06902101,0.10573028,0.09947592,0.030480225
2014-07-31,-0.06805287,-0.55465466,-0.031605393,0.14563331
2014-08-01,0.03389038,-0.5325007,0.098464094,0.036370635
2014-08-04,0.0054845135,0.6317221,0.03274629,-0.034074727
2014-08-05,-0.029302038,-0.68156236,-0.045385573,0.08072327
2014-08-06,-0.0041419263,0.5513893,0.13451317,0.009344975
2014-08-07,-0.028230486,-0.07783962,-0.016278593,-0.0069669965
2014-08-08,-0.008956757,-0.30440322,-0.00404686,0.0019254687
2014-08-11,0.017116785,0.26998344,0.06567442,0.0021883734
2014-08-12,0.039601713,-0.50892186,0.0015993562,0.095377944
2014-08-13,-0.05606122,-0.43413028,-0.050881978,0.042902898
2014-08-14,0.05607596,-0.7439295,0.11347013,0.12002235
2014-08-15,0.021114636,-0.47128206,-0.12498069,0.09104078
2014-08-18,0.042223725,-0.32262143,0.06354143,0.040663745
2014-08-19,-0.024629733,-0.1800551,-0.05503845,0.017570702
2014-08-20,0.10280123,0.7267432,-0.0033567457,-0.052724436
2014-08-21,-0.076343924,-0.0036349853,-0.0758458,0.005961824
2014-08-22,0.019857274,0.07877812,0.08614311,-0.04501437
2014-08-26,0.022895327,-0.02001433,-0.13366762,0.004045154
2014-08-27,-0.016082253,-0.039599024,0.0052425093,-0.0053759897
2014-08-28,-0.054304533,-0.10703926,0.029946364,0.048510678
2014-08-29,0.009999219,0.10960499,-0.06680439,-0.09167578
2014-09-02,0.0519709,-0.89568824,0.15412039,0.19720693
2014-09-03,-0.014370835,-0.071791,-0.1599088,-0.13962291
2014-09-04,0.08610865,-0.0661222,-0.0013669106,-0.0073649124
2014-09-05,-0.059283532,0.06319592,0.116958626,0.015747149
2014-09-09,-0.016032368,-1.1798483,-0.14938,0.006672851
2014-09-10,0.019126382,-0.46306014,-0.015320038,-0.00218367
2014-09-11,-0.033355102,-0.5610667,-0.10652357,0.04533786
2014-09-12,-0.032584175,-0.06564952,0.0062136133,0.06343017
2014-09-15,-0.14918382,-0.50570244,-0.113086276,0.06415791
2014-09-16,0.05975603,0.66524535,-0.023658779,-0.086042956
2014-09-17,-0.03158445,-0.0085104145,-0.004279056,0.03483525
2014-09-18,-0.017801942,-1.0231279,-0.03774191,0.14354932
2014-09-19,-0.023600645,-0.5633867,-0.1961912,0.023052095
2014-09-22,-0.027040571,-0.69088453,0.026445448,0.09392988
2014-09-23,-0.011873121,-0.04055021,-0.0019090987,0.03903653
2014-09-24,-0.03803257,0.48531693,-0.011859499,0.048097868
2014-09-25,-0.055389933,-0.30180722,-0.11554829,-0.0061287307
2014-09-26,-0.0051868916,-0.19563666,-0.018020408,-0.032366272
2014-09-29,0.009277623,0.7065793,0.024704127,-0.04449137
2014-09-30,0.0627749,-1.1801616,0.0391856,0.16575769
2014-10-08,-0.044938527,0.42530486,0.17811407,0.07728821
2014-10-09,0.13421969,0.059978537,0.21399729,0.07794469
2014-10-10,0.0017235659,-0.6091959,-0.08228305,-0.018655337
2014-10-13,-0.0026769475,0.5339202,0.13600051,-0.0024711145
2014-10-14,0.12677439,-0.2590283,0.32005692,0.15864047
2014-10-15,-0.04452985,-1.1630082,0.050248824,0.18174137
2014-10-16,-0.18090829,0.09491548,-0.060119312,-0.0016554268
2014-10-17,0.044617686,0.28542802,-0.05948123,-0.075529754
2014-10-20,-0.025377229,-0.37129515,0.0129298745,-0.040076185
2014-10-21,0.004894973,0.6191848,0.08595268,-0.023642575
2014-10-22,0.01520167,-0.36129358,-0.010484314,0.04383357
2014-10-23,-0.16041596,0.37252107,-0.1351325,-0.04248778
2014-10-24,0.07037136,-0.49269152,0.02717814,0.037971783
2014-10-27,-0.032955058,0.14098537,0.074873395,-0.00041426497
2014-10-28,0.020307433,0.7470878,0.028484628,-0.043514665
2014-10-29,-0.08112764,1.069171,-0.02398039,-0.06589787
2014-10-30,-0.08114504,-0.88663805,-0.16288166,0.13601835
2014-10-31,-0.09279582,-0.26134208,-0.10481876,0.041374903
2014-11-03,0.10088263,-0.4335218,0.09093378,0.0461772
2014-11-04,0.054267466,-1.3662927,0.04318009,0.144375
2014-11-05,-0.13873848,-0.3857259,-0.18594344,-0.0027009395
2014-11-06,-0.005161004,0.10326242,-0.043231778,-0.01933281
2014-11-07,0.096229985,0.54119796,0.093768165,-0.088402405
2014-11-10,-0.051656988,-0.6062592,-0.0012330967,0.10711489
2014-11-11,-0.014368475,0.6335987,0.108868636,0.00166978
2014-11-12,0.0375811,-0.19520465,0.055372953,0.016917538
2014-11-13,0.026042508,-1.0234026,0.1966859,0.16636218
2014-11-14,0.111058205,0.6666665,0.065226965,-0.049049545
2014-11-17,-0.053544328,-0.2858047,-0.04852147,0.04050974
2014-11-18,0.062857926,-0.23627807,0.06277905,0.087062664
2014-11-19,0.09039779,0.040722042,0.020397825,0.031458553
2014-11-20,-0.09726358,0.25144622,0.023508003,-0.019242708
2014-11-21,0.08417917,0.8668481,0.06030583,-0.090987794
2014-11-24,-0.024511598,-0.4141947,-0.009914051,0.09163182
2014-11-25,-0.007488838,0.08459242,0.14068466,0.07665339
2014-11-26,0.010032978,0.1335275,0.016061636,0.019768052
2014-11-28,0.12725933,-2.443139,0.11846241,0.32314503
2014-12-01,0.17197424,1.0408541,0.28983566,-0.121134944
2014-12-02,0.087174,-1.499638,-0.016036775,0.0991156
2014-12-03,0.021232415,-0.04182321,0.071359575,0.09599565
2014-12-04,0.09841878,0.33405185,0.1752946,0.031219127
2014-12-05,-0.15146972,-0.45013565,-0.06355988,0.10813889
2014-12-08,0.08144028,-0.91531485,0.25296107,0.18931139
2014-12-09,0.0859955,0.8433946,0.17710215,-0.06173602
2014-12-10,0.04886984,-1.2074991,0.18426463,0.20022438
2014-12-11,-0.024959972,0.07389279,0.04770713,0.030181194
2014-12-12,0.022915235,-0.4683623,0.13745193,0.14737377
2014-12-15,-0.14159581,-0.67854035,-0.05696016,0.18412884
2014-12-16,-0.038416833,-1.217142,-0.07870639,0.1387248
2014-12-17,-0.07072472,0.3853467,-0.025470631,-0.053754147
2014-12-18,0.03854483,-0.54791343,0.19732934,0.16357613
2014-12-19,-0.02481448,0.5120466,-0.097711675,-0.10917154
2014-12-22,-0.047877107,-0.70339066,-0.0038957233,0.084091656
2014-12-23,-0.12212487,0.41735783,-0.12537245,-0.08434394
2014-12-24,0.07254472,-1.075911,0.11400709,0.1609629
2014-12-29,0.05083561,-0.5594777,0.2081465,0.12226979
2014-12-30,0.121750586,0.35821363,0.14142397,-0.0073027643
2014-12-31,0.010250358,-1.1696198,-0.054145236,0.13688974
2015-01-05,0.17503476,-0.7658089,0.39851984,0.26880643
2015-01-06,0.122606374,-0.06792862,0.31299487,0.15418746
2015-01-07,0.01015314,-0.33247137,-0.0031929894,0.017255075
2015-01-08,0.020081015,0.26498747,-0.034125075,0.043662954
2015-01-09,0.009255337,-0.3312923,0.13421904,0.1456375
2015-01-12,0.16261841,-1.173877,0.2420318,0.22328562
2015-01-13,0.04124607,-0.8268247,0.044186946,0.1053434
2015-01-14,-0.23090693,-0.12933466,-0.38002613,-0.033194587
2015-01-15,0.18785332,0.34094545,0.28951848,0.10496431
2015-01-16,0.03918623,1.4318618,-0.00481992,-0.1783738
2015-01-20,0.10452667,-0.6332838,0.26242998,0.1574048
2015-01-21,0.025809487,0.5106819,-0.0639741,-0.10797537
2015-01-22,0.055581715,-0.48040852,0.070290074,0.09753887
2015-01-23,-0.12744705,-0.8569657,-0.11677266,0.14831106
2015-01-26,0.11762227,0.011670271,0.029568952,-0.06750944
2015-01-27,-0.080745526,0.033629633,-0.09424824,-0.020222016
2015-01-28,0.13996011,-0.5333213,0.030567383,0.024159422
2015-01-29,-0.14586465,-1.1924822,-0.22869632,0.11992012
2015-01-30,0.020094303,1.6135267,-0.08251851,-0.22343524
2015-02-02,-0.12874645,0.89294434,-0.35972944,-0.11910668
2015-02-03,-0.12449544,1.7608979,-0.2421931,-0.25786257
2015-02-04,0.20278323,-1.2478396,0.34023327,0.27370104
2015-02-05,-0.13624358,0.9048249,-0.13882908,-0.11815471
2015-02-06,-0.16518883,0.023746314,-0.313272,-0.067672625
2015-02-09,-0.052962054,0.7163808,-0.0024898204,-0.057481103
2015-02-10,0.024888843,-1.3877088,0.018429168,0.12799808
2015-02-11,-0.022350485,-0.48118377,0.00026312278,0.11221421
2015-02-12,-0.04587752,1.2164433,-0.15509078,-0.17787474
2015-02-13,-0.0997282,1.123732,-0.13727242,-0.17792518
2015-02-25,-0.053832553,-1.0626017,-0.2833665,-0.12681678
2015-02-26,0.04147019,0.18036762,0.20971109,0.082474396
2015-02-27,-0.17156494,0.9741392,-0.17734167,-0.12381102
2015-03-02,0.2060477,-1.3479698,-0.005691072,0.17150274
2015-03-03,-0.14726894,-0.18131317,-0.12283047,-0.03187229
2015-03-04,0.06327102,-0.2643804,-0.0022112138,-0.0058048624
2015-03-05,0.018176198,-0.4349333,0.05235432,0.07729681
2015-03-06,-0.059340622,-0.69299513,-0.11380386,0.078496605
2015-03-09,0.04215083,-0.086329676,0.08326918,0.0012749884
2015-03-10,-0.018733812,-1.2311412,0.052783683,0.17199028
2015-03-11,-0.18199831,-0.3007953,-0.11309979,0.05052587
2015-03-12,0.10061264,0.015954304,0.15655303,0.05932395
2015-03-13,0.17986748,-1.1798595,0.18205082,0.17712219
2015-03-16,0.088177726,0.17676643,0.11959466,0.112631604
2015-03-17,0.023769168,-0.5124127,-0.10947467,0.046349738
2015-03-18,-0.17856796,0.6419189,-0.20975433,-0.13761279
2015-03-19,0.24798027,0.43723974,0.32566497,0.071555726
2015-03-20,0.12786722,1.4722025,0.19003998,-0.07542305
2015-03-23,0.00387945,0.67982686,0.0010486487,-0.14290066
2015-03-24,-0.0070572896,-0.38531125,0.0060362346,0.03254879
2015-03-25,-0.09444031,0.29970428,-0.101495065,-0.037524596
2015-03-26,-0.0396632,0.81431806,-0.17478885,-0.16259786
2015-03-27,0.0693972,-1.210478,0.13486609,0.17828703
2015-03-30,-0.017118745,-0.5130266,-0.02014605,-0.030565303
2015-03-31,0.08891182,-0.71947026,0.0039301096,0.040514704
2015-04-01,0.022935528,1.3216876,0.07799384,-0.12754582
2015-04-02,0.08816236,-0.29396504,0.17233126,0.16535929
2015-04-07,-0.07349336,1.3742415,-0.34519106,-0.29312667
2015-04-08,0.1276306,-1.3929961,0.1896411,0.2319438
2015-04-09,-0.0675813,-0.18872744,-0.16235563,0.024858113
2015-04-10,0.0035614516,0.6057498,-0.01660291,-0.04409635
2015-04-13,-0.017947944,-0.24241415,-0.14295085,-0.036452275
2015-04-14,-0.104889505,0.35648304,-0.099913895,-0.046941254
2015-04-15,-0.06865573,1.1940353,-0.2024948,-0.20869216
2015-04-16,-0.097562924,0.61588883,-0.15574351,-0.14405337
2015-04-17,-0.01910307,-0.3212591,0.04428788,0.09656198
2015-04-20,-0.077234715,-0.5182991,-0.089771375,0.051784996
2015-04-21,0.08356168,-0.294084,0.098622225,0.08597875
2015-04-22,-0.087001726,-0.093119256,-0.17254245,0.0071243932
2015-04-23,-0.07721492,0.9003999,-0.13018562,-0.18644576
2015-04-24,0.0781426,0.21132636,-0.0899026,-0.070310704
2015-04-27,0.16507533,0.6749852,0.19315201,-0.04770603
2015-04-28,0.07533121,0.2846695,0.09502265,-0.037886396
2015-04-29,-0.057017732,0.62895536,-0.0787966,-0.114113554
2015-04-30,-0.009565979,0.37303925,-0.24552047,-0.11268595
2015-05-05,0.05021561,1.0174072,0.015737385,-0.029374627
2015-05-06,-0.13664635,-0.40923986,-0.047728777,0.03188742
2015-05-07,0.08150424,-1.049119,0.09335921,0.16824198
2015-05-08,-0.0028359292,0.4940418,0.10412542,-0.022448804
2015-05-11,-0.085586034,-0.49055108,-0.0075652073,0.09207163
2015-05-12,0.04270172,0.7528194,-0.058357224,-0.10133629
2015-05-13,0.10435885,0.30531877,0.06318756,-0.09308526
2015-05-14,-0.033850245,0.07065589,0.057141323,0.004530835
2015-05-15,-0.02022924,0.07536456,0.052569274,0.05270894
2015-05-18,-0.02085412,-0.2886451,0.079870366,0.07934575
2015-05-19,-0.0024022418,-1.6785246,-0.040305234,0.16580181
2015-05-20,-0.07954098,0.045078818,-0.102027014,-0.072734185
2015-05-21,-0.12986717,0.3749881,-0.18168862,-0.16364112
2015-05-22,0.05781823,-0.9650292,0.028457308,0.092357285
2015-05-26,0.015888253,-1.0077286,-0.018809408,0.13899146
2015-05-27,0.07180623,-0.7412817,0.07043052,0.057306245
2015-05-28,0.02106397,0.38750023,-0.00043830028,-0.00548921
2015-05-29,-0.22005886,0.60709465,-0.29045582,-0.1099144
2015-06-01,0.017879747,0.15664163,0.13442653,0.058871463
2015-06-02,-0.058382686,0.6162989,0.016706904,-0.040278994
2015-06-03,0.050260607,-0.5558946,0.02386594,0.15706336
2015-06-04,-0.049971025,-0.8426764,0.12273284,0.17406921
2015-06-05,-0.08359897,0.085259624,-0.14068511,-0.026262632
2015-06-08,0.06197781,0.14266966,0.12961872,0.02436394
2015-06-09,-0.04638603,0.87242985,-0.14902067,-0.18068261
2015-06-10,-0.004714378,0.37976253,-0.11021385,-0.08794991
2015-06-11,-0.012682995,-0.9448353,-0.05144958,0.11167077
2015-06-12,0.043853372,-0.49251807,0.060501385,0.08222209
2015-06-15,0.027888857,-0.780318,0.023859072,0.09484354
2015-06-16,-0.117723025,0.15656023,-0.08679156,0.0025801451
2015-06-17,-0.08452824,-0.0067650774,-0.0016744139,-0.0076517044
2015-06-18,0.08529364,0.18106863,0.12607972,-0.008039526
2015-06-19,-0.014712118,-0.77581584,0.08760905,0.13133577
2015-06-23,-0.107811525,0.7640775,-0.103158064,-0.103939936
2015-06-24,0.034425374,-0.050518133,0.08498392,0.079706386
2015-06-25,-0.025704669,0.11709194,0.112611316,0.07372502
2015-06-26,-0.045126162,0.2500919,0.014978017,-0.036320545
2015-06-29,-0.016666614,-0.53088397,0.08492771,0.09524725
2015-06-30,-0.18898481,1.0170845,-0.02059207,-0.054705206
2015-07-01,0.12382083,-0.5114606,0.14628659,0.041537125
2015-07-02,-0.062308613,0.123133294,-0.048443947,0.009661687
2015-07-06,0.12739252,-1.8561906,0.26603433,0.35687268
2015-07-07,-0.105778836,-1.6299615,-0.21346536,0.088737935
2015-07-08,0.092823885,0.5979828,0.048487052,0.030854536
2015-07-09,-0.016453164,1.0049682,-0.07206202,-0.09173728
2015-07-10,-0.054546062,0.13323198,0.048950374,0.038409837
2015-07-13,0.061308358,0.2722556,0.1494214,0.095679015
2015-07-14,0.038738254,-0.065841,-0.06084453,-0.01845247
2015-07-15,0.057659287,-0.96290535,0.05593618,0.15832958
2015-07-17,-0.056728113,-0.807647,-0.18051271,0.10961602
2015-07-20,0.0054014716,-0.8632781,-0.16896214,0.053597365
2015-07-21,-0.09097069,-0.119472094,-0.045873176,0.023432326
2015-07-22,-0.014515764,-0.8333581,-0.007272453,0.08991154
2015-07-23,-0.020879438,-0.6396479,0.051712796,0.096959986
2015-07-24,0.06088465,-0.946915,-0.017613914,0.06872275
2015-07-27,0.108031094,-0.94593155,0.023022382,0.05170771
2015-07-28,0.06657835,0.7889829,0.03735099,-0.10222108
2015-07-29,0.01940865,0.04625029,-0.027758017,-0.05513441
2015-07-30,-0.081968196,-0.2944266,-0.004272665,0.0800697
2015-07-31,0.027672153,-0.6226329,0.085787736,0.11094689
2015-08-03,0.12773566,-1.4079534,0.19032902,0.14753276
2015-08-04,-0.040975492,0.3048723,-0.03455334,-0.016872952
2015-08-05,-0.075889625,-0.38227192,0.03138175,0.090839416
2015-08-06,-0.035756774,-0.34168315,0.0923772,0.07833927
2015-08-07,0.0052449335,0.08535813,0.15387079,0.085826464
2015-08-10,-0.0114790145,1.7206562,0.0724156,-0.12004077
2015-08-11,0.022977708,-1.3246391,0.03651982,0.11615269
2015-08-12,0.1974771,-0.2546423,-0.10881573,-0.08247542
2015-08-13,0.0044388124,0.046518456,0.122322045,0.05533223
2015-08-14,0.00040333587,-0.09395211,0.018053006,0.031170791
2015-08-17,-0.0133526,-0.84565634,0.057934526,0.07141919
2015-08-18,-0.09605396,-0.7127855,-0.08173822,0.053416014
2015-08-19,0.16699697,-0.6610302,0.29845402,0.16043185
2015-08-20,0.13627337,0.6656898,0.24538143,-0.047141664
2015-08-21,0.028057365,-1.2823716,0.012019462,0.09572561
2015-08-24,0.043924324,-2.0209894,0.14283682,0.28886336
2015-08-25,-0.015802864,0.26918262,-0.094828576,-0.07518508
2015-08-26,-0.030479463,-1.3845648,0.02825065,0.19118977
2015-08-27,-0.022543138,2.2951064,-0.26860446,-0.36875436
2015-08-28,0.021976497,1.6453229,-0.20772058,-0.33866745
2015-09-01,0.034723815,-0.9297418,0.07177565,0.1123638
2015-09-02,-0.011203224,0.099044174,-0.08210425,-0.08516816
2015-09-08,0.09854448,0.4762857,0.10023697,-0.0083926795
2015-09-09,0.049830582,-0.84589833,0.102489755,0.15192237
2015-09-10,-0.06683434,0.7241818,-0.06198891,-0.12378728
2015-09-11,-0.023353308,-0.24887879,0.098401666,0.13268131
2015-09-14,-0.05956571,-1.0245188,0.09418842,0.15493573
2015-09-15,-0.026596619,0.2860637,0.017246507,-0.04945119
2015-09-16,-0.015106303,1.2510674,-0.087039724,-0.14136353
2015-09-17,0.025865898,-0.44113338,0.017637106,0.021765616
2015-09-18,0.1281542,-1.1182634,0.1919003,0.16823877
2015-09-21,-0.17094752,0.7120999,-0.1236404,-0.07752038
2015-09-22,-0.11780543,-1.1694427,-0.16863003,0.13328525
2015-09-23,0.072559856,-0.042391382,0.1433159,0.14059503
2015-09-24,0.09788257,0.7099035,0.17588088,0.0317919
2015-09-25,-0.18228613,0.5717426,-0.037556157,-0.035819
2015-09-28,0.03644938,-1.4458101,-0.0128671415,0.15180786
2015-09-29,-0.043958455,0.5433886,-0.113471165,-0.04256149
2015-09-30,0.101340085,0.4428926,-0.028387556,-0.082742944
2015-10-08,-0.1540247,1.7167875,-0.04687627,-0.30754456
2015-10-09,0.29037887,1.1560854,0.09186169,-0.082512505
2015-10-12,0.19829953,-0.7136114,0.28300017,0.15194474
2015-10-13,-0.020543743,-0.3148742,0.15558532,0.09087291
2015-10-14,0.06664936,0.2081628,0.07923112,0.001054442
2015-10-15,0.023523603,-0.23384632,0.092491224,0.1329855
2015-10-16,-0.11638647,0.06344571,-0.14053224,-0.10495658
2015-10-19,0.05503947,-1.3328384,0.06897071,0.13452758
2015-10-20,-0.040302034,0.27469394,-0.0038743417,0.0032360635
2015-10-21,-0.13722616,-0.35514772,-0.09267025,0.030984756
2015-10-22,0.009822373,0.18571605,-0.03956005,-0.06565026
2015-10-23,0.005780224,-0.43162093,0.027379766,0.08526785
2015-10-26,0.006204438,-0.46387953,0.14831154,0.08925192
2015-10-27,0.030226987,-0.35992283,0.054375324,0.12020825
2015-10-28,-0.040075507,1.3131535,-0.19692305,-0.2287291
2015-10-29,-0.16307734,-0.79737556,-0.2772061,0.09390909
2015-10-30,-0.090981975,0.43488443,-0.14997457,-0.040081695
2015-11-02,0.01640214,-0.39911163,0.0428497,0.0062580416
2015-11-03,-0.1957388,0.6660909,-0.31347224,-0.1305811
2015-11-04,0.05189015,-1.0444121,0.12444621,0.22145523
2015-11-05,0.030162083,-0.9161002,0.045308597,0.17070006
2015-11-06,-0.090620294,-0.55013645,-0.125625,0.05068815
2015-11-09,0.0026952736,-0.84267133,-0.06101671,0.11011713
2015-11-10,-0.010040874,-0.38204977,-0.036152665,-0.0037404867
2015-11-11,0.08772286,-0.4023669,0.1362416,0.060854636
2015-11-12,-0.009593805,-0.93366253,0.09194074,0.13269784
2015-11-13,0.03279298,-0.7645326,0.078276746,0.13521668
2015-11-16,-0.13116255,-0.34425387,-0.01489985,0.17233111
2015-11-17,-0.04608812,-0.5150106,-0.08192767,0.03545852
2015-11-18,-0.105937354,-0.30610242,-0.13783145,-0.012000698
2015-11-19,0.06394863,0.54855573,0.0359875,0.065148346
2015-11-20,-0.041273832,-0.16225712,-0.04720132,0.073524415
2015-11-23,-0.17724118,-0.103205524,-0.20189318,-0.0996913
2015-11-24,0.063770354,0.90350264,-0.14649256,-0.06179777
2015-11-25,-0.01797646,0.3510257,-0.030071689,-0.022118088
2015-11-27,0.0275198,-0.8688621,-0.016682342,0.06978992
2015-11-30,-0.04422449,-0.031815965,0.10478837,0.08245896
2015-12-01,-0.022327684,0.54682547,0.05276715,-0.052430626
2015-12-02,0.062203187,-1.0498079,0.16454037,0.25201708
2015-12-03,-0.12605393,0.81526977,-0.022592202,0.024151858
2015-12-04,0.18989299,0.9487568,0.3188155,0.11810184
2015-12-07,0.13501674,-1.848104,0.19222523,0.31992266
2015-12-08,-0.021937337,-0.48148978,-0.031774513,0.08552821
2015-12-09,0.09412618,0.35253283,0.06730363,-0.008295698
2015-12-10,-0.07211591,-0.05688759,-0.14944927,0.028575452
2015-12-11,0.12578875,-0.69549316,0.038415592,0.05276839
2015-12-14,-0.056077875,-0.20033482,0.053190995,0.06610101
2015-12-15,-0.13968378,-0.2623057,-0.16542198,-0.11721428
2015-12-16,0.26560202,-0.20007928,0.30285805,0.17298885
2015-12-17,-0.20072795,-0.84314924,-0.19804755,0.093374655
2015-12-18,0.15774462,1.1821533,0.14874847,-0.0747595
2015-12-21,0.1319786,0.05921484,0.23663968,0.010878759
2015-12-22,-0.040773626,-0.44182935,-0.08518585,-0.06231026
2015-12-23,-0.028238067,0.9327764,-0.21714738,-0.19190505
2015-12-24,0.019240987,0.3147124,-0.03456113,-0.08492303
2015-12-29,0.07117057,0.18098667,-0.09353354,-0.046903383
2015-12-30,0.060728773,-0.5839902,0.13382095,0.119399235
2015-12-31,-0.06874119,0.23683135,-0.04406316,-0.05154402
2016-01-04,-0.016351875,-0.771663,-0.057382517,0.013972121
2016-01-05,0.07398405,-0.16884503,0.11263553,0.017742045
2016-01-06,0.09115746,-1.1947438,0.3557518,0.22610284
2016-01-07,0.0033040275,-0.43225172,0.16511874,0.13537094
2016-01-08,-0.008523071,-0.45604137,0.060627434,0.09579168
2016-01-11,0.072318055,-1.6883826,0.06753981,0.18786915
2016-01-12,-0.041148845,-0.58510476,0.08046042,0.0987301
2016-01-13,0.120523095,0.38705364,0.2176973,0.027300842
2016-01-14,-0.09853742,0.28300327,-0.14981318,-0.030791787
2016-01-15,0.0927161,-1.19561,0.26599145,0.25369245
2016-01-19,0.112958245,0.22135323,0.17329238,0.07602719
2016-01-20,0.09091659,-1.3263359,0.22382408,0.3093776
2016-01-21,-0.053360313,1.3589519,-0.33454272,-0.32823223
2016-01-22,-0.20840469,1.7511151,-0.3950886,-0.34550408
2016-01-25,0.17616813,-0.8853963,0.32280633,0.18495622
2016-01-26,0.08635075,1.3055245,-0.016945602,-0.15292476
2016-01-27,-0.030507077,0.84032744,-0.1305839,-0.21331774
2016-01-28,-0.11241174,-0.082069196,-0.26496044,-0.058439087
2016-01-29,-0.034144655,0.6437689,-0.042783435,-0.07093648
2016-02-01,0.11895544,-0.5458473,0.19602664,0.20507704
2016-02-02,0.10321694,-0.91019976,0.2922246,0.24197109
2016-02-03,-0.0071451943,1.6555178,-0.10593533,-0.2842924
2016-02-04,0.122109964,0.44045123,0.11012064,0.023714047
2016-02-05,-0.035321288,-1.0667025,0.07007355,0.14220843
2016-02-22,0.21876073,1.3516122,0.1896886,-0.19176798
2016-02-23,0.10818707,-0.6275475,0.24081208,0.015642801
2016-02-24,-0.036056258,0.53846204,-0.12344952,-0.07662636
2016-02-25,-0.124591336,-0.03035353,-0.2187043,-0.08452299
2016-02-26,0.011856459,-0.10903668,-0.10962261,0.01157788
2016-02-29,0.038912505,0.80877316,0.04666887,-0.1136273
2016-03-01,-0.040700298,0.73677063,-0.3477883,-0.04802057
2016-03-02,0.08740514,0.66696465,0.08890911,-0.03019817
2016-03-03,0.0698913,0.6346407,0.14586315,0.025822809
2016-03-04,0.0932742,1.5999244,0.06079633,-0.20021285
2016-03-07,-0.19828509,1.0370914,-0.2870419,-0.22499363
2016-03-08,-0.13313057,-1.055784,-0.040557366,0.123306036
2016-03-09,-0.06027668,0.9279438,-0.21384902,-0.18162164
2016-03-10,0.008633436,-0.29749092,0.15891322,0.05339457
2016-03-11,-0.0395234,0.65507597,-0.05750454,-0.045666646
2016-03-14,-0.029372612,-0.6372524,0.070262685,0.16848586
2016-03-15,-0.06964039,-0.49430358,-0.011269605,0.044086535
2016-03-16,-0.12472089,0.89090484,-0.21075666,-0.18139718
2016-03-17,0.15808712,1.7198626,0.10526256,-0.13935019
2016-03-18,-0.04121089,-0.6365103,-0.034810174,0.12839025
2016-03-21,0.00021202269,0.36200717,0.013477757,-0.010951707
2016-03-22,-0.056581337,0.6585956,-0.07762382,-0.07592341
2016-03-23,-0.019979585,-1.6400952,-0.02039222,0.20862943
2016-03-24,-0.077123806,-0.585178,-0.03609149,0.032186266
2016-03-29,0.05632627,-0.40120867,0.24123153,0.17766893
2016-03-30,0.028288092,-0.15914264,-0.076319255,-0.0556048
2016-03-31,0.09202925,0.37787724,0.024874493,-0.07497635
2016-04-01,0.039318837,-0.8825268,0.063285,0.19249885
2016-04-05,0.035900947,-1.3581734,0.17236134,0.19947463
2016-04-06,-0.1620557,0.84729123,-0.24579729,-0.19913737
2016-04-07,-0.029734919,-0.7431133,0.081428826,0.103917174
2016-04-08,-0.06909855,1.7855574,-0.26764342,-0.34033635
2016-04-11,0.07890931,0.52373093,0.020019753,-0.07249342
2016-04-12,0.05867834,1.4528378,-0.056611132,-0.17700787
2016-04-13,0.04860341,0.63291043,0.021023342,-0.03225266
2016-04-14,-0.076954715,-0.4980308,-0.038001295,0.07871709
2016-04-15,0.05574034,-0.23509231,0.21937494,0.06779181
2016-04-18,0.06746469,0.53084034,0.080684215,0.027033694
2016-04-19,0.13007994,1.5730255,0.08818112,-0.20122531
2016-04-20,-0.022197355,1.3170751,-0.019444754,-0.16323772
2016-04-21,0.049978506,-0.33886975,-0.04220042,-0.08727044
2016-04-22,-0.016377686,-0.5529032,-0.24562654,0.02469729
2016-04-25,0.038861763,0.034602355,0.20610777,0.07409639
2016-04-26,-0.1021938,0.78223336,-0.073444255,-0.10073865
2016-04-27,-0.06274556,0.29826963,-0.08039266,-0.18687366
2016-04-28,0.07902815,0.73676956,0.038022403,-0.08897972
2016-04-29,0.15346745,0.8041579,0.22999518,-0.010805076
2016-05-03,0.17618993,-1.744438,0.16864108,0.27297857
2016-05-05,-0.14773461,-1.001772,-0.21041662,0.026467018
2016-05-06,0.042363077,0.6983284,0.13691792,-0.020265413
2016-05-09,-0.007431956,-1.7396822,-0.012294338,0.15306623
2016-05-10,-0.15142849,1.1166395,-0.12774405,-0.14605393
2016-05-11,0.009458232,1.3544235,-0.1920463,-0.16220996
2016-05-12,-0.13827032,-0.39430007,-0.05102964,0.03781356
2016-05-13,0.010875692,-0.09926413,-0.005241862,0.018784689
2016-05-16,-0.04106517,1.2303324,-0.065365255,-0.13309324
2016-05-17,-0.073608845,0.50342035,-0.06607457,-0.09935014
2016-05-18,-0.048147365,-0.25896657,-0.04853636,0.0071680155
2016-05-19,-0.06355686,-1.2214377,-0.14466624,0.086478665
2016-05-20,0.014348958,0.18650727,0.030151471,-0.0023473194
2016-05-24,-0.087126814,-0.49184886,-0.22146405,-0.025362017
2016-05-25,-0.09549056,0.61032337,0.009269046,-0.031020658
2016-05-26,0.07688849,0.2713182,0.075256154,-0.028157687
2016-05-27,-0.042819474,0.145779,-0.06389237,0.02358373
2016-05-31,-0.013657378,-0.09486411,-0.11035205,0.033325385
2016-06-01,-0.006455118,0.29758304,0.035605013,-0.0014906009
2016-06-02,-0.05624787,0.49566182,-0.015162642,-0.03692323
2016-06-03,0.16807522,0.605227,0.30508417,0.06946386
2016-06-06,-0.014973439,0.81952906,0.043866213,-0.02776978
2016-06-07,-0.09376729,0.0771538,-0.07189334,-0.04316014
2016-06-08,0.07278708,1.569721,0.13767827,-0.08235168
2016-06-13,0.20300876,-1.1052256,0.27553654,0.19129676
2016-06-14,-0.06255716,-0.5998243,0.07176752,0.081673615
2016-06-15,0.16977377,0.034138985,0.09872616,-0.003524059
2016-06-16,0.082341686,-1.260938,0.18033087,0.19930275
2016-06-17,-0.22343263,1.0040727,-0.15421581,-0.1180115
2016-06-20,0.04239444,0.7536269,-0.17689382,-0.15205206
2016-06-21,0.035874456,-0.73276234,-0.1574762,-0.008295705
2016-06-22,0.03684618,0.03322671,0.0083777895,-0.01111719
2016-06-23,-0.018913057,0.30645835,-0.13056543,-0.078577146
2016-06-24,0.17624265,-1.0575576,0.36170495,0.19122738
2016-06-27,-0.02488901,-0.4903149,0.18453516,0.14158855
2016-06-28,0.064965114,1.3729641,-0.112726204,-0.17859608
2016-06-29,0.03062602,1.1738896,-0.06747533,-0.19615431
2016-06-30,0.057657547,-0.2420831,0.09090314,0.06967344
2016-07-01,0.18214983,0.84572965,0.15276393,0.012990763
2016-07-05,0.121266566,-1.2883942,0.27302098,0.20217343
2016-07-06,0.042964768,-0.011768583,-0.0040879673,-0.058991417
2016-07-07,0.099096574,-1.4762738,0.07904238,0.18575887
2016-07-08,0.005368548,0.7613154,0.123048864,0.0041989684
2016-07-11,0.08779825,0.23183075,0.05130256,0.03835892
2016-07-12,-0.06695528,1.2426015,-0.2065383,-0.18209076
2016-07-13,0.096998386,-0.34933224,0.2677843,0.07384405
2016-07-14,-0.059774313,0.57713544,-0.17056483,-0.079322554
2016-07-15,0.0036224814,-0.5418761,-0.18164638,-0.01147613
2016-07-18,0.017716791,-0.16801405,0.2043768,0.11574678
2016-07-19,0.110519476,-0.44867092,-0.049535748,0.01452291
2016-07-20,-0.08050678,-0.38231978,-0.11711523,0.056867976
2016-07-21,0.08203655,0.00695181,0.1539344,0.08546004
2016-07-22,0.015176845,-0.7173301,-0.035056602,0.0070924684
2016-07-25,0.058832046,-0.6928884,0.08997747,0.06712908
2016-07-26,0.0004496845,-0.054989696,0.007839061,0.008545889
2016-07-27,0.043886904,-0.45904458,0.21697526,0.13771868
2016-07-29,0.19224375,0.8743783,0.2568467,0.0563252
2016-08-01,0.04072692,-0.68235475,0.008501879,0.10849084
2016-08-02,0.044037383,0.045627397,0.07070762,0.033668082
2016-08-03,-0.12000084,0.54723257,-0.17563881,-0.1261402
2016-08-04,-0.082198486,0.25322866,-0.10541253,-0.060568273
2016-08-05,-0.08182036,0.08247044,-0.08063228,-0.02396975
2016-08-08,-0.11060309,0.594888,-0.068986915,-0.06414273
2016-08-09,-0.0056313984,-0.28818458,0.080138765,0.07298005
2016-08-10,0.08618157,-0.28173825,0.19513237,0.07285169
2016-08-11,-0.19593847,0.62265736,-0.27347124,-0.12760414
2016-08-12,-0.21852636,-0.133341,-0.30611086,-0.049924534
2016-08-15,-0.07138656,0.9156065,-0.016766673,-0.02250545
2016-08-16,-0.03029339,0.47988358,0.009916942,-0.017168703
2016-08-17,-0.113352135,0.17905934,-0.14955154,-0.02231701
2016-08-18,-0.0018696584,0.88447523,-0.03297326,-0.11355623
2016-08-19,-0.088310845,-0.34246692,-0.13062309,0.03465963
2016-08-22,0.032517128,-0.6227133,0.110895485,0.17615195
2016-08-23,0.0007246849,0.24444512,-0.0645207,-0.0365917
2016-08-24,-0.06535568,-1.1284815,-0.10572002,0.13713676
2016-08-25,-0.004453035,-0.16163333,-0.1066077,0.005637646
2016-08-26,0.07333834,-0.16683474,-0.00767113,0.0109065985
2016-08-30,0.0789955,-1.2124546,0.029569762,0.13445121
2016-08-31,0.07140009,-0.92986,0.10998417,0.19941346
2016-09-01,0.095416754,-0.4346814,0.31564304,0.32029185
2016-09-02,-0.056154847,0.9564334,0.0283898,-0.01964934
2016-09-06,0.079514116,0.6152275,0.19229057,-0.0077434704
2016-09-07,-0.08022215,0.48036757,-0.09786498,-0.115764365
2016-09-08,-0.1827867,0.91993165,-0.2921745,-0.16123219
2016-09-09,-0.019608393,-1.0017715,0.12334633,0.1425733
2016-09-12,-0.11495838,-0.38004392,-0.16510075,-0.024657285
2016-09-13,0.08462676,-0.93980825,0.057369348,0.09161247
2016-09-14,0.1296149,0.036044113,0.18933888,0.071986
2016-09-19,-0.18169002,0.9501651,-0.08809277,-0.052812196
2016-09-20,0.020240419,0.5312994,0.0963789,0.018837353
2016-09-21,0.0012853537,0.6334562,-0.024968788,-0.120664686
2016-09-22,0.10307965,0.9843574,0.07415872,-0.07280602
2016-09-23,0.065968156,-0.9629326,0.08603524,0.13919051
2016-09-26,-0.049227227,0.28040192,-0.1682144,-0.062756255
2016-09-27,-0.0035152968,-0.69490016,0.063932426,0.17654124
2016-09-28,-0.13193603,0.8005506,-0.2576512,-0.14550908
2016-09-29,-0.013145211,0.4545396,-0.08588889,-0.08431719
2016-09-30,-0.0435157,0.2670195,-0.002825351,0.06270754
2016-10-10,-0.36508703,0.2718753,-0.7060751,-0.05955586
2016-10-11,-0.060477056,-0.7455309,0.025185617,0.076550014
2016-10-12,0.10220726,-0.27180803,0.0035079638,0.0512536
2016-10-13,-0.12711665,0.07608623,-0.019611878,0.06561653
2016-10-14,-0.038508516,0.31186387,0.015730528,0.03286191
2016-10-17,-0.048038363,-0.025391812,0.09326443,0.16454433
2016-10-18,0.0145739475,0.18157937,0.009136464,-0.003140835
2016-10-19,-0.049332846,0.48845175,-0.046973564,-0.04729026
2016-10-20,0.018162565,-0.9271071,0.032348342,0.06440064
2016-10-21,-0.10280003,0.1575525,-0.072156236,-0.04577838
2016-10-24,0.08416934,0.34575406,0.080798574,-0.03054807
2016-10-25,0.1892751,0.6126773,0.17436746,-0.011537373
2016-10-26,-0.023276111,-0.12090616,0.07812214,0.03122144
2016-10-27,0.03898981,0.502883,-0.0006750399,-0.096306734
2016-10-28,0.178067,0.14656372,0.10126411,0.023518927
2016-10-31,0.0012797947,-0.49791923,0.048573703,0.19208334
2016-11-01,0.029742116,0.24277404,0.030337488,-0.058899537
2016-11-02,0.119058095,-0.49847057,0.28774637,0.13209869
2016-11-03,0.083204985,-0.1856284,0.08214471,0.08756419
2016-11-04,0.030502029,-0.28097227,0.15333879,0.11773618
2016-11-07,-0.018444335,0.48736143,-0.10324091,-0.045562245
2016-11-08,0.021356592,0.50075,0.087881915,-0.038413312
2016-11-09,0.14418982,0.045214616,0.022799522,-0.06690323
2016-11-10,0.06758868,0.1512049,0.053553622,-0.032394823
2016-11-11,-0.07545711,-1.6037229,-0.18032786,0.16749853
2016-11-14,0.1318781,-0.25078076,-0.008864613,0.045868285
2016-11-15,-0.0959828,1.0705311,-0.21323866,-0.22684973
2016-11-16,0.0024619966,-0.5816155,-0.058698457,-0.024913697
2016-11-17,-0.046771053,0.07371062,-0.06487363,-0.0305441
2016-11-18,-0.12568986,-0.11745661,-0.11650616,-0.013032344
2016-11-21,-0.04485649,1.6428573,-0.1867131,-0.31009433
2016-11-22,0.032739896,0.40139872,0.012817862,-0.06268924
2016-11-23,0.04223952,0.3442183,-0.070411466,-0.076987974
2016-11-25,0.1348143,-0.39605376,0.08935317,0.069208145
2016-11-28,0.12494064,0.7106251,0.022149162,-0.13767172
2016-11-29,0.0403927,-1.7632667,0.09376121,0.10232025
2016-11-30,-0.20997019,1.2866533,-0.4710846,-0.43613076
2016-12-01,-0.118378885,0.6795036,-0.2821156,-0.20144217
2016-12-02,-0.012826054,0.28982022,0.08894879,-0.010821532
2016-12-05,0.08071863,0.868503,0.061628185,-0.07960058
2016-12-06,0.032028865,-0.29493856,0.046226844,-5.3193147e-05
2016-12-07,0.052646738,-0.36480254,0.15275194,0.065542035
2016-12-08,-0.07114027,-0.33631104,-0.12576586,-0.029078897
2016-12-09,-0.05401811,0.26385438,-0.09421236,-0.070027426
2016-12-12,-0.041190777,0.49744785,-0.056505803,-0.09339454
2016-12-13,-0.045164265,-0.029162355,-0.09897864,-0.02697361
2016-12-14,0.1654604,-0.13623106,0.104637325,0.091877885
2016-12-15,-0.18788077,-0.594792,-0.28532562,0.01557924
2016-12-16,-0.03138239,0.28732914,-0.023882862,-0.12818943
2016-12-19,-0.10378304,-0.8288828,-0.049015313,0.092296496
2016-12-20,0.010611437,-0.0052808775,-0.05245544,0.013671589
2016-12-21,0.022020355,-0.2199076,-0.047249075,-0.004943867
2016-12-22,-0.010109169,-0.28016835,-0.07816024,-0.07098028
2016-12-23,-0.08779629,-0.49220014,-0.07537185,0.028546674
2016-12-28,-0.08576532,0.9339637,-0.08932328,-0.1735562
2016-12-29,-0.00813915,0.09059945,0.12715158,0.011369261
2016-12-30,-0.003287949,0.110947356,-0.015676325,0.0009423484
2017-01-03,0.066511735,-0.11728201,0.26716226,0.19079632
2017-01-04,0.09482856,1.2519045,0.052347552,-0.10732109
2017-01-05,0.076289125,0.33451957,0.15991636,-0.0065338355
2017-01-06,0.0047285073,-0.19345611,-0.063907966,-0.0116355
2017-01-09,0.1528189,-0.24786133,0.31500342,0.13045046
2017-01-10,0.16008118,0.34924236,0.17574212,0.004631145
2017-01-11,-0.11355256,0.40010133,-0.15848306,-0.049870282
2017-01-12,0.00925264,0.8843789,0.01239739,-0.05104548
2017-01-13,0.08818865,0.15734626,0.03413582,-0.025792813
2017-01-17,-0.11763005,-0.01930288,0.09737879,0.033922218
2017-01-18,0.11611296,-0.27504066,0.18442799,0.085092865
2017-01-19,-0.05872048,-0.48901674,-0.12656404,0.021873562
2017-01-20,-0.022942573,0.57980084,-0.034519047,-0.062959716
2017-01-23,0.06553964,0.23514198,0.10271831,0.022479877
2017-01-24,0.056588575,0.40027022,-0.01629924,-0.08651509
2017-01-25,-0.034204904,-0.75727224,-0.045586895,0.03318214
2017-02-06,0.20198815,0.520479,0.19879945,-0.102926284
2017-02-07,0.011337251,-0.3427541,0.09793484,0.046860967
2017-02-08,0.038009483,0.78108495,-0.0393256,-0.06670446
2017-02-09,-0.055354737,0.09655828,-0.06783329,-0.032854207
2017-02-10,0.108243234,0.9724086,0.019817604,-0.0740866
2017-02-13,0.041833535,-0.5530735,0.06059249,0.051607776
2017-02-14,-0.037970375,0.045944493,-0.02461941,-0.023298027
2017-02-15,0.0040339553,0.19738394,0.15869613,0.080756016
2017-02-16,0.049805876,-0.40619746,0.073118806,0.07549505
2017-02-17,-0.02104998,-0.45459336,-0.035522018,-0.010236781
2017-02-21,0.031342298,0.3829407,0.0011800004,-0.03755849
2017-02-22,-0.040184937,-0.32992798,0.021896597,0.05145997
2017-02-23,-0.036375888,-0.32793313,-0.068009116,-0.06376556
2017-02-24,0.12855719,0.2524586,0.121857725,-0.037308216
2017-02-27,-0.0018548858,-0.025653142,-0.06923362,-0.028696157
2017-02-28,-0.033848073,0.42753103,0.09000125,0.05398659
2017-03-01,-0.02026231,0.9935542,-0.18251474,-0.01870625
2017-03-02,-0.02072927,-1.5362916,-0.036382787,0.18660584
2017-03-03,-0.045284938,0.24228638,-0.03552207,-0.024286067
2017-03-06,-0.042493474,-0.2982099,-0.08003115,0.00799195
2017-03-07,-0.042177163,-0.86347544,-0.11848366,0.039298173
2017-03-08,0.09086736,-1.1109989,0.077228285,0.1673126
2017-03-09,0.026366733,-1.1891152,0.03910977,0.1524693
2017-03-10,0.064931385,-0.31317383,0.0488023,0.041400924
2017-03-13,0.053662296,-0.06256485,0.028229918,0.00765174
2017-03-14,0.040101334,-0.21160004,0.02763474,0.062763795
2017-03-15,-0.09366383,0.7958925,-0.036649477,-0.11096938
2017-03-16,0.11641849,0.5799544,0.21037863,-0.028759066
2017-03-17,0.040641658,0.36541086,0.03873599,0.0066363364
2017-03-20,-0.006945259,-0.14830501,-0.006828556,0.080532685
2017-03-21,0.005425866,-0.44718418,0.098570794,0.11475379
2017-03-22,-0.003713755,-0.08919893,0.003690164,-0.04785892
2017-03-23,0.0042372663,-0.14900273,0.015724663,0.0142430905
2017-03-24,0.029326359,-0.16673149,-0.008608408,-0.017292194
2017-03-27,-0.031738054,-0.13546774,0.056577865,0.078432
2017-03-28,0.027539838,0.66338044,-0.041086268,-0.05532077
2017-03-29,-0.029173084,0.34839094,-0.1455038,-0.07731821
2017-03-30,-0.019935612,0.066052616,-0.11189153,-0.034047205
2017-03-31,-0.09664371,-0.19490585,-0.03303271,0.02064318
2017-04-05,-0.13656564,0.36441624,-0.12710495,-0.012207393
2017-04-06,-0.046234682,-0.12738776,-0.04311711,-0.03304622
2017-04-07,-0.05391015,0.22992748,0.013510985,-0.0044577615
2017-04-10,-0.162903,-0.30750343,-0.11967517,0.0057606213
2017-04-11,0.03261701,0.12731273,0.15166894,-0.0336363
2017-04-12,-0.04453257,-0.25768754,0.022919487,0.065532245
2017-04-13,0.07633159,0.43650836,0.09528775,-0.03963908
2017-04-18,0.04906854,-0.78439176,-0.011034993,0.08034634
2017-04-19,0.062068023,-0.5668541,0.09074352,0.093516976
2017-04-20,0.087707706,0.21799436,0.0101789525,-0.015054796
2017-04-21,-0.029640805,-0.58637935,0.099233836,0.092852965
2017-04-24,0.008234181,-0.24267949,0.00046284543,0.014843549
2017-04-25,-0.055089645,0.18646993,-0.039062824,-0.034017358
2017-04-26,0.008047014,-0.38671744,-0.097338855,0.0134339025
2017-04-27,-0.03680524,-0.53337246,0.09671131,0.058228906
2017-04-28,0.058481928,0.40125567,0.040052872,-0.041399226
2017-05-02,0.0151673285,-0.24195051,0.11447918,0.07989846
2017-05-03,-0.17682853,-0.7279021,-0.14979741,0.04280222
2017-05-04,0.10124704,-1.3990043,0.049354155,0.1604214
2017-05-05,-0.09217234,0.43099067,-0.089062706,-0.002679744
2017-05-08,0.0028663136,-0.31144086,0.008008989,0.04188443
2017-05-09,0.0057871556,-0.3248975,-0.032225925,0.05153287
2017-05-10,-0.094506145,0.63261324,-0.10077377,-0.084194
2017-05-11,0.054430842,0.38900134,-0.024238486,-0.09047765
2017-05-12,-0.0052520307,0.35013396,-0.004282129,-0.030240064
2017-05-15,0.03252877,0.9213396,-0.040178373,-0.14721796
2017-05-16,-0.033938628,-0.027398242,0.08087917,0.021077197
2017-05-17,0.028818544,0.6727532,0.11674273,0.007971901
2017-05-18,-0.025982058,-0.6684763,-0.13865094,-0.010169447
2017-05-19,0.012581211,1.374243,-0.098222055,-0.1052103
2017-05-22,0.019752976,0.50969064,0.041832305,-0.055071365
2017-05-23,0.0397273,-0.35103136,-0.07427493,-0.020155255
2017-05-24,-0.062001795,-0.33701465,-0.01666654,0.045727506
2017-05-25,0.14515463,-0.70221806,0.22441436,0.14578484
2017-05-26,0.02081389,0.022337608,-0.006299277,-0.0158392
2017-05-31,0.08084949,-1.049296,0.15630594,0.14462799
2017-06-01,-0.056802936,-0.45088133,-0.08872708,0.010996527
2017-06-02,0.029445944,-0.26099703,0.16999604,0.00516025
2017-06-05,-0.026061865,-0.39192507,0.122423455,0.09916704
2017-06-06,-0.06482969,0.3075768,0.018932639,-0.01800126
2017-06-07,0.018209258,-0.6713633,0.20330136,0.18380705
2017-06-08,-0.050471965,0.33063942,-0.05375899,-0.015877694
2017-06-09,0.013706991,0.46324366,-0.052538104,-0.051754292
2017-06-12,-0.0109952,-0.77866316,-0.08155611,0.07564732
2017-06-13,-0.13971718,-0.054574605,-0.08132502,0.019307878
2017-06-14,0.16269669,-0.54870325,0.29244187,0.17894833
2017-06-15,-0.1771816,-0.5052781,-0.17682388,0.0914582
2017-06-16,-0.040898666,0.41766298,-0.026307866,-0.028323509
2017-06-19,0.07804684,-0.17612077,-0.017146496,0.0056368583
2017-06-20,0.048570316,-0.8306001,0.04783083,0.06968807
2017-06-21,0.12939404,-0.32395872,0.041508425,0.04959111
2017-06-22,0.037802715,-0.010254298,-0.09756775,-0.05812072
2017-06-23,0.06688397,0.45266545,0.058588564,0.0015509219
2017-06-26,-0.040355418,-0.08973487,-0.12779337,-0.032893315
2017-06-27,-0.018543653,0.9402784,-0.0802311,-0.07624427
2017-06-28,-0.03251268,0.4204736,-0.039660648,-0.11744321
2017-06-29,-0.0138924075,0.69514877,0.012365407,-0.03322189
2017-06-30,-0.079441786,0.97225314,0.012836686,-0.10469449
2017-07-03,-0.14957213,0.44899377,-0.1748559,-0.07241177
2017-07-05,0.003678123,-0.6476951,0.13143359,0.20916459
2017-07-06,0.02022482,0.21240021,-0.051307052,-0.058290698
2017-07-07,-0.011899353,-0.84471035,0.051053703,0.14544621
2017-07-10,-0.08471566,-0.06926533,0.049011674,0.024860483
2017-07-11,0.0015474573,0.5297686,-0.050986852,-0.09700202
2017-07-12,0.09358662,0.038080983,0.010119923,-0.0807711
2017-07-13,0.023385474,-0.27161974,-0.15817034,0.023371179
2017-07-14,0.004938225,0.8772389,0.06795682,-0.06762139
2017-07-17,0.078740925,0.33505443,0.088060215,0.0018268593
2017-07-18,-0.023269365,0.35380578,0.09461219,0.11995915
2017-07-19,-0.15076402,0.46134272,-0.12007411,-0.09343477
2017-07-20,-0.037200067,0.3238972,0.057904582,0.055186775
2017-07-21,0.13957727,-0.5308389,0.1819576,0.10592075
2017-07-24,0.008827301,-0.1320755,-0.020147724,0.0059289425
2017-07-25,0.05216307,0.66715246,-0.13370852,-0.15657173
2017-07-26,-0.10120559,0.6427329,-0.0633917,-0.066680945
2017-07-27,0.009692715,0.57619053,0.016551727,-0.04740964
2017-07-28,-0.07698563,0.5598156,-0.034551147,-0.015359614
2017-07-31,-0.018520288,0.44737536,-0.0854999,0.014654574
2017-08-01,0.10699027,-0.71826655,0.056919552,0.058255386
2017-08-02,-0.0153137995,0.502865,-0.00497108,-0.06758374
2017-08-03,0.07462323,-0.493627,-0.0033522649,0.031454235
2017-08-04,-0.08089293,-0.030301994,-0.117291525,-0.00959499
2017-08-07,0.07376852,0.31647837,0.124921374,0.043577924
2017-08-08,0.14116684,0.5646713,0.06256525,-0.031960595
2017-08-09,0.014002856,0.4378394,0.08301078,0.023153314
2017-08-10,0.12705788,-0.70802176,0.012452218,0.0855335
2017-08-11,-0.052223377,-0.024769051,0.005001489,0.0026104262
2017-08-14,0.03847264,-0.71270144,0.0788754,0.10864385
2017-08-15,-0.06577693,-0.7773579,0.01876415,0.092909016
2017-08-16,0.18980804,0.51296717,0.10997985,0.01482139
2017-08-17,-0.06500294,0.13021079,0.023406332,0.047772806
2017-08-18,-0.05012586,0.7876394,-0.10755867,-0.084547006
2017-08-21,0.12681241,-0.0967132,0.15679856,0.07646284
2017-08-22,-0.03157887,0.054226562,-0.08932185,-0.016771812
2017-08-23,-0.048445966,0.5488888,-0.06360286,-0.042085875
2017-08-24,0.032626167,0.42286247,0.008488273,-0.012632002
2017-08-25,-0.063969485,-0.29889396,0.006866136,0.047124024
2017-08-29,0.19117878,0.5979021,0.024660952,-0.028875982
2017-08-30,0.0036422682,0.034843232,-0.1574147,-0.057802483
2017-08-31,-0.024031302,1.5546031,-0.17399862,-0.13903552
2017-09-01,0.14204954,-0.22723565,0.3378188,-0.002023823
2017-09-05,-0.048922922,0.36314455,0.06019249,-0.074580885
2017-09-06,-0.074988686,0.29570776,0.009766603,-0.013665682
2017-09-07,0.051695887,0.05479078,0.06352457,0.017121498
2017-09-08,-0.080438875,-0.8554857,0.00242374,0.11960021
2017-09-11,-0.04965157,-0.07361127,-0.05474829,0.05416039
2017-09-12,-0.04353853,-0.22194344,-0.048636004,0.09453609
2017-09-13,-0.16003028,-0.07868844,-0.123145886,-0.03128293
2017-09-14,-0.07517472,-0.043474186,0.0033938733,0.018034175
2017-09-15,-0.11830846,0.36820006,-0.057196405,-0.12863527
2017-09-18,0.019199353,-0.33074355,-0.108987205,0.029504763
2017-09-19,0.0068551917,-0.24744375,-0.023260335,0.009289854
2017-09-20,-0.006773299,0.8245413,0.032868244,-0.072367504
2017-09-21,-0.09548597,-0.65970284,-0.09339295,0.042215846
2017-09-22,-0.115432896,-0.1586066,-0.03242912,0.0087660765
2017-09-25,0.021814786,0.62446976,-0.10152155,-0.105146185
2017-09-26,-0.018533388,-0.91489697,-0.044433005,0.12631242
2017-09-27,-0.050477035,-0.28843984,-0.031235756,0.00028311982
2017-09-28,0.116128854,0.10770557,0.09023737,-0.007261564
2017-09-29,-0.07406931,-0.39463472,0.013784402,0.08866126
2017-10-09,0.2814429,0.15397884,0.3269156,0.07969903
2017-10-10,0.04283806,0.78366786,-0.025755392,-0.16698627
2017-10-11,-0.08167083,-0.10685367,-0.11407789,-0.045762006
2017-10-12,0.08406368,0.24626769,0.16574508,0.06941672
2017-10-13,-0.07039448,0.7610849,-0.0060952352,-0.075559735
2017-10-16,-0.02595724,0.11580418,-0.052958213,-0.068406105
2017-10-17,-0.12741062,-0.60318,-0.11269533,0.08038319
2017-10-18,-0.010614354,-0.16369525,-0.069351755,0.008443344
2017-10-19,0.06316824,0.12640603,0.14798976,0.08436617
2017-10-20,-0.07139744,-0.09115715,-0.17110257,-0.033980694
2017-10-23,0.05362245,0.49472156,0.009789272,-0.067130715
2017-10-24,-0.016841482,0.45498428,-0.056891467,-0.075480156
2017-10-25,0.019196486,0.073551774,-0.02234806,0.004823897
2017-10-26,-0.07482146,0.0038296515,-0.11903966,-0.022183156
2017-10-27,-0.15515086,0.06644603,-0.1056402,-0.015066269
2017-10-30,0.023269994,0.31280932,0.020451522,-0.074781455
2017-10-31,0.016152069,0.20973222,-0.0795547,-0.059556838
2017-11-01,0.114385515,0.44330016,0.21631594,-0.07390948
2017-11-02,-0.03616501,-0.001770578,-0.021952746,0.053995974
2017-11-03,-0.11307808,-0.047826223,-0.16282462,-0.09910317
2017-11-06,-0.012961663,1.0969696,-0.027818542,-0.10734501
2017-11-07,-0.11123709,-0.7562318,-0.056588482,0.11541719
2017-11-08,0.04666513,0.28992662,0.093129605,0.052834548
2017-11-09,-0.03525021,-0.22914912,-0.08177414,-0.002105258
2017-11-10,-0.009569424,-0.19883078,-0.02403249,0.047840178
2017-11-13,0.0829226,0.016532987,0.11645996,0.021886678
2017-11-14,-0.027394446,-1.0737005,0.08190783,0.15204091
2017-11-15,-0.022097005,0.12648164,0.012288938,0.00786764
2017-11-16,0.0140181715,-0.3085435,0.06428012,0.050945073
2017-11-17,0.044793643,1.0016598,0.05762711,-0.14379059
2017-11-20,-0.02027822,-0.7056743,-0.14249884,0.033485316
2017-11-21,0.03327469,0.54486954,0.03808832,-0.045720182
2017-11-22,0.0422301,0.5844186,0.05304345,-0.08124172
2017-11-24,0.030907985,0.38279262,-0.0517884,-0.07085613
2017-11-27,0.005742316,-0.40418717,0.012998848,0.019847747
2017-11-28,-0.015383903,-0.3508959,-0.090308055,0.06891962
2017-11-29,-0.03747124,-0.42506164,-0.005672603,0.085772604
2017-11-30,-0.061505895,-0.44605502,-0.039521113,0.03815902
2017-12-01,0.045981526,0.72806305,-0.042626023,-0.08401958
2017-12-04,0.021289656,-0.75831354,0.12027275,0.08733573
2017-12-05,-0.19480836,-0.71653587,-0.20816194,0.0313676
2017-12-06,0.056339443,-1.0015074,0.09038153,0.12786622
2017-12-07,-0.101928964,-0.06372704,-0.1571676,-0.033365708
2017-12-08,-0.102920614,0.21127224,-0.13593405,-0.03433269
2017-12-11,0.025355278,0.37295654,-0.059853714,-0.07386232
2017-12-12,0.010427886,-0.5481233,-0.0007286021,0.05094902
2017-12-13,0.079065196,-0.0062773763,0.18557057,0.06299034
2017-12-14,0.06586271,0.48374483,0.02971392,-0.053766124
2017-12-15,0.026611371,0.66167533,0.10519105,-0.10668266
2017-12-18,0.047820073,0.49068078,0.06813851,-0.017835032
2017-12-19,-0.010531771,0.43556714,-0.0034155645,0.015007082
2017-12-20,0.064295255,0.72527164,0.01541885,-0.072114274
2017-12-21,0.041406102,0.31562415,0.025344899,-0.053176284
2017-12-22,0.050927013,0.44890624,0.034965012,-0.053888205
2017-12-27,-0.016850038,1.1691179,-0.0005334121,-0.13312918
2017-12-28,0.09874753,0.48202088,0.07062677,-0.06646767
2017-12-29,0.024191221,0.54379225,0.061794676,0.0006864929
2018-01-02,-0.0070607504,0.1757166,0.103717186,0.0844388
2018-01-03,-0.10210354,0.3242463,-0.10313021,-0.07376978
2018-01-04,0.059371345,0.3153611,0.028073873,-0.012049675
2018-01-05,-0.028557897,-0.55220604,0.044965368,0.111551866
2018-01-08,0.0015284403,-0.31040162,-0.0864341,0.002067984
2018-01-09,-0.11445899,0.18928148,-0.13967831,-0.065074995
2018-01-10,0.044865806,0.28568387,0.040740356,-0.044055372
2018-01-11,0.06680714,-0.051587295,-0.055646133,-0.05271426
2018-01-12,0.0529243,0.2700361,0.030911943,-0.022548243
2018-01-16,-0.0010707058,-0.4154244,0.0960789,0.03832779
2018-01-17,-0.04580009,0.06480899,0.0069714254,-0.007749847
2018-01-18,0.009062851,-0.0031835886,-0.07552474,-0.06234745
2018-01-19,0.04868756,0.06187777,0.1291269,0.052369256
2018-01-22,-0.016747395,0.14724842,-0.04003719,-0.02429382
2018-01-23,-0.072107315,0.028048,-0.10766815,-0.036961455
2018-01-24,0.15004186,1.1841663,0.1921026,-0.07431766
2018-01-25,0.058093745,0.18270637,0.07578558,0.04577103
2018-01-26,-0.089246,0.08830393,-0.10124163,-0.015455452
2018-01-29,-0.05716504,-0.14555895,-0.0366472,0.047916155
2018-01-30,-0.059841152,-0.6001289,0.106274836,0.09443359
2018-01-31,0.092749655,0.11703352,0.062440865,-0.061653994
2018-02-01,0.015153099,0.33942628,0.010289769,-0.081131265
2018-02-02,-0.06969544,-0.8923167,-0.046455376,0.07775634
2018-02-05,0.081197366,-0.1676516,0.09949074,0.06775124
2018-02-06,-0.12147104,-0.5049831,0.06953088,0.13993578
2018-02-07,-0.06549827,-1.1701922,0.03880147,0.16283092
2018-02-08,0.0938087,-0.21613139,0.076855905,0.033611096
2018-02-09,0.032336175,-1.343298,0.10858667,0.18256667
2018-02-22,0.052746486,2.0502958,-0.13741411,-0.3364471
2018-02-23,-0.09622162,0.03458064,-0.13274388,-0.017723978
2018-02-26,-0.0056862426,0.37374565,0.006124307,0.01139342
2018-02-27,-0.02464347,-0.7127009,-0.002505954,0.06922301
2018-02-28,-0.03603276,-0.435465,0.19668889,0.12608491
2018-03-01,-0.09890938,-0.1337229,-0.10635661,-0.00359845
2018-03-02,0.022013448,-0.021638826,0.059549797,0.00042991596
2018-03-05,-0.07923238,0.3796788,-0.10292757,-0.12101907
2018-03-06,0.05094238,0.36094102,0.12821856,0.038544163
2018-03-07,0.011108603,-1.090748,-0.042171385,0.10621394
2018-03-08,-0.027207423,-0.49105594,0.063671425,0.110787086
2018-03-09,0.048424914,0.62182295,-0.06360786,-0.12160218
2018-03-12,-0.058394462,-0.46457246,0.026997507,0.094434
2018-03-13,0.07925612,0.32857323,0.09092077,0.032340866
2018-03-14,-0.044129718,-0.035526916,-0.06786782,-0.03627894
2018-03-15,-0.109175175,-0.16517113,-0.045870505,0.044696823
2018-03-16,-0.050809115,-0.025099121,-0.13365835,-0.035679705
2018-03-19,0.05494794,-0.43547764,0.028809331,0.10756567
2018-03-20,-0.11091495,0.03794006,-0.19250983,-0.069184266
2018-03-21,-0.0353728,0.90402555,-0.071873456,-0.065257154
2018-03-22,-0.028099233,-0.440997,0.074850686,0.07857257
2018-03-23,-0.033177286,0.06795167,0.020209707,0.0115811145
2018-03-26,0.05939212,-0.15272722,0.040584594,0.075299546
2018-03-27,-0.03307854,0.034063622,-0.07291233,0.020946056
2018-03-28,-0.061647948,-0.5331625,-0.0689073,0.04314152
2018-03-29,-0.097401544,0.5088983,0.033781793,0.025834452
2018-04-03,0.06630678,-0.18997169,0.21001448,0.11643186
2018-04-04,0.009125641,-0.7493328,-0.062022988,0.058368463
2018-04-09,0.1580486,1.2145684,0.23164971,-0.08745142
2018-04-10,0.012276821,1.0982078,-0.11273334,-0.20204395
2018-04-11,0.039801776,0.5346141,-0.023186728,-0.08564316
2018-04-12,-0.1078077,-0.20505977,-0.054376673,-0.03754588
2018-04-13,-0.0014578974,-0.12715596,-0.0025996917,0.0076797768
2018-04-16,0.20140979,-0.041448373,0.032034915,-0.1487
2018-04-17,0.01913455,-0.07572039,0.012586611,-0.016782138
2018-04-18,0.093137056,1.4376429,0.022695482,-0.15720966
2018-04-19,-0.09159664,-0.22679703,-0.081296675,0.028994985
2018-04-20,0.0008292283,-0.24484578,-0.10732367,-0.008527901
2018-04-23,-0.15318878,-0.8628076,-0.22991775,0.07560701
2018-04-24,-0.003969767,-0.15712048,0.08985073,0.0628557
2018-04-25,-0.08592639,-0.13715956,-0.071831375,-0.030279472
2018-04-26,-0.028046599,0.26935712,-0.03745289,-0.016980471
2018-04-27,-0.05242579,-0.101749934,0.05397108,0.020968596
2018-05-02,-0.17488724,-0.34283125,-0.017610265,0.108879566
2018-05-03,-0.0652003,0.05251867,0.04431975,-0.018881235
2018-05-04,0.09490033,0.71088594,-0.06110901,-0.09832598
2018-05-08,-0.0154890055,-0.4533558,-0.038817205,0.052316688
2018-05-09,-0.0631859,0.60077333,-0.18917611,-0.11965652
2018-05-10,0.0018053717,0.26918876,0.044016417,-0.016076408
2018-05-11,0.000116193005,-0.34852487,-0.03552355,0.046495408
2018-05-14,-0.07251366,0.06644303,-0.057456467,0.0057587395
2018-05-15,-0.10155988,0.10977368,-0.21891734,-0.081945255
2018-05-16,0.03385486,0.06048311,-0.039600946,-0.03711397
2018-05-17,0.013976756,0.27089635,-0.038297217,-0.048998196
2018-05-18,-0.02739166,-0.021104174,0.08313583,0.065999664
2018-05-21,-0.026445612,0.78285897,0.043188468,-0.048872862
2018-05-22,-0.06110757,0.30651453,0.0286439,0.007416493
2018-05-23,-0.10897942,-0.18400915,-0.008240363,0.031273067
2018-05-24,0.14205904,0.19571318,0.17951041,0.055088438
2018-05-25,0.029580133,-0.6784398,0.14095151,0.15320516
2018-05-29,0.119435176,-0.2905815,0.032848407,0.04183759
2018-05-30,0.016342908,0.5900309,-0.08533183,-0.15363199
2018-05-31,0.005538106,-0.107722275,0.07251731,0.08188205
2018-06-01,0.030507362,-0.256752,0.050561372,0.05556723
2018-06-04,0.1079617,-0.65394986,-0.021795325,0.06565723
2018-06-05,0.015726833,0.24427879,0.07637704,-0.05460135
2018-06-06,0.07251911,0.13375953,0.10859925,-0.044360768
2018-06-07,-0.057545952,0.13140838,-0.19330035,-0.10239944
2018-06-08,0.044592477,0.1938292,0.03612579,-0.018677058
2018-06-11,0.032533053,-0.25153765,-0.025930602,0.034436926
2018-06-12,-0.035533078,0.010581055,0.037739154,0.003433976
2018-06-13,0.002516023,0.033291753,-0.04204597,0.031708423
2018-06-14,0.06398005,-0.65551174,0.026531776,0.064897455
2018-06-15,-0.0047439076,-1.8001304,-0.049142577,0.156946
2018-06-19,-0.08930126,-1.1574672,-0.122361556,0.11822564
2018-06-20,-0.024935734,0.19177142,0.030411826,0.0034382343
2018-06-21,-0.018194256,-0.6033653,0.062198102,0.09240996
2018-06-22,-0.05305158,0.99013126,-0.117968716,-0.17211069
2018-06-25,0.0074409638,-0.99188465,-0.039055742,0.12018979
2018-06-26,-0.10211756,0.19116005,-0.1329294,-0.04840553
2018-06-27,-0.04903953,0.48265254,-0.20537104,-0.16149238
2018-06-28,-0.0349937,-0.39468324,-0.09731815,-0.0019898242
2018-06-29,-0.07124222,0.5275811,-0.047669794,-0.067514755
2018-07-02,0.055368982,-1.4014734,-0.11178846,-0.0061060456
2018-07-03,-0.010728392,0.010911324,0.1272515,0.011251218
2018-07-05,-0.112832874,-0.4473829,-0.010029872,0.05721549
2018-07-06,-0.03297009,0.59064144,0.098519005,-0.0011791802
2018-07-09,0.043750547,0.18504848,-0.03088003,-0.010930093
2018-07-10,-0.094639644,-0.23759416,-0.083077066,0.015775366
2018-07-11,0.12511848,-1.9190809,0.07627611,0.1917089
2018-07-12,0.02633695,0.5054404,0.057100043,-0.07965839
2018-07-13,-0.03274917,-0.52250487,-0.14716968,0.0028663578
2018-07-16,-0.0047402685,-0.55696636,0.2254734,0.08639414
2018-07-17,-0.14627218,-0.36912024,-0.05772126,0.13663974
2018-07-18,0.01962369,0.40854162,-0.03720703,-0.07431608
2018-07-19,-0.13729963,-0.46885398,-0.09997122,0.033988524
2018-07-20,0.067500174,1.1123496,0.13765056,-0.024562849
2018-07-23,-0.020650113,-0.170002,0.026497463,0.07579846
2018-07-24,0.05272538,0.6335519,0.02113882,-0.07380716
2018-07-25,-0.04739806,0.41319454,0.0348499,-0.08203102
2018-07-26,-0.06058862,-0.071494944,-0.06893196,0.009387194
2018-07-27,-0.0055720485,0.012086752,0.016487766,0.062160924
2018-07-30,0.007668479,0.21789187,0.09948552,-0.058047287
2018-07-31,0.0415164,0.2661509,0.15702346,0.054935202
2018-08-01,-0.03184003,-1.3873839,0.016646722,0.11206864
2018-08-02,-0.06360121,0.12811926,-0.09364028,-0.068102725
2018-08-03,0.057315793,0.5140455,0.09461232,-0.024301007
2018-08-06,-0.09315787,-0.043684874,-0.028784657,0.017406665
2018-08-07,-0.0027118777,0.43792915,-0.016180787,-0.020606471
2018-08-08,0.117846034,-0.34507748,0.24689992,0.12037704
2018-08-09,-0.0025481717,-0.22923717,0.014716379,0.053066883
2018-08-10,-0.011131315,-0.68741626,-0.16940866,0.0011023348
2018-08-13,-0.16249037,-0.9376642,-0.16837227,0.08165013
2018-08-14,-0.037777353,-0.008361993,0.03244225,-0.0042304876
2018-08-15,-0.109299965,-1.9736941,-0.026248507,0.28132972
2018-08-16,0.1407236,1.0816071,0.08210214,-0.10769004
2018-08-17,-0.031170612,0.066149,-0.047097843,-0.064346105
2018-08-20,0.036623836,0.37843764,0.022030672,-0.047445856
2018-08-21,0.05929192,0.33424225,-0.01875322,-0.02446373
2018-08-22,-0.0047479235,0.07605454,-0.113595255,-0.027214862
2018-08-23,-0.049761657,-0.63204855,-0.08535081,0.08434758
2018-08-24,0.10702575,0.9593053,0.093281075,-0.002627266
2018-08-28,0.09673536,0.110801145,-0.0025954007,-0.075689904
2018-08-29,-0.096252345,0.1918943,-0.049212072,-0.045810774
2018-08-30,-0.14694588,-0.3097489,-0.11015992,0.056564026
2018-08-31,-0.104697086,-0.14034915,0.003794809,0.07705559
2018-09-04,-0.11844106,-0.907742,-0.031975843,0.061227903
2018-09-05,0.08206769,-0.19765604,0.13006218,0.081106775
2018-09-06,0.039462358,-0.25930014,0.038946383,0.02112267
2018-09-07,-0.04550044,0.039431307,-0.023849253,-0.019704595
2018-09-10,-0.030797306,0.35980287,0.048532505,-0.035522945
2018-09-11,-0.13516766,-0.268124,-0.15263502,-0.009872922
2018-09-12,0.15923318,0.6832369,0.047390666,-0.113139026
2018-09-13,0.046258446,-0.64898634,0.08071422,0.09677936
2018-09-14,-0.056221288,-0.5089088,-0.052682184,-0.007457221
2018-09-17,-0.035898305,-0.016003214,0.045498587,-0.04214859
2018-09-18,0.0539571,0.3940308,-0.05783849,-0.14029558
2018-09-19,0.05577996,0.8937654,0.049450517,-0.0469536
2018-09-20,0.042841516,0.50653464,0.13863845,0.01941406
2018-09-21,0.09474738,0.80411565,0.059840877,-0.01883033
2018-09-25,-0.115694955,0.3507024,-0.24638645,-0.12982395
2018-09-26,0.004148771,-0.28232074,-0.011541792,0.044891585
2018-09-27,-0.16184698,-0.19528852,-0.1207442,0.067047186
2018-09-28,0.1471306,0.7844529,0.032320246,-0.07180192
2018-10-08,-0.2950232,0.9262267,-0.15247189,-0.12107622
2018-10-09,0.09387415,0.4893064,0.052558623,-0.069422655
2018-10-10,0.003987028,-0.99899846,0.086027324,0.10654244
2018-10-11,0.17397852,-0.05326073,0.3583041,0.07664745
2018-10-12,-0.006270073,0.4021878,0.051036265,0.024583494
2018-10-15,-0.0996667,0.3998194,0.14800154,0.12707871
2018-10-16,-0.003602249,-0.06381083,-0.061281275,0.0056050513
2018-10-17,0.06469741,-0.28098378,0.12549363,0.17825685
2018-10-18,0.04234353,-0.65187293,0.03410987,0.10976772
2018-10-19,-0.041969605,0.07348445,-0.022604186,0.0008335243
2018-10-22,-0.022222279,-0.12665623,-0.03598807,-0.08051457
2018-10-23,0.15277861,-0.6534401,0.2605591,0.14900059
2018-10-24,-0.033227913,-0.35448712,-0.061073788,-0.01092983
2018-10-25,-0.006297837,-0.17127505,-0.05287048,-0.0044331234
2018-10-26,-0.025956705,0.22725415,0.012446659,-0.055727694
2018-10-29,-0.043913513,-0.6492545,-0.08672439,0.0011645075
2018-10-30,-0.020946532,-0.79199857,0.043580014,0.10136086
2018-10-31,-0.06433934,-0.46683133,-0.0045757745,0.029490117
2018-11-01,0.2634113,0.6229195,0.44336143,0.07748284
2018-11-02,0.049676638,0.38076442,0.12043324,0.039244317
2018-11-05,-0.09011816,-0.46858507,-0.07923864,0.05495843
2018-11-06,-0.076387644,-0.6201218,-0.010340297,0.096290156
2018-11-07,0.0049113035,0.37198806,0.054146722,-0.0022709242
2018-11-08,0.084992655,-0.37810254,0.016431607,0.09516925
2018-11-09,-0.07534912,-0.92235285,-0.13785096,0.088519074
2018-11-12,-0.11132264,-0.37700525,-0.07000673,0.029168254
2018-11-13,0.15058517,-1.3917253,0.22892995,0.21530937
2018-11-14,0.026109012,0.4966568,-0.033143032,-0.0044133565
2018-11-15,0.066595025,0.22086714,0.13116635,-0.0048091947
2018-11-16,0.121161856,0.47631744,0.05733649,-0.066884905
2018-11-19,0.010009937,-0.048900485,-0.059259385,0.0040023183
2018-11-20,0.04702473,-1.5442175,0.25900704,0.2775485
2018-11-21,0.0136225205,0.49831,0.058590822,-0.019190365
2018-11-23,0.13207768,-1.8647996,0.2893948,0.2959604
2018-11-26,-0.058222424,0.08523873,-0.14303964,-0.09404555
2018-11-27,-0.10999904,-0.5990579,-0.026896594,0.10441825
2018-11-28,0.07914425,0.4474688,0.20268619,0.091914006
2018-11-29,-0.04200232,0.18569127,-0.10190309,-0.04999945
2018-11-30,-0.01592486,-0.011983373,0.05257272,-0.009171
2018-12-03,-0.028223362,1.2549062,-7.941951e-06,-0.13284095
2018-12-04,-0.06287363,0.101687826,-0.04243914,0.003640955
2018-12-05,0.04946528,0.023085706,-0.0075286217,0.004496846
2018-12-06,-0.017018395,-1.191599,0.0937964,0.21900783
2018-12-07,-0.017777864,1.0417253,-0.10216091,-0.17484577
2018-12-10,0.024396563,-1.016001,0.12093673,0.18929319
2018-12-11,-0.013177601,0.21722698,-0.0072750216,-0.042850927
2018-12-12,0.028800242,0.14380293,0.15362647,0.014539847
2018-12-13,-0.089133695,0.15527149,-0.13251221,-0.04119503
2018-12-14,-0.003142827,-0.7828163,0.09066457,0.10003576
2018-12-17,0.09197887,0.029735072,0.18525447,-0.02313153
2018-12-18,0.024194365,-1.4190255,0.20377985,0.2751236
2018-12-19,0.021292798,0.71857965,-0.057904027,-0.023118282
2018-12-20,0.1321768,-0.9794375,0.25047246,0.16255046
2018-12-21,-0.069319785,-0.6782752,-0.03822487,0.07987475
2018-12-24,0.16222668,-1.0070332,0.34492016,0.24819168
2018-12-27,-0.0064376066,0.2322949,-0.12574044,-0.11006022
2018-12-28,-0.036181778,0.028813219,0.089457385,0.012525003
2019-01-02,-0.14009555,0.18865262,-0.1040594,-0.07472308
2019-01-03,-0.056707583,0.4328763,0.017547037,-0.0055473726
2019-01-04,0.05483906,1.2536818,-0.03366908,-0.15576023
2019-01-07,0.055874176,0.49450988,0.02193111,-0.038280673
2019-01-08,-0.089020506,0.31736982,-0.107688546,-0.0971613
2019-01-09,-0.104840964,1.0060256,-0.20015329,-0.19933455
2019-01-10,-0.016291386,-0.39493993,-0.0833152,-0.009663571
2019-01-11,0.018202137,-0.046362363,0.10041734,0.08506537
2019-01-14,0.03683294,-0.5918472,0.030704174,0.093150586
2019-01-15,-0.06746383,0.41934162,-0.08766344,-0.09127769
2019-01-16,0.023830175,0.625598,0.029641619,-0.027017618
2019-01-17,-0.0027951282,0.3141865,-3.834178e-05,0.01340105
2019-01-18,-0.06508638,0.7691208,-0.14250544,-0.097585626
2019-01-22,0.022895511,-0.8805521,0.09184203,0.12972657
2019-01-23,0.039110452,0.27334428,0.090461284,0.014663065
2019-01-24,-0.009646787,0.02915051,-0.030807365,0.026594236
2019-01-25,0.13159867,0.9481636,0.15028186,-0.065744475
2019-01-28,-0.003024487,-0.98134553,0.14792268,0.16434364
2019-01-29,0.007027018,0.6930928,-0.06539196,-0.10584838
2019-01-30,0.045696642,0.7398382,-0.021489749,-0.07736156
2019-01-31,0.10642001,0.11952524,0.1453845,0.091962434
2019-02-01,-0.052747536,0.2823027,-0.13293558,-0.08455403
2019-02-11,-0.06863389,-1.0752128,0.029586239,0.089067526
2019-02-12,-0.101870134,0.13866104,-0.0024755278,0.015143495
2019-02-13,-0.05044201,0.2431873,-0.09874379,-0.069185525
2019-02-14,-0.04990935,-0.1594472,-0.16654293,-0.028807981
2019-02-15,0.040393982,1.2229568,-0.10410301,-0.20365126
2019-02-19,0.1504465,0.3740098,0.15944499,0.014739295
2019-02-20,0.04681569,0.7040963,0.040004995,-0.02176016
2019-02-21,-0.05420602,0.17043324,-0.18968454,-0.042431876
2019-02-22,0.08364253,0.58632046,0.08735449,-0.056663387
2019-02-25,0.10560876,-0.91189086,0.14914623,0.15839441
2019-02-26,-0.014944268,-0.032440696,-0.12866643,-0.07357788
2019-02-27,-0.016330702,0.57633334,-0.1038526,-0.12603582
2019-02-28,0.0016964122,-0.007479183,-0.06973058,-0.019079493
2019-03-01,-0.03460786,-0.17543465,-0.15429808,0.06513308
2019-03-04,-0.14149284,-0.46331608,-0.19721988,-0.020139901
2019-03-05,0.044094235,0.46986815,0.01995103,-0.024419297
2019-03-06,-0.0013897427,-0.51762164,-0.061797228,0.06166636
2019-03-07,-0.07322933,-0.48996043,-0.10138282,-0.017038079
2019-03-08,0.096638516,-0.052655995,0.14871518,-0.0025330377
2019-03-11,-0.025086017,-0.14659688,-0.1314165,-0.0339381
2019-03-12,0.09551948,0.85298663,0.11753878,-0.04946476
2019-03-13,0.04709916,0.6307733,0.015764587,-0.064465284
2019-03-14,-0.09483467,-0.49207035,-0.122799814,0.023133535
2019-03-15,-0.022695279,0.4367387,0.1387415,-0.036408458
2019-03-18,-0.0028247065,0.18419342,-0.040102873,-0.031337507
2019-03-19,0.080945194,0.4627803,0.059586637,-0.051578667
2019-03-20,-0.02655229,0.42822507,-0.088403024,-0.081608474
2019-03-21,0.015265135,-0.21811226,0.009508037,-0.037147205
2019-03-22,-0.010275709,-0.6890143,0.059688788,0.11509654
2019-03-25,0.030856656,0.36766773,0.039837703,0.010632875
2019-03-26,0.00033606542,0.157707,-0.08819433,-0.042279407
2019-03-27,0.008697151,-0.2881194,0.017148826,0.0501835
2019-03-28,-0.106073305,-0.6557119,-0.07321833,0.09242861
2019-03-29,0.15084417,0.27329326,-0.0016646907,-0.064109705
2019-04-01,0.0073691397,0.1755892,0.044464804,-0.09839641
2019-04-02,-0.088246495,0.10289703,-0.07144017,-0.05191011
2019-04-03,0.12488228,0.45417425,0.081226826,-0.0010158087
2019-04-04,-0.034659494,0.23003554,0.06555966,-0.019347623
2019-04-08,-0.027291061,0.3374127,-0.12584096,-0.098392755
2019-04-09,-0.030836947,-0.122689955,0.04131034,0.07247744
2019-04-10,-0.03539147,0.4784133,-0.066479154,-0.042418536
2019-04-11,-0.0779256,-0.8315491,-0.12506999,0.06752405
2019-04-12,0.06936525,0.6252771,0.023857974,-0.054279782
2019-04-15,-0.010558811,-0.32102978,-0.030517863,-0.030382507
2019-04-16,-0.09392079,-0.40703672,-0.14955494,-0.053862736
2019-04-17,0.011667236,-0.10491296,-0.019348143,-0.02716671
2019-04-18,-0.07720731,0.20438515,-0.0004553503,0.02299553
2019-04-23,-0.08382213,-0.14580685,-0.24319977,-0.05414399
2019-04-24,0.05302077,-0.2750853,0.023431184,0.065882005
2019-04-25,-0.001746351,-0.2949275,-0.01739147,0.09638534
2019-04-26,0.113573916,-0.36832458,0.21871638,0.14620897
2019-04-29,-0.026121574,-0.27758956,-0.0837336,0.04627791
2019-04-30,-0.024277395,0.12138976,-0.067771845,0.017867858
2019-05-07,-0.07029977,-1.7148602,0.15773167,0.40001503
2019-05-08,-0.08842095,-0.28807127,-0.13626179,0.015196184
2019-05-09,0.03377363,-0.5688805,0.004228657,0.048331134
2019-05-10,0.04963462,0.11108589,0.016722793,0.007605489
2019-05-13,-0.061885186,-0.4195707,0.10415755,0.13491072
2019-05-14,-0.08393458,0.7683885,0.07353264,-0.02393551
2019-05-15,-0.035710536,0.7594476,-0.0710343,-0.10288546
2019-05-16,-0.118008845,0.5932866,-0.16204078,-0.07410113
2019-05-17,-0.063216,-0.8973994,-0.051680326,0.058364384
2019-05-20,-0.031193942,0.049125496,0.07484058,0.021076806
2019-05-21,-0.008146796,0.042232726,0.037905104,0.08966367
2019-05-22,-0.03015831,-0.76433545,0.08988298,0.15110901
2019-05-23,0.20089822,-0.96461886,0.29621664,0.22044455
2019-05-24,-0.025390951,0.7560447,0.07467348,-0.01104808
2019-05-28,-0.1129219,0.75270367,-0.03012876,-0.02299465
2019-05-29,-0.024393339,-0.18659022,0.052019138,0.13822784
2019-05-30,0.073367216,-0.08905411,0.29972908,0.18799147
2019-05-31,0.1351074,-1.011073,0.3395326,0.28333968
2019-06-03,0.16529912,-0.47380045,0.34128368,0.050432906
2019-06-04,-0.022687213,0.17050442,0.026788594,0.030542191
2019-06-05,0.069222145,-1.3193523,0.020490116,0.105585314
2019-06-06,-0.004121688,0.7917538,0.053027004,0.016097618
2019-06-10,-0.097265996,-0.24749081,-0.19666833,-0.09896035
2019-06-11,0.013960692,0.5108296,0.0528187,-0.02501572
2019-06-12,0.097717196,-0.2780551,0.26030773,0.15787499
2019-06-13,-0.11204275,0.55754,0.020098204,-0.03706877
2019-06-14,-0.11083577,-0.039291885,-0.025730718,-0.0033763107
2019-06-17,0.0049469913,-0.16518283,0.077136196,0.048993524
2019-06-18,0.041454896,0.73137003,-0.014344522,-0.12557977
2019-06-19,0.030098282,-0.24905537,-0.016097872,0.059609298
2019-06-20,-0.06030711,1.2550159,0.062650405,-0.09335351
2019-06-21,-0.08752566,-0.2750208,-0.16993271,0.016065072
2019-06-24,0.104539655,0.5100418,0.16037494,0.011398894
2019-06-25,0.065649554,0.4797594,-0.03167856,-0.029247874
2019-06-26,-0.07725246,0.2848916,-0.1831811,-0.1095702
2019-06-27,-0.034591075,-0.21537793,0.04631163,0.033397783
2019-06-28,0.0921216,-0.047923975,0.046100456,0.059394535
2019-07-01,0.024773393,-0.84057,-0.08793318,0.08783026
2019-07-02,0.120793596,-0.93966466,0.17188568,0.16570084
2019-07-03,-0.11492467,1.0409256,0.06543266,-0.013791056
2019-07-05,-0.15472406,-0.60856855,-0.21723595,0.018276745
2019-07-08,-0.055399533,-0.012464041,0.09686762,0.037356548
2019-07-09,-0.035699204,-0.10189851,-0.016835721,-0.019086886
2019-07-10,0.020388925,1.5188086,-0.12138019,-0.24574314
2019-07-11,-0.037237033,0.046997033,0.07314319,0.04484174
2019-07-12,0.017454773,0.28275535,0.06845597,-0.006453163
2019-07-15,0.13293955,0.032357417,0.107118934,0.042266663
2019-07-16,0.18331932,-0.50070953,0.10439735,-0.011273796
2019-07-17,0.087654285,-0.13119671,0.1464141,0.05960644
2019-07-18,0.11696729,-0.6102043,0.16773629,0.122284606
2019-07-19,-0.09347977,0.481804,0.0075967656,-0.047714975
2019-07-22,-0.024436193,-0.41689336,-0.08916655,-0.009645729
2019-07-23,-0.023986729,0.38216922,-0.042156328,-0.11760432
2019-07-24,0.0725536,0.4000486,0.115949444,0.0029882384
2019-07-25,-0.071574874,-0.43401775,-0.13637291,0.036313668
2019-07-26,-0.012879435,-0.25774625,0.013119934,0.03261951
2019-07-29,0.06522929,0.41780224,0.12538715,-0.009166655
2019-07-30,-0.02624994,-0.0011695315,-0.051438525,-0.034818005
2019-07-31,0.029011566,-0.2178958,-0.06238757,-0.060793392
2019-08-01,0.12958986,-1.789225,0.26315144,0.27152538
2019-08-02,-0.18245554,-0.012784596,0.012324693,0.0503082
2019-08-05,0.053745054,-0.7186855,0.26259282,0.10506401
2019-08-06,0.083884515,-0.37193862,0.12933227,0.103558764
2019-08-07,0.17402083,-0.58502483,0.33786198,0.09453414
2019-08-08,-0.079929434,1.118633,-0.11695395,-0.1324927
2019-08-09,-0.19300148,0.31205884,-0.1425881,-0.0844876
2019-08-12,0.10679112,-0.5556883,-0.052817717,0.02557419
2019-08-13,0.009925724,0.7146606,-0.19785257,-0.14040835
2019-08-14,0.09427998,-0.84875554,0.14862734,0.12064166
2019-08-15,-0.004705781,-0.38505983,0.15693672,0.19050893
2019-08-16,-0.056586754,0.21353975,0.037782345,0.01425655
2019-08-19,-0.045091838,-0.22025433,-0.16799925,-0.09566022
2019-08-20,-0.005738501,-0.0546706,-0.022085855,-0.051123273
2019-08-21,0.037340555,0.3930026,0.03382287,0.03338938
2019-08-22,-0.08817986,-0.5074347,0.048570007,0.052237105
2019-08-23,0.076618366,-0.46637177,0.18026185,0.15221345
2019-08-27,0.12384978,0.34967357,0.08692233,-0.105497204
2019-08-28,-0.038616925,0.8193611,-0.041688316,-0.11279122
2019-08-29,0.006268577,0.2244545,-0.071032934,-0.10333278
2019-08-30,0.046693828,-0.37301,0.21144761,0.18248163
2019-09-03,0.23385534,-0.4500604,0.30195925,0.12378394
2019-09-04,0.09049699,1.5102761,-0.1139464,-0.27762106
2019-09-05,-0.09655937,-0.2513201,-0.24516106,-0.02011107
2019-09-06,-0.06565857,-0.35692748,-0.12040536,0.11373628
2019-09-09,-0.034516938,0.38610497,-0.0890214,-0.07470377
2019-09-10,-0.036308903,0.40510753,-0.009649139,-0.0022370974
2019-09-11,0.057666473,-0.39031473,0.1280296,0.13665697
2019-09-12,0.044303406,0.32737625,0.10222651,-0.05657344
2019-09-16,-0.2939496,2.1451368,-0.44909412,-0.4351339
2019-09-17,0.11476568,-1.20921,0.15970306,0.12571897
2019-09-18,-0.03563493,-0.45284066,0.09146386,0.10106974
2019-09-19,-0.053426262,0.2800101,-0.031330135,0.0072889393
2019-09-20,0.05090681,-0.20372102,0.07491448,0.042940892
2019-09-23,0.08558251,0.6166853,0.15706427,-0.09447037
2019-09-24,-0.0028540383,-0.5378302,0.14488524,0.09774377
2019-09-25,-0.02667713,-0.55463743,-0.09787037,0.074902125
2019-09-26,-0.015215286,-0.09538623,-0.054498866,0.022411665
2019-09-27,0.03723857,-0.14821239,-0.028212728,-0.034969516
2019-10-08,-0.0137383565,-0.15593985,0.20397522,0.12184805
2019-10-09,0.0225933,0.22269602,0.003526472,-0.046361566
2019-10-10,0.08644621,0.3211875,-0.08633705,-0.08296498
2019-10-11,-0.107501045,0.6505756,-0.06494193,-0.10094556
2019-10-14,-0.011086547,-0.52462643,0.13862611,0.113690645
2019-10-15,0.08525788,0.048358876,-0.15777433,-0.03829068
2019-10-16,-0.04769945,0.033289015,-0.047187883,-0.036302384
2019-10-17,-0.028776728,0.17011656,0.057142783,0.014512601
2019-10-18,0.048128,0.22783947,0.01718164,0.020883862
2019-10-21,0.01661289,-0.3378985,0.024234306,0.07392151
2019-10-22,-0.06369152,0.18761988,-0.037648555,0.06233563
2019-10-23,0.026925465,0.6838526,-0.018260635,-0.14051853
2019-10-24,-0.008883746,0.43903565,0.008983733,0.0039082128
2019-10-25,0.029231817,0.18986924,0.019591253,-0.012709925
2019-10-28,0.033082593,-0.22628449,-0.018199664,0.038987797
2019-10-29,-0.017936671,0.13862456,-0.008217522,0.011469528
2019-10-30,0.056591168,-0.12592141,0.1312322,0.066862814
2019-10-31,0.021128016,-0.54403174,0.19223414,0.16184673
2019-11-01,0.007535771,1.0103099,-0.05079739,-0.26122168
2019-11-04,-0.032078978,0.29957256,-0.09889984,-0.038403332
2019-11-05,-0.10225257,-0.11440898,-0.18404035,-0.04923076
2019-11-06,0.03864822,-0.55955505,0.14982581,0.16985774
2019-11-07,-0.064089365,-0.23401506,-0.17536655,-0.04590327
2019-11-08,-0.08131329,-0.35034707,-0.05958566,0.073506765
2019-11-11,-0.049840372,-0.7198332,-0.064580716,0.053429816
2019-11-12,-0.054164995,-0.15256444,0.002029478,-0.0006438832
2019-11-13,-0.016014492,-0.2086003,0.056883726,0.055556662
2019-11-14,-0.017074788,-0.10980902,0.037441056,0.043968238
2019-11-15,-0.046177186,0.19706324,-0.07835554,-0.11344459
2019-11-18,-0.018639809,-0.69668955,0.094536394,0.1277699
2019-11-19,0.034595903,-0.21621779,0.15917756,0.08364513
2019-11-20,-0.10757183,0.4600092,-0.1188426,-0.008741901
2019-11-21,-0.11002077,0.16059837,-0.15260987,-0.025094155
2019-11-22,0.04844202,0.088419124,0.020529402,0.015051564
2019-11-25,0.0005715109,0.029584698,0.03147744,-0.0584411
2019-11-26,0.04611005,0.40987,-0.02514704,-0.085287094
2019-11-27,-0.021839743,-0.31979874,-0.022005377,-0.0048246193
2019-11-29,0.027977511,-0.75459415,0.2054311,0.17209685
2019-12-02,-0.0011166054,-0.2927229,0.038261063,0.037703857
2019-12-03,0.006225104,-0.29108876,0.042222925,0.046597127
2019-12-04,-0.09058546,0.57028186,-0.19169241,-0.13015278
2019-12-05,-0.002190866,0.2067395,0.003080118,-0.0016751669
2019-12-06,-0.08216862,0.4930647,-0.13668951,-0.06003849
2019-12-09,-0.0037453657,0.18483335,0.069755,0.05127985
2019-12-10,0.019870838,0.44598722,0.057975452,-0.02054558
2019-12-11,0.11527135,-0.07841444,0.1691483,0.048500195
2019-12-12,-0.021630093,0.87313086,0.024477959,-0.023537409
2019-12-13,-0.08693123,0.25854358,-0.10499523,-0.13071597
2019-12-16,-0.05264006,1.1597753,1.6124244e-05,-0.13244393
2019-12-17,-0.13183743,0.13650429,-0.079054706,-0.03633367
2019-12-18,0.03139809,-0.07963211,0.014715149,0.014323901
2019-12-19,0.03338027,0.47063085,-0.016241487,-0.060404748
2019-12-20,0.011484989,-0.010782531,0.028429287,0.07393677
2019-12-23,0.0037414862,0.020882362,0.10282788,-0.038676962
2019-12-24,0.022851951,0.5507781,0.059768077,-0.020170076
2019-12-27,0.010748569,0.7668925,0.051304795,-0.07174658
2019-12-30,0.006632138,0.2415936,0.056100193,-0.010717538
2019-12-31,0.00828801,-0.69282824,0.09288774,0.048654135
2020-01-02,0.02702055,0.3352191,0.033706736,-0.024264831
2020-01-03,-0.027532896,0.25248966,-0.08671964,-0.028872015
2020-01-06,0.037503697,-0.010693701,0.029595204,-0.06492162
2020-01-07,0.06332899,0.0249381,0.094001025,0.041775905
2020-01-08,0.08040947,-0.758388,0.08863271,0.12009615
2020-01-09,-0.074153684,-0.13210288,0.004217483,0.054712582
2020-01-10,0.03118267,0.31255057,0.115167156,0.029824544
2020-01-13,-0.013150978,-0.40334743,0.020633379,0.05227485
2020-01-14,-0.020121345,0.1305361,-0.033933334,-0.047654394
2020-01-15,0.1049725,0.06856344,0.20198742,0.034469035
2020-01-16,0.013445364,-0.44123802,-0.14537771,-0.004401941
2020-01-17,0.011053176,0.4317479,0.16472009,0.008373269
2020-01-21,0.0149508,-0.6264261,-0.008346064,0.056905076
2020-02-03,0.18804911,-2.9225168,0.3300118,0.5918064
2020-02-04,-0.04995269,0.12900779,-0.07091145,0.033148408
2020-02-05,-0.0029443244,1.2378345,-0.09385388,-0.15616268
2020-02-06,0.022114435,0.16169849,-0.006270146,-0.024664972
2020-02-07,-0.09016681,-0.50308317,0.024412232,0.079832375
2020-02-10,0.073793694,-0.40796125,0.15612625,0.115535066
2020-02-11,-0.011589666,0.44820812,-0.033967696,-0.0223884
2020-02-12,-0.13693239,0.7093502,-0.13416931,-0.07572974
2020-02-13,0.0553366,0.27902284,-0.01081942,-0.041670453
2020-02-14,-0.066779464,-0.016298145,-0.04187522,0.011039145
2020-02-18,0.09350826,0.47342244,0.06863399,-0.17960829
2020-02-19,-0.025826579,0.65131205,-0.09437112,-0.13112013
2020-02-20,-0.030853493,-0.4256525,-0.05590039,0.016016804
2020-02-21,0.09996295,0.12526895,0.18872292,0.117699854
2020-02-24,0.14842553,-1.508926,0.26311496,0.24522415
2020-02-25,-0.025072098,-1.0617797,0.008100757,0.16821827
2020-02-26,0.080507755,-1.0534484,0.13316825,0.20143354
2020-02-27,0.004278701,-1.2418629,0.17863724,0.23413844
2020-02-28,-0.16061148,-1.2433816,-0.22906598,0.14319228
2020-03-02,0.06259387,1.3938354,-0.09656827,-0.12084291
2020-03-03,0.03506949,0.4557186,0.112114266,-0.049041327
2020-03-04,0.0011294519,0.1759698,0.00051709736,-0.01670362
2020-03-05,0.111622006,-0.6142912,0.11458339,0.08419306
2020-03-06,0.18273187,-2.0362468,0.37197456,0.30584836
2020-03-09,0.3089157,-2.9074755,0.53907216,0.6794233
2020-03-10,-0.203772,1.4544045,-0.31773102,-0.35268548
2020-03-11,0.042253833,-1.0416464,0.025339749,0.17722538
2020-03-12,0.08819574,-2.3791413,0.22025254,0.3838374
2020-03-13,-0.12199365,-0.99119866,-0.1545132,0.23075663
2020-03-16,0.264762,-2.8520143,0.35495862,0.54510605
2020-03-17,0.011888201,-0.8124699,0.06211274,0.028990647
2020-03-18,0.15231884,-2.6737838,0.30674505,0.5641319
2020-03-19,-0.2441847,2.1514313,-0.40539992,-0.46469074
2020-03-20,0.17781001,-0.63383657,0.40978545,0.18711917
2020-03-23,0.13498484,-0.62900966,0.45763674,-0.13339183
2020-03-24,0.2005234,1.8804617,0.1227454,-0.29391873
2020-03-25,0.085802756,1.4866484,-0.21647872,-0.18161857
2020-03-26,0.09406744,-1.1640995,0.1691558,0.28679356
2020-03-27,-0.007902158,-0.6040135,-0.0326324,0.14390227
2020-03-30,0.05205666,-1.4219347,0.0915101,0.32117733
2020-03-31,0.024058567,0.22518744,-0.04304492,-0.10553876
2020-04-01,0.008870069,-1.7308378,0.16268931,0.32590982
2020-04-02,-0.13098946,2.2662826,-0.40822682,-0.3669015
2020-04-03,-0.2699447,1.1860659,-0.40563667,-0.21654724
2020-04-07,0.3545192,0.25531557,0.42603385,0.15325625
2020-04-08,-0.10458166,0.12549755,-0.19864398,-0.19036677
2020-04-09,0.22050725,0.18995132,0.41491547,0.07759656
2020-04-14,0.33191067,-0.41848144,0.3028354,0.10851571
2020-04-15,0.05418604,-1.1869708,-0.012093131,0.13712893
2020-04-16,-0.05203808,-0.10197108,0.018155428,0.060610548
2020-04-17,-0.04431049,-0.08192371,-0.0601863,0.08194805
2020-04-22,-0.1883354,2.1426547,-0.41617727,-0.5642825
2020-04-23,-0.11881394,1.3183291,-0.2653427,-0.39089924
2020-04-24,0.028467365,-1.0743088,-0.043152746,0.05918546
2020-04-27,0.37836787,-1.9643875,0.42851087,0.4715768
2020-04-28,0.005138396,0.5600223,-0.020964928,0.012413721
2020-04-29,-0.3027712,2.0672252,-0.47877425,-0.44432178
2020-04-30,-0.30273563,1.7787519,-0.50571847,-0.55850416
2020-05-06,-0.29362658,1.6265951,-0.6871194,-0.5477082
2020-05-07,0.087306984,1.1123834,0.07289465,-0.1703278
2020-05-11,-0.060922623,0.48907745,-0.04263494,-0.05416832
2020-05-12,-0.044803884,-0.075260006,-0.045325547,-0.17530866
2020-05-13,0.08660539,-1.0394082,0.15974557,0.14180891
2020-05-14,-0.122010976,1.5586993,-0.2762085,-0.31912354
2020-05-15,-0.0037785922,1.0511078,0.0022571406,-0.2574066
2020-05-18,-0.042395722,2.2949376,-0.31718764,-0.51613724
2020-05-19,0.10759623,0.2921095,0.14549191,0.0024398395
2020-05-20,0.05257772,1.0528282,0.07071154,-0.086524345
2020-05-21,-0.11917046,-0.84394896,-0.24556825,-0.012907803
2020-05-22,0.0693371,-0.6559169,0.13826828,0.13108943
2020-05-26,-0.13679083,0.7508492,-0.2246053,-0.13125242
2020-05-27,0.0062455228,-1.0091536,0.21521299,0.0741348
2020-05-28,-0.011475273,0.029056145,0.05387947,0.017987566
2020-05-29,0.09466868,0.9561601,-0.025666628,-0.16542228
2020-06-01,-0.057229877,1.4114673,-0.14348908,-0.096865885
2020-06-02,-0.21943174,0.71176034,-0.3669025,-0.11163056
2020-06-03,-0.06600731,-0.10040236,-0.015390899,0.0612082
2020-06-04,-0.011130369,0.41635135,0.09509771,-0.022213444
2020-06-05,-0.23195751,1.108365,-0.49726084,-0.2299004
2020-06-08,0.17558473,-0.07076404,0.27070782,0.053036127
2020-06-09,-0.02802307,0.20863011,-0.028832229,-0.10823708
2020-06-10,0.01874787,0.45484304,-0.031842086,-0.08383129
2020-06-11,0.15384704,-1.6909665,0.2509588,0.25134933
2020-06-12,-0.1023043,-0.3458569,-0.026089117,0.052107885
2020-06-15,-0.104399376,0.41664568,-0.21628892,-0.13834386
2020-06-16,0.013634518,1.1643574,-0.072072126,-0.14344114
2020-06-17,0.05190523,0.28154844,0.0020422994,0.03125578
2020-06-18,-0.08242261,0.08934222,-0.21566223,-0.054022275
2020-06-19,0.0038152868,0.8137339,0.0073829065,-0.054473914
2020-06-22,0.036266416,0.50997007,0.023611471,-0.048699375
2020-06-23,0.039549787,-0.102561355,0.06808884,0.00959337
2020-06-24,0.092324965,-1.7901471,0.26318163,0.32137915
2020-06-29,0.022355119,0.81947565,0.062234346,-0.08886431
2020-06-30,0.04017027,0.88101643,0.1873008,0.0054118573
2020-07-01,-0.14513268,0.6085483,-0.1190596,-0.1330543
2020-07-02,-0.022377629,0.46918228,-0.13777266,-0.12755093
2020-07-06,0.032944236,0.52269775,0.030295745,-0.107482344
2020-07-07,0.039572727,0.59035593,0.072209865,0.028682875
2020-07-08,0.16438298,0.72602165,0.13615714,-0.079284534
2020-07-09,0.0092358,-0.8173508,0.027972521,0.10525321
2020-07-10,0.06802456,0.50434625,-0.08443219,-0.12655699
2020-07-13,0.20718552,0.24056056,0.13657065,-0.013443517
2020-07-14,-0.13440482,-0.5242528,-0.04602521,0.09217192
2020-07-15,-0.0305841,0.6156331,-0.087095365,-0.1863696
2020-07-16,0.014631787,-0.099327266,-0.027062183,-0.025302768
2020-07-17,-0.054525368,0.012656747,0.105927914,0.10349487
2020-07-20,0.060139157,0.19236538,0.061357543,-0.009337028
2020-07-21,0.15655419,1.6179297,0.057042394,-0.22515136
2020-07-22,0.083249696,0.53120416,0.18063681,-0.06984338
2020-07-23,0.1195525,-0.05372513,0.1566963,0.05432178
2020-07-24,-0.073049456,-0.26676834,-0.04519612,0.04983895
2020-07-27,0.15461475,0.58448493,0.27805877,0.03299169
2020-07-29,0.10873561,0.14539641,0.029143842,0.0036365413
2020-07-30,0.012587854,-0.8409421,0.055947755,0.20368095
2020-07-31,0.0027867963,0.60356617,0.16116485,0.014734575
2020-08-03,-0.023675455,0.9386208,-0.08355241,-0.09127875
2020-08-04,0.20248294,0.6037645,0.15871713,-0.035973478
2020-08-05,0.14667264,0.98857784,0.100494765,-0.11202193
2020-08-06,0.1405789,0.13877256,0.25326464,-0.001956655
2020-08-07,-0.071112074,-1.3490243,-0.17998596,0.16293897
2020-08-10,0.124912314,0.7831014,0.15263636,-0.14245977
2020-08-11,-0.115903035,-0.7903342,-0.32230413,0.12763025
2020-08-12,-0.12383803,0.5294448,-0.08916082,-0.05860185
2020-08-13,0.054160006,0.2793373,0.1920915,-0.04072868
2020-08-14,-0.07572796,-0.39443395,-0.18044966,0.028944273
2020-08-17,0.13758819,1.1090422,0.21517035,-0.07044257
2020-08-18,0.09710916,0.67972606,0.055708636,0.0042724744
2020-08-19,-0.02885878,0.07560833,-0.11628759,-0.049823754
2020-08-20,-0.03235858,-0.74201685,-0.11232262,0.03283185
2020-08-21,-0.029542511,-0.7204385,0.057199407,0.17481866
2020-08-24,-0.07575566,0.7022197,-0.23026162,-0.08664467
2020-08-25,-0.08241832,0.7735426,-0.09361902,-0.07561172
2020-08-26,0.11180993,0.19683029,0.17677529,-0.112851836
2020-08-27,-0.043749392,-0.17478214,0.12239546,0.14109226
2020-08-28,0.105492376,0.7771584,0.16494279,0.009677951
2020-09-01,0.0685186,0.5174148,0.2240901,-0.03863917
2020-09-02,-0.02699581,-1.1606319,-0.067491874,0.17383078
2020-09-03,-0.00057710306,-1.0133803,-0.032943565,0.08912533
2020-09-04,0.115528844,-0.13201988,0.1544247,0.028156605
2020-09-08,0.10912979,-1.4330956,0.3367312,0.2265435
2020-09-09,-0.024594594,0.5925188,-0.07954412,-0.15577781
2020-09-10,0.044033904,-0.14221947,0.1356943,0.058702864
2020-09-11,-0.04205481,0.53719985,-0.060099833,-0.0477214
2020-09-14,0.058113456,0.3841101,0.028406324,-0.149406
2020-09-15,-0.005636045,0.54061854,-0.08090668,-0.08905234
2020-09-16,-0.12874457,0.97233194,-0.13307613,-0.11397395
2020-09-17,-0.21242487,0.27583507,-0.2541131,-0.13331395
2020-09-18,0.0011349698,0.49193868,0.05261414,-0.06165471
2020-09-21,0.0683674,-2.188482,-0.053550582,0.2732316
2020-09-22,0.009863361,-0.06409543,0.0030930864,-0.033375844
2020-09-23,-0.11821095,-0.81511676,-0.36006802,-0.0064409347
2020-09-24,-0.028430417,-0.26357207,-0.055859942,0.0012011623
2020-09-25,-0.024711726,0.36157638,-0.06022256,-0.00996983
2020-09-28,0.031951796,0.9334723,-0.04058294,-0.109951265
2020-09-29,0.15348448,-0.24687609,0.24166925,0.0768188
2020-10-12,0.11753788,1.807285,0.18403777,-0.23935856
2020-10-13,-0.13603769,-0.14384747,-0.14879529,0.022291042
2020-10-14,-0.04920769,0.5799648,0.013484663,-0.039638415
2020-10-15,-0.02322695,0.07382186,0.12201675,0.09179418
2020-10-16,0.0476468,0.04580901,0.042445112,0.004715281
2020-10-19,0.06218655,0.05090597,0.06980487,0.042852398
2020-10-20,-0.00031805705,0.74799323,0.026213521,-0.047525074
2020-10-21,0.15851177,-0.13104835,0.27148163,0.09721407
2020-10-22,-0.12515706,0.24550368,-0.1825369,0.019739825
2020-10-23,-0.018921636,-0.16632666,0.122296765,0.07110995
2020-10-26,0.032071766,-0.99580353,0.10353861,0.20184262
2020-10-27,-0.02604167,0.6096511,-0.10507569,-0.121962145
2020-10-28,0.0820246,-1.7102113,0.06392495,0.14713366
2020-10-29,0.072365075,-0.99230736,0.07123673,0.14656399
2020-10-30,0.0068913125,0.111724816,0.07899969,0.061546013
2020-11-02,-0.006720358,0.80735993,0.018086353,-0.12005159
2020-11-03,0.041675586,1.1058561,0.0060217655,-0.10211934
2020-11-04,-0.1557892,0.88475674,-0.26371214,-0.1883226
2020-11-05,0.12370915,0.8491476,0.26309615,-0.0066262125
2020-11-06,0.120653614,-0.4199412,0.25863284,0.15839309
2020-11-09,-0.30642104,0.63261217,-0.64382493,-0.22173683
2020-11-10,-0.024107566,1.1916852,0.05962978,-0.11916934
2020-11-11,-0.05555584,-0.0844827,-0.11003109,0.024713835
2020-11-12,0.07949137,-0.04640473,0.09782404,0.013406901
2020-11-13,0.09605372,-0.096832655,0.24357916,0.09900716
2020-11-16,0.007569394,1.2486438,0.0070630284,-0.10449098
2020-11-17,-0.0129783945,0.18904422,0.019144591,-0.0048277946
2020-11-18,-0.04082385,0.87235063,-0.09465404,-0.039734483
2020-11-19,-0.02325004,-0.217588,-0.0360812,0.085768506
2020-11-20,0.06035814,0.66653264,0.0033566782,-0.09965827
2020-11-23,-0.23055561,-0.097812735,-0.34678757,-0.10741242
2020-11-24,-0.07673803,0.90729463,-0.27392456,-0.2505819
2020-11-25,-0.028100673,0.1312437,-0.12464311,-0.057306994
2020-11-27,-0.016323928,0.49582577,-0.018962026,-0.017005844
2020-11-30,0.024463091,-0.5831967,-0.049064916,0.053589493
2020-12-01,0.21095178,0.26498693,0.31787574,-0.043563683
2020-12-02,-0.09450975,0.40398288,-0.049186256,-0.01204262
2020-12-03,-0.087252915,0.56865215,0.023655435,0.037448138
2020-12-04,0.035321884,0.4402423,-0.0034308045,-0.06152771
2020-12-07,0.058459736,-0.045247324,0.108270414,0.10311104
2020-12-08,0.021096844,-0.33217397,-0.02137412,0.044605214
2020-12-09,-0.045792747,0.43528658,-0.07482558,-0.0907098
2020-12-10,-0.0034656313,1.0589296,-0.0942636,-0.14428689
2020-12-11,-0.100703664,-0.079943486,-0.045930132,0.009632415
2020-12-14,0.004222347,0.42605567,-0.08532091,-0.025224326
2020-12-15,0.076025344,0.5497172,0.07217163,-0.10872638
2020-12-16,0.0057634804,0.37192225,0.023460364,-0.012832802
2020-12-17,0.06502985,1.1909088,0.116213694,-0.0818783
2020-12-18,-0.05570521,0.43326095,-0.0800429,-0.08856652
2020-12-21,-0.028106054,-0.91558814,0.16001028,0.1698081
2020-12-22,-0.11216556,-0.68467826,-0.08896561,0.13148269
2020-12-23,-0.013414936,1.167921,-0.058729555,-0.14875212
2020-12-24,0.03215758,0.40784523,0.089671746,0.027795412
2020-12-29,-0.15227386,0.23849727,0.015458266,0.0780748
2020-12-30,0.015601403,0.6050956,0.11208403,-0.15619421
2020-12-31,-0.08070842,0.09548244,0.0017656845,0.041115418
2021-01-04,0.23375782,0.47717965,0.30210933,0.056403454
2021-01-05,-0.009393096,1.7917941,-0.107661694,-0.3343444
2021-01-06,-0.112802535,-0.0246442,-0.20072299,-0.033616144
2021-01-07,0.035552572,0.20362638,0.0024722752,0.0010701828
2021-01-08,-0.33786106,-0.58846945,-0.61582005,-0.0068792403
2021-01-11,-0.029531896,-0.5711005,0.0040762853,0.06232178
2021-01-12,-0.04449344,0.99432087,0.030131536,-0.042018283
2021-01-13,0.04745553,0.4759984,0.109281994,0.04001529
2021-01-14,-0.037499137,0.859064,0.102621466,-0.0099681085
2021-01-15,-0.0010056761,-1.3160797,-0.0662778,0.126407
2021-01-19,0.06412502,0.010534996,-0.030092956,-0.015983405
2021-01-20,0.097287156,0.5182566,0.05440695,-0.014205432
2021-01-21,-0.005434783,0.26494703,0.049397666,0.027946485
2021-01-22,0.12018957,-0.94553494,-0.12804615,0.0063541806
2021-01-25,-0.101244904,0.5502679,-0.04795485,-0.040883057
2021-01-26,-0.15011607,0.4201982,0.019015096,0.041647743
2021-01-27,-0.15830737,-0.3908458,-0.108957835,0.035509847
2021-01-28,0.017257553,-0.30852368,0.040292267,0.07258621
2021-01-29,0.0044346717,0.35198846,0.15909944,0.02968028
2021-02-01,0.08807532,1.0376104,0.11323642,-0.13046964
2021-02-02,-0.15188085,-0.5553908,-0.37975508,0.003867607
2021-02-03,0.0011081106,0.71445614,0.011204478,-0.0752607
2021-02-04,-0.056743845,0.024507428,-0.19653158,-0.0032438587
2021-02-05,0.10210457,0.9525712,0.13593332,-0.05866193
2021-02-22,0.025790578,2.7582817,-0.38052142,-0.45834824
2021-02-23,-0.12362146,0.066740856,-0.13145208,0.018794695
2021-02-24,-0.03616064,1.2157204,-0.060973946,-0.20558529
2021-02-25,-0.025663164,-0.35954225,-0.12031029,0.071936406
2021-02-26,-0.11501727,-1.698363,-0.18242152,0.25096512
2021-03-01,0.13340552,-0.35375243,-0.094869286,-0.080669016
2021-03-02,0.08489974,0.71370095,0.23189478,0.044526067
2021-03-03,-0.1924111,-0.749359,-0.3087136,-0.01873493
2021-03-04,-0.34283572,-0.5931971,-0.42976102,-0.0047340672
2021-03-05,-0.0706529,1.2509968,-0.11399867,-0.13347495
2021-03-08,0.020751556,-0.10675916,0.031416923,0.045546435
2021-03-09,0.017020293,-0.13927443,0.19028115,0.10555419
2021-03-10,0.06346146,0.059184417,-0.030415509,0.005651225
2021-03-11,-0.017032003,1.0666537,-0.097408295,-0.10615931
2021-03-12,-0.04278739,-0.03107034,-0.09945143,-0.0020418894
2021-03-15,0.12259165,-0.039847642,0.19685468,0.005692093
2021-03-16,-0.027350834,-0.21178403,0.03394525,0.08694592
2021-03-17,0.036315802,-0.3310417,0.06963463,0.037383925
2021-03-18,0.20661081,-1.4942011,0.2610608,0.21137418
2021-03-19,-0.06793969,0.58944696,-0.016560951,-0.032692004
2021-03-22,-0.02855413,0.26280957,-0.13170378,0.034583014
2021-03-23,0.015223183,-1.4284214,0.13048169,0.23973347
2021-03-24,-0.15473156,1.0545424,-0.21436436,-0.2041501
2021-03-25,0.17249367,-1.5793288,0.15296,0.21698974
2021-03-26,0.09583278,1.156643,-0.08877195,-0.2533956
2021-03-29,-0.0743368,-0.34327018,-0.15843372,-0.011663184
2021-03-30,0.016239343,-1.1871036,-0.16804443,0.020857137
2021-03-31,-0.008886034,0.7399793,0.2405512,-0.000742279
2021-04-01,-0.035922505,0.15037447,-0.07077165,-0.054725055
2021-04-06,0.18398552,0.7353129,0.26159492,0.011735277
2021-04-07,-0.033540368,-0.24383473,0.0013399589,0.014905145
2021-04-08,0.051769674,0.806814,0.13404799,-0.02092691
2021-04-09,-0.07102494,-0.48272288,-0.087230876,0.025233198
2021-04-12,-0.0725415,-0.87690973,-0.12478732,0.05289433
2021-04-13,-0.0073418505,0.7660854,0.061919603,0.018985046
2021-04-14,-0.08843605,1.6511135,-0.13901432,-0.21849465
2021-04-15,0.09779779,0.8998911,0.11918206,-0.03759174
2021-04-16,-0.047563948,0.050847042,0.046118014,0.04499325
2021-04-19,-0.042942353,0.079205394,-0.048669167,-0.02983967
2021-04-20,-0.08313356,0.16370595,0.122586,0.11907534
2021-04-21,0.07852059,0.7647904,0.27396685,0.05994934
2021-04-22,-0.15599383,0.5217544,0.012467667,0.06576343
2021-04-23,0.045440935,0.73931247,-0.0053239698,-0.08947485
2021-04-26,0.021310154,1.1808451,0.17393741,0.020533351
2021-04-27,-0.049679708,0.83747405,-0.047259938,-0.036676653
2021-04-28,-0.10825008,0.20200698,-0.1772297,-0.08309697
2021-04-29,-0.02154844,-0.18971898,-0.028856331,-0.027792055
2021-04-30,-0.052370355,0.2571397,0.16116993,0.17298514
2021-05-06,0.14184618,1.5947236,0.19808012,-0.24045411
2021-05-07,0.077118374,0.8499169,0.06900552,-0.067874335
2021-05-10,0.01085474,-0.33867285,-0.08130815,-0.030327909
2021-05-11,-0.07854756,0.48130727,0.0045287865,0.013462091
2021-05-12,-0.12958986,-0.12826945,-0.17520145,0.0004008054
2021-05-13,0.100173816,-1.5210577,0.00087272306,0.13992743
2021-05-14,0.011040362,0.15130752,-0.059942696,-0.081663735
2021-05-17,0.18238892,0.74681515,0.053698864,-0.086844124
2021-05-18,0.065349795,0.14007244,0.02638829,0.049514826
2021-05-19,0.028236015,-1.6975931,0.12363295,0.20807287
2021-05-20,0.020798644,-0.62582064,0.116633184,0.13419582
2021-05-21,-0.11429766,-0.3593426,-0.2365097,-0.024926187
2021-05-24,-0.054262698,0.76994246,-0.09133297,-0.1150257
2021-05-25,0.07899154,0.047465082,-0.02491523,-0.009246714
2021-05-26,0.002395246,0.15795735,-0.029353298,-0.072043926
2021-05-27,0.04819539,1.1745722,0.12673445,-0.030061025
2021-05-28,0.07558033,0.041644823,0.053292762,0.041848127
2021-06-01,-0.1735694,0.9202619,-0.08051595,0.015341078
2021-06-02,-0.051688503,0.2426829,-0.076744795,-0.09424461
2021-06-03,-0.07201167,-1.2142366,-0.21758607,0.031180844
2021-06-04,-0.02795322,1.2380406,0.10576117,-0.025797032
2021-06-07,0.005734604,-0.4175442,0.018617509,0.06677537
2021-06-08,-0.07876924,0.45829648,-0.07647637,-0.050917704
2021-06-09,0.011163435,0.099340826,0.030965097,0.005550015
2021-06-10,-0.023078743,0.013809485,-0.015591112,0.016578037
2021-06-11,0.09842544,-0.36516744,-0.0714665,-0.075449035
2021-06-15,-0.07211354,-1.0522892,-0.23607695,-0.005415328
2021-06-16,0.05475562,-0.20069826,0.06143744,0.005206835
2021-06-17,0.12799662,-2.128514,-0.27708888,0.12353992
2021-06-18,-0.19234683,0.44389316,0.024492463,0.012962113
2021-06-21,-0.08705346,0.8698788,0.000918362,-0.0351427
2021-06-22,0.030023698,0.29781935,-0.050123334,-0.05281474
2021-06-23,0.050824896,0.965892,0.046785023,-0.029458128
2021-06-24,0.009143468,0.04579989,-0.031869687,0.018688831
2021-06-25,0.114933036,-0.27643284,-0.014304779,-0.033095714
2021-06-28,-0.09246006,0.49475437,0.13292764,0.117165886
2021-06-29,-0.077899225,0.34744096,-0.101083286,0.0020263544
2021-06-30,-0.06749888,0.6923919,0.12820669,-0.0041572023
2021-07-01,-0.09235962,0.053438693,-0.110170886,-0.053766195
2021-07-02,0.035491716,0.43847454,-0.033687934,-0.033017375
2021-07-06,0.20366219,-1.425114,-0.046003282,-0.03300111
2021-07-07,0.05159192,0.009960272,0.1449617,0.10568754
2021-07-08,-0.09175974,-0.21991546,-0.15345076,0.00992488
2021-07-09,0.15121877,0.91032404,0.0017241455,-0.19978893
2021-07-12,-0.100806095,0.51813525,0.060571704,0.014623385
2021-07-13,-0.103120446,0.5561965,-0.07277581,-0.049304087
2021-07-14,0.07485247,-0.10684846,0.18566042,0.09869857
2021-07-15,0.120601706,-0.493513,0.009156159,-0.09027644
2021-07-16,-0.06783089,-0.010118838,-0.076676615,0.09007877
2021-07-19,0.104260035,-2.153632,0.18552026,0.30992764
2021-07-20,-0.028173883,0.91664386,0.043149486,-0.019972537
2021-07-21,-0.10394464,0.8561018,-0.18647346,-0.15856645
2021-07-22,0.054147318,0.7710829,-0.06434753,-0.047883555
2021-07-23,0.032623917,0.0763667,-0.08409122,-0.055027638
2021-07-26,0.070806384,0.9064245,0.035552684,0.005417027
2021-07-27,-0.089542404,-0.5688702,-0.08564078,0.037956916
2021-07-28,-0.025294198,0.40045407,0.063267626,-0.04006248
2021-07-29,0.070690736,1.0024351,0.11463,-0.089018084
2021-07-30,-0.060307145,-0.72086734,-0.1950602,-0.031581353
2021-08-02,0.06287883,-0.55482113,0.2113548,0.098740466
2021-08-03,-0.005223428,-0.6596442,-0.036672186,0.04214531
2021-08-04,0.038092528,-0.81805325,0.0568204,0.14045602
2021-08-05,-0.0577558,0.47583264,-0.080377586,-0.049772754
2021-08-06,-0.14945942,-0.6210183,-0.16365409,0.08121198
2021-08-09,-0.093724,-0.870509,-0.12760122,0.17566888
2021-08-10,0.03509603,1.1404653,-0.05316811,-0.14601181
2021-08-11,0.082860395,0.3136849,0.0528532,0.0051589017
2021-08-12,-0.054368954,0.16924539,0.04289699,0.023036597
2021-08-13,0.13089302,0.4983462,0.19509028,0.011908852
2021-08-16,0.018283922,-0.7133754,0.08633357,0.18967833
2021-08-17,-0.010547884,-0.9062329,-0.056885757,0.07500482
2021-08-18,-0.04512452,-0.60392886,-0.0041219536,0.090674326
2021-08-19,0.055766325,-1.596794,0.094898954,0.23309475
2021-08-20,0.18692288,-0.67663026,0.11841438,-0.023005156
2021-08-23,-0.0052547753,1.7321651,-0.12855382,-0.25450844
2021-08-24,-0.042432845,1.2825007,-0.11963159,-0.12687838
2021-08-25,-0.12965241,0.5338033,-0.23769213,-0.07676644
2021-08-26,-0.03125782,-0.44446024,0.05126807,0.10157648
2021-08-27,0.069158584,1.048526,0.06737044,-0.093225926
2021-08-31,0.11704976,-0.22897415,-0.088932365,0.026227402
2021-09-01,0.019860553,-0.87869924,0.003776013,-0.029750517
2021-09-02,-0.105772905,0.64616096,-0.21084379,-0.0809043
2021-09-03,0.16439554,0.4752199,0.19380377,-0.0030599565
2021-09-07,0.025477298,-0.85042524,-0.11314786,0.06874292
2021-09-08,-0.075210266,-0.056337204,-0.15298945,-0.015348735
2021-09-09,0.13531522,-0.25493956,0.09516774,0.035434667
2021-09-10,0.00693843,0.6730859,-0.12003005,-0.10503448
2021-09-13,-0.09577183,-0.24178155,-0.120977744,0.02058804
2021-09-14,-0.09045963,-0.10572825,-0.01431011,0.042936068
2021-09-15,-0.16850045,1.2884611,-0.069397055,-0.10360689
2021-09-16,-0.09702678,-0.90159464,-0.2278189,0.01878809
2021-09-17,-0.012842528,-0.47501722,-0.056943566,0.05284106
2021-09-22,0.04543556,0.48840764,0.213204,-0.0067200246
2021-09-23,-0.07456473,0.73999643,-0.22943413,-0.0670415
2021-09-24,0.0148075735,0.36910197,-0.11194722,-0.05279615
2021-09-27,-0.1832991,0.52976745,-0.25054836,-0.04845851
2021-09-28,0.018497925,-0.30250528,-0.10715905,0.018961104
2021-09-29,-0.12415222,-0.43015298,-0.14512669,0.0534876
2021-10-11,0.04224338,2.3158352,-0.30633336,-0.4597722
2021-10-12,0.07361899,-0.36919704,-0.021777794,0.05271716
2021-10-13,0.17285626,0.57052714,0.121241115,-0.052757025
2021-10-14,0.091566786,1.1129857,0.039860737,-0.098948024
2021-10-15,0.14311114,0.8253398,0.1107103,-0.04675822
2021-10-18,-0.112211466,-0.4764858,0.013274171,0.07896541
2021-10-19,-0.06629074,-0.21414897,0.04070892,-0.032386743
2021-10-20,-0.050629422,0.9285353,0.05218642,-0.038479116
2021-10-21,0.0438833,-1.4739515,0.027267963,0.22379808
2021-10-22,-0.048815407,0.093598425,0.008152845,-0.021523548
2021-10-25,0.00887883,0.7847923,0.0011860005,-0.060679536
2021-10-26,-0.13151899,-0.41471687,-0.113235235,0.02543968
2021-10-27,-0.067447625,-1.1560289,0.059385456,0.22862916
2021-10-28,0.0658559,0.19256797,0.07664238,-0.12490899
2021-10-29,-0.080045804,-0.16529253,-0.11480075,-0.01554782
2021-11-01,0.34861204,0.3805816,0.32172677,-0.26102483
2021-11-02,-0.08996718,-0.48980963,-0.12885925,0.04138856
2021-11-03,0.01147322,-1.0733715,-0.043427527,0.12201781
2021-11-04,0.071019195,-0.6609509,0.17368494,0.05673465
2021-11-05,0.0049891886,0.43021917,-0.024241727,-0.10659503
2021-11-08,0.06219285,0.5726976,0.044931393,-0.07095574
2021-11-09,-0.08272579,0.4414351,-0.059590448,-0.053098768
2021-11-10,0.122477084,-0.091031924,0.29997188,0.09813613
2021-11-11,0.09149995,0.8451615,0.15547417,-0.01926862
2021-11-12,0.071703576,-0.029307883,0.2283534,0.10215471
2021-11-15,-0.06489662,-0.49172094,-0.020873819,0.07027519
2021-11-16,-0.09967985,-0.20687614,-0.20859848,-0.0033340908
2021-11-17,0.0589001,-0.117482014,0.25219756,0.15021847
2021-11-18,-0.09333501,-0.17487916,-0.09482723,0.008974707
2021-11-19,0.173378,-0.428473,0.201917,0.11743736
2021-11-22,-0.06264391,0.3656166,-0.1959696,-0.09359452
2021-11-23,-0.2322718,0.34390852,-0.3308622,-0.048331395
2021-11-24,0.06431217,0.46610543,0.01310672,0.0018756725
2021-11-26,0.18871851,-2.7485452,0.38898388,0.41813192
2021-11-29,-0.03329329,0.19156915,-0.12724793,-0.11872825
2021-11-30,0.2992816,-1.674093,0.23238799,0.2779086
2021-12-01,-0.013024112,-0.005948875,0.03710204,0.051629618
2021-12-02,-0.16128542,0.20889324,-0.059340425,-0.012676442
2021-12-03,0.022200586,0.41864878,0.107126996,0.05892912
2021-12-06,-0.077951394,0.81896317,-0.14403176,-0.12711218
2021-12-07,0.0042388034,0.9406395,-0.10940478,-0.15851916
2021-12-08,0.03665488,0.36746427,-0.10212961,-0.04511178
2021-12-09,-0.059310462,-0.8221898,-0.07802209,0.11823489
2021-12-10,-0.029509816,-0.061802927,-0.055631712,-0.03204893
2021-12-13,0.07503862,-0.15137874,0.05596102,0.05806605
2021-12-14,-0.0942655,-0.75564426,-0.044580456,0.06289443
2021-12-15,-0.08581191,-0.37931487,-0.18432006,0.041544076
2021-12-16,0.1712272,1.8117684,0.075495,-0.16512409
2021-12-17,0.0741037,-0.44221455,0.19139633,0.084911294
2021-12-20,-0.0053808196,-1.2141136,0.054313496,0.15260263
2021-12-21,-0.035525344,1.6402562,-0.19776805,-0.23822148
2021-12-22,0.061871205,1.445221,0.0475717,-0.1380308
2021-12-23,-0.03917719,0.5640153,-0.03612005,-0.06001356
2021-12-29,-0.13626702,0.5350619,-0.29333767,-0.056714147
2021-12-30,0.09695845,-0.15337422,-0.003548058,-0.0116665885
2021-12-31,0.07495841,-0.2842251,0.19106026,0.12423038
2022-01-04,-0.14019239,1.2144744,-0.16168484,-0.12393957
2022-01-05,-0.014763139,0.47937238,-0.09625468,-0.05018674
2022-01-06,-0.23919877,-0.5123633,-0.40868115,0.03076839
2022-01-07,0.025076207,0.3113134,0.09547283,0.057675116
2022-01-10,0.00063551107,-0.607604,-0.035986982,0.063081816
2022-01-11,0.0683391,1.5951475,-0.03398473,-0.17103012
2022-01-12,-0.0033896586,0.9106219,-0.015614596,-0.06354764
2022-01-13,0.009836668,-0.53335726,-0.07544936,0.042279415
2022-01-14,-0.0951717,0.2282936,-0.16863348,-0.038731683
2022-01-18,-0.023376832,0.9535966,-0.03602093,-0.10167884
2022-01-19,0.09759513,1.5718246,0.19456035,-0.105283186
2022-01-20,0.122870006,0.8566201,0.11242495,-0.032403797
2022-01-21,-0.08256783,-0.6226209,-0.095815666,0.11183701
2022-01-24,-0.049986426,-1.0935876,0.023407627,0.17093107
2022-01-25,-0.04539939,0.8356434,-0.056847125,-0.09911124
2022-01-26,-0.0635038,0.79553515,-0.20130178,-0.072916076
2022-01-27,-0.071920194,-0.43991908,-0.29293033,0.041887283
2022-01-28,-0.08211147,-0.09253644,-0.067880504,-0.050029516
2022-02-07,0.077411346,1.7112972,0.028674483,-0.22927286
2022-02-08,0.0942254,-0.5565026,0.18862672,0.116959035
2022-02-09,0.036927138,1.0345627,0.09254759,-0.026546994
2022-02-10,0.05398063,0.056393422,-0.0010998264,0.010924068
2022-02-11,-0.29662758,-0.08520789,-0.25683558,0.006201441
2022-02-14,-0.005489073,0.6615341,0.03094671,-0.08423711
2022-02-15,0.13287163,-0.81126314,-0.018848123,0.056763284
2022-02-16,-0.03693067,0.88132095,0.016804792,-0.09355193
2022-02-17,0.15742935,0.06435445,0.292505,0.07397409
2022-02-18,-0.025533501,0.16690584,-0.03142575,0.00076269696
2022-02-22,-0.1513028,1.2857971,-0.018833298,-0.06866961
2022-02-23,-0.08361535,0.26240206,0.022775281,0.050561856
2022-02-24,-0.008417784,0.85631305,-0.12209124,-0.09778611
2022-02-25,0.12656137,-1.5072458,-0.10175495,0.11811837
2022-02-28,-0.2588209,1.5903184,-0.13665926,-0.16944811
2022-03-01,-0.10106045,2.498782,-0.19774573,-0.32322058
2022-03-02,-0.2628527,1.8953669,-0.45306668,-0.36684942
2022-03-03,0.29474032,0.6356143,0.28049967,-0.14537616
2022-03-04,0.018225836,2.182648,-0.111197576,-0.21502209
2022-03-07,0.18039371,1.4831525,0.09803727,-0.14957964
2022-03-16,0.25245497,-3.1497178,0.42073843,0.5265188
2022-03-17,-0.12953557,2.2169333,-0.26978087,-0.44763523
2022-03-18,-0.06326612,-0.27922145,-0.2068283,-0.14359121
2022-03-21,-0.097361,1.3938602,-0.24566829,-0.29118434
2022-03-22,-0.1576073,-0.54207146,-0.17039667,0.019080697
2022-03-23,0.10729073,1.8945453,-0.100944065,-0.18187699
2022-03-24,0.1801458,0.10502477,0.234389,0.025340378
2022-03-25,-0.082151435,-0.04019613,-0.14705099,-0.030460892
2022-03-28,0.30872667,-1.8511196,0.20695144,0.16950868
2022-03-29,-0.0022423053,-1.5193318,-0.060465194,0.15010749
2022-03-30,-0.0015987786,1.5999651,-0.03472993,-0.3396966
2022-03-31,0.19248271,-1.1553414,0.2714677,0.28354558
2022-04-01,0.123038694,-0.6419158,-0.10511792,0.13289379
2022-04-06,-0.13257201,-0.19673377,0.14211123,0.21952403
2022-04-07,-0.040267684,-0.43157274,0.17402929,0.12737267
2022-04-08,-0.06563101,1.2806121,-0.047345843,-0.07597592
2022-04-11,0.040359244,-0.88547224,0.080616616,0.116351284
2022-04-12,-0.08044946,1.5830213,-0.1657963,-0.23827104
2022-04-13,-0.052475065,1.1767774,-0.16586259,-0.23645069
2022-04-14,-0.120154254,0.8153938,-0.22813292,-0.16061148
2022-04-19,0.014593717,-0.26235878,0.05704126,0.042001463
2022-04-20,-0.14161663,0.107463695,-0.060075454,-0.018950306
2022-04-21,-0.017344281,0.016904317,-0.089760885,0.04469278
2022-04-22,-0.10181619,-0.9614064,-0.1422057,0.10629196
2022-04-25,-0.12832682,-1.5801191,-0.07850127,0.23793039
2022-04-26,-0.12521487,1.135404,-0.19621257,-0.18327188
2022-04-27,-0.08733299,0.8124992,-0.17264482,-0.0366548
2022-04-28,-0.1959096,0.6027359,-0.19976233,-0.1069388
2022-04-29,0.07224273,-0.26775113,0.0345615,0.050509676
2022-05-05,-0.032392547,-1.2096853,-0.088583,0.10359226
2022-05-06,-0.14649637,-0.74604166,-0.04526231,0.09478913
2022-05-09,0.028747644,-2.0828354,0.11371907,0.2970343
2022-05-10,-0.026089218,-0.19815369,-0.020178543,0.06322837
2022-05-11,-0.002434583,1.4992485,-0.056767482,-0.19036438
2022-05-12,-0.24009128,-0.71698326,-0.2706516,0.021294808
2022-05-13,-0.01923938,0.43643248,-0.109395474,-0.08419568
2022-05-16,0.06428581,0.60699457,-0.013771889,-0.13284966
2022-05-17,0.12546209,0.30715847,0.16708253,0.05628667
2022-05-18,0.08693765,-1.587534,0.11861224,0.16570981
2022-05-19,0.15080652,1.2909127,0.060024545,-0.16789263
2022-05-20,-0.059893362,-0.06777184,-0.07748648,-0.0028927622
2022-05-23,0.060359783,0.29318994,0.043163154,-0.011047547
2022-05-24,0.0205671,-0.34243274,-0.012235598,0.011195327
2022-05-25,-0.059446495,-0.22999471,-0.13879722,0.022659684
2022-05-26,-0.08386477,0.80549955,-0.10961769,-0.11674099
2022-05-27,0.049529307,0.818742,-0.017700572,-0.051857397
2022-05-31,-0.020276641,-0.19572194,-0.24142933,0.00025867613
2022-06-01,0.103106536,-0.10262989,0.025567625,-0.012938874
2022-06-06,-0.078823954,1.7127864,-0.13778087,-0.2611457
2022-06-07,-0.04800231,-0.3296184,0.06700203,0.021336187
2022-06-08,-0.03690919,0.5936769,-0.032307696,-0.08713957
2022-06-09,-0.13283475,-0.06937908,-0.16101421,-0.011622715
2022-06-10,-0.0032349452,-0.9478318,0.08458415,0.10817587
2022-06-13,-0.057390463,-1.7085565,-0.07874407,0.19724813
2022-06-14,-0.054300245,-0.7103136,-0.067774035,0.05574489
2022-06-15,0.088904165,0.29293957,0.14354296,0.00608949
2022-06-16,-0.030376028,0.0034380557,0.09802021,-0.031471204
2022-06-17,0.11445262,-1.591161,0.17254649,0.25058353
2022-06-21,0.09254365,0.1611698,-0.06918217,-0.040990386
2022-06-22,-0.06483723,-1.1747148,-0.020529816,0.17456459
2022-06-23,0.04524396,-1.5284404,-0.036928713,0.20482855
2022-06-24,-0.0547786,-0.675416,0.025273647,0.03173822
2022-06-27,-0.030048933,-0.15800601,0.06525367,0.04901659
2022-06-28,-0.09602943,0.42218167,-0.023687461,-0.02108799
2022-06-29,0.11529284,-0.07643748,0.1362075,0.15178794
2022-06-30,-0.008883438,-1.7099862,0.16714446,0.18254812
2022-07-01,-0.10602048,-1.0448449,-0.30596247,-0.022298642
2022-07-05,0.24619256,-2.469181,0.2519337,0.41439244
2022-07-06,-0.037043948,-0.9432756,0.10910041,0.17029628
2022-07-07,-0.061431758,1.9935526,-0.22869527,-0.32678244
2022-07-08,-0.060248815,0.7666905,0.07305916,-0.079144485
2022-07-11,-0.17045397,-0.29290438,-0.22793144,0.017668676
2022-07-12,0.25009722,-1.963758,0.084111534,0.19766675
2022-07-13,-0.031937346,-0.35722035,0.17470716,0.07125912
2022-07-14,-0.0876725,-1.5822266,-0.20895205,0.050305665
2022-07-15,0.23313995,-0.019810844,-0.24170597,-0.21731639
2022-07-18,0.036482796,1.8489246,0.033029236,-0.15279774
2022-07-19,-0.01512585,-0.77894104,-0.046729438,0.035716858
2022-07-20,0.09637693,-0.13513651,-0.04021835,-0.008213243
2022-07-21,0.12791982,-1.2110493,0.22511193,0.15664876
2022-07-22,0.10129744,0.28735965,0.019997101,-0.016395718
2022-07-25,-0.14405665,0.28409243,-0.12988944,-0.06229645
2022-07-26,-0.0056303754,0.6925376,0.08852152,-0.008101682
2022-07-27,-0.019661974,1.0032682,-0.09314355,-0.12543525
2022-07-28,0.08240413,1.352134,0.2320702,0.030359471
2022-07-29,0.18227106,1.2569146,0.107707806,-0.13832593
2022-08-01,0.20889546,-1.869247,0.36475953,0.23160551
2022-08-02,0.011509311,-0.7307574,-0.094624035,0.016619857
2022-08-03,0.0004785276,-0.7922883,0.039240815,0.109300576
2022-08-04,0.19738418,0.430356,0.3793979,0.08965566
2022-08-05,-0.0022861518,0.12746759,-0.019201215,-0.026546398
2022-08-08,0.016773334,0.3777693,0.1200829,-0.0039963103
2022-08-09,-0.025323015,1.0612264,-0.13923562,-0.16227695
2022-08-10,-0.0018398629,1.1785595,-0.03334612,-0.07995128
2022-08-11,-0.03009886,1.1290103,-0.068169236,-0.14199086
2022-08-12,-0.06169451,-0.17629634,-0.02507407,0.0485686
2022-08-15,-0.03880139,-1.6273936,-0.04604699,0.10502089
2022-08-16,0.11439635,-0.5014803,-0.018130269,0.056710005
2022-08-17,-0.25783473,-0.2170613,-0.2050368,-0.04988835
2022-08-18,-0.12501802,-7.571054e-05,-0.18914773,-0.04582197
2022-08-19,-0.086355835,0.4449904,-0.07367737,-0.005772868
2022-08-22,-0.11016025,0.09928045,0.008598251,0.05957394
2022-08-23,-0.104848765,1.0669419,0.02854624,-0.076060094
2022-08-24,-0.040886775,0.27691317,-0.014525866,0.0044947853
2022-08-25,0.13313177,0.027342997,0.085498735,0.058988154
2022-08-26,-0.13165219,0.74815047,-0.114363335,-0.08720563
2022-08-30,-0.0024214783,-1.7873777,0.06469698,0.27381843
2022-08-31,0.010414487,-0.72000456,0.0455355,0.22422609
2022-09-01,0.08468555,-2.1716275,0.13637878,0.11108615
2022-09-02,-0.1785969,0.5774232,0.02704837,-0.006360455
2022-09-06,0.06491209,0.011867002,0.09235192,0.0038756856
2022-09-07,0.110108815,-0.7737204,0.25484207,0.09089305
2022-09-08,0.052607115,0.63407993,0.023847342,-0.07827145
2022-09-09,0.0013327645,1.5458784,0.027489448,-0.11881236
2022-09-13,0.062827155,0.67269206,0.09648559,0.0119665805
2022-09-14,0.020083277,-0.62056744,-0.039727222,-0.0071793334
2022-09-15,0.13759741,-1.657781,0.104919806,0.18946838
2022-09-16,-0.020691786,0.12572576,0.05493025,0.052933738
2022-09-19,-0.05488538,0.17617251,-0.061149664,-0.03162926
2022-09-20,-0.09712194,0.29927802,0.079955325,0.04654767
2022-09-21,0.019782525,-0.47443935,0.0012515874,0.04716959
2022-09-22,-0.014924279,0.51215833,-0.032884333,-0.018674057
2022-09-23,0.08604379,-2.2449796,0.10474971,0.30321738
2022-09-26,-0.060844675,-1.4762393,-0.019859787,0.23840359
2022-09-27,-0.15403412,0.41761255,-0.22158942,-0.104047865
2022-09-28,0.028181167,1.5033436,-0.032196887,-0.23296416
2022-09-29,0.09465712,0.32334632,0.119635426,0.013404539
2022-10-10,-0.0682369,2.1929338,-0.29973283,-0.48490775
2022-10-11,0.020417415,-0.6174818,0.112484366,0.13553888
2022-10-12,-0.0884714,-0.49908605,-0.04424188,0.07465258
2022-10-13,-0.049729414,0.4977106,0.018485283,-0.06411779
2022-10-14,-0.001008755,-1.3211142,-0.066213585,0.1800152
2022-10-17,-0.026932063,-0.32975018,0.15596853,0.013702852
2022-10-18,-0.00951862,-0.73446953,0.03884352,0.16964836
2022-10-19,-0.13978514,-0.3806308,-0.19776607,-0.006683784
2022-10-20,0.16504273,0.6103032,0.17521435,-0.03194943
2022-10-21,0.053866636,0.5392475,0.15667558,-0.011156802
2022-10-24,-0.056592453,-0.12538488,-0.13840093,0.025806278
2022-10-25,-0.049483143,0.43810335,-0.1230831,-0.09394489
2022-10-26,0.109811306,1.3347121,0.0019892566,-0.16054414
2022-10-27,-0.11150452,-0.12981102,-0.104973875,-0.013878702
2022-10-28,-0.20393617,-1.1225586,-0.15563627,0.03479905
2022-10-31,-0.039261177,-0.63115555,0.1678873,0.21490844
2022-11-01,0.33589247,-0.034295954,0.43186215,0.10668436
2022-11-02,-0.042009007,0.61361825,-0.21273151,-0.028419811
2022-11-03,-0.05585657,-0.40544698,-0.17971624,-0.08062825
2022-11-04,0.2671052,2.08533,0.16485085,-0.15538953
2022-11-07,0.09594193,-0.5428123,0.057634972,-0.005326714
2022-11-08,0.22758658,0.08163971,0.3393572,0.029179838
2022-11-09,0.04230723,-0.95262516,0.2440585,0.17243408
2022-11-10,0.20566763,0.7728089,0.19189593,-0.020274619
2022-11-11,0.18372504,1.1955116,0.072314434,-0.09228176
2022-11-14,0.11019656,-0.1943385,0.16750446,0.09741288
2022-11-15,-0.06668863,0.4561095,-0.06806415,-0.06854021
2022-11-16,0.009130749,-1.0322107,-0.0298531,0.046720758
2022-11-17,-0.0004466289,-1.715378,0.028804714,0.19987905
2022-11-18,0.0007234261,-0.1796756,0.071089834,0.099482335
2022-11-21,-0.1799001,-0.7583506,-0.08534863,0.11248222
2022-11-22,0.08026477,0.9101331,-0.06480946,-0.08920766
2022-11-23,0.07153169,-0.43941614,0.19390981,0.15787819
2022-11-25,0.043137014,-0.8782261,0.15795912,0.14070585
2022-11-28,-0.10434995,-0.15342872,-0.042917483,0.08460509
2022-11-29,0.039180566,0.79539084,0.023226067,-0.053720623
2022-11-30,0.14690314,1.5037686,-0.085548274,-0.2612065
2022-12-01,0.22786416,-0.065183304,0.23326623,-0.0844318
2022-12-02,0.118651144,-0.62481296,0.19380446,0.11759176
2022-12-05,0.08722957,-1.4165862,0.020067153,0.18146758
2022-12-06,0.10801161,-0.8650571,0.22673438,0.18597354
2022-12-07,0.1624642,-0.12651902,0.300669,0.09917489
2022-12-08,-0.0005323622,0.14046751,0.07411379,-0.007551596
2022-12-09,0.081493184,-0.007072909,0.037724644,-0.005815719
2022-12-12,-0.23601021,0.22411165,-0.25279298,-0.0228684
2022-12-13,-0.024917025,1.601813,-0.1481286,-0.25927603
2022-12-14,-0.12730616,0.6630743,-0.17836523,-0.13293852
2022-12-15,-0.0864273,-1.2195832,-0.062158935,0.15414211
2022-12-16,0.026036715,-0.9695487,0.1596986,0.069052674
2022-12-19,-0.032360714,-0.2205494,-0.077925555,0.0061890623
2022-12-20,0.13320169,1.1278808,0.21103881,-0.030521244
2022-12-21,-0.11667834,0.74821275,-0.09059602,-0.12772842
2022-12-22,-0.11973385,-0.8205643,-0.08084542,0.10921318
2022-12-23,-0.0021533226,1.2083466,-0.053241443,-0.19723111
2022-12-28,-0.010132116,0.30092943,0.05949069,-0.1135801
2022-12-29,0.07010341,0.10261411,0.17120376,0.026847428
2022-12-30,-0.038513206,0.13537414,-0.10654038,-0.107122496
2023-01-03,0.19413926,-1.2226938,0.2300772,0.19053593
2023-01-04,0.046846077,-1.4984298,0.113239475,0.20598918
2023-01-05,-0.09446731,-0.28589374,-0.1651132,-0.035108473
2023-01-06,0.13761467,0.87285256,0.1854212,-0.106985755
2023-01-09,0.14961058,0.99981546,-0.010667089,-0.1142316
2023-01-10,-0.056102563,0.018816017,-0.022109766,-0.06275783
2023-01-11,0.015258074,0.6682381,-0.11997612,-0.19202997
2023-01-12,-0.02391895,0.82730234,0.0831054,0.02165554
2023-01-13,0.07705119,0.7521907,0.035628155,-0.07986705
2023-01-17,-0.1091091,0.108761,-0.060046047,0.012830383
2023-01-18,0.1301314,0.24374987,-0.0011093495,0.040844552
2023-01-30,0.19089192,-0.4664621,0.33467978,-0.053976666
2023-01-31,0.043536868,0.7290104,0.067181185,-0.03380424
2023-02-01,0.05045941,-1.5847003,0.14012492,0.230199
2023-02-02,0.06897629,-0.055248838,0.122361176,0.021342479
2023-02-03,-0.020097326,-1.9469911,0.042032074,0.1580385
2023-02-06,-0.1878728,-0.59439546,-0.1211755,0.11315148
2023-02-07,-0.11377381,1.2019701,-0.25745493,-0.21843304
2023-02-08,0.008861764,-0.023871945,0.08046094,-0.040944804
2023-02-09,0.12569746,-0.45086485,0.07931167,-0.012065259
2023-02-10,-0.27612042,-0.01670432,-0.1592913,0.012775625
2023-02-13,-0.01969906,0.11505986,-0.10449244,-0.0718844
2023-02-14,0.005713692,-0.01792985,0.02895644,0.062756844
2023-02-15,-0.046942174,-0.97481084,-0.12933742,0.032906014
2023-02-16,0.08810541,0.23655808,0.21294415,0.03507916
2023-02-17,0.08829988,-0.67053837,0.16282836,0.16662946
2023-02-21,0.1338806,1.2343332,0.11163424,-0.108382955
2023-02-22,0.057037845,-0.8344425,-0.017682554,0.029694118
2023-02-23,-0.12727718,-0.6882731,-0.22145183,-0.03864513
2023-02-24,-0.12648681,-0.7630137,-0.26133376,-0.07267103
2023-02-27,0.17702222,0.5162404,0.10704243,-0.086686574
2023-02-28,0.040274713,0.2757442,-0.03383678,-0.1214227
2023-03-01,0.066271186,0.78472203,-0.14768326,-0.10019135
2023-03-02,-0.15824233,-0.38110343,-0.07620659,0.041430898
2023-03-03,0.054476365,0.636503,0.028652305,-0.14831685
2023-03-06,0.0060826708,-0.35957843,0.061783474,0.005348256
2023-03-07,-0.005243274,-1.7195278,-0.013267046,0.2077174
2023-03-08,0.016980842,-0.24755774,0.04812112,-0.00347702
2023-03-09,0.1119858,-0.72247815,0.11364704,0.04263411
2023-03-10,-0.09169797,0.3424018,0.05663509,-0.019726012
2023-03-13,0.3282243,0.44962928,0.36050725,-0.05407934
2023-03-14,0.042706236,-0.6457914,0.15245819,0.14055112
2023-03-15,0.024885666,-1.738088,0.21925475,0.338872
2023-03-16,-0.10048917,0.6149538,-0.057462253,0.016882304
2023-03-17,0.13330387,0.28517672,0.22381704,0.012342738
2023-03-20,-0.010289832,0.28946066,0.058857057,-0.011151804
2023-03-21,-0.09738702,-0.3107757,-0.18858257,-0.053907126
2023-03-22,0.04686378,0.31380567,0.013285636,-0.13632022
2023-03-23,0.1587298,0.00041073523,0.1631716,-0.055781182
2023-03-24,-0.048573337,0.1392423,0.10876196,0.0771804
2023-03-27,-0.113947116,0.9007234,-0.18733075,-0.18205236
2023-03-28,0.04459857,0.58300203,0.058132254,-0.06672283
2023-03-29,-0.014146539,-0.33211797,0.07957344,-0.020547636
2023-03-30,0.027059378,0.112874255,0.10579784,-0.060915183
2023-03-31,-0.063388824,0.77237785,0.01671977,-0.071838655
2023-04-03,-0.26351148,0.65786844,-0.2501783,-0.048596222
2023-04-04,0.06723655,-0.33781838,0.24774398,0.018891094
2023-04-06,0.006728061,0.006936942,-0.085873,-0.07690328
2023-04-11,-0.08605985,0.25750333,0.012955646,0.03004766
2023-04-12,0.04748896,0.49610415,0.08399529,-0.10325393
2023-04-13,0.23158368,0.4461367,0.26755297,-0.008491056
2023-04-14,-0.06663238,-0.096071236,-0.043583486,0.0017327807
2023-04-17,4.074131e-05,-0.0134065375,0.1366108,0.11663489
2023-04-18,0.13521421,0.70984596,0.08435627,-0.10874593
2023-04-19,-0.012044599,-0.93959165,0.13238469,0.10097801
2023-04-20,0.004250661,-1.0320977,0.13972594,0.1681773
2023-04-21,-0.08153127,-0.5032239,-0.08239905,-0.041167345
2023-04-24,-0.05181382,-0.0909262,-0.0518105,-0.040774025
2023-04-25,-0.03068867,-1.3789995,0.0506699,0.15526418
2023-04-26,0.13261415,-0.621545,0.11125169,0.18178855
2023-04-27,0.058796257,-0.15553036,0.018263772,-0.032615043
2023-04-28,-0.050282024,0.8678438,-0.090364374,-0.12358145
2023-05-04,0.19200963,-1.6744494,0.48462874,0.46131745
2023-05-05,-0.15134357,1.4130905,-0.17791733,-0.17598787
2023-05-09,-0.019716462,0.5277486,-0.19182862,-0.19556826
2023-05-10,-0.081959486,-0.6690467,-0.078494206,0.053101033
2023-05-11,-0.030712238,-1.5007061,-0.12936008,0.10230226
2023-05-12,0.032171536,-0.46506697,0.059116784,0.061777975
2023-05-15,0.04022124,0.36111668,-0.2554476,-0.19381483
2023-05-16,0.0067759054,-0.9971965,-0.19103578,-0.015472067
2023-05-17,0.10876492,0.711932,-0.18922767,-0.16104542
2023-05-18,-0.09805703,-0.6610671,-0.19841176,0.054632753
2023-05-19,0.114334375,0.10673376,0.06138567,0.110842645
2023-05-22,-0.20273384,0.075598225,-0.08246383,0.016192513
2023-05-23,-0.12708554,-0.54127264,-0.106583476,0.022207858
2023-05-24,-0.24626634,-0.41076514,-0.22487004,0.03232822
2023-05-25,-0.034731667,-0.7448913,0.11740724,0.13166273
2023-05-26,0.074542396,0.95094055,0.054683186,-0.07067533
2023-05-30,0.2967093,-1.3245478,0.18169193,0.013133114
2023-05-31,-0.036221046,-0.58019906,0.045855645,0.08020267
2023-06-01,0.08357988,1.2236438,0.14566965,-0.18616393
2023-06-02,-0.14466222,0.64926106,-0.20469937,-0.14460894
2023-06-05,-0.041436456,0.19597398,-0.05736479,-0.0085891625
2023-06-06,0.013620563,0.28398335,0.025963567,0.0067282966
2023-06-07,-0.0067817303,0.1803594,-0.19868962,-0.029999906
2023-06-08,0.0533003,0.59140325,0.16990909,0.1409485
2023-06-09,-0.0064998628,-0.03510309,0.042543378,0.06262191
2023-06-12,-0.021758907,-1.2324287,0.11270079,0.16698064
2023-06-13,-0.025812784,0.7547214,-0.102845706,-0.14459635
2023-06-14,0.16768984,0.3292845,0.11568742,0.08168329
2023-06-15,-0.17526953,1.3437375,-0.15458557,-0.20128511
2023-06-16,-0.060360324,0.9351061,-0.010968472,-0.14211343
2023-06-20,-0.09652052,-1.3598595,0.014527415,0.093618035
2023-06-21,0.031402048,0.12241321,-0.05725208,-0.17709206
2023-06-26,-0.10956147,-1.4338645,-0.09967057,0.24606796
2023-06-27,0.14884417,-0.15689449,0.011652856,0.058985457
2023-06-28,0.014016448,-0.78414124,-0.24153247,-0.07666911
2023-06-29,-0.018036252,-0.042587668,-0.06374855,-0.0011929682
2023-06-30,-0.052907854,0.83334637,-0.057167742,-0.16867444
2023-07-03,-0.049577523,0.0481024,0.06657126,0.18324004
2023-07-05,-0.08608152,0.8924572,-0.12861025,-0.16424908
2023-07-06,0.017665574,-0.64190805,0.010348708,0.06161512
2023-07-07,-0.0046148896,0.4961298,-0.09062245,-0.10268138
2023-07-10,-0.025823195,0.27834848,0.097472094,0.045992203
2023-07-11,-0.0031312492,0.4820489,-0.09695134,-0.18173686
2023-07-12,0.26408443,0.88733935,0.11285294,-0.07125356
2023-07-13,0.008418425,1.0788859,0.15744612,-0.03085032
2023-07-14,0.018544534,-0.26756808,0.09959196,0.05474819
2023-07-17,0.11889467,-1.3350064,-0.115248285,-0.046186548
2023-07-18,-0.04346241,0.46755105,0.08270297,-0.026836563
2023-07-19,-0.10593936,0.44496962,-0.027367007,-0.026508985
2023-07-20,-0.026669089,0.313668,-0.10617005,0.01383582
2023-07-21,-0.11017109,0.46008673,-0.15609221,-0.055997662
2023-07-24,-0.10316625,1.2455775,-0.03208134,-0.048911
2023-07-25,0.123267844,0.6148765,0.069372386,-0.083782524
2023-07-26,0.06646354,-0.33052272,-0.078474246,-0.06421953
2023-07-27,-0.12490395,-0.44322747,-0.20678088,-0.03324134
2023-07-28,0.09898822,0.22644661,-0.03053267,-0.09532536
2023-07-31,0.2021458,0.2957693,0.048850354,-0.053642664
2023-08-01,-0.073403224,-0.3580275,-0.16520837,0.016346542
2023-08-02,-0.0446633,-1.3811824,0.052678034,0.17162222
2023-08-03,-0.060983602,0.23815884,-0.14583969,-0.075737484
2023-08-04,-0.039375205,0.15670852,-0.042717032,-0.03595766
2023-08-07,0.003547096,-0.4577974,-0.06821897,0.089061685
2023-08-08,-0.18025795,-0.3496665,-0.18013269,0.0007894945
2023-08-09,-0.08032396,0.5769159,-0.23963515,-0.13836879
2023-08-10,0.03928102,-0.20568071,0.11274139,0.05247308
2023-08-11,-0.029166734,-0.51050407,-0.06521763,0.020812932
2023-08-14,-0.096018404,-0.7907471,0.01957146,0.073219664
2023-08-15,-0.034629956,-1.3120177,0.011408087,0.2536757
2023-08-16,-0.066756,-0.11271121,0.073157184,0.07836394
2023-08-17,-0.02594528,0.40454,0.00046475965,-0.055984344
2023-08-18,-0.014682298,0.48584682,0.022345675,-0.117168486
2023-08-21,0.100439705,-0.116098404,0.09760539,0.024660237
2023-08-22,0.12705493,0.06823784,0.06281972,-0.048127107
2023-08-23,0.12904687,0.86881024,0.27717668,0.073886275
2023-08-24,-0.0058357734,0.012364656,-0.043808263,-0.04342609
2023-08-25,-0.121764004,0.73378164,-0.15533529,-0.1049053
2023-08-29,0.100082904,0.30653226,0.15570205,0.027907414
2023-08-30,0.13032915,-0.26121333,0.052010845,0.054349545
2023-08-31,-0.07613875,-0.14498669,-0.086319946,-0.026068525
2023-09-01,0.02207446,0.5219983,0.067109235,-0.02347427
2023-09-05,-0.22447845,-0.10275111,-0.20820063,-0.0053332266
2023-09-06,-0.09668381,-0.47643852,-0.030925952,0.031864233
2023-09-07,0.0010742466,-0.36786422,-0.06971748,-0.013579258
2023-09-08,-0.094149195,-0.119941905,-0.16367073,-0.05060513
2023-09-11,0.11095397,1.0011309,0.014908797,-0.0933311
2023-09-12,-0.03651195,-0.17236169,-0.10406934,-0.06049871
2023-09-13,-0.048191756,0.21584436,0.017153598,0.05853264
2023-09-14,0.0102333855,0.525122,-0.054055035,-0.084738106
2023-09-15,-0.01768622,-0.15504612,0.1510023,-0.0025092135
2023-09-18,0.085894726,-0.22331241,0.048775155,0.04017701
2023-09-19,0.0017924599,0.26569417,0.04850853,-0.0006068232
2023-09-20,0.091649964,-0.181103,0.11737463,-0.025127465
2023-09-21,-0.09875536,-0.9436949,-0.1796713,0.044757396
2023-09-22,0.030722283,0.13895267,0.13164769,0.023037927
2023-09-25,-0.037919763,-0.7402219,-0.022634376,0.04777181
2023-09-26,-0.048215926,-0.25052008,-0.09256809,0.04956514
2023-09-27,-0.19441761,0.19095263,-0.276193,-0.09148484
2023-10-09,0.26110426,-2.1027765,0.37757042,0.30986258
2023-10-10,-0.0007182496,-0.3789137,-0.00088563556,-0.006125144
2023-10-11,0.078938216,-0.58406585,0.13790737,0.107178666
2023-10-12,-0.12846872,0.1525581,0.045038186,0.065337814
2023-10-13,-0.012544556,1.3642368,-0.10650727,-0.10229406
2023-10-16,-0.028976614,-0.29991427,0.08549218,0.15919942
2023-10-17,0.0026419514,0.036582496,0.10342953,0.040618267
2023-10-18,0.036720607,0.4304487,0.015354877,-0.046608392
2023-10-19,-0.0012171658,0.057026945,0.115242995,0.010760575
2023-10-20,0.058439072,0.0024191446,0.025425304,0.049215045
2023-10-23,0.08130557,-0.7238347,0.099481106,0.13660257
2023-10-24,0.09764034,-0.5041956,0.15347156,0.08697437
2023-10-25,0.03315057,0.40878335,-0.015407944,-0.12873562
2023-10-26,0.0052960766,-0.52618206,-0.0056804526,0.008718905
2023-10-27,0.0083477935,0.71697557,-0.035724238,-0.11335375
2023-10-30,0.2086368,-0.24438712,0.28709924,0.05421822
2023-10-31,0.0004951827,-0.38890758,-0.016076438,0.029015329
2023-11-01,0.045153104,-0.4654116,-0.010857976,-0.023529122
2023-11-02,-0.075349145,0.65683234,-0.12441186,-0.11604104
2023-11-03,0.14406247,0.058076076,0.28859326,0.13715898
2023-11-06,-0.016526457,0.37754297,-0.019013446,0.012672586
2023-11-07,0.05627807,-1.5607179,0.057466038,0.17591444
2023-11-08,-0.00802363,-0.48415163,0.10964762,0.17457806
2023-11-09,0.035333235,-0.1740895,0.026428333,0.1051692
2023-11-10,-0.17560655,-0.4955897,-0.2849939,-0.030472022
2023-11-13,-0.04902119,1.0064259,0.048427667,-0.07828178
2023-11-14,0.13528356,0.66108435,0.12962504,-0.06590325
2023-11-15,0.0901544,0.24096842,0.11904012,0.02724133
2023-11-16,0.086545855,-1.3209007,0.25989908,0.20564544
2023-11-17,-0.09714835,0.2781917,-0.2183604,-0.14700314
2023-11-20,-0.047337335,1.0251285,-0.034489106,-0.10001991
2023-11-21,-0.013651084,0.49056837,0.12516764,0.0015206387
2023-11-22,-0.040981453,-0.84619665,-0.06494687,0.083778255
2023-11-24,0.18007417,-0.48141265,0.14565137,0.05789887
2023-11-27,-0.03745414,-0.34616032,0.023524214,0.10928099
2023-11-28,0.03368498,1.1460623,0.06498651,-0.17519398
2023-11-29,-0.04035145,0.111151844,-0.019865733,-0.15539435
2023-11-30,-0.01583151,-0.4099226,0.046458133,0.06363307
2023-12-01,0.20389096,-0.4510717,0.19864482,0.050952982
2023-12-04,-0.1283076,-1.1475532,-0.13351332,0.121979244
2023-12-05,-0.063681155,-0.80376506,0.0030971973,0.07984029
2023-12-06,0.06287534,-1.323087,0.07508873,0.11799967
2023-12-07,-0.030566175,0.5626227,0.03755666,0.012021068
2023-12-08,-0.10830316,0.11295896,-0.22591779,-0.12657711
2023-12-11,-0.061163127,-0.20381176,-0.103181,0.04098818
2023-12-12,0.12733291,-0.5448618,0.1982142,0.057347495
2023-12-13,0.009064875,-0.35319924,-0.048786398,0.052249324
2023-12-14,0.17191729,1.6668129,0.16036001,-0.14843033
2023-12-15,-0.088257656,0.58989257,-0.054340344,-0.020639718
2023-12-18,-0.056200232,0.1968574,-0.1266631,-0.02246096
2023-12-19,0.013462534,0.58250207,-0.029608693,-0.09183707
2023-12-20,-0.014876623,-0.2365865,-0.05367848,-0.07412208
2023-12-21,0.0443688,-0.402622,0.052345082,0.017739642
2023-12-22,0.13061994,0.2735616,0.118627936,-0.005284801
2023-12-27,0.1175226,0.78456044,0.18853652,-0.036011424
2023-12-28,0.060660522,-0.46656644,0.18230577,0.11071975
2023-12-29,-0.025152687,-0.61164105,-0.119713984,0.020648966
