date,F1,F2,F3,F4,F5,F6
2013-10-21,-0.016131228,-0.025684558,0.0074264295,0.0055351355,0.025243945,-0.05763334
2013-10-22,0.050299462,0.023528721,0.19062887,0.37195227,0.020659154,-0.09845751
2013-10-23,-0.07421531,-0.19826783,-0.31943688,-0.9603871,0.02793102,0.036108177
2013-10-24,0.014848013,-0.026001679,-0.029266303,0.009151112,0.05190776,-0.033033352
2013-10-25,-0.008778532,-0.009973465,-0.042204946,-0.005394022,0.0011989546,0.007530328
2013-10-28,-0.010708403,0.066166736,-0.04905092,0.1821336,0.05660838,-0.0011947429
2013-10-29,-0.03682522,-0.015878107,-0.05302319,-0.14689939,0.001543992,0.015825793
2013-10-30,0.035928495,0.06639482,0.19158693,0.47209594,-0.012036058,-0.025119413
2013-10-31,-0.11824356,-0.15305257,-0.3825627,-0.87856954,0.013663261,0.11058803
2013-11-01,-0.06699462,-0.2044849,-0.27550575,-0.8046285,0.042933322,0.019100286
2013-11-04,-0.06357919,-0.11729177,-0.21807967,-0.5123158,0.023643874,0.0019858237
2013-11-05,-0.052668832,-0.07305117,-0.14376079,-0.27830642,0.016485637,0.020909496
2013-11-06,0.020105544,0.010677435,-0.033541624,0.047928885,0.00798884,-0.021491438
2013-11-07,-0.039112017,-0.09724681,-0.17304376,-0.38386446,0.013269777,0.04713645
2013-11-08,-0.026538406,0.06995872,-0.04733404,0.0805018,-0.050297856,0.076822326
2013-11-11,-0.03673017,0.05483891,0.023493333,0.11967357,-0.033151504,0.013936657
2013-11-12,-0.049352746,-0.065646924,-0.17644793,-0.3317724,-0.018130096,0.04988911
2013-11-13,-0.03991822,0.018407585,-0.10992694,-0.16844426,0.009247047,0.02776002
2013-11-14,0.006510176,0.032346427,0.07331619,0.19702846,0.013867747,-0.056684308
2013-11-15,-0.041464783,-0.038902372,-0.10458207,-0.04637658,0.021947749,-0.00258923
2013-11-18,-0.08820894,-0.11753173,-0.31216416,-0.59467024,0.007951972,0.08407055
2013-11-19,0.027254084,-0.012765262,0.045529716,0.012766137,-0.00838835,-0.016635539
2013-11-20,-0.07191153,0.020837951,-0.09940725,-0.061038975,-0.02508025,0.08898598
2013-11-21,0.025932828,0.18099014,0.19599806,0.5752575,-0.06178388,0.06936117
2013-11-22,0.018772494,0.04838756,0.05906201,0.18768457,-0.053623006,-0.009007532
2013-11-25,-0.035065785,-0.022441203,-0.05682712,-0.09107575,-0.025723204,-0.013096861
2013-11-26,-0.029625377,-0.029898886,-0.11447795,-0.11015293,-0.0059077633,0.02110466
2013-11-27,-0.07322804,-0.09356518,-0.18202789,-0.43087038,-0.001975487,0.05146137
2013-11-29,0.08132027,0.070094176,0.16841823,0.47610614,-0.016645586,-0.05360532
2013-12-02,-0.11066813,-0.02285959,-0.26799423,-0.5098444,0.005533855,0.1277498
2013-12-03,0.017862406,0.060725406,0.006481101,0.071728244,-0.04224201,0.022996522
2013-12-04,0.12276336,0.10549663,0.35480523,0.76403135,0.0034847045,-0.11357223
2013-12-06,-0.03335688,-0.002553061,-0.11766153,-0.22183767,-0.026258478,0.07098369
2013-12-09,0.052647784,-0.0018753526,0.08756592,0.15123716,-0.017014813,-0.04984477
2013-12-10,0.0752628,0.036052383,0.17264189,0.5327925,0.02626662,-0.11603033
2013-12-11,-0.005016943,0.063589126,0.111518376,0.2842671,-0.035075244,-0.018381702
2013-12-12,-0.12787762,-0.15471023,-0.43105865,-0.78457576,0.05639777,0.110089585
2013-12-13,-0.022699242,-0.032997157,-0.04941308,0.051412474,0.045487758,-0.030686194
2013-12-16,0.05510765,0.12883303,0.15461351,0.5705036,0.10206074,-0.08370463
2013-12-18,-0.029045178,-0.034702756,-0.13951841,-0.32014567,0.018250167,0.046842232
2013-12-19,-0.061153904,0.06421532,-0.16471668,-0.25415885,-0.063735366,0.15794429
2013-12-20,0.10120419,0.1552038,0.30938205,0.8135296,-0.022540797,-0.071314566
2013-12-23,-0.04914344,-0.07142889,-0.16191557,-0.3398036,0.029738834,0.008523926
2013-12-24,0.04326392,0.040184684,0.10773195,0.30090958,-0.029987395,-0.025347576
2013-12-27,0.12651813,0.1382497,0.30517536,0.8762377,0.022363408,-0.058659077
2013-12-30,-0.080781154,-0.12007409,-0.32213956,-0.6897452,0.041609604,0.032806054
2013-12-31,-0.053951398,-0.09056935,-0.14551497,-0.43534446,-0.0011260244,0.03159842
2014-01-02,-0.0080120275,-0.18534546,-0.07386708,-0.30042955,0.09708946,-0.152071
2014-01-03,-0.040006023,-0.1243079,-0.10099774,-0.45580548,-0.010716066,-0.018280823
2014-01-06,0.0031305472,-0.020527147,0.0039790324,0.025063032,-0.05067195,-0.0008716667
2014-01-07,-0.022458505,0.002031792,-0.07692312,-0.060333565,-0.016611021,0.035004992
2014-01-08,-0.0706635,-0.11451668,-0.24611048,-0.4557696,0.03937245,0.04386842
2014-01-09,-0.05253079,-0.12467136,-0.20155306,-0.5075164,0.04172808,-0.020588024
2014-01-10,0.07054823,0.18033727,0.3843954,0.8775866,-0.016189214,-0.09637256
2014-01-13,0.03168977,0.028888931,0.07910168,0.32260674,-0.0042718714,-0.040497184
2014-01-14,-0.0031320986,-0.002028582,-0.05712559,-0.042170934,-0.012832629,0.036124848
2014-01-15,-0.006403653,0.07123435,0.009554557,0.2331083,0.024723368,0.021962712
2014-01-16,0.0138697745,0.023787491,0.08399379,0.107940204,-0.04926418,0.00080611324
2014-01-17,0.043628793,0.02974317,0.051760584,0.26719597,0.027594194,-0.04889946
2014-01-21,-0.04376361,-0.027349401,-0.12324105,-0.21822648,-0.01738393,0.042831104
2014-01-22,0.012386179,0.04634337,-0.0054735346,0.08889552,-0.038121507,0.034255907
2014-01-23,-0.018344223,-0.027103975,-0.0063220165,-0.09677835,0.0018775034,-0.03696127
2014-01-24,-0.0882107,-0.030317469,-0.14111438,-0.22441548,-0.028143812,0.06387063
2014-01-27,-0.07028191,-0.16996367,-0.24816237,-0.6854531,0.075895905,-0.01172227
2014-01-28,-0.020411015,0.05555962,-0.026983032,0.039975002,-0.0451921,0.08316707
2014-01-29,-0.059046246,-0.008600415,-0.120998144,0.016860902,0.009513775,-0.0111284945
2014-02-10,0.16958764,0.21746203,0.4725778,0.82138824,-0.13945845,-0.06768108
2014-02-11,0.011060052,0.03712511,0.065193646,0.23211856,-0.031595696,-0.014074573
2014-02-12,0.05589861,0.07783308,0.18176523,0.5059782,-0.0026211205,-0.021618737
2014-02-13,0.028236058,0.03472584,0.09258683,0.15936762,-0.041787367,0.014321684
2014-02-14,0.061508894,0.06265596,0.21873325,0.54287153,0.017234718,-0.11390293
2014-02-18,0.11670556,0.30764687,0.4387514,1.2903395,-0.012841197,-0.014865892
2014-02-19,0.04137031,0.06645625,0.1485883,0.4434894,-0.052406162,0.052364845
2014-02-20,-0.049532842,-0.013354816,-0.06498855,-0.142244,0.009272929,0.03291748
2014-02-21,-0.0020557917,-0.018850246,-0.008344876,0.031565834,0.0052050264,-0.021973835
2014-02-24,0.051041063,0.041904245,0.11190526,0.36352852,-0.0049943086,-0.07247313
2014-02-25,-0.02168153,-0.057814036,-0.035187878,-0.14903595,0.03258171,-0.021428145
2014-02-26,-0.055834096,0.0077070147,-0.122052915,-0.1574227,0.005213279,0.061286855
2014-02-27,-0.022983901,-0.054603174,-0.13954572,-0.10248765,0.07664605,-0.0534042
2014-02-28,-0.0056060315,0.098521955,0.06731609,0.1320781,-0.026563996,0.018718032
2014-03-03,0.14788774,0.21636681,0.33957627,0.9412244,-0.13817248,-0.0515653
2014-03-04,0.030973677,0.050902072,0.18695001,0.23984174,-0.039536078,0.010765073
2014-03-05,-0.007985188,-0.08081664,-0.034667626,-0.07472791,-0.0057985177,-0.0029793913
2014-03-06,0.032582976,0.114173956,0.2799195,0.5306964,-0.046053063,-0.061945044
2014-03-07,-0.03714393,-0.032615077,-0.27463937,-0.4686638,-0.046163857,0.07401576
2014-03-10,-0.07726513,-0.1464394,-0.2537653,-0.48746037,0.031146381,0.008652688
2014-03-11,-0.05910463,-0.03722676,-0.12057704,-0.3997811,-0.029262412,0.011659467
2014-03-12,-0.0029750022,-0.059591584,0.08634165,-5.5102802e-05,0.0020008378,-0.10451616
2014-03-13,-0.04514544,-0.067176595,-0.18312359,-0.3395334,0.040277608,-0.00037147445
2014-03-14,0.0040191473,0.0016547005,-0.05419598,-0.009573988,0.013621775,-0.009002874
2014-03-17,-0.041826397,-0.07223243,-0.16034333,-0.5310051,0.040395252,0.019470517
2014-03-18,0.06024652,0.12710284,0.18267477,0.34496674,-0.08486709,0.057104483
2014-03-19,0.0499858,-0.0077346535,0.042846076,-0.09998999,-0.07189128,0.056065466
2014-03-20,-0.111706726,-0.1620546,-0.3958431,-0.83808535,0.036619022,0.033810295
2014-03-21,-0.03269931,0.012739351,-0.0348925,0.051153235,0.012091321,-0.021115366
2014-03-24,-0.0021896255,0.0023433543,0.010804871,-0.13851817,-0.061025057,0.09124391
2014-03-25,0.045503117,0.068056926,0.1326731,0.41340137,-0.050412543,-0.011594594
2014-03-26,-0.07005967,-0.07775877,-0.24502832,-0.4061457,0.0396494,0.07304337
2014-03-27,0.014837419,0.09374663,0.115616724,0.34373483,-0.06649532,0.04296535
2014-03-28,-0.013437778,0.03756805,0.018719077,0.25241482,0.023444979,-0.02132163
2014-03-31,0.009063091,0.02737215,0.035061095,0.0055320514,-0.008146157,-0.0063980473
2014-04-01,-0.04155426,-0.046754852,-0.06293669,-0.24946395,0.039134268,0.0039867526
2014-04-02,-0.009884751,-0.10507703,-0.10670983,-0.1779856,0.06534761,-0.0263658
2014-04-03,0.03392682,0.12216084,0.1566519,0.40562332,-0.060388453,0.03654628
2014-04-04,0.030359734,0.063214295,0.09250685,0.41833597,-0.022408849,-0.06158011
2014-04-08,0.042192724,0.11473426,0.19384013,0.5387565,-0.055606116,0.0070703533
2014-04-09,0.0041494654,0.08747749,0.03588711,0.26355505,-0.0068028527,0.057944983
2014-04-10,0.03853572,0.01193018,0.088410385,0.31938612,0.035066392,-0.05660406
2014-04-11,-0.035607584,-0.050342757,-0.14815508,-0.28231674,0.020330882,0.016609598
2014-04-14,0.05601507,0.15298593,0.26051113,0.6267599,-0.07319193,-0.043361973
2014-04-15,-0.03798432,-0.01904096,-0.13320865,-0.4489731,-0.04846844,0.08955582
2014-04-16,0.037934054,0.09020716,0.16442126,0.47877234,-0.005552215,-0.01758752
2014-04-17,-0.031892013,0.022152403,-0.07265338,-0.030015647,-0.011425114,0.05230447
2014-04-22,-0.06622779,-0.04428245,-0.111211605,-0.083163895,0.0097554745,0.042191498
2014-04-23,-0.020496696,-0.00471941,0.01741618,0.043532755,-0.028643828,-0.024578974
2014-04-24,0.044384472,0.06635084,0.17419235,0.42263624,-0.042041577,-0.020546013
2014-04-25,0.025282271,-0.013378012,0.073128276,-0.062643826,-0.04184229,-0.026939102
2014-04-28,-0.013548139,-0.0983909,-0.16574442,-0.486255,0.0032338249,0.008963242
2014-04-29,0.02516553,0.097165644,0.10235395,0.31443253,-0.06857657,0.005436709
2014-04-30,-0.029084478,-0.14754708,-0.20184082,-0.61339027,-0.011381255,0.017821472
2014-05-06,0.01924367,-0.13250585,-0.019739067,-0.37140715,-0.0089045875,-0.081338026
2014-05-07,-0.08354061,-0.03035487,-0.225666,-0.38817537,0.006866163,0.10168848
2014-05-08,0.02411149,0.05451856,0.068017684,0.18369351,-0.04050747,-0.0038947174
2014-05-09,-0.0063357684,-0.032220062,-0.107031494,-0.16296142,-0.0037249657,0.014567179
2014-05-12,0.0965961,0.10300045,0.24518226,0.65211993,0.006764004,-0.033269495
2014-05-13,0.022907667,0.068561085,0.095722474,0.20331644,-0.033962835,0.0066731945
2014-05-14,0.05567732,0.028896408,0.10499486,0.40758398,0.05253274,-0.05891257
2014-05-15,-0.16007286,-0.16117519,-0.42395896,-0.62228364,0.068088815,0.07561862
2014-05-16,-0.03045191,-0.051904194,-0.1530056,-0.31114647,0.028760338,0.003840609
2014-05-19,0.0509088,0.05042692,0.031120889,0.15626511,0.006180589,0.00425962
2014-05-20,-0.047319327,-0.05018043,-0.11800957,-0.16193402,0.01028078,0.013238555
2014-05-21,-0.009706692,0.057061996,-0.044838354,0.022785429,-0.0043039024,0.018625472
2014-05-22,0.03353653,0.033533454,0.13703154,0.29102236,0.014037772,-0.033192556
2014-05-23,-0.02857493,-0.018315956,-0.061849993,-0.08006774,-0.002885788,0.042395372
2014-05-27,-0.07570402,-0.1114186,-0.28629875,-0.580724,0.043948714,0.09076943
2014-05-28,-0.035748854,-0.054566618,-0.06987687,-0.20725095,-0.009390235,0.0127728535
2014-05-29,-0.02032733,-0.009890363,-0.0931884,-0.01395746,0.016055198,0.0091999695
2014-05-30,-0.06588071,-0.12703972,-0.2778331,-0.6190623,0.029787056,0.034452688
2014-06-03,-0.05062594,-0.09368201,-0.16472258,-0.2910053,0.04908882,-0.01948141
2014-06-04,-0.02354358,-0.039680474,-0.070007265,-0.25518176,0.0067972397,0.017605731
2014-06-05,0.0014760259,-0.031406395,-0.03172932,0.04829789,0.037799384,-0.03122686
2014-06-06,0.021084955,0.057280794,0.11881945,0.17244537,-0.044031173,0.0027056048
2014-06-09,0.040273793,0.062531486,0.064543396,0.26934195,0.02464862,-0.0147823645
2014-06-10,0.0029277292,-0.041532144,-0.07613898,-0.032822058,0.025188789,-0.041275013
2014-06-11,-0.08808712,-0.0841809,-0.26590547,-0.31478187,0.05166525,0.012937688
2014-06-12,-0.07648941,0.042989466,-0.0010106041,0.12618339,-0.007110145,0.0068947547
2014-06-13,0.044042915,0.13031664,0.2241751,0.5837821,-0.06874159,-0.016876526
2014-06-16,0.010902703,0.06327178,-0.0050440594,0.22584496,0.036944,-0.00906137
2014-06-17,0.00842665,0.06304878,0.06867818,0.24204247,-0.020379655,-0.01538094
2014-06-18,0.030645374,0.08505231,0.1768745,0.34747404,-0.05507671,-0.02118273
2014-06-19,0.09454359,0.103373416,0.34227753,0.7754926,0.018107392,-0.12619963
2014-06-20,0.00093139807,-0.0063740644,0.0068119043,0.14112677,0.00846441,-0.01934524
2014-06-23,-0.019296642,-0.041541595,-0.051919118,-0.051222585,0.025267662,0.014149683
2014-06-24,-0.025821887,-0.0671161,-0.054965004,-0.12032912,0.06528803,0.018044787
2014-06-25,0.022615012,0.00960227,0.037711527,0.100121245,-0.025108105,0.0007950166
2014-06-26,0.010265574,-0.03162747,-0.028110178,-0.10935858,-0.012552465,0.013235918
2014-06-27,-0.033351753,-0.06381571,-0.13106705,-0.3522893,0.01842595,-0.03502845
2014-06-30,-0.023691967,-0.1497796,-0.24505368,-0.3509977,0.08341095,0.03061387
2014-07-01,0.0103776,-0.034569092,0.021580337,-0.003966183,0.0019637004,0.01129172
2014-07-02,0.0371059,0.0066243587,0.061169904,0.27095667,0.054719243,-0.031237258
2014-07-03,-0.008470379,-0.02534498,-0.020644166,-0.11039509,-0.028918339,0.05867917
2014-07-07,-0.09180202,-0.14979666,-0.3458101,-0.6484503,0.08885451,0.027651004
2014-07-08,-0.011127528,-0.07144702,-0.09829022,-0.19297934,0.019593745,-0.0049668998
2014-07-09,-0.05316953,-0.11236603,-0.19057287,-0.3270277,0.05172036,-0.043559317
2014-07-10,-0.028422557,-0.09318401,-0.0852897,-0.33428338,0.057174858,0.0026011178
2014-07-11,-0.06429407,-0.13669789,-0.22755691,-0.4185943,0.08151296,-0.02344755
2014-07-14,-0.037396614,0.0055296277,-0.14981762,-0.24333759,-0.043503918,0.12706374
2014-07-15,-0.09904535,-0.22204828,-0.31702542,-0.6091885,0.08912587,0.041922044
2014-07-16,0.010335387,0.009695083,-0.00085382996,0.032510936,-0.034502044,0.004573044
2014-07-17,0.04428,0.046378296,0.15513472,0.3724975,-0.002363686,-0.07412614
2014-07-18,-0.07092701,-0.08639058,-0.26192737,-0.34413886,0.028685786,0.058961056
2014-07-21,0.06718447,0.037896015,0.07084563,0.3343279,0.024645127,-0.009788793
2014-07-22,0.006032808,0.010837665,-0.04741008,0.050446577,0.035118755,0.0023992136
2014-07-23,-0.03674525,0.025093704,0.01719686,0.082795985,-0.018468812,-0.0022892365
2014-07-24,-0.02586915,-0.045522135,-0.072737336,-0.18505917,-0.012304047,0.0979754
2014-07-25,0.010799392,0.026017193,0.07646241,0.19802438,-0.010690983,-0.036744695
2014-07-28,-0.0011819287,0.02786883,0.03857348,0.10513946,0.013819927,-0.023746775
2014-07-29,-0.09286729,-0.12483011,-0.2960576,-0.52912796,0.044728946,0.039621137
2014-07-30,0.03260837,-0.028351769,0.06703221,0.08066423,-0.016380982,0.0143391555
2014-07-31,-0.08395341,-0.119359575,-0.22979164,-0.5139617,-0.010299343,0.08985384
2014-08-01,-0.0382249,-0.1510143,-0.20281449,-0.5224038,0.010136131,-0.026266737
2014-08-04,0.055284392,0.13630725,0.25595772,0.55950475,-0.059782546,-0.010153335
2014-08-05,-0.061892837,-0.14397603,-0.2723049,-0.6679735,0.0107850535,0.04361446
2014-08-06,0.04404369,0.12078495,0.24298623,0.5028034,-0.05384798,-0.053497016
2014-08-07,-0.012561223,-0.0056651854,-0.06986741,-0.07945349,0.010276125,0.0050624656
2014-08-08,-0.029823845,-0.06799334,-0.18354377,-0.27782014,0.010191782,0.027169378
2014-08-11,0.017292844,0.049234644,0.04866353,0.26460916,-0.02314865,-0.015535631
2014-08-12,-0.04932248,-0.121017605,-0.19971807,-0.50906456,0.04108629,-0.0026092096
2014-08-13,-0.1062906,-0.074030004,-0.23707463,-0.37381855,0.03904423,-0.0054915296
2014-08-14,-0.06827057,-0.19578122,-0.21551636,-0.70805496,0.039079312,-0.032477513
2014-08-15,0.051745012,-0.16775106,0.015332198,-0.36321476,-0.08414021,0.0512676
2014-08-18,-0.020977033,-0.09374241,-0.12965849,-0.30320957,0.033311754,0.0203205
2014-08-19,-0.02825443,-0.022204965,-0.07732256,-0.18677284,-0.025964336,0.008527687
2014-08-20,0.09127823,0.14342996,0.24241678,0.70430917,-0.038319625,-0.0025864448
2014-08-21,-0.032540407,0.02770527,-0.032381408,0.024688689,-0.042842906,0.040010236
2014-08-22,0.032864965,0.012207038,0.0704621,0.1071172,-0.05071976,-0.021323157
2014-08-26,-0.069076724,-0.029913912,-0.10777266,0.04724278,0.06463527,0.0028277568
2014-08-27,-0.010714442,0.002459632,-0.030611902,-0.035957396,-0.020973254,-0.002408457
2014-08-28,-0.01770727,-0.023177885,-0.016662458,-0.12305103,0.00850944,-0.013897496
2014-08-29,0.018042844,0.0541571,-0.040733177,0.15386248,0.004698575,0.01724767
2014-09-02,-0.116278194,-0.25523528,-0.32893792,-0.8699214,0.04982468,0.03221999
2014-09-03,-0.0041998117,0.03286136,-0.1558774,0.025967576,0.057490647,0.014524246
2014-09-04,-0.017480658,-0.034395,-0.047393665,-0.060211763,0.018723466,0.008202625
2014-09-05,-0.0028994922,0.016847938,0.11803722,0.03357782,-0.009401285,-0.025262352
2014-09-09,-0.117945544,-0.2668577,-0.545785,-1.1282911,0.010695262,0.07663127
2014-09-10,-0.06266279,-0.10590492,-0.17299192,-0.45263413,0.024354279,-0.038812194
2014-09-11,-0.0812801,-0.09658042,-0.29847595,-0.5105523,0.01855451,0.06348249
2014-09-12,-0.036486086,0.0023586657,-0.02303332,-0.0566424,0.027002575,-0.020226728
2014-09-15,-0.115776114,-0.07425794,-0.0754128,-0.45348147,0.05462476,0.038428724
2014-09-16,0.040365726,0.14326996,0.1933674,0.6451612,-0.002159226,-6.0698618e-05
2014-09-17,-0.014660796,0.00051426986,-0.020519111,0.0012472165,-0.027381958,0.011307385
2014-09-18,-0.09635886,-0.22098064,-0.41252685,-1.0058718,0.08313457,0.046005465
2014-09-19,-0.09826863,-0.07259734,-0.289737,-0.43262458,0.055599175,0.08948019
2014-09-22,-0.081680164,-0.19573528,-0.2578732,-0.64917636,0.027125899,0.025862247
2014-09-23,0.004548185,-0.016780244,-0.037039805,-0.05366693,0.02382056,0.022872109
2014-09-24,0.044092555,0.09369715,0.16606353,0.40650886,-0.05633693,0.041917372
2014-09-25,-0.042362735,-0.056625668,-0.15006794,-0.2931757,-0.011815429,0.043824993
2014-09-26,-0.017342618,-0.06699867,-0.13131635,-0.12493004,0.006261806,0.017281063
2014-09-29,0.08746128,0.08578493,0.23861472,0.6243752,-0.07265667,0.006058526
2014-09-30,-0.124954,-0.2887033,-0.4672485,-1.0968529,0.054761007,0.025770253
2014-10-08,-0.013097624,0.00934576,0.118246116,-0.09033278,-0.10043981,-0.04567859
2014-10-09,-0.018448077,-0.04448961,0.014326303,0.06423595,0.062776804,-0.08844201
2014-10-10,-0.06971438,-0.14318617,-0.28440237,-0.5434938,0.023232654,0.05644041
2014-10-13,0.06228107,0.098588794,0.26830956,0.44328257,-0.058146205,-0.040313795
2014-10-14,0.013075822,-0.15032366,0.02814671,-0.2820518,-0.013351845,-0.05224552
2014-10-15,-0.03401739,-0.23007777,-0.28412592,-1.0937678,0.060526103,0.031060934
2014-10-16,-0.0033476327,0.047118284,0.05241468,0.053720184,-0.061261978,0.066614844
2014-10-17,0.015062658,0.059045933,0.06162901,0.29619995,0.009229515,0.007345976
2014-10-20,-0.045724407,-0.15981176,-0.1700072,-0.41411588,0.04752529,-0.021379098
2014-10-21,0.041111514,0.12276356,0.24978225,0.5771294,-0.054245267,-0.040220376
2014-10-22,-0.04549125,-0.088195466,-0.12723216,-0.343413,0.029246539,-0.002696428
2014-10-23,-0.0067458446,0.15342143,0.10984043,0.3556822,-0.064906284,0.05214032
2014-10-24,-0.078556165,-0.13080613,-0.25158468,-0.44644505,0.05530315,-0.014354546
2014-10-27,0.015966866,0.033219364,0.09349381,0.14562851,-0.03419341,-0.016801752
2014-10-28,0.074761696,0.16025992,0.26902267,0.6613004,-0.06511608,0.0076947818
2014-10-29,0.10440422,0.26607135,0.4399226,0.99371433,-0.10059459,-0.016062109
2014-10-30,-0.123580255,-0.11577256,-0.31333202,-0.7783784,0.027272385,0.10812777
2014-10-31,-0.0611661,0.008188054,-0.13713573,-0.24682215,-0.0005085241,0.08489341
2014-11-03,-0.041490152,-0.14516473,-0.15593968,-0.3976266,-0.0017888043,-0.0067363754
2014-11-04,-0.13886505,-0.3432932,-0.5346948,-1.3027205,0.0784714,0.05663842
2014-11-05,-0.049147025,-0.0019620205,-0.18268798,-0.36713466,-0.03691101,0.10885809
2014-11-06,-0.011038441,0.027177434,-0.004135431,0.100850165,-0.02303927,0.031707514
2014-11-07,0.06120179,0.082352735,0.1487206,0.55646175,0.024741367,-0.100999355
2014-11-10,-0.06594751,-0.127379,-0.21172282,-0.57343787,0.042686373,0.017850088
2014-11-11,0.09071066,0.13342738,0.26395977,0.55567396,-0.056282107,0.0053027845
2014-11-12,0.023067243,-0.07168787,-0.022157803,-0.21664046,-0.026136303,0.019477215
2014-11-13,-0.10872047,-0.25869203,-0.25688484,-0.97770375,0.08332393,-0.035678886
2014-11-14,0.060668282,0.079571076,0.21908957,0.64869773,0.025959885,-0.07927459
2014-11-17,-0.016357195,-0.029981602,-0.093533136,-0.26660526,-0.016392253,0.06485404
2014-11-18,-0.031673945,-0.081107944,-0.12848864,-0.20799871,0.027927583,-0.04406505
2014-11-19,-0.002885907,-0.034050602,-0.05805823,0.029145544,0.017354082,0.043123577
2014-11-20,0.03401134,0.085008204,0.18220626,0.17730448,-0.07448178,0.01102996
2014-11-21,0.11298188,0.17460157,0.285446,0.8320127,-0.014498611,-0.080554605
2014-11-24,-0.07301459,-0.07654158,-0.17708756,-0.39129627,0.030728618,0.0247226
2014-11-25,0.02078667,-0.009151499,0.079326786,0.030082725,-0.030958856,-0.016600432
2014-11-26,0.0016242306,0.01847686,0.039122194,0.10180842,-0.04165422,-0.0140928645
2014-11-28,-0.1519964,-0.6108357,-0.72443926,-2.2408907,0.13281307,-0.01500073
2014-12-01,0.18389852,0.12707384,0.45722046,0.960538,-0.028350754,-0.117925785
2014-12-02,-0.12746856,-0.36433864,-0.54806525,-1.3626565,0.0870763,6.3012274e-05
2014-12-03,-0.0041189217,-0.007717248,-0.03557983,-0.096904375,0.034404416,-0.02732444
2014-12-04,0.049110938,0.02734602,0.15851517,0.31732407,-0.017987974,-0.047204986
2014-12-05,-0.059929915,-0.052909438,-0.12931727,-0.46329203,-0.046343334,0.08874825
2014-12-08,-0.04580751,-0.26914948,-0.27710146,-0.8996296,0.05439884,-0.035091836
2014-12-09,0.07924356,0.08586705,0.2803103,0.7732222,0.028117687,-0.12085936
2014-12-10,-0.116603866,-0.31031832,-0.368822,-1.1182655,0.07469301,-0.0034990376
2014-12-11,-0.010256564,0.017824182,0.06839288,0.054355823,-0.036290277,-0.018422937
2014-12-12,-0.031469185,-0.12716849,-0.09438058,-0.49149153,-0.022992063,0.018836042
2014-12-15,-0.09404305,-0.11860154,-0.15025729,-0.66033196,-0.028495332,0.060563266
2014-12-16,-0.090459324,-0.23118596,-0.39727104,-1.1300905,0.017792732,0.09068509
2014-12-17,0.04565173,0.087587416,0.20863448,0.29575586,-0.082551435,-0.0037330745
2014-12-18,-0.028521499,-0.14500116,-0.11717549,-0.50030696,-0.007912783,-0.014205407
2014-12-19,0.05953011,0.136382,0.14133888,0.51341224,0.01099532,-0.017020404
2014-12-22,-0.07794792,-0.119475104,-0.24608165,-0.59810567,0.02322012,0.023387926
2014-12-23,0.033691958,0.13699973,0.12699783,0.3732605,-0.047537077,0.0218023
2014-12-24,-0.08635728,-0.25068113,-0.38462842,-0.9620344,0.09155588,-0.017644081
2014-12-29,-0.03585228,-0.17879164,-0.10766235,-0.5491822,0.02961095,-0.051153265
2014-12-30,0.061267063,0.007850844,0.11030464,0.3340086,0.058008626,-0.09666556
2014-12-31,-0.12355003,-0.22431582,-0.4430831,-1.021592,0.087394126,0.07459567
2015-01-05,-0.023200173,-0.27778146,-0.13023175,-0.8071003,0.0804157,-0.1433034
2015-01-06,0.022929626,-0.13892166,0.012484901,-0.13034932,0.010360365,-0.04682578
2015-01-07,-0.05602306,-0.056507103,-0.1955308,-0.3294226,0.034319635,0.04913327
2015-01-08,0.012314497,0.051234987,0.06970156,0.25037584,-0.009981499,0.026349839
2015-01-09,-0.024245482,-0.08508425,-0.09467728,-0.3442533,0.00485684,-0.028407509
2015-01-12,-0.06316841,-0.3668053,-0.3507021,-1.1115541,0.09623073,-0.06894636
2015-01-13,-0.055842336,-0.20173833,-0.35211673,-0.7403919,0.07436129,-0.008107053
2015-01-14,-0.041638345,0.079956576,-0.20077299,-0.1245984,-0.009526593,0.094447196
2015-01-15,0.033060834,-0.03862292,0.19093691,0.3124405,-0.0016928389,-0.13271406
2015-01-16,0.14188734,0.3424061,0.5341069,1.3187903,0.035468694,-0.06082399
2015-01-20,0.0054236404,-0.26617023,-0.12438072,-0.637994,0.052739993,-0.10866842
2015-01-21,0.05178588,0.12655255,0.12304945,0.48200583,-0.0031586583,-0.0041600205
2015-01-22,-0.054759365,-0.13324247,-0.21470663,-0.4087521,0.064559184,-0.0483281
2015-01-23,-0.13157299,-0.15098023,-0.35003495,-0.81523424,0.0048393286,0.037258316
2015-01-26,0.015658494,-0.008431961,-0.037152797,0.06547259,-0.007995398,0.02229234
2015-01-27,-0.02290056,0.045692284,-0.045952506,0.11361509,0.009563027,-0.022282131
2015-01-28,-0.05007176,-0.120291546,-0.2586667,-0.41166046,0.09790092,-0.016092133
2015-01-29,-0.1361403,-0.16378067,-0.37061423,-1.0532794,-0.0055092974,0.076565966
2015-01-30,0.1851959,0.3694551,0.5639083,1.5433345,-0.012228603,-0.084861234
2015-02-02,0.07489511,0.30130133,0.19824147,0.89868736,-0.051880166,0.027245194
2015-02-03,0.162348,0.49025545,0.6288027,1.6017585,-0.08912932,0.03365805
2015-02-04,-0.11766919,-0.39312658,-0.36664885,-1.1531044,0.08732704,-0.07295004
2015-02-05,0.08661281,0.24897341,0.34687176,0.82613695,-0.09434349,0.020835007
2015-02-06,-0.046403542,0.10213943,-0.09418068,0.078190476,-0.035204187,0.11999654
2015-02-09,0.076146096,0.1653511,0.24163152,0.68214184,-0.048710056,-0.030442057
2015-02-10,-0.13986698,-0.32876617,-0.5025091,-1.2955565,0.07517504,0.016107677
2015-02-11,-0.027133444,-0.110538855,-0.17283145,-0.5039535,-0.0036097157,0.06625402
2015-02-12,0.11293166,0.28494522,0.35690883,1.1623774,-0.024182139,0.012337711
2015-02-13,0.049545128,0.2883313,0.3566267,1.0705049,-0.09270498,-0.043112
2015-02-25,-0.15486369,-0.28405222,-0.44784293,-0.7792465,0.09482211,0.045909427
2015-02-26,0.028505541,-0.033740126,0.15967365,0.22446223,0.026565079,-0.06131187
2015-02-27,0.047924615,0.2671317,0.3469498,0.90752417,-0.080360174,0.02258556
2015-03-02,-0.0151731195,-0.37125364,-0.38873243,-1.172756,0.10260739,-0.033094022
2015-03-03,-0.023904994,0.024357803,0.004744569,-0.16189812,-0.046835903,0.056923103
2015-03-04,-0.038401846,-0.06501975,-0.18127587,-0.20232289,0.029623259,0.03069269
2015-03-05,-0.06401004,-0.10563297,-0.17338,-0.382451,0.014763049,-0.0028541149
2015-03-06,-0.07712528,-0.10383239,-0.28388292,-0.58811295,-0.019128902,0.106010884
2015-03-09,0.0426274,-0.042142544,0.021019084,-0.117542125,-0.022007396,0.00017108484
2015-03-10,-0.1139857,-0.292548,-0.40540683,-1.2061306,0.05744253,0.03289518
2015-03-11,-0.06672942,-0.01883557,-0.09189854,-0.26697055,-0.047651324,0.07401607
2015-03-12,0.019810764,-0.047422852,0.05584797,0.02183357,-0.030521596,-0.040521823
2015-03-13,-0.093278036,-0.32731852,-0.37504646,-1.1274759,0.1120609,-0.012752822
2015-03-16,-0.06005852,0.015785772,0.042054873,0.20022699,0.044369053,-0.018079579
2015-03-17,-0.08004493,-0.110292405,-0.297215,-0.44452944,0.040659335,0.048499804
2015-03-18,0.01665145,0.24125615,0.22124279,0.7331646,-0.0955234,0.0037924321
2015-03-19,0.12061022,-0.020549968,0.23438695,0.43748483,0.0063135587,-0.10513891
2015-03-20,0.20787452,0.30849585,0.5994149,1.3607807,-0.03254513,-0.059279915
2015-03-23,0.07893334,0.14591418,0.2508531,0.61914366,-0.06313283,-0.023462707
2015-03-24,-0.038195435,-0.10509365,-0.1495577,-0.3942145,0.038892314,-0.020285504
2015-03-25,-0.0051421113,0.086626925,0.023267223,0.26084554,-0.011467936,-0.0035913787
2015-03-26,0.029567653,0.21364163,0.15659879,0.789304,0.019469026,-0.041976567
2015-03-27,-0.09025607,-0.30478242,-0.40176752,-1.1538736,0.063917585,-0.023946
2015-03-30,-0.03136383,-0.12906352,-0.045691643,-0.4879344,-0.08792481,0.06834373
2015-03-31,-0.05067416,-0.19942465,-0.3792617,-0.60851985,0.058708094,0.008178687
2015-04-01,0.17832589,0.28769925,0.50690603,1.2637616,-0.08030589,-0.077597
2015-04-02,0.003629795,-0.101680934,-0.047862634,-0.36549994,-0.033499308,0.036718037
2015-04-07,0.12848082,0.3541559,0.3375755,1.3555955,-0.043956365,-0.059648886
2015-04-08,-0.09675629,-0.3575626,-0.4103295,-1.2863909,0.04828808,-0.02969537
2015-04-09,-0.067761265,0.0026678497,-0.143179,-0.10117685,0.025271337,0.053708233
2015-04-10,0.06637771,0.11579263,0.21500571,0.5360383,-0.023910131,-0.025426693
2015-04-13,-0.084551804,-0.01645898,-0.24610889,-0.17179182,0.07315728,0.033825763
2015-04-14,0.02094737,0.11919972,0.056416955,0.29974827,-0.024180092,0.050322253
2015-04-15,0.12063623,0.29656795,0.3444216,1.1130414,-0.04118722,-0.008972017
2015-04-16,-0.12939249,0.25312358,0.17594871,0.698294,0.02898813,-0.078351766
2015-04-17,-0.042672444,-0.0849103,-0.11992724,-0.32636327,0.009319355,-0.021190515
2015-04-20,-0.06439917,-0.049912736,-0.21357353,-0.50087595,-0.0009774058,0.066844046
2015-04-21,-0.029346084,-0.102810554,-0.13539736,-0.2953415,0.061596118,-0.04576642
2015-04-22,-0.020605149,0.02111925,-0.11630746,-0.077907965,-0.03772422,0.07116137
2015-04-23,0.08554825,0.23984037,0.30086863,0.9214593,-0.070595026,-0.006640671
2015-04-24,0.004362127,0.052636504,-0.014791785,0.2414262,0.0018288326,0.0693953
2015-04-27,0.111802585,0.06270173,0.21051276,0.5850199,0.09587013,-0.16797738
2015-04-28,0.030372677,0.024982112,0.084078684,0.26273543,-0.01537667,-0.03490804
2015-04-29,0.04376809,0.17085637,0.18630144,0.5797396,-0.06157075,0.019892137
2015-04-30,0.023070049,0.11170936,0.024249086,0.33925796,-0.061193284,0.12583975
2015-05-05,0.113413826,0.22724731,0.3829922,0.92936826,-0.039211288,-0.0618732
2015-05-06,-0.03925448,-0.07435262,-0.11842238,-0.47414744,-0.06882679,0.024872001
2015-05-07,-0.06297867,-0.27729857,-0.36576796,-0.9810111,0.041552644,0.03218295
2015-05-08,0.061921503,0.0665247,0.20200033,0.40552756,-0.06271759,0.0053467536
2015-05-11,-0.07863846,-0.08654824,-0.18741447,-0.48476467,0.0051187826,0.06725734
2015-05-12,0.06574357,0.1409767,0.22439998,0.72463477,-0.0036987409,-0.034567505
2015-05-13,0.040195394,0.021396473,0.065822445,0.30134612,0.006206632,-0.089786805
2015-05-14,0.009768911,-0.007077573,0.08925053,0.05127756,-0.039939076,-0.034898162
2015-05-15,-0.015609717,0.015357741,0.04169027,0.037260275,-0.036855932,-0.0047317045
2015-05-18,-0.028237686,-0.09149216,-0.09153051,-0.30898237,0.012432181,-0.010907499
2015-05-19,-0.18708283,-0.364358,-0.64606154,-1.5592458,0.088970594,0.062134076
2015-05-20,0.004536413,0.056900702,-0.01772912,0.020891283,-0.010491273,0.025785446
2015-05-21,0.020885715,0.13568324,0.12673959,0.34633186,-0.057373654,0.025132282
2015-05-22,-0.10422707,-0.23782769,-0.411496,-0.90174365,0.08305853,0.0015174914
2015-05-26,-0.13804048,-0.22629689,-0.39016604,-0.9271078,0.07958724,0.04783316
2015-05-27,-0.045452747,-0.18955946,-0.3304619,-0.6975695,0.07318384,0.008454909
2015-05-28,0.010117128,0.10171443,0.11318588,0.39000815,0.009237846,-0.04902764
2015-05-29,0.0017104496,0.2064597,0.112206,0.5951087,-0.03815874,0.015535943
2015-06-01,0.01684607,0.008036799,0.12406278,0.070034936,-0.06902161,0.05739859
2015-06-02,0.08663979,0.1339515,0.24607551,0.54610926,-0.09093502,0.0013997273
2015-06-03,-0.06579363,-0.1211188,-0.20398715,-0.5354222,0.021358248,0.023896214
2015-06-04,-0.042563945,-0.17401138,-0.2202365,-0.8155985,-0.011206247,0.04825915
2015-06-05,-0.025232127,0.055510826,-0.025867835,0.08704952,-0.0037121926,0.06749476
2015-06-08,0.036335684,0.0015767859,0.07260563,0.11773834,-0.06596918,-0.030085525
2015-06-09,0.08873274,0.21419793,0.24230215,0.83183795,-0.06913536,0.008398326
2015-06-10,0.03527998,0.09479052,0.026704777,0.40126142,0.031020543,0.035809424
2015-06-11,-0.09578176,-0.1815865,-0.40105575,-0.95191514,0.081331365,0.008425178
2015-06-12,-0.042110324,-0.12800628,-0.19500713,-0.49330905,0.0131375,0.013975201
2015-06-15,-0.0695508,-0.22787751,-0.3427515,-0.78764963,0.06340466,-0.017581288
2015-06-16,-0.041361544,0.096101835,0.013570759,0.16819827,-0.03284509,0.011076784
2015-06-17,-0.041313805,0.024613308,-0.012639479,0.0055921264,-0.0025634477,0.0027817981
2015-06-18,0.014930754,0.0023523767,0.013779773,0.18585873,0.014552953,-0.076971725
2015-06-19,-0.03668826,-0.19261034,-0.22518702,-0.78419805,0.025696851,0.023439236
2015-06-23,0.039299242,0.23120117,0.32135344,0.6629036,-0.12300836,0.09728942
2015-06-24,-0.021352611,-0.051163223,-0.050186638,-0.07806693,0.010016255,0.013956602
2015-06-25,0.019088533,0.027636413,0.110970475,0.04830365,-0.059856217,-0.017828627
2015-06-26,0.02393003,0.04762496,0.13472588,0.18842788,-0.10099109,-0.018970134
2015-06-29,-0.020959903,-0.1767175,-0.14041457,-0.53469336,-0.012821456,0.0055671697
2015-06-30,0.06208422,0.25901288,0.471196,0.8711543,-0.14689015,-0.023406705
2015-07-01,-0.03714889,-0.18870984,-0.15686956,-0.43047822,0.1167471,-0.058995154
2015-07-02,-0.032285746,0.058410145,0.0127368495,0.092638716,-0.025005145,0.03133707
2015-07-06,-0.1356423,-0.54319924,-0.5827151,-1.8349289,0.10447015,-0.0784287
2015-07-07,-0.2298163,-0.29707712,-0.6918766,-1.6015937,0.10180066,0.122198604
2015-07-08,0.056401387,0.10299171,0.20704783,0.5658392,-0.013960149,-0.04237172
2015-07-09,0.08670108,0.2857598,0.3392284,0.93123037,-0.045825187,0.00034204128
2015-07-10,-0.015821433,0.030448392,0.0207329,0.113899745,0.007850947,-0.02877036
2015-07-13,0.02079337,0.04941508,0.13092571,0.23007666,-0.0073774597,-0.029383963
2015-07-14,0.011102062,-0.038456332,-0.14731492,-0.07953389,-0.017057093,0.05163676
2015-07-15,-0.104740046,-0.15523335,-0.24070671,-0.77283424,0.0773081,0.011599055
2015-07-17,-0.10605673,-0.11410179,-0.33382028,-0.68304604,0.041292716,0.08987188
2015-07-20,-0.10759168,-0.14704072,-0.39880475,-0.6933208,0.09725161,0.06944181
2015-07-21,-0.056227215,-0.005817574,-0.091167666,-0.1332712,-0.0075336825,0.022164138
2015-07-22,-0.092718944,-0.14703411,-0.34663305,-0.71840537,0.04225442,0.030052023
2015-07-23,-0.04747777,-0.14192672,-0.20638403,-0.61553985,0.020860951,-0.02244291
2015-07-24,-0.09608142,-0.22243921,-0.39728984,-0.83803874,0.07934739,0.049193792
2015-07-27,-0.06765322,-0.27540466,-0.4259177,-0.9081547,0.09371192,0.016727414
2015-07-28,0.09150957,0.15493079,0.28601044,0.69894874,-0.04429536,-0.006304621
2015-07-29,0.015631426,-0.0031431182,-0.09105449,0.04975497,0.012168361,0.056393456
2015-07-30,-0.05951783,-0.049598288,-0.13705821,-0.27578208,0.022704164,-0.0023852836
2015-07-31,-0.06420716,-0.1698736,-0.22962463,-0.5872636,0.027329594,-0.0066076005
2015-08-03,-0.13035905,-0.385635,-0.48719254,-1.3410299,0.052856833,-0.008371022
2015-08-04,-0.01157983,0.08534175,0.07537301,0.29113695,0.010282982,0.007835038
2015-08-05,-0.044445667,-0.059096754,-0.1243925,-0.36047822,-0.015544479,0.0074994136
2015-08-06,-0.044417582,-0.107096195,-0.08768491,-0.3268095,0.03456105,0.0025419418
2015-08-07,0.012277907,-0.021604473,0.05594926,0.037517115,-0.014954569,-0.022463365
2015-08-10,0.18778795,0.4275101,0.68142253,1.672991,-0.059002846,-0.050037257
2015-08-11,-0.16974095,-0.3356147,-0.58440286,-1.2192852,0.09121354,0.023446811
2015-08-12,-0.011038884,-0.048957977,-0.20087421,-0.08227844,0.09647714,-0.037769027
2015-08-13,-0.0029398869,-0.003990946,0.026799232,0.04546164,-0.07519352,-0.027752988
2015-08-14,-0.009604993,-0.03222224,-0.04737078,-0.13447149,-0.035536613,0.035603058
2015-08-17,0.058280893,-0.2205339,-0.00021553472,-0.63279533,-0.061536178,0.017669687
2015-08-18,-0.091452815,-0.11531262,-0.30153614,-0.6593915,-0.0056089433,0.07556214
2015-08-19,-0.040064488,-0.23392683,-0.15766594,-0.6648325,0.0868926,-0.12763904
2015-08-20,0.13689356,0.06636261,0.32988122,0.5961151,-0.03993023,-0.0995844
2015-08-21,-0.11130054,-0.3361491,-0.46348944,-1.2469902,0.079374075,0.0044715353
2015-08-24,-0.196688,-0.43341386,-0.6952436,-1.9538419,0.13378514,0.07984086
2015-08-25,0.025053026,0.089011684,0.07195469,0.27765578,-0.026595991,0.08329555
2015-08-26,-0.118347205,-0.28257042,-0.51220715,-1.2747816,0.01625623,0.068265684
2015-08-27,0.3437434,0.64236003,0.83382195,2.2697816,-0.037466183,-0.030784804
2015-08-28,0.22334118,0.34907237,0.5662782,1.5660555,-0.021383636,-0.10603616
2015-09-01,-0.10012708,-0.22349519,-0.3563724,-0.9017466,0.035530943,-0.061553996
2015-09-02,0.0013860813,0.02265703,-0.048167273,0.11349745,0.019071901,0.02045751
2015-09-08,0.07212358,0.058223177,0.22616044,0.47690046,-0.05777214,0.05892523
2015-09-09,-0.08928049,-0.22381666,-0.29898044,-0.8232484,0.032863636,0.037820634
2015-09-10,0.06751498,0.20163807,0.2801855,0.6390679,-0.064202175,0.002490688
2015-09-11,-0.045788974,-0.083912954,-0.029234895,-0.2705504,-0.07723624,0.008771818
2015-09-14,-0.1020847,-0.19781893,-0.25469354,-0.9630815,0.040745363,0.039774243
2015-09-15,0.05022774,0.08621712,0.16239011,0.20439093,-0.07503208,0.03305254
2015-09-16,0.12332324,0.29972696,0.40805212,1.1941634,-0.0026666485,-0.089827
2015-09-17,-0.08142213,-0.10558097,-0.23412856,-0.408191,0.0723178,0.030254764
2015-09-18,-0.10381428,-0.31194797,-0.37877876,-1.1023316,0.11841611,-0.07749562
2015-09-21,0.029064579,0.21568707,0.2254407,0.6310723,-0.08054164,0.057644635
2015-09-22,-0.17732036,-0.19988857,-0.48642933,-1.1092174,0.013588641,0.08985951
2015-09-23,0.017251156,-0.054791354,0.026661934,-0.12894496,-0.057736535,-0.041870493
2015-09-24,0.06450206,0.1059223,0.262137,0.6499091,0.025346486,-0.10674245
2015-09-25,0.045069363,0.15288506,0.1870201,0.48145688,-0.108717844,0.07714567
2015-09-28,-0.14251646,-0.31987032,-0.50089145,-1.3444058,0.023620872,0.041326344
2015-09-29,0.0061070547,0.16221637,0.12483663,0.51091737,-0.030467445,-0.0036053907
2015-09-30,0.102240324,0.06796402,0.14656463,0.3779222,-0.10730995,0.062397797
2015-10-08,0.25300413,0.5588875,0.47374564,1.873881,-0.1778765,-0.015394698
2015-10-09,0.24850462,0.16877607,0.36219388,1.0847083,-0.030675272,-0.08444
2015-10-12,-0.019080445,-0.2821103,-0.23607448,-0.7073871,0.031414725,-0.07087187
2015-10-13,-0.017136473,-0.052332874,-0.034340326,-0.34196365,-0.008966019,-0.005820162
2015-10-14,0.007823775,-0.022814307,0.041611977,0.22675186,0.029749615,-0.01893977
2015-10-15,0.044213448,-0.07592435,-0.040401097,-0.2023157,0.015031373,0.019194145
2015-10-16,-0.024795419,0.04529,-0.017034404,0.14628269,0.010130532,0.0002489975
2015-10-19,-0.121738136,-0.34461215,-0.52826154,-1.2820176,0.07966605,0.022214608
2015-10-20,-0.0063176514,0.054453503,0.087534554,0.25598982,-0.025346162,0.005591466
2015-10-21,-0.03862624,-0.061430387,-0.107612945,-0.3015469,-0.04628954,0.07998584
2015-10-22,0.030176539,0.00811401,0.021457145,0.14119089,0.12155081,-0.024002345
2015-10-23,-0.042364966,-0.095061086,-0.1384587,-0.35729238,0.014526425,-0.0051764464
2015-10-26,-0.008764443,-0.13898358,-0.08226491,-0.4301002,-0.018472949,-0.030800119
2015-10-27,-0.03833019,-0.078043364,-0.12774675,-0.35840714,0.019843757,0.024875281
2015-10-28,0.15161332,0.3143117,0.37722063,1.2859718,-0.0076418053,-0.05635948
2015-10-29,-0.076148786,-0.066736475,-0.33645767,-0.74465203,-0.036957245,0.18247916
2015-10-30,0.023888718,0.110482864,0.10989938,0.38063627,-0.07656393,0.040134154
2015-11-02,-0.03742181,-0.13315356,-0.16082469,-0.29645145,0.019204376,0.044745944
2015-11-03,0.025702033,0.22551021,0.15339099,0.6230333,-0.07088137,0.11354842
2015-11-04,-0.06600017,-0.25324386,-0.2848842,-1.0090493,0.035269257,0.018955123
2015-11-05,-0.09728623,-0.2198262,-0.35748827,-0.8203564,0.036048003,0.013948773
2015-11-06,-0.07450041,-0.06214942,-0.1738375,-0.4273091,0.019331446,0.07701048
2015-11-09,-0.12209782,-0.17359777,-0.32987213,-0.6977573,0.055525027,0.014714133
2015-11-10,-0.08876205,-0.09008175,-0.25732312,-0.40777987,0.016857514,0.04777153
2015-11-11,-0.034732647,-0.115395315,-0.118048415,-0.37830776,0.03886021,-0.010165326
2015-11-12,-0.07670502,-0.23768543,-0.31020796,-0.901319,0.045947116,-0.0113210855
2015-11-13,-0.07261561,-0.19858079,-0.24467838,-0.7648111,0.009788299,0.009803824
2015-11-16,-0.008361395,0.0048964843,-0.070219755,-0.35779467,0.05501668,0.009677058
2015-11-17,-0.10237702,-0.07618962,-0.23627517,-0.42240545,0.038961045,0.04636685
2015-11-18,-0.083134435,-0.03296388,-0.17022799,-0.19853419,0.030280367,0.049117416
2015-11-19,0.082702145,0.052126963,0.15232478,0.5869356,-0.047455564,-0.039821275
2015-11-20,-0.05349394,-0.03172902,-0.11572169,-0.13202237,0.031714078,-0.0013437279
2015-11-23,-0.002453418,0.029062266,-0.085889235,-0.11383296,-0.05012966,0.062992476
2015-11-24,0.12776893,0.22290194,0.26725718,0.9644956,-0.03987141,0.0018935511
2015-11-25,0.008757548,0.09028966,0.09333314,0.33953294,-0.032824047,0.017796023
2015-11-27,-0.093042165,-0.22128247,-0.36764348,-0.7988638,0.048033804,0.07694156
2015-11-30,0.002310289,-0.0037879152,0.05381034,-0.12313755,-0.0135606,-0.039647005
2015-12-01,0.0317932,0.11216104,0.182017,0.49485236,-0.0004885782,0.026556155
2015-12-02,-0.10722487,-0.27069157,-0.33609915,-0.98585415,0.07315382,0.019868648
2015-12-03,0.07852874,0.16546832,0.30247673,0.71839947,-0.108142376,0.018521147
2015-12-04,0.14671874,0.11762456,0.45321265,0.8967954,-0.028128216,-0.12424194
2015-12-07,-0.14978102,-0.49214417,-0.6051654,-1.765255,0.088796616,0.025248334
2015-12-08,-0.066866234,-0.11246414,-0.18397245,-0.45332396,0.0019655286,0.049784854
2015-12-09,0.055804178,0.051729135,0.0963825,0.2895959,-0.054554515,-0.032411944
2015-12-10,0.038862076,-0.04089617,-0.049689014,-0.0099991,-0.049524035,0.08691049
2015-12-11,-0.0060060704,-0.20633245,-0.2892356,-0.64236695,-0.009096655,0.09315416
2015-12-14,-0.0034826088,0.0039708246,-0.0014255854,-0.24572301,0.010132231,0.027361829
2015-12-15,0.003488004,-0.006399415,-0.13215475,-0.18332855,-0.0008452128,0.028039359
2015-12-16,0.02874216,-0.1682932,-0.068070956,-0.10351957,0.08122897,-0.07102292
2015-12-17,-0.1181016,-0.07953885,-0.29593945,-0.74729586,-0.03771178,0.1311076
2015-12-18,0.17172767,0.2116331,0.4900013,1.1754951,0.00032940632,-0.060541347
2015-12-21,0.030594118,-0.0927322,0.068415284,-0.00010982762,0.03237376,-0.06707533
2015-12-22,-0.031368185,-0.07886323,-0.25637722,-0.40463975,0.031959586,0.040645655
2015-12-23,0.100042574,0.23190218,0.246755,0.87948006,-0.011608608,0.037421472
2015-12-24,0.03315235,0.057941247,0.07651104,0.3137214,-0.021901293,-0.03582071
2015-12-29,0.043562673,0.02064996,0.05098625,0.21476932,-0.07623992,0.039133545
2015-12-30,-0.026649082,-0.19741482,-0.22673962,-0.52717793,0.075655706,0.05083053
2015-12-31,0.025184194,0.05094181,0.05277052,0.22821182,-0.050527114,0.04808161
2016-01-04,-0.118210435,-0.1864435,-0.40972313,-0.72229755,0.059584387,0.0063837413
2016-01-05,-0.0077631157,-0.078909725,-0.050699033,-0.14186575,0.012612585,-0.040963378
2016-01-06,-0.08140881,-0.32559702,-0.2920542,-1.118942,0.08578341,-0.04733414
2016-01-07,-0.04963008,-0.12585215,-0.12665017,-0.43913537,0.026189685,-0.058523085
2016-01-08,-0.024889784,-0.071515225,-0.08428353,-0.4736512,-0.016517077,0.07367187
2016-01-11,-0.15045317,-0.42612186,-0.62606776,-1.615743,0.079602905,-0.007469088
2016-01-12,-0.045491282,-0.083916806,-0.14191364,-0.53547806,-0.0051511684,0.0144271795
2016-01-13,0.074687265,0.023654927,0.15045159,0.32909322,0.008974674,-0.07771293
2016-01-14,-0.022362793,0.11132955,0.0383229,0.26793227,-0.025275748,0.08120508
2016-01-15,-0.1278198,-0.32935485,-0.30982018,-1.1932615,0.073900655,-0.03862285
2016-01-19,0.0025995858,0.007361851,0.12820101,0.2133846,0.014328949,-0.063127264
2016-01-20,-0.14448215,-0.38288713,-0.419569,-1.3048791,0.08633409,0.0067724762
2016-01-21,0.21405518,0.32848543,0.37214825,1.3330226,-0.053373136,0.06113862
2016-01-22,0.14625937,0.47803655,0.53016496,1.7004185,-0.08298892,-0.0041703614
2016-01-25,-0.0017266945,-0.30778125,-0.21545313,-0.9033674,0.06964763,-0.08639305
2016-01-26,0.16117397,0.2773434,0.4748129,1.2587209,-0.010721414,-0.09606183
2016-01-27,0.038275536,0.188292,0.24313706,0.8422401,0.031780932,-0.020465313
2016-01-28,-0.05950059,0.061857585,-0.14277354,-0.015081346,-0.02665376,0.052423988
2016-01-29,0.07870199,0.14982283,0.26313752,0.5869962,-0.09042415,-0.0132333515
2016-02-01,-0.08305479,-0.15904772,-0.16836092,-0.43946382,0.081229575,-0.092261925
2016-02-02,-0.08713392,-0.286318,-0.24725187,-0.85952586,0.05930116,-0.06531387
2016-02-03,0.17824863,0.39119828,0.5513111,1.5818888,-0.037117276,-0.06580059
2016-02-04,0.06976503,0.020808801,0.13032869,0.41436607,0.04093555,-0.057279155
2016-02-05,-0.11678157,-0.25534645,-0.37992004,-1.0035145,0.027277915,0.016865876
2016-02-22,0.26000398,0.21227993,0.4923667,1.4449562,-0.0017803047,-0.18115197
2016-02-23,0.016484104,-0.23026684,-0.19674328,-0.5849339,0.05075151,-0.012931954
2016-02-24,0.019349627,0.115463056,0.1397755,0.56820464,0.015043346,-0.023491029
2016-02-25,-0.021281451,0.048221134,-0.10582624,0.019650964,-0.028877513,0.053326216
2016-02-26,-0.052010458,0.0070585106,-0.0688228,-0.07975246,-0.018310748,0.044213265
2016-02-29,0.12308556,0.14481193,0.26846915,0.7718207,-0.01211617,-0.032753684
2016-03-01,0.2043197,0.20278864,0.08729621,0.80510795,-0.09569082,0.101197444
2016-03-02,0.091773555,0.10637097,0.25847062,0.64763683,-0.027244993,-0.057407457
2016-03-03,0.06932516,0.10667603,0.2660072,0.56725836,-0.041139636,-0.053852234
2016-03-04,0.21174057,0.34109893,0.5912647,1.5561306,-0.05305224,-0.07527439
2016-03-07,0.06461318,0.310904,0.27893567,0.9914884,-0.091703095,0.063981906
2016-03-08,-0.14680618,-0.23129271,-0.38445577,-1.0132568,0.050421286,0.03527793
2016-03-09,0.11076086,0.25830323,0.27414054,0.83564025,-0.056417935,0.04810811
2016-03-10,-0.021091985,-0.1134575,-0.06331356,-0.31416813,-0.008835506,-0.040877935
2016-03-11,0.054665882,0.15351914,0.20260602,0.6052587,-0.044651616,0.029051889
2016-03-14,-0.068457544,-0.15599597,-0.18855385,-0.6137421,-0.0037091854,0.037088633
2016-03-15,-0.06589874,-0.1402782,-0.19251153,-0.553032,-0.03942117,0.08629385
2016-03-16,0.050429676,0.24464983,0.20172577,0.84351844,-0.044431206,0.0071390136
2016-03-17,0.269261,0.28991222,0.6355248,1.6507846,-0.0010192677,-0.16743767
2016-03-18,-0.08764284,-0.13812378,-0.26056656,-0.6021499,0.010612897,0.060784332
2016-03-21,0.07043213,0.07579291,0.14111282,0.28662193,-0.053793047,-0.0017350796
2016-03-22,0.0845008,0.16143005,0.1603654,0.55509764,-0.0608754,0.01917017
2016-03-23,-0.16828467,-0.31652737,-0.5719938,-1.4999671,0.05831928,0.055358473
2016-03-24,-0.08548125,-0.07820763,-0.19676344,-0.51125157,0.04480109,0.027860899
2016-03-29,0.004974073,-0.1480483,-0.023620669,-0.48012742,0.015113023,-0.006449269
2016-03-30,-0.027652659,-0.039804943,-0.16895933,-0.08695508,0.048221648,0.044705246
2016-03-31,0.056725122,0.06427249,0.10516971,0.38096917,0.009820758,-0.039093155
2016-04-01,-0.089541815,-0.1986069,-0.24910277,-0.8510362,0.020283531,0.013998184
2016-04-05,-0.11073752,-0.2954377,-0.39096174,-1.3018479,0.08399867,-0.014381648
2016-04-06,0.011884491,0.2565291,0.19979088,0.8463898,-0.02239182,0.012359803
2016-04-07,-0.07951211,-0.170813,-0.2569046,-0.6651612,0.040296663,-0.03599533
2016-04-08,0.19840166,0.4848558,0.5610682,1.7168187,-0.057584412,-0.021955417
2016-04-11,0.048263766,0.112139985,0.070101626,0.53351635,0.06643175,-0.08919655
2016-04-12,0.16535918,0.33098224,0.5016734,1.3702797,-0.065399215,-0.035920296
2016-04-13,0.08653846,0.14613134,0.26212806,0.5660083,-0.07513966,-0.031689674
2016-04-14,-0.06771868,-0.08445445,-0.20353682,-0.46056896,0.012887937,0.07594212
2016-04-15,-0.06080791,-0.106008485,-0.09341093,-0.2619841,0.049490795,-0.055747032
2016-04-18,0.030782284,0.11500958,0.22499408,0.4516269,-0.08905426,-0.016928043
2016-04-19,0.24000148,0.34308484,0.61091566,1.5323118,-0.08876835,-0.07806699
2016-04-20,0.11839827,0.3068545,0.47102162,1.2204998,-0.100580536,-0.016340068
2016-04-21,0.033956323,-0.10953211,-0.20198834,-0.34119144,0.024126066,0.051208764
2016-04-22,-0.115156226,-0.07652403,-0.32936502,-0.42197502,0.085011736,0.09894851
2016-04-25,-0.012765258,-0.04417861,0.026147906,-0.0015320386,-0.012353521,-0.06003973
2016-04-26,0.07062003,0.2043695,0.2535209,0.73620063,-0.033618253,-0.0017206165
2016-04-27,-0.0032356246,0.12747231,0.04690013,0.36161792,0.054319642,-0.014535542
2016-04-28,0.07518459,0.1460894,0.22661279,0.7049292,-0.04188913,-0.07474205
2016-04-29,0.12600951,0.06949472,0.34082416,0.7078572,-0.06885225,-0.07261782
2016-05-03,-0.10162622,-0.51383036,-0.5859427,-1.6651632,0.100709856,-0.051958337
2016-05-05,-0.13257314,-0.1636968,-0.44137394,-0.8753497,0.09195182,0.06885609
2016-05-06,0.09355006,0.13001142,0.30886924,0.67271453,-0.035979353,-0.08419247
2016-05-09,-0.18879645,-0.3897203,-0.6640231,-1.648293,0.08573421,0.08187297
2016-05-10,0.0751634,0.33376262,0.3925278,1.0976014,-0.102501035,-0.0058030454
2016-05-11,0.17864573,0.31834683,0.4282521,1.3171698,0.005533511,-0.053482123
2016-05-12,-0.06565176,-0.046975974,-0.13666956,-0.3769414,-0.040952556,0.029612303
2016-05-13,-0.0028210029,-0.018043349,-0.04028322,-0.056255907,0.01124906,-0.011417317
2016-05-16,0.09051472,0.25362918,0.34538436,1.0415909,-0.08824547,-0.026623627
2016-05-17,0.018904453,0.19306467,0.16660683,0.5029236,0.038213745,-0.027640233
2016-05-18,-0.026383046,-0.055794287,-0.109014355,-0.22266155,-0.012093828,0.030218832
2016-05-19,-0.13227658,-0.20632528,-0.42410743,-1.1186755,0.07156709,0.07960114
2016-05-20,0.033485778,0.012064338,0.0499901,0.16836736,-0.06087092,-0.020636426
2016-05-24,-0.077402696,-0.022303104,-0.2302947,-0.44114935,-0.010042042,0.088528074
2016-05-25,0.041097216,0.15222459,0.26699033,0.5978299,-0.08046041,0.03189129
2016-05-26,0.04507891,0.030477863,0.11200223,0.23277162,-0.0408206,-0.04706278
2016-05-27,-0.008832735,0.043613777,0.034369394,0.104953945,-0.034181096,0.042545862
2016-05-31,-0.044348933,0.0013108202,-0.13486859,-0.063767016,0.06214975,-0.011862775
2016-06-01,0.020760108,0.03470235,0.121079616,0.19291349,-0.037991855,0.002435682
2016-06-02,0.051868293,0.11157527,0.1301499,0.43514806,-0.067046605,0.018879503
2016-06-03,0.08375516,0.017888699,0.29499382,0.5474981,-0.035952494,-0.109252095
2016-06-06,0.067286305,0.20971228,0.3126866,0.77967006,-0.05133494,-0.0646404
2016-06-07,-0.014879821,0.05780987,-0.022043746,0.1048166,-0.022647778,0.0043154294
2016-06-08,0.20542671,0.35187337,0.5730716,1.5387781,-0.06746632,-0.062407963
2016-06-13,-0.12905654,-0.2976538,-0.3539798,-0.9469169,0.12728609,-0.12448712
2016-06-14,-0.096816,-0.116689526,-0.16923498,-0.6328631,0.009196339,0.019258399
2016-06-15,0.013399018,-0.054014284,-0.036138207,0.030016284,0.02170784,0.006881845
2016-06-16,-0.11032398,-0.3219975,-0.46260506,-1.1720996,0.09810423,-0.03987093
2016-06-17,0.045636322,0.30329406,0.4022633,0.9460465,-0.11604487,0.01659918
2016-06-20,0.13179027,0.18071549,0.14859684,0.7172025,0.004306172,0.015756637
2016-06-21,-0.071201794,-0.15002805,-0.3680179,-0.58009887,0.108530514,0.09675437
2016-06-22,0.035495944,-0.019609371,-0.022136131,-0.017413301,-0.0073074983,0.011403638
2016-06-23,-0.026520703,0.09452042,0.030060332,0.33923542,-0.009770758,0.038214102
2016-06-24,-0.06696934,-0.36384147,-0.2836409,-0.99872357,0.10381163,-0.22284713
2016-06-27,-0.055044696,-0.1562408,-0.15703571,-0.49988875,0.034765366,0.01598223
2016-06-28,0.17058954,0.30697966,0.3934264,1.2628627,-0.06724425,0.004406697
2016-06-29,0.1501043,0.25567338,0.33830792,1.178964,0.030314622,-0.06910681
2016-06-30,0.0052446136,-0.10242614,-0.111033395,-0.2783947,0.026096875,0.023766957
2016-07-01,0.12536483,0.14628468,0.2725849,0.82488936,0.017924365,-0.122769184
2016-07-05,-0.08657732,-0.3928125,-0.3436068,-1.2408446,0.121664785,-0.09512734
2016-07-06,0.0042462554,0.008324869,-0.073454164,0.012538179,0.027543634,-0.030820187
2016-07-07,-0.12082885,-0.34295645,-0.5166281,-1.4087019,0.12982213,-0.0184761
2016-07-08,0.08377949,0.19939683,0.39639097,0.74703366,-0.07722219,-0.07456732
2016-07-11,0.020341352,0.026334206,0.027203737,0.2469949,-0.010507281,-0.002622845
2016-07-12,0.13777873,0.33023724,0.37704766,1.1093725,-0.15077215,0.047732554
2016-07-13,-0.016956812,-0.14116612,-0.020096736,-0.35357264,0.0014739217,-0.101123855
2016-07-14,0.0341671,0.14642277,0.1287449,0.5758088,-0.028770676,0.04130055
2016-07-15,-0.06663251,-0.11713668,-0.27776557,-0.5468825,0.009831896,0.038285077
2016-07-18,0.028328285,-0.06966791,0.061098102,-0.21030742,-0.028200567,-0.0138240745
2016-07-19,-0.058842458,-0.11702177,-0.25258166,-0.37685487,0.06834828,0.017792003
2016-07-20,-0.07804643,-0.045117803,-0.20356348,-0.35296088,0.015358744,0.059234753
2016-07-21,0.05824262,-0.037921,0.009162774,-0.08814028,-0.008305506,-0.027912369
2016-07-22,-0.03886449,-0.1857931,-0.2164129,-0.6827973,-0.0025273585,0.042287588
2016-07-25,-0.03863209,-0.19863887,-0.22783566,-0.64054984,0.049638197,-0.014508725
2016-07-26,-0.03600854,-0.02150341,-0.08136778,-0.015044451,0.02480375,-0.018004352
2016-07-27,0.015053585,-0.13217756,-0.10717275,-0.49632725,0.018950032,-0.050509743
2016-07-29,0.16726314,0.109644316,0.39693606,0.7712313,-0.011241633,-0.059311215
2016-08-01,-0.08342283,-0.13562092,-0.2964401,-0.61011356,0.16544811,-0.036823444
2016-08-02,-0.0071093915,-0.04939043,0.009958651,0.031778436,0.033963386,-0.041689962
2016-08-03,0.03579901,0.18909141,0.16087623,0.4930366,-0.07954736,0.050362464
2016-08-04,-0.019430837,0.09039895,0.012633603,0.30741432,-0.027675577,0.012695008
2016-08-05,-0.0021493316,0.06590738,0.020346532,0.09343115,-0.065987736,0.06956949
2016-08-08,0.026800467,0.19043344,0.17189957,0.51810884,-0.021310858,-0.014126622
2016-08-09,-0.022033874,-0.08837176,-0.10686565,-0.2991908,0.04185349,-0.0005220526
2016-08-10,-0.024028258,-0.13209023,-0.032111723,-0.30830815,0.05043002,-0.05588078
2016-08-11,0.006787574,0.21609683,0.1413245,0.6019822,-0.05028302,0.07862185
2016-08-12,-0.08383551,0.05996248,-0.11371788,-0.06335274,-0.015173852,0.060739666
2016-08-15,0.119147636,0.24668756,0.4058631,0.87221557,-0.037509497,0.0117271235
2016-08-16,0.0349684,0.086901434,0.17680873,0.420059,-0.04784327,-0.0131622935
2016-08-17,-0.017300691,0.11090298,0.043734666,0.14715487,-0.03671983,0.033410154
2016-08-18,0.0934949,0.21139151,0.2901688,0.80718327,-0.07583319,-0.0346636
2016-08-19,-0.06341292,-0.029102203,-0.17331287,-0.3203751,0.010338566,0.06842118
2016-08-22,-0.0463981,-0.16013077,-0.25286883,-0.6394398,0.0039290106,0.03462008
2016-08-23,0.018984366,0.05437937,-0.00027522226,0.23783103,-0.011208114,-0.003011545
2016-08-24,-0.12951459,-0.22049078,-0.41881573,-1.082581,0.040964138,0.067324236
2016-08-25,-0.03150648,-0.037145343,-0.12534316,-0.10158297,2.2988545e-05,0.020099487
2016-08-26,-0.06104072,-0.0054091937,-0.15866528,-0.114911,0.08249204,-0.0459086
2016-08-30,-0.14973274,-0.27010176,-0.55204403,-1.086626,0.15249461,0.042458273
2016-08-31,-0.07282825,-0.2546226,-0.28507015,-0.90967315,0.052252483,-0.024573183
2016-09-01,-0.055806167,-0.12836911,-0.07782466,-0.5515674,0.010877172,-0.11271818
2016-09-02,0.11178088,0.22017483,0.38424167,0.8633843,-0.08212543,-0.044922244
2016-09-06,0.07853731,0.09300159,0.23691776,0.59363794,-0.004220227,-0.10944971
2016-09-07,0.012365881,0.14470461,0.12206688,0.46529555,-0.045202255,0.038119778
2016-09-08,0.04972753,0.29169506,0.25483227,0.83106935,-0.122827716,0.067097284
2016-09-09,-0.06548629,-0.24778737,-0.2780622,-0.9630747,0.023876397,0.019351313
2016-09-12,-0.04931401,-0.073737614,-0.1937798,-0.37894776,-0.031201443,0.117568634
2016-09-13,-0.081750765,-0.26643664,-0.3901786,-0.8782849,0.058035236,0.01955014
2016-09-14,0.031325527,-0.07648402,0.06732458,-0.0042463676,-0.024645317,-0.035430927
2016-09-19,0.07473915,0.33419096,0.2844298,0.85310376,-0.1628189,0.10520979
2016-09-20,0.04192697,0.117829725,0.22509918,0.49032122,-0.03901921,-0.046003196
2016-09-21,0.08593098,0.14384441,0.1857163,0.6127146,-0.028983198,-0.039409414
2016-09-22,0.108810484,0.18919253,0.36706173,0.9321928,-0.014664719,-0.046543498
2016-09-23,-0.06369596,-0.27073258,-0.3184521,-0.9545491,0.043297708,0.029053194
2016-09-26,-0.01743208,0.0741167,-0.017888239,0.29098666,0.006690518,0.04273907
2016-09-27,-0.03394834,-0.116244756,-0.16786273,-0.6869085,-0.008726741,0.03976103
2016-09-28,0.06211723,0.22317742,0.162862,0.7359212,-0.064097025,0.041789368
2016-09-29,0.016434748,0.11630243,0.08545576,0.4027785,-0.020239746,-0.049745675
2016-09-30,0.026084151,0.08943361,0.12801582,0.23377751,-0.037009154,0.012888885
2016-10-10,-0.19197923,0.28822353,-0.16447943,0.21014786,-0.07668483,0.221406
2016-10-11,-0.109191224,-0.15275745,-0.30558956,-0.7381435,0.016948348,0.050717723
2016-10-12,-0.054109856,-0.051629398,-0.19920169,-0.23235217,0.055990506,-0.00728568
2016-10-13,-0.00416441,0.08407529,0.08503909,0.014162753,-0.06656912,0.006577713
2016-10-14,0.024737542,0.07419649,0.12190682,0.26463404,-0.018875081,-0.020678239
2016-10-17,0.09700071,0.043838676,0.18094921,-0.017435685,0.02516567,0.0612632
2016-10-18,0.024009919,0.026646953,0.014835872,0.15703762,0.0057056146,-0.03229826
2016-10-19,0.021695856,0.12389683,0.13959469,0.4220301,-0.052087907,-0.03325908
2016-10-20,-0.07506524,-0.24649681,-0.35964137,-0.8925349,0.0746642,0.033162646
2016-10-21,-0.007174569,0.06118994,0.017358746,0.17902486,0.016339248,0.026155267
2016-10-24,0.032771632,0.018109368,0.078202255,0.3306976,0.04482018,-0.039423384
2016-10-25,0.078633055,0.054927852,0.20072898,0.5609276,0.024124537,-0.06665088
2016-10-26,-0.010600634,-0.026117183,-0.023381578,-0.122808345,-0.030527918,0.024354644
2016-10-27,0.035655078,0.10823705,0.1347117,0.4882896,-0.022069152,-0.018079724
2016-10-28,0.013072047,-0.008607864,0.038165804,0.17757295,0.0061226347,-0.059414893
2016-10-31,-0.057354532,-0.063005276,-0.17434761,-0.46621698,0.13168103,-0.008089161
2016-11-01,0.049332853,-0.003776084,0.05148981,0.22954224,0.07758167,-0.056311317
2016-11-02,-0.047639377,-0.20663106,-0.12936485,-0.5158273,0.039350603,-0.05813903
2016-11-03,-0.017297871,-0.07011928,-0.03204675,-0.16400346,-0.027989386,0.009901631
2016-11-04,-0.021356381,-0.10607269,-0.11049632,-0.31112525,-0.015446968,0.009762687
2016-11-07,0.05935288,0.13942638,0.09304409,0.43486077,-0.08201767,0.10366437
2016-11-08,0.06450336,0.107903756,0.26108378,0.46329078,-0.039544772,-0.024238752
2016-11-09,0.011088668,-0.03414861,-0.04363468,0.089227945,0.045271322,0.046878528
2016-11-10,0.012652462,0.038871955,0.12210496,0.20662898,0.023767414,-0.023978403
2016-11-11,-0.19464113,-0.28381634,-0.57751256,-1.4936187,0.045420483,0.12904802
2016-11-14,-0.008757125,-0.093531914,-0.13104534,-0.23694348,-0.014202314,0.0044953655
2016-11-15,0.10522894,0.29434595,0.31599155,1.0358846,-0.10937702,-0.02384771
2016-11-16,-0.078231245,-0.075368516,-0.27745932,-0.43734634,0.038347673,0.011614462
2016-11-17,0.0053296094,0.045800954,0.008916952,0.074287325,-0.0178723,0.017129043
2016-11-18,-0.0678354,0.0067320196,-0.06049277,-0.11074296,-0.024241515,0.058056496
2016-11-21,0.18769401,0.42654032,0.5368111,1.545756,-0.07790978,-0.013921861
2016-11-22,0.046621013,0.08085887,0.13098304,0.36193764,-0.0099425735,-0.009788322
2016-11-23,0.036386017,0.073790275,0.1749366,0.3096662,-0.06987467,0.07518052
2016-11-25,-0.022265568,-0.14109825,-0.15471725,-0.40105167,0.06979639,-0.024815422
2016-11-28,0.13636854,0.1421444,0.2504383,0.68181664,-0.0570561,-0.037003525
2016-11-29,-0.17191732,-0.4580221,-0.66085696,-1.6510525,0.066732585,0.04074315
2016-11-30,0.11369753,0.4207867,0.3391489,1.2727197,-0.03585101,0.11621441
2016-12-01,0.034651488,0.19742669,0.18738607,0.6897823,-0.017945731,-0.027994545
2016-12-02,0.023471614,0.07763836,0.12572128,0.24159332,-0.02650181,-0.050186068
2016-12-05,0.071002655,0.15912415,0.30922213,0.7430243,-0.047882896,-0.037879866
2016-12-06,-0.049585287,-0.12068471,-0.15197758,-0.31288612,0.03258415,-0.014330001
2016-12-07,-0.07846545,-0.1270378,-0.15444165,-0.3232295,0.06945919,-0.06593228
2016-12-08,-0.0645773,-0.041186932,-0.19522657,-0.31927532,0.004491935,0.07021504
2016-12-09,0.011621994,0.12215802,0.10810511,0.25833035,-0.06375072,0.05436582
2016-12-12,0.034775656,0.119506575,0.11548531,0.50552696,0.01985989,-0.067318015
2016-12-13,-0.018513376,0.042373173,-0.06443254,0.002902709,-0.019952148,0.027581098
2016-12-14,0.006102667,-0.0813623,-0.08148363,-0.15062079,0.07211695,-0.058739997
2016-12-15,-0.124337375,-0.02787995,-0.22595616,-0.5744069,-0.07075538,0.17252974
2016-12-16,0.018970683,0.08011011,0.05421338,0.361156,0.0056859204,-0.049613737
2016-12-19,-0.12636891,-0.14676894,-0.3287757,-0.7843147,0.05162866,0.07310055
2016-12-20,0.028377697,0.003986577,-0.030174043,0.034737937,-0.0012703274,0.014713873
2016-12-21,-0.026594438,-0.054926,-0.16380028,-0.23935787,-0.0022365814,0.0560868
2016-12-22,-0.035399187,-0.053809363,-0.14959672,-0.24136607,0.015854368,0.000753438
2016-12-23,-0.074759565,-0.1054559,-0.20779286,-0.47078994,-0.0033136096,0.0521555
2016-12-28,0.102483615,0.23754992,0.3064326,0.87608033,-0.020966003,0.029037878
2016-12-29,-0.00031314435,-0.011793368,0.047436684,0.11091669,-0.0108708935,-0.04823778
2016-12-30,-0.008925869,0.027262764,0.039693244,0.12848453,-0.024488263,0.0029727786
2017-01-03,0.029607859,-0.107237406,0.015168182,-0.21865928,0.021618553,-0.09181077
2017-01-04,0.15398322,0.25363296,0.4855617,1.1849204,-0.09157968,-0.05162688
2017-01-05,0.0587887,0.037923664,0.16353317,0.28771034,-0.033633217,-0.05321861
2017-01-06,-0.034318235,-0.0527722,-0.102061465,-0.15393274,-0.02555763,0.040191423
2017-01-09,0.012105323,-0.16717608,-0.004712277,-0.33509263,0.04437928,-0.09271437
2017-01-10,0.053447597,-0.012189766,0.14000238,0.29800335,-0.009663969,-5.6633136e-05
2017-01-11,-0.0205706,0.1116783,0.053014435,0.4046048,-0.0035557295,-0.00059478567
2017-01-12,0.119101115,0.19165868,0.33745572,0.79390615,-0.10918716,0.036410946
2017-01-13,0.05358776,-0.00014655465,0.04283308,0.12398975,-0.0418646,-0.006006024
2017-01-17,-0.016433228,0.017215442,0.035702817,-0.014881732,0.011934221,-0.06808857
2017-01-18,-0.006980738,-0.121492706,-0.048695333,-0.2581243,0.037840217,-0.051076714
2017-01-19,-0.12555325,-0.06962419,-0.2719083,-0.40439108,0.04109599,0.038671922
2017-01-20,0.04141424,0.12380977,0.16134836,0.55915743,-0.03496209,-0.026966458
2017-01-23,0.04497034,0.022428151,0.110633895,0.2236997,-0.025760127,-0.038539402
2017-01-24,0.083527856,0.041366715,0.09321478,0.3337431,-0.038465343,0.021032996
2017-01-25,-0.12940952,-0.13174178,-0.32389712,-0.6601346,0.023475438,0.027642932
2017-02-06,0.13630617,0.116648205,0.24775651,0.4106668,0.09453433,-0.14668669
2017-02-07,-0.044764698,-0.10542957,-0.09830613,-0.35892355,0.016083501,-0.0298517
2017-02-08,0.10465858,0.15132874,0.24197954,0.68173045,-0.06727182,0.0043227086
2017-02-09,-0.004872214,0.030087665,-0.0055659623,0.085586585,-0.025472183,0.026517432
2017-02-10,0.108629316,0.22230163,0.3646221,0.8904005,-0.04990948,-0.0010703453
2017-02-13,-0.054221224,-0.12558454,-0.19427982,-0.50844175,0.010971844,0.004047688
2017-02-14,-0.024531107,0.015551677,-0.044342116,0.06099679,0.016246041,0.0014653181
2017-02-15,0.04415956,0.023090396,0.13089511,0.12808007,-0.036120765,0.0006941525
2017-02-16,-0.0524484,-0.112481035,-0.20601761,-0.36592114,0.06183278,-0.027439116
2017-02-17,-0.08955868,-0.10436377,-0.25956947,-0.40377408,0.049818914,0.041925516
2017-02-21,0.03306001,0.04384996,0.08338023,0.4488994,0.0007240322,-0.03873502
2017-02-22,-0.0023535937,-0.07110462,-0.049084146,-0.29380405,-0.008876679,0.030448943
2017-02-23,-0.042442285,-0.04158704,-0.17299317,-0.19899097,0.018807985,-0.04288586
2017-02-24,0.035558768,0.0031328388,0.07041413,0.19675413,0.019845359,-0.05691585
2017-02-27,-0.01697426,0.01584873,-0.08643021,-0.012272752,0.07494733,-0.0075478796
2017-02-28,0.039664753,0.06654609,0.22740185,0.3093774,-0.072254926,0.026783494
2017-03-01,0.11064865,0.2610674,0.31229442,0.8971591,-0.14896365,0.027039973
2017-03-02,-0.16740581,-0.33670235,-0.573212,-1.4744781,0.03648136,0.090547524
2017-03-03,0.011481536,0.07794252,0.080334894,0.21269077,-0.059385005,0.014416088
2017-03-06,-0.061300572,-0.023047103,-0.15921885,-0.26390323,-0.015608551,0.019961895
2017-03-07,-0.120229535,-0.14845167,-0.3734892,-0.7830403,0.05536926,0.06502753
2017-03-08,-0.09550236,-0.29027295,-0.4186615,-1.0420098,0.07503964,0.027136227
2017-03-09,-0.10852284,-0.23375702,-0.39459878,-1.0713356,0.084126495,0.051197458
2017-03-10,-0.035523284,-0.1112171,-0.15974481,-0.27098805,0.02879568,-0.0026898095
2017-03-13,-0.024382373,0.0031299908,-0.0836477,-0.008365514,0.08055503,-0.02339627
2017-03-14,-0.024724316,-0.07682859,-0.09265718,-0.24633972,-0.0054676803,0.004367024
2017-03-15,0.081037275,0.18635066,0.34784177,0.645016,-0.067002624,0.0006409647
2017-03-16,0.0884201,0.04150761,0.2505517,0.54600155,-0.0036774515,-0.114245206
2017-03-17,0.042586744,0.05484851,0.13318025,0.32258627,-0.025271088,-0.025839487
2017-03-20,-0.042143375,-0.044843163,-0.10564629,-0.13570781,0.02910385,0.009417019
2017-03-21,-0.06288582,-0.10719422,-0.14982927,-0.4031658,0.058473896,-0.027100557
2017-03-22,0.0011897109,-0.029080708,-0.03983444,-0.04884745,0.045012325,0.00820404
2017-03-23,-0.04424631,-0.038958628,-0.09696283,-0.1337796,0.0067712865,0.022292428
2017-03-24,0.0029686738,-0.06769282,-0.08656019,-0.14671268,0.005595238,-0.025719916
2017-03-27,-0.047312263,-0.046773665,-0.06052563,-0.11491266,0.020180162,-0.011974601
2017-03-28,0.049235933,0.14295089,0.21814412,0.592431,-0.030336965,-0.014077646
2017-03-29,0.019805387,0.09766358,0.053814493,0.35427302,-0.025859425,0.023739738
2017-03-30,-0.02323618,0.052456655,-0.058090016,0.08415957,0.006055087,0.020574305
2017-03-31,-0.062480353,-0.034731977,-0.08067854,-0.20481758,-0.012814495,0.017272627
2017-04-05,0.0129539175,0.16124928,0.091205135,0.29941952,0.014708667,0.031421226
2017-04-06,-0.04798947,-0.037647825,-0.14657293,-0.117540896,0.01866111,0.019601176
2017-04-07,0.016601076,0.041397195,0.06655692,0.20544097,-0.03225653,0.036979347
2017-04-10,-0.06913274,0.02689041,-0.1121615,-0.25448444,-0.027060581,0.0300423
2017-04-11,0.039205518,-0.061199494,0.0712474,0.14631326,-0.013517094,-0.059880912
2017-04-12,-0.021208992,-0.03709699,-0.084421456,-0.2514519,0.03858747,-0.04519301
2017-04-13,0.040250774,0.060071807,0.14322163,0.4166638,-0.014861764,-0.059121303
2017-04-18,-0.10069494,-0.17594552,-0.4042479,-0.750741,0.09854398,0.020587748
2017-04-19,-0.06824831,-0.11065154,-0.15897596,-0.46644613,0.07387298,0.0009246356
2017-04-20,0.032567527,-0.004136272,0.004241551,0.16174601,0.018790632,-0.047653813
2017-04-21,-0.039147943,-0.16433652,-0.17795695,-0.6181493,0.006307478,0.033850722
2017-04-24,-0.045708247,-0.03100686,-0.09605256,-0.17370796,0.00067631394,0.004410703
2017-04-25,-0.0024502429,0.06743481,0.09281687,0.16495253,-0.056150246,0.042117644
2017-04-26,-0.05897032,-0.08405924,-0.16345479,-0.3608238,0.017590683,0.010581383
2017-04-27,-0.05397638,-0.11957274,-0.1519687,-0.5470349,0.023535684,0.003166244
2017-04-28,0.06675328,0.036742587,0.10657818,0.38355812,-0.07007661,0.013083008
2017-05-02,0.010756482,-0.0073515023,0.08035203,-0.35630763,-0.105167404,0.101357974
2017-05-03,-0.13486093,-0.09158549,-0.31500104,-0.6469431,0.040910963,0.06666571
2017-05-04,-0.1324101,-0.29123008,-0.5118244,-1.2382483,0.1532085,0.03269442
2017-05-05,0.03257589,0.14832382,0.1685594,0.37812984,-0.059601553,0.02702428
2017-05-08,-0.022717765,-0.08156131,-0.1350667,-0.2856833,0.027288469,0.02633691
2017-05-09,-0.06578094,-0.06042533,-0.17005621,-0.3143459,-0.015739484,0.031177172
2017-05-10,0.043064147,0.1537868,0.1649134,0.5843586,-0.057939745,0.00013698249
2017-05-11,0.03361623,0.09756089,0.102920316,0.38145635,-0.039522216,-0.008525686
2017-05-12,-0.0063505843,0.10290258,0.11701964,0.36993167,-0.00094624463,-0.022979053
2017-05-15,0.055248402,0.2102352,0.25123224,0.8497601,-0.07104563,-0.055813093
2017-05-16,-0.01833036,-0.02480256,-0.004614952,-0.0130523285,0.06828385,-0.0021876234
2017-05-17,0.059486367,0.08757379,0.22581686,0.5996432,-0.026539097,-0.069029935
2017-05-18,-0.08217063,-0.11793611,-0.29092968,-0.6076187,0.03925721,0.051370583
2017-05-19,0.1692898,0.29271403,0.47267622,1.2943012,-0.06800217,-0.0043460056
2017-05-22,0.04565976,0.051775422,0.14040434,0.42891213,0.013214245,-0.054466046
2017-05-23,-0.034707595,-0.056783613,-0.18253201,-0.2731989,0.05967019,0.012743408
2017-05-24,-0.048619453,-0.035857636,-0.11522558,-0.29559842,0.019309796,0.005937236
2017-05-25,-0.026167808,-0.24055585,-0.19604433,-0.64333963,0.052656516,-0.026234787
2017-05-26,-0.022365429,0.016931627,-0.02821674,0.013987777,0.02260785,-0.04462363
2017-05-31,-0.10136472,-0.29176953,-0.33795583,-0.97762936,0.07228818,-0.033165608
2017-06-01,-0.061207067,-0.049145807,-0.16228269,-0.31380346,0.02095737,0.029465446
2017-06-02,-0.004847605,-0.08310085,-0.042359546,-0.25093836,0.056341846,-0.047845732
2017-06-05,-0.050029136,-0.11125479,-0.13092704,-0.38528964,0.022599408,0.004173684
2017-06-06,0.015117398,0.068899184,0.11350518,0.23347792,-0.034699183,-0.01063526
2017-06-07,-0.05920435,-0.19076952,-0.14414583,-0.64226854,0.010607045,-0.0060659265
2017-06-08,0.02454876,0.0765472,0.1192962,0.2768413,-0.06779886,0.07001721
2017-06-09,0.04211251,0.09360846,0.1357334,0.40376028,-0.025698813,0.014048693
2017-06-12,-0.08458572,-0.17157388,-0.36518425,-0.6931398,0.036749013,0.033572607
2017-06-13,-0.037391867,0.048668496,0.0007837909,-0.09613391,-0.041288935,0.049963888
2017-06-14,0.001931082,-0.1954016,-0.14194235,-0.5820363,0.06635023,-0.08479833
2017-06-15,-0.053405352,-0.007869173,-0.0994517,-0.4713373,-0.055084072,0.12553093
2017-06-16,0.035793155,0.102623686,0.15480608,0.33959115,-0.053487547,-0.008759444
2017-06-19,-0.012219183,-0.043423012,-0.13150957,-0.14344585,0.030130036,0.037609477
2017-06-20,-0.07155738,-0.21950676,-0.31426355,-0.77974236,0.049742416,-0.0016984689
2017-06-21,-0.003654529,-0.1074102,-0.08599714,-0.27582645,0.056421727,-0.06295543
2017-06-22,-0.0011578018,-0.012578112,-0.08102024,-0.051584646,0.013386697,-0.022788035
2017-06-23,0.018789636,0.06346176,0.08468638,0.4259696,-0.012378108,-0.018597955
2017-06-26,-0.067490324,0.017388681,-0.123844124,-0.017847508,0.027569525,0.026454952
2017-06-27,0.08759025,0.22449276,0.30516374,0.85864574,-0.084803425,0.0032813817
2017-06-28,0.024629718,0.11277734,0.11921178,0.42134175,0.014018416,0.023347765
2017-06-29,0.085135564,0.1228964,0.24037546,0.57344544,-0.107820064,0.04226929
2017-06-30,0.11505458,0.21660337,0.417451,0.8036695,-0.1378796,0.012800206
2017-07-03,0.01817166,0.13205746,0.1681039,0.28401655,-0.14512472,0.10296514
2017-07-05,-0.04952868,-0.16230753,-0.20822631,-0.67816305,0.015714895,-0.0062106675
2017-07-06,-0.004644217,0.040820375,-0.027114704,0.22467358,0.03441763,-0.018285476
2017-07-07,-0.08031623,-0.18644468,-0.2819295,-0.79750544,0.022808509,0.045192
2017-07-10,0.0028515633,-0.00016584036,0.09540411,-0.11598027,-0.030302538,0.03332492
2017-07-11,0.04182245,0.116821125,0.1506641,0.48322108,-0.02637143,-0.008286395
2017-07-12,0.031085135,-0.029810289,-0.09881639,0.054353885,0.08475027,-0.017911686
2017-07-13,-0.07761025,-0.080001324,-0.31124198,-0.21731229,0.05459268,0.07579645
2017-07-14,0.079948045,0.19749443,0.31147045,0.83888984,-0.023595162,-0.04374647
2017-07-17,0.012545008,0.012770757,0.102884896,0.23416358,-0.03671871,-0.062411103
2017-07-18,0.085927606,0.107819624,0.20165431,0.2688728,-0.011338033,0.03439624
2017-07-19,-0.0040379404,0.122666635,0.09925292,0.4411676,-0.041678164,0.020308428
2017-07-20,-0.0039285994,0.057850484,0.1004756,0.25478005,-0.023082726,-0.031593367
2017-07-21,-0.025954423,-0.18644513,-0.20619273,-0.49545968,0.076928645,-0.033117693
2017-07-24,-0.00557433,-0.012893916,-0.04753945,-0.13022617,-0.00510464,-0.0025310062
2017-07-25,0.06813954,0.15233545,0.15457508,0.6656802,0.02425379,0.0037416364
2017-07-26,0.023002135,0.1577323,0.18586941,0.60263634,-0.04360471,0.05695526
2017-07-27,0.038272236,0.122380435,0.17806943,0.53700805,-0.053770702,-0.02927044
2017-07-28,0.020606648,0.12678424,0.15811701,0.48694625,-0.022830075,-0.029419607
2017-07-31,0.0606774,0.09596762,0.08045931,0.43338913,0.020089453,0.023477906
2017-08-01,-0.083472654,-0.20289877,-0.33327323,-0.64573705,0.07997647,-0.029426858
2017-08-02,0.0077831396,0.11891638,0.13683768,0.4878129,-0.009383022,-0.018714493
2017-08-03,-0.048039325,-0.1449554,-0.21777137,-0.4502068,0.035824962,-0.014648317
2017-08-04,-0.026995864,0.0260655,-0.05449411,-0.05103645,-0.0009361991,0.046507865
2017-08-07,0.02846497,0.05847269,0.16483347,0.26243147,-0.04319454,-0.014861528
2017-08-08,0.05390339,0.08298052,0.17420547,0.52747923,0.011911534,-0.034718115
2017-08-09,0.006215582,0.08911592,0.15528557,0.36844856,-8.312031e-05,-0.06865874
2017-08-10,-0.06640872,-0.18542089,-0.35323694,-0.6263492,0.11346898,0.012395794
2017-08-11,-0.03612111,-0.016155468,-0.043562934,5.8547506e-05,0.00037272437,0.002254853
2017-08-14,-0.06166452,-0.20377026,-0.24795268,-0.67726743,0.03596192,-0.016982755
2017-08-15,-0.014942173,-0.14313102,-0.11889266,-0.8000115,0.0158712,0.051144507
2017-08-16,0.07624485,0.054152627,0.14141718,0.42820266,0.010089974,-0.06690507
2017-08-17,-0.013078899,0.030997187,0.0123160435,0.047440123,0.0015639561,0.010785547
2017-08-18,0.071350425,0.19679959,0.23557511,0.70880395,-0.06027893,-0.012689553
2017-08-21,-0.014341623,-0.08653188,-0.044983108,-0.14491026,-0.0019719042,-0.017472463
2017-08-22,-0.01184657,0.010199917,-0.051968493,0.10904903,-0.0031738055,0.050572116
2017-08-23,0.023306962,0.14917669,0.14869982,0.5195428,-0.016600814,0.015272021
2017-08-24,0.06737688,0.059442118,0.15463156,0.36501986,-0.07061961,0.036581118
2017-08-25,-0.054611016,-0.08227164,-0.15024783,-0.28771684,0.015201958,0.02521999
2017-08-29,0.10208523,0.06630459,0.18395545,0.6117775,0.025884967,-0.0757143
2017-08-30,0.017376529,0.025752507,-0.087046616,0.032448832,0.014345518,0.057599127
2017-08-31,0.21260026,0.3576551,0.48427486,1.4039526,-0.07839822,-0.0023569786
2017-09-01,-0.06804654,-0.09010642,0.034024224,-0.2027027,0.037098818,-0.10779018
2017-09-05,0.019432355,0.122909166,0.11727961,0.3293602,-0.023817107,-0.06858617
2017-09-06,-0.015676493,0.066264585,0.10236597,0.26250696,-0.05753893,0.025989838
2017-09-07,0.00024604626,-0.022412622,-0.013482469,0.09874457,0.045891613,-0.058453266
2017-09-08,-0.13384978,-0.19132242,-0.3263944,-0.7788433,0.07590357,-0.024055406
2017-09-11,-0.01385019,0.0014555842,-0.033780403,-0.066100515,-0.00012205083,0.07639606
2017-09-12,-0.033042967,-0.04347329,-0.1112777,-0.26449123,-0.0049667004,0.077675104
2017-09-13,-0.04942814,-0.003997091,-0.11598031,-0.06928609,0.0088360505,0.028310101
2017-09-14,-0.0033478467,0.0040856577,-0.016775927,-0.08955167,-0.05065886,0.009544741
2017-09-15,0.029738288,0.10748794,0.19779642,0.24850616,-0.0625905,-0.011839617
2017-09-18,-0.02764848,-0.06743711,-0.15633443,-0.30548579,-0.015820634,0.05588323
2017-09-19,-0.03892614,-0.055143233,-0.08711926,-0.16220415,0.02977861,0.022568604
2017-09-20,0.07171745,0.19528283,0.27363774,0.772777,-0.053426936,0.007160035
2017-09-21,-0.06176047,-0.11667748,-0.25036943,-0.6104622,-0.018043922,0.067416936
2017-09-22,-0.030433938,-0.05030479,-0.057302836,-0.14255716,-0.045939814,0.026770955
2017-09-25,0.047738526,0.17939037,0.17347625,0.61521125,-0.026939051,-0.079054505
2017-09-26,-0.0832273,-0.16348216,-0.3169936,-0.8185233,0.056923095,0.030506099
2017-09-27,-0.019612882,-0.05593386,-0.09248949,-0.299727,-0.035392724,0.02812545
2017-09-28,0.014331539,-0.019541569,0.027557604,0.11352521,0.016253287,-0.024022626
2017-09-29,-0.037873622,-0.05211217,-0.12496716,-0.36129177,-0.006808658,0.01406613
2017-10-09,0.015681675,-0.08037779,0.07230907,0.14663848,0.12316881,-0.059048086
2017-10-10,0.11266915,0.14483976,0.24084279,0.7493415,-0.025791187,-0.0413512
2017-10-11,-0.020012999,-0.009164055,-0.07972616,-0.05767453,-0.021050444,0.07459196
2017-10-12,0.061198797,0.017788412,0.14631897,0.22862956,-0.03867053,-0.023128204
2017-10-13,0.061129935,0.1878381,0.28760046,0.7009601,-0.06923516,-0.00869392
2017-10-16,-0.049432464,0.04519003,0.0066551855,0.13227452,0.0133010885,0.040838696
2017-10-17,-0.094911896,-0.064587705,-0.2474964,-0.5576404,-0.0071980027,0.11459862
2017-10-18,-0.044639584,-0.013283264,-0.14737698,-0.13746636,0.04789362,-0.0003893012
2017-10-19,0.012907739,-0.015593068,0.0677308,0.08625331,0.0028805258,-0.01597144
2017-10-20,-0.044755816,0.008474775,-0.122338645,-0.073913634,0.017629363,0.05449071
2017-10-23,0.04177118,0.060287263,0.1661983,0.39395234,-0.04281173,-0.041694548
2017-10-24,0.040355954,0.09936177,0.12931673,0.43747115,-0.008097877,0.0156
2017-10-25,-0.006135786,0.015443331,-0.024452459,0.092458405,0.0072452156,0.0018239643
2017-10-26,-0.041470412,0.024811791,-0.050152052,0.043411925,0.01836277,0.034309387
2017-10-27,-0.025433687,0.071628116,-0.04355033,0.108923346,0.00015503613,0.020439003
2017-10-30,0.03803816,0.056838237,0.10240841,0.3389901,0.0015140725,-0.038095336
2017-10-31,-0.0014333036,0.081972644,-0.025634693,0.1829713,0.04213642,0.0045588184
2017-11-01,0.09067638,0.032299638,0.22774169,0.44375882,0.03325285,-0.07071716
2017-11-02,-0.006401536,-0.002133643,-0.010305587,-0.066230826,-0.06891833,0.029366001
2017-11-03,-0.040842194,0.03401598,-0.07511584,0.004321566,-0.016520154,0.072289035
2017-11-06,0.09624752,0.2361826,0.35577714,1.0114944,-0.07298417,-0.039464496
2017-11-07,-0.08739576,-0.13855742,-0.30171925,-0.73721707,0.005924314,0.054997217
2017-11-08,0.030945996,0.02461186,0.10014024,0.23122568,-0.02251255,-0.04498155
2017-11-09,-0.041926365,-0.06369185,-0.1626475,-0.21565063,-0.0037748448,0.02887912
2017-11-10,-0.015676526,-0.034267303,-0.07910759,-0.18986699,-0.038408123,0.022698566
2017-11-13,-0.007097431,-0.04031686,-0.013200819,0.011421043,0.023873167,-0.01754881
2017-11-14,-0.11317228,-0.2717616,-0.36384985,-1.0082163,0.048626635,0.005908727
2017-11-15,-0.019355444,0.027866688,0.002323517,0.12371217,0.01338022,0.0011899987
2017-11-16,-0.02632009,-0.10378075,-0.12210297,-0.28729054,0.0075114015,-0.016150026
2017-11-17,0.12433424,0.22226429,0.39281985,0.97383195,-0.07203714,-0.079332605
2017-11-20,-0.12085726,-0.1137158,-0.2812423,-0.5936151,0.024747595,0.05883874
2017-11-21,0.07663874,0.080089845,0.18817502,0.46013156,-0.026826361,-0.022366816
2017-11-22,0.051349103,0.107785776,0.16759993,0.54284644,-0.0005383632,-0.044644862
2017-11-24,0.033564527,0.08071738,0.0492734,0.35624975,-0.020704024,0.020371579
2017-11-27,-0.07851544,-0.12162617,-0.22012019,-0.3423955,0.02832959,-0.0045890673
2017-11-28,-0.028322298,-0.013483533,-0.17988719,-0.31768396,0.0074736476,0.022368168
2017-11-29,-0.0486347,-0.078594215,-0.17385565,-0.42749873,-0.048309643,0.055886224
2017-11-30,-0.05142037,-0.10947283,-0.17021206,-0.44466808,-0.0017195222,0.0053680264
2017-12-01,0.08570961,0.16813952,0.23187132,0.66283417,-0.0695802,-0.0132595645
2017-12-04,-0.07545118,-0.19255652,-0.2882947,-0.7286363,0.031192062,0.03183451
2017-12-05,-0.12325015,-0.09861374,-0.35968837,-0.6440979,0.038064137,0.035112265
2017-12-06,-0.110634275,-0.25614354,-0.3316885,-0.8891352,0.064566806,-0.0292084
2017-12-07,-0.030917346,0.04625134,-0.05592457,-0.029413203,0.0021258653,0.053409953
2017-12-08,-0.035260525,0.09025713,0.032468088,0.23328607,-0.019188639,0.027347382
2017-12-11,0.02063717,0.06917651,0.05804768,0.32032388,0.011264042,-0.0077892765
2017-12-12,-0.058379702,-0.12351978,-0.20629528,-0.48805904,0.050055083,0.0072594816
2017-12-13,-0.0008924157,-0.05673633,0.01128613,-0.055258844,-0.014430842,-0.04362105
2017-12-14,0.03636839,0.09510744,0.16783082,0.45457718,-0.013276718,-0.04272368
2017-12-15,0.04889504,0.13803914,0.3056298,0.59436995,-0.022844177,-0.065326825
2017-12-18,0.06922775,0.04984924,0.16086756,0.42558742,-0.046930768,-0.010443151
2017-12-19,0.03719426,0.07156838,0.1161085,0.40237024,-0.039732125,0.028729515
2017-12-20,0.061391238,0.15668687,0.2208376,0.6711403,-0.020045111,-0.023357918
2017-12-21,0.024262376,0.06720435,0.10605341,0.2821114,-0.040380623,-0.028455954
2017-12-22,0.021957124,0.07747359,0.14442898,0.41592336,0.0118794795,-0.033289324
2017-12-27,0.11064793,0.31719193,0.4125708,1.1792527,-0.015343451,0.010504004
2017-12-28,0.06420452,0.071237825,0.17316143,0.47410047,-0.0008605534,-0.02406623
2017-12-29,0.049579035,0.10353381,0.16984251,0.4602613,-0.013805923,-0.037024844
2018-01-02,0.017245248,-0.0063755643,0.07021419,0.087595366,-0.011764782,-0.02460264
2018-01-03,0.025805816,0.10633208,0.071741566,0.29272467,-0.039944455,-0.0060900063
2018-01-04,0.03009873,0.07178785,0.061499044,0.2861238,0.010088462,-0.03117653
2018-01-05,-0.062422674,-0.12158749,-0.21613997,-0.55658925,0.0387774,-0.030096639
2018-01-08,-0.052876968,-0.047342885,-0.19232774,-0.27972132,0.043831103,-0.0056574694
2018-01-09,-0.01430187,0.0941997,0.009694878,0.13070023,-0.05489702,0.05907773
2018-01-10,0.044139992,0.05619347,0.11458571,0.25577328,-0.045991175,-0.016687926
2018-01-11,0.0014446011,-0.017883303,-0.062305134,-0.0056515844,-0.011851869,-0.04268252
2018-01-12,0.000441929,0.033791702,0.024500959,0.25914225,0.045906372,-0.037866335
2018-01-16,0.023777606,-0.08399856,-0.01363776,-0.35382295,0.008557266,-0.06044971
2018-01-17,0.005277264,0.013058642,0.027299268,0.07372128,-0.039092228,0.008383887
2018-01-18,0.01092799,0.009993047,-0.039684765,-0.002686301,-0.02196261,0.046911437
2018-01-19,0.023810904,-0.008339538,0.03255415,0.01983765,0.000577322,-0.052789725
2018-01-22,-0.005855771,0.035655696,0.016080482,0.1617703,-0.03137359,0.03303363
2018-01-23,0.0010293694,0.03413489,-0.048285563,0.022555133,0.003953846,0.00041305754
2018-01-24,0.15212774,0.21366474,0.47790834,1.0462244,-0.059303436,-0.04247721
2018-01-25,0.0400487,0.011040439,0.040359203,0.12274893,-0.022998795,-0.031365745
2018-01-26,0.0012865657,0.030649021,0.02182113,0.074501745,-0.03632679,0.07344734
2018-01-29,0.014963906,-0.046201482,-0.06038341,-0.24862698,-0.041513085,0.06639105
2018-01-30,-0.031225769,-0.15574224,-0.08692508,-0.5688299,-0.026924506,0.0037023118
2018-01-31,0.011504518,0.010297929,0.020584011,0.14522949,0.04158353,-0.03317391
2018-02-01,0.011594294,0.095110625,0.09116074,0.34686658,0.01825498,-0.03210614
2018-02-02,-0.09616826,-0.1931704,-0.3578006,-0.8554136,0.027513089,0.070699885
2018-02-05,-0.015900677,-0.08053719,-0.061163343,-0.17003305,0.02031372,-0.0035803558
2018-02-06,-0.050860424,-0.1037597,-0.12852477,-0.5301579,-0.021098604,0.046578944
2018-02-07,-0.09932063,-0.22255078,-0.35139206,-1.0552727,0.007415772,0.049998038
2018-02-08,-0.033905048,-0.081715465,-0.107040554,-0.20381592,0.038517438,-0.044797473
2018-02-09,-0.12016023,-0.33014813,-0.48085198,-1.2583423,0.06196692,-0.0025362207
2018-02-22,0.41406384,0.549233,0.8152657,1.9987259,-0.0012667413,-0.08544748
2018-02-23,-0.025254859,0.04981336,-0.064829595,0.028865345,-0.031777624,0.025259897
2018-02-26,0.04965403,0.074113704,0.14022377,0.30431214,-0.059253383,-0.0062594768
2018-02-27,-0.06505134,-0.12269497,-0.23527241,-0.68816566,-0.0031558757,0.04816157
2018-02-28,0.011811828,-0.12949297,-0.0423447,-0.46593317,-0.042761825,0.021220013
2018-03-01,0.02791598,-0.0032447765,-0.016122155,-0.18992856,-0.08753912,0.12170623
2018-03-02,-0.037754077,-0.010680574,-0.043049883,-0.0076388246,0.028165502,-0.05364836
2018-03-05,0.022598939,0.1221335,0.10528309,0.34985223,-0.09126329,0.029694296
2018-03-06,0.019307833,0.023920448,0.144041,0.2995961,0.0039267624,-0.053928934
2018-03-07,-0.120282084,-0.2641333,-0.38689685,-0.98480403,0.052315287,0.0009113092
2018-03-08,-0.07216103,-0.11946197,-0.1722701,-0.4795963,0.00913145,-0.01641963
2018-03-09,0.05869133,0.13855258,0.17566766,0.6012695,0.043722667,-0.034145042
2018-03-12,-0.05324877,-0.08410385,-0.16188751,-0.44748014,0.010874522,0.031512715
2018-03-13,0.027013712,0.024626102,0.11240175,0.27074316,-0.011438086,-0.03143888
2018-03-14,-0.0014511875,-0.032521393,-0.05652968,-0.046487954,-0.05535323,0.053584926
2018-03-15,-0.014887358,0.016408058,-0.030954894,-0.15999298,-0.02185616,0.017653696
2018-03-16,-0.027018264,0.035482846,-0.10630943,0.011044889,0.01179272,0.032725684
2018-03-19,-0.084978245,-0.13209634,-0.2607473,-0.36135122,0.0968459,-0.015289328
2018-03-20,-0.04831293,0.10025459,-0.09176214,0.0801038,-0.021433277,0.04261127
2018-03-21,0.06931751,0.19992568,0.2952984,0.84738886,-0.022520332,-0.05044515
2018-03-22,-0.04179804,-0.1273958,-0.14848857,-0.43069133,-0.0038176093,0.0011978965
2018-03-23,0.030301208,0.026414355,0.05445696,0.027593423,-0.029113121,-0.054613926
2018-03-26,-0.03064371,-0.050021805,-0.112146646,-0.13629031,0.039504558,-0.038427975
2018-03-27,-0.018895404,0.012422705,-0.025563244,0.039001197,-0.031095373,0.05115149
2018-03-28,-0.06785102,-0.07014695,-0.19692999,-0.43742007,0.044846363,0.07074911
2018-03-29,0.017154882,0.13918588,0.22930075,0.41927806,-0.10028525,-0.005834581
2018-04-03,0.08325926,-0.055729784,0.12743126,-0.29927903,-0.03075383,0.028419793
2018-04-04,-0.09351885,-0.14715527,-0.34903774,-0.71068543,0.076980874,0.048119426
2018-04-09,0.14428793,0.259814,0.56066376,1.1735196,-0.07218201,-0.042296007
2018-04-10,0.0823639,0.25241122,0.34445113,0.9997942,0.0078474125,-0.011792044
2018-04-11,0.03523537,0.1213874,0.11388074,0.53272384,0.0029790231,-0.039866176
2018-04-12,-0.079799585,0.0078306515,-0.118060194,-0.17596701,0.041789535,0.08068257
2018-04-13,-0.03729187,-0.04105965,-0.10259651,-0.11798559,0.032056782,-0.04024697
2018-04-16,-0.06954692,-0.022177303,-0.14838167,0.07417122,0.087990016,-0.06463202
2018-04-17,0.0025262262,-0.031441435,-0.050496724,-0.09459166,0.0117679555,-0.020060059
2018-04-18,0.17381476,0.41641235,0.55752194,1.4154307,0.04174676,-0.025331952
2018-04-19,-0.044900943,-0.02717977,-0.12864438,-0.22690645,-0.030054608,0.023090912
2018-04-20,-0.05934001,-0.045049798,-0.18162996,-0.17156911,0.020533577,0.039326258
2018-04-23,-0.092683874,-0.20016012,-0.3387288,-0.85915023,0.007229653,0.053175017
2018-04-24,-0.0068605794,-0.085114434,-0.038788434,-0.20580281,-0.028577253,-0.031319737
2018-04-25,-0.05303443,0.037942618,-0.04478087,-0.14841634,-0.059119504,0.051130388
2018-04-26,-0.0040339124,0.07266703,0.04890997,0.26239717,-0.008952388,0.012221956
2018-04-27,0.017526528,-0.043603126,-0.053973068,-0.11204707,-0.031585332,-0.024340354
2018-05-02,-0.040102933,0.059604593,-0.012724423,-0.4005115,-0.025614357,0.10034789
2018-05-03,0.014733912,-0.0058915345,0.0440435,0.012211962,-0.05035788,-0.009313964
2018-05-04,0.044390447,0.15847728,0.17687371,0.6821471,0.026678875,-0.04646797
2018-05-08,-0.0698675,-0.10969104,-0.2009106,-0.3879319,0.06053575,0.0031771953
2018-05-09,0.023046104,0.17183055,0.12169347,0.5714993,-0.024836272,-0.019610124
2018-05-10,0.029780632,0.015440903,0.078517914,0.23856317,0.0021782843,-0.016604684
2018-05-11,-0.05843869,-0.0844496,-0.17931622,-0.32574186,0.029240558,0.008279894
2018-05-14,-0.015745789,0.0806987,0.008700128,0.06765514,-0.03498196,0.052426975
2018-05-15,-0.04830291,0.099229254,-0.022889374,0.09261774,-0.041469842,0.0505841
2018-05-16,0.018866887,-0.0064913253,-0.004130584,0.047317043,-0.030152908,0.008370234
2018-05-17,0.019208457,0.053129554,0.05434795,0.25707492,-0.019539183,-0.010953194
2018-05-18,0.032343883,-0.0021085788,0.06232693,-0.11832455,-0.07304492,0.00071004045
2018-05-21,0.078152545,0.14819434,0.23972477,0.77577806,-0.028615953,-0.0031646464
2018-05-22,0.034009706,0.054034803,0.13586417,0.23986721,-0.07679895,0.031939566
2018-05-23,-0.039345656,-0.00915857,-0.03914462,-0.19523744,-0.032040305,0.029930495
2018-05-24,0.021560552,-0.022246737,0.05982192,0.16343515,0.012880007,-0.060925514
2018-05-25,-0.03961982,-0.18239488,-0.1893485,-0.6760069,-0.018335616,-0.0102975555
2018-05-29,-0.030894615,-0.06108447,-0.16417114,-0.3045537,0.03357496,-0.04507105
2018-05-30,0.04459872,0.12733112,0.13521379,0.58264446,0.049923025,-0.043075167
2018-05-31,-0.0413154,-0.024321608,-0.05737095,-0.090747125,0.0057231523,0.014267074
2018-06-01,-0.052984744,-0.020107472,-0.07657443,-0.18975224,0.0634305,0.020244021
2018-06-04,-0.0687184,-0.13759956,-0.2688372,-0.4832529,0.13335925,-0.00014552759
2018-06-05,0.04910465,0.02651517,0.13975482,0.17017579,-0.027442843,-0.029084168
2018-06-06,0.0090086805,-0.016184065,0.08165156,0.11505003,-0.008788405,-0.028423484
2018-06-07,-0.039735988,0.089859605,-0.020510983,0.18625842,-0.010945937,-0.01258099
2018-06-08,0.016917873,-0.0052151093,0.018217966,0.17996438,-0.0046253363,-0.0049655954
2018-06-11,-0.034960482,-0.057874136,-0.16602974,-0.22703165,0.049616322,-0.0005256769
2018-06-12,0.01149159,0.009438071,0.040426634,-0.032046393,-0.058234505,0.0038031132
2018-06-13,-0.03143545,0.00065076543,-0.045566846,0.034210846,0.036330745,-0.0070315422
2018-06-14,-0.059748255,-0.17741735,-0.31653708,-0.5900713,0.07783544,-0.02488512
2018-06-15,-0.14585295,-0.29241833,-0.6278867,-1.6509082,0.1067549,0.13629504
2018-06-19,-0.22757803,-0.16824727,-0.61559045,-1.0808024,0.16851349,0.103945315
2018-06-20,0.06317156,0.047973063,0.102726355,0.11476533,-0.047040075,0.030533472
2018-06-21,-0.06160295,-0.13496253,-0.1884362,-0.5965349,0.0050441637,0.042014804
2018-06-22,0.08913851,0.26001275,0.26348296,0.9418715,-0.049184386,-0.01773556
2018-06-25,-0.12920928,-0.22772019,-0.45190647,-0.92722785,0.06498843,0.024932794
2018-06-26,-0.015557398,0.086850144,-0.004675139,0.19024473,-0.008264837,0.05314711
2018-06-27,0.029651651,0.18295969,0.09795526,0.48307014,-0.034157265,0.019387051
2018-06-28,-0.039732505,-0.059575807,-0.20394409,-0.3327226,0.032093547,0.034245975
2018-06-29,0.0050155316,0.13619903,0.17208469,0.45346627,-0.064542346,-0.011458302
2018-07-02,-0.16034147,-0.28322142,-0.635746,-1.2086977,0.070505746,0.07999664
2018-07-03,0.06815701,0.018129285,0.12178169,0.04045151,-0.03237872,-0.06512005
2018-07-05,-0.060076326,-0.056229632,-0.12948212,-0.4372184,-0.007684646,0.0018017667
2018-07-06,0.08630681,0.13463661,0.25935382,0.5307429,-0.09568529,-0.01431206
2018-07-09,-0.019355282,0.035868134,0.01416495,0.22712573,0.01026451,0.016502118
2018-07-10,-0.07000384,-0.0042181537,-0.15713099,-0.22231477,0.007776047,0.040075243
2018-07-11,-0.15928188,-0.49687988,-0.7179314,-1.8480065,0.11772289,0.020680554
2018-07-12,0.028239073,0.1294654,0.21464728,0.52011687,-0.023858873,-0.07356743
2018-07-13,-0.07377229,-0.09190866,-0.25170833,-0.46725547,0.02355809,0.055949125
2018-07-16,-0.054594945,-0.21214323,-0.087496735,-0.6218337,-0.020673212,0.006622058
2018-07-17,0.014592588,-0.035652667,-0.0631085,-0.4234249,-0.059754696,0.0610263
2018-07-18,0.049228903,0.06864303,0.12796436,0.37743115,0.006062908,-0.03192742
2018-07-19,-0.06052679,-0.051094558,-0.20398709,-0.46788666,-0.027554184,0.04858224
2018-07-20,0.14750932,0.19431207,0.43870604,1.0054879,-0.065856375,-0.01811992
2018-07-23,-0.065367855,-0.019842809,-0.05234318,-0.123341754,0.009405512,-1.742429e-05
2018-07-24,0.07712732,0.10735081,0.18785541,0.50601095,-0.017613528,-0.02590064
2018-07-25,0.06388531,0.11186507,0.26508364,0.3540165,-0.10541476,-0.041424572
2018-07-26,-0.013774021,0.039530966,-0.037228446,-0.053822365,-0.016814327,0.012988139
2018-07-27,-0.024501426,-0.0139061725,-0.022921957,-0.018516228,-0.0076268017,0.001915622
2018-07-30,0.037253577,0.044764154,0.15656315,0.1638319,-0.07707306,-0.014614604
2018-07-31,0.037004158,0.04756015,0.14573325,0.18306267,-0.014583372,-0.055063024
2018-08-01,-0.1654534,-0.32154274,-0.49823287,-1.3640618,0.058005966,0.030762902
2018-08-02,0.022656402,0.044235855,0.008739133,0.10858349,-0.047401085,0.011051394
2018-08-03,0.058013346,0.043854486,0.18331157,0.4232467,0.005081313,-0.065836124
2018-08-06,-0.039931927,0.016045084,-0.020350186,-0.08818269,-0.053067084,0.05888508
2018-08-07,0.034521677,0.08532218,0.12661688,0.39631516,-0.028519277,-0.0059913164
2018-08-08,-0.009486517,-0.14385454,-0.038497265,-0.35878003,0.020225963,-0.022019295
2018-08-09,-0.03901653,-0.06507684,-0.12332005,-0.23147187,0.010756216,0.0027633663
2018-08-10,-0.12725845,-0.12118174,-0.37977213,-0.5900838,0.09572935,0.08145936
2018-08-13,-0.17311198,-0.13863869,-0.39869013,-0.86114675,0.061712246,0.09758324
2018-08-14,-0.007973821,0.009759642,-0.012584156,-0.025165243,-0.0015691196,-0.030292429
2018-08-15,-0.2122529,-0.37636086,-0.67201436,-1.7778016,0.014218726,0.09720088
2018-08-16,0.16484164,0.22671603,0.41645214,1.0354468,-0.06553386,-0.07055964
2018-08-17,-0.011615147,0.045984484,0.012798798,0.035296492,-0.038248878,0.020575076
2018-08-20,0.038306728,0.04383715,0.09536816,0.31499967,0.0029105786,-0.030357335
2018-08-21,0.015049155,0.044218138,0.04916676,0.31659213,0.025658313,-0.03941239
2018-08-22,-0.014891131,0.013070006,-0.048726887,0.07492886,0.03736544,-0.031894624
2018-08-23,-0.075898714,-0.11223853,-0.24395198,-0.57615066,0.016732095,0.056958325
2018-08-24,0.0911282,0.17381531,0.3119311,0.8940083,-0.013983087,-0.09228961
2018-08-28,-0.026631407,0.029375128,-0.027706524,0.13913918,0.0755224,-0.0491237
2018-08-29,0.02668016,0.056632686,0.10138371,0.13764353,-0.07306566,0.046113417
2018-08-30,-0.053020813,-0.03595651,-0.14046332,-0.2744987,-0.0144930445,0.0671859
2018-08-31,-0.034474093,0.002889019,-0.031120196,-0.18578239,-0.033863842,-0.0070787813
2018-09-04,-0.15968443,-0.18491755,-0.35454842,-0.7982309,0.0421905,-0.017929401
2018-09-05,-0.042404346,-0.110003,-0.11597137,-0.19546583,0.040956154,-0.009023091
2018-09-06,-0.055828806,-0.089200564,-0.13446485,-0.25025797,0.053521805,-0.03899464
2018-09-07,-0.033027872,0.020329675,-0.026466051,0.068662345,-0.0071410653,0.030274045
2018-09-10,0.021934884,0.0717296,0.14967465,0.305314,-0.057531476,-0.00565895
2018-09-11,-0.075902954,-0.038281377,-0.19099452,-0.26700792,-0.0031507665,0.04536895
2018-09-12,0.14522508,0.10481633,0.1907352,0.70053697,0.018125148,-0.008529381
2018-09-13,-0.0577195,-0.17876141,-0.23976462,-0.60645,0.042668015,0.014398434
2018-09-14,-0.07113535,-0.067971215,-0.21717788,-0.479022,0.037461977,0.015189659
2018-09-17,0.022440411,0.0033742003,0.1300478,-0.067263365,-0.095665276,-0.0225072
2018-09-18,0.056373056,0.055992257,0.08976827,0.34623864,-0.020935593,0.021894962
2018-09-19,0.12290192,0.1644756,0.2845981,0.79639786,-0.05811258,-0.05318197
2018-09-20,0.05232644,0.09431244,0.20152894,0.4193028,-0.03658113,-0.034913708
2018-09-21,0.06893101,0.16998143,0.31664893,0.7262201,-0.018212756,0.03548951
2018-09-25,-0.057887256,0.1585613,0.032232113,0.38820177,-0.014534434,-0.042315613
2018-09-26,-0.03426908,-0.052348882,-0.10794937,-0.247342,0.045162674,-0.003685789
2018-09-27,-0.057350315,-0.011489275,-0.11197593,-0.20035343,-0.0310321,0.076886564
2018-09-28,0.12248825,0.12091438,0.24148628,0.8043936,0.083882675,-0.086780235
2018-10-08,0.12705635,0.27027264,0.2408448,1.0120785,-0.22165923,0.12299264
2018-10-09,0.040266447,0.06572144,0.12094675,0.39481658,-0.010748884,-0.055776495
2018-10-10,-0.11286193,-0.23107554,-0.35714394,-0.92378306,0.044572346,0.010708634
2018-10-11,0.02748818,-0.14566877,0.06831835,-0.114058495,0.012420354,-0.14514351
2018-10-12,0.028032929,0.08302924,0.14787498,0.31986475,-0.045012463,0.0064391755
2018-10-15,0.108580336,0.13238816,0.2796002,0.26152486,-0.032526445,0.06805397
2018-10-16,-0.014935728,0.0007056282,-0.056767434,-0.044872712,0.0058997055,0.0069329916
2018-10-17,-0.03165076,-0.14151885,-0.10430913,-0.27270788,0.0023335123,-0.013499156
2018-10-18,-0.059992388,-0.17049868,-0.24314862,-0.56559956,0.038050428,-0.020690741
2018-10-19,-0.008964445,0.013507059,-0.0061974498,0.03956544,-0.029074471,0.053210597
2018-10-22,0.0005676758,-0.011414546,-0.0351017,-0.10864414,-0.01920187,-0.014155083
2018-10-23,-0.03652249,-0.23998986,-0.21490821,-0.64929867,0.06089618,-0.07284893
2018-10-24,-0.07223225,-0.07489296,-0.212747,-0.32180512,0.05436788,0.04198071
2018-10-25,-0.054032117,-0.0361626,-0.15622835,-0.12409116,0.018168578,0.019268818
2018-10-26,0.016974788,0.057654772,0.11689148,0.21912982,-0.050550725,-0.038993124
2018-10-29,-0.056977026,-0.13873567,-0.2297571,-0.6358835,0.01709906,0.03700974
2018-10-30,-0.08029377,-0.16759506,-0.31344667,-0.7321596,0.05622785,0.0027439015
2018-10-31,-0.05878878,-0.10509207,-0.18148124,-0.40908864,-0.019477148,0.052494336
2018-11-01,0.15303999,0.016089257,0.37466684,0.63298345,-0.033657882,-0.115563095
2018-11-02,0.048743054,0.039335415,0.17602924,0.34066784,-0.059752826,0.020684533
2018-11-05,-0.07446017,-0.06043328,-0.19594762,-0.45067558,-0.018197613,0.02737614
2018-11-06,-0.031479344,-0.12195497,-0.17785922,-0.6185169,0.0010074222,0.038891524
2018-11-07,-0.019738838,0.07873596,0.11989243,0.414533,0.0052926196,-0.020234056
2018-11-08,-0.019752344,-0.09904578,-0.17361155,-0.3912682,0.022940654,-0.00016026609
2018-11-09,-0.106503874,-0.20684218,-0.39598683,-0.92307293,0.027429378,0.052619755
2018-11-12,-0.049311038,-0.045618482,-0.11387849,-0.35314548,-0.002205443,0.05425139
2018-11-13,-0.089653835,-0.36150435,-0.41711023,-1.2581221,0.09269177,0.009057621
2018-11-14,0.0265175,0.08610578,0.12897079,0.47068354,-0.09144596,0.015765378
2018-11-15,0.051097125,0.0317089,0.09709297,0.24441372,0.054037098,-0.10682548
2018-11-16,0.04725898,0.0473326,0.11842346,0.4408847,-0.031426396,-0.0060643107
2018-11-19,-0.011542449,-0.03335236,-0.077089086,-0.04788128,0.0060463487,0.0127991
2018-11-20,-0.10645112,-0.35813135,-0.42573613,-1.3969127,0.06280341,0.03489687
2018-11-21,0.057631105,0.10065055,0.20706704,0.48389465,-0.018475527,-0.03441005
2018-11-23,-0.13492687,-0.44962958,-0.532926,-1.6931329,0.1472537,-0.00976695
2018-11-26,0.009065587,0.05434662,-0.027412085,0.107672356,-0.055810325,0.024343574
2018-11-27,-0.092016004,-0.07763871,-0.24965334,-0.5467122,0.03622536,0.05702616
2018-11-28,0.049172655,0.008443067,0.2689691,0.35777155,-0.07975628,-0.031707853
2018-11-29,0.018047236,0.073417336,0.009352458,0.14596628,-0.0004270266,0.036007624
2018-11-30,0.031213112,0.001911696,0.11040505,-0.09177844,-0.063691735,0.010008397
2018-12-03,0.094464764,0.3190422,0.42433515,1.2167068,-0.04147439,-0.098328516
2018-12-04,-0.017410578,0.03616543,0.018622972,0.09652474,0.0022721214,-0.036468804
2018-12-05,-0.0085588945,-0.02429745,-0.05415841,-0.0072477437,0.0020817628,-0.009245161
2018-12-06,-0.12033467,-0.30500627,-0.4013666,-1.1632998,0.08262497,0.025459178
2018-12-07,0.11194098,0.27236992,0.37698755,1.0151563,-0.108206116,-0.018308405
2018-12-10,-0.11733184,-0.23731422,-0.34686452,-0.9518991,0.052704494,0.0054274388
2018-12-11,0.043018553,0.03745591,0.07850737,0.19665623,-0.0283004,0.011730479
2018-12-12,0.022238461,-0.0050421585,0.08991976,0.13301948,0.0006271699,-0.061641507
2018-12-13,0.002582964,0.063278876,0.01259385,0.12420981,-0.028637161,0.05814586
2018-12-14,-0.09901062,-0.16043869,-0.26199228,-0.69753623,0.036599662,0.011538796
2018-12-17,0.011257835,-0.006188979,0.1093456,-0.0005193537,0.0068411008,-0.07593053
2018-12-18,-0.09728779,-0.3800948,-0.4352545,-1.3634133,0.029811833,-0.005868216
2018-12-19,0.057943787,0.13939877,0.17366347,0.72369593,-0.00081810047,0.0021054575
2018-12-20,-0.043722913,-0.31068164,-0.319284,-0.98392993,0.08738041,-0.024603965
2018-12-21,-0.06696478,-0.14833726,-0.25047585,-0.68737537,0.019795436,0.06329149
2018-12-24,-0.08536058,-0.3249168,-0.28662974,-0.95542353,0.08434475,-0.073634475
2018-12-27,0.033886485,0.05476867,0.007917755,0.2496364,0.01992331,-0.050055437
2018-12-28,0.02170811,0.012978262,0.05565281,0.05591272,0.007703554,-0.004044655
2019-01-02,-0.04786821,0.12374277,-0.0040605883,0.22983924,0.014345898,-0.072757795
2019-01-03,-0.0017095315,0.122688584,0.15965807,0.3953217,-0.029441295,-0.009564333
2019-01-04,0.16538328,0.24576323,0.4325079,1.1487,-0.10957888,-0.026907807
2019-01-07,0.06942762,0.080440976,0.12406272,0.5012972,-0.017837033,-0.03629138
2019-01-08,-0.00058011664,0.07715984,0.05138269,0.30893436,-0.0385918,0.057611756
2019-01-09,0.0668392,0.294939,0.2638232,0.9625967,-0.06457714,-0.0012614445
2019-01-10,-0.07139709,-0.0659371,-0.22112541,-0.3296512,0.044076476,0.03835399
2019-01-11,0.008626514,-0.044887092,0.02005526,-0.11302745,-0.049444646,-0.004096514
2019-01-14,-0.07335872,-0.14148134,-0.23427895,-0.5525652,-0.011206744,0.013177574
2019-01-15,0.03638473,0.13704777,0.102561675,0.40492105,0.013286349,0.05418304
2019-01-16,0.05002969,0.11136618,0.21635863,0.5948604,-0.0059843725,-0.0540064
2019-01-17,0.034842808,0.08527345,0.1323134,0.25317925,-0.048274472,-0.014262483
2019-01-18,0.066423714,0.19852121,0.22473253,0.69588405,-0.09443627,0.06621454
2019-01-22,-0.10110447,-0.21985571,-0.2681683,-0.79851943,0.07468059,-0.03752927
2019-01-23,0.05946205,0.040372007,0.13275383,0.21978098,-0.027426912,-0.024550764
2019-01-24,0.011154574,-0.008587381,-0.058079902,-0.029793661,-0.012420573,0.022039488
2019-01-25,0.10469903,0.14229596,0.35452425,0.82725215,-0.037225544,-0.06344034
2019-01-28,-0.06739773,-0.271402,-0.2701135,-0.9379368,0.06453617,-0.0791837
2019-01-29,0.050023723,0.1509731,0.17559715,0.6717853,-0.05150792,0.014172167
2019-01-30,0.07302596,0.13655291,0.21691185,0.6129044,-0.033337403,-0.02821511
2019-01-31,0.029079895,-0.022094084,0.047805928,0.13721313,-0.02077505,-0.04898655
2019-02-01,0.07026694,0.06976598,0.043725,0.13658556,-0.05040344,0.037909944
2019-02-11,-0.19773883,-0.2707785,-0.4468205,-1.0481408,0.081005156,0.098523885
2019-02-12,-0.016440442,0.034435816,0.020159688,0.07117036,-0.051133294,0.023082344
2019-02-13,0.0056685307,0.08358961,0.031054989,0.23819616,-0.024536697,-5.76759e-05
2019-02-14,-0.06047129,-0.0111930035,-0.15331385,-0.09748343,0.023122743,0.02974032
2019-02-15,0.1386854,0.27292874,0.35225305,1.1480551,-0.008563753,-0.05244049
2019-02-19,0.07210345,0.0061738836,0.13631389,0.3845272,0.009847106,-0.04830093
2019-02-20,0.10092032,0.1127291,0.2496758,0.65846014,-0.0108882,-0.036809217
2019-02-21,-0.03682291,0.12843858,-0.008944022,0.1361789,-0.015581347,0.06946534
2019-02-22,0.09231112,0.04809513,0.19809818,0.4804201,-0.048892584,-0.026682977
2019-02-25,-0.06395737,-0.27747372,-0.32964265,-0.86286306,0.058842305,-0.009994247
2019-02-26,-0.0056427494,0.021938568,-0.085309915,0.01853163,0.053071067,0.005641692
2019-02-27,0.06157661,0.13513598,0.10303357,0.5116516,-0.020502247,0.045958467
2019-02-28,0.0023136854,-0.0023756537,-0.065937616,-0.05017352,0.004268641,0.0075729163
2019-03-01,-0.03843261,0.00030083564,-0.1353013,-0.18919277,-0.011395429,0.079394616
2019-03-04,-0.11474146,-0.03278039,-0.27377796,-0.4167505,0.022449719,0.050715543
2019-03-05,0.04623676,0.09333611,0.15329139,0.41154695,-0.06440878,0.006845919
2019-03-06,-0.09471004,-0.08526552,-0.24779394,-0.41614962,0.07495036,-0.0063008373
2019-03-07,-0.090167254,-0.08688321,-0.26654652,-0.4350674,0.04618584,0.058289673
2019-03-08,-0.019692363,-0.05640268,-0.0067544566,-0.061908044,0.00068730337,-0.068231195
2019-03-11,-0.04999392,-0.001726341,-0.15307802,-0.107578315,0.04572669,0.005558829
2019-03-12,0.13287498,0.17146328,0.39439204,0.76879597,-0.0771321,-0.08501015
2019-03-13,0.0577762,0.12082622,0.16153267,0.5765422,-0.01779675,-0.024630181
2019-03-14,-0.0670945,-0.07946844,-0.2358323,-0.5081841,-0.013768329,0.07047108
2019-03-15,0.029073635,0.08393841,0.22267593,0.3860429,-0.051977888,-0.05426842
2019-03-18,0.0036858425,0.038205106,0.0044598966,0.15999857,-0.015929118,0.03143758
2019-03-19,0.06434669,0.06343041,0.14969218,0.43624952,-0.017079938,-0.032515585
2019-03-20,0.033508245,0.12422698,0.09278898,0.3947984,-0.023836914,-0.0046581966
2019-03-21,-0.046215136,-0.03545684,-0.13370293,-0.19465198,0.019699456,-0.041312825
2019-03-22,-0.079619154,-0.15468329,-0.23854406,-0.6413917,0.045047726,-0.008104553
2019-03-25,0.027727997,0.07023776,0.116011314,0.3293027,-0.03844425,-0.054973885
2019-03-26,0.01872536,0.055051662,-0.011405615,0.16595516,-0.018961882,0.02757623
2019-03-27,-0.0540678,-0.075898536,-0.096501015,-0.24241234,0.019225523,0.027263932
2019-03-28,-0.082570195,-0.11512215,-0.22899134,-0.5850711,-0.0033351863,0.08819507
2019-03-29,0.08481131,0.031460762,0.019720072,0.33184296,0.0042742994,-0.012384497
2019-04-01,0.03470162,0.031344898,0.11295738,0.1280577,-0.07529111,0.01906252
2019-04-02,-0.029056817,0.04897632,-0.030465266,0.07328199,-0.0140282735,0.040556055
2019-04-03,0.07124195,0.041599598,0.15315448,0.40921137,-0.040713146,-0.032228123
2019-04-04,0.031104816,0.032526102,0.07496228,0.19810584,-0.02821702,-0.018928805
2019-04-08,0.024757978,0.11912865,0.014931876,0.3474626,0.023683557,-0.030043378
2019-04-09,-0.04598683,-0.04026815,-0.06399771,-0.13220443,0.010342766,0.02830184
2019-04-10,0.045619167,0.10666811,0.11761863,0.42688033,-0.036777165,-0.009760704
2019-04-11,-0.08307273,-0.14021038,-0.3064621,-0.8035625,0.017566951,0.061894782
2019-04-12,0.071431644,0.11023122,0.22184193,0.5792525,-0.04038984,-0.03618708
2019-04-15,-0.109419465,-0.041968476,-0.19671276,-0.22871114,0.08064876,-0.012507466
2019-04-16,-0.112801515,-0.04958106,-0.26326635,-0.35176688,0.013897542,0.09001804
2019-04-17,-0.0010031635,-0.02894598,-0.04287259,-0.105935894,-0.0030206314,-0.016613245
2019-04-18,0.0025663385,0.04103765,0.025492495,0.17799251,-0.005946856,0.030796189
2019-04-23,-0.040823765,0.01602944,-0.20381843,-0.06778144,-0.00986914,0.07429376
2019-04-24,-0.06558758,-0.07495176,-0.13907805,-0.23583736,0.04718347,-0.027521621
2019-04-25,-0.035842102,-0.041036475,-0.1475814,-0.25703004,-0.0070904307,-0.022325773
2019-04-26,-0.010807109,-0.16949128,-0.08346762,-0.40663928,0.030530356,-0.05455735
2019-04-29,-0.043976113,-0.038698338,-0.10843296,-0.23761028,0.045776065,-0.012196272
2019-04-30,0.0030288128,0.015438663,-0.009075219,0.13772738,-0.025376853,-0.012404629
2019-05-07,-0.19120051,-0.357928,-0.5518134,-1.6312215,0.0332547,0.04225603
2019-05-08,-0.06801556,-0.027913867,-0.17412949,-0.26978114,0.002160297,0.056509737
2019-05-09,-0.08835359,-0.1608652,-0.2885211,-0.51478225,0.04268821,0.05524566
2019-05-10,0.01491811,-0.00872448,-0.001148358,0.0989713,0.032782998,-0.017251275
2019-05-13,-0.039316278,-0.08718266,-0.04198618,-0.45727244,-0.032857217,0.005630012
2019-05-14,0.039052878,0.17311607,0.34088373,0.69084364,-0.091723435,-0.002050363
2019-05-15,0.014566297,0.21249454,0.21894996,0.7024882,-0.02260438,-0.014023573
2019-05-16,0.032333355,0.16718507,0.20393701,0.49002597,-0.12027754,0.061375268
2019-05-17,-0.09620374,-0.15383382,-0.30640817,-0.8246718,0.046844494,0.03848048
2019-05-20,0.021202885,0.014648068,0.06856203,-0.01735664,-0.094906434,0.0008157745
2019-05-21,-0.024307188,-0.018784104,-0.017811114,0.022586802,-0.008673167,0.010729237
2019-05-22,-0.09461346,-0.1744349,-0.25665435,-0.7275216,0.049192354,-0.009357368
2019-05-23,-0.088783085,-0.3257083,-0.32486287,-0.9100427,0.08125688,-0.056291502
2019-05-24,0.10236894,0.15364482,0.38634998,0.571369,-0.107512094,-0.009754425
2019-05-28,0.056558173,0.15032427,0.28854698,0.5996608,-0.16085464,0.021272808
2019-05-29,-0.05914306,-0.042482495,-0.11934815,-0.21087573,0.023719935,-0.013093207
2019-05-30,0.031860635,-0.070031464,0.1211357,-0.21615013,-0.062437046,-0.07256653
2019-05-31,-0.07835242,-0.33272094,-0.2735896,-0.9729642,0.07874495,-0.02841927
2019-06-03,0.083918035,-0.1834181,-0.04588256,-0.52810526,0.015956255,-0.03173203
2019-06-04,-0.044940606,0.014026688,0.010465298,0.19113256,0.028186627,-0.008207804
2019-06-05,-0.1454721,-0.32970124,-0.52013457,-1.2420975,0.107310936,-0.019778172
2019-06-06,0.07528147,0.14961392,0.30628496,0.6983824,-0.059656743,-0.031305064
2019-06-10,-0.025290493,-0.020614931,-0.15827899,-0.20373091,0.012032647,0.089930505
2019-06-11,0.069021866,0.08830769,0.2133143,0.42752177,-0.046300545,-0.03059447
2019-06-12,-0.016429227,-0.12377214,-0.040754575,-0.31885535,-0.023327326,-0.029026454
2019-06-13,0.008403113,0.15449472,0.24216478,0.47825247,-0.050342724,-0.03165249
2019-06-14,-0.02488254,0.030546112,-0.0030832335,-0.06285414,-0.05837987,0.007433953
2019-06-17,-0.046916388,-0.023174826,-0.047723077,-0.14941296,0.04428851,-0.011103897
2019-06-18,0.08461542,0.13153517,0.20280743,0.6604484,-0.008321838,-0.0010494384
2019-06-19,-0.05012652,-0.05553332,-0.18161911,-0.24178015,0.03551143,0.026147883
2019-06-20,0.17482638,0.20618796,0.40309492,1.1041358,-0.083728656,-0.07171852
2019-06-21,-0.03380548,-0.045579392,-0.18152367,-0.2600225,0.023350654,0.06795585
2019-06-24,0.11508955,0.07539603,0.2724938,0.4378442,-0.07198264,-0.048371322
2019-06-25,0.03751177,0.09759856,0.11194677,0.4956152,-0.010231038,-0.00036943058
2019-06-26,0.030009903,0.122356825,0.028556654,0.28314963,-0.051167108,0.032215565
2019-06-27,-0.03432593,-0.060068242,-0.094170526,-0.23533988,-0.016436975,0.032080412
2019-06-28,0.02260753,-0.05033123,-0.09613786,-0.005897088,0.04206999,-0.014734622
2019-07-01,-0.08636331,-0.15905382,-0.39632034,-0.79138017,0.057976615,0.06156218
2019-07-02,-0.101558745,-0.2616926,-0.34368265,-0.8804424,0.10534,-0.0936798
2019-07-03,0.06835473,0.22702481,0.43122154,0.90125805,-0.09249605,-0.025293026
2019-07-05,-0.09954765,-0.016988287,-0.25722864,-0.52751523,0.005306465,0.12945198
2019-07-08,0.0106027555,-0.0036290938,0.07489041,-0.08404324,-0.017162288,-0.00023757036
2019-07-09,-0.021875367,-0.021954969,-0.089786604,-0.09303022,0.04468101,0.04035988
2019-07-10,0.20026647,0.36664912,0.51372933,1.4899969,-0.10703333,-0.040838066
2019-07-11,0.032827955,0.019940294,0.109370865,-0.03181266,-0.06758044,-0.013149711
2019-07-12,0.03085412,0.05219178,0.10389332,0.25678036,-0.033092555,-0.022550972
2019-07-15,-0.03290525,-0.015806707,-0.058739558,0.09067695,0.076518044,-0.060397763
2019-07-16,-0.04140835,-0.13935427,-0.21885332,-0.46566802,0.11570326,-0.054597232
2019-07-17,-0.041674074,-0.05562901,-0.05844776,-0.11629108,0.06767899,-0.04690471
2019-07-18,-0.056312814,-0.18998009,-0.2414926,-0.5738823,0.08866157,-0.011830674
2019-07-19,0.033154517,0.11995651,0.21457317,0.4307425,-0.0916479,0.000105678504
2019-07-22,-0.06214283,-0.08111008,-0.24611956,-0.3262449,0.041677605,-0.020940917
2019-07-23,0.019919077,0.09672065,0.08915373,0.32579505,0.0063240994,-0.020996159
2019-07-24,0.075730346,0.056797,0.16518977,0.33555806,-0.03259675,-0.048230622
2019-07-25,-0.069471605,-0.075762525,-0.21227705,-0.39366233,0.0032131223,0.06769052
2019-07-26,-0.04253872,-0.043220058,-0.12579899,-0.25865066,0.02455002,-0.019230956
2019-07-29,0.085958466,0.051235225,0.2112213,0.3424668,-0.0612275,-0.01411428
2019-07-30,-0.0034694553,-0.0049291076,-0.05025185,0.0066211005,0.009238067,0.0032797444
2019-07-31,-0.01807406,-0.05170235,-0.20486695,-0.17268093,0.037442464,0.0712547
2019-08-01,-0.14074892,-0.48107684,-0.5634685,-1.6808169,0.08939079,-0.0012621857
2019-08-02,-0.037070967,0.06536797,0.039996367,-0.05479577,0.033214565,-0.008121341
2019-08-05,-0.02756587,-0.16950513,-0.15844566,-0.7190802,0.06647901,-0.06118179
2019-08-06,-0.060488418,-0.12409118,-0.1459443,-0.329464,0.02538854,-0.02519112
2019-08-07,-0.03673885,-0.21545646,-0.06016545,-0.50779295,0.083219945,-0.14518906
2019-08-08,0.12733226,0.28547794,0.41318697,1.047805,-0.0971611,0.017599601
2019-08-09,-0.012209934,0.14076929,0.04704964,0.29600278,0.0020267721,0.059806455
2019-08-12,-0.042558737,-0.108199716,-0.2997931,-0.39152455,0.10996878,-0.018162418
2019-08-13,0.09153844,0.23411812,0.11578733,0.83398765,-0.025971463,0.035493467
2019-08-14,-0.07258129,-0.23321374,-0.28115585,-0.89987826,0.06913776,0.0030818759
2019-08-15,0.02179225,-0.119350694,-0.0013512477,-0.42890513,0.0009056876,-0.0041419505
2019-08-16,0.039347265,0.063353226,0.15164076,0.15924609,-0.06893335,0.001296185
2019-08-19,-0.041838154,-0.02005394,-0.17051011,-0.18731402,0.032260843,0.041936025
2019-08-20,-0.035170093,-0.009140318,-0.09846886,-0.0010388118,0.044770565,9.233373e-05
2019-08-21,0.040425684,0.06254273,0.15404801,0.3928727,-0.025891893,-0.054980583
2019-08-22,-0.038287424,-0.11464343,-0.14388868,-0.48898083,0.009936042,0.036721513
2019-08-23,-0.043687373,-0.16258019,-0.114353225,-0.46791664,0.07158253,-0.08376178
2019-08-27,0.04829066,0.042225532,0.066547975,0.33404753,0.039560474,-0.07306327
2019-08-28,0.10189086,0.19880132,0.263618,0.7960021,-0.07230566,-0.049614947
2019-08-29,0.020670868,0.07198515,0.009279395,0.17307009,-0.012063718,0.0017367608
2019-08-30,-0.05291825,-0.07934976,-0.11446166,-0.3724453,0.03110316,0.0152772525
2019-09-03,-0.03900656,-0.1689603,-0.1658434,-0.34522837,0.093783714,-0.14962146
2019-09-04,0.23547201,0.3396676,0.50730276,1.4377981,-0.05924045,-0.042080015
2019-09-05,-0.03360667,-0.0044741803,-0.110882014,-0.21471426,-0.07282763,0.11717991
2019-09-06,-0.055809222,-0.006634962,-0.14579068,-0.31885952,-0.0035480426,0.11264148
2019-09-09,0.016885504,0.11652311,0.06644289,0.3507395,-0.06922313,0.03772906
2019-09-10,0.0061797244,0.09650515,0.12647457,0.39748803,-0.029102936,0.0055739935
2019-09-11,-0.028111404,-0.16826051,-0.10899245,-0.3839448,0.03683005,-0.017871324
2019-09-12,0.02732748,0.1031255,0.12263651,0.34210086,-0.06145209,-0.045042615
2019-09-16,0.20462169,0.71457493,0.75084656,2.0955565,-0.1774851,0.043212287
2019-09-17,-0.08256472,-0.36919835,-0.43736187,-1.2237029,0.097338535,-0.035204817
2019-09-18,-0.039383788,-0.10815541,-0.08861177,-0.44406852,-0.024487628,0.037402973
2019-09-19,0.013562234,0.08432823,0.08477263,0.27389094,-0.020503204,0.022171073
2019-09-20,-0.029123839,-0.07097986,-0.110343106,-0.20198561,0.011002703,-0.020156125
2019-09-23,0.075021684,0.079509355,0.2178604,0.6218617,0.027923089,-0.113055184
2019-09-24,-0.05797784,-0.16008887,-0.18506858,-0.5493784,0.022527926,-0.0016070735
2019-09-25,-0.11174129,-0.0836908,-0.2538456,-0.5130844,-0.0058468687,0.07889309
2019-09-26,-0.004565447,-0.014382518,-0.08268603,-0.121299356,-0.0017613845,-0.0045187087
2019-09-27,-0.0018629034,-0.03451372,-0.073788986,-0.08243778,0.004377893,0.014625951
2019-10-08,0.032600414,-0.021216271,0.12471686,-0.30824494,-0.07203074,0.053917844
2019-10-09,0.0151583105,0.045971055,0.030645885,0.22102198,-0.00450705,-0.04536168
2019-10-10,0.09823841,0.053236917,-0.016224742,0.28403032,-0.022314442,0.019292954
2019-10-11,0.0349414,0.1715952,0.29120225,0.5629106,-0.13500556,-0.020305017
2019-10-14,-0.033215415,-0.19289859,-0.11646451,-0.52851576,0.015327378,0.0014995694
2019-10-15,-0.06318435,0.055339273,-0.14267218,0.024879538,0.030658731,0.042988542
2019-10-16,-0.012883822,0.025577933,0.0015341062,0.084730655,0.01570326,-0.03583725
2019-10-17,0.03275485,0.027468186,0.11272984,0.13702184,-0.044548266,-0.019232752
2019-10-18,0.02912506,0.022035602,0.041507464,0.19448596,-0.038968574,0.029373066
2019-10-21,-0.039111163,-0.09972979,-0.15185376,-0.3051997,0.029240472,0.015908286
2019-10-22,-0.00020346204,0.11462888,0.04239383,0.18590988,0.012698588,0.0010418865
2019-10-23,0.096722774,0.13041607,0.20691337,0.6134807,-0.056633215,-0.011777294
2019-10-24,0.03893025,0.08086184,0.16538633,0.40910453,-0.00033769393,-0.041388527
2019-10-25,0.020781457,0.021618696,0.040079135,0.20924352,-0.00047006152,-0.016557993
2019-10-28,-0.039445937,-0.0723761,-0.121719554,-0.18885505,-0.0020426577,0.03802525
2019-10-29,0.004573696,0.02715768,0.058011696,0.09286893,-0.028403986,0.02288384
2019-10-30,-0.011850836,-0.04422275,-0.039975826,-0.14194813,0.018031817,-0.0326363
2019-10-31,-0.07171116,-0.15631573,-0.16786954,-0.54171777,0.044027224,-0.0394542
2019-11-01,0.17643692,0.23024383,0.39057288,1.0519885,-0.028424552,0.0031914196
2019-11-04,-0.0033229955,0.062641814,0.0670371,0.28459787,-0.0061680186,0.025419498
2019-11-05,-0.060421236,0.027276833,-0.12723255,-0.115698226,-0.061839584,0.14549102
2019-11-06,-0.055622548,-0.14928587,-0.17192644,-0.541786,0.032183927,-0.018669061
2019-11-07,-0.017243626,-0.023406703,-0.099488996,-0.13405842,-0.04094751,0.100164086
2019-11-08,-0.08983475,-0.04245527,-0.16572183,-0.32341775,0.012007984,0.03067111
2019-11-11,-0.054128446,-0.15170881,-0.24957143,-0.63520545,0.028801097,-0.0032451872
2019-11-12,-0.010171424,-0.0077681746,-0.031246189,-0.18517043,-0.066124804,0.031002708
2019-11-13,-0.05621751,-0.07706716,-0.1527243,-0.20326209,0.045483973,-0.0024415643
2019-11-14,-0.045445073,-0.051441535,-0.07060344,-0.08999957,0.013123824,-0.040073216
2019-11-15,0.025291765,0.09619096,-0.0014541645,0.2123084,-0.009420905,0.024766782
2019-11-18,-0.06364003,-0.17366935,-0.22351846,-0.6765403,0.04357499,0.008279874
2019-11-19,0.008204734,-0.11365931,-0.0012520234,-0.26416454,-0.014790755,-0.025989668
2019-11-20,0.05149822,0.09484053,0.09560206,0.42873117,-0.053122852,0.06177239
2019-11-21,-0.016858846,0.10271301,-0.023117473,0.1912595,-0.024077972,0.04965207
2019-11-22,-0.048220437,0.0029807272,-0.003951766,0.044478025,-0.022876525,0.007875216
2019-11-25,-0.014243546,0.0046664905,-0.0107634505,0.024950227,-0.032514453,-0.007183353
2019-11-26,0.043137718,0.07397367,0.100346796,0.3849401,0.035319585,-0.02887959
2019-11-27,-0.057836674,-0.0724164,-0.15801091,-0.23930956,0.042690367,0.06326504
2019-11-29,-0.089938685,-0.22426933,-0.13058218,-0.7508099,0.042091027,-0.07147231
2019-12-02,0.0003502249,-0.06399974,-0.11704719,-0.31085247,-0.008716685,0.052143045
2019-12-03,-0.060785066,-0.05248536,-0.1653237,-0.19548994,0.056334365,-0.045216933
2019-12-04,0.054631673,0.15283032,0.14341998,0.5244647,-0.06962988,0.053176086
2019-12-05,-0.018861255,0.036665034,-0.010691105,0.190177,0.0010597728,0.0038322532
2019-12-06,0.025523767,0.14264387,0.14100061,0.47245374,-0.069375664,0.07262693
2019-12-09,-0.0029543624,0.013122503,0.04927929,0.16170512,-0.003622172,-0.0048887464
2019-12-10,0.0504166,0.07479213,0.120906696,0.40132284,-0.04210201,-0.00049670925
2019-12-11,0.014120055,-0.07230472,-0.03308834,-0.099097826,0.018374767,-0.023945283
2019-12-12,0.07294394,0.19500081,0.3522739,0.76543,-0.09186817,-0.02514077
2019-12-13,0.0052125542,0.091186635,0.06948557,0.2517205,-0.0123154875,-0.011431935
2019-12-16,0.07599622,0.28592572,0.467523,1.0428565,-0.0941956,-0.01916523
2019-12-17,-0.0038835376,0.052435696,0.0574461,0.10971601,-0.033223134,0.026388979
2019-12-18,-0.008076679,-0.029818553,-0.07583298,-0.065220475,0.0138100125,-0.013851444
2019-12-19,0.037750367,0.09915719,0.14434296,0.42425826,-0.0068020388,-0.026813282
2019-12-20,-0.035547934,0.0004487195,-0.031967815,-0.014425034,-0.015965968,0.011594295
2019-12-23,-0.0016169483,-0.01921738,0.020078002,0.03609117,0.02330847,-0.057621893
2019-12-24,0.03281337,0.095881045,0.16444303,0.5156477,-0.00707421,-0.03449064
2019-12-27,0.07327963,0.15905789,0.29281753,0.6712513,-0.0529911,-0.03788232
2019-12-30,8.353486e-05,0.04953295,0.057489265,0.20914339,0.011486506,-0.029036071
2019-12-31,-0.00096354063,-0.20019226,-0.244173,-0.73531574,0.020920752,0.001534604
2020-01-02,0.032879386,0.06317131,0.13158694,0.29181165,-0.016635682,-0.052161966
2020-01-03,-0.0002896983,0.04125475,0.011048009,0.2859232,0.014686912,-0.04349195
2020-01-06,-0.0012363773,-0.02504206,-0.009165242,0.0038726702,0.013310444,-0.029764412
2020-01-07,-0.015792714,-0.04104122,-0.025363721,-0.017280051,0.026847139,-0.048161127
2020-01-08,-0.05843129,-0.2348009,-0.26491186,-0.8136283,0.0062528974,-0.016295101
2020-01-09,0.0105995145,-0.0044867336,0.0045273304,-0.14811376,-0.028014293,0.04338373
2020-01-10,0.05527605,0.043657195,0.12567107,0.25878364,-0.027897095,-0.032447137
2020-01-13,-0.051140677,-0.10881797,-0.1454827,-0.40997642,0.019283168,0.016349528
2020-01-14,-0.018176448,0.0073540425,-0.0011337234,0.10387091,-0.038834672,0.041159283
2020-01-15,0.054204833,-0.036816992,0.030910013,0.025207328,0.03172479,-0.0692808
2020-01-16,-0.057685636,-0.05261381,-0.27951714,-0.35092184,0.057967123,0.048363846
2020-01-17,0.043666027,0.076911494,0.2457256,0.3644951,-0.045731794,-0.086950436
2020-01-21,-0.04024135,-0.14330104,-0.21478464,-0.57422465,0.023299187,0.021734376
2020-02-03,-0.2353134,-0.95488775,-0.94925237,-2.7557793,0.081087254,-0.09622301
2020-02-04,-0.0037715263,0.05307481,0.032641876,0.09977948,-0.049579393,0.05238459
2020-02-05,0.15206246,0.27328253,0.43037307,1.132517,-0.036886007,-0.038359955
2020-02-06,-0.016691599,0.027160231,0.007518221,0.17341444,0.030835308,-0.0014639497
2020-02-07,-0.05526515,-0.10255046,-0.17302312,-0.48496786,-0.0012279946,0.027684001
2020-02-10,-0.009255794,-0.13918073,-0.1534404,-0.43848234,0.013311885,-0.0040412624
2020-02-11,0.028189987,0.0982717,0.12485113,0.41677177,-0.040476553,0.038524523
2020-02-12,0.05686068,0.18041791,0.2397536,0.62291574,-0.09231669,0.05297816
2020-02-13,0.0063340818,0.07255971,0.007347277,0.30244336,0.03830882,-0.03271576
2020-02-14,-0.0479953,-0.012743022,-0.07715426,-0.0026573555,-0.012270187,0.008694495
2020-02-18,0.043374028,0.08286624,0.19245912,0.47033083,-0.026081141,-0.076859586
2020-02-19,0.03745354,0.164449,0.12602367,0.63194674,-0.01525875,-0.0132314395
2020-02-20,-0.07399282,-0.06975949,-0.20704521,-0.3902711,0.029218338,-0.0012556663
2020-02-21,-0.008642859,-0.052910082,0.050145734,0.09997473,0.018064087,-0.04448034
2020-02-24,-0.11464528,-0.44126824,-0.49773318,-1.4568241,0.13758302,-0.069579065
2020-02-25,-0.12651728,-0.20454985,-0.36830738,-0.9937066,-0.0017043569,0.098173276
2020-02-26,-0.09588279,-0.27861708,-0.34046027,-1.0068634,0.05091184,-0.0024381601
2020-02-27,-0.11061502,-0.31679443,-0.37833047,-1.1806798,0.10499518,0.03344167
2020-02-28,-0.17519288,-0.115902916,-0.38406417,-1.0117428,0.059578698,0.1400222
2020-03-02,0.20077446,0.32706788,0.4171826,1.3634472,-0.12712449,-0.02717423
2020-03-03,0.016143095,0.050312698,0.18955345,0.4194805,0.01937849,-0.07532253
2020-03-04,0.016759852,0.033203248,0.06717688,0.13744852,-0.011283678,-0.009157024
2020-03-05,-0.06572123,-0.16588786,-0.23385037,-0.6383229,0.07682393,-0.10511473
2020-03-06,-0.102137186,-0.59013855,-0.5507102,-1.9289,0.14133157,-0.0627513
2020-03-09,-0.21061073,-0.9142916,-0.87782717,-2.7214103,0.18414159,-0.07320184
2020-03-10,0.115121916,0.42492598,0.47376367,1.4501754,-0.08907436,0.037351336
2020-03-11,-0.08097833,-0.24747999,-0.36268988,-0.96378344,0.05045881,-0.012067554
2020-03-12,-0.2436844,-0.5110247,-0.85209405,-2.2652729,0.13983865,0.062145077
2020-03-13,-0.1601605,0.014942476,-0.22219394,-0.8075493,-0.016253369,0.14183725
2020-03-16,-0.2938686,-0.869062,-0.9945814,-2.742581,0.07098488,-0.034443393
2020-03-17,-0.07551991,-0.2374866,-0.35024908,-0.7643541,0.06890183,0.00033265018
2020-03-18,-0.31818825,-0.7364902,-0.8503986,-2.5091164,0.07166581,-0.02811304
2020-03-19,0.2919399,0.6444277,0.6614173,2.0251198,-0.031734016,0.08173417
2020-03-20,-0.051260315,-0.2985563,-0.09641035,-0.5454316,0.052224267,-0.15382732
2020-03-23,-0.082566015,-0.2504885,0.10146836,-0.66723514,0.16934447,-0.2789389
2020-03-24,0.3802987,0.3851723,0.826878,2.037574,0.021079814,-0.16995881
2020-03-25,0.29417464,0.31666166,0.32886985,1.2026,-0.03975581,0.044247452
2020-03-26,-0.10127838,-0.28537467,-0.33861256,-1.1029426,0.057333898,-0.0466091
2020-03-27,-0.013146531,-0.035419963,-0.07987838,-0.48400012,-0.002683088,0.04099754
2020-03-30,-0.06498282,-0.37928152,-0.41973802,-1.4424406,0.08272633,0.041067284
2020-03-31,0.062393013,0.07483802,0.10633719,0.25308573,-0.062151704,0.030172378
2020-04-01,-0.21498007,-0.4276357,-0.53438663,-1.6397275,0.09641003,-0.08183952
2020-04-02,0.36722854,0.6089852,0.7855064,2.3367357,-0.13231699,-0.09930691
2020-04-03,0.06333222,0.44106674,0.37279412,1.1748061,-0.15427104,0.032290883
2020-04-07,-0.017940879,-0.12083091,0.18748651,0.32837328,-0.0054411027,-0.1837155
2020-04-08,0.041946456,0.09490105,-0.021242313,0.16468632,-0.033621814,0.055418722
2020-04-09,0.04857913,-0.12540248,0.18952833,0.1957074,0.05986325,-0.20428763
2020-04-14,0.0021356686,-0.2769648,-0.25402975,-0.4617392,0.052716177,-0.05033711
2020-04-15,-0.058838703,-0.23058408,-0.3472344,-1.0063019,0.082346745,0.056509625
2020-04-16,0.013836806,-0.033824623,0.035929073,-0.011380936,-0.0123091815,0.010423076
2020-04-17,-0.05632382,-0.015393666,0.019372918,0.0022084636,-0.09011137,0.061930478
2020-04-22,0.36965203,0.5821356,0.48628506,1.9610732,-0.12312536,0.04330976
2020-04-23,0.15700169,0.4255077,0.23174468,1.1792613,-0.035950236,0.000111049936
2020-04-24,-0.122434,-0.24787799,-0.42972064,-1.150704,0.11900656,0.011977581
2020-04-27,-0.2523168,-0.56743914,-0.538406,-1.7608607,0.119312,-0.06682758
2020-04-28,0.024641717,0.107335515,0.18116698,0.57749534,-0.030966448,-0.05183253
2020-04-29,0.2452727,0.5783138,0.57007784,2.0009165,-0.21190527,0.005082454
2020-04-30,0.2504072,0.5549332,0.58170396,1.8141402,-0.1172994,-0.0030529955
2020-05-06,0.18161589,0.57976145,0.23620091,1.5578084,-0.015419512,0.078996845
2020-05-07,0.16495803,0.20930064,0.4708783,1.1439117,0.06810983,-0.12388147
2020-05-11,0.07102726,0.14876133,0.21985106,0.39743847,-0.07484755,0.025936162
2020-05-12,-0.00012087182,0.040582024,-0.09042993,-0.042612016,0.036182873,-0.06112591
2020-05-13,-0.14926438,-0.25349712,-0.41614735,-0.941891,0.10571136,-0.060616676
2020-05-14,0.16597158,0.38777325,0.45899954,1.5267017,-0.07941821,-0.03145088
2020-05-15,0.28183952,0.19490607,0.47872505,1.2016629,-0.027827376,-0.13833627
2020-05-18,0.3603981,0.6281245,0.809689,2.222926,-0.025260765,-0.020960879
2020-05-19,0.06999556,0.045633566,0.09963083,0.25575542,0.043923605,-0.054106586
2020-05-20,0.16871229,0.19167632,0.42227948,0.87023616,-0.08167084,-0.018132774
2020-05-21,-0.17576838,-0.067889184,-0.3964985,-0.7971687,0.027364042,0.16019413
2020-05-22,-0.03386267,-0.22842915,-0.26576427,-0.6968726,0.07630142,-0.06568187
2020-05-26,0.02813347,0.25786218,0.21823679,0.73545367,-0.08146862,0.08505979
2020-05-27,-0.07095332,-0.2565541,-0.22110114,-0.9181009,0.08991064,-0.013542074
2020-05-28,0.0546823,0.0060300278,0.117252,-0.026661867,-0.08343638,-0.004431186
2020-05-29,0.17186774,0.18735182,0.31430554,0.8729039,-0.0051765232,-0.060996544
2020-06-01,0.118949585,0.3131785,0.43304312,1.3358095,-0.04647632,-0.09657959
2020-06-02,0.02016701,0.29419267,0.15830088,0.7705104,-0.102729015,0.1050485
2020-06-03,0.023345176,-0.0006203036,0.01378354,-0.10117287,-0.07065556,0.08980774
2020-06-04,0.07266595,0.058799516,0.21942373,0.3366826,-0.05325494,-0.019609362
2020-06-05,0.074721605,0.42175275,0.27669492,1.1901158,-0.09452561,0.13250609
2020-06-08,0.023455799,-0.12864307,0.014446585,-0.095020466,0.04321708,-0.09662462
2020-06-09,0.015892377,0.017687352,0.04982785,0.22608326,0.0022544863,0.035126403
2020-06-10,0.03258926,0.09747554,0.14567402,0.44240627,-0.054853726,0.023501229
2020-06-11,-0.16829132,-0.42491588,-0.5192839,-1.5295197,0.10507272,-0.10777912
2020-06-12,-0.062283628,-0.027333604,-0.11513506,-0.3115087,0.002121886,0.058036607
2020-06-15,-0.009273189,0.14373228,0.015174449,0.37958938,0.020284673,0.023943568
2020-06-16,0.14380741,0.2595455,0.3718084,1.1367811,-0.029648012,-0.06453043
2020-06-17,-0.008086485,0.041009005,0.048471868,0.28266785,-0.010057343,-0.026511163
2020-06-18,-0.025418956,0.09037625,-0.03835033,0.1271794,-0.02269339,0.045097955
2020-06-19,0.09917291,0.14436707,0.2868651,0.7388786,-0.04851902,-0.080430254
2020-06-22,0.05540317,0.09188591,0.15125783,0.4632223,-0.041227855,-0.021287547
2020-06-23,-0.007837631,-0.046791337,-0.0766119,-0.1350659,-0.0066352086,-0.009904217
2020-06-24,-0.16134557,-0.46119997,-0.5482465,-1.6980433,0.08958625,0.005354595
2020-06-29,0.08337745,0.15594882,0.31021756,0.77078944,-0.021516638,-0.034712765
2020-06-30,0.097530425,0.14193593,0.4104024,0.82598454,-0.08498812,-0.0971607
2020-07-01,0.017750915,0.1731651,0.17339012,0.570052,-0.09114417,0.06935824
2020-07-02,0.023691555,0.13305774,0.060724787,0.48430273,0.04933892,-0.0005692866
2020-07-06,0.04377076,0.107771195,0.22155158,0.4506516,-0.031849857,-0.05179921
2020-07-07,0.10406588,0.092360094,0.22890705,0.51654595,-0.05024316,-0.012217812
2020-07-08,0.1227994,0.10038842,0.301245,0.66574794,-0.045109414,-0.09652036
2020-07-09,-0.101176664,-0.15002806,-0.25677663,-0.6899603,0.06848983,0.02119849
2020-07-10,0.08678299,0.11083754,0.09973936,0.5014832,-0.029919807,0.0253172
2020-07-13,0.060138285,-0.0275239,0.0328609,0.24205427,0.079336196,-0.09178873
2020-07-14,-0.13008249,-0.045891464,-0.18944474,-0.49646375,0.023986207,0.06791291
2020-07-15,0.10712535,0.113449894,0.1683805,0.5626894,-0.055264514,0.022541365
2020-07-16,-0.10551655,-0.013814106,-0.13904198,-0.05283292,0.0573895,-0.027171372
2020-07-17,-0.0006059436,-0.026564727,0.05727154,-0.026806112,-0.02133214,0.0013860925
2020-07-20,0.034589455,0.019253086,0.037227795,0.21819481,0.04101756,-0.06260317
2020-07-21,0.2691639,0.32651812,0.6007606,1.6114079,0.01384066,-0.13841055
2020-07-22,0.079251334,0.03325102,0.21572489,0.4872224,0.02701052,-0.118559666
2020-07-23,-0.0014001927,-0.057433385,-0.01646552,-0.0719715,0.025201933,-0.0440219
2020-07-24,-0.026310593,-0.041462105,-0.1121795,-0.30202076,0.0005552223,0.05413257
2020-07-27,0.074999094,0.07836227,0.19774096,0.60539126,0.053753655,-0.13982245
2020-07-29,0.009911976,-0.021888541,0.03528578,0.1547433,-0.030270904,-0.018879548
2020-07-30,-0.14377151,-0.19541717,-0.3053818,-0.84304523,-0.0027247611,0.077114195
2020-07-31,0.05252838,0.1381077,0.20284885,0.5271823,-0.02363671,-0.06949604
2020-08-03,0.08945056,0.18397644,0.33576608,0.882448,-0.07229564,-0.0052938284
2020-08-04,0.08224353,0.05026309,0.15298313,0.6132556,0.060532883,-0.13439025
2020-08-05,0.14624801,0.16230759,0.36384755,0.9508818,-0.048352703,-0.14261816
2020-08-06,0.039475486,-0.061325442,0.08486445,0.14415622,0.05617372,-0.11793693
2020-08-07,-0.17592059,-0.21815151,-0.5786157,-1.3497975,0.08480189,0.10961787
2020-08-10,0.0986909,0.15490787,0.3203311,0.8103308,0.065117486,-0.10552553
2020-08-11,-0.11490525,-0.010715118,-0.2708662,-0.57973236,-0.054759193,0.18480404
2020-08-12,0.026198106,0.13447273,0.19296788,0.48549947,-0.044433277,0.036500268
2020-08-13,0.06459638,0.019753097,0.15379393,0.2614814,0.006170098,-0.14909773
2020-08-14,-0.06863293,-0.073392496,-0.15395977,-0.37098402,-0.05601459,0.13829488
2020-08-17,0.17605153,0.17145883,0.4502257,1.0390345,-0.028824253,-0.1333362
2020-08-18,0.07209677,0.07952436,0.21865186,0.63705397,-0.008206566,-0.020430923
2020-08-19,0.0083632935,0.03914106,0.0034868733,0.06851098,-0.06894978,0.10128023
2020-08-20,-0.11053521,-0.09454556,-0.31936407,-0.66589314,0.03787603,0.054765243
2020-08-21,-0.03656504,-0.14939813,-0.23582226,-0.742529,-0.014631909,0.04096861
2020-08-24,0.014485128,0.20348592,0.13917305,0.67456204,-0.041705184,0.023657538
2020-08-25,0.06288811,0.20845853,0.2529339,0.6908095,-0.08412222,0.021429988
2020-08-26,0.056796946,-0.01407416,0.15138187,0.21039256,0.039898787,-0.062293794
2020-08-27,-0.013399418,-0.04480335,0.015460839,-0.28267768,-0.04280421,0.04940223
2020-08-28,0.124773405,0.102766916,0.3053018,0.73573476,-0.034755137,-0.076027595
2020-09-01,0.047868647,0.08973888,0.22521958,0.51794565,-0.029152382,-0.08387575
2020-09-02,-0.16792028,-0.24310632,-0.433083,-1.1429343,0.023332106,0.10336306
2020-09-03,-0.119196095,-0.23038194,-0.39687186,-0.9943327,0.07141219,0.05075512
2020-09-04,-0.017791009,-0.09940245,-0.024452815,-0.11891796,-0.027153274,0.015654862
2020-09-08,-0.1009822,-0.44870993,-0.3231595,-1.3607421,0.11766427,-0.07073386
2020-09-09,0.07318911,0.15919363,0.15674196,0.570449,-0.05177367,-0.016139861
2020-09-10,-0.020234603,-0.03838859,-0.05081823,-0.12550299,0.04174401,-0.0832187
2020-09-11,0.036245294,0.14438374,0.14767267,0.46742216,-0.036893573,0.009570022
2020-09-14,0.07616686,0.037317663,0.11333678,0.29448402,-0.0081758415,-0.033391718
2020-09-15,0.029484445,0.09272658,0.12014935,0.48345104,0.023020824,-0.05968964
2020-09-16,0.09125338,0.27467236,0.34484822,0.8848931,-0.059008665,0.0101849865
2020-09-17,-0.013652293,0.14925703,0.0685622,0.29737782,-0.0409152,0.06904852
2020-09-18,0.09051434,0.07465624,0.23547205,0.378528,-0.07720034,-0.0008163145
2020-09-21,-0.2640335,-0.49621558,-0.7570405,-2.0600014,0.12119407,0.056158952
2020-09-22,-0.011783306,0.0082663065,-0.024221748,-0.011120806,-0.01769865,0.007093256
2020-09-23,-0.09217591,-0.10652936,-0.4049609,-0.7439298,-0.009844361,0.15287602
2020-09-24,-0.043617442,-0.06616998,-0.16021621,-0.23656042,0.0051090224,0.039159905
2020-09-25,-0.0073970794,0.09139664,0.05273332,0.35571563,0.0053620767,0.009416987
2020-09-28,0.16425392,0.21182732,0.3255791,0.85938275,0.021574035,-0.11071417
2020-09-29,0.0009790594,-0.17382312,-0.06402481,-0.2591153,0.0021059723,-0.053042814
2020-10-12,0.23477288,0.3984813,0.7164415,1.5414617,-0.12907058,-0.033387724
2020-10-13,-0.049112972,0.070778415,-0.040545214,-0.07671264,-0.02426302,0.10518583
2020-10-14,0.02591416,0.16106683,0.20088926,0.55486643,-0.014639956,-0.04183672
2020-10-15,0.07136341,-0.02005419,0.15636486,0.0074146963,-0.11474285,0.028636284
2020-10-16,0.012099011,0.0019904713,-0.008275631,0.029874174,0.010678549,-0.027247181
2020-10-19,0.01488326,-0.0006458835,-0.0033517394,-0.013874616,-0.015628146,-0.05572053
2020-10-20,0.114622764,0.16418254,0.3245691,0.64433086,-0.0949604,0.0039210827
2020-10-21,5.8807385e-05,-0.14511013,-0.0025213612,-0.19427393,0.015589404,-0.080249384
2020-10-22,-0.006967705,0.091788314,0.0038949568,0.2377779,-0.0643833,0.06419006
2020-10-23,0.005172563,-0.025834698,-0.0051892046,-0.17963253,0.039447084,-0.011723708
2020-10-26,-0.13830598,-0.23734504,-0.37317586,-0.9621917,0.059828203,0.021402374
2020-10-27,0.065858155,0.15031251,0.140268,0.5913879,-0.022457635,-0.0034857567
2020-10-28,-0.14635468,-0.41247922,-0.60618895,-1.576343,0.12164044,0.06834623
2020-10-29,-0.083832964,-0.2696266,-0.33695757,-0.97183985,0.04956763,0.029634317
2020-10-30,-0.013968775,-0.014542525,0.05488304,0.08646728,0.0070960307,-0.015959011
2020-11-02,0.08068896,0.19779834,0.2922014,0.789469,-0.012722029,-0.022681266
2020-11-03,0.11381694,0.24871051,0.37920818,1.0417904,-0.032108612,-0.07844055
2020-11-04,0.054341726,0.25326395,0.23503743,0.8187223,-0.08625021,0.05062677
2020-11-05,0.1262,0.10772078,0.36737382,0.8086599,0.01648774,-0.15482646
2020-11-06,-0.019077564,-0.2159158,-0.108977556,-0.41088915,0.070196934,-0.040263847
2020-11-09,0.008516574,0.34283376,-0.022697786,0.58969283,-0.15120986,0.24881575
2020-11-10,0.15143573,0.2879755,0.52383524,1.2075733,-0.09200758,-0.07277757
2020-11-11,-0.0843251,-0.0068057915,-0.12750858,-0.09725061,7.641458e-05,0.058424324
2020-11-12,-0.01640824,-0.047095258,-0.07596624,-0.017204467,0.08739236,-0.022873657
2020-11-13,-0.0072855353,-0.12276482,0.018763313,-0.19599093,0.0072803125,-0.05941895
2020-11-16,0.14635038,0.25392297,0.4028001,1.1536465,-0.035797305,-0.032708835
2020-11-17,0.017376533,0.04409497,0.049896747,0.17344838,-0.0012105071,0.003692328
2020-11-18,0.07526697,0.18580113,0.2748769,0.7942313,-0.08367632,0.0018334589
2020-11-19,-0.042823326,-0.04571324,-0.13533181,-0.23840559,0.020671388,0.041765243
2020-11-20,0.07978252,0.13471252,0.22471114,0.62451375,-0.058154285,-0.028149793
2020-11-23,-0.08353141,0.10171507,-0.15631452,-0.06319301,-0.063132055,0.13237314
2020-11-24,0.14068577,0.2399311,0.21705072,0.82108355,-0.101472676,0.08286673
2020-11-25,-0.008046111,0.029758636,-0.06673349,0.16463692,0.06371836,0.029672792
2020-11-27,0.06793026,0.107253015,0.21166874,0.39747736,-0.12907034,0.097668655
2020-11-30,-0.08418459,-0.112280525,-0.28203547,-0.44757697,0.12042333,-0.00201048
2020-12-01,0.05652604,-0.052249998,0.16033027,0.3078889,0.08050332,-0.17220536
2020-12-02,0.03165464,0.064748935,0.120098695,0.36254385,-0.0506886,0.013168973
2020-12-03,0.061249927,0.13796945,0.21378295,0.5025529,-0.002282523,-0.04339936
2020-12-04,0.07747305,0.08296398,0.12326648,0.3694032,-0.04326791,0.0011613844
2020-12-07,-0.02772498,-0.039437484,-0.03973792,-0.017900433,0.046060704,-0.087138675
2020-12-08,-0.055755813,-0.08294501,-0.18354832,-0.281214,0.017774902,0.005390649
2020-12-09,0.050110344,0.11401057,0.1718259,0.34140858,-0.11119494,0.08433595
2020-12-10,0.09365965,0.2522874,0.33979172,0.950371,-0.032486502,0.01766009
2020-12-11,-0.047250174,0.003802434,-0.034433886,-0.08616217,-0.046745464,0.015146571
2020-12-14,0.02045886,0.11631673,0.07596779,0.3784908,-0.0017809499,0.02573506
2020-12-15,0.057322297,0.09068657,0.1136813,0.53890014,0.002378818,-0.07979677
2020-12-16,0.020450264,0.050079215,0.098678425,0.36564764,0.0056094183,-0.011783133
2020-12-17,0.14901328,0.24596247,0.47686562,1.1642256,-0.037728675,-0.10075031
2020-12-18,0.0074203443,0.111655794,0.105292976,0.38836133,-0.036640566,0.009574708
2020-12-21,-0.08260921,-0.24364655,-0.27988544,-0.93000144,0.037599124,0.021366976
2020-12-22,-0.075044714,-0.11627571,-0.26367387,-0.6859971,-0.03165463,0.08653022
2020-12-23,0.124642976,0.3120417,0.40107244,1.1270008,-0.011593504,-0.009997557
2020-12-24,0.033582658,0.03915348,0.13918483,0.33687252,-0.00858079,-0.024095248
2020-12-29,0.035111096,0.048712548,0.11724478,0.2065234,-0.05520937,0.010954922
2020-12-30,0.09775826,0.146243,0.21908252,0.57105994,-0.048409544,0.012428564
2020-12-31,-0.038966127,0.019683111,0.011064388,0.050706167,-0.047855735,0.019317491
2021-01-04,0.06062445,0.026394268,0.2354425,0.47914946,0.036842834,-0.12549873
2021-01-05,0.26517716,0.4089952,0.68193704,1.722875,-0.101626545,-0.0074323253
2021-01-06,-0.0034900138,0.043120235,-0.046037428,0.03968039,-0.06303894,0.08966856
2021-01-07,0.03446239,0.0359799,0.06037227,0.22745647,0.0100696515,-0.0121013895
2021-01-08,-0.16719279,0.05643996,-0.325053,-0.4625926,-0.050971143,0.26437974
2021-01-11,-0.08920244,-0.1349662,-0.25395668,-0.5106235,0.045818903,-0.03471541
2021-01-12,0.13561003,0.22242336,0.4606336,0.87976366,-0.1217159,-0.023068685
2021-01-13,0.0802521,0.022651754,0.14687623,0.4288251,-0.04372236,-0.039361082
2021-01-14,0.09232492,0.17619422,0.33973503,0.7701087,-0.090380505,0.010737701
2021-01-15,-0.13781187,-0.23799111,-0.5050439,-1.2170382,0.043815296,0.104719706
2021-01-19,0.033441283,-0.036576614,-0.03326356,0.14388484,-0.035442773,-0.007004357
2021-01-20,0.057484265,0.053460907,0.16588075,0.5041778,0.029570471,-0.079375416
2021-01-21,-0.0007982624,0.042033516,0.09213996,0.23296134,-0.0040166625,-0.0023919477
2021-01-22,-0.09874549,-0.17110601,-0.5047419,-0.8235117,0.13911678,0.10675334
2021-01-25,0.032982793,0.14057732,0.22288284,0.48314193,-0.097973004,0.043595757
2021-01-26,0.016718475,0.090108484,0.21534432,0.3011706,-0.089262284,0.026025675
2021-01-27,-0.08388602,-0.04584603,-0.17602071,-0.36447245,-0.001089507,0.09468837
2021-01-28,-0.039076783,-0.0842655,-0.092817344,-0.24335805,0.06652851,-0.018630836
2021-01-29,0.027684528,0.055675182,0.16061862,0.30685988,-0.035761908,-0.07416312
2021-02-01,0.15918562,0.15626024,0.32980382,0.9812615,0.0023745548,-0.12111935
2021-02-02,-0.11479006,-0.01623724,-0.2676393,-0.3559915,-0.0548195,0.15680803
2021-02-03,0.070858784,0.17459965,0.27167544,0.69400275,-0.025283877,-0.06420568
2021-02-04,-0.033375792,0.07130478,-0.07978531,0.028883215,-0.036532,0.09442119
2021-02-05,0.1375284,0.16824283,0.3633332,0.89463365,0.022154279,-0.07193695
2021-02-22,0.577431,0.9278983,1.1854341,2.9790673,0.106355876,0.00071674236
2021-02-23,-0.06990486,0.041357074,-0.050526477,0.068843365,-0.03964968,0.077846244
2021-02-24,0.116987824,0.32389265,0.4654581,1.1604831,-0.026627142,0.057670005
2021-02-25,-0.049363315,-0.053576063,-0.2355769,-0.2711633,0.052010488,0.106880255
2021-02-26,-0.20499709,-0.35818782,-0.65977556,-1.6465192,0.00058910355,0.080980666
2021-03-01,0.009330929,-0.081336565,-0.19418047,-0.25054476,0.10416118,-0.008196941
2021-03-02,0.10164169,0.09926812,0.36337245,0.5732978,-0.02190299,-0.014034485
2021-03-03,-0.15633138,-0.0833843,-0.42635754,-0.68286335,0.046290793,0.13967794
2021-03-04,-0.14903507,0.019486653,-0.30688474,-0.47589377,-0.015033112,0.113963634
2021-03-05,0.09054014,0.3117218,0.4296089,1.1449504,-0.08954519,0.012319009
2021-03-08,-0.012308914,-0.046774305,-0.07402383,-0.13152312,0.027419185,-0.000903222
2021-03-09,-0.009695005,-0.07118192,0.015980676,-0.14881226,0.10638923,-0.10073207
2021-03-10,0.018310333,-0.0031868762,-0.041218247,0.06802344,-0.009207317,0.011992175
2021-03-11,0.08038262,0.25625488,0.33502457,1.0395538,-0.05275823,-0.016659375
2021-03-12,-0.018754415,0.0031281216,-0.0876088,-0.015824819,-0.011269029,0.038561955
2021-03-15,0.03693369,-0.027619207,0.049166318,0.012060281,0.057026424,-0.079657234
2021-03-16,-0.02993121,-0.039944958,-0.111077346,-0.2430582,-0.016361823,0.025569765
2021-03-17,-0.046686824,-0.07566386,-0.08885236,-0.24839021,0.042999547,-0.015154022
2021-03-18,-0.0883857,-0.46657783,-0.52674854,-1.4625319,0.12053471,-0.048482127
2021-03-19,0.034533557,0.1631055,0.23838615,0.55042577,-0.030097097,0.003405723
2021-03-22,-0.007821047,0.071394406,0.037283763,0.23129605,-0.012024681,0.060802434
2021-03-23,-0.09868355,-0.3415841,-0.43726552,-1.3781608,0.06756926,0.017209891
2021-03-24,0.058583926,0.29085606,0.28815916,0.9889578,-0.045688752,0.021285294
2021-03-25,-0.12077203,-0.4064181,-0.56558764,-1.5589527,0.16546899,0.01134002
2021-03-26,0.13523115,0.28686532,0.338997,1.1540459,-0.026238225,-0.033585574
2021-03-29,-0.037647918,-0.042746313,-0.18227397,-0.3419942,0.0031287088,0.0595027
2021-03-30,-0.1248409,-0.24223815,-0.54431117,-1.1003767,0.074244276,0.053991638
2021-03-31,0.095440306,0.1436872,0.4519602,0.6734909,-0.05723997,-0.10486436
2021-04-01,0.021206219,0.02753383,-0.0042898585,0.13942833,0.03514484,0.033493064
2021-04-06,0.11851347,0.05028514,0.32938394,0.75383645,0.05690745,-0.09034378
2021-04-07,-0.04284322,-0.046621867,-0.10242282,-0.25053757,-0.007872205,-0.006337152
2021-04-08,0.06616997,0.14944787,0.34987894,0.7258802,-0.07738862,-0.073739514
2021-04-09,-0.06074088,-0.07397572,-0.1996549,-0.44254053,-0.03850302,0.054247443
2021-04-12,-0.12793976,-0.16084547,-0.3960836,-0.82070696,0.040988,0.10758831
2021-04-13,0.04900466,0.17351034,0.31634817,0.70697874,-0.06352498,-0.049756613
2021-04-14,0.1622787,0.42939878,0.59581095,1.5729595,-0.120951094,0.0029050377
2021-04-15,0.11960127,0.1293262,0.35255405,0.84771943,-0.03504503,-0.06740309
2021-04-16,0.00052122824,-0.030743966,0.0045170244,-0.022319673,0.02807763,-0.032346766
2021-04-19,-0.02280087,0.0322508,0.018881839,0.07844731,-0.031216526,0.043626267
2021-04-20,-0.032660346,0.026323743,0.109763026,0.06376532,-0.044126183,-0.0025148091
2021-04-21,0.08007517,0.11028416,0.3942335,0.63390505,-0.04604415,-0.08350991
2021-04-22,0.045374215,0.13173589,0.29847324,0.3384767,-0.13135053,0.03826375
2021-04-23,0.07681264,0.16002989,0.22388785,0.68035406,-0.08184756,-0.015759323
2021-04-26,0.12467992,0.22059941,0.52532125,0.9939361,-0.09945926,-0.01785699
2021-04-27,0.054055758,0.19486432,0.28939566,0.79578245,-0.07838017,6.345372e-05
2021-04-28,-0.032840863,0.12424723,0.003463043,0.23429246,0.036427412,0.09386137
2021-04-29,-0.013845965,-0.008382394,-0.06324896,-0.13070153,0.015336617,0.010002618
2021-04-30,0.027807789,0.06121796,0.21076137,0.10122891,-0.045304928,-0.04463495
2021-05-06,0.26906344,0.36621237,0.6122755,1.6627982,0.018339328,-0.061670557
2021-05-07,0.08330734,0.14348623,0.3190148,0.73768085,-0.04811818,-0.02216106
2021-05-10,-0.039992098,-0.09093809,-0.27036914,-0.3031481,0.07705092,0.025273137
2021-05-11,0.026927594,0.113219775,0.19690561,0.43620652,-0.052802652,0.021889001
2021-05-12,-0.081452385,0.022010675,-0.15698133,-0.13998266,0.013632796,0.043685522
2021-05-13,-0.15226974,-0.37745062,-0.59229845,-1.3262738,0.11856605,0.025378881
2021-05-14,0.0374118,0.037030254,-0.005915182,0.16401401,0.0609074,-0.015524647
2021-05-17,0.14328839,0.0916466,0.23832773,0.72472566,0.011273065,-0.06712457
2021-05-18,-0.010911932,0.0066095563,-0.0011997172,0.17728025,0.0066396086,-0.029370585
2021-05-19,-0.1989675,-0.40455902,-0.62843174,-1.6311296,0.10469079,0.004392537
2021-05-20,-0.033760756,-0.1312047,-0.17407866,-0.5400862,0.053445764,-0.03175217
2021-05-21,-0.08889411,0.013352188,-0.23364381,-0.3053377,0.0060512368,0.04641718
2021-05-24,0.05038681,0.21033515,0.20531899,0.71659553,0.018040778,-0.010307207
2021-05-25,0.038228218,-0.04397026,-0.099264964,0.035722204,0.054263853,-0.027714653
2021-05-26,-0.008192079,0.03792927,0.004498509,0.20298505,0.018845897,0.042679735
2021-05-27,0.090074584,0.3039995,0.53062797,1.009847,-0.052169867,-0.013449699
2021-05-28,-0.032770727,-0.026069967,-0.085099995,0.05579045,0.020516878,-0.0043870495
2021-06-01,0.11265648,0.26702246,0.40153444,0.73407435,-0.10920724,-0.02242253
2021-06-02,0.024939163,0.04928931,0.07530765,0.2628573,0.048358515,-0.034737315
2021-06-03,-0.15550782,-0.21573307,-0.5425501,-1.1094813,0.02671869,0.08723217
2021-06-04,0.104804374,0.27718875,0.5010821,1.1458954,-0.09063138,-0.04350304
2021-06-07,-0.054859538,-0.1065224,-0.1825129,-0.39553806,0.057763312,-0.019930972
2021-06-08,0.032696888,0.13038716,0.15991805,0.41888332,-0.054971363,0.045701575
2021-06-09,-0.023514383,0.023335587,0.02657627,0.099619046,-0.010199007,-0.037786357
2021-06-10,-0.021567797,0.011110322,-0.032653,-0.005577181,-0.02559939,0.002071243
2021-06-11,0.008428298,-0.11375903,-0.1980838,-0.29342622,0.045030516,-0.0062503405
2021-06-15,-0.14454435,-0.17284457,-0.5482747,-1.002938,0.1089764,0.03856014
2021-06-16,0.0056506395,-0.05549964,-0.06937549,-0.08512494,-0.0037151577,-0.025311936
2021-06-17,-0.26757637,-0.47169396,-0.93604946,-2.221249,0.21011168,0.104851164
2021-06-18,0.030856421,0.13379832,0.26274073,0.33435872,-0.10318582,0.036812253
2021-06-21,0.082597576,0.20645444,0.3389497,0.8202329,-0.039582223,-0.01674964
2021-06-22,0.021822767,0.045136552,0.0715541,0.27018532,0.015332523,-0.006379496
2021-06-23,0.11276404,0.17601854,0.40348563,0.88124436,-0.09408655,-0.02940016
2021-06-24,0.02382122,-0.008288932,-0.00689699,0.023044955,-0.0039749737,0.031823356
2021-06-25,-0.03191048,-0.07205726,-0.2162036,-0.17488328,0.045471914,0.0023631556
2021-06-28,0.015787784,0.06522161,0.28219828,0.2672327,-0.08825881,-0.035005473
2021-06-29,-0.016721442,0.12711503,0.13781713,0.30287573,-0.017492324,0.040755324
2021-06-30,0.12466822,0.18051842,0.38963833,0.6740259,-0.07547632,-0.003940953
2021-07-01,-0.021218333,0.06052886,-0.079112574,0.072503,0.033063043,-0.0010044536
2021-07-02,0.037663244,0.08357938,0.09227896,0.43094715,0.026109388,-0.009470231
2021-07-06,-0.13507318,-0.34624243,-0.6645831,-1.245949,0.1583137,-0.0024721015
2021-07-07,0.02221471,-0.016807014,0.059088904,-0.05725297,-0.028392833,0.008946537
2021-07-08,-0.022330469,-0.0012011081,-0.1550896,-0.18455757,-0.016966691,0.05007907
2021-07-09,0.15114117,0.20698054,0.27859247,0.8871149,-0.0367004,-0.033740796
2021-07-12,0.041400682,0.12281761,0.29352638,0.42224148,-0.067134574,-0.043877702
2021-07-13,0.0025963099,0.15931141,0.18182656,0.5217574,-0.011760953,0.017129445
2021-07-14,0.006075596,-0.059692908,-0.025601348,-0.10196926,-0.0138206985,-0.066724315
2021-07-15,0.053833768,-0.14593114,-0.31481734,-0.4021491,0.020839289,0.08609032
2021-07-16,0.00032236843,0.031708125,-0.022785751,-0.062493056,-0.057921845,0.09798329
2021-07-19,-0.15400313,-0.5389498,-0.6696395,-2.1053748,0.12701443,-0.0050703157
2021-07-20,0.06705285,0.19366154,0.34100097,0.87905246,-0.09329768,0.009336477
2021-07-21,0.06901274,0.23862031,0.2063804,0.87180936,-0.046096228,0.03251869
2021-07-22,0.052647628,0.16483234,0.17317705,0.8116803,0.02271375,-0.0026038818
2021-07-23,-0.0071322643,0.034939867,-0.014296803,0.116393805,0.020887906,0.061200492
2021-07-26,0.09736435,0.16044389,0.30994686,0.9587501,-0.02532059,0.022219561
2021-07-27,-0.07931279,-0.081314474,-0.22432737,-0.53168607,-0.008818695,0.0398335
2021-07-28,0.06870871,0.09983064,0.14450781,0.33017662,-0.05016423,0.03433083
2021-07-29,0.100934826,0.21128453,0.40930533,0.9320158,-0.014073739,-0.086618915
2021-07-30,-0.09075861,-0.086672254,-0.33174908,-0.64011353,0.10324237,0.029403502
2021-08-02,0.019092822,-0.17676094,-0.08611562,-0.64209735,-0.027675703,-0.034540992
2021-08-03,-0.08620721,-0.16358088,-0.3162348,-0.6186222,0.001547759,0.06003324
2021-08-04,-0.08082395,-0.1989781,-0.32301694,-0.76120234,0.048014015,0.0120043745
2021-08-05,0.033489928,0.13073802,0.14935966,0.43426153,-0.049172662,0.018400664
2021-08-06,-0.07638802,-0.034509096,-0.2075141,-0.5716524,-0.051285468,0.14722213
2021-08-09,-0.108663544,-0.14159986,-0.34955198,-0.81070423,0.05176107,0.11767695
2021-08-10,0.16669871,0.22610639,0.38749292,1.0783423,-0.081526585,0.0051666726
2021-08-11,0.04078075,0.040127885,0.0883671,0.32081982,0.026536927,-0.06411902
2021-08-12,-0.006878522,0.039826,0.069925524,0.101045564,-0.07232323,0.021843147
2021-08-13,0.097277164,0.047758467,0.23219152,0.48119602,-0.013291437,-0.1049547
2021-08-16,-0.07124492,-0.1816824,-0.17750211,-0.627614,0.10269484,0.008371475
2021-08-17,-0.122756556,-0.17592433,-0.40876955,-0.7840569,0.033886243,0.0148129705
2021-08-18,-0.06941874,-0.14079298,-0.24368785,-0.5610389,0.013660624,0.016807755
2021-08-19,-0.1495865,-0.370447,-0.5440153,-1.4946764,0.11761754,0.017025981
2021-08-20,-0.03426023,-0.2427354,-0.24821754,-0.53729594,0.07851496,-0.050520375
2021-08-23,0.21501972,0.40556723,0.6217235,1.6820576,-0.038668387,-0.0403426
2021-08-24,0.12831275,0.27957752,0.42398688,1.2049261,-0.07383387,-0.04996452
2021-08-25,0.020721734,0.16098015,0.106354125,0.5073879,-0.049566995,0.08390712
2021-08-26,-0.028779207,-0.11038151,-0.13568698,-0.45312816,-0.061116416,0.049992744
2021-08-27,0.087050825,0.19683802,0.34729934,1.0029417,-0.04024857,-0.060022596
2021-08-31,-0.010963296,-0.07127225,-0.18487205,-0.12392813,0.051214967,0.08398204
2021-09-01,-0.10694575,-0.24368557,-0.40766582,-0.7619622,0.11749754,-0.0069745965
2021-09-02,0.03967453,0.18347572,0.15756416,0.6135301,-0.07321506,0.05748182
2021-09-03,0.09159077,0.029081091,0.19536874,0.4349751,-0.0068035577,-0.07386611
2021-09-07,-0.09379506,-0.14399652,-0.40045896,-0.7027626,0.03655776,0.10690269
2021-09-08,-0.06295164,0.050006326,-0.08614365,-0.0051596286,0.019366452,0.04901467
2021-09-09,-0.015136095,-0.10484009,-0.1087566,-0.16365264,0.051437236,-0.0062499205
2021-09-10,0.08034586,0.13488354,0.19880848,0.6093319,-0.05628424,0.051875222
2021-09-13,-0.037623223,-0.0525343,-0.1667594,-0.24196614,-0.03182075,0.055784523
2021-09-14,-0.02535577,-0.015987234,-0.0081956,-0.089112595,-0.040923245,0.0026331793
2021-09-15,0.07031876,0.40106294,0.5062862,1.2154406,-0.09948204,0.05098712
2021-09-16,-0.12422928,-0.11445009,-0.4334521,-0.74849755,0.040128097,0.08886363
2021-09-17,-0.05431746,-0.056202874,-0.1975111,-0.34310833,0.050689336,0.021227397
2021-09-22,0.07719542,0.03503332,0.16875796,0.46648687,0.039996482,-0.08543926
2021-09-23,0.063826315,0.1875058,0.16107762,0.6500598,-0.08123708,0.05895906
2021-09-24,-0.025949584,0.08939912,0.034203682,0.3653785,-0.054285094,0.021243619
2021-09-27,-0.034127098,0.18542936,0.017029112,0.42331657,-0.008596369,0.034355678
2021-09-28,-0.08551941,-0.056262504,-0.2313335,-0.2327884,0.052915893,0.051805247
2021-09-29,-0.07460091,-0.0067540333,-0.18026026,-0.37487447,-0.0291285,0.055540536
2021-10-11,0.45210445,0.7903527,0.9540548,2.440039,0.13828665,-0.040052496
2021-10-12,-0.03195997,-0.11285482,-0.22746217,-0.35666645,0.0302488,0.038269624
2021-10-13,0.076325744,0.0429907,0.1780508,0.53043747,0.011428477,-0.07541517
2021-10-14,0.17371732,0.20593882,0.4084641,1.0051917,-0.076359235,-0.04749731
2021-10-15,0.15984485,0.1373445,0.33211073,0.75611496,-0.01812927,-0.011213713
2021-10-18,-0.08403324,-0.031784035,-0.11760238,-0.43057057,0.042115454,0.0259834
2021-10-19,-0.060705014,-0.056383964,-0.0716494,-0.18714581,-0.010869681,0.007207529
2021-10-20,0.1159275,0.23980206,0.43906432,0.93408626,-0.056485493,-0.087364584
2021-10-21,-0.12900855,-0.3692536,-0.54050887,-1.5034332,0.0578305,0.06846148
2021-10-22,0.048183877,0.057329,0.08983115,0.064236626,-0.063645646,-0.054151494
2021-10-25,0.086092345,0.15301357,0.27963832,0.7556039,-0.09214938,0.017273013
2021-10-26,-0.054960325,-0.08275512,-0.19052143,-0.35331357,-0.053775437,0.08460575
2021-10-27,-0.0952267,-0.25281182,-0.37461117,-1.1477416,-0.026805928,-0.026701473
2021-10-28,0.039331727,0.022716194,0.09617556,0.12983006,-0.024148976,-0.024990302
2021-10-29,-0.052722838,0.0060642343,-0.1433276,-0.12065297,0.04747711,-0.006697246
2021-11-01,0.16589911,0.030757448,0.31099272,0.3114153,-0.08354127,-0.030414129
2021-11-02,-0.06779296,-0.08832209,-0.21248303,-0.45053124,-0.027506711,0.11209802
2021-11-03,-0.14432748,-0.2171475,-0.48130643,-0.9497771,0.06434274,0.039942365
2021-11-04,-0.06958395,-0.21241952,-0.2481763,-0.6206328,0.057692,-0.0841314
2021-11-05,0.037982725,0.0964567,0.11723999,0.45003754,0.013575013,-0.041688543
2021-11-08,0.071613096,0.10017096,0.18140608,0.50927204,0.046979576,-0.05930259
2021-11-09,0.041509714,0.120251596,0.10771479,0.3801823,-0.063902155,-0.001743086
2021-11-10,0.02263789,-0.09942309,0.119896226,-0.16176449,-0.032493755,-0.09368371
2021-11-11,0.0980644,0.12670709,0.32743794,0.7916822,-0.04574099,-0.010270406
2021-11-12,0.025329426,-0.054465882,0.06665051,-0.07688636,-0.0047035017,0.007465259
2021-11-15,-3.943131e-05,-0.012796271,-0.1525279,-0.40254986,0.019895492,0.05226445
2021-11-16,-0.09185477,-0.005687105,-0.20332111,-0.17991057,0.010509813,0.056249596
2021-11-17,-0.004472763,-0.079148024,-0.001982921,-0.20894195,0.0033126154,-0.04763619
2021-11-18,-0.05038729,0.004584698,-0.07770509,-0.13810253,0.0077261045,0.07055629
2021-11-19,-0.015207956,-0.15855742,-0.08398414,-0.38565245,-0.0057011205,0.004574628
2021-11-22,0.036467604,0.13531642,0.10502757,0.34308475,-0.032223184,0.067946464
2021-11-23,-0.043065872,0.16703893,0.030185306,0.3549852,-0.1441892,0.15147042
2021-11-24,0.021267798,0.06941782,0.121309794,0.39675936,-0.02540132,-0.035232518
2021-11-26,-0.20075214,-0.7949571,-0.836687,-2.531426,0.10103678,-0.04905977
2021-11-29,0.04682784,0.08530736,-0.0023872007,0.21042803,0.011747399,0.01768249
2021-11-30,-0.13539997,-0.42095566,-0.64767843,-1.6259611,0.1998748,0.028682834
2021-12-01,0.006594825,0.0016847026,-0.032547608,0.0027388576,0.024141869,0.005465612
2021-12-02,0.011344431,0.07757284,0.1090326,0.1940363,-0.070195995,0.08015515
2021-12-03,-0.0003955151,0.058774803,0.13502966,0.40701124,-0.021645697,-0.053934164
2021-12-06,0.07130925,0.19311611,0.23484676,0.8084239,-0.04851281,0.007896449
2021-12-07,0.11528851,0.23070428,0.28551075,0.87433136,-0.030587567,-0.031147059
2021-12-08,0.0903569,0.06085834,0.04586161,0.42071465,-0.040721115,0.03086835
2021-12-09,-0.10502856,-0.15302342,-0.35420194,-0.757907,0.05590089,0.081049435
2021-12-10,0.004914429,-0.007256411,-0.07069057,-0.051017832,-0.0041230167,-0.0071139536
2021-12-13,-0.008480251,-0.09553568,-0.07526986,-0.108118266,0.0018010018,0.003502507
2021-12-14,-0.07838088,-0.11723936,-0.29716295,-0.6655366,0.026083522,0.048181716
2021-12-15,-0.12245914,-0.03973319,-0.26649415,-0.3551299,0.023019899,0.07520118
2021-12-16,0.28691947,0.39992732,0.72992325,1.7938102,-0.0046508717,-0.13412324
2021-12-17,-0.027672278,-0.15369526,-0.11457461,-0.41874632,0.026571019,-0.0060717557
2021-12-20,-0.09657065,-0.3209673,-0.39297602,-1.1971947,0.04315048,0.03470598
2021-12-21,0.16831578,0.41741064,0.51504225,1.4974821,-0.050184924,0.011840394
2021-12-22,0.20381899,0.29237735,0.55107015,1.3939053,-0.08679629,-0.07655984
2021-12-23,0.044936653,0.11788901,0.18719758,0.5563224,-0.019405697,-0.01929526
2021-12-29,0.03216102,0.1868779,0.08682499,0.6386053,-0.08006168,0.023435446
2021-12-30,0.005294527,-0.0251806,-0.106481664,-0.012424914,0.039626602,-0.020624338
2021-12-31,-0.013992587,-0.14729935,-0.052841958,-0.2968806,0.0056779897,-0.013770242
2022-01-04,0.10230077,0.35030362,0.4270349,1.1844049,-0.10890277,-0.014595338
2022-01-05,0.030939154,0.10423446,0.071711205,0.45246568,0.027773613,-0.02481603
2022-01-06,-0.13801375,0.038050126,-0.35835624,-0.43608952,0.039170764,0.17281489
2022-01-07,0.045807682,0.023651112,0.13020663,0.30943722,-0.06674645,0.013629444
2022-01-10,-0.085401535,-0.14131996,-0.258571,-0.55469495,0.009208316,0.049695928
2022-01-11,0.24216811,0.32226813,0.5924866,1.5097852,-0.0837568,-0.042758945
2022-01-12,0.08535785,0.18651883,0.25344905,0.8438968,-0.046286616,0.051097944
2022-01-13,-0.051219225,-0.037300505,-0.29177985,-0.37968996,0.10444236,0.03011021
2022-01-14,-0.05070532,0.12852004,-0.035324447,0.2460092,0.04480459,-0.0029401956
2022-01-18,0.1002394,0.23445803,0.27530104,0.8398771,-0.06381446,-0.0071697934
2022-01-19,0.22955485,0.32547414,0.6484455,1.5640322,-0.0887947,-0.08787854
2022-01-20,0.12384448,0.1483247,0.33917752,0.8202838,0.004545351,-0.036924865
2022-01-21,-0.099602975,-0.12153635,-0.24179807,-0.5916973,-0.01226025,0.062818155
2022-01-24,-0.11196413,-0.24341413,-0.34862497,-1.0476612,0.0023117298,0.03213657
2022-01-25,0.07071072,0.19680361,0.26805755,0.7726766,-0.05922167,0.022809716
2022-01-26,0.10206099,0.18030722,0.22931933,0.7623164,-0.12603001,-0.04564851
2022-01-27,-0.0268079,-0.016253423,-0.2457335,-0.40699932,-0.06470198,0.16882057
2022-01-28,-0.03658036,-0.014097711,-0.091450915,-0.12542628,0.012967901,-0.013638284
2022-02-07,0.25318506,0.4387697,0.5714707,1.6197574,0.008997083,-0.023359789
2022-02-08,-0.034912515,-0.17765537,-0.19030082,-0.52812195,0.030624075,-0.018686242
2022-02-09,0.10550946,0.2436565,0.44798043,1.0226328,-0.03202943,-0.020133868
2022-02-10,0.008711506,-0.008924099,-0.00612563,0.05289314,0.016522994,-0.016041113
2022-02-11,-0.059878953,0.08875753,-0.06424484,-0.118441366,-0.052340746,0.070249245
2022-02-14,0.047964014,0.14568482,0.26308388,0.6369438,-0.019449545,-0.017870147
2022-02-15,-0.1358844,-0.21845849,-0.44012362,-0.7309552,0.08653283,0.030450413
2022-02-16,0.10930051,0.1945579,0.34341857,0.8647492,-0.045812976,-0.050485812
2022-02-17,0.06776055,-0.081426576,0.10357679,0.018639285,0.008474841,-0.07448183
2022-02-18,-0.004510258,0.01573249,0.026697544,0.13577335,-0.059598625,0.021935094
2022-02-22,0.09459572,0.35920584,0.46048552,1.1281914,-0.10704533,0.00015069109
2022-02-23,0.054331187,0.09541644,0.16664983,0.14280145,-0.06452906,0.014563241
2022-02-24,0.08498179,0.18469626,0.31329966,0.77854383,-0.078727484,-0.043081548
2022-02-25,-0.19222239,-0.3516431,-0.6867876,-1.3535227,0.21346456,0.07764716
2022-02-28,0.15898548,0.5444583,0.62967664,1.4753729,-0.08940326,0.025881782
2022-03-01,0.38926047,0.8078748,0.9673656,2.488387,-0.010322158,0.0083658155
2022-03-02,0.33901337,0.5904809,0.69059354,1.7817869,0.0075051608,0.036941614
2022-03-03,0.18844691,0.022009432,0.3621725,0.58826977,-0.113837264,-0.04880143
2022-03-04,0.35295746,0.62663007,0.8413093,2.0801003,0.0257653,0.027059354
2022-03-07,0.29018977,0.53304255,0.5284033,1.4995533,-0.10498473,-0.09805571
2022-03-16,-0.23724423,-1.0611694,-0.9726636,-2.910076,0.1744311,-0.12822083
2022-03-17,0.28161862,0.6420142,0.6924969,2.1986516,-0.055614237,-0.017603444
2022-03-18,-0.051224843,-0.07114776,-0.24421042,-0.15886837,0.018905733,0.047125306
2022-03-21,0.16009146,0.42850223,0.40990222,1.4556476,-0.07162474,-0.01765839
2022-03-22,-0.1268116,-0.1098646,-0.24959892,-0.50482976,0.0002737779,0.07035057
2022-03-23,0.27294496,0.4130768,0.69511527,1.8761331,-0.07441504,-0.09750725
2022-03-24,0.026025657,-0.0059559816,0.008399593,0.06791233,0.03620586,-0.06334443
2022-03-25,-0.048231073,0.03583627,-0.070137,-0.049143013,-0.043023646,0.03900061
2022-03-28,-0.19431175,-0.62852395,-0.58454216,-1.845234,0.049845066,0.004016811
2022-03-29,-0.15402888,-0.41162273,-0.5753582,-1.4636626,0.124387145,0.05036823
2022-03-30,0.22804399,0.46147436,0.5146011,1.4845775,-0.03360727,0.05196216
2022-03-31,-0.08219279,-0.37859353,-0.32304716,-1.1411595,0.07728609,-0.03960104
2022-04-01,0.0003637901,-0.11846839,-0.30323213,-0.63227314,0.025244802,0.041943125
2022-04-06,0.0038297805,-0.050313603,0.08493651,-0.32622567,-0.067850165,0.017848516
2022-04-07,-0.035974484,-0.11254848,-0.10299555,-0.49184245,0.043413717,0.020760564
2022-04-08,0.16537368,0.28465408,0.47999886,1.1319071,-0.10509506,-0.024678998
2022-04-11,-0.04099612,-0.21137483,-0.27634454,-0.8311812,0.011269595,-0.065288156
2022-04-12,0.1556742,0.42946512,0.55413294,1.5020822,-0.027058683,-0.043791328
2022-04-13,0.1569618,0.3014935,0.47172767,1.2298443,-0.085263886,-0.068236336
2022-04-14,0.029716894,0.22520939,0.1960526,0.76448417,-0.052576236,0.044649232
2022-04-19,-0.08634879,-0.02705675,-0.12602071,-0.28947732,0.069621496,0.0038392467
2022-04-20,-0.016123284,0.07525089,0.015652323,0.118271396,-0.0023625833,0.015791839
2022-04-21,-0.020890947,0.014806699,-0.06881463,0.032126285,-0.0051047415,0.09094791
2022-04-22,-0.16134708,-0.14790334,-0.3726231,-0.8996079,0.040231243,0.043872006
2022-04-25,-0.14440098,-0.24448279,-0.525512,-1.4674377,0.030087028,0.10572132
2022-04-26,0.11152442,0.30818775,0.40469584,1.1413409,-0.1088467,0.004584497
2022-04-27,0.067067094,0.22061011,0.24916753,0.7387105,-0.10720569,0.015498092
2022-04-28,0.0010009494,0.21626016,0.1613564,0.64718336,-0.033868436,0.028322706
2022-04-29,-0.030774368,-0.11815111,-0.15849566,-0.19537254,0.012109798,-0.062279742
2022-05-05,0.08457049,-0.30941653,-0.17493226,-1.1179739,0.15706791,0.008719451
2022-05-06,-0.112062335,-0.12455297,-0.2595029,-0.7256368,0.066759825,0.06005733
2022-05-09,-0.1734755,-0.49845648,-0.6586314,-1.9452442,0.13658847,0.027785823
2022-05-10,0.0027046727,-0.008087432,-0.060484305,-0.1778021,-0.021076081,0.048032545
2022-05-11,0.20238943,0.32369772,0.5093334,1.3963771,-0.09181915,-0.042371128
2022-05-12,-0.1069745,-0.007516986,-0.2841643,-0.75957227,-0.10428323,0.17589694
2022-05-13,0.08919927,0.15063238,0.14746001,0.5301794,-0.031810906,0.090657495
2022-05-16,0.08827931,0.1239557,0.18761101,0.6115673,-0.048782513,-0.043071594
2022-05-17,0.102592446,0.00534054,0.14903873,0.24076249,-0.021990338,-0.021696582
2022-05-18,-0.13342005,-0.42356923,-0.5600389,-1.5331186,0.12271708,-0.01816266
2022-05-19,0.2201812,0.24880739,0.43929926,1.2671309,-0.04486603,-0.09992162
2022-05-20,-0.052949224,0.01389119,-0.1082019,-0.05324811,0.04917834,0.042215206
2022-05-23,-0.005193263,0.00031123112,0.120750695,0.2729398,-0.044936728,-0.03839702
2022-05-24,-0.06340503,-0.10403148,-0.2207201,-0.28802463,0.04355774,-0.03141574
2022-05-25,-0.0612182,0.021635702,-0.14546989,-0.20096289,-0.043921985,0.01568162
2022-05-26,0.053694468,0.20786154,0.17844763,0.7266786,-0.01730829,0.008861342
2022-05-27,0.09936399,0.16282852,0.25953272,0.7577389,-0.033925816,-0.03220683
2022-05-31,-0.03442819,0.043882053,-0.22756092,0.000498638,0.081309564,-0.013645535
2022-06-01,0.059332266,-0.12088813,-0.1801841,-0.14223757,0.037027605,0.038477127
2022-06-06,0.2030429,0.39841774,0.6702018,1.6389922,-0.13775595,-0.014527495
2022-06-07,-0.07987669,-0.07120595,-0.08301144,-0.29509515,-0.0053485576,-0.012113485
2022-06-08,0.03248612,0.13730316,0.20647891,0.5747906,-0.031145144,-0.028650993
2022-06-09,-0.05650153,0.022017825,-0.111306325,-0.065605596,-0.05924749,0.02982835
2022-06-10,-0.08967708,-0.22016001,-0.3242952,-0.91381246,0.037105575,-0.049729083
2022-06-13,-0.20443884,-0.33790028,-0.60348034,-1.6298951,0.059146475,0.07658525
2022-06-14,-0.10051242,-0.11947225,-0.33364472,-0.57647765,0.052706856,0.041242402
2022-06-15,0.020886037,0.031387977,0.12751612,0.34887666,0.04427151,-0.078195654
2022-06-16,0.027420303,-0.0035059878,0.02204795,0.037882697,-0.016370816,-0.076314785
2022-06-17,-0.15371647,-0.36377257,-0.603098,-1.4302293,0.12564752,-0.017624639
2022-06-21,-0.0011781184,0.05554061,-0.054861233,0.28113595,0.111757584,-0.045379266
2022-06-22,-0.15529236,-0.2745463,-0.4882368,-1.1695608,0.070618376,0.025607215
2022-06-23,-0.1330287,-0.2745901,-0.6223397,-1.43422,0.10781397,0.058039073
2022-06-24,-0.05351785,-0.14978945,-0.17831667,-0.7967549,0.12209202,0.1810333
2022-06-27,-0.026964322,-0.026651535,-0.029592747,-0.16182958,0.00091607776,0.061525486
2022-06-28,0.04313704,0.12504208,0.18075286,0.30572525,-0.078950725,0.043943707
2022-06-29,-0.0058135875,0.005476778,0.017089656,-0.081899755,-0.03288538,-0.08125844
2022-06-30,-0.20746827,-0.44026098,-0.71522427,-1.5822203,0.11358716,0.0019074647
2022-07-01,-0.12988532,-0.20686126,-0.50722134,-1.0126715,0.08762469,0.040217787
2022-07-05,-0.18441404,-0.6021851,-0.8369741,-2.346718,0.23675732,-0.0029882647
2022-07-06,-0.061581586,-0.25779104,-0.28871724,-1.0089874,0.09357723,0.040397845
2022-07-07,0.3075025,0.46706924,0.79712903,1.9497622,-0.13163945,-0.012901721
2022-07-08,0.09677707,0.19191699,0.37328446,0.6367465,-0.13760288,-0.06592337
2022-07-11,-0.090026796,0.030821744,-0.18827762,-0.22021613,-0.0009289517,0.037466448
2022-07-12,-0.14207527,-0.47859097,-0.8624503,-1.8845601,0.1605499,0.036137152
2022-07-13,-0.039698873,-0.15526709,-0.06623089,-0.39809817,0.03197309,0.028731488
2022-07-14,-0.16474964,-0.33258,-0.56988287,-1.4501302,0.04462325,0.05573095
2022-07-15,0.06649543,0.019874714,-0.18935634,0.06672028,0.13904937,-0.010317987
2022-07-18,0.24936087,0.41546318,0.8288081,1.8805972,-0.15873338,-0.0806928
2022-07-19,-0.08591729,-0.17454055,-0.36076146,-0.7463591,0.06178097,0.03691243
2022-07-20,-0.020917034,-0.015200523,-0.06719021,-0.060410127,0.020697413,0.0178786
2022-07-21,-0.1359156,-0.34632218,-0.4239605,-1.0777574,0.096636556,-0.031143732
2022-07-22,0.039826524,0.07044148,0.03737718,0.30083394,0.057585154,-0.04178182
2022-07-25,0.03858749,0.108442746,0.1142712,0.23341884,-0.09331943,0.06759222
2022-07-26,0.0737149,0.12843223,0.33360168,0.625142,-0.11458965,-0.038302403
2022-07-27,0.09464058,0.22172312,0.2754854,0.94830143,-0.07003796,-0.034909923
2022-07-28,0.16652751,0.33153063,0.56856287,1.2963924,-0.022431117,-0.11335249
2022-07-29,0.18011475,0.21250823,0.45831865,1.1263561,-0.056108307,-0.114107735
2022-08-01,-0.08413485,-0.5616005,-0.56093806,-1.8428807,0.14341013,-0.07013006
2022-08-02,-0.07543425,-0.15276274,-0.36271957,-0.6249442,0.056377683,0.023104887
2022-08-03,-0.11271388,-0.20538329,-0.30863804,-0.7342086,0.019896012,0.035308506
2022-08-04,0.14524204,0.010676838,0.33829883,0.40325963,-0.017732723,-0.16290744
2022-08-05,-0.007788574,0.018901391,0.09772739,0.120714046,-0.06591586,0.034822777
2022-08-08,0.022310732,0.057816382,0.14932024,0.36696827,0.056154616,-0.0584975
2022-08-09,0.12649567,0.28551906,0.33827084,1.067693,-0.058639783,-0.021955116
2022-08-10,0.14175273,0.2636839,0.42652205,1.084774,-0.07573421,0.00049512764
2022-08-11,0.134314,0.25320253,0.42302305,1.0555742,-0.14402783,0.005621818
2022-08-12,-0.07387081,-0.051960666,-0.09804847,-0.16349265,0.016622806,-0.07446476
2022-08-15,-0.14770275,-0.46046656,-0.44646952,-1.5632871,0.01542095,0.031546388
2022-08-16,-0.0406222,-0.1636151,-0.23939563,-0.47943112,0.028012604,0.0017942524
2022-08-17,-0.09750084,0.0470146,-0.15792623,-0.1397305,0.03122125,0.11544493
2022-08-18,-0.047939405,0.059465762,-0.053300098,0.117948145,0.012688835,0.027272254
2022-08-19,0.020723324,0.124570236,0.19652042,0.37838188,-0.113929495,0.058411337
2022-08-22,-0.036120553,0.04569466,0.060190585,0.07845779,-0.05655652,0.05561923
2022-08-23,0.07796159,0.2481976,0.40500227,0.9823482,-0.07893396,-0.022288114
2022-08-24,0.012741171,0.03884123,0.10333992,0.31495196,-0.043368068,-0.022927422
2022-08-25,-0.0058626668,-0.04340645,-0.047442686,0.031402986,0.06341192,-0.03866444
2022-08-26,0.03365973,0.22439265,0.25514072,0.69985265,-0.12265514,0.05994177
2022-08-30,-0.2021667,-0.35812128,-0.57007176,-1.7817205,0.105514266,0.035296883
2022-08-31,-0.03626203,-0.1366042,-0.21860206,-0.7591109,0.004786471,0.058632135
2022-09-01,-0.23790884,-0.52017134,-0.88214654,-2.1048853,0.1558901,0.043523345
2022-09-02,0.04836785,0.15511167,0.2806139,0.53305584,-0.032481484,0.020010497
2022-09-06,0.024268711,-0.014739178,-0.008973734,0.007258943,0.014455497,-0.046410184
2022-09-07,-0.037372917,-0.2857876,-0.20892361,-0.7497391,0.059182294,-0.06878624
2022-09-08,0.07201447,0.1106423,0.19763426,0.5441969,-0.02504456,0.008982681
2022-09-09,0.15998478,0.36661538,0.6038917,1.4442716,-0.117076844,-0.03321562
2022-09-13,0.116698615,0.14580616,0.30613843,0.58631194,-0.03648906,-0.027280759
2022-09-14,0.00048035683,-0.16205736,-0.24879386,-0.7479199,0.015332351,0.004006512
2022-09-15,-0.18521486,-0.37873903,-0.67014444,-1.4644725,0.20404507,0.04024375
2022-09-16,0.002190578,0.038839534,0.09584094,0.11369138,-0.031397417,0.004618944
2022-09-19,0.000658959,0.035396114,-0.027314026,0.18403156,0.026380079,0.0249793
2022-09-20,0.063738644,0.034341704,0.19895245,0.13778941,-0.09234517,0.06816669
2022-09-21,-0.043718107,-0.10088085,-0.1911527,-0.4305712,0.011608539,-0.036922254
2022-09-22,0.030614229,0.11110903,0.14640354,0.5060195,-0.03438334,-0.018573899
2022-09-23,-0.23414162,-0.5294794,-0.8318828,-2.1790962,0.123763524,0.04698047
2022-09-26,-0.14805317,-0.33426803,-0.5612457,-1.444536,0.09819241,0.094491385
2022-09-27,0.013303028,0.11487585,0.05671887,0.40972683,-0.06253925,0.05507891
2022-09-28,0.18243636,0.31614134,0.5149745,1.4518056,-0.09867131,-0.058715686
2022-09-29,0.03192691,0.0033300312,0.15858835,0.26014793,0.03600929,-0.01594151
2022-10-10,0.32449982,0.7604708,0.68892217,2.3205507,-0.08819491,-0.01837454
2022-10-11,-0.06662585,-0.18313551,-0.21145234,-0.5775683,0.065498225,0.021716978
2022-10-12,-0.072957516,-0.05452634,-0.16837423,-0.40425327,0.080859914,0.07338418
2022-10-13,0.059804413,0.116321854,0.2570014,0.4505845,-0.026850935,0.03887509
2022-10-14,-0.14509244,-0.28141674,-0.4985024,-1.2098837,0.08940059,0.056664407
2022-10-17,0.028112544,-0.13036978,-0.09640777,-0.20678546,0.017326597,-0.08221114
2022-10-18,-0.10009653,-0.15664837,-0.25533018,-0.6876779,0.04955539,0.00068303867
2022-10-19,-0.047876943,0.020491058,-0.1450122,-0.32932943,0.039910607,0.099336095
2022-10-20,0.123903535,0.08156253,0.24518861,0.54927504,-0.036286034,-0.069155306
2022-10-21,0.017149927,0.056686196,0.21500833,0.5497326,0.011551459,-0.06673094
2022-10-24,-0.025767053,-0.009950397,-0.09763326,-0.10263503,0.04048395,0.01872844
2022-10-25,0.029676128,0.1362069,0.10884201,0.41142526,-0.045985594,0.0454183
2022-10-26,0.18438946,0.26792485,0.4778596,1.2443753,-0.047505707,-0.03218171
2022-10-27,-0.0040310123,0.00024246036,-0.089604996,-0.08208057,0.026203763,0.038200147
2022-10-28,-0.14885409,-0.19956496,-0.44622335,-1.0723135,-0.0028755483,0.11574306
2022-10-31,-0.05290206,-0.17666975,-0.0658141,-0.7233982,-0.039441653,0.04206508
2022-11-01,0.08742961,0.013438482,0.19122073,0.15847327,-0.0055676647,-0.13901322
2022-11-02,0.01520948,0.16778813,0.08956658,0.61133283,-0.03601986,-0.0039238003
2022-11-03,-0.07961722,-0.06924153,-0.19897492,-0.24219246,-0.0051146057,0.02207081
2022-11-04,0.37142813,0.4707466,0.9001825,2.1388226,-0.009394509,-0.09270298
2022-11-07,-0.013119606,-0.14258075,-0.2235017,-0.544973,0.0399283,-0.04321102
2022-11-08,0.09015123,-0.085798234,0.124650575,0.15450256,0.05646677,-0.114446215
2022-11-09,-0.09283597,-0.25208592,-0.28472382,-0.9550617,0.03262314,0.032251008
2022-11-10,0.14075868,0.085014656,0.2889401,0.71128494,-0.03809035,-0.09771323
2022-11-11,0.14770523,0.26134282,0.45688146,1.108312,-0.016049238,-0.0154244285
2022-11-14,0.011253756,-0.10481086,-0.055689353,-0.2767263,0.07958242,-0.0805765
2022-11-15,0.048025336,0.16859582,0.13222203,0.23337899,-0.07604988,0.06622763
2022-11-16,-0.13838886,-0.26437068,-0.4432947,-0.97610974,0.05898013,0.008850199
2022-11-17,-0.18812352,-0.39102644,-0.6373625,-1.68894,0.12449355,0.052378196
2022-11-18,-0.008030195,-0.05426237,-0.046552863,-0.19306052,0.047969956,0.0043512215
2022-11-21,-0.08098357,-0.14542393,-0.32667416,-0.7724549,0.020455845,0.13797677
2022-11-22,0.094397925,0.21893811,0.2601579,0.8763037,-0.032430623,-0.008381488
2022-11-23,-0.02304165,-0.12472997,-0.07735925,-0.44499028,0.0041380953,-0.03604561
2022-11-25,-0.10046966,-0.22313307,-0.2538303,-0.81568086,0.08413934,-0.0724204
2022-11-28,0.011822109,0.03133301,-0.06421746,-0.20561375,0.035091914,0.047869153
2022-11-29,0.07527996,0.17670785,0.23900197,0.75796086,-0.03297164,-0.005482542
2022-11-30,0.23041868,0.37362343,0.488002,1.421467,0.01468792,-0.045360934
2022-12-01,0.101344444,-0.14195332,-0.053949106,-0.041590765,0.07674733,-0.15707979
2022-12-02,-0.020588137,-0.13563365,-0.17587642,-0.46553415,0.10711986,-0.002576866
2022-12-05,-0.09332009,-0.2684155,-0.52240264,-1.2148751,0.10068958,0.014202776
2022-12-06,-0.056274943,-0.2451055,-0.2634042,-0.87470526,0.08398009,-0.018216178
2022-12-07,0.04830497,-0.09377486,0.04339882,-0.21863635,-0.038408574,-0.06629121
2022-12-08,0.012959633,-0.049918707,0.07012661,0.119012445,0.0035648241,-0.012977688
2022-12-09,0.011784076,-0.047638632,-0.07866368,-0.015274841,0.019103242,-0.06721432
2022-12-12,-0.03701524,0.13075683,0.075206414,0.17844814,-0.057356652,0.09955147
2022-12-13,0.18538068,0.37823376,0.56456655,1.5917301,-0.06451795,-0.092524774
2022-12-14,0.030539664,0.19812873,0.15392913,0.695561,-0.0030231434,0.04760152
2022-12-15,-0.12914051,-0.23316842,-0.47414985,-1.173191,-0.021029139,0.09398368
2022-12-16,-0.11557442,-0.22336517,-0.34131044,-0.9257096,0.08106647,-0.024705555
2022-12-19,-0.044051662,-0.026231185,-0.097517595,-0.14922222,0.01626481,-0.003746295
2022-12-20,0.1699579,0.25872502,0.4697866,1.1600361,-0.007831351,-0.1295333
2022-12-21,0.005767796,0.22995295,0.24363688,0.70469606,-0.07416362,0.025218323
2022-12-22,-0.10510858,-0.15099286,-0.3140933,-0.7800477,0.037823934,0.100096606
2022-12-23,0.16783723,0.26909724,0.4391177,1.1823516,-0.08507396,-0.05527784
2022-12-28,0.010353987,0.08123536,0.12048131,0.30248138,0.0425642,-0.016026618
2022-12-29,0.038656566,-0.04961668,0.04344923,0.05533608,0.059290513,-0.0842533
2022-12-30,0.029507214,0.058204398,0.007399564,0.14060214,-0.06753018,-0.011811764
2023-01-03,-0.07801554,-0.35597032,-0.43201208,-1.1976064,0.063237526,-0.10680789
2023-01-04,-0.12318629,-0.43828124,-0.52935624,-1.5133208,0.09101709,-0.009344764
2023-01-05,-0.05914532,-0.01275337,-0.13142373,-0.18326089,0.00066579576,0.02820823
2023-01-06,0.12337193,0.15469396,0.36475548,0.8841384,-0.035246003,-0.11486248
2023-01-09,0.117129266,0.20886225,0.3199821,0.90991986,0.015343322,-0.016240783
2023-01-10,-0.021375086,0.009707725,0.00011257467,0.067340665,0.024698375,0.030977925
2023-01-11,0.07878803,0.14591618,0.20406018,0.610722,-0.08291806,0.026978474
2023-01-12,0.082903266,0.14009044,0.31301,0.69365615,-0.042261988,-0.037921596
2023-01-13,0.0923735,0.13307986,0.2620876,0.73502237,-0.013318636,-0.096285634
2023-01-17,-0.06084816,0.04976265,0.029666504,0.04465574,-0.0418958,0.06377645
2023-01-18,0.017385866,0.06717434,0.010599262,0.2760304,0.0034149329,-0.030380303
2023-01-30,0.093985915,-0.215769,-0.0021578462,-0.37281355,0.018888189,-0.03775118
2023-01-31,0.09696702,0.1379893,0.25336638,0.7387097,-0.073080085,0.03270739
2023-02-01,-0.12428619,-0.37343964,-0.5098326,-1.5358866,0.07437282,-0.034518074
2023-02-02,0.039593305,-0.02698493,-0.028206635,-0.08495496,0.03084003,-0.009119551
2023-02-03,-0.18672773,-0.39801085,-0.6828337,-1.829495,0.075137034,0.10515017
2023-02-06,-0.10736706,-0.07730731,-0.24320778,-0.61738986,0.05539522,0.08425256
2023-02-07,0.11368697,0.33984762,0.38015252,1.2091128,-0.096040234,0.011631339
2023-02-08,0.002002565,-0.01816695,0.01693765,-0.037609674,-0.029390207,-0.054768804
2023-02-09,-0.036011666,-0.1277085,-0.16420522,-0.39510092,-0.012197414,0.051764082
2023-02-10,-0.032260034,0.07431445,0.022335926,-0.06009429,-0.07475047,0.06367033
2023-02-13,0.016075712,0.030280894,0.0006246692,0.18746974,-0.024338417,-0.005848288
2023-02-14,-0.048136573,-0.05603061,-0.05276384,-0.039966404,-0.035869036,0.042119827
2023-02-15,-0.17332278,-0.13360961,-0.4372791,-0.9547254,0.12329557,0.061653208
2023-02-16,0.023190964,-0.02694091,0.15616912,0.19871369,-0.024845513,-0.0130048
2023-02-17,-0.047385562,-0.20925595,-0.19810814,-0.708382,0.04183714,-0.034835923
2023-02-21,0.15681472,0.23284416,0.43161017,1.1605424,-0.008355184,-0.06562241
2023-02-22,-0.085545845,-0.16557117,-0.28732932,-0.57608944,0.050106317,0.033197746
2023-02-23,-0.085309766,-0.09223275,-0.363024,-0.66676706,0.02469651,0.058067065
2023-02-24,-0.13209896,-0.10922755,-0.39676726,-0.63414097,-0.022995897,0.035785366
2023-02-27,0.10079038,0.009451285,0.15110439,0.4884559,-0.053479556,-0.004373129
2023-02-28,0.030910648,0.029319141,0.063525654,0.27540925,0.024552459,-0.024816256
2023-03-01,0.12212994,0.19800803,0.26254973,0.79074425,-0.0844994,-0.031909917
2023-03-02,-0.03534548,-0.039204113,-0.15453508,-0.39797696,-0.017973533,0.057211753
2023-03-03,0.084717795,0.1321717,0.22098643,0.6478366,-0.055263042,-0.06396525
2023-03-06,-0.041746233,-0.08317132,-0.16388136,-0.27088818,0.03819009,-0.002322385
2023-03-07,-0.17477433,-0.35286105,-0.6344912,-1.6419603,0.033742897,0.106850825
2023-03-08,-0.02747538,-0.063833416,-0.09022434,-0.28982154,0.030015245,-0.016455006
2023-03-09,-0.049392372,-0.2598312,-0.3223176,-0.7030579,0.060292333,-0.061119657
2023-03-10,0.0150060775,0.057690516,0.14138782,0.27246806,0.014452819,-0.0381909
2023-03-13,0.11736499,-0.033603337,0.24003224,0.5064149,0.0067308596,-0.19769868
2023-03-14,-0.06855706,-0.170834,-0.1703886,-0.6170613,0.043250263,-0.007724865
2023-03-15,-0.12391828,-0.4690707,-0.48564377,-1.7330471,0.046863586,-0.040678915
2023-03-16,0.05358731,0.15420361,0.24035704,0.55129164,-0.0874781,0.032911554
2023-03-17,0.06393814,-0.022046473,0.18330608,0.30476952,0.04250717,-0.15205964
2023-03-20,0.021236451,0.028952511,0.09835936,0.22129281,0.0014751923,-0.035813753
2023-03-21,-0.06908729,-0.0019014216,-0.19922815,-0.25753763,-0.018363226,0.0897551
2023-03-22,0.045133732,0.09734654,0.11422734,0.35339895,0.044478085,-0.07437691
2023-03-23,0.036314007,-0.08589572,0.014125772,-0.06399438,0.039230835,-0.11857931
2023-03-24,0.0028382817,0.038803305,0.13371965,0.0071864338,-0.022464275,0.009750524
2023-03-27,0.07074196,0.2938873,0.27549922,0.8359801,-0.07795027,0.023922542
2023-03-28,0.060340807,0.15828456,0.24253234,0.56271577,-0.044054985,-0.07810386
2023-03-29,-0.009109127,-0.07990674,-0.068966866,-0.3726946,0.051929552,-0.016511893
2023-03-30,0.025164299,-0.0068673957,0.03732732,0.101630874,-0.0034730532,-0.06984526
2023-03-31,0.082445554,0.18310395,0.31401303,0.66257644,-0.06326057,0.0027064478
2023-04-03,0.003333736,0.2866642,0.08151346,0.5292689,0.00852865,0.0005753832
2023-04-04,0.0077291783,-0.1315758,-0.04287452,-0.3309809,0.06380653,-0.11979152
2023-04-06,-0.016321706,0.00527483,-0.097678676,0.041200668,0.021578265,0.048223168
2023-04-11,0.0078286445,0.0697347,0.10746406,0.14080864,-0.053513862,0.025547853
2023-04-12,0.06362868,0.10563655,0.19281301,0.51723856,0.0117614055,-0.06382226
2023-04-13,0.07326468,-0.003190042,0.15963186,0.44878864,0.04200107,-0.14932948
2023-04-14,0.008231591,0.0322127,0.036439262,-0.18150634,-0.07564968,0.06737139
2023-04-17,0.0070813852,-0.008331282,0.04086486,-0.09438422,-0.014066536,0.016467169
2023-04-18,0.053113397,0.19248688,0.22729158,0.73521817,0.05429896,-0.095760435
2023-04-19,-0.10951862,-0.17962226,-0.30842593,-0.8498821,0.1161121,0.003595081
2023-04-20,-0.08163881,-0.30755103,-0.34626025,-1.041893,0.08559441,-0.005935953
2023-04-21,-0.039240666,-0.041353084,-0.23540238,-0.4796599,0.04710575,0.05166473
2023-04-24,-0.07841369,0.022389993,-0.1107328,-0.08570244,0.03283692,0.001220309
2023-04-25,-0.12298091,-0.33522844,-0.48679006,-1.3031194,0.067777954,0.014208353
2023-04-26,-0.047957692,-0.14433621,-0.23040222,-0.51981926,0.07073833,-0.029986804
2023-04-27,-0.014506942,-0.07321343,-0.13205801,-0.12398233,-0.01588252,0.02933122
2023-04-28,0.10108958,0.17961897,0.29925373,0.6995484,-0.08583346,0.029784286
2023-05-04,-0.18793215,-0.4069689,-0.3152506,-1.5010483,0.12088864,-0.106573015
2023-05-05,0.16165708,0.35020202,0.47033876,1.2612938,-0.16167226,0.07837528
2023-05-09,0.14571382,0.028163161,0.061543815,0.5240409,-0.08247889,0.060556673
2023-05-10,-0.07236021,-0.15010937,-0.2906834,-0.58731174,-0.0056680683,0.031430513
2023-05-11,-0.12847155,-0.36174464,-0.5864966,-1.3722538,-0.0035914043,0.06460605
2023-05-12,-0.056991514,-0.10403567,-0.15161419,-0.42008087,-0.00028735018,0.042237192
2023-05-15,0.042448044,0.09404339,-0.041009072,0.47328553,0.04665351,0.08973505
2023-05-16,-0.094093144,-0.16537097,-0.46590152,-0.82719296,0.02663781,0.087183565
2023-05-17,0.13403295,0.18367074,0.17025918,0.7563631,0.021291178,0.051009372
2023-05-18,-0.14274785,-0.1638517,-0.3737915,-0.6369519,0.010086281,0.13891664
2023-05-19,0.036975887,-0.038602352,0.013777562,0.21345568,0.03251639,-0.028993066
2023-05-22,0.018072434,0.022645446,0.09858934,0.06574731,-0.023448328,0.05067609
2023-05-23,-0.064030804,-0.110728055,-0.22714253,-0.4988758,-0.043562405,0.071058184
2023-05-24,-0.13479066,-0.00022703547,-0.22778076,-0.3486185,0.041343402,0.08656666
2023-05-25,-0.06337772,-0.14093164,-0.15265897,-0.71608174,0.02479295,0.051637344
2023-05-26,0.110123076,0.19840436,0.37302732,0.8960791,-0.034066252,-0.07649935
2023-05-30,-0.17318392,-0.49293908,-0.6018388,-1.3508434,0.0558824,-0.032962523
2023-05-31,-0.09898315,-0.1023142,-0.14287256,-0.5296118,0.008311707,-0.024658052
2023-06-01,0.112606816,0.26114956,0.47141457,1.2323602,-0.0798386,-0.06754581
2023-06-02,0.035646148,0.21276426,0.22320306,0.5975972,-0.082440004,0.033826362
2023-06-05,0.039124735,0.031827986,0.0026617644,0.15343548,0.0012798731,0.020481745
2023-06-06,0.016627919,0.039652824,0.129657,0.25148192,-0.025289962,-0.039535128
2023-06-07,0.021075834,0.10310732,-0.053893354,0.25340104,0.0121517945,0.042431843
2023-06-08,0.06730419,0.08707268,0.22167909,0.5505002,-0.060796157,-0.0021496569
2023-06-09,-0.011785974,-0.01977981,-0.0030343218,-0.018445056,0.02352235,0.012310113
2023-06-12,-0.13019885,-0.2844174,-0.38179836,-1.149645,0.030520918,0.015286246
2023-06-13,0.097659804,0.19568911,0.24361464,0.6935699,-0.10195567,0.078560434
2023-06-14,0.05159662,-0.0028293394,0.11587871,0.2863027,0.034725584,-0.05967035
2023-06-15,0.11990368,0.36333793,0.51617706,1.2551032,-0.1401983,0.04219161
2023-06-16,0.079798974,0.215943,0.36172265,0.83411914,-0.14509861,0.0046356595
2023-06-20,-0.16501558,-0.25894365,-0.4804702,-1.2910218,0.044356875,0.09163158
2023-06-21,0.057831768,0.04749517,0.09351828,0.15318766,-0.10236926,-0.0065719844
2023-06-26,-0.114565484,-0.3884328,-0.5087307,-1.4774755,0.011348113,0.05740903
2023-06-27,-0.02018205,-0.04017383,-0.13816051,-0.118908666,0.10495798,-0.02894292
2023-06-28,-0.11831278,-0.08967867,-0.4579859,-0.55685294,0.09571383,0.04957476
2023-06-29,-0.038517524,0.023435326,-0.082229994,-0.049751088,-0.012530506,0.01581758
2023-06-30,0.16504543,0.17945646,0.35459203,0.8926904,-0.05089,-0.010220356
2023-07-03,-0.06892535,0.08550693,0.02431352,-0.0055633476,0.073076904,-0.022297911
2023-07-05,0.09434669,0.22803578,0.30367178,0.76909506,-0.09890933,0.036621068
2023-07-06,-0.07223623,-0.12868555,-0.22780022,-0.5947128,-0.007011223,0.027703261
2023-07-07,0.024134528,0.07215154,0.12515396,0.5501118,0.06153515,-0.036712244
2023-07-10,0.02514141,0.033053737,0.15656643,0.21172573,-0.032740466,-0.0100168325
2023-07-11,0.023469176,0.13859591,0.10915153,0.4912357,-0.047886115,-0.0094834175
2023-07-12,0.1447266,0.11130878,0.30352268,0.8614684,0.08239999,-0.10291495
2023-07-13,0.06640739,0.2812295,0.47082472,0.9887787,0.00151938,-0.07863624
2023-07-14,-0.036761865,-0.09366301,-0.1089725,-0.23736978,0.032595757,-0.014723926
2023-07-17,-0.01576659,-0.3836195,-0.5090741,-0.9135983,0.015586759,-0.0035233994
2023-07-18,0.068500265,0.1364915,0.29426348,0.47248375,-0.089140974,-0.08021582
2023-07-19,0.0058094473,0.117843606,0.2163895,0.35368842,-0.119097866,-0.009573603
2023-07-20,0.0010945279,0.09200485,0.060094338,0.27039093,-0.061792005,0.094695285
2023-07-21,0.016726185,0.12494527,0.07168157,0.4271686,-0.003546146,0.02546002
2023-07-24,0.1155726,0.32193685,0.5775572,1.054289,-0.1487946,-0.009716604
2023-07-25,0.05568193,0.115492776,0.19479913,0.5281386,-0.01196427,-0.07504884
2023-07-26,-0.049163967,-0.050997127,-0.25863916,-0.14783394,0.09027781,-0.027955765
2023-07-27,-0.0718999,-0.00575921,-0.23717842,-0.3770409,0.021082494,0.09310815
2023-07-28,0.014188148,0.033870015,0.022126734,0.21327189,0.043379482,-0.048637416
2023-07-31,0.033902027,0.036253694,-0.0021410314,0.39565653,0.12295163,-0.061782703
2023-08-01,-0.08194077,-0.046890397,-0.23595724,-0.3016916,-0.0132179,0.043684542
2023-08-02,-0.17285064,-0.31838372,-0.51234645,-1.2755307,0.07022318,0.052736238
2023-08-03,-0.011350933,0.08931636,0.0024242566,0.26390415,-0.0016873544,0.036533304
2023-08-04,-0.005850289,0.042971276,0.017756477,0.139546,0.016311016,-0.046326373
2023-08-07,-0.024042252,-0.0842651,-0.2026728,-0.47565618,-0.01745827,0.056848902
2023-08-08,-0.08229367,0.02219254,-0.17943731,-0.3475697,-0.005336419,0.05609232
2023-08-09,0.027234526,0.17115393,0.09438293,0.5486901,-0.03168096,0.03232197
2023-08-10,-0.009492338,-0.083280616,-0.058592945,-0.19523823,0.017891493,-0.040387258
2023-08-11,-0.07596655,-0.090642855,-0.2749379,-0.4820117,0.021463439,0.042037416
2023-08-14,-0.09160205,-0.14554371,-0.23650132,-0.79501927,0.0481313,0.010695572
2023-08-15,-0.0912212,-0.32316968,-0.2683547,-1.1723275,0.079489246,0.01044216
2023-08-16,-0.019003976,-0.019636143,0.0024451048,-0.16903374,-0.0089140115,0.022248356
2023-08-17,0.0033123535,0.110210314,0.13213295,0.33651853,-0.0038252964,-0.024331657
2023-08-18,0.046806492,0.17192197,0.20400016,0.48758596,-0.021093795,-0.051592957
2023-08-21,-0.0150983725,-0.07667269,-0.09354911,-0.10018296,0.045520645,-0.047020905
2023-08-22,0.040675655,-0.028782623,-0.013824868,0.0836422,0.013642728,-0.023880625
2023-08-23,0.1055967,0.1085529,0.374269,0.7784405,-0.04987773,-0.104600646
2023-08-24,-0.0034286112,-0.003976759,-0.08179886,0.0078005227,0.0070338454,0.0010493624
2023-08-25,0.05980756,0.1956673,0.2065186,0.7074637,-0.058733527,0.03356502
2023-08-29,0.019458562,0.0895994,0.09407444,0.29968607,0.1197847,-0.12891743
2023-08-30,-0.021628758,-0.07125986,-0.088504344,-0.27394167,0.006941501,-0.043803122
2023-08-31,-0.04166952,-0.01935394,-0.078493044,-0.15523307,-0.019716498,0.036756277
2023-09-01,0.003664205,0.1194561,0.19288033,0.49101794,-0.043488834,-0.056196302
2023-09-05,-0.07677551,0.046745494,-0.0995293,-0.07633912,-0.037299335,0.06962614
2023-09-06,-0.030267311,-0.07957863,-0.15017869,-0.5126782,-0.012709226,0.061970457
2023-09-07,-0.038395114,-0.09494161,-0.19235028,-0.33577535,0.028662222,0.032201733
2023-09-08,-0.06101649,0.019278973,-0.14409883,-0.05754925,-0.013049456,0.01836507
2023-09-11,0.099912316,0.21157505,0.29752812,0.91523975,-0.014364656,-0.05343097
2023-09-12,-0.028238771,-0.006882421,-0.14882322,-0.19384593,-0.003534089,0.03527966
2023-09-13,0.01533267,0.07738342,0.1540766,0.1565302,-0.0014622654,0.029483011
2023-09-14,0.025928779,0.11023498,0.10044784,0.5152554,0.0026892703,-0.030067636
2023-09-15,0.006650502,-0.06775911,0.04927419,-0.22796251,-0.028224036,-0.060699534
2023-09-18,-0.022991588,-0.08143745,-0.14015538,-0.21945943,0.038356986,-0.024803549
2023-09-19,-0.01301038,0.05102398,0.052559778,0.265598,0.010807703,-0.018660778
2023-09-20,0.0038229476,-0.06327154,-0.00775918,-0.17089473,0.05740376,-0.10180455
2023-09-21,-0.12654103,-0.14621906,-0.44025788,-0.8259075,0.047481008,0.036426358
2023-09-22,0.033334006,-0.004208305,0.12057629,0.059057713,0.005579838,-0.041230686
2023-09-25,-0.081926696,-0.1092205,-0.25508842,-0.6625798,0.0091746,0.0072679324
2023-09-26,-0.057417136,0.002265032,-0.14858079,-0.23260261,-0.010643389,0.05218461
2023-09-27,-0.0670715,0.1461688,-0.03481429,0.15931578,-0.032133687,0.108509414
2023-10-09,-0.12146908,-0.5987178,-0.66487044,-2.0415356,0.049375165,0.03688927
2023-10-10,-0.045552853,-0.099419795,-0.21919036,-0.3042221,0.041720293,-0.003026049
2023-10-11,-0.07484008,-0.17978702,-0.18019705,-0.52000594,0.07073777,-0.059417352
2023-10-12,-0.033746615,0.076524526,0.08350281,0.11198079,-0.043499082,0.025125617
2023-10-13,0.15913169,0.29607916,0.40177637,1.4294686,-0.04458105,-0.120758794
2023-10-16,0.053240974,-0.06316528,-0.0056301733,-0.27830505,-0.005096876,0.054024667
2023-10-17,0.008861384,-0.040381692,0.010467048,0.047730397,0.011728913,0.018977556
2023-10-18,0.054548614,0.08956485,0.14200574,0.40115708,-0.060377315,-0.04959805
2023-10-19,0.0051499805,0.02346292,0.07237292,0.038696166,-0.06948029,-0.022490503
2023-10-20,0.0021689676,-0.03928429,-0.064399235,-0.019845972,0.08023391,-0.07631218
2023-10-23,-0.07801019,-0.19636779,-0.3098704,-0.742379,0.020159408,0.008391308
2023-10-24,-0.041070264,-0.17489345,-0.16603705,-0.46767014,0.035871446,0.02129599
2023-10-25,0.06071478,0.064074196,0.107441485,0.39910167,0.037213556,-0.0041575185
2023-10-26,-0.06251233,-0.11571769,-0.22272585,-0.47255787,0.011128079,0.022406591
2023-10-27,0.055867605,0.16327108,0.21369465,0.66610324,-0.011340906,0.0015229961
2023-10-30,0.022731027,-0.18072152,-0.014231118,-0.25661412,0.037891343,-0.07357518
2023-10-31,-0.0742925,-0.13354626,-0.210771,-0.31141573,-0.046900544,0.06707683
2023-11-01,0.04349719,-0.15106575,-0.19145605,-0.5440401,-0.016420612,0.017038828
2023-11-02,0.015452503,0.18742399,0.124544494,0.6252095,-0.022849659,0.026614457
2023-11-03,0.047761627,-0.053773206,0.07186734,0.00781385,0.016144376,-0.08262884
2023-11-06,0.0039191004,0.08023825,0.13018371,0.33905175,0.0009908031,0.0338113
2023-11-07,-0.122459,-0.40318024,-0.5205579,-1.4783334,0.11670375,-0.010770162
2023-11-08,-0.03401648,-0.09854628,-0.0724803,-0.5401153,0.026504982,-0.00628043
2023-11-09,-0.057691813,-0.039949488,-0.11723817,-0.20056854,0.023793973,-0.005849612
2023-11-10,-0.11425774,-0.0080140885,-0.29385146,-0.4903289,0.0092613585,0.0949724
2023-11-13,0.1047948,0.1924965,0.39643452,0.9128127,-0.10414122,-0.0013049551
2023-11-14,0.102016225,0.067461595,0.2666161,0.60962945,0.039888587,-0.16715068
2023-11-15,0.050749067,-0.023808004,0.0779097,0.18980639,0.00015387931,-0.027992157
2023-11-16,-0.13654892,-0.33088613,-0.41783366,-1.208675,0.11478173,-0.079097085
2023-11-17,-0.004330261,0.11162271,0.01724292,0.2851113,0.0005286332,0.021776097
2023-11-20,0.11231647,0.21622306,0.35245624,0.9832719,-0.064703785,0.020448245
2023-11-21,0.06767979,0.10181604,0.25182283,0.41301796,-0.013626674,-0.03455129
2023-11-22,-0.105907924,-0.14346017,-0.34183463,-0.7940476,0.018731734,0.015201191
2023-11-24,-0.035221543,-0.15823482,-0.18940005,-0.4600424,0.09441669,-0.14472383
2023-11-27,-0.076392554,-0.06519476,-0.18699677,-0.340467,0.098360375,-0.0012527943
2023-11-28,0.15042537,0.26068494,0.47543296,1.1118206,-0.061824545,-0.06504313
2023-11-29,0.04058559,0.053010035,0.07450044,0.1055293,-0.012658981,0.036632914
2023-11-30,-0.09292758,-0.09246184,-0.12520553,-0.4033903,0.009229934,-0.018531552
2023-12-01,0.0064217607,-0.20487255,-0.09148978,-0.5114595,0.05759592,-0.11943565
2023-12-04,-0.09786006,-0.108421914,-0.32014757,-0.9549988,0.03105332,0.075855106
2023-12-05,-0.09962088,-0.11055554,-0.26645073,-0.7279517,0.025708135,-0.012818009
2023-12-06,-0.12630706,-0.27134556,-0.30236408,-1.1872058,0.18394193,-0.09954766
2023-12-07,0.059660938,0.15279458,0.2292174,0.4996693,-0.06922773,-0.004333843
2023-12-08,0.012048279,0.072492,-0.06774902,0.129686,-0.03041866,0.11097379
2023-12-11,-0.0683593,0.016457226,-0.19698729,-0.10600473,0.061910637,0.01999663
2023-12-12,0.020267257,-0.2256189,-0.09777381,-0.6022616,-0.026457787,-0.051854115
2023-12-13,-0.09263469,-0.068955764,-0.20142433,-0.28210828,0.08220582,0.033474807
2023-12-14,0.2704986,0.3452628,0.64850765,1.6703216,0.03111465,-0.12367701
2023-12-15,-0.0068287696,0.18996242,0.25597268,0.5278896,-0.04691086,0.010180901
2023-12-18,-0.02356448,0.06271117,-0.034345996,0.24076332,0.024331251,-0.0019341536
2023-12-19,0.07270697,0.11351971,0.20413205,0.5094964,-0.046838433,-0.015243819
2023-12-20,-0.036753632,-0.046651512,-0.14309622,-0.21927935,0.05935948,-0.027838888
2023-12-21,-0.058940627,-0.09557789,-0.15456878,-0.36728805,0.015984003,-0.009702149
2023-12-22,0.033517823,-0.00494277,0.07338144,0.2513311,0.0039859843,-0.06386308
2023-12-27,0.1319135,0.123976626,0.33546314,0.716852,-0.05011133,-0.027815698
2023-12-28,-0.025383165,-0.18378267,-0.13212186,-0.45796207,-0.010258366,-0.030434344
2023-12-29,-0.062993124,-0.1016795,-0.2371854,-0.6312908,0.05336767,0.03023964
