date,F1,F2,F3,F4,F5,F6,F7,F8,F9
2013-10-21,-0.0037212418,0.0029398128,-0.0045978455,-0.0024688211,0.0025715376,0.0017559478,-0.013827885,0.0016351902,0.03366362
2013-10-22,0.2841766,-0.009233453,-0.012985756,-0.009200374,0.051108483,0.111904435,-0.0970011,0.030096553,-0.006019468
2013-10-23,-0.7306645,-0.047232725,-0.0008880547,-0.0037787282,-0.23979142,-0.26510793,0.24770385,0.009021742,0.19237354
2013-10-24,0.019722594,-0.019709058,0.0018187589,0.0016676683,-0.005001188,0.0056587746,0.0018152862,0.013205674,0.004874404
2013-10-25,0.00060586765,0.0036893766,-0.0006289492,0.015098159,0.012704414,0.004338681,-3.5378074e-05,-0.007535084,-0.0060251933
2013-10-28,0.115207255,0.0019778674,0.007906091,0.03766889,0.045284286,0.065818965,-0.055547945,-0.027730446,-0.03308574
2013-10-29,-0.098747715,0.0025490206,0.005985993,0.0017685858,-0.041170582,-0.042819798,0.018969785,-0.0026343558,0.010250713
2013-10-30,0.3687041,0.022004906,0.010990287,-0.019478962,0.08941176,0.13489418,-0.12689497,0.008730345,-0.0652035
2013-10-31,-0.74526674,-0.029576303,-0.011330067,0.049773935,-0.24101299,-0.2221882,0.22087874,-0.009765535,0.14747754
2013-11-01,-0.62606454,-0.04967228,0.0070174113,-0.024396019,-0.21761061,-0.19811705,0.20258759,-0.014326152,0.14061509
2013-11-04,-0.39600277,-0.023502188,-0.008308092,0.016988665,-0.12118934,-0.12518708,0.13524857,0.00024103226,0.11672381
2013-11-05,-0.22894713,-0.0137245925,0.0063035223,0.009900324,-0.074031405,-0.069206,0.06095214,-0.008625264,0.057804745
2013-11-06,0.079724476,0.0060763503,-0.011570768,-0.0020985107,0.026735922,0.023231028,0.0076153125,0.0054758536,-0.025622806
2013-11-07,-0.31846753,-0.010884454,0.0077820537,-0.026027136,-0.10449218,-0.099289946,0.082863465,-0.0020111653,0.058508243
2013-11-08,0.037983775,0.038828913,0.0011726704,0.019212678,0.03933792,0.021411877,-0.048993852,-0.014354448,-0.04124059
2013-11-11,0.105524175,0.024918506,0.0060240743,0.021948472,0.036894172,0.03242806,-0.052957337,-0.006648818,-0.014000629
2013-11-12,-0.2625153,-0.012067912,0.014460364,0.043452103,-0.099724144,-0.09722262,0.084439866,-0.021685079,0.04491765
2013-11-13,-0.13394675,0.0026739505,-0.007324236,0.043253705,-0.0097928755,-0.058131803,0.053407863,-0.024236692,0.021625673
2013-11-14,0.21342456,-0.004494884,-0.0067161294,0.0046198904,0.028771523,0.053725004,-0.05700688,0.032548837,-0.013415074
2013-11-15,-0.041207027,-0.0053455,0.014172306,0.013642247,-0.013440518,-0.008637613,0.029473988,-0.009144721,0.037568834
2013-11-18,-0.5171547,-0.028146291,6.806487e-05,0.015842559,-0.16130067,-0.13419195,0.14035523,-0.019317146,0.09225272
2013-11-19,0.032219257,0.0012204166,-0.0060642306,-0.009090616,0.030510116,0.014478373,-0.0038408136,-0.0109482,-0.02499681
2013-11-20,-0.058256935,0.015743397,0.018636394,0.023101967,-0.019988522,-0.022515379,-0.0039350274,-0.009771969,-0.006051872
2013-11-21,0.45555434,0.06191393,0.022545362,0.003915988,0.15233831,0.14025806,-0.17211334,-0.017450077,-0.18256673
2013-11-22,0.15153907,0.018005272,-0.013908309,0.0026784537,0.04509489,0.05608107,-0.05998117,0.011695061,-0.02234145
2013-11-25,-0.06053372,0.019855976,0.00044630494,-0.0071435953,-0.02374863,-0.014835503,0.012519014,-0.003266591,0.04522712
2013-11-26,-0.081612565,-0.0005794441,0.00046999723,0.0064849826,-0.024895998,-0.009711034,0.031973287,-0.009081219,0.030428875
2013-11-27,-0.35352767,-0.02886288,0.00833493,0.025575075,-0.12215197,-0.09986755,0.088096805,-0.0055627646,0.12180182
2013-11-29,0.404462,0.023420632,-0.012260262,-0.03875065,0.1179274,0.12713647,-0.107998885,0.020565992,-0.11231643
2013-12-02,-0.41263404,0.008479249,0.02159244,0.050398257,-0.13307525,-0.1350457,0.10644235,-0.030990427,0.070282586
2013-12-03,0.0923965,0.025386345,-0.0024349992,0.009671356,0.048744157,0.035985224,-0.017527374,-0.01735712,-0.043004435
2013-12-04,0.63181955,0.022787752,-0.015566884,-0.06956269,0.19514385,0.20807314,-0.18168189,0.036512896,-0.12154333
2013-12-06,-0.1759804,0.0015810712,0.0075436793,0.006264086,-0.037234094,-0.06512992,0.055727836,-0.032332197,0.0075304997
2013-12-09,0.16196424,0.013075873,-0.009835149,-0.03826789,0.052182853,0.042308006,-0.04043762,0.008400631,-0.041425154
2013-12-10,0.4440005,0.0127614895,-0.014892221,-0.019695405,0.14374685,0.13683714,-0.11056997,0.033105094,-0.08128518
2013-12-11,0.24537282,0.024931371,0.0053041005,-0.000836975,0.06790838,0.069972664,-0.09079176,-0.0066416305,-0.042714797
2013-12-12,-0.65664,0.007924329,0.0050596795,0.06700131,-0.22988468,-0.2003859,0.19977593,-0.004163569,0.12689187
2013-12-13,0.0016314937,-0.0060704174,0.008102436,0.006610873,-0.007032695,0.009158555,-0.011077472,0.0024022073,0.011616203
2013-12-16,0.43093443,0.046412036,0.041170396,0.027480148,0.13689597,0.113760136,-0.08344657,0.00906802,-0.0019427603
2013-12-18,-0.31306064,-0.014469613,-0.008537994,-0.014455817,-0.057685625,-0.10625054,0.08330356,-0.003822972,0.03312988
2013-12-19,-0.24954748,0.024314456,0.007829833,0.043855138,-0.052439816,-0.0872638,0.051427748,-0.043330748,-0.01935276
2013-12-20,0.6289462,0.04885994,-0.004751278,0.013317646,0.23249523,0.2037322,-0.20630293,-0.009045292,-0.15707853
2013-12-23,-0.27801722,-0.008932667,0.0033376978,0.033222456,-0.09314984,-0.09587359,0.07500994,0.004162768,0.06036993
2013-12-24,0.2234634,0.012624541,-0.011556563,-0.002971837,0.061649438,0.09884827,-0.0975187,0.0048919492,-0.069148235
2013-12-27,0.68341786,0.046235368,-0.015714627,-0.04923911,0.2271454,0.25221795,-0.19044228,0.024883932,-0.15825647
2013-12-30,-0.5616252,-0.026180074,-0.010357647,0.03416532,-0.14847597,-0.19644377,0.18191805,-0.017980395,0.12826416
2013-12-31,-0.34742448,-0.03422857,-0.003910832,0.017674193,-0.14251247,-0.08558179,0.09680785,-0.0062444117,0.09059927
2014-01-02,-0.20937677,-0.052190725,-0.008664112,-0.018929547,-0.09391834,-0.090237975,0.095759735,0.041617543,0.13697845
2014-01-03,-0.33235773,-0.028624738,0.001909334,0.002734042,-0.15487495,-0.11370875,0.114537954,0.023842113,0.13033149
2014-01-06,0.006903816,0.017075695,-0.015679903,-0.0024953478,0.027077673,0.009005333,-0.026190609,0.0028856883,-0.02933035
2014-01-07,-0.035463225,0.0010031867,-0.001586011,0.015065753,0.005448793,0.001221625,0.00900247,-0.028152784,-0.008374709
2014-01-08,-0.4027318,-0.014843962,0.010787167,0.0376994,-0.15403679,-0.11333096,0.12211153,0.002627897,0.098108485
2014-01-09,-0.37918994,-0.038393896,-0.007035495,0.0045202426,-0.13397391,-0.12318162,0.13637473,0.003364516,0.10270187
2014-01-10,0.7366679,0.05411059,0.00974056,-0.024532875,0.25035426,0.2017365,-0.22686236,0.013185221,-0.13613072
2014-01-13,0.2447937,0.025984224,-0.0025262148,-0.006556123,0.10731249,0.08471041,-0.073231146,-0.0028950959,-0.044848688
2014-01-14,0.016082581,0.0036190613,0.003174862,-0.027196258,0.014716428,0.0069044996,0.003884104,-0.011428546,-0.010947208
2014-01-15,0.19120723,0.012612642,0.011603497,0.009654318,0.06758245,0.04912758,-0.05184329,-0.013833862,-0.07271305
2014-01-16,0.11072388,0.0076834536,-0.0075982613,-0.0062049143,0.03521044,0.023783965,-0.026490822,-0.00065149186,-0.012604897
2014-01-17,0.2178352,0.0142482305,-0.014477779,-0.0016669129,0.08017897,0.07664616,-0.043161497,0.013995319,-0.051782064
2014-01-21,-0.14409605,-0.015904129,0.014514785,0.04435391,-0.050233886,-0.064626485,0.058506273,-0.027443038,0.022822674
2014-01-22,0.11303078,0.01681741,-0.00064332574,-0.005934186,0.03764355,0.034932572,-0.02774365,0.00038686598,-0.023190495
2014-01-23,-0.0065558245,-0.015879238,-0.01626075,-0.008936751,-0.022179563,-0.024498632,0.054518294,0.041672416,0.059248418
2014-01-24,-0.15284404,0.00064507284,0.010918806,0.006924217,-0.059025075,-0.06513174,0.046762276,0.011941933,0.07507353
2014-01-27,-0.5706589,-0.03315084,-0.0030956331,0.014087007,-0.18442304,-0.18105294,0.17042927,0.016304804,0.15162869
2014-01-28,0.048004102,0.02094549,0.0088599585,0.0065221614,0.017994301,0.009266107,-0.009239859,-0.013758404,-0.04789382
2014-01-29,0.032701895,0.01044589,0.018098915,0.027586037,-0.0049676616,-0.019962318,0.023572156,0.016785214,0.027077554
2014-02-10,0.72401315,0.04580793,-0.041281577,-0.021009868,0.14622961,0.27285102,-0.19501093,0.03680886,-0.26056328
2014-02-11,0.22731462,0.0080631,-0.004609343,0.0061519234,0.05048962,0.056136724,-0.052123196,0.02119959,-0.02568043
2014-02-12,0.38571104,0.011026438,0.006166369,-0.0011458633,0.10653481,0.13728309,-0.11641741,0.0046603777,-0.10197178
2014-02-13,0.1977324,0.006981627,-0.0033715505,-0.018848384,0.038531028,0.04134421,-0.054422602,0.022464098,-0.055983156
2014-02-14,0.4374133,0.012907194,-0.014736898,-0.053173263,0.15416634,0.15243301,-0.12626642,0.025569327,-0.04925195
2014-02-18,0.96294105,0.09853323,0.0065003457,-0.05075266,0.32925937,0.28949872,-0.32551873,0.006284523,-0.27643573
2014-02-19,0.33887607,0.039282177,0.020731593,-0.022146683,0.0965276,0.08335183,-0.073027715,0.02563658,-0.091350935
2014-02-20,-0.10948858,-0.007783342,0.0012828708,0.016586212,-0.03432217,-0.042955484,0.016310962,-0.00050628633,0.021485837
2014-02-21,0.049151134,-0.011468243,0.009062721,-0.00452848,-0.016856516,0.020112883,-0.014131618,-0.0042184535,-0.0068340944
2014-02-24,0.26244357,0.001501329,-0.03978361,0.0011190335,0.09197012,0.10756379,-0.07811422,0.022401744,-0.07139286
2014-02-25,-0.12870048,-0.008194432,-0.013577517,0.0028691404,-0.02112366,-0.041552782,0.024654215,0.01307108,0.031855278
2014-02-26,-0.15013483,0.02254629,-0.009609057,0.05859161,-0.036818184,-0.055064294,0.015215533,-0.012072011,-0.04109147
2014-02-27,-0.09580462,-0.00949871,-0.0010803097,0.017782623,-0.023771789,-0.020089805,0.044654775,-0.0133946,0.024957012
2014-02-28,0.1701647,0.02673192,0.018366138,0.0028416987,0.042248476,0.00321128,-0.063619554,0.0037557292,-0.060431626
2014-03-03,0.6772427,-0.042504065,-0.08576032,0.0649982,0.08269721,0.20760934,-0.17386986,0.14162521,-0.16109788
2014-03-04,0.2282282,-0.016386036,0.009746914,-0.024865692,0.049546387,0.01947047,-0.08807162,-0.0071612787,-0.08937673
2014-03-05,-0.08180874,-0.016208649,-0.010666001,-0.00667028,-0.0449127,-0.01571182,0.047468655,0.028169934,0.018187389
2014-03-06,0.47144517,0.0017645708,0.004909853,-0.03652786,0.1237713,0.10849865,-0.12837641,0.020008337,-0.08075695
2014-03-07,-0.36731377,0.0060161836,-0.010326869,0.048264902,-0.10206943,-0.14088918,0.16416088,-0.006597502,0.066101834
2014-03-10,-0.3964868,-0.047449633,0.003375657,0.022177633,-0.13199846,-0.13637365,0.15730801,0.0018305922,0.12499136
2014-03-11,-0.27223027,-0.019470345,-0.008602088,0.027075257,-0.0916877,-0.10519255,0.09690695,0.0066041076,0.11557724
2014-03-12,0.027039576,-0.03224247,-0.00071619765,-0.014419479,-0.010905514,0.010844437,0.0012054079,0.0034140523,0.09119317
2014-03-13,-0.26062036,-0.01256338,-0.007324491,0.009538832,-0.0725658,-0.09309139,0.08906571,0.0066240425,0.060679797
2014-03-14,-0.0069294916,-0.0008242304,-0.010553888,-0.00592737,-0.017060416,0.03323185,-0.014026138,0.005067946,0.032298908
2014-03-17,-0.36873227,-0.016854353,0.007248336,-0.0012603181,-0.13662617,-0.16532604,0.13017015,0.009836883,0.106399015
2014-03-18,0.29243872,0.050021864,0.0018832277,-0.008863343,0.12528527,0.075665645,-0.1240528,-0.0460587,-0.15257335
2014-03-19,-0.059618473,0.0029456404,-0.013041978,-0.049555685,-0.013991199,0.0072125406,-0.011249937,-0.009828954,-0.024108466
2014-03-20,-0.6948731,-0.03375496,-0.021321002,0.048154198,-0.22487621,-0.20310609,0.22442573,0.012520636,0.18589824
2014-03-21,0.047060788,0.005157747,0.011122695,0.033219837,0.00662188,0.024516568,-0.009810377,-0.01745277,0.017806744
2014-03-24,-0.09829116,0.017994476,0.0055577643,-0.027849926,-0.006881892,-0.022364471,0.007380705,-0.014018986,-0.016294532
2014-03-25,0.3081773,0.018320747,-0.009294404,0.0003877567,0.10066762,0.11201656,-0.109210156,-0.00881887,-0.081747815
2014-03-26,-0.33555084,-0.011057625,-0.0030953046,0.014681165,-0.10149466,-0.09640377,0.09270255,0.0045050783,0.058582634
2014-03-27,0.28775954,0.02875296,-0.0039962656,-0.0049896017,0.10096682,0.109290406,-0.11242061,-0.0017712741,-0.07229086
2014-03-28,0.1746175,0.02652944,0.0029682405,0.008431963,0.06675532,0.05228124,-0.05075238,-0.0028456284,-0.04864393
2014-03-31,0.027738838,0.023200005,-0.002056422,-0.014485209,0.02741707,-0.0060384665,-0.009391136,-0.010608085,-0.023236552
2014-04-01,-0.1677123,-0.014239947,0.016757801,-0.0018801531,-0.088336244,-0.08651377,0.050977264,0.008363444,0.02687916
2014-04-02,-0.14425193,-0.033735696,0.000928943,-0.024520148,-0.056168355,-0.03235452,0.06302694,0.010792845,0.06912697
2014-04-03,0.34498477,0.03505363,0.01186054,0.02336256,0.12117036,0.094691165,-0.10736923,-0.023272283,-0.11800809
2014-04-04,0.32476717,0.016429573,-0.007496664,0.020675097,0.09429743,0.09854253,-0.07634347,0.010807526,-0.070409685
2014-04-08,0.4422283,0.04004501,0.014879191,-0.012222161,0.13952257,0.13573647,-0.15190035,0.0033934675,-0.12791044
2014-04-09,0.2194187,0.02380123,0.018693723,0.023346538,0.060263034,0.057196468,-0.058341373,-0.010014496,-0.09859851
2014-04-10,0.25302702,0.0064937524,0.006105562,-0.005194149,0.08047346,0.087298244,-0.063022725,0.011031917,-0.035589438
2014-04-11,-0.20901509,-0.014545472,0.0034828503,0.009065395,-0.07356679,-0.057300754,0.073786095,-0.013211338,0.06542409
2014-04-14,0.52943254,0.041402858,-0.0064337384,0.005780382,0.16507758,0.16574807,-0.17011392,-0.0013365607,-0.116284564
2014-04-15,-0.3523791,-0.01444946,-0.021460397,-0.012519371,-0.07194374,-0.1071622,0.1161263,-0.020323358,0.048639297
2014-04-16,0.34836423,0.007456104,-0.017942296,-0.013270391,0.09592636,0.12089973,-0.10572947,0.036181424,-0.08533267
2014-04-17,0.0112405345,0.015523107,0.034000404,-0.014707215,-0.026516115,-0.016632957,0.0071167364,-0.005144867,-0.025040751
2014-04-22,-0.14836155,-0.029968264,0.007850819,0.03463733,-0.024841929,-0.05561399,0.026412819,-0.018045617,0.0388527
2014-04-23,0.05980064,-0.006069504,-0.0030886421,0.0044961455,0.0020655738,0.024479665,-0.017577546,0.0049653496,0.03366171
2014-04-24,0.33133128,0.034096442,-0.005186865,-0.033471722,0.09205289,0.14608884,-0.1283269,0.00546096,-0.07454849
2014-04-25,0.0053813183,-0.016062362,-0.024685644,-0.020059397,-0.031601917,0.0071125324,-0.0079780435,0.016152063,0.022143995
2014-04-28,-0.33733615,-0.02190937,-0.01041645,-0.0014086927,-0.11127928,-0.12545803,0.1168398,0.011126853,0.07476177
2014-04-29,0.28712937,0.039196298,-0.0008845886,0.005382846,0.10392513,0.07773083,-0.06494788,-0.0071621416,-0.07733262
2014-04-30,-0.49552223,-0.045057245,-0.012992942,-0.0043676132,-0.1491929,-0.14426602,0.16568522,-0.01817164,0.15431592
2014-05-06,-0.25087452,-0.050761938,0.006216778,-0.051504884,-0.11337029,-0.049296793,0.12948608,-0.0029851538,0.11927359
2014-05-07,-0.3387672,-0.0007173586,0.0036444478,0.017613726,-0.08917138,-0.08610691,0.09742168,-0.016880559,0.059071824
2014-05-08,0.1617692,0.00887825,-0.0033206071,0.0022546842,0.036559634,0.055441048,-0.062068272,-0.009451885,-0.045559127
2014-05-09,-0.1091997,-0.024560073,-0.012261194,-0.0106368745,-0.05235071,-0.022693671,0.024386413,0.010219917,0.03429857
2014-05-12,0.48044363,0.020502597,0.0020847095,-0.034397636,0.14926156,0.20030023,-0.15819064,0.0010149783,-0.112546235
2014-05-13,0.17891736,0.022583958,-0.0149271,-0.0068731275,0.06860576,0.06251622,-0.05131222,0.0023180898,-0.05544697
2014-05-14,0.2948634,0.002453357,-0.010807085,0.020538572,0.10896304,0.10697227,-0.096669555,0.011745904,-0.09572669
2014-05-15,-0.57471484,-0.025935363,0.026983697,0.029981695,-0.22145903,-0.18191567,0.17938323,0.009377435,0.12505491
2014-05-16,-0.22957006,-0.022887647,-0.011481916,0.0065172804,-0.066057615,-0.07493654,0.07433405,-0.006001257,0.050934646
2014-05-19,0.14766848,-0.004513495,0.004356404,-0.011047235,0.028524505,0.036659997,-0.032934874,0.0045029153,-0.04655736
2014-05-20,-0.12539849,-0.0038866992,0.008310537,0.009915042,-0.038512208,-0.04045396,0.054133672,0.0005439891,0.049564976
2014-05-21,0.048480954,0.025807934,-0.0040043695,0.010609248,0.01862499,0.0033719067,-0.007460456,0.00087142794,-0.046231423
2014-05-22,0.22613634,0.00979108,0.0016031358,-0.009267243,0.06641911,0.07827803,-0.07680699,0.0025274397,-0.064847276
2014-05-23,-0.09661723,0.0017643109,0.007992503,0.0018878544,-0.024734791,-0.00832326,0.004738482,-0.0076715,0.012995227
2014-05-27,-0.48910567,-0.015855877,0.011217137,0.017483465,-0.15695445,-0.13755676,0.14135171,-0.017263684,0.08823359
2014-05-28,-0.16775346,-0.0074126497,-0.0032842162,0.007059107,-0.048166506,-0.054022595,0.037963953,-0.002857576,0.054967355
2014-05-29,-0.024644712,0.0065555717,-0.005498108,0.015722208,0.019674947,-0.015173625,0.018753704,-0.011281005,-0.008969593
2014-05-30,-0.5141544,-0.0269807,0.0029193924,0.02101753,-0.15402766,-0.1561665,0.16256133,-0.02253071,0.13760203
2014-06-03,-0.22869909,-0.017097324,-0.002286382,0.0012145654,-0.058508698,-0.08302593,0.07118398,-0.0031828806,0.0610376
2014-06-04,-0.14544411,-0.01904388,0.002710575,0.0016200755,-0.058997367,-0.06704717,0.067508005,0.00028853718,0.026073636
2014-06-05,0.037562646,-0.011014215,-0.0062289527,-0.0029010263,0.016161935,0.029060384,-0.0028143367,0.012298967,0.028871011
2014-06-06,0.18416482,0.019139674,0.0016897585,0.0012077033,0.08397978,0.041453265,-0.046356674,-0.013915349,-0.050750766
2014-06-09,0.21937634,0.0017327837,-0.007839522,-0.00043722673,0.08671105,0.06490878,-0.06629359,-0.0074313474,-0.06586828
2014-06-10,-0.016759573,-0.0011293612,-0.009128569,-0.0033943898,-0.013449939,0.006679999,0.017297233,0.0045512742,0.004409511
2014-06-11,-0.29634932,-0.0071859173,0.0035237384,0.037622254,-0.10556723,-0.08678095,0.101956606,0.018322524,0.0772252
2014-06-12,0.13808846,0.016145797,0.0026251352,0.005751262,0.027277976,0.030752352,-0.04608315,0.029148135,0.05780145
2014-06-13,0.48607987,0.03600217,-0.010636592,-0.0073796753,0.1514415,0.15753208,-0.15217215,0.0072538066,-0.12396726
2014-06-16,0.19001135,0.009913909,0.00766243,0.012228134,0.053720396,0.06941143,-0.05910751,-0.0016759287,-0.05731782
2014-06-17,0.20687611,0.004147295,-0.0018590516,0.020994028,0.0637748,0.06537173,-0.046461895,-0.004639244,-0.030146763
2014-06-18,0.3073559,0.015656047,-0.011463732,-0.0010297047,0.103442036,0.087777026,-0.0992057,0.00039755067,-0.07518495
2014-06-19,0.6639872,0.0224671,-0.017467313,-0.029519677,0.20276833,0.21745788,-0.22061631,0.04387178,-0.106843874
2014-06-20,0.06843219,0.011901171,-0.00012988788,-0.02242342,0.038107883,0.039791506,-0.047106765,0.0066329646,-0.020873303
2014-06-23,-0.054161873,-0.015009107,0.008560739,0.0018019842,-0.043244474,-0.0060450234,-0.0039065382,-0.001507445,-0.009369252
2014-06-24,-0.12294436,-0.07688628,0.027675528,-0.018091902,-0.059070747,-0.07698196,0.029969692,0.011254281,0.020549808
2014-06-25,0.096767046,0.013090345,0.0020783886,-0.018958138,0.02621899,0.039051477,-0.025913088,-0.0010016174,-0.027233848
2014-06-26,-0.08387272,-0.00077122805,-0.014235573,-0.018178321,-0.006895261,-0.009471376,0.010147247,0.0077815535,0.008666354
2014-06-27,-0.248398,-0.018450122,-0.011606226,0.0069989273,-0.09388244,-0.09156026,0.09766586,0.014936646,0.0909219
2014-06-30,-0.36697853,-0.037080903,-0.003031125,0.014535331,-0.14527312,-0.061565917,0.10354718,0.008887258,0.08023171
2014-07-01,-0.014953619,-0.022933789,-0.017665528,-0.021206949,-0.02364096,0.026096612,0.03346366,0.029568223,0.022729455
2014-07-02,0.14578044,-0.0007444866,0.0037014866,-0.0026928564,0.061323784,0.074605696,-0.079338714,-0.012225022,-0.045436904
2014-07-03,-0.07955558,-0.011376003,0.007847539,-0.010488017,-0.039179247,-0.008387604,0.007885914,-0.015401157,0.022735342
2014-07-07,-0.56041,-0.036180105,-0.011483944,0.03253121,-0.1832012,-0.16054037,0.16933547,0.007996188,0.12441939
2014-07-08,-0.15948148,-0.029009843,4.919207e-05,0.0016714836,-0.037697777,-0.040758763,0.06711844,-0.014457206,0.049233705
2014-07-09,-0.27927166,-0.009811883,-0.0022397062,0.011816143,-0.0891178,-0.08546772,0.10051237,0.0110902265,0.083259344
2014-07-10,-0.24859898,-0.07333368,-0.004995691,-0.03896737,-0.11684603,-0.07183258,0.06124271,0.038572133,0.04922378
2014-07-11,-0.38599405,-0.032459263,0.008104398,0.02796429,-0.098776646,-0.12951136,0.12268571,-0.015297413,0.12182598
2014-07-14,-0.25492054,-0.0073004784,0.0054111,-0.0011721369,-0.05508747,-0.055196308,0.058915827,-0.044717763,-0.024492593
2014-07-15,-0.6088639,-0.098740645,-0.0010113332,-0.03800277,-0.19182582,-0.15071021,0.21931985,-0.031725124,0.15255684
2014-07-16,0.041204534,0.024577646,-0.008306117,0.0047777216,0.048705097,0.012199638,0.01046786,-0.011193729,-0.02603494
2014-07-17,0.31648868,0.022315403,-0.0073976764,-0.012443921,0.10269161,0.12396373,-0.0951443,0.0001937725,-0.025471814
2014-07-18,-0.29722515,-0.0013946707,0.0059229806,0.024078483,-0.09088853,-0.097566195,0.10118382,-0.008535521,0.028986994
2014-07-21,0.19820659,0.015510708,-0.008867654,0.0025316274,0.09771899,0.08950272,-0.07380732,-0.013523476,-0.06983092
2014-07-22,0.024618397,0.011112455,-0.006545291,0.0052373107,0.023215508,0.02017,-0.028837537,-0.010009231,-0.019652687
2014-07-23,0.07032883,0.022057503,0.015172089,0.01956067,0.0110414075,-0.0026521743,-0.028123524,0.0022469438,-0.010533254
2014-07-24,-0.17901237,-0.015897522,0.017880399,0.016242536,-0.07854434,-0.04253794,0.015171864,-0.011779435,-0.009771397
2014-07-25,0.17134249,0.0043676365,-0.014103374,0.008788709,0.060223877,0.064208925,-0.055301074,0.018371724,-0.003951134
2014-07-28,0.10612777,0.015811112,0.007717544,0.012581443,0.029408997,-0.00065516226,-0.040004186,-0.0006524978,-0.059130445
2014-07-29,-0.43203932,-0.022408634,0.009522937,0.015847081,-0.15567912,-0.1315784,0.14467096,0.0059558004,0.12199749
2014-07-30,0.04662601,0.00031139897,-0.0018367103,-0.02562337,0.027870791,0.044020373,-0.031102145,-0.009667424,-0.01844456
2014-07-31,-0.4323939,-0.02740509,0.022647932,0.009153047,-0.1609797,-0.13164037,0.11748595,-0.013223594,0.07700807
2014-08-01,-0.379069,-0.029507149,-0.0041419896,-0.018782882,-0.13517775,-0.10930494,0.15033875,-0.0017817062,0.13383174
2014-08-04,0.45782918,0.041823976,0.0037487964,-0.013409219,0.14937653,0.12459394,-0.15635855,-0.02105176,-0.13811451
2014-08-05,-0.5257408,-0.039057534,-0.0017759297,0.023276774,-0.16354977,-0.1663974,0.17181727,-0.009894109,0.1364399
2014-08-06,0.45038944,0.0050459947,-0.0095098205,-0.0001087999,0.1295926,0.10920535,-0.10555993,0.02917351,-0.053755738
2014-08-07,-0.051546272,-0.0073744063,0.0010689094,0.00051627815,-0.041311007,-0.0066872337,0.034821227,0.012462689,0.0196223
2014-08-08,-0.21280321,-0.011366503,0.012377699,-0.018684555,-0.078592025,-0.0757407,0.09043372,0.0003982152,0.031831913
2014-08-11,0.19226408,0.047117207,-0.005153278,-0.0147351455,0.0924106,0.063311026,-0.06543402,0.0057834885,-0.056884497
2014-08-12,-0.39621636,-0.03598068,-0.00055963773,0.028784035,-0.11239114,-0.13431619,0.14225966,-0.009284703,0.09125789
2014-08-13,-0.30114347,-0.0149543015,-0.0022601914,0.025860801,-0.0867843,-0.10201523,0.11937861,0.0057366095,0.124606945
2014-08-14,-0.53135765,-0.054710016,0.004731183,-0.00065563514,-0.18066725,-0.18276523,0.18989564,-0.0040193666,0.20067555
2014-08-15,-0.33757147,-0.052651536,-0.018170314,-0.006090958,-0.09746243,-0.050492108,0.11734193,-0.061300404,0.090442136
2014-08-18,-0.24303344,-0.017254623,-0.00016038342,-0.0248515,-0.08068444,-0.079672195,0.058630206,0.002697492,0.0364593
2014-08-19,-0.13445373,-0.01379959,-0.010436458,0.03353245,-0.03119867,-0.04543868,0.032007173,-0.008894212,0.043821633
2014-08-20,0.4940458,0.029624296,-0.010061094,-0.021942465,0.15234703,0.1817483,-0.16904894,0.005848947,-0.15214154
2014-08-21,-0.0029821717,0.010808559,-0.0018024726,0.018046986,0.01637058,0.0053882226,-0.039050985,-0.018008946,-0.009132177
2014-08-22,0.09384688,0.016321784,-0.013258076,-0.018149244,0.02187459,0.03930994,-0.045511834,0.010005778,-0.00436165
2014-08-26,0.00040610638,-0.013266259,-0.017560499,0.049846735,-0.061302517,0.0096246395,0.023985932,0.027444107,-0.015383581
2014-08-27,-0.006244722,0.017320512,-0.0076005915,-7.7058445e-07,0.0052848845,-0.0010993531,0.002246079,0.0063429535,0.0023783555
2014-08-28,-0.04661479,-0.008073021,0.0013542986,0.010445378,-0.013283573,-0.04266266,0.044693686,0.009362533,0.04005472
2014-08-29,0.10458761,0.02315442,-0.00086246064,0.017188335,0.0363698,0.039312057,-0.034710187,0.0011959935,-0.050662197
2014-09-02,-0.72728044,-0.0056248503,0.0049241344,-0.035157826,-0.19788577,-0.21379101,0.21993048,-0.036544543,0.12849368
2014-09-03,0.031998202,-0.010799015,-0.0050432966,0.016462104,0.004828619,0.025033763,0.016559035,-0.001018071,-0.0098214755
2014-09-04,-0.041475102,-0.022381464,0.016506067,0.0032679336,-0.028696764,-0.008089642,0.00084998476,-0.023125889,0.0012572069
2014-09-05,0.08261655,-0.0013860714,0.0049237534,-0.0036185996,-0.0036865924,-0.011370469,-0.049588796,0.01723774,0.0014805523
2014-09-09,-0.89751786,-0.039994452,0.021865765,-0.023497578,-0.26959676,-0.30114865,0.31769174,-0.039670985,0.21255164
2014-09-10,-0.33009878,-0.022017121,-0.015468437,-0.006305313,-0.10784705,-0.11776461,0.087315254,-0.0018922433,0.10465462
2014-09-11,-0.42407143,-0.013303654,0.010832992,0.013562163,-0.13793495,-0.12624371,0.15404704,-0.017972222,0.06649872
2014-09-12,-0.026267657,0.015142484,0.013670516,0.003420061,-0.019065201,-0.06785104,0.011245412,0.020229299,-0.01970406
2014-09-15,-0.43423283,-0.039788444,0.009091403,-0.0025074752,-0.17175758,-0.10622014,0.086243786,-0.08198193,0.0713562
2014-09-16,0.48697153,0.05977244,0.01886375,-0.012285679,0.1623304,0.19606753,-0.17922446,-0.01813471,-0.110161744
2014-09-17,0.022466918,-0.016161975,-0.01024635,-0.0013259411,0.00059716916,0.0018866155,0.009372123,0.0035722686,-0.0011499642
2014-09-18,-0.830176,-0.052165855,-0.020987935,0.03170129,-0.2589791,-0.23853718,0.272988,0.02311417,0.21139522
2014-09-19,-0.39640662,-0.022361385,0.0032769812,0.08515327,-0.16001117,-0.09638905,0.09526421,-0.0022105456,0.07273182
2014-09-22,-0.53352714,-0.056441385,-0.018142395,-0.017010415,-0.15171103,-0.14305085,0.18204612,-0.005583725,0.14382888
2014-09-23,-0.04082929,-0.02761294,0.004970081,0.021485085,-0.029110746,-0.0028681895,0.003505634,0.00044373242,-0.019832365
2014-09-24,0.32063496,0.014382613,0.0060096197,-0.0008398233,0.102299996,0.09451648,-0.119173676,0.0029529887,-0.12384716
2014-09-25,-0.21515268,-0.036514144,0.0018047196,0.027455766,-0.08024836,-0.049502425,0.06971652,-0.018540978,0.049902555
2014-09-26,-0.13774984,0.0011280337,-0.032489285,-0.022167029,0.0066626016,-0.018102035,0.049984053,0.007187164,0.036359943
2014-09-29,0.49926382,0.038606524,-0.00020957932,-0.009204206,0.16530941,0.16934998,-0.17427285,0.00554701,-0.16226022
2014-09-30,-0.91101325,-0.05661225,-0.0024727937,0.034514673,-0.28576043,-0.29547507,0.29276258,-0.01177351,0.22565974
2014-10-08,0.11758714,0.15187229,-0.0296812,-0.010577078,0.095547274,0.009640227,-0.1030418,-0.016251821,-0.028136255
2014-10-09,0.05448498,-0.0028243032,0.020847406,0.0029152622,-0.012057266,-0.011947608,-0.0017741078,0.02592982,0.023574296
2014-10-10,-0.45350504,-0.030715898,0.0015207239,0.0068856375,-0.15328619,-0.106572695,0.13469815,-0.00875017,0.11899131
2014-10-13,0.41710585,0.020501874,-0.011261717,-0.028048811,0.14266838,0.09292639,-0.13167304,0.008016583,-0.10580932
2014-10-14,-0.23684217,-0.024323946,-0.010042646,-0.034880012,-0.08853201,-0.058958255,0.03912259,0.012991369,0.06761078
2014-10-15,-0.9143851,-0.09884594,-0.022680884,-0.048005875,-0.29827005,-0.28592932,0.35175115,-0.008726141,0.25303683
2014-10-16,0.07959305,0.004752641,-0.0040552164,-0.015328687,0.02304723,0.028985469,-0.038637903,-0.00042397054,-0.020057257
2014-10-17,0.18532461,0.010344959,0.013728591,0.030703237,0.06648764,0.086570844,-0.076370984,-0.035189554,-0.037871905
2014-10-20,-0.30987465,-0.04159909,-0.012659017,-0.040327176,-0.08293459,-0.07873093,0.10998437,-0.007501958,0.12069617
2014-10-21,0.4760571,0.051773284,0.00034905854,-0.024612825,0.1393957,0.1505275,-0.1566698,0.014090349,-0.10254471
2014-10-22,-0.28374803,-0.033959445,-0.0074295867,0.034366988,-0.078565195,-0.09734064,0.062359482,-0.022003941,0.051604997
2014-10-23,0.27979138,0.05332898,0.014054543,-0.007100343,0.097949386,0.0740696,-0.119581915,-0.0097308755,-0.10320533
2014-10-24,-0.34065786,-0.03686939,0.019463152,0.0063457475,-0.10881471,-0.11320717,0.12014854,-0.021243228,0.09582842
2014-10-27,0.12253862,0.036540743,-0.0036510923,-0.017732196,0.04898813,0.030635541,-0.06095489,0.0041148667,-0.03734784
2014-10-28,0.5527406,0.02421911,0.0073970207,-0.019844139,0.14587647,0.17149167,-0.1564259,0.003347607,-0.14082247
2014-10-29,0.81386065,0.073171236,0.0006284784,-0.012989669,0.26605737,0.21824016,-0.24905552,-0.0033531885,-0.24421696
2014-10-30,-0.6575275,-0.03753205,0.0056414385,0.055982977,-0.1921104,-0.22909124,0.19264568,-0.028816868,0.13093664
2014-10-31,-0.19662204,0.016991658,0.011424763,0.007221251,-0.056110423,-0.098712385,0.05339113,-0.006897942,-0.0079783695
2014-11-03,-0.31100142,-0.022010155,0.0057503115,-0.006279454,-0.11787058,-0.073348224,0.113856,0.00031893598,0.12148797
2014-11-04,-1.0689837,-0.07789088,0.014600032,0.0031194063,-0.34701177,-0.3343862,0.3496152,-0.015478667,0.28006753
2014-11-05,-0.29593527,0.01611859,0.01167008,0.015413664,-0.072920956,-0.10597578,0.10162647,-0.021930704,0.029828778
2014-11-06,0.07333918,-2.294946e-05,0.001075923,0.0023954974,0.024076695,0.021629358,-0.039339494,-0.0005660243,-0.012918987
2014-11-07,0.44814888,0.029387174,-0.021567367,0.006144168,0.13984011,0.14831592,-0.12871183,0.037389044,-0.082657635
2014-11-10,-0.4586975,-0.034895267,0.0007627042,0.008784567,-0.13770428,-0.1409296,0.13621669,-0.0029898512,0.116035596
2014-11-11,0.44861558,0.025230814,-0.016979396,-0.04284702,0.13908131,0.1283567,-0.15512997,0.009238105,-0.16031179
2014-11-12,-0.16757928,-0.031615373,-0.011491022,-0.011334632,-0.02321812,-0.022878613,0.0493176,-0.012559488,0.041628186
2014-11-13,-0.7478429,-0.06891126,0.005317612,-0.013670021,-0.2601258,-0.27128395,0.24786793,0.032922946,0.24562031
2014-11-14,0.53027,0.016379226,-0.0059841177,-0.0354103,0.14726657,0.19301239,-0.1463316,0.050390873,-0.06062382
2014-11-17,-0.19816338,-0.027289912,0.0041317763,0.014072806,-0.11094681,-0.08939981,0.08078872,0.026188886,0.044423584
2014-11-18,-0.14421645,-0.044347785,-0.0011477682,0.018910814,-0.054080233,-0.05923741,0.082831964,-0.005034795,0.05297659
2014-11-19,-0.011841061,-0.011411966,0.02216806,-0.010241555,-0.02250625,0.029616963,-0.0019648059,-0.009841292,-0.0021345075
2014-11-20,0.21583045,0.034654677,-0.009339501,-0.012439051,0.079275675,0.060873304,-0.062449217,-0.012589495,-0.041145794
2014-11-21,0.64267355,0.062773414,-0.009602961,0.0020231022,0.23253796,0.21509272,-0.20708634,-0.013342196,-0.18218723
2014-11-24,-0.29545456,-0.027520569,0.006550718,0.011920118,-0.09863031,-0.1011009,0.0978752,-0.0068049864,0.0651454
2014-11-25,0.08634162,-0.003815608,-0.007344856,-0.030517194,0.03423917,-0.008236634,-0.0046719695,0.016834766,-0.0013902762
2014-11-26,0.11038739,0.0047510616,-0.010789016,0.002745832,0.03800517,0.02691167,-0.025781631,0.00020766561,-0.02254679
2014-11-28,-1.848116,-0.23886155,0.011379553,0.053487793,-0.69340837,-0.6590691,0.6494447,0.012242163,0.49007973
2014-12-01,0.78707606,0.033073314,0.04130663,-0.13184325,0.280073,0.27105564,-0.23145103,-0.034649923,-0.12384611
2014-12-02,-1.147659,-0.07435355,0.0021881429,0.021189367,-0.38293013,-0.36755326,0.36094576,-0.025067292,0.29124105
2014-12-03,-0.023883687,-0.0073950766,0.0034665493,0.013732056,-0.019961702,-0.044609375,0.04250394,-0.00015711243,-0.013916217
2014-12-04,0.22355404,0.019563712,-0.009583005,-0.024660293,0.085106425,0.094754286,-0.09820766,-0.008300548,-0.054653715
2014-12-05,-0.3550961,-0.014510945,0.007597837,-0.00022670263,-0.11695344,-0.14085312,0.08774532,-0.0003171419,0.05808216
2014-12-08,-0.72788614,-0.082887836,-0.015674336,-0.030431041,-0.24856555,-0.22801527,0.23395397,0.0049127075,0.17602511
2014-12-09,0.64670664,0.053233758,-0.007469457,-0.035837226,0.20971134,0.19980901,-0.19619384,0.04976268,-0.079229504
2014-12-10,-0.8766208,-0.08597547,-0.0005811091,-0.03531117,-0.29591602,-0.30382743,0.29447708,0.01193604,0.27781022
2014-12-11,0.07050177,0.013460542,-0.0075447313,-0.0047638267,0.017341353,0.010073072,-0.045209203,0.003225913,-0.019467188
2014-12-12,-0.36065343,-0.04497546,0.0002989179,-0.01949611,-0.13710344,-0.1244771,0.09043406,0.002765688,0.11780548
2014-12-15,-0.5426049,-0.04613584,0.0064849197,0.024716662,-0.15155347,-0.20468597,0.1564494,-0.04019073,0.12717192
2014-12-16,-0.933785,-0.06833654,-0.0003305077,0.013322499,-0.29684573,-0.28857684,0.30232453,-0.030419964,0.17376181
2014-12-17,0.28297842,0.030355219,-0.015555128,-0.028670738,0.0991558,0.10245682,-0.110250294,-0.0051392596,-0.07065543
2014-12-18,-0.40835646,-0.038751286,-0.019627895,-1.24860235e-05,-0.13866733,-0.1299232,0.096442476,0.006054907,0.10179919
2014-12-19,0.3380156,0.067597106,0.0049413317,0.0328997,0.13294804,0.11881016,-0.1603569,-0.03201312,-0.13760881
2014-12-22,-0.5310995,-0.02652193,-0.01527318,0.017431773,-0.14948988,-0.1675675,0.14165847,-0.02329351,0.094988495
2014-12-23,0.32697695,0.04824991,-0.0021595308,0.0065399525,0.1024025,0.109741606,-0.10651292,0.0032140221,-0.10447868
2014-12-24,-0.7942819,-0.04698936,-0.0046149227,0.020801816,-0.2549669,-0.2566863,0.24817951,-0.0113573,0.19680737
2014-12-29,-0.36042413,-0.056602642,0.0015650106,-0.0114100035,-0.15975545,-0.17898637,0.14434177,0.02010739,0.14625032
2014-12-30,0.2514751,-0.0016330954,-0.027299989,-0.039669186,0.0895217,0.09489166,-0.06961465,0.034987025,-0.051573217
2014-12-31,-0.911062,-0.051163867,-0.01970642,0.03906276,-0.28920355,-0.24179733,0.28166395,0.0030906838,0.20095868
2015-01-05,-0.5988918,-0.10047539,-0.024337338,-0.04467569,-0.20269129,-0.26823524,0.22887796,0.04645728,0.19021785
2015-01-06,-0.09711355,-0.061290804,-0.023561241,-0.05487686,-0.058683217,-0.019630333,0.04771557,0.048802484,0.06263895
2015-01-07,-0.23243412,-0.0016005816,0.021685481,-0.010902671,-0.09383563,-0.08095655,0.09210436,-0.015442445,0.038962282
2015-01-08,0.16497025,0.013752931,0.008854352,0.022100225,0.05102061,0.035146426,-0.043378506,-0.007383081,-0.08242181
2015-01-09,-0.24462298,-0.013843723,-0.016802894,-0.00589717,-0.08235225,-0.10567883,0.0875135,0.03171442,0.05305701
2015-01-12,-0.94326216,-0.107639275,-0.01576755,0.0050231167,-0.28505823,-0.29140088,0.33682787,0.004219405,0.29770645
2015-01-13,-0.56656146,-0.05829111,0.01057574,-0.060392596,-0.17365508,-0.21150164,0.263229,0.004030361,0.15367748
2015-01-14,-0.047692668,0.023803655,0.009027189,0.0682368,0.018323828,-0.04189804,0.083818704,-0.0023781175,0.0020993866
2015-01-15,0.26833224,-0.033679485,-0.0062871147,0.0015382499,0.033193026,0.09943263,-0.07211971,0.016038012,-0.014046661
2015-01-16,1.094886,0.075527094,0.004457836,-0.064103976,0.3880062,0.36460984,-0.34387654,0.013099965,-0.23575604
2015-01-20,-0.54239374,-0.092379995,-0.04224548,-0.014878859,-0.15140703,-0.14649479,0.1845289,0.010458476,0.17328766
2015-01-21,0.3750799,0.035287075,-0.003971252,-0.032167137,0.13438185,0.1294421,-0.12221339,0.0034395687,-0.09146838
2015-01-22,-0.36057326,-0.042148493,-0.01327006,0.032752234,-0.09688751,-0.099908635,0.11886122,-0.0019325825,0.11837027
2015-01-23,-0.64423835,-0.017100086,0.014724338,0.04195043,-0.20333515,-0.23208192,0.22213614,-0.016980164,0.193005
2015-01-26,-0.008713817,0.0084766885,-0.0038636478,-0.008481264,0.01708671,0.014512488,-0.027608017,-0.028210716,-0.047840007
2015-01-27,0.13957036,0.014498801,0.009849056,0.03909642,0.05020344,0.0046654656,0.016112423,0.0063874763,0.015666695
2015-01-28,-0.36838794,-0.02463913,0.003983889,0.027943222,-0.1196781,-0.08269116,0.08096225,-0.022402646,0.0922724
2015-01-29,-0.9299717,-0.07533928,-0.020411437,0.060085066,-0.28737244,-0.28890064,0.29457048,0.0019064214,0.22347571
2015-01-30,1.2104934,0.10885064,0.010633783,-0.019925721,0.40158856,0.3923957,-0.35881135,0.017208282,-0.28279084
2015-02-02,0.6750474,0.08354887,0.012207049,0.08049363,0.24249265,0.22481748,-0.21536355,-0.018613681,-0.2107055
2015-02-03,1.3224287,0.16500586,-0.0042037913,-0.05430084,0.4484934,0.46710822,-0.46111977,-0.036838852,-0.40250057
2015-02-04,-0.9511734,-0.11212689,0.010122279,-0.036671687,-0.32259628,-0.30744138,0.31703374,-0.013665423,0.27641705
2015-02-05,0.70343006,0.07560446,0.015187961,0.019025369,0.21452418,0.2210176,-0.21610732,-0.028191932,-0.2109829
2015-02-06,0.037229937,0.049452685,0.0056700697,0.05669449,0.043831564,0.03118601,-0.05425598,-0.04080299,-0.073627524
2015-02-09,0.56801206,0.047648795,-0.02301066,-0.030602455,0.2088226,0.18255852,-0.16015856,0.017027931,-0.12550329
2015-02-10,-1.0495924,-0.09400354,0.008923768,0.014800218,-0.35016108,-0.36877438,0.31868318,-0.0083624795,0.29093748
2015-02-11,-0.3854845,-0.04456555,-0.002896174,-0.018286834,-0.12483372,-0.13657238,0.1160305,0.0027150684,0.053537566
2015-02-12,0.8375535,0.09578016,-0.0014541282,-0.006299997,0.28092334,0.28487608,-0.2873681,0.00816389,-0.25803643
2015-02-13,0.8942163,0.122731425,0.012548855,0.037679736,0.29027906,0.2785271,-0.28306735,0.017233266,-0.13877046
2015-02-25,-0.34244442,-0.046390615,0.064059116,0.028825134,-0.15600005,-0.22065474,0.14312953,0.038165536,0.1294392
2015-02-26,0.11572094,-0.027507892,-0.03220583,-0.006551745,0.03897981,0.06413841,-0.09521913,0.025200242,0.0012675464
2015-02-27,0.7503873,0.07799802,0.0058967536,0.0013022284,0.23792654,0.22123933,-0.20452961,0.022832792,-0.20626634
2015-03-02,-0.98504347,-0.19752102,0.05146812,0.042215575,-0.4236479,-0.32934332,0.34928206,-0.051164787,0.19824901
2015-03-03,-0.13442123,0.008226705,-0.012993173,0.025788128,-0.019842418,-0.028217373,0.05576268,-0.014989367,0.03737875
2015-03-04,-0.17911685,0.0026722997,0.02607505,0.0020097229,-0.05265443,-0.05980167,0.066245474,-0.013546521,0.048228394
2015-03-05,-0.3142934,-0.0074462397,0.013212414,0.011335384,-0.09399115,-0.08639132,0.101083055,-0.022093672,0.12788285
2015-03-06,-0.52257645,-0.019323664,-0.011682012,0.0074355653,-0.12864538,-0.15159991,0.15134783,-0.025025697,0.0740359
2015-03-09,-0.10365406,-0.02718683,-0.013107716,-0.038865242,-0.035242625,-0.00575363,-0.0002384079,0.0059256097,-0.00896704
2015-03-10,-0.9359837,-0.08299515,-0.004535182,-0.0047335997,-0.2985246,-0.33146954,0.31676346,0.015964067,0.2549742
2015-03-11,-0.21802284,-0.0011765007,0.0033433659,0.021349648,-0.0764914,-0.060657155,0.03318048,-0.015025383,0.06480727
2015-03-12,-0.003212632,-0.019209526,-0.0058195656,-0.018852964,-0.030594764,0.039063495,-0.034680836,-0.014601241,0.024728877
2015-03-13,-0.8925129,-0.095844276,0.0009785236,-0.0051819882,-0.30792743,-0.29849795,0.28059077,0.021241032,0.25686383
2015-03-16,0.10162172,-0.035075616,-0.015467291,-0.07039834,0.0018097778,0.0135978,-0.0076384223,0.05644401,0.0053248564
2015-03-17,-0.38999397,-0.021457583,0.00050126034,0.025625784,-0.098931424,-0.104675405,0.118685074,-0.01446546,0.10967757
2015-03-18,0.62338024,0.071710475,-0.0064745066,0.03387789,0.21618842,0.16337627,-0.16317973,0.010515396,-0.12590523
2015-03-19,0.3166595,-0.002856865,-0.010869317,-0.053259134,0.07561721,0.15293941,-0.11402051,0.0063752313,-0.0755653
2015-03-20,1.0610721,0.07816352,0.021763777,-0.11170134,0.37749824,0.38338932,-0.34356827,-0.046819057,-0.28058243
2015-03-23,0.52742153,0.052504502,-0.00849603,-0.012458743,0.17429897,0.16858965,-0.16350593,-0.0024139518,-0.1562606
2015-03-24,-0.2864667,-0.022910768,-0.003525372,-0.010341389,-0.097683325,-0.10701645,0.085292436,0.00901908,0.07724545
2015-03-25,0.21938615,0.036633145,-0.0020549314,0.023076724,0.080299556,0.07845159,-0.07061622,0.007283568,-0.073521465
2015-03-26,0.59269184,0.09002044,0.010331872,0.038842734,0.21284889,0.19812286,-0.18334667,-0.0052493494,-0.15610808
2015-03-27,-0.9365658,-0.085849054,-0.013709469,-0.0031973696,-0.2849335,-0.3108401,0.3064753,-0.007300375,0.26142555
2015-03-30,-0.41260338,-0.02937226,-0.009767377,-0.007334881,-0.09171627,-0.12366288,0.11092844,-0.022656374,0.06943702
2015-03-31,-0.49830306,-0.026661819,-0.007042371,0.01904366,-0.1784388,-0.15866725,0.20880851,0.02259609,0.092371
2015-04-01,1.0095484,0.07308783,-0.009455111,-0.02171304,0.32922706,0.33653152,-0.29377028,0.01400049,-0.24224286
2015-04-02,-0.24543157,-0.045116186,0.0013288758,-0.026427481,-0.08005502,-0.11558999,0.089328766,-0.019068731,0.037349045
2015-04-07,0.9690678,0.13551456,-0.018904231,0.041359585,0.35764986,0.3389914,-0.29585603,-0.0041542393,-0.28031272
2015-04-08,-1.0613844,-0.09865346,-0.0065826266,-0.0060138986,-0.3238933,-0.339757,0.32292235,-0.046652395,0.22882701
2015-04-09,-0.14084014,0.008328369,0.00592906,0.052257385,-0.022921871,-0.022998683,0.012214492,-0.022036683,0.014591075
2015-04-10,0.41914707,0.026181808,-0.0040573324,0.015498461,0.13730507,0.15528291,-0.13575053,0.002299369,-0.10775086
2015-04-13,-0.14331324,0.025284253,0.005684308,0.03044717,-0.023270514,-0.041052546,0.051052134,-0.010280397,0.010167653
2015-04-14,0.2520559,0.039853487,0.0062966696,0.0053154253,0.09874176,0.07002596,-0.06967583,-0.013311674,-0.10417872
2015-04-15,0.87851715,0.09110194,0.0075914934,-0.0012761304,0.30835342,0.26524085,-0.2556238,0.0060699303,-0.25762182
2015-04-16,0.3481708,0.13133338,0.07470706,0.11785614,0.09829234,0.0021831878,-0.15236014,-0.040305447,-0.028853368
2015-04-17,-0.25128517,-0.019726908,0.0005807492,0.011260627,-0.09903,-0.06574362,0.071354285,-6.529615e-05,0.07315373
2015-04-20,-0.3812821,-0.011276922,0.015937945,0.013006818,-0.1208655,-0.14191122,0.14984141,-0.015090578,0.08127852
2015-04-21,-0.1970673,-0.036053907,0.0009940786,0.0015509294,-0.07187449,-0.096713275,0.0793777,0.014743621,0.058039814
2015-04-22,-0.10469176,0.015967656,-0.014003748,0.009393146,0.036949437,-0.026713017,0.005660634,-0.032313515,-0.03631111
2015-04-23,0.6987829,0.046927802,-0.032261994,0.016345227,0.2102155,0.25168005,-0.22414352,0.03689591,-0.1635505
2015-04-24,0.11353064,0.011424856,0.011789903,0.00910892,0.042949483,0.07033885,-0.06963958,-0.030496597,-0.039050564
2015-04-27,0.49626538,-0.0024272995,-0.03468269,-0.048999686,0.151572,0.1681098,-0.1439362,0.06062409,-0.079750724
2015-04-28,0.22790186,0.02146436,-0.004871285,-0.02357672,0.07021163,0.092478015,-0.0708747,0.012796868,-0.027016222
2015-04-29,0.49090442,0.06523127,0.0037923467,-0.021376017,0.15446506,0.16046576,-0.1493904,0.00018503144,-0.13819881
2015-04-30,0.25367093,0.023326028,0.03502795,0.006221308,0.06551569,0.09414238,-0.105588764,-0.043333348,-0.13891414
2015-05-05,0.733262,0.044142734,0.0017489333,-0.03387404,0.18748622,0.22769482,-0.21110052,0.026353646,-0.23898813
2015-05-06,-0.32340747,-0.00955674,-0.028449193,-0.014972023,-0.114545204,-0.07791708,0.09178475,0.019972136,0.08657142
2015-05-07,-0.8293201,-0.09060189,-0.007147021,-0.0046548108,-0.2744384,-0.2517104,0.25099486,-0.00913314,0.17574455
2015-05-08,0.3841323,-0.009873913,-0.0015521798,-0.048762787,0.098444805,0.10846276,-0.09516422,0.024073584,-0.07509786
2015-05-11,-0.38264036,-0.02891285,0.009128812,-0.004676354,-0.13594902,-0.11816212,0.11691042,-0.007814568,0.08763415
2015-05-12,0.5643849,0.040441398,0.0021255128,0.006328031,0.19740371,0.19785245,-0.18980567,0.0016825937,-0.12205451
2015-05-13,0.3428399,0.025024759,-0.014737531,-0.0028772901,0.06580276,0.09048484,-0.06333597,0.07300108,-0.011965408
2015-05-14,0.11081518,-0.019886745,0.003208181,-0.008429634,0.006922347,0.017386196,-0.022581337,0.011452636,0.024594648
2015-05-15,0.063849606,0.0018309643,0.005038708,-0.001217901,-0.0024611668,0.021950375,-0.015208826,0.0051467814,0.015797691
2015-05-18,-0.22048038,-0.044826835,-1.8996046e-06,-0.020146947,-0.092746034,-0.094216414,0.09900109,0.033323124,0.06614313
2015-05-19,-1.2923305,-0.07254487,-0.003564192,0.01343609,-0.39857987,-0.40537715,0.40775126,-0.033673577,0.2988428
2015-05-20,0.061224118,0.0111460835,-0.00045853583,-0.0005916468,0.0056475108,0.03048222,-0.0013506812,0.00022567784,-0.0189022
2015-05-21,0.31898993,0.04046863,-0.007632659,-0.0070161847,0.108319655,0.124980405,-0.1158669,-0.004581555,-0.07720729
2015-05-22,-0.74249756,-0.057017013,0.00097373826,0.0143096065,-0.22533584,-0.23545377,0.2500061,-0.008221666,0.20245951
2015-05-26,-0.7577788,-0.053729467,0.011434757,0.022752017,-0.27534595,-0.26617977,0.18869412,-0.010836626,0.16058432
2015-05-27,-0.5635599,-0.03705506,0.0005046618,-0.0007416298,-0.18480524,-0.19417982,0.20297636,0.0036443006,0.14538527
2015-05-28,0.26006177,0.03193284,-0.00090491946,0.037692335,0.14578381,0.042511664,-0.07759401,-0.022115156,-0.06581767
2015-05-29,0.49266863,0.065269545,-0.0041547655,0.04235882,0.15808624,0.15039898,-0.14310953,0.007213618,-0.15835318
2015-06-01,0.09594318,-0.039642625,0.0002573897,-0.033615086,-0.014738957,0.0074633337,0.013101515,0.027405554,-0.0072629666
2015-06-02,0.4583903,0.04993464,-0.005949149,-0.014366635,0.15801999,0.17838098,-0.1504982,-0.00047442358,-0.12267518
2015-06-03,-0.43305078,-0.04096945,0.008200903,0.020473605,-0.13520569,-0.16019359,0.12153034,-0.035140082,0.06941756
2015-06-04,-0.65197545,-0.05229384,-0.005872489,-0.018015811,-0.21107596,-0.22770399,0.20358026,-0.010506488,0.15818414
2015-06-05,0.049261387,0.007840789,0.015908686,0.014458932,0.012835633,0.034426346,-0.029828873,-0.019528385,-0.0323573
2015-06-08,0.128015,0.013106885,-0.010190584,-7.963737e-05,0.03594352,0.0501631,-0.033219393,0.0025945008,0.0044498313
2015-06-09,0.66014665,0.07595769,-0.0013319971,0.009425327,0.23072897,0.22711581,-0.21245101,0.0030173128,-0.18165477
2015-06-10,0.2591126,0.027284574,0.013892989,0.0012820231,0.08730284,0.12687017,-0.079689495,-0.014336859,-0.08639401
2015-06-11,-0.7540141,-0.031164935,-0.020130524,0.03283065,-0.21762796,-0.24278021,0.2630368,0.023103777,0.21760932
2015-06-12,-0.38615245,-0.046535715,0.005675381,-0.0019991165,-0.12872483,-0.11659927,0.11773586,-0.022636238,0.06426403
2015-06-15,-0.6177985,-0.057952963,-0.006885293,-0.04097842,-0.19807893,-0.22169839,0.22431462,0.016992673,0.1799762
2015-06-16,0.15277994,0.044138763,0.0059261816,0.026472365,0.06411302,0.018013012,-0.05264854,-0.011579907,-0.041292876
2015-06-17,0.016525444,0.025122399,-0.0017841783,0.003828078,0.01974617,-0.0017245201,-0.008549604,0.0035472421,0.015750308
2015-06-18,0.1467306,0.014556559,-0.012246764,0.0042097764,0.035905764,0.062735714,-0.026776096,0.027912147,0.0019609558
2015-06-19,-0.57956535,-0.06100877,-0.007018331,-0.020911962,-0.21152303,-0.1987837,0.20530434,0.008108474,0.15786158
2015-06-23,0.5981503,0.082060285,0.0063065453,-0.01998289,0.22161728,0.21749453,-0.2437191,-0.049305398,-0.19811858
2015-06-24,-0.05577441,-0.022413332,0.017865395,-0.022724206,-0.05292692,-0.022824997,0.029158138,-0.0019356097,0.010691719
2015-06-25,0.105819404,0.015956033,-0.0006171372,-0.017529316,0.02139265,0.0057838815,-0.027637122,0.0016921803,-0.020003602
2015-06-26,0.19358365,0.014841889,-0.0231675,5.2155397e-06,0.057585277,0.08996185,-0.08026723,-0.00459988,-0.033737883
2015-06-29,-0.41301146,-0.05494287,-0.021226633,-0.011038002,-0.13922763,-0.11146977,0.113151096,0.0054085725,0.104079306
2015-06-30,0.84614533,0.1051469,-0.009214854,-0.017414503,0.29792207,0.24802405,-0.27052906,0.0038816186,-0.2209582
2015-07-01,-0.40967658,-0.060337715,0.00340409,0.008311073,-0.10199082,-0.134641,0.1115758,-0.012328695,0.14183135
2015-07-02,0.1041367,0.016978584,0.016785976,0.010247416,0.01825819,0.020483002,-0.03536767,-0.005660035,-0.016087493
2015-07-06,-1.4625431,-0.20421097,0.006232769,-0.05607997,-0.46599758,-0.53011745,0.5037821,-0.03357055,0.39169616
2015-07-07,-1.3283533,-0.06556893,0.005891695,0.046069562,-0.39609134,-0.40456343,0.43239653,-0.044162855,0.34424537
2015-07-08,0.40531385,0.012150096,-0.00026282552,0.008876839,0.12668067,0.15972587,-0.17125896,-0.00055135106,-0.10789624
2015-07-09,0.7010302,0.0752543,0.019435594,-0.02327507,0.2123116,0.20013367,-0.22560331,-4.6865982e-05,-0.20707417
2015-07-10,0.11597218,0.019104388,-0.008959094,0.00454575,0.039921384,0.013051787,-0.029514264,0.010928196,-0.024395077
2015-07-13,0.23256938,0.018532665,0.019238833,-0.0017501232,0.061905168,0.02946306,-0.05124574,-0.0098829055,-0.059937093
2015-07-14,-0.13997567,-0.0062583755,-0.028618846,-0.05400938,-0.0022036294,0.0017776657,0.025861032,0.00066497945,0.0044758585
2015-07-15,-0.53959185,-0.035870727,0.0035581023,0.09147934,-0.18864536,-0.29632965,0.1767552,0.06485587,0.18592827
2015-07-17,-0.60704195,-0.04611563,-0.0022921606,0.03630431,-0.1945101,-0.18012169,0.18187895,-0.014645713,0.13660382
2015-07-20,-0.5946976,-0.02482587,-0.01313087,0.032677993,-0.22737333,-0.1814669,0.19112101,0.03136554,0.14417939
2015-07-21,-0.083372414,0.014738844,0.00091256096,-0.0019632333,-0.034630697,-0.03404604,0.026664829,0.015852248,0.025669469
2015-07-22,-0.6045506,-0.008157912,-0.0055402843,0.012295772,-0.17358199,-0.20432727,0.19902414,0.004834505,0.1511968
2015-07-23,-0.4581926,-0.057068795,-0.012844151,0.01039571,-0.13941818,-0.15700147,0.17542101,-0.007859293,0.1355459
2015-07-24,-0.71405935,-0.03905449,0.01128236,0.008951402,-0.2348568,-0.20546797,0.22694027,-0.016621403,0.17341799
2015-07-27,-0.7487933,-0.10238065,0.0027205793,-0.014004526,-0.25324643,-0.21471651,0.26492792,-0.008791795,0.18677805
2015-07-28,0.5676873,0.050370034,0.0013885761,-0.036407,0.18131666,0.18530224,-0.1982561,-0.0022683698,-0.18260126
2015-07-29,0.0016279343,0.010364226,-0.0011502279,-0.027152473,0.014503906,0.044334233,-0.006486071,-0.004295536,-0.025516873
2015-07-30,-0.21468368,-0.0009934081,-0.00030144994,0.022269309,-0.057154275,-0.094886445,0.070302285,0.0047321273,0.047023997
2015-07-31,-0.46206617,-0.06372282,0.0023558622,-0.0022292626,-0.16251853,-0.14419468,0.15287548,-0.003710843,0.15173353
2015-08-03,-1.0564827,-0.07752693,-0.0042743334,-0.0340984,-0.3534424,-0.38855875,0.35018358,0.0070226225,0.28140217
2015-08-04,0.23078494,0.021106292,0.012710029,0.007956013,0.07203041,0.06282324,-0.08329299,0.003858704,-0.051640313
2015-08-05,-0.2685797,-0.0015899568,-0.0002698373,-0.005079868,-0.09035028,-0.09968928,0.07695153,0.0072490703,0.084558375
2015-08-06,-0.23887122,-0.029886818,-0.0021274064,-0.023500364,-0.098062254,-0.07606553,0.081129566,0.021376021,0.10833822
2015-08-07,0.05783116,0.005123989,-0.0052485126,-0.02062356,0.010097822,0.003245785,-0.008170855,0.020523502,-0.022293482
2015-08-10,1.3035519,0.121194735,0.013131075,-0.04726519,0.45279244,0.40064615,-0.41152677,0.00842617,-0.32422194
2015-08-11,-1.0104859,-0.09928008,0.04541653,-0.007738258,-0.30910355,-0.34153482,0.38386703,-0.03758316,0.2808962
2015-08-12,-0.085952565,-0.063208245,0.0072342735,0.010756997,-0.0055935783,-0.0036191328,0.10193503,-0.0047865757,0.061352715
2015-08-13,0.030313188,0.041292623,-0.009045307,-0.015484309,0.030288303,0.023464788,-0.03524133,-0.010163511,-0.019331887
2015-08-14,-0.08772052,-0.00842785,-0.0030521788,-0.006838815,-0.030160984,-0.011574929,0.038440533,-0.011176562,0.023644129
2015-08-17,-0.4605133,-0.09133852,-0.032001946,-0.076618746,-0.14283876,-0.15226407,0.117889345,-0.044857558,0.0639191
2015-08-18,-0.53400606,-0.023161866,-0.010787914,0.012776821,-0.15086445,-0.17151806,0.18542798,-0.0038567835,0.12531647
2015-08-19,-0.49064407,-0.057785742,-0.016315388,-0.022023821,-0.17145027,-0.18242443,0.18934111,0.03550273,0.19835956
2015-08-20,0.5106907,0.017591024,-0.029244544,-0.06144657,0.14572728,0.18389976,-0.15989244,0.030439215,-0.116490155
2015-08-21,-1.0106809,-0.10241287,0.010729342,-0.0048181335,-0.33216235,-0.32336628,0.32269272,-0.031376604,0.25587124
2015-08-24,-1.6046044,-0.1284339,0.016034871,-0.008994844,-0.51979053,-0.50764465,0.50602454,-0.05755952,0.40746433
2015-08-25,0.13193356,0.026907785,0.014207346,-0.029710507,0.014606189,0.057472732,-0.069599785,-0.019115306,-0.12186518
2015-08-26,-1.050173,-0.03952735,0.009847013,0.04377958,-0.35090268,-0.35144266,0.36760023,-0.01069523,0.29854786
2015-08-27,1.6670424,0.22256435,0.005563748,-0.027724888,0.62699276,0.5544146,-0.505755,0.006980982,-0.43833163
2015-08-28,1.2088922,0.10318026,0.02400843,-0.0068429112,0.46344227,0.3553597,-0.34893903,-0.018896297,-0.35168537
2015-09-01,-0.70362085,-0.0062568868,-0.02876684,-0.036384556,-0.21465464,-0.22844456,0.26317003,0.030764993,0.20617656
2015-09-02,0.058995415,0.013037312,-0.004207573,-0.0039947084,0.023276202,0.04631078,-0.049104102,0.006203759,-0.029959446
2015-09-08,0.32022947,0.036713663,-0.0034363288,-0.05860087,0.086879924,0.16119239,-0.14649792,0.0049881362,-0.10802483
2015-09-09,-0.70713407,-0.06272665,0.008294896,-0.028805519,-0.19272774,-0.20669676,0.19415924,-0.060762286,0.15394895
2015-09-10,0.5590738,0.045572508,-0.006867725,-0.021213206,0.16376539,0.1764762,-0.16394177,0.013562788,-0.12277632
2015-09-11,-0.2183428,-0.0017561787,-0.02143405,-0.0047447304,-0.05253171,-0.050683193,0.04090685,0.0035658088,0.083257474
2015-09-14,-0.7366172,-0.06678555,0.0011348691,-0.04334889,-0.27747503,-0.269155,0.28421432,0.023323024,0.21577056
2015-09-15,0.22166447,0.01836314,-0.0038712686,-0.034787297,0.06707655,0.10123044,-0.098464,-0.0040215384,-0.05869433
2015-09-16,0.9107697,0.100189276,-0.007458423,0.0057552927,0.30454335,0.32914832,-0.26745123,0.020725118,-0.20179297
2015-09-17,-0.31768644,-0.030185314,0.020146491,-0.018670082,-0.112543374,-0.105687134,0.09735067,-0.00026972478,0.076960795
2015-09-18,-0.85762453,-0.0998522,-0.001646764,0.02455793,-0.29750574,-0.29010382,0.3201479,0.028187094,0.29692906
2015-09-21,0.5316059,0.0670031,0.016560113,-0.020727031,0.16845703,0.17337482,-0.17274827,-0.009694492,-0.14209329
2015-09-22,-0.93026465,-0.06918333,-0.014880252,0.043449197,-0.2675622,-0.3021266,0.29554352,-0.0038415135,0.24369428
2015-09-23,-0.056529313,-0.020467294,-0.02147812,-0.00097523,-0.027889745,-0.005705842,0.029264383,0.0066547235,0.008644221
2015-09-24,0.5533251,0.015302361,-0.015473936,-0.026168313,0.14546783,0.1497874,-0.1355069,0.052773997,-0.1215726
2015-09-25,0.43958157,0.03182672,-0.009040978,-0.022311501,0.13047832,0.13758136,-0.14103897,0.008568416,-0.12366592
2015-09-28,-1.1009661,-0.0848451,0.0060260594,0.018444091,-0.33334693,-0.36203766,0.34864092,-0.047352273,0.25566182
2015-09-29,0.39969116,0.0555544,0.009456083,0.021650227,0.14443822,0.114760555,-0.12433471,-0.013979781,-0.13876708
2015-09-30,0.2805077,0.004140353,-0.0058163893,-0.023775108,0.09678869,0.13130414,-0.13859665,0.0024668237,-0.12464605
2015-10-08,1.3795487,0.09240238,-0.13831612,-0.19351283,0.4440709,0.47918585,-0.4377545,0.11897824,-0.4510036
2015-10-09,0.7209654,0.09012298,0.04476836,0.06274257,0.2851494,0.22553982,-0.2916136,-0.104303904,-0.26992512
2015-10-12,-0.5498836,-0.074014924,0.009679225,-0.016420884,-0.21234074,-0.18389493,0.20179747,-0.005190203,0.15024856
2015-10-13,-0.20703083,-0.014032326,-0.0054508136,-0.04417377,-0.09072651,-0.10572051,0.059016097,0.006995988,0.064186424
2015-10-14,0.14568694,-0.010048281,-0.004853019,-0.016121024,0.03564713,0.06757912,-0.04010766,0.031638365,-0.013272421
2015-10-15,-0.23956624,-0.032141667,-0.027345216,-0.014090549,-0.049410358,-0.023562567,0.081263304,-0.011239455,0.045952816
2015-10-16,0.08851532,0.0023058485,0.0030690187,0.02313897,0.052489493,0.04215113,-0.02327408,-0.027526809,0.011514885
2015-10-19,-1.0307442,-0.050580755,-0.012070801,0.013384548,-0.32859686,-0.32742596,0.32965964,0.0029914514,0.2641756
2015-10-20,0.21799023,0.0067159464,0.008254095,0.013395929,0.050374165,0.068788156,-0.0850053,0.0051355255,-0.03523899
2015-10-21,-0.2999215,-0.018837923,-0.017647417,-0.0036575492,-0.076503806,-0.053659733,0.07035868,-0.010090069,0.021134479
2015-10-22,0.10287121,-0.038259897,0.03725748,-0.003742908,0.04895563,0.016913397,-0.01593913,-0.035656452,-0.04424954
2015-10-23,-0.33285713,-0.016791442,-0.010492241,0.02024036,-0.057671662,-0.09027496,0.09407707,-0.024849972,0.11040012
2015-10-26,-0.4033915,-0.047845233,-0.03297676,-0.022645697,-0.12186441,-0.06406874,0.103046484,-0.0026902067,0.1323965
2015-10-27,-0.27182537,-0.03389123,0.008396418,-0.003928153,-0.10298719,-0.10366477,0.09251688,0.0007778502,0.054855667
2015-10-28,0.9502208,0.106500566,-0.01954084,0.020724608,0.3546217,0.33255002,-0.26927403,0.023055878,-0.24435022
2015-10-29,-0.6023705,0.010050178,0.011802977,0.053719234,-0.17353725,-0.20651902,0.18977377,-0.020619249,0.112626545
2015-10-30,0.30919635,0.033070575,-0.0037154385,0.0036859582,0.11824801,0.10526976,-0.115895264,-0.013816373,-0.109998874
2015-11-02,-0.35383356,-0.03857825,-0.0259433,-0.030175006,-0.0870992,-0.078852504,0.11127959,0.0118052885,0.09156674
2015-11-03,0.45487034,0.078245506,0.013724416,0.024610518,0.19806273,0.16304189,-0.19139639,-0.041578263,-0.19828069
2015-11-04,-0.7763295,-0.06751407,0.017238159,-0.008898279,-0.29061043,-0.2924179,0.2599798,0.00481289,0.1843386
2015-11-05,-0.66928226,-0.053196244,-0.001903917,0.0019202142,-0.1755001,-0.22224002,0.2586623,-0.011589919,0.19633515
2015-11-06,-0.38300565,-0.020011075,0.0001753673,0.03974472,-0.110956006,-0.12194453,0.09057074,-0.015001492,0.061204053
2015-11-09,-0.59923506,-0.03370133,0.029785529,0.028046062,-0.1913166,-0.20454311,0.20125422,-0.025282476,0.15082616
2015-11-10,-0.32455555,-0.030205779,0.0073836125,-0.026470227,-0.102003895,-0.09879108,0.13914363,-0.0061689443,0.07887607
2015-11-11,-0.31064048,-0.037607256,-0.0020985634,-0.0029631143,-0.08299669,-0.11398647,0.05821888,-0.00937298,0.07937762
2015-11-12,-0.7005699,-0.061536442,-0.007451926,-0.00881652,-0.21245141,-0.25369564,0.24490047,-0.007820005,0.17209022
2015-11-13,-0.5889368,-0.053649634,-0.0031762167,-0.015072729,-0.20126408,-0.17562705,0.16545658,-0.011900228,0.18710446
2015-11-16,-0.19548754,0.009357173,0.0033791394,0.04363825,-0.09199559,-0.14198701,0.10505598,0.028144639,0.07301586
2015-11-17,-0.34289825,-0.008712788,0.021101192,0.026918944,-0.11749258,-0.13304146,0.09437894,1.18822545e-05,0.0769143
2015-11-18,-0.19206332,-0.0069465493,0.01241183,0.046424344,-0.045688722,-0.047007337,0.04265839,-0.018226232,0.07552868
2015-11-19,0.37510198,-0.0018598757,-0.027126266,0.03524198,0.12871908,0.14517653,-0.13090958,0.03292688,-0.11989904
2015-11-20,-0.13078246,-0.0058043776,-0.0142175155,0.054472517,-0.023531143,-0.029816393,0.0016551439,-0.002206559,-0.0070436606
2015-11-23,-0.040994316,0.024631983,-0.015212358,0.0011197906,0.025907354,-0.020511562,0.024735082,-0.0065168208,-0.029993517
2015-11-24,0.6250774,0.05958811,0.015586037,0.036614727,0.21705595,0.2400032,-0.21951453,-0.019030172,-0.18345638
2015-11-25,0.24681652,0.025083402,-0.0010745362,0.008200754,0.07941481,0.06809336,-0.07682136,0.00033939807,-0.087683566
2015-11-27,-0.6655354,-0.044833057,0.022421781,0.0014070477,-0.20951839,-0.1658832,0.15868092,-0.06458741,0.1216704
2015-11-30,-0.014000353,-0.007321471,-0.006569778,-0.010778078,-0.031348307,-0.02449003,0.010526146,0.014641763,0.024051486
2015-12-01,0.37695816,-0.0037653302,-0.013852756,-0.033194598,0.1024887,0.07732845,-0.11338235,0.05175561,-0.11507063
2015-12-02,-0.79439306,-0.043527413,0.023463601,-0.020056557,-0.21816003,-0.25622275,0.2704149,-0.0423101,0.17888735
2015-12-03,0.57356244,0.060657382,-0.031814255,-0.02747731,0.15630119,0.22246747,-0.17460996,0.06323763,-0.15192233
2015-12-04,0.71553624,0.008921565,-0.00893673,-0.036470227,0.22059403,0.21507281,-0.19403444,0.025684394,-0.15340404
2015-12-07,-1.4884796,-0.1449748,0.0005989914,-0.03806314,-0.462155,-0.45031023,0.45809782,-0.057710942,0.35057777
2015-12-08,-0.37186623,-0.028634802,0.010951384,0.022549868,-0.121082,-0.10873861,0.08815769,-0.019900888,0.08032099
2015-12-09,0.24883881,0.00923462,-0.007957889,0.0052711493,0.0658189,0.102941535,-0.07798516,-0.008642296,-0.0643844
2015-12-10,-0.08324205,0.0015849749,-0.019508006,0.05048411,-0.016957153,0.07610053,-0.056670062,-0.009765644,-0.018368028
2015-12-11,-0.6129947,-0.07335508,-0.0043729083,0.028960062,-0.22399522,-0.08049053,0.08613305,-0.0604858,0.090058476
2015-12-14,-0.16192557,0.008157923,0.01109802,-0.019348036,-0.04751049,-0.076702274,0.054922897,-0.026746057,-0.00019661806
2015-12-15,-0.1238201,0.03128698,-0.03089804,0.03500053,-0.010834037,0.0076000723,0.06351556,0.012736355,0.009928156
2015-12-16,-0.17154914,-0.06266234,-0.001371166,-0.012047071,-0.04936093,-0.009543117,0.048885584,0.0027175758,0.07185387
2015-12-17,-0.6826018,-0.048850592,-0.012562536,-0.013642858,-0.1598922,-0.21364914,0.1707,-0.031248305,0.094477184
2015-12-18,0.8563779,0.057377268,-0.024536714,-0.046828624,0.29023308,0.3305276,-0.2852473,0.03455875,-0.20014623
2015-12-21,0.06040152,-0.020350542,-0.001869285,-0.075505994,-0.030384762,-0.019387804,0.0066332794,0.043135323,0.0328774
2015-12-22,-0.315168,0.017638298,-0.013797439,-0.027692504,-0.06683767,-0.08607194,0.134754,-0.0038834745,0.041579563
2015-12-23,0.65757775,0.06343301,0.02863884,0.024723643,0.25565273,0.20948203,-0.24485128,-0.048534743,-0.2085753
2015-12-24,0.30082142,0.013536207,0.0024749644,0.010223152,0.069300465,0.1037425,-0.081167705,-0.0033504292,-0.054758012
2015-12-29,0.19271877,0.0029996852,0.0062936973,0.034539893,0.053565,0.03096353,-0.028218027,0.008658458,-0.08197133
2015-12-30,-0.51563907,-0.040269796,-0.0023930117,-0.021725086,-0.14684877,-0.09966211,0.07654686,-0.0574039,0.08488965
2015-12-31,0.2051416,0.017114332,0.002182936,0.0022734322,0.05220232,0.07754207,-0.050655935,0.011513235,-0.02847124
2016-01-04,-0.5890753,-0.042503055,-0.0040572407,0.015895505,-0.1691746,-0.19013426,0.23392546,0.011804907,0.19512486
2016-01-05,-0.113852516,-0.0018360973,-0.010289442,-0.015167066,-0.040821314,-0.0209614,0.025032911,0.021280156,0.049636155
2016-01-06,-0.863423,-0.10373906,-4.9608156e-05,-0.060988016,-0.32149342,-0.3230692,0.26155004,0.020390721,0.27027842
2016-01-07,-0.28654787,-0.043318942,0.0021943434,-0.035248455,-0.09419636,-0.117005184,0.16790332,0.0068767467,0.14915513
2016-01-08,-0.34079453,-0.026045254,0.01172045,-0.012617039,-0.13297276,-0.1432683,0.10772727,-0.0031664898,0.06940025
2016-01-11,-1.2974342,-0.11902681,0.016777392,-0.019270957,-0.40326682,-0.4644506,0.42779478,-0.03780951,0.29684213
2016-01-12,-0.4372048,-0.0242422,-0.0004042186,0.012206695,-0.14644487,-0.14279984,0.11542317,-0.0151243415,0.10672388
2016-01-13,0.30180082,0.01344615,-0.019229678,-0.05625419,0.11697841,0.079870366,-0.058909524,0.022530176,-0.07606579
2016-01-14,0.1032575,0.019974083,0.016288212,0.0313044,0.041398972,0.033543095,-0.08328559,-0.038754955,-0.09868019
2016-01-15,-0.92727697,-0.11414353,-0.015769953,-0.041230537,-0.31399745,-0.30069625,0.33377126,0.02738005,0.31274062
2016-01-19,0.16465746,-0.018306635,0.014153444,0.0005418907,0.020907098,0.033433776,-0.100016505,-0.0044175545,-0.013542345
2016-01-20,-1.0244906,-0.1036874,0.04831187,0.030274548,-0.31897134,-0.32764366,0.26217902,-0.049327683,0.31607056
2016-01-21,0.92562705,0.21089529,-0.0053606913,0.0109761655,0.3883766,0.38551196,-0.3184541,-0.044538964,-0.32847747
2016-01-22,1.2695377,0.21723726,0.022784444,0.04908642,0.48749852,0.43331823,-0.36377805,-0.029713288,-0.33008423
2016-01-25,-0.67592025,-0.08130441,-0.010508768,-0.021966789,-0.2725834,-0.23482414,0.23396556,0.03319301,0.18558308
2016-01-26,0.9657094,0.089476086,0.0028341177,0.021521948,0.3137008,0.30648363,-0.3287826,-0.0046352264,-0.24960843
2016-01-27,0.6306774,0.058871605,0.03286613,-0.021098323,0.25114694,0.15462236,-0.2025726,-0.01644712,-0.16989778
2016-01-28,-0.020575363,0.032379743,0.02590286,0.06811166,-0.017736401,0.017620604,0.024217168,-0.039172325,0.000113765826
2016-01-29,0.48658565,0.035287116,-0.012270886,0.0055893585,0.13895522,0.12931973,-0.17735308,0.014325849,-0.14443152
2016-02-01,-0.41666815,-0.05024827,-0.009329678,0.03122738,-0.1265496,-0.1371871,0.09554551,0.010055656,0.17367172
2016-02-02,-0.7202122,-0.06342065,-0.012459332,-0.028346397,-0.22002794,-0.25035015,0.20237143,-0.0058685956,0.1980212
2016-02-03,1.265482,0.15577756,-0.003396397,-0.03384194,0.44417658,0.4235687,-0.3635046,0.027471285,-0.30466646
2016-02-04,0.288813,-0.010409918,-0.002105141,0.015436408,0.07747348,0.1178995,-0.099137925,0.012847016,-0.10419259
2016-02-05,-0.77056897,-0.06611765,0.015109498,-0.013375967,-0.26978767,-0.26884824,0.2542245,-0.009631793,0.22920063
2016-02-22,0.9579242,0.015650269,-0.014809219,0.025959225,0.39637363,0.31293958,-0.34376153,0.0153719885,-0.25030324
2016-02-23,-0.52213573,-0.10375521,-0.063536674,-0.11395722,-0.16769855,-0.13578182,0.25708407,0.06806074,0.12393575
2016-02-24,0.38675553,0.008478967,-0.0005832433,0.05445116,0.13250647,0.13175398,-0.14527047,0.0046641044,-0.070799746
2016-02-25,-0.0017915455,-0.005601583,-0.016629327,0.03888011,0.02388314,0.02553376,-0.0017115446,-0.010827784,-0.009991949
2016-02-26,-0.049372863,0.028759476,0.039614603,0.04612982,-0.050648563,-0.015962673,0.0034168898,-0.038784176,-0.015574126
2016-02-29,0.5737804,0.03441366,-0.022878753,-0.004292013,0.20392182,0.21982174,-0.18054558,0.010468005,-0.11850448
2016-03-01,0.5177934,0.036780242,0.038985822,0.14068985,0.19455692,0.19403422,-0.24518442,-0.06779061,-0.17627649
2016-03-02,0.4874537,0.028256249,-0.017756555,-0.013738977,0.16444013,0.19914988,-0.16616927,0.0060049156,-0.12469987
2016-03-03,0.4691364,0.010958315,-0.013404463,-0.018227246,0.121260315,0.16145961,-0.1487741,0.020958057,-0.099523805
2016-03-04,1.2030871,0.13888504,0.0011319657,-0.05332633,0.4037194,0.41391128,-0.3669609,0.018067721,-0.30189797
2016-03-07,0.76827264,0.11966229,0.012498787,0.01659866,0.25451577,0.28290603,-0.22242606,-0.014652986,-0.21356148
2016-03-08,-0.8272942,-0.07251748,-0.003340602,0.028052036,-0.25141713,-0.28947318,0.2701122,-0.0033778092,0.20935833
2016-03-09,0.660214,0.05383648,0.030630015,0.0068882755,0.22449102,0.20367198,-0.23294352,-0.0392967,-0.24185307
2016-03-10,-0.18984656,-0.032498766,-0.012710094,-0.034659185,-0.07931395,-0.06926909,0.08516883,0.024503041,0.10072248
2016-03-11,0.47482702,0.05316483,0.011698869,-0.017614113,0.17997321,0.15150076,-0.17041838,-0.023059167,-0.16113944
2016-03-14,-0.48670512,-0.04770237,-0.0001755365,-0.023034452,-0.16640316,-0.15132079,0.12928718,-0.023005,0.11698587
2016-03-15,-0.40346718,-0.042340312,-0.0005133372,-0.04378376,-0.15083374,-0.1127776,0.11540172,-0.009730005,0.10811697
2016-03-16,0.6587258,0.1108836,0.0004126217,0.015433948,0.24548663,0.21265359,-0.18911897,-0.004223384,-0.1987447
2016-03-17,1.3240398,0.11082144,-0.015841294,-0.048000816,0.46840683,0.42892757,-0.39058575,0.045481637,-0.3276746
2016-03-18,-0.5138743,-0.030707885,-4.7921363e-05,0.017792322,-0.15731841,-0.13958265,0.1284142,-0.012749659,0.103825256
2016-03-21,0.19886795,0.0267784,-0.007425932,-0.0084115015,0.10462311,0.0798539,-0.08652346,-0.04425573,-0.09671699
2016-03-22,0.4654944,0.038752552,-0.0060555437,-0.008038893,0.14355914,0.14863993,-0.120736256,-0.0032007466,-0.18363649
2016-03-23,-1.2719978,-0.09509932,0.011862466,0.0051508085,-0.38681313,-0.4224423,0.37878257,-0.062047318,0.29496014
2016-03-24,-0.3907282,-0.02154343,0.01805673,0.015701285,-0.16233017,-0.14821514,0.115738705,0.010251145,0.13382405
2016-03-29,-0.30993003,-0.08272565,0.0040409775,-0.032368105,-0.14830829,-0.14387219,0.11248599,0.01889999,0.092136726
2016-03-30,-0.094835006,6.896915e-05,0.025961868,-0.011908712,-0.012438788,-0.015225165,0.07246173,-0.032806203,0.050817847
2016-03-31,0.3233053,0.021034427,-0.01175517,-0.012314961,0.093815014,0.11240999,-0.07485792,0.012121509,-0.08731786
2016-04-01,-0.6745625,-0.071753465,0.0039286227,0.022902675,-0.19328663,-0.25358182,0.17226419,-0.035255104,0.14289133
2016-04-05,-0.97279495,-0.103810415,0.004602076,-0.013732133,-0.3818614,-0.36053443,0.31430703,0.024904072,0.3202927
2016-04-06,0.6344801,0.11684887,0.0048580235,0.02655578,0.24473096,0.20105347,-0.1948377,-0.0029030028,-0.17199326
2016-04-07,-0.46794677,-0.03609306,0.001580493,0.0076487665,-0.15756781,-0.19755572,0.21502927,0.022400036,0.20050907
2016-04-08,1.2478453,0.16069505,-0.007925412,0.028343445,0.46140423,0.43855894,-0.3935673,-0.017653,-0.33208498
2016-04-11,0.39662418,0.060480833,-0.0042742607,0.008988501,0.13938148,0.1265739,-0.108080514,0.03318767,-0.08404668
2016-04-12,1.0654387,0.10491146,-0.0066274256,-0.030611569,0.34417674,0.34075454,-0.34562048,0.01430739,-0.28105408
2016-04-13,0.48266262,0.057665367,-0.004083381,-0.0017902921,0.18591909,0.15232813,-0.16665956,-0.024480542,-0.1664879
2016-04-14,-0.40448645,-0.008570801,0.012193585,-0.013492353,-0.114198424,-0.09844276,0.102136426,-0.03215507,0.07851133
2016-04-15,-0.18905002,-0.03569899,-0.020184046,-0.010900739,-0.06303216,-0.05672143,0.028035477,0.025661226,0.08820991
2016-04-18,0.3733548,0.026465047,-0.0064179795,-0.011845218,0.12323221,0.09693922,-0.102623664,0.0008223663,-0.076598905
2016-04-19,1.228289,0.1166499,-0.014453768,-0.06287129,0.38940498,0.4004657,-0.380448,0.044424262,-0.33858892
2016-04-20,1.0010779,0.108417384,-0.007878548,-0.042374164,0.35634917,0.32835007,-0.30920395,-0.0077595036,-0.25864547
2016-04-21,-0.27000245,-0.033549502,-0.010303772,-0.029595986,-0.09014137,-0.04217308,0.1073026,-0.0009168576,0.012377295
2016-04-22,-0.40020466,0.0012112457,0.0212781,0.029181743,-0.13136919,-0.10270546,0.10874424,-0.018054439,0.074174374
2016-04-25,0.025815004,-0.013667817,-0.012964519,-0.011995883,0.0005902148,0.004044033,0.004973407,0.0063769445,0.05468602
2016-04-26,0.58378476,0.06556544,-0.0006615787,0.01160685,0.2257096,0.18167566,-0.18808725,-0.0012091435,-0.16892014
2016-04-27,0.3045381,0.03294756,0.008492835,0.0014431066,0.101122364,0.08987237,-0.060188204,0.009060392,-0.0077070254
2016-04-28,0.5915266,0.062176384,-0.008130402,0.008680121,0.189823,0.19786419,-0.15497711,0.031988516,-0.11269863
2016-04-29,0.55463415,-0.0033817964,-0.012722115,-0.048717394,0.1504049,0.21482544,-0.17522119,0.01892755,-0.100588314
2016-05-03,-1.4196231,-0.13910161,0.016854351,-0.045980237,-0.43638366,-0.49425265,0.5143668,-0.022696817,0.31513104
2016-05-05,-0.70204943,-0.051740322,-0.013959353,0.035655275,-0.25612637,-0.2908118,0.2685283,0.057843328,0.16460209
2016-05-06,0.5941264,0.039243266,-0.0120451525,-0.0011553263,0.16903734,0.15739639,-0.17317246,0.034151573,-0.15089457
2016-05-09,-1.3547801,-0.078641504,0.0097562475,-0.030012248,-0.42113024,-0.43502307,0.4182671,-0.060638748,0.30522618
2016-05-10,0.8698664,0.10442844,-0.008739727,0.012436845,0.29164186,0.24336866,-0.27171943,0.031329874,-0.2532446
2016-05-11,0.94742495,0.08958098,0.0065397215,0.06398612,0.35838398,0.32221434,-0.28706753,-0.011170718,-0.2391213
2016-05-12,-0.2918379,0.0021771297,-0.010167515,0.011576121,-0.069395036,-0.08741921,0.08753116,-0.0063730036,0.10783289
2016-05-13,-0.053555362,-0.009980341,-0.0064003244,0.029517053,-0.014737625,-0.0059585026,0.007936192,-0.002231826,0.009389558
2016-05-16,0.83510804,0.084094994,-0.003600473,-0.028813777,0.27735987,0.2936185,-0.27778038,-0.008297433,-0.23667982
2016-05-17,0.42925617,0.032783374,0.014497673,0.02883222,0.1305655,0.08153162,-0.12575266,-0.011858597,-0.11240063
2016-05-18,-0.20678507,-0.012535452,-0.01898317,0.0017559448,-0.032871522,-0.043824133,0.057871338,-0.004635159,0.049383145
2016-05-19,-0.913626,-0.049540773,-0.003299435,0.039685987,-0.29902095,-0.31844458,0.28156766,0.019140283,0.23091447
2016-05-20,0.12929103,0.029497862,-0.028462986,-0.0023620832,0.083584785,0.06744179,-0.046226434,-0.0016080528,-0.042936172
2016-05-24,-0.38430557,0.008641051,0.011598709,0.0036123842,-0.09992171,-0.09786283,0.11517304,-0.04294882,0.05459712
2016-05-25,0.45817757,0.056558136,-0.0008897233,-0.054162495,0.13885722,0.17388713,-0.18724753,-0.0036018265,-0.12613758
2016-05-26,0.19725502,0.019302364,-0.016467232,-0.009445122,0.10424128,0.07373176,-0.07308131,-0.023271747,-0.04895869
2016-05-27,0.12586187,0.0035312406,0.017645508,0.007351101,0.03028363,0.004803449,-0.047928948,-0.004907704,-0.044510826
2016-05-31,-0.00031952639,-0.022663556,0.042566806,0.041520476,-0.007572489,-0.06534308,0.010436199,-0.030737594,0.0049967575
2016-06-01,0.22132969,0.013968511,-0.005408555,-0.028355917,0.10739493,0.043678585,-0.078395955,-0.0020462442,-0.060479235
2016-06-02,0.32013616,0.027590271,-0.014594492,-0.038293548,0.1321431,0.13727692,-0.12599273,-0.008762744,-0.10612274
2016-06-03,0.43416974,-0.037039045,-0.0009467517,-0.03788123,0.10650885,0.13038051,-0.12481917,0.026377266,-0.051238466
2016-06-06,0.67347205,0.06414351,0.017507771,-0.014599904,0.21465899,0.17395644,-0.17744234,-0.01351853,-0.16638154
2016-06-07,0.107045345,0.041212123,-0.016803669,0.018518519,0.08420299,0.021110801,0.023147848,-0.0009845961,-0.004073818
2016-06-08,1.1773658,0.093005456,0.0041991044,-0.039494634,0.4127632,0.37480804,-0.35873517,-0.005862799,-0.2933351
2016-06-13,-0.77708346,-0.1064666,0.012171848,-0.047300395,-0.27848348,-0.32257807,0.28222314,0.04943966,0.26373577
2016-06-14,-0.44485962,-0.0363291,0.0018930944,-0.03973704,-0.17016478,-0.17935902,0.14416839,0.019661821,0.16936022
2016-06-15,-0.019513598,-0.016354693,0.0036394112,-0.019050922,-0.03148993,0.049267195,-0.022741843,0.004380752,-0.012740253
2016-06-16,-0.9281231,-0.10719345,0.021169046,-0.023483563,-0.29925588,-0.33458447,0.34592384,-0.013140437,0.28674418
2016-06-17,0.77116925,0.06612094,0.01313697,-0.0017614891,0.21575314,0.20347017,-0.22631834,-0.014379227,-0.22476065
2016-06-20,0.54286236,0.04610949,0.017417548,0.020637847,0.17585686,0.22044156,-0.158155,-0.02738868,-0.19412063
2016-06-21,-0.49085838,-0.061524816,-0.018586736,0.036165364,-0.24318339,-0.12223282,0.10812996,0.04119588,0.08223017
2016-06-22,-0.02229281,-0.0059832884,-0.013741706,-0.025493933,0.0046269516,0.015178911,0.0012784473,-0.006591255,-0.039788727
2016-06-23,0.24188784,0.029500866,0.008745579,-0.0048929444,0.072286524,0.09112125,-0.084618345,-0.001957178,-0.04900982
2016-06-24,-0.739929,-0.13372603,0.024584707,-0.07059184,-0.23734558,-0.29188207,0.3544467,-0.008794828,0.2852767
2016-06-27,-0.3935038,-0.04284752,0.003000716,-0.026024546,-0.16611783,-0.15369073,0.07647694,0.019028498,0.098201305
2016-06-28,0.9397977,0.10871237,0.010023055,-0.027789606,0.33773664,0.31793478,-0.31884927,-0.030069826,-0.28802046
2016-06-29,0.8457157,0.097307764,-0.03261969,-0.0034066173,0.31128454,0.31551525,-0.23692653,0.034832664,-0.21219993
2016-06-30,-0.18043578,-0.06105292,0.005284927,-0.03742948,-0.1132099,-0.079839945,0.04194355,0.03882337,0.024587475
2016-07-01,0.6203861,0.014902737,-0.022756526,-0.060442485,0.17989351,0.20798866,-0.14728422,0.04684037,-0.1359129
2016-07-05,-0.9556453,-0.12666383,0.0012871254,-0.044237114,-0.3405176,-0.30403525,0.33704585,-0.023606166,0.3153584
2016-07-06,0.033120412,0.01005817,-0.010130067,-0.0020796387,0.016492944,0.017793406,0.04000259,0.0141081,0.029355226
2016-07-07,-1.1359534,-0.10392037,0.011755326,0.03784379,-0.37269616,-0.39288312,0.40781245,-0.0059837503,0.32479462
2016-07-08,0.6427479,0.04571852,-0.0070831543,-0.042342573,0.22337349,0.13441236,-0.20483416,0.00012482605,-0.16164555
2016-07-11,0.1421888,-0.019988654,-0.025993198,-0.008256987,0.006929622,0.06969207,-0.037045226,0.033113863,-0.05508817
2016-07-12,0.9080618,0.07266218,0.008659837,-0.038291883,0.25459874,0.27081734,-0.29595512,-0.005902706,-0.28492275
2016-07-13,-0.19992377,-0.04595105,-0.011354371,-0.045220975,-0.11158638,-0.112426676,0.05506293,0.035386384,0.11573557
2016-07-14,0.43006945,0.042161837,0.011663463,0.035250258,0.154094,0.14685746,-0.13290362,-0.016242824,-0.13504791
2016-07-15,-0.42671692,-0.049107704,-0.0025391993,-0.0029029576,-0.14131884,-0.102616124,0.14606847,-0.027415821,0.09699319
2016-07-18,-0.13930455,-0.018010292,-0.009356811,-0.019011844,-0.052851073,-0.059708923,0.036284998,0.0017501898,0.03935281
2016-07-19,-0.3069762,-0.04265896,0.019723492,0.014186241,-0.111070186,-0.065789826,0.10947462,-0.025105225,0.054800592
2016-07-20,-0.27933756,-0.003186567,0.011295767,0.032214195,-0.090484016,-0.09154198,0.09758615,-0.016863039,0.04628355
2016-07-21,-0.010781435,-0.035718124,-0.009256853,-0.036095988,-0.035376444,-0.00087136705,0.040259674,0.004110584,-0.016245442
2016-07-22,-0.54722244,-0.054567866,-0.014923192,-0.014202028,-0.13395555,-0.1498331,0.17254107,0.00061466766,0.1909343
2016-07-25,-0.5241967,-0.057071917,-0.00480391,0.0046356097,-0.1446959,-0.15306701,0.16497321,-0.0151862735,0.17815146
2016-07-26,-0.017580522,0.010313417,0.0059080473,0.012745467,-0.018875523,-0.012543792,0.004770375,0.00025413744,0.00930998
2016-07-27,-0.33897167,-0.02439623,-0.02896075,-0.042410113,-0.11393604,-0.1276155,0.15545975,0.0292675,0.10371072
2016-07-29,0.63641745,-0.0009941198,0.0068455045,-0.07004267,0.16904281,0.17301899,-0.17648298,0.010123003,-0.2019181
2016-08-01,-0.4954302,-0.0960506,0.008293489,-0.009748365,-0.14679216,-0.17746095,0.14784351,-0.0055808625,0.18759556
2016-08-02,0.038295884,-0.038373012,-0.007066555,0.0036652775,-0.0054224525,0.018539844,-0.007944392,0.017119166,0.012357441
2016-08-03,0.4545107,0.05684446,0.009732084,0.010583395,0.14322703,0.12728569,-0.12517487,-0.017169459,-0.13286634
2016-08-04,0.20457876,0.009795239,-0.022479057,0.022002457,0.061293215,0.042841636,-0.031639524,0.02005579,-0.058685925
2016-08-05,0.020013738,0.023466237,0.00022645605,0.025717959,0.063554816,0.0077426573,-0.045055535,-0.06384613,-0.070359364
2016-08-08,0.47696906,0.069990784,0.0029324603,-0.012141139,0.13843776,0.13579068,-0.14164159,0.005266431,-0.1398599
2016-08-09,-0.23326427,-0.027968815,-0.0029743374,0.004958076,-0.08610235,-0.062067136,0.07815406,0.008520144,0.045554187
2016-08-10,-0.20298204,-0.039584775,0.0034797636,-0.040436156,-0.10177595,-0.0855513,0.07630851,0.031690057,0.07354889
2016-08-11,0.44192997,0.048284095,4.078175e-05,0.0032741835,0.13287981,0.15851733,-0.16805723,0.0068273735,-0.13555218
2016-08-12,-0.0518955,0.027052475,0.0051707076,0.06519645,0.0044096047,-0.019831844,0.04652188,-0.013272537,0.012627371
2016-08-15,0.68980885,0.08005821,0.0063192626,0.005414807,0.22795701,0.21049538,-0.22914779,-0.009155197,-0.20248178
2016-08-16,0.36687404,0.02052197,0.0033640002,-0.009461278,0.10001353,0.12136987,-0.10513103,-0.0033198365,-0.08136834
2016-08-17,0.15921068,0.021850556,0.0033134883,0.027752414,0.056257993,0.019473795,-0.058461566,-0.009810187,-0.07050704
2016-08-18,0.6991763,0.055426918,-0.0006738743,-0.0030389994,0.20806924,0.20953368,-0.18207149,0.0079790745,-0.19575684
2016-08-19,-0.27364883,-0.009547401,0.006851569,0.035669383,-0.08781086,-0.07236832,0.057605803,-0.014219889,0.035695095
2016-08-22,-0.4880907,-0.046400294,-0.0018643428,0.007077924,-0.15792282,-0.19325459,0.16828139,-0.004162336,0.10210524
2016-08-23,0.19147155,0.029652681,-0.004478055,0.024274873,0.08630614,0.057826474,-0.029472185,-0.006368209,-0.060806144
2016-08-24,-0.88258713,-0.06219347,-0.00882295,0.030757288,-0.2735809,-0.29399952,0.2699401,0.008443797,0.22173049
2016-08-25,-0.10721974,-0.0025294912,-0.0019237611,0.025737913,-0.00813618,-0.007961709,0.042308424,-0.018956866,0.034091882
2016-08-26,-0.07739826,-0.004766641,0.020362653,0.017920997,-0.06123192,-0.066798985,0.04875949,0.010083437,0.018972779
2016-08-30,-0.91566616,-0.06564684,0.0114751225,0.001957266,-0.31303337,-0.31661484,0.27460778,0.004126671,0.22143349
2016-08-31,-0.70146006,-0.06602192,-0.00057046907,0.013051576,-0.26267645,-0.24507457,0.19288364,0.018288583,0.18341835
2016-09-01,-0.39095172,0.05178844,-0.0040785195,-0.017086573,-0.118363336,-0.16879852,0.19303346,0.04883894,0.1821586
2016-09-02,0.7297332,0.054039773,-0.009366134,-0.021600613,0.24286787,0.2440698,-0.20948835,0.001751042,-0.18113855
2016-09-06,0.48211798,0.017246647,-0.0039424105,-0.051471986,0.12611318,0.1611321,-0.11948545,0.020927334,-0.0716198
2016-09-07,0.35587204,0.048297588,0.006287551,0.032265373,0.12642959,0.11288678,-0.14231993,-0.016482027,-0.11004817
2016-09-08,0.6886975,0.090432964,0.0135636395,0.02810324,0.23716398,0.23183414,-0.20865561,-0.018611176,-0.1943121
2016-09-09,-0.7578819,-0.06548806,-0.0018734165,-0.0050816177,-0.2568106,-0.27119938,0.22072701,-0.0037792188,0.21005386
2016-09-12,-0.33310366,-0.021114368,0.0039842804,0.010743508,-0.10005031,-0.057584647,0.066028446,-0.01039206,0.08294942
2016-09-13,-0.73038507,-0.07287489,0.015676143,-0.02152021,-0.21854796,-0.21029034,0.23753074,-0.04653989,0.17262092
2016-09-14,-0.014940613,-0.023205936,-0.008245876,-0.03732813,-0.019588644,0.01852603,-0.04190691,-0.008242848,6.9915604e-06
2016-09-19,0.79783666,-0.0121656675,-0.06851672,-0.03589036,0.22070278,0.22489275,-0.26462868,0.10057469,-0.2193224
2016-09-20,0.46781093,0.041840512,0.0018058649,-0.03171072,0.13067514,0.089955404,-0.12317502,0.012110902,-0.14054194
2016-09-21,0.5182129,0.04245507,-0.015383828,-0.029780695,0.17941137,0.1849483,-0.11583902,0.013713262,-0.09665047
2016-09-22,0.7122989,0.04991532,-0.00094391487,-0.022373443,0.20403856,0.24847893,-0.20125334,0.019932292,-0.17802882
2016-09-23,-0.79590374,-0.080075406,-0.0005500324,0.0061106356,-0.25907248,-0.21692388,0.23933424,-0.011510209,0.21842271
2016-09-26,0.20469989,0.017806511,0.0015498641,0.029823802,0.07471653,0.06820568,-0.051824097,0.0043528164,-0.057566628
2016-09-27,-0.57232785,-0.073673636,-0.015955089,-0.027232582,-0.14482743,-0.19474505,0.15432888,-0.03715707,0.07144362
2016-09-28,0.53911144,0.09640345,0.0070260447,0.055143382,0.20578437,0.19404383,-0.21145774,-0.023844527,-0.18436785
2016-09-29,0.3829222,0.062146638,-0.0011011903,0.02399548,0.1130394,0.10466969,-0.09100804,0.013859217,-0.1170329
2016-09-30,0.19086951,0.025334172,0.0058593308,-0.008157987,0.07991356,0.04733579,-0.054286845,-0.018668042,-0.0929823
2016-10-10,0.24064086,0.12252165,0.046949293,0.049259625,0.06450098,0.031390756,-0.12772562,-0.035560936,-0.12939532
2016-10-11,-0.5623707,-0.041929897,0.01955235,-0.023676166,-0.19355714,-0.17737013,0.17865604,-0.015887273,0.16517326
2016-10-12,-0.1789475,-0.013911302,0.018541813,0.0064518848,-0.052750766,-0.06408443,0.06959013,-0.030059474,0.03740208
2016-10-13,0.11124348,0.02099499,-0.0022215785,-0.012865511,0.06541544,-0.007075981,-0.0061844927,0.004126691,-0.0018664858
2016-10-14,0.2732924,0.00889906,0.0035782068,0.005597968,0.08541091,0.05412627,-0.088784315,-0.011757569,-0.08642562
2016-10-17,-0.03181751,-0.026577463,-0.030236857,-0.05793552,0.0115497615,-0.010189759,0.019559663,-0.020560954,-0.026367659
2016-10-18,0.14622447,0.010265121,-0.007976115,-0.0034644974,0.054060776,0.053444333,-0.03424918,0.007937108,-0.026241612
2016-10-19,0.36822507,0.048755594,-0.0073326896,0.020089092,0.12967022,0.12203974,-0.10627149,-0.004725647,-0.11057724
2016-10-20,-0.71810347,-0.06736089,-0.0075097573,0.009099562,-0.2477312,-0.22747311,0.20677507,0.016168935,0.19060805
2016-10-21,0.11278343,0.016310897,-0.0038728951,0.022858689,0.050935503,0.05124685,-0.070152916,-0.0027026092,-0.041655596
2016-10-24,0.23221545,0.01647226,-0.011250192,-0.006125398,0.09936822,0.07555471,-0.09521263,0.0028265696,-0.098051906
2016-10-25,0.43702865,0.018520126,0.008029473,-0.019038226,0.13527554,0.1591324,-0.14661208,0.0030358543,-0.12552175
2016-10-26,-0.09044243,0.004921784,-0.00013253349,-0.023554588,-0.032555077,-0.02363312,0.016071219,-0.009940304,0.027034363
2016-10-27,0.38349587,0.049680028,-0.0035509986,-0.004061376,0.1421503,0.13890094,-0.1360893,-0.0011640297,-0.08305227
2016-10-28,0.1803509,-0.004479281,0.022791678,-0.0003396938,-0.009250126,0.021554645,-0.030110775,0.018902626,-0.0021912167
2016-10-31,-0.35000625,-0.062762104,0.01908892,-0.02615338,-0.12709305,-0.14291638,0.05626839,0.01616844,0.07354865
2016-11-01,0.16513951,-0.02946639,-0.025406143,-0.07018154,0.061143324,0.100347,-0.06814332,0.022678629,-0.018203644
2016-11-02,-0.3765486,-0.078766346,0.00041969973,-0.027015924,-0.17234243,-0.12179138,0.1357164,0.018338438,0.14758731
2016-11-03,-0.16504857,-0.008254244,-0.00038049542,0.023127338,-0.037331685,-0.0608281,0.04076507,-0.014157006,-0.0015383344
2016-11-04,-0.23794508,-0.008720118,0.0066813556,-0.028471434,-0.106938556,-0.049706012,0.08125139,-6.160514e-05,0.07426344
2016-11-07,0.32253078,0.03192159,0.021525351,-0.047817107,0.094200715,0.13134374,-0.11072398,-0.025223467,-0.13638559
2016-11-08,0.3832876,0.032320336,-0.011514086,-0.050412573,0.107210256,0.15354367,-0.16913588,-0.0010533609,-0.11276864
2016-11-09,0.00030387662,0.0065867137,0.02174873,-0.0175158,-0.014357299,0.06607342,-0.037592325,-0.024988784,0.004830079
2016-11-10,0.13547008,0.0101618515,-0.011734213,-0.034016877,0.018640546,0.05607521,-0.12760705,0.018775204,-0.033227004
2016-11-11,-1.2754891,-0.059254635,-0.005562711,0.042140774,-0.41093862,-0.3877727,0.3834382,-0.032439113,0.28436276
2016-11-14,-0.23358522,-0.0020589395,-0.008907633,0.056403104,-0.04988381,-0.08649659,0.06145578,-0.020841109,0.010163621
2016-11-15,0.81024927,0.091504954,-0.004939683,-0.0015967089,0.28174025,0.26914334,-0.2568694,-0.015079991,-0.23034146
2016-11-16,-0.3013338,-0.016562823,0.024577755,0.024890546,-0.13889837,-0.14870892,0.16887796,0.017419651,0.1216678
2016-11-17,0.06376808,0.007758227,-0.0011355049,0.017404815,0.03390808,0.030188037,-0.04326864,-0.021271707,-0.035623737
2016-11-18,-0.048785888,0.010537642,0.013467806,0.008316196,-0.0026572242,-0.04230628,0.0065091904,-0.012465762,0.02281531
2016-11-21,1.148228,0.12853374,0.00806247,0.0116845295,0.39532602,0.3659805,-0.37309375,-0.006050343,-0.3490118
2016-11-22,0.30387315,0.02995038,0.0023127,-0.032188095,0.095495455,0.10618415,-0.10624273,-0.0019129087,-0.08622916
2016-11-23,0.2511798,-0.012865631,0.02951342,-0.022282049,0.058018938,0.05851046,-0.12276389,-0.03152048,-0.16823919
2016-11-25,-0.32951614,-0.042843457,-0.02169743,0.007500392,-0.12019684,-0.10960495,0.009377562,0.018750856,0.05045501
2016-11-28,0.508072,0.049480703,-0.01889312,0.027733445,0.20228453,0.15709911,-0.10635951,0.0031055068,-0.14638177
2016-11-29,-1.2705772,-0.12603962,0.020542502,-0.065509535,-0.4369333,-0.440649,0.45418772,-0.0009283954,0.3242651
2016-11-30,0.9793987,0.13689904,0.044119854,0.024325974,0.37916398,0.3500002,-0.3300578,-0.07824279,-0.2793257
2016-12-01,0.55347466,0.030232063,0.025007965,0.02950906,0.17768757,0.15282758,-0.18917437,-0.028062955,-0.15960531
2016-12-02,0.25509533,0.022445193,0.002522876,-0.02265053,0.06397614,0.07777691,-0.03327022,0.014263007,-0.015099322
2016-12-05,0.63451636,0.06292477,0.01150068,-0.022181202,0.20535314,0.19179328,-0.22977693,-0.0026459694,-0.15381864
2016-12-06,-0.23959233,-0.0349994,-0.011128219,0.009894902,-0.053986844,-0.09194984,0.072680436,-0.0027582943,0.052652854
2016-12-07,-0.23302013,-0.03197782,0.0037914251,-0.031556893,-0.08959444,-0.09569972,0.110192105,0.02370833,0.10786885
2016-12-08,-0.22836214,0.0040559485,0.014615674,0.0059816535,-0.08092575,-0.049354684,0.08387122,-0.009046645,0.079361714
2016-12-09,0.20671318,0.03655993,0.0070744767,-0.017133774,0.081298925,0.08005583,-0.09815652,-0.018575367,-0.05853861
2016-12-12,0.4151101,0.02957946,-0.011139527,0.0075619365,0.16673203,0.12253182,-0.11355684,0.0012724283,-0.10458847
2016-12-13,0.017028268,0.032159038,0.011355902,0.03712558,0.014092226,0.004715541,0.015111482,-0.021970484,-0.00787036
2016-12-14,-0.11505114,-0.054114252,-0.0006554609,-0.0038809401,-0.0471903,-0.06347874,0.030795587,0.010485575,0.011920496
2016-12-15,-0.54236114,-0.044221148,-0.0017030437,-0.037428904,-0.0917779,-0.15151821,0.07089058,-0.074400954,0.023133893
2016-12-16,0.32356605,0.02675889,-0.0010602993,0.016003316,0.063965626,0.0688725,-0.025398128,0.05929952,-0.03496359
2016-12-19,-0.6058391,-0.046249986,0.0117815845,0.0077275736,-0.20917632,-0.20713888,0.23030084,0.0131515,0.1814569
2016-12-20,-0.037482485,0.011742376,-0.0043660975,0.018048622,0.03388216,0.024664843,-0.016654281,-0.038629055,-0.033821803
2016-12-21,-0.14397502,-0.015396474,0.018326364,-0.007849026,-0.054613773,-0.06278672,0.05873859,-0.01280406,0.023663541
2016-12-22,-0.21811004,0.0056378176,-0.014320278,0.014657799,-0.033053745,-0.037679166,0.05581591,-0.009638469,0.0874673
2016-12-23,-0.35760957,-0.030237297,0.0023738751,0.0050440924,-0.1152824,-0.107821584,0.11214181,-0.0059201694,0.11699368
2016-12-28,0.68402916,0.060543217,-0.0062790276,-0.023178196,0.24419242,0.25206628,-0.22102273,0.017272184,-0.14616214
2016-12-29,0.10663711,-0.02054716,-0.014874518,-0.008234384,0.007673132,0.043328557,-0.018270252,0.02665197,0.052580718
2016-12-30,0.07904867,0.023745924,0.0049917973,0.027906505,0.040051255,0.0371546,-0.06286233,-0.025830563,-0.041620236
2017-01-03,-0.1773687,-0.03813095,-0.04466478,-0.03992225,-0.060699664,-0.043276947,0.10992771,0.04140893,0.07209443
2017-01-04,0.9083872,0.06987946,0.0014213438,-0.020797295,0.3011053,0.30075857,-0.31553024,-0.023758218,-0.2639889
2017-01-05,0.2837896,0.014295339,-0.0036724624,-0.0011518163,0.07740918,0.08583631,-0.03285769,0.010925141,-0.042759705
2017-01-06,-0.14637704,-0.0008487949,-0.00029856994,0.013121868,-0.0341396,-0.021549808,0.050485395,-0.017614575,0.03232699
2017-01-09,-0.22603072,-0.050519325,-0.011154964,-0.018371355,-0.08358992,-0.095363416,0.07760471,0.012635428,0.068025306
2017-01-10,0.21636428,-0.003463985,0.0037286896,-0.049344305,0.042228393,0.08209511,-0.114062846,0.010382545,-0.06293409
2017-01-11,0.3041085,0.03302268,-0.0019264494,0.042843852,0.09160458,0.09998169,-0.10189877,0.014273564,-0.08253483
2017-01-12,0.63132715,0.036994368,-0.0017899665,-0.06642093,0.16921088,0.23406519,-0.20914206,0.012516454,-0.19237605
2017-01-13,0.084589586,0.007051429,-0.008896883,-0.001479198,0.05008956,0.048283987,-0.042184178,-0.01390701,-0.03841789
2017-01-17,0.062428843,0.018286303,-0.013425259,-0.0025957462,0.013144692,-0.023785206,0.00416446,0.03794767,0.04498527
2017-01-18,-0.22808677,-0.030850492,-0.013173797,-0.010697583,-0.039522767,-0.08341807,0.057962406,-0.011563984,0.0533102
2017-01-19,-0.32948127,-0.005326963,0.023131562,0.015280423,-0.104991764,-0.14692073,0.104469426,-0.0028455658,0.08973902
2017-01-20,0.4266071,0.054794166,-0.0073472834,0.012823068,0.15592723,0.17264184,-0.14081143,-0.009786345,-0.121006906
2017-01-23,0.18674631,-0.011121965,-0.009707599,0.00040913993,0.03701486,0.05745698,-0.04706408,0.015958956,-0.036047008
2017-01-24,0.2581046,0.0056673493,0.0058336076,-0.02428813,0.060023185,0.108820625,-0.08578,-0.005676386,-0.12397561
2017-01-25,-0.52040213,-0.029032227,0.023264267,0.0032520108,-0.18949008,-0.19541958,0.15795787,0.00024735802,0.15109119
2017-02-06,0.30951023,0.04803269,-0.06352074,-0.013757543,0.15520386,0.14919211,-0.053979177,0.011784893,-0.0033667446
2017-02-07,-0.23152404,-0.0188,-0.0034119375,-0.006742886,-0.07764217,-0.10548336,0.07850119,0.021963153,0.10097227
2017-02-08,0.52079684,0.03239928,0.00708074,0.02590366,0.17142433,0.17256646,-0.18860221,-0.021991365,-0.18512024
2017-02-09,0.09625402,0.010883034,0.0027322273,0.00029800038,0.030274568,0.04147456,-0.026533185,-0.0048939465,-0.022769615
2017-02-10,0.68223315,0.05692397,0.007499128,-0.049595974,0.21675827,0.26804328,-0.2777143,-0.029826224,-0.20476075
2017-02-13,-0.40837595,-0.02453466,0.009790611,-0.014467897,-0.13562109,-0.117184035,0.1169131,-0.027989646,0.114215925
2017-02-14,0.0623123,0.0077507473,-0.008774145,0.016896166,0.041658215,0.022845387,0.0036079434,-0.0012999187,0.008272986
2017-02-15,0.12859581,0.0066436343,-0.0058813915,-0.035934612,0.034147296,0.051412188,-0.027693179,0.0024053992,-0.0118665835
2017-02-16,-0.29360172,-0.018516794,0.0026056091,0.0055781067,-0.091166414,-0.0920741,0.12696843,0.003216556,0.099729344
2017-02-17,-0.3376847,-0.026333107,0.015592207,-0.00507585,-0.110767424,-0.092079185,0.11052283,-0.0017730622,0.115417354
2017-02-21,0.2498053,0.02589709,-0.022438888,0.011456337,0.12007428,0.14210917,-0.118255086,-0.01422498,-0.086705364
2017-02-22,-0.23288245,-0.035195872,-0.0034459615,-0.0057628998,-0.06598815,-0.08705638,0.06879829,-0.013979049,0.05728236
2017-02-23,-0.11649945,0.00091420073,-0.013339333,0.026614118,-0.028053718,-0.05613886,0.113730416,0.021020157,0.098419406
2017-02-24,0.18313241,-0.005741315,-0.0030946587,-0.026257778,0.0307977,0.05603041,-0.060217194,0.0125647895,-0.038370747
2017-02-27,-0.016604817,-0.025465542,0.027334852,-0.0104111275,-0.031898208,-0.024595547,0.0020320865,-0.019862007,0.01944468
2017-02-28,0.29160348,0.0111128995,0.0021303634,-0.05649854,0.08689572,0.0740698,-0.115828305,-0.0018271776,-0.09428299
2017-03-01,0.70199805,0.018411372,-0.0061206855,0.04285382,0.1933535,0.23549432,-0.24779996,0.0044917506,-0.22288106
2017-03-02,-1.2250813,-0.08601665,0.018195538,0.0015664571,-0.3849345,-0.38918507,0.3798829,-0.051776234,0.2815263
2017-03-03,0.20477036,0.031688277,0.0003598373,-0.0031065925,0.059263352,0.06382769,-0.050280098,-0.010430019,-0.047172192
2017-03-06,-0.1691493,-0.0034081382,0.005432993,0.01383384,-0.047535434,-0.07090087,0.078426085,-0.007479104,0.072712846
2017-03-07,-0.66029936,-0.017861253,0.0007111174,0.036764383,-0.20135137,-0.19703951,0.20261718,-0.0032455267,0.16389085
2017-03-08,-0.84364265,-0.07716209,0.0045790374,0.024328742,-0.2647006,-0.27674347,0.25676927,-0.01991998,0.18818627
2017-03-09,-0.8404061,-0.05959271,0.010134022,0.028173061,-0.2870084,-0.31195715,0.26081586,0.0151536185,0.24148424
2017-03-10,-0.2406823,-0.016189178,0.0028046505,0.0124630695,-0.06863496,-0.062453035,0.056030814,-0.016420545,0.054438714
2017-03-13,-0.022777392,0.004751101,0.01495674,0.015224057,-0.029278545,-0.018692462,-0.003253335,0.009586755,0.009351844
2017-03-14,-0.21757366,-0.03474203,-0.019256242,-0.013106049,-0.06425996,-0.04066185,0.047028914,-0.0008323919,0.046987116
2017-03-15,0.55699205,0.073208936,-0.0006884612,0.0087624,0.1893082,0.16395777,-0.20846733,-0.023787603,-0.1760273
2017-03-16,0.45158085,0.004097383,-0.01926656,-0.019928182,0.12896356,0.1618314,-0.13700064,0.023058742,-0.07225693
2017-03-17,0.2724711,0.019088643,-0.00055341225,0.002227185,0.096101105,0.08713069,-0.0895084,-0.008133054,-0.07518769
2017-03-20,-0.0854692,-0.0088355215,0.015959995,0.026636899,-0.04913092,-0.053493615,0.050576016,0.013173656,0.021773398
2017-03-21,-0.2724017,-0.033468563,0.007714014,0.017734686,-0.10669586,-0.13614139,0.114203766,0.020324862,0.11358442
2017-03-22,-0.04879727,-0.016832711,-0.0020325193,-0.0088372575,-0.01043385,-0.018424675,0.00094133895,-0.0040625487,-0.0033911737
2017-03-23,-0.10803855,-0.0033080445,0.011356873,0.0006770958,-0.054623906,-0.010098906,0.030887876,-0.0049678823,0.051774777
2017-03-24,-0.13175243,-0.0070178118,-0.02170837,-0.0010955387,0.0027687782,-0.014368252,0.04766704,-0.0065260897,0.059324663
2017-03-27,-0.09174956,-0.00953423,0.0067837895,-0.0074367756,-0.05471291,-0.025159016,0.04148652,0.018903036,0.058412064
2017-03-28,0.47848898,0.04582348,0.007076868,-0.0051792967,0.16849962,0.16400069,-0.16752397,-0.012236678,-0.12747605
2017-03-29,0.2556995,0.04511617,0.0037924016,0.018598787,0.11457125,0.103772834,-0.09675511,-0.013402063,-0.07981467
2017-03-30,0.066800475,0.0352001,0.010886654,0.016527988,0.03568787,0.024925819,-0.009423602,-0.013309438,-0.034527563
2017-03-31,-0.12593208,-0.011538971,0.0014029717,-0.007065036,-0.05356542,-0.050626744,0.06776646,0.011558747,0.08775688
2017-04-05,0.252925,0.0266712,0.029958986,-0.036265224,0.050656553,0.084368326,-0.09926049,-0.011040888,-0.056822706
2017-04-06,-0.08383186,-0.00096835586,0.0068170545,0.0010894734,-0.021853456,-0.012085049,0.044714484,-0.0015349289,0.047151845
2017-04-07,0.1623473,0.004674728,-0.0046949196,0.013804408,0.03920085,0.06270253,-0.03489671,0.009374793,-0.040095277
2017-04-10,-0.16730414,0.025871804,0.009759424,0.04830016,-0.047007192,-0.091741204,0.07047405,-0.015667573,0.079917826
2017-04-11,0.11067694,-0.0045936923,-0.024752596,-0.01185815,0.018228687,0.076605156,-0.016155208,0.032541707,0.016785694
2017-04-12,-0.1440438,-0.010051621,-0.012095214,0.04256338,-0.020845456,-0.110091284,0.07582951,0.01020156,0.04047376
2017-04-13,0.3464352,0.03527945,-0.0035779255,-0.0017706406,0.10542028,0.11286198,-0.11009473,0.008840919,-0.067891784
2017-04-18,-0.5400445,-0.02668228,0.036229543,0.028412096,-0.18324968,-0.22476205,0.20014806,-0.0077562225,0.1337109
2017-04-19,-0.3478275,-0.04458402,0.031279173,0.009797588,-0.11462528,-0.17941067,0.122140676,-0.022153992,0.10004304
2017-04-20,0.058174837,-0.004893824,-0.00072776043,0.018600287,0.05764548,-0.007271188,-0.026498886,-0.038548775,-0.03374157
2017-04-21,-0.48179436,-0.05167384,-0.015410921,-0.026792824,-0.17681691,-0.13241462,0.13848391,0.009253286,0.1252431
2017-04-24,-0.16992013,0.011623629,-0.0020998444,-0.0058191656,-0.037539106,-0.053038497,0.017469676,-0.006917612,0.028903963
2017-04-25,0.14801309,0.02237913,0.013440607,0.00855676,0.041618753,0.05876932,-0.07381064,-0.027743297,-0.0387309
2017-04-26,-0.2538137,-0.018055983,0.009169611,0.013100669,-0.10571736,-0.1119026,0.07868716,-0.0047269845,0.0419905
2017-04-27,-0.3636366,-0.038352497,0.0057914243,-0.00651318,-0.16538744,-0.14642857,0.107876524,0.028908199,0.14802697
2017-04-28,0.27341667,0.0033708601,-0.024027765,-0.00081897655,0.08774997,0.11937592,-0.08805379,0.011997435,-0.07044833
2017-05-02,-0.17766659,0.005075535,-0.034692373,-0.036742166,-0.05874008,-0.02677401,0.053446174,0.033821683,-0.024732077
2017-05-03,-0.5014117,-0.0067118453,0.008742149,0.05101644,-0.13331087,-0.21507849,0.16717874,-0.0014482646,0.14957754
2017-05-04,-1.0123118,-0.05104381,-0.021494273,0.042857323,-0.3500477,-0.3596314,0.30981442,0.04024508,0.23964134
2017-05-05,0.32982245,0.03301882,0.015174585,0.026388438,0.07861343,0.09632464,-0.09622872,-0.0021814874,-0.11402657
2017-05-08,-0.27023163,-0.021261992,-0.018874917,0.021227509,-0.069016345,-0.0731905,0.103687376,0.018276801,0.034651414
2017-05-09,-0.24821512,-0.00034964533,0.011831068,0.004185635,-0.061507475,-0.07890647,0.06993237,-0.027884284,0.039933685
2017-05-10,0.4643435,0.055907935,-0.0070416518,0.0069434945,0.1724389,0.1775855,-0.14094171,0.0066233077,-0.10511377
2017-05-11,0.33801737,0.015036826,-0.003545536,-0.00041446014,0.076215535,0.111280866,-0.07881699,0.008284371,-0.06662291
2017-05-12,0.30712435,0.017411761,0.013364972,0.0067997184,0.066613235,0.07337412,-0.094169535,-0.004740252,-0.05305728
2017-05-15,0.68550426,0.07818599,-0.014944116,-0.012213129,0.22324039,0.24003987,-0.22093002,0.0010640664,-0.18366688
2017-05-16,-0.03408991,-0.021106547,0.0076212264,0.000939606,-0.023988793,-0.006064164,-0.00321073,0.020307478,0.004787122
2017-05-17,0.49923587,0.01864786,-0.015657524,-0.0035760254,0.15165406,0.16928792,-0.14061743,0.028447976,-0.083404265
2017-05-18,-0.5114835,-0.030923717,0.00089348486,0.02684137,-0.15168634,-0.13575746,0.16418268,-0.015674645,0.15051147
2017-05-19,0.9654925,0.09960073,0.011504234,0.010562877,0.36411253,0.3375197,-0.3312268,-0.024959689,-0.27130634
2017-05-22,0.36125842,0.023822552,-0.006376271,-0.035927083,0.12951727,0.12711151,-0.105149806,0.01860961,-0.05916812
2017-05-23,-0.2592125,0.0062024873,-0.0061732903,0.017574145,-0.076623,-0.05905846,0.08571955,0.00994866,0.0475642
2017-05-24,-0.20409177,-0.0023011004,0.005968665,0.02224032,-0.07217131,-0.08714812,0.07226618,0.0011758092,0.05813071
2017-05-25,-0.5347155,-0.06937138,-0.0040008654,-0.008207402,-0.18653372,-0.1568479,0.15236767,-0.0012288922,0.14838408
2017-05-26,0.08772109,-0.007575374,0.010200585,-0.0031956714,0.025185848,-0.009596233,0.012918323,0.013470278,0.02497904
2017-05-31,-0.771393,-0.077485815,0.0073793014,-0.009641061,-0.263196,-0.25820827,0.2043046,-0.02048394,0.18950504
2017-06-01,-0.30894497,0.010020511,0.0105332555,0.032616336,-0.10614458,-0.077914625,0.051639054,-0.01911305,0.10076349
2017-06-02,-0.13219404,-0.01456072,-0.0044814004,-0.04110399,-0.071403585,-0.06558238,0.061386064,0.03826133,0.09219224
2017-06-05,-0.27886638,-0.02487178,0.009654054,-0.01812628,-0.11989052,-0.1032125,0.10344035,0.006766668,0.09690613
2017-06-06,0.24408872,0.0060612387,-0.0027586892,-0.015017071,0.057906326,0.09006535,-0.06260882,0.013672908,-0.019499531
2017-06-07,-0.5195852,-0.05615184,0.0007759353,-0.025007205,-0.17895763,-0.16988605,0.12397357,-0.00835198,0.16650975
2017-06-08,0.20894013,0.013165089,0.0042727846,-0.020548353,0.052664023,0.09018888,-0.11113259,-0.014573577,-0.10290359
2017-06-09,0.32498488,0.023156192,0.01596152,0.00838544,0.10874427,0.1064452,-0.1308854,-0.029420473,-0.13625816
2017-06-12,-0.56044286,-0.01842146,0.012029363,0.031990577,-0.1949791,-0.17341687,0.21905088,-0.0022437125,0.12882122
2017-06-13,-0.033862136,0.0036901038,-0.0041165007,0.0013245249,-0.012451144,-0.011519093,-0.008054951,0.0013366392,0.013270433
2017-06-14,-0.42397028,-0.05318874,-0.017988661,-0.028789362,-0.15954448,-0.15252146,0.17981428,0.03292741,0.119753234
2017-06-15,-0.38017714,-0.027290793,0.011749581,0.0010300683,-0.116187714,-0.1526977,0.09130977,-0.020756923,0.017309774
2017-06-16,0.31286415,0.025370449,-0.005762269,0.0120766265,0.10147994,0.10100714,-0.10143466,-0.009032239,-0.08964587
2017-06-19,-0.16112055,-0.016182225,0.0017910888,0.013555354,-0.05351198,-0.002065287,0.025189472,-0.021025524,-0.0064836796
2017-06-20,-0.6427108,-0.06232486,-0.014934341,-0.0023845315,-0.17764251,-0.19773221,0.2046736,-0.0065833977,0.17660348
2017-06-21,-0.23926565,-0.047182687,-0.0072754617,0.019854601,-0.109538846,-0.09273135,0.07856646,0.027711831,0.041101124
2017-06-22,-0.052575585,-0.016529625,-0.020721098,0.0017631421,0.010409206,0.004901326,0.010535299,-0.010909437,0.016062217
2017-06-23,0.31790408,0.02625338,0.0067009823,-0.0073951553,0.08236621,0.112545654,-0.099130265,0.0012258217,-0.07132604
2017-06-26,-0.030077545,0.033255797,0.015481989,0.026216868,0.0017449724,-0.033538226,-0.007894513,-0.0033449773,0.0055967425
2017-06-27,0.67256886,0.06611069,0.0006428002,0.0054338444,0.21089286,0.22359197,-0.20490721,-0.010323327,-0.19829474
2017-06-28,0.33535063,0.027642505,0.020706095,-0.011620363,0.09781069,0.12165606,-0.10107161,-0.0077721053,-0.05518481
2017-06-29,0.47106573,0.011648212,-0.021635117,-0.0089938,0.14304605,0.1699512,-0.16174334,0.019146498,-0.13489163
2017-06-30,0.76305324,0.05786697,-0.00057740946,-0.044038992,0.25546756,0.23911707,-0.24149294,-0.020236444,-0.22569771
2017-07-03,0.2940525,0.05512377,-0.011545604,-0.018214032,0.17048801,0.10744081,-0.15742524,-0.051522963,-0.18674688
2017-07-05,-0.51239,-0.04980946,-0.014961748,-0.013604553,-0.17083663,-0.16870655,0.1474913,0.005636976,0.11336979
2017-07-06,0.16400865,0.024930922,-0.0012089307,0.015029492,0.07981145,0.0568615,-0.050762553,-0.007483604,-0.039745744
2017-07-07,-0.6774602,-0.05862455,-0.006499757,0.008039297,-0.20524539,-0.23333836,0.18914345,-0.017504547,0.12208409
2017-07-10,0.0043781097,-0.00026869276,0.028450377,-0.042943507,-0.026993444,-0.036765408,-0.005750427,0.030771654,-0.018971637
2017-07-11,0.40367043,0.033884816,-0.0045832037,-0.024725994,0.13286287,0.1313795,-0.14296097,0.0074180174,-0.098767
2017-07-12,0.036541015,-0.010641617,0.0022387542,-0.0018690773,0.0005381564,0.04097109,0.0027033908,-0.0076746447,-0.025396544
2017-07-13,-0.26489937,-0.035918493,-0.004754005,0.034954123,-0.083369404,-0.067475304,0.12709571,0.0261346,0.0674031
2017-07-14,0.65448487,0.049840465,0.0034508668,-0.0075450754,0.19533792,0.20487566,-0.19831893,0.010114693,-0.14442329
2017-07-17,0.24941,0.003975761,-0.0009082621,-0.030522749,0.0647696,0.07641902,-0.07448207,0.0045264554,-0.023226772
2017-07-18,0.21059869,0.015252675,-0.011972631,-0.060612496,0.082531534,0.09416657,-0.050415426,-0.015537912,-0.032871857
2017-07-19,0.35173613,0.042484898,-0.017859893,0.01270285,0.1317747,0.119491726,-0.12235748,0.02004625,-0.07431291
2017-07-20,0.24369732,0.013874702,0.010556832,-0.010712776,0.055280566,0.04669322,-0.05776516,0.0035096526,-0.0582439
2017-07-21,-0.40942335,-0.053241067,-0.0052499226,-0.0022094662,-0.14783624,-0.12651373,0.1260146,0.008228224,0.09486504
2017-07-24,-0.13325973,0.005470281,-0.0054742945,0.0034647514,-0.026294129,-0.015823176,0.027318794,-0.022449758,0.02119872
2017-07-25,0.47188878,0.06035714,0.021026608,-0.016726678,0.15985025,0.19037262,-0.16507742,-0.018030912,-0.14863737
2017-07-26,0.44837442,0.048583776,0.009108911,-0.007927313,0.1454278,0.16117042,-0.15887928,-0.00018240904,-0.10964654
2017-07-27,0.44974265,0.0198289,-0.009036421,0.0017228562,0.12616426,0.14775518,-0.13324076,0.010251848,-0.08587352
2017-07-28,0.4260794,0.039249834,0.009131371,0.014027068,0.11339547,0.12905215,-0.11143596,0.008898734,-0.103908636
2017-07-31,0.24577387,0.013448375,-0.017675152,-0.000410368,0.10600607,0.12675457,-0.1098345,0.001839131,-0.09795657
2017-08-01,-0.5134089,-0.05456147,0.01827708,-0.0056749135,-0.15748039,-0.16718647,0.19936752,-0.023941955,0.1746405
2017-08-02,0.4052089,0.053803448,0.011108103,0.009065681,0.13653333,0.1126,-0.12615758,-0.0050148154,-0.09688438
2017-08-03,-0.39189368,-0.011577591,-0.0046300553,0.016284853,-0.123345524,-0.10303685,0.13835132,-0.00047973,0.12087151
2017-08-04,-0.018796982,0.0026301327,0.01352993,0.027626356,-0.0064815003,-0.021393532,-0.0135655785,-0.019479295,-0.04472394
2017-08-07,0.22773792,0.015911337,0.007116652,-0.032203343,0.067061715,0.063547365,-0.07633488,-0.0075602084,-0.06677985
2017-08-08,0.40264475,0.02739413,0.01003147,-0.0067779543,0.13555829,0.12939543,-0.12431019,-0.014243903,-0.11833812
2017-08-09,0.36569282,0.020002678,0.0008174458,-0.02690463,0.103333585,0.09071349,-0.08595678,0.03167998,-0.035826173
2017-08-10,-0.53548485,-0.09437777,0.019010957,-0.012868009,-0.18624523,-0.16560365,0.18783322,-0.012518489,0.14233284
2017-08-11,-0.011312493,0.01586649,0.0036854898,0.008930959,-0.010282603,-0.00038809574,-0.007465558,0.010605915,0.018073242
2017-08-14,-0.57249683,-0.050249998,-0.012715386,-0.005927722,-0.14922778,-0.16619278,0.16569088,-0.015284869,0.15172108
2017-08-15,-0.63918525,-0.05910477,0.026501924,-0.03256687,-0.10769747,-0.259369,0.20906858,-0.062158413,0.093576185
2017-08-16,0.31091726,-0.0018763859,0.0009728868,-0.026097236,0.10751791,0.10683925,-0.13474427,-0.02096893,-0.11504951
2017-08-17,0.07849543,-0.009955988,-0.0030822915,-0.021280508,-0.0017010239,0.035460923,-0.0028318183,0.010605073,0.0024868776
2017-08-18,0.5664076,0.06791448,0.0021337217,0.027117709,0.20684168,0.18164083,-0.18546562,-0.023536967,-0.17032552
2017-08-21,-0.084447816,-0.027362712,0.014547913,-0.028480783,-0.06218033,-0.013299386,0.032268062,-0.019982772,0.044551402
2017-08-22,0.028321886,0.021143237,-0.006654882,0.010797334,0.026986461,0.049473614,-0.023305997,-0.003899899,-0.027452102
2017-08-23,0.4102948,0.009846782,-0.0058322498,0.0016037537,0.10284255,0.1181742,-0.10097573,0.019844849,-0.10686591
2017-08-24,0.26335767,-0.008090895,-0.007227616,0.008676652,0.069245085,0.121750705,-0.12516476,-0.008607042,-0.09136171
2017-08-25,-0.24294694,-0.016253084,0.0034758442,-0.0063634915,-0.100106835,-0.053613972,0.06979875,0.014546756,0.070758246
2017-08-29,0.4815245,-0.028727794,-0.017979868,0.027058098,0.14762291,0.15529497,-0.13428664,0.030508744,-0.09763707
2017-08-30,0.02237011,-0.04216804,-0.009226155,0.02604257,0.01761151,0.02477993,0.0011929534,-0.00744477,-0.04697184
2017-08-31,1.0644143,0.082176626,0.036826473,0.04585607,0.38375375,0.32055905,-0.33809584,-0.042849872,-0.2681255
2017-09-01,0.016135978,0.05119754,0.003051644,-0.085479744,-0.0634669,-0.061340004,0.09240776,0.07161382,0.12443325
2017-09-05,0.31594273,0.059649114,-0.00944971,-0.02363221,0.07324771,0.10430143,-0.10400037,-0.0020823933,-0.048951827
2017-09-06,0.22585703,0.03951362,0.008467112,-0.020571174,0.057068586,0.09099453,-0.07626509,-0.0044626677,-0.027377231
2017-09-07,0.072679766,0.008062774,-0.005673769,0.01684855,0.031749904,0.009831116,-0.006174463,0.012030276,-0.00084915315
2017-09-08,-0.6406849,-0.046202846,-0.006997637,0.026525812,-0.18648349,-0.22610472,0.21733558,-0.0010040189,0.21529375
2017-09-11,-0.098628454,0.0044346326,0.019736305,0.00096366013,-0.021306295,-0.016906096,-0.0060703065,-0.033881523,-0.032588985
2017-09-12,-0.1970615,-0.023977,0.015874712,-0.008707109,-0.07024209,-0.038961187,0.070985876,-0.009876039,0.05173809
2017-09-13,-0.041299954,0.014122766,-0.0096456185,0.0018627433,0.0027020725,-0.037015304,0.035152223,0.025731362,0.002614556
2017-09-14,-0.028435703,0.024912022,-0.018531194,-0.016109707,0.00822707,-0.006572267,0.018099543,0.009062877,0.0002628827
2017-09-15,0.29017526,0.027230691,0.00034261786,0.029444613,0.11616847,0.05582956,-0.1046214,-0.009321833,-0.10003147
2017-09-18,-0.26362813,-0.02354254,0.005132156,0.032895856,-0.08290305,-0.08997523,0.07637011,-0.017425954,0.030291406
2017-09-19,-0.16816202,-0.0102682905,0.00710713,0.0029698936,-0.04860507,-0.027478766,0.030634856,-0.011461814,0.048703644
2017-09-20,0.6288909,0.05971292,-0.00776199,-0.0008678164,0.22046031,0.20165446,-0.19299108,0.0035032255,-0.13158377
2017-09-21,-0.51881266,-0.009706791,-0.0286819,-0.024347123,-0.10337707,-0.13183425,0.15162666,-0.014336218,0.07040505
2017-09-22,-0.12918605,0.004292413,-0.010415422,-0.006257589,-0.047414117,-0.014744774,0.002681648,0.0061844173,0.046070065
2017-09-25,0.5118737,0.04584666,-0.004878011,0.05508363,0.17306404,0.1604474,-0.14345323,-0.00045692123,-0.11135422
2017-09-26,-0.6624675,-0.02400515,0.0061938986,0.0403969,-0.21528278,-0.23077129,0.21065974,0.00010715528,0.16198267
2017-09-27,-0.20723143,0.017831175,-0.013010691,-0.023782542,-0.05376867,-0.060178746,0.056432053,0.004450043,0.026849842
2017-09-28,0.06790848,0.0015671754,0.006336263,-0.007303289,0.014111664,0.049578145,-0.048081953,-0.009304084,-0.003078984
2017-09-29,-0.30446577,-0.008011192,-0.01386815,0.010624801,-0.07737849,-0.112878524,0.072376065,-0.004403841,0.04691245
2017-10-09,0.059579004,-0.06745801,-0.0033371856,-0.047149006,-0.011172086,0.02466669,-0.05577052,0.03415213,-0.001958349
2017-10-10,0.5908545,0.052453216,-0.008304297,0.003827839,0.21105485,0.20990676,-0.18154395,0.0029810704,-0.16576579
2017-10-11,-0.08755047,-0.0028574592,-0.0031305489,0.007860501,-0.04282727,0.02417384,-0.0067124707,0.0019554072,0.0009094307
2017-10-12,0.16874161,0.0036193386,-0.005646419,-0.020465879,0.041440044,0.059810255,-0.049702764,0.015811125,-0.05445514
2017-10-13,0.59653544,0.03384979,-0.0033987535,-0.013715238,0.1688388,0.18977109,-0.1767706,0.013746239,-0.12594067
2017-10-16,0.054968067,0.04199669,0.033860743,-0.001467952,-0.019752104,0.062955804,-0.062483385,-0.014008159,-0.0014317742
2017-10-17,-0.4417997,-0.010992235,0.018446958,0.0069602444,-0.15026402,-0.14229009,0.15533128,-0.019913891,0.11978039
2017-10-18,-0.12524928,-0.0019655123,-0.010464653,0.03264156,-0.02021228,-0.02746395,0.008750062,-0.005517281,0.015029139
2017-10-19,0.087163016,-0.019645445,0.0028425513,-0.016583329,0.009957787,0.018770024,-0.020565012,0.012365058,-0.0072076204
2017-10-20,-0.0443921,-0.008539689,0.011727547,0.024420124,-0.024021603,-0.014678514,0.0074678296,-0.011978039,-0.015926633
2017-10-23,0.40414795,0.008140667,0.004812073,-0.030867076,0.11763683,0.106034346,-0.0997221,-0.010241002,-0.07702408
2017-10-24,0.2990281,0.028137507,-0.00026365137,0.027331999,0.13563259,0.10692974,-0.13102506,-0.023908682,-0.0745689
2017-10-25,0.053163823,0.005269656,0.0032033548,0.029903905,0.032109432,0.032644756,-0.02329213,-0.01757085,-0.02438201
2017-10-26,0.01752178,0.011001206,0.010179335,0.027107093,0.021134192,0.0023361966,-0.029641982,-0.013500066,-0.027882442
2017-10-27,0.078216024,0.015642429,-0.015360812,0.03599342,0.046239365,0.01296582,-0.0033351528,0.0011830985,-0.033805545
2017-10-30,0.2985511,0.009540774,-0.0016642825,0.0014110571,0.080596924,0.07091018,-0.09144541,0.016158657,-0.04245391
2017-10-31,0.17392826,0.0084610265,0.01026906,0.038547356,0.056546677,0.045534458,-0.06090879,-0.019771399,-0.06555253
2017-11-01,0.37509063,0.013538873,-0.0002793533,-0.06447896,0.11034505,0.11435867,-0.110011294,0.01281198,-0.036368813
2017-11-02,-0.018307542,0.0014917714,-0.001957124,-0.029170007,-0.01767857,0.008985918,0.0050388635,0.003292415,0.004325599
2017-11-03,-0.0014328093,0.011301033,0.010465373,0.029801948,0.020479666,0.011948102,0.008456186,-0.030090988,0.02288991
2017-11-06,0.8044613,0.0840882,-0.0038913854,-0.020171085,0.2537728,0.2779806,-0.24282172,0.018356586,-0.18659624
2017-11-07,-0.5684063,-0.033840764,0.0045397133,0.019657204,-0.17807893,-0.20312212,0.20249815,-0.011582624,0.12653168
2017-11-08,0.21708354,-0.0003570634,-0.008502121,-0.0052520623,0.053530365,0.06998953,-0.054797087,0.010814163,-0.054103337
2017-11-09,-0.1625724,-0.010209838,-0.0026580237,0.025560703,-0.055311497,-0.03096175,0.070188805,-0.0015785611,0.03326204
2017-11-10,-0.15886907,0.0011916894,-0.01143353,-0.0065526166,-0.0071701175,-0.044503752,0.030357722,-0.02442458,-0.0042779665
2017-11-13,0.0007719104,-0.009302616,0.0007767559,-0.02511119,-0.0151272975,0.0253407,0.0032148948,0.009249226,0.036835805
2017-11-14,-0.8154527,-0.07310393,-0.0046067475,-0.026146194,-0.25768018,-0.2558463,0.271076,-0.007914717,0.22680385
2017-11-15,0.103349954,0.024038576,0.0029847103,0.014760072,0.031315748,0.009028513,-0.032679006,0.0005528197,-0.056690354
2017-11-16,-0.22670695,-0.013920235,-0.012340628,-0.008094371,-0.061251305,-0.06143553,0.08409195,0.0007380313,0.057271812
2017-11-17,0.79679906,0.06066708,-0.023142617,-0.016702548,0.24989462,0.25070056,-0.24190323,0.03614152,-0.18540981
2017-11-20,-0.52486366,-0.022741612,0.026655154,0.023599127,-0.16221039,-0.17611213,0.13498554,-0.0334469,0.119373105
2017-11-21,0.39169425,0.017114857,0.0018628062,-0.013912555,0.11768268,0.14196834,-0.12055248,-0.007697487,-0.11436588
2017-11-22,0.43283853,0.038760364,-0.0097980285,-0.0045958213,0.15322264,0.15656611,-0.14262395,0.0061577857,-0.10213471
2017-11-24,0.23001392,0.029783245,-0.008214614,0.0043802653,0.08609308,0.10306257,-0.08569563,-0.014942397,-0.090811975
2017-11-27,-0.27009717,-0.014055833,0.0058528907,0.025981894,-0.096188396,-0.092523634,0.09697485,0.01413581,0.10700642
2017-11-28,-0.19231986,0.004015184,0.009373804,0.046444096,-0.08484027,-0.12276317,0.103639536,0.009567465,0.05341327
2017-11-29,-0.31423756,-0.011351982,0.008863366,-0.0013467273,-0.095167376,-0.11209564,0.102639854,-0.032212596,0.09360817
2017-11-30,-0.36159214,-0.017158883,-0.011616803,0.0014452444,-0.09768832,-0.081511155,0.09192151,-0.01593395,0.08697286
2017-12-01,0.52953553,0.05307148,-0.005455727,-0.00035727787,0.19188909,0.1670017,-0.1620308,-0.0043699704,-0.17990531
2017-12-04,-0.5614643,-0.051107403,0.021526972,-0.040146198,-0.20386542,-0.17822367,0.16268924,-0.027549887,0.14165977
2017-12-05,-0.51625645,-0.007032041,-0.017001156,0.05797677,-0.124509975,-0.20324765,0.20613873,0.0008562518,0.12162175
2017-12-06,-0.71400756,-0.070786886,0.014636927,-0.011125079,-0.26836905,-0.2546007,0.21418129,0.0013719363,0.19795954
2017-12-07,-0.06369044,0.008497547,0.0023500337,0.029969743,-0.0018989878,-0.0009414993,-0.008698321,-0.026473194,-0.012093229
2017-12-08,0.17348064,0.043355487,0.014420286,0.021768168,0.056478467,0.063410394,-0.071898796,-0.0072713024,-0.038753353
2017-12-11,0.25860602,0.0144598745,0.019587614,0.0008301067,0.080938525,0.095826395,-0.08584951,-0.026006982,-0.06934727
2017-12-12,-0.42060402,-0.031210816,-0.008099049,0.009348477,-0.119369246,-0.122203074,0.09987648,-0.012712374,0.089774475
2017-12-13,-0.0025230255,-0.002736791,-0.0007045702,-0.045447603,-0.02408275,0.0042529516,-0.0017336098,0.010163752,0.037775733
2017-12-14,0.37760612,0.017299782,0.0028378093,0.0081508765,0.114836976,0.121646635,-0.118167564,-0.009778021,-0.06762652
2017-12-15,0.5615554,0.04060896,0.017179212,-0.0119703505,0.15929058,0.16018565,-0.19212876,-0.000875609,-0.10227516
2017-12-18,0.36115858,0.018709363,-0.008166483,-0.01965285,0.10181612,0.14006878,-0.09208408,0.016540466,-0.06698739
2017-12-19,0.27923244,0.0016326379,-0.016493639,0.0077327155,0.09277915,0.096273735,-0.09399023,0.016933465,-0.08262333
2017-12-20,0.5187988,0.035342116,0.0022118522,0.005872303,0.16347931,0.19674675,-0.17052722,-0.0065937657,-0.118157096
2017-12-21,0.23953894,0.018189542,-0.011842932,0.0010823823,0.08436403,0.07582425,-0.08179323,-0.007999019,-0.046505295
2017-12-22,0.34468862,0.016692916,0.002153139,-0.010733594,0.10144802,0.105969734,-0.10947291,0.013411232,-0.062057544
2017-12-27,0.8987277,0.07438947,-0.0055892374,-0.024467416,0.28885952,0.28850746,-0.2850578,0.014484156,-0.22414804
2017-12-28,0.3758444,0.023294125,-0.0020570168,-0.027677158,0.11392646,0.148896,-0.128197,0.014002212,-0.045678947
2017-12-29,0.4162408,0.014171397,-0.0061961147,-0.01193536,0.11359097,0.117448784,-0.097503126,0.023746211,-0.103395
2018-01-02,0.13914596,-0.0021846218,0.0030584605,-0.021978302,0.036721732,0.021972913,-0.023899257,0.008758724,-0.029227355
2018-01-03,0.28650564,0.032085903,-0.0115905125,0.007993276,0.08596355,0.10233988,-0.07494394,0.0035039345,-0.0857798
2018-01-04,0.2264833,0.017290287,0.0034528165,0.017319083,0.07726516,0.08067465,-0.068583794,-0.022040682,-0.072436996
2018-01-05,-0.4156297,-0.03455674,-0.0035990109,0.0031521106,-0.14950833,-0.15489204,0.15472338,0.013416015,0.10654381
2018-01-08,-0.19794686,-0.019269435,0.012818756,0.011163119,-0.080100834,-0.07243495,0.075126834,-0.009989829,0.04085285
2018-01-09,0.1755628,0.022205945,0.009599422,-0.00695644,0.035921097,0.051325016,-0.04268681,-0.006303778,-0.03526382
2018-01-10,0.21198672,0.028396362,-0.007882356,-0.0008952488,0.066706575,0.084301904,-0.057342973,-0.009693622,-0.0463079
2018-01-11,0.043941997,0.0090127075,-0.0034812656,0.017388465,0.016550891,-0.012645131,0.014615897,-0.005677631,-0.0046289396
2018-01-12,0.20876974,0.0101421615,0.008536097,0.007587562,0.06886759,0.05122709,-0.048723597,0.009139887,-0.030432707
2018-01-16,-0.26074243,-0.06377179,-0.0082306815,-0.025294414,-0.09115995,-0.17230476,0.13661888,0.08303912,0.08815948
2018-01-17,0.09535334,0.017742384,-0.00014400284,0.00089932594,0.041919827,0.017541012,-0.018243311,-0.0009973434,0.0067225485
2018-01-18,-0.024646956,0.008807958,0.0011937643,-0.00025144103,0.011526147,0.014116475,-0.0116154635,-0.025694456,-0.01981235
2018-01-19,0.06262675,-0.0048842784,-0.016008673,-0.00742351,0.018021137,-0.0041181426,0.0030761752,0.009454806,-0.008597941
2018-01-22,0.10153095,0.0186014,0.0049063535,0.0015338865,0.04132654,0.054768555,-0.062315732,-0.0136248795,-0.013299653
2018-01-23,0.09225637,-0.0061014034,0.0022816167,0.024614211,0.04005102,-0.025827415,0.017664379,0.0053972607,-0.023412334
2018-01-24,0.83229905,0.04744929,0.024815848,-0.11026726,0.27026743,0.27539825,-0.2714652,-0.01601109,-0.19090204
2018-01-25,0.10457032,0.0051081767,-0.020241363,-0.008006656,0.04711349,0.055958234,-0.0112128295,0.0056482977,-0.044365317
2018-01-26,0.06307346,0.0056911535,0.005626866,0.0037238724,0.048096,0.0213399,-0.03568376,-0.020065831,-0.042883966
2018-01-29,-0.16151184,-0.027409079,-0.008466011,-0.015600567,-0.032565754,-0.043664057,0.02780799,-0.006481011,-0.005396057
2018-01-30,-0.47117293,-0.038136423,-0.030057708,-0.038735103,-0.13969918,-0.10027059,0.11128297,-0.009132229,0.09960543
2018-01-31,0.09422095,-0.00029020518,0.0061097434,-0.011566538,0.04118076,0.043819856,-0.02012252,-0.013865479,-0.008617494
2018-02-01,0.28645563,0.023958774,-0.001957507,0.030063365,0.09584327,0.08560378,-0.07648499,-0.00021731359,-0.05393103
2018-02-02,-0.6960411,-0.040491756,0.0023839606,0.009700159,-0.21013722,-0.20134293,0.20750402,-0.029111905,0.14897323
2018-02-05,-0.16619927,-0.03825504,0.0015295662,0.0053028977,-0.06279853,-0.023622321,0.027169535,-0.015110706,0.038026337
2018-02-06,-0.3811221,-0.02171731,0.00800155,-0.024397183,-0.16015525,-0.14679004,0.127769,0.00877954,0.09678996
2018-02-07,-0.88319707,-0.08939683,-0.013767502,-0.022127083,-0.26676443,-0.2912406,0.29289144,-0.019621896,0.22676916
2018-02-08,-0.16343102,-0.012068996,-0.006626528,0.0021080242,-0.034175392,-0.07017158,0.05232547,0.0058729425,0.05636344
2018-02-09,-1.0232807,-0.08405157,0.0054886756,0.0033622452,-0.32800448,-0.34592155,0.31433806,-0.030121781,0.2555
2018-02-22,1.5045168,0.14106265,-0.056004144,-0.057104185,0.4573091,0.4869925,-0.48971182,0.07412268,-0.46423784
2018-02-23,0.05344776,0.0139735835,-0.00031861264,0.032316525,0.015409184,0.014435821,-0.005147879,-0.008355351,-0.028177874
2018-02-26,0.27683455,0.020653127,-0.0089737,-0.0026276084,0.102825075,0.09163486,-0.070927985,-0.008480876,-0.078016475
2018-02-27,-0.53144366,-0.01477284,0.009505552,0.00060412165,-0.16429639,-0.18757074,0.1689461,-0.01210791,0.15479939
2018-02-28,-0.35324672,-0.053704917,-0.007198455,-0.058591686,-0.10320186,-0.09886003,0.12565182,-0.017648727,0.1321568
2018-03-01,-0.13995655,-0.043443065,-0.03257292,-0.026493495,-0.042449683,-0.018854965,0.02782862,0.023393897,-0.02817432
2018-03-02,0.02903687,0.0092927795,0.010710603,0.0047922637,-0.026099045,0.006324708,0.009419766,0.0141757345,0.041272875
2018-03-05,0.31510925,0.04225978,-0.013026405,0.0061077597,0.08817072,0.12300219,-0.09999171,-0.0019169103,-0.071809575
2018-03-06,0.26535332,0.013861571,0.0054348693,-0.020994434,0.05858298,0.08618649,-0.07729995,0.025260044,-0.026098188
2018-03-07,-0.8040787,-0.05306507,0.008693728,0.028460657,-0.28402874,-0.28056437,0.27388436,0.0022828905,0.21842544
2018-03-08,-0.36149523,-0.012517924,-0.015854415,-0.01001074,-0.08818074,-0.12892173,0.124563746,0.0021918402,0.11896832
2018-03-09,0.4585199,0.020094005,0.030831862,0.012355909,0.1569864,0.14759763,-0.13630283,-0.030675188,-0.111667655
2018-03-12,-0.32186362,-0.02766937,0.020504372,0.02191953,-0.1286791,-0.1266444,0.11565344,-0.003045698,0.08068317
2018-03-13,0.22888978,0.0132938195,-0.0073371283,-0.024827955,0.073994,0.06849159,-0.08225947,0.014852775,-0.06370107
2018-03-14,-0.059919264,-0.020811634,-0.021026198,-0.015335167,-0.035336107,0.035981026,0.005357255,0.008007163,0.028817048
2018-03-15,-0.1161094,0.009982063,-0.008887375,0.017930144,-0.017843496,-0.055526216,0.028911697,-0.013079223,-0.009028446
2018-03-16,0.00019762057,0.027969174,-0.0034425731,0.036392856,0.008620963,0.0067356946,0.002918398,-0.0016687111,-0.027097845
2018-03-19,-0.32809114,-0.03271585,0.017436571,0.02137452,-0.09011255,-0.115726404,0.13890567,-0.012519962,0.07918951
2018-03-20,0.08031465,0.04446209,0.008458321,0.02762984,0.04010689,0.012686588,-0.0031366234,-0.011546171,-0.012206581
2018-03-21,0.6662203,0.060553838,-0.00047854584,0.016745387,0.22144851,0.21809033,-0.20099352,0.007193168,-0.17879131
2018-03-22,-0.33813718,-0.036382124,-0.013222574,-0.0003867791,-0.100944154,-0.09661519,0.11407658,0.0029598053,0.118550874
2018-03-23,0.06961678,0.010772058,-0.031096928,-0.0062693744,0.033722583,0.040606525,-0.0011275919,0.015458267,0.010106871
2018-03-26,-0.097847365,2.2442888e-05,-0.0010232783,0.02078222,-0.020728227,-0.05073792,0.05187371,0.0041219937,0.02438716
2018-03-27,0.012229344,0.0105837975,0.009448266,0.014895361,0.0020307435,0.016825315,-0.02584234,-0.01637666,-0.026699657
2018-03-28,-0.36640677,-0.03218885,0.025134955,0.023147363,-0.13608524,-0.13776627,0.09644825,-0.015843963,0.08188223
2018-03-29,0.38796118,0.056418136,-0.0011488927,-0.016265027,0.11248545,0.11737126,-0.13552916,0.00785802,-0.09049862
2018-04-03,-0.23233718,-0.06723479,-0.04035737,-0.077615894,-0.09840174,-0.0431447,0.099598095,0.008900943,0.06114661
2018-04-04,-0.5825085,-0.044539884,0.008145535,0.034203336,-0.18151289,-0.17163783,0.18401836,-0.00048138716,0.1734649
2018-04-09,1.021093,0.039717417,0.053649332,-0.088092394,0.3840523,0.27644295,-0.28933108,-0.053996228,-0.25065744
2018-04-10,0.7758071,0.07572092,0.0108143,-0.003964129,0.26936913,0.2632852,-0.25343686,-0.0045853546,-0.18598595
2018-04-11,0.4212483,0.043292813,-0.0043743793,0.02126552,0.1473334,0.1381735,-0.10362739,0.00917176,-0.072704494
2018-04-12,-0.1034273,0.036432847,0.0131933885,0.005283408,-0.03867098,-0.0685043,0.04903455,0.0071727345,0.04548727
2018-04-13,-0.06869345,-0.012320849,-0.0021852378,-0.0008209351,-0.038859546,-0.041183338,0.027529148,0.017782662,0.047129877
2018-04-16,0.08297535,-0.0098477965,0.02410378,0.028163524,-0.018887088,-0.02663395,-0.035106737,0.047700033,0.018594826
2018-04-17,-0.043236617,-0.00016778879,-0.0046481974,-0.005521883,-0.008160096,-0.02119794,0.02271168,0.00023484413,0.0034821213
2018-04-18,1.112143,0.08171871,0.013334458,-0.053381607,0.36789763,0.3564197,-0.32765183,0.00022784172,-0.2923415
2018-04-19,-0.17468928,-0.0061555426,-0.015479477,0.0029722925,-0.049928777,-0.027411891,0.05257929,-0.00073737756,0.044551376
2018-04-20,-0.16547817,0.0010143132,0.0052054236,0.014180988,-0.041185576,-0.055957716,0.03915486,-0.012489403,0.034662217
2018-04-23,-0.62980294,-0.013649262,-0.035272665,0.06982167,-0.26615074,-0.18827441,0.21263684,0.06666705,0.1726388
2018-04-24,-0.10469203,-0.028233072,-0.012551215,-0.026036002,-0.08917248,-0.032439347,0.047159467,0.041487794,0.042499606
2018-04-25,-0.07265225,0.023805317,0.0037481445,-0.00830653,-0.028002346,-0.031536642,0.012233612,-0.012762333,0.048302356
2018-04-26,0.21664634,0.025464728,0.0052130134,0.011561875,0.08592667,0.0595636,-0.057014976,-0.01397234,-0.042754386
2018-04-27,-0.06472322,-0.0143489335,-0.025679419,0.007943947,0.0071461597,-0.024020657,0.042745963,-0.00061061885,0.016602498
2018-05-02,-0.27501556,0.079458036,-0.035999607,-0.058181215,-0.06688653,-0.05512743,0.14455177,0.07186917,0.032890365
2018-05-03,0.0633571,0.0017610135,-0.011474934,-0.025545271,-0.019188846,0.028112518,-0.019908095,0.021993797,-0.006576192
2018-05-04,0.51826084,0.051833346,0.007926053,0.01572359,0.19635704,0.15594709,-0.13445595,-0.014665486,-0.11645877
2018-05-08,-0.33714017,-0.033091567,-0.0008881628,0.023617644,-0.090674944,-0.11075788,0.10671186,-0.006860127,0.10187665
2018-05-09,0.47789875,0.06268825,0.0074878368,0.034899667,0.1658618,0.14807394,-0.13477226,-0.007843155,-0.13613068
2018-05-10,0.17864099,0.01310056,0.002182857,-0.01874498,0.03705717,0.07071895,-0.08147883,0.017381808,-0.035019223
2018-05-11,-0.2430578,-0.034515996,0.011250006,0.009566976,-0.09581649,-0.07702603,0.08499462,-0.012010628,0.06593924
2018-05-14,0.047645055,0.010836252,0.0007260666,-0.0061811046,-0.0018075935,0.024468396,-0.0055707516,-0.0015256733,-0.024125734
2018-05-15,0.099908344,0.03325557,0.015911108,0.03202032,0.065292746,0.0043769693,-0.06256762,-0.02713784,-0.07468762
2018-05-16,0.0021931406,-0.00877537,-0.024131343,-0.022129674,0.01994572,0.043213338,-0.0410168,0.0020892099,-0.006447448
2018-05-17,0.2334172,0.020780211,0.002530846,0.008979207,0.067836806,0.08009372,-0.06474015,-0.0031824615,-0.064886056
2018-05-18,-0.020870045,-0.008969869,-0.02847095,-0.03245648,0.005847914,-0.004606784,0.01478914,-0.0025273215,0.0071605304
2018-05-21,0.55649614,0.05523029,-0.0049595493,-0.01989971,0.1844295,0.18340056,-0.19443418,-0.0011990028,-0.1827163
2018-05-22,0.22066978,0.01945428,0.0052383584,-0.024710715,0.033148967,0.10280573,-0.073843695,0.0051676477,-0.03964984
2018-05-23,-0.12192042,-0.006238711,-0.011940142,0.011239183,-0.027076626,-0.05496197,0.034369458,0.00045939095,0.04127365
2018-05-24,0.1468943,-0.010443106,0.0013952381,-0.016709099,0.015278263,0.057875734,-0.026992137,0.01282967,-0.0063907434
2018-05-25,-0.5291609,-0.059359346,-0.021424739,-0.01062988,-0.16666695,-0.17136943,0.14298089,-0.004624632,0.1490039
2018-05-29,-0.19284892,-0.017793331,-0.010847162,0.00027622178,-0.06902971,-0.090868354,0.0830627,-0.014777318,0.04317449
2018-05-30,0.47966912,0.028921628,0.0063309693,-0.015164603,0.16627395,0.14711675,-0.16135466,-0.00049118977,-0.110655524
2018-05-31,-0.063912705,-0.0072951666,0.033667788,0.01590606,-0.0469521,-0.019741448,0.02545468,-0.028669694,0.06356221
2018-06-01,-0.1323381,-0.01959458,0.026939038,0.015695853,-0.08161936,-0.0806848,0.028292032,0.0075111706,0.046572305
2018-06-04,-0.47775292,-0.05674723,0.0058927694,0.0064143217,-0.18992625,-0.15475991,0.12895636,0.0117462855,0.10447537
2018-06-05,0.17792478,0.0024139413,-0.016498452,-0.044106543,0.046975125,0.06221039,-0.08412326,0.016268115,-0.046658553
2018-06-06,0.119187266,-0.011127189,0.0041089994,-0.036568426,-0.0023001896,0.052901473,-0.054045282,0.004403493,0.0059226537
2018-06-07,0.19319537,0.032099985,0.0046945456,0.021933112,0.054222427,0.063235395,-0.05702364,-0.0017264934,-0.010375762
2018-06-08,0.12118193,-0.008722599,-0.01415577,0.009431006,0.04829874,0.05472093,-0.04546071,0.003682811,-0.043565724
2018-06-11,-0.15032639,-0.019893251,0.0036899592,0.00071693776,-0.04272259,-0.052466217,0.087976485,0.0023245567,0.038047194
2018-06-12,0.016085107,0.012550261,-0.0126025295,-0.02575083,0.03250536,0.011548599,-0.008929234,-0.006242977,0.0045328955
2018-06-13,0.020204296,-0.018112553,0.006963952,0.0177086,0.007317115,0.006190705,-0.00871298,0.0016342554,0.00818526
2018-06-14,-0.46163976,-0.03263184,0.006941779,-0.012261504,-0.16989274,-0.15854909,0.19285598,0.0145618,0.10794745
2018-06-15,-1.3230845,-0.08353792,-0.0017956052,0.045984805,-0.44670275,-0.48517242,0.45161006,0.040671505,0.3633306
2018-06-19,-0.9235208,-0.04747553,-0.0023898075,0.053555474,-0.32924885,-0.28753832,0.29235005,0.04660597,0.27872053
2018-06-20,0.14745125,0.015865548,8.797384e-05,-0.024732735,0.040488966,0.040605348,-0.015736287,-0.011040155,-0.06691806
2018-06-21,-0.45084345,-0.044970296,0.0033290156,-0.028220162,-0.15395018,-0.14380705,0.15035936,-0.0032740713,0.14248808
2018-06-22,0.72039413,0.081535615,-0.01159265,-0.0052189813,0.2480377,0.23856907,-0.21934012,-0.0041318596,-0.20850137
2018-06-25,-0.75120646,-0.04351524,0.017773636,0.008960142,-0.22590119,-0.2448536,0.27228156,-0.027153738,0.17812751
2018-06-26,0.13648555,0.042862535,0.012282083,0.010280861,0.05148257,0.04861338,-0.042161338,-0.008327003,-0.06221122
2018-06-27,0.4201129,0.05714201,0.005750795,0.026123332,0.15504596,0.109156564,-0.12161818,-0.009665161,-0.13232061
2018-06-28,-0.3024379,-0.011983563,-0.016747152,0.037933875,-0.08280867,-0.07777773,0.081502244,-0.007466337,0.047639534
2018-06-29,0.4167924,0.02502302,0.003832819,-0.0037963213,0.11715528,0.14358449,-0.12010127,0.0022056699,-0.058924954
2018-07-02,-0.9704006,-0.057785187,0.024828538,-0.039819587,-0.336207,-0.32993257,0.29893416,-0.031841576,0.17863224
2018-07-03,0.10707379,0.0008675302,-0.020145163,-0.01806649,0.0054203076,0.008351661,0.007305378,0.036819637,0.0057908767
2018-07-05,-0.26932085,-0.035369743,-0.013396584,0.010721624,-0.09085869,-0.10044182,0.12880294,0.0058627864,0.13203917
2018-07-06,0.488579,0.070585795,-0.01440336,-0.03779797,0.17008133,0.13175985,-0.1464628,0.0011591319,-0.17701246
2018-07-09,0.15982486,-0.0022413726,0.012794777,0.015525963,0.018363949,0.078067616,-0.030752214,0.0037151729,0.0063227275
2018-07-10,-0.15091985,-0.0010578698,0.015675403,0.002997426,-0.07527946,-0.05594893,0.059224915,-0.00806535,0.044110246
2018-07-11,-1.5241312,-0.12657745,0.004563086,-0.009338002,-0.49832577,-0.50679743,0.5311236,-0.008802155,0.37403518
2018-07-12,0.46526507,0.0398678,0.0080890525,0.013307274,0.12729143,0.12423004,-0.14354616,-0.0007130649,-0.061769214
2018-07-13,-0.41315565,-0.030559357,-0.005968939,0.021780929,-0.12671307,-0.09604334,0.1016272,-0.01123363,0.09513833
2018-07-16,-0.49128917,-0.048372388,-0.002033684,-0.08777924,-0.14839716,-0.16588064,0.14613664,0.0024244662,0.18678601
2018-07-17,-0.3252666,-0.032887716,-0.03285292,-0.031023376,-0.064759634,-0.1079538,0.11877869,-0.013146349,0.048560627
2018-07-18,0.30048543,0.010749742,-0.0020760351,0.0069569345,0.12710322,0.07516958,-0.13095747,-0.024114968,-0.11269868
2018-07-19,-0.3271615,0.0010328711,-0.0020915396,0.012653881,-0.084177114,-0.121512055,0.13385311,-0.0055711363,0.08497697
2018-07-20,0.7957158,0.050302505,0.011066983,-0.029579991,0.2462979,0.27565882,-0.24871714,-0.007851007,-0.22579637
2018-07-23,-0.099375196,-0.012386027,0.008473051,0.032287523,-0.04541173,-0.045651395,0.016714154,-0.0039289133,0.06416119
2018-07-24,0.4568485,0.02536265,-0.0021605345,-0.0400846,0.12500255,0.14803852,-0.14553186,0.0077246786,-0.14842531
2018-07-25,0.39645064,0.0126893185,-0.00036384515,-0.0466254,0.11251486,0.09208567,-0.111180626,-0.0057775313,-0.088905044
2018-07-26,-0.025884625,0.013876468,0.0005230019,0.022170154,-0.007101281,-0.030542023,0.017779779,-0.0039490294,-0.0007879817
2018-07-27,0.012926075,0.0012583362,0.0077993283,0.0030547976,0.0069321264,-0.009314803,-0.011089582,-0.013859499,-0.0004398085
2018-07-30,0.19548598,0.032355722,-0.0010534491,-0.053680282,0.07482159,0.04647301,-0.031674776,-0.0035819726,-0.03525893
2018-07-31,0.20430303,-0.0003326346,0.0011777738,-0.023740727,0.032429397,0.030747857,-0.07797031,0.005820843,-0.06938134
2018-08-01,-1.0659165,-0.096310616,-0.0064155227,-0.043606155,-0.3299112,-0.36357307,0.3664521,0.0037823508,0.317635
2018-08-02,0.12535886,0.027566753,-0.012752118,0.0035826166,0.06564073,0.04488453,-0.018169,-0.0102936765,-0.047299154
2018-08-03,0.3921318,0.0030320515,-0.0003343857,-0.009777455,0.12180731,0.10005747,-0.12569228,0.002678091,-0.096676804
2018-08-06,-0.01342693,-0.008499482,0.006415161,-0.015393872,-0.013540831,-0.008847959,0.040553372,-0.013744229,0.042737935
2018-08-07,0.31519556,0.024634926,0.003024929,0.00852698,0.09563923,0.097711466,-0.106646545,0.0021999814,-0.10129072
2018-08-08,-0.26756677,-0.036074273,0.0002523817,-0.04057975,-0.09046742,-0.092204824,0.08773876,-0.0004017313,0.10233829
2018-08-09,-0.1756986,-0.008590968,0.0038140058,0.00073963735,-0.07370537,-0.043556776,0.057519007,0.0019226689,0.039984215
2018-08-10,-0.5036449,-0.042522106,0.028558921,0.033005014,-0.16151,-0.15340534,0.18624498,-0.011996221,0.15579823
2018-08-13,-0.6855657,-0.011196838,0.0185479,0.037206244,-0.26154548,-0.2436674,0.18542382,0.020637244,0.15938479
2018-08-14,0.048880976,0.0015281293,-0.0098568145,-0.0046858354,0.034857888,-0.014594127,0.005717994,0.0016178002,0.017730068
2018-08-15,-1.522024,-0.14102747,-0.006113471,0.0017401114,-0.5259439,-0.5458124,0.49688163,0.008278995,0.38935336
2018-08-16,0.83428186,0.06966982,-0.008352778,-0.035298,0.2636054,0.2698813,-0.28289434,0.00057616073,-0.25281692
2018-08-17,0.085920356,0.009876826,0.0044555366,0.002708142,-0.007981624,0.030754425,-0.039293427,0.006353223,-0.008914922
2018-08-20,0.2729593,0.0016739515,-0.0062278705,-0.009718482,0.05809416,0.092846274,-0.0651067,0.014113957,-0.065950505
2018-08-21,0.2524977,0.018927783,0.0044713602,0.011475443,0.09403862,0.08028176,-0.07520512,-0.002925156,-0.07161425
2018-08-22,0.072496064,-0.009981218,-0.000720101,0.03620886,0.04533918,0.024482632,-0.00633175,-0.024243886,-0.0026951456
2018-08-23,-0.4600686,-0.028967379,0.0034604184,0.013309297,-0.13464689,-0.15483327,0.15252994,-0.02099253,0.100814864
2018-08-24,0.7088654,0.0547598,-0.00090781075,0.006582866,0.21864119,0.23015751,-0.22296855,0.011529518,-0.18116619
2018-08-28,0.14010414,-0.013476312,0.010732069,0.011966778,0.009191961,0.007001867,-0.00660008,0.013448227,0.0068613808
2018-08-29,0.14782272,0.02826212,-0.012492249,-0.006142585,0.06490962,0.063507445,-0.05603663,-0.008190057,-0.043509718
2018-08-30,-0.22452717,-0.013666865,0.0053207176,0.03099126,-0.07049401,-0.067456104,0.07548519,-0.019675463,0.03587299
2018-08-31,-0.08053124,0.005492469,-0.0074418113,0.011885617,-0.02030844,-0.051025018,0.031247338,0.010831888,0.026207082
2018-09-04,-0.6397403,0.009602002,-0.005186318,0.047138292,-0.19481331,-0.26693466,0.23802103,0.013286016,0.20544675
2018-09-05,-0.17654179,-0.03132329,0.0059647877,-0.0055689467,-0.06678347,-0.04106003,0.056278817,0.005147267,0.0552649
2018-09-06,-0.20458108,-0.023900924,-0.0003109966,0.014152529,-0.09563095,-0.0711876,0.03923825,0.018355247,0.055941164
2018-09-07,0.03381907,0.0064936536,-0.0057905456,0.0039337594,0.02432303,0.012588654,-0.024653714,0.0032130275,0.0075211776
2018-09-10,0.2953932,0.010542058,0.006593941,-0.016691089,0.07173919,0.1018569,-0.07810723,-0.010237675,-0.03690175
2018-09-11,-0.19815606,-0.0019449164,0.009817727,0.0062313224,-0.07407218,-0.0377196,0.08103433,-0.0034420853,0.074606806
2018-09-12,0.45608893,0.030885523,-0.006698455,-0.0072166617,0.14729366,0.19203791,-0.14992523,0.009065997,-0.14972106
2018-09-13,-0.49496403,-0.04478906,0.0022924982,0.002849971,-0.17739736,-0.1393673,0.14779462,-0.0037658596,0.12607571
2018-09-14,-0.3413982,-0.0044957683,0.00794673,0.012052212,-0.111326896,-0.14368457,0.12089263,-0.0041349274,0.106040835
2018-09-17,0.051693853,-0.0008320788,-0.012834215,-0.05509413,-0.012656593,0.00031278312,-0.011246233,0.01919749,0.012835778
2018-09-18,0.27884194,0.001364091,0.011602847,-0.032477178,0.06161148,0.11603432,-0.10742156,0.0017525146,-0.10943687
2018-09-19,0.6262733,0.05400192,-0.0040560924,-0.012743947,0.24450321,0.20068055,-0.19947533,-0.02598882,-0.21824093
2018-09-20,0.39778024,0.029504344,0.0065848804,-0.016449872,0.10528614,0.0872476,-0.11086733,0.0143871885,-0.12326336
2018-09-21,0.55436045,0.030147044,0.015511009,-0.053885855,0.1612556,0.20709962,-0.21623836,-0.01113972,-0.15552555
2018-09-25,0.384623,0.058009047,0.0082582105,0.0596343,0.13183917,0.063513875,-0.11099594,0.025590183,-0.051284425
2018-09-26,-0.17892696,-0.013123252,0.002309206,0.022316938,-0.06704755,-0.08522761,0.042332493,0.008792505,0.0096254945
2018-09-27,-0.16095412,0.004525265,-0.0044047683,-0.008315526,-0.03246992,-0.049817428,0.036233496,0.0003625507,0.0062951474
2018-09-28,0.5903773,0.033846155,-0.010477412,0.0056091384,0.24103011,0.2056076,-0.18835191,0.010921901,-0.17232302
2018-10-08,0.6909027,0.0042361673,-0.13954486,0.03148042,0.09004165,0.2082141,-0.27045718,0.17219442,-0.2198084
2018-10-09,0.35608432,0.027848594,0.001640917,-0.0075353235,0.10450937,0.11751631,-0.095185496,0.0042316695,-0.08069676
2018-10-10,-0.6981018,-0.06873649,0.008841583,-0.025417294,-0.25344524,-0.24175626,0.26794165,0.014175624,0.22015144
2018-10-11,-0.02271431,-0.03582914,-0.022969745,-0.03380021,-0.054857597,-0.013892711,0.032711565,0.047302436,0.072113745
2018-10-12,0.26847026,0.01561735,-0.0024144116,-0.026183806,0.10770822,0.07102948,-0.1078013,-0.015751982,-0.094218105
2018-10-15,0.2716755,0.0017057152,-0.012324154,-0.06980948,0.09535953,0.07434459,-0.04391598,-0.009344188,-0.05936953
2018-10-16,-0.05467685,-0.00083861744,-0.0013804861,0.030450866,-0.010220949,-0.010092502,0.01011542,-0.008767056,0.0045714253
2018-10-17,-0.25476706,-0.025555812,-0.010964331,0.0015832658,-0.04777643,-0.08182858,0.057096303,-0.011682232,0.043630864
2018-10-18,-0.4927424,-0.052744452,-0.013361308,0.019832471,-0.12091716,-0.1473049,0.16579524,-0.021588262,0.14492635
2018-10-19,0.04510061,-0.00024556616,0.013849739,-0.019071728,-0.028658848,0.0465121,-0.01080024,-0.0021500464,-0.0012150996
2018-10-22,-0.11919393,0.009936443,-0.020317974,-0.00078053254,-0.00036174463,-0.053440344,-0.013314446,-0.020002145,-0.014111789
2018-10-23,-0.49571335,-0.06857947,-0.009174085,-0.020373842,-0.17773817,-0.18288139,0.18716134,0.03633763,0.15940961
2018-10-24,-0.2746542,-0.009623259,0.0008432551,0.013820497,-0.084006764,-0.06899163,0.06667713,0.005030829,0.051170677
2018-10-25,-0.10141118,0.011557862,0.011483523,0.014599095,-0.035004895,-0.022254325,0.052420266,-0.009551962,0.03794175
2018-10-26,0.21606396,0.03257216,-0.01794276,0.0002152931,0.09277609,0.0729518,-0.07749824,0.0013010184,-0.03211485
2018-10-29,-0.51093376,-0.03793836,-0.0076784333,0.030086279,-0.18065509,-0.15427089,0.16213714,0.017119726,0.13144243
2018-10-30,-0.5442151,-0.048287135,0.009478372,-0.005309211,-0.17617448,-0.21755385,0.23876731,0.005614949,0.17106709
2018-10-31,-0.32445052,0.0035826904,0.0050410675,0.016563397,-0.12130392,-0.10797025,0.10838625,0.0032473656,0.08604009
2018-11-01,0.48046473,0.014668682,-0.022545109,-0.07460546,0.13258785,0.17511258,-0.15834126,0.031456288,-0.11221012
2018-11-02,0.2458458,0.017885536,0.01151589,-0.034909196,0.045759734,0.121961616,-0.124142125,-0.011509633,-0.074058294
2018-11-05,-0.28908938,0.006282446,0.004182426,0.012286504,-0.09090973,-0.12608613,0.13161428,0.0092621725,0.12269224
2018-11-06,-0.48890233,-0.047303922,-0.015044748,0.001837064,-0.15598561,-0.15885165,0.17079176,0.004663561,0.1123194
2018-11-07,0.30695143,0.038873732,0.0020578252,-0.004850043,0.065679766,0.08709841,-0.09011034,0.021594858,-0.052764885
2018-11-08,-0.33269858,-0.02886546,-0.012258205,0.024107793,-0.075693674,-0.11141874,0.086291656,-0.011652384,0.054511018
2018-11-09,-0.74896485,-0.035640035,-0.021165134,0.015926387,-0.22706161,-0.25724533,0.25182012,0.037841402,0.18653597
2018-11-12,-0.2622062,-0.032312244,0.010284091,0.026419764,-0.09769665,-0.08130911,0.061792918,-0.011917262,0.06973348
2018-11-13,-0.9939591,-0.11565825,0.00016331555,-0.01772547,-0.37835953,-0.38717827,0.30581704,0.05375328,0.27608022
2018-11-14,0.39914134,0.039009932,0.0038411524,-0.010282342,0.10438542,0.113429114,-0.110148214,0.02830502,-0.085302986
2018-11-15,0.1535787,0.014301457,-0.02854309,0.012233742,0.06456798,0.08375708,-0.10545495,-0.006888009,-0.07864286
2018-11-16,0.32606012,0.021461016,0.0006782165,-0.021552697,0.09511424,0.1423843,-0.12557463,0.012848709,-0.074546374
2018-11-19,-0.009788138,-0.008458658,0.00426425,0.013702396,-0.015051202,-0.017590238,0.020339018,0.015694015,0.008721937
2018-11-20,-1.1441925,-0.09527521,-0.002885072,-0.034724187,-0.40784186,-0.38554472,0.36319038,0.001372142,0.3062929
2018-11-21,0.36788794,0.017190374,-0.008269128,-0.019643387,0.1053164,0.12368,-0.120453455,0.01551508,-0.089596026
2018-11-23,-1.3455551,-0.116619974,-0.007931926,0.006423407,-0.45853448,-0.49770308,0.43369812,0.03908352,0.37010574
2018-11-26,0.08282645,0.020800877,-0.012954839,0.02751689,0.042579807,0.06456949,-0.018693052,-0.02306755,-0.005683136
2018-11-27,-0.41454047,-0.0010605248,0.01839781,0.016031697,-0.14267527,-0.18238965,0.14333853,0.010807366,0.10230244
2018-11-28,0.30782807,-0.030302247,-0.007389838,-0.070441246,0.04921257,0.08507602,-0.12753901,0.04560328,-0.064671
2018-11-29,0.10041755,0.0034798365,0.0057858136,0.02289799,0.051130593,0.042430848,-0.046630114,-0.02486998,-0.04640937
2018-11-30,-0.045740105,0.006837232,-0.016580937,-0.012641529,0.0358407,-0.02133825,-0.037960187,-0.04172038,-0.010892816
2018-12-03,0.97092843,0.114343695,-0.010114447,0.01287616,0.32236117,0.30678794,-0.29739824,0.012339378,-0.2225592
2018-12-04,0.1404143,0.014693627,-0.0058654374,0.016141828,0.0651886,0.00828286,-0.022036731,0.0073375152,-0.008746459
2018-12-05,-0.0020834685,-0.00053558726,-0.0040514837,0.0024602003,0.017315133,0.004849157,-0.010251042,-0.018343015,-0.0141914915
2018-12-06,-0.93980134,-0.08771213,-0.0036400298,-0.005051993,-0.29867986,-0.30787912,0.28478268,0.006589299,0.24220333
2018-12-07,0.80098295,0.05167665,-0.022786641,0.0076377094,0.24319555,0.2844412,-0.25301918,0.011921586,-0.17726544
2018-12-10,-0.74436384,-0.06297601,0.009907654,-0.009517578,-0.25309527,-0.27742794,0.25461933,0.008191624,0.2186517
2018-12-11,0.12553307,0.01113271,-0.008758478,-0.0029401379,0.036942586,0.06260554,-0.07460257,-0.0037758981,-0.06686927
2018-12-12,0.12442331,0.011489934,-0.014164416,-0.015961807,0.028309226,0.0505817,-0.031097995,0.016251773,-0.014221855
2018-12-13,0.10222086,-0.0017500217,0.0011891704,-0.0008634151,0.040948696,0.05261677,-0.049577266,-0.0068987077,-0.026923724
2018-12-14,-0.5804234,-0.04239091,0.01840935,0.0015910709,-0.19222753,-0.17951076,0.17104998,-0.0366197,0.17583224
2018-12-17,0.05998869,-0.0048075733,-0.034867864,-0.008746706,0.02230203,0.0382049,-0.0575804,0.041660182,-0.0010825379
2018-12-18,-1.0799606,-0.13397694,-0.006000459,-0.016807815,-0.38992247,-0.4309277,0.3934671,0.052106913,0.33011198
2018-12-19,0.49863458,0.04885133,0.004404905,0.0057728672,0.17076021,0.18473311,-0.16910973,0.01328347,-0.1582681
2018-12-20,-0.78495955,-0.093353905,-0.011962886,-0.041777935,-0.25893354,-0.25026152,0.26713732,0.011804814,0.19556189
2018-12-21,-0.524005,-0.032945365,0.00679222,-0.00076237984,-0.16286431,-0.180107,0.17842011,0.003221546,0.15123095
2018-12-24,-0.8028078,-0.09076615,-0.0025562511,-0.02264005,-0.26006645,-0.25340328,0.2623731,-0.005574232,0.2308855
2018-12-27,0.21495886,0.01859595,-0.013227877,-0.014107032,0.08233092,0.07498294,-0.068635285,0.023893159,-0.045535497
2018-12-28,0.027422983,-0.008618322,-0.024145508,-0.037180785,-0.0059105945,0.039249327,-0.04617638,0.019981422,-0.0117668575
2019-01-02,0.20649675,0.058668256,-0.009296861,0.0593116,0.049830206,0.043044627,-0.044777077,0.034058034,-0.02302629
2019-01-03,0.35543576,0.029190535,0.0027380688,-0.0074459147,0.12804502,0.076757655,-0.07451539,0.016308209,-0.04878311
2019-01-04,0.9268711,0.10057182,0.0023534351,-0.02397665,0.29686964,0.3278006,-0.2915824,-0.022298204,-0.28130633
2019-01-07,0.33774102,0.030133037,-0.02875087,0.029120592,0.16540577,0.11407845,-0.10829574,-3.793738e-05,-0.105209626
2019-01-08,0.23520362,0.035441324,0.0063359635,-0.0018916721,0.07405553,0.10035675,-0.0827965,0.004008354,-0.058046874
2019-01-09,0.7530861,0.08150648,-0.0025277091,0.026448641,0.2459908,0.25170377,-0.23464529,-0.0027101433,-0.19588497
2019-01-10,-0.27089864,-0.008352616,0.0063646776,0.019140108,-0.078056574,-0.07789419,0.10468601,-0.0052265064,0.08279289
2019-01-11,-0.042729113,-0.016197182,-0.00324615,-0.020168243,-0.041054163,-0.016655294,0.0068291593,0.0030154837,0.019497037
2019-01-14,-0.3764847,-0.033436116,0.025119854,-0.017741082,-0.12719919,-0.17829424,0.16829816,0.00058296445,0.14809546
2019-01-15,0.2837863,0.0009997936,0.0040731793,-0.0033482392,0.071583256,0.09572723,-0.08351507,0.008937738,-0.077241294
2019-01-16,0.4694116,0.040171936,-0.0003963165,0.01553603,0.16496722,0.15861218,-0.1576596,-0.01219153,-0.116751835
2019-01-17,0.25347644,0.01329055,0.00012485316,0.006411994,0.07137574,0.049611274,-0.09248587,-0.005837911,-0.1012939
2019-01-18,0.5235045,0.06778866,0.013086627,-0.0044293846,0.17413636,0.18385877,-0.19157082,-0.02567325,-0.19549361
2019-01-22,-0.6760051,-0.06872193,-0.02222115,-0.0012520815,-0.18234631,-0.22105828,0.21872903,-0.009527395,0.1687165
2019-01-23,0.18096541,0.023782857,-0.006979589,-0.00361768,0.07505084,0.05379812,-0.059566576,-0.019488312,-0.07574939
2019-01-24,0.023361249,0.0044645877,0.007403704,0.00095980824,0.008029128,-0.0028513514,0.017274728,-0.008302138,-0.036894307
2019-01-25,0.69737035,0.07084058,0.012585825,-0.042905103,0.19339491,0.21733922,-0.22147211,0.019275064,-0.15133084
2019-01-28,-0.74731696,-0.089654766,-0.025644513,-0.0032480243,-0.23116647,-0.2552998,0.23689249,-0.0027276434,0.1995199
2019-01-29,0.5021899,0.06388584,-0.0069086268,-0.0118892025,0.15011983,0.20166391,-0.15044025,0.018735098,-0.103233054
2019-01-30,0.50564134,0.04123572,-0.00089592487,-0.0152542675,0.1739079,0.18534656,-0.17372698,-0.015674086,-0.16115177
2019-01-31,0.079414465,0.0046527325,-0.009723623,0.008897949,0.017064227,0.05521533,-0.028482007,0.00089755806,-0.019432573
2019-02-01,0.116934955,0.021913392,-0.013013382,0.01690423,0.09807751,0.040814746,-0.054506402,-0.019660534,-0.07487638
2019-02-11,-0.8482714,-0.09964582,0.07904691,-0.032140814,-0.29148674,-0.28852886,0.22244143,-0.08422892,0.21493031
2019-02-12,0.089942776,0.025480118,-0.00784848,-0.01422005,0.025006415,0.039780516,-0.02064276,0.0141456835,-0.0073415325
2019-02-13,0.18269128,0.030137073,-0.008694713,0.030677063,0.07427725,0.09042705,-0.064223744,-0.011101214,-0.049125046
2019-02-14,-0.099752225,-0.0012659008,0.0034945523,0.047285207,-0.029398896,-0.020294322,0.024177099,-0.008154258,0.017802766
2019-02-15,0.86722136,0.082304336,-0.00055767,0.03675662,0.3130226,0.2950525,-0.2794171,-0.0009573487,-0.2346952
2019-02-19,0.26026005,-0.0014880084,-0.008743935,-0.026762541,0.05908591,0.13243699,-0.08217358,0.015698917,-0.03836791
2019-02-20,0.50204253,0.04214175,-0.0013204864,-0.01057253,0.1814752,0.17577624,-0.1598654,-0.010883021,-0.14981145
2019-02-21,0.16034523,0.028756857,0.013626802,0.04090525,0.043012694,-0.0018988586,-0.04507156,-0.007888667,-0.071946375
2019-02-22,0.38581517,0.02335834,-0.0121891415,-0.041747984,0.117452085,0.17005809,-0.13396353,-0.0036824215,-0.11374262
2019-02-25,-0.6976698,-0.052122056,0.0028996454,-0.00852888,-0.24377003,-0.26042274,0.24625969,0.016742604,0.18166228
2019-02-26,0.002362552,-0.016313538,-0.00035538943,0.037238374,-0.008333251,0.004134201,-0.016327731,0.0013243279,-0.01619736
2019-02-27,0.39858037,0.03682565,0.011883706,0.0019883323,0.14610073,0.16936687,-0.117289685,-0.033321667,-0.126405
2019-02-28,0.003471192,-0.002176002,-0.0015347427,0.0035843644,0.011312949,-0.007634389,0.008818798,-0.015975676,-0.03405292
2019-03-01,-0.17446597,-0.043059655,0.01189377,0.039894134,-0.044267606,-0.073346175,0.022904765,-0.03328534,-0.0046928055
2019-03-04,-0.3046431,0.0062227966,0.013629365,0.0080646,-0.100182764,-0.09757335,0.095423155,-0.0061760745,0.08297003
2019-03-05,0.33805388,0.016684046,0.00068764924,-0.005256492,0.10488672,0.12056709,-0.119128704,-0.013952825,-0.08622903
2019-03-06,-0.3388279,-0.021799034,0.014187159,0.049894623,-0.10512288,-0.1232638,0.10822775,-0.011894828,0.09962263
2019-03-07,-0.34562573,-0.009066603,0.016557,0.014214597,-0.12537952,-0.09691492,0.094193235,-0.005336535,0.08163453
2019-03-08,-0.0030037921,-0.02617704,-0.0072175204,-0.029866023,-0.016662274,-0.030221052,0.023396662,0.025730653,0.059535787
2019-03-11,-0.08888064,0.0064124037,-0.004062371,0.05432276,-0.03316454,-0.011242083,0.005549666,-0.0044940277,-0.013295977
2019-03-12,0.6682075,0.03409115,0.00090642046,-0.013755081,0.21439235,0.19480015,-0.19780299,-0.016969455,-0.18414757
2019-03-13,0.45940065,0.034583565,0.003606933,0.0040199873,0.14605445,0.14623858,-0.12626916,-0.0027404553,-0.115839794
2019-03-14,-0.39912844,1.3395005e-05,-0.014671343,0.0044438015,-0.08115167,-0.12022659,0.10762845,-0.0030935,0.06656738
2019-03-15,0.36449495,0.02943703,0.004727853,-0.012934476,0.09794186,0.1041689,-0.12911166,0.0070695896,-0.0487517
2019-03-18,0.10214403,0.0060046664,-0.0029889045,0.0036705395,0.026467502,0.05094785,-0.035313547,0.003835551,-0.033832815
2019-03-19,0.34376073,0.029474583,-0.003103135,0.0070687835,0.11756499,0.118578605,-0.0982309,-0.005807388,-0.08526858
2019-03-20,0.33462808,0.039549623,0.003631317,0.034738235,0.12066481,0.10855679,-0.11019717,-0.013657255,-0.12043149
2019-03-21,-0.086256355,-0.010716452,-0.0007647691,-0.010602744,-0.0430781,-0.054642405,0.04431113,0.021039521,0.047906898
2019-03-22,-0.5179586,-0.059828296,-0.008883209,0.014293831,-0.13865793,-0.18289858,0.16901188,-0.0030551092,0.16462381
2019-03-25,0.2984064,0.019844009,-0.010087659,0.008062229,0.0791492,0.09933426,-0.08508607,0.01196261,-0.07031926
2019-03-26,0.08303307,0.030342378,0.0050943596,0.024935396,0.055058915,0.033123042,-0.040587906,-0.03164646,-0.07710667
2019-03-27,-0.21204777,-0.01317189,0.009279526,0.011486384,-0.07257988,-0.044494357,0.05126293,-0.014239053,0.05981932
2019-03-28,-0.5133802,-0.010233898,0.0053526782,0.0029150238,-0.15277389,-0.15037215,0.120577976,-0.018225309,0.10011228
2019-03-29,0.19179142,0.008175006,-0.0015539915,0.0064438335,0.056445707,0.10810959,-0.050904706,-0.0069107013,-0.080664635
2019-04-01,0.13534819,0.027188063,-0.016459007,0.0027323056,0.06574134,0.03372954,-0.00049265794,0.0014735968,-0.04386092
2019-04-02,0.09196302,0.011727862,0.009154501,0.007596267,0.012421719,0.024596658,-0.0055513713,0.00046451748,-0.023642318
2019-04-03,0.31599286,0.022785943,0.0022675518,0.005578412,0.10444569,0.11439576,-0.101464234,-0.0056783445,-0.11872917
2019-04-04,0.19691555,0.017956097,-0.010185497,0.013583521,0.06510413,0.051645137,-0.024988018,0.002964536,-0.049124338
2019-04-08,0.30248538,0.037140988,5.678452e-05,0.00021400843,0.095694765,0.108469985,-0.075499825,0.005761797,-0.07566108
2019-04-09,-0.10422629,-0.027931364,0.00776627,-0.0015022986,-0.055796742,-0.03159919,0.021529866,0.007842969,0.04558932
2019-04-10,0.33863917,0.029714033,-0.01287564,0.008987953,0.12381188,0.11972576,-0.11685755,0.0037052247,-0.10096403
2019-04-11,-0.6479269,-0.034018,-0.014174915,0.012356722,-0.18371561,-0.19487613,0.19691065,-0.007607102,0.14656843
2019-04-12,0.4446535,0.037679933,-0.003987614,-0.0014835275,0.1505222,0.17243746,-0.1734691,-0.017297037,-0.122650884
2019-04-15,-0.2007255,0.0035028814,0.019324344,0.033270765,-0.08450684,-0.09347635,0.046277583,0.032800883,0.06280875
2019-04-16,-0.2726274,0.0039098836,0.030245041,-0.021611698,-0.09466792,-0.07535424,0.10323031,-0.029443968,0.09266792
2019-04-17,-0.08130426,-0.012677701,-0.00927258,0.005878877,-0.038523782,0.005184343,0.00373417,-0.0068015973,0.020762851
2019-04-18,0.14205445,0.008404466,-0.0015941495,0.015567948,0.045064036,0.041544497,-0.032046758,0.0043337904,-0.048721988
2019-04-23,-0.11690615,0.023566298,-0.012040383,0.041961007,-0.0056072962,0.020514993,0.035507515,-0.009727763,0.01994208
2019-04-24,-0.19378619,-0.016067188,0.009689818,0.017558554,-0.07799252,-0.05595794,0.046594214,0.002802386,0.055583473
2019-04-25,-0.18122849,0.0012647362,-0.0007105383,0.024732124,-0.043320067,-0.08521834,0.08739591,-0.0042699943,0.04983085
2019-04-26,-0.29897597,-0.050970245,-0.008473356,-0.019710211,-0.11935349,-0.11236203,0.09105867,0.026396085,0.09787971
2019-04-29,-0.17206484,-0.013090616,0.012215751,0.008736473,-0.069244795,-0.09696753,0.0574314,-0.0057288706,0.01309582
2019-04-30,0.06393924,-0.0011948933,-0.022552297,0.019026129,0.050607536,0.047872804,-0.047441904,0.002662222,-0.028071392
2019-05-07,-1.3139107,-0.117300294,-0.0072149383,-0.060203668,-0.4631997,-0.4324178,0.51254344,0.032355737,0.411815
2019-05-08,-0.19943573,0.0035040246,0.01710113,0.012545746,-0.08014662,-0.060429294,0.0737504,0.0031667936,0.049165502
2019-05-09,-0.44411162,-0.048263807,0.018111868,0.012682934,-0.15641667,-0.11352495,0.13189903,-0.013711134,0.12342751
2019-05-10,0.06972212,-0.014128541,0.0072909626,0.009630636,0.024065856,0.011571172,-0.025697807,-0.0069495,-0.04653465
2019-05-13,-0.32272252,-0.04847391,-0.016570034,0.00077288767,-0.11388637,-0.09472348,0.12428063,0.020753844,0.12862411
2019-05-14,0.59152955,0.056362767,0.018108275,-0.050700266,0.19137667,0.15174066,-0.17313255,-0.009653787,-0.14568838
2019-05-15,0.54783857,0.062158577,0.0085285455,0.029855827,0.18595432,0.15733647,-0.20672727,0.0036988463,-0.16308318
2019-05-16,0.43542042,0.051594958,0.0043707695,0.013803259,0.16398333,0.14016213,-0.16288796,-0.03318816,-0.14360198
2019-05-17,-0.6565357,-0.046937056,0.014533142,0.016053598,-0.21230073,-0.22145128,0.2034374,-0.010225084,0.20199542
2019-05-20,0.05261968,0.015687848,-0.01886764,-0.056669325,0.008009793,0.0293367,-0.0038214072,-0.00033942267,0.004717333
2019-05-21,-0.003804327,-0.010266255,0.00067669235,0.00015050049,0.01792502,0.0004186056,0.0058786417,-0.0036900488,0.007707351
2019-05-22,-0.5674772,-0.047562234,-0.00029757002,0.0019394818,-0.18932226,-0.20656529,0.17165644,0.007668268,0.16683799
2019-05-23,-0.7436091,-0.08977596,0.0077439793,-0.027849223,-0.25689346,-0.24726929,0.22256577,-0.0040359055,0.24155246
2019-05-24,0.5172258,0.0523149,-0.0032146876,-0.015214298,0.18401937,0.15920508,-0.19815525,-0.043321144,-0.1414904
2019-05-28,0.5309715,0.071046904,-0.008730059,-0.013876862,0.20416585,0.1940236,-0.19673607,-0.037290167,-0.16594428
2019-05-29,-0.13092445,-0.0036604223,0.008130552,0.00532844,-0.051982183,-0.09353908,0.042557396,0.015306757,0.0069216047
2019-05-30,-0.106172875,-0.007417018,-0.017656634,-0.03894509,-0.028653996,-0.049762215,0.047143318,0.0060559283,0.045276422
2019-05-31,-0.7970731,-0.10492258,-0.0036656696,-0.031205278,-0.2856696,-0.23287654,0.25616524,-0.0055923425,0.24296196
2019-06-03,-0.40177262,-0.057416752,-0.043840658,-0.045987613,-0.17350793,-0.1272261,0.2298619,0.05016331,0.08907718
2019-06-04,0.11692963,0.026820997,0.010944038,0.007747515,0.03856705,0.030200513,-0.052066766,0.0060600066,-0.019018162
2019-06-05,-0.99915093,-0.08368274,0.013443909,0.010412412,-0.31095994,-0.35460162,0.30755994,-0.027206646,0.2806263
2019-06-06,0.5709077,0.028485563,-0.0011084493,-0.0044614677,0.18052271,0.18718646,-0.19687451,-0.00018979191,-0.15330787
2019-06-10,-0.1880153,-0.01876698,0.0030408327,0.011132925,-0.07130853,-0.022804067,0.040843025,-0.014139738,0.019933233
2019-06-11,0.36023057,0.030575916,-0.015914887,-0.013633299,0.14535064,0.12410489,-0.13189925,-0.005389924,-0.082298525
2019-06-12,-0.21775213,-0.016247574,-0.018885095,-0.013706123,-0.08333548,-0.08310171,0.088547245,0.021062205,0.06544347
2019-06-13,0.45075735,0.029463591,0.002361075,-0.021513687,0.13545224,0.11674609,-0.13950062,0.0076026404,-0.08430239
2019-06-14,0.004069792,0.02128867,-0.008151896,0.0131835,0.009141587,-0.009345471,0.0038514375,0.009145863,0.034882717
2019-06-17,-0.09648318,-0.006826486,0.01700373,0.010471882,-0.059602935,-0.078416295,0.0074659144,0.012417077,0.006509623
2019-06-18,0.5053721,0.048913166,-0.008840851,-0.048535317,0.15682976,0.21401064,-0.15528946,0.013267483,-0.13282865
2019-06-19,-0.19351503,-0.019432563,0.005979649,0.008494939,-0.06919452,-0.060349956,0.09041388,-0.0029081623,0.037405103
2019-06-20,0.88729316,0.07686885,0.0068408907,-0.03674298,0.2877156,0.3041886,-0.25920504,0.02025157,-0.18017364
2019-06-21,-0.22669956,-0.03175987,-0.00090430107,0.022423005,-0.08840223,-0.03794264,0.0829918,0.00063129433,0.026585141
2019-06-24,0.3957137,0.017246708,-0.009147022,-0.031328052,0.15079127,0.10149526,-0.10436958,-0.011852347,-0.095139995
2019-06-25,0.34858364,0.03144283,0.00711611,0.028483538,0.1356154,0.13114744,-0.13471553,-0.014164904,-0.103531264
2019-06-26,0.240131,0.045020375,-0.004791761,0.03931781,0.091723084,0.08778819,-0.057052255,-0.01617901,-0.06813778
2019-06-27,-0.1527715,-0.024023568,0.00033024713,-0.010718127,-0.07968862,-0.04038418,0.04879566,0.0031056232,0.06562735
2019-06-28,-0.022646343,-0.012724281,-0.0022930973,0.022491947,-0.04297883,-0.0062065544,0.038963128,0.021377936,-0.023926254
2019-07-01,-0.6707136,-0.032825664,-0.021657301,-0.050966427,-0.17587419,-0.21558116,0.26882884,-0.0021368982,0.05453506
2019-07-02,-0.7209007,-0.088286914,0.002907026,-0.0035755401,-0.23282532,-0.26551813,0.22968338,0.0016973021,0.22916372
2019-07-03,0.76287144,0.042847972,0.037083257,-0.04324722,0.2548808,0.2133251,-0.25227898,-0.025840955,-0.1601052
2019-07-05,-0.43752348,-0.0039354176,0.030384483,0.015630053,-0.1337091,-0.1395034,0.10972871,-0.035611097,0.15435573
2019-07-08,0.0015164195,-0.0032905992,-0.0035345585,-0.030366225,-0.025673743,-0.0032546709,0.028709682,0.0052123927,0.020579496
2019-07-09,-0.072968595,-0.010742057,0.004029399,-0.0050564185,-0.019611206,-0.029515302,0.021733623,0.016595379,0.015834386
2019-07-10,1.104692,0.09062099,-0.0147419255,0.008190743,0.32831225,0.35525587,-0.35785076,0.01176786,-0.30057275
2019-07-11,0.05524626,0.0007293437,-0.012256622,-0.015376532,0.017185062,-0.008156703,-0.010354118,0.0031914695,-0.020652082
2019-07-12,0.22031987,0.027471716,-0.0029381257,-0.0019192131,0.061050992,0.07355148,-0.0648113,0.00965571,-0.04038326
2019-07-15,0.052422777,0.008575353,0.045026395,0.00017201288,0.0019926126,-0.0094770305,0.014980196,-0.030826798,0.0119718565
2019-07-16,-0.38322538,-0.053267337,-0.009893158,0.007711223,-0.12025699,-0.10767665,0.11236282,0.014639411,0.115776345
2019-07-17,-0.08817485,-0.01934083,0.012291995,-0.017440138,-0.057270296,-0.0379372,0.016621772,0.026234796,0.08007469
2019-07-18,-0.46013963,-0.052210916,0.009032356,-0.01910212,-0.17906454,-0.15794098,0.15424505,0.019969987,0.12717514
2019-07-19,0.39044225,0.045283463,-0.008303251,-0.02261549,0.08743941,0.13034737,-0.13934012,0.013881799,-0.10331047
2019-07-22,-0.2561662,0.008663313,-0.0053287614,0.02211585,-0.07329773,-0.0784349,0.10359979,0.0068001435,0.09217024
2019-07-23,0.33632645,0.0063668136,-0.012927161,-0.003941276,0.12485702,0.08338346,-0.08232364,0.008790914,-0.08135792
2019-07-24,0.28745282,0.011786241,-0.012924958,0.0019860382,0.08386807,0.10541775,-0.08565898,-0.005169511,-0.08590435
2019-07-25,-0.3288318,-0.017861895,0.0017025459,0.020841489,-0.10129018,-0.08846326,0.08901804,-0.013590561,0.055989586
2019-07-26,-0.17617083,-0.015115045,-0.0072217593,0.008245125,-0.06448362,-0.070551574,0.06135846,0.000143752,0.04641622
2019-07-29,0.28555685,0.035562128,-0.008948043,-0.014067417,0.09491908,0.10468695,-0.09064138,-0.008826186,-0.1019172
2019-07-30,0.010076979,-0.004380434,-0.015950123,0.0041528004,0.020937905,0.020158092,0.032832135,0.012472082,0.018600961
2019-07-31,-0.14879416,-0.014110869,0.031315327,-0.00850797,-0.046649426,-0.014640602,0.10112536,-0.04131251,0.06669788
2019-08-01,-1.3436514,-0.14418967,0.032976694,-0.03816684,-0.45270827,-0.48009598,0.40572414,-0.04905885,0.33534864
2019-08-02,0.034686167,-0.0009171216,-0.00013302865,0.006877187,0.007291149,-0.038125332,0.045873135,0.02989906,0.028786812
2019-08-05,-0.504945,-0.059352256,-0.006703644,-0.022590488,-0.20031534,-0.20048797,0.19972193,0.032551628,0.19472206
2019-08-06,-0.2656927,-0.020532373,0.01157961,0.0011480601,-0.09898918,-0.096357256,0.08943625,0.003445377,0.09706957
2019-08-07,-0.33325553,-0.114393145,-0.008605842,-0.078724,-0.20713365,-0.15868019,0.15321773,0.0827688,0.18626198
2019-08-08,0.81321454,0.04844149,0.017230961,-0.007269084,0.2246028,0.22410983,-0.24102439,-0.013948507,-0.26702413
2019-08-09,0.23527707,0.027101317,0.0022575713,0.006129616,0.04763183,0.06347225,-0.07846889,0.0030891178,-0.094145186
2019-08-12,-0.26685473,-0.041156106,-0.0012947976,0.0011713536,-0.12260613,-0.09908649,0.12574676,0.028220726,0.030021582
2019-08-13,0.514067,0.035587102,0.0072458275,0.0155230705,0.1616949,0.20007178,-0.1561958,-0.02309589,-0.18898077
2019-08-14,-0.67881787,-0.06413626,-0.038128577,-0.054426804,-0.24173601,-0.18857327,0.20873152,0.027222881,0.23271646
2019-08-15,-0.25107756,-0.041496523,0.015974047,-0.016527425,-0.086505175,-0.13401964,0.13912404,-0.030554244,0.092275955
2019-08-16,0.17191057,0.02920652,-0.0113908155,-0.013876344,0.07173332,0.05135368,-0.05935392,-0.020053014,-0.055437163
2019-08-19,-0.15358625,0.00565007,0.0056057735,0.014451702,-0.051926307,-0.03276527,0.044726685,-0.0049362723,0.015024908
2019-08-20,-0.0056703696,0.007552345,0.0016655736,0.0063681174,0.010819533,0.0010738843,0.011939521,0.0076776356,0.031636346
2019-08-21,0.29039013,0.029700616,-0.0010188044,0.045497503,0.120805316,0.08116077,-0.11360775,-0.027446367,-0.0972376
2019-08-22,-0.36634547,-0.031562272,0.0024353894,-0.008400535,-0.1278941,-0.12272528,0.12895349,-0.0025083304,0.120148644
2019-08-23,-0.3480313,-0.060863614,-0.013697767,-0.018752674,-0.12268338,-0.11950578,0.12966901,0.02109761,0.17126279
2019-08-27,0.29523826,0.03272864,-0.0040181307,-0.040312555,0.0925183,0.097676426,-0.081061974,0.042523947,-0.048086856
2019-08-28,0.68004555,0.07545865,-0.007240267,0.01469706,0.20988978,0.20922874,-0.17806105,0.014023413,-0.18597561
2019-08-29,0.20768884,0.01650352,0.004230595,-4.8581463e-05,0.040416602,0.02914006,-0.038320664,0.0057646227,-0.07616064
2019-08-30,-0.27364755,-0.006486801,0.028092185,-0.02312829,-0.13198875,-0.10707357,0.124489084,-0.010525698,0.13697526
2019-09-03,-0.27655554,-0.033233207,-0.0027854126,-0.101201765,-0.1288759,-0.13113356,0.18503785,0.0684897,0.117535256
2019-09-04,1.1033041,0.12644854,-0.0006000907,0.008956679,0.38623932,0.40051976,-0.37755796,-0.028457304,-0.33847612
2019-09-05,-0.23407157,0.0058386736,0.0050062104,0.021040995,-0.03759253,-0.022384023,0.013087405,-0.06281815,-0.02028282
2019-09-06,-0.2955035,-0.013185272,0.012996536,0.040355742,-0.09463415,-0.089513354,0.097539544,-0.023610728,0.029132161
2019-09-09,0.29965925,0.051503744,0.0050144717,-0.006261674,0.09904813,0.11453489,-0.066906996,-0.008864905,-0.06429737
2019-09-10,0.29663858,0.03908423,0.0063551525,-0.00051848125,0.13501,0.07579802,-0.12584989,-0.015779985,-0.08517773
2019-09-11,-0.31607008,-0.04891026,-0.007559604,-0.001035736,-0.08959488,-0.11829852,0.10036414,0.00022884092,0.084215656
2019-09-12,0.33348903,0.03457148,-0.007090724,-0.009143645,0.061233725,0.08273659,-0.10596654,0.028364338,-0.062603496
2019-09-16,1.6600696,0.2192201,0.022363001,-0.02111007,0.6353936,0.5671257,-0.47956565,-0.024875775,-0.41833073
2019-09-17,-0.98666817,-0.13079311,-0.013289924,-0.050816916,-0.34138393,-0.35438216,0.34178126,0.03125649,0.27310875
2019-09-18,-0.3464097,-0.043172754,-0.009480776,-0.0031194882,-0.1234066,-0.10348738,0.0918117,0.0068187066,0.111805625
2019-09-19,0.19494419,0.026637338,0.0026921404,0.01250839,0.0817791,0.07008577,-0.0716554,-0.018234076,-0.07329659
2019-09-20,-0.14068718,-0.014206653,0.01074338,0.0052156993,-0.046252932,-0.03406616,0.067913145,-0.020435346,0.068001434
2019-09-23,0.5026055,0.026708819,-0.017670332,-0.061633024,0.18397525,0.15856111,-0.1522617,0.025720363,-0.078082375
2019-09-24,-0.40499067,-0.052441057,0.0022772567,-0.008714847,-0.1615775,-0.13987294,0.13521458,0.010740115,0.11913428
2019-09-25,-0.4305738,-0.012686126,-0.0007413006,0.020699086,-0.11638104,-0.13548782,0.08559069,-0.026764108,0.05167271
2019-09-26,-0.082580686,-0.012583452,-0.01572015,0.038828492,-0.009791239,-0.023772012,0.02906901,-0.009946853,-0.0040407376
2019-09-27,-0.10403166,0.004138097,-0.0015562831,0.017049285,-0.030547773,-0.0041631046,-0.001829471,-0.013407295,0.013045789
2019-10-08,-0.2588639,-0.05927677,-0.0825073,-0.07996385,-0.033453517,-0.14614478,0.059973005,0.09683591,0.123161696
2019-10-09,0.19093715,0.019975621,-0.012499869,0.01803636,0.065802716,0.076447465,-0.05861274,0.0026002615,-0.04413441
2019-10-10,0.20587263,-0.0035044288,0.003049829,0.03167535,0.04523067,0.07922307,-0.07616827,-0.021832457,-0.123116106
2019-10-11,0.5212955,0.075537875,-0.007988804,-0.0082722865,0.19539204,0.16115247,-0.18949902,-0.030978113,-0.13994728
2019-10-14,-0.38766748,-0.04995811,-0.0053511835,-0.033791903,-0.14883043,-0.11411573,0.09811628,0.022982346,0.112873346
2019-10-15,0.05736937,2.0508434e-05,0.013281906,0.060661066,0.0009188017,-0.01901562,-0.023520308,0.0046133343,-0.041182913
2019-10-16,0.10007107,0.01218431,-0.007195489,0.028660303,0.04609226,0.013776683,-0.013362128,-0.0010003883,-0.0046411413
2019-10-17,0.1439618,0.019709341,-0.011152041,-0.031278472,0.047429606,0.054802217,-0.048448756,0.00076739036,-0.023185382
2019-10-18,0.13179988,0.008331841,0.0014968304,-0.010509664,0.032304063,0.07390595,-0.049299967,-0.0054751406,-0.07850411
2019-10-21,-0.28347716,-0.015513365,-0.014763688,-0.0063011986,-0.08060256,-0.06953521,0.05859115,0.009944827,0.046449177
2019-10-22,0.19459659,0.030319288,0.0304852,0.04702673,0.03196535,0.0048547126,-0.025461942,-0.016693639,-0.054249972
2019-10-23,0.5054418,0.048010252,-0.0048050666,-0.01363855,0.14754194,0.19759734,-0.15672562,-0.0015950352,-0.13782856
2019-10-24,0.36036426,0.00850919,-0.0077518467,0.00407347,0.1121725,0.09776926,-0.09214479,0.021696277,-0.08170479
2019-10-25,0.157874,0.008542383,0.0018887349,0.004280288,0.060993843,0.06427222,-0.055538874,-0.0072822496,-0.032221965
2019-10-28,-0.18191487,-0.015164588,0.0038430307,0.012499047,-0.04875146,-0.05396331,0.025293078,-0.008145792,0.035189286
2019-10-29,0.1255292,-0.00040503475,0.014814947,-0.004348833,0.015606287,0.024967127,-0.031785037,-0.008551542,-0.01650993
2019-10-30,-0.05346531,-0.015823185,0.013800888,0.003945517,-0.046501003,-0.05082035,0.038623832,0.0024336763,0.04713645
2019-10-31,-0.41032597,-0.04570995,-0.0017466734,-0.012328296,-0.15506847,-0.13462934,0.15187831,0.022602167,0.1611434
2019-11-01,0.8239683,0.058147684,0.003974766,-0.020248286,0.30451265,0.24403268,-0.27815378,-0.029088462,-0.24348463
2019-11-04,0.24000151,0.015055542,0.012509531,0.00787785,0.06338972,0.0742245,-0.08697706,-0.0010300992,-0.083038434
2019-11-05,-0.11864344,0.015418519,0.020882534,0.0022190327,-0.055871323,0.0020519858,0.006998393,-0.02470531,-0.0035603154
2019-11-06,-0.39986023,-0.0367994,0.0034061328,-0.004020588,-0.14150211,-0.15122917,0.1724505,0.0015981327,0.12172848
2019-11-07,-0.17956719,-0.021383982,0.01809045,0.0063022287,-0.0667565,-0.045971308,0.027790856,-0.013900085,-0.006339348
2019-11-08,-0.23619096,-0.016050708,0.006685843,0.0246397,-0.054931,-0.10571449,0.07760791,-0.0152021265,0.07779422
2019-11-11,-0.5346651,-0.031143125,-0.03025015,0.023287717,-0.1477612,-0.14057821,0.15109938,-0.0034560764,0.122486435
2019-11-12,-0.108564146,-0.0028401301,-0.014249014,-0.003636156,-0.029559229,-0.017161181,0.022684263,-0.005113126,0.039872132
2019-11-13,-0.17690001,-0.018249474,0.001435151,-0.017946392,-0.068702586,-0.047681335,0.077311926,0.0216596,0.07589695
2019-11-14,-0.027127527,-0.008499522,0.005328108,0.0013595563,-0.028736422,-0.030858088,0.04305834,0.014733393,0.050538614
2019-11-15,0.19994958,0.027220491,0.0011996364,0.0042843358,0.027042963,0.047833186,-0.039077587,0.017884612,-0.06964574
2019-11-18,-0.51888055,-0.06343015,0.0024930125,-0.015088745,-0.19376405,-0.15633814,0.16234249,-0.007332242,0.13979708
2019-11-19,-0.18401538,-0.043950204,-0.013838094,-0.0227873,-0.1012558,-0.03831089,0.034087215,0.013266822,0.04329044
2019-11-20,0.3330857,0.038408577,0.010880844,0.0030701759,0.10602376,0.124320745,-0.0906095,0.002413158,-0.123766035
2019-11-21,0.13338833,0.04707322,0.0037157221,0.009420347,0.076584674,0.034867786,-0.039737064,-0.0021699353,-0.05940822
2019-11-22,0.0724114,-0.018116325,0.016502826,-0.026456868,0.010499172,0.009892106,-0.022505265,-0.013645898,0.013238917
2019-11-25,0.060719512,0.0038138016,-0.0026298703,-0.0171034,0.015099245,0.012286747,0.0073570884,-0.008360683,0.0019331638
2019-11-26,0.29763347,0.013346338,0.00022784476,0.0017176903,0.10596347,0.12505189,-0.10161828,-0.011971684,-0.068276495
2019-11-27,-0.22819285,-0.017988099,0.026018474,-0.00795558,-0.0782451,-0.06541598,0.056439184,-0.024866758,0.0752119
2019-11-29,-0.5968273,-0.060159788,-0.0065102386,-0.016306182,-0.20136204,-0.19799283,0.17668779,-0.011818171,0.2107825
2019-12-02,-0.21052583,0.0039475383,0.00119895,-0.035922416,-0.055235118,-0.07956864,0.114186764,0.0023676096,0.031683464
2019-12-03,-0.13311811,-0.02365319,0.011215107,-0.01096154,-0.09554202,-0.09223942,0.104206055,0.056580003,0.089666225
2019-12-04,0.39676428,0.053088725,0.0033999402,0.030061815,0.14361374,0.1627869,-0.15655424,-0.034063112,-0.15777943
2019-12-05,0.14172569,0.022472825,0.01411562,-0.0008682594,0.04270353,0.052095972,-0.039429024,-0.005832111,-0.020656044
2019-12-06,0.33066112,0.0295776,0.01578295,0.03076866,0.07517122,0.10997804,-0.13130002,-0.025405277,-0.1476159
2019-12-09,0.109517395,0.0010490826,0.0029318298,-0.005080859,0.017543636,0.042994242,-0.055424247,-0.0033888489,-0.05067344
2019-12-10,0.34386212,0.031332303,6.643349e-06,-0.012609267,0.08702753,0.12106162,-0.079124525,0.009506945,-0.09851355
2019-12-11,-0.067423545,-0.018965388,0.0030801108,-0.020611057,-0.061262816,0.0016577159,0.02384881,0.0040631066,0.036481816
2019-12-12,0.6780343,0.04658388,0.00787823,-0.028307637,0.2314775,0.18225794,-0.19975379,-0.008585108,-0.17163225
2019-12-13,0.23089045,0.017879551,-0.023915425,-0.0009115646,0.073045425,0.0737259,-0.080441,0.019772105,-0.035420176
2019-12-16,0.8930336,0.056374833,0.0074124816,-0.020447567,0.27276608,0.24833365,-0.304852,0.03450711,-0.22224364
2019-12-17,0.12700646,0.008965782,-0.002537583,0.006298211,0.029444706,0.04117819,-0.04291836,0.0003400255,-0.044691812
2019-12-18,-0.07384172,0.0024080055,-0.008074106,0.016834192,-0.004528278,-0.0087173,0.011990988,-0.013104837,0.0015758914
2019-12-19,0.34197146,0.008286922,-0.009921817,0.007842431,0.10623116,0.11263947,-0.10003069,0.0135743795,-0.06962949
2019-12-20,-0.0019772942,-0.0020289142,0.0067006233,0.0007477056,0.013036145,-0.016835092,-0.0045150984,-0.00736087,0.022254987
2019-12-23,0.054065038,0.0074147317,-0.012922582,-0.018945707,-0.0018064696,0.034043584,-4.24499e-05,0.014346385,0.025558162
2019-12-24,0.4017605,0.033898298,0.0028918653,-0.016488232,0.11487712,0.14806217,-0.13033128,0.015219387,-0.071069166
2019-12-27,0.63471806,0.0057366556,0.018400278,-0.029363854,0.18953413,0.17226173,-0.16538532,-0.018960167,-0.14450888
2019-12-30,0.21442415,0.017673045,0.0072010416,-0.015664201,0.04590982,0.0583656,-0.061374336,0.0049595595,-0.029990489
2019-12-31,-0.55471456,-0.05172242,-0.033311497,-0.03279693,-0.1690965,-0.17817043,0.21343704,0.028073587,0.1283138
2020-01-02,0.25101808,0.016022371,-0.00865214,-0.0012453495,0.07476951,0.07538875,-0.100124404,0.00045863877,-0.07305419
2020-01-03,0.22805783,0.014164254,-0.011862737,0.038574256,0.08505288,0.08448447,-0.029324463,0.008584168,-0.020887477
2020-01-06,0.028075691,-0.02850188,-0.010890521,-0.014360654,0.026076771,0.022039907,-0.013698679,0.001045325,0.047562726
2020-01-07,0.023987748,-0.0056415093,0.002980763,-0.020289226,-0.00089597004,-0.0096457,0.008165043,0.013210923,0.010883016
2020-01-08,-0.6387365,-0.06810731,-0.02004779,-0.0048594153,-0.20878948,-0.21021073,0.1772318,0.0047769537,0.15046065
2020-01-09,-0.10981625,-0.019306283,-0.003435395,-0.013162942,-0.049690817,-0.02404605,0.035138533,-0.017057145,0.027208922
2020-01-10,0.23355582,0.004573313,-0.0050273896,-0.016672222,0.061327726,0.085028715,-0.07961599,6.106416e-05,-0.041607752
2020-01-13,-0.33597526,-0.04176586,0.002192921,-0.018661257,-0.11640391,-0.08632341,0.054616902,-0.021189947,0.08936243
2020-01-14,0.08572198,0.0121596195,0.0027533525,0.014115449,0.021961974,0.047232322,-0.03146643,-0.0066375188,-0.033031162
2020-01-15,0.04162607,-0.013512911,-0.0095172655,-0.004585002,0.0019370597,0.026381023,0.017201912,0.004909669,-0.0014263517
2020-01-16,-0.3208173,-0.006144113,-0.011539986,0.032961674,-0.08685805,-0.0636402,0.07791157,-0.016461123,0.05022181
2020-01-17,0.3565906,0.023718782,-0.0066007567,-0.014173701,0.11884338,0.08674063,-0.101362176,-0.00024547533,-0.06004679
2020-01-21,-0.5101434,-0.048521675,-0.01566209,0.02694521,-0.11163154,-0.13709079,0.15275234,-0.027135635,0.11316016
2020-02-03,-2.2823403,-0.3938891,0.048049834,-0.054953787,-0.9034203,-0.89524496,0.8042805,-0.025938755,0.59000087
2020-02-04,0.08320545,0.029621486,0.0066804904,-0.026315352,0.023183681,0.027089043,-0.05289688,-0.005535367,-0.05740787
2020-02-05,0.89500004,0.06169767,0.015979523,0.007985525,0.29203093,0.28130275,-0.2586977,-0.013370262,-0.256933
2020-02-06,0.12085669,0.004684127,-0.0045642243,-0.01653391,0.044311866,0.038889278,-0.04873071,0.020949533,-0.018141985
2020-02-07,-0.35959458,-0.041016586,0.011296627,0.027057178,-0.12784955,-0.12739298,0.13706818,-0.01176199,0.11904322
2020-02-10,-0.36718053,-0.053845212,-0.026559636,-0.036361035,-0.11768555,-0.09024178,0.1127544,0.0131827425,0.08850298
2020-02-11,0.2981755,0.027110945,0.008784527,-0.00034663302,0.07488799,0.11409003,-0.09942733,-0.011482521,-0.09952372
2020-02-12,0.47866297,0.042239446,0.00048611977,0.013912609,0.13814563,0.15462205,-0.1810793,-0.0070669893,-0.14532608
2020-02-13,0.22823484,0.051532723,0.01503412,0.037404627,0.07033108,0.06902752,-0.06175917,0.009865112,-0.050802533
2020-02-14,-0.009251876,0.018048411,0.002063137,-0.0016657476,-0.008381251,0.009942342,0.002071544,0.014921668,0.034416426
2020-02-18,0.4721021,0.0024792086,0.009346145,-0.0049484624,0.10841123,0.14016056,-0.14981148,0.028980719,-0.05869162
2020-02-19,0.46863243,0.052854083,-0.010687617,0.02115283,0.15675968,0.17788084,-0.14384137,0.006504331,-0.120160624
2020-02-20,-0.29792958,-0.017059956,0.008297076,0.0011069315,-0.08119022,-0.08968719,0.09452464,-0.023846088,0.09590539
2020-02-21,0.080189645,-0.03496535,-0.0062243226,-0.015655179,-0.025935635,0.0053087035,-0.013828079,0.048987783,0.0042542345
2020-02-24,-1.1919694,-0.1289996,0.001770809,-0.027662458,-0.41482902,-0.3910944,0.38305,0.0011197815,0.3508316
2020-02-25,-0.821393,-0.034897532,0.033472855,0.013497509,-0.26910925,-0.27024722,0.22252977,-0.04330399,0.18944125
2020-02-26,-0.81155306,-0.061439574,0.01511746,0.007964763,-0.28411895,-0.28746608,0.24068807,-0.0071603307,0.19987708
2020-02-27,-0.9513173,-0.07108182,0.0044437484,0.007896292,-0.33330715,-0.32030076,0.28262034,0.03425719,0.26167735
2020-02-28,-0.96403205,-0.04196177,-0.03533027,-0.03665711,-0.22850369,-0.2699755,0.2426614,-0.058028817,0.10164389
2020-03-02,1.0606009,0.06357914,0.0013517403,0.0019364125,0.31083414,0.33689842,-0.33491117,0.028745621,-0.2828676
2020-03-03,0.37365124,0.0062852046,0.004531753,-0.030160256,0.07533988,0.07657455,-0.07194586,0.047190033,-0.029538754
2020-03-04,0.14113945,-0.0017381595,-0.0028257512,0.004070078,0.03211286,0.015193387,-0.04936809,0.009046105,-0.056945823
2020-03-05,-0.4438616,-0.057037275,0.013586385,-0.009471761,-0.1278781,-0.16144808,0.15906094,-0.035727747,0.13605781
2020-03-06,-1.563448,-0.21241425,-0.030153627,-0.012635032,-0.6135906,-0.5882785,0.52875435,0.089120105,0.41479897
2020-03-09,-2.157143,-0.34914473,0.007652328,-0.04800437,-0.8701319,-0.8015622,0.7533051,0.016482703,0.58064383
2020-03-10,1.1530724,0.18030804,-0.009539727,-0.023647511,0.3920204,0.36503023,-0.32731053,0.04290972,-0.30789816
2020-03-11,-0.8001368,-0.05231739,-0.030894354,0.010564384,-0.2424698,-0.26285473,0.2722824,0.020309987,0.17666386
2020-03-12,-1.9624367,-0.13580202,-0.06348115,-0.09841048,-0.69859,-0.66209406,0.6000795,-0.00042275243,0.38648766
2020-03-13,-0.8289857,-0.02075693,0.06459315,-0.036052614,-0.14989732,-0.23138608,0.16263263,-0.22112238,0.061756045
2020-03-16,-2.2441475,-0.22469454,-0.025640022,-0.08866911,-0.81817067,-0.8411089,0.6949803,0.0004615788,0.4746417
2020-03-17,-0.5869114,-0.14477946,0.010033096,0.027051609,-0.22397889,-0.22909111,0.2128549,-0.0006355171,0.16469139
2020-03-18,-2.166528,-0.2940776,0.045769066,-0.104628555,-0.7062104,-0.7916639,0.69062066,-0.10497967,0.5046079
2020-03-19,1.55988,0.27066267,-0.0498884,-0.044956494,0.5511782,0.5534356,-0.49149093,0.05905984,-0.4509587
2020-03-20,-0.4744967,-0.11258503,-0.04649043,-0.015768245,-0.23642825,-0.22102615,0.19336937,0.13082582,0.20799567
2020-03-23,-0.3676304,-0.031988163,-0.11033711,-0.33827096,-0.15108076,-0.23790802,0.27468622,0.17159627,0.11562739
2020-03-24,1.5682393,0.105079755,0.0031287589,0.0106662065,0.5137061,0.49761528,-0.41910475,0.07346201,-0.32072183
2020-03-25,0.86320853,0.088800825,0.056405302,0.06723525,0.33000645,0.34031588,-0.36920342,-0.16069035,-0.35753772
2020-03-26,-0.91546446,-0.116934754,-0.002160686,0.059767388,-0.2986977,-0.30946386,0.2706804,-0.017112806,0.2522275
2020-03-27,-0.59369594,-0.05824713,0.013357261,0.015106463,-0.12114218,-0.19400117,0.17207381,-0.06250363,0.060955748
2020-03-30,-1.2129017,-0.19864209,-0.0024945321,-0.020987833,-0.39969385,-0.43354902,0.41354015,0.0036598335,0.24751294
2020-03-31,0.20525928,0.04391249,0.008051093,-0.05001737,0.06340182,0.067659624,-0.0811027,-0.018683251,-0.11133006
2020-04-01,-1.3063743,-0.03706398,0.034955557,0.15781632,-0.48770472,-0.45794004,0.406728,0.04040432,0.48562774
2020-04-02,1.6371244,0.1744398,0.0060612136,0.02047524,0.53377825,0.5392891,-0.5355007,-0.0022508479,-0.44233215
2020-04-03,0.9267984,0.12515509,-0.020796489,0.07392575,0.26714984,0.30752826,-0.2746443,0.028132187,-0.20951614
2020-04-07,0.19227543,-0.058957588,0.05088699,0.006861513,-0.035284318,0.028573455,-0.032271404,0.03771795,0.14004728
2020-04-08,0.1546602,0.02696902,-0.0010368226,0.04215929,0.069034725,0.07813128,-0.058513325,-0.0455538,-0.056626216
2020-04-09,0.23270135,-0.0893435,0.013307583,-0.03902654,0.025740152,0.0623174,-0.054017115,0.008087077,0.08711457
2020-04-14,-0.35331967,-0.1731919,-0.0042996234,-0.01045061,-0.16145833,-0.124601535,0.1260575,0.07826705,0.07251595
2020-04-15,-0.933591,-0.13519701,-0.028053787,-0.09765311,-0.24722585,-0.29898217,0.28844735,-0.048784345,0.077038564
2020-04-16,-0.017260158,0.02526109,-0.023042632,-0.04225784,0.05223985,-0.008526325,0.05237493,-0.0092071025,0.049203098
2020-04-17,-0.07939165,-0.02503598,0.012954905,0.06381023,-0.0662202,0.01828765,-0.07145968,-0.020411948,0.06604278
2020-04-22,1.3935196,0.12469767,-0.0051275203,-0.08884523,0.4021438,0.43084735,-0.53919923,-0.09277126,-0.58913994
2020-04-23,0.8428358,0.14197117,-0.027123854,-0.079494044,0.271939,0.32440382,-0.31006047,-0.08716361,-0.4293625
2020-04-24,-0.8442488,-0.12206105,0.01604711,0.06477546,-0.36590257,-0.31236315,0.16092116,0.001359309,0.19669175
2020-04-27,-1.4716537,-0.1658426,0.05011481,0.16253103,-0.53788376,-0.5448395,0.50872266,0.07630166,0.55579746
2020-04-28,0.46637005,0.014840597,-0.0074442327,0.05253972,0.15075873,0.13542816,-0.15128902,-0.0029588272,-0.077601396
2020-04-29,1.2901977,0.20364323,-0.041079577,-0.023751047,0.44203693,0.40099284,-0.4609292,-0.014350836,-0.4989494
2020-04-30,1.4832666,0.22352037,-0.05752047,-0.09913341,0.519256,0.4326819,-0.409774,0.06751712,-0.48078626
2020-05-06,1.1657774,0.23502807,0.04065251,0.051912874,0.50348127,0.42440614,-0.44051185,-0.07460472,-0.39435604
2020-05-07,0.8935854,0.016614232,-0.026227163,0.0091722235,0.30938733,0.29362544,-0.29404324,0.033133075,-0.1959751
2020-05-11,0.3667537,0.0778197,-0.033323914,-0.055036213,0.16752705,0.10475443,-0.11821687,-0.002552539,-0.16545184
2020-05-12,0.04076202,0.030552275,-0.01145663,-0.0067918207,0.034647793,-0.00859359,0.01737879,-0.0053396765,0.014657526
2020-05-13,-0.74394786,-0.030355752,0.019395458,-0.028338406,-0.22734024,-0.26248747,0.29073492,-0.005841542,0.20581326
2020-05-14,1.1628605,0.11625865,-0.0267592,-0.02047504,0.39705324,0.38350427,-0.33322984,0.047093917,-0.2885313
2020-05-15,0.97136676,0.041271865,-0.022055283,-0.058181193,0.34685284,0.3015493,-0.20943265,0.013422996,-0.27825406
2020-05-18,1.6487043,0.22883564,0.011451736,-0.017115537,0.63869315,0.54648936,-0.49827722,-0.018595044,-0.4808921
2020-05-19,0.24566346,-0.011116991,0.015508668,-0.037286617,0.05545702,0.061176416,-0.044011973,-0.0025983772,-0.046492197
2020-05-20,0.7234826,0.086979166,-0.01345497,-0.011679144,0.19594015,0.2780223,-0.24758793,-0.011835367,-0.20455284
2020-05-21,-0.7043449,-0.022232106,0.036203668,0.015860906,-0.21008241,-0.22400935,0.16323474,-0.05735269,0.16879678
2020-05-22,-0.5343061,-0.056326583,-0.032276507,-0.018626845,-0.14978632,-0.18906793,0.20671575,0.0441894,0.15098721
2020-05-26,0.5485761,0.084939465,0.017610481,-0.010808018,0.16614488,0.18403506,-0.19423355,-0.023228632,-0.19897437
2020-05-27,-0.7183164,-0.08216006,0.0019800342,-0.055370342,-0.2629049,-0.26705536,0.25896338,0.026160745,0.26711613
2020-05-28,0.050210413,0.0024820573,0.0009988532,-0.058181316,0.010223047,0.03760373,-0.034741666,-0.023953715,0.026158543
2020-05-29,0.6976629,0.049106788,-0.03049019,-0.041377503,0.2673844,0.22049108,-0.17141241,0.033582985,-0.20035744
2020-06-01,1.0309256,0.116383545,-0.0030883083,0.036210995,0.3433086,0.3663217,-0.3610547,0.0029573825,-0.2171017
2020-06-02,0.4686968,0.045758836,-0.0094320215,0.04672591,0.13144264,0.14001444,-0.18478988,-0.028821161,-0.21155463
2020-06-03,-0.1283808,0.0005262978,0.0027308355,-0.04187392,-0.0067761275,-0.009116266,0.013891295,-0.060708426,-0.01751219
2020-06-04,0.30197218,-0.002055897,-0.019054275,-0.016225994,0.096648626,0.108981036,-0.11181222,0.008905755,-0.06256428
2020-06-05,0.7628055,0.11419082,-0.010668791,0.052237682,0.26254907,0.2642876,-0.3145161,-0.04143158,-0.3013054
2020-06-08,-0.044158623,-0.044997413,-0.004318302,-0.021765783,-0.059057366,-0.02039295,0.04926001,0.039393865,0.05732755
2020-06-09,0.16476563,-0.003185114,-0.009329264,-0.0055302386,0.031399734,0.07346653,-0.048668925,0.025617586,-0.03695674
2020-06-10,0.33226624,0.038084224,-0.011976663,-0.0228836,0.09852726,0.14476256,-0.1258044,0.011147137,-0.07638126
2020-06-11,-1.2722938,-0.1605298,-0.004166851,-0.049582373,-0.40561175,-0.46633613,0.45026258,0.008975074,0.35336643
2020-06-12,-0.25557658,-0.020201,0.008579395,0.025289739,-0.11098277,-0.083953336,0.058742564,-0.0017875441,0.055117797
2020-06-15,0.29961607,0.032185312,0.0018216975,0.04268756,0.123197936,0.096456215,-0.10950211,-0.00831173,-0.10890085
2020-06-16,0.8567537,0.08668201,-0.007817053,0.021493884,0.3151612,0.27875277,-0.2199499,0.0030058764,-0.20569979
2020-06-17,0.20654494,0.023755196,0.002699293,0.014559476,0.076246865,0.058717944,-0.08669649,-0.0036699867,-0.06510489
2020-06-18,0.07871068,0.02571799,-0.0026145447,0.05204849,0.046474922,0.032443564,-0.054479998,-0.014244333,-0.045688048
2020-06-19,0.63256896,0.04445342,-0.016623061,-0.006999486,0.19442673,0.2109737,-0.17603472,0.018837074,-0.16509576
2020-06-22,0.3888016,0.034315664,0.0040515824,-0.010321565,0.09513867,0.14780019,-0.11570921,-0.0064604534,-0.10138253
2020-06-23,-0.072811574,-0.018566681,0.009012278,-0.022329433,-0.058994345,0.00070004567,0.0490601,-0.0046566813,0.039676372
2020-06-24,-1.3861047,-0.12857305,0.0051824963,-0.030851515,-0.4593172,-0.48592186,0.40420204,-0.016659496,0.36581737
2020-06-29,0.64202183,0.06292171,0.01865643,-0.037344854,0.19695707,0.19474058,-0.18306413,0.010104745,-0.13656583
2020-06-30,0.67677957,0.03246731,0.002948298,-0.048734475,0.21720442,0.1888996,-0.18715009,0.011229916,-0.16224203
2020-07-01,0.45597568,0.059357904,-0.0035702866,0.017261935,0.1911126,0.14851156,-0.192803,-0.038446426,-0.11973295
2020-07-02,0.36197272,0.03550206,0.00737574,0.014192823,0.13624302,0.12578328,-0.11948095,-0.0019131986,-0.07558614
2020-07-06,0.44640958,0.035136905,0.0012129388,-0.020240609,0.096617445,0.10620635,-0.12480277,0.0314139,-0.06829793
2020-07-07,0.41226038,0.007173405,-0.0008914098,0.00903017,0.09933205,0.14099772,-0.12175421,0.004328866,-0.123592
2020-07-08,0.52503246,0.026578713,-0.01286026,-0.049382776,0.19656935,0.20744547,-0.17119981,-0.03889398,-0.13925086
2020-07-09,-0.62342775,-0.023695525,0.0011468427,0.01974655,-0.18471472,-0.20004742,0.13092974,0.0036833347,0.16702594
2020-07-10,0.34683648,0.022472056,0.005210282,0.002001524,0.09626373,0.1408052,-0.113469,-0.0081451805,-0.110524565
2020-07-13,0.14091088,-0.02458989,-0.0035786193,-0.031371325,0.04164536,0.06831711,-0.04356467,0.014539005,-0.036466017
2020-07-14,-0.32427567,0.00066301663,0.030215729,0.008405637,-0.13907778,-0.14769302,0.10502866,0.012384753,0.11540634
2020-07-15,0.49651626,0.018832508,-0.031798687,-0.03658179,0.18470712,0.19387989,-0.12500869,0.017704664,-0.11948744
2020-07-16,-0.060426306,0.0105791865,0.019021228,0.038002566,-0.035996754,-0.068006516,-0.018857697,0.014043155,0.0038978471
2020-07-17,0.007890775,0.00093712995,0.008517389,-0.015885204,-0.04068362,-0.007482969,0.008490825,0.021821495,-0.00064323243
2020-07-20,0.13996415,0.017627947,-0.022578707,-0.012860356,0.069518544,0.05981819,-0.026753224,0.008961941,-0.038867854
2020-07-21,1.2776871,0.101681896,-0.010202274,-0.04343307,0.4347877,0.4376853,-0.34699205,0.03403326,-0.32044148
2020-07-22,0.3582258,-0.020593634,-0.0064398455,-0.10445727,0.09291767,0.060120597,-0.06340136,0.067227066,-0.057016876
2020-07-23,-0.025338704,-0.023291599,0.007304046,0.010500524,-0.049432598,-0.036768515,0.026937876,0.029194256,0.027709953
2020-07-24,-0.20225674,-0.026035171,0.0043969257,0.010792114,-0.07088245,-0.068809055,0.073861286,0.0039841244,0.05008792
2020-07-27,0.45164162,0.010479873,-0.054981,-0.07675015,0.14687347,0.16139923,-0.11661474,0.08980453,-0.05375339
2020-07-29,0.15380475,-0.0067080813,0.009993493,0.020213988,0.023753216,0.05695048,-0.03433945,-0.012464489,-0.0018595163
2020-07-30,-0.6728508,-0.055978063,0.03075042,0.010004087,-0.21828407,-0.23157375,0.16192307,-0.06467099,0.15424986
2020-07-31,0.50614417,0.036244486,-0.024762921,-0.036512747,0.16435952,0.13066931,-0.12770523,0.039778832,-0.109605365
2020-08-03,0.72825915,0.031335417,0.013933256,-0.03688015,0.19128728,0.2011339,-0.18539819,0.025863437,-0.17260653
2020-08-04,0.5106845,0.025512196,-0.026678966,-0.05729613,0.16523638,0.1657528,-0.09074752,0.064106286,-0.075726256
2020-08-05,0.8005877,0.054921795,-0.013130708,0.013412656,0.24904153,0.24676494,-0.21768437,0.028764242,-0.18655184
2020-08-06,0.11623606,-0.02459973,-0.039894577,-0.060786624,0.048611887,0.048614644,-0.014614775,0.062019855,0.044353276
2020-08-07,-1.046131,-0.044876356,-0.0067972383,0.06256845,-0.33467633,-0.36532632,0.33698112,0.024329238,0.28009078
2020-08-10,0.64605176,0.05672381,-0.009347623,-0.07080581,0.21163635,0.21933155,-0.19685644,0.047740594,-0.11071707
2020-08-11,-0.608393,0.0031048367,-0.022264564,0.08487645,-0.17776567,-0.18957412,0.14880739,-0.0193898,0.03916519
2020-08-12,0.3978733,0.031950086,0.004524457,0.0076621207,0.12266312,0.12234757,-0.15511705,0.005949063,-0.13108748
2020-08-13,0.23511952,-0.0013088422,-0.018930692,-0.079697795,0.08563772,0.027993018,-0.0075415336,0.041560743,0.013600077
2020-08-14,-0.30141762,-0.03758947,0.030432401,0.038675576,-0.1298497,-0.088822626,0.070483126,-0.025245408,0.059914444
2020-08-17,0.83609617,0.025834229,0.0016347899,-0.08401454,0.29181123,0.2948769,-0.2591695,-0.018263437,-0.18100369
2020-08-18,0.4758002,0.04045493,0.008827956,-0.026335401,0.14535768,0.17726931,-0.15251318,0.007993741,-0.12608276
2020-08-19,-0.029460693,0.0062685697,0.010202727,0.0028322935,0.015333883,0.019218566,-0.05519822,-0.057285566,-0.06941715
2020-08-20,-0.5547125,-0.032912992,-0.0040071215,0.004760136,-0.14009516,-0.18476689,0.15396984,-0.016524436,0.12525883
2020-08-21,-0.5450154,-0.049488634,0.011284044,0.0010876795,-0.20517121,-0.2062692,0.20625353,-0.007724972,0.15138859
2020-08-24,0.5157615,0.046478968,0.01078584,0.055921696,0.17718269,0.15270005,-0.16535364,-0.00981181,-0.1383574
2020-08-25,0.5609039,0.06918119,0.008819604,0.022956952,0.20374525,0.17868178,-0.18857631,-0.02372919,-0.1938096
2020-08-26,0.17989446,-0.026087135,0.03140158,-0.10851566,0.031108098,0.052385967,-0.030381784,0.0005519089,0.04557212
2020-08-27,-0.14595789,-0.0062922672,0.018221663,-0.043823626,-0.086568676,-0.080470376,0.035388056,-0.013422837,0.016066406
2020-08-28,0.5932388,0.021995183,-0.011097617,-0.01757341,0.17468406,0.1932445,-0.17961024,0.032227717,-0.1289879
2020-09-01,0.4337769,0.037281547,-0.0026679612,-0.08841758,0.13977864,0.11422337,-0.14282826,0.019502282,-0.048986606
2020-09-02,-0.9117295,-0.06471747,0.041366197,0.035112858,-0.31638604,-0.32665125,0.24092057,-0.04164492,0.20037666
2020-09-03,-0.79296577,-0.05835231,0.0025529815,0.019927071,-0.26589873,-0.27710485,0.23843059,0.019189581,0.18921597
2020-09-04,-0.114402875,-0.012551684,0.017018344,-0.023344478,-0.08787392,-0.014408728,0.017293092,0.0060875528,0.053049523
2020-09-08,-1.0790612,-0.13596702,-0.0024795227,-0.06914472,-0.37983572,-0.36760494,0.34518602,-0.0013512917,0.3305249
2020-09-09,0.47291782,0.05915882,-0.011576245,0.009215436,0.14542896,0.1749991,-0.1334554,0.015641468,-0.13129498
2020-09-10,-0.054742996,-0.006288494,-0.0027754828,0.011850814,-0.018284928,-0.058643043,0.039588217,0.014483143,0.04585054
2020-09-11,0.3840161,0.048643157,0.004290877,0.016170561,0.13250193,0.11073228,-0.15399526,-0.010009597,-0.16318445
2020-09-14,0.29100144,-0.026702054,-0.036629774,-0.061398894,0.05773482,0.09594372,-0.06285962,0.05218473,-0.062031243
2020-09-15,0.42121127,0.009288366,0.0063442634,0.0043181493,0.14297721,0.12575817,-0.11874479,-0.019177418,-0.10404833
2020-09-16,0.71575445,0.07592144,0.008737516,0.022619959,0.25203508,0.23000216,-0.24589145,-0.029120415,-0.21424042
2020-09-17,0.20756474,0.03958938,-0.028199276,0.023121456,0.10712819,0.108609684,-0.13815062,-0.006661227,-0.10121125
2020-09-18,0.33805197,0.011082015,-0.021824183,-0.032578003,0.09379003,0.13867596,-0.1396573,0.0027701159,-0.1072313
2020-09-21,-1.7314248,-0.103853,-0.00836072,-0.0010294262,-0.5468316,-0.5541897,0.5071202,-0.04969577,0.37167105
2020-09-22,-0.031072952,0.0070580696,-0.0068295887,-0.007058143,-0.016045263,0.029430795,-0.033815864,-0.0011381308,0.029641636
2020-09-23,-0.58892184,0.018269684,0.00452289,0.09143992,-0.18624274,-0.21832068,0.21467416,0.0177544,0.14794505
2020-09-24,-0.16720343,-0.019673087,0.0028948449,-0.0023863453,-0.05731533,-0.047618035,0.07072526,0.009672405,0.0752708
2020-09-25,0.2447764,0.02346409,0.0030817913,0.031714357,0.088658094,0.075576045,-0.088308915,-0.0090569705,-0.10360671
2020-09-28,0.7346611,0.00032091784,-0.009820859,-0.040031333,0.21723399,0.2116546,-0.2582802,-0.0030178935,-0.23049118
2020-09-29,-0.15383792,-0.041894585,0.010984061,-0.065849036,-0.083757505,-0.079340205,0.08371433,0.0367739,0.13246217
2020-10-12,1.3771476,0.06853715,0.08798927,-0.10704021,0.5557702,0.3467564,-0.41732705,-0.10232248,-0.30864683
2020-10-13,-0.105797604,0.024420887,0.013081805,0.05486974,-0.029422434,-0.07215601,0.031670626,-0.02282707,-0.0347479
2020-10-14,0.4345038,0.040136334,-0.017017048,-0.0012131366,0.15244731,0.15271936,-0.15190813,0.0102513265,-0.09158969
2020-10-15,0.036639623,0.004883003,-0.009021923,-0.050099872,0.021382926,0.044524774,-0.013033323,-0.025157345,0.0068684104
2020-10-16,0.046763677,-0.0019072801,-0.007871433,-0.0017513535,0.029214492,0.023763308,0.014906622,-0.0073220856,0.006179139
2020-10-19,0.023334792,-0.0030967705,-0.0140417935,-0.015390611,0.014079035,0.022315832,-0.021851573,-0.00031824596,-0.005605127
2020-10-20,0.5535641,0.025981698,-0.011549785,-0.04517761,0.13570838,0.17019433,-0.18593189,0.022732591,-0.17113931
2020-10-21,-0.123119,-0.033310536,-0.004187974,-0.04536536,-0.07319956,-0.05065994,0.034084905,0.022703605,0.06332566
2020-10-22,0.15145488,0.04326623,-0.002701522,0.018745536,0.11087392,0.0402445,-0.04961791,-0.040940076,-0.09433047
2020-10-23,-0.08428908,-0.019460265,0.0027049314,0.017801028,-0.059345443,-0.06868916,0.053861815,0.018295348,0.024267886
2020-10-26,-0.74167544,-0.060184367,0.023294229,-0.0010018917,-0.2318529,-0.29525366,0.21615857,-0.020755632,0.19438621
2020-10-27,0.45678267,0.055420306,-0.007272668,0.023388932,0.17125413,0.1670825,-0.12961935,-3.874885e-05,-0.12228492
2020-10-28,-1.3436123,-0.11415903,0.009535928,0.012893092,-0.4351466,-0.42766646,0.44493163,-0.008187133,0.35400936
2020-10-29,-0.75519764,-0.068855666,0.0043493994,-0.02436813,-0.25883162,-0.280192,0.22818534,0.021461591,0.21355207
2020-10-30,0.089608036,-0.0044250563,0.0024966043,-0.0060334117,0.01310238,0.023960546,-0.031213913,0.013840528,-0.005025312
2020-11-02,0.63093257,0.058272492,-0.01940379,-0.023070086,0.21954168,0.25443527,-0.22084333,0.0099480655,-0.11078497
2020-11-03,0.83097726,0.07026669,-0.0012215142,0.00312457,0.2751984,0.27078292,-0.24538332,-0.007335,-0.21645527
2020-11-04,0.64019525,0.10054494,0.008793692,0.035388127,0.23847595,0.21880072,-0.22358766,-0.02987325,-0.22531714
2020-11-05,0.68637174,0.027680768,-0.012566649,-0.035683773,0.20242615,0.20323321,-0.19774327,0.048682217,-0.13939734
2020-11-06,-0.37366852,-0.068944335,0.00019848299,-0.039053913,-0.12779851,-0.10183266,0.0897627,-0.003227507,0.10479841
2020-11-09,0.5439056,0.16245951,0.016583297,0.10983419,0.1716638,0.21886167,-0.20961492,-0.0814252,-0.26780853
2020-11-10,0.9629877,0.07776248,-0.021839935,-0.03748847,0.3012645,0.29718298,-0.29414856,0.044788945,-0.2281652
2020-11-11,-0.050319422,0.01686202,0.04054506,-0.0079485625,-0.015972238,-0.029554546,0.021616869,-0.03686553,0.008459305
2020-11-12,-0.0083448,-0.015469089,0.025937205,0.009719828,-0.0042096255,-0.0048556603,0.02189795,-0.014248571,-0.011446053
2020-11-13,-0.11456568,-0.044965453,-0.0029508583,-0.07298876,-0.071786776,-0.030879306,0.030329773,0.012531916,0.071442686
2020-11-16,0.845827,0.10700147,0.005197789,0.011062335,0.32074618,0.29945147,-0.29682744,-0.04898901,-0.2850322
2020-11-17,0.13517998,0.023765301,-0.0021833058,0.005481633,0.06581327,0.02168894,-0.039538596,-0.0020615736,-0.061358564
2020-11-18,0.6097236,0.08163344,0.015505956,0.026180197,0.23755714,0.19551083,-0.1855989,-0.036467683,-0.2059164
2020-11-19,-0.19781494,-0.012936792,0.004194543,0.0067291907,-0.05840528,-0.055321347,0.0642058,-0.017037537,0.0011736564
2020-11-20,0.49412417,0.035016835,-0.018397626,-0.027047584,0.13911176,0.19884053,-0.17768638,0.022549108,-0.10242487
2020-11-23,-0.04287286,0.053441435,0.014982282,0.050801903,0.0049881563,-0.009977437,-0.004294531,-0.036358107,-0.0034786814
2020-11-24,0.673244,0.09740771,0.011719228,0.03280163,0.24179761,0.25425494,-0.22359753,-0.04353558,-0.23701172
2020-11-25,0.10627531,-0.013686686,0.03944237,-0.018424897,0.022654278,0.01872347,-0.013614756,-0.011047343,-0.016237814
2020-11-27,0.32530585,0.02771382,0.010687924,-0.013672415,0.090757295,0.11519419,-0.15244785,-0.032044932,-0.18485796
2020-11-30,-0.4016329,-0.02535893,0.021089714,-0.011174255,-0.14446373,-0.1308249,0.09242267,0.006167776,0.11159991
2020-12-01,0.2674659,0.004353085,-0.009810513,-0.048416473,0.047699634,0.10806233,-0.051799715,0.050293945,0.068367966
2020-12-02,0.27646676,0.012496896,-0.010250989,0.005016824,0.08724594,0.1384124,-0.096524514,0.005372104,-0.056803353
2020-12-03,0.3901164,0.04126578,-0.0066210655,0.031545818,0.12326443,0.1217485,-0.13926949,-0.0028473968,-0.1581648
2020-12-04,0.33509713,0.019610591,0.0023936315,-0.02922389,0.06143767,0.11426652,-0.07386605,0.007953488,-0.10353958
2020-12-07,-0.030917138,-0.025554672,-0.007171512,-0.017735982,0.0143305855,-0.0030279544,0.010094116,-0.002960483,0.048704695
2020-12-08,-0.25440526,-0.015507218,-0.006679548,0.026320936,-0.066169806,-0.057582114,0.07505896,0.0008028786,0.08399706
2020-12-09,0.18895146,0.040254623,0.015371424,-0.006170036,0.10420555,0.059444804,-0.124981016,-0.089799255,-0.119530655
2020-12-10,0.7573881,0.07326956,0.030528586,-0.015484845,0.24680254,0.25618455,-0.2310602,-0.02190718,-0.1811114
2020-12-11,0.009557683,-0.0018915518,-0.0022679553,-0.016307415,-0.0248189,-0.0037501634,0.034488164,0.019247388,0.03495323
2020-12-14,0.32795545,0.032272942,0.02058179,-0.0022436616,0.10990287,0.07737419,-0.09788161,-0.0146438675,-0.12526025
2020-12-15,0.4060689,0.058499012,-0.017124914,-0.014133999,0.15254669,0.16463949,-0.11807482,0.023367884,-0.06196569
2020-12-16,0.2647002,0.007224434,-0.0069894884,-0.015654044,0.10167755,0.10051585,-0.09687299,0.008851861,-0.049188007
2020-12-17,0.9230433,0.035017397,-0.02223829,-0.054214675,0.3030052,0.2937928,-0.27512902,0.03598694,-0.20967363
2020-12-18,0.32389462,0.05200361,0.0043291547,-0.003176113,0.112423696,0.102943905,-0.12381156,-0.0019895157,-0.08460543
2020-12-21,-0.71584564,-0.06179143,-0.016279886,-0.04417367,-0.22951296,-0.24299929,0.19369757,0.03251063,0.20737009
2020-12-22,-0.52440315,-0.022024283,0.0044051744,0.04034203,-0.17466536,-0.18425141,0.17246892,-0.012616665,0.10150163
2020-12-23,0.8434129,0.07748722,-0.0072988016,0.028146096,0.30243862,0.2815459,-0.27685693,0.007120829,-0.21890734
2020-12-24,0.2750866,0.01328344,0.0015845435,-0.0014584145,0.09751917,0.09641315,-0.08963172,-0.013495777,-0.07529545
2020-12-29,0.14721291,0.032681342,-0.025986744,-0.014607587,0.05372295,0.089518785,-0.08268322,0.019296069,-0.07307656
2020-12-30,0.50789475,-0.0050111236,0.007974996,-0.04686311,0.15964647,0.1583073,-0.13964953,-0.017072517,-0.10179574
2020-12-31,0.08854819,0.018200949,0.01409395,0.02012723,0.0061309715,0.0076547726,-0.028534828,0.00440834,0.0012712235
2021-01-04,0.38500562,-0.028666412,-0.014657602,-0.049856592,0.10452741,0.112758696,-0.09455911,0.05515315,0.012537168
2021-01-05,1.3341706,0.13644588,0.0075425813,-0.024170216,0.47222084,0.46405557,-0.42204338,-0.012777409,-0.36116266
2021-01-06,-0.053410646,0.05252912,-0.011599755,0.04283579,0.01681896,0.03009502,-0.036251053,-0.036327895,-0.058120117
2021-01-07,0.14834863,0.014733186,0.0048996233,-0.008494309,0.041001428,0.06486874,-0.05174917,0.0064350264,-0.046246387
2021-01-08,-0.48359984,-0.0078099114,-0.012775649,0.03642114,-0.13352416,-0.13176958,0.09819762,-0.0076225167,0.0055512893
2021-01-11,-0.40113595,-0.020477459,-0.0031734412,-0.03597055,-0.07219093,-0.13298954,0.1707185,-0.006719273,0.14354643
2021-01-12,0.7896381,0.06947253,-0.019372744,-0.03460174,0.23850615,0.26389483,-0.2683361,0.009870765,-0.21862786
2021-01-13,0.31739148,0.007071308,-0.015299312,-0.00022704502,0.10705531,0.13301161,-0.05995549,0.015433257,-0.08258233
2021-01-14,0.63853616,0.033874057,-0.011452383,-0.054312367,0.19815055,0.21501134,-0.19489768,0.015811225,-0.16752328
2021-01-15,-1.0303098,-0.06115143,0.015257457,0.025394406,-0.3159854,-0.3359699,0.30957747,-0.0348283,0.2608541
2021-01-19,0.016966231,0.0010094622,-0.027223455,0.017155841,0.012410555,0.10544986,-0.013762899,0.0072001424,0.01720168
2021-01-20,0.38266578,-0.0030383007,-0.012074212,0.01471857,0.11917836,0.12708682,-0.099741496,0.03253666,-0.08403322
2021-01-21,0.20634326,0.010580994,0.010457121,-0.004119882,0.05030422,0.0573442,-0.06023104,-0.0038102735,-0.045442007
2021-01-22,-0.75328356,-0.06858997,-0.0017093951,0.02354411,-0.2487638,-0.16880153,0.20974068,-0.033133723,0.1787284
2021-01-25,0.4100784,0.038714573,0.001405064,-0.020594882,0.117460504,0.12700753,-0.13504581,0.0038011181,-0.1127999
2021-01-26,0.29947382,0.03081737,0.0047036405,-0.01657366,0.090402335,0.08118259,-0.10888808,0.0057210666,-0.070886835
2021-01-27,-0.28583783,-0.007569627,0.02048402,-0.00078936416,-0.095963776,-0.10073182,0.10701092,-0.002584394,0.08921107
2021-01-28,-0.22738995,-0.026443504,0.0028526175,-0.012795731,-0.066625796,-0.061610438,0.0516056,0.002939404,0.07452985
2021-01-29,0.26296327,0.02061875,-0.019734133,-0.043351617,0.102399044,0.10036178,-0.08283118,0.013341519,-0.0119243665
2021-02-01,0.8566733,0.07386939,-0.0105148805,-0.0996317,0.274556,0.2314589,-0.17802505,0.07924167,-0.16528669
2021-02-02,-0.3762208,0.020945085,-0.016118186,0.11578278,-0.09247831,-0.07898497,0.08208509,-0.037325572,0.01902968
2021-02-03,0.57022244,0.054090697,0.003915021,0.012548928,0.18450171,0.1606013,-0.17770895,0.008296803,-0.1632709
2021-02-04,0.013227264,0.034377363,0.012305627,0.009742038,0.030726394,-0.02270095,-0.00042048458,-0.038343064,-0.052174453
2021-02-05,0.69830525,0.045702945,-0.0080789905,-0.042392436,0.2336333,0.27715784,-0.21867071,0.009085266,-0.15666124
2021-02-22,1.9841467,0.25870472,-0.00604623,-0.13587819,0.79003257,0.6870053,-0.66175646,-0.039088856,-0.59823775
2021-02-23,-0.008467851,0.025858205,0.024800455,0.020651327,-0.009458347,0.008206506,-0.03925814,-0.017573167,-0.031115057
2021-02-24,0.8855291,0.09631048,0.029188838,-0.053598396,0.30290514,0.3349081,-0.29240793,-0.036238562,-0.23516548
2021-02-25,-0.3041179,-0.0021715236,-0.010280393,0.010180432,-0.06246927,-0.042936485,0.065814905,-0.0008854128,0.030388905
2021-02-26,-1.3911208,-0.084812574,-0.00082219054,0.04210689,-0.4585371,-0.48056942,0.44426984,-0.008470586,0.32624102
2021-03-01,-0.25428724,-0.05599681,-0.03099216,-0.0149064725,-0.11595851,-0.08526564,0.07284182,0.03295926,0.04742925
2021-03-02,0.4690189,-0.012063126,0.009771945,-0.06818696,0.13535921,0.14488137,-0.18042117,-0.009240547,-0.13370493
2021-03-03,-0.55096203,0.022798588,-0.016417254,0.046448916,-0.18548624,-0.12050343,0.14234726,0.018424043,0.110754766
2021-03-04,-0.37590033,0.033808924,-0.033203047,0.08622574,-0.0908887,-0.11664882,0.11276199,0.0042010886,0.036956362
2021-03-05,0.9015195,0.097739995,0.009644432,-0.0015792872,0.29780233,0.309814,-0.3207209,-0.022850659,-0.24721003
2021-03-08,-0.0872525,-0.017865669,0.013480195,-0.008425253,-0.040592525,-0.04889186,0.03199471,-0.013367117,-0.010037011
2021-03-09,-0.05187433,-0.06345227,0.0010857062,-0.00045660872,-0.061360955,-0.080410294,0.05205024,0.055508282,0.058425695
2021-03-10,0.025823064,0.00033623597,-0.004687952,0.011256261,-0.016298553,0.03672415,0.005452154,-0.0033911937,-0.020053778
2021-03-11,0.7476055,0.0547016,-0.0045122607,0.010038907,0.22008027,0.22570378,-0.25862327,0.016907739,-0.21954235
2021-03-12,-0.026659077,0.00955451,-0.0031145639,0.030908091,-0.015014178,0.02379662,0.004557174,-0.0051016835,-0.022493886
2021-03-15,0.0096411435,-0.006229727,-0.007287516,-0.011642627,0.027503107,0.0060794414,-0.0022692373,-0.004343106,0.027956937
2021-03-16,-0.15204047,-0.012120774,0.0022034342,0.014263008,-0.059500393,-0.06616433,0.07240375,0.0040099476,0.05033322
2021-03-17,-0.23213673,0.0013949977,0.008512889,-0.006631898,-0.074781075,-0.07152592,0.031625275,-0.0029256325,0.08180898
2021-03-18,-1.1702309,-0.12641451,0.008241463,-0.011880077,-0.39603013,-0.37164477,0.35123858,-0.03223171,0.28901076
2021-03-19,0.41527897,0.036869355,-0.0014996101,-0.020676259,0.12578581,0.11356165,-0.14239691,0.006042298,-0.11661777
2021-03-22,0.20247354,0.0051759784,0.026634844,0.040198203,0.03267395,0.04156514,-0.08234353,-0.011801302,-0.12007916
2021-03-23,-1.1001165,-0.11692164,-0.0031125084,0.009899851,-0.37882444,-0.38675,0.34502938,0.00088703673,0.2619341
2021-03-24,0.7660318,0.083790615,0.00892233,0.01635956,0.24944513,0.2531259,-0.22173029,0.0034699503,-0.18758051
2021-03-25,-1.247663,-0.071138896,0.007983389,0.04788315,-0.4191374,-0.40810588,0.40416992,0.021778772,0.36962903
2021-03-26,0.9066403,0.116877146,0.00071228505,0.0174454,0.3408218,0.3524166,-0.28795394,-0.032964244,-0.21584108
2021-03-29,-0.24437167,-0.019872332,0.0025836779,0.016335258,-0.081589505,-0.08916755,0.0830172,-0.01696647,0.020961888
2021-03-30,-0.9335628,-0.033390637,-0.010916567,0.040747732,-0.2802471,-0.25930336,0.293961,-0.021840844,0.24411799
2021-03-31,0.6466374,0.020840503,0.0067904326,-0.046290606,0.15764865,0.13154435,-0.21006945,0.032708336,-0.13837163
2021-04-01,0.07562084,0.0037544703,-0.004623989,-0.01795308,0.030945137,0.058561876,-0.006843444,0.029042756,-0.0050601875
2021-04-06,0.5457168,0.0038245283,-0.0049653687,-0.03084497,0.15607806,0.19010189,-0.16739881,0.014037031,-0.14617984
2021-04-07,-0.15534289,0.002333589,-0.010318792,-0.005457765,-0.015964285,-0.0650754,0.061365336,0.0038263153,0.07988999
2021-04-08,0.6219591,0.032325406,0.0038378364,-0.013032844,0.20627992,0.1787699,-0.19469336,-0.0064070183,-0.11880803
2021-04-09,-0.35357505,-0.028158233,-0.015802773,0.0034283588,-0.0874185,-0.10355051,0.113999814,-0.013431295,0.079072915
2021-04-12,-0.7098895,-0.02289168,0.019058125,0.020364802,-0.22483519,-0.1920514,0.19731422,-0.023822403,0.17838411
2021-04-13,0.5928886,0.026930546,-0.0021685914,-0.022222718,0.18519257,0.14700069,-0.1797501,0.023255596,-0.1271004
2021-04-14,1.2409275,0.12952396,0.009671442,-0.033049446,0.42661312,0.41447198,-0.3929537,-0.03178592,-0.35052025
2021-04-15,0.6605539,0.0110422205,-0.022332413,-0.031047642,0.18296437,0.23528859,-0.20079058,0.041480906,-0.15210374
2021-04-16,0.072082765,-0.02934724,0.008025426,-0.011020742,0.005257019,-0.002434647,0.015643183,0.0030390366,-0.0070015
2021-04-19,0.05428176,0.02374487,0.020231608,-0.009356177,-0.008377882,0.023440052,-0.047146145,0.00017798554,-0.028425982
2021-04-20,0.118065044,-0.014381953,-0.004125878,-0.008898072,0.007669154,-0.0055926354,-0.04593123,0.025634987,-0.008326347
2021-04-21,0.54584086,0.0022133903,0.016127838,-0.067825,0.18038654,0.1332279,-0.16638796,-0.0029022382,-0.12711525
2021-04-22,0.37644437,0.032861892,0.004634216,-0.017785314,0.10986398,0.08665922,-0.13123477,-0.007999656,-0.13357365
2021-04-23,0.5535969,0.055626526,0.003106586,0.0057719764,0.16863029,0.18860695,-0.17356786,-0.019653646,-0.1666735
2021-04-26,0.83152837,0.03338572,0.014716347,-0.057194445,0.26801965,0.23899071,-0.289673,-0.013221089,-0.2390486
2021-04-27,0.6391091,0.014689698,-0.015818572,-0.0156694,0.19140904,0.18413204,-0.1831467,0.039527606,-0.14841181
2021-04-28,0.16849938,0.009081499,0.050760895,0.009888135,0.039242804,0.033560056,-0.06425352,-0.037386827,-0.060216017
2021-04-29,-0.14407755,0.023767253,-0.0005892999,0.012693198,0.009803773,-0.022123756,0.039444074,6.5718006e-05,0.081029765
2021-04-30,0.16852619,-0.008545804,0.015302496,-0.009249118,0.042264856,-0.017460952,-0.04318615,-0.016774576,-0.047242958
2021-05-06,1.2073786,0.1004137,0.031596113,-0.11648407,0.47424316,0.38746893,-0.34164295,-0.020095346,-0.279486
2021-05-07,0.5917514,0.03610261,-0.006239334,-0.034830786,0.18250984,0.21661143,-0.2333447,0.00024560638,-0.15474944
2021-05-10,-0.2685602,-0.033837963,-0.017832732,-0.01211561,-0.094079606,-0.05779159,0.07717197,0.005911229,0.056202263
2021-05-11,0.34907722,0.018283244,-0.011149733,-0.023594087,0.11244254,0.11565151,-0.13645795,0.020217555,-0.08648864
2021-05-12,-0.061352577,0.017189609,0.025977045,0.0140750725,-0.028638877,-0.05629687,0.020595018,-0.015471392,-0.0077158194
2021-05-13,-1.1196842,-0.10317595,0.014106334,-0.002182845,-0.42139995,-0.37517223,0.3724787,0.024947358,0.25470915
2021-05-14,0.17214863,-0.01838569,0.009204532,0.0209748,0.035415605,0.046788763,-0.01337937,0.002641898,-0.068533376
2021-05-17,0.570165,0.008952259,-0.016968932,-0.03407137,0.17222995,0.21314846,-0.14111443,0.039520673,-0.13890187
2021-05-18,0.0972855,-0.006424806,-0.010541743,0.014786209,0.05539605,0.027420955,-0.054895055,0.0010493094,-0.024991471
2021-05-19,-1.3241565,-0.12630224,0.012692552,-0.007763248,-0.42220223,-0.4545171,0.45583382,-0.006197049,0.3981289
2021-05-20,-0.4460301,-0.026292082,-0.0037556726,0.030143771,-0.14369677,-0.1563535,0.13345481,0.007033781,0.10725111
2021-05-21,-0.22646199,0.017092295,-0.005947035,0.05459836,-0.047546614,-0.08658074,0.06079443,-0.014189667,0.04840332
2021-05-24,0.54830337,0.063340835,0.0048119123,-0.013711042,0.1826728,0.19867325,-0.16064921,0.0016971771,-0.12373362
2021-05-25,0.07845767,-0.039813172,0.014059816,-0.014698067,0.0031404386,0.030873103,0.011557975,-0.0093949195,-0.06440495
2021-05-26,0.14349431,0.008615327,0.037826333,0.001820288,0.03687538,0.049693923,-0.030702055,-0.020779278,0.0060658245
2021-05-27,0.8727305,0.04562253,0.017996501,-0.042212572,0.30240065,0.25120115,-0.33183402,-0.034246538,-0.23096034
2021-05-28,0.002067559,0.008652076,0.014448609,0.012236175,-0.002507023,0.02539239,-0.00052543316,-0.0041616927,0.02039557
2021-06-01,0.66676277,0.064642355,-0.012651978,-0.039525405,0.22640435,0.18961446,-0.23420829,-0.010929615,-0.2001222
2021-06-02,0.30753082,-0.02308834,0.0121336365,0.00051517383,0.09167053,0.030267047,-0.069473855,0.0032426368,-0.09633693
2021-06-03,-0.94020224,-0.034506205,-0.0063975756,0.020748906,-0.2818229,-0.28840104,0.3091558,-0.017469438,0.22333938
2021-06-04,0.9237664,0.040772427,0.014993346,-0.05706946,0.3019873,0.24688806,-0.28890395,-0.0016502057,-0.24041268
2021-06-07,-0.3082353,-0.02887559,0.0020726596,0.0051384736,-0.11656898,-0.09674749,0.10508971,0.013631874,0.09443268
2021-06-08,0.31181657,0.016316548,-0.00028671767,0.004415674,0.07795819,0.09264413,-0.111466065,-0.00017837301,-0.109201215
2021-06-09,0.10598129,0.015893944,-0.0046529523,-0.0021841372,0.052085508,0.029272936,-0.03040708,-0.0049884077,0.026273979
2021-06-10,0.015532876,0.010780763,-0.009894204,-0.0104072755,0.028436081,0.012588971,0.0022535883,0.0007012345,0.03526112
2021-06-11,-0.27567416,-1.2314774e-05,-0.014985134,0.002812371,-0.08326112,-0.035403322,0.0772233,0.00752818,0.081509694
2021-06-15,-0.80377394,-0.06444559,-0.029463584,0.05380119,-0.24931453,-0.2909817,0.30281088,0.005759865,0.21644463
2021-06-16,-0.16419828,0.013034225,-0.0062406175,0.0017420221,-0.03030756,0.00045220202,0.027106699,-0.009704277,0.095321774
2021-06-17,-1.9196373,-0.08857283,-0.029240366,-0.0014749524,-0.6513539,-0.5559241,0.6244863,-0.028181868,0.4407702
2021-06-18,0.36307457,0.05394746,-0.0064542773,-0.0455505,0.10586548,0.100701906,-0.124417625,0.013994144,-0.092250876
2021-06-21,0.66015536,0.036859274,0.0035648055,-0.0051836264,0.18071792,0.18355851,-0.18861441,0.018064877,-0.19702679
2021-06-22,0.23469754,-0.01783202,0.023218341,0.0053274506,0.06647494,0.051716696,-0.08122383,-0.027201945,-0.073314324
2021-06-23,0.721553,0.0076978584,0.005342463,-0.04500665,0.21277463,0.22680974,-0.2146186,-0.002610652,-0.18469705
2021-06-24,0.00047476916,-0.006197584,-0.0020403229,-0.009282312,0.017587768,0.018554384,0.008895651,-0.023707215,-0.01408958
2021-06-25,-0.17257918,0.003253995,0.013250496,0.014389631,-0.03883706,-0.015686097,0.08705073,-0.017224383,0.08440362
2021-06-28,0.31149504,0.015919605,0.021675486,-0.03769773,0.1146461,0.021572016,-0.10787962,-0.0032245028,-0.0800566
2021-06-29,0.23127718,0.02184022,0.014630455,0.01718986,0.099038385,0.040110506,-0.11917501,-0.029495783,-0.08751327
2021-06-30,0.54937446,0.03256387,-0.01280268,-0.0922018,0.16168825,0.18482429,-0.20949952,0.018449504,-0.149755
2021-07-01,0.08848987,0.022991043,-0.0019971286,0.024172379,0.044154197,0.0096547585,0.0054713455,-0.0024128985,-0.019636659
2021-07-02,0.31358656,-0.007559969,-0.010508219,-0.022140969,0.06022777,0.10702325,-0.07223042,0.042452645,-0.10076807
2021-07-06,-1.1101516,-0.10067125,0.05083117,-0.011051518,-0.34999886,-0.35814613,0.37585184,-0.07923131,0.2754618
2021-07-07,-0.02943457,-0.03372472,-0.0023378883,-0.02210554,-0.050417613,-0.012173882,-0.00039872093,0.019540928,-0.009559368
2021-07-08,-0.1267331,-0.010217308,-0.0002557114,0.019466752,-0.052532453,-0.03474011,0.071267076,0.019658156,0.02837013
2021-07-09,0.69845086,0.07244951,-0.0115503855,-0.005908397,0.23476231,0.27152395,-0.22037578,-0.002465441,-0.18172072
2021-07-12,0.4525353,0.029919622,0.019137317,-0.022709137,0.12857276,0.053807255,-0.10328381,0.018717026,-0.094850324
2021-07-13,0.42985937,0.025612924,0.001912216,0.009447908,0.13241306,0.11593635,-0.13909952,0.010136734,-0.093338564
2021-07-14,-0.038724743,-0.006656579,-0.010285923,0.0058923145,-0.026548423,-0.031287078,0.03318958,0.012551539,0.0232875
2021-07-15,-0.19828025,-0.11789937,0.015257841,-0.03290053,-0.1416639,-0.008375055,0.101614155,0.012483108,-0.048464365
2021-07-16,-0.052328568,-0.016313171,0.0033337886,-0.0030820651,-0.010920155,-0.009157481,0.0053185304,-0.034099065,-0.035926662
2021-07-19,-1.6325884,-0.16488901,-0.002934892,0.030502498,-0.56653196,-0.5958063,0.57047087,0.06051637,0.47199115
2021-07-20,0.679491,0.05332144,0.008692289,-0.021067342,0.20807098,0.19505544,-0.21205325,0.01532126,-0.17061083
2021-07-21,0.6285035,0.08601806,0.0038217383,0.0017591964,0.2307995,0.22403906,-0.17719918,0.0060724574,-0.16420908
2021-07-22,0.56422824,0.06727937,0.025221063,0.013496511,0.19143994,0.186811,-0.16578402,-0.010391887,-0.1550097
2021-07-23,0.06698797,-0.031195763,0.00541761,-0.0025597848,0.011461137,0.03855874,-0.012648378,0.016566487,-0.02418005
2021-07-26,0.59755546,0.08208273,0.016080888,-0.02366438,0.2199038,0.24706195,-0.2438175,-0.013484359,-0.19993065
2021-07-27,-0.41774094,-0.026819225,0.00030453128,0.0372207,-0.12655549,-0.1311121,0.11874051,-0.027242301,0.094940946
2021-07-28,0.31115726,0.024430625,-0.00085047376,-0.0310624,0.12255074,0.104950085,-0.06765899,-0.016802989,-0.06497674
2021-07-29,0.7930801,0.044679783,0.003775832,-0.034291703,0.25800678,0.2455778,-0.23507729,0.017797465,-0.1450166
2021-07-30,-0.49456087,-0.04473704,-0.02056661,0.023420714,-0.14696476,-0.13841933,0.14082915,-0.017270448,0.10176001
2021-08-02,-0.4265686,-0.061908636,-0.048057437,-0.06287112,-0.12619191,-0.14092427,0.14758722,0.035256106,0.12922694
2021-08-03,-0.5084233,-0.037728325,-2.8393615e-05,-0.008576921,-0.15977423,-0.12927192,0.16146417,-0.004642934,0.15909617
2021-08-04,-0.62649673,-0.05798198,0.004629091,0.01335854,-0.19577725,-0.22378084,0.17555532,-0.007500068,0.16734987
2021-08-05,0.30226618,0.03295513,-0.010614525,0.009319944,0.13485605,0.08573793,-0.1377451,-0.013019293,-0.1142449
2021-08-06,-0.50266343,-0.022910833,0.013876641,-0.0057969056,-0.16302136,-0.16310802,0.10920943,-0.044257186,0.07053333
2021-08-09,-0.652834,-0.03995238,-0.0032278374,0.03406689,-0.23557673,-0.21010563,0.1717739,0.0016296072,0.08711496
2021-08-10,0.7915651,0.08281993,-0.016096529,0.014299545,0.26612628,0.2874714,-0.26914933,-0.0017411069,-0.22316778
2021-08-11,0.2431422,0.007838386,0.0016365995,0.024068715,0.098750986,0.095828235,-0.05591505,-0.0030540128,-0.02908458
2021-08-12,0.12648536,0.0047922637,0.0014780116,-0.0012023477,0.024622638,0.04699325,-0.02757773,-0.012751033,0.00052313245
2021-08-13,0.3730596,0.012617818,-0.034791857,-0.023856439,0.12437641,0.15240979,-0.124731995,0.02419311,-0.071440056
2021-08-16,-0.5371128,-0.027223742,0.0075853732,-0.02718446,-0.135431,-0.1703466,0.18955317,-0.077653386,0.12649429
2021-08-17,-0.6456417,-0.023010252,-0.008988704,0.014638204,-0.14929293,-0.20318785,0.22398917,-0.028984625,0.16156632
2021-08-18,-0.4511242,-0.03595395,-0.0050448216,0.03494396,-0.12220408,-0.14349094,0.15545532,-0.008614942,0.12706412
2021-08-19,-1.1868485,-0.09786238,0.015363992,0.0058701965,-0.36938566,-0.41116467,0.39543355,-0.009154986,0.34033903
2021-08-20,-0.49137273,-0.038000945,0.017333476,0.010990276,-0.19833373,-0.1090942,0.15187676,-0.017193643,0.14829953
2021-08-23,1.266966,0.12542133,-0.0059342873,-0.030638441,0.44371378,0.43712866,-0.38281432,0.031492192,-0.30255648
2021-08-24,0.8957739,0.113576666,0.003608612,0.013007528,0.33741525,0.28775325,-0.30946073,-0.027222488,-0.28412014
2021-08-25,0.33932003,0.032388248,0.0060818805,0.026055394,0.13497575,0.12607127,-0.15360643,-0.01769759,-0.13181315
2021-08-26,-0.3389463,-0.015588096,-0.0010393396,-0.0117674,-0.119434796,-0.099365234,0.100734316,0.0061023445,0.09599946
2021-08-27,0.77262884,0.06530423,0.007136316,-0.016680019,0.23605296,0.26748696,-0.2265007,0.010971171,-0.158557
2021-08-31,-0.21621247,-0.03527507,0.011651007,0.025718141,-0.075136304,0.011902403,0.08268532,-0.002252448,0.058411248
2021-09-01,-0.61784697,-0.03160506,0.000434134,-0.04631696,-0.1735325,-0.23951669,0.22135586,0.0017862027,0.18659696
2021-09-02,0.44388774,0.04502207,0.0007823649,0.033400327,0.1486852,0.18084694,-0.15151575,-0.020761356,-0.14241306
2021-09-03,0.35708413,0.006914611,-0.018124724,-0.05722342,0.09426853,0.15725009,-0.09841353,0.026762424,-0.06002799
2021-09-07,-0.6855573,-0.010055763,-0.03972158,0.007435404,-0.18092269,-0.12074538,0.17691241,-0.024478784,0.11268885
2021-09-08,0.044618346,0.022907734,0.020902118,0.038257945,0.04261211,-0.024845794,0.00096432987,-0.012396138,-0.0036303932
2021-09-09,-0.19544658,-0.011571414,0.01181954,-0.0033623853,-0.04599694,-0.02526304,0.046211373,-0.01834492,0.080803014
2021-09-10,0.43640646,0.04134255,0.010078865,-0.031782232,0.14947142,0.19301072,-0.20595177,-0.034261245,-0.16281927
2021-09-13,-0.17387712,-0.0015646601,-0.0033118376,0.012129607,-0.040046245,-0.029636214,0.09012073,-0.007351107,0.037850216
2021-09-14,-0.044920743,-0.010621106,-0.016901966,0.002352041,-0.011883295,-0.012625436,0.0009526289,0.010951293,0.04401508
2021-09-15,1.0079331,0.0974068,0.017588364,-0.031732757,0.33756742,0.31256634,-0.34042054,-0.019943066,-0.29608646
2021-09-16,-0.61761844,0.018397624,-0.044584062,0.084250174,-0.19206095,-0.161266,0.18786986,0.025472105,0.11547168
2021-09-17,-0.29601836,-0.00034772762,-0.0032264902,0.07647065,-0.08497487,-0.084987864,0.09039899,-0.0077613234,0.05455213
2021-09-22,0.36140692,0.016775958,-0.006030574,-0.014522169,0.08988631,0.14841,-0.078154564,0.017365117,-0.06604108
2021-09-23,0.50109303,0.07643538,0.014464289,0.019850634,0.22629821,0.17407465,-0.18475018,-0.057128374,-0.19390532
2021-09-24,0.2715901,0.03648137,0.018362517,0.026370645,0.08350784,0.09287967,-0.10199427,-0.026275918,-0.08691331
2021-09-27,0.38244125,0.10239267,0.030461624,-0.0058331215,0.14712776,0.13864912,-0.12853402,-0.0021436291,-0.035738498
2021-09-28,-0.21546558,-0.002885432,0.008651405,0.014518523,-0.025936566,-0.07921353,0.066825606,-0.019376189,0.032775823
2021-09-29,-0.3203496,-0.010639488,-0.011037497,0.056760643,-0.064997606,-0.107966036,0.07790315,-0.04474179,0.024712658
2021-10-11,1.9195943,0.2167937,-0.058764372,-0.13102607,0.75057423,0.6947699,-0.56722075,0.061498716,-0.51917833
2021-10-12,-0.30859187,-0.036579322,0.0073961215,0.020176573,-0.09041865,-0.07858652,0.12682638,-0.0056736525,0.074436516
2021-10-13,0.3820282,-0.02048446,-0.015829042,-0.046235286,0.10178358,0.1462409,-0.17340824,0.028505038,-0.13461523
2021-10-14,0.78539735,0.07419143,-0.0034962199,0.0041086823,0.2279664,0.24626549,-0.27020478,-0.01032439,-0.2350877
2021-10-15,0.47379288,0.1401747,0.042905156,0.06883516,0.27824405,0.16807409,-0.26159826,-0.17397359,-0.20168062
2021-10-18,-0.31470528,-0.015584181,0.025377793,0.016473994,-0.13184918,-0.12923786,0.087920964,-0.009755424,0.09130309
2021-10-19,-0.079957224,-0.007058213,0.01425825,-0.06721832,-0.08407703,-0.03167596,0.09245166,0.03523059,0.09347221
2021-10-20,0.79721683,0.024290144,-0.009239635,-0.014361027,0.22417705,0.18932053,-0.21781129,0.04377029,-0.19707501
2021-10-21,-1.240589,-0.09423526,-0.043071885,0.0036785766,-0.3731102,-0.38692743,0.431276,0.06081732,0.3404883
2021-10-22,0.15109485,0.024618221,-0.022045575,0.014866758,0.05325983,0.038836204,-0.023327725,0.0041446034,-0.012252258
2021-10-25,0.58303076,0.035565726,0.0018395663,0.00012793766,0.1543069,0.19072364,-0.16701578,0.017718092,-0.14687783
2021-10-26,-0.33308852,-0.0071171913,-0.025484076,-0.0010460755,-0.055955444,-0.08302962,0.07050738,-0.0042587137,0.04899627
2021-10-27,-0.8961118,-0.058977574,-0.035450097,0.014466803,-0.30605718,-0.3374318,0.2900451,0.044687014,0.27688769
2021-10-28,0.09765311,0.021977318,-0.019842038,-0.028078442,0.054192126,0.033744134,-0.08077611,-0.019041715,-0.08537208
2021-10-29,-0.06917259,-0.004341234,0.0025861703,0.04897777,-0.0148708,-0.07702489,0.03405162,-0.001926275,-0.00777642
2021-11-01,0.17593998,-0.007814029,-0.083041705,-0.032773774,0.050827067,0.03447747,0.11011695,0.0805276,-0.028852051
2021-11-02,-0.37099147,-0.022393726,0.0036556774,0.038759597,-0.12158293,-0.10394011,0.10327789,-0.0066598034,0.073006846
2021-11-03,-0.7913366,-0.07382069,0.009904609,-0.020693978,-0.27877286,-0.2881799,0.2183812,0.0045818617,0.20214896
2021-11-04,-0.4416793,-0.082662486,0.016519943,-0.02591021,-0.1822067,-0.15419053,0.19484536,0.029001493,0.17467783
2021-11-05,0.3516743,0.022437673,-0.019028444,0.0046429913,0.11209767,0.1475929,-0.08677724,0.023723662,-0.03517994
2021-11-08,0.42467207,0.021916969,-0.0007618113,-0.030150704,0.13952573,0.1687858,-0.13837856,-0.005072195,-0.080775484
2021-11-09,0.31483868,0.03897935,-0.020153567,0.011100057,0.13177511,0.10670215,-0.0947691,-0.018587403,-0.14133699
2021-11-10,-0.06811365,-0.026401145,-0.012943745,-0.013773823,-0.025274815,-0.05046937,0.055780083,0.0135272,0.07160541
2021-11-11,0.5996186,0.015860697,0.014151954,-0.057144266,0.17867091,0.20174518,-0.17977102,0.008363175,-0.13407998
2021-11-12,-0.069391884,-0.017194733,-0.01817846,-0.0762391,-0.019034239,0.005521525,-0.029975625,0.019784417,0.0010168469
2021-11-15,-0.2975123,-0.0070559494,0.0039534112,0.05019346,-0.12749393,-0.15183897,0.11997094,0.03424317,0.06591058
2021-11-16,-0.11736449,0.007607981,0.009810648,0.03964118,-0.029563377,-0.04236689,0.03591561,-0.008663683,0.008764908
2021-11-17,-0.13796404,-0.008386508,-0.04191743,-0.01457482,-0.033103373,-0.059631724,0.05841062,0.041878477,0.06294656
2021-11-18,-0.1222799,-0.0078075672,0.020837778,0.006305717,-0.06400214,-0.033379223,0.011684831,-0.011160916,0.038041785
2021-11-19,-0.3418204,-0.045291953,0.008698677,-0.03246695,-0.13041204,-0.09726617,0.04276587,-0.02243157,0.09666455
2021-11-22,0.28827807,0.05318437,0.00047450725,0.02909029,0.14675717,0.10986769,-0.15318377,-0.059420947,-0.16288762
2021-11-23,0.26789847,0.03069349,0.003863597,0.0359383,0.05879646,0.08745454,-0.129347,0.0016379289,-0.0799664
2021-11-24,0.34711236,0.035397578,0.0022098583,0.006422073,0.10200383,0.10298901,-0.11044129,0.0069917734,-0.10021576
2021-11-26,-1.947185,-0.31483087,-0.023911025,-0.013368509,-0.7929581,-0.764488,0.7104421,0.11780838,0.5730602
2021-11-29,0.13284072,0.040272538,-0.008443789,0.052938215,0.061763216,0.08946414,-0.05172323,-0.02834246,-0.08420088
2021-11-30,-1.435495,-0.06944292,-0.007273108,0.038762584,-0.4550426,-0.42795312,0.4368992,-0.0015992303,0.40471035
2021-12-01,-0.021183051,0.010055117,-0.01610085,0.02892321,0.02308188,0.0054228907,0.0087994775,-0.0006731702,-0.041686982
2021-12-02,0.145833,0.02657734,0.0021814036,-0.03444317,0.032683343,0.081982836,-0.09389489,-0.006249765,-0.07570288
2021-12-03,0.3203913,0.031031508,0.0015354587,0.023351396,0.10343526,0.0746043,-0.09056568,0.010402301,-0.0500722
2021-12-06,0.57523614,0.052602623,-0.009746043,0.039901454,0.1945308,0.21226835,-0.19073538,-0.008239628,-0.18936868
2021-12-07,0.692088,0.08818124,0.00188914,0.025080366,0.2677746,0.25094795,-0.21519795,-0.030567355,-0.16874513
2021-12-08,0.22270304,0.035637315,-0.025482876,0.01090107,0.12175874,0.14234023,-0.11520891,-0.0055120573,-0.08921325
2021-12-09,-0.6362826,-0.0115255555,-0.026513495,0.052058365,-0.19960265,-0.15424864,0.16794541,0.027829884,0.14985323
2021-12-10,-0.04298962,0.012608162,-0.018532312,0.00760562,0.021801434,0.028071329,0.00014947027,-0.0020676097,0.036185246
2021-12-13,-0.1329141,-0.034599394,-0.018267414,-0.015530258,-0.036048558,-0.009959854,0.04327065,0.01477071,0.055688743
2021-12-14,-0.54638547,-0.018434282,0.0032824676,0.0344266,-0.17505553,-0.18367352,0.15545164,-0.0045746993,0.12594928
2021-12-15,-0.2930435,-0.006709777,0.0056026336,0.038690995,-0.106244564,-0.101232335,0.079359315,0.015677303,0.050033316
2021-12-16,1.3764178,0.10037922,-0.0009949025,-0.035735875,0.47418106,0.4412223,-0.42559603,0.008118042,-0.34972686
2021-12-17,-0.3442445,-0.027035378,0.00075239805,-0.023047907,-0.11551559,-0.08274084,0.10216887,0.0047879512,0.1196402
2021-12-20,-0.9455611,-0.08246253,-0.011430066,0.027966848,-0.33188128,-0.31813774,0.26247555,0.042161077,0.26419866
2021-12-21,1.1491246,0.1517155,0.01542874,0.0083769355,0.418954,0.39213276,-0.37510478,-0.041654866,-0.32496464
2021-12-22,1.0833279,0.103907645,0.008449516,-0.011828638,0.36027315,0.33695078,-0.31076536,-0.008844487,-0.29613695
2021-12-23,0.40911484,0.04282243,-0.007036097,0.039068535,0.15210368,0.16644011,-0.14472419,-0.008920123,-0.09376728
2021-12-29,0.3917549,0.07096807,-0.029249685,0.028949251,0.0998284,0.1471833,-0.118606426,0.030687746,-0.16609113
2021-12-30,-0.12143834,-0.019043613,-0.031530958,0.018406538,0.0005270047,0.0012931735,0.034331407,0.0022508285,0.025458325
2021-12-31,-0.23171285,-0.037315022,0.0055762986,-0.013522077,-0.12650219,-0.059237067,0.034157418,0.010216431,0.076786645
2022-01-04,0.9279778,0.10156886,0.0094906865,-7.5756936e-05,0.30758178,0.25700018,-0.28532988,-0.02081022,-0.3044169
2022-01-05,0.3972674,0.03579014,0.0080798175,0.014077055,0.12370266,0.106211916,-0.08440942,0.0122057265,-0.12643807
2022-01-06,-0.39371812,0.046835717,-0.011341816,0.056890585,-0.115490995,-0.0659292,0.060801182,-0.0076086437,0.05695489
2022-01-07,0.19592664,0.025493605,-0.0032396293,-0.02936354,0.06338481,0.10366182,-0.07794182,0.00642728,-0.033293445
2022-01-10,-0.43473402,-0.037542403,0.011191418,-0.014847057,-0.116503865,-0.13116677,0.16603735,-0.011453218,0.147535
2022-01-11,1.1396958,0.11204965,0.017480519,0.016211644,0.3684457,0.3802381,-0.3440617,-0.010028231,-0.29172486
2022-01-12,0.5698054,0.071431555,0.0043817847,-0.08190945,0.17838979,0.24296822,-0.19589181,0.009528305,-0.14759688
2022-01-13,-0.39083076,-0.0051412038,-0.034156088,0.03726855,-0.11117377,-0.04569883,0.09777583,-0.0008016266,0.096484646
2022-01-14,0.2018461,0.050782327,0.010654648,0.046312205,0.09775334,0.030132106,-0.03901017,-0.027161833,-0.03181688
2022-01-18,0.72825766,0.06828497,-0.019095503,-0.03228703,0.2734385,0.24641937,-0.2090901,0.008207394,-0.19412446
2022-01-19,1.1949486,0.065111734,-0.0070374683,-0.067236826,0.39607587,0.40759194,-0.35696083,0.0052627274,-0.30107656
2022-01-20,0.5682814,0.04281779,0.008666824,-0.043918263,0.18266228,0.21519513,-0.21639043,-0.014330017,-0.21171014
2022-01-21,-0.4758317,-0.024709523,-0.007412269,0.04233417,-0.1409473,-0.1419949,0.13473165,0.0058478336,0.13233884
2022-01-24,-0.8524927,-0.084982544,-0.015044215,0.009728741,-0.25262,-0.26135072,0.2673492,-0.01704579,0.2247521
2022-01-25,0.612884,0.05046096,0.00636878,-0.010272389,0.17714992,0.2177656,-0.19514972,0.0017323816,-0.15669355
2022-01-26,0.662062,0.07044349,-0.008952255,0.040204886,0.18794852,0.14817496,-0.18766743,0.038873132,-0.2576069
2022-01-27,-0.22572342,-0.0038048641,-0.006719649,0.034620743,-0.07700203,-0.20697208,0.119892105,0.08317195,0.056790076
2022-01-28,-0.1547239,-0.015224664,-0.07661937,-0.0029668368,0.033147775,-0.03182136,-0.022467842,-0.009952359,-0.07358859
2022-02-07,1.0294297,0.15633069,-0.0069985827,-0.07700456,0.47290984,0.398354,-0.3748289,-0.02904742,-0.32903498
2022-02-08,-0.41911435,-0.034129974,-0.009298071,-0.0361287,-0.13794145,-0.11388856,0.12511067,0.009754227,0.13570543
2022-02-09,0.78747416,0.063306585,0.0011464774,-0.0030041807,0.2410994,0.269865,-0.2948428,-0.0007985851,-0.22642721
2022-02-10,0.023253364,-0.0067362124,-0.0024534848,0.0026115878,0.0018677864,0.021504706,-0.021527182,5.1046663e-05,-0.027593002
2022-02-11,-0.03123312,0.016646791,-0.024032444,0.017258735,0.018831363,-0.011063955,0.011615809,0.012784126,0.013979911
2022-02-14,0.51923686,0.0354678,0.009390475,-0.0028021305,0.1400539,0.16467328,-0.128472,0.024162805,-0.08183707
2022-02-15,-0.60089505,-0.037319474,0.0337411,0.02253605,-0.23839402,-0.20280845,0.16651222,-0.0009065753,0.12293253
2022-02-16,0.6955795,0.0547161,0.014661101,0.0132990265,0.19065806,0.19329892,-0.17306872,0.013722053,-0.19099239
2022-02-17,-0.0071868957,-0.038402054,-0.024412358,-0.0027551916,-0.0044504246,0.026797682,-0.003693054,0.009330654,0.024134343
2022-02-18,0.08568254,0.0005483801,-0.017218232,-0.017033799,0.029757932,0.07907336,-0.062096376,0.00025338389,0.0045401156
2022-02-22,0.9824945,0.088135086,0.016076399,-0.005471954,0.3222401,0.30674922,-0.30796394,-0.008850331,-0.24046911
2022-02-23,0.15930398,0.03370251,-0.03728476,-0.009315062,0.06891856,0.060234584,-0.061223324,0.02194317,-0.07132946
2022-02-24,0.683222,0.052956164,-0.0139921745,0.05454219,0.24456123,0.22777672,-0.203531,0.007495134,-0.1165287
2022-02-25,-1.1982509,-0.024489364,-0.015226093,0.04926738,-0.41043997,-0.3306072,0.34195626,0.006236657,0.29032227
2022-02-28,1.3055367,0.09701028,-0.0107927555,-0.052529927,0.4495455,0.38846987,-0.43290025,0.0102951,-0.33768344
2022-03-01,1.8149525,0.12655759,0.034252793,-0.13117896,0.71276736,0.5741384,-0.61346674,-0.08333148,-0.5479127
2022-03-02,1.3170696,0.08708665,0.029049655,-0.0718474,0.463965,0.44146863,-0.5244703,-0.10932476,-0.4763825
2022-03-03,0.4919031,-0.03278199,-0.037509292,-0.014767659,0.140893,0.17343429,-0.07101922,0.033759266,-0.07565457
2022-03-04,1.5832324,0.16734079,0.008420165,-0.014661659,0.54769635,0.5867625,-0.53959197,-0.026048161,-0.412575
2022-03-07,1.074731,0.12202037,-0.038219932,0.25616303,0.2861057,0.33289593,-0.41231462,0.1018276,-0.23914212
2022-03-16,-2.3844585,-0.43573067,-0.036687493,-0.012000223,-1.0468946,-1.0211068,0.8424467,0.1312783,0.5710872
2022-03-17,1.6728938,0.18698432,-0.008728397,-0.08793478,0.63827807,0.58211166,-0.48049617,-0.003965377,-0.43258625
2022-03-18,-0.19754377,0.012278439,-0.036299013,0.01369243,-0.02415632,-0.030829092,0.04505714,0.013387321,-0.007986138
2022-03-21,1.0767529,0.13330014,-0.025254741,-0.028854595,0.41018456,0.3404779,-0.29090726,0.03274749,-0.320721
2022-03-22,-0.39137882,-0.0151913185,0.0030316834,0.009126906,-0.13358788,-0.14963855,0.1191914,0.01791895,0.077765435
2022-03-23,1.3190317,0.11483982,0.02913555,0.056365293,0.41369358,0.35592148,-0.3880069,0.026545027,-0.32109988
2022-03-24,0.09305639,-0.010201106,0.007682676,-0.034686405,0.0065058274,0.015995959,0.031972583,0.02738292,0.07604333
2022-03-25,-0.009861608,-0.0041396483,-0.0046426146,0.018926188,0.009422356,-0.021490993,-0.030789636,-0.013141018,-0.009743731
2022-03-28,-1.5569537,-0.16182302,0.028563416,-0.05292664,-0.46829572,-0.49104515,0.51038516,-0.12052928,0.38867423
2022-03-29,-1.1931199,-0.085338995,-0.020170374,0.055079717,-0.46191025,-0.38641557,0.35705897,0.053389266,0.29465377
2022-03-30,1.2453812,0.0586403,0.0488364,-0.075045444,0.45019194,0.3854402,-0.35412478,-0.038529646,-0.27609375
2022-03-31,-0.94735634,-0.081298836,-0.006085491,-0.0009752328,-0.26452848,-0.28460225,0.31068534,0.016288731,0.3158954
2022-04-01,-0.4714359,-0.044353567,-0.01576441,0.069083124,-0.20050552,-0.13191558,0.17689165,-0.015486262,0.04872876
2022-04-06,-0.20623325,-0.020592807,0.013667192,-0.06594466,-0.10113588,-0.08723595,-0.0062033758,-0.0025114615,0.085801885
2022-04-07,-0.32398057,-0.05220166,0.0064501013,-0.03388922,-0.16939364,-0.14583488,0.10116486,0.037104376,0.12001894
2022-04-08,0.9051497,0.096517175,0.0056544403,0.014300262,0.30241355,0.3071105,-0.31724167,-0.039283745,-0.29434898
2022-04-11,-0.59076226,-0.062617615,-0.028711498,0.008492761,-0.1976582,-0.25294587,0.24982376,0.041933198,0.18932886
2022-04-12,1.1994959,0.09475274,-0.0114668915,-0.052983254,0.40256336,0.3698855,-0.38768065,0.03520448,-0.29144695
2022-04-13,1.0054618,0.06666774,-0.008194649,0.00071236625,0.33643207,0.24935418,-0.27455097,0.047777675,-0.2560373
2022-04-14,0.58841324,0.07997187,0.020278262,0.032492533,0.204449,0.19032422,-0.16562812,-0.020878246,-0.16681503
2022-04-19,-0.18984695,-0.021779459,0.0060578017,0.0030658094,-0.084854856,-0.12391087,0.024917338,0.037673578,0.026813185
2022-04-20,0.113410264,0.031941753,-0.014360599,0.010846836,0.06582067,0.0094956,-0.019832551,0.008221978,-0.03583347
2022-04-21,-0.036286812,-0.010457395,0.029078538,0.034200776,-0.038602356,0.01486777,-0.034726292,-0.03539703,-0.039326116
2022-04-22,-0.70830584,-0.057127,-0.0076993424,0.037937112,-0.20444039,-0.26995382,0.23307341,-0.009781453,0.15147892
2022-04-25,-1.2452897,-0.09657457,-0.025509251,-0.03035327,-0.44380692,-0.4688353,0.4346753,0.053279087,0.32467332
2022-04-26,0.8927343,0.09165839,-0.0010966142,0.009387295,0.31347886,0.25438762,-0.20885894,0.020282608,-0.23891315
2022-04-27,0.58123803,0.06904133,-0.008649419,0.021101048,0.20385714,0.14336865,-0.17672339,-0.0015426794,-0.2060534
2022-04-28,0.45833388,0.030845562,-0.050840706,-0.008485697,0.14036258,0.09159852,-0.076639466,0.071414314,-0.11901149
2022-04-29,-0.16226575,-0.018137041,0.020402927,0.045105297,-0.10913456,-0.04969788,0.07051285,-0.0055990736,0.10148367
2022-05-05,-0.98146194,-0.23328303,0.029344577,-0.07916099,-0.44801274,-0.3933581,0.37391713,0.009792715,0.23545064
2022-05-06,-0.5400027,-0.08589383,0.030177742,-0.0029796618,-0.21778385,-0.1674166,0.14270362,-0.029538969,0.12864198
2022-05-09,-1.6022899,-0.12124391,-4.8700585e-05,-0.00048789647,-0.5176571,-0.48803124,0.5215546,-0.039669458,0.4054427
2022-05-10,-0.10645372,0.009432251,-0.010121059,0.02357528,-0.028612616,-0.07068606,0.081106775,0.017361948,-0.002590276
2022-05-11,1.1305131,0.10752144,-0.0060283667,-0.01467246,0.3585264,0.38414347,-0.34888756,0.021544049,-0.30962697
2022-05-12,-0.5846274,-0.016353915,-0.0065727183,0.0062492834,-0.16187362,-0.17279725,0.17072226,-0.029544663,0.1391367
2022-05-13,0.3365523,0.023373812,-0.0019435157,-0.059758168,0.08682957,0.16061276,-0.14501333,-0.0015695248,-0.14578214
2022-05-16,0.42250383,-0.016723584,0.0036668782,-0.07951108,0.14338274,0.16305849,-0.1322736,-0.04428773,-0.08731688
2022-05-17,0.17832328,-0.0059721484,-0.0011480767,-0.028376736,0.03112951,0.0688243,-0.07461317,-0.0028968924,-0.09643534
2022-05-18,-1.2390994,-0.07728534,-0.0041462253,0.033690866,-0.41985756,-0.4304268,0.3755961,0.02222423,0.34588236
2022-05-19,0.94908535,0.052019704,-0.011891023,0.0011885536,0.27163976,0.27703783,-0.28262344,0.045652926,-0.24994856
2022-05-20,-0.06395028,0.006677926,0.014576062,0.031837996,-0.032342903,-0.0025200383,-0.012972992,-0.0109670935,-0.017594874
2022-05-23,0.24799363,0.008696387,0.0037428197,-0.00064431946,0.05858891,0.08169459,-0.100527786,0.011918683,-0.0023549946
2022-05-24,-0.23524304,-0.008604926,-0.005068093,0.01782539,-0.07517029,-0.06577743,0.086333536,0.012907042,0.06943324
2022-05-25,-0.16450928,0.034141913,-0.035411917,0.023485897,-0.00087568397,-0.08011621,0.04780661,0.008605006,-0.022360856
2022-05-26,0.55703986,0.1076627,0.008750083,0.012312458,0.20781603,0.19240825,-0.15874505,0.005072508,-0.18748078
2022-05-27,0.5480481,0.049812265,0.0058287666,0.015177419,0.22017413,0.21756378,-0.2175855,-0.04370373,-0.1589438
2022-05-31,-0.040991,0.02440475,-0.042693682,0.1110843,-0.08143587,0.06375149,0.021450806,0.029910458,-0.00329065
2022-06-01,-0.11476123,-0.012683034,-0.0281177,-0.04056492,-0.070082285,-0.028215764,0.1111069,0.071718454,-0.06345888
2022-06-06,1.3101469,0.107589476,0.011408167,-0.039445214,0.4229618,0.42028505,-0.38114727,0.0076850126,-0.3534148
2022-06-07,-0.2157157,0.011338773,0.0063704117,-0.0007154237,-0.086527266,-0.085390866,0.05553813,0.012532666,0.10712578
2022-06-08,0.45341766,0.047017645,-0.0040818863,0.02195558,0.1608267,0.15024333,-0.16946995,-0.018801425,-0.116019785
2022-06-09,-0.04061715,0.031141005,-0.016359774,0.029889112,0.015270306,-0.03637093,0.0142265,-0.0068109254,0.0063378136
2022-06-10,-0.7181305,-0.04972144,-0.018235492,0.01250434,-0.24108054,-0.23527913,0.26028457,0.025318636,0.24485755
2022-06-13,-1.3060563,-0.07504087,0.0086913835,-0.024322812,-0.39675337,-0.4302074,0.3894213,-0.05314032,0.3245387
2022-06-14,-0.5841657,-0.017604245,-0.07324921,0.010341149,-0.1339732,-0.13946246,0.14642885,0.03455411,0.10053796
2022-06-15,0.28751215,0.024888141,-0.010178471,-0.0020275381,0.107212685,0.044679027,-0.061045732,0.042192798,-0.033610057
2022-06-16,0.102142915,-0.00068607787,-0.023955518,-0.027648637,0.014736374,0.021120144,0.007781741,0.047331367,0.023226058
2022-06-17,-1.230017,-0.09429983,0.02172176,0.003649148,-0.36172125,-0.41319335,0.39182445,-0.060082436,0.31625378
2022-06-21,0.18945916,0.033237163,0.0050851773,0.05923451,0.05605017,0.056268863,-0.051230066,0.009772827,-0.078339934
2022-06-22,-0.9593107,-0.084329374,-0.003915889,0.036895562,-0.2709484,-0.33324438,0.29695502,-0.0148771955,0.25474992
2022-06-23,-1.229785,-0.098607086,-0.05390131,0.03962242,-0.37814465,-0.3576614,0.44393077,0.041155715,0.33059475
2022-06-24,-0.42888674,-0.16865362,0.10447574,-0.116268106,-0.19497074,-0.23254874,0.17587556,0.008825922,0.02031987
2022-06-27,-0.10174302,-0.009774952,0.026126543,-0.028613513,-0.10725278,-0.039557308,0.01284691,0.00528828,0.02935389
2022-06-28,0.2818297,0.015960047,0.0044907182,-0.008422396,0.06501417,0.08622793,-0.11901643,-0.022439005,-0.099961236
2022-06-29,-0.042850778,0.024560284,-0.014853825,0.042036265,-0.022670073,-0.051523507,0.011145817,-0.013756653,-0.023175102
2022-06-30,-1.3631155,-0.077684134,0.029398851,-0.04082708,-0.41785535,-0.4132233,0.38224128,-0.10310122,0.31559703
2022-07-01,-0.83546937,0.018733772,0.014164536,0.05370431,-0.21309936,-0.27850395,0.32311141,-0.049234662,0.1772155
2022-07-05,-1.9180547,-0.13930313,-0.029468725,0.07475756,-0.7158542,-0.659826,0.66727865,0.067325965,0.537372
2022-07-06,-0.7108728,-0.024263341,0.029919175,-0.04245668,-0.18252634,-0.22793609,0.22639312,-0.02562878,0.18292415
2022-07-07,1.5034136,0.1350034,0.014142183,-0.026512193,0.48404008,0.47055662,-0.4714539,0.0052566943,-0.44243878
2022-07-08,0.6682816,0.0719327,0.0020801644,-0.023937248,0.2660898,0.19398753,-0.17586969,-0.043941505,-0.15632147
2022-07-11,-0.12660852,0.03246711,-0.0067503746,0.06635258,-0.032077897,-0.09306683,0.06506459,0.021381602,0.049473297
2022-07-12,-1.6237015,-0.08062478,-0.031565115,0.0148316175,-0.539145,-0.48176017,0.55154777,0.017003173,0.42124227
2022-07-13,-0.27110595,-0.04514237,0.01924865,-0.08260588,-0.119827196,-0.100480005,0.073689274,0.0368599,0.13252985
2022-07-14,-1.2299784,-0.06602154,-0.072786465,0.061869495,-0.44848529,-0.37117824,0.4213193,0.11367379,0.3016523
2022-07-15,0.05138584,-0.108291596,0.021025388,-0.121475786,0.025021791,-0.015592563,0.10865925,0.018118547,-0.100984596
2022-07-18,1.435631,0.0769105,0.042490043,-0.0786113,0.46410242,0.41302085,-0.43067312,-0.034139547,-0.40962523
2022-07-19,-0.604894,-0.043020993,0.006212619,-0.0020737902,-0.21003915,-0.1798101,0.20899265,-0.0012295297,0.17538427
2022-07-20,-0.069946,-0.007064249,0.02102976,0.0050562005,-0.021657022,-0.009135782,-0.004467929,-0.021287246,0.058957674
2022-07-21,-0.8609417,-0.10369465,0.017746551,-0.022877622,-0.30409774,-0.2977211,0.30377087,0.015747668,0.30285522
2022-07-22,0.23803702,-0.042541593,0.031920873,0.032033514,0.019039793,0.039866894,-0.07386785,-0.012686957,-0.083403565
2022-07-25,0.233372,0.013663252,0.0022859646,-0.010505701,0.07508601,0.050099157,-0.07091999,0.023133336,-0.07483907
2022-07-26,0.5395303,0.06336778,-0.02522493,-0.038818326,0.19061498,0.17592,-0.20101944,0.013241524,-0.15863453
2022-07-27,0.7062592,0.09681871,-0.012221023,0.007782108,0.25407523,0.22928734,-0.22817282,0.017825658,-0.24118544
2022-07-28,1.0715998,-0.0090867635,-0.009517724,-0.10115376,0.3749187,0.28899372,-0.3130556,0.050169688,-0.25489494
2022-07-29,0.90773886,0.039027974,0.0059157293,-0.037268043,0.25928283,0.25958902,-0.28019115,0.02622136,-0.26050195
2022-08-01,-1.438381,-0.15603663,-0.040665634,-0.07797855,-0.50031674,-0.5253063,0.5282961,0.07704061,0.39299092
2022-08-02,-0.56854385,-0.04250999,-0.015713196,0.035222296,-0.17541116,-0.12783425,0.16751365,-0.024485638,0.11154467
2022-08-03,-0.58162624,-0.031857364,0.00511435,0.009590874,-0.1705935,-0.23655675,0.22653921,0.015265555,0.16162145
2022-08-04,0.3682372,0.009184055,-0.03212507,-0.007592301,0.1084792,0.066597946,-0.10222693,0.034265213,-0.12817453
2022-08-05,0.066931345,-0.026581364,0.002922863,0.018049072,-0.008938585,0.026289508,-0.029203787,0.007093448,-0.034058873
2022-08-08,0.2846829,0.009664937,0.0033389516,-0.064229436,0.07407157,0.11158061,-0.11890915,0.016716259,-0.04389563
2022-08-09,0.78861666,0.070822634,-0.017511796,0.012177355,0.29482698,0.21571378,-0.25677785,0.006493422,-0.2668633
2022-08-10,0.8749672,0.047742676,0.007797924,-0.040255565,0.27581847,0.27852017,-0.27836263,-0.0009273998,-0.23315205
2022-08-11,0.8646627,0.063595556,0.013683972,-0.017305927,0.23826067,0.24374159,-0.24940807,-0.009703459,-0.25592712
2022-08-12,-0.08639598,-0.0074598636,-0.009411633,0.012009067,-0.03519718,-0.051392946,0.06640676,0.013763302,0.07814566
2022-08-15,-1.2255892,-0.19341013,0.0053614215,-0.027907802,-0.41991153,-0.37712246,0.42533538,-0.08691577,0.35228297
2022-08-16,-0.40499455,-0.045658544,-0.015367136,0.012350774,-0.09676215,-0.13690668,0.14477329,-0.01308323,0.09890165
2022-08-17,-0.13952139,0.04500562,0.010650166,0.02159005,-0.037589695,-0.043947473,0.04139623,0.018891295,0.035755068
2022-08-18,0.014333696,0.051982876,0.016898505,0.049975652,0.0046342695,0.026414653,-0.019090593,-0.0048340955,0.010563989
2022-08-19,0.34093902,0.006617879,-0.006114036,0.008076415,0.08226687,0.09690871,-0.1101297,0.0060863015,-0.09342396
2022-08-22,0.08840823,0.048759107,0.0086825425,-0.02536626,0.035835817,0.0027207518,-0.038905002,0.009563742,-0.03651166
2022-08-23,0.7920543,0.089843266,0.0026350508,-0.022778574,0.26608506,0.26528925,-0.26776993,0.0042889426,-0.19839323
2022-08-24,0.22320993,0.06401549,-0.033475395,-0.019135518,0.12923099,0.06282331,-0.016237484,0.028117107,-0.049228743
2022-08-25,-0.009283921,-0.021532543,0.016257932,0.0031705953,-0.021699725,0.008767996,-0.012673868,-0.008312438,4.221044e-05
2022-08-26,0.52765083,0.055722754,-0.015684241,0.004851325,0.17814867,0.1481875,-0.1932558,-0.014079061,-0.17724288
2022-08-30,-1.3464017,-0.1287171,0.031243648,0.043154173,-0.45656654,-0.49018157,0.5149732,0.013464243,0.45656386
2022-08-31,-0.5514303,-0.051956244,0.009038158,0.0016916059,-0.21557102,-0.21288538,0.18359189,-0.008862756,0.114863895
2022-09-01,-1.6716497,-0.13535719,-0.02952489,-0.07575802,-0.55308324,-0.5581594,0.56249815,0.029081833,0.41428462
2022-09-02,0.44276565,0.03509094,0.01303517,-0.0045539946,0.09975667,0.1603957,-0.14251745,0.009887907,-0.09908022
2022-09-06,-0.024387326,0.014915594,-0.006310059,-0.031683583,0.018011553,0.037223313,-0.0020798205,-0.011882516,0.022394896
2022-09-07,-0.5908537,-0.07928838,-0.026663797,-0.035332486,-0.18517345,-0.17196059,0.23774321,0.03351148,0.2209001
2022-09-08,0.44494134,0.02759993,0.017323574,-0.053995106,0.0982995,0.1686341,-0.14920929,-0.006467738,-0.13361779
2022-09-09,1.1594781,0.07990732,0.027205871,-0.03514906,0.38971487,0.36846784,-0.3614245,-0.031566557,-0.2739845
2022-09-13,0.51942337,0.011130077,-0.012820905,-0.086658224,0.15452877,0.14793827,-0.1746849,0.027667105,-0.15634537
2022-09-14,-0.5182132,-0.039985437,-0.013634883,-0.027029807,-0.1707449,-0.16072275,0.1950946,0.012512678,0.16982298
2022-09-15,-1.245057,-0.077251986,0.020249449,-0.02516643,-0.36614755,-0.36710772,0.3917366,-0.06349796,0.3170668
2022-09-16,0.080573395,0.0077374424,0.008453809,0.013667206,-0.01690797,0.062610455,-0.044411942,0.0012224774,-0.019096082
2022-09-19,0.13772549,0.03135576,-0.0029511217,0.005412443,0.055854782,0.04405964,-0.032921255,0.026333313,-0.064275205
2022-09-20,0.17345165,-0.0013673021,-0.017289057,-0.03157313,0.06164791,0.074189335,-0.0664505,0.012518452,-0.07045852
2022-09-21,-0.2945992,-0.046449453,0.00062922575,-0.013857418,-0.08465207,-0.0996904,0.117319256,-0.022554932,0.11672869
2022-09-22,0.38110217,0.012495491,-0.03395374,0.023508348,0.12555906,0.12067177,-0.10587714,0.03816776,-0.11015698
2022-09-23,-1.8031075,-0.13513714,0.011557782,-0.0046279854,-0.58937305,-0.59092927,0.57906973,-0.051062766,0.45108536
2022-09-26,-1.1676644,-0.06087665,0.0052527934,0.02107193,-0.37949735,-0.33427322,0.3641986,-0.027444985,0.27241123
2022-09-27,0.28866172,0.035432626,-0.012107915,0.03396064,0.106010884,0.1458748,-0.09301574,0.0052161105,-0.07427452
2022-09-28,1.1217979,0.08587039,-0.013546569,-0.04543821,0.37190202,0.3817533,-0.3215089,0.030306254,-0.27066773
2022-09-29,0.20753114,-0.031861566,0.022270225,-0.02467935,0.06376861,0.038290866,-0.08819341,-0.024689887,-0.09532173
2022-10-10,1.5969938,0.18519594,-0.08337545,-0.14688344,0.53014636,0.6047016,-0.36826462,0.05246469,-0.481183
2022-10-11,-0.4875453,-0.057401802,-0.01139954,-0.012894815,-0.17778489,-0.15809157,0.11571286,0.024129784,0.11879166
2022-10-12,-0.38273212,-0.03960649,-0.0024089927,0.02930319,-0.110790916,-0.1329939,0.08802868,0.005126834,0.07284527
2022-10-13,0.27402347,0.011617452,0.012798876,-0.028302232,0.08602332,0.06672348,-0.09389436,-0.013469582,-0.07026647
2022-10-14,-1.0156835,-0.05315509,-0.04973482,0.06648504,-0.36370134,-0.26540393,0.3055105,0.036820885,0.22809425
2022-10-17,-0.258915,-0.006439478,-0.037367392,-0.05318013,-0.06284158,-0.018664675,0.11825343,0.017633302,0.12343919
2022-10-18,-0.5303919,-0.059592273,0.010638702,0.039887447,-0.18939914,-0.20135343,0.1696405,-0.012918788,0.13326792
2022-10-19,-0.23911022,-0.030901272,0.016648315,0.021557588,-0.07756018,-0.070173256,0.02601135,-0.035053283,-0.0054957788
2022-10-20,0.45532832,0.027220747,-0.0045942427,-0.050409097,0.12253379,0.17898034,-0.16237128,-0.0021785786,-0.1481798
2022-10-21,0.3877592,0.009668804,-0.018999519,-0.014018295,0.092384815,0.15803862,-0.14386478,0.0435516,-0.050206676
2022-10-24,-0.060070317,-0.037938725,0.0010360271,0.03345319,-0.013054651,-0.05095801,0.032413717,0.009306325,0.0008878633
2022-10-25,0.3398226,-0.002700745,-0.0036429674,-0.002775005,0.09859974,0.088438794,-0.08583016,0.010287948,-0.06436547
2022-10-26,0.94214594,0.09010363,0.00806468,-0.025479393,0.26587993,0.3233212,-0.28475925,0.0014919203,-0.2979237
2022-10-27,-0.10807467,0.011947071,-0.043704513,0.017494373,0.0065278634,0.0037631434,0.02954385,0.036925524,-0.010362198
2022-10-28,-0.8150255,-0.022450272,-0.0010092082,-0.007955047,-0.25845855,-0.31087315,0.29728246,0.05101007,0.24250486
2022-10-31,-0.5344552,-0.022460304,0.062439267,-0.009779034,-0.22410466,-0.19738726,0.23105042,-0.028150858,0.2112922
2022-11-01,0.17843643,-0.008517241,-0.012246703,-0.045217846,-0.034001555,0.06952518,-0.10800336,0.0024309454,0.0048150145
2022-11-02,0.45966324,0.012567349,-0.0015150501,0.009129249,0.10745266,0.101164035,-0.15501526,-0.011240323,-0.18367697
2022-11-03,-0.25970393,-0.016510641,-0.053199057,0.0070103006,-0.008100971,-0.09040664,0.106369555,0.019074285,0.042722143
2022-11-04,1.5392388,0.10333397,0.0023913223,-0.16824105,0.5880738,0.5117921,-0.45167524,0.022127094,-0.39857894
2022-11-07,-0.37615317,-0.030561924,-0.0048284964,0.012757045,-0.13091637,-0.15460151,0.16657251,0.0067942557,0.13424589
2022-11-08,0.027328664,-0.043459117,-0.048011553,-0.022461751,0.006741441,0.05778194,-0.037925396,0.035809606,0.0207302
2022-11-09,-0.75584316,-0.07323822,0.02621103,-0.017037332,-0.28577626,-0.25482047,0.20839143,-0.032731228,0.18640672
2022-11-10,0.6128751,0.00919133,0.008551299,0.00044572155,0.116356306,0.20700869,-0.15107378,0.020590445,-0.12988319
2022-11-11,0.8037726,0.025873926,0.013732267,-0.035528827,0.2240141,0.2627657,-0.29411831,-0.014032454,-0.22295573
2022-11-14,-0.1754983,-0.052877754,-0.017590215,-0.0107449675,-0.013480906,-0.08737646,0.09032848,0.01261062,0.088226706
2022-11-15,0.2640171,0.09651737,-0.018443309,-0.011537811,0.13785541,0.15382029,-0.10617026,-0.06926551,-0.05652108
2022-11-16,-0.82489353,-0.062283553,-0.010992381,0.00698377,-0.2391131,-0.25786534,0.27656507,0.011348383,0.24899723
2022-11-17,-1.3547401,-0.08594102,0.0048668226,0.032247856,-0.4256899,-0.45117012,0.43512604,-0.00321816,0.3801481
2022-11-18,-0.1763296,-0.021094378,-0.010367136,-0.018074753,-0.010077187,-0.07520721,0.047250584,-0.0076355794,0.018502535
2022-11-21,-0.5787543,-0.04703109,0.02638534,-0.014916339,-0.24715872,-0.20203312,0.18518311,0.023829076,0.14340496
2022-11-22,0.64837605,0.043376684,0.01374301,0.02245902,0.1957114,0.22284172,-0.20146923,-0.024718167,-0.18226603
2022-11-23,-0.27907833,-0.04885491,0.00851271,-0.026440859,-0.14691328,-0.13896635,0.10353204,0.020730117,0.11333239
2022-11-25,-0.62054217,-0.07844611,-0.0138689205,-0.031312246,-0.24994563,-0.2406098,0.20067388,0.059933208,0.18044169
2022-11-28,-0.16757186,-0.024800805,0.0059079775,-0.018918354,-0.0491797,-0.083164446,0.043095082,-0.0202113,-0.03761364
2022-11-29,0.6105243,0.038422592,-0.00087761064,-0.044325244,0.17455529,0.17327257,-0.15882334,0.025583865,-0.15227902
2022-11-30,1.1072408,0.13427897,0.010733004,0.005603095,0.40379864,0.40533656,-0.37877172,-0.066458546,-0.32224327
2022-12-01,-0.04821679,-0.012355823,-0.0092788385,-0.024049299,-0.024750033,0.0753874,0.020290827,-0.008653398,0.14459528
2022-12-02,-0.44917947,-0.04823634,-0.0019734586,-0.02032073,-0.17242718,-0.1289439,0.05465862,-0.00819307,0.118951716
2022-12-05,-1.0981003,-0.08591482,-0.061955404,0.018445875,-0.34238073,-0.31520003,0.3209822,0.02038763,0.2391259
2022-12-06,-0.6870741,-0.08875338,-0.0073588244,-0.037482504,-0.23517297,-0.25263223,0.17947213,0.017487593,0.17605151
2022-12-07,-0.08945839,-0.04167101,-0.024496349,-0.050149664,-0.10082254,-0.032807454,0.016934069,0.051273435,0.06925338
2022-12-08,0.09761165,0.008210724,-0.028496096,-0.036548506,0.06375927,0.015401835,-0.03722921,0.04909856,-0.047097165
2022-12-09,0.022179626,-0.010502009,-0.0053866035,-0.01084406,-0.015281933,0.004754837,0.014153296,0.024331996,0.041983236
2022-12-12,0.21864104,0.031882368,0.014434427,0.0032885892,0.09472909,0.009790183,-0.033665862,0.012667197,-0.08063201
2022-12-13,1.2294703,0.09907698,-0.02807374,-0.012472345,0.40897027,0.39921805,-0.37405396,0.03370576,-0.3174809
2022-12-14,0.46246922,0.052011684,-0.024967834,0.013980809,0.15755723,0.1840068,-0.1478601,0.031459328,-0.13401143
2022-12-15,-0.96272236,-0.01903327,0.010330364,0.010525145,-0.27763084,-0.34464803,0.30588293,-0.044128757,0.24618952
2022-12-16,-0.670898,-0.07746224,0.029990746,-0.02767436,-0.27344307,-0.24675393,0.1765606,-0.031182194,0.20048802
2022-12-19,-0.152707,-0.030530535,-0.0043612868,0.030706188,-0.047464475,-0.025033101,0.021796802,-0.02641549,0.0021204827
2022-12-20,0.87231994,0.018027896,-0.025192725,-0.045221664,0.29356778,0.23925446,-0.22765656,0.043231774,-0.19703881
2022-12-21,0.5844622,0.06192635,0.010787785,-0.00061972684,0.16104454,0.1771718,-0.17743888,0.008702967,-0.10711677
2022-12-22,-0.69429314,-0.035640087,-0.005091847,-0.0033782788,-0.18451735,-0.17522013,0.20929632,-0.028345205,0.13311002
2022-12-23,0.97320455,0.07908264,-0.010604652,0.002830155,0.2960877,0.31151196,-0.29116222,0.02515497,-0.2575977
2022-12-28,0.2510072,0.022215316,0.015695063,-0.017931784,0.07276531,0.044685178,-0.09883304,0.0059666764,-0.036268022
2022-12-29,0.08164277,-0.024103098,-0.012161616,-0.025949841,0.0052908827,0.026309999,0.004228251,0.018079463,-0.0003804341
2022-12-30,0.13777676,0.017261831,-0.017555999,0.010521574,0.053254213,0.07590534,-0.02590202,0.0041236775,-0.016978443
2023-01-03,-0.952166,-0.0946251,0.008106361,0.0151513405,-0.31228969,-0.31118402,0.3191752,-0.049347594,0.25923657
2023-01-04,-1.2119955,-0.14257374,-0.016878774,-0.00581405,-0.44068593,-0.4645949,0.38744017,0.07027893,0.31352165
2023-01-05,-0.21576722,0.008967135,-0.003350689,0.03311039,-0.05778171,-0.026186056,0.0037958615,-0.044981346,-0.004093125
2023-01-06,0.71481293,0.045509927,-0.015504402,-0.0334715,0.18212004,0.20200366,-0.2088442,0.04038673,-0.17113732
2023-01-09,0.63991237,0.04858519,0.022358753,0.026218249,0.19597536,0.18451901,-0.25406134,-0.034488026,-0.20307082
2023-01-10,-0.00075503247,-0.0034948257,-0.01850891,-0.0024031545,0.011189793,0.028286494,-0.022177387,0.01565371,0.007154165
2023-01-11,0.48919177,0.059395272,-0.001460034,0.03203345,0.17213275,0.19801556,-0.18923697,-0.030108837,-0.14432824
2023-01-12,0.56662494,0.03599439,0.004811747,-0.04119762,0.17882006,0.20142032,-0.20929372,0.0044607394,-0.13083844
2023-01-13,0.5610398,0.045043502,-0.012913484,0.017759467,0.22384322,0.18902478,-0.2006451,-0.018531278,-0.16372962
2023-01-17,0.09345834,-0.0015353148,0.02541289,-0.0032374635,0.008264743,0.0025784804,-0.03900303,-0.01677841,0.0014560181
2023-01-18,0.16859517,0.027871415,-0.007006934,0.06235009,0.087453075,0.05162175,-0.047123466,-0.032894127,-0.088080615
2023-01-30,-0.45902735,-0.1278424,-0.12689012,-0.07471413,-0.1051949,-0.13245057,0.17284024,0.103866816,0.114137374
2023-01-31,0.5301378,-0.014601782,-0.030691072,-0.017525304,0.10050073,0.12547214,-0.12118694,0.07782823,-0.13896546
2023-02-01,-1.257699,-0.116301365,0.005538382,0.028021602,-0.41145408,-0.4156739,0.40836748,-0.027290197,0.3734151
2023-02-02,-0.055479065,-0.02036913,-0.00028135988,-0.010094849,-0.030121364,-0.04389222,0.031919677,-0.005514321,-0.01738509
2023-02-03,-1.5568485,-0.10315817,0.010832751,0.012518718,-0.53274125,-0.5253882,0.46131042,-0.036453795,0.38536662
2023-02-06,-0.43857017,-0.036051247,0.023197662,-0.005204555,-0.19657843,-0.15314788,0.103845015,0.023680432,0.13140588
2023-02-07,0.9225173,0.08533978,-0.010099345,0.01301707,0.28140655,0.31185827,-0.28623652,0.0009483928,-0.27254367
2023-02-08,-0.007994934,0.001323126,-0.024650851,0.007154509,0.017745685,0.005991787,0.022333313,-0.0037694431,0.01301589
2023-02-09,-0.34118265,-0.028491938,0.022719203,-0.0062021487,-0.115852,-0.07543333,0.080111906,-0.050599445,0.09854288
2023-02-10,0.05228588,0.02000732,-0.0036915762,0.0008438914,-0.002848969,-0.015133733,-0.011341304,0.017175158,-0.012730244
2023-02-13,0.11762078,0.017292645,-0.022867324,0.04727768,0.04342979,0.039521884,-0.044222277,0.020129364,-0.08565998
2023-02-14,-0.03392158,-0.00632041,0.00019240582,-0.017389264,-0.03675727,-0.017142948,0.019455798,0.03570704,0.039006945
2023-02-15,-0.71996105,-0.057298407,0.023277707,0.05233665,-0.28312337,-0.26776376,0.18277057,0.008912703,0.1832897
2023-02-16,0.14781363,0.0055084373,0.015609419,-0.04335138,-0.0076213926,0.07676232,-0.06604139,0.0039042113,-0.02942288
2023-02-17,-0.5329144,-0.06587025,-0.0058417236,-0.017528536,-0.15396918,-0.19730213,0.1620245,-0.0046274336,0.119317986
2023-02-21,0.9266114,0.086634785,0.0008281297,-0.01689863,0.2960057,0.29430488,-0.30996525,-0.0016069344,-0.28152776
2023-02-22,-0.5051893,-0.1463132,0.00019755283,-0.07703154,-0.27241442,-0.20148282,0.27977452,0.07476021,0.20888944
2023-02-23,-0.49660033,-0.02959001,0.0011099408,0.0291323,-0.15083873,-0.20731488,0.19250523,-0.00787362,0.13658568
2023-02-24,-0.47451895,0.0018311667,0.021831924,0.011490979,-0.13111433,-0.22184616,0.2189714,-0.019079741,0.1450847
2023-02-27,0.37994882,0.001079481,0.00044189396,0.019798683,0.09541838,0.13969016,-0.061718896,0.007862767,-0.07894854
2023-02-28,0.23119822,-0.0029140213,0.0049843653,-0.006094886,0.027560074,0.0928123,-0.079689875,0.013408305,-0.049743135
2023-03-01,0.61733234,0.00797465,-0.011742178,0.021097086,0.19159979,0.13755763,-0.21701026,0.029390175,-0.21981288
2023-03-02,-0.27327937,-0.014980927,0.0017907576,0.009720933,-0.107172795,-0.09412101,0.11411674,-0.0012577248,0.056580488
2023-03-03,0.5560275,0.04299681,-0.01853817,-0.0047335816,0.18637842,0.1494323,-0.13586114,0.029263096,-0.10749228
2023-03-06,-0.29916388,-0.020387692,-0.014517704,0.013549133,-0.085320055,-0.054802638,0.0679645,-0.014558131,0.047587074
2023-03-07,-1.3539213,-0.10009498,0.0185139,0.007979531,-0.43549517,-0.47058415,0.43101758,-0.036433294,0.3367504
2023-03-08,-0.19731292,-0.040376436,-0.005450425,-0.014935825,-0.11265731,-0.06884964,0.03634558,0.0057129427,0.035857163
2023-03-09,-0.58061665,-0.048448134,-0.004894232,-0.0034669363,-0.20413713,-0.16489473,0.18486248,-0.0027257642,0.15649247
2023-03-10,0.25127947,-0.0054601245,-0.013477282,-0.024240278,0.05302039,0.07847371,-0.07341811,0.06378361,-0.028021373
2023-03-13,0.45371348,-0.013568261,-0.0020209912,-0.06953725,0.14037286,0.09863416,-0.06980432,0.041503165,-0.0115091605
2023-03-14,-0.46446735,-0.062778324,0.00078810647,-0.015313652,-0.15686804,-0.18626629,0.17205253,0.0010850588,0.15259045
2023-03-15,-1.3453088,-0.19993867,-0.013153541,-0.006573603,-0.52313775,-0.5218419,0.47637495,0.056020245,0.4013616
2023-03-16,0.487271,0.03998953,0.018805388,0.010894476,0.13285355,0.13242674,-0.13734964,-0.016380578,-0.15356287
2023-03-17,0.26553398,-0.03783724,-0.035159282,-0.014604853,0.06947752,0.094283275,-0.06690972,0.04449846,-0.014484606
2023-03-20,0.21103865,0.012341506,-0.0025198588,-0.02984602,0.03008899,0.070339255,-0.07055749,0.015313163,-0.07041512
2023-03-21,-0.21642208,0.027107367,0.023900982,-0.007788413,-0.0690388,-0.06105698,0.042809233,-0.02953242,0.055256467
2023-03-22,0.29446754,0.025248429,-0.023614662,-0.010611695,0.114813134,0.12500486,-0.09454839,0.0033766166,-0.039450858
2023-03-23,-0.028520245,-0.04222892,-0.021617338,-0.03181959,-0.041689776,0.021059081,0.00094346114,0.024206067,0.08639424
2023-03-24,0.11590612,-0.012445945,0.020610724,-0.042860273,0.024114257,-0.04607787,-0.013425727,0.00698526,-0.01441882
2023-03-27,0.7129602,0.08734772,0.0057273754,-0.0012756507,0.24551737,0.19187798,-0.22117065,-0.023432635,-0.21557458
2023-03-28,0.4818184,0.022278946,-0.035230316,-0.004720662,0.14151965,0.13856111,-0.14557865,0.028237438,-0.09811658
2023-03-29,-0.23689942,-0.029369703,0.008878616,-0.065038815,-0.10971201,-0.10639068,0.08629085,-0.006380206,0.09089703
2023-03-30,0.16038227,0.0053414423,0.0012438963,-0.052339237,0.043270774,0.029120151,-0.008249143,0.010205885,0.020497369
2023-03-31,0.63343656,0.04702351,0.0054147644,-0.05436484,0.19168216,0.150962,-0.16792567,0.014697029,-0.17656228
2023-04-03,0.54525584,0.09290225,0.030123,0.028876534,0.15310593,0.15982564,-0.19080126,-0.028875835,-0.14070694
2023-04-04,-0.18734632,-0.040006794,-0.023595864,-0.060931403,-0.081421405,-0.09836481,0.14870282,0.0602496,0.14052378
2023-04-06,-0.022722444,-0.01747921,-0.0057223192,0.016515976,-0.013827636,0.031429954,-0.008960974,0.003241078,-0.0006793974
2023-04-11,0.21685812,0.0026844107,0.02194169,-0.047743943,0.04253582,0.009100919,-0.052886307,0.002520736,-0.038553573
2023-04-12,0.4340808,0.045805365,-0.008192891,-0.029092537,0.13138698,0.13734761,-0.13740744,0.017338607,-0.09086821
2023-04-13,0.38028166,0.008379088,-0.008070826,-0.0021433532,0.10432655,0.10388886,-0.07704077,0.017214272,-0.07830523
2023-04-14,-0.05665216,0.0039037075,0.008404351,-0.018750906,-0.019117095,-0.048875526,0.015518115,-0.02691134,-0.001831964
2023-04-17,0.023775067,-0.012658094,0.030101752,-0.021113884,-0.020864224,-0.08213192,0.03476373,-0.0052152597,0.0105879875
2023-04-18,0.65247923,0.042069998,0.038581964,0.026557714,0.14532098,0.13858818,-0.15887985,0.011077659,-0.12721847
2023-04-19,-0.66353315,-0.049995016,0.0019609435,-0.034651313,-0.25835094,-0.23388602,0.22353555,0.025073502,0.20660399
2023-04-20,-0.83997434,-0.093567766,-0.004257652,-0.011223504,-0.26911244,-0.26837394,0.2739396,0.0055730827,0.22700144
2023-04-21,-0.36006874,-0.011722215,0.012314923,0.01472856,-0.13173868,-0.14981851,0.15902404,-0.0063076853,0.078225896
2023-04-24,-0.027974552,-0.014673673,0.012702613,-0.010412594,-0.035186388,-0.046404526,0.032905404,0.0072545647,0.064224325
2023-04-25,-1.041059,-0.093081824,0.0066433433,0.013704936,-0.3256078,-0.34268856,0.3639744,-0.01819475,0.28190792
2023-04-26,-0.47152582,-0.029875973,-0.03496114,0.042963542,-0.15662569,-0.12768404,0.11612699,0.015416585,0.05404362
2023-04-27,-0.076325655,-0.0029284197,0.014066217,-0.02836961,-0.025921449,0.017914487,0.033048313,-0.027402395,0.059136037
2023-04-28,0.5743453,0.06965063,0.004771802,0.002501463,0.20132093,0.19679897,-0.20654164,-0.028736742,-0.18141323
2023-05-04,-1.2693609,-0.10005717,-0.054644447,-0.011721512,-0.48107782,-0.41436967,0.44443128,0.119562246,0.46193522
2023-05-05,0.95210767,0.14543231,0.03760822,0.026277013,0.34977162,0.3033279,-0.29654914,-0.071955085,-0.30108774
2023-05-09,0.3264712,0.043020394,-0.021970883,0.021835137,0.14329214,0.24376374,-0.13198315,-0.016713595,-0.10510298
2023-05-10,-0.51280254,-0.032856688,-0.029431155,0.030734751,-0.1285566,-0.12344963,0.17151299,-0.001599098,0.097978905
2023-05-11,-1.1191405,-0.02809354,-0.021512726,0.08073824,-0.40015605,-0.33600816,0.38948223,0.027240524,0.28153837
2023-05-12,-0.35759428,-0.03577332,0.004459472,-0.01627564,-0.119251944,-0.10396935,0.0640208,-0.017675487,0.12896407
2023-05-15,0.23608728,0.019920802,-0.008072272,0.022264602,0.05932143,0.13610412,-0.05906355,0.03618508,-0.0975345
2023-05-16,-0.7837922,-0.025708979,-0.05252484,-0.0006264401,-0.19294772,-0.15802722,0.23083387,-0.009398521,0.15163378
2023-05-17,0.50272053,0.063092165,-0.0065018637,0.019794185,0.20839813,0.25564867,-0.15950097,-0.022694584,-0.14292337
2023-05-18,-0.48526493,0.0079787765,0.0217825,0.021254571,-0.14058426,-0.1379004,0.16543996,-0.005704848,0.10178255
2023-05-19,0.05431963,-0.010441368,0.00017288965,0.023265917,0.029254774,0.07335689,-0.027790768,0.003079802,0.0015550209
2023-05-22,-0.036437653,0.015172328,-0.024394885,0.028202962,0.022210047,0.018905299,-0.05391656,-0.008671029,-0.06443636
2023-05-23,-0.46151268,-0.019449692,-0.015350494,0.015166718,-0.118046895,-0.07621762,0.12131483,-0.012257002,0.11918404
2023-05-24,-0.26182804,0.016021732,0.022089504,0.05506086,-0.06700455,-0.13331574,0.087713405,0.004869712,0.08782204
2023-05-25,-0.54709315,-0.05252716,0.0123333065,-0.018223401,-0.22340217,-0.1957842,0.1553538,0.0007633614,0.1514664
2023-05-26,0.6782978,0.065199025,-0.014967975,-0.018006604,0.2523107,0.24182527,-0.24835406,-0.0223598,-0.19629067
2023-05-30,-1.1110648,-0.109249786,0.05516251,-0.045723468,-0.31072494,-0.37948847,0.44141078,-0.05650915,0.33936977
2023-05-31,-0.39666146,-0.0041410313,-0.025310172,-0.00016152562,-0.12592591,-0.14603655,0.099676825,0.0370304,0.09757404
2023-06-01,0.9795235,0.11077124,-0.01331331,-0.056626625,0.31666002,0.2975035,-0.29100335,0.031324986,-0.22943288
2023-06-02,0.51584053,0.060860805,0.0036556814,0.018752515,0.17792481,0.14453153,-0.2081223,-0.016237296,-0.1939129
2023-06-05,0.14166884,0.00743068,0.004533899,-0.022006802,0.009085984,0.076495625,-0.034958754,0.01146296,-0.05422687
2023-06-06,0.23922169,-0.0057706623,-0.005819666,0.03039155,0.0723241,0.036371812,-0.08716933,0.011255592,-0.077750444
2023-06-07,0.15805909,0.04720056,-0.011839178,0.052146085,0.071466215,0.054990042,-0.065480866,0.00015192479,-0.095231436
2023-06-08,0.44875637,-0.01894038,-0.04119994,-0.05028308,0.097872324,0.1428325,-0.1525021,0.09416239,-0.0966238
2023-06-09,-0.03197183,-0.014192424,-0.001290113,0.005270844,-0.019494113,-0.0012589596,0.0023963018,0.00039735157,-0.033435103
2023-06-12,-0.91974646,-0.08029887,0.003261193,-0.0077003087,-0.29426196,-0.31437236,0.30424026,-0.008545663,0.278768
2023-06-13,0.53554845,0.021229243,0.022977106,-0.03908295,0.1377998,0.16310893,-0.16917896,-0.013868607,-0.19293591
2023-06-14,0.20638974,-0.028469194,-0.00090697047,0.0113354055,0.07538063,0.06338313,-0.07337655,0.0023813297,-0.06629851
2023-06-15,1.0403271,0.09560638,-0.009128824,-0.020253066,0.2881416,0.32244873,-0.32904452,0.04592196,-0.30563974
2023-06-16,0.73683304,0.06451855,-0.0133101065,-0.01756549,0.2526777,0.21486565,-0.20404924,0.011920147,-0.18087555
2023-06-20,-1.0265436,-0.0565502,0.022750976,0.01572018,-0.37036568,-0.33638963,0.27665398,-0.026657578,0.25843915
2023-06-21,0.12518376,0.054194916,-0.01997182,-0.009299968,0.12087361,0.062342625,-0.06981501,-0.03648388,-0.056257494
2023-06-26,-1.180675,-0.16102928,-0.0110794315,-0.00032356716,-0.49860984,-0.51966316,0.38470522,0.107085764,0.2819534
2023-06-27,-0.10380361,-0.0398553,0.015223716,0.010158729,-0.025280023,-0.076703936,0.039124563,-0.019273411,-0.003683609
2023-06-28,-0.4710112,-0.012480221,0.014211977,0.020721199,-0.13685851,-0.11381269,0.17581049,-0.04310207,0.09582319
2023-06-29,0.022731854,-0.00081214,0.024462372,0.012094718,-0.009974886,-0.04626621,0.012750228,-0.006825641,-0.011062956
2023-06-30,0.6750254,0.004863109,-0.03625727,-0.063308634,0.18057284,0.21685055,-0.18494509,0.07064699,-0.24884108
2023-07-03,0.028032541,0.014994149,0.03120436,-0.03890085,-0.064669386,-0.012432026,-0.044608008,-0.003789623,0.0067069433
2023-07-05,0.68125015,0.060514785,-0.005348848,0.010114173,0.21179996,0.23842983,-0.17067686,0.008403463,-0.17826019
2023-07-06,-0.50443065,-0.03105022,-0.003932456,0.015102566,-0.10115079,-0.1728656,0.14943318,-0.027706437,0.13814351
2023-07-07,0.40376988,0.018486643,-0.0023374937,-0.0036990438,0.12920794,0.1450075,-0.12263086,0.019265162,-0.096563295
2023-07-10,0.2448967,0.014021152,0.013124246,0.0021468117,0.040288653,0.036590707,-0.04893363,0.013708987,-0.07273547
2023-07-11,0.41209495,0.042985447,-0.011131833,0.019297533,0.14821108,0.13148317,-0.1196475,-0.004532359,-0.08343024
2023-07-12,0.62761426,0.0024818743,-0.018973712,-0.030945383,0.19868217,0.2336199,-0.15270405,0.065404445,-0.12726668
2023-07-13,0.7998805,0.043734167,-0.018388597,-0.031651296,0.25653756,0.20643184,-0.2919202,0.043749496,-0.18744309
2023-07-14,-0.20023274,-0.025621118,-0.0042581637,-0.02745142,-0.06011954,-0.051045775,0.06352686,0.010458431,0.11638715
2023-07-17,-0.78990346,-0.10909524,-0.012697571,0.048681494,-0.33440918,-0.20317677,0.35779813,0.04335629,0.22544442
2023-07-18,0.45847216,0.022400228,0.0008042593,-0.034720737,0.16414903,0.07639403,-0.11182464,0.0067159208,-0.064411655
2023-07-19,0.36727798,0.0036512585,-0.026019175,0.00067355874,0.10833772,0.0862028,-0.09614089,0.03373011,-0.070300125
2023-07-20,0.20308185,-0.0028498601,0.011146773,0.00820225,0.03002962,0.054072775,-0.07670005,0.0012187106,-0.09969501
2023-07-21,0.34959167,0.042001884,0.005762913,0.030401696,0.10462013,0.103595704,-0.09605033,0.0003394982,-0.1481341
2023-07-24,0.92771244,0.08016341,0.016870057,0.009700954,0.3078238,0.2942688,-0.3085419,-0.04900945,-0.2542067
2023-07-25,0.4997959,0.017338943,0.0031409236,-0.04342942,0.12582995,0.11318838,-0.12998405,0.018362986,-0.11061161
2023-07-26,-0.16873342,0.02104126,-0.028298637,0.022890868,-0.050202165,-0.03869608,0.08452808,0.04723751,0.04181146
2023-07-27,-0.34690726,0.005980737,-0.02127992,0.037117165,-0.086094685,-0.06761354,0.08568702,0.0011528024,0.05242885
2023-07-28,0.19674873,-0.01198277,0.015771355,-0.005030602,0.021759363,0.04804535,-0.043136496,0.007227515,-0.015845519
2023-07-31,0.25541848,0.02877805,0.0081432825,-0.012974677,0.09885816,0.10100996,-0.07020881,0.0077275736,-0.061452236
2023-08-01,-0.21993035,0.014251273,-0.0123148095,0.0445202,-0.04083588,-0.0869648,0.11085318,-0.026084544,0.0048374166
2023-08-02,-1.0369252,-0.077131025,0.015907232,-0.009772098,-0.34652132,-0.35025242,0.3550448,-0.0011597193,0.26578552
2023-08-03,0.18642576,0.04228,0.008480304,-0.0032102757,0.051649638,0.07365931,-0.06404237,-0.003376584,-0.06266846
2023-08-04,0.15991113,0.015643017,0.0009251848,0.022627419,0.054343574,0.013412545,-0.047026906,-0.0031737606,-0.05097802
2023-08-07,-0.35745353,-0.042412475,0.0034784507,0.018435674,-0.116434745,-0.10676114,0.111693814,-0.023872415,0.084017135
2023-08-08,-0.21948956,0.0062187705,0.00085040653,0.03116232,-0.0630888,-0.12595317,0.07790025,0.0077642445,0.056513086
2023-08-09,0.4575797,0.059186388,-0.002953525,0.031322822,0.16915807,0.14433642,-0.1410268,-0.0011117752,-0.14892532
2023-08-10,-0.15463491,-0.028230505,-0.010617029,0.004657441,-0.05401794,-0.029726204,0.062341668,-0.012206575,0.059620116
2023-08-11,-0.35333872,-0.03719802,0.021502728,-0.009454025,-0.12153435,-0.11385693,0.13493192,-0.029993415,0.09813149
2023-08-14,-0.5698585,-0.045817398,-0.009311108,-0.021492079,-0.2511387,-0.21611945,0.16817161,0.04335753,0.18490627
2023-08-15,-0.9828767,-0.12671584,0.010213408,-0.016564801,-0.35024077,-0.33978203,0.36570707,-0.04024121,0.29736704
2023-08-16,-0.092971474,-0.027101874,-0.0026238651,-0.011788229,-0.052064728,-0.05013331,0.025474545,0.0045002326,0.01808352
2023-08-17,0.35087848,0.049818747,0.008065797,-0.025332628,0.089846835,0.06768274,-0.08641841,0.021288123,-0.08798292
2023-08-18,0.50941396,0.04459245,-0.017209044,-0.026659386,0.121015996,0.11051818,-0.14214265,0.047855813,-0.13866603
2023-08-21,-0.06976612,0.001995984,0.004665483,-0.027026609,-0.031487793,-0.019679239,0.021669451,0.005381603,0.045268912
2023-08-22,0.022846324,-0.0017639685,-0.01970304,-0.017989745,0.038007088,0.06410881,-0.009305802,-0.006941545,0.012749122
2023-08-23,0.60613436,0.0011846927,0.0012879423,-0.066358104,0.19533569,0.19233882,-0.18508598,-0.0037942633,-0.12758988
2023-08-24,0.016235655,0.008024666,-0.014316091,0.033825252,0.026063876,0.009788793,0.00033179135,0.00047622304,-0.019314667
2023-08-25,0.54060125,0.04844006,-0.014833899,0.01979673,0.18926856,0.16483182,-0.15889181,0.011281776,-0.16231133
2023-08-29,0.30153662,0.027998071,0.02677647,-0.0049052374,0.034837205,0.03948838,-0.06460042,0.011436245,-0.022214465
2023-08-30,-0.14621145,-0.014208303,0.014469104,0.005059416,-0.09426699,-0.06959187,0.06681683,-0.002131021,0.058447998
2023-08-31,-0.08924914,0.015564651,-0.0030857315,-0.0112307435,-0.012887274,-0.02330103,0.038257882,-0.00911103,0.02350439
2023-09-01,0.4198499,0.049444374,-0.0037247774,-0.008682946,0.11876619,0.12117717,-0.10587103,0.010265009,-0.07674542
2023-09-05,-0.10306186,0.018189995,-0.025969636,0.03477456,-0.0009246109,-0.011882652,-0.012852572,0.008060636,-0.002876083
2023-09-06,-0.37371784,-0.019026475,-0.0039585656,-0.003552932,-0.08827033,-0.117913306,0.1111674,-0.0077926354,0.08651694
2023-09-07,-0.30548543,-0.02399388,-0.0123487385,0.04082084,-0.069914624,-0.07293669,0.091343194,-0.00042785917,0.081709705
2023-09-08,-0.04289006,0.034260068,-0.0024237868,0.034845702,0.01393497,-0.015089133,0.03838504,-0.0066563906,0.017249677
2023-09-11,0.7631283,0.055055477,0.0027162263,-0.0069250944,0.24624808,0.22910091,-0.25138074,-0.0039260387,-0.2110073
2023-09-12,-0.08569152,0.000569661,0.008884797,-0.009613635,-0.0656136,-0.024098245,0.05082659,-0.0013709483,0.037298292
2023-09-13,0.14000273,0.0045420635,-0.002893544,-0.00866407,0.046610147,0.0074880426,-0.069501,0.002641587,-0.08063339
2023-09-14,0.39832446,0.054463673,0.006583793,0.037986953,0.14202054,0.116913356,-0.11966054,-0.013204379,-0.118725315
2023-09-15,-0.11886878,-0.047164034,0.006464461,-0.07462492,-0.0715009,-0.06717903,0.07084112,0.017430257,0.08676548
2023-09-18,-0.15738304,-0.018234704,0.012044539,0.008992656,-0.04960629,-0.041768074,0.06466535,-0.01956027,0.06785687
2023-09-19,0.24180515,0.034541238,0.012182618,-0.017478893,0.073618166,0.029504117,-0.02376412,0.019391697,-0.027176525
2023-09-20,-0.13393266,-0.0053611505,-0.023770796,-0.016608668,-0.019787135,-0.047069464,0.018312259,0.026777865,0.07410917
2023-09-21,-0.67967737,-0.016316926,-0.013774053,0.03705323,-0.181768,-0.20526735,0.24298202,-0.01757793,0.16211013
2023-09-22,0.103348,-0.0134366825,-0.0018395996,-0.033885933,0.021169223,-0.0014325976,-0.02205261,0.002593092,-0.021568412
2023-09-25,-0.55260104,-0.014496408,-0.0017355672,0.014349243,-0.1803679,-0.19426203,0.1659494,-0.008630403,0.18411039
2023-09-26,-0.1784525,0.007233034,0.014753248,0.014227405,-0.059347004,-0.06796549,0.05140819,-0.023528555,0.022577018
2023-09-27,0.16643016,0.053371534,0.02548885,0.013820493,0.044633508,0.02223864,-0.048281696,-0.015595779,-0.059727136
2023-10-09,-1.617256,-0.19396883,-0.0093623055,-0.054879777,-0.60494447,-0.57165736,0.57085544,0.02902804,0.48134965
2023-10-10,-0.28356433,0.0008391303,-0.010241101,0.014609405,-0.08085061,-0.06395484,0.09237311,0.01820362,0.09267227
2023-10-11,-0.41394597,-0.04519247,-0.0014380065,0.012495161,-0.13320512,-0.16242155,0.14232117,0.021108927,0.15938787
2023-10-12,0.12189551,0.031374417,-0.0016720063,-0.015880171,0.028180297,0.011520947,-0.051426206,0.013424522,-0.018373743
2023-10-13,1.0455194,0.06650629,-0.07162442,0.010653044,0.3101339,0.3481378,-0.3006352,0.10504745,-0.21771528
2023-10-16,-0.3135595,-0.039990075,-0.019566765,-0.026367081,-0.07886467,-0.047991846,0.103857346,-0.041502137,0.028488077
2023-10-17,-0.005528582,-0.0070282035,-0.008093582,-0.02936546,0.014701188,0.027575279,-0.008209213,0.015364376,0.00966022
2023-10-18,0.33744022,0.022742767,-0.012322853,0.033248678,0.10028454,0.12610169,-0.12426253,0.0007191678,-0.06803715
2023-10-19,0.057169188,0.043817077,-0.029017648,-0.01555779,0.03638529,0.024726922,-0.03131549,0.024859963,-0.016732112
2023-10-20,0.013879932,-0.038130242,0.009475654,0.0013175228,-0.007647788,-0.02456126,0.037447914,0.0022080343,0.014507963
2023-10-23,-0.578429,-0.05709762,0.01713524,-0.013316446,-0.21080111,-0.17931175,0.20201975,-0.022145806,0.15922306
2023-10-24,-0.40564418,-0.042324502,-0.0010824442,-0.021309549,-0.14056572,-0.124184035,0.084862806,0.006582851,0.10128126
2023-10-25,0.3575296,-0.03188608,0.03314177,-0.022037249,0.107050925,0.10127067,-0.08819734,-0.05861807,-0.075170934
2023-10-26,-0.32926154,-0.037833903,0.0038876957,-0.021568533,-0.13857138,-0.11463915,0.12976322,0.020520085,0.13151522
2023-10-27,0.49678496,0.038819537,0.012591968,-0.008700609,0.15213005,0.16918387,-0.19101751,-0.014224352,-0.14860764
2023-10-30,-0.16261189,-0.05161801,0.008336903,-0.04692114,-0.108011246,-0.06912104,0.11021284,0.03076791,0.10118848
2023-10-31,-0.2955981,0.0043018553,0.01334083,0.05429391,-0.10205892,-0.08891186,0.10890604,0.0015695075,0.06598666
2023-11-01,-0.47106856,-0.04724492,-0.058927808,-0.02508498,-0.09875337,-0.10185614,0.14375754,0.017711354,0.075629905
2023-11-02,0.4565676,0.07029259,0.009283041,0.014195418,0.14740339,0.17108922,-0.15731986,-0.0029725593,-0.13163339
2023-11-03,0.030041233,-0.008489865,-0.0036505938,-0.04276951,0.01643634,-0.0044747703,-0.015376607,0.004183986,0.0063540926
2023-11-06,0.23105553,0.0009886072,0.008508847,0.009798496,0.07813375,0.068666644,-0.10988748,-0.0064209118,-0.109296866
2023-11-07,-1.2395214,-0.11782443,-0.004709532,0.02847864,-0.42673066,-0.43977624,0.39080557,0.020898037,0.31253067
2023-11-08,-0.35292035,-0.046925377,0.007942779,-0.0423192,-0.10242173,-0.16240239,0.11031579,-0.0011918471,0.10614821
2023-11-09,-0.136193,-0.047398966,-0.00033560744,-0.0054184482,-0.08561993,-0.053981062,0.05751763,0.016520072,0.040178668
2023-11-10,-0.34330505,0.005063486,0.016026426,0.03644187,-0.117118455,-0.15448551,0.113311596,-0.017274803,0.05913527
2023-11-13,0.73646975,0.056069523,-0.008298655,-0.034121398,0.19641225,0.229781,-0.2330415,0.03898544,-0.20795679
2023-11-14,0.5838411,0.0145205585,-0.01152419,-0.02429541,0.16726004,0.14298694,-0.14067732,0.031443205,-0.12673496
2023-11-15,0.15927474,0.00042772037,-0.01849979,-0.04968487,0.053769935,0.04666809,-0.058353703,0.02814844,-0.066293925
2023-11-16,-0.9511738,-0.12275177,0.0011420255,-0.06482829,-0.33569974,-0.32859433,0.3433065,0.016556036,0.31488082
2023-11-17,0.24068385,0.018556966,0.008980918,0.01681885,0.06345062,0.107148506,-0.08279527,-0.018647376,-0.06850818
2023-11-20,0.72764677,0.090599306,0.016237948,0.006058662,0.23036492,0.2550228,-0.23678097,-0.020291174,-0.26204386
2023-11-21,0.38661835,0.011914516,-0.01213945,-0.03275132,0.10928295,0.094821624,-0.08575544,0.024336275,-0.09140844
2023-11-22,-0.5947416,-0.04014281,0.0048135603,0.008928629,-0.22168414,-0.22665636,0.21667358,0.00415624,0.18923004
2023-11-24,-0.33835512,-0.03497179,-0.021993432,-0.026233759,-0.12652579,-0.13718835,0.14673437,0.03451153,0.133202
2023-11-27,-0.2602586,-0.04433356,0.0087790955,-0.018717295,-0.09897303,-0.103691466,0.06889993,0.016062032,0.07523214
2023-11-28,0.9503943,0.056322854,7.81099e-05,-0.016709292,0.2554112,0.2835276,-0.27580366,0.031349376,-0.24394499
2023-11-29,0.12937522,-0.028390735,0.033546634,-0.07961735,0.0074458974,0.03960965,-0.021202069,-0.026436632,0.04040138
2023-11-30,-0.19849338,-0.061315197,0.005411001,-0.07756669,-0.13605711,-0.12696792,0.066787094,0.06168815,0.101780474
2023-12-01,-0.33663788,-0.07033306,-0.009951683,-0.046157427,-0.1876297,-0.12150558,0.123928726,0.03163714,0.109380946
2023-12-04,-0.8062434,-0.098183714,-0.013784925,-0.009522047,-0.2727537,-0.27456886,0.26175782,-0.02825144,0.14373343
2023-12-05,-0.49792928,-0.028684933,-0.0015592333,0.0077962745,-0.1856585,-0.23757967,0.18296263,0.01397126,0.15772197
2023-12-06,-0.99550444,-0.1024564,-0.00793501,-0.030598698,-0.3657189,-0.41275018,0.3575535,0.03363845,0.2893688
2023-12-07,0.460958,0.018287823,0.011524312,-0.05871025,0.08836617,0.1387966,-0.14620985,-0.012499721,-0.13689731
2023-12-08,0.07221389,0.02816486,0.013331658,0.03187533,0.025831375,0.06994176,-0.05276715,-0.038157795,-0.066642225
2023-12-11,-0.078767926,0.051120117,-0.014015195,0.047622878,-0.045375746,-0.044512875,0.022869617,0.035231087,-0.02242708
2023-12-12,-0.45276803,-0.06841137,-0.025947036,-0.010985353,-0.14815004,-0.12036439,0.15658478,-0.0057835793,0.115092486
2023-12-13,-0.26795638,-0.02444887,0.012829898,0.004131614,-0.08854863,-0.10371789,0.07219397,0.013477924,0.080122106
2023-12-14,1.292111,0.106867045,0.0030371319,-0.04576338,0.45910573,0.45164987,-0.3867969,0.0063279504,-0.2994064
2023-12-15,0.46462023,0.04758111,0.013615205,0.016672669,0.1697651,0.10845731,-0.16197659,0.0040393225,-0.10396014
2023-12-18,0.19339673,0.04418099,0.009902019,0.044749264,0.067473,0.035356704,-0.042888246,0.013020163,-0.07777024
2023-12-19,0.42736048,0.014756262,-0.01799525,-0.011454498,0.12223655,0.17258681,-0.12726551,0.014166011,-0.08987425
2023-12-20,-0.16491443,-0.013998774,-0.0032469814,-0.011419984,-0.06200929,-0.055263653,0.052305568,-0.0043755397,0.054692842
2023-12-21,-0.24592333,-0.0023551192,0.010297905,-0.01989772,-0.10463172,-0.08745681,0.08764019,0.011866037,0.123287484
2023-12-22,0.19119187,0.0139861265,-0.009813795,0.010567974,0.088092566,0.067199804,-0.056895223,-0.011929417,-0.039450437
2023-12-27,0.56433856,0.018040774,0.009430258,-0.03952457,0.16401723,0.20323399,-0.18485543,-0.024437217,-0.13067529
2023-12-28,-0.383184,-0.056459416,-0.021417843,-0.015219932,-0.116533525,-0.08817301,0.12299183,-0.012694251,0.13095991
2023-12-29,-0.4840412,-0.04974593,-0.0127149075,0.0020558196,-0.13711579,-0.1927604,0.15570337,0.006346584,0.091724806
