date,F1,F2,F3,F4,F5
2013-10-21,0.42250848,0.111589864,0.10802358,-0.504352,0.09798156
2013-10-22,0.6928689,-0.7599397,0.07641694,-0.65320575,0.23673403
2013-10-23,-0.4322671,0.8265661,0.015695179,-0.23434699,-0.8397758
2013-10-24,0.6491426,-0.40550345,0.56346667,-0.54475826,-0.4599385
2013-10-25,0.15069538,-0.1166976,0.5535398,-0.08414822,-0.04060918
2013-10-28,0.2662184,-0.641357,1.345763,-0.030524136,-0.14341715
2013-10-29,0.11364998,0.504027,0.30695498,-0.08364918,-0.06733377
2013-10-30,0.7263767,-0.4093156,0.24121577,-0.14935696,-0.1856371
2013-10-31,-0.76030445,1.083826,0.8932775,0.11138588,-0.18175836
2013-11-01,-0.48549908,0.047867466,0.065378964,-0.62480867,-0.00553557
2013-11-04,-0.19225666,0.057600696,0.46208504,-0.2239885,-0.5230946
2013-11-05,0.013235986,0.20162222,0.4614397,-0.22163287,-0.17764457
2013-11-06,0.39099324,-0.28485107,0.48268116,-0.1488484,-0.41221678
2013-11-07,-0.03907201,0.5383223,0.034874044,-0.26276386,-0.17852287
2013-11-08,-0.12571861,0.8668403,0.32724628,0.6138172,-0.046047144
2013-11-11,0.031991705,0.24138992,0.3409002,0.42406943,-0.33417577
2013-11-12,-0.14889652,0.668051,0.1403776,0.025871633,-0.28276187
2013-11-13,-0.15431625,0.27586898,0.70960784,0.25600561,-0.23531273
2013-11-14,0.83377826,-0.44131804,0.54983115,-0.4059316,-0.7709569
2013-11-15,0.3771952,-0.2702789,0.7712667,-0.37273684,-0.25562966
2013-11-18,-0.62566155,0.37174,0.70553875,0.045403335,-0.06275077
2013-11-19,0.11443073,-0.1334638,0.11517221,-0.2699372,0.35477716
2013-11-20,-0.2032124,0.4014384,0.5573428,0.5594923,-0.44800597
2013-11-21,0.12956725,0.35213965,0.31164044,0.89693004,-0.01132589
2013-11-22,0.29081127,0.40126556,0.1371938,0.09750335,0.118411526
2013-11-25,0.12431879,0.42443654,-0.15414962,-0.09301661,-0.18750246
2013-11-26,0.18904097,0.123944305,0.48900262,-0.06827838,-0.40090618
2013-11-27,-0.12344541,0.38901445,0.5651808,0.032189947,-0.6662082
2013-11-29,0.8540537,-0.21564104,-0.30071795,-0.33100915,-0.096321546
2013-12-02,-0.60633963,0.73171467,1.0177032,0.47798523,-0.22980414
2013-12-03,-0.037886713,-0.012052139,0.3784376,0.36409917,-0.20770687
2013-12-04,1.1290095,-0.78136414,-0.18130736,-0.63361824,0.36342308
2013-12-06,-0.26409158,0.60235333,0.5271932,0.17688012,0.26688486
2013-12-09,0.5717318,0.18907759,-0.37482843,-0.4480212,0.09493337
2013-12-10,0.8774117,-1.0256109,0.047124505,-0.54808253,-0.13325912
2013-12-11,0.40027583,0.4111398,-0.060753103,0.052817605,0.12778509
2013-12-12,-0.52108616,0.8505702,1.1463907,0.035739195,-0.308486
2013-12-13,0.49722993,-0.32006937,0.44520167,-0.5978566,0.049825396
2013-12-16,1.5753819,0.57743454,0.22621752,-0.35334983,-0.6683055
2013-12-18,-0.52823913,-0.32439584,0.75362533,0.112083204,-0.084079415
2013-12-19,-0.6549327,1.2147007,0.48933437,0.8765856,-0.14626479
2013-12-20,0.7375868,-0.3877808,-0.05311987,0.063638754,0.33325073
2013-12-23,-0.089623824,0.035531666,0.6881423,-0.12065205,-0.43643793
2013-12-24,0.30991074,-0.3313297,0.22960266,-0.094280005,0.2236716
2013-12-27,1.136735,-0.8726444,0.2894427,-0.4411349,0.33748463
2013-12-30,-0.40296006,0.594184,0.6113458,-0.18982652,-0.21019578
2013-12-31,-0.3363102,0.04420893,0.46374363,-0.06442491,-0.2539614
2014-01-02,0.6390753,-0.80963266,-0.043325283,-1.1445001,-0.62323254
2014-01-03,-0.048052438,-0.1328613,-0.31181875,-0.3163862,-0.9318413
2014-01-06,-0.15190439,-0.031184666,-0.15075682,0.13712241,-0.052334137
2014-01-07,0.15699725,0.56583846,0.58082974,-0.014178514,0.170584
2014-01-08,-0.12563147,-0.05524115,0.82306916,-0.32559162,-0.42771012
2014-01-09,0.04315184,-0.024946272,0.4088848,-0.51708317,-0.492746
2014-01-10,0.8725024,-0.5347654,-0.47866362,-0.012836305,0.05196016
2014-01-13,0.45651063,0.1070008,-0.056143098,-0.15603986,0.2945083
2014-01-14,0.53569305,0.78308195,0.23304018,-0.11400039,-0.22607629
2014-01-15,0.45440963,0.0634074,1.0801896,-0.050042514,0.15294226
2014-01-16,-0.013814876,0.093893245,-0.33458036,0.15061729,-0.024328835
2014-01-17,0.6710508,-0.5197214,0.5943857,-0.43110433,-0.04574927
2014-01-21,0.0021590006,0.39471087,0.71451604,0.10358788,-0.24317233
2014-01-22,0.26315117,0.069768965,0.6175415,0.32426846,-0.7397671
2014-01-23,0.19911207,-0.3244493,-0.07122,-0.03453426,-1.0469532
2014-01-24,-0.20308903,0.32866123,0.356077,0.45174184,-0.87992424
2014-01-27,-0.110942505,0.16124949,0.62614393,-0.73048383,-0.14354748
2014-01-28,-0.24333425,0.31997773,0.37327364,0.57416123,-0.14014634
2014-01-29,0.19767478,-0.415999,0.720723,0.11671481,-1.19643
2014-02-10,0.5915207,0.42810452,-1.9087821,0.022092028,0.7661031
2014-02-11,0.5732962,0.019657778,0.08565427,0.013500715,-0.64490694
2014-02-12,0.55425626,-0.59440666,0.17971724,-0.26860934,0.37679058
2014-02-13,0.34599808,0.1613836,-0.019666415,0.27031165,-0.64548355
2014-02-14,0.7377578,-1.0295421,-0.06190731,-0.3262193,-0.22932643
2014-02-18,0.9384882,0.0036036628,-0.8759397,0.84396327,-0.5526974
2014-02-19,0.22375458,-0.20711578,-0.111207716,0.6593398,-0.7444088
2014-02-20,0.014443197,0.4137174,0.45886675,0.089626566,-0.2176604
2014-02-21,0.36158523,-0.014910779,-0.16274707,-0.31271487,-0.22090864
2014-02-24,0.35963756,-0.26248014,-0.4184059,-0.3206274,0.47441185
2014-02-25,0.17924723,0.25830343,0.079837285,-0.40287644,0.08624961
2014-02-26,-0.24720174,0.62905365,0.6996699,0.17622755,0.38068417
2014-02-27,0.5424274,-0.16812922,0.49665272,-0.7895288,0.063036
2014-02-28,0.40605718,0.92808443,0.07198336,0.36704403,-0.5079083
2014-03-03,-0.20077324,-0.94351155,-0.7415744,0.8306781,0.03896025
2014-03-04,0.3861225,0.872559,-0.31650805,0.062411636,0.5485001
2014-03-05,0.04732567,-0.29097456,-0.3578611,-0.46970505,0.22007427
2014-03-06,0.5393355,0.12217295,-0.62738496,0.1655398,-0.06797518
2014-03-07,-0.4498225,0.84846205,0.43414426,0.5700704,-0.88949025
2014-03-10,-0.20722122,-0.48638973,0.46906352,-0.40910736,-0.49341726
2014-03-11,-0.44107345,0.13751483,-0.1306224,0.37131464,-0.94850683
2014-03-12,0.57022285,-0.5026877,-0.1223732,-0.6313474,-0.35934398
2014-03-13,-0.029644173,0.15765047,0.2085414,-0.20671521,-0.4269498
2014-03-14,0.40496215,-0.1532896,0.90195966,-0.29201052,-0.42598203
2014-03-17,0.120738156,0.928976,0.0073571918,-0.31960377,-0.53134584
2014-03-18,-0.09878306,0.62034243,-0.394324,0.6728583,0.5043639
2014-03-19,-0.3086993,0.46345055,-0.25294104,0.29207772,0.32492217
2014-03-20,-0.6435537,0.33281758,1.1405727,-0.0033789417,-0.56609255
2014-03-21,0.3099339,-0.24444945,0.7595458,-0.23631053,-0.018029295
2014-03-24,-0.36759087,0.7297955,-0.20102356,0.40698907,0.13958307
2014-03-25,0.4564907,0.22560836,0.21164915,-0.11623255,0.6703269
2014-03-26,-0.1774743,0.32310292,0.71187866,0.108907655,-0.66386896
2014-03-27,0.029905489,0.30837804,-0.10002008,0.64474136,-0.13899803
2014-03-28,0.3935834,-0.1677491,0.38882437,-0.20461592,0.14476778
2014-03-31,0.11499625,0.5291834,-0.17218329,-0.089965485,0.3411999
2014-04-01,0.20090938,0.4497021,0.084229745,-0.36230007,-0.13130759
2014-04-02,0.48411232,-0.70083886,0.83590025,-0.92163026,-0.03356237
2014-04-03,0.10350695,0.2730775,0.10486493,0.6270598,-0.018001653
2014-04-04,0.4146441,-0.6229326,-0.012777029,-0.10679837,-0.12468005
2014-04-08,0.4518984,-0.057549074,-0.09157616,0.351823,-0.22177948
2014-04-09,0.2868887,0.12748495,0.63104415,0.25384808,-0.04015984
2014-04-10,0.70141953,-0.8283215,0.37240878,-0.5343279,-0.0805493
2014-04-11,0.15353791,0.02993621,0.82827026,-0.27957985,-0.33843946
2014-04-14,0.60017926,0.17424206,-0.34040248,0.24652444,0.06706047
2014-04-15,-0.576016,1.1302114,0.18474096,0.4676659,0.047973797
2014-04-16,0.45314747,0.010036649,0.22238792,-0.046338525,0.5064969
2014-04-17,0.40807226,0.15972535,0.3082961,-0.009880056,-0.77797467
2014-04-22,-0.06152529,0.18274562,0.62233555,-0.23502855,0.47850955
2014-04-23,0.1580756,0.12281968,-0.35833007,0.034024443,-0.4075943
2014-04-24,0.53364,-0.3287591,0.22449963,-0.10121309,0.10692713
2014-04-25,0.21711381,0.38315138,-0.49687386,-0.16570121,-0.15771368
2014-04-28,0.0008507274,0.5134361,0.2464294,-0.15874346,-0.52009386
2014-04-29,0.12662303,0.3744593,-0.45658216,0.5272616,-0.38956922
2014-04-30,-0.12132854,0.70608854,0.07136439,-0.43887538,-0.21023147
2014-05-06,-0.21422032,-1.2477733,-0.010279946,-0.7583379,0.021325454
2014-05-07,-0.50821996,0.23940678,1.0281593,0.3231939,-0.18792404
2014-05-08,0.32883146,0.50826246,0.029886842,-0.1282512,0.49657685
2014-05-09,0.12029397,0.10438765,0.53660613,-0.24195859,0.13749833
2014-05-12,0.7675454,-0.90054655,0.42407757,-0.49589753,0.6482441
2014-05-13,-0.10099802,-0.049310405,-0.118452355,0.3354663,0.08519972
2014-05-14,0.6070763,-0.8300849,0.75327295,-0.29842117,0.11792174
2014-05-15,-0.41139212,-0.05881699,0.8462558,0.15745205,-1.3635434
2014-05-16,0.122027114,0.1879349,0.8715524,-0.36582848,-0.08620372
2014-05-19,0.802601,0.3475819,0.4436526,-0.46445706,0.084054
2014-05-20,0.06760508,-0.2669372,0.5423677,-0.15058823,-0.44108817
2014-05-21,0.048120894,0.42908326,0.27598625,0.30214515,-0.2407164
2014-05-22,0.4522252,-0.4087804,0.25984934,-0.39634076,0.4186379
2014-05-23,-0.10861425,-0.10227457,0.6451824,0.0128472475,0.10815574
2014-05-27,-0.31925467,0.2375411,1.2549764,-0.18935627,0.016937062
2014-05-28,-0.03229295,0.280605,0.27517655,-0.11848344,-0.042518772
2014-05-29,0.2406741,0.29803228,0.30235136,-0.066751406,-0.25526112
2014-05-30,-0.1788558,0.4671326,0.73429084,-0.4317472,-0.056738336
2014-06-03,0.30437148,0.18347505,0.7882543,-0.65951395,0.12475494
2014-06-04,-0.041991968,0.10605753,0.20714077,-0.027772246,-0.4111618
2014-06-05,0.52551705,-0.56129605,0.79664874,-0.46324244,-0.42303693
2014-06-06,0.13376515,0.32427353,-0.38634166,0.22337006,-0.060869504
2014-06-09,0.7011672,0.07375619,0.7712352,-0.29834768,0.036683857
2014-06-10,0.5042415,-0.14756724,0.24390092,-0.4867495,-0.29617196
2014-06-11,-0.015858566,-0.3948837,0.98777014,-0.14017674,-0.8522543
2014-06-12,0.30542335,-0.21749479,0.62402445,0.39767286,-1.2178552
2014-06-13,0.39214495,0.29991162,-0.4021028,0.36243442,0.17626876
2014-06-16,0.58925635,-0.05283914,0.39195046,-0.124683954,-0.22634017
2014-06-17,0.32993844,0.002420316,0.4008079,-0.07766101,0.27782345
2014-06-18,0.27384013,0.221718,-0.3712935,0.16440628,0.18830508
2014-06-19,1.0694904,-0.9764138,-0.30772534,-0.30326298,-0.39382112
2014-06-20,0.25699618,-0.3134792,0.2613659,-0.23370254,0.05859703
2014-06-23,0.34507445,0.04289451,0.40937647,-0.44450843,0.096418574
2014-06-24,0.37184718,-0.36975598,1.0414233,-0.27916417,-0.7347615
2014-06-25,0.37233672,0.02150879,0.050325774,-0.29065293,0.1105503
2014-06-26,0.08612278,0.37636197,0.030963443,-0.16979466,0.12129953
2014-06-27,0.11527743,0.025630454,0.54445493,-0.2643396,-0.49328956
2014-06-30,0.25864616,-0.5746121,1.2849995,-0.88306856,-0.14121535
2014-07-01,-0.12287233,-0.64395124,0.1290781,-0.17159626,0.0337867
2014-07-02,0.70246524,-0.3169112,0.5577559,-0.77945065,0.76481754
2014-07-03,0.22797176,0.5815403,0.25529137,-0.1038709,-0.08119954
2014-07-07,-0.11669429,-0.14912443,1.2335511,-0.6256897,-0.26431432
2014-07-08,0.07796443,-0.32840827,0.4121764,-0.5123539,0.19140482
2014-07-09,0.0688161,-0.40965977,0.50930524,-0.5358789,-0.30936733
2014-07-10,-0.0788145,-0.97200215,0.92319715,-0.4284559,-0.3911766
2014-07-11,0.26943836,-0.13904971,0.97382826,-0.8264561,-0.03828322
2014-07-14,-0.5925801,0.63212234,0.42159393,0.44995454,0.23675305
2014-07-15,-0.042243596,-0.780295,1.6836069,-0.9531238,-0.17955457
2014-07-16,-0.17451288,-0.048610546,0.13102105,0.1768999,0.15735492
2014-07-17,0.796786,-0.4806123,0.32201627,-0.423934,-0.053532355
2014-07-18,-0.055858646,0.26426736,0.6876303,-0.15077637,-0.39174652
2014-07-21,0.5267332,-0.40973282,0.6729159,-0.43086585,0.61900693
2014-07-22,0.55111206,0.44573027,0.57490003,-0.37933424,0.18122318
2014-07-23,0.29097366,0.44301674,-0.0029291757,0.031332165,-0.29764268
2014-07-24,-0.04229379,0.5441208,0.64154714,-0.096994996,0.3343331
2014-07-25,0.42960218,-0.18931158,0.17759508,0.030993057,-0.60614544
2014-07-28,0.39744693,0.47872156,-0.07163269,-0.15456642,0.016990367
2014-07-29,-0.14725444,-0.16919369,1.1629801,-0.19433808,-0.81325644
2014-07-30,0.225568,-0.110491574,0.22946207,-0.42842206,0.62761116
2014-07-31,-0.40986747,0.3328971,0.24294738,0.08496641,-0.5499635
2014-08-01,0.071975976,-0.0351219,0.22555625,-0.5902353,-0.4920661
2014-08-04,0.44414383,0.6042294,-0.25302798,0.22235957,0.70426726
2014-08-05,-0.2934596,0.366463,0.6084933,-0.19912384,-0.4775784
2014-08-06,0.4939487,-0.08693387,-0.6523415,0.22934912,-0.4617079
2014-08-07,0.051041827,-0.4095847,0.7465755,-0.12807442,-0.092982166
2014-08-08,-0.14880104,0.046237454,0.41838473,-0.08399438,-0.21481918
2014-08-11,0.3465629,0.27946377,-0.27471453,0.045596644,-0.10457901
2014-08-12,-0.24493718,-0.3048521,0.7070431,-0.42294216,0.0048783445
2014-08-13,-0.21070552,-0.3253851,0.75632554,-0.05276152,-0.6738021
2014-08-14,0.08562423,0.17640753,0.1725694,-0.7674661,-0.62583464
2014-08-15,-0.55883455,-0.5361663,1.3894644,-0.5369174,0.58441484
2014-08-18,0.24607073,0.43844953,0.23252077,-0.5434798,0.04545903
2014-08-19,-0.044235557,0.4142607,0.32314977,0.056805816,-0.12267962
2014-08-20,0.4426816,-0.12785359,0.23896217,-0.105755545,1.1690736
2014-08-21,-0.084607795,0.86280173,-0.13264157,0.41960034,-0.09340162
2014-08-22,0.49326155,0.6137331,-0.18262506,-0.16126426,0.0012263942
2014-08-26,0.24711287,-0.8420542,1.3142784,-0.4450699,-0.5554867
2014-08-27,0.081296176,0.16068709,0.13241117,0.040678967,-0.1745751
2014-08-28,0.23683414,-0.06817035,0.20929132,-0.07224163,-0.8079006
2014-08-29,0.3960372,0.18617167,0.5365876,0.0332267,-0.15392458
2014-09-02,-0.7214578,0.5379717,-0.09215965,-0.55144453,0.75206447
2014-09-03,0.33776957,-0.36636317,1.5142075,-0.2300288,-0.62855613
2014-09-04,0.57363385,0.25557527,0.591782,-0.5900235,0.1320818
2014-09-05,0.4830944,0.937329,-0.43081456,-0.0858975,-0.32567862
2014-09-09,-0.6345939,0.60874635,0.8570685,-0.06940225,-1.1084414
2014-09-10,0.0052853203,0.46431315,0.19766767,-0.3950223,-0.1537853
2014-09-11,-0.44069406,-0.055150077,0.8875994,-0.013583921,-0.27836126
2014-09-12,0.10672123,0.47749254,0.17290598,0.012936568,-0.15801759
2014-09-15,-0.17686363,-0.62894917,1.1064883,-0.09931447,-0.92201585
2014-09-16,0.69070697,-0.46714714,0.6668559,-0.053701814,0.37266967
2014-09-17,0.05479982,0.2760326,-0.08405868,0.11297623,-0.15140848
2014-09-18,-0.6031645,-0.019740557,1.1599027,-0.58752894,-0.24616905
2014-09-19,-0.19796616,0.2163877,1.3653752,-0.031304535,-0.3700247
2014-09-22,-0.57380974,-0.23839714,0.20590757,-0.17044832,-0.5838682
2014-09-23,0.19604483,-0.31323367,0.6185133,-0.18628883,-0.23018086
2014-09-24,-0.05420343,-0.09118001,-0.09288523,0.44870478,0.33453456
2014-09-25,-0.13655476,-0.07373111,0.86593896,0.036614943,-0.40458316
2014-09-26,-0.14222461,0.045744516,0.26302615,0.0036200278,-0.05145502
2014-09-29,0.2812242,-0.07348414,-0.35118186,0.48628715,0.076721765
2014-09-30,-0.58282346,0.48577136,0.49700844,-0.6907338,-0.32731593
2014-10-08,0.61039114,1.0520403,-1.6906278,-0.11116449,0.4630279
2014-10-09,0.747408,-0.39932963,0.00861004,-0.7895678,-0.22709869
2014-10-10,-0.15418084,-0.09728603,1.1434146,-0.3063463,-0.48456052
2014-10-13,0.47971767,0.64027447,-0.88197607,0.17676573,0.055275824
2014-10-14,0.07479194,0.31644425,-1.0718478,-0.77801746,0.41966918
2014-10-15,-0.5447574,-0.36951938,1.0140088,-0.95149004,-0.17747335
2014-10-16,-0.081510276,0.567259,-0.1205093,0.5631076,-0.45319372
2014-10-17,0.30163544,-0.4833135,1.0510789,-0.22545943,0.52426076
2014-10-20,0.41605824,0.22001794,0.5564658,-0.715696,-0.2622585
2014-10-21,0.5222985,-0.0803648,-0.28346893,0.16598572,0.03270635
2014-10-22,0.013512824,0.71962523,0.3037031,-0.3784979,0.39496526
2014-10-23,0.10493862,0.9202438,0.072448365,0.70000005,-0.0135354735
2014-10-24,0.083539434,-0.13313317,0.6356357,-0.52545667,-0.41597688
2014-10-27,0.32339558,0.65942603,-0.20855916,-0.025335766,0.10989735
2014-10-28,0.5639551,-0.0049979356,-0.20255359,0.28447306,0.1521687
2014-10-29,0.40971294,0.53541833,-0.5947724,0.8127011,0.64754975
2014-10-30,-0.6798959,1.0011923,0.8952797,0.06540479,0.04304051
2014-10-31,-0.29163563,1.0893359,0.17394032,0.3064844,0.0976181
2014-11-03,0.011699825,-0.35235113,0.36285377,-0.5511973,-0.26281843
2014-11-04,-0.5735344,0.056874044,1.0052527,-0.77373916,-0.9006092
2014-11-05,-0.57571423,0.835701,0.5049264,0.51059556,-0.047662206
2014-11-06,0.23203623,0.34048823,0.30171862,0.14250045,-0.15469791
2014-11-07,0.94276226,-0.6859855,0.23613189,-0.23100337,-0.48465624
2014-11-10,-0.31852794,0.24538575,0.40541875,-0.24149013,-0.27541825
2014-11-11,0.28573576,0.5520329,-0.9558875,0.2612919,0.42862383
2014-11-12,-0.09133166,0.040385008,0.049206275,-0.20465118,0.10733962
2014-11-13,-0.17654075,0.66244125,-0.4209381,-0.93916863,-0.5517992
2014-11-14,0.79524356,-1.3241141,0.4438883,-0.29266807,-0.43470442
2014-11-17,-0.2752816,0.11803186,0.4773847,0.26341248,-0.4894655
2014-11-18,0.2781212,-0.32916465,0.29015875,-0.5190335,-0.4367238
2014-11-19,0.3256794,-0.5088047,0.75564986,-0.40756372,0.012862248
2014-11-20,-0.18436934,0.4256867,-0.34366605,0.5903877,0.16766286
2014-11-21,0.89313036,-0.20346473,-0.0074714595,-0.10234053,0.52898663
2014-11-24,-0.20040388,0.13702151,0.42706475,-0.16950133,-0.16809115
2014-11-25,0.25806686,0.390166,-0.8031288,-0.019715121,-0.49811828
2014-11-26,0.069769084,0.17370123,-0.20981568,0.12964891,-0.034707543
2014-11-28,-1.3377752,1.5232047,0.11482871,-1.544276,-0.47745398
2014-12-01,1.275017,-1.3164762,-0.3419566,-0.6247873,-0.012159113
2014-12-02,-0.623785,0.64421874,0.957763,-0.9530382,-0.3041458
2014-12-03,0.18220499,-0.1472751,0.2071206,-0.35364217,-0.04575023
2014-12-04,0.21492821,-0.008078851,-0.2913419,-0.3538265,0.8963975
2014-12-05,-0.6244753,1.0671129,-0.1765441,0.45922217,-0.1615826
2014-12-08,-0.33961454,0.122374915,-0.42214975,-1.0568413,0.018648118
2014-12-09,1.090688,-1.1297358,-0.04131398,-0.2940613,-0.53498614
2014-12-10,-0.3521226,0.3466273,-0.0774066,-0.9475387,-0.6758848
2014-12-11,0.1629306,0.6467688,-0.28737932,0.04974186,0.087003864
2014-12-12,-0.2520164,0.64802164,-0.56898165,-0.2117727,-0.1558202
2014-12-15,-0.7859072,1.005438,-0.13266526,0.20849447,0.06737153
2014-12-16,-1.1194336,0.5995386,0.6920045,-0.12209297,0.042050455
2014-12-17,-0.36369455,-0.39928788,-0.15149993,0.6773358,0.14349559
2014-12-18,-0.35594344,0.29364437,-0.7180031,-0.34053448,-0.16587219
2014-12-19,0.12182077,-0.7582255,0.78570104,0.31222013,0.34475777
2014-12-22,-0.2770975,1.0546348,0.30206558,-0.39177555,0.47022846
2014-12-23,-0.045999315,-0.38720578,0.3749921,0.75496566,-0.45605075
2014-12-24,-0.3640226,0.03161667,0.54385364,-0.95562446,-0.10427007
2014-12-29,0.54016715,0.7892656,-0.5528014,-0.7459531,-0.77674705
2014-12-30,0.623573,-1.1285465,0.34223863,-0.6637615,0.10946231
2014-12-31,-0.7220896,0.2755977,1.186778,-0.61413276,0.1260916
2015-01-05,0.21759906,0.38692427,-1.2679683,-1.1806189,-0.5089174
2015-01-06,0.27502894,-0.23552303,-0.88349867,-0.65152353,-0.29888818
2015-01-07,0.13952526,0.30742702,0.6293301,-0.44244593,-0.0038371335
2015-01-08,-0.045763582,-0.3416184,0.4960156,0.08060539,0.48072597
2015-01-09,-0.3670049,-0.26290646,-0.3799582,-0.05819615,-0.44529718
2015-01-12,-0.30554825,-0.7497377,0.44036272,-1.3502836,-0.20927021
2015-01-13,-0.11587019,-0.62234205,0.53631943,-0.615289,-1.0719677
2015-01-14,-0.5067692,-0.33371112,0.88658065,1.0593928,-1.3240937
2015-01-15,0.62892085,-0.54971427,-0.40081522,-0.8144735,0.48078156
2015-01-16,1.2187474,-0.667455,0.39005217,0.123224445,0.6130638
2015-01-20,-0.13662256,-0.4611642,-0.15215862,-1.2364011,0.50362104
2015-01-21,0.5250104,-0.27032366,0.64139694,0.13961834,0.084537216
2015-01-22,0.10685951,-0.36032355,0.6222693,-0.68817174,-0.2441631
2015-01-23,-0.6645308,0.020360844,0.6026269,0.34072858,-1.2477067
2015-01-26,0.19702154,0.60415035,0.2254054,-0.39777422,1.1211259
2015-01-27,0.3982211,-0.2794685,0.73478657,0.12037813,-1.2471204
2015-01-28,0.26546407,0.19723462,0.6953661,-0.8121236,0.0609241
2015-01-29,-1.2188066,1.1831229,1.0261294,0.20319293,0.24095926
2015-01-30,1.0889455,-1.3296078,0.8466324,0.40778312,0.35821018
2015-02-02,0.19059995,-0.6226035,1.2599975,1.1423087,-0.20601009
2015-02-03,0.51872945,0.24438767,-0.33929467,1.6747296,0.5889328
2015-02-04,-0.17474666,0.21226534,-0.33048275,-1.6354938,0.03207819
2015-02-05,0.2959389,0.07305305,0.2901379,0.89685285,0.3513552
2015-02-06,-0.22149467,0.7129478,0.9745539,0.8102114,-0.0018705822
2015-02-09,0.5736541,-0.22350645,0.06130439,0.35149023,-0.06582556
2015-02-10,-0.48790264,0.6703723,0.58456945,-0.640562,-0.94179636
2015-02-11,-0.29932988,0.6706691,-0.08786717,-0.02116593,-0.26613772
2015-02-12,0.5731434,-0.6484802,0.64964616,0.7353543,0.55539554
2015-02-13,0.7421225,-0.4909234,0.4501541,0.9222487,-0.50190693
2015-02-25,-0.19805312,1.1544666,1.5846608,0.04452947,-0.960819
2015-02-26,0.49019954,0.19774547,-0.18779661,-0.639652,0.71013975
2015-02-27,0.048169766,-0.50579673,0.43141046,1.3014406,-0.25896627
2015-03-02,-0.45136523,0.012013386,0.3025172,-1.1253918,-0.15246105
2015-03-03,-0.6668007,-0.1166957,0.6883969,0.56211096,-0.041645255
2015-03-04,0.4279993,0.17868607,0.56776136,-0.38386303,-0.5672304
2015-03-05,-0.12827529,-0.09500514,0.5711599,-0.35513398,-0.106304325
2015-03-06,-0.48830515,1.1287497,0.32888305,0.070091635,-0.016003642
2015-03-09,0.105141856,0.26083088,-0.039613545,-0.4444526,0.6051556
2015-03-10,-0.5293552,0.75739074,0.19100866,-0.5438402,-0.81405056
2015-03-11,-0.49336645,0.5563442,0.39315417,0.5169483,-0.22601788
2015-03-12,0.48387036,0.1484156,-0.106328584,-0.76012754,0.5256249
2015-03-13,-0.01624922,0.00445891,0.5328121,-1.5594049,0.08556329
2015-03-16,0.8248975,0.9218707,-0.39304978,-0.6911765,-0.24062124
2015-03-17,-0.2528203,-0.2156521,1.1208491,-0.1368618,-0.38447046
2015-03-18,0.30682677,0.35709256,0.2008344,1.1011062,-0.7548456
2015-03-19,0.834755,-0.9017436,-0.117645875,-1.0462136,0.72701186
2015-03-20,1.1055534,-0.72650665,-0.6795265,0.09146241,0.4970963
2015-03-23,0.67875683,0.44814193,-0.17141066,0.16014504,0.2569442
2015-03-24,0.18549797,0.10040025,0.52685726,-0.42077115,-0.47309726
2015-03-25,0.038118947,-0.5129889,0.53030246,0.44597787,-0.41947636
2015-03-26,0.59424144,-0.8061752,1.318104,0.38263926,-0.1568534
2015-03-27,-0.29567385,0.86204,-0.19358028,-1.0356351,-0.35006195
2015-03-30,-0.5097451,0.9634562,0.0972422,-0.0111603495,0.40805838
2015-03-31,0.09618778,-0.1708817,0.76833713,-0.64128786,-0.6907679
2015-04-01,0.8842149,-0.8469284,-0.3992735,0.5170001,-0.007558591
2015-04-02,-0.041521378,0.90076244,-0.8896262,-0.21680158,0.17399837
2015-04-07,0.5704729,-1.1426355,1.3873112,0.9744257,0.10305525
2015-04-08,-0.9873759,0.61521333,-0.27461722,-0.8633853,0.43693188
2015-04-09,-0.26449993,-0.13707994,1.1913332,0.18423222,0.11943346
2015-04-10,0.08809293,-0.9530901,0.36654598,0.32793418,0.19697586
2015-04-13,0.013348082,-0.096328616,1.2921644,-0.031504646,-0.28759402
2015-04-14,0.119392134,0.22003093,0.3740136,0.5230627,-0.16780244
2015-04-15,0.7134621,-0.5750379,0.9096888,0.8913828,-0.23734435
2015-04-16,1.4481717,0.87597704,0.9638148,0.14675434,-0.89630276
2015-04-17,-0.15259099,-0.16694744,0.16551147,-0.19245896,-0.3096335
2015-04-20,-0.32662278,0.7240175,0.51842135,0.04111696,-0.14722385
2015-04-21,0.51150054,0.04413574,0.1782433,-0.67053676,-0.5946722
2015-04-22,-0.5044771,0.21065688,0.55764776,0.55727273,0.09057274
2015-04-23,0.5911412,-0.073998004,0.13111944,0.7458688,-0.12835951
2015-04-24,0.35186055,0.34464523,0.8073633,-0.21712965,0.8718179
2015-04-27,1.1010902,-1.195673,0.23338692,-0.80044484,0.065791
2015-04-28,0.561945,-0.24222694,-0.08208447,-0.20526934,-0.24678172
2015-04-29,0.32506877,0.05914464,0.047753256,0.6808356,-0.32913962
2015-04-30,0.10454416,0.49534902,0.9806677,0.49787867,0.7380497
2015-05-05,0.21854077,-1.1179188,0.15190035,0.4414748,0.5241409
2015-05-06,-0.8249149,0.03280693,-0.23661971,0.453936,-0.5573506
2015-05-07,-0.5940264,0.20421246,0.228609,-0.761201,-0.109581396
2015-05-08,0.5000348,0.017243085,-0.6302901,0.1740961,-0.38212454
2015-05-11,-0.46427056,0.2977124,0.28494707,0.026537245,-0.21964902
2015-05-12,0.62751764,-0.8790676,0.73172194,0.1644337,-0.06841234
2015-05-13,1.0022138,-0.5262977,0.03608972,-0.33468297,-0.9634333
2015-05-14,0.50141704,0.18425255,-0.26517949,-0.02807755,-0.85593665
2015-05-15,-0.06173496,-0.201233,-0.21285468,0.19139762,-0.39969712
2015-05-18,0.26889703,0.07635808,0.008638367,-0.37409115,-0.6360581
2015-05-19,-1.0799273,1.0264596,0.82322264,-0.58891326,-0.5195831
2015-05-20,0.10286957,-0.28919795,0.75295705,0.20357007,-0.4497565
2015-05-21,0.17002426,0.17890012,0.5770216,0.6867224,-0.38359347
2015-05-22,-0.11299398,0.031092564,0.8931082,-0.87529004,-0.47432727
2015-05-26,-0.3923635,0.80247056,0.730042,-0.68908596,0.17574881
2015-05-27,0.31670243,0.54577327,0.5177967,-0.8495952,-0.59286433
2015-05-28,0.3514489,0.22805595,0.11018983,-0.0034442577,0.39695564
2015-05-29,0.0027540291,-0.37373376,0.86571145,1.1159468,-0.6165118
2015-06-01,0.010571525,0.2736957,-0.68400544,-0.016851997,0.21478729
2015-06-02,0.11446501,-0.012369067,-0.46391153,0.6615063,-0.1343979
2015-06-03,-0.2709372,0.6414242,0.073407024,-0.40921113,0.3295179
2015-06-04,-0.47359255,1.1197087,-0.5518592,-0.2622679,-0.20825753
2015-06-05,-0.053195164,-0.24540931,1.0743885,0.25678256,0.04492156
2015-06-08,0.31929114,0.186106,-0.4952587,-0.06582213,-0.26488551
2015-06-09,0.6011578,-0.34324688,0.7013343,0.74232125,-0.3656869
2015-06-10,0.2703025,-0.7356765,1.1723129,0.17151959,-0.09249272
2015-06-11,-0.5516382,-0.014969976,0.92206955,-0.30554676,-0.7327989
2015-06-12,-0.16472347,0.37682137,0.04805724,-0.47371712,0.14928733
2015-06-15,0.07322344,-0.13988681,0.9479244,-0.81832695,-0.7768675
2015-06-16,0.04891787,0.7043094,0.00746725,0.53659993,-0.31008932
2015-06-17,0.10247552,0.5020779,0.16139887,0.16458742,-0.20900214
2015-06-18,0.4685427,-0.7818962,0.21906793,-0.4053457,-0.36409745
2015-06-19,-0.17553504,0.18920377,0.16486786,-0.66077495,-0.42756703
2015-06-23,0.042248458,1.0636002,-0.2929123,0.9588623,0.9743939
2015-06-24,0.27956545,0.0064969165,-0.17856981,-0.30720994,-0.4469415
2015-06-25,-0.06974383,0.46936893,-0.85402024,0.26512495,-0.05493641
2015-06-26,-0.01230921,0.5279592,-0.7318788,0.40324202,0.0063634017
2015-06-29,-0.22959392,0.1481548,-0.14401324,-0.344414,-0.33473304
2015-06-30,-0.072226234,0.8001938,-1.2593564,1.4076041,-0.014776256
2015-07-01,0.4918352,0.20865332,0.568875,-1.2415841,0.35408902
2015-07-02,0.1505964,0.3791251,0.103797406,0.3351442,-0.47304502
2015-07-06,-0.6451381,0.61735964,-0.69515955,-1.8447886,-0.5729236
2015-07-07,-1.2191757,0.626111,1.2397038,0.096130036,-1.2104421
2015-07-08,0.51996875,-0.5876566,0.25051352,-0.14437003,0.47271898
2015-07-09,0.9472311,0.41303867,0.34457168,0.3815498,0.460157
2015-07-10,0.16253711,0.13909289,-0.18443476,0.051214222,-0.222346
2015-07-13,0.4775387,0.43931004,-0.392321,-0.28771755,0.28929007
2015-07-14,-0.4382697,-0.5908135,0.3310431,0.12977362,0.05277998
2015-07-15,0.28908387,1.2203991,0.6547282,-0.71155125,-0.42045915
2015-07-17,-0.4719496,0.32733315,1.3471127,-0.2355493,-0.022693416
2015-07-20,-0.1921817,0.23384567,1.5053167,-0.4694604,-0.2117537
2015-07-21,-0.2577257,0.030736784,0.25649384,0.3658071,-0.565263
2015-07-22,-0.49240437,0.28736472,0.31372538,-0.07180347,-0.73650134
2015-07-23,-0.2788861,0.15195817,0.055751786,-0.36290058,-0.38103002
2015-07-24,-0.2138265,-0.052424274,1.1801423,-0.7376398,-0.232065
2015-07-27,-0.06775292,-0.85017085,1.0996523,-1.0951115,-0.6755151
2015-07-28,0.77357143,0.3747062,-0.13828048,0.103800625,0.3989486
2015-07-29,0.170101,-0.25774735,0.55497456,-0.029531637,-0.25268885
2015-07-30,-0.042831287,0.33496955,0.18249525,-0.04209212,-0.49153695
2015-07-31,0.04317746,0.056337353,0.30299464,-0.5899746,-0.60380644
2015-08-03,-0.25775796,1.1483065,-0.19291413,-1.1954001,-0.4729834
2015-08-04,0.41327354,0.043728855,0.4634648,0.15510795,-0.21829997
2015-08-05,-0.12445064,0.6029799,-0.049863845,0.0096323695,-0.41227722
2015-08-06,0.14876112,-0.26237267,0.5385137,-0.49746594,-0.3995141
2015-08-07,0.30359498,0.23248786,-0.5235544,-0.20908552,-0.20669216
2015-08-10,1.4320703,-0.23216498,-0.6078538,0.6380532,0.25154495
2015-08-11,-0.39717278,-0.34267506,0.9307869,-0.8166211,-1.3643526
2015-08-12,0.26008698,-1.2648206,1.4890623,-0.63524485,-0.38916823
2015-08-13,-0.00064470555,0.9323139,-1.0392349,0.1864284,0.19395684
2015-08-14,-0.19419803,-0.012502596,0.11465332,0.01427892,0.09115521
2015-08-17,-1.210329,-0.9724203,0.20567626,-0.43986923,0.46526378
2015-08-18,-0.7518428,0.08452785,0.64723563,0.2103158,-0.4612879
2015-08-19,0.23781998,-0.37715477,-0.14331529,-1.3165667,-0.18619694
2015-08-20,0.8399587,-0.35974526,-0.537628,-0.5317334,0.36687765
2015-08-21,-0.49002612,-0.04063591,0.9959724,-0.9263336,-0.55321115
2015-08-24,-1.4997593,0.9287534,0.12819548,-0.5864269,-1.0618883
2015-08-25,-0.28940558,-0.14619844,0.52561337,0.3448146,0.7743121
2015-08-26,-0.959558,0.4116975,0.64326257,-0.24977131,-0.7811823
2015-08-27,1.340214,-0.9525068,0.5917709,1.3687208,0.89099294
2015-08-28,1.1574496,-0.70046914,1.0076022,0.86939967,0.1923783
2015-09-01,-0.8040926,-0.5881569,0.2515972,-0.2977696,-0.4895934
2015-09-02,0.18512233,-0.36544687,0.913419,-0.029875781,0.024325049
2015-09-08,0.36941093,0.42505094,-0.24474543,-0.15045232,0.8871543
2015-09-09,-0.44958988,0.86386704,-0.11323598,-0.61121935,0.4610977
2015-09-10,0.3865216,-0.23633519,0.2994135,0.5760696,-0.004336105
2015-09-11,-0.50429696,0.49071246,-0.7045117,0.18425532,0.31529504
2015-09-14,-0.39683855,0.65912366,-0.4707187,-0.2906633,-1.1211505
2015-09-15,0.01942683,0.34051967,-0.45095137,0.42765468,0.010231093
2015-09-16,0.7891222,-1.4285538,0.9457258,0.2735355,0.20078461
2015-09-17,0.18391463,0.10178947,0.5902842,-0.48960945,-0.4554199
2015-09-18,0.015404224,-0.6133725,0.4728847,-1.0921844,-1.2166456
2015-09-21,0.18264651,0.22464107,0.04236217,0.9573308,-0.32619128
2015-09-22,-1.1453632,0.43937632,0.9496161,0.2509805,-0.7967031
2015-09-23,-0.22469088,-0.01957591,-0.7086575,-0.09794626,0.18923068
2015-09-24,0.54883015,-1.1051177,-0.23939326,-0.20175754,-0.05485678
2015-09-25,0.06342729,0.8149747,-0.74315256,0.8301895,-0.23127738
2015-09-28,-1.0179287,1.0661635,0.46773776,-0.5226461,-0.0019363284
2015-09-29,0.07262985,-0.07987813,0.19747885,0.61938226,0.09311647
2015-09-30,-0.55885875,-0.45381904,-0.030209027,0.46447736,1.4906389
2015-10-08,1.2709419,-1.5122106,-0.7016307,0.84282935,-0.5494293
2015-10-09,1.0195992,-0.48208845,0.20962074,-0.52322394,1.4407132
2015-10-12,0.31887254,0.23807256,-0.48491308,-1.2446117,-0.35166517
2015-10-13,-0.06144821,0.96256983,-0.94113606,-0.10125394,-0.25956008
2015-10-14,0.31359965,-0.700828,0.43062264,-0.23226203,-0.03942309
2015-10-15,-0.29809248,-0.7375238,0.5096099,-0.41291976,0.77247745
2015-10-16,0.0821959,-0.1654214,1.1407284,0.2539818,-0.1395667
2015-10-19,-0.59202397,0.7278897,0.4803686,-0.8297727,-0.47322622
2015-10-20,0.25240883,0.14632541,-0.13787787,0.35328448,-0.52146083
2015-10-21,-1.1370479,0.33628225,-0.07285571,0.61269975,0.44163933
2015-10-22,0.7921211,0.25785828,1.0260172,-0.5305919,0.056955155
2015-10-23,-0.21518391,0.273804,0.4954773,-0.37910196,0.4280593
2015-10-26,-0.3754048,-0.1381199,-0.29547718,-0.5048453,0.39533907
2015-10-27,-0.092502594,0.12810265,0.28958294,-0.39276883,0.078882106
2015-10-28,0.7858936,-1.1765742,0.96145093,0.6568841,0.11875442
2015-10-29,-0.97495717,1.0810931,0.5181434,0.75469536,-0.702941
2015-10-30,-0.11514774,-0.01485879,0.14858831,0.78291315,-0.124165095
2015-11-02,-0.39542967,-0.022377865,0.55893177,-0.2542293,0.49336037
2015-11-03,-0.3593453,0.11348852,0.6210834,1.2563167,0.34434003
2015-11-04,-0.48133627,0.69908583,-0.10852984,-0.7168859,-0.07238911
2015-11-05,-0.7108702,-0.38540718,0.5686836,-0.36203504,-0.2229443
2015-11-06,-0.37201145,0.9047922,0.63429266,0.07961021,0.15933795
2015-11-09,-0.43055427,0.18326612,1.0107998,-0.3514579,-0.1713299
2015-11-10,-0.60664314,-0.49183398,0.6925334,0.008917414,-0.12063912
2015-11-11,0.28684404,1.0269213,-0.353991,-0.59175855,0.060678124
2015-11-12,-0.2161885,0.78920543,-0.21995544,-0.5405309,-0.605536
2015-11-13,-0.5046121,-0.03974758,0.18480791,-0.5213109,-0.061012287
2015-11-16,-0.19690958,0.12266859,0.25393188,0.1898025,-0.6176734
2015-11-17,-0.0029812697,0.8223973,0.37574556,0.012854903,-0.5769317
2015-11-18,-0.14750858,0.08365476,1.0165398,0.22608824,-0.4794906
2015-11-19,-0.25066626,-0.81141114,-0.39846474,0.47873265,0.5243626
2015-11-20,-0.3149281,-0.15844403,0.3416426,0.111046605,-0.025143145
2015-11-23,-0.17196779,0.6788968,0.31037006,0.715195,-0.7292253
2015-11-24,0.21128614,-0.97844565,0.7559896,0.67158306,0.7655907
2015-11-25,-0.06121303,0.27291816,-0.22636674,0.46744043,0.29767868
2015-11-27,-0.77059174,0.44592112,0.44990715,-0.27062923,0.23442571
2015-11-30,0.033344578,0.13758615,-0.28728014,-0.07703902,-0.20152317
2015-12-01,0.6157845,0.5097684,-0.12771492,-0.034682352,0.34006998
2015-12-02,-0.9230825,0.3902002,-0.1528975,-0.52194417,0.60169804
2015-12-03,-0.7316009,-0.90012,-0.3020355,0.961226,0.43763974
2015-12-04,0.3815663,-0.76073766,-0.9897587,-0.27150923,0.7963803
2015-12-07,-1.3879465,0.07635027,0.20465706,-1.0795822,0.04826052
2015-12-08,-0.42900547,0.38434696,0.38875523,-0.015937671,0.0030609835
2015-12-09,0.2010793,-0.15983471,-0.5012246,-0.016346142,0.121354885
2015-12-10,-1.0291021,-0.12881319,0.26758736,0.7247091,0.7403575
2015-12-11,-1.0326419,-0.2455906,-0.092888534,-0.026793672,1.0956702
2015-12-14,-0.21257122,0.60698885,-0.10901373,-0.10588549,0.5584371
2015-12-15,-0.71985406,-0.3511297,0.36920965,0.7704125,-0.6879564
2015-12-16,0.2544946,-1.10923,0.018453266,-1.0515801,0.502447
2015-12-17,-1.2355288,0.9991598,0.33071715,0.527082,0.19786267
2015-12-18,1.0967036,-0.5371345,-0.37274387,-0.09054593,0.546817
2015-12-21,0.90131366,-0.3139109,-0.06350063,-0.8701946,-0.4583263
2015-12-22,-0.054686174,0.15316662,0.67963725,-0.10470536,-0.5334865
2015-12-23,0.63848567,-0.1643665,0.941369,0.74713063,-0.014938783
2015-12-24,0.6884278,-0.27172396,0.3690803,-0.03249618,-0.6027659
2015-12-29,0.14075212,-0.013580243,0.4166922,0.48446557,-0.5544481
2015-12-30,-0.14157426,1.0578762,-0.15012807,-0.7410262,0.71381384
2015-12-31,0.22790684,-0.3698197,0.47004068,0.36044672,-0.93724114
2016-01-04,-0.12779649,-0.3870427,1.1785951,-0.3682131,-1.3196151
2016-01-05,0.20197776,0.040838867,-0.12696856,-0.3243539,-0.24432029
2016-01-06,-0.08352449,0.6836662,-0.60839295,-1.4172717,-0.17399797
2016-01-07,0.01863356,-0.42252657,-0.20878097,-0.38057852,-1.0324191
2016-01-08,-0.27929154,0.9109364,-0.20277767,-0.12441642,0.0486835
2016-01-11,-0.6368082,0.9868782,0.49019617,-1.105913,-0.63233674
2016-01-12,-0.2646259,1.0828687,-0.6097287,-0.16094543,-0.09106163
2016-01-13,0.6605757,-0.031589005,-0.5114964,-0.6168311,0.37074614
2016-01-14,-0.3811918,0.2053588,0.6016564,0.43733138,0.9702124
2016-01-15,-0.66173667,-0.08049486,-0.71887434,-0.9685307,-0.57558143
2016-01-19,0.8090644,0.46133947,-0.23400408,-0.6355774,0.23897716
2016-01-20,-1.1166726,-0.31728935,-0.034717936,-0.58085614,-0.053643785
2016-01-21,-0.07553558,-0.64858764,0.6237754,1.4109758,1.0405247
2016-01-22,0.38922584,-0.83856076,1.1639789,1.8791503,-0.025317673
2016-01-25,0.08681391,-0.14042145,-0.68588483,-1.3268098,-0.49748054
2016-01-26,0.95234233,-1.1372691,0.5025119,0.30982164,0.33946612
2016-01-27,1.2019109,0.3130807,1.0660633,0.22002028,-0.11798572
2016-01-28,-0.14513558,-0.24877103,1.2353652,0.5624461,-0.6844659
2016-01-29,0.23270175,-0.018910779,-0.036659725,0.62862897,0.06979558
2016-02-01,0.18839978,0.014851506,-0.007748959,-1.0152608,0.033611063
2016-02-02,-0.12738921,0.81516784,-0.6316518,-1.1340654,0.33264622
2016-02-03,1.1043339,-1.3130169,0.8026674,0.6106984,0.09778419
2016-02-04,0.7661019,-0.99918026,0.54026586,-0.5370778,0.015710574
2016-02-05,-0.6020751,0.13447206,0.12572184,-0.2511702,-1.0776067
2016-02-22,1.3976654,-1.2407844,0.23064825,-0.7185209,1.1124507
2016-02-23,-0.6590937,-0.63309264,-0.39554337,-0.6165616,-0.025110865
2016-02-24,0.17779258,-0.7905423,0.87492216,0.47234735,-0.12444197
2016-02-25,-0.18133914,-0.029780367,0.8946908,0.49609467,-0.27594432
2016-02-26,0.08015551,0.7688847,0.80105895,0.08401046,0.27677885
2016-02-29,0.59101593,-0.9209038,0.28641793,0.056245036,0.35989875
2016-03-01,-0.038740005,-0.7618079,1.1191623,1.0584292,-0.0030201457
2016-03-02,0.49927765,-0.5498501,-0.029194219,-0.10810295,0.6134242
2016-03-03,0.5325082,-0.3067613,-0.4206693,-0.09612369,0.23385584
2016-03-04,1.4558835,-0.985414,-0.015241141,0.30910817,0.089282095
2016-03-07,0.27620113,-0.4664962,1.0334792,1.2564336,-0.2830945
2016-03-08,-0.6308665,0.6310718,-0.030342419,0.09931159,-1.2414747
2016-03-09,0.38165066,-0.31716546,0.79507923,1.0140489,-0.047378574
2016-03-10,0.23814292,0.22055501,-0.52218205,-0.3225892,-0.8139676
2016-03-11,0.41513965,0.48041514,-0.030903518,0.42787787,0.2709281
2016-03-14,-0.4445193,0.73623985,-0.45348635,-0.15229315,-0.10575291
2016-03-15,-0.023911638,1.1038005,-0.21329145,-0.101401284,-0.36928278
2016-03-16,0.41819072,-0.27779168,0.81075007,0.9343547,-0.34236544
2016-03-17,1.514246,-1.7148187,0.06995076,-0.04841796,0.37752816
2016-03-18,-0.62424254,0.33024177,0.3635985,-0.022263212,-0.15046538
2016-03-21,-0.044063047,0.07811619,-0.038000524,0.14748314,0.7933449
2016-03-22,0.18703286,-0.42679435,-0.01902262,0.6245422,-0.3096124
2016-03-23,-1.1676431,1.3953655,0.3994173,-0.4221305,-0.14021851
2016-03-24,0.15770566,0.5550833,0.77679336,-0.22808035,-0.76304185
2016-03-29,0.016968723,0.22741161,-0.9189929,-0.5499574,-0.5388025
2016-03-30,0.46520558,0.1144903,0.8560022,-0.18155068,-0.6283998
2016-03-31,0.7458181,-0.4267601,0.55931807,-0.40310863,0.15796277
2016-04-01,-0.38208285,1.1615762,-0.1756927,-0.54446495,0.42586687
2016-04-05,-0.2758745,0.2796479,0.21271221,-1.1917963,-0.7860115
2016-04-06,0.45038104,-0.19006953,1.1971744,0.8860792,-0.12336821
2016-04-07,-0.059505317,-0.1063728,0.11141421,-0.28300783,-1.4132638
2016-04-08,1.0396911,-0.7059874,0.7646777,1.3181434,0.13028078
2016-04-11,0.9266524,-0.8274291,0.7448927,-0.39537886,-0.35699216
2016-04-12,0.9433779,-0.51094604,0.18227421,0.66362596,0.5938737
2016-04-13,0.31300044,0.45784393,-0.43058896,0.35218254,0.6725284
2016-04-14,-0.47304097,0.3976005,0.4357724,-0.005671085,0.11229897
2016-04-15,0.07237182,0.3393356,-0.99975145,-0.3101283,-0.41872522
2016-04-18,0.0023893353,0.10245346,-0.77189535,0.2856915,0.48946536
2016-04-19,1.3684182,-0.78322905,-0.6311954,0.53317237,-0.21588588
2016-04-20,0.2644005,-0.28006384,-0.62690806,1.198391,0.45743465
2016-04-21,0.12852256,-0.034295704,0.7099973,-0.399293,-0.07071717
2016-04-22,-0.38732758,-0.4085419,1.941268,-0.057043534,-0.03773815
2016-04-25,0.40511796,0.40496132,-0.6867335,-0.4764109,-0.017212752
2016-04-26,0.53198826,-0.0734467,0.35770756,0.6135682,-0.16176629
2016-04-27,0.88297623,0.20550622,0.7567241,0.015606376,-0.9031715
2016-04-28,0.47035325,-1.153934,0.26068085,0.19500253,-0.39265606
2016-04-29,0.6088871,-0.67769295,-0.6721336,-0.22623613,0.17175253
2016-05-03,-1.2287117,-0.19210751,0.13344668,-1.0822452,-0.43967655
2016-05-05,-0.030182185,0.45874152,1.3780113,-0.19843695,-1.115133
2016-05-06,0.8142485,-0.24954094,-0.426157,0.01948221,-0.2970227
2016-05-09,-0.8156157,1.3924273,0.5115444,-0.6594489,-0.70299506
2016-05-10,0.33581018,0.47997466,-0.38151821,1.2855443,-0.20174655
2016-05-11,0.85958755,-1.1328346,0.96488136,0.6129698,0.22333291
2016-05-12,-0.5174009,0.49985772,-0.049863838,0.44164515,-0.6345284
2016-05-13,0.26901117,-0.0079155695,0.5444725,-0.23630488,-0.16058967
2016-05-16,0.10400415,-0.37024865,-0.75063074,1.1798505,0.040669687
2016-05-17,1.0465878,0.7776521,0.5111357,0.05572116,-0.3025032
2016-05-18,-0.2633832,0.07334157,0.5531273,0.08146976,-0.06589337
2016-05-19,-0.75646496,0.6789261,1.1886206,-0.22760592,-0.4209407
2016-05-20,-0.2075045,-0.3763248,-0.12798001,0.314897,-0.0027894715
2016-05-24,-0.7224674,0.3426666,0.8952524,0.3475281,0.21633063
2016-05-25,0.09216124,0.54117924,-0.5291031,0.7425212,0.0632232
2016-05-26,0.29745916,0.3016718,-0.3227533,-0.1435783,0.48318833
2016-05-27,0.262282,0.62949896,0.13012165,0.37472752,-0.4134897
2016-05-31,0.64295393,0.41937527,1.1512307,-0.18904644,-0.6743072
2016-06-01,0.30489686,0.8074774,-0.50444394,0.18815057,-0.04232563
2016-06-02,0.11218816,0.56348324,-0.6466693,0.60122156,-0.15949316
2016-06-03,0.76712054,-0.66603696,-0.76044255,-0.53942764,0.07489017
2016-06-06,0.66019666,0.09903511,-0.45478123,0.33929715,0.035971735
2016-06-07,0.00297849,0.054283075,0.3598359,0.45769528,-0.5355757
2016-06-08,1.3624853,-0.3399105,-0.70684344,0.19587378,0.51354635
2016-06-13,0.11049793,-0.45872086,0.34919512,-1.4551558,-0.73430127
2016-06-14,0.03308832,0.5592966,0.021932613,-0.4027549,-0.7834251
2016-06-15,0.16204566,-0.5990036,0.106781766,-0.43306693,0.1909275
2016-06-16,-0.0069412002,0.21411654,0.18862568,-1.194709,-1.0332056
2016-06-17,0.16177614,0.51778394,-0.20485733,1.2644861,0.100191884
2016-06-20,0.5306168,-1.080666,1.4602573,0.22980821,0.08574673
2016-06-21,0.0016362257,-0.041749787,1.7361288,-0.73974043,-0.120729916
2016-06-22,0.17688337,0.0029439316,0.3405712,-0.35151875,0.46557292
2016-06-23,0.41663343,0.14837083,0.78636223,0.16970311,0.03757076
2016-06-24,0.32197487,-0.6200023,-0.10535092,-1.5708869,-0.97119534
2016-06-27,0.02936006,0.6374092,-0.3395116,-0.47452635,-0.3392177
2016-06-28,0.82203984,-0.25968468,0.27792352,0.7902884,0.5676641
2016-06-29,1.0070506,-1.3044965,0.9521371,0.06295494,0.18593702
2016-06-30,0.4736733,0.12987633,0.15149935,-0.68641806,-0.10336433
2016-07-01,0.36868596,-1.7776753,0.13385518,-0.34483632,0.27657807
2016-07-05,0.12187235,-0.19207905,0.083619244,-1.7238554,-0.59719735
2016-07-06,0.3436705,-0.7251036,0.88447714,-0.3361596,-0.40947917
2016-07-07,-0.41227674,0.13050167,0.72341067,-1.1644627,-0.6718773
2016-07-08,0.69332516,0.775791,-1.0542479,0.2580766,0.29412368
2016-07-11,0.0100281285,-0.5158826,-0.05802243,-0.16104664,0.43683973
2016-07-12,0.5673309,0.62195456,0.051828753,1.0421144,0.8675271
2016-07-13,0.6772723,0.9405779,-1.0118277,-0.87371004,-0.45268348
2016-07-14,0.30558842,-0.19778006,0.8077137,0.5166367,0.083947144
2016-07-15,-0.24512087,-0.27060866,1.1437604,-0.21910723,-0.35555312
2016-07-18,0.017431391,0.340748,-0.50965846,-0.43332198,0.2127326
2016-07-19,0.03763685,-0.7714177,1.4000877,-0.5767051,-0.018376002
2016-07-20,-0.14141405,0.10830588,1.0681854,-0.036229763,-0.23098753
2016-07-21,0.18282056,-0.27141592,-0.34676212,-0.49978969,-0.05471784
2016-07-22,-0.31340083,0.4225135,0.41786385,-0.17952551,-0.49595773
2016-07-25,0.17088977,0.3808825,0.28529763,-0.8470833,-0.2621113
2016-07-26,0.4838414,0.12900835,0.55567247,-0.32810792,-0.31857565
2016-07-27,-0.028240697,-0.114587545,-0.48548004,-0.6807114,-0.26478133
2016-07-29,0.9909156,-0.5050015,-0.5046216,-0.57024103,0.5603933
2016-08-01,0.39080855,-0.19801922,0.9899833,-1.0859334,-0.48491696
2016-08-02,0.4395575,-0.42572105,0.34360823,-0.43500742,-0.22647065
2016-08-03,0.4177502,0.36476538,0.5767951,0.68694866,-0.3647738
2016-08-04,0.07680952,-0.113339834,0.5067025,0.3930825,-0.26342365
2016-08-05,-0.16611347,1.0556571,-0.06896024,0.47403488,0.56939036
2016-08-08,0.49014944,0.076294705,0.41313282,0.4066995,-0.15967877
2016-08-09,0.12471958,-0.22812529,0.4945847,-0.5300398,-0.10553818
2016-08-10,0.49615812,-0.23998462,0.16469136,-0.98710275,-0.07020915
2016-08-11,-0.019580444,-0.19453107,0.8986794,1.0104591,-0.036539126
2016-08-12,-0.32580283,0.08928616,0.950249,0.87495005,-0.70345587
2016-08-15,-0.01425051,-0.43110356,0.28775737,0.72850823,0.7714771
2016-08-16,0.5283478,-0.46131876,0.4427425,-0.0133693665,-0.06346582
2016-08-17,-0.060644437,0.5778853,0.20488314,0.65894496,-0.23836286
2016-08-18,0.87187713,-0.42949253,0.19165483,0.283822,-0.43510988
2016-08-19,-0.34265116,0.394169,0.6538838,0.24297614,-0.22153185
2016-08-22,-0.048229713,0.80416065,-0.26481017,-0.45575267,-0.47488424
2016-08-23,0.2208142,-0.44130698,0.6556304,0.14710641,-0.21441875
2016-08-24,-0.85047126,0.76897246,0.65931207,-0.0114586335,-0.6509508
2016-08-25,-0.062059067,-0.4787039,1.079836,-0.050049137,-0.052408528
2016-08-26,0.7104285,-0.19761011,0.8147284,-0.603072,-0.79358464
2016-08-30,-0.051892493,0.11138743,1.4778291,-1.177537,-0.5092233
2016-08-31,-0.35026714,0.17959513,-0.030400576,-0.74132013,-0.35420758
2016-09-01,-0.30756313,0.031249247,-1.185259,-0.6249109,0.5140552
2016-09-02,0.2665665,-0.66354996,-0.22700037,0.6175339,0.22535549
2016-09-06,0.71739537,-1.1990025,-0.23615065,-0.3656365,-0.26230317
2016-09-07,0.500391,0.83608526,0.16691144,0.46366477,-0.10814628
2016-09-08,0.08758895,-0.08633388,0.60814357,1.3574966,-0.3167472
2016-09-09,-0.05858951,1.2498268,-0.04098062,-0.7914019,-0.16770132
2016-09-12,-0.36986214,0.28031948,0.8646101,0.39486834,-0.6207769
2016-09-13,-0.25498804,-0.23587586,0.9483093,-0.87493426,-0.07017285
2016-09-14,0.5038627,0.28997365,-0.2427904,-0.8589095,0.6365357
2016-09-19,0.4403901,0.66001225,-1.085119,0.9500183,0.31523564
2016-09-20,0.45236862,0.48763266,-0.73854077,0.19134751,0.080814496
2016-09-21,0.5876993,-0.95056045,0.47829825,0.14917335,-0.359231
2016-09-22,0.74705493,-0.94906837,0.4504779,-0.1812449,0.74823713
2016-09-23,-0.42810073,0.038066104,0.49343565,-0.8190137,-0.124821395
2016-09-26,0.20038487,-0.34830734,1.261179,0.20878327,0.08392928
2016-09-27,-0.80664164,0.6333649,-0.4470041,-0.07260114,0.44373137
2016-09-28,-0.091000676,-0.8438102,1.092093,0.90964484,0.53507984
2016-09-29,0.5418759,-0.34014103,0.6600306,0.20448464,-0.35425916
2016-09-30,-0.040836662,0.07710629,0.20557763,0.10010439,0.7032804
2016-10-10,-0.26379594,0.9966108,1.1236047,1.6995362,-0.7240203
2016-10-11,-0.42947143,0.5684832,0.11434529,-0.1652762,-0.5495342
2016-10-12,0.23605162,0.07301093,0.52705175,-0.4745213,-0.072262965
2016-10-13,-0.41820693,0.35008836,-0.62987834,0.8472551,-0.66689247
2016-10-14,0.46097928,0.6059002,-0.34920892,0.12669455,-0.13088576
2016-10-17,0.0013753102,0.34050125,0.043711707,-0.45544392,1.1971523
2016-10-18,0.4714033,-0.40630737,0.4675986,-0.14172022,-0.43638372
2016-10-19,0.13401625,-0.12885477,0.11623443,0.43396062,0.077790305
2016-10-20,0.09978009,0.51142305,0.7772498,-0.86294067,-0.591281
2016-10-21,0.21319267,0.11963064,0.52257466,0.25691748,-0.2518403
2016-10-24,0.5505657,0.08699866,0.107251786,-0.36315122,0.4389017
2016-10-25,0.99415326,-0.4577112,-0.06260906,-0.6708348,0.3455399
2016-10-26,0.1660327,0.8700615,-0.26992473,-0.12738413,0.06544002
2016-10-27,0.5807165,-0.015510338,0.20465353,0.13237631,-0.03685443
2016-10-28,0.9603108,-0.20347674,0.11618521,-0.5610042,-0.74453485
2016-10-31,0.19083495,0.3379833,0.27192125,-0.66660076,-0.0801663
2016-11-01,0.70704895,-1.0050071,0.7666245,-0.76546115,-0.1503005
2016-11-02,0.09288134,-0.18646534,-0.5998592,-0.9529967,-0.32848534
2016-11-03,-0.12012154,0.22798978,0.11724294,-0.378692,0.6975422
2016-11-04,-0.15626074,-0.050403185,-0.32625705,-0.32798487,-0.042913176
2016-11-07,-0.13049722,0.08480832,0.13387127,0.64611113,0.60358286
2016-11-08,0.522987,0.4211815,-0.22495717,-0.12164734,0.7293991
2016-11-09,0.57080483,-0.45411998,1.1733917,-0.7263161,0.42795315
2016-11-10,0.4720088,0.55147225,0.101781294,-0.38274303,0.57390827
2016-11-11,-1.1856267,1.8062509,0.72245777,0.004332899,-0.22352883
2016-11-14,0.04365062,0.34226874,0.46798912,-0.45034987,0.43925548
2016-11-15,0.2664824,-0.44718942,0.23946004,1.2557518,-0.10314923
2016-11-16,0.58911437,0.68758786,0.67177427,-0.30297872,-1.4273772
2016-11-17,0.31463918,0.67040837,0.32402435,0.027462255,0.14002255
2016-11-18,0.049509138,0.9592709,0.19393148,0.44723952,-0.5180779
2016-11-21,1.1685176,0.024037527,0.28428805,1.1317129,0.1473406
2016-11-22,0.69064957,0.03892367,0.3833843,-0.20727764,0.18762496
2016-11-23,0.062197547,0.64945614,0.1343487,0.30493933,0.8603346
2016-11-25,0.3411332,0.9501972,0.002774591,-0.930705,0.42546436
2016-11-28,0.43618685,-0.6816619,0.015278026,0.18581991,0.12397253
2016-11-29,-0.68128717,0.009602444,0.68684804,-1.0028092,-1.4833874
2016-11-30,0.5426445,-0.098161675,1.4990894,1.5659517,-0.20291507
2016-12-01,0.35627645,-0.37375647,1.5130651,0.8383073,-0.43654054
2016-12-02,0.23208262,-0.63280416,-0.19295275,0.090476036,-0.5129769
2016-12-05,0.91913605,0.3966087,-0.25317207,0.10658558,0.24849322
2016-12-06,0.36841923,0.8575419,-0.08142389,-0.4276123,-0.17253159
2016-12-07,0.37247586,-0.113474526,-0.05804968,-0.65930766,-0.7608343
2016-12-08,-0.16457461,-0.17921296,0.9486392,0.18199527,-0.6672047
2016-12-09,0.0059118983,0.7151898,0.10040459,0.50325006,0.30144215
2016-12-12,0.70949185,-0.283559,0.43464124,0.0789301,-0.34106144
2016-12-13,0.22409783,0.30875137,0.667777,0.15534379,-0.33536714
2016-12-14,0.8111307,0.06571734,0.2686672,-0.9359393,-0.17075951
2016-12-15,-1.0760847,1.4670223,-0.11492284,0.7512816,-0.0040307697
2016-12-16,0.7670597,-0.34473774,0.45358762,0.02063015,-1.1954846
2016-12-19,-0.5398811,-0.1479999,0.5293131,0.07318699,-1.1714873
2016-12-20,-0.088092126,-0.51433,0.7699944,-0.12022041,0.4136001
2016-12-21,0.3043647,0.49511006,0.33620247,-0.016352573,-0.73237157
2016-12-22,0.041804753,0.049117807,0.94985664,-0.19280179,-0.17236143
2016-12-23,-0.23229031,0.09071256,0.72658914,0.046561174,-0.6757597
2016-12-28,0.770234,0.00733824,0.013218966,0.7310496,-0.86446804
2016-12-29,0.53397685,-0.06356827,-0.14408784,-0.2149751,-0.61708844
2016-12-30,-0.037391838,0.09680689,0.17328268,0.120360136,0.3274335
2017-01-03,-0.40997073,-0.97537905,-0.5344416,-0.7338339,0.4339934
2017-01-04,0.87955636,0.34700263,-0.6381254,0.25452912,0.77533644
2017-01-05,0.46307373,-0.6338201,-0.1907793,-0.27302226,-0.2253967
2017-01-06,-0.12304871,-0.108970836,0.80192775,-0.09153126,0.17409094
2017-01-09,0.5480173,0.2952434,-0.57906276,-1.1680139,0.27824634
2017-01-10,0.8520795,0.2816846,-0.25096074,-0.5887895,0.13493975
2017-01-11,0.12013282,-0.526969,0.83011186,0.54074544,-0.39727038
2017-01-12,0.27768707,-0.17552486,-0.37175354,0.6717385,0.3110757
2017-01-13,0.35192123,0.2714218,0.08590491,-0.285793,0.39989382
2017-01-17,0.26955965,0.22210225,-0.46994358,0.14277458,-1.0561438
2017-01-18,0.24897505,0.5161298,-0.16189398,-0.83809865,0.7137831
2017-01-19,0.30715513,0.8054976,0.9139629,-0.17293233,-0.5844634
2017-01-20,0.13931298,-0.7014557,0.36700794,0.32995522,0.1640874
2017-01-23,0.32262662,-0.29826045,-0.13325252,-0.21368991,0.050999787
2017-01-24,0.3212968,-0.6530526,0.72263724,-0.08111961,0.3227162
2017-01-25,-0.03163997,1.0932285,0.3119979,-0.139867,-0.77869606
2017-02-06,-0.30252364,-1.6841011,-0.33882618,-0.23695566,0.067266084
2017-02-07,0.33739126,0.5225112,-0.089708745,-0.4046252,-0.65033776
2017-02-08,0.40817758,-0.09231336,-0.011146583,0.36954695,0.42742127
2017-02-09,0.19832203,0.017011939,0.31571734,0.22807842,-0.4905304
2017-02-10,0.4610456,-0.114267476,-0.018940648,0.12067765,1.2116088
2017-02-13,0.10346337,0.7966822,0.106287025,-0.6004774,0.13957408
2017-02-14,0.31229234,-0.02949127,0.52915514,-0.037552025,-0.29448003
2017-02-15,0.24845971,-0.06443076,-0.1632917,-0.28644076,0.33238927
2017-02-16,0.14505523,-0.6067468,0.8423695,-0.6472748,-0.34293377
2017-02-17,0.26640806,0.1910112,0.94994,-0.37287065,-0.68876487
2017-02-21,0.1327169,-0.31124556,0.40140855,-0.1121188,1.0588018
2017-02-22,0.15030603,0.64227754,0.19811639,-0.31053475,-0.094387725
2017-02-23,0.3013235,-0.37811482,0.82963,-0.1356156,-1.3223073
2017-02-24,0.8239307,-0.1441541,0.20562568,-0.6770512,0.09246092
2017-02-27,0.71620154,0.1703479,1.0151113,-0.39517525,-0.5854138
2017-02-28,0.04428017,0.48114946,-0.8884179,0.32982793,0.29480958
2017-03-01,-0.32259044,-0.37612465,-0.64666194,0.9929193,0.63362056
2017-03-02,-1.3617042,0.7827292,0.5883453,-0.17058541,-0.6066199
2017-03-03,0.16941816,0.20888186,0.19621593,0.22998774,0.02977556
2017-03-06,-0.007757661,0.34419215,0.39918837,0.17347504,-0.7642708
2017-03-07,-0.42945728,0.20363648,1.1360669,-0.10510091,-0.6527002
2017-03-08,-0.24129859,0.75083333,0.27741587,-0.8614752,-0.41845226
2017-03-09,-0.20861156,0.6878948,0.75708866,-0.77375406,-0.62871444
2017-03-10,0.19721797,0.17992194,0.3682079,-0.49991056,-0.051330805
2017-03-13,0.5499084,-0.105694,0.75846946,-0.4298768,-0.23602886
2017-03-14,-0.30152932,-0.22046041,0.041957565,-0.21343386,0.20158146
2017-03-15,-0.056216177,0.075816095,-0.39543387,0.8423014,0.5515609
2017-03-16,0.95573854,-0.6915469,-0.21967934,-0.562611,-0.0334317
2017-03-17,0.44476038,-0.12156294,0.15461665,-0.09734173,0.16667943
2017-03-20,0.19431856,-0.34134957,0.67745894,-0.15996177,-0.6869629
2017-03-21,0.30452415,0.028639615,0.40443352,-0.54043835,-0.7776137
2017-03-22,0.52517915,0.42097333,0.5010097,-0.40485373,-0.12816459
2017-03-23,-0.037995305,-0.27220616,0.4297471,-0.07113496,-0.2751407
2017-03-24,0.115469314,-0.43634826,0.7442074,-0.3413529,-0.05493514
2017-03-27,0.02736209,-0.6173548,0.4555155,-0.20979008,-0.46607023
2017-03-28,0.6118262,0.06228484,0.38858277,0.095957875,0.4336566
2017-03-29,0.069934756,-0.3660898,0.86488587,0.48143095,-0.0062494827
2017-03-30,0.102586955,-0.18353967,0.88621205,0.14076602,-0.0778466
2017-03-31,-0.052031793,0.050263174,0.20696871,0.17010775,-0.82733035
2017-04-05,0.24919455,-0.32896048,1.0289801,0.49544036,-0.50639105
2017-04-06,0.15888171,-0.21586289,0.67386854,-0.0060203085,-0.7688095
2017-04-07,0.17530625,-0.15143852,0.32446057,0.11155453,-0.070712306
2017-04-10,-0.12964703,0.9018002,0.21406539,0.46176934,-0.80538535
2017-04-11,0.38481504,-0.8415137,0.09603715,-0.38761884,-0.36263514
2017-04-12,0.2567562,0.55052924,0.17085977,-0.2026464,-0.5548905
2017-04-13,0.7790828,-0.12705265,0.028220462,-0.24607253,-0.10299901
2017-04-18,0.052176196,0.36074048,0.48634,-0.3078917,-1.2753543
2017-04-19,0.5758197,1.1268489,0.38237658,-0.9051912,0.05775664
2017-04-20,0.48209822,0.17276451,0.7032971,-0.6546102,0.7559832
2017-04-21,-0.36080867,0.12686424,-0.08208416,-0.36428124,-0.22548309
2017-04-24,-0.11590468,0.599877,0.00070235354,-0.056175306,0.18703315
2017-04-25,0.10209125,0.57410014,0.06744848,0.2821029,0.22167659
2017-04-26,0.20686084,0.40700182,0.95956326,-0.3391516,-0.2753401
2017-04-27,0.31809488,0.6259338,-0.048814304,-0.38779494,-0.9660983
2017-04-28,0.26187703,-0.038311403,-0.18121691,0.09390185,0.20032807
2017-05-02,-0.91579556,0.079449825,-1.0093571,0.26772118,1.0558089
2017-05-03,-0.1549479,0.9892765,0.49884775,0.28097233,-1.0903188
2017-05-04,-0.09512818,0.93695176,0.72079855,-1.2153692,-0.42692977
2017-05-05,-0.13911045,-0.3701837,0.2806711,0.7069037,-0.1415225
2017-05-08,-0.23852326,-0.612447,0.6650125,-0.23483826,-0.2497489
2017-05-09,-0.41685995,0.62271875,0.061102543,0.100439325,0.24277228
2017-05-10,0.029378323,-0.6845071,0.27320054,0.7842169,-0.4481712
2017-05-11,0.5871126,-0.14742312,0.3619967,0.011992823,-0.1283402
2017-05-12,0.7186578,0.3312708,0.2224256,0.034533497,-0.3264604
2017-05-15,0.17824289,-0.43215173,-0.6059478,0.8012229,0.0019504584
2017-05-16,0.38472643,-0.23722564,0.56950486,-0.38042602,-0.14377272
2017-05-17,0.5808619,-0.6963895,-0.1553473,0.02464903,-0.1673192
2017-05-18,-0.34457523,-0.19033258,1.3978795,-0.1627151,-0.4484235
2017-05-19,0.27883223,-0.29068127,-0.2959355,0.99055105,0.9158675
2017-05-22,0.7952394,-0.37982383,0.2862668,-0.13945666,-0.3496664
2017-05-23,0.03499071,-0.26599634,1.1647215,-0.38624385,-0.093024015
2017-05-24,-0.012757249,0.3410643,0.35029274,-0.05592482,-0.39365646
2017-05-25,0.10504774,0.06579184,-0.10859217,-1.0763586,-0.1252432
2017-05-26,0.6585259,-0.12423431,0.42655414,-0.24981867,-0.84116405
2017-05-31,-0.14428954,0.20141754,0.31771523,-1.1570574,-0.030522931
2017-06-01,-0.108375415,0.43766117,0.8802098,-0.028845537,-0.2057572
2017-06-02,0.7740936,0.1365399,0.078330494,-0.7877103,-0.727996
2017-06-05,0.13005547,0.22782029,-0.1142724,-0.4153536,-0.6205205
2017-06-06,0.060623806,-0.37205037,-0.10356083,0.3815025,-0.5014346
2017-06-07,-0.111422576,1.0176558,-0.7606795,-0.5820799,-0.028965894
2017-06-08,0.046796028,0.6769541,-0.15572,0.39818227,0.43164858
2017-06-09,0.425595,0.24088311,0.4318357,0.15749799,0.3591512
2017-06-12,-0.39785776,-0.32295948,1.0871938,-0.20893368,-0.60205775
2017-06-13,-0.36480865,0.3638928,0.11446183,0.5508325,-0.26481843
2017-06-14,0.022548722,-0.5512288,-0.30920354,-1.1037335,-0.12496706
2017-06-15,-1.1532782,0.42086062,0.19321097,0.77262753,-0.15230785
2017-06-16,0.16479258,0.055725403,-0.021142293,0.3742055,0.05107785
2017-06-19,0.088681124,0.046093635,0.5759522,-0.45025182,0.6020228
2017-06-20,-0.22546732,0.27434528,0.34980828,-0.6746153,-0.2946492
2017-06-21,0.299212,-0.12023183,0.55857253,-0.7813819,0.07141817
2017-06-22,0.1833245,-0.48732287,0.8755469,-0.36607158,0.09059712
2017-06-23,0.66619396,-0.26151595,0.05309902,-0.16555262,-0.18741676
2017-06-26,0.36043042,0.5950916,0.72806925,0.11937484,-0.52832985
2017-06-27,0.23536427,-0.38647285,0.12789345,0.69172066,0.4844778
2017-06-28,0.88447976,0.24826816,0.5033216,0.017806556,-0.5561008
2017-06-29,-0.08415888,0.013903572,-0.64491814,0.67060995,0.5093277
2017-06-30,0.24242136,0.62420076,-1.1012437,0.92716885,0.27115625
2017-07-03,-0.6827052,0.34070405,-0.3064901,1.140741,0.6381123
2017-07-05,-0.50356805,0.34298366,-0.7089285,-0.19822498,-0.23408373
2017-07-06,0.5282736,-0.105099626,0.7803695,-0.14762093,-0.118607126
2017-07-07,-0.45720065,1.1702578,-0.17988001,-0.3108956,0.076302014
2017-07-10,-0.080966435,-0.22779699,0.13253717,0.33703664,-0.74468625
2017-07-11,0.598596,0.031646565,0.34922695,0.24296874,-0.18799762
2017-07-12,0.8317206,-0.3091135,1.0632617,-0.7696091,-0.23869173
2017-07-13,-0.31091177,-0.87445927,1.5616431,-0.13683073,-0.053336643
2017-07-14,1.045444,-0.15478939,-0.03477958,0.07302379,-0.12456988
2017-07-17,0.72398907,0.32463858,-0.3986128,-0.2628435,-0.13220799
2017-07-18,-0.07604557,-0.69558847,0.23433371,-0.088302046,0.6834711
2017-07-19,0.078761205,0.11547169,0.15171862,0.826874,-0.56549007
2017-07-20,0.49449682,0.438207,-0.4149477,-0.007403455,-0.19966544
2017-07-21,0.27155674,-0.27931708,0.39699417,-1.0776559,0.017514233
2017-07-24,-0.48682338,-0.68013173,0.57650876,-0.013137803,0.45157996
2017-07-25,0.5497277,-0.7340477,1.4174157,0.056915894,0.28339657
2017-07-26,0.43815705,0.35637185,0.18034783,0.5298358,-0.08118113
2017-07-27,0.58741355,-0.02785255,-0.2076068,0.22523688,-0.23921543
2017-07-28,0.5009052,-0.3939787,0.34853414,0.31964663,-0.48411927
2017-07-31,-0.3159894,-0.7651552,0.346076,0.40020704,0.6944717
2017-08-01,0.2263986,-0.3767364,1.0098418,-0.947327,-0.47343406
2017-08-02,0.7109128,0.37084177,0.15052095,0.13845354,-0.16681069
2017-08-03,0.05053851,-0.22861978,0.8090221,-0.5027281,-0.42828587
2017-08-04,0.044328295,0.47037393,0.5796734,0.24760845,-0.1407336
2017-08-07,0.17339478,0.13625546,-0.42343986,-0.13111642,0.6078035
2017-08-08,0.79505575,-0.031025223,0.32948795,-0.45453426,0.7856184
2017-08-09,0.4248792,-0.65178263,-0.09413084,0.05694407,-0.4970536
2017-08-10,-0.05519817,-1.0241983,1.4135679,-0.8513937,-0.39658245
2017-08-11,0.18254335,-0.071506016,0.35481822,0.0203842,-0.51216966
2017-08-14,-0.41733745,0.09270004,0.19679695,-0.53468376,-0.023244549
2017-08-15,-1.1233567,-0.47348726,0.8322359,-0.31414804,0.924127
2017-08-16,0.7275032,-0.3197855,0.37184095,-0.79452604,1.1053201
2017-08-17,-0.07655237,-0.48784316,0.18282385,0.12586313,-0.2808085
2017-08-18,0.23730165,-0.19479123,0.35269353,0.6753727,0.35882628
2017-08-21,0.3635454,-0.027340604,0.057514634,-0.7779281,0.33186483
2017-08-22,-0.27375737,-0.23958018,0.70201343,0.30046713,0.32395208
2017-08-23,0.41378,-0.19694756,0.443985,0.24595246,0.08728693
2017-08-24,0.20249887,0.1886136,-0.21590063,0.18768325,0.37537044
2017-08-25,-0.069716334,-0.35999,0.5352647,-0.14351556,-0.6370301
2017-08-29,1.0517349,-0.76875544,0.73634714,-0.6516662,0.20182778
2017-08-30,0.30709758,0.22121167,0.58693093,0.1444555,-0.4588318
2017-08-31,0.39293957,-0.47752225,-0.13982627,1.4153998,0.32837793
2017-09-01,0.7724491,0.2668201,-0.46563748,-0.8767725,-0.07595524
2017-09-05,0.44098586,0.42525542,-0.6661973,0.24720085,-0.46889353
2017-09-06,0.13498673,0.24165222,0.0131876515,0.32157752,0.017835608
2017-09-07,0.64317137,-0.37973863,0.8729769,-0.556964,-0.14647932
2017-09-08,-0.2366808,0.40965936,0.10454684,-0.2661481,-1.1272148
2017-09-11,-0.37339038,0.13060452,0.5183532,0.16426043,0.5676994
2017-09-12,-0.15586841,-0.3215141,0.8604553,-0.061919805,-0.18662615
2017-09-13,0.08283148,0.34071246,0.4377848,0.4093388,-0.8821659
2017-09-14,-0.3593363,0.02110311,-0.10095012,0.39414257,-0.26157546
2017-09-15,0.035857596,0.7555298,-0.6002631,0.62443864,-0.2647955
2017-09-18,-0.08747281,0.63240665,0.6993334,-0.19461201,0.37161875
2017-09-19,-0.1755988,-0.13677952,0.73907703,-0.09413843,0.27311754
2017-09-20,0.79160243,0.20194738,0.18145415,0.12558633,0.4972675
2017-09-21,-0.93316686,0.2423292,0.5598013,0.22353043,0.1632736
2017-09-22,-0.117685616,0.22758216,0.21397145,0.2510131,-0.47696367
2017-09-25,0.4471505,-0.8061109,0.6924718,0.30366778,-0.109178364
2017-09-26,-0.35325918,0.42844003,0.87786824,-0.3875585,-0.38431427
2017-09-27,-0.34008175,0.33476168,0.15329194,0.14587513,0.010479927
2017-09-28,0.5709048,-0.049820997,0.3748143,-0.570379,0.25195676
2017-09-29,-0.6573436,0.07916763,0.06726961,0.22145946,-0.10104457
2017-10-09,0.86427265,0.2871814,-0.10794283,-1.26428,0.9178323
2017-10-10,0.83005595,-0.6548037,0.4624576,0.17184699,-0.33092344
2017-10-11,-0.5945305,-0.3170241,0.5719528,0.4528964,0.058942027
2017-10-12,-0.037844133,-0.2102748,-0.44434977,-0.066226184,0.44943216
2017-10-13,0.63685584,0.06088284,-0.15492892,0.4697392,-0.24484901
2017-10-16,0.22147042,-0.2275992,0.8156829,0.07147611,-0.17166507
2017-10-17,-0.5334338,0.49104413,0.63130057,0.2565106,-0.4197659
2017-10-18,0.14004909,0.24464463,0.5617933,-0.153088,-0.11089611
2017-10-19,0.31430048,-0.18366842,-0.29569742,-0.31524432,-0.09180555
2017-10-20,0.09434009,0.040254932,1.1080059,0.23375309,-0.5131456
2017-10-23,0.9062359,0.822426,-0.2976837,-0.16149856,0.08628289
2017-10-24,0.32907242,0.019770695,0.49670762,0.23641916,0.28742
2017-10-25,0.23889928,-0.092218265,0.48132554,-0.103261806,0.014544724
2017-10-26,0.10906402,0.107903756,0.9081725,0.18568532,-0.15686814
2017-10-27,-0.057294283,0.08462758,0.469576,0.440572,-0.39849338
2017-10-30,0.7985654,-0.058667146,0.376286,-0.06228614,-0.7587711
2017-10-31,0.6240861,0.45226532,0.6928108,-0.11946267,0.0099030845
2017-11-01,1.4163013,0.2514573,0.06646469,-0.8679286,-0.01707661
2017-11-02,-0.25717416,0.10848449,-0.29115745,0.36671948,-0.31218755
2017-11-03,0.24098891,0.37746245,1.1010355,0.19935504,-0.32449415
2017-11-06,0.7162001,-0.8403231,0.15067098,0.5847478,-0.2625722
2017-11-07,-0.61293936,0.49079412,0.32065615,0.1313361,-0.6768569
2017-11-08,0.29652837,-0.3568179,-0.20954987,-0.119299665,-0.10882428
2017-11-09,-0.057377502,-0.3463867,0.8469261,0.013664945,-0.5083707
2017-11-10,-0.38950485,0.3333787,-0.051578715,0.14169227,0.32385176
2017-11-13,0.37677738,-0.4779522,0.45708343,-0.569756,0.14200439
2017-11-14,-0.5079321,0.06529552,0.34959295,-0.67895246,-0.56197274
2017-11-15,0.23629841,0.3916223,0.11100617,0.04222072,-0.05285485
2017-11-16,-0.042097233,-0.14017762,0.2399507,-0.37579876,-0.07564339
2017-11-17,0.7763492,-0.48148006,-0.32313514,0.41603872,-0.061100196
2017-11-20,-0.50942796,1.1229366,0.49602166,0.08741208,0.03992045
2017-11-21,0.78312176,-0.23616858,0.33603722,-0.24805298,0.12723403
2017-11-22,0.6714037,-0.16404265,-0.022388108,-0.017699204,0.050744724
2017-11-24,0.07893832,-0.31110278,0.5168617,0.083816774,0.643152
2017-11-27,0.1751196,-0.09765601,0.48885718,-0.22660604,-1.0657666
2017-11-28,-0.04481249,0.41775522,0.18242687,0.3103106,-1.1745297
2017-11-29,-0.16995905,1.0798362,-0.22092931,0.11826836,-0.4353797
2017-11-30,-0.3606094,0.10691609,0.38400993,-0.15489623,0.06459645
2017-12-01,0.19248573,-0.23214084,-0.05236082,0.4893329,0.4159836
2017-12-04,-0.075050406,0.55077046,0.13694578,-0.71039784,-0.09191493
2017-12-05,-0.2999396,0.8663932,0.74292797,0.23288444,-0.84166837
2017-12-06,-0.075545385,0.52062213,0.4214325,-0.86402875,-0.50894845
2017-12-07,-0.2443895,-0.018282002,1.0474073,0.23034304,0.28972265
2017-12-08,0.0919484,-0.06625708,0.77221704,0.4777434,-0.30619332
2017-12-11,0.5947282,-0.2817299,0.9753263,-0.12644912,0.02763848
2017-12-12,0.007535792,0.61902934,0.50735223,-0.5607506,0.1895523
2017-12-13,0.37439957,0.15209576,-0.55779165,-0.47448245,-0.12902118
2017-12-14,0.7647571,-0.23742692,0.3439779,-0.28164467,0.1526112
2017-12-15,1.0389733,0.6837012,-0.35728598,-0.059185073,-0.015831767
2017-12-18,0.48590302,-0.8040685,0.22240362,-0.0031788803,-0.34644264
2017-12-19,0.007759779,-0.24660349,0.05049593,0.22679196,0.45630547
2017-12-20,0.7207905,-0.28794968,0.15690584,0.016983582,0.28035834
2017-12-21,0.44943652,0.17627609,0.042669363,-0.1090897,0.22076386
2017-12-22,0.676321,-0.27777576,0.34676948,-0.12238567,-0.10983189
2017-12-27,1.0524677,-0.1756007,0.086841576,0.5518571,-0.091883525
2017-12-28,0.7694111,-0.53499126,0.38521892,-0.2096979,-0.23318231
2017-12-29,0.54601526,-0.37322968,-0.08575643,0.032028474,-0.20263617
2018-01-02,0.41265094,0.08643154,-0.31164584,-0.13316433,-0.3678985
2018-01-03,0.14928845,-0.20359,0.24845377,0.5281107,-0.5397438
2018-01-04,0.49382135,-0.09422742,0.3131862,-0.2857134,0.39050293
2018-01-05,-0.010915593,0.057029158,0.27612996,-0.4722999,-0.5557988
2018-01-08,0.23818587,0.19488673,0.79814976,-0.20020856,-0.49687386
2018-01-09,0.33610022,0.4316605,0.42535138,0.45760202,-0.7508267
2018-01-10,0.046357322,-0.56482214,0.27055094,0.014849478,0.28982088
2018-01-11,0.6069761,0.2124633,0.4979395,-0.2630266,-0.4580075
2018-01-12,0.6228149,-0.4625132,0.7222022,-0.2687275,-0.3170687
2018-01-16,-0.3727599,-0.20782396,-0.07984893,0.03830029,-0.73063684
2018-01-17,0.38109273,0.30184972,0.12064889,0.08093268,-0.64150774
2018-01-18,0.13178194,0.37891427,0.531011,-0.050294247,0.35031638
2018-01-19,0.47135508,0.08322705,-0.17540115,-0.45292178,-0.16401772
2018-01-22,0.27669486,0.38873827,0.3690861,0.10696741,-0.027943213
2018-01-23,0.21829331,-0.10058676,0.67591804,0.3663591,-1.0549444
2018-01-24,1.2397987,-0.5557451,-0.46734503,-0.15136856,0.11435054
2018-01-25,-0.10000401,-0.7617822,-0.014640789,-0.057069752,0.09279438
2018-01-26,8.959804e-05,0.4194063,0.40603262,0.40790978,-0.08124636
2018-01-29,-0.21216233,0.620259,-0.19325161,0.19955447,-0.061859585
2018-01-30,-0.6379895,0.27162027,-0.44472653,-0.18570885,0.42177078
2018-01-31,0.7814068,0.031187603,0.45918792,-0.66445166,0.059133586
2018-02-01,0.718897,0.22698396,0.51312083,-0.20544386,0.15509303
2018-02-02,-0.6555878,0.5295154,0.50214386,-0.098628074,-0.43535498
2018-02-05,0.10726975,-0.0056667295,0.19168536,-0.58957076,0.4660049
2018-02-06,-0.34366354,0.79259175,-0.56087327,0.08335645,-0.6195077
2018-02-07,-0.8032987,1.0209427,-0.19858593,-0.2820209,-0.42943513
2018-02-08,0.49023697,0.2195777,0.36754772,-0.72054875,-0.027102483
2018-02-09,-0.5533811,0.7095453,0.20276356,-0.89960945,-0.44879618
2018-02-22,1.9299369,-0.2647986,0.022588018,0.6010518,0.7886745
2018-02-23,-0.028878184,0.15386657,0.42166352,0.46507162,-0.5737572
2018-02-26,0.11488274,-0.1970906,-0.039022952,0.26185316,0.042172488
2018-02-27,-0.26607358,0.94352216,0.19214599,-0.08218066,-0.52800435
2018-02-28,-0.1882823,0.58269435,-0.929561,-0.3359591,-0.17558359
2018-03-01,-0.61932915,0.7177839,-0.6079481,0.5173125,0.0046827514
2018-03-02,0.37897104,-0.5159841,0.47089377,-0.31090543,-0.58679056
2018-03-05,0.090355486,0.34510317,-0.058896553,0.6635679,-0.25325587
2018-03-06,0.56927913,-0.7334133,0.22996746,-0.33753058,-0.22693214
2018-03-07,-0.27070478,0.66829246,0.79768604,-0.45005363,-0.81423134
2018-03-08,-0.39329353,0.280113,-0.26179177,-0.082099296,-0.28578982
2018-03-09,0.8932661,-0.49429387,1.2656512,-0.3125307,0.2188283
2018-03-12,-0.098402284,0.44234475,0.20547917,-0.13588615,-0.55385166
2018-03-13,0.4072425,-0.208083,-0.07102618,-0.19780324,0.09272311
2018-03-14,-0.16824068,-0.18159598,0.4317657,0.1909924,-0.11448562
2018-03-15,-0.41126928,0.31568223,0.12090091,0.32847515,0.08012783
2018-03-16,0.049171705,-0.03087573,0.99695784,0.15231234,-0.10711024
2018-03-19,0.13330604,-0.7453345,1.3297206,-0.6621231,-0.095682666
2018-03-20,0.10054151,0.34590384,0.68727714,0.54987293,-0.6331327
2018-03-21,0.47470263,-0.8016619,0.5867674,0.43013155,0.21119119
2018-03-22,-0.0711544,0.15617087,0.087542556,-0.3137082,-0.42952022
2018-03-23,-0.10413577,-0.7893795,0.37839487,0.06950937,-0.2868634
2018-03-26,0.22089428,-0.3296916,0.53352886,-0.39959297,-0.22230996
2018-03-27,-0.07398737,0.13727179,0.45557785,0.2457399,0.006376598
2018-03-28,0.29127032,0.9506934,0.88998127,-0.3708556,-0.30204105
2018-03-29,-0.11179288,0.46923435,-0.83413166,0.76015484,0.007755431
2018-04-03,-0.1696075,-0.019986484,-0.6794834,-0.72074294,0.76266664
2018-04-04,-0.1879018,-0.15946305,1.1302786,-0.30749196,-0.9030271
2018-04-09,0.75099546,0.2441119,-1.1393512,0.157329,1.180608
2018-04-10,1.084623,0.056089886,0.7829266,0.19212843,0.34184968
2018-04-11,0.6800393,-0.5116097,0.7447761,-0.011246541,-0.1327697
2018-04-12,0.2921974,0.88809395,0.5011425,-0.015638812,-0.37205568
2018-04-13,0.5675118,-0.10628203,0.6850237,-0.3743034,-0.78862035
2018-04-16,1.0963327,0.26186746,0.40620476,-0.5202805,-0.92240375
2018-04-17,0.44246945,0.10463276,0.4133956,-0.39599591,-0.23057613
2018-04-18,1.5086998,-0.12926203,0.33230984,0.020496886,0.9860244
2018-04-19,-0.4495191,-0.06826559,0.21795222,0.37895566,-0.4690545
2018-04-20,0.15906098,0.25711104,0.80430025,-0.06602178,-0.4195519
2018-04-23,-0.51599854,0.41022208,1.1026446,0.36815128,-1.1374632
2018-04-24,0.29576224,-0.11384259,-0.19777969,-0.21075447,-0.76376855
2018-04-25,-0.10452916,1.0801159,-0.07784933,0.3437967,-0.16629037
2018-04-26,0.5036459,0.16545479,0.55719614,-0.0006072927,-0.10386694
2018-04-27,0.2546628,0.48761997,-0.37169054,-0.028278029,-0.59983814
2018-05-02,-1.4372224,-0.8311064,-0.5401008,0.6111333,0.7357931
2018-05-03,0.3875473,0.1651115,-0.20266339,0.030421034,-0.7249575
2018-05-04,0.68978673,-0.48372024,0.9132397,-0.15663704,0.56221205
2018-05-08,-0.088132046,-0.357705,1.0722305,-0.34600544,-0.25774917
2018-05-09,0.4142888,-0.406258,1.0384133,0.55173683,-0.26775482
2018-05-10,0.6728199,-0.26090625,0.367641,-0.14985287,-0.5980122
2018-05-11,0.10933375,-0.12645952,0.76835114,-0.30050063,-0.47560757
2018-05-14,-0.47491893,-0.24853742,0.26784638,0.48556513,0.19311556
2018-05-15,-0.3915474,1.1915121,-0.38793832,1.0166293,-0.37314174
2018-05-16,-0.41754246,-0.80535346,0.26831278,0.27012137,0.08440062
2018-05-17,0.58538866,0.11578621,0.35145378,0.022711419,-0.35164917
2018-05-18,-0.24549955,0.40415832,-0.8028882,0.2054731,-0.0021904714
2018-05-21,0.73059475,0.21650508,-0.24258249,0.058661304,0.21868621
2018-05-22,0.17311525,-0.1279529,-0.075727336,0.33205217,-0.40566972
2018-05-23,-0.30770487,0.58653456,-0.2584675,0.3965819,-0.3943425
2018-05-24,0.55980754,-0.6136175,-0.015522129,-0.60825735,-0.03850583
2018-05-25,-0.24621184,0.82537323,-0.6613019,-0.46957004,-0.08686322
2018-05-29,0.4162855,0.33643693,0.090901375,-0.67280173,-0.17317238
2018-05-30,1.0076904,-0.24713655,0.92813116,-0.11066375,-0.5843673
2018-05-31,0.30791178,0.31974608,0.0942093,-0.25654116,-0.27296436
2018-06-01,0.5583923,0.6443493,0.5515157,-0.5593831,-0.086736254
2018-06-04,0.26231262,-0.20477542,1.382156,-0.9854229,-0.16297807
2018-06-05,0.7248284,0.18820743,0.09810858,-0.60437095,0.15480345
2018-06-06,0.8178959,0.17823912,0.02745007,-0.613204,-0.09569395
2018-06-07,0.3527808,-0.052811354,0.9490613,0.30717558,-0.7215474
2018-06-08,0.33950004,0.1426829,-0.025333121,-0.14232948,0.06606536
2018-06-11,0.09391736,-0.52702594,0.7600643,-0.284708,-0.38846684
2018-06-12,-0.049016725,0.5341052,-0.433202,0.23762728,-0.121861435
2018-06-13,0.11433728,-0.654755,0.8867421,-0.08416091,-0.211129
2018-06-14,0.0188801,-0.6738189,0.869946,-0.71382904,-0.6960564
2018-06-15,-0.2894152,1.4978486,0.93129563,-0.7001174,-1.1475706
2018-06-19,-0.47769535,-0.31629708,1.9440405,-0.5643612,-0.92458147
2018-06-20,0.12058266,0.09319681,-0.036199927,0.08399971,0.04744619
2018-06-21,-0.2905684,0.35265896,-0.024377665,-0.2781809,-0.3537271
2018-06-22,0.6996297,-0.17459017,0.34024513,0.55367184,0.118323915
2018-06-25,-0.6217877,-0.43593746,0.99067956,-0.37384877,-0.5014159
2018-06-26,-0.12257996,-0.36056226,0.808031,0.49925333,-0.2114169
2018-06-27,0.66036206,0.39058918,0.83211064,0.44309983,-0.43725815
2018-06-28,-0.21448502,-0.07627944,0.8898892,-0.065905675,-0.20745662
2018-06-29,0.40572822,0.07978753,-0.12688532,0.4898936,-0.4550561
2018-07-02,-0.13500875,0.9288344,1.5142859,-0.9125526,-0.41040355
2018-07-03,0.22249563,-0.69901496,-0.35250464,-0.06372599,-0.9903693
2018-07-05,0.006315496,0.2545888,0.113076404,0.02411499,-1.068768
2018-07-06,0.34345442,0.79156363,-1.1165404,0.40042737,0.2580141
2018-07-09,0.36328188,-0.712904,1.0575135,-0.25329885,0.03713215
2018-07-10,0.12592344,0.20116453,0.7474825,0.014692124,-0.6675304
2018-07-11,-1.0577115,0.16620943,0.77303195,-1.1928124,-0.93530256
2018-07-12,0.9726125,0.4148609,0.031940117,-0.080535546,-0.104731925
2018-07-13,-0.37099767,-0.09006843,1.1207361,-0.068252206,-0.2210721
2018-07-16,-0.012801026,1.1326361,-1.1613238,-0.60007244,-0.19537228
2018-07-17,-0.5532166,0.52848935,0.28582698,0.12575006,0.4177499
2018-07-18,0.5985437,0.2721842,0.4746068,-0.08404154,0.26491627
2018-07-19,-0.34800538,0.6010266,0.14328466,0.44387814,-0.9105895
2018-07-20,0.7563283,-0.52876127,-0.42511225,0.08443979,0.5536885
2018-07-23,0.38603356,0.37648994,0.34520707,-0.2940272,-0.35674006
2018-07-24,0.9861533,0.1178813,0.29816726,-0.4510509,0.29747444
2018-07-25,0.4507181,0.37434223,-0.73653096,0.3528903,-0.62815714
2018-07-26,0.08191326,0.019205531,0.72724086,0.05146838,-0.18504545
2018-07-27,0.34797823,0.5213068,0.1365111,-0.15469517,-0.08259948
2018-07-30,0.4218332,0.21747844,-0.37866932,-0.0817854,-0.21635658
2018-07-31,0.7544819,0.6176026,-0.32641283,-0.47617462,0.33777076
2018-08-01,-0.26488733,0.7615197,0.4845953,-0.7942144,-0.9996949
2018-08-02,0.16534369,0.013936679,0.52379453,0.25953242,-0.32772762
2018-08-03,1.1544423,0.33670855,0.008274196,-0.51057553,-0.1103116
2018-08-06,0.15411922,0.5918203,0.1988955,0.08761797,-0.171397
2018-08-07,0.41563424,-0.14492932,0.42128167,0.12354214,0.06964725
2018-08-08,0.25236535,0.30765393,-0.2580197,-0.92062336,0.43835
2018-08-09,-0.122084066,-0.3404985,0.3824275,-0.11656525,-0.32681224
2018-08-10,-0.17721383,-0.57825685,1.9262815,-0.3991409,-0.52572864
2018-08-13,-0.6309018,0.6470211,0.9644795,0.19643493,-0.74773073
2018-08-14,0.55617934,0.62858593,-0.07707926,-0.14295527,-0.55141085
2018-08-15,-1.645785,0.77501446,0.5829536,-0.00788443,-1.1492358
2018-08-16,0.90053385,0.28784052,-0.6564596,0.20141305,0.6111513
2018-08-17,0.3402094,0.39460987,0.10133126,0.2358981,-0.7086944
2018-08-20,0.59695363,-0.50561243,0.7368358,-0.42261812,0.3005115
2018-08-21,0.6140076,-0.31888908,0.70939213,-0.24241751,0.03807259
2018-08-22,0.4848292,-0.44231468,1.3381118,-0.42024055,-0.09366353
2018-08-23,-0.14287555,0.17624184,1.1240036,-0.37124276,-0.16398934
2018-08-24,0.7595568,-1.0837177,0.099094585,-0.089067884,0.19260277
2018-08-28,1.1738046,0.1259149,0.88849694,-0.9314369,-0.24188553
2018-08-29,-0.19830298,-0.025565611,0.13586186,0.5359645,-0.010150736
2018-08-30,-0.3330351,0.13333142,0.7784205,0.23895063,-0.28888193
2018-08-31,-0.38079807,0.4515546,-0.6146698,0.5515373,-0.60729825
2018-09-04,-0.22307986,1.1029017,0.41743124,-0.16784753,-0.8764638
2018-09-05,0.191012,-0.318845,0.18608046,-0.5870826,-0.08754044
2018-09-06,0.23420057,0.044792216,0.21532924,-0.33018547,-0.533146
2018-09-07,0.12355089,0.4069243,0.1700516,0.14778844,-0.116117306
2018-09-10,0.38107133,0.30437326,-0.2933017,0.17703782,-0.060673617
2018-09-11,-0.23084465,-0.42992958,1.0937461,0.20036797,-0.81081027
2018-09-12,0.8877053,-0.6301233,0.59182185,-0.3821471,0.44728115
2018-09-13,-0.1800374,-0.17810754,0.5160984,-0.6398513,-0.111250035
2018-09-14,0.32689214,0.8489565,0.6364808,-0.28200498,-0.75075877
2018-09-17,0.23153983,0.45565876,-0.5478359,0.20957126,-0.6532491
2018-09-18,0.5540083,-0.56181514,0.8287027,-0.06339209,-0.25203204
2018-09-19,0.57262087,0.030258298,-0.6551891,0.2839307,0.2614365
2018-09-20,0.69500136,0.3096496,-0.66723174,-0.10004115,-0.19761282
2018-09-21,0.5832491,0.21301757,0.123114616,-0.12781917,1.1673156
2018-09-25,0.35327616,0.017871007,0.778314,0.76263475,-1.0405078
2018-09-26,0.37121117,0.4206574,0.72725195,-0.47345203,-0.08406717
2018-09-27,-0.5946487,0.2080325,0.23184747,0.62386495,-0.3880846
2018-09-28,1.0294279,-1.0306714,0.71206367,-0.4314239,0.5381398
2018-10-08,0.121487804,0.5221713,-1.3881344,1.3420553,0.16168231
2018-10-09,1.0005422,-0.20365493,0.41905376,-0.51194495,0.0019465531
2018-10-10,-0.056605935,0.24878399,0.42262983,-0.74895984,-0.921964
2018-10-11,0.5713176,-0.39086643,-0.8836942,-0.9413593,-0.38775143
2018-10-12,0.21269833,0.58264804,-0.60914046,0.14199996,0.45516384
2018-10-15,0.14368658,0.2224031,-0.43907088,-0.13484478,0.65242785
2018-10-16,-0.050120495,-0.4475429,0.76896244,-0.001010759,-0.06636374
2018-10-17,-0.12626863,0.14572427,-0.10551709,-0.46978247,0.3388072
2018-10-18,-0.18700662,-0.21313658,0.79755574,-0.6777973,0.16296
2018-10-19,0.09970885,-0.33752128,0.5204318,0.07659428,-0.3211797
2018-10-22,-0.505559,-0.024124999,0.11417464,0.29897645,0.21525998
2018-10-23,0.26422873,-0.12829164,-0.48156404,-0.9750032,-0.7917589
2018-10-24,-0.14978595,-0.07382595,0.74231607,-0.029612705,-0.4668195
2018-10-25,0.12100998,-0.31506887,0.99362093,-0.14138374,-0.3940469
2018-10-26,0.116955996,0.1330473,-0.2522891,0.34789738,-0.28528115
2018-10-29,-0.3991275,0.15654188,0.8129861,-0.07565357,-0.4962966
2018-10-30,0.022950435,0.19738123,0.42485,-0.5121354,-0.99193764
2018-10-31,-0.052104454,0.57778853,0.3848667,-0.063918434,-0.56557554
2018-11-01,0.63728017,-0.08538009,-1.3405701,-0.7277233,0.59747124
2018-11-02,0.2753234,0.02067272,-0.31899315,-0.058617298,0.42788535
2018-11-05,-0.28594464,0.18513767,0.501138,0.2950522,-0.9596644
2018-11-06,-0.33859396,0.2387778,0.5919347,-0.33111927,-0.09344072
2018-11-07,0.36220333,-0.2900159,0.13457333,0.13337947,-0.18981595
2018-11-08,0.018165478,0.46378067,0.14491443,-0.53340447,0.18099172
2018-11-09,-0.9805824,0.38516885,0.59370935,0.18688956,-0.69485384
2018-11-12,-0.20435359,0.4599372,0.42229888,0.19270363,-0.45958862
2018-11-13,0.014551625,0.683664,0.0011480415,-1.3991255,-0.7984338
2018-11-14,0.12575889,-0.47983655,0.10190557,0.629268,-0.7715162
2018-11-15,0.5349316,0.15083084,0.08485883,-0.74978113,1.0556918
2018-11-16,0.60274595,-0.36842233,-0.042949956,-0.002708947,-0.3119857
2018-11-19,0.09077546,-0.6210854,0.6918449,0.130178,-0.8814453
2018-11-20,-0.6481952,0.81860805,-0.29808939,-1.2263346,-0.059424724
2018-11-21,0.37117872,-0.36768797,0.0087507805,-0.031338118,0.3148467
2018-11-23,-0.550391,1.0189185,-0.03581559,-1.6872612,-0.33403006
2018-11-26,-0.11629716,-0.56217915,0.8686443,0.32726404,-0.1210904
2018-11-27,-0.16230376,0.8345497,0.24037227,0.035773586,-0.7950189
2018-11-28,0.28057992,0.29266158,-1.1286274,-0.056000892,0.21840282
2018-11-29,0.0965692,-0.19066615,0.693614,0.20011744,-0.0138552245
2018-11-30,-0.1423627,0.81515104,-0.35896957,0.068445966,0.72173214
2018-12-03,0.977394,-0.4788565,0.111845925,0.39858335,0.37112427
2018-12-04,0.37453255,0.16658928,0.35608545,0.14140925,-0.5524579
2018-12-05,0.38488376,0.39627698,0.37469444,-0.37721893,0.2890431
2018-12-06,-0.601928,0.20358141,0.4880774,-0.8357162,-0.42374924
2018-12-07,0.68787813,-0.13904342,-0.07567232,0.79475033,-0.07347429
2018-12-10,-0.25377846,0.643577,-0.0661208,-0.66376144,-0.7169755
2018-12-11,0.06561869,-0.17024063,0.35895568,0.024675366,0.42703202
2018-12-12,0.44318646,-0.20034306,-0.16095409,-0.43665096,0.0074621597
2018-12-13,-0.0060756644,-0.1765252,0.638435,0.40078193,-0.2835393
2018-12-14,-0.14032756,0.79826975,0.25936106,-0.6546697,0.123623416
2018-12-17,-0.093582936,-0.19248384,-1.1193631,0.0655171,-0.24771178
2018-12-18,-0.26948753,0.76237744,-0.40626106,-0.87011045,-1.3258095
2018-12-19,0.5324424,-0.83778346,0.7590748,0.14039315,0.18178818
2018-12-20,0.029369803,0.035196915,-0.06853986,-1.3715644,-0.24656829
2018-12-21,-0.35248572,0.16341165,0.7673543,-0.10762228,-0.68153983
2018-12-24,-0.086546086,0.2995289,-0.58923095,-1.4226441,0.1256711
2018-12-27,0.34758988,-0.9145252,0.90896595,0.037562612,-0.869172
2018-12-28,0.09840497,0.039018612,-0.15331712,-0.15619165,0.2306954
2019-01-02,0.293813,-0.2600727,0.86989653,0.24634857,-0.55091286
2019-01-03,0.34999716,-0.006794994,-0.047601353,0.30685005,-0.34395993
2019-01-04,0.65620464,-0.17452405,-0.070303515,0.47331196,0.86314166
2019-01-07,0.29879233,-0.06441319,0.07379946,0.027087577,0.63295645
2019-01-08,0.32461026,-0.10292633,0.7392626,0.38020223,-0.5281852
2019-01-09,0.5545083,-0.2549173,0.49722221,0.9713591,-0.3971813
2019-01-10,0.017086115,-0.23048133,1.1827286,-0.22092207,-0.41673663
2019-01-11,0.19410223,0.38224533,-0.30383986,-0.1946785,-0.15073247
2019-01-14,0.16300625,0.44097862,0.20593043,-0.20827423,-1.0952741
2019-01-15,0.52088934,0.03455143,0.8304392,0.015341928,0.20342025
2019-01-16,0.8148175,0.037763137,0.38395855,-0.24356242,0.54328585
2019-01-17,0.25089827,0.52227324,-0.39016527,0.26100427,0.011935597
2019-01-18,-0.06404521,-0.11948208,0.19627476,0.91104186,0.4535422
2019-01-22,-0.32923144,0.3785915,0.22800092,-0.90540713,0.44611138
2019-01-23,0.16920562,-0.017135913,-0.1591809,-0.12864514,0.4886801
2019-01-24,0.24868283,0.07835573,0.41709104,-0.0061956546,-0.35865888
2019-01-25,1.2793152,-0.48089105,-0.0040226323,-0.40049285,0.19231921
2019-01-28,-0.37739897,0.32725018,-0.26111645,-0.9235209,-0.040806334
2019-01-29,0.33768848,-0.7758026,0.81997323,0.3501495,0.13401546
2019-01-30,0.5901221,-0.14184095,0.21710774,0.024357928,0.5650271
2019-01-31,0.013816171,-0.90627694,0.1074126,-0.37210694,0.28805104
2019-02-01,-0.16489922,-0.18854797,0.42295957,0.51678455,0.03435911
2019-02-11,-0.23782016,0.64175004,1.2194142,-0.5547668,-0.3361492
2019-02-12,-0.20576693,-0.13575007,-0.12792212,0.48464695,-0.55294746
2019-02-13,0.09286278,-0.30592015,0.7022771,0.2589475,0.029372254
2019-02-14,0.0084315995,-0.28407928,1.2559882,0.08393427,-0.44051498
2019-02-15,0.8628787,-0.7934375,0.26618037,0.64217323,-0.25708482
2019-02-19,0.62740856,-1.0743271,0.611762,-0.6890598,0.57619363
2019-02-20,0.62274855,-0.65160525,0.63777727,-0.23370594,0.7212933
2019-02-21,0.0902626,1.2262421,0.13052787,0.68648523,-0.2670763
2019-02-22,0.5575596,-0.53292745,0.026156642,-0.22471322,0.28558284
2019-02-25,0.037103098,0.2757728,0.3636742,-1.067474,-0.32647926
2019-02-26,0.31746677,-0.3180198,1.1924378,-0.044421498,-0.59928226
2019-02-27,0.6942936,0.07520296,0.64256173,0.16099356,-0.0025550642
2019-02-28,0.3119915,0.28880304,0.4483171,-0.07517919,-0.19878434
2019-03-01,0.022582144,0.91421115,0.29949528,0.21648857,-0.20376806
2019-03-04,-0.12615745,0.6386042,0.9392034,0.32411575,-0.70427763
2019-03-05,0.4085567,0.25915152,-0.23854667,0.13969992,0.1674545
2019-03-06,0.13637368,-0.048937656,1.2734895,-0.49487442,-0.34599835
2019-03-07,-0.19252783,-0.09222899,1.0682813,-0.02559299,-0.67214227
2019-03-08,0.6154239,-0.08759782,-0.461218,-0.5052058,-0.91443753
2019-03-11,0.042692084,-0.008235891,0.89501214,-0.0023973216,-0.16023315
2019-03-12,0.6413219,0.13953371,-0.69284546,0.08665656,0.63985854
2019-03-13,0.7155785,-0.35806465,0.32680038,-0.03987854,0.031236628
2019-03-14,-0.7304281,0.46320334,0.2597901,0.50039154,-0.56078213
2019-03-15,0.5448191,0.6282866,-0.9387251,0.14124726,-0.37896404
2019-03-18,-0.13504818,-0.4979118,0.31699297,0.2987944,-0.0954495
2019-03-19,0.6168094,-0.4203601,0.3751952,-0.23133565,0.1818035
2019-03-20,0.4040675,0.1546456,0.25030535,0.34333998,-0.16337626
2019-03-21,0.48139086,0.48079422,-0.22332883,-0.07920743,-1.0204235
2019-03-22,-0.26032856,0.20498383,0.2935777,-0.4401107,-0.35534295
2019-03-25,0.2906882,-0.38554087,-0.14428642,0.12775983,-0.25661752
2019-03-26,-0.12982017,-0.3651891,0.5796847,0.25768846,0.214918
2019-03-27,-0.29248834,-0.10146979,0.48098958,-0.1505248,0.26215053
2019-03-28,-0.64322424,0.52928495,0.67443657,0.03080482,0.15680027
2019-03-29,0.43832788,-0.9043312,0.941339,-0.45991942,0.5689229
2019-04-01,0.17489132,0.5505413,-0.1885539,0.05367461,0.12518379
2019-04-02,0.21855837,0.20882569,0.3764056,0.2953203,-0.64983183
2019-04-03,0.54357773,-0.3671286,0.106870554,-0.32505724,0.3329386
2019-04-04,0.3539636,0.13746572,-0.2377304,-0.011640932,-0.2945724
2019-04-08,0.41002572,-0.6454699,1.0691987,0.20152414,-0.4756959
2019-04-09,-0.0055883746,0.00072274235,0.22824927,-0.072025254,-0.23070313
2019-04-10,0.16364343,-0.5769902,0.3101177,0.4758338,-0.38069507
2019-04-11,-0.8170777,0.6418318,0.5568257,0.0898698,-0.11646428
2019-04-12,0.53870296,-0.10248243,0.03603098,0.0009070738,0.47154772
2019-04-15,0.20049776,0.2819948,0.25414565,-0.020763172,-0.9850653
2019-04-16,-0.044097845,0.2746023,1.0642018,0.07330273,-0.5975215
2019-04-17,0.17378801,-0.137873,0.54872316,-0.33394307,0.07348433
2019-04-18,0.15753394,-0.13767642,0.061253354,0.21582848,-0.45414624
2019-04-23,-0.2895896,-0.54527915,1.5031016,0.30195734,-0.16452281
2019-04-24,-0.07296978,-0.66762984,0.7042619,-0.36647728,-0.050262284
2019-04-25,-0.121420786,0.06175342,0.1565756,0.03295431,-0.5070295
2019-04-26,0.2860722,-0.13847743,-0.20894228,-0.91238713,-0.2731935
2019-04-29,0.12842153,0.012257252,1.0919316,-0.1577769,-0.33639622
2019-04-30,-0.23017229,-0.4840191,0.34477532,0.30696774,-0.061355144
2019-05-07,-1.6182274,-0.4790127,-0.0028815449,-0.4086024,-0.12693122
2019-05-08,-0.19537736,-0.07760317,0.8220351,0.3100841,-0.79856116
2019-05-09,-0.09861362,-0.28903192,1.0080098,-0.48431465,-0.3851248
2019-05-10,0.35807875,-0.59872955,0.8287272,-0.2750766,-0.09550031
2019-05-13,-0.6384841,-0.24652359,-0.25857583,0.122853994,-0.47419676
2019-05-14,0.20684314,0.5364466,-0.85531133,0.71862847,0.28398463
2019-05-15,0.47398767,0.49398103,-0.27945977,0.69373506,-0.21118161
2019-05-16,-0.007314256,0.7906293,-0.14575501,0.9671188,0.104704805
2019-05-17,-0.2016831,0.64676034,0.813545,-0.31827176,-0.65939194
2019-05-20,-0.13834998,0.5070427,-1.0667825,0.3447312,-0.33458212
2019-05-21,0.09811417,-0.025610222,0.15819804,-0.14265288,0.07514097
2019-05-22,-0.20026766,0.46138012,0.10754571,-0.5232093,-0.45332494
2019-05-23,0.07910876,0.063018106,-0.22655384,-1.4270253,-0.20417242
2019-05-24,0.0970428,0.28329575,-0.76425636,0.59525406,0.61761576
2019-05-28,-0.09369382,0.72809064,-0.8705865,1.00076,0.34613588
2019-05-29,0.018409766,0.20162272,-0.114351064,-0.10660242,-0.39531863
2019-05-30,0.06752165,0.5236061,-1.5177412,-0.29625186,0.19796269
2019-05-31,-0.4826803,-0.7057947,-0.1709987,-1.2155007,0.025791064
2019-06-03,0.13020106,-0.014791637,-0.8229756,-1.2463435,-0.022796676
2019-06-04,0.310507,-0.14192228,0.5752908,-0.10970711,-0.02580199
2019-06-05,-0.2631067,0.10059104,1.1759629,-1.2015926,-0.5146407
2019-06-06,0.3212758,-0.2854558,-0.36823705,0.31385478,0.4267522
2019-06-10,-0.015112117,-0.005031944,1.4677669,0.12307436,-0.48629528
2019-06-11,0.2399127,-0.18851471,-0.20622718,0.257301,0.09685164
2019-06-12,0.030430136,0.5420801,-0.9969176,-0.4861906,0.12436793
2019-06-13,0.36803222,0.18337794,-0.27769408,0.43492964,-0.24779502
2019-06-14,-0.06537922,0.38017336,0.008928606,0.45233864,-0.69719404
2019-06-17,0.43411475,0.89112556,-0.1351916,-0.2871354,-0.30171
2019-06-18,0.5745414,-0.8520986,0.81186056,-0.0961403,0.53561425
2019-06-19,0.074435666,-0.36612803,0.7379597,-0.34361303,-0.23836768
2019-06-20,0.792659,-1.1849579,0.10797366,0.24992432,-0.21031013
2019-06-21,-0.21282259,-0.64186674,1.4631138,0.055721853,-0.4345829
2019-06-24,0.5930609,0.045203634,-0.57622564,-0.19539003,0.24942392
2019-06-25,0.5248355,-0.1455889,0.39585024,0.05364749,0.18784
2019-06-26,0.09913327,-0.45347703,0.9923779,0.50087976,-0.25768834
2019-06-27,0.12667029,0.10694082,0.11947133,-0.13619113,-0.50811917
2019-06-28,0.40325272,-0.6247044,0.7835972,-0.5773278,0.03784732
2019-07-01,-0.90394765,-0.30071306,0.61314905,-0.09860306,0.10794046
2019-07-02,0.13030033,0.14954242,0.061509136,-1.1622578,-0.6583269
2019-07-03,0.43798786,-0.08736097,-0.74589413,0.81056035,-0.27768013
2019-07-05,-0.270378,0.78844196,1.0592791,0.36933094,-0.6085184
2019-07-08,0.11090397,0.033019397,0.03051313,-0.21811897,0.086727425
2019-07-09,0.42137522,0.08349423,0.7237146,-0.18826571,-0.69799966
2019-07-10,0.91282535,-0.5340406,0.14280386,0.91058415,0.5650735
2019-07-11,0.2245734,0.78733194,-0.62839454,0.033580277,-0.21467483
2019-07-12,0.44564644,-0.052203905,0.10853675,-0.05737474,-0.14881338
2019-07-15,1.0693345,0.13961467,0.6167822,-0.94968736,0.07466932
2019-07-16,0.26384702,-0.23622946,0.30440447,-0.9257392,-0.26776665
2019-07-17,0.5188356,-0.25786203,0.12545083,-0.6165755,-0.53794944
2019-07-18,0.21593529,-0.30995032,0.4410897,-1.0580399,-0.26182592
2019-07-19,0.09869328,0.41490105,-0.52712303,0.61976767,-0.120660655
2019-07-22,-0.0055198907,-0.4558687,1.0222771,-0.12601273,-0.9289853
2019-07-23,0.8189568,0.47415015,0.08706154,-0.025961319,-0.3996518
2019-07-24,0.39213395,-0.086743444,-0.23149726,-0.2461028,0.4426464
2019-07-25,-0.40595067,-0.002188735,0.860003,0.15587963,-0.29296604
2019-07-26,0.18611316,0.12423745,0.3240922,-0.3392119,-0.3511556
2019-07-29,0.2536789,-0.34531775,-0.042960547,-0.18325798,0.5173623
2019-07-30,0.10042004,-0.61043686,0.8757494,-0.08977599,-0.2559449
2019-07-31,0.463169,-0.016206155,1.1829828,-0.32456923,-0.6452213
2019-08-01,-0.45041773,0.9157645,0.2902126,-1.6957462,-0.13362335
2019-08-02,0.14402579,-0.30351433,0.255664,0.17421252,-1.1012422
2019-08-05,0.33579648,0.30401716,-0.30581924,-1.0090953,-0.66138184
2019-08-06,0.15856102,-0.06591744,0.2624165,-0.606899,-0.24299788
2019-08-07,0.8237954,-0.044225905,-0.6670754,-1.3674226,-0.84422916
2019-08-08,0.7211306,0.6682373,0.052449007,0.6105773,0.71934086
2019-08-09,0.13694614,0.2051775,0.49356002,0.6543815,-0.7124727
2019-08-12,0.21084864,-0.76324826,1.638006,-0.8202981,-0.07545648
2019-08-13,0.23200186,-0.9510098,1.1131961,0.6033148,0.44507858
2019-08-14,-0.55013585,-0.5155643,-0.23108257,-0.6520216,-0.5278466
2019-08-15,0.44518,0.73176444,0.60259795,-1.0623316,0.69993985
2019-08-16,0.028853064,0.31953162,-0.16123137,0.21530412,0.3326304
2019-08-19,0.045976255,-0.21673523,1.2727213,0.030433262,-0.5137743
2019-08-20,0.48052496,0.017329289,0.7139878,-0.18667006,-0.65581954
2019-08-21,0.45045018,0.1612279,0.10014147,-0.10729677,0.46094123
2019-08-22,0.1484119,0.60677683,0.2026882,-0.37553027,-0.61075896
2019-08-23,0.28637818,-0.6742188,0.42061177,-1.0517843,-0.26195994
2019-08-27,0.83253145,-0.7071051,0.04929174,-0.31665635,-0.80812293
2019-08-28,0.5148927,-0.5290371,0.056467976,0.53861475,-0.26276448
2019-08-29,0.6123234,0.2663943,0.5992787,-0.06355757,-0.29572868
2019-08-30,0.11637319,0.13042808,-0.068418436,-0.68454915,-0.09589213
2019-09-03,0.18664888,-1.1861507,-0.18924141,-1.0186287,-0.50684214
2019-09-04,1.0351973,-0.875968,0.42472336,0.70315653,0.2966656
2019-09-05,-0.73182994,0.5075711,0.74521583,0.54107153,0.6522369
2019-09-06,-0.7161683,-0.1488632,0.777671,0.28510427,0.24946144
2019-09-09,0.24200068,-0.07354129,0.47763622,0.42756698,-0.1946412
2019-09-10,0.456366,0.9453788,-0.18707904,0.22069898,0.105155006
2019-09-11,0.2869084,0.19159791,0.18813236,-0.84265745,0.018192016
2019-09-12,0.36857557,0.5930739,-1.0365224,0.33229235,-0.41279718
2019-09-16,0.6346156,-0.025443628,0.47559646,2.4010828,-0.22258693
2019-09-17,0.6063078,0.56391394,0.37386298,-1.8001436,-0.40861517
2019-09-18,-0.3778677,0.32652432,-0.2354863,-0.054364476,-0.3326141
2019-09-19,0.15458603,-0.12502146,0.5027202,0.11103236,0.27743074
2019-09-20,0.26992244,-0.13637051,0.4907755,-0.52602005,-0.06344109
2019-09-23,1.2071226,-0.24799128,-0.2246262,-0.44798794,-0.3736713
2019-09-24,0.022401908,0.2939509,-0.24873109,-0.4518371,-0.7124714
2019-09-25,-0.63609517,0.86290014,0.20131515,0.221117,0.27512085
2019-09-26,0.09956354,0.012553626,0.45700312,-0.107088506,-0.14979386
2019-09-27,0.26971138,0.38189295,0.48568413,-0.22356834,-0.022713512
2019-10-08,-0.08893771,1.0203102,-1.3326241,-0.10745088,0.9229543
2019-10-09,0.44903776,-0.13485691,0.18499272,-0.030491587,-0.28036854
2019-10-10,0.4730927,-0.122696854,1.0338402,-0.31630647,0.671401
2019-10-11,0.017282449,0.8476379,-0.80638397,0.9508821,0.015048881
2019-10-14,-0.11771603,-0.013705246,-0.27731943,-0.4004912,-0.6929543
2019-10-15,0.16830085,0.66364324,0.19210617,0.4595938,-0.59431124
2019-10-16,0.49647596,0.08481476,0.69250864,-0.11980955,-0.38171038
2019-10-17,0.14916822,-0.12138111,0.0014713927,0.003262287,0.02431786
2019-10-18,0.054033935,-0.21728167,0.07753955,-0.0015570329,0.33977318
2019-10-21,-0.20694543,-0.18751465,0.43442902,-0.3319754,0.105296806
2019-10-22,0.58282423,0.32733306,0.65108675,-0.09047522,-0.33265474
2019-10-23,0.56895214,-0.7086324,0.45470756,0.13294598,-0.019461919
2019-10-24,0.4284481,-0.41052386,0.36291206,0.06859495,-0.018884009
2019-10-25,0.48725733,-0.24127193,0.35729498,-0.19499095,-0.14798324
2019-10-28,-0.014618422,0.27713424,0.31444252,-0.07197315,-0.16660501
2019-10-29,0.4282128,0.22005248,0.4001453,-0.039672155,-0.21457118
2019-10-30,0.41944247,0.23328109,-0.2976018,-0.3626497,-0.6163144
2019-10-31,-0.14037493,-0.423153,-0.19390655,-0.59147674,-0.5906586
2019-11-01,1.3213506,0.2952772,0.555898,0.19625187,0.072989084
2019-11-04,0.40531713,0.0605208,0.68524766,0.20319414,-0.17191501
2019-11-05,-0.43538317,0.58698606,0.3502636,0.6612701,-0.25514612
2019-11-06,-0.020521559,-0.08540212,0.15685241,-0.7294311,-0.1827546
2019-11-07,-0.31497344,0.6892007,0.6292513,0.22823484,0.6212693
2019-11-08,-0.17006357,0.57553536,0.32799515,0.13257425,-0.30691373
2019-11-11,-0.5125228,0.03530236,0.73617977,-0.24868877,-0.112416334
2019-11-12,-0.2812237,0.49829268,-0.38089278,0.29247525,-0.27177313
2019-11-13,0.10220189,-0.66979283,0.62057936,-0.36498427,-0.57731485
2019-11-14,0.49161324,0.047429647,0.25867304,-0.22201405,-0.8598251
2019-11-15,0.6027421,0.16826805,0.7217064,0.02578124,-0.39453146
2019-11-18,-0.2158222,-0.04924921,0.18496552,-0.61375153,-0.29974675
2019-11-19,0.18609467,0.055449843,-0.2531521,-0.67103416,0.13134411
2019-11-20,0.02073216,-0.6918617,0.66300637,0.5868159,-0.35338512
2019-11-21,-0.07855991,-0.30688727,0.7380117,0.5800691,-0.6222881
2019-11-22,0.29303232,0.6656119,-0.12729318,-0.036482185,0.092056066
2019-11-25,0.80434495,0.6945119,0.036803264,-0.4187063,-0.29958838
2019-11-26,0.7191314,-0.38394675,0.80319864,-0.3474296,0.18153298
2019-11-27,0.3693298,0.64084876,0.5418162,-0.29316166,-0.4613888
2019-11-29,-0.18696348,0.38603985,-0.9306168,-0.8847728,-0.24298936
2019-12-02,0.07035062,0.05460658,0.43625993,-0.26799953,-0.34454423
2019-12-03,0.57566863,-0.22165674,0.31877142,-0.3429583,-1.5569651
2019-12-04,0.03102179,0.085208125,0.6635204,0.67163527,0.49293113
2019-12-05,0.509392,0.015155679,0.37110206,-0.06957016,-0.44039
2019-12-06,0.13974205,0.612471,0.44825694,0.35440618,0.8563631
2019-12-09,0.41977787,0.20671578,0.05379955,-0.34836596,0.22181298
2019-12-10,0.43738127,-0.36495668,-0.120619215,0.108239226,-0.34241036
2019-12-11,0.46271545,-0.42977306,0.21150967,-0.7896052,-0.0063317697
2019-12-12,0.44571704,0.34964302,-0.7557855,0.58546615,0.16290645
2019-12-13,0.5700404,0.27044442,0.57762146,0.116185695,-0.43362954
2019-12-16,0.38094872,0.5393342,-1.5508144,0.96642554,-0.43476284
2019-12-17,0.08946732,0.2746137,0.3257507,0.39728898,-0.33762553
2019-12-18,0.07872265,-0.15159781,0.43512934,-0.27986726,0.23620416
2019-12-19,0.4410619,-0.16736928,0.30772397,0.021806812,0.26601836
2019-12-20,0.19048458,0.5298501,-0.055127077,-0.02859626,-0.118664816
2019-12-23,0.52522796,-0.25607592,0.26938623,-0.5071934,-0.14316434
2019-12-24,0.6307597,-0.57226866,0.13132392,-0.044903707,-0.24069424
2019-12-27,1.314628,0.3333028,-0.16081093,-0.15749179,-0.48935822
2019-12-30,0.6492197,0.22584766,-0.056364536,-0.13120407,-0.39930123
2019-12-31,-0.16778311,0.09381975,-0.005626966,-0.50173235,-0.6282965
2020-01-02,0.45547166,-0.08532257,0.17299631,-0.17606716,0.2033242
2020-01-03,0.2685488,-1.0077753,1.1146243,-0.0011548776,-0.23739433
2020-01-06,0.50751,0.44848114,0.18189198,-0.36011446,0.09073463
2020-01-07,0.58740485,0.06305383,0.05748912,-0.46525013,-0.33948058
2020-01-08,-0.14485672,0.8664656,-0.20337702,-0.8832857,0.40554422
2020-01-09,-0.2009993,0.24344423,0.04940439,0.1262557,0.01624924
2020-01-10,0.43944326,-0.18600251,-0.34412542,-0.08984438,-0.29862136
2020-01-13,0.036984876,0.49205512,0.31268907,-0.5214951,0.30167058
2020-01-14,0.13357933,0.24047415,0.22126065,0.15764888,-0.028620265
2020-01-15,0.55490786,-0.53985524,0.08969987,-0.7698414,-0.020554375
2020-01-16,-0.018430438,-0.018027857,1.2844981,-0.36369967,0.09427353
2020-01-17,0.4013804,0.16202003,-0.82762635,-0.012936025,0.020090772
2020-01-21,-0.3719426,0.16961549,0.70245665,-0.4308161,0.22245803
2020-02-03,-1.9509952,0.1709973,0.0643673,-2.3855197,-1.2823714
2020-02-04,-0.25876537,0.3674585,-0.03419297,0.51243633,0.08899677
2020-02-05,0.9451887,-0.4527509,0.5236058,0.41287974,0.43909463
2020-02-06,0.3980861,-0.02317054,0.46095952,-0.08666829,-0.10618754
2020-02-07,-0.062243704,0.49346536,0.07241706,-0.12002614,-0.76464313
2020-02-10,-0.15733634,-0.08337742,-0.28693062,-0.6370587,0.10209018
2020-02-11,0.06833214,-0.19143035,0.38759255,0.22710134,0.5803733
2020-02-12,-0.2032046,-0.2908644,0.15332797,1.0466532,-0.0048098913
2020-02-13,0.7964961,-0.21216099,0.85351527,-0.30930266,-0.2865711
2020-02-14,0.08487823,-0.2920092,0.3774966,0.18933025,-0.8640807
2020-02-18,0.6720045,-0.17912097,-0.759647,0.21998137,-1.2873701
2020-02-19,0.43126044,-0.5845953,0.5062164,0.44197875,-0.3170452
2020-02-20,-0.118453875,0.030828005,0.76250416,-0.17864795,-0.30993617
2020-02-21,0.36775556,-0.46939456,-0.30123004,-0.48624116,-0.16724123
2020-02-24,-0.48328826,-0.85504824,0.5196355,-1.511454,-0.6096402
2020-02-25,-0.80975133,1.3366505,0.14091305,-0.14505549,0.105266176
2020-02-26,-0.35300592,0.79193306,-0.005938888,-0.9216706,0.070532
2020-02-27,-0.5414999,-0.028331378,0.72671056,-1.0246145,-0.15756015
2020-02-28,-1.179707,1.6008598,0.59582853,0.1671176,0.39980257
2020-03-02,0.6850701,-0.80596954,0.047736384,1.0324129,-0.1516456
2020-03-03,0.78377426,-0.613123,-0.35696432,-0.12781294,-1.1823465
2020-03-04,0.36965588,0.20846626,0.20347352,0.0016550745,-0.16961494
2020-03-05,0.065897204,-0.16520438,0.26708353,-0.99786747,-0.027496899
2020-03-06,-0.67164004,0.37410098,-0.55689305,-2.2256367,-0.36347768
2020-03-09,-1.1034852,0.8443805,-0.8910589,-2.9094207,-0.48387125
2020-03-10,0.5468448,-0.11225578,0.66124886,1.6908733,-0.49166542
2020-03-11,-0.8614608,0.08025819,0.31121472,-0.44506237,0.014339526
2020-03-12,-1.66042,1.8127836,0.5282902,-1.2551883,-0.06650901
2020-03-13,-1.2827331,1.1096923,0.63188016,-0.0015565263,1.1551917
2020-03-16,-2.0393596,2.1194046,0.5695811,-1.6900504,-0.25636104
2020-03-17,0.70094323,0.42344522,0.34406704,-0.56549543,-1.4736229
2020-03-18,-1.7434878,1.9266651,-0.18146679,-1.4926391,-0.24464966
2020-03-19,0.91205543,-0.43653288,0.47712564,2.2496884,-0.44017014
2020-03-20,0.54160863,0.42058903,-1.0870717,-1.3237034,-0.51301956
2020-03-23,0.75672483,0.027290387,-1.1185757,-1.1723188,-1.1631233
2020-03-24,2.3484569,-1.466962,-0.35894474,-0.040689383,-0.72376305
2020-03-25,0.8470727,-1.0401883,0.45595074,0.89512324,0.03559067
2020-03-26,-0.6391521,-0.043945495,0.13192087,-0.99850494,0.0889439
2020-03-27,-1.074632,-0.31574774,0.59642863,0.027548013,0.7520411
2020-03-30,-0.913273,0.6605298,0.017287254,-0.8931388,-0.28434798
2020-03-31,0.7055017,0.84470457,0.39853525,-0.3005394,0.6167279
2020-04-01,-1.1110826,-0.5656446,1.3460622,-0.806119,-0.25970164
2020-04-02,0.77640057,-1.6808492,1.2974925,1.5017718,0.6140335
2020-04-03,-0.13907577,-0.83652294,1.341826,1.5788364,0.19459789
2020-04-07,1.1831269,-0.18820094,-1.349727,-1.0189451,-0.870508
2020-04-08,0.66576415,0.89295006,0.82235104,0.053812254,-0.25835255
2020-04-09,1.1929241,-0.30754125,-0.79340583,-1.1052852,-0.3443741
2020-04-14,0.7105493,-0.7814115,0.5851412,-1.7370503,-0.1526303
2020-04-15,-0.64158285,1.049906,0.1747264,-0.7543325,0.2512634
2020-04-16,0.29640603,0.022095956,1.1847545,-0.48778632,0.5872083
2020-04-17,-0.38810766,0.6333566,0.018357228,0.39493647,0.35816383
2020-04-22,0.8349296,-1.2480247,0.59690654,1.7750453,-0.28921193
2020-04-23,0.48803577,-0.7818424,0.6975477,1.0049294,-0.28247562
2020-04-24,-0.16201788,0.35026863,0.62835056,-1.2580951,0.19441573
2020-04-27,-0.26008546,0.5937623,-0.218024,-2.2825398,-0.38511023
2020-04-28,0.72626245,0.14107642,0.22659518,0.058080785,0.05947909
2020-04-29,0.55547935,-1.0541687,1.0024346,2.0496285,0.31280985
2020-04-30,0.6041515,0.229447,0.7163612,1.9448577,-0.4104868
2020-05-06,0.50248,-0.3801603,1.457134,1.793254,-0.53895384
2020-05-07,1.6372797,-0.2774556,-0.09433377,-0.20701782,-0.30100265
2020-05-11,-0.06163191,0.3632628,-0.24185942,0.53899723,0.6610144
2020-05-12,0.8489636,0.66979563,0.4131067,-0.34742942,-0.6177099
2020-05-13,-0.34637997,-0.48111627,0.7662671,-0.9769769,-0.13444582
2020-05-14,0.74762857,-0.91738665,0.6652256,1.2406836,-0.5936645
2020-05-15,1.2909718,-1.2964401,0.8543634,-0.052201413,0.30775928
2020-05-18,1.2296443,-1.2735057,0.8906351,1.5709574,0.462586
2020-05-19,1.0489098,-0.12869729,0.13991351,-0.74625534,-0.066800885
2020-05-20,0.23187838,-1.097904,-0.09686655,0.37836468,0.36238205
2020-05-21,-0.7199884,1.2151636,0.8418704,0.31148857,-0.1758339
2020-05-22,-0.107718885,-0.6902784,0.13923265,-0.7325553,-0.77243215
2020-05-26,0.19295819,0.6605122,0.20523956,1.0963589,0.0022334831
2020-05-27,0.12134348,0.78734106,-0.3622875,-1.0806748,-0.83042485
2020-05-28,0.191492,0.15354323,-0.12844697,-0.19613795,0.16290171
2020-05-29,0.63825256,-1.1310127,0.3799437,0.20754042,0.2593151
2020-06-01,0.695145,-1.1186566,0.7769967,0.8146079,0.36269206
2020-06-02,-0.22297913,0.028660668,1.0539987,1.1179677,0.4479321
2020-06-03,-0.33398926,0.6450811,0.009511523,0.10166974,0.8608108
2020-06-04,0.32603842,-0.059110016,-0.40763137,0.12807077,-0.13238724
2020-06-05,-0.1918343,0.19109495,1.2119653,1.4258199,0.9722741
2020-06-08,0.76523054,-0.47353882,-0.2631051,-0.9620885,-0.45465326
2020-06-09,0.51473975,-0.15229668,0.85765034,-0.16690312,-0.20202847
2020-06-10,0.32662117,-0.0723787,0.4410442,0.14507577,0.43743724
2020-06-11,-0.31712174,0.7924518,-0.36170402,-1.5170729,-0.9896422
2020-06-12,-0.19640487,0.5156647,0.38808244,0.002478765,-0.06452957
2020-06-15,0.1003099,-0.14378081,0.72197837,0.7612143,-0.5181453
2020-06-16,0.8465667,-0.88917285,0.8257253,0.23292355,0.48425812
2020-06-17,0.40549454,0.12125942,0.11388311,-0.053648602,0.09193936
2020-06-18,-0.10599904,0.24553053,0.9115491,0.5032764,0.027266953
2020-06-19,0.59991413,-0.8005253,0.124038614,0.22879174,-0.035209734
2020-06-22,0.7755223,-0.4206509,0.4825911,-0.29431692,0.058515653
2020-06-23,0.29263029,-0.24983022,0.14428796,-0.34805387,-0.4610692
2020-06-24,-0.6840099,1.2495463,-0.13089818,-1.4633088,-0.08737467
2020-06-29,0.85332537,-0.81557643,0.638504,0.034547456,-0.13679513
2020-06-30,0.4718677,-0.42488343,-1.1722041,0.31935093,0.04476226
2020-07-01,0.43797368,1.4015473,-0.054783713,0.6437312,0.25789884
2020-07-02,0.6818297,-0.24079812,1.1971304,0.10849114,-0.5009523
2020-07-06,1.0578578,0.34753865,0.07854584,-0.16819523,-0.3262327
2020-07-07,0.28094766,-0.87433684,-0.030465737,0.12101614,-0.09778139
2020-07-08,0.6585281,-0.34113446,-0.36604792,-0.35969037,0.74833703
2020-07-09,-0.38073042,1.0803452,0.23407143,-0.3423529,-0.025016567
2020-07-10,0.4995074,-0.5166317,0.9601946,-0.040116657,0.38721284
2020-07-13,0.992979,-0.9085352,0.59213305,-1.0611987,0.20734467
2020-07-14,-0.2218217,0.67701006,0.455708,0.09233249,-0.52495104
2020-07-15,0.54249895,-0.08718977,-0.031565987,0.50710106,-0.2408616
2020-07-16,0.5430981,1.027073,-0.03984785,-0.05729378,-0.6094812
2020-07-17,-0.033698622,-0.43694192,-0.21289073,0.0014692814,-0.5211389
2020-07-20,0.41888845,-0.63305205,0.6910375,-0.53022015,0.48189652
2020-07-21,1.3831726,-1.8636247,0.2400051,-0.06961453,-0.06876554
2020-07-22,0.77485144,-1.0987109,-0.7377033,-0.27169347,-0.8563148
2020-07-23,0.4782779,-0.15653394,0.012305599,-0.48194093,-0.42326722
2020-07-24,0.0065313303,0.019707551,0.6122538,0.04008911,-0.698795
2020-07-27,0.70840734,-1.2455962,-0.35997355,-0.5845985,0.13939422
2020-07-29,0.6553076,-0.14283623,0.6112208,-0.46380097,-0.038015578
2020-07-30,-0.5466092,1.2250758,-0.065905,-0.27806538,0.34765625
2020-07-31,0.72183096,-0.39253673,-0.5990134,-0.10434882,-0.39426392
2020-08-03,0.6837914,-0.459517,0.49942246,0.6212225,-0.25842115
2020-08-04,0.8085379,-1.5835156,0.33637425,-0.5929771,-0.28974867
2020-08-05,1.1819847,-0.9823309,0.049903627,-0.22711526,0.008162224
2020-08-06,0.6397421,-0.86283684,-0.008570716,-0.8799535,-0.051084783
2020-08-07,-0.7584808,1.0736226,0.9858903,-0.040607322,-0.88003826
2020-08-10,1.281708,-0.7792191,0.07671088,-0.4359094,-0.12639119
2020-08-11,-0.80825263,1.6874622,0.6637058,0.5906303,0.40445465
2020-08-12,0.19807743,0.20270468,0.30784366,0.6428789,0.0004435898
2020-08-13,0.63004345,-0.38254997,-1.0572649,-0.15389927,-1.0247484
2020-08-14,-0.41599497,0.9940058,0.62548,0.44495142,-0.22078082
2020-08-17,1.1043427,-0.9057723,-0.50409716,-0.27511403,0.2110803
2020-08-18,0.78376263,-0.76342195,0.6337912,-0.28991228,0.33566752
2020-08-19,-0.22047615,0.8744713,0.14799002,0.3625503,0.82758844
2020-08-20,-0.5205709,0.7636172,0.33934325,0.07729599,-0.44588798
2020-08-21,-0.39701626,0.4564583,-0.19298592,-0.1514479,-0.765826
2020-08-24,0.39263165,-0.010193052,0.8106235,0.77204555,-0.30825353
2020-08-25,0.21731241,0.43738255,-0.25924906,0.8376665,0.14938071
2020-08-26,1.0635583,-0.06154329,-0.38730663,-0.8343585,-0.51178956
2020-08-27,-0.2219589,1.0526168,-0.86599344,0.1470249,0.09270101
2020-08-28,0.96286136,-0.7541484,-0.083963834,-0.32179332,-0.064298846
2020-09-01,0.9383753,0.17896998,-0.7469041,-0.42740697,0.09227105
2020-09-02,-0.78500587,1.6824582,0.23150471,-0.06352219,-0.09225393
2020-09-03,-0.527507,0.5940746,0.41387537,-0.25347555,-0.7812242
2020-09-04,0.47346747,0.34347904,-0.20235205,-0.5506947,-0.19797847
2020-09-08,-0.16609567,0.7333496,-0.8733056,-1.756996,-0.16245127
2020-09-09,0.293974,-0.6613505,0.5104655,0.5224374,-0.28751647
2020-09-10,0.38585836,0.2904629,-0.58972716,-0.3495342,-0.6316354
2020-09-11,0.28076506,0.74472487,-0.17720842,0.5101438,0.26868474
2020-09-14,0.93416244,0.043759342,0.29926085,-0.6634194,0.15070292
2020-09-15,0.83553725,-0.33944842,0.6924768,0.059551883,-0.38696328
2020-09-16,0.23653804,0.07692119,0.117043175,0.9680838,0.39792672
2020-09-17,-0.35466796,0.68116987,0.41054887,0.86127865,0.38778204
2020-09-18,0.262415,0.11267263,-0.402506,0.18468286,0.29047498
2020-09-21,-1.6763134,1.7305716,1.0619404,-0.6508278,0.025144594
2020-09-22,-0.11199956,0.07150537,0.010236263,0.1244638,-0.058297213
2020-09-23,-0.6394216,0.8000642,0.9816364,0.7759624,-1.3403188
2020-09-24,-0.031274486,-0.3001386,0.6579381,0.055704784,-0.90006685
2020-09-25,0.16567686,0.095429175,0.18009055,0.25806284,0.16597567
2020-09-28,0.89354664,-1.0240146,0.4927376,0.14412288,-0.101100445
2020-09-29,0.4790422,-0.42783555,-0.43122575,-0.58767074,-1.2243382
2020-10-12,0.91865575,0.32865116,-1.8366282,0.99468434,-0.030707404
2020-10-13,-0.24606888,1.2463936,0.34338287,0.45359814,0.12529202
2020-10-14,0.31884396,-0.054422397,0.007212642,0.28049323,0.312904
2020-10-15,-0.12917583,0.3155458,-0.27015412,-0.026310906,0.71646196
2020-10-16,0.23935573,-0.18554491,0.27242282,-0.2894381,0.13203491
2020-10-19,-0.07656388,-0.035101164,-0.495475,-0.04835178,0.06773684
2020-10-20,0.37820408,-0.3644372,-0.010648547,0.38560718,0.16895871
2020-10-21,0.5927121,0.17572078,-0.52126837,-1.0080832,0.04329148
2020-10-22,-0.43984017,0.23992337,0.4588379,0.77820283,0.2655062
2020-10-23,0.37419453,0.45029348,-0.19854982,-0.3756088,-0.41398203
2020-10-26,-0.33154553,0.84214085,-0.048885714,-0.5269657,-0.49526003
2020-10-27,0.47130388,-0.63097614,0.83190024,0.3532102,-0.2523545
2020-10-28,-0.39678493,1.2016609,0.93198854,-1.3920953,-0.28333378
2020-10-29,-0.09254882,0.6528099,0.28246716,-0.713185,-0.7201178
2020-10-30,0.22331187,-0.28115246,0.092699535,-0.16382244,-0.10337073
2020-11-02,0.60573775,-0.6764223,0.30790648,0.2765838,0.21937764
2020-11-03,0.94714814,-0.38937724,0.083098,0.14095916,0.5098687
2020-11-04,0.09912755,0.2542352,0.5088861,1.2240589,0.17216913
2020-11-05,1.0700164,-0.84852016,-0.7467962,-0.36388776,-0.38614982
2020-11-06,0.33214238,-0.031630486,0.050230224,-1.177986,0.36069536
2020-11-09,0.0071265153,1.2496753,1.2153198,1.4761386,0.08730417
2020-11-10,0.63836473,-0.7042949,-0.6254949,0.8113017,-0.3167878
2020-11-11,0.2582128,0.70434964,0.6140602,0.11139047,-0.26910138
2020-11-12,0.5489207,-0.2579068,0.6777642,-0.6767432,0.082433976
2020-11-13,0.36688736,0.031670447,-0.60737807,-0.85717416,0.13854605
2020-11-16,0.2648197,-0.53334093,-0.31680635,0.54074925,0.97135985
2020-11-17,0.26122078,0.14204161,0.20436563,0.030497894,0.016176376
2020-11-18,-0.0015619183,-0.15353632,-0.1336747,0.8715027,0.4476117
2020-11-19,-0.13440634,0.14632656,0.6506294,-0.24744062,0.48033166
2020-11-20,0.50082415,-0.37426278,0.23770192,0.17783867,0.31241533
2020-11-23,-0.17688347,1.1699421,0.6375236,0.9548257,-0.6483917
2020-11-24,0.3400109,-0.2913248,1.0542216,0.9820998,0.10772955
2020-11-25,0.75594884,0.00893083,1.0238172,-0.011457068,-1.0899712
2020-11-27,-0.21110284,0.49187142,-0.52372587,0.52768797,1.0555242
2020-11-30,0.096443035,-0.34420374,1.2000157,-0.5272394,-0.46368912
2020-12-01,1.05418,-1.1165262,0.17670019,-1.0910106,-0.099585146
2020-12-02,-0.14743337,-0.5046681,0.18431582,0.5428207,0.0036557084
2020-12-03,-0.06282927,-0.66294634,0.04222061,0.39311105,0.25092956
2020-12-04,0.32013223,-0.8042315,0.547451,0.08339638,-0.053217888
2020-12-07,0.23541719,-0.15207282,-0.020991514,-0.44324347,0.10418847
2020-12-08,-0.1787359,-0.3113779,0.7067738,-0.13634408,-0.31099185
2020-12-09,-0.23997636,0.9472213,-0.4675563,0.7534189,0.7732445
2020-12-10,1.0965146,0.07171426,0.5258902,0.36008063,0.06881597
2020-12-11,0.24737328,0.53176,-0.1838983,0.32419997,-0.99156123
2020-12-14,0.6161967,0.37863907,0.46606112,0.15575364,-0.035302468
2020-12-15,0.5493235,-0.8631913,-0.011846686,0.04817938,-0.47496474
2020-12-16,0.48435718,-0.20539983,0.22480199,-0.048326824,-0.061759584
2020-12-17,1.125807,-0.5646863,-0.5240986,0.075897224,0.20793742
2020-12-18,0.5046284,0.47750798,0.36153525,0.37781626,-0.19939551
2020-12-21,-0.4402669,0.6586889,-0.55406547,-0.3918807,-0.6042383
2020-12-22,-0.86783284,0.73174506,-0.030323388,0.5230592,-0.63858217
2020-12-23,0.6884766,-0.14488585,-0.04708099,0.5815265,0.6587805
2020-12-24,0.4003577,0.036631167,-0.031585354,-0.23406419,0.6097831
2020-12-29,-1.0114454,-0.5464662,-0.439125,0.98879814,0.23794003
2020-12-30,1.2553955,0.458222,-0.30621117,-0.26386502,-0.47573686
2020-12-31,-0.08528272,0.38216838,-0.46841368,0.55859536,-0.79238594
2021-01-04,0.8088309,-0.66529447,-0.39492413,-0.6506141,0.33243564
2021-01-05,1.1307795,-0.393551,-0.097452015,1.2324493,0.25761506
2021-01-06,-0.6747616,0.31562158,0.57126087,0.6770101,0.84745365
2021-01-07,0.20728639,-0.63147914,0.6727565,-0.046597175,-0.028329296
2021-01-08,-1.2227029,1.190001,0.90969616,0.9826484,-0.08358088
2021-01-11,-0.5178504,-0.29189608,0.23356213,-0.024493597,-0.65473396
2021-01-12,0.08907424,0.24818933,-1.0714318,0.9752936,0.44019768
2021-01-13,0.18243258,-0.8944314,-0.05570665,-0.015703827,0.107241414
2021-01-14,0.3418317,0.13372082,-0.77612466,0.3729525,0.50973326
2021-01-15,-0.77167016,1.0518036,0.5344936,-0.12517421,-0.88505644
2021-01-19,-0.35824037,-1.0186476,0.6028953,0.105626985,0.62103146
2021-01-20,0.33480442,-1.0791982,0.27327096,-0.06381665,0.09033815
2021-01-21,0.41815963,0.12918597,0.09475199,-0.11781446,0.107622616
2021-01-22,-0.2791609,-0.30069062,1.7974325,-0.7562428,-0.31184536
2021-01-25,-0.12616175,0.45620936,-0.51731884,0.9236436,-0.052459866
2021-01-26,-0.19286281,0.36827207,-0.6953559,0.8039977,-0.29416883
2021-01-27,-0.4765355,0.32493722,0.24135068,0.61889964,-0.95883185
2021-01-28,0.0911233,-0.376237,0.6806482,-0.5436065,-0.05068315
2021-01-29,0.16707473,-0.20749193,-0.7498079,0.017109156,0.09225864
2021-02-01,1.1471891,-1.3142676,-0.14244568,-0.09517837,-0.83008677
2021-02-02,-0.9007641,1.0360234,1.1768539,0.7815746,-0.02406381
2021-02-03,0.7917639,-0.05257533,0.09090793,0.0871743,0.12857653
2021-02-04,-0.023208842,1.0509354,0.4603364,0.47087663,0.20394067
2021-02-05,0.9961864,-1.1043887,0.23860021,-0.31469002,0.33885914
2021-02-22,1.631955,-1.0321567,-0.65631586,1.8639987,1.2451875
2021-02-23,-0.39702845,0.6120411,0.10894361,0.64739,0.041059207
2021-02-24,0.86572987,0.25321293,0.036046468,0.8073223,0.31211898
2021-02-25,-0.41055235,-0.08286707,1.1863617,-0.02237819,0.45819446
2021-02-26,-1.8988192,0.9591959,0.6053379,0.28127992,-0.6484191
2021-03-01,0.97717273,0.5746557,0.8868569,-0.90216875,-0.62809974
2021-03-02,0.5891933,0.00888156,-0.5824539,-0.2405156,0.81813025
2021-03-03,-0.9210756,0.09943362,1.227612,0.55343825,-0.6677645
2021-03-04,-0.98755634,0.4427863,0.94881296,1.0459592,-0.6245907
2021-03-05,0.45131007,0.1601498,0.044384994,0.9819251,0.66203415
2021-03-08,0.47605047,0.5580467,0.12429782,-0.4413435,-0.023503697
2021-03-09,0.61583436,-0.6693865,0.2051274,-0.6468205,-1.0972661
2021-03-10,-0.08805929,-1.015211,0.57159734,0.035837248,-0.15215737
2021-03-11,0.3839751,-0.235273,-0.05270836,0.71019304,0.5077057
2021-03-12,0.035560846,-0.03542151,0.72258866,0.16352086,-0.23758918
2021-03-15,0.6883144,0.16604014,0.24531317,-0.86143893,0.5923166
2021-03-16,-0.19732237,0.14545074,-0.27648553,0.23431632,-0.7438344
2021-03-17,0.1985286,0.3332345,0.4281091,-0.54181206,0.12325398
2021-03-18,-0.5107975,-0.3093469,0.10224802,-1.6617296,-0.16188815
2021-03-19,0.028591271,-0.060492665,0.045860942,0.59361994,0.35142937
2021-03-22,0.08074062,0.2562487,0.5815893,0.4424876,0.058974925
2021-03-23,-0.53357106,1.189012,-0.3506239,-0.7889051,-0.525134
2021-03-24,0.4489776,-0.5401763,0.940297,1.0211241,-0.23722376
2021-03-25,-0.48161355,0.3140614,0.866005,-1.1969079,-0.9622839
2021-03-26,0.8310398,-0.8048269,0.70603067,0.37583476,0.42769662
2021-03-29,-0.020842848,0.49377963,0.7994186,0.082753226,-0.4572324
2021-03-30,-0.5763641,0.56768197,1.2781732,-0.3092719,-0.67076594
2021-03-31,0.7316639,0.44365737,-1.5299852,0.10889817,-0.35510007
2021-04-01,-0.14832066,-1.2765796,1.0341165,0.08390796,-0.2696454
2021-04-06,1.3439027,0.15144557,-0.17992288,-1.1079649,0.8102196
2021-04-07,-0.011371884,0.28072584,0.12877204,0.03258457,-0.5683543
2021-04-08,0.6634418,0.1420403,-0.80426675,0.1717202,0.15286158
2021-04-09,-0.59549576,0.44842672,0.17273057,0.27916533,-0.24445032
2021-04-12,-0.7111733,-0.029680692,1.1964016,0.026210032,-0.65930945
2021-04-13,0.3517661,-0.07058308,-0.61476076,0.42276797,0.08883737
2021-04-14,0.6855137,0.021898974,-0.37402874,1.2690406,0.7416086
2021-04-15,0.83285344,-0.7081488,-0.22996297,-0.14303443,0.24987298
2021-04-16,0.45768458,0.14062834,0.09394774,-0.20985527,-0.3940687
2021-04-19,0.0974489,0.37533352,0.14966102,0.31201863,-0.25476184
2021-04-20,-0.025542788,0.5807454,-1.0556262,0.34261334,-0.23153241
2021-04-21,0.5377076,-0.019602936,-1.1910743,-0.16916887,0.5673908
2021-04-22,-0.17321303,0.79428256,-1.0904293,0.89730835,-0.0035928155
2021-04-23,0.49963918,0.051454097,-0.20471054,0.30551264,0.28775346
2021-04-26,0.55746174,0.3586664,-1.308065,0.45743126,0.6430047
2021-04-27,0.33512774,-0.12572137,-0.35024288,0.64757293,0.060508292
2021-04-28,0.6626485,0.65079874,0.9903441,0.31985965,-0.64528257
2021-04-29,-0.04598518,-0.14700145,1.0483905,-0.02140169,-0.13589744
2021-04-30,-0.100340985,0.5336869,-1.3187664,0.4794552,0.058282677
2021-05-06,1.5414838,-1.106868,-0.902881,0.025734589,-0.09963515
2021-05-07,0.6823287,0.04400564,-0.18519521,0.011222895,0.61565495
2021-05-10,0.21011925,-0.3634734,1.2590191,-0.481187,-0.54597896
2021-05-11,0.08025467,0.30562642,-0.28562444,0.49475092,0.17352389
2021-05-12,0.15486363,0.77994204,0.793936,0.33483014,-0.57958114
2021-05-13,-0.4804289,-0.28571573,1.5751232,-1.1652359,-0.86611784
2021-05-14,0.567603,-0.6252021,1.3557581,-0.3768517,-0.24946068
2021-05-17,0.92914057,-1.2830762,0.686169,-0.5331256,0.22260092
2021-05-18,0.31699565,0.27987456,-0.08158052,-0.12909478,0.06524762
2021-05-19,-0.7342364,0.12703694,0.56187665,-0.86266375,-1.4496737
2021-05-20,-0.2724433,-0.09076352,0.13502035,-0.44496253,-0.30546856
2021-05-21,-0.19656135,0.55542725,0.87167275,0.45746362,-0.6655598
2021-05-24,0.6758299,-0.6015867,0.92972803,0.22712186,-0.016251905
2021-05-25,0.60547984,-0.54776686,0.8778851,-0.49673167,-0.39726105
2021-05-26,0.8046485,0.24232778,0.5516983,-0.17313032,-0.6420946
2021-05-27,0.46404955,0.57729244,-1.0027355,0.5719285,1.1336718
2021-05-28,0.26353097,-0.5077914,0.4261499,-0.27631733,-0.26592368
2021-06-01,-0.4974524,-0.44212645,-1.0233108,1.3600098,-0.3371468
2021-06-02,1.0320495,0.6106496,0.67880166,-0.110886276,-0.5576227
2021-06-03,-0.9636942,0.6256236,1.0879867,0.15925483,-0.80422205
2021-06-04,0.71233386,0.11381631,-1.018658,0.5271873,0.42054388
2021-06-07,0.06526561,-0.48048678,0.7730425,-0.43150565,-0.58711934
2021-06-08,0.12029539,0.4014086,0.059804086,0.53146946,0.27478945
2021-06-09,0.28784552,0.18233165,-0.013456838,-0.0341274,-0.17417958
2021-06-10,-0.071049415,-0.16489746,0.17621246,0.23828645,-0.38993907
2021-06-11,0.23907666,-0.31675938,1.1208509,-0.4934617,-0.34252685
2021-06-15,-0.024228191,0.14500393,1.9617075,-0.57667345,-0.79425406
2021-06-16,0.13757612,-0.33031237,0.6633234,-0.37506735,-0.11257952
2021-06-17,-1.6134316,0.41877043,2.212199,-0.51029027,-0.7170596
2021-06-18,-0.09684307,1.045825,-0.89980805,0.8012914,-0.19913164
2021-06-21,0.53061485,-0.2356831,0.07262269,0.35227093,0.25199488
2021-06-22,0.7839902,0.09067137,0.76940316,-0.22383709,-0.1893035
2021-06-23,0.74013317,-0.19575989,-0.39388895,0.1679653,0.42141834
2021-06-24,0.041611325,-0.3747566,0.6564151,-0.13681056,0.2215801
2021-06-25,0.27397314,-0.6734061,1.1127993,-0.532666,-0.3317486
2021-06-28,0.01467448,0.57482445,-1.4780054,0.6882979,-0.23091769
2021-06-29,-0.0875291,0.7384807,0.0018029212,0.6247123,0.46869847
2021-06-30,0.37538898,0.85552555,-1.2449629,0.54933804,-0.2521147
2021-07-01,0.25003552,-0.11995968,0.8481644,0.22519408,-0.65520054
2021-07-02,0.36442536,-0.7714246,0.7100533,-0.06486567,0.21658635
2021-07-06,-0.11955541,-0.34037548,1.823953,-1.4186405,-0.7600915
2021-07-07,-0.09647776,0.120907746,-0.44583508,-0.24459435,0.33789867
2021-07-08,-0.25422096,-0.17543934,0.6626649,0.5068887,-0.9386014
2021-07-09,0.9906735,-0.39572278,0.40840334,-0.054870334,0.41033396
2021-07-12,0.32209024,0.85139763,-1.0694528,0.43509245,-0.46676537
2021-07-13,0.43986216,0.31800625,0.3909012,0.41874173,0.0971348
2021-07-14,0.3714196,0.2719192,-0.7370579,-0.38928622,-0.3700741
2021-07-15,0.31763056,-0.44434625,1.2935858,-1.357502,0.20870799
2021-07-16,-0.31779686,0.676103,0.0830379,0.2951863,0.50693566
2021-07-19,-0.9456331,1.1638422,0.31572416,-1.4533172,-0.94418645
2021-07-20,0.32612574,0.19386545,-0.6734885,0.69585997,0.3595597
2021-07-21,0.42200446,-0.4610027,0.5931898,0.9097097,-0.5935071
2021-07-22,0.9039474,-0.57323456,0.9308711,-0.011529103,-0.03890638
2021-07-23,0.20930572,0.027713593,0.8790446,-0.06857866,0.3920114
2021-07-26,0.38851053,-0.45770213,-0.11555706,0.31903762,0.72501963
2021-07-27,-0.44318926,0.6753922,0.42888084,0.09359479,-0.19975133
2021-07-28,0.34876293,0.19474354,-0.2226544,0.17639191,0.048430517
2021-07-29,1.0885428,-0.70959157,-0.04688555,-0.03236696,0.02941296
2021-07-30,-0.17639494,0.5080294,1.4015046,-0.44896755,-0.0037442425
2021-08-02,-0.35336596,0.38526946,-1.0800657,-0.46054423,-0.0862233
2021-08-03,-0.4873574,-0.13008656,0.50275755,-0.009271296,-0.80959845
2021-08-04,-0.1775943,0.6186188,0.13393395,-0.44681096,-0.63573146
2021-08-05,-0.36812752,-0.21431601,0.0144705465,0.70454556,0.51700616
2021-08-06,-0.7774548,1.52781,-0.04889941,0.5532368,0.012047663
2021-08-09,-0.8023855,1.1970967,0.34122318,0.14734931,-0.155815
2021-08-10,0.073100775,-0.6656151,-0.22798538,0.8446035,0.79335946
2021-08-11,0.40407917,-1.1642996,0.7560106,-0.2987824,-0.06546434
2021-08-12,0.037921354,0.6869683,-0.52225447,0.27562279,0.07552487
2021-08-13,0.34459186,-0.50854033,-0.52192265,-0.2689927,0.4912128
2021-08-16,0.3999999,0.3358372,1.1486005,-1.2284071,0.593023
2021-08-17,-0.71910965,0.20941228,0.755771,-0.20965938,-0.16107298
2021-08-18,-0.44772604,0.3220437,0.0982188,0.04522583,-0.6359038
2021-08-19,-0.56645143,0.31269795,1.0579447,-1.166897,-0.5452217
2021-08-20,0.4197126,-0.30610192,0.86438346,-1.1602836,-0.24279599
2021-08-23,1.0670177,-1.0645748,0.6305007,0.95043635,0.32306528
2021-08-24,0.29843566,-0.11164585,-0.17279738,1.0281068,0.7152971
2021-08-25,-0.38355297,0.02715823,0.30071405,1.0645397,0.16226986
2021-08-26,-0.541541,0.39225796,-0.34375706,0.24970093,-0.4313654
2021-08-27,0.67622143,-1.2185003,-0.0921376,0.33377853,-0.25008523
2021-08-31,-0.25737134,-1.2564007,1.4163107,-0.28983378,0.4116672
2021-09-01,0.48175827,0.72622037,0.94980246,-0.73209,-0.9460806
2021-09-02,-0.18825723,-0.11069289,0.44907728,0.9247473,0.4053821
2021-09-03,0.54443777,-0.9883926,-0.12732317,-0.48720935,0.13932195
2021-09-07,-0.8664271,0.37906116,0.79621285,-0.14499687,0.842245
2021-09-08,0.05641459,0.46224067,0.8822697,0.27922705,-0.08795002
2021-09-09,0.22243224,-0.42315352,0.8391086,-0.6685449,0.37671646
2021-09-10,-0.19029953,-0.1423876,0.39269793,0.52220947,1.374632
2021-09-13,-0.5658945,-0.35572863,0.51696855,0.47782698,-0.6264537
2021-09-14,-0.27684972,0.2338877,-0.21080521,0.4550775,-0.5353647
2021-09-15,0.2588935,0.5978733,-0.71259105,1.3664706,0.5982867
2021-09-16,-0.69966394,1.0230266,0.74861544,0.2480899,-0.2455982
2021-09-17,-0.2849074,-0.021031093,0.8252131,-0.1554537,0.16021487
2021-09-22,0.5395053,-1.3548317,0.44597426,-0.6085452,0.22418275
2021-09-23,-0.14851609,0.26216114,0.03825507,1.0860956,0.31577873
2021-09-24,0.20633225,0.4075914,0.19687377,0.50376767,-0.08350372
2021-09-27,-0.00091890234,-0.07680129,0.1590122,1.1086967,-1.1976185
2021-09-28,-0.2781527,0.3137586,0.60280734,0.07552418,0.11284465
2021-09-29,-0.5783227,1.0528245,0.29931697,0.41840193,0.25828663
2021-10-11,2.0674696,-1.519975,0.41162154,0.6253789,0.62265795
2021-10-12,0.19131035,-0.47738832,1.0428615,-0.52031064,-0.50276566
2021-10-13,0.8370793,-1.2375934,0.5804063,-0.7533615,0.3401465
2021-10-14,0.64591056,-0.35632077,-0.15945968,0.30289143,0.69057715
2021-10-15,0.16883412,0.28712517,0.27460802,0.13690358,2.1095364
2021-10-18,-0.07571113,0.835221,0.2632927,-0.20002575,-0.12272746
2021-10-19,0.27500477,-0.07268034,0.108576104,-0.24043816,-1.0723752
2021-10-20,0.90905094,0.22276853,-0.49293226,0.2899646,0.07174963
2021-10-21,-1.4304187,-0.44616607,0.36403823,-0.28213823,-1.1256329
2021-10-22,-0.17422602,-0.21617426,-0.34442145,0.45585734,-0.6279002
2021-10-25,0.39361283,-0.2681232,-0.23067395,0.6605775,-0.34803835
2021-10-26,-0.87693334,0.45962217,0.2721442,0.56214595,0.0055318535
2021-10-27,-1.1423597,0.30008295,-0.47862005,0.18295568,-1.1581734
2021-10-28,-0.44242296,-0.3891131,-0.3070045,0.020025108,0.7114056
2021-10-29,0.6084872,1.0675391,0.55358726,-0.18975937,-0.32763305
2021-11-01,0.73976165,0.116490886,-0.90897465,-1.074663,0.831142
2021-11-02,-0.5217061,0.35374674,0.7562768,0.29847997,-0.36130622
2021-11-03,-0.0314357,0.9940558,0.45835823,-0.4443761,-1.0173975
2021-11-04,0.11473418,-0.67587924,0.2893112,-0.7040345,-1.2939488
2021-11-05,0.52296937,-0.8266896,0.92450255,-0.14891915,0.033377994
2021-11-08,0.8549791,-0.68052995,0.5989425,-0.41075522,0.18430318
2021-11-09,0.12915064,0.36433026,-0.12187596,0.4334444,0.2124966
2021-11-10,0.20119981,0.082752004,-1.02507,-0.62872446,0.044837944
2021-11-11,0.7424353,-0.6526225,-0.35967195,-0.0374463,0.19718784
2021-11-12,-0.16477199,0.0364519,-0.72786844,-0.38271952,0.63467115
2021-11-15,-0.023281349,0.4196327,0.22974108,0.096611306,-0.93663627
2021-11-16,-0.31174418,0.22614858,0.7030864,0.604601,-0.7100081
2021-11-17,0.15773885,0.43275344,-0.98204887,-0.6070699,0.44412047
2021-11-18,0.026834752,0.08790775,1.0520309,0.04199146,-0.22403572
2021-11-19,0.19607009,0.6422918,-0.1809097,-0.9735711,0.7273012
2021-11-22,0.079072684,1.1067872,0.34780073,0.6091949,0.7406155
2021-11-23,-0.36416754,0.9181056,0.20693058,1.236693,-0.15909246
2021-11-24,0.4168244,-0.3756597,0.31931445,0.0045005335,0.2057079
2021-11-26,-1.2092141,1.1163412,-0.72924656,-2.2047746,-1.0051291
2021-11-29,0.07074289,-0.4618154,1.2308171,-0.07562313,0.6472989
2021-11-30,-0.5606477,0.19216871,1.0612772,-1.62987,-0.30383182
2021-12-01,-0.09105671,-0.007932612,0.27346662,-0.061125886,0.3944639
2021-12-02,-0.24725975,0.4901656,-0.24834812,0.70433563,-0.06250513
2021-12-03,0.37404355,0.02809808,-0.29360917,0.06833611,-0.0866855
2021-12-06,0.3393228,-0.19330561,0.7096557,0.36245906,0.82178247
2021-12-07,0.45188013,-0.9081409,0.68229353,0.60668194,0.144301
2021-12-08,-0.3132033,-0.7425807,0.41175148,0.4825696,0.5692919
2021-12-09,-0.99250776,0.14114298,0.6951498,0.13484502,-0.22375783
2021-12-10,-0.28470737,-0.3478781,0.37096193,0.3149324,-0.26526767
2021-12-13,-0.15310791,-0.35073525,0.26798132,-0.2947012,0.5004164
2021-12-14,-0.19842435,0.99697393,0.41094306,-0.13668628,-0.43900424
2021-12-15,-0.69983906,0.111464456,0.25645372,0.70176345,-1.0285702
2021-12-16,1.4799725,-0.8564185,-0.43609595,0.17888434,0.824308
2021-12-17,-0.021775907,-0.023695912,-0.079994425,-0.700625,0.13378914
2021-12-20,-0.93326306,0.42923632,0.28946307,-0.36265844,-0.33326453
2021-12-21,0.45283368,-0.34261435,-0.1376702,1.3618692,0.6898403
2021-12-22,0.9369216,-0.56281567,-0.4324331,0.4158846,0.553571
2021-12-23,0.068940334,-0.41650587,0.3205452,0.38712624,0.5426852
2021-12-29,-0.5462977,-0.4762286,0.51824284,1.1483041,0.29005748
2021-12-30,0.066173874,-0.6912488,0.91998905,-0.48009554,0.6419922
2021-12-31,-0.10836871,-0.44660878,-0.050738722,-0.55380803,0.0061098225
2022-01-04,0.4712566,0.65414536,-0.34293184,1.1150755,0.55344355
2022-01-05,0.21126151,-0.8819986,0.6815279,0.4792804,-0.50447506
2022-01-06,-1.0405724,0.49511775,1.1580973,0.8246957,-0.046139438
2022-01-07,-0.037198614,-0.14695837,-0.22720082,0.14405455,0.34654495
2022-01-10,-0.6205698,-0.21901546,0.6757447,0.009997016,-0.23739621
2022-01-11,0.7045289,-1.20826,0.18160287,0.85015786,0.5218862
2022-01-12,0.23968524,-0.77250576,-0.028191207,0.7344379,-0.2648735
2022-01-13,-0.13994959,-0.30606672,1.337238,-0.48817176,0.34990484
2022-01-14,0.29078725,0.49220285,0.51308656,0.5432673,-0.66115975
2022-01-18,0.45116228,-0.2207956,-0.29947805,0.6090863,0.29594854
2022-01-19,1.051403,-0.510003,-1.0478632,0.2523493,0.7343379
2022-01-20,0.46486157,-0.28722116,-0.18909685,-0.040852904,1.0909111
2022-01-21,-1.0168333,0.14658962,0.3373587,0.47426096,-0.4697732
2022-01-24,-1.1456726,0.32795373,-0.108227246,0.04210734,-0.50430244
2022-01-25,0.45294377,-0.39945644,0.18980595,0.6128813,-0.07164772
2022-01-26,0.07463986,-0.35390168,0.41542166,1.0024956,0.46564177
2022-01-27,-0.2270262,0.8415811,0.76503164,0.87756205,-1.5313693
2022-01-28,-0.46672422,0.4853998,-0.004398269,0.017210588,1.2788173
2022-02-07,1.4161216,-0.29935393,0.06824345,0.24864142,0.4766868
2022-02-08,-0.019471543,-0.20672736,-0.31656903,-0.72727615,-0.37658983
2022-02-09,0.5198216,-0.08457362,-0.4357413,0.23322228,1.0989928
2022-02-10,0.1725466,-0.61071104,0.6893614,-0.2888888,0.13330898
2022-02-11,-0.9159395,0.20040247,0.022676503,1.1540873,-0.8566381
2022-02-14,0.33585182,-0.9974073,0.4959422,0.3357875,-0.31962776
2022-02-15,0.006135045,0.59764475,0.3950474,-0.5576712,-0.8479204
2022-02-16,0.6476285,-0.4181921,-0.109609194,0.52960145,-0.28204498
2022-02-17,-0.004098138,-0.4496728,-0.6674225,-0.62257856,0.45654806
2022-02-18,-0.45301384,-0.005570955,-0.27696866,0.4825044,0.20087092
2022-02-22,0.68517643,0.37138656,-0.5861417,0.9903881,0.14958057
2022-02-23,-0.84833515,-0.26529258,-0.5114016,0.68646216,0.53001595
2022-02-24,-0.26253015,-0.3963197,0.10028577,0.867151,0.87631905
2022-02-25,-0.57450175,-0.16985716,2.0627587,-1.0151968,-0.1743603
2022-02-28,0.2835342,0.37761092,-0.7421001,1.6962836,-0.14141773
2022-03-01,1.5518411,-0.7122383,-0.80196345,1.789784,0.2095933
2022-03-02,0.42157978,-0.8519054,1.0020887,2.1300488,0.12924504
2022-03-03,0.6387316,0.13638254,-0.7343883,-0.5819933,1.3259419
2022-03-04,1.148419,-1.4841795,0.51746833,1.3804485,0.39753783
2022-03-07,1.6085774,-0.13754408,0.22020796,0.46135256,0.6466
2022-03-16,-1.7283928,1.753149,0.061454903,-2.8544233,-0.8653646
2022-03-17,1.1244702,-1.1460934,0.5058042,1.8947637,-0.039663453
2022-03-18,-0.024259744,0.1892749,1.0613832,0.13346879,-0.22480091
2022-03-21,0.27576837,-0.35444358,0.1351997,1.6693044,0.11268933
2022-03-22,-0.3882953,0.54136133,0.49030262,0.44553283,-0.9221499
2022-03-23,1.3226976,-0.52318966,0.36455455,0.61166745,1.1891373
2022-03-24,0.7314757,-0.47139546,0.16101326,-0.7473513,-0.385794
2022-03-25,-0.12782152,0.92444336,-0.30672055,0.64882326,-0.49423757
2022-03-28,-0.6057986,0.7809686,-0.17698877,-2.1774774,0.2573196
2022-03-29,-0.77242357,0.39181125,1.317738,-0.79027617,-0.7324674
2022-03-30,2.0434256,0.22216296,0.12097496,0.032995276,-0.47010058
2022-03-31,-0.63828623,-0.5139561,-0.13493462,-1.137063,-0.33249876
2022-04-01,-0.11625721,0.5197051,0.57228994,-0.5287801,0.19996858
2022-04-06,-0.5114422,1.0671159,-1.2794344,0.3825645,-0.15283147
2022-04-07,0.123710625,0.12350241,-0.33440137,-0.42607906,-0.89444166
2022-04-08,0.2116952,-0.35252675,-0.5817554,1.0947402,0.34018984
2022-04-11,0.23260325,0.46173736,-0.29796073,-0.6346364,-1.4223433
2022-04-12,0.9700255,-0.6011842,0.2713784,1.164645,-0.09885011
2022-04-13,0.72217846,-0.3134057,0.35196218,1.090718,-0.21470873
2022-04-14,0.4478063,-0.06604302,1.0220959,0.8901141,-0.23644541
2022-04-19,0.19180398,1.2163463,-0.58945286,0.05855792,-0.64140207
2022-04-20,0.19545291,0.5392405,0.3227331,0.33499378,-0.3610842
2022-04-21,0.026795411,0.12059048,0.8413771,-0.0006430798,0.3945556
2022-04-22,-0.7582459,0.7199323,0.61308515,0.01941235,-0.367738
2022-04-25,-1.392806,1.082684,0.13131136,0.29118103,-1.2493448
2022-04-26,0.55039734,-0.34248173,0.6778702,1.1447139,-0.3318277
2022-04-27,-0.028507572,0.009530548,0.17152996,1.0549872,0.27765775
2022-04-28,0.07275127,-0.050924063,0.47482336,0.9970913,-0.47622088
2022-04-29,0.61826146,-0.26766276,0.5495393,-0.6120612,-0.77241194
2022-05-05,-0.92483157,-0.28225523,0.048561815,0.19545956,-2.013224
2022-05-06,-0.443243,-0.12979493,0.86106306,-0.2337127,-0.29082716
2022-05-09,-1.3813354,0.77879405,0.6937936,-1.195842,-0.5520651
2022-05-10,-0.19703029,0.55726516,-0.008063754,0.3281412,-0.36837915
2022-05-11,1.0321387,-0.7524774,-0.20731919,0.8039537,-0.21204515
2022-05-12,-1.1352266,1.4843208,-0.14955845,0.7309793,-0.49876454
2022-05-13,0.45496178,0.10613583,0.45067152,0.35858318,0.40808916
2022-05-16,0.776329,-0.16731113,-0.3780638,0.18937035,-0.32758546
2022-05-17,0.19638391,-0.40235412,-0.38785192,-0.26687053,0.32808048
2022-05-18,-0.79560286,0.08010946,0.83857334,-1.104489,-0.62514544
2022-05-19,1.4180009,-0.55280507,0.43788514,-0.21637005,0.69304794
2022-05-20,-0.015155018,-0.05665581,0.86055434,0.09252165,-0.11932665
2022-05-23,0.6230735,-0.0016076464,0.010347845,-0.06406118,-0.44805476
2022-05-24,0.16592938,-0.41297153,0.8812619,-0.3683675,-0.7360441
2022-05-25,-0.8844701,-0.1957531,0.34779778,0.62781453,0.09490069
2022-05-26,0.45111808,-0.28817523,0.52863485,0.7335524,-0.36865523
2022-05-27,0.3978825,-0.4535454,0.24111642,0.23305869,0.67265314
2022-05-31,0.10216407,-0.7748245,1.8671972,-0.0111259,-0.2593034
2022-06-01,0.51422054,-0.47720566,0.64957756,-0.3514438,-0.9243456
2022-06-06,0.9265625,-0.48343968,-0.07716164,1.3423092,0.3656685
2022-06-07,0.08588278,0.4825238,0.18725686,-0.22592968,-0.34458193
2022-06-08,0.5385121,0.4132491,0.08305462,0.14474645,0.54501754
2022-06-09,-0.21775848,1.0225867,-0.1400318,0.74152577,-0.6874518
2022-06-10,-0.40303147,-0.35002375,0.31913924,-0.3875448,-1.2086895
2022-06-13,-1.5785565,1.0244976,0.63531274,-0.15160842,-0.26168492
2022-06-14,-0.5361726,0.41936818,0.8480342,-0.3244283,0.32598084
2022-06-15,0.91869915,-0.08393459,0.3533208,-0.39229053,-0.27461803
2022-06-16,0.3200161,-0.54905933,-0.37227407,0.048760604,-1.2791954
2022-06-17,-0.54896754,0.90889543,0.34737024,-1.3577591,-0.16144173
2022-06-21,0.6540075,-0.6510353,1.4717194,-0.45106652,0.24214958
2022-06-22,-0.70956355,0.27256274,0.50955373,-0.27122125,-1.0899673
2022-06-23,-0.8584993,-0.118381,1.6304237,-0.906727,-0.31361905
2022-06-24,-0.45787355,-0.73983073,1.1107966,0.024205683,-0.83732134
2022-06-27,0.11984802,-0.067650266,0.44089243,-0.21072792,-0.14763048
2022-06-28,0.028313648,0.48307478,-0.31542447,0.519417,0.20621908
2022-06-29,-0.18241575,0.32382917,-0.66658026,-0.24401292,0.6818444
2022-06-30,-0.7352612,0.49950013,0.8595592,-1.2476729,-0.20186299
2022-07-01,-0.60748696,-0.13424504,1.4604714,0.12803622,-1.1478127
2022-07-05,-1.2908057,0.80172426,0.7113177,-1.9663116,-0.78558624
2022-07-06,-0.46885753,0.5890998,0.13047206,-0.7205704,-0.068335414
2022-07-07,0.92528325,-0.5939781,-0.13880172,1.7115203,0.41022223
2022-07-08,0.19186905,0.45728526,-1.4047447,0.8073325,0.19169916
2022-07-11,-0.23698518,0.29693428,0.7520902,0.76636386,-1.1911721
2022-07-12,-0.75398207,0.18896987,1.7001038,-1.5706161,-0.8438376
2022-07-13,0.0024897652,-0.4471457,-0.08879628,-0.33160645,-0.99244624
2022-07-14,-1.308873,0.70753413,1.349033,-0.076882474,-0.64516336
2022-07-15,0.5371373,-0.7506045,2.076114,-0.6634864,-0.10626797
2022-07-18,1.34966,-0.01780414,-0.8560048,0.63662285,1.0048926
2022-07-19,-0.17931426,-0.17213725,1.0248927,-0.44186473,-0.86600894
2022-07-20,0.35043076,0.15612458,0.7472354,-0.24575016,-0.11816287
2022-07-21,0.09683449,-0.021080915,0.6002088,-1.3953065,-0.68683565
2022-07-22,0.9405562,0.059236437,0.88557935,-0.5095013,-0.1138247
2022-07-25,-0.057301715,0.38209036,0.016293582,0.90920395,-0.6157458
2022-07-26,0.15889476,0.5801446,-1.2299376,0.6433598,0.21752319
2022-07-27,0.24356289,-0.56841785,0.16530155,0.7356421,0.4689666
2022-07-28,0.9638717,-0.09409852,-1.3348391,-0.06285025,0.7613321
2022-07-29,1.2883463,-0.23266613,0.0017420683,-0.18431236,0.78383815
2022-08-01,-0.45724183,0.30073294,-0.3336483,-2.1775165,-0.37856063
2022-08-02,-0.297272,-0.41479334,1.1339854,-0.51721853,-0.12186139
2022-08-03,-0.18518534,0.79569113,0.13096997,-0.16540302,-0.93993115
2022-08-04,0.77030015,0.041238308,-1.1024582,-0.6617377,0.38707358
2022-08-05,0.0629123,0.6061132,0.03012654,-0.07105241,0.77551
2022-08-08,0.6818026,-0.68837374,0.060900833,-0.45411858,0.010974639
2022-08-09,0.62729937,0.48045048,-0.30685803,0.8977981,0.18709342
2022-08-10,0.75623006,-0.28851694,-0.26721472,0.6921905,0.013232226
2022-08-11,0.6144101,0.4370355,-0.347814,0.8668393,0.3908218
2022-08-12,0.020444335,-0.15625675,0.0057436787,0.10250271,-1.1603578
2022-08-15,-1.0090556,-0.21328081,1.3969703,-1.1110644,0.062404066
2022-08-16,0.18072706,0.108868614,0.96658266,-0.7857662,0.08765199
2022-08-17,-0.25802287,0.16745365,0.9471495,0.66872704,-0.7530058
2022-08-18,0.06696915,-0.08568262,1.4129819,0.20538858,-0.019383542
2022-08-19,-0.05649462,0.7242759,-0.38798183,0.7325097,0.29834947
2022-08-22,-0.17534348,0.90993655,-0.45335847,0.6054024,-0.10247813
2022-08-23,0.37223908,-0.10585667,-0.36431354,0.7527398,0.2977024
2022-08-24,-0.13422412,-4.5441233e-05,0.07568475,0.5675965,-0.009689124
2022-08-25,0.64274365,-0.41201335,0.5564878,-0.721637,-0.07665078
2022-08-26,-0.0071595656,1.0191011,-0.5217745,0.9209128,0.7441184
2022-08-30,-0.9718867,0.8126978,0.31413302,-0.573189,-1.3158848
2022-08-31,-0.46305954,0.79106283,-0.1641573,-0.23128359,-0.15469757
2022-09-01,-1.0215365,0.28411072,1.1398985,-1.2381365,-1.5492123
2022-09-02,0.43917277,-0.17318957,0.11461924,0.42358524,-0.40033603
2022-09-06,0.22586071,-0.12468633,0.19546647,-0.46008706,0.32908455
2022-09-07,0.19087742,-0.123165324,-0.11655849,-1.1755574,-0.5466697
2022-09-08,0.7768616,-0.12093372,0.20669945,-0.12630059,0.26546317
2022-09-09,0.91732216,-0.04471308,-0.7652361,0.8481694,0.34690008
2022-09-13,0.43793374,0.047156215,-0.5858807,0.20201865,0.27293757
2022-09-14,-0.1612209,-0.27791768,0.36722037,-0.3921923,-0.8581511
2022-09-15,-0.105318494,0.36287013,1.2636381,-1.6932553,0.088170536
2022-09-16,-0.09763072,-0.48965356,0.30110282,0.026136125,0.21875997
2022-09-19,0.3151505,-0.39597723,0.9988487,0.14874558,-0.55230916
2022-09-20,-0.26121816,0.2618577,-0.689418,0.5758237,0.02457017
2022-09-21,0.10361575,0.09626293,0.22596118,-0.3623887,-0.5680653
2022-09-22,0.16234004,-0.17492074,0.1813539,0.21206766,0.6062717
2022-09-23,-1.5501307,1.0971601,0.849272,-1.1045114,-0.8520469
2022-09-26,-1.1495713,0.22847337,0.93645203,-0.40393627,-0.7600826
2022-09-27,-0.03493392,-0.24260403,0.89850396,0.7329194,-0.14836206
2022-09-28,1.0372931,-1.229593,0.041581206,0.7041048,-0.32147536
2022-09-29,0.5315637,0.11623691,0.33711448,-0.51981884,0.87488806
2022-10-10,1.144184,-1.1185389,0.6148425,1.8557473,0.40797502
2022-10-11,-0.31403956,-0.23278852,0.295287,-0.49542573,-0.33465225
2022-10-12,-0.15659758,0.66342616,0.87559384,-0.24369822,0.25397292
2022-10-13,0.037314396,-0.24248883,0.18012327,0.4208101,0.20339279
2022-10-14,-0.9956558,0.71487355,0.835325,-0.55525726,0.16766424
2022-10-17,0.139915,-0.8454011,0.5799115,-0.6920937,-0.2569185
2022-10-18,-0.1901298,0.5084334,0.16600277,-0.4477436,-0.34398666
2022-10-19,-0.40935645,0.47856042,0.9607084,0.34715062,0.044705886
2022-10-20,0.9333608,-0.30316567,-0.0809568,-0.70085365,0.602329
2022-10-21,0.46669972,-0.67825097,-0.1664416,-0.20066191,0.22534369
2022-10-24,0.18902339,-0.27609727,1.2486062,0.07445209,-0.80423695
2022-10-25,0.35500395,0.14545533,0.22312184,0.58758074,-0.5838305
2022-10-26,0.337902,-1.1224483,0.66296667,0.2214938,1.2103171
2022-10-27,-0.16938207,-0.4525489,1.1309458,0.059710875,-0.09836853
2022-10-28,-0.7851946,0.5517122,0.6955029,0.47887364,-1.581061
2022-10-31,-0.49634418,0.92293835,-1.1339216,0.062730916,-0.53344524
2022-11-01,0.90405947,0.51012796,-0.732151,-1.2566222,0.95558983
2022-11-02,0.4118459,-0.19691835,0.6719046,0.49778804,-0.22284703
2022-11-03,-0.4372363,0.6815766,0.7469658,0.30638397,0.19368379
2022-11-04,1.8466165,-1.1920362,-0.34711948,-0.09911846,1.0818868
2022-11-07,0.20596902,-0.03859442,-0.004748291,-0.50393105,-1.1465193
2022-11-08,0.45819253,-0.8135531,0.05462476,-1.1803124,1.0570122
2022-11-09,-0.4308658,0.62047243,-0.34423682,-0.8287693,0.049746886
2022-11-10,0.9970349,-1.4669362,0.24136402,-0.5547287,-0.32692495
2022-11-11,0.6215795,0.20374282,-0.18182981,-0.10121218,1.8994783
2022-11-14,0.46754354,0.038685344,0.043910366,-0.81570303,-0.114957936
2022-11-15,-0.43266615,0.36904374,-0.48100907,0.8503746,0.15399557
2022-11-16,-0.3759924,-0.09004983,0.7721244,-0.4182865,-1.1727442
2022-11-17,-0.99145454,0.7603627,0.6786899,-0.5429846,-1.1485977
2022-11-18,-0.03699256,0.31131715,0.0472424,-0.3011968,0.3070542
2022-11-21,-0.43256786,0.095686175,0.49204105,0.19863968,-1.5360514
2022-11-22,0.90395164,-0.29232788,0.45912012,0.07798591,0.38279757
2022-11-23,0.291713,0.41924116,-0.6126004,-0.5607815,-0.70264703
2022-11-25,0.25964788,0.4239954,-0.016326182,-1.1268933,-0.5252623
2022-11-28,-0.34094667,0.19993287,0.4454377,0.097576834,0.4542933
2022-11-29,0.71307063,-0.41267455,-0.058007717,0.30509925,-0.35572264
2022-11-30,1.1533432,-0.3565026,0.3195397,0.2831564,1.011976
2022-12-01,0.75489986,-1.3244708,0.6455472,-1.3581526,0.06705709
2022-12-02,0.22281657,0.08985695,0.5532305,-1.0484587,0.78188986
2022-12-05,-0.6999082,0.91792464,0.41374788,-0.9971496,0.57537663
2022-12-06,-0.038026456,0.6209988,-0.33476478,-1.1802411,0.08180656
2022-12-07,0.50257456,-0.14994833,-0.66027856,-1.0061159,-0.12520683
2022-12-08,0.18187225,-0.23603585,0.088688545,-0.052983366,-0.19534399
2022-12-09,0.7580826,-0.28971088,0.27925947,-0.44625056,-0.83794683
2022-12-12,-0.23915078,0.43562007,0.36156744,1.2230085,-0.97059965
2022-12-13,1.299043,-0.8659533,0.08960511,0.7762044,-0.34563437
2022-12-14,0.24145766,-0.46946126,0.96525997,0.5938064,0.080328695
2022-12-15,-1.051556,0.834448,0.30175585,0.37904206,-1.1908376
2022-12-16,0.17027901,0.6362321,-0.10814312,-0.9987767,-0.6815882
2022-12-19,-0.04165351,0.24445684,0.4969953,-0.267659,0.52606225
2022-12-20,1.057018,-0.4057234,-0.70428276,-0.40095523,0.83438736
2022-12-21,0.38186282,0.19429804,0.07776152,0.872535,-0.4504256
2022-12-22,-0.8624362,0.4281349,0.80479205,-0.012253643,0.009802859
2022-12-23,1.1310838,-0.66452634,0.30163005,0.42071286,-0.38248414
2022-12-28,1.1833147,0.79747224,0.17694435,-0.30685428,-0.50090975
2022-12-29,0.8139972,-0.5743572,0.29856935,-0.8761012,-0.11409448
2022-12-30,-0.076621324,-0.4366666,0.52937317,0.39913845,-0.283294
2023-01-03,0.30890176,0.24166569,0.21944755,-1.9703045,0.16257939
2023-01-04,-0.15313873,0.25247166,0.51527077,-1.4691011,-0.9028826
2023-01-05,-0.15467985,0.66948247,0.83127683,-0.04048243,0.5945081
2023-01-06,1.3601696,-0.37676707,-0.16613743,-0.48831934,0.2363477
2023-01-09,0.8474186,-0.1606653,0.35433245,-0.054463957,0.97895145
2023-01-10,0.16667221,0.06715684,0.8659868,-0.20168205,0.4603536
2023-01-11,0.36626366,-0.18637325,0.71000636,0.32746065,0.48253754
2023-01-12,0.33137038,-0.6677373,-0.35197926,0.3584706,0.0038210512
2023-01-13,0.5042733,-0.48330864,0.09126051,0.03455495,0.79165703
2023-01-17,0.1671365,1.0058914,0.065300845,0.34403592,-0.12219577
2023-01-18,0.45743364,0.21715187,0.5407175,-0.448413,1.0323265
2023-01-30,0.30990666,0.5380158,-0.9747381,-1.6208996,1.1010009
2023-01-31,0.55590093,-0.17718706,-0.25961,0.09202596,0.30862233
2023-02-01,-0.64268124,0.81196254,0.1206787,-1.3812014,-0.24615252
2023-02-02,0.53427523,0.37403676,-0.11346842,-0.60852236,-0.21593922
2023-02-03,-1.0878377,1.9156413,0.45922023,-0.49055463,-0.548771
2023-02-06,-0.3855631,-0.06303459,0.63527447,0.32004496,-1.3453933
2023-02-07,0.58180505,-0.44105533,0.5809582,1.2259517,-0.38387468
2023-02-08,0.21811312,0.06333459,-0.087620854,-0.31844226,-0.01679508
2023-02-09,0.15579507,0.51386184,0.42166206,-0.765242,0.54168636
2023-02-10,-0.44322738,0.48309463,-0.22463171,1.0271529,-1.1733577
2023-02-13,0.32834458,0.2887005,0.6207464,0.046785764,0.067581214
2023-02-14,-0.09148126,-0.046469312,0.05818019,0.20300555,-0.46095985
2023-02-15,-0.21137868,0.72473985,0.7114048,-0.02887236,-1.2788905
2023-02-16,0.6364595,-0.19242863,-0.10639872,-0.7188442,0.41861495
2023-02-17,0.24529669,0.6166072,-0.29936156,-1.0623662,-0.11322576
2023-02-21,1.3068228,0.04471238,-0.048015006,-0.24505219,0.94402546
2023-02-22,0.9962982,0.8804836,0.31012392,-0.86771613,-1.6008364
2023-02-23,0.1848717,0.59333086,1.1005789,-0.013068542,-1.2794002
2023-02-24,0.23915815,0.8830897,0.9660593,0.26113418,-1.4912541
2023-02-27,0.860851,-0.65601754,0.4674132,-0.41072258,-0.04128898
2023-02-28,0.94668174,-0.5031472,0.88752365,-0.6177185,-0.6105535
2023-03-01,0.56186664,-0.33327913,0.47081795,0.40377927,0.23282744
2023-03-02,-0.189228,0.30491453,0.3700934,0.23489489,-0.8364049
2023-03-03,0.8181651,-0.31067255,0.0067046,0.1496984,-0.6209765
2023-03-06,0.16727556,0.26605853,0.5767375,-0.741608,0.55415076
2023-03-07,-0.99080604,1.467814,0.31880304,-0.28164542,-0.9761835
2023-03-08,0.58696526,0.39426044,0.25170767,-0.8903349,-0.030122532
2023-03-09,0.13958214,-0.45774233,0.6093912,-1.0336919,-0.4284578
2023-03-10,0.42427775,-0.8149142,0.15116842,0.081668206,-0.9873631
2023-03-13,1.2278514,-0.978045,-0.53332597,-0.88845074,-0.46593
2023-03-14,0.21533817,0.7082516,-0.17462721,-0.83275783,-0.27545083
2023-03-15,-0.67753977,0.7025491,-0.543728,-1.5065312,-0.78657794
2023-03-16,0.44798166,0.12777825,0.26469323,0.42961824,-0.16047937
2023-03-17,0.9297495,-0.764571,0.051309276,-0.77841127,-0.02414087
2023-03-20,0.8026774,-0.26254997,0.4092723,-0.52663237,-0.117798634
2023-03-21,0.071560204,0.5392442,1.0026976,0.1806838,-0.5194919
2023-03-22,0.74335307,-0.48728338,0.83117133,-0.49959162,0.16798837
2023-03-23,0.9781714,-0.6241862,0.36966446,-1.2439996,-0.15749434
2023-03-24,0.44829914,0.8444987,-0.59840417,-0.07169304,-0.5320422
2023-03-27,0.6702558,0.9654547,0.21601619,0.65728986,0.3425148
2023-03-28,0.78520745,0.3678416,-0.34512338,-0.11747033,0.27894685
2023-03-29,0.9869791,0.90799826,0.036000643,-0.9470178,-0.7074588
2023-03-30,0.85082597,-0.27224874,-0.00024716769,-0.45592093,-0.9899781
2023-03-31,0.8098578,0.4371638,-0.14182733,0.27527058,-0.2630103
2023-04-03,0.49493638,-0.12668967,0.7355089,0.85986257,-0.8381106
2023-04-04,0.6709577,-0.80993134,0.09103329,-0.96549577,-1.1159568
2023-04-06,0.110541575,0.015545988,0.55369514,0.0745393,-0.24962436
2023-04-11,0.5959601,0.4076188,-0.14968708,0.13283466,-0.9786445
2023-04-12,1.1758773,-0.11535312,0.46511045,-0.5603915,0.0027653242
2023-04-13,1.3634123,-0.5277772,0.18751392,-1.0234092,0.16553168
2023-04-14,-0.0277629,1.1546988,-0.2092043,0.25177354,-0.039594453
2023-04-17,0.4448744,0.9307209,-0.6086641,-0.18393485,-0.696089
2023-04-18,1.5914452,0.12852171,-0.0017979147,-0.49379793,-0.7654345
2023-04-19,0.20392784,0.15867653,0.5366644,-1.0623595,-0.49758118
2023-04-20,-0.43866065,-0.3767322,0.53257656,-0.9513317,-0.41424176
2023-04-21,0.34259513,0.30353135,0.93549585,-0.33430645,-0.91471887
2023-04-24,0.59987164,0.27203017,0.7354725,-0.085431464,-0.96520793
2023-04-25,-0.7344954,0.069720745,0.536156,-0.5879385,-1.0014118
2023-04-26,-0.4104794,-0.23346387,0.20127176,-0.7241299,0.7092972
2023-04-27,-0.21693127,-0.52763546,0.43855214,-0.029654412,-0.31162432
2023-04-28,-0.3006864,-0.21402606,-0.36946627,1.0076276,0.5783774
2023-05-04,-0.58306515,0.32456484,-1.4922233,-1.8494179,0.16014639
2023-05-05,0.033078685,0.08956284,-0.35318574,1.3584113,0.97943157
2023-05-09,-0.4245109,-1.2355154,0.6518867,0.73209155,0.11702142
2023-05-10,-0.988662,-0.1621915,0.35653698,0.28333375,-0.38811457
2023-05-11,-1.171103,0.7109439,0.8579403,-0.069728136,-0.8845125
2023-05-12,-0.09993192,0.6552278,0.06277449,-0.32287058,0.06617746
2023-05-15,-0.21365675,-1.0305355,0.89672476,0.54578567,-0.27540737
2023-05-16,-1.2762982,-0.1657126,0.9334681,0.28199226,-0.10739547
2023-05-17,0.42497075,-0.7860968,1.3155687,0.20102009,0.95723766
2023-05-18,-1.1202873,0.149617,0.7523106,0.5006017,-0.3542233
2023-05-19,-0.26243266,-1.3581228,0.43365037,-0.1027055,0.48825327
2023-05-22,-1.2903005,-0.25648713,-0.17246151,0.90304244,0.8293554
2023-05-23,-1.25346,-0.1492044,0.4454544,0.5375278,0.114481345
2023-05-24,-0.12362819,0.2851278,1.0544668,0.54652894,-1.0754019
2023-05-25,0.1094619,0.91330737,0.23704623,-0.8762419,0.23889995
2023-05-26,0.4533599,-0.05702156,-0.36206007,0.18719923,1.0661438
2023-05-30,0.1617126,0.24896707,0.55168486,-1.6743541,-0.80847067
2023-05-31,-0.83598596,-0.28459233,-0.054424495,-0.10821891,0.16760471
2023-06-01,1.4605142,0.2722439,-0.30781794,-0.17086388,0.5151002
2023-06-02,0.057342164,0.7181117,-0.0034810908,1.0818799,-0.20288864
2023-06-05,0.3673384,-0.5741966,0.7247919,0.14198908,-0.7276332
2023-06-06,0.33231845,0.27883813,-0.37618592,0.1956181,-0.26808265
2023-06-07,0.12528506,-0.095509,1.038577,0.3160255,0.16928238
2023-06-08,0.013087503,-0.49280226,-0.90297294,0.2103124,0.47075725
2023-06-09,-0.18747005,0.16008842,0.0065934244,-0.04835747,0.54376024
2023-06-12,-0.56739336,0.9273824,-0.11225602,-0.5432351,-0.6861702
2023-06-13,0.4302486,0.1598309,0.550591,0.62387687,0.41610056
2023-06-14,0.5226335,-0.30052263,0.099057,-0.6327743,0.72257996
2023-06-15,0.0899976,-0.1350329,-0.41552097,1.6198156,-0.67620385
2023-06-16,0.39397135,0.6102283,-0.7338387,0.85901165,-0.013694123
2023-06-20,-0.9465552,1.266082,0.25940144,-0.13152972,-0.53650606
2023-06-21,-0.102071404,0.60342234,0.16210088,0.6926795,-0.006606503
2023-06-26,-0.3655678,0.64246863,0.6339249,-0.63061553,-1.5826958
2023-06-27,0.7859351,0.03741798,0.8868497,-0.8879358,0.11142293
2023-06-28,-0.18635267,-0.36938882,1.8942502,-0.42192197,-0.48495135
2023-06-29,0.44499418,0.78084594,0.40865117,0.13643833,-0.52486455
2023-06-30,0.67676127,0.22217493,-0.2572681,0.42714533,0.22457983
2023-07-03,-0.21127981,-0.08905297,-0.53744555,0.1875589,-0.033914637
2023-07-05,0.1639575,-0.601989,0.16255222,0.98185575,-0.21371226
2023-07-06,-0.34319568,0.66173846,0.3621131,-0.23081896,-0.1512392
2023-07-07,0.7326835,-0.8265993,1.3265525,-0.15322216,-0.16950272
2023-07-10,0.33460787,0.19231048,-0.2767232,0.06372473,-0.28593105
2023-07-11,0.64171535,0.46592775,0.19410694,0.36502784,-0.27828255
2023-07-12,1.0190699,-1.4863894,0.80617255,-0.8362236,0.8400892
2023-07-13,0.6941343,0.019752577,-1.0683352,0.32314628,0.55329466
2023-07-14,0.3519876,0.11599725,0.1693571,-0.4615841,-0.51596487
2023-07-17,-0.28139207,-0.37024245,1.7384577,-1.3312879,-0.50091106
2023-07-18,0.6904658,0.10633717,-0.3423929,0.27488706,-0.78150296
2023-07-19,-0.047668256,0.49866706,-0.80938184,0.75889087,-0.118197486
2023-07-20,-0.112872176,0.31589702,-0.029055605,0.6427339,0.001551885
2023-07-21,0.31355456,-0.36623564,0.885206,0.46169814,-0.4049657
2023-07-24,0.26582927,0.4600101,-1.029111,1.2130662,0.47488138
2023-07-25,1.1622057,0.13988073,0.16237253,-0.50633335,0.18184055
2023-07-26,0.47286358,-0.12383086,1.2240105,-0.41284508,-0.6071308
2023-07-27,-0.35027438,0.21914698,1.3654159,0.13633743,-0.0541296
2023-07-28,0.86539,-0.5297804,1.116935,-0.68933886,-0.5658475
2023-07-31,0.938351,-1.0369483,1.2684947,-0.80419725,0.2218889
2023-08-01,-0.1822065,1.0931109,0.5333583,0.22485755,-0.032569706
2023-08-02,-0.71359324,0.24559487,0.7000217,-0.61667794,-0.8930279
2023-08-03,0.1914037,-0.2688217,1.2019502,0.25275576,0.025923517
2023-08-04,0.47020298,0.13713324,0.5079591,-0.00442973,-0.34075192
2023-08-07,-0.37679324,0.15213591,0.20149806,0.15561631,-0.5891707
2023-08-08,-0.0028474252,0.90397346,0.5611821,0.46318966,-0.9447319
2023-08-09,0.5268288,0.043707825,1.0498985,0.6449065,-0.5961199
2023-08-10,0.1973869,-0.05857525,-0.028767994,-0.5973283,0.06744514
2023-08-11,-0.14916015,0.02916542,0.5696152,-0.07538821,-0.7325129
2023-08-14,-0.062687874,0.23826954,0.4675463,-0.42902932,-1.0084692
2023-08-15,-0.04527146,0.06248367,1.6787566,-1.4515339,0.4951152
2023-08-16,0.19773948,0.6064892,-0.25734875,-0.16781126,-0.31509665
2023-08-17,0.7309846,0.102739245,0.46361914,-0.06539362,-0.32768497
2023-08-18,1.1111071,0.5008158,-0.17296155,-0.09972546,-0.6048863
2023-08-21,0.62542576,-0.1822054,0.46936885,-0.7783863,-0.21710928
2023-08-22,0.36566266,-0.55968064,0.6556672,-0.626261,0.45277646
2023-08-23,0.7283143,-0.34951383,-1.0565275,-0.32645333,0.42252555
2023-08-24,0.294499,0.18046062,0.3931399,0.013503025,-0.43422973
2023-08-25,0.29697987,0.020391753,0.373179,0.81829095,-0.0981563
2023-08-29,1.4250294,-0.44657725,0.37217635,-0.90369666,-0.6312744
2023-08-30,0.2728761,-0.1326497,-0.020558788,-0.4353881,-0.57649004
2023-08-31,-0.042357214,0.13391182,0.69948536,0.09292891,-0.1518882
2023-09-01,0.39439124,0.38104537,-0.099504456,-0.09465583,0.74106187
2023-09-05,-0.7495332,0.3686752,0.5764399,0.76950544,0.12861113
2023-09-06,-0.15706117,0.8795939,0.30436713,-0.05185577,-0.28679544
2023-09-07,-0.09363838,-0.13069086,0.9914078,-0.14339294,-0.4149273
2023-09-08,-0.001774984,0.036521226,0.9161985,0.34197074,-0.60601354
2023-09-11,1.3801693,0.043826986,0.09435017,-0.18088676,0.03311741
2023-09-12,0.2700015,-0.08075299,0.5286936,0.039867908,-1.11525
2023-09-13,0.06450424,0.18229854,0.16832812,0.11299263,0.39090383
2023-09-14,0.76224995,0.054232553,0.7697787,-0.07851427,0.081622936
2023-09-15,0.37066776,0.13509247,-0.7360278,-0.41323015,-0.8352318
2023-09-18,0.2945342,-0.47716758,0.5891587,-0.5914747,-0.2150027
2023-09-19,0.68791145,0.19108576,-0.010148441,-0.048899446,-0.87884223
2023-09-20,0.4833117,0.10129211,0.21450515,-0.92027175,0.25303298
2023-09-21,-0.4677777,0.113216996,1.3857101,-0.16689777,-0.520402
2023-09-22,0.5137329,0.111696996,-0.02972657,-0.5367302,0.27994394
2023-09-25,-0.12149979,0.94162476,0.2888718,-0.257314,-0.55933
2023-09-26,-0.2840375,0.42767096,0.28668636,0.23547192,-0.14306982
2023-09-27,0.10292735,0.6789333,0.92998785,0.8067172,-0.5743327
2023-10-09,-0.88937354,0.9242169,-0.64638186,-2.059606,-0.27185762
2023-10-10,0.051058214,-0.38027325,0.8219163,-0.19483876,-0.80374885
2023-10-11,0.34134316,0.07200335,0.36658284,-0.8656169,-0.533115
2023-10-12,-0.043708403,0.9045871,-0.50079405,0.45660126,-0.14933087
2023-10-13,0.6741674,-1.5231882,0.4107285,0.6059203,-0.13661337
2023-10-16,-0.23209853,-0.18573818,0.45531934,-0.5511145,1.2318469
2023-10-17,0.093749724,-0.35452095,0.1908938,-0.23141398,0.08045568
2023-10-18,0.2712928,-0.25858307,-0.00046936524,0.20640917,-0.04949893
2023-10-19,-0.10420553,-0.29693905,-0.20929857,0.019361598,-0.3101988
2023-10-20,0.94254065,-0.28128642,0.8973849,-0.84313333,-0.43057457
2023-10-23,-0.030684467,0.348639,0.034265064,-0.8259926,-0.2985306
2023-10-24,0.12695643,0.3720967,0.11376542,-0.8450237,0.2032026
2023-10-25,1.1178247,0.2319118,0.5637938,-0.24377605,-0.53163916
2023-10-26,0.3179015,0.45495164,0.28271657,-0.16831826,-1.2731521
2023-10-27,0.7724144,0.1790022,0.38195986,0.1139371,0.23497795
2023-10-30,0.7493453,-0.4812152,-0.091769435,-1.1336254,-0.41734254
2023-10-31,-0.22032145,-0.029344013,0.5079577,0.116058126,-0.75491524
2023-11-01,-0.31178933,0.26695707,0.26060534,-0.46875128,0.46223193
2023-11-02,0.47329587,-0.16464098,0.3972528,0.64934236,-0.6007105
2023-11-03,0.57827073,0.14776552,-0.6798878,-0.82824284,0.25478968
2023-11-06,0.22274753,0.509154,0.20093274,-0.035691164,0.88661146
2023-11-07,-0.5168504,0.91411924,0.53303367,-1.1883624,-0.3436463
2023-11-08,0.27788174,1.1425879,-0.45368388,-0.58987975,-0.18541396
2023-11-09,-0.08844636,-0.51133835,0.1793292,-0.26018125,-0.19035712
2023-11-10,-0.028410345,1.1334497,0.945547,0.36715558,-0.7643087
2023-11-13,0.24570993,-0.3677316,-0.53459144,0.9211854,-0.28407767
2023-11-14,1.4508668,-0.26985863,0.06887995,-0.7053074,0.014459515
2023-11-15,0.67293423,-0.13260327,0.00806777,-0.49560454,-0.06667426
2023-11-16,-0.10104103,0.098784596,-0.13801025,-1.5126125,-0.72984385
2023-11-17,0.34058106,-0.2625732,1.287598,0.13288836,-0.22196572
2023-11-20,0.41041705,-0.40635017,0.27565956,0.5227076,0.56493014
2023-11-21,0.6061009,-0.483443,-0.023234623,-0.15366343,-0.16608678
2023-11-22,0.048784498,0.6286446,0.3710811,-0.2584512,-1.3065213
2023-11-24,0.8828403,-0.3763082,0.5427886,-1.3138498,-0.4696133
2023-11-27,0.23319104,-0.19705419,0.64111054,-0.45613128,-0.6393419
2023-11-28,1.5668346,-0.12519838,-0.13579853,-0.054190412,-0.27978474
2023-11-29,1.0345274,0.7262695,0.23562622,-0.31222567,-1.1011118
2023-11-30,0.42279974,0.6375072,-0.40281308,-0.5593895,-0.787472
2023-12-01,0.8892916,-0.05211328,0.040746037,-1.4370391,-0.14514284
2023-12-04,-0.83083785,0.9274428,0.4982266,0.12662591,-0.41633072
2023-12-05,0.5147911,1.1195265,0.31016517,-0.52306664,-1.1032944
2023-12-06,0.43359995,0.67020446,0.6953853,-1.3707641,-0.9979769
2023-12-07,0.25536543,0.32071418,-0.8269743,0.46000603,-0.011930623
2023-12-08,0.05654533,0.16710746,1.1549773,0.4526351,-0.08003181
2023-12-11,0.329339,0.62622917,0.80281615,-0.14699562,-0.253819
2023-12-12,0.17110558,0.36969006,-0.39918795,-1.1451023,0.32762933
2023-12-13,0.07242218,-0.3228381,1.1910278,-0.38987222,-0.32163242
2023-12-14,1.6110076,-1.6895043,0.19307224,-0.26980376,0.36329123
2023-12-15,0.07963826,0.76621497,-0.54267937,0.87551063,-0.27959302
2023-12-18,0.41549584,-0.22763263,1.0315558,0.1478705,-0.50962293
2023-12-19,0.45199758,-0.5741629,0.4627881,0.03789314,0.2429926
2023-12-20,0.42235288,-0.031260647,1.0026956,-0.52273256,-0.3901344
2023-12-21,0.3987278,0.20012507,0.3982699,-0.42636144,-0.86123765
2023-12-22,0.43210822,-0.26024792,-0.0284688,-0.41729555,0.39531174
2023-12-27,1.0057311,-0.13183089,-0.39780974,-0.3236187,0.2856074
2023-12-28,-0.11802219,0.17390142,-0.37635425,-0.7287131,0.23977405
2023-12-29,-0.1198097,0.55552065,0.9183297,-0.43332398,-0.15355317
