date,F1,F2,F3,F4,F5
2013-10-21,-0.058617733,-0.6127262,0.16343603,-0.36871696,0.24393418
2013-10-22,-0.0008737821,-0.650195,0.09639712,0.12374271,0.89259416
2013-10-23,0.45205632,-0.7795414,0.021020379,-1.6560991,-0.24628519
2013-10-24,0.23229288,-0.8431782,-0.28644145,-0.516479,0.46733242
2013-10-25,-0.025368286,-1.4160298,-0.640584,-0.81978047,0.48400208
2013-10-28,-0.30378842,-1.1960734,-0.83231056,-0.31036752,0.38392013
2013-10-29,-0.015275622,-1.5917841,-0.55423856,-1.5208125,0.41624442
2013-10-30,-0.20201679,-1.4111378,-0.46899876,-1.1192669,0.81519157
2013-10-31,0.17303574,-2.0588272,-0.9648807,-1.8389823,-0.14321847
2013-11-01,0.075164124,-2.060409,0.018099312,-1.25984,0.1346084
2013-11-04,0.03672163,-1.461834,-0.2108032,-1.474483,0.056847546
2013-11-05,0.05363781,-1.7597083,-0.5250498,-1.310605,0.377558
2013-11-06,-0.109164126,-1.2876436,-0.3881769,-1.1814736,0.3946327
2013-11-07,0.07371181,-1.8620228,-0.40038368,-1.6310184,0.39924717
2013-11-08,-0.019964213,-1.999645,-1.0754905,-2.2116408,0.45634067
2013-11-11,-0.08390149,-1.60499,-0.6917064,-1.9690402,0.4140674
2013-11-12,0.15111622,-1.8728378,-0.6008183,-1.979551,0.37942362
2013-11-13,-0.14864798,-1.7059045,-0.6904266,-1.6888849,0.20533776
2013-11-14,-0.33582872,-1.1605738,-0.18629254,-1.0374982,0.37600565
2013-11-15,-0.11838631,-1.5249977,-0.5952525,-0.7335644,0.51587206
2013-11-18,-0.08053838,-1.8743845,-0.60600746,-1.4745728,0.02221624
2013-11-19,-0.20464028,-1.9411306,-0.34844664,-1.2726163,0.5961718
2013-11-20,0.0011623951,-1.801505,-0.96321875,-1.9076576,0.4087302
2013-11-21,-0.1361647,-1.7300526,-1.047396,-2.359035,0.690614
2013-11-22,-0.21039991,-1.8722851,-0.7616187,-1.6843626,0.70302737
2013-11-25,-0.041674554,-1.8359562,-0.46781608,-1.8096921,0.56728023
2013-11-26,-0.059843697,-1.5828328,-0.55495816,-1.4507474,0.40472534
2013-11-27,0.08853684,-1.6233708,-0.55990857,-1.6944441,0.17632069
2013-11-29,-0.081649415,-1.5447419,-0.3078112,-1.3702016,0.9130864
2013-12-02,0.03322222,-2.1290452,-1.2659947,-1.8387449,0.14664158
2013-12-03,-0.15081105,-1.5935472,-0.6264915,-1.7783631,0.350146
2013-12-04,-0.37262672,-1.4811269,-0.058726393,-0.8632606,1.1252887
2013-12-06,-0.13336705,-2.1245747,-1.0414121,-1.5387149,0.60578024
2013-12-09,0.0011895393,-1.9099615,-0.3933546,-1.446412,0.9606867
2013-12-10,-0.23468868,-1.1038852,-0.03693656,-0.7734349,0.8750887
2013-12-11,-0.14663444,-1.8712784,-0.7646734,-1.6461648,0.968256
2013-12-12,0.27165982,-2.3182704,-1.3859392,-1.3550884,0.17524482
2013-12-13,0.039014257,-1.6660539,-0.50689137,-0.86354655,0.652554
2013-12-16,-0.6774428,-1.5979266,0.06836071,-1.6161917,0.84292555
2013-12-18,0.051613566,-1.5842645,-0.85039514,-1.148989,0.4365975
2013-12-19,0.19940473,-2.3087285,-1.5805888,-2.659566,0.12830476
2013-12-20,-0.28701368,-1.5707741,-0.58287853,-1.5809925,0.96993536
2013-12-23,0.17170665,-1.5169384,-0.7389794,-1.3470219,0.44051427
2013-12-24,-0.20166008,-1.614981,-0.5586428,-1.2192109,0.73430735
2013-12-27,-0.5551128,-1.356557,-0.33674362,-0.6833668,1.1006097
2013-12-30,0.083637185,-1.8466921,-0.6966397,-1.3801472,0.2558641
2013-12-31,0.009523171,-1.518606,-0.32595548,-1.4619163,0.12544005
2014-01-02,0.43954474,-1.1651338,0.27555415,-0.22937745,0.72937196
2014-01-03,0.4739737,-0.85107434,0.08739629,-1.7804271,0.22464801
2014-01-06,0.10803745,-1.4739559,-0.40580627,-1.6986735,0.5000171
2014-01-07,-0.2669105,-1.882016,-0.68263704,-1.4421688,0.41719386
2014-01-08,0.08556062,-1.5893745,-0.5041853,-1.1526073,0.23823075
2014-01-09,0.03015629,-1.3352495,-0.04826928,-1.3343862,0.08033303
2014-01-10,-0.17460789,-1.4033663,-0.36727846,-1.468925,1.1321177
2014-01-13,0.14515755,-1.7622275,-0.90371686,-1.2421851,1.210626
2014-01-14,-0.033826377,-1.9132975,-0.7396487,-1.729159,0.6282176
2014-01-15,-0.18603161,-1.8857507,-1.1763221,-0.98032606,0.77664137
2014-01-16,0.042898618,-1.724781,-0.58699906,-1.8287438,0.71455157
2014-01-17,-0.20749964,-1.4053049,-0.45793417,-0.8314095,0.7169188
2014-01-21,0.13912189,-1.6853977,-0.9907624,-1.4042296,0.50037146
2014-01-22,0.050569408,-1.3238523,-0.87614435,-1.5848135,0.4375099
2014-01-23,0.01647276,-0.78308004,0.07533445,-1.7494262,0.14981416
2014-01-24,0.0927286,-1.4583552,-0.75397295,-1.760638,0.25680003
2014-01-27,0.17239255,-1.5231353,-0.1468393,-1.3094729,0.0823239
2014-01-28,0.02564452,-1.7404122,-0.9057493,-1.8833618,0.3996526
2014-01-29,0.21919155,-1.0162452,-0.8380635,-0.9895151,0.41165894
2014-02-10,-0.30148265,-1.8098317,1.2379091,-4.3854914,0.9603849
2014-02-11,-0.08575226,-1.2785854,-0.28575972,-1.5605725,0.75332505
2014-02-12,-0.22695455,-1.5494685,-0.47620365,-1.0004421,1.0708301
2014-02-13,0.12828957,-1.3002603,-0.6268281,-1.894234,0.70076656
2014-02-14,-0.351344,-1.1037076,0.025962077,-0.8957694,0.7935158
2014-02-18,-0.14752518,-1.4777501,-0.7995027,-2.5285017,1.5806402
2014-02-19,0.17909928,-1.2738571,-0.6834697,-2.26783,0.84252316
2014-02-20,0.018301776,-1.6390886,-0.6971667,-1.7520578,0.46458313
2014-02-21,0.062318627,-1.5913949,-0.29676026,-1.4801629,0.6868437
2014-02-24,-0.43842754,-1.3025439,0.31514934,-1.7949395,0.53664124
2014-02-25,-0.072433874,-1.6578273,-0.15348902,-1.5746399,0.51536447
2014-02-26,0.17629403,-1.872337,-1.0796036,-1.8463949,0.4850971
2014-02-27,-0.045056663,-1.6571498,-0.3045676,-0.7122413,0.54936373
2014-02-28,0.27777106,-1.7941607,-1.0505998,-2.2303317,0.7664412
2014-03-03,-0.9822571,-0.85893935,0.52217466,-2.3940046,0.44920987
2014-03-04,0.023027979,-2.387505,-0.84388834,-1.826028,1.3373668
2014-03-05,-0.09394063,-1.7661948,0.11092634,-1.6929276,0.66616386
2014-03-06,-0.15075637,-1.7862477,-0.4219977,-1.9636406,1.0924262
2014-03-07,0.08329745,-1.4575598,-0.6640499,-2.4921796,-0.1228783
2014-03-10,0.2666278,-1.4441416,-0.33317938,-0.8350308,0.25129858
2014-03-11,0.2243896,-1.2031351,-0.23775747,-2.1457438,0.039949905
2014-03-12,-0.023264177,-1.211865,0.22268398,-1.1062151,0.4568972
2014-03-13,0.043821003,-1.4912817,-0.28387225,-1.3827046,0.32099923
2014-03-14,-0.11038243,-1.3905436,-0.7044375,-0.75487536,0.43931252
2014-03-17,0.4660697,-1.6656855,-0.5934039,-1.6765956,0.4293308
2014-03-18,-0.021422066,-2.1670883,-0.96448225,-2.392365,0.80514544
2014-03-19,0.04092575,-2.0747888,-0.7164853,-2.0212097,0.6895085
2014-03-20,-0.095190845,-1.7448696,-0.59122247,-1.3771014,-0.27587146
2014-03-21,-0.18654998,-1.7928715,-0.64219856,-0.8807748,0.50161916
2014-03-24,0.07220026,-1.9830384,-0.6127442,-2.5678277,0.37009922
2014-03-25,-0.2962766,-2.1566987,-0.88273895,-1.3191621,0.989261
2014-03-26,-0.032163605,-1.4715825,-0.53173846,-1.8133168,0.064795025
2014-03-27,-0.10068644,-1.7754761,-0.7944005,-2.1159935,0.6367403
2014-03-28,-0.20277728,-1.6819979,-0.5516824,-1.2924702,0.70262533
2014-03-31,-0.11364133,-2.0454128,-0.54304165,-1.838647,0.7406946
2014-04-01,0.005456271,-2.075934,-0.39277458,-1.5868741,0.6463075
2014-04-02,-0.020970438,-1.5907332,-0.38730535,-0.21139045,0.63558924
2014-04-03,-0.08515054,-1.6524447,-0.8612053,-2.0985234,0.69375044
2014-04-04,-0.38179016,-1.346632,-0.13309485,-1.3394214,0.649232
2014-04-08,-0.11866058,-1.4855413,-0.6418969,-1.9604537,0.88868165
2014-04-09,-0.12025413,-1.7753977,-0.9944152,-1.5559163,0.7994311
2014-04-10,-0.065710686,-1.4148687,-0.42220545,-0.71843445,0.89618677
2014-04-11,-0.030262228,-1.5757409,-0.69936,-1.0121526,0.44665107
2014-04-14,-0.21949586,-1.6511794,-0.6032172,-1.9333924,0.8919464
2014-04-15,-0.3481791,-2.2896352,-0.5085021,-2.5291646,-0.06860874
2014-04-16,-0.38747123,-1.9611362,-0.64159685,-1.3595704,0.90801907
2014-04-17,-0.19234847,-1.7862241,-0.52925587,-1.6677088,0.52017206
2014-04-22,-0.07752739,-2.1727571,-0.91684836,-1.2229574,0.6472723
2014-04-23,-0.0930934,-1.6546807,-0.29016227,-1.8346795,0.541582
2014-04-24,-0.3508756,-1.6440607,-0.44813463,-1.3499438,0.77711886
2014-04-25,-0.058458403,-1.5148715,-0.03989408,-2.0051522,0.51135266
2014-04-28,0.2474629,-1.584087,-0.50412226,-1.6779042,0.37849072
2014-04-29,-0.0014005085,-1.4819345,-0.37219697,-2.5409775,0.48523378
2014-04-30,-0.10725441,-1.9409721,-0.05752664,-1.676588,0.13905829
2014-05-06,-0.3779321,-1.6712686,0.48305577,-0.2788694,0.40140766
2014-05-07,-0.12399302,-1.6627795,-0.7835854,-1.5049925,0.044894528
2014-05-08,-0.21403909,-2.0316486,-0.602572,-1.5157659,0.7419169
2014-05-09,-0.28581738,-1.9593416,-0.4978478,-1.0490979,0.5082425
2014-05-12,-0.445112,-1.7375169,-0.48404977,-0.58622664,1.085743
2014-05-13,-0.2666573,-1.4659281,-0.36471727,-1.9220791,0.5264288
2014-05-14,-0.29881176,-1.1840918,-0.45166388,-0.6866923,0.7235123
2014-05-15,0.17118998,-1.0892205,-0.552326,-1.2574823,-0.2186935
2014-05-16,-0.030395051,-1.6759667,-0.6981598,-0.89935005,0.30919325
2014-05-19,0.23513201,-1.6902281,-1.044286,-1.0224375,0.9707384
2014-05-20,0.02729518,-1.4349523,-0.5463067,-1.1772721,0.36890495
2014-05-21,-0.08342648,-1.5326644,-0.6286436,-1.8631182,0.37579882
2014-05-22,-0.21938393,-1.6324906,-0.34538555,-1.1601355,0.76361984
2014-05-23,-0.16470096,-1.8048302,-0.7014706,-1.2750514,0.532756
2014-05-27,0.09275406,-2.115413,-1.130562,-0.92017895,0.3170971
2014-05-28,0.27855736,-1.6286136,-0.73958915,-1.6176126,0.47452152
2014-05-29,0.11106211,-1.420218,-0.548006,-1.6940755,0.38685673
2014-05-30,0.13044131,-1.946579,-0.73651165,-1.1150088,0.26993662
2014-06-03,0.09464253,-1.9288359,-0.79516613,-0.70706517,0.53560156
2014-06-04,0.06309276,-1.5145968,-0.38917488,-1.7258997,0.30279577
2014-06-05,-0.027946068,-1.228934,-0.50352067,-0.65608114,0.5168327
2014-06-06,0.04878885,-1.6342704,-0.47903898,-2.1440663,0.6353882
2014-06-09,-0.3273111,-1.6219033,-0.698248,-1.0261837,0.6443093
2014-06-10,-0.11489285,-1.3227544,-0.20582436,-1.0937093,0.4855086
2014-06-11,-0.042299498,-0.98929816,-0.3892637,-0.9321178,0.021630432
2014-06-12,0.034732424,-0.5384686,-0.55686986,-1.5658944,0.03635201
2014-06-13,-0.2701368,-1.5107136,-0.40711877,-1.9907904,0.6719694
2014-06-16,-0.091522716,-1.710571,-0.79647243,-0.93260694,0.8973439
2014-06-17,-0.24682292,-1.9073113,-0.8385046,-1.085391,0.8448758
2014-06-18,-0.4109508,-1.7978021,-0.32449472,-1.9510794,0.6914483
2014-06-19,-0.24050087,-0.75686437,0.3086392,-1.4084485,0.9669576
2014-06-20,-0.28651688,-1.5143214,-0.312068,-1.1767974,0.68488514
2014-06-23,-0.08481196,-1.6904302,-0.4567578,-1.1754706,0.6698624
2014-06-24,0.24175197,-0.9240302,-0.63638616,-1.163623,0.36352816
2014-06-25,0.20437989,-1.4747888,-0.6621242,-1.3550513,0.7445458
2014-06-26,-0.07737464,-1.810155,-0.39748588,-1.6560713,0.4946076
2014-06-27,-0.083393864,-1.6737044,-0.44784656,-1.1006001,0.36450097
2014-06-30,0.049956612,-1.6346108,-0.64093256,0.1493128,0.42491952
2014-07-01,-0.24660699,-1.1850454,0.0063384604,-1.1751356,0.29806167
2014-07-02,-0.2355965,-1.9168034,-0.57089275,-0.42661014,0.98949635
2014-07-03,0.030639226,-1.8363146,-0.7479356,-1.595466,0.6354848
2014-07-07,-0.04400885,-1.6674901,-0.4413279,-0.67723805,0.09766374
2014-07-08,-0.1416775,-1.9337745,-0.40382978,-0.7433903,0.51956433
2014-07-09,-0.08040466,-1.6157387,-0.23514353,-0.76487935,0.37891313
2014-07-10,-0.13572896,-0.96435946,-0.12592204,-0.72188026,0.101104245
2014-07-11,0.097734064,-1.7532859,-0.6022266,-0.31740832,0.4621244
2014-07-14,-0.034118816,-2.1830163,-1.0117359,-1.9072568,0.28174853
2014-07-15,-0.23245735,-1.699325,-0.70468664,0.8940861,-0.054134127
2014-07-16,-0.062466595,-1.4610429,-0.54038996,-1.460584,0.44029152
2014-07-17,-0.15513062,-1.0583133,-0.2495739,-1.0785242,0.60040724
2014-07-18,0.08322816,-1.3782328,-0.5346468,-1.4022549,0.2029413
2014-07-21,-0.2854486,-1.5940228,-0.57962346,-0.71644354,0.72296876
2014-07-22,-0.0836047,-1.8365436,-0.87554574,-1.072944,0.75988203
2014-07-23,0.17667407,-1.451118,-0.5639204,-2.0869167,0.56630987
2014-07-24,0.22252408,-2.0479405,-1.1127663,-1.5355251,0.66797084
2014-07-25,0.0053582913,-1.083758,-0.3177381,-1.8021095,0.39746723
2014-07-28,0.14597939,-1.6524068,-0.56762725,-1.8413893,0.76186293
2014-07-29,0.06550684,-1.2071942,-0.5797844,-1.0276798,-0.0038240901
2014-07-30,-0.06966994,-1.8588288,-0.5199802,-1.1636127,0.70308334
2014-07-31,0.2005234,-1.6370462,-0.43432724,-2.0328574,0.16883245
2014-08-01,0.007137485,-1.5765208,-0.025500545,-1.1411777,0.14958416
2014-08-04,-0.17299937,-2.188571,-0.8487621,-1.929448,1.0829802
2014-08-05,0.12812525,-1.7889132,-0.5660425,-1.4732486,0.21731578
2014-08-06,-0.07778579,-1.3030322,-0.13326399,-2.190417,0.6726593
2014-08-07,-0.28671706,-1.5585232,-0.42030776,-0.9951119,0.4386714
2014-08-08,-0.10733103,-1.6328082,-0.4284537,-1.3287742,0.3141292
2014-08-11,-0.0483094,-1.6459407,-0.43045866,-1.9351823,0.67254937
2014-08-12,-0.110567495,-1.9721854,-0.3976401,-0.8409601,0.37018415
2014-08-13,-0.16977355,-1.2293724,-0.29444057,-1.1263492,-0.022355532
2014-08-14,0.3468232,-1.5576873,-0.14743254,-1.1155822,0.25811633
2014-08-15,-0.88454336,-0.76925975,-0.262872,0.51533836,-0.79637736
2014-08-18,0.095878154,-1.6430814,-0.362548,-1.0384408,0.4343834
2014-08-19,-0.07255841,-1.8725379,-0.66106063,-1.438255,0.41315532
2014-08-20,-0.6553214,-2.206716,-0.76239806,-1.0215993,1.1117259
2014-08-21,-0.045382783,-1.9727682,-0.8053851,-2.2524693,0.6168965
2014-08-22,-0.020246804,-1.7787901,-0.46949327,-1.948778,0.7003207
2014-08-26,0.036374215,-0.97706527,-0.87113845,0.20942469,0.4225305
2014-08-27,0.11734904,-1.3957932,-0.71007055,-1.5051371,0.5330135
2014-08-28,0.27845433,-0.94971067,-0.37793112,-1.7084357,0.32978085
2014-08-29,0.104575634,-1.5482686,-1.0270371,-1.2432528,0.7170387
2014-09-02,0.40785053,-2.3995938,-0.39055496,-1.5992324,0.42516834
2014-09-03,0.0023447827,-1.057415,-1.0886192,-0.30684045,0.31040516
2014-09-04,0.059968073,-1.9110037,-0.8376285,-0.8647923,0.7228091
2014-09-05,0.4599069,-1.6010134,-0.6046506,-2.3503695,0.80276483
2014-09-09,0.31293952,-1.5812489,-0.64870054,-1.3420895,-0.38235107
2014-09-10,-0.00085104496,-2.007246,-0.36242023,-1.1708438,0.26691213
2014-09-11,-0.119512394,-1.6003497,-0.48610932,-1.1841528,-0.047647454
2014-09-12,0.088381976,-1.8447773,-0.6726222,-1.6714561,0.572249
2014-09-15,0.009908489,-0.7522485,-0.2786505,-0.7411115,-0.28856945
2014-09-16,-0.33759403,-1.6186875,-0.89264953,-0.77191687,0.8727203
2014-09-17,-0.12799776,-1.4565544,-0.3663676,-1.7837864,0.39314935
2014-09-18,0.053424243,-1.7315061,-0.33007368,-0.89154017,-0.1335129
2014-09-19,0.019817008,-1.942433,-1.0073106,-0.95014006,0.13739426
2014-09-22,0.003366649,-1.319736,0.04782932,-1.4960167,-0.17484565
2014-09-23,0.15133944,-1.3008412,-0.5237822,-1.1811169,0.4448619
2014-09-24,0.11602137,-1.5877693,-0.81132483,-1.9222802,0.7938194
2014-09-25,-0.07079173,-1.4672147,-0.62738943,-1.2080944,0.21326926
2014-09-26,0.17166413,-1.3385235,-0.5310862,-1.4104286,0.32094574
2014-09-29,0.05470843,-1.4231548,-0.63045347,-2.070308,0.9080365
2014-09-30,0.17750981,-2.0654607,-0.2940404,-1.1532106,0.06623917
2014-10-08,0.62773186,-2.5246546,0.7116313,-4.3228106,1.1591706
2014-10-09,0.35218588,-1.6176306,-0.12696414,-1.0176651,1.0994439
2014-10-10,0.05797004,-1.4387268,-0.6630538,-0.84142077,0.13262314
2014-10-13,0.04431604,-1.7770686,-0.36230752,-2.420962,0.9180978
2014-10-14,0.11231861,-2.2538946,0.355813,-1.853512,0.86259556
2014-10-15,-0.24241789,-0.5582345,0.39679137,-0.6454486,-0.81278735
2014-10-16,0.042596556,-1.1319063,-0.14041907,-2.5843596,0.11513136
2014-10-17,-0.36853942,-1.8092138,-0.8656173,-0.5288494,0.7202944
2014-10-20,-0.35992163,-1.5515376,0.108021714,-1.1867541,0.13103527
2014-10-21,-0.25378394,-1.5189145,-0.3769317,-1.7063406,0.8323824
2014-10-22,-0.034568958,-2.2367036,-0.6229869,-1.355408,0.63696223
2014-10-23,-0.06578934,-1.8993508,-0.94431657,-2.568585,0.6187819
2014-10-24,0.1022692,-1.5725244,-0.42077288,-0.85225624,0.31139436
2014-10-27,0.009990806,-1.7611896,-0.47430032,-2.0482697,0.63697153
2014-10-28,-0.18932278,-1.8735479,-0.8263924,-1.6826582,1.1460607
2014-10-29,-0.30365366,-2.0388649,-0.9399234,-2.6299326,1.3109438
2014-10-30,0.26030305,-2.4509666,-1.2158602,-1.7716942,0.25930816
2014-10-31,0.13666533,-2.4871736,-1.1186566,-2.2643974,0.54532945
2014-11-03,0.055861212,-1.9654995,-0.38578814,-0.90695655,0.47613484
2014-11-04,0.4104344,-1.5712554,-0.32255605,-0.8999371,-0.23342425
2014-11-05,0.1339701,-2.1273344,-1.1007996,-2.071187,0.13318847
2014-11-06,0.032615762,-1.945776,-0.94595706,-1.5662259,0.666794
2014-11-07,-0.17889965,-0.96491927,-0.2643999,-0.95441055,0.6964594
2014-11-10,0.06651989,-1.6446351,-0.3238622,-1.5230144,0.2032168
2014-11-11,-0.06551692,-1.9650906,-0.39190328,-2.4574149,0.99158627
2014-11-12,-0.040822968,-1.9217695,-0.33948106,-1.5907917,0.55751073
2014-11-13,0.5105902,-1.7048907,0.30261064,-1.9776601,0.16451623
2014-11-14,-0.10370252,-0.7022662,-0.27031362,-0.36856857,0.71065384
2014-11-17,0.3476003,-1.5048436,-1.0747129,-1.4197345,0.614446
2014-11-18,-0.033009388,-1.1870414,-0.07841978,-1.0317839,0.27260062
2014-11-19,0.020681072,-1.5904413,-0.7220697,-0.5788873,0.6929653
2014-11-20,-0.0778531,-1.7207845,-0.67777365,-2.263944,0.5895394
2014-11-21,-0.45328552,-1.6157405,-0.5008982,-1.3735838,1.0631868
2014-11-24,-0.12150669,-1.7819804,-0.3931506,-1.4672486,0.37143916
2014-11-25,0.21300323,-1.4970003,-0.12902564,-2.3857808,0.60622334
2014-11-26,-0.07268323,-1.7573543,-0.4700136,-1.7960677,0.6711297
2014-11-28,1.0193559,-2.9517741,0.3783919,-1.6323128,-0.81321406
2014-12-01,-0.2511693,-0.6470271,0.69441956,-0.93835324,1.0731573
2014-12-02,0.18864368,-1.9701326,-0.2842115,-0.5625629,-0.22829847
2014-12-03,0.008489527,-1.5403299,-0.24030687,-1.1797581,0.46034262
2014-12-04,-0.038097043,-1.8854175,-0.45612344,-1.2804415,1.0592195
2014-12-05,0.19387943,-2.1622148,-0.7516021,-2.6061578,0.31604835
2014-12-08,0.14834887,-1.9878781,0.50414675,-1.3595862,0.20894879
2014-12-09,-0.13936844,-0.6411084,0.11333204,-0.9220142,0.8745671
2014-12-10,0.44746056,-1.5273027,0.09838154,-1.2130684,0.1455962
2014-12-11,0.02834658,-1.9611491,-0.47463304,-1.9273415,0.65269727
2014-12-12,0.47271615,-2.0930178,-0.448705,-1.9090927,0.7326184
2014-12-15,0.67333305,-2.0336468,-0.65290594,-2.8228939,0.29880258
2014-12-16,0.28094548,-2.3019736,-0.5691662,-1.7142001,-0.2169641
2014-12-17,-0.07303715,-1.5906337,-0.6161232,-1.9845686,0.5196732
2014-12-18,0.57642025,-1.6996082,-0.116594054,-1.9893217,0.5455085
2014-12-19,-0.21504165,-1.3712313,-0.93719405,-1.0019547,0.70818883
2014-12-22,-0.012175621,-2.0987153,-0.5013684,-1.8022562,0.25892907
2014-12-23,-0.038607106,-1.2104791,-0.81297225,-1.8314346,0.49911648
2014-12-24,0.38498175,-1.6576232,-0.25586218,-0.81141573,0.16478777
2014-12-29,0.62853277,-1.6168171,0.04998809,-1.8842788,0.5493498
2014-12-30,-0.34664342,-1.3301674,0.04010172,-0.4161517,0.659164
2014-12-31,0.14185154,-2.0598311,-0.62355614,-0.7565605,-0.077128775
2015-01-05,0.9496528,-1.531276,0.82265425,-1.8310876,0.6665117
2015-01-06,0.2582436,-1.3355032,0.5812932,-1.6605103,0.6430937
2015-01-07,0.13622865,-1.732603,-0.6171148,-1.1544273,0.5126772
2015-01-08,-0.19468223,-1.9575437,-0.82825065,-1.1630372,0.80412334
2015-01-09,0.18589869,-1.4940579,-0.121214695,-1.698358,0.44199136
2015-01-12,0.41453227,-1.3257557,0.39843345,-0.19273543,0.07745801
2015-01-13,0.33209577,-0.5648508,0.035759132,-0.5053947,-0.17503566
2015-01-14,0.19976445,-0.09457045,-1.0362396,-1.8587811,-0.5259136
2015-01-15,-0.2634799,-1.5335941,0.36817148,-0.5567552,0.7709116
2015-01-16,-0.8396268,-1.3548063,-0.76585114,-1.0075126,1.2978065
2015-01-20,-0.29925743,-1.5688604,0.77777696,-0.78234863,0.35482857
2015-01-21,-0.2246992,-1.5779402,-0.97577167,-0.86358917,0.9322005
2015-01-22,-0.14294405,-1.314079,-0.018533543,-0.79194784,0.2138854
2015-01-23,0.15078908,-1.053605,-0.35303095,-1.8625712,-0.41336697
2015-01-26,-0.20888,-2.5404468,-0.8330641,-1.0061655,0.793653
2015-01-27,0.035369296,-0.3554468,-0.47308218,-1.391444,0.07267787
2015-01-28,0.17004085,-1.7701198,-0.6012925,-0.47626346,0.46089426
2015-01-29,0.2527611,-2.3971896,-1.352984,-2.0780847,-0.50386417
2015-01-30,-0.73441964,-0.71917707,-0.9924135,-0.6754713,0.89348114
2015-02-02,-0.7440629,-0.9101379,-1.26614,-1.207604,0.4755229
2015-02-03,-0.7173735,-1.494731,-1.4111571,-2.8918982,1.2675929
2015-02-04,0.36219501,-1.9585649,0.64049363,-0.8902096,0.36736596
2015-02-05,-0.40001658,-1.587623,-0.8603771,-2.171158,0.78038126
2015-02-06,-0.12287662,-1.9545084,-1.4218068,-2.0167274,0.39402717
2015-02-09,-0.27708864,-1.0863947,-0.4295417,-1.9134192,0.63860124
2015-02-10,0.45556137,-1.6511048,-0.27582467,-1.2007046,-0.17145996
2015-02-11,0.35579792,-1.953793,-0.5325331,-1.9053969,0.33255693
2015-02-12,-0.5406325,-1.5019583,-1.0899229,-1.3838699,0.9850001
2015-02-13,-0.49707723,-0.74739236,-0.8749777,-1.920004,0.76142263
2015-02-25,0.1401316,-2.0891147,-2.2837873,-1.0006433,-0.21763366
2015-02-26,-0.09020814,-1.7185181,-0.052629143,-1.415274,0.65653664
2015-02-27,-0.5351139,-1.109997,-0.9316835,-2.1271095,0.5650292
2015-03-02,0.39776754,-2.162066,0.12443497,-0.62180096,0.1442127
2015-03-03,-0.19203971,-1.3513883,-0.643795,-1.8264611,-0.042648498
2015-03-04,0.30477586,-1.6114488,-0.82414305,-1.0038377,0.56745327
2015-03-05,0.11845682,-1.7360244,-0.6043368,-0.97494525,0.38229313
2015-03-06,0.28549215,-2.191955,-0.9200628,-2.100156,0.1936286
2015-03-09,-0.11571676,-2.1749525,-0.2870006,-1.4360231,0.5842865
2015-03-10,0.46033636,-1.8012075,-0.19187474,-1.7659656,-0.051534284
2015-03-11,0.21415575,-1.6894764,-0.79199725,-2.2230937,0.13230336
2015-03-12,-0.21135013,-2.0251381,-0.0794155,-1.2474473,0.61420864
2015-03-13,0.33786097,-2.3412013,-0.09113593,-0.1523851,0.44517615
2015-03-16,-0.6301031,-2.116235,0.8601518,-2.230709,0.6011264
2015-03-17,0.09283264,-1.637491,-0.73526037,-0.79436636,0.31252486
2015-03-18,-0.10195267,-0.81613785,-0.79090273,-2.6160078,0.29477546
2015-03-19,-0.055501215,-1.2992362,0.08876924,-0.48707676,1.1211753
2015-03-20,-0.5225186,-1.3217565,-0.37061226,-1.6114321,1.664702
2015-03-23,-0.33275235,-1.5777498,-0.6288462,-1.8931752,1.0865105
2015-03-24,0.029455647,-1.5145693,-0.38442326,-1.2075446,0.4489266
2015-03-25,-0.10757967,-0.97744757,-0.58014214,-1.5843483,0.33824673
2015-03-26,-0.48764834,-0.91227,-1.070022,-0.6909349,0.65554506
2015-03-27,0.3067641,-1.830773,0.16364485,-1.4299169,0.019887403
2015-03-30,0.028222363,-2.2836156,-0.5982372,-2.0374799,0.26836467
2015-03-31,0.15413238,-1.4027616,-0.19272175,-0.7484656,0.046884555
2015-04-01,-0.42921132,-0.7503856,-0.15174378,-1.9437578,0.96210784
2015-04-02,0.33029917,-2.2386801,-0.31284004,-2.2561305,0.84347945
2015-04-07,-0.8830904,-0.2436204,-1.2759331,-0.5758069,0.518582
2015-04-08,0.77612126,-2.2180684,-0.11198224,-1.1460078,0.30497807
2015-04-09,0.04774666,-1.7708197,-1.1023428,-1.0526137,0.3575918
2015-04-10,-0.27486333,-1.293985,-0.57089555,-1.1353786,0.686794
2015-04-13,-0.12008545,-1.5137037,-0.8669796,-0.83974314,0.29389408
2015-04-14,-0.070754096,-1.5498503,-0.89011747,-1.8882915,0.5657488
2015-04-15,-0.40118536,-1.0643754,-1.2550466,-1.4794238,0.8970329
2015-04-16,0.96617097,-0.9330613,-2.3499935,-1.4786968,1.4132618
2015-04-17,0.028708814,-1.471195,-0.27402654,-1.3564992,0.22840814
2015-04-20,-0.033582956,-1.9414933,-0.64100134,-1.7784611,0.15165298
2015-04-21,0.28008288,-1.5922129,-0.28160703,-1.1299361,0.55622655
2015-04-22,-0.15190277,-1.875953,-0.88610333,-1.7998376,0.256224
2015-04-23,-0.4730344,-1.1779838,-0.6341572,-1.9380807,0.6512366
2015-04-24,-0.39169604,-2.3166919,-1.2953897,-0.8564487,0.9573215
2015-04-27,-0.4857381,-1.373969,0.027073827,-0.108372465,1.0687681
2015-04-28,-0.23900856,-1.4838746,-0.3346701,-1.2583423,0.8369411
2015-04-29,-0.38660014,-1.6522344,-0.76113844,-1.8653207,0.82093775
2015-04-30,-0.3242641,-2.6380768,-1.9771345,-1.1702441,1.1236178
2015-05-05,-0.751541,-2.0916703,-0.73203653,-1.0566378,1.3005856
2015-05-06,-0.029209075,-1.371274,-0.28813162,-2.3381147,-0.03681763
2015-05-07,0.29756182,-1.9694405,-0.16153492,-1.1291404,0.15949872
2015-05-08,0.13122389,-1.4417685,-0.34381452,-2.0590632,0.80515325
2015-05-11,0.0008953425,-1.7274628,-0.32446545,-1.8239257,0.17905195
2015-05-12,-0.29832265,-1.2659094,-0.82527035,-0.87831765,0.8355321
2015-05-13,-0.22486791,-0.7425299,0.077909075,-1.1201309,0.5577378
2015-05-14,0.26595938,-0.8893922,-0.24929796,-1.9721528,0.51657784
2015-05-15,-0.00248793,-1.416878,-0.30334735,-1.6510782,0.49845368
2015-05-18,0.13462137,-1.1647793,0.05698556,-1.8700469,0.25273398
2015-05-19,0.5701948,-1.9833996,-0.4119861,-1.4899164,-0.5476989
2015-05-20,-0.030415978,-1.3081748,-0.5952867,-1.3192408,0.20111175
2015-05-21,-0.2726018,-1.3964404,-0.8450849,-1.8117745,0.33792728
2015-05-22,0.0711613,-1.6234938,-0.13921373,-0.7420373,-0.03734608
2015-05-26,0.12659453,-2.3714693,-0.5147838,-0.99013335,0.11817443
2015-05-27,0.05287117,-2.0831945,-0.21752645,-0.96922153,0.21191865
2015-05-28,-0.06805723,-1.8027005,-0.7456881,-1.6181611,0.813328
2015-05-29,-0.70453435,-0.58986044,-0.626584,-1.9833143,-0.12139808
2015-06-01,-0.23875083,-1.8740579,0.140801,-2.215197,0.53473073
2015-06-02,0.26667756,-1.1874856,-0.6650266,-2.4287486,0.905939
2015-06-03,0.0644069,-2.3211358,-0.5007732,-1.5941346,0.55556434
2015-06-04,0.48891857,-2.0750716,-0.2213685,-2.533474,0.2697533
2015-06-05,-0.18813199,-1.7905595,-0.87989837,-1.2988756,0.41565704
2015-06-08,0.118472934,-1.7076355,-0.43349132,-1.8223984,0.75410306
2015-06-09,-0.34832492,-1.3145968,-1.0800052,-1.5867903,0.79974705
2015-06-10,-0.048256166,-1.1147919,-1.1675819,-0.63792765,0.742052
2015-06-11,0.043414578,-1.4164556,-0.37098873,-1.0949239,-0.225854
2015-06-12,0.07559478,-1.9180254,-0.26953235,-1.3897433,0.3116304
2015-06-15,0.12572885,-1.3367858,-0.13338177,-0.703823,-0.03401239
2015-06-16,0.003656406,-1.6189283,-0.690292,-2.2340932,0.38199866
2015-06-17,-0.109536126,-1.7042035,-0.5100794,-1.8809327,0.3873044
2015-06-18,-0.28529668,-1.1881456,0.06514067,-0.9727144,0.4431547
2015-06-19,0.2812054,-1.4768022,-0.1022708,-1.3661646,0.19664139
2015-06-23,-0.41312173,-2.4966648,-0.92725456,-3.016729,0.74912614
2015-06-24,-0.35761133,-1.8812963,0.079453446,-1.6676021,0.4918181
2015-06-25,0.117993966,-1.8588557,-0.36029503,-2.4594288,0.7515183
2015-06-26,-0.26914895,-1.8700835,-0.20494564,-2.5218034,0.5526737
2015-06-29,0.20755152,-1.4451989,-0.0019123113,-1.8189869,0.25059313
2015-06-30,-0.21716404,-1.6961788,-0.4364896,-4.239124,0.6452249
2015-07-01,0.0782675,-2.1610491,-0.25748283,-0.5718475,0.656198
2015-07-02,0.04183686,-1.7561193,-0.73833156,-1.971649,0.6328549
2015-07-06,0.9493549,-1.8563917,0.89106774,-1.2822063,-0.092058346
2015-07-07,0.15680586,-1.2062788,-0.5530732,-1.7045171,-1.5876787
2015-07-08,-0.29507828,-1.7344372,-0.35717452,-0.88834023,0.6353852
2015-07-09,-0.17317353,-1.8294486,-1.4182564,-1.635526,1.3069072
2015-07-10,0.10814503,-1.3128829,-0.48696035,-1.8541987,0.6386382
2015-07-13,0.32011607,-2.0293555,-0.87303543,-1.6883191,1.2498816
2015-07-14,-0.78595805,-2.0166998,-0.18966705,-1.1862931,0.24452953
2015-07-15,1.4136196,-1.6347326,-1.380898,-1.5373465,0.6564957
2015-07-17,0.18801883,-1.8614144,-1.0279555,-1.0108702,-0.13583003
2015-07-20,0.10182836,-2.0161648,-1.0320385,-0.5330987,0.003694805
2015-07-21,-0.013059509,-1.5167642,-0.59360385,-1.7025584,0.21357389
2015-07-22,0.36602947,-1.6279948,-0.5215603,-1.5307819,0.12189204
2015-07-23,0.13639735,-1.5453922,-0.06389648,-1.5324019,0.05410072
2015-07-24,0.14720184,-1.848112,-0.4982379,-0.5562362,0.04525636
2015-07-27,0.1367767,-1.0258774,0.056130327,0.21856458,-0.14823762
2015-07-28,-0.11721138,-1.8470051,-0.8523748,-1.4107947,1.0758252
2015-07-29,-0.35322025,-1.5839827,-0.42895523,-1.1215554,0.42168397
2015-07-30,0.0035136181,-1.4096241,-0.23702106,-1.9226278,0.20295261
2015-07-31,0.12898265,-1.3631734,-0.04317803,-1.3006035,0.12318472
2015-08-03,0.5854123,-2.2350135,0.020287983,-1.2781743,0.12261471
2015-08-04,0.18554644,-1.645054,-0.94629186,-1.4673972,0.7380461
2015-08-05,0.31704253,-1.5719339,-0.5132633,-2.0989566,0.3025169
2015-08-06,0.13871619,-1.2890425,-0.26695076,-1.1744921,0.2698901
2015-08-07,0.14026484,-1.4676806,-0.06677005,-2.019454,0.5446075
2015-08-10,-0.19316196,-1.1882818,-0.8880711,-2.3951938,1.7644595
2015-08-11,0.24478923,-0.4343823,0.07776382,-0.41737053,-0.557896
2015-08-12,-0.44015497,-0.85079193,-0.6627834,1.403796,0.114486225
2015-08-13,-0.12081334,-1.8141196,0.22751547,-2.3435638,0.35634598
2015-08-14,-0.20989706,-1.817441,-0.2904491,-1.329747,0.45795286
2015-08-17,-0.362208,-0.033815287,0.2979343,0.08520971,-0.68742615
2015-08-18,-0.07345313,-1.2115703,-0.23306383,-1.3223006,-0.33350816
2015-08-19,0.3304483,-1.5566167,0.43434805,-0.31002128,0.5100491
2015-08-20,-0.014542912,-1.3618455,-0.05324588,-1.1415739,1.1297739
2015-08-21,0.13008706,-1.4354283,-0.03238276,-0.5601534,-0.24038063
2015-08-24,0.8513724,-1.8521163,0.20275003,-1.8625108,-0.8228854
2015-08-25,0.053823706,-2.178747,-1.2783091,-1.096182,0.7462447
2015-08-26,0.3713068,-1.6825582,-0.4255995,-1.5529261,-0.44848108
2015-08-27,-1.1058558,-1.1834704,-1.8013846,-1.3058419,1.7034458
2015-08-28,-0.9804269,-0.9414332,-1.2255931,-1.2001429,1.2540997
2015-09-01,-0.47093913,-1.638315,0.22306602,-0.70557797,-0.05183559
2015-09-02,-0.20329352,-1.4861288,-0.8456278,-0.77694297,0.5996792
2015-09-08,-0.036098212,-2.019853,-0.7957662,-1.6792226,1.135321
2015-09-09,0.13776964,-2.604032,-0.3538522,-1.6362156,0.40613124
2015-09-10,-0.35057822,-1.7110915,-0.8358049,-1.6814609,0.818702
2015-09-11,-0.26942977,-2.3407378,-0.042186126,-2.4550939,0.4008386
2015-09-14,0.5644648,-1.4019972,0.2450199,-2.520434,-0.058001455
2015-09-15,-0.046329856,-1.9756397,-0.498002,-2.2444062,0.60652864
2015-09-16,-0.72186625,-0.59287137,-0.60996354,-0.5254554,0.7204111
2015-09-17,0.0011917881,-1.5166352,-0.3943253,-1.0273261,0.3885476
2015-09-18,0.32782394,-0.9107966,0.5341279,-0.6294471,-0.07740551
2015-09-21,-0.13162969,-1.2124324,-0.6723787,-2.3959048,0.45707846
2015-09-22,0.058730178,-1.517354,-0.49913633,-1.8087097,-0.7129232
2015-09-23,-0.12456933,-1.9594973,0.21094216,-1.8023673,0.3517214
2015-09-24,-0.4052921,-1.4120159,0.110418625,-0.9625474,0.9167717
2015-09-25,-0.20579037,-1.3170003,-0.10697621,-3.2740622,0.475065
2015-09-28,0.38868555,-2.3566175,-0.4472964,-1.486353,-0.11323006
2015-09-29,-0.24003974,-1.954473,-0.87546104,-1.8077115,0.73314035
2015-09-30,-0.365185,-2.398257,-0.86556715,-1.4044514,1.1657362
2015-10-08,-1.6883119,1.5995418,0.83637714,-1.9422803,1.047632
2015-10-09,-0.7017396,-1.7252728,-0.70214164,0.15267827,2.0108974
2015-10-12,0.6623797,-1.6571691,0.1345209,-0.84775746,0.9390385
2015-10-13,0.53846073,-1.8096434,-0.24574941,-2.5304809,0.70440793
2015-10-14,0.28165454,-1.1670276,-0.5935807,-0.8112496,0.8158226
2015-10-15,0.14654577,-1.0897568,-0.3721687,-0.7150091,0.42020062
2015-10-16,0.06020249,-1.0570053,-1.0346797,-1.0326777,0.44536164
2015-10-19,0.86475706,-1.6833408,-0.5895298,-1.0072488,0.08059953
2015-10-20,0.5311162,-1.4014493,-0.8394614,-1.9353828,0.75826913
2015-10-21,0.63810825,-1.5853411,-0.98109746,-2.3782232,0.4514772
2015-10-22,0.76417214,-1.1637498,-1.5541886,-0.9235909,0.8837998
2015-10-23,0.23241448,-1.7750063,-0.6654062,-1.2950733,0.33786288
2015-10-26,-0.08398428,-1.657417,0.28434744,-1.5695404,0.14089349
2015-10-27,0.2101224,-1.9039643,-0.55708885,-1.3221173,0.576279
2015-10-28,-0.09624141,-0.21666263,-1.248266,-0.96261996,0.8731392
2015-10-29,0.924372,-1.7357042,-1.7133899,-2.5118086,-0.007590568
2015-10-30,-0.15943287,-1.606714,-0.795485,-2.1057851,0.3777211
2015-11-02,-0.02209383,-1.7827275,-0.48364168,-1.1110098,0.29301065
2015-11-03,-0.45544976,-1.8025787,-1.2226282,-2.3997629,0.41133884
2015-11-04,0.31900343,-2.2722921,-0.20757583,-1.6738453,0.30694154
2015-11-05,0.37286994,-1.7349027,-0.48566547,-0.9138239,0.11243701
2015-11-06,0.53938997,-2.0410712,-1.2743855,-1.8211323,0.4863671
2015-11-09,0.039341807,-2.0538049,-0.64438224,-1.0158024,-0.013747965
2015-11-10,-0.15725845,-1.5176703,-0.3903084,-0.9198185,-0.07024701
2015-11-11,0.37456012,-2.268925,-0.49832165,-1.6788872,0.74828756
2015-11-12,0.45312786,-1.6985743,-0.041467324,-1.9784124,0.09902563
2015-11-13,0.08980838,-2.1279407,-0.17088516,-1.0769987,0.21667044
2015-11-16,0.9372524,-0.47266394,-0.70086545,-2.1423612,0.11155364
2015-11-17,0.44384617,-1.7933372,-0.8069016,-1.7612497,0.26718053
2015-11-18,0.60971904,-1.1496751,-1.2293614,-1.408123,0.36862367
2015-11-19,0.5522008,-1.1432394,-0.7740189,-1.7480646,1.0714002
2015-11-20,0.0067410385,-1.4807634,-0.49926373,-1.5961154,0.31362012
2015-11-23,0.19608203,-1.1360422,-0.72906095,-2.6053956,0.067874454
2015-11-24,-0.01795251,-1.6245321,-1.767405,-0.889512,1.3167517
2015-11-25,0.55667573,-1.6690812,-1.320089,-1.9349347,1.1758026
2015-11-27,1.0238444,-1.9300534,-1.2887148,-1.1225815,0.5320274
2015-11-30,0.28384843,-1.7112801,-0.43604934,-1.8127466,0.5240241
2015-12-01,0.16055071,-1.9109259,-0.94656736,-1.822544,1.1646794
2015-12-02,1.1174505,-2.169303,-0.80988336,-1.5479383,0.7958968
2015-12-03,0.25040457,-0.9730205,-0.7968794,-2.3531456,0.7338398
2015-12-04,0.31175423,-1.4341875,-0.20328173,-1.3905125,1.8789858
2015-12-07,0.64465314,-2.2107174,-0.0019229326,-0.8020235,-0.15303539
2015-12-08,0.55548185,-1.8668638,-0.90297383,-1.4864072,0.49821714
2015-12-09,0.026415406,-1.9632044,-0.4522302,-1.5338554,0.90531844
2015-12-10,1.0153234,-1.5408646,-1.6332055,-1.6905774,1.0849737
2015-12-11,1.5481241,-2.1722434,-1.4273922,-0.24395442,1.035251
2015-12-14,0.43650752,-2.145247,-0.8264629,-1.9645387,0.57543707
2015-12-15,0.99193406,-0.27493533,-1.3598659,-1.9454631,0.25227794
2015-12-16,1.0419154,-1.2833253,-0.40501097,0.1874438,1.1713731
2015-12-17,0.15758055,-2.3084412,-0.95806426,-2.5614069,-0.24265674
2015-12-18,0.06570089,-1.4653724,-0.5667488,-1.3814219,1.5731875
2015-12-21,0.34738153,-1.2749732,-0.33210024,-0.64477795,1.0673767
2015-12-22,0.0129174385,-1.2597424,-0.5041998,-1.3524113,0.086197
2015-12-23,-0.17319952,-1.4993685,-1.5430337,-1.4089773,1.0082208
2015-12-24,-0.11421863,-1.172328,-0.5531053,-1.2642431,0.64270484
2015-12-29,0.14683515,-1.8597325,-1.4223208,-1.384468,0.97739494
2015-12-30,0.096125185,-2.7068,-0.33663636,-1.5720158,0.5661515
2015-12-31,0.1754097,-1.0776592,-0.76156825,-1.6502179,0.5224805
2016-01-04,-0.19694328,-0.4421532,-0.06022887,-0.7160361,-0.6064011
2016-01-05,0.28761005,-1.4590411,-0.3489865,-1.2388245,0.5948139
2016-01-06,0.5887787,-2.134633,0.43213642,-1.2025323,0.39673385
2016-01-07,0.077869676,-1.0327363,0.4918955,-1.53436,0.1216033
2016-01-08,0.46865585,-2.1854594,-0.75313854,-1.9331535,0.65958005
2016-01-11,0.7570087,-1.8508924,-0.10460188,-1.3355223,-0.27877736
2016-01-12,0.53798234,-2.124313,-0.2965248,-2.4886491,0.3362577
2016-01-13,0.096490435,-1.9274396,-0.11564721,-1.3802586,1.0421299
2016-01-14,-0.389834,-2.4188108,-1.1421376,-1.6666206,0.8065213
2016-01-15,-0.07538939,-2.1602187,1.2743002,-1.6144582,-0.040437974
2016-01-19,0.31818563,-2.1412232,-0.532148,-1.4062375,1.3016531
2016-01-20,1.6141385,-1.6194099,-0.873912,-0.5906321,0.7317096
2016-01-21,0.60641974,-1.1517175,-2.5400107,-1.5118879,1.4525291
2016-01-22,-0.7181159,0.45614156,-2.156249,-1.874343,0.17382893
2016-01-25,0.7120716,-1.3757012,0.7390744,-0.9397009,0.60237676
2016-01-26,-0.1808849,-1.0758477,-1.1288391,-0.8027899,1.3533989
2016-01-27,-0.5998175,-1.4962852,-1.1660627,-1.0762397,0.93548125
2016-01-28,-0.26274422,-0.9256817,-0.9781496,-1.2156996,0.016976539
2016-01-29,-0.04050113,-1.5139368,-1.0899806,-1.880013,0.9626713
2016-02-01,-0.13058113,-1.8424414,0.19944312,-1.00731,0.43173835
2016-02-02,0.18004508,-2.4041634,0.36086655,-1.6919616,0.43975914
2016-02-03,-0.5420348,-0.6561986,-1.0997199,-0.85321534,1.1693796
2016-02-04,-0.23760277,-1.0965465,-0.2464414,-0.54306805,0.8971644
2016-02-05,0.31074739,-1.1471533,-0.024363013,-1.5732533,-0.15685523
2016-02-22,-0.045482174,-1.5393156,-0.63704914,0.26452196,2.3701546
2016-02-23,0.29860067,-0.7521956,0.18022645,-0.78668076,0.18930861
2016-02-24,-0.12389362,-1.0042444,-0.9274086,-0.9087118,0.6919851
2016-02-25,-0.39373267,-0.9425284,-0.5593641,-1.4879532,-0.09565818
2016-02-26,0.043095987,-2.2629209,-1.361956,-1.3008505,0.7106027
2016-02-29,-0.6497083,-1.0709769,-0.16959468,-1.1163079,0.632054
2016-03-01,-0.72599703,-1.3276923,-1.4516091,-1.0902126,0.73204124
2016-03-02,-0.6047833,-1.5276167,-0.25243828,-1.2539022,0.8821805
2016-03-03,-0.39937773,-1.6040835,-0.20668869,-1.4861281,0.9875768
2016-03-04,-0.5811039,-1.0094666,-0.7172997,-1.2975184,1.5608107
2016-03-07,-0.65002763,-0.8124399,-1.1978874,-1.7201812,0.623857
2016-03-08,0.269568,-0.89881605,0.1337847,-2.5192883,-0.4853153
2016-03-09,-0.30724248,-1.4990089,-1.3888367,-1.6178198,0.8071077
2016-03-10,0.209001,-1.0867473,0.17082885,-1.9252731,0.25157472
2016-03-11,-0.23985857,-1.8728614,-0.7979165,-1.9826442,0.8853417
2016-03-14,0.17120224,-1.9203826,-0.15586174,-2.2079558,0.27597734
2016-03-15,-0.15275258,-2.2200782,-0.03234259,-2.310292,0.11312759
2016-03-16,-0.38288653,-1.2355224,-0.9932806,-1.8417599,0.5831615
2016-03-17,-0.8636336,-0.92630094,-0.36037326,-0.5292943,1.6533651
2016-03-18,-0.26928875,-1.8241321,-0.28727224,-1.6236552,0.18936108
2016-03-21,-0.51789755,-1.9275889,-0.3211584,-1.693909,0.6719501
2016-03-22,-0.23691659,-1.2571919,-0.49700445,-1.904114,0.7096555
2016-03-23,0.40845203,-2.5078697,-0.42236573,-1.9326453,-0.3809421
2016-03-24,0.3477429,-1.621092,-0.7046133,-1.5830559,0.17750737
2016-03-29,0.4764212,-1.6784629,0.25484627,-1.9254712,0.5094996
2016-03-30,-1.5118282,-2.6406558,0.024635982,-0.8339468,0.023296546
2016-03-31,-0.36742625,-1.4038209,-0.4261924,-0.8042285,0.767717
2016-04-01,0.21930745,-2.6872041,-0.45102912,-1.8895063,0.55979216
2016-04-05,0.5451141,-1.8303783,0.077255785,-0.9557718,0.08743066
2016-04-06,-0.42235714,-1.2733898,-1.3153304,-1.5745741,0.45357358
2016-04-07,0.40160182,-0.69223386,-0.018404128,-1.499756,-0.01251401
2016-04-08,-0.79629767,-0.6621094,-1.2196647,-1.5793546,0.8918392
2016-04-11,-0.44618997,-0.49112523,-0.25484416,-0.43770576,0.5752507
2016-04-12,-0.6447056,-1.4368441,-1.265381,-1.1957685,1.4767555
2016-04-13,-0.36551207,-2.104033,-0.78315264,-1.9571794,1.22534
2016-04-14,-0.05293354,-2.0663388,-0.6062581,-1.6908317,0.363786
2016-04-15,0.09410212,-2.008077,0.256287,-1.9960234,0.54937005
2016-04-18,-0.8832522,-2.7073052,-0.15910634,-1.8321903,0.9163825
2016-04-19,-0.70214254,-1.3790042,-0.37649742,-1.8639332,1.6751409
2016-04-20,-0.95473963,-1.6323643,-0.51502097,-2.5360594,1.1723936
2016-04-21,-0.37244436,-1.7463353,-0.20305318,-1.0764804,0.39705232
2016-04-22,-0.24762028,-1.9374764,-1.2516922,-0.11885411,0.11320068
2016-04-25,-0.2053819,-1.6135451,0.21698718,-1.9021276,0.4820549
2016-04-26,-0.15683086,-1.1014359,-0.7731693,-2.0594423,0.7080127
2016-04-27,-1.3274543,-1.6277217,-0.07202558,-1.155067,0.27722567
2016-04-28,-0.7528579,-1.3524201,-0.2541764,-0.8769801,0.81851894
2016-04-29,-0.5133023,-1.5218523,0.19894916,-1.2195994,1.1391199
2016-05-03,-0.034055214,-2.2379746,0.754129,-0.72298425,-0.3475448
2016-05-05,0.8767714,-0.63512284,-0.9922823,-1.4889458,-0.36681467
2016-05-06,0.07912228,-0.94108725,-0.20450634,-1.7861136,0.68320894
2016-05-09,0.87471396,-1.728762,-0.41696495,-1.7317227,-0.5825298
2016-05-10,-0.087777026,-1.2471797,-0.86843336,-3.0371606,0.5425474
2016-05-11,-0.73758155,-0.79641813,-1.0273439,-0.69621444,0.9447189
2016-05-12,-0.17016216,-1.2436835,-0.20144583,-2.3600547,-0.110964574
2016-05-13,0.05203032,-1.3768792,-0.54526496,-1.2380574,0.45253885
2016-05-16,-0.9703949,-1.8929716,-0.3153715,-2.4389806,0.752327
2016-05-17,0.42256433,-1.1796921,-1.3120744,-1.8983667,1.1213962
2016-05-18,-0.38459352,-1.7344819,-0.36443052,-1.5077819,0.12600897
2016-05-19,0.16850792,-2.096469,-0.8755201,-1.1887959,-0.31321374
2016-05-20,-0.20933373,-1.5867589,-0.30268845,-1.5981541,0.36948663
2016-05-24,-0.40452322,-2.2120988,-0.78542006,-1.3457788,0.07586042
2016-05-25,-0.6189247,-1.924236,-0.36698902,-2.5705526,0.6129417
2016-05-26,-0.27355626,-1.9812979,-0.41032028,-1.6958268,0.85903835
2016-05-27,0.22219555,-1.852075,-1.0801736,-2.010004,0.8731053
2016-05-31,0.28178367,-1.6353799,-1.2701592,-1.088666,0.62127817
2016-06-01,-0.30884033,-2.2495346,-0.44147208,-2.3376176,0.68670183
2016-06-02,-0.42474556,-1.8153822,-0.18897901,-2.7428186,0.5325367
2016-06-03,-0.3069491,-1.3961401,0.41297737,-1.3649306,1.0416435
2016-06-06,-0.10143956,-1.5649805,-0.74914145,-2.0801954,1.2956922
2016-06-07,-0.2086876,-1.1800812,-0.49069834,-1.9910456,0.29657918
2016-06-08,-0.61224574,-1.4276434,-0.4003821,-2.0156057,1.6225308
2016-06-13,0.029389113,-1.7172734,0.5322351,-0.06798983,0.35891438
2016-06-14,-0.36204413,-1.8932703,0.13470072,-1.6731112,0.035150733
2016-06-15,-0.34126008,-2.116349,-0.10606995,-0.622197,0.76353955
2016-06-16,0.6109662,-1.2509463,0.16598122,-0.8354905,0.006978886
2016-06-17,0.06991911,-1.4027519,-1.2658651,-2.731567,0.8494341
2016-06-20,-0.4434904,-1.1276373,-1.4133412,0.071102045,0.84997153
2016-06-21,0.14768319,-1.6746379,-1.178884,0.048461277,0.18473692
2016-06-22,-0.28265315,-1.8778845,-0.42186198,-1.0393797,0.4953277
2016-06-23,-0.26656902,-1.6811554,-1.0227671,-1.2024661,0.6518173
2016-06-24,0.33848116,-0.6883916,1.2190467,0.089300565,0.14560114
2016-06-27,0.41932568,-1.3957472,-0.0729932,-1.5923688,0.38183516
2016-06-28,-0.51170254,-1.9169942,-1.3448786,-1.2889602,1.3669356
2016-06-29,-0.54012024,-0.23062117,-0.6878211,-0.27785686,0.8348675
2016-06-30,0.10709291,-1.6067611,-0.31852928,-1.0226893,0.7247703
2016-07-01,-0.7843102,-1.3674182,0.027129887,0.28433046,1.0788363
2016-07-05,-0.08050087,-1.160825,1.0631665,-0.2227376,-0.0004717828
2016-07-06,-0.22121306,-1.0374327,-0.31520474,-0.31514922,0.40204218
2016-07-07,0.3779329,-1.8437102,0.015767174,-0.36079398,-0.12136961
2016-07-08,-0.13981304,-1.9813825,-0.3440473,-2.4282737,1.0061618
2016-07-11,-0.63019663,-1.7818328,-0.06642106,-1.0552607,0.7173626
2016-07-12,-0.62223905,-2.330964,-1.5940495,-1.9834206,1.4253073
2016-07-13,0.29142013,-1.9873439,0.32441008,-2.2252588,0.83430344
2016-07-14,-0.3642282,-1.6390358,-0.9541452,-1.4942379,0.78745466
2016-07-15,-0.5151993,-1.9187797,-0.41231668,-0.65022326,0.07099102
2016-07-18,0.33054066,-1.6295856,-0.28497753,-1.7722739,0.6682156
2016-07-19,-0.19225964,-1.6806624,-0.6328141,0.25550163,0.29745394
2016-07-20,-0.37722397,-1.6883011,-0.561341,-1.1306666,0.024463875
2016-07-21,-0.11766656,-1.5279303,0.13222103,-1.2005825,0.5286033
2016-07-22,0.08421299,-1.7378117,-0.37612012,-1.4010651,0.078297235
2016-07-25,0.37446567,-1.6712484,-0.27179205,-1.0707083,0.29888985
2016-07-26,0.011149727,-1.4091234,-0.48371607,-1.2105006,0.40661407
2016-07-27,0.27758658,-1.1468716,0.28143647,-1.5925717,0.2509756
2016-07-29,-0.16192675,-1.852382,-0.20111677,-1.0048678,1.5114744
2016-08-01,0.16637,-1.4264343,-0.5026478,-0.15256865,0.42046598
2016-08-02,-0.12665929,-1.3363273,-0.16676527,-0.9221438,0.5219111
2016-08-03,-0.4089894,-1.5118016,-0.8811129,-1.8575106,0.47575295
2016-08-04,-0.34172875,-0.9118075,-0.46277356,-1.5389302,0.24359046
2016-08-05,-0.1786663,-2.1513255,-0.77885413,-2.352862,0.5230147
2016-08-08,-0.5525891,-1.6898501,-0.62445945,-1.7538233,0.57381207
2016-08-09,-0.12229647,-1.537033,-0.096062414,-1.3210304,0.3383133
2016-08-10,0.075520016,-1.7500336,-0.007832597,-0.8578346,0.6627686
2016-08-11,-0.49948293,-1.5022173,-1.148198,-1.6772941,0.4697337
2016-08-12,-0.35286593,-0.93615603,-0.75597537,-2.0984867,-0.40070364
2016-08-15,-0.57603836,-1.4016999,-0.6933082,-1.8622196,0.69930893
2016-08-16,-0.8124722,-1.2563828,-0.14508802,-1.2661113,0.41142336
2016-08-17,-0.25944757,-1.7383068,-0.7892214,-2.065685,0.5072184
2016-08-18,-0.77384025,-1.3187356,-0.34644982,-1.5162207,0.67207134
2016-08-19,-0.18669009,-1.7953598,-0.61373544,-1.6915315,0.25240377
2016-08-22,0.04467223,-1.9883686,-0.06592005,-1.8655237,0.19273359
2016-08-23,-0.23487104,-1.3914473,-0.5476653,-1.2083507,0.47629067
2016-08-24,0.21202335,-1.8167015,-0.5395668,-1.7810186,-0.24734989
2016-08-25,-0.16523868,-1.3954251,-0.6486751,-0.68542224,0.14008124
2016-08-26,-0.4742298,-1.7114892,-0.24603888,-0.37256333,0.30156294
2016-08-30,0.3553011,-1.7784958,-0.49098554,-0.011006149,-0.031559564
2016-08-31,0.8334376,-1.5993181,-0.45782813,-1.139302,0.40578935
2016-09-01,-0.17366335,-3.0556982,0.8942191,-1.7000666,0.5903213
2016-09-02,-0.51040673,-1.3014271,-0.09258891,-2.0070367,0.77795446
2016-09-06,-0.5720514,-0.7403138,0.5126529,-1.0237751,0.64864117
2016-09-07,-0.08802929,-1.5292289,-0.9058303,-2.0660179,0.85129267
2016-09-08,-0.37938005,-1.3206017,-1.315658,-2.2893763,0.58602357
2016-09-09,0.4851687,-1.902967,-0.24607569,-1.8368428,0.26045996
2016-09-12,0.083260134,-1.5730706,-0.82404023,-1.8159438,-0.052876156
2016-09-13,0.07016232,-1.6245915,-0.18805929,-0.47096175,-0.12463844
2016-09-14,-0.015095532,-2.0910459,-0.15971898,-1.2044215,0.8193579
2016-09-19,-0.16170976,-1.5883867,-0.41331476,-3.7596638,0.98619324
2016-09-20,-0.012559777,-1.9851034,-0.61292017,-2.2501502,1.2453114
2016-09-21,-0.36830914,-0.75854874,-0.38274872,-1.0952678,0.5976787
2016-09-22,-0.7368574,-1.5827265,-0.5570427,-0.74235594,1.1857021
2016-09-23,0.015211865,-1.9822636,-0.06846839,-0.9036325,0.2287566
2016-09-26,-0.3658737,-1.4834265,-0.92053115,-0.92076856,0.43779328
2016-09-27,-0.0019049156,-2.519617,-0.19920526,-2.1711092,0.28219014
2016-09-28,-0.0352731,-0.86703604,-1.886895,-1.3301251,0.61471677
2016-09-29,-0.7214217,-1.4002538,-0.51633203,-1.2036068,0.33431032
2016-09-30,-0.3323076,-1.7910566,-0.6043119,-1.678673,0.6911664
2016-10-10,-0.28401962,-2.3601387,-3.354271,-3.411419,-0.49387565
2016-10-11,-0.070963055,-1.8079476,-0.19080964,-1.9249015,-0.22335245
2016-10-12,-0.11040148,-2.0927925,-0.54350936,-0.77976716,0.46763825
2016-10-13,-0.06203603,-1.6301243,-0.36919063,-2.8667357,0.28842628
2016-10-14,0.04298316,-1.656795,-0.44593206,-2.2537456,0.7176092
2016-10-17,-0.30864632,-1.3419472,0.13513647,-2.0381992,0.29414034
2016-10-18,-0.16077426,-1.1867864,-0.36515123,-1.1353796,0.54305273
2016-10-19,-0.51343143,-1.5292426,-0.3487721,-1.7887174,0.50621146
2016-10-20,0.41368064,-1.4700587,-0.35579768,-1.1050477,0.14178021
2016-10-21,-0.012814944,-1.3677946,-0.5830263,-1.7094365,0.33183485
2016-10-24,-0.31195286,-1.8642778,-0.3441283,-1.2639683,0.81597847
2016-10-25,-0.31947386,-1.912577,-0.26162925,-0.8577645,1.2546765
2016-10-26,-0.17234227,-2.1169946,-0.35438052,-2.0400958,0.647859
2016-10-27,-0.26982963,-1.8285174,-0.77257276,-1.4464488,0.94875824
2016-10-28,0.03290624,-1.7879115,-0.53424484,-0.75671476,1.0812008
2016-10-31,0.1963729,-2.255203,-0.5989299,-0.98114264,0.77265686
2016-11-01,-0.40048054,-1.0574074,-0.116656534,-0.31170395,0.48857853
2016-11-02,0.14461857,-1.4221815,0.61702543,-1.1896086,0.398799
2016-11-03,-0.104072586,-2.189873,-0.46453592,-1.2884984,0.73348707
2016-11-04,0.11312856,-1.7191519,-0.08870832,-1.6206398,0.5192138
2016-11-07,-0.33889806,-2.392769,-1.1624148,-1.6097013,0.9912433
2016-11-08,-0.30449024,-2.071708,-0.5188861,-1.7981668,1.0397153
2016-11-09,-0.17245956,-1.8426459,-0.9433023,-0.074905716,0.81387067
2016-11-10,-0.15627575,-2.2479198,-0.82446367,-1.2636493,1.028035
2016-11-11,0.5554319,-2.857476,-1.171955,-2.412882,-0.5743634
2016-11-14,0.23413546,-2.479414,-1.0468228,-1.0285486,0.6779725
2016-11-15,-1.084766,-1.5030233,-0.6137249,-2.1267066,0.43900785
2016-11-16,0.50154185,-0.9811904,-0.65801483,-1.5111591,0.24474405
2016-11-17,0.03303045,-1.7551036,-0.8532234,-1.7410667,0.5249387
2016-11-18,-0.11899783,-1.9288481,-0.7230601,-2.293053,0.33471036
2016-11-21,-0.51436573,-1.6584685,-1.5835558,-1.9769106,1.4838775
2016-11-22,-0.27833185,-1.7551205,-0.76748043,-1.3119109,0.9736296
2016-11-23,-0.3974021,-2.6275177,-1.1271499,-1.944231,1.1047423
2016-11-25,0.30477646,-2.6683564,-0.65659475,-1.2796494,1.071674
2016-11-28,-0.67620987,-1.7628227,-0.335985,-1.4685657,0.8529565
2016-11-29,0.44000828,-0.9971899,0.31527582,-0.8837471,-0.6715197
2016-11-30,-1.7910105,-1.5043517,-1.3813033,-1.3760858,0.21219014
2016-12-01,-0.73565465,-0.87094384,-1.3584014,-1.050234,0.48566338
2016-12-02,-0.409156,-0.98927397,-0.0039070714,-1.4639258,0.40989214
2016-12-05,-0.43349448,-2.0696445,-0.76572824,-1.5935502,1.3148761
2016-12-06,0.053919666,-1.8953016,-0.3752237,-1.7595978,0.5966092
2016-12-07,0.099948704,-1.3351907,0.19162574,-1.3977889,0.3560124
2016-12-08,-0.04836324,-1.4222624,-0.65796876,-1.2332314,0.16351561
2016-12-09,-0.18017067,-2.2218218,-1.0916406,-1.9299449,0.72266096
2016-12-12,-0.35910705,-1.0465835,-0.3135068,-1.584654,0.4579653
2016-12-13,-0.11579085,-1.6033801,-0.7714097,-1.572287,0.46393776
2016-12-14,0.16311574,-1.9331249,-0.3911688,-0.7646396,0.88704604
2016-12-15,-0.36112213,-3.284911,-1.0038011,-3.1479843,-0.15721704
2016-12-16,-0.11256613,-0.4596872,-0.08708383,-1.8764502,0.21552236
2016-12-19,0.19147818,-0.76706433,-0.1420326,-1.6616925,-0.40281937
2016-12-20,-0.13171773,-1.4198174,-0.5747776,-0.88384897,0.36723903
2016-12-21,0.24896845,-1.5983793,-0.78970104,-1.4442064,0.47683188
2016-12-22,-0.1281728,-1.6535254,-0.7185298,-0.9516348,0.22748208
2016-12-23,0.011976949,-1.3081288,-0.4333756,-1.4850992,-0.049641006
2016-12-28,-0.5059261,-0.9885983,-0.357346,-2.1689932,0.6274686
2016-12-29,-0.015224485,-0.7457983,0.11054249,-1.7110178,0.3244349
2016-12-30,-0.17358658,-1.8122128,-0.6359298,-1.4679608,0.6740004
2017-01-03,-0.6504097,-1.2521783,1.1012104,-1.1411625,0.23984839
2017-01-04,-0.42136365,-1.8669683,-0.5261824,-1.8832455,1.5283552
2017-01-05,-0.21406229,-1.2534276,-0.0279632,-1.3476498,0.8135343
2017-01-06,-0.2954605,-1.745914,-0.5884388,-1.0901449,0.4663749
2017-01-09,0.199035,-1.960747,0.36341786,-1.3123343,0.852761
2017-01-10,0.20513369,-2.0875897,-0.6774151,-1.2200426,1.3546382
2017-01-11,-0.34050927,-1.019655,-0.65115905,-1.435877,0.32613292
2017-01-12,-0.4087756,-1.7450005,-0.7121812,-1.9179273,1.0558038
2017-01-13,-0.21043114,-2.046617,-0.6173523,-1.3917766,0.924195
2017-01-17,0.28503457,-0.7091542,-0.014060918,-2.5932827,0.31045374
2017-01-18,0.1695491,-2.0766602,-0.25085708,-1.3418177,0.76936764
2017-01-19,0.117773585,-1.9036237,-0.94180423,-1.5054113,0.30624062
2017-01-20,-0.5498563,-1.397488,-0.36494765,-1.4227959,0.4801725
2017-01-23,0.08539904,-1.3341436,-0.45429942,-1.3100344,0.8260951
2017-01-24,-0.25799212,-1.6415529,-0.81230015,-0.7483336,0.9155898
2017-01-25,0.29253253,-1.9351254,-0.7549438,-1.7717226,0.27904752
2017-02-06,-1.0796366,-1.3794717,1.0015327,-0.0876245,0.5267798
2017-02-07,0.16983578,-1.3994861,-0.12806553,-1.4470934,0.5204974
2017-02-08,-0.35207817,-1.8279655,-0.69046676,-1.5484762,1.022603
2017-02-09,-0.09730094,-1.3801551,-0.49626628,-1.7050638,0.47401288
2017-02-10,-0.6379608,-2.2169442,-0.8999004,-1.3677256,1.3625267
2017-02-13,-0.16883108,-2.3353243,-0.32161814,-1.4831735,0.5254903
2017-02-14,-0.13691886,-1.5184772,-0.4705793,-1.5194919,0.4556616
2017-02-15,-0.11134912,-1.5739175,-0.22175953,-1.7029978,0.6314287
2017-02-16,-0.037885714,-1.2414863,-0.21198043,-0.6041448,0.2816264
2017-02-17,0.02376451,-1.3585582,-0.4940147,-1.1399174,0.1469361
2017-02-21,-0.62449616,-1.836154,-0.24402814,-1.2045767,0.5993956
2017-02-22,0.29250702,-1.5486262,-0.5916417,-1.7035557,0.48462635
2017-02-23,-0.19809206,-0.3712703,-0.13452956,-1.0648192,-0.27585882
2017-02-24,-0.045153588,-1.6275362,-0.43151885,-0.65051436,0.9196326
2017-02-27,-0.12105743,-1.5255687,-0.84496856,-0.6434927,0.58476096
2017-02-28,-0.16113605,-2.0502355,-0.335137,-2.4131024,0.79252726
2017-03-01,-1.2240409,-2.651092,-0.23175439,-2.4989326,0.819018
2017-03-02,0.3201466,-2.16886,-0.2926832,-1.9170365,-0.5290332
2017-03-03,-0.14463985,-1.7761589,-0.63994247,-1.7841772,0.51440686
2017-03-06,-0.026519526,-1.5852757,-0.59525454,-1.7055594,0.24892482
2017-03-07,0.004468313,-1.6066746,-0.57312316,-1.3526715,-0.20472905
2017-03-08,0.67955035,-1.9290056,-0.3931702,-1.3017433,0.18192837
2017-03-09,0.8589957,-1.7845272,-0.85890496,-1.08924,0.15949751
2017-03-10,0.25578174,-1.8509877,-0.56647146,-1.0907013,0.43052563
2017-03-13,0.4350454,-1.6216683,-1.1113571,-0.6708584,0.8751891
2017-03-14,-0.369774,-2.0784082,-0.15509921,-1.1701946,0.37915438
2017-03-15,0.29401183,-1.601698,-1.2087675,-2.389734,1.2864391
2017-03-16,-0.19646999,-1.2308209,0.02962387,-1.102772,0.9360808
2017-03-17,-0.12559156,-1.6208688,-0.64953256,-1.3848029,0.9529806
2017-03-20,0.081139855,-1.2890422,-0.54533637,-1.1867931,0.4948182
2017-03-21,0.3682968,-1.1742666,-0.38051,-1.2325139,0.40236944
2017-03-22,-0.074534155,-1.6886172,-0.51635647,-1.2234858,0.47509217
2017-03-23,-0.021923715,-1.5890262,-0.51704884,-1.1242006,0.45370024
2017-03-24,-0.10840412,-1.3228121,-0.43238556,-0.880333,0.31611115
2017-03-27,0.041546274,-0.8782595,-0.18625738,-1.150604,0.21693793
2017-03-28,-0.26607972,-1.730874,-0.94408584,-1.2845325,0.93990004
2017-03-29,-0.034041815,-1.4386791,-1.2462937,-1.2477418,0.7725877
2017-03-30,-0.18152495,-1.6953657,-0.9779306,-1.0851623,0.5527826
2017-03-31,-0.048971526,-1.2171865,-0.29654834,-1.8174423,0.122234434
2017-04-05,-0.46468458,-1.6171805,-0.8476007,-1.1948233,0.47925112
2017-04-06,-0.08198902,-0.99084944,-0.37016907,-1.2949238,0.1407114
2017-04-07,-0.09858231,-1.2370887,-0.40279517,-1.6468858,0.40873843
2017-04-10,0.3649644,-1.1323372,-0.76991564,-2.3887815,0.11844778
2017-04-11,0.1592985,-0.48816645,0.07007336,-1.2519299,0.3135694
2017-04-12,0.47839704,-0.9964747,-0.5628239,-1.7763506,0.40322667
2017-04-13,0.020584451,-1.3774798,-0.5133252,-1.2336766,0.82175213
2017-04-18,0.8708872,-0.83265567,-0.5521525,-1.2352884,0.06548062
2017-04-19,0.64646715,-2.064242,-0.80145335,-1.2820154,0.63193095
2017-04-20,-0.13792045,-2.1313152,-0.91856945,-0.5562822,0.89271265
2017-04-21,-0.084742285,-1.6904249,0.08145505,-1.5834223,0.14725271
2017-04-24,-0.054678407,-2.1625473,-0.60683,-1.617932,0.58574516
2017-04-25,0.0020022215,-2.0681727,-0.9174009,-1.9680933,0.7687523
2017-04-26,0.37756017,-1.7333946,-1.1621891,-1.2191755,0.58098984
2017-04-27,0.7344769,-1.3807167,-0.54073614,-1.8146029,0.39973998
2017-04-28,-0.11226122,-1.6236424,-0.46312326,-1.6411543,0.6476976
2017-05-02,-0.4308314,-3.588693,0.48981237,-3.0026386,0.5046144
2017-05-03,0.5449425,-1.3243728,-0.7887501,-2.5479102,-0.1181889
2017-05-04,0.9119684,-2.0788171,-0.6132502,-0.92322075,0.1191861
2017-05-05,0.18858975,-1.5505539,-1.0429263,-1.867955,0.67510206
2017-05-08,-0.061845344,-1.1694077,-0.28824908,-1.0635399,0.10880094
2017-05-09,-0.07692558,-2.2112365,-0.6737496,-1.6363142,0.45986181
2017-05-10,-0.32739782,-1.0331646,-0.5530958,-1.7619855,0.38313517
2017-05-11,-0.26301193,-1.5415013,-0.7727942,-1.1606867,0.80234206
2017-05-12,0.17606331,-1.382305,-0.9236573,-1.6383963,0.93257374
2017-05-15,-0.9503698,-1.9469808,-0.27420846,-1.7816559,0.83127815
2017-05-16,0.039292693,-1.269595,-0.3548338,-1.3065583,0.60710144
2017-05-17,-0.44640827,-1.2499232,0.0076024127,-1.5506077,0.69897395
2017-05-18,-0.07620491,-1.4869785,-0.7124628,-0.73564,0.08695708
2017-05-19,0.051036596,-1.6030641,-1.4504211,-2.0048168,1.5850958
2017-05-22,-0.29336765,-1.3187346,-0.3876996,-1.2158463,0.7679478
2017-05-23,-0.20325656,-1.682964,-0.6923002,-0.67891407,0.40801546
2017-05-24,0.2537045,-1.4328847,-0.65250593,-1.677345,0.38587028
2017-05-25,0.4871755,-1.7679231,-0.088316515,-0.93434834,0.54853874
2017-05-26,-0.04757444,-1.3688139,-0.39828464,-1.251031,0.48541236
2017-05-31,0.70627964,-1.3794224,-0.28622973,-0.96055216,0.3472423
2017-06-01,0.37376508,-1.608682,-1.0116103,-1.3202249,0.28456843
2017-06-02,0.4499064,-1.1567248,-0.17838888,-1.1895708,0.5150198
2017-06-05,0.2894011,-1.2587266,-0.056809675,-1.6882788,0.2580591
2017-06-06,-0.13618417,-1.2686993,-0.22363146,-1.7191592,0.44307598
2017-06-07,0.3701807,-2.151291,0.03820402,-2.1605682,0.4702779
2017-06-08,-0.08467511,-2.2976458,-0.8137528,-2.1500058,0.8469847
2017-06-09,-0.31910884,-2.210567,-0.92392015,-1.5829405,0.9646435
2017-06-12,-0.08516458,-1.5143756,-0.4220418,-0.9398463,-0.04720067
2017-06-13,-0.08154621,-1.7599406,-0.64793116,-2.1799328,0.2796951
2017-06-14,0.22962408,-1.7956798,0.41815427,-0.7103113,0.57957447
2017-06-15,0.4243708,-1.9795339,-1.1590452,-2.4570017,0.36060506
2017-06-16,-0.21184023,-1.8095758,-0.5979766,-1.8767244,0.60386413
2017-06-19,-0.3229385,-2.2967515,-0.49910098,-0.9232203,0.6141528
2017-06-20,0.17942035,-1.8834347,-0.31116286,-1.1441163,0.24442904
2017-06-21,0.23568806,-2.0288172,-0.69193333,-0.5920995,0.7904158
2017-06-22,-0.38974288,-1.8471766,-0.56038606,-0.48150736,0.48648658
2017-06-23,-0.11208094,-1.4186822,-0.49412087,-1.2918038,0.8158577
2017-06-26,0.2772395,-1.6522202,-1.2690651,-1.4919114,0.7079874
2017-06-27,-0.54923004,-1.8808589,-0.9053904,-1.6377356,0.95124084
2017-06-28,-0.49371916,-1.6610262,-0.5683561,-1.4933875,0.7097273
2017-06-29,-0.5907973,-2.0118718,-0.32083747,-2.40992,0.7792588
2017-06-30,-0.45075464,-1.9962056,-0.414782,-3.3111987,1.0217956
2017-07-03,-0.730971,-2.5480387,-0.648718,-3.3357902,0.42700687
2017-07-05,-0.122070014,-2.2411797,0.38055402,-2.2700155,0.22798999
2017-07-06,-0.09794229,-1.547913,-0.72172636,-1.2061145,0.6852996
2017-07-07,0.23993318,-2.3843434,-0.38699722,-2.2104294,0.28299734
2017-07-10,0.23719075,-1.0690193,-0.40992624,-2.5788248,0.057400186
2017-07-11,-0.24546771,-1.6621182,-0.84473425,-1.451001,0.7373682
2017-07-12,0.09460683,-1.0018982,-0.65435725,-0.26500905,0.5767949
2017-07-13,-0.4971098,-0.99539846,-0.70905566,0.40720993,-0.24273504
2017-07-14,-0.019897722,-0.95198184,-0.68070227,-1.4312776,0.9890339
2017-07-17,-0.3905259,-1.795584,-0.045213893,-1.5464915,0.7573051
2017-07-18,-0.76343805,-1.5329435,0.020198613,-1.3133976,0.4732463
2017-07-19,-0.3978948,-1.1183858,-0.38998508,-2.2322018,0.32367957
2017-07-20,-0.20524333,-1.4976878,-0.025749575,-2.2030053,0.56768745
2017-07-21,0.2620748,-1.5618715,-0.13812064,-0.5816617,0.5715811
2017-07-24,-0.34301916,-1.8577425,-0.54564273,-0.71657205,0.495089
2017-07-25,-0.476328,-1.6150745,-1.4323097,-0.19013485,0.9973893
2017-07-26,-0.4678669,-1.5768737,-0.66275156,-2.0970783,0.67107004
2017-07-27,-0.33100918,-1.4101106,-0.41257793,-1.7857009,0.76254827
2017-07-28,-0.31734687,-1.0281692,-0.37758124,-1.7093198,0.5697475
2017-07-31,-0.5048884,-1.5386304,-0.48437276,-1.1427401,0.67205375
2017-08-01,0.22643214,-1.3372837,-0.44489244,-0.12688284,0.3067728
2017-08-02,-0.060476944,-1.6139272,-0.82010436,-1.6076858,0.8131235
2017-08-03,-0.07297848,-1.6467501,-0.39697227,-0.78637224,0.293638
2017-08-04,0.017427405,-1.7714105,-0.9050329,-1.6920553,0.4814499
2017-08-07,-0.23954073,-2.2974813,-0.53164923,-1.6037807,0.9913684
2017-08-08,-0.33936566,-2.2636204,-0.8213606,-1.0038874,1.2816336
2017-08-09,-0.32520485,-1.4672799,-0.25841913,-1.4076462,0.7927702
2017-08-10,0.37883183,-1.2492595,-0.69696087,0.589762,0.45061472
2017-08-11,0.106613964,-1.1549222,-0.5128743,-1.4631871,0.37407458
2017-08-14,0.08302669,-1.7802378,-0.13722515,-1.1486139,0.1963742
2017-08-15,0.26812157,-1.2615297,-0.7677319,-0.5380826,-0.1513819
2017-08-16,-0.33037984,-2.1966264,-0.5915373,-0.21817037,1.1729324
2017-08-17,-0.46036035,-1.2202004,-0.07913868,-1.4270117,0.29050946
2017-08-18,-0.6154017,-1.6325608,-0.73613214,-1.6365802,0.7511735
2017-08-21,-0.23526609,-2.0522926,-0.17727436,-0.9006199,0.78135335
2017-08-22,0.050229244,-1.597909,-1.0278245,-1.2565405,0.712599
2017-08-23,-0.243802,-1.5730301,-0.8347194,-1.4681919,0.7855349
2017-08-24,-0.16224523,-1.9080026,-0.6607928,-1.8159829,0.9289303
2017-08-25,-0.05975724,-1.0566962,-0.15128708,-1.4757862,0.10358423
2017-08-29,-0.44340372,-1.2818285,-0.5417229,-0.16891955,0.921166
2017-08-30,-0.3502983,-1.5047686,-0.52533555,-1.4071693,0.38612342
2017-08-31,-0.8622476,-1.4273986,-0.82318616,-2.3854713,1.0549678
2017-09-01,-0.05879926,-2.0357869,0.10424118,-1.1425369,0.9101395
2017-09-05,-0.18681182,-1.4532857,-0.2254179,-2.2810237,0.72012955
2017-09-06,-0.19258024,-1.6853182,-0.5375414,-1.973235,0.6617592
2017-09-07,0.047251455,-1.0997216,-0.56600696,-0.8211894,0.6381248
2017-09-08,0.18597753,-1.03683,0.09373133,-1.9201415,-0.23704776
2017-09-11,0.3389783,-1.9387641,-1.1933202,-1.359843,0.7384812
2017-09-12,-0.11247499,-1.573003,-0.56489336,-1.3071898,0.20636396
2017-09-13,0.035494138,-0.8558355,-0.4133177,-2.298925,-0.04700774
2017-09-14,-0.16892198,-1.4683453,-0.2287477,-1.9797165,0.15422581
2017-09-15,0.7695376,-1.1688521,-1.0184958,-3.073107,0.93842167
2017-09-18,0.23552698,-2.2507873,-1.289935,-1.2136749,0.6202948
2017-09-19,0.3565042,-1.7288874,-1.0520327,-1.0829222,0.70823276
2017-09-20,-0.029207712,-1.5909705,-0.9406992,-1.7843714,1.0073847
2017-09-21,-0.3295265,-1.8370345,-0.3740851,-1.7987039,-0.18064687
2017-09-22,-0.08411206,-1.2671942,-0.18851866,-2.0619574,0.05930046
2017-09-25,-0.5342499,-1.2945982,-0.6723467,-0.9213316,0.63150245
2017-09-26,0.35396123,-1.6350496,-0.808241,-1.2606927,0.16694629
2017-09-27,0.29364666,-1.7125652,-0.8005889,-1.7522594,0.36507666
2017-09-28,0.014790537,-1.907063,-0.6633999,-0.80424744,0.8213367
2017-09-29,0.20557378,-1.6505704,-0.63564205,-1.7582809,0.38506788
2017-10-09,0.18054931,-2.6391242,-0.2581467,-0.47885135,1.5169255
2017-10-10,-0.13931772,-1.1260332,-0.8103953,-1.220415,0.95275325
2017-10-11,0.27748376,-1.329953,-1.1284361,-1.2954093,0.6094861
2017-10-12,0.28916585,-1.7374882,-0.6251576,-1.5324488,1.0932927
2017-10-13,-0.09099225,-1.3573304,-0.6924021,-2.127432,0.88902754
2017-10-16,-0.19614606,-1.7521449,-0.8760906,-0.9982859,0.71900654
2017-10-17,0.09459577,-1.7097511,-0.691334,-1.9472972,0.044656828
2017-10-18,-0.07567025,-1.8057048,-0.5851035,-1.3664304,0.3854918
2017-10-19,0.025481729,-1.7391772,-0.2404599,-1.5394543,0.72052646
2017-10-20,-0.06863602,-1.5801607,-0.95909387,-1.3011554,0.4212949
2017-10-23,-0.50051814,-2.2106159,-0.25414118,-2.0388424,0.83890766
2017-10-24,-0.29189977,-1.7531942,-0.8724883,-1.4909252,0.82712567
2017-10-25,-0.40622506,-1.8703424,-0.4503239,-1.3610468,0.57786214
2017-10-26,-0.13222751,-1.6598502,-0.8757759,-1.496307,0.5052169
2017-10-27,-0.12645175,-0.91449195,-0.4007511,-2.072027,0.066439375
2017-10-30,0.32829687,-1.0143312,-0.9329853,-1.2091368,0.8682499
2017-10-31,0.021570524,-1.8266828,-1.2267848,-1.0982611,0.8513497
2017-11-01,0.11519996,-1.4756068,-0.47572663,-1.0733864,1.1414877
2017-11-02,-0.36481982,-1.8107009,-0.23704317,-2.0321665,0.37862882
2017-11-03,-0.037179552,-1.468379,-1.058793,-1.472028,0.36202365
2017-11-06,-0.498234,-1.0239902,-0.57140666,-1.4922765,0.83737653
2017-11-07,0.09801218,-1.3662298,-0.29326916,-2.030031,-0.12849027
2017-11-08,-0.18898892,-1.4969605,-0.11093031,-1.445065,0.57631576
2017-11-09,-0.17417854,-1.2162131,-0.37916034,-1.169978,0.13408913
2017-11-10,-0.15997994,-1.9953154,-0.46441993,-1.7534152,0.40937838
2017-11-13,-0.123756185,-1.6523545,-0.3416948,-0.7641612,0.6259927
2017-11-14,-0.02547613,-1.2951076,0.24270119,-1.4267423,-0.26462838
2017-11-15,-0.08322509,-1.7997105,-0.4922194,-1.6027601,0.5711814
2017-11-16,-0.021384962,-1.4607013,-0.17601043,-1.3112359,0.30839264
2017-11-17,-0.5138546,-1.3582817,-0.35806045,-1.6285352,0.9265524
2017-11-20,-0.17597796,-2.48924,-0.88725084,-1.6611228,0.30977112
2017-11-21,-0.18636231,-1.5271748,-0.53811663,-1.3669733,0.8233951
2017-11-22,-0.3208545,-1.5711095,-0.44737196,-1.5115969,0.8695704
2017-11-24,-0.67878646,-1.9429939,-0.5771394,-1.1358497,0.7526131
2017-11-27,0.1183713,-1.1227033,-0.31506598,-1.3157638,0.25140214
2017-11-28,0.44139925,-1.2253826,-0.70643383,-1.8890388,0.27375737
2017-11-29,-0.003485202,-2.1399221,-0.43314034,-2.1595235,0.24353585
2017-11-30,-0.32469928,-1.8810407,-0.031739663,-1.6164377,0.031691473
2017-12-01,-0.48305047,-2.0258894,-0.73344713,-1.5870992,0.94674414
2017-12-04,-0.0068608494,-2.0287137,-0.08526763,-1.4468269,0.24368592
2017-12-05,-0.057785615,-1.4648132,-0.40174735,-2.3159082,-0.41248474
2017-12-06,0.27616018,-1.927567,-0.12390401,-1.1294502,0.04667511
2017-12-07,-0.24977076,-1.8710876,-0.8891052,-1.2535006,0.28794032
2017-12-08,-0.22378337,-1.5778551,-0.84750605,-1.5519091,0.41616553
2017-12-11,-0.38468271,-1.7347007,-0.8959944,-0.74759704,0.71375173
2017-12-12,-0.06997644,-2.0337374,-0.47571534,-1.2746239,0.35466707
2017-12-13,0.03593359,-1.8228074,-0.12424782,-1.5605707,0.69462484
2017-12-14,-0.4166151,-1.7647002,-0.52466685,-1.0972146,0.8512845
2017-12-15,0.115199365,-1.8052442,-0.88437897,-1.9679687,1.3800666
2017-12-18,-0.14918697,-1.2727947,-0.4662782,-1.1737646,0.820878
2017-12-19,-0.45391488,-1.6682168,-0.38462266,-1.6957932,0.6910922
2017-12-20,-0.445863,-1.6933184,-0.584578,-1.3064258,1.019384
2017-12-21,-0.5589605,-1.9181365,-0.42689824,-1.4408889,0.76048845
2017-12-22,-0.31191945,-1.6625612,-0.6403444,-1.1381086,0.94511706
2017-12-27,-0.43209454,-1.3196976,-0.8239064,-1.795432,1.2698841
2017-12-28,-0.073793285,-1.2811967,-0.80461407,-0.8309167,1.0644975
2017-12-29,-0.2952109,-1.3952118,-0.38710222,-1.4306918,0.8454444
2018-01-02,0.005716977,-1.397187,-0.19279326,-1.893655,0.6538796
2018-01-03,-0.31473073,-1.1593057,-0.3475552,-1.8743525,0.33821023
2018-01-04,-0.33966422,-1.7473911,-0.47978422,-1.135414,0.7899982
2018-01-05,-0.26867774,-1.6913218,0.10986022,-1.3784758,0.11608391
2018-01-08,-0.19561303,-1.8568274,-0.52549636,-0.9885504,0.3175074
2018-01-09,-0.33931586,-1.5929531,-0.5859157,-1.966198,0.2524816
2018-01-10,-0.3640725,-1.6376947,-0.5035847,-1.1061965,0.68021053
2018-01-11,-0.14583014,-1.5266634,-0.61766386,-1.1595137,0.56947494
2018-01-12,-0.16081192,-1.3851881,-0.6418243,-0.7909355,0.71727616
2018-01-16,0.18648852,-1.3365753,-0.36161384,-1.4345496,0.3886852
2018-01-17,0.13675725,-1.1898615,-0.5011434,-1.8076187,0.43871444
2018-01-18,-0.25417143,-2.0242782,-0.8009177,-1.2749966,0.5944222
2018-01-19,-0.17554401,-1.6300397,-0.13337876,-1.3982332,0.5902139
2018-01-22,-0.25045156,-1.8685589,-0.68239087,-1.6318785,0.6161481
2018-01-23,0.051053595,-1.0331203,-0.73484623,-1.6628894,0.3169687
2018-01-24,-0.53207076,-1.5958922,-0.34565622,-1.2612172,1.2849832
2018-01-25,-0.5862706,-1.5820895,0.032635465,-1.1763408,0.55998796
2018-01-26,-0.091043204,-1.6857264,-0.74322563,-1.9390836,0.53610843
2018-01-29,0.014805098,-2.0608463,-0.51612425,-2.1104326,0.4583101
2018-01-30,-0.31824952,-2.049459,0.4690456,-2.2711782,-0.020403866
2018-01-31,-1.0045438,-2.4303713,0.16859703,-1.001406,0.53456295
2018-02-01,0.029858412,-1.5073338,-0.8794189,-1.2169948,0.9164135
2018-02-02,0.15826431,-1.7342992,-0.42524168,-1.7278622,-0.06603418
2018-02-05,-0.18689363,-2.1595006,-0.23386645,-1.0335889,0.5628508
2018-02-06,0.26188102,-1.5471408,0.00821146,-2.7052386,0.12223244
2018-02-07,0.26543707,-1.9586896,0.119483136,-2.3437874,-0.26753104
2018-02-08,0.07117026,-1.8715419,-0.3195928,-1.1163754,0.51827365
2018-02-09,0.40127972,-1.8271158,0.0110339,-1.4176677,-0.1334621
2018-02-22,-0.2712431,-1.3053411,-1.9308255,-1.4738795,2.3761663
2018-02-23,-0.27286807,-1.194464,-0.6620032,-1.796767,0.3734673
2018-02-26,-0.3319264,-1.4925267,-0.40212098,-1.7057397,0.6157497
2018-02-27,0.18029527,-1.8871351,-0.57694006,-1.8852196,0.24116036
2018-02-28,-0.34176037,-2.1506858,0.84891593,-2.5943258,0.028894082
2018-03-01,-0.38108882,-2.5303705,0.070830986,-2.8761704,0.19182199
2018-03-02,-0.121230245,-1.3825504,-0.12761313,-1.0778023,0.4036713
2018-03-05,-0.17078999,-1.4390604,-0.66478854,-2.122308,0.52469003
2018-03-06,-0.10186872,-1.2329851,-0.27058947,-1.0581981,0.7534378
2018-03-07,0.30187806,-1.6575407,-0.544329,-1.3181124,-0.003528968
2018-03-08,-0.06520558,-1.8179264,0.014790649,-1.8332745,0.08326507
2018-03-09,0.009952903,-1.2952776,-1.3284211,-0.3095635,0.9955799
2018-03-12,0.35827944,-1.2667875,-0.52822036,-1.8101677,0.25083655
2018-03-13,-0.2632364,-1.8615857,-0.32340944,-1.2961931,0.74182
2018-03-14,-0.52192664,-1.5366659,-0.20885284,-1.5350735,0.17533258
2018-03-15,-0.02654237,-1.6206894,-0.5147654,-1.9836121,0.35371307
2018-03-16,-0.24048467,-1.696874,-0.85230327,-1.2274215,0.397009
2018-03-19,-0.14762855,-1.0999123,-0.2872292,-0.0683589,0.051734895
2018-03-20,-0.16561973,-1.3711134,-0.90240514,-1.6617033,0.22655131
2018-03-21,-0.5524619,-1.1976165,-0.6422883,-1.2054087,0.70702386
2018-03-22,-0.03965339,-1.2560304,-0.031297896,-1.6601138,0.1322895
2018-03-23,-0.41014522,-0.91902274,0.011235063,-1.2446957,0.08425991
2018-03-26,-0.0815165,-1.4261512,-0.34631175,-0.8548965,0.46661717
2018-03-27,-0.031594153,-1.7380729,-0.85005903,-1.4253864,0.5766245
2018-03-28,0.13805442,-2.0049045,-0.9531162,-1.4202065,0.39892074
2018-03-29,-0.11979694,-1.8982487,-0.5371451,-2.715092,0.6616793
2018-04-03,-0.60410994,-2.177019,0.71549594,-1.5988235,0.3772926
2018-04-04,0.17880653,-1.4064113,-0.487243,-0.96833277,0.064154156
2018-04-09,-0.7230126,-2.2719448,-0.33957613,-2.3093145,1.6667312
2018-04-10,-0.8639669,-1.8719416,-1.0077027,-1.1878946,1.2381445
2018-04-11,-0.39558995,-1.2481238,-0.67381907,-1.0221162,0.82527876
2018-04-12,-0.015954632,-1.8029459,-0.74950963,-1.8435378,0.39931542
2018-04-13,-0.13932422,-1.2414695,-0.34569764,-1.009002,0.30873618
2018-04-16,0.015799344,-2.2369294,-0.7782891,-0.157721,1.0651032
2018-04-17,-0.038712632,-1.5545942,-0.5035381,-1.2611398,0.5751091
2018-04-18,-0.05863039,-1.8232193,-1.6657269,-0.9790496,2.0090315
2018-04-19,-0.4538158,-1.4588873,-0.31747973,-1.7403063,0.11888041
2018-04-20,-0.043416172,-1.6067754,-0.82367647,-1.1423634,0.41026387
2018-04-23,0.17044926,-0.85568744,-0.6609501,-2.2158887,-0.79702705
2018-04-24,0.037158456,-1.0454032,0.21456885,-1.7817947,0.048936862
2018-04-25,0.15123466,-1.8311597,-0.84820575,-2.1767023,0.4075044
2018-04-26,-0.41755792,-1.7679656,-0.5523774,-1.4369605,0.47367036
2018-04-27,-0.094658695,-1.0198847,0.21300775,-2.4116495,0.12159603
2018-05-02,-1.1338825,-3.7018006,0.9569953,-2.488574,-0.26747927
2018-05-03,-0.13127206,-1.1397424,0.22464666,-2.1688292,0.2514651
2018-05-04,-0.7659152,-1.8937931,-0.7724877,-0.5722694,0.96976215
2018-05-08,-0.20487043,-1.4599115,-0.46008453,-0.67690164,0.24234277
2018-05-09,-0.52258,-1.2819629,-0.88526404,-1.173224,0.5245759
2018-05-10,-0.02338258,-1.0055043,-0.41667578,-1.2579358,0.5998713
2018-05-11,-0.041339785,-1.3904345,-0.47050273,-0.93043494,0.28913397
2018-05-14,-0.21781623,-1.7754385,-0.78760415,-1.4543425,0.5276755
2018-05-15,-0.004157523,-2.435796,-1.1924691,-2.9096854,0.49697512
2018-05-16,-0.4810519,-1.7925253,-0.39853704,-1.1082693,0.41967237
2018-05-17,-0.04975702,-1.4785117,-0.70166045,-1.5065439,0.7160149
2018-05-18,-0.1651337,-1.8191491,-0.07509199,-2.3738055,0.4015363
2018-05-21,-0.14764199,-1.4522219,-0.49784714,-1.9944322,1.0008147
2018-05-22,-0.067772694,-1.3740983,-0.41790932,-1.9590455,0.6241513
2018-05-23,0.057556555,-1.6166263,-0.4156814,-2.3878953,0.31471604
2018-05-24,-0.11395279,-1.6214471,-0.09358594,-0.88464975,0.78486717
2018-05-25,0.26139945,-2.0169945,-0.09605038,-2.0325968,0.43904
2018-05-29,-0.7547656,-2.5171652,0.059947394,-0.78153896,0.40432233
2018-05-30,-0.70677954,-1.4141123,-0.53019816,-0.8669898,0.6274307
2018-05-31,-0.19196545,-1.7230024,-0.26842666,-1.474032,0.5035676
2018-06-01,0.4437355,-1.8368922,-1.0306243,-1.14279,0.84434927
2018-06-04,0.06604911,-1.9640726,-0.7396423,-0.023612173,0.41747382
2018-06-05,-0.079990335,-1.6939898,-0.4507726,-1.2158229,0.7170859
2018-06-06,-0.33848953,-1.8125386,-0.23926759,-1.0612258,0.7032859
2018-06-07,-0.3817147,-1.2902602,-0.7766196,-1.1348277,0.35801753
2018-06-08,-0.25308925,-1.5919058,-0.2882439,-1.4685011,0.5769931
2018-06-11,-0.07120373,-1.3160758,-0.4073195,-0.7393808,0.33829623
2018-06-12,-0.12228218,-1.7433245,-0.321744,-2.1156073,0.4102972
2018-06-13,-0.119667195,-1.4059727,-0.6314031,-0.7534163,0.50885355
2018-06-14,-0.017953249,-1.1312732,-0.08149013,-0.34542993,0.05988573
2018-06-15,1.1751975,-1.6858525,-1.0021762,-1.5465423,-0.60946476
2018-06-19,0.06886918,-0.03395236,-0.6566651,-0.53825307,-1.6284823
2018-06-20,0.13594007,-1.2081426,-0.36700132,-1.519699,0.25616768
2018-06-21,0.17664023,-1.6324557,-0.17650412,-1.5186377,0.1470254
2018-06-22,-0.53505665,-1.3512957,-0.7056254,-1.5864782,0.72619903
2018-06-25,-0.1401013,-1.227967,-0.13066533,-0.5978151,-0.32490215
2018-06-26,-0.10728018,-1.3221105,-0.8653077,-1.2438319,0.38357714
2018-06-27,-0.4292406,-1.6901966,-1.1068643,-1.4388227,0.5644452
2018-06-28,-0.09426438,-1.5091163,-0.63150716,-1.0626401,0.19263785
2018-06-29,-0.44191563,-1.3852637,-0.27077815,-2.0299084,0.41215307
2018-07-02,0.080207236,-2.3434372,-0.6076029,-0.63042533,-0.38066664
2018-07-03,-0.0643311,-0.92296606,0.17947826,-1.6096487,0.18457144
2018-07-05,-0.19377375,-0.9919592,0.19137226,-2.0619016,-0.27232227
2018-07-06,-0.09013376,-1.6469374,-0.040605698,-2.837464,0.7181372
2018-07-09,-0.4174773,-1.3936853,-0.5442636,-0.5659635,0.5619884
2018-07-10,-0.3397615,-1.299196,-0.3645085,-1.4149966,0.043742362
2018-07-11,0.30481845,-2.1887286,0.3522854,-0.55237126,-0.5845318
2018-07-12,0.16593207,-1.4153472,-0.79295325,-1.4639783,0.8951339
2018-07-13,-0.2127824,-1.6650773,-0.6419533,-0.8760725,0.028355977
2018-07-16,0.26116344,-2.011886,0.73193985,-2.7102387,0.21597256
2018-07-17,-0.25167847,-1.5856038,0.025200348,-2.2600617,-0.16051057
2018-07-18,-0.17666006,-1.7289705,-0.7569845,-1.3801273,0.7701975
2018-07-19,0.09913202,-1.3327613,-0.39608523,-2.4526658,-0.14769286
2018-07-20,-0.4080792,-1.54824,-0.31608617,-1.728947,1.1107471
2018-07-23,-0.3594308,-1.8195268,-0.28364956,-1.5346146,0.40610632
2018-07-24,-0.76466703,-2.0221431,-0.36918035,-1.0150542,0.8990285
2018-07-25,-0.30799678,-1.3528514,-0.08416165,-2.4530473,0.48043418
2018-07-26,-0.36726215,-1.5678996,-0.5327288,-1.3087691,0.37958744
2018-07-27,-0.24742763,-1.825666,-0.3539501,-1.7049904,0.522815
2018-07-30,-0.63386875,-1.7796375,0.07212439,-1.9370525,0.42116374
2018-07-31,-0.15388888,-1.9666171,-0.14147545,-1.764803,0.9565494
2018-08-01,-0.3466645,-1.9261148,0.43117374,-1.6908016,-0.5907105
2018-08-02,-0.3423053,-1.3991333,-0.26632464,-1.6110684,0.16214234
2018-08-03,-0.36104187,-1.6562555,-0.16725047,-1.4016687,0.75459427
2018-08-06,-0.47336257,-1.6725258,-0.10127321,-2.0620625,0.16797909
2018-08-07,-0.32565027,-1.563863,-0.58428407,-1.3989145,0.709313
2018-08-08,-0.034594066,-2.1925373,-0.09888819,-1.1712835,0.7599074
2018-08-09,-0.15014747,-1.6412414,-0.2889732,-1.2069114,0.39483246
2018-08-10,-0.13580093,-1.0687892,-0.80372125,0.13842238,-0.23727937
2018-08-13,0.11678878,-1.7026664,-0.8257315,-1.7246705,-0.41721994
2018-08-14,-0.13405393,-1.4275348,-0.11403293,-1.9793922,0.17745733
2018-08-15,0.39892414,-1.05765,-0.055126637,-2.0805526,-1.5558428
2018-08-16,-0.19071892,-2.0157309,-0.51655143,-1.6321204,1.1676272
2018-08-17,-0.06879551,-1.662665,-0.6217137,-1.7644154,0.52618253
2018-08-20,-0.40586165,-1.5099854,-0.49630058,-0.70452315,0.7090854
2018-08-21,-0.22417098,-1.4083552,-0.6907251,-0.8320866,0.76004994
2018-08-22,-0.85377955,-1.3251523,-0.39863122,-0.29609472,0.14515178
2018-08-23,-0.38302994,-1.6242304,-0.38797516,-0.95337,-0.08602546
2018-08-24,-0.7020739,-1.4107912,-0.19178215,-0.8103091,0.9286079
2018-08-28,-0.8425406,-1.7554872,-0.35995924,-0.017998382,0.64023364
2018-08-29,-0.05194485,-1.1298542,-0.597936,-1.9319202,0.36612383
2018-08-30,-0.09733924,-1.0263754,-0.3926292,-1.6533897,-0.10643386
2018-08-31,-0.14548314,-1.5029478,0.026634041,-2.51019,0.04149465
2018-09-04,0.3392875,-1.2800565,-0.35822773,-2.1078951,-0.25183758
2018-09-05,-0.013937019,-1.659603,-0.02373688,-1.0212505,0.36868498
2018-09-06,-0.0038118756,-1.7575625,-0.2776113,-1.0947303,0.47685975
2018-09-07,-0.028185885,-1.6817777,-0.6138384,-1.7528837,0.50037295
2018-09-10,-0.120604195,-1.6315358,-0.45158958,-1.9457514,0.6833662
2018-09-11,-0.35382083,-0.7837727,-0.34493053,-1.1971757,-0.25514716
2018-09-12,-0.16875777,-1.3354439,-0.77383167,-0.46712095,1.088539
2018-09-13,0.031866368,-1.6730239,-0.30568033,-0.8241627,0.34121254
2018-09-14,0.31754074,-1.4880807,-0.7396884,-1.5908628,0.26468527
2018-09-17,-0.17647067,-1.579697,0.012980359,-2.3775551,0.21517646
2018-09-18,-0.31449395,-1.6828228,-0.87177813,-0.66546124,0.8350281
2018-09-19,-0.41321117,-1.6670601,-0.33993018,-2.0610726,0.99749476
2018-09-20,-0.2558221,-1.8633999,-0.25648108,-2.004624,0.97742
2018-09-21,-0.56642914,-2.4169474,-0.94412315,-1.3785881,1.4420018
2018-09-25,-0.4208807,-1.3305451,-1.009362,-1.8317858,0.48110768
2018-09-26,0.32836738,-1.5300561,-0.9299384,-1.3806207,0.63842374
2018-09-27,-0.0939836,-1.484591,-0.561568,-2.310659,-0.01760951
2018-09-28,-0.46435165,-1.3386161,-0.5617427,-0.25412607,0.99765897
2018-10-08,-0.41052106,-1.6805168,-0.23618343,-4.7199187,0.71701694
2018-10-09,-0.6470309,-1.747809,-0.26013583,-0.8183341,0.83773935
2018-10-10,-0.13716136,-1.5414767,0.20740575,-1.2694982,-0.090396844
2018-10-11,0.022105332,-1.3198521,0.94192487,-1.2400924,0.63562065
2018-10-12,-0.30315813,-2.0358293,-0.2637103,-2.1692624,0.8484367
2018-10-15,-0.26784602,-0.9832656,0.3679369,-2.476373,0.39390406
2018-10-16,-0.20647697,-1.4698846,-0.57155335,-0.9717004,0.51065373
2018-10-17,0.112200126,-1.7649499,-0.2582995,-1.4777853,0.54314375
2018-10-18,-0.081398614,-1.6555879,-0.21962853,-0.75365525,0.14449118
2018-10-19,-0.16437528,-1.4023057,-0.43239337,-1.2550032,0.37930292
2018-10-22,-0.062450968,-1.836824,-0.8013458,-1.3593638,0.6136946
2018-10-23,0.4270112,-1.46241,0.35585225,-1.1435143,0.4881126
2018-10-24,0.020701077,-1.6428376,-0.5897477,-1.1682135,0.30074084
2018-10-25,-0.06323794,-1.3138922,-0.61539865,-0.8738456,0.25872365
2018-10-26,-0.15063569,-1.4968116,-0.41956982,-1.9051491,0.48488355
2018-10-29,0.09277002,-1.623817,-0.58918333,-1.278323,0.14789194
2018-10-30,0.19118226,-1.3342539,-0.052676253,-1.3663213,-0.047922205
2018-10-31,0.33934063,-1.4161205,-0.5480753,-1.7584972,0.19949645
2018-11-01,0.56515235,-1.6748415,0.14869736,-1.6377258,1.7230526
2018-11-02,-0.012127017,-1.9227003,-0.6792284,-1.5983192,1.1418364
2018-11-05,0.101596944,-1.5058725,-0.7075551,-1.7494051,0.20328727
2018-11-06,0.17110698,-1.5632536,-0.42260373,-1.5077502,0.12715107
2018-11-07,0.06303449,-1.5311106,-0.7350678,-1.3506286,0.7973847
2018-11-08,0.04323034,-2.1627588,-0.49041238,-1.30482,0.59981203
2018-11-09,0.048559573,-2.0048943,-0.6305607,-1.690022,-0.2113268
2018-11-12,0.31835413,-1.6011823,-0.7259659,-1.9355581,0.2518321
2018-11-13,1.089186,-2.0931103,-0.24846146,-0.8420356,0.49236354
2018-11-14,0.2767945,-1.4523823,-1.0919257,-1.5773631,0.8135897
2018-11-15,-0.32249585,-1.7625158,-0.09204626,-1.1403147,0.7216213
2018-11-16,-0.19161344,-1.7410159,-0.59641254,-1.1861523,1.0260128
2018-11-19,0.2762731,-1.1001116,-0.84708655,-0.9145955,0.56876945
2018-11-20,0.5807208,-2.053675,0.29508698,-1.4941151,0.024241358
2018-11-21,-0.13576882,-1.5827703,-0.42983258,-1.3716599,0.78419894
2018-11-23,1.0380192,-2.114881,0.049541388,-1.008683,0.21484175
2018-11-26,-0.20777704,-1.228897,-0.7152297,-0.9471267,0.14372459
2018-11-27,0.4647076,-1.4178826,-0.6020858,-2.1338198,0.1288319
2018-11-28,0.5285304,-1.8849282,-0.36179805,-2.0309901,1.3011929
2018-11-29,-0.19204143,-1.7187542,-0.80862945,-1.3150693,0.5982217
2018-11-30,-0.10886178,-2.4514463,-0.66184926,-2.1768153,0.7880236
2018-12-03,-0.61113054,-1.4488553,-0.6504219,-1.6678978,1.15295
2018-12-04,-0.08989845,-1.2611841,-0.55877465,-1.821036,0.5337976
2018-12-05,-0.20903477,-1.9411948,-0.60746074,-1.2861184,0.6818894
2018-12-06,0.26598048,-1.5806369,0.009836365,-1.3717867,-0.11351272
2018-12-07,-0.4701822,-1.3955374,-0.66607314,-1.9695096,0.78978163
2018-12-10,0.34645662,-1.7822309,-0.052056015,-1.6354971,0.16255048
2018-12-11,-0.10325962,-1.6974977,-0.61517245,-1.3460284,0.6608038
2018-12-12,-0.05724146,-1.3665893,-0.060532317,-1.4964395,0.6030511
2018-12-13,-0.19497243,-1.3926401,-0.6784429,-1.5437082,0.4017049
2018-12-14,-0.0253072,-2.0798643,-0.19990684,-1.4316456,0.19372378
2018-12-17,-0.0076595363,-2.0668159,0.15065478,-1.7850099,0.72219414
2018-12-18,0.8932555,-1.5736706,0.24417934,-1.8293135,0.062226407
2018-12-19,-0.34262756,-1.3681561,-0.63961023,-0.9861251,0.6690773
2018-12-20,0.238906,-1.6640306,0.43332034,-0.9042439,0.24145584
2018-12-21,0.26068184,-1.5881443,-0.59587497,-1.3283416,0.13330323
2018-12-24,0.37619781,-1.9188832,0.79998416,-1.2633985,0.22726502
2018-12-27,0.29143798,-0.26561567,-0.8488242,-0.6408047,0.34336996
2018-12-28,-0.15343048,-1.1875278,0.03847055,-1.6774901,0.24730113
2019-01-02,-0.45426756,-0.757581,-0.28730902,-1.5953299,-0.020674855
2019-01-03,-0.17540513,-1.1267252,-0.34771302,-1.9622496,0.4876328
2019-01-04,-0.756601,-1.909348,-0.8408938,-1.3838483,1.3656217
2019-01-07,-0.5386017,-1.7156893,-0.41373876,-1.5419267,0.8545801
2019-01-08,-0.29023358,-1.2775068,-0.69990486,-1.6168966,0.48192278
2019-01-09,-0.68906623,-1.2068734,-0.7807208,-1.8018534,0.66065043
2019-01-10,-0.15458164,-1.3953241,-0.6517216,-0.8325354,0.2526547
2019-01-11,-0.0065131434,-1.7675376,-0.31951937,-1.6730014,0.55583787
2019-01-14,0.5007026,-1.5300843,-0.6570523,-1.424265,0.39253667
2019-01-15,-0.2358535,-1.6321893,-0.9217051,-1.1693989,0.601317
2019-01-16,-0.33411825,-1.5460614,-0.6135792,-1.3454448,0.8531658
2019-01-17,-0.14876693,-1.9655946,-0.626571,-2.0516975,0.8835812
2019-01-18,-0.38516524,-1.9814043,-1.1363701,-1.9582218,0.9846038
2019-01-22,-0.36443362,-2.1722362,0.25725386,-1.3785845,0.108316064
2019-01-23,-0.11051152,-1.8656876,-0.43968987,-1.5996909,0.8423455
2019-01-24,-0.03516599,-1.6369133,-0.6057911,-1.5489595,0.57599646
2019-01-25,-0.21147744,-1.5135714,-0.5991309,-1.1264755,1.3094671
2019-01-28,0.10531929,-1.5892656,0.33142054,-1.5069999,0.11181767
2019-01-29,-0.54419017,-1.515142,-0.7620527,-0.9236817,0.72211975
2019-01-30,-0.5557896,-1.7853665,-0.54696316,-1.317905,0.9519845
2019-01-31,-0.20429108,-1.4013073,-0.18012309,-0.8846784,0.7043852
2019-02-01,-0.39242944,-1.545899,-0.6815789,-1.5818176,0.48707238
2019-02-11,0.24559817,-1.7631159,-0.45962662,-1.3737625,-0.32448375
2019-02-12,-0.27437675,-1.3636001,-0.05964483,-2.1254525,0.072707586
2019-02-13,-0.4106304,-1.4334322,-0.49973556,-1.3446165,0.35263902
2019-02-14,-0.18815753,-1.2579428,-0.7536186,-0.92932516,0.1965149
2019-02-15,-0.406437,-1.1666052,-0.898609,-1.1832229,1.0761399
2019-02-19,-0.03560519,-1.1119627,-0.5312704,-0.15455538,0.92465127
2019-02-20,-0.38293442,-1.2874069,-0.6772795,-0.8366362,0.9438367
2019-02-21,0.13534567,-2.0469334,-1.3608209,-2.232943,0.8020228
2019-02-22,-0.37253577,-1.7286001,-0.29642949,-1.1622449,0.89102393
2019-02-25,0.32878727,-1.828013,-0.2398154,-0.84003186,0.40963468
2019-02-26,0.10680732,-1.3796718,-1.0657618,-0.77104604,0.5549078
2019-02-27,-0.81273824,-1.8027341,-0.49465138,-1.340822,0.54041743
2019-02-28,-0.19983947,-1.756396,-0.6140704,-1.3742255,0.564437
2019-03-01,-0.123079,-2.2713258,-0.84481025,-1.922484,0.46939683
2019-03-04,-0.21413586,-1.890388,-0.78741014,-1.8289927,-0.09111011
2019-03-05,-0.16312209,-1.9371619,-0.68561095,-1.8134577,0.8440945
2019-03-06,0.18864298,-1.4170547,-0.80827457,-0.8201508,0.30893466
2019-03-07,0.037927356,-1.3267776,-0.66372097,-1.1429048,0.009488228
2019-03-08,-0.36951035,-1.5898613,0.36637816,-1.3680103,0.3262459
2019-03-11,-0.15405321,-1.5816987,-0.63520736,-1.0712761,0.3946754
2019-03-12,-0.30268788,-2.001659,-0.4940275,-1.7416257,1.314602
2019-03-13,-0.37184784,-1.5436372,-0.5956879,-1.2377608,0.9514793
2019-03-14,-0.09585091,-1.8134791,-0.5975685,-2.1170394,0.053910024
2019-03-15,0.1875293,-1.427568,-0.2145728,-2.7182202,0.7936715
2019-03-18,-0.26660207,-1.6871105,-0.5543309,-1.3017116,0.6196948
2019-03-19,-0.19327442,-1.562073,-0.64862317,-1.0612142,0.94427645
2019-03-20,-0.075192206,-1.567677,-0.8891027,-1.7454867,0.82608265
2019-03-21,0.10281714,-1.4429165,-0.23762521,-1.8915361,0.40836975
2019-03-22,0.14504643,-1.6114423,-0.18603085,-1.4651998,0.15044414
2019-03-25,-0.22248259,-1.4953411,-0.24384582,-1.522372,0.5997852
2019-03-26,-0.2044051,-1.7202141,-0.8412834,-1.1685452,0.68070155
2019-03-27,-0.02421252,-1.9837903,-0.6966732,-1.1048144,0.58689046
2019-03-28,0.18545203,-1.9574984,-0.86996377,-1.7087632,0.22574376
2019-03-29,-0.35156703,-1.5898789,-0.7408828,-0.07359405,0.71887213
2019-04-01,-0.1414106,-1.5504483,-0.51705897,-2.0704064,0.56365955
2019-04-02,-0.19777669,-1.3826097,-0.46666184,-1.8331393,0.32442608
2019-04-03,-0.10104946,-1.6689796,-0.57021666,-1.1727715,1.010321
2019-04-04,0.0018037261,-1.2045376,-0.24414062,-2.0129075,0.55103016
2019-04-08,-0.463645,-1.1080339,-0.7286809,-0.6617221,0.4624367
2019-04-09,-0.054003287,-1.4475077,-0.34917527,-1.5026008,0.3865737
2019-04-10,-0.48054352,-1.3493985,-0.39230737,-1.4788566,0.44358683
2019-04-11,-0.16281366,-2.1374762,-0.4287443,-1.6324518,-0.049360935
2019-04-12,-0.34300727,-1.8781395,-0.6027099,-1.3675854,0.931436
2019-04-15,0.24505615,-1.7059017,-0.69637203,-1.493205,0.57769716
2019-04-16,-0.22321789,-1.5620891,-0.65430367,-1.3353806,-0.038563486
2019-04-17,-0.10745999,-1.6424462,-0.5047968,-1.0056993,0.47085017
2019-04-18,0.07232125,-1.0841258,-0.3069637,-1.9351047,0.38730818
2019-04-23,-0.45441067,-0.86648995,-0.75050503,-0.66438484,-0.20975307
2019-04-24,0.15842173,-1.2755208,-0.59929115,-0.5816258,0.47588438
2019-04-25,-0.0078850025,-1.5163443,-0.43042114,-1.48565,0.26003695
2019-04-26,0.34416303,-1.5776287,-0.03386947,-0.97246414,0.62825686
2019-04-29,0.05176089,-1.6334054,-0.894314,-1.0125613,0.464065
2019-04-30,-0.35649154,-1.3662771,-0.36858672,-1.3148296,0.25262466
2019-05-07,-0.26137412,-2.5497046,1.1060545,-1.5539075,-0.89645886
2019-05-08,0.05214322,-1.3869703,-0.5716585,-1.4401097,0.05142996
2019-05-09,0.15082408,-1.264884,-0.3985929,-0.7143683,0.03157738
2019-05-10,-0.021951675,-1.3983433,-0.632969,-0.7099704,0.5883415
2019-05-13,-0.12293143,-1.3173311,0.18624762,-1.9786146,-0.022902042
2019-05-14,-0.17493947,-1.7693801,-0.43642786,-2.6732304,0.8374761
2019-05-15,-0.16682357,-1.9142655,-0.9572191,-2.2090304,1.1084124
2019-05-16,-0.27541202,-2.139349,-0.9757039,-2.7840228,0.7466909
2019-05-17,0.33974382,-1.6824604,-0.68463653,-1.5993214,0.09604292
2019-05-20,-0.21352106,-1.8501478,0.13370721,-2.7073474,0.26894176
2019-05-21,-0.21958126,-1.7294921,-0.1695897,-1.7469978,0.44549066
2019-05-22,0.14834334,-1.7089467,-0.05545326,-1.6874729,0.15300193
2019-05-23,0.41387624,-2.0033987,0.2931166,-0.72812504,0.43867612
2019-05-24,-0.17278636,-2.0589564,-0.6192582,-2.3989155,1.0055424
2019-05-28,-0.3902657,-2.054364,-0.37210158,-3.3726394,0.69217163
2019-05-29,0.80440855,-1.1069276,-0.79407096,-2.140773,0.71939194
2019-05-30,0.22619356,-2.206142,0.5949543,-2.9257097,0.6384341
2019-05-31,0.2956341,-1.6924232,0.67874265,-0.7465785,0.246577
2019-06-03,0.41734132,-1.4565746,0.8079002,-1.2317181,0.5771431
2019-06-04,-2.8095077e-05,-1.4634553,-0.59347904,-1.1946753,0.65661436
2019-06-05,0.22548448,-1.7190748,-0.14883716,-0.27580336,-0.12696941
2019-06-06,-0.34442866,-1.5303788,-0.2626507,-1.86299,0.75685215
2019-06-10,-0.04015011,-1.3676312,-1.0472434,-1.0990826,0.22673364
2019-06-11,-0.17924428,-1.5794612,-0.49816832,-1.6232322,0.7295119
2019-06-12,-0.0016637543,-2.1949444,0.34475645,-2.1331084,0.6105989
2019-06-13,-0.44228828,-1.5494266,-0.18086044,-2.3217833,0.54331505
2019-06-14,-0.11315165,-1.4304748,-0.36530074,-2.2932427,0.2349183
2019-06-17,0.4767594,-1.7602038,-0.6684607,-1.9972918,0.8030637
2019-06-18,-0.7649447,-1.7465723,-0.481253,-0.77305984,0.7684187
2019-06-19,-0.32126516,-1.5494163,-0.2885869,-0.9444028,0.3262061
2019-06-20,-0.78378916,-0.29054525,0.19682032,-1.5845327,0.68704385
2019-06-21,-0.5413854,-0.82225025,-0.37730715,-0.59480035,-0.14102094
2019-06-24,-0.21716486,-1.445344,-0.19927901,-1.6156665,0.82337433
2019-06-25,-0.26468575,-1.7283592,-0.8154263,-1.2000368,0.9588257
2019-06-26,-0.01800516,-0.94065,-1.180171,-1.2547191,0.51768446
2019-06-27,-0.06835441,-1.3610591,-0.23754095,-1.5364627,0.23843665
2019-06-28,-0.099038854,-1.3258227,-0.40994024,-0.5366274,0.5678781
2019-07-01,-0.62529856,-1.9237397,-0.07538056,-0.80756,-0.30371404
2019-07-02,0.15992558,-1.7720377,0.35336906,-0.7263842,0.15132605
2019-07-03,-0.039399717,-1.1417103,-0.34339264,-2.6094232,0.793237
2019-07-05,0.26792318,-1.7900629,-1.3531822,-1.6068562,0.13919184
2019-07-08,-0.1452634,-1.6410702,-0.1695022,-1.603943,0.33705294
2019-07-09,0.03474821,-1.3299972,-0.5309222,-1.3963329,0.364135
2019-07-10,-0.90651876,-1.5231398,-1.0398772,-1.3105459,1.3019079
2019-07-11,-0.23801449,-1.7919179,-0.14273399,-2.426474,0.52243054
2019-07-12,-0.15480256,-1.5808039,-0.47784477,-1.52933,0.7607777
2019-07-15,-0.085220814,-1.822588,-0.4807409,-0.65498865,0.8680963
2019-07-16,0.04215607,-2.1616378,-0.1508176,-0.29256955,0.7224069
2019-07-17,0.20560423,-1.585445,-0.3913229,-0.85196817,0.79373753
2019-07-18,0.20177686,-1.7270306,-0.17294285,-0.49423057,0.5563289
2019-07-19,-0.14423555,-1.6403205,-0.5316473,-2.3187807,0.65494514
2019-07-22,0.050252084,-0.69954383,-0.47158623,-0.71430457,0.007934327
2019-07-23,-0.5811072,-1.5748947,-0.22904149,-1.6746471,0.3993971
2019-07-24,-0.19216962,-1.643878,-0.2749968,-1.3552846,0.9009044
2019-07-25,-0.050242845,-1.5492015,-0.6523402,-1.3716651,0.18612026
2019-07-26,-0.27532294,-1.6516167,-0.15755369,-1.3145566,0.22000578
2019-07-29,-0.28527424,-1.6382722,-0.32911432,-1.3856345,0.7810414
2019-07-30,-0.4606207,-1.1135036,-0.23631032,-0.98677754,0.17496176
2019-07-31,-1.3464444,-1.9319655,-0.045752615,-0.33274078,-0.053924475
2019-08-01,0.68910533,-2.208778,0.15461029,-0.5384735,-0.09182473
2019-08-02,-0.100380346,-0.25352398,0.10484237,-2.2694366,-0.33646578
2019-08-05,0.48675805,-1.2372838,0.32211635,-1.1738483,0.2309632
2019-08-06,0.21083996,-1.5517226,-0.28939882,-0.90564793,0.44122636
2019-08-07,0.43389702,-1.256628,1.018612,-0.9198069,0.5712987
2019-08-08,-0.16983692,-2.073383,-1.4614682,-1.794543,1.4568603
2019-08-09,0.12609743,-0.7041077,-0.8162982,-2.326333,0.31220376
2019-08-12,-0.025318924,-1.3137355,-0.69788504,0.77165264,0.17961372
2019-08-13,-1.0391568,-1.5610813,-1.1226158,-0.18370531,0.5973421
2019-08-14,-0.412387,-1.7468119,0.8207618,-0.96274954,-0.06367705
2019-08-15,0.54573756,-1.2351744,-0.53082395,-1.2796265,0.4673723
2019-08-16,-0.27520278,-1.6672231,-0.2862148,-1.9297965,0.37037635
2019-08-19,-0.19853996,-1.4569478,-0.83128625,-0.83763224,0.23588063
2019-08-20,0.006843854,-1.1248095,-0.526373,-1.1308469,0.32622874
2019-08-21,-0.13025962,-1.579721,-0.60806465,-1.509975,0.78929293
2019-08-22,0.23317696,-1.2492588,-0.23071961,-1.8872535,0.1426015
2019-08-23,-0.08211111,-1.3083514,0.303336,-0.5925682,0.22798263
2019-08-27,0.031358644,-0.9937732,-0.254235,-0.8142979,0.8005624
2019-08-28,0.05385314,-0.7519033,-0.8183217,-1.6041629,0.87987834
2019-08-29,-0.25248784,-1.6014075,-0.8716925,-1.0906988,0.69438106
2019-08-30,0.033082176,-1.8641516,-0.18586706,-1.1526414,0.5541335
2019-09-03,-0.25900596,-1.8133769,0.96463,0.14092109,0.631966
2019-09-04,-0.9402394,-1.5097773,-0.96094453,-1.0099881,1.3582449
2019-09-05,-0.42602336,-2.3912776,-1.055981,-1.7294447,0.40002128
2019-09-06,-0.1607676,-2.0454085,-0.86723256,-1.3996664,0.267122
2019-09-09,-0.33166203,-1.6636566,-0.81018996,-1.6067138,0.55400395
2019-09-10,-0.06804544,-2.0054622,-0.8005301,-2.3199606,0.8574705
2019-09-11,0.10510234,-1.6889895,-0.16599359,-1.3645406,0.49688688
2019-09-12,0.054133367,-1.872161,-0.35309234,-2.4533987,0.9142911
2019-09-16,-0.99551755,-0.24822775,-2.0444436,-4.3833966,0.44928077
2019-09-17,-0.080728054,-1.9617823,0.70720947,-0.6191454,0.039917305
2019-09-18,0.07886592,-1.6606888,-0.07031349,-1.8139774,0.2270769
2019-09-19,-0.35969666,-1.6155348,-0.45203844,-1.4832945,0.47468093
2019-09-20,-0.11338975,-1.5294354,-0.28607106,-0.9451507,0.42377287
2019-09-23,-0.1850279,-1.0275222,-0.033887472,-1.3425555,0.84505576
2019-09-24,0.098685734,-1.336403,0.16753776,-1.6983852,0.18520941
2019-09-25,0.61461484,-2.1599216,-1.2475481,-1.9272941,0.49709308
2019-09-26,-0.04784273,-1.5857742,-0.44679943,-1.5101973,0.28978676
2019-09-27,0.10301533,-1.832193,-0.81184614,-1.2650886,0.6133657
2019-10-08,0.38755658,-2.5324535,0.3310182,-3.5703104,0.49088597
2019-10-09,-0.14727937,-1.5774702,-0.27280685,-1.4992752,0.5993946
2019-10-10,-0.22161888,-1.9834396,-1.2529896,-0.44988644,1.0007508
2019-10-11,-0.16194004,-1.866998,-0.7450855,-3.0825205,0.7498799
2019-10-14,0.3405744,-1.23906,0.06679593,-1.8261609,0.29958367
2019-10-15,0.2214138,-2.255193,-1.3141202,-1.5580918,0.9138909
2019-10-16,0.07690582,-1.2215848,-0.6516529,-1.4487904,0.4281583
2019-10-17,-0.106975965,-1.4372432,-0.39717957,-1.640484,0.54002887
2019-10-18,-0.28242096,-1.8680212,-0.47608048,-1.3991075,0.7384741
2019-10-21,-0.17967562,-1.7960757,-0.2815767,-1.212042,0.38827753
2019-10-22,0.25547644,-1.3573154,-0.96848685,-1.6694391,0.715573
2019-10-23,-0.2971266,-1.2911417,-0.6873001,-1.0801293,0.7892021
2019-10-24,-0.17902513,-1.2732563,-0.6024579,-1.3139625,0.7666633
2019-10-25,-0.034709338,-1.342077,-0.56120485,-1.218742,0.68872297
2019-10-28,0.19589722,-1.7984824,-0.866278,-1.3731966,0.64651
2019-10-29,0.10260401,-1.7317538,-0.9020244,-1.465956,0.7549239
2019-10-30,0.38021007,-1.5533427,-0.43855757,-1.5813336,0.72121024
2019-10-31,0.11284081,-1.3049423,0.32566896,-1.464478,0.20006488
2019-11-01,0.016445864,-1.188526,-1.2023042,-1.6276649,1.1613426
2019-11-04,-0.3075642,-1.6319382,-0.82196987,-1.3851963,0.6365032
2019-11-05,-0.106474444,-1.9898965,-0.9789763,-2.061021,0.3274648
2019-11-06,0.22440231,-1.4416559,-0.10112157,-1.364254,0.278548
2019-11-07,-0.07575712,-2.3374834,-1.246816,-1.591941,0.54074
2019-11-08,0.075919904,-1.8298992,-0.68207514,-1.8929785,0.26763985
2019-11-11,-0.012951708,-1.5560199,-0.3091267,-1.3007562,-0.07348138
2019-11-12,0.05164863,-1.7954587,-0.3890998,-2.1670594,0.31941047
2019-11-13,-0.33955744,-0.9432089,0.13334326,-0.9494788,-0.057982776
2019-11-14,-0.016170036,-1.0822752,-0.066476636,-1.5350738,0.25790107
2019-11-15,-0.099834315,-1.3416332,-0.86091334,-1.2648062,0.5648854
2019-11-18,0.03498991,-1.396441,0.11443828,-1.3583852,0.0655679
2019-11-19,0.07838342,-1.7084435,0.09964377,-1.3476603,0.52511346
2019-11-20,-0.24322902,-0.7409055,-0.49969423,-1.4327976,0.22122437
2019-11-21,-0.21268791,-1.0494109,-0.7639665,-1.4770998,0.22054511
2019-11-22,-0.28364164,-2.0960886,-0.5165774,-1.6016595,0.6120357
2019-11-25,-0.59433603,-1.7382181,0.061823975,-1.8694872,0.2604461
2019-11-26,-0.47974998,-1.5611907,-0.50687206,-0.78335,0.722066
2019-11-27,-0.6468243,-2.178063,-0.25289795,-1.4138266,0.29295975
2019-11-29,-0.043427456,-1.876304,0.9241237,-2.0478022,0.08909238
2019-12-02,-0.12383233,-1.7424967,-0.22620979,-1.3565075,0.31292206
2019-12-03,0.015163366,-0.82823837,0.11456847,-1.2205127,0.09206484
2019-12-04,-0.8095292,-1.80215,-0.6687309,-1.5813538,0.44576272
2019-12-05,-0.17307495,-1.2584821,-0.40826216,-1.408007,0.50240284
2019-12-06,-0.30108064,-2.0622475,-1.2144064,-1.7025658,0.9200948
2019-12-09,-0.30895096,-1.6716248,-0.24843635,-1.6546041,0.59971136
2019-12-10,-0.14685707,-1.3190397,-0.34537035,-1.613829,0.7241367
2019-12-11,0.09537691,-1.5118682,-0.3114899,-0.751956,0.787536
2019-12-12,-0.22728848,-1.896763,-0.67794293,-2.325641,1.1154824
2019-12-13,-0.59924483,-1.5847691,-0.45741102,-1.5741298,0.39076003
2019-12-16,-0.181043,-2.0911252,-0.5205911,-3.5961752,1.4137398
2019-12-17,-0.27179083,-1.5265602,-0.43390128,-2.1311512,0.4744002
2019-12-18,-0.019564074,-1.6352869,-0.57341295,-1.2190422,0.64638793
2019-12-19,-0.36358735,-1.8536493,-0.70884514,-1.1956255,0.8971203
2019-12-20,-0.027483104,-1.9581096,-0.6537188,-1.8459526,0.71837735
2019-12-23,-0.24951206,-1.382234,-0.045629017,-1.2322195,0.44319797
2019-12-24,-0.24951248,-1.2072934,-0.28920773,-1.3573383,0.7323826
2019-12-27,-1.1972411,-1.5897459,0.26503655,-1.9352154,0.67576855
2019-12-30,-0.27665195,-1.539162,-0.2219503,-1.5533602,0.7300079
2019-12-31,0.12522773,-1.3740059,0.107840165,-1.5091066,0.123259544
2020-01-02,-0.18089083,-1.6949087,-0.4893442,-1.2777828,0.7855737
2020-01-03,-0.7613481,-0.51784724,-0.14108098,-0.51891917,-0.015107147
2020-01-06,-0.176626,-1.4920429,-0.34563717,-1.26654,0.5186616
2020-01-07,-0.20460032,-1.7040117,-0.12639888,-1.1975,0.59557384
2020-01-08,0.1140171,-2.5800023,-0.06306512,-1.3295243,0.5454276
2020-01-09,0.11696147,-1.7819535,-0.5332824,-1.8229021,0.48536336
2020-01-10,-0.05976721,-1.5849471,-0.2521531,-1.5873142,0.7146557
2020-01-13,-0.16431628,-2.1161556,-0.321787,-1.2690197,0.43731847
2020-01-14,-0.21043022,-1.8815444,-0.54365057,-1.7215741,0.5557211
2020-01-15,0.065213814,-1.440677,-0.075355545,-0.8935412,0.7474467
2020-01-16,-0.26305115,-1.7782427,-0.66358006,-0.70674485,0.22890824
2020-01-17,-0.122906595,-1.5250932,-0.065994926,-2.0701811,0.7374556
2020-01-21,-0.17948037,-1.9454693,-0.22890961,-1.2819451,0.14893351
2020-02-03,2.2107203,-1.6666938,2.3035142,-0.2990919,-3.3205605
2020-02-04,0.15920225,-1.9724578,-0.40889174,-1.3438357,0.19437808
2020-02-05,-0.40732118,-1.4292051,-0.9992205,-1.0963643,1.1406121
2020-02-06,-0.15902816,-1.4748613,-0.5719086,-1.1241233,0.64788467
2020-02-07,0.33288792,-1.0064346,-0.18578106,-2.0772731,0.06915749
2020-02-10,-0.21757367,-1.7373148,0.42717102,-1.3838209,0.17367372
2020-02-11,-0.3157332,-1.944139,-0.79552174,-1.2473649,0.862117
2020-02-12,-0.2635929,-1.4242055,-0.87349963,-2.043833,0.6883523
2020-02-13,-0.071227096,-1.3097281,-0.82070076,-0.93875563,0.82739687
2020-02-14,-0.123417005,-0.8994634,-0.3071237,-1.6066684,0.13085689
2020-02-18,0.22814634,-1.1615573,-0.3292412,-1.7805015,0.9992141
2020-02-19,-0.3573762,-1.0874493,-0.6151469,-1.2970201,0.6355818
2020-02-20,-0.34125233,-1.6126875,-0.28369462,-1.1321605,0.1298434
2020-02-21,-0.12241547,-1.3768644,0.17213145,-1.3084512,0.57639956
2020-02-24,0.19487879,-1.2516674,0.73163885,-0.05843328,-0.22705755
2020-02-25,0.3519304,-2.4853184,-0.6280249,-1.7850255,0.084123306
2020-02-26,0.41373882,-2.5035133,-0.2099844,-1.2863437,0.31628415
2020-02-27,0.2425362,-1.9612657,0.04328443,-0.93917537,-0.04542863
2020-02-28,0.5166983,-3.349727,-1.4988577,-2.457356,-0.24822068
2020-03-02,-0.72490174,-1.7868321,-0.9474756,-1.7524422,1.1279318
2020-03-03,-0.060297318,-0.33383536,0.4136132,-1.867627,0.54617983
2020-03-04,0.08109448,-1.5011613,-0.73327506,-1.4606172,0.8559839
2020-03-05,0.04595998,-1.8992994,-0.02497307,-0.3840597,0.48964602
2020-03-06,0.91724133,-2.491293,1.249551,-0.21910866,0.30896068
2020-03-09,2.6332898,-4.1284156,2.460324,-0.19356716,0.09947304
2020-03-10,-0.011906431,-0.8229037,-2.1334946,-2.5419962,0.60319066
2020-03-11,-0.1387607,-1.9512256,0.020796686,-0.8650604,-0.17414707
2020-03-12,1.061693,-3.5149372,-0.38617226,-1.0900306,-1.2810016
2020-03-13,0.3303831,-4.501957,-1.7976369,-1.7256312,-0.2861106
2020-03-16,1.2273481,-4.8905177,-0.31818727,-0.8157124,-1.7865913
2020-03-17,0.6773385,-0.81879455,0.5859826,-1.371722,-0.055438526
2020-03-18,1.6731583,-4.4315104,1.1566488,-2.5214543,-1.3402809
2020-03-19,-1.006611,0.7622576,-1.6795913,-3.356527,-0.35963055
2020-03-20,0.888887,-1.0023683,1.3738154,-1.7197069,0.6521685
2020-03-23,1.1002226,0.27484834,2.475384,-1.865382,0.7764604
2020-03-24,-1.001566,1.2571522,0.32071552,-0.6235115,2.2937245
2020-03-25,-0.6154859,0.15289307,-0.97340363,-0.85875905,0.8462165
2020-03-26,0.15799618,-1.5717293,0.39299938,-0.41492003,0.021776663
2020-03-27,-0.14470917,-1.9811467,-0.25059023,-0.78368527,0.081756294
2020-03-30,0.7731047,-1.9796922,-0.031278096,-1.3490957,-0.08525908
2020-03-31,-0.039629955,-2.2453687,-0.89807016,-1.3239456,0.6834459
2020-04-01,0.16172762,-1.1301645,-0.18595666,-0.18866475,-0.90467924
2020-04-02,-2.6130097,1.0271713,-0.96667784,-0.37969193,0.5121946
2020-04-03,-2.0369763,-0.071064495,-0.6694093,-1.1363221,-0.16876943
2020-04-07,0.6993246,-1.7127801,1.2056961,-1.0165484,2.0557137
2020-04-08,0.12297359,-1.0362637,-1.0116094,-1.4278508,0.41120037
2020-04-09,-0.16546822,-0.9403115,1.4988186,-1.0487547,1.0997612
2020-04-14,0.44723913,-1.6723115,0.24078912,0.8915164,1.389141
2020-04-15,0.17767124,-2.3899484,-0.27887788,-1.2496345,0.07206471
2020-04-16,-0.7344463,-1.2464845,-0.18476984,-0.7822236,-0.10773775
2020-04-17,-0.16845162,-2.3901017,-0.8105444,-1.6721299,0.59808916
2020-04-22,-1.7019502,0.35125837,-1.3129051,-1.1426672,0.9673457
2020-04-23,-1.495497,-0.652226,-0.6111784,-1.2546761,0.64709055
2020-04-24,0.149342,-2.3484247,-0.19021939,-0.34120142,0.2249302
2020-04-27,1.4892128,-3.1651556,1.1392306,0.18670428,1.005931
2020-04-28,-0.38138267,-1.7184526,-0.647514,-1.329345,0.79945505
2020-04-29,-0.6769998,0.14718357,-2.4756691,-1.8110577,0.8171583
2020-04-30,-1.2769055,0.5382342,-1.8360604,-3.7172368,0.06936032
2020-05-06,-1.7483988,1.303933,-2.9863105,-1.6150347,-0.45817944
2020-05-07,-0.27171594,-0.11810408,-0.09434419,-1.3404096,1.0961967
2020-05-11,-0.68862474,-1.6111972,-0.40858173,-1.8884125,0.6098241
2020-05-12,-0.12637544,-1.032251,-0.27096605,-1.4638273,0.3078641
2020-05-13,-0.41010684,-1.8430123,0.3924417,-0.18881537,-0.10113967
2020-05-14,-0.9568267,0.27352962,-0.50762707,-1.416935,0.34860826
2020-05-15,-1.3227167,0.8507316,0.4178331,-0.6880119,0.2597914
2020-05-18,-1.1391404,-0.15735024,-1.710788,-0.96442795,1.6755954
2020-05-19,0.1917453,-0.7106912,-0.44989395,-0.48795643,1.0110999
2020-05-20,-1.1007473,-1.2151792,-0.090122975,-1.0678062,0.83158284
2020-05-21,-0.030270811,-2.3289382,-1.1316952,-1.6982807,-0.19395657
2020-05-22,0.03161435,-1.0560772,0.414364,-0.82345605,-0.045509566
2020-05-26,0.06648529,-1.6065518,-1.4335458,-2.1999063,0.8518065
2020-05-27,0.12830517,-1.8598319,0.72029966,-1.6881906,0.0027291528
2020-05-28,-0.027255217,-1.7516452,-0.30162856,-1.6124189,0.6102301
2020-05-29,-0.80433244,-1.3770568,-0.32328713,-0.7376177,0.8417222
2020-06-01,-1.3317086,-1.0710669,-0.66712016,-0.88196546,0.94192773
2020-06-02,-0.9411241,-1.6666702,-1.3036371,-1.7285215,0.5066851
2020-06-03,-0.3194304,-2.0671582,-0.51713,-2.0437522,0.45343414
2020-06-04,-0.33521062,-1.4819313,-0.094954476,-2.0080366,0.61156905
2020-06-05,-1.1494118,-2.3066423,-2.057319,-1.8498535,0.8707626
2020-06-08,0.04223732,-1.3941988,0.33456904,-0.7975489,0.88414955
2020-06-09,-0.19159786,-1.1094627,-0.63993126,-1.058703,0.50080156
2020-06-10,-0.5507098,-1.778927,-0.66732746,-1.2281343,0.7050175
2020-06-11,0.7077296,-1.8383474,0.73475295,-1.2342242,-0.05010978
2020-06-12,0.17912394,-1.7711605,-0.6055889,-1.7148017,0.273587
2020-06-15,-0.33116207,-1.5012197,-0.8429475,-1.6292602,0.32898527
2020-06-16,-0.8707741,-1.100152,-0.60541016,-0.9534153,0.8133081
2020-06-17,-0.09898007,-1.5213292,-0.69549197,-1.4429113,0.87430423
2020-06-18,-0.31508768,-1.8730217,-1.1627184,-1.51333,0.48380002
2020-06-19,-0.53437895,-1.1413751,-0.26938742,-1.3884281,0.7303024
2020-06-22,-0.50121284,-1.270757,-0.3781573,-1.040616,0.7113644
2020-06-23,-0.26772332,-1.3329886,0.012215486,-1.2387129,0.36954582
2020-06-24,0.4457711,-2.5861993,0.36763722,-1.3811727,-0.15513721
2020-06-29,0.13987812,-1.0624799,-0.9653224,-1.0412594,0.9967239
2020-06-30,-0.41321036,-1.3993204,0.16533631,-2.0916069,1.0609304
2020-07-01,-0.17810713,-1.7590787,-0.743656,-2.8287725,0.74101615
2020-07-02,-0.20347145,-1.0327802,-1.1342624,-0.7820693,0.70569503
2020-07-06,-0.33380488,-1.7415986,-0.6666487,-1.3537328,0.9404614
2020-07-07,-0.047884587,-1.0763412,-0.40896043,-1.2676314,0.88891613
2020-07-08,-0.7798041,-1.8758632,0.046930756,-1.1520065,1.0600888
2020-07-09,0.04144,-2.3463705,-0.5404531,-1.6173795,0.40673912
2020-07-10,-0.21115221,-1.7514735,-1.2595032,-0.61373085,0.99507874
2020-07-13,-0.38482633,-1.6774887,-0.038427632,0.062328707,0.9444239
2020-07-14,0.15925118,-1.6363426,-0.75080323,-1.8657095,0.25280166
2020-07-15,-0.5162558,-1.1873897,-0.16411851,-2.0631406,0.43287742
2020-07-16,0.20736428,-1.9550662,-0.70277286,-1.8330741,0.8017105
2020-07-17,0.21123514,-1.1077116,-0.07533017,-1.9497439,0.40376675
2020-07-20,-0.47845566,-1.4416813,-0.22682868,-0.6185634,0.5389541
2020-07-21,-0.6413583,-0.4180665,-0.3393302,-0.22717355,1.411905
2020-07-22,-0.1820988,0.0008785514,0.8983207,-1.5739939,0.6720645
2020-07-23,0.19983922,-1.511645,-0.45294884,-0.7432496,1.0383184
2020-07-24,0.1460075,-1.1816868,-0.53910303,-1.5855176,0.25066468
2020-07-27,-0.39955664,-0.75659174,0.59297407,-0.56235904,0.7564107
2020-07-29,-0.21812254,-1.5360901,-0.657174,-0.626481,0.80838674
2020-07-30,0.24574153,-2.4114776,-0.55003464,-2.020917,0.30663452
2020-07-31,-0.2675089,-1.1133053,0.27725327,-1.9543875,0.6743733
2020-08-03,-0.30213532,-1.3949955,-1.1442987,-1.2693771,1.1675488
2020-08-04,-0.22837567,-0.35882494,-0.035937067,0.13743126,0.79943264
2020-08-05,-0.40639263,-0.8921053,-0.3335002,-0.8153583,1.2048271
2020-08-06,-0.15486231,-0.93740964,0.29100895,-0.49942455,0.7562508
2020-08-07,0.56459373,-1.9310282,-1.0632219,-1.6899484,-0.35380787
2020-08-10,-0.072640575,-1.0033215,-0.24829796,-0.85834444,0.9201278
2020-08-11,0.28223735,-3.2523954,-2.12913,-2.5711563,-0.00034371184
2020-08-12,0.034846075,-1.365176,-0.90528846,-2.3835528,0.55582035
2020-08-13,0.07129316,-0.49296802,0.84459263,-2.461389,0.4314302
2020-08-14,0.11350449,-2.2370589,-1.3020817,-1.8141824,0.45050544
2020-08-17,-0.41345015,-1.2943442,0.0740884,-1.2688503,1.2953439
2020-08-18,-0.38717878,-1.3954166,-0.66366684,-0.7490518,1.0807005
2020-08-19,-0.15296012,-2.5018272,-1.205146,-1.9035147,0.8943259
2020-08-20,0.09749466,-2.1817515,-0.74375266,-1.8312689,0.23189063
2020-08-21,0.28670445,-1.7961024,-0.18237995,-2.0810513,0.1382912
2020-08-24,-0.2573627,-1.6614844,-1.2325094,-1.6775241,0.748797
2020-08-25,-0.20620771,-1.8553905,-0.89550513,-2.5766792,0.86049765
2020-08-26,-1.2159088,-2.096955,0.89674824,-1.323698,0.69911236
2020-08-27,-0.021636283,-2.4968357,-0.27243093,-2.616585,0.79175436
2020-08-28,-0.25518146,-1.3847312,-0.16646062,-1.2968078,1.0769764
2020-09-01,-0.2889898,-1.6612973,0.009814437,-1.902247,1.0941544
2020-09-02,0.25919542,-2.8316567,-0.69870085,-2.3112,0.14603488
2020-09-03,0.32379612,-1.9975287,-0.41207957,-1.6778884,0.033588555
2020-09-04,0.24995404,-2.1152344,-0.43293786,-1.4589784,0.7925077
2020-09-08,0.71865124,-2.0357277,1.006606,-1.6174747,0.26799187
2020-09-09,-0.24569096,-1.3970217,-0.6927875,-1.2652538,0.67755467
2020-09-10,0.18219742,-1.5250387,0.020868642,-1.8593776,0.5787325
2020-09-11,-0.09506976,-2.190399,-0.9482757,-2.1529188,1.019377
2020-09-14,-0.24212068,-1.6986316,-0.50981367,-0.9163122,0.9786179
2020-09-15,-0.37111393,-1.3140697,-0.63391876,-1.1274984,0.72858506
2020-09-16,-0.6035899,-1.5181094,-0.7368313,-2.3333588,0.7676166
2020-09-17,-0.60785145,-1.8617456,-0.7934748,-2.6143184,0.22558309
2020-09-18,-0.3210094,-1.7211895,-0.30612573,-1.9651886,0.77768195
2020-09-21,0.77085006,-3.6136298,-1.0068952,-1.5122529,-1.3214853
2020-09-22,0.020471875,-2.0715697,-0.5338208,-1.5392711,0.3843656
2020-09-23,0.7033609,-1.8224185,-1.9168968,-2.2082784,-0.34089482
2020-09-24,0.32486022,-1.0266639,-0.6920261,-1.1174046,0.09454566
2020-09-25,-0.22597167,-1.7542868,-0.6379138,-1.615276,0.58193016
2020-09-28,-0.3257254,-1.3072343,-0.8296982,-0.77246124,1.17962
2020-09-29,0.6478465,-0.9579314,-0.15542048,-0.75409627,0.8016951
2020-10-12,-2.0439405,-2.5283394,0.5666877,-3.5910027,2.2370558
2020-10-13,0.22740823,-1.9422346,-1.1147542,-2.3805814,0.6201512
2020-10-14,-0.44062304,-1.5025078,-0.34804294,-1.872803,0.6077691
2020-10-15,0.050435964,-1.6775213,-0.46621358,-2.0273983,0.6811351
2020-10-16,-0.15634046,-1.74968,-0.45497206,-1.0494279,0.66715854
2020-10-19,-0.24509999,-2.0405073,-0.17903653,-1.4643918,0.70784104
2020-10-20,-0.14829154,-1.5725622,-0.75051814,-1.6501856,1.07379
2020-10-21,0.04108098,-2.0487776,0.17406231,-1.1243173,0.9847614
2020-10-22,-0.6587144,-2.0413156,-0.6228441,-2.1211166,0.35460958
2020-10-23,0.38264403,-1.4143126,-0.33364394,-1.9528208,0.6304033
2020-10-26,0.6068616,-1.966664,-0.4487804,-1.6846439,0.3043244
2020-10-27,-0.15676299,-1.1812252,-0.86539644,-1.1644547,0.6021704
2020-10-28,0.31047663,-2.9438808,-0.2004393,-0.6862424,-0.4915078
2020-10-29,0.55929494,-2.0715988,-0.53119,-1.1711284,0.27864546
2020-10-30,6.6018016e-05,-1.6890198,-0.34326378,-1.4202602,0.55378264
2020-11-02,-0.37377876,-1.1538212,-0.5179888,-1.3117282,0.7526396
2020-11-03,-0.83931553,-1.5810035,-0.3949723,-1.4007305,1.0520086
2020-11-04,-0.46915448,-1.6469827,-1.2643781,-2.2351797,0.8402731
2020-11-05,0.06787671,-0.6872907,0.2305354,-1.5655051,1.2292451
2020-11-06,0.13692681,-1.6055036,0.05202491,-0.89780575,0.6627932
2020-11-09,-0.20950124,-2.3723774,-3.1964014,-2.638369,0.1761192
2020-11-10,-0.57424617,-0.8323336,-0.3764635,-2.3092296,0.93169075
2020-11-11,-0.34813732,-1.9198836,-0.66253614,-1.7200185,0.42383814
2020-11-12,0.44584513,-1.3293213,-0.7507514,-0.6406706,0.80792487
2020-11-13,-0.19010898,-2.0113597,0.42829058,-1.2217193,0.7009758
2020-11-16,-0.53990734,-1.4921294,-0.46726516,-1.896208,1.2158813
2020-11-17,-0.07597882,-1.6536791,-0.6893428,-1.5910914,0.85201776
2020-11-18,-0.24723433,-1.8214505,-0.9390387,-2.1603851,1.0733025
2020-11-19,-0.4722543,-2.1406035,-0.3832843,-1.3299363,0.44433898
2020-11-20,-0.27734926,-1.7070929,-0.9088698,-1.1657355,1.1241289
2020-11-23,0.01140551,-1.8023221,-1.388358,-2.6507394,0.11784321
2020-11-24,-0.39535236,-1.5585213,-1.6536344,-1.5526723,0.81128335
2020-11-25,-0.9010889,-1.4125757,-0.41175902,-0.85095865,0.16061941
2020-11-27,-0.20882754,-2.4877658,-0.9751815,-2.354163,1.0923287
2020-11-30,0.05086892,-1.9608159,-0.7451008,-0.41677785,0.46050107
2020-12-01,-0.035398886,-0.9142868,0.29601914,0.08148328,0.85341156
2020-12-02,-0.27542347,-0.9937926,-0.29955757,-1.6496687,0.4861488
2020-12-03,-0.31497866,-1.0515643,-0.2288856,-1.6000482,0.56190634
2020-12-04,-0.29714298,-1.4221648,-0.6984636,-0.81530756,0.87642896
2020-12-07,-0.28569376,-1.4428726,0.065627046,-1.3120241,0.48769793
2020-12-08,0.020970386,-1.4301236,-0.52291775,-1.0107577,0.34831288
2020-12-09,-0.5388239,-2.9771357,-0.9289996,-2.4224803,0.8744931
2020-12-10,-0.07522007,-1.7529597,-1.6255274,-1.5183238,1.4499829
2020-12-11,-0.15665257,-1.3305141,-0.14506467,-2.5717049,0.16435438
2020-12-14,0.027016511,-1.8647535,-1.2129545,-1.6319087,1.011532
2020-12-15,-0.37312874,-1.1989299,-0.17382824,-1.1569979,0.6895909
2020-12-16,-0.4755821,-1.5323768,-0.28751722,-1.4606773,0.6465167
2020-12-17,-0.5032521,-1.1512107,-0.1685652,-1.6931937,1.2259943
2020-12-18,-0.36102757,-1.6961055,-0.7990089,-1.7789755,0.79714304
2020-12-21,0.12561357,-1.8393828,0.42685145,-2.3103874,-0.03768128
2020-12-22,0.46398896,-1.6853093,-0.48318273,-2.6122446,0.0047730505
2020-12-23,-0.026372125,-1.4746997,-1.0505728,-1.9601959,1.2964308
2020-12-24,-0.15377006,-1.7910246,-0.49104294,-1.581655,0.9419359
2020-12-29,0.7774913,-0.86798173,-0.90016615,-2.4948707,1.0788288
2020-12-30,-1.3821269,-1.9964025,0.45744246,-2.0800529,0.9371045
2020-12-31,0.35284096,-1.291424,-0.58511704,-2.4726248,0.6950945
2021-01-04,-0.1215044,-1.7886548,-0.0320086,-0.50441074,1.2663175
2021-01-05,-0.46603048,-1.0327314,-1.1741501,-2.1647732,1.7674134
2021-01-06,0.1644425,-1.9927713,-1.6610677,-1.7996787,0.84349984
2021-01-07,0.18537647,-1.4822878,-1.0102444,-0.9388681,0.8927493
2021-01-08,0.06742288,-2.80453,-2.4419427,-2.9742699,-0.5022761
2021-01-11,0.26739436,-0.86504465,-0.2825549,-1.4901464,-0.15301713
2021-01-12,0.13429934,-1.5975546,-0.9023146,-2.8371923,1.2238746
2021-01-13,0.028060623,-1.061924,-0.27947956,-1.3828086,0.83256525
2021-01-14,-0.27512836,-1.6287096,-0.31168005,-2.368032,1.008735
2021-01-15,0.6412286,-2.0127692,-0.83921874,-1.8306787,0.0027061298
2021-01-19,0.3017512,-1.1476128,-0.8664672,-0.63884693,0.5553602
2021-01-20,0.29677358,-1.1299196,-0.7709601,-0.690906,1.0726476
2021-01-21,0.13520788,-1.5714256,-0.73514754,-1.5322695,0.8687499
2021-01-22,0.62305206,-1.5983166,-1.2842828,0.35592237,0.15290177
2021-01-25,0.4423049,-1.6266174,-1.141555,-2.4980674,0.8877291
2021-01-26,0.2824696,-1.4111707,-0.53192925,-2.9926932,0.63124985
2021-01-27,0.11180183,-1.417285,-0.47577658,-2.2835987,0.053659003
2021-01-28,-0.074201874,-1.6684574,-0.28525805,-0.93849707,0.3167556
2021-01-29,-0.09388841,-1.3085837,0.087726906,-2.0294719,0.6163066
2021-02-01,-0.13087882,-0.010381567,0.07768224,-0.75472546,1.0029111
2021-02-02,-0.19390565,-2.4083662,-1.7242326,-1.922758,-0.21527138
2021-02-03,0.12897253,-1.2740989,-0.9309088,-1.7980306,1.029019
2021-02-04,0.033657152,-2.300779,-1.5358994,-1.9119011,0.72379315
2021-02-05,-0.44199365,-1.3550957,-0.3448595,-0.7736658,1.0945613
2021-02-22,-2.5280643,-1.7366732,-2.3230693,-1.2977878,4.8329344
2021-02-23,0.274973,-1.5634131,-1.1707375,-2.0889845,0.7587112
2021-02-24,-0.3766468,-1.7969894,-1.1716056,-1.9670272,1.5505294
2021-02-25,0.20054798,-1.8491718,-1.2611343,-0.94502354,0.5816328
2021-02-26,0.4959156,-2.195568,-0.7358011,-2.5706604,-0.9901557
2021-03-01,0.61704737,-1.5930575,-0.97201884,-0.6903305,0.5022523
2021-03-02,0.05633564,-1.9634259,-0.4990918,-1.6145072,1.2362821
2021-03-03,0.24994396,-1.0099918,-1.2149518,-1.7433878,-0.4893195
2021-03-04,-0.31409055,-0.65627545,-0.8572331,-2.6132395,-1.1723785
2021-03-05,-0.59319293,-1.6625919,-0.98003125,-2.1936336,0.81743735
2021-03-08,-0.053829204,-1.8782169,-0.38359982,-1.5936812,0.62210697
2021-03-09,0.5331266,-0.37799838,0.045737177,-1.2117755,0.43237382
2021-03-10,-0.18931425,-1.1668113,-0.5102273,-0.5319007,0.4499591
2021-03-11,-0.41712388,-1.6507905,-1.0191244,-1.5256114,1.1941539
2021-03-12,-0.3088705,-1.5481727,-0.52101415,-1.414627,0.36857918
2021-03-15,0.16310433,-1.654662,-0.4939211,-0.89686215,0.9071414
2021-03-16,0.10860042,-1.5884414,-0.33154723,-1.9750509,0.36019245
2021-03-17,0.085432194,-1.9592426,-0.6035443,-1.1679444,0.60501844
2021-03-18,0.8243072,-1.946208,0.27097294,0.015875569,0.33658254
2021-03-19,0.07712008,-1.8358791,-1.1209625,-1.6828346,0.9874958
2021-03-22,0.24773206,-1.9083563,-1.3662947,-1.6853763,0.9885578
2021-03-23,0.67817134,-2.1246119,-0.0147048095,-2.09015,0.07109163
2021-03-24,-0.4295325,-1.1315975,-1.083982,-1.7054341,0.5142689
2021-03-25,0.6367991,-1.7918037,-0.20406586,-0.7278277,-0.13659604
2021-03-26,-0.6163796,-1.559223,-1.0864046,-0.74174595,1.0033984
2021-03-29,0.04358769,-1.5373952,-0.8587686,-1.5657778,0.26881027
2021-03-30,0.17969409,-2.0197906,-0.8393253,-0.9127927,-0.3368556
2021-03-31,-0.075850815,-1.5173204,0.49243,-3.19555,1.0423193
2021-04-01,-0.13888307,-0.5287049,-0.68164355,-0.3054741,0.3766024
2021-04-06,-0.35825068,-1.9207292,0.13237274,-0.8680413,1.5692548
2021-04-07,0.03319182,-1.4618394,-0.5262316,-1.6399918,0.42980498
2021-04-08,-0.17459756,-1.6365802,-0.3883741,-2.1277416,1.1003318
2021-04-09,-0.0967345,-1.7612166,-0.44207507,-1.9602324,0.17949067
2021-04-12,0.11164036,-1.493866,-0.6940421,-1.2334453,-0.27117997
2021-04-13,-0.16555719,-1.6386908,-0.5057288,-2.0620952,0.883659
2021-04-14,-0.8075454,-1.7585672,-0.9878706,-2.4757671,1.4024494
2021-04-15,-0.6054297,-1.4331479,-0.12565371,-1.2693838,1.1638335
2021-04-16,-0.21999198,-1.3833733,-0.12759916,-1.7043607,0.53923714
2021-04-19,-0.102477625,-1.9150826,-0.74324375,-1.7807628,0.7100349
2021-04-20,0.075687796,-1.7256178,-0.012263754,-2.947637,0.55396813
2021-04-21,-0.23500893,-1.9869647,0.07985287,-2.114054,1.2940897
2021-04-22,-0.02308938,-2.1186182,-0.45936143,-3.6049824,0.8689163
2021-04-23,-0.33799198,-1.9747268,-0.68254936,-1.8656439,1.1552982
2021-04-26,-0.3033143,-2.2667272,-0.42479533,-2.903822,1.5865145
2021-04-27,-0.43767363,-1.7904809,-0.6187352,-2.1841128,1.1556933
2021-04-28,-0.702257,-2.211121,-0.93356836,-1.6238309,0.6427787
2021-04-29,-0.22546956,-1.5406733,-0.7314585,-1.3329139,0.30298433
2021-04-30,0.026893146,-2.3052418,-0.12516488,-3.0510967,0.82224214
2021-05-06,-0.9214486,-1.0330399,0.103253864,-1.5632975,1.9727842
2021-05-07,-0.61083883,-1.9277185,-0.5749971,-1.5119083,1.399739
2021-05-10,-0.39191255,-1.2897086,-0.29878715,-0.5586553,0.2203585
2021-05-11,-0.20360862,-1.6591626,-0.54013306,-2.214029,0.7217623
2021-05-12,-0.115663394,-1.6843419,-0.8582464,-1.9057174,0.2648573
2021-05-13,0.28799194,-1.664123,-0.21649714,0.14957862,-0.39089322
2021-05-14,0.24730358,-0.5212631,-0.92731065,-0.2695121,0.37829068
2021-05-17,-0.3138338,-0.92452353,-0.53073406,0.2008813,0.9090314
2021-05-18,-0.22601698,-1.6405226,-0.45223436,-1.4101464,0.68644816
2021-05-19,0.44948232,-1.080494,0.265519,-1.0810938,-0.6361846
2021-05-20,0.5994018,-1.3674393,-0.33581796,-1.1849661,0.32862824
2021-05-21,0.07267543,-1.5673815,-0.99858737,-1.6557103,0.004079883
2021-05-24,-0.33718747,-1.1030625,-0.86847556,-0.90659755,0.62252885
2021-05-25,-0.23353344,-1.1847172,-0.42025757,-0.34205016,0.48268422
2021-05-26,-0.67794263,-1.8587058,-0.33274916,-1.1951559,0.46984914
2021-05-27,-0.44087717,-2.444242,-0.806556,-2.6992254,1.5462906
2021-05-28,-0.21846093,-1.6455874,-0.39363873,-1.029728,0.70907927
2021-06-01,-0.48685148,-1.6780355,-0.47152555,-3.0198271,0.68230224
2021-06-02,-0.13921425,-1.1864535,-0.68656224,-1.8077344,0.63638026
2021-06-03,-0.015148368,-1.7679434,-0.6521875,-1.6266646,-0.6210677
2021-06-04,-0.34122127,-1.7001355,-0.40792075,-2.5313578,1.2315583
2021-06-07,-0.041264035,-1.3443772,-0.2825203,-0.88529116,0.33586732
2021-06-08,-0.0838505,-1.8236836,-1.0008258,-1.90841,0.8501509
2021-06-09,-0.17099336,-1.7741718,-0.48218188,-1.5729786,0.6349894
2021-06-10,-0.26782504,-1.6556879,-0.4066079,-1.5839001,0.41049552
2021-06-11,0.0152598405,-1.590959,-0.7966351,-0.36322156,0.40591875
2021-06-15,0.17330825,-0.8946714,-1.0023324,-0.39445707,-0.6921529
2021-06-16,0.05844887,-1.3255183,-0.46974033,-0.7323619,0.1977263
2021-06-17,0.5528999,-2.5024107,-1.5823463,0.28770143,-2.6164014
2021-06-18,0.09367274,-1.1358218,-0.045523096,-3.1204295,-0.046897035
2021-06-21,-0.17778356,-1.1043925,-0.6190556,-1.7365708,0.8105549
2021-06-22,0.016712613,-1.5103104,-1.037977,-0.9118118,0.8875214
2021-06-23,-0.7571851,-1.7823766,-0.30086437,-1.5168327,1.0724566
2021-06-24,-0.47689876,-1.6721184,-0.3998883,-1.029492,0.5520711
2021-06-25,-0.085489415,-1.3576458,-0.6332246,-0.082283586,0.4350347
2021-06-28,0.11023983,-1.7631309,0.03988971,-3.4250383,0.71299106
2021-06-29,-0.24283205,-2.419904,-0.96886855,-2.2099745,0.91130286
2021-06-30,-0.6735905,-1.7783842,0.39572075,-3.8040452,0.8753237
2021-07-01,-0.05152396,-1.0887483,-0.6268444,-1.4342587,0.40756845
2021-07-02,-0.2976698,-1.5403036,-0.78933966,-0.6933534,0.9056852
2021-07-06,0.28549975,-1.4523745,-0.53143644,1.4388273,-0.43492833
2021-07-07,0.112635314,-1.6968997,-0.26786312,-1.3228967,0.63123333
2021-07-08,-0.007194394,-1.1329857,-0.6701291,-1.528481,0.07773218
2021-07-09,-0.61647683,-1.600764,-0.78600645,-0.7857657,1.0278678
2021-07-12,0.12705605,-1.3949512,-0.2131024,-3.2503822,0.82307833
2021-07-13,-0.21729219,-1.6151674,-0.83440053,-1.8645005,0.81088907
2021-07-14,0.12964183,-1.4990239,0.0975415,-2.0208213,0.6149763
2021-07-15,-0.06696031,-1.4993656,-0.66039795,1.7277008,0.455021
2021-07-16,-0.14556174,-1.8412145,-0.71047014,-1.77834,0.37709564
2021-07-19,1.0290753,-2.0298712,0.11878737,-1.1472899,-0.47389656
2021-07-20,-0.14749841,-1.9986011,-0.6604983,-2.325349,0.94169915
2021-07-21,-0.2724641,-0.7338222,-0.8905472,-1.7462758,0.5392723
2021-07-22,-0.12664363,-1.0013584,-1.1340355,-0.69441265,1.0121601
2021-07-23,-0.13585861,-1.8300757,-1.1582804,-0.8117378,0.7374621
2021-07-26,0.22387348,-1.6289667,-1.199012,-1.5349565,1.5054827
2021-07-27,0.006414615,-1.8296365,-0.66959184,-1.8206296,0.18534699
2021-07-28,-0.16198316,-1.7142247,-0.46598428,-1.964243,0.75431126
2021-07-29,-0.3543326,-1.3524616,-0.5046536,-1.2775811,1.178005
2021-07-30,0.16544208,-1.7749904,-1.2558635,-0.7237728,0.22933586
2021-08-02,0.29273605,-2.0899727,0.292752,-1.7680782,0.4271077
2021-08-03,0.2970457,-1.3924176,-0.44252646,-1.3025676,0.085921235
2021-08-04,0.43129304,-1.872974,-0.40088853,-1.4681959,0.24919684
2021-08-05,-0.23371114,-2.0165544,-0.8636632,-1.8309208,0.71663475
2021-08-06,0.2310383,-2.5814717,-0.98937225,-2.8078694,0.24861266
2021-08-09,0.6387452,-2.3459198,-0.9160413,-2.447057,0.17020462
2021-08-10,0.03036652,-1.6180873,-1.1091986,-1.8216645,1.2490791
2021-08-11,0.09469548,-1.1172848,-0.7606637,-0.39841053,0.8461981
2021-08-12,0.07833242,-1.7734514,-0.5443455,-2.3732758,0.64203954
2021-08-13,-0.09886326,-1.5703647,-0.12277169,-1.3077058,1.0168116
2021-08-16,0.86854094,-0.9789996,-0.9022567,-0.38183874,0.32773498
2021-08-17,0.3677391,-1.4714869,-0.68909895,-1.0492227,-0.08671091
2021-08-18,0.65234506,-1.3194602,-0.58385074,-1.8172253,0.22300166
2021-08-19,0.8794147,-1.5961,-0.48188955,-0.6454923,-0.220407
2021-08-20,0.4881089,-1.6794556,-0.4936815,0.12434542,0.3735435
2021-08-23,-0.35322183,-0.85032326,-1.4111198,-1.1854442,1.3622293
2021-08-24,-0.37979123,-1.4561589,-1.0397127,-2.0910509,1.2453622
2021-08-25,-0.35225683,-1.8349234,-1.1133726,-2.0439115,0.7794015
2021-08-26,0.30198693,-1.7485883,-0.48839614,-2.2034903,0.43502548
2021-08-27,-0.14731374,-1.192495,-0.6426862,-1.182814,1.1591035
2021-08-31,0.30778828,-1.413766,-1.4628408,0.7139926,0.6095296
2021-09-01,1.3561667,-0.6413804,-1.3993653,-0.56458676,0.43330458
2021-09-02,0.10220692,-1.5132484,-1.4268031,-1.6518005,0.6404838
2021-09-03,0.11075449,-1.2889072,-0.26935363,-0.66247606,1.0712101
2021-09-07,0.62752897,-2.2658377,-1.5456425,-0.77723,0.46147177
2021-09-08,0.823017,-1.74185,-2.0146952,-1.5152022,0.80501264
2021-09-09,0.5267756,-1.7849977,-1.0266999,-0.2589293,0.7685179
2021-09-10,-0.18159486,-2.2208104,-1.4462907,-1.398121,1.1121205
2021-09-13,0.11412825,-0.9942193,-0.629173,-1.6687572,0.10240925
2021-09-14,0.20271464,-1.251065,-0.3831005,-2.2124114,0.27722788
2021-09-15,0.37927556,-1.6911623,-1.6430184,-3.3371186,1.5970558
2021-09-16,0.70373464,-2.039581,-1.5746436,-2.080457,0.11281148
2021-09-17,0.6822067,-1.7524631,-1.2529578,-1.2729641,0.5506786
2021-09-22,0.6723466,-0.36284992,-0.61471325,-0.51341873,1.0588182
2021-09-23,0.119822726,-1.8296357,-1.5057448,-2.0734468,0.95203763
2021-09-24,0.15222378,-1.8818942,-1.2926219,-1.7599772,0.98829305
2021-09-27,0.32101783,-1.1230932,-1.5226655,-2.2087014,0.8715021
2021-09-28,0.5132484,-1.9849225,-1.3937848,-1.2846408,0.66438866
2021-09-29,0.32056063,-2.1327486,-1.1337173,-2.4818866,0.26440603
2021-10-11,-2.2797058,-0.7619904,-1.2602774,-0.8503778,2.914784
2021-10-12,-0.108302996,-0.88126004,-0.5542115,-0.2120466,0.32767
2021-10-13,-0.17838843,-1.2069564,-0.4314034,0.16476579,1.1486198
2021-10-14,-0.06353865,-1.5542307,-1.1468805,-1.3074235,1.631423
2021-10-15,-1.0052159,-2.6198754,-0.8174221,-1.4307494,1.428477
2021-10-18,0.3156547,-1.6397343,-0.64474064,-2.0515006,0.5369325
2021-10-19,0.098724015,-0.81110954,-0.025060922,-1.7515953,0.1024607
2021-10-20,0.28041238,-1.183191,-0.9218742,-2.2402668,1.4333487
2021-10-21,-0.28579262,-0.682348,0.616894,-1.493737,-1.482442
2021-10-22,0.23214708,-0.8140707,-0.23171595,-1.9444901,0.33625677
2021-10-25,0.37142435,-1.1725292,-1.1031753,-1.7124966,1.221507
2021-10-26,0.44646126,-1.4703287,-0.9545168,-2.1663728,0.23620954
2021-10-27,1.0244087,-0.734304,-0.23465134,-2.5638568,-0.27402365
2021-10-28,-0.057423357,-1.9895666,-0.55450404,-1.2477005,0.76067317
2021-10-29,0.3132777,-1.5708387,-0.8743839,-1.9925408,0.5127038
2021-11-01,-0.014191834,-2.1538064,1.243962,-1.9556237,1.1662889
2021-11-02,0.40923262,-1.4812443,-1.0207053,-1.6897484,0.3055863
2021-11-03,0.53940374,-2.027994,-0.66138506,-1.3221736,0.03380374
2021-11-04,0.629479,-0.38296336,0.21165138,-0.5959277,0.05909874
2021-11-05,-0.31075025,-0.9021106,-0.47511974,-0.5032701,0.39705577
2021-11-08,-0.4335324,-1.3691427,-0.44042912,-0.45771968,0.82435745
2021-11-09,-0.44634748,-1.2589825,-0.2332683,-2.207618,0.37092686
2021-11-10,0.16886987,-1.6810236,0.41279244,-1.7426168,0.75653195
2021-11-11,-0.25867876,-1.4918365,-0.35408303,-1.4209533,1.1867492
2021-11-12,-0.34686923,-2.1229794,0.19024673,-1.8437831,0.7143618
2021-11-15,0.97388756,-0.96773255,-0.99343896,-2.0982907,0.45385116
2021-11-16,0.2353401,-1.3839676,-1.0015488,-1.8063297,0.11743952
2021-11-17,0.18585265,-1.7735302,0.43666548,-2.3164651,0.51358575
2021-11-18,0.12862152,-1.6739597,-1.0213863,-1.2400484,0.5070163
2021-11-19,0.2636458,-2.712242,-0.54455537,-1.1162521,0.96738744
2021-11-22,-0.4544175,-2.739534,-1.0987302,-2.3981535,0.66621107
2021-11-23,-0.26831833,-2.327866,-1.3127745,-3.055691,0.41276947
2021-11-24,0.27820897,-1.5984712,-1.1550972,-1.3392088,1.1786814
2021-11-26,2.1265295,-2.420155,1.1359265,-1.4361532,-0.4684993
2021-11-29,-0.20515172,-1.7496753,-0.7938506,-0.5676095,0.17314588
2021-11-30,0.33083683,-2.3264496,0.23828422,0.12510498,-0.4255126
2021-12-01,0.08328978,-1.6860342,-0.41216967,-1.3427163,0.43821466
2021-12-02,0.12478992,-1.4991509,-0.5547903,-2.5834663,0.41220903
2021-12-03,0.0657844,-1.5130129,-0.4354451,-1.9083666,0.8230332
2021-12-06,-0.81616217,-1.2709187,-0.5421874,-1.5869612,0.5332652
2021-12-07,-0.62969613,-1.2307633,-0.8475577,-1.0658339,0.88811666
2021-12-08,-0.23209243,-1.5092034,-0.98766136,-0.97278786,0.8717588
2021-12-09,0.48773214,-1.6328915,-0.96860456,-1.4724578,0.17411274
2021-12-10,0.37007126,-1.2839409,-0.9543654,-1.3355968,0.50525576
2021-12-13,0.07293587,-1.7810032,-0.549114,-1.0233563,0.56060386
2021-12-14,0.54921913,-1.685967,-0.8444178,-2.0622163,0.2073941
2021-12-15,-0.036483955,-1.9715695,-0.65637076,-1.8961112,0.011392618
2021-12-16,-0.7345508,-1.6497511,-0.65735835,-1.246348,2.0059657
2021-12-17,0.048518907,-1.7867879,-0.15661056,-1.2030318,0.70719117
2021-12-20,0.9274084,-1.7330016,-0.7212743,-1.3137468,0.2603379
2021-12-21,-0.12540959,-1.7627499,-1.6440088,-2.1505728,1.4695472
2021-12-22,-0.25916994,-1.486815,-0.90104854,-1.708882,1.7918894
2021-12-23,-0.05715894,-1.2932605,-0.8599712,-1.5745858,1.017323
2021-12-29,1.1562067,-0.7745457,-2.6527598,-1.8765801,1.2958001
2021-12-30,-0.23697643,-1.2714387,-0.577891,-0.08606534,0.21858868
2021-12-31,0.5780466,-1.3893741,-0.44693795,-0.8322499,0.7862612
2022-01-04,-0.21222723,-2.0136437,-1.2576478,-2.5928185,1.2122228
2022-01-05,0.12764464,-1.0059061,-1.0478599,-1.0931878,0.9465179
2022-01-06,0.32723892,-2.0778213,-1.9958739,-1.8894467,-0.063950956
2022-01-07,0.43893823,-1.4873581,-0.82603693,-1.811021,0.873257
2022-01-10,0.4898194,-1.5422208,-1.0296681,-1.0464153,0.34595928
2022-01-11,0.19877662,-1.0768123,-1.5469172,-1.2453746,1.7170289
2022-01-12,0.074891545,-1.3821172,-1.2664262,-1.2695447,1.2947065
2022-01-13,-0.123558,-1.5740981,-0.6708023,-0.41081882,0.23970594
2022-01-14,0.105168104,-1.5418913,-1.1295112,-1.8890588,0.5538446
2022-01-18,-0.14570239,-1.4211317,-0.7405706,-2.053136,1.0168446
2022-01-19,-0.49629483,-1.3101006,-0.14352314,-2.0597174,1.8792542
2022-01-20,-0.08090628,-1.8278742,-0.8698025,-1.3018451,1.7580887
2022-01-21,0.56959367,-1.6714027,-1.1181284,-1.839965,0.4559936
2022-01-24,0.52811193,-1.5838745,-0.25581205,-2.0829794,-0.10546506
2022-01-25,-0.0582344,-1.4358759,-0.86192393,-1.7784343,0.8275617
2022-01-26,0.6726275,-0.985877,-2.329075,-2.1776366,1.2444177
2022-01-27,1.0814492,-1.7581741,-2.82886,-2.5438817,0.13996388
2022-01-28,-0.27822793,-1.8151749,-0.14607961,-2.3156137,-0.04018157
2022-02-07,-0.8058465,-1.1716939,-0.6083241,-1.6599137,1.5503137
2022-02-08,0.28460965,-1.3856641,-0.07313894,-1.218838,0.6053432
2022-02-09,-0.07061695,-1.7408892,-0.8689905,-2.0095713,1.4857662
2022-02-10,-0.21562505,-1.6454548,-0.6008418,-0.7507848,0.7780066
2022-02-11,0.0051829596,-0.7821199,-0.5683037,-3.0314548,-0.26700014
2022-02-14,0.25719434,-0.64363986,-1.0564613,-1.170893,0.89775825
2022-02-15,0.8485666,-2.071898,-0.92435974,-0.7359519,0.63707596
2022-02-16,1.0493246,-0.95543087,-1.6143129,-1.9252727,1.5845872
2022-02-17,0.6874314,-1.4472508,-0.22912389,-1.0287614,1.2058357
2022-02-18,-0.1383407,-1.8189437,-0.5164275,-1.7945381,0.590727
2022-02-22,0.4830836,-1.2956104,-1.3025029,-3.0338442,1.6019483
2022-02-23,1.0250912,-0.9408135,-1.2763942,-2.7299044,0.98841006
2022-02-24,-0.29700762,-1.8164791,-1.1325986,-1.9428322,0.92441505
2022-02-25,0.82630515,-2.054366,-1.4028331,1.0381379,-0.6399702
2022-02-28,-0.3984862,-1.1678115,-0.8925215,-3.6489387,0.9409308
2022-03-01,-1.5026616,-0.90702134,-1.0517497,-2.975379,2.5575423
2022-03-02,-1.2616241,-0.9896403,-2.911237,-2.1792862,1.40214
2022-03-03,-1.3643292,-2.9432683,0.69112355,-1.52947,1.2961029
2022-03-04,-2.3314066,-1.4495716,-0.8199423,-0.9141126,1.8491628
2022-03-07,0.10116302,-2.212052,-2.0836911,-0.80877113,2.8119571
2022-03-16,4.059336,-4.9237638,1.195603,-1.1528758,-2.416552
2022-03-17,-1.8338143,-0.11493048,-1.0788878,-2.39959,0.9217326
2022-03-18,-0.7522534,-0.57152355,-0.09763357,-0.5198352,-0.5394155
2022-03-21,-1.4826802,0.14830732,-0.2754519,-2.4723074,0.46838415
2022-03-22,-0.07886209,-0.5639434,-0.15790598,-1.7957258,-0.44715178
2022-03-23,-0.687018,-1.7657346,-1.6775978,-0.68474036,1.8347083
2022-03-24,0.10748254,-1.1763413,-0.38970456,0.023550812,1.0583924
2022-03-25,-0.016601227,-1.6824045,-0.7230707,-2.2970738,0.4640112
2022-03-28,0.5229265,-3.0855105,1.0591702,-0.6002819,-0.06620333
2022-03-29,0.5573146,-1.6154369,-0.39812255,-0.68125653,-0.5767827
2022-03-30,-2.9930298,-2.6199584,0.62138855,-1.9141994,1.1770805
2022-03-31,-0.3099133,-1.8073025,1.003319,-0.52795887,-0.010440698
2022-04-01,0.16090186,-2.4114034,-0.6305781,-0.4429258,0.5296142
2022-04-06,0.40236744,-2.1979234,-0.18505032,-3.1306543,0.51143783
2022-04-07,0.54093134,-1.1740463,0.04445017,-1.7852281,0.3847237
2022-04-08,-0.31455833,-1.3536788,-0.50636494,-2.5307174,0.9396128
2022-04-11,0.21297021,-1.1611043,0.36800814,-1.6795461,-0.0317496
2022-04-12,-0.6716196,-1.012553,-0.9235575,-1.7115486,1.0604682
2022-04-13,-0.6473805,-0.9718569,-1.067621,-1.705779,1.0534549
2022-04-14,-0.5547841,-1.3348378,-1.1911381,-1.5893903,0.7445257
2022-04-19,0.4402296,-2.1794422,-0.6633117,-2.1903777,0.82850355
2022-04-20,-0.032963846,-1.4665155,-0.61455005,-2.1987965,0.3374165
2022-04-21,-0.029625613,-1.9809159,-1.071244,-1.2994722,0.6770146
2022-04-22,-0.040517062,-1.9920729,-0.48816705,-1.8384627,-0.18741047
2022-04-25,0.6650657,-1.4734536,-0.23759665,-2.632683,-0.92166877
2022-04-26,-0.31152308,-0.92500246,-1.0898163,-2.0280423,0.44152206
2022-04-27,-0.20390356,-1.4872911,-1.3514228,-2.0164454,0.8389891
2022-04-28,-1.0760944,-0.74022156,-0.29167983,-1.8575869,-0.06592051
2022-04-29,-0.0013820833,-0.9422516,0.06718133,-0.9808501,0.31941706
2022-05-05,0.3065001,-1.4881458,0.14107016,-2.4300306,-1.066833
2022-05-06,0.06478247,-1.0275683,0.10614426,-1.5288793,-0.474719
2022-05-09,0.63098687,-1.5584698,0.4612459,-1.4036576,-1.0788395
2022-05-10,0.37189206,-1.6347796,-0.585459,-1.7593105,0.20756184
2022-05-11,-0.71175253,-1.0649474,-0.3004657,-2.0673146,1.0284944
2022-05-12,0.031613346,-1.9472595,-0.5670011,-3.2329834,-0.37241518
2022-05-13,-0.2866991,-1.5060723,-0.7779836,-1.7264152,0.6404881
2022-05-16,-0.832613,-1.4685482,0.027248884,-1.6396476,0.6795902
2022-05-17,0.0054090754,-1.7419511,-0.35819456,-1.2074516,1.1222746
2022-05-18,0.47024137,-1.8728826,-0.20600404,-0.4110256,-0.121612854
2022-05-19,-0.20390928,-1.5281724,-1.1683886,-0.5429249,1.5602378
2022-05-20,-0.2919048,-1.6923959,-0.6858988,-1.2203352,0.46205232
2022-05-23,-0.09774968,-1.6972842,-0.58450913,-1.3563757,0.84373593
2022-05-24,-0.07852908,-0.8424836,-0.21606869,-0.88042897,0.039300974
2022-05-25,0.77334744,-0.98877025,-1.7192088,-1.8379369,0.47548693
2022-05-26,-0.06243807,-0.69894296,-0.98621154,-2.053387,0.43477952
2022-05-27,-0.33245835,-1.560019,-0.8597953,-1.2501789,1.0277528
2022-05-31,-0.5612225,-0.82038337,-0.8729597,0.34780663,-0.11216203
2022-06-01,0.52868867,-0.52139825,-0.52856827,-0.755583,0.5066529
2022-06-06,-0.33890203,-1.2743374,-1.5062824,-1.875455,1.5070376
2022-06-07,0.08110311,-1.3724233,-0.4198166,-1.6841968,0.4235594
2022-06-08,-0.34160474,-1.6524875,-0.58420324,-1.8718785,0.7520923
2022-06-09,-0.05096762,-1.512212,-0.57408255,-2.7476366,0.11844778
2022-06-10,0.15467334,-0.9712082,0.24046767,-1.3085405,-0.31128538
2022-06-13,0.5180409,-2.1827369,-0.52032846,-1.8058306,-0.7266846
2022-06-14,-0.3472909,-1.7207553,0.037595477,-1.5651093,-0.57943785
2022-06-15,0.37673607,-1.234437,-0.7471664,-0.9875738,0.9279087
2022-06-16,0.10762053,-0.19685555,0.29063195,-1.9535271,0.067141525
2022-06-17,0.5737797,-2.0675848,0.09221902,-0.7794593,-0.10772485
2022-06-21,0.31700483,-1.2618363,-1.2407867,0.18052948,0.7552596
2022-06-22,0.42349452,-1.0348788,-0.2814834,-1.4700509,-0.47754973
2022-06-23,0.03754202,-1.3332239,-0.05153503,-0.008512849,-1.2041494
2022-06-24,-0.27315953,1.6485327,-0.07401614,-2.6687465,-2.2678058
2022-06-27,0.2388598,-0.86665994,-0.34210068,-1.038535,0.11824126
2022-06-28,-0.14436615,-1.551176,-0.478976,-2.1107903,0.4527849
2022-06-29,0.9457756,-1.4231675,-0.84408414,-1.9038311,1.177501
2022-06-30,0.24243484,-1.2646825,0.1995453,-0.8487562,-0.9202235
2022-07-01,0.10283629,-1.0269027,-0.9178404,-0.63803697,-1.0998499
2022-07-05,1.3589056,-2.6946816,0.14344051,0.38369787,-1.0251077
2022-07-06,0.61181873,-1.9028108,-0.12051221,-1.3742609,3.0192814e-05
2022-07-07,-0.5210879,-1.5187453,-1.613466,-2.0541003,1.6938304
2022-07-08,-0.43433508,-1.4330693,0.06401757,-3.4961548,0.8265922
2022-07-11,0.19122283,-0.9842032,-1.0620829,-2.1212282,0.115331806
2022-07-12,0.78842235,-1.8975458,-0.17515232,0.6968515,-0.8245185
2022-07-13,0.41767564,-0.8875472,0.015773878,-1.1914772,0.22165628
2022-07-14,0.31118286,-1.4174186,-0.64828193,-1.6278541,-1.227469
2022-07-15,-0.2577106,-0.55283874,-1.5687469,2.6117938,-0.27092925
2022-07-18,-0.32749358,-1.5060624,-0.87829745,-1.6342432,2.0768833
2022-07-19,-0.21895443,-0.82043326,-0.32801452,-0.53354764,-0.10446677
2022-07-20,0.1650618,-1.9318984,-1.2849783,-0.46366906,0.7917565
2022-07-21,0.4363604,-1.4453193,0.04545081,0.007703149,0.21163444
2022-07-22,0.027779857,-1.8567044,-1.0602432,-0.35856754,1.0242708
2022-07-25,-0.06423849,-1.341702,-0.76999474,-2.630987,0.26184058
2022-07-26,-0.09497588,-1.8455682,-0.39595115,-2.9626353,0.944137
2022-07-27,-0.262492,-1.259931,-1.0186287,-1.8240285,1.0495479
2022-07-28,-0.909444,-1.7138169,0.45677316,-2.2561536,1.7834746
2022-07-29,-0.694227,-2.1555521,-0.79690784,-1.0739572,1.9753193
2022-08-01,1.0090832,-1.9086301,0.6577327,0.058081947,0.54645896
2022-08-02,-0.23080933,-1.3152181,-0.21726744,-0.43299678,-0.19245179
2022-08-03,0.57282805,-1.5492687,-0.46952203,-1.7267104,0.1488052
2022-08-04,0.4941137,-1.7673593,0.16187538,-1.7379982,1.5102687
2022-08-05,-0.21912844,-2.3211706,-0.6894882,-1.7255306,0.9579295
2022-08-08,-0.27797854,-1.2320881,0.018298749,-1.2392762,0.71813315
2022-08-09,-0.48386896,-1.8964866,-0.946686,-2.2135475,1.187647
2022-08-10,-0.27043104,-1.5153376,-0.9558262,-1.8925072,1.4000051
2022-08-11,-0.14529528,-1.9917095,-1.4691341,-2.2073083,1.6232239
2022-08-12,-0.14934507,-0.84450775,0.034407657,-1.8158834,0.07213476
2022-08-15,-0.14977679,-1.0271815,-0.18498969,1.0633483,-1.6216754
2022-08-16,0.37706107,-1.7006701,-0.94308156,0.08070384,0.34421843
2022-08-17,-0.046829946,-0.887932,-1.0466634,-1.9549052,-0.405848
2022-08-18,-0.22490935,-1.2710795,-1.0853182,-1.040351,0.09372956
2022-08-19,-0.062429056,-1.9285481,-0.9143417,-2.4129412,0.6551925
2022-08-22,0.22402295,-1.9893925,-0.8222833,-2.7541285,0.64334893
2022-08-23,-0.36180007,-1.315823,-0.37659764,-2.693663,0.8541674
2022-08-24,-0.2688576,-1.4805416,-0.4755377,-2.145702,0.4861332
2022-08-25,-0.074633494,-1.7307718,-0.409431,-0.62190074,0.81376666
2022-08-26,-0.41870773,-2.515894,-0.9592154,-2.9411423,0.9575271
2022-08-30,0.8019451,-1.6380869,-0.1246016,-2.032705,-0.6369817
2022-08-31,0.560411,-1.9991823,-0.42135704,-2.0085833,0.18521908
2022-09-01,1.0310527,-1.2522818,-0.056299184,-0.4948991,-1.1794147
2022-09-02,0.14996587,-0.5134892,0.024397314,-2.360784,0.09380286
2022-09-06,-0.16672434,-1.6614575,-0.22373995,-0.8716706,0.50635016
2022-09-07,-0.0535253,-1.4847618,0.8366531,-0.89540523,0.15219766
2022-09-08,-0.3123222,-1.7731278,-0.60661775,-1.0578957,1.0059426
2022-09-09,-0.5838274,-1.5979383,-0.6437764,-2.4544225,1.434895
2022-09-13,-0.19079752,-1.8632535,-0.57255375,-1.8112302,1.3530002
2022-09-14,0.41335198,-1.3340455,-0.51137453,-0.9496755,0.3604678
2022-09-15,0.5974733,-2.3456326,-0.46697995,0.09982664,-0.15518877
2022-09-16,0.0147526795,-1.5206658,-0.4104078,-1.3594353,0.49803424
2022-09-19,-0.10819068,-1.047909,-0.7094895,-1.2311422,0.36315218
2022-09-20,0.030739225,-1.4703641,-0.2553777,-2.7667227,0.4250614
2022-09-21,0.084884144,-1.3064858,-0.21929657,-1.2617134,0.20952149
2022-09-22,-0.6633589,-1.6233014,-0.15216655,-1.779927,0.47696257
2022-09-23,0.81768477,-2.3309531,-0.011323919,-1.3441775,-1.2237511
2022-09-26,0.6572631,-1.3960334,-0.25690868,-1.4277291,-0.68611014
2022-09-27,-0.30656725,-0.9889131,-0.59627306,-1.7370386,-0.042311516
2022-09-28,-0.62332857,-0.3450071,-0.42853972,-1.4534578,0.88693386
2022-09-29,-0.17943709,-1.9286627,-0.7221089,-0.94026303,1.1296471
2022-10-10,-1.4279411,0.46204904,-1.3761731,-2.1709676,1.0541571
2022-10-11,0.63953406,-0.844898,-0.5560137,-0.72824776,0.44242162
2022-10-12,0.07770227,-2.0342946,-0.8194058,-1.2009629,0.2758054
2022-10-13,0.02858808,-1.543702,-0.9824367,-1.4575406,0.8802252
2022-10-14,0.5853951,-2.1667402,-0.817327,-1.116559,0.03267663
2022-10-17,-0.28486258,-0.05066693,0.4356194,-0.76261765,-0.4378343
2022-10-18,0.35374537,-1.5907999,-0.17969447,-1.4831357,0.1795841
2022-10-19,-0.012821282,-1.7970644,-0.8518863,-1.8720706,0.041424334
2022-10-20,-0.14530686,-1.8412056,-0.2571576,-0.95907676,1.1524783
2022-10-21,-0.22397162,-1.2268386,-0.14034715,-1.2876381,0.8714388
2022-10-24,0.2617211,-0.87704724,-1.0532748,-1.1322262,0.40788114
2022-10-25,-0.065783024,-1.4315511,-0.952562,-1.7063025,0.6449342
2022-10-26,0.08209376,-1.2918475,-1.6445994,-0.62553835,1.8104548
2022-10-27,-0.48766676,-0.358443,-0.5248741,-0.9977232,-0.3460005
2022-10-28,0.41840476,-0.81333804,-0.8432118,-2.3537521,-0.84122
2022-10-31,0.86930627,-1.7286228,0.58730686,-3.5915527,0.09299965
2022-11-01,0.52681476,-2.439983,0.312379,-1.3614174,1.5662482
2022-11-02,0.16749416,-1.533898,-1.7372913,-1.2994457,1.1963041
2022-11-03,-0.50042,-1.8514068,-0.7146341,-1.496817,-0.04733657
2022-11-04,-0.8774393,-1.4576048,-0.7388659,-0.9124589,2.8983212
2022-11-07,0.52536595,-0.9275389,-0.4788722,-0.9601073,0.64279336
2022-11-08,-0.20848033,-1.5515516,0.32695872,-0.033306986,0.98395467
2022-11-09,0.25652456,-1.948367,0.26007217,-1.524176,0.22225739
2022-11-10,0.24806528,-0.8547051,-0.38876352,-0.081824765,1.2442727
2022-11-11,-0.8635053,-2.5192318,-0.8675989,-1.193197,1.8043818
2022-11-14,0.03609783,-1.8697634,-0.24823064,-0.76662153,0.9759135
2022-11-15,-0.7145157,-2.2496977,-0.60436654,-2.1052244,0.5836299
2022-11-16,-0.020350205,-0.9100527,0.058591872,-1.1533208,-0.48159143
2022-11-17,0.63601965,-1.5595216,-0.110494,-1.5685619,-0.68956965
2022-11-18,0.05269119,-2.033763,-0.2521352,-1.480889,0.34691498
2022-11-21,0.5304666,-0.8814511,-0.3589703,-2.1733956,-0.3002532
2022-11-22,-0.24217251,-1.6523734,-1.0139728,-1.1024123,1.0176003
2022-11-23,0.54236543,-1.6140339,-0.19503537,-1.6885799,0.70517
2022-11-25,0.048489127,-1.897345,0.39707342,-1.3310956,0.121903114
2022-11-28,-0.10330715,-1.9739177,-0.5123182,-1.5996693,0.39953685
2022-11-29,-0.0729404,-1.533212,-0.8520101,-1.3754771,1.099855
2022-11-30,-1.0017134,-1.8391368,-1.0647727,-0.96557605,1.6589123
2022-12-01,-0.50410193,-0.8614035,0.39884567,1.1403948,0.62507635
2022-12-02,-0.13264924,-2.088886,-0.28675973,-0.26917166,0.63881177
2022-12-05,0.053322796,-2.7129202,-0.19894958,-0.8728755,-0.043717876
2022-12-06,0.21545675,-2.5805333,0.114624776,-1.1172994,0.5115142
2022-12-07,0.5299591,-1.8645751,0.13412745,-0.9609575,1.1555809
2022-12-08,-0.06346978,-1.4690856,-0.35746264,-1.5722518,0.6172259
2022-12-09,-0.16043496,-1.2915322,-0.045467906,-1.0687848,0.48076418
2022-12-12,0.02716148,-1.139455,-1.0294191,-2.9722638,0.06875412
2022-12-13,-0.7925567,-0.58322555,-0.58794445,-1.7029581,1.1330708
2022-12-14,-0.91296136,-0.7664233,-0.47697136,-1.3118746,0.2527226
2022-12-15,0.27210498,-1.727602,-0.41807038,-2.2680366,-0.5193716
2022-12-16,0.24744926,-1.8379841,0.38651454,-1.2693918,-0.058939405
2022-12-19,-0.29034925,-1.7214819,-0.16118023,-1.4008247,0.19439493
2022-12-20,-0.83219564,-1.4598197,0.36639318,-1.2939345,1.2515026
2022-12-21,-0.41283748,-1.3986372,-0.7521147,-2.069473,0.767408
2022-12-22,-0.12603308,-1.8880754,-0.3414708,-1.8073379,-0.21185046
2022-12-23,-0.60003513,-0.894775,-0.5036366,-1.502795,0.81326854
2022-12-28,-1.3133736,-2.3383257,0.32852942,-1.8741206,0.4926074
2022-12-29,-0.36260116,-1.2332253,0.31150046,-0.84542435,0.5622523
2022-12-30,-0.8010344,-1.3193034,-0.14901666,-1.325494,0.17573893
2023-01-03,0.4217749,-1.7622794,0.67307204,-0.27711758,0.3581344
2023-01-04,0.5461693,-1.699428,0.31246337,-0.5221637,-0.12227025
2023-01-05,-0.5294365,-1.9915972,-0.36819845,-1.3464222,-0.050287295
2023-01-06,-0.62922543,-1.4814771,-0.032774515,-0.94885576,1.0772005
2023-01-09,-0.8210033,-2.0988007,-0.99039835,-0.84838104,1.4206866
2023-01-10,-0.7498729,-1.7820365,-0.35068756,-1.1674404,0.38516703
2023-01-11,-0.79748946,-1.7360728,-0.8083085,-1.2442667,0.7476937
2023-01-12,-0.5906853,-1.4304636,-0.092348784,-1.8605593,0.83342963
2023-01-13,-0.79333866,-1.6134636,-0.25057146,-1.4037538,0.93372685
2023-01-17,-0.21839699,-1.9541681,-0.6625953,-2.246518,0.5791597
2023-01-18,-0.43109438,-2.2881715,-0.73782456,-1.0048743,0.9424603
2023-01-30,-1.17889,-3.55835,2.6092865,-2.4075572,0.17267719
2023-01-31,-0.53949666,-1.7722279,0.027825175,-1.6840336,0.9673719
2023-02-01,0.049507137,-2.1527417,0.6657776,-1.3844117,-0.27942675
2023-02-02,0.06885444,-1.7332226,-0.083967425,-1.2732105,0.63641745
2023-02-03,0.4647212,-2.6192102,-0.3625642,-2.1004207,-0.83879244
2023-02-06,0.2825408,-0.8984266,-0.28009933,-1.8754296,-0.37975788
2023-02-07,-0.63204646,-1.0412816,-0.9773705,-1.6134102,0.63265836
2023-02-08,-0.4392717,-1.2490731,0.2092064,-1.7341927,0.19426438
2023-02-09,-0.16308352,-2.3041682,-0.45798448,-0.7895634,0.556866
2023-02-10,-0.086818606,-0.77103484,-0.26898715,-3.1936781,-0.27433783
2023-02-13,-0.25814646,-1.4419315,-0.5280965,-1.5694346,0.3331722
2023-02-14,-0.10006001,-1.5782875,-0.36480036,-1.6499997,0.37609455
2023-02-15,0.22162464,-1.8118004,-0.5599789,-1.6544291,-0.19068018
2023-02-16,-0.18777928,-1.8096669,0.006289654,-1.2520032,0.69516176
2023-02-17,-0.11846359,-2.0275795,0.37214082,-1.5903211,0.263758
2023-02-21,-0.9063301,-2.281165,-0.41392678,-1.0851482,1.4496828
2023-02-22,-2.1392639,-2.3189542,1.3903818,-1.4743975,-0.5791068
2023-02-23,-0.6520173,-1.3077962,-0.06952241,-1.2598662,-0.5114058
2023-02-24,-0.69540954,-1.3133758,-0.31204814,-1.4570947,-0.8342158
2023-02-27,-0.424233,-1.3631508,-0.260339,-0.2492221,0.7936241
2023-02-28,-0.71925515,-0.91442084,-0.22838463,-0.26543257,0.3408268
2023-03-01,-0.73467577,-1.684514,-0.8619776,-0.9526979,0.9683344
2023-03-02,-0.5754831,-1.1229851,0.099165745,-2.0347142,-0.26425982
2023-03-03,-0.33421224,-1.0241214,-0.35326868,-1.2994803,0.7128907
2023-03-06,-0.5184448,-1.5346252,0.15412879,-1.2575037,0.14591363
2023-03-07,0.5054315,-2.161163,-0.28768477,-2.0778646,-0.7098256
2023-03-08,-0.45870286,-2.263767,0.16436048,-0.9565638,0.23268747
2023-03-09,-0.12613031,-1.4848449,0.31283927,-0.40089443,0.035227083
2023-03-10,-0.4507514,-0.39113286,0.33852556,-1.6383463,0.019473387
2023-03-13,-0.25341055,-0.75273323,0.74708533,-0.056711107,1.0497118
2023-03-14,-0.24838744,-1.7895635,0.3655203,-1.2765416,0.28740633
2023-03-15,0.43503773,-1.7950577,1.2320043,-1.6768657,-0.47748017
2023-03-16,-0.26806536,-1.3156189,-0.21420567,-1.7205764,0.40722126
2023-03-17,-0.63271064,-1.3176489,0.7114362,-0.5759253,0.6135118
2023-03-20,-0.7644936,-1.2752296,0.42150518,-1.0229188,0.3477035
2023-03-21,-0.26436785,-1.6123257,-0.62823194,-1.1585133,0.09375352
2023-03-22,-1.0797542,-1.3781263,0.14662789,-0.35436648,0.28065178
2023-03-23,-0.6556969,-1.4872625,0.5431499,0.17695169,0.5960726
2023-03-24,-0.118898585,-1.6568825,0.11987613,-1.9940689,0.47379968
2023-03-27,-1.0085927,-1.983332,-0.48661783,-1.9146886,0.6266123
2023-03-28,-0.8474288,-1.699107,0.20650975,-1.5350397,0.70235914
2023-03-29,-1.638065,-2.853168,1.2136998,-1.6060483,-0.06304321
2023-03-30,-0.5934709,-0.7853093,0.70299,-1.1204331,0.30734763
2023-03-31,-0.6457173,-1.5065854,-0.0072222766,-1.888428,0.6265729
2023-04-03,-1.3057075,-0.65516555,0.12061672,-1.8620025,-0.19180916
2023-04-04,-0.5750476,0.13625662,1.3432455,-0.64249617,-0.19156861
2023-04-06,-0.13538162,-0.77167976,0.053756334,-0.9334717,0.12927222
2023-04-11,-0.3785281,-1.2023708,0.21391043,-1.8765466,0.13865347
2023-04-12,-0.86216414,-1.4716042,0.10262692,-0.79807156,0.65792865
2023-04-13,-0.7571009,-1.4088162,0.54212004,-0.2272679,0.9395818
2023-04-14,-0.30499095,-2.1651158,-0.32287392,-2.0259306,0.3941612
2023-04-17,-0.004663237,-1.822851,0.011395551,-2.2331374,0.50370353
2023-04-18,-0.2754624,-1.7062482,-0.40412292,-0.99324393,1.2547928
2023-04-19,-0.32411078,-1.794267,0.27953616,-0.93643016,0.084902465
2023-04-20,0.24398382,-1.3101567,0.26550525,-0.8021641,-0.027925529
2023-04-21,-0.16001695,-1.2965131,-0.277386,-1.2886287,-0.17141218
2023-04-24,-0.47151208,-1.0203705,-0.13097183,-1.0671408,-0.09577255
2023-04-25,0.40101057,-0.9713939,0.25188524,-1.2597728,-0.52976656
2023-04-26,0.81470966,-1.6172614,-0.5841519,-0.57762706,0.75764084
2023-04-27,0.7533865,-1.3082145,-1.3682089,-0.33361924,0.650863
2023-04-28,0.22516042,-1.645862,-1.2586539,-2.12085,1.0874025
2023-05-04,0.38421378,-3.3770545,2.7176776,-2.1504867,-0.054016966
2023-05-05,0.2027936,-2.183038,-1.5915908,-2.5462852,1.7738384
2023-05-09,0.7538167,-0.20305271,-1.6748565,-0.64273477,1.0046885
2023-05-10,0.5426589,-0.48847649,-0.6216064,-1.6351364,-0.23767702
2023-05-11,1.0998342,-1.3124486,-1.0307604,-1.6940703,-0.5916368
2023-05-12,0.5218705,-2.2140205,-0.80875677,-1.3323437,0.41234872
2023-05-15,0.7247078,-1.0244412,-1.949547,-0.26688936,0.9898506
2023-05-16,0.9388237,-1.3790622,-1.641165,-0.56423247,-0.029908793
2023-05-17,0.30089208,-1.5002966,-2.1119869,0.048846062,1.0253808
2023-05-18,1.470889,-1.3212849,-1.989752,-1.3607816,0.37608996
2023-05-19,1.0691602,-0.8866649,-1.3347781,-0.02476492,1.048454
2023-05-22,0.8963313,-0.92569256,-1.1411225,-2.5648458,0.72794086
2023-05-23,0.7523454,-0.88138753,-1.1489013,-1.6792052,0.058277518
2023-05-24,0.24502815,-0.6633242,-1.1620657,-2.239782,-0.53310764
2023-05-25,0.32128015,-2.1042325,-0.27193218,-1.4683912,0.1863809
2023-05-26,-0.5004235,-1.9755298,-0.5188457,-1.7445079,1.0975385
2023-05-30,0.5609351,-1.7891513,0.34142816,0.32594687,0.2736313
2023-05-31,1.1084428,-0.88760954,-1.0019319,-1.8515838,0.43779954
2023-06-01,-0.23135546,-1.6310546,-0.56516284,-1.7773657,1.3771971
2023-06-02,-0.2861805,-1.7588787,-1.0886744,-2.7490637,0.7205294
2023-06-05,-0.1854829,-1.0140945,-0.46087617,-1.2065254,0.41663656
2023-06-06,0.13721465,-1.4780539,-0.5424996,-2.013202,0.81901586
2023-06-07,-0.08377597,-1.872947,-1.4337246,-1.0856897,0.81741923
2023-06-08,0.13206282,-1.4169459,-0.14940098,-2.174145,1.1483874
2023-06-09,0.16785435,-1.7854553,-0.6233889,-1.6148221,0.8640154
2023-06-12,0.45144722,-1.8357487,-0.0830949,-1.9447072,-0.011640486
2023-06-13,-0.16935556,-2.044578,-1.5618166,-1.6136733,1.0657358
2023-06-14,-0.1215356,-2.1542158,-0.5101941,-0.80659,1.1778389
2023-06-15,-0.29335663,-1.4267322,-1.1833909,-3.166149,0.9263996
2023-06-16,-0.24756145,-1.5349582,-0.67592055,-3.0320854,0.97924674
2023-06-20,0.2509906,-2.0276256,-0.21592079,-2.2658403,-0.31866935
2023-06-21,-0.18151127,-1.7297311,-0.898942,-2.4548905,0.205496
2023-06-26,0.9744661,-1.1581713,-0.2695543,-1.8269504,-0.5268477
2023-06-27,0.063279204,-2.1777556,-0.6783213,-0.34138003,0.5880894
2023-06-28,-0.39778063,-0.8222365,-0.73690766,0.39299676,-0.6673112
2023-06-29,0.08039474,-1.6094265,-0.8814929,-1.5605718,0.3892759
2023-06-30,-0.23102714,-1.4792546,-0.75778586,-1.9779207,1.155922
2023-07-03,-0.044868745,-1.8571683,-0.3553115,-1.804518,0.7447542
2023-07-05,-0.48467678,-1.2504624,-0.6370001,-1.97185,0.65196675
2023-07-06,-0.15894789,-2.0272286,-0.32245424,-1.6976566,0.13072827
2023-07-07,-0.5539913,-0.74693626,-0.51249796,-0.42689496,0.34937248
2023-07-10,0.088639,-1.2970306,-0.40325326,-1.9127022,0.7149532
2023-07-11,-0.33684415,-1.5696969,-0.76144105,-1.7280008,0.68678355
2023-07-12,-0.6769115,-1.4726926,-0.34381592,0.5964075,1.2671956
2023-07-13,-0.5029343,-1.4665794,-0.24594899,-2.2742395,1.372907
2023-07-14,0.025562784,-1.3512489,-0.22329101,-1.2928287,0.52384335
2023-07-17,0.11086339,-1.0324643,-0.6897082,1.7354152,-0.66076094
2023-07-18,-0.30221683,-0.56142527,0.048890077,-2.034408,0.1520872
2023-07-19,-0.13767378,-1.1250622,-0.1145266,-2.6928258,0.35895875
2023-07-20,-0.078746065,-1.8844036,-0.9058487,-1.8656635,0.7962439
2023-07-21,-0.5817129,-1.0769626,-0.530274,-1.4480252,0.24770966
2023-07-24,-0.48047778,-1.8881133,-0.6314875,-3.3801706,1.0575718
2023-07-25,-0.6716005,-2.161316,-0.5283641,-0.8252351,1.2131525
2023-07-26,-0.43926796,-1.0307401,-0.34776598,-0.60402733,0.027752656
2023-07-27,-0.48506492,-1.6731702,-0.72340447,-1.3299451,-0.30112523
2023-07-28,-0.5042493,-1.4645529,-0.606568,0.17058994,0.58541805
2023-07-31,-0.7031847,-1.2242763,-0.43565065,0.7942805,0.6555299
2023-08-01,-0.29399288,-1.7372924,-0.6885394,-1.7771016,0.049509715
2023-08-02,0.16080356,-1.3025441,0.13404833,-1.2987266,-0.5227608
2023-08-03,-0.11472617,-1.5053834,-1.1959014,-0.84007484,0.50639266
2023-08-04,0.03977215,-1.2287173,-0.6888683,-1.4526985,0.48537892
2023-08-07,0.21025348,-1.6599678,-0.63741696,-1.4006066,0.25705436
2023-08-08,0.015582668,-1.499902,-0.8219271,-2.2232494,-0.13815573
2023-08-09,-0.49952918,-1.4079126,-1.0259358,-1.4418151,0.33913803
2023-08-10,-0.27697796,-1.5097779,0.18892592,-1.3191515,0.2806001
2023-08-11,-0.051534798,-1.2297406,-0.23540452,-1.2842506,-0.020899408
2023-08-14,-0.0671068,-1.6131539,-0.007428753,-1.3192573,-0.11454295
2023-08-15,-0.62262696,-0.81844527,0.23808686,0.5345246,-1.07364
2023-08-16,-0.36166105,-1.6132702,0.391865,-1.74599,-0.026872443
2023-08-17,-0.5427562,-1.7648509,-0.35797215,-1.156635,0.5279422
2023-08-18,-0.7862304,-1.5817986,0.11463031,-1.9567161,0.4329098
2023-08-21,-0.20732437,-1.441484,-0.052604258,-0.6998366,0.52914244
2023-08-22,-0.58205295,-1.7720728,-0.19373521,-0.3841357,0.5765409
2023-08-23,-0.480679,-1.537948,0.4562175,-1.6480951,1.1236411
2023-08-24,-0.09397667,-1.3916782,-0.49030057,-1.4275993,0.5536594
2023-08-25,-0.37403542,-1.2809857,-0.7634507,-1.8978316,0.62611294
2023-08-29,-0.56427443,-1.3100196,0.106123336,-0.17536387,0.7629292
2023-08-30,0.28188267,-1.2645355,-0.47230595,-0.97048026,0.66868436
2023-08-31,-0.4524977,-1.5888805,-0.40658444,-1.3964429,0.1308626
2023-09-01,-0.35438418,-2.0964267,-0.6967943,-1.3711648,1.0218934
2023-09-05,-0.3566934,-1.7217875,-0.78801507,-2.3061616,-0.0803933
2023-09-06,-0.014668959,-1.6554277,-0.31357875,-2.1774817,0.0067867725
2023-09-07,-0.030935932,-1.6315656,-0.59674305,-1.0485768,0.17982936
2023-09-08,-0.14288284,-1.1880151,-0.6887036,-1.5263678,0.0061598825
2023-09-11,-0.71235627,-1.7643793,-0.58356315,-0.99958724,1.0440099
2023-09-12,-0.4744364,-1.2969745,-0.22980602,-1.2867806,0.10166706
2023-09-13,-0.40226927,-1.8490641,-0.45603964,-1.6620095,0.547727
2023-09-14,-0.32150263,-1.5072556,-0.8676617,-1.1322805,0.82165486
2023-09-15,-0.21639468,-1.0353332,0.72871375,-2.3824823,0.110709816
2023-09-18,-0.08925204,-1.4746972,-0.2444511,-0.59139687,0.48289004
2023-09-19,-0.33343428,-1.4005711,-0.2008181,-1.6313021,0.46230388
2023-09-20,-0.27467406,-1.9137418,-0.07601708,-0.83556145,0.61296576
2023-09-21,-0.6017411,-1.2147936,-0.24609067,-0.9158153,-0.7452536
2023-09-22,-0.08597433,-1.6830424,-0.1971733,-1.1803006,0.65284926
2023-09-25,-0.08045047,-1.9028559,-0.37980732,-1.5282303,0.045721322
2023-09-26,-0.019991422,-1.8190163,-0.64576423,-1.6811088,0.30478185
2023-09-27,-0.42458847,-1.8977184,-1.1712582,-1.9468399,0.18403628
2023-10-09,1.7009546,-3.1482158,0.63090324,-0.15829496,0.45025155
2023-10-10,0.11623383,-1.0617119,-0.49257618,-0.940326,-0.009124754
2023-10-11,0.34940597,-1.3532051,-0.17715931,-0.91618943,0.32698235
2023-10-12,0.12755293,-1.7238895,-0.52161396,-2.534326,0.45666975
2023-10-13,-0.8210748,0.3337561,-0.10482088,-1.0246031,0.5956994
2023-10-16,-0.13984385,-1.095359,-0.006620431,-1.1267292,0.28330287
2023-10-17,0.018220674,-1.2123532,-0.29428026,-1.2524507,0.52992266
2023-10-18,-0.14116058,-1.354187,-0.50053024,-1.5288923,0.7087224
2023-10-19,-0.25076407,-1.3481941,-0.10871993,-1.6904224,0.39554372
2023-10-20,-0.47413576,-1.3180143,0.036117047,-0.6039786,0.3561823
2023-10-23,-0.41478154,-2.1118476,0.33097267,-0.97370005,0.07472948
2023-10-24,0.15295048,-2.0604138,-0.28200856,-1.031296,0.5829564
2023-10-25,-1.7387815,-2.4430938,0.06634256,-1.0399534,0.6562464
2023-10-26,-0.14177601,-1.5463841,-0.19471748,-1.351871,0.2131413
2023-10-27,-0.49630296,-1.8426579,-0.80028135,-1.3878746,0.9229373
2023-10-30,0.1400279,-1.6262583,0.3061623,-0.4526136,0.92586493
2023-10-31,0.15277433,-1.2719755,-0.5695693,-1.5832192,0.24387759
2023-11-01,-0.23794903,-2.082685,-0.13036914,-1.117284,0.19457562
2023-11-02,-0.19219452,-1.2092779,-0.7462534,-1.7257626,0.6135728
2023-11-03,0.1416866,-1.7533032,-0.022241171,-1.4186852,0.93581575
2023-11-06,-0.6755779,-2.4201984,-0.50006074,-1.7854964,0.7973512
2023-11-07,0.0051503633,-2.5200093,0.16742498,-1.0991749,-0.19618572
2023-11-08,-0.09425925,-2.4686694,0.10779704,-2.1617515,0.29983744
2023-11-09,-0.5617509,-1.7333552,0.19801581,-1.1248891,0.22047003
2023-11-10,-0.34345278,-1.871097,-0.65766996,-2.0092278,-0.22980876
2023-11-13,-0.12921044,-1.1642017,-0.55166376,-2.1968975,0.8866234
2023-11-14,-0.6718476,-1.5469875,0.06758476,-0.8738094,0.9815445
2023-11-15,-0.30850425,-1.5760442,-0.18337211,-1.1821499,0.8058582
2023-11-16,0.09604047,-1.6290623,0.8638318,-0.7694308,-0.006409731
2023-11-17,-0.6823122,-1.3514367,-0.5514427,-0.82030475,0.21269882
2023-11-20,-0.5007567,-1.3616366,-0.6214,-1.5831499,0.91840535
2023-11-21,-0.6137989,-1.2028679,0.0779891,-1.4146359,0.54171526
2023-11-22,-0.30362144,-1.4325439,0.09117812,-1.4931167,-0.27079108
2023-11-24,-0.88050556,-1.8696897,0.7103461,0.23289546,0.16661136
2023-11-27,-0.40053073,-1.3457233,0.2668089,-0.9078025,0.09602923
2023-11-28,-0.63516676,-1.1215808,-0.02200541,-1.494708,0.9186624
2023-11-29,-1.8251503,-2.1852844,0.8473723,-1.877067,0.030372357
2023-11-30,-0.31374863,-1.7865024,0.5644373,-1.7778215,0.18898882
2023-12-01,-0.2284498,-2.2001202,0.6191678,-0.27550244,0.6525911
2023-12-04,-0.45899934,-1.9935968,0.036307365,-2.0719588,-0.7680491
2023-12-05,-0.12769467,-1.5572797,0.17835172,-1.7611281,-0.31800526
2023-12-06,-0.51729745,-2.5923862,0.6836965,-0.43015924,-0.369444
2023-12-07,-0.5378063,-1.9493594,0.16959661,-2.0165224,0.65108514
2023-12-08,-0.1619781,-1.7593626,-1.1411223,-1.2839,0.48642096
2023-12-11,-0.023975909,-1.6366915,-0.71730083,-1.559201,0.31391528
2023-12-12,-0.0117268525,-2.1042206,0.47437912,-1.324048,0.41386297
2023-12-13,-0.0060311616,-1.5810416,-0.7645946,-0.5637039,0.38062066
2023-12-14,-0.57330626,-0.6706748,-0.3816501,-0.2648994,1.5410903
2023-12-15,-0.06398052,-1.7445778,-1.0083773,-2.5276868,1.0534825
2023-12-18,-0.13979265,-1.0105845,-0.7851901,-1.2965797,0.44477123
2023-12-19,-0.43462718,-1.3355643,-0.592616,-0.9703643,0.7355708
2023-12-20,-0.17680958,-1.3958063,-0.51765835,-0.7148791,0.37948295
2023-12-21,0.043426804,-1.5658067,-0.43947446,-1.1065013,0.36234695
2023-12-22,-0.3498413,-1.889551,-0.23844524,-1.015911,0.7887656
2023-12-27,-0.7684585,-1.9921154,-0.09925432,-1.4947518,1.1211687
2023-12-28,-0.15212357,-1.7441272,0.25188595,-1.5299938,0.4135059
2023-12-29,0.14579721,-1.8909376,-0.79019564,-1.1309596,0.35891262
