date,F1,F2,F3,F4,F5
2013-10-21,0.5637423,0.20833732,0.09164964,-0.7032707,0.24022749
2013-10-22,0.8502491,-0.95352316,0.09669732,-0.8945874,0.52398676
2013-10-23,-0.513841,0.9846699,-0.057608526,-0.15514362,-1.157592
2013-10-24,0.8235992,-0.5741733,0.738651,-0.7044142,-0.5175903
2013-10-25,0.14587504,-0.14246084,0.6694531,-0.089151695,0.07863409
2013-10-28,0.17993203,-0.8444697,1.7356998,0.040810447,-0.06984473
2013-10-29,0.1318099,0.71017694,0.33777282,-0.10583697,-0.010324628
2013-10-30,0.95237553,-0.5253487,0.29879794,-0.26371875,-0.2288438
2013-10-31,-1.0424178,1.3363624,1.0968589,0.2711606,-0.13873316
2013-11-01,-0.58498317,0.067213744,-0.008084513,-0.73157966,0.08570708
2013-11-04,-0.29880315,-0.00078878313,0.5643461,-0.16223171,-0.6852609
2013-11-05,-0.015066504,0.2575781,0.5616903,-0.23258968,-0.16857079
2013-11-06,0.50545603,-0.38708615,0.5357593,-0.17142694,-0.57371306
2013-11-07,-0.037538964,0.7149559,-0.04960173,-0.31396753,-0.16095263
2013-11-08,-0.23675193,1.1658553,0.33874917,0.79442436,-0.025723951
2013-11-11,-0.024248391,0.28928933,0.3925208,0.61842686,-0.49741146
2013-11-12,-0.23524489,0.90519667,0.103680015,0.1277555,-0.41103074
2013-11-13,-0.30759698,0.36310413,0.8607168,0.40944105,-0.21296676
2013-11-14,1.0354486,-0.6113255,0.7243834,-0.5380286,-0.99464756
2013-11-15,0.41914558,-0.4498233,0.9925092,-0.4180689,-0.28922027
2013-11-18,-0.88913655,0.4798407,0.8843048,0.18645674,0.008879155
2013-11-19,0.15059285,-0.114876516,0.05079689,-0.39898682,0.668734
2013-11-20,-0.36348984,0.4561327,0.67668146,0.8103957,-0.59603727
2013-11-21,0.05397547,0.4272725,0.36351094,1.1422989,0.006648799
2013-11-22,0.3764996,0.6813982,0.08307212,0.06646587,0.23297781
2013-11-25,0.16369116,0.6140073,-0.3429644,-0.09109278,-0.2925036
2013-11-26,0.19913249,0.12882146,0.58109194,-0.015488107,-0.5586904
2013-11-27,-0.22555529,0.4193353,0.7299037,0.17591675,-0.8951252
2013-11-29,1.1546283,-0.25265643,-0.52988833,-0.5309284,-0.111554734
2013-12-02,-0.84446335,0.888029,1.265476,0.70152533,-0.23787327
2013-12-03,-0.11303341,-0.024869695,0.40527442,0.5300597,-0.27587137
2013-12-04,1.4672792,-0.9173008,-0.28610608,-0.90573925,0.5655163
2013-12-06,-0.37043458,0.904025,0.548154,0.23174277,0.4702088
2013-12-09,0.8104429,0.34662804,-0.6393702,-0.6768649,0.19815278
2013-12-10,1.0911486,-1.390103,0.02985357,-0.71850145,-0.08309041
2013-12-11,0.49905697,0.6603942,-0.21071833,0.018324595,0.21609515
2013-12-12,-0.72646785,1.0132743,1.4387081,0.18786643,-0.34201452
2013-12-13,0.613198,-0.44996306,0.5803083,-0.78377897,0.18967779
2013-12-16,1.9073519,0.64964837,0.31961372,-0.45070624,-1.094115
2013-12-18,-0.74574006,-0.41896003,0.89202625,0.18071438,0.12135224
2013-12-19,-0.8474852,1.5429668,0.4862236,1.0857652,-0.19150516
2013-12-20,0.87527966,-0.4785781,-0.13322276,-0.04333266,0.62503284
2013-12-23,-0.17032921,-0.010371013,0.8889295,-0.07590648,-0.4827979
2013-12-24,0.35779005,-0.39173684,0.22671556,-0.1631064,0.43850505
2013-12-27,1.4107908,-1.1209774,0.3375718,-0.6762137,0.5832553
2013-12-30,-0.5763328,0.81304514,0.7031888,-0.14162514,-0.14556396
2013-12-31,-0.519797,0.004037663,0.5623359,0.064946085,-0.29296398
2014-01-02,0.8258443,-1.0571764,-0.076201536,-1.3551158,-0.6786352
2014-01-03,-0.039665405,-0.37314433,-0.41947448,-0.26490226,-1.3398918
2014-01-06,-0.2688405,-0.06395086,-0.29990244,0.21295369,0.04077231
2014-01-07,0.14655384,0.8217015,0.6773366,0.0094553055,0.27778298
2014-01-08,-0.21818978,-0.15166655,1.1070657,-0.31338793,-0.47004256
2014-01-09,0.04506669,-0.11355783,0.49189186,-0.57717824,-0.65553695
2014-01-10,1.132034,-0.68390346,-0.68601334,-0.15261224,0.11515979
2014-01-13,0.5759688,0.2616462,-0.18946247,-0.2567459,0.41482523
2014-01-14,0.6984689,1.0283293,0.21872967,-0.14202385,-0.32038164
2014-01-15,0.47994515,0.12106308,1.3543895,-0.085217476,0.3763073
2014-01-16,-0.07155744,0.14470224,-0.593315,0.2195612,0.06250391
2014-01-17,0.8552479,-0.6773739,0.7205596,-0.6009233,0.065642215
2014-01-21,-0.10272655,0.4825448,0.88330764,0.25587243,-0.31215975
2014-01-22,0.28016108,0.058126967,0.74182826,0.4673862,-1.0136579
2014-01-23,0.24550854,-0.57508844,-0.17827082,0.049342867,-1.5339197
2014-01-24,-0.27190146,0.38647005,0.37709558,0.69399816,-1.2533704
2014-01-27,-0.14054894,0.14294617,0.845126,-0.8832374,-0.04171702
2014-01-28,-0.39338955,0.40563825,0.37997267,0.8034541,-0.17431127
2014-01-29,0.20615159,-0.60057455,0.81540483,0.23827194,-1.6709204
2014-02-10,0.8186698,0.4893913,-2.2708225,-0.11084413,0.8165283
2014-02-11,0.7348385,-0.0034977333,0.014203384,0.030169725,-0.93989104
2014-02-12,0.6603005,-0.77856,0.20635226,-0.409671,0.63254124
2014-02-13,0.4615406,0.21208929,-0.12994808,0.34209177,-0.9024314
2014-02-14,0.93166226,-1.3666346,-0.14068191,-0.45930338,-0.23003808
2014-02-18,1.0998988,-0.092988096,-1.193995,0.9467312,-0.81759346
2014-02-19,0.20577554,-0.44518152,-0.21724753,0.88567466,-1.1326551
2014-02-20,-0.052103784,0.5267131,0.55949247,0.17360288,-0.20930305
2014-02-21,0.49257734,-0.0014408285,-0.29085657,-0.39079878,-0.3403395
2014-02-24,0.35684228,-0.41078013,-0.60207057,-0.42768848,0.7400275
2014-02-25,0.1882313,0.31300223,0.067404665,-0.54766285,0.33211747
2014-02-26,-0.43852818,0.80333817,0.8758493,0.28083193,0.7055314
2014-02-27,0.6439104,-0.24931875,0.5997868,-0.9992,0.25590453
2014-02-28,0.52438664,1.2433403,0.030733993,0.427166,-0.6256339
2014-03-03,-0.25267828,-1.1739904,-0.9869869,1.0369817,-0.13648748
2014-03-04,0.49074578,1.2454004,-0.47028503,0.014224812,0.89153147
2014-03-05,0.035467587,-0.47838992,-0.5024192,-0.57818216,0.35227603
2014-03-06,0.70982534,0.25333467,-0.96063924,0.12234297,-0.15948604
2014-03-07,-0.63413805,1.0337268,0.4589866,0.83526456,-1.2356347
2014-03-10,-0.33496162,-0.7780588,0.57521087,-0.3861354,-0.5823982
2014-03-11,-0.58550656,0.0734498,-0.24461518,0.60023916,-1.3323185
2014-03-12,0.7170505,-0.6762562,-0.2076848,-0.7407285,-0.510503
2014-03-13,-0.08088262,0.14849897,0.20974568,-0.19393983,-0.5025468
2014-03-14,0.47727892,-0.17389642,1.1421416,-0.3406996,-0.51654804
2014-03-17,0.21865866,1.2463998,-0.07789712,-0.3851665,-0.7063978
2014-03-18,-0.15306358,0.8610353,-0.67048985,0.7657868,0.82634324
2014-03-19,-0.3902195,0.70128536,-0.50479007,0.32984293,0.6169071
2014-03-20,-0.8590564,0.4318835,1.4408878,0.14390734,-0.7126378
2014-03-21,0.34699202,-0.30199835,0.9849105,-0.26606655,0.031786337
2014-03-24,-0.5022341,0.9343947,-0.35107788,0.52173907,0.27851045
2014-03-25,0.5456641,0.45670453,0.15050608,-0.24267268,1.0562553
2014-03-26,-0.30654946,0.27934515,0.94173807,0.25964433,-0.8261178
2014-03-27,-0.04775147,0.3830105,-0.264513,0.87104094,-0.19464242
2014-03-28,0.44495928,-0.23473604,0.45659673,-0.2830321,0.29779494
2014-03-31,0.18116462,0.82098347,-0.34359205,-0.18129805,0.59989846
2014-04-01,0.32369664,0.6690124,0.06897931,-0.5054696,-0.098597944
2014-04-02,0.6415252,-0.9031456,1.0501351,-1.1551721,0.13920309
2014-04-03,0.03535021,0.36601532,0.04726117,0.81368387,0.030095644
2014-04-04,0.4841347,-0.9085171,-0.069952324,-0.12479771,-0.22641413
2014-04-08,0.52147937,-0.15079705,-0.18571158,0.42974168,-0.3070636
2014-04-09,0.3053216,0.16798748,0.8217068,0.3163096,0.05325595
2014-04-10,0.89040333,-1.1407489,0.49613,-0.7131881,0.028867943
2014-04-11,0.15983431,0.018427357,1.0615885,-0.28782815,-0.40166703
2014-04-14,0.7266215,0.30344403,-0.60096306,0.23459904,0.10388513
2014-04-15,-0.7005651,1.5738972,0.0749328,0.5873549,0.1029724
2014-04-16,0.5330177,0.14937072,0.21299542,-0.15853259,0.8687533
2014-04-17,0.5331521,0.09031844,0.38283464,-0.013039417,-1.0996153
2014-04-22,-0.19018094,0.21036512,0.7803435,-0.2504163,0.8008435
2014-04-23,0.16586432,0.09789351,-0.57979864,0.122987874,-0.6388945
2014-04-24,0.67392904,-0.39869112,0.24020989,-0.19609244,0.2113575
2014-04-25,0.32000738,0.55667096,-0.78832424,-0.22019173,-0.23433176
2014-04-28,0.042640597,0.6935748,0.23133571,-0.15821096,-0.6655978
2014-04-29,0.10622078,0.43291113,-0.72462195,0.70985895,-0.6324387
2014-04-30,-0.15994513,0.9532919,-0.004497619,-0.4874393,-0.20247743
2014-05-06,-0.20813581,-1.5780365,-0.0886672,-0.88804483,0.057108495
2014-05-07,-0.74844646,0.24512495,1.3208258,0.5236228,-0.14056316
2014-05-08,0.41813472,0.8102985,-0.043843556,-0.24276556,0.80973893
2014-05-09,0.18538195,0.28690422,0.6395094,-0.3567968,0.34118152
2014-05-12,0.93317974,-1.1341332,0.5353843,-0.7222862,1.0372368
2014-05-13,-0.19432366,-0.060672496,-0.27559304,0.46262953,0.16079639
2014-05-14,0.70661116,-1.1095477,0.9553263,-0.4047267,0.32422307
2014-05-15,-0.5775856,-0.18171321,0.97300434,0.35187814,-1.8047417
2014-05-16,0.1497684,0.31234634,1.0944566,-0.4637512,0.040290076
2014-05-19,1.0258914,0.5152888,0.5378942,-0.6868578,0.2767612
2014-05-20,0.030297423,-0.4424132,0.6670855,-0.11293824,-0.5841048
2014-05-21,0.029535266,0.6254994,0.26830792,0.4082848,-0.316797
2014-05-22,0.57205915,-0.49093017,0.32024837,-0.5954469,0.7406761
2014-05-23,-0.19558057,-0.13789923,0.8376676,0.055918723,0.27076724
2014-05-27,-0.46207795,0.32509956,1.5913067,-0.16136178,0.21159679
2014-05-28,-0.06489075,0.40531224,0.284405,-0.11510637,-0.0038564964
2014-05-29,0.21636048,0.29289874,0.31888902,-0.014674053,-0.3249055
2014-05-30,-0.2522171,0.6545374,0.90791625,-0.48239824,0.048378594
2014-06-03,0.39310473,0.33293164,0.95937616,-0.8670665,0.36004072
2014-06-04,-0.06558283,0.10048768,0.19488278,0.022250963,-0.54365486
2014-06-05,0.61588615,-0.79821724,1.0187886,-0.56884855,-0.4413753
2014-06-06,0.13084687,0.41621664,-0.63913864,0.28384888,-0.004426797
2014-06-09,0.85186505,0.14054449,0.9646155,-0.4572632,0.26292256
2014-06-10,0.6473339,-0.2290929,0.2348593,-0.61393183,-0.37675136
2014-06-11,-0.07905485,-0.62486106,1.2478262,-0.06263946,-1.1335552
2014-06-12,0.28837892,-0.403712,0.6594299,0.543557,-1.6876396
2014-06-13,0.45165536,0.44578096,-0.66830575,0.4175767,0.22513469
2014-06-16,0.72768724,-0.06524056,0.465951,-0.18519369,-0.20661412
2014-06-17,0.3735171,0.102781825,0.41205412,-0.1285318,0.5031686
2014-06-18,0.31957483,0.363131,-0.6283516,0.15949987,0.33497855
2014-06-19,1.30641,-1.3343713,-0.37745836,-0.40548715,-0.45486256
2014-06-20,0.29416382,-0.46867943,0.29635993,-0.32073712,0.18284686
2014-06-23,0.41975686,0.06471656,0.52309215,-0.58894336,0.27797803
2014-06-24,0.38419732,-0.6112508,1.4216378,-0.30173227,-0.8118033
2014-06-25,0.46995214,0.037747514,-0.025794407,-0.41577175,0.23655315
2014-06-26,0.09747523,0.54797053,-0.027167208,-0.26098657,0.34379783
2014-06-27,0.19104162,0.1067568,0.64546794,-0.30455852,-0.6731661
2014-06-30,0.31308272,-0.75116396,1.6237358,-1.031591,0.0031923838
2014-07-01,-0.21576457,-0.9097873,0.14789678,-0.15411894,0.10563347
2014-07-02,0.84608597,-0.31498265,0.68377376,-1.0440898,1.2720175
2014-07-03,0.2592041,0.7922321,0.26315427,-0.11937492,0.0011242839
2014-07-07,-0.20300636,-0.26303273,1.6010209,-0.6668981,-0.1690099
2014-07-08,0.07655606,-0.4282727,0.4668002,-0.64633054,0.42540273
2014-07-09,0.10684658,-0.5442433,0.6322181,-0.64498407,-0.36035088
2014-07-10,-0.07942952,-1.3145792,1.2479132,-0.48010224,-0.36550504
2014-07-11,0.33454895,-0.17988378,1.2543056,-1.0136712,0.1518503
2014-07-14,-0.8528531,0.8167576,0.43130213,0.59800875,0.44376248
2014-07-15,-0.16918984,-1.039181,2.0724776,-0.97220397,-0.18972658
2014-07-16,-0.27706096,-0.022710426,0.04863642,0.25814548,0.2734844
2014-07-17,0.9541715,-0.68666035,0.3986921,-0.55639476,0.011463786
2014-07-18,-0.16909744,0.21707267,0.87552315,-0.066319786,-0.49374682
2014-07-21,0.6072177,-0.47629693,0.80191815,-0.61847484,1.0887057
2014-07-22,0.6696793,0.6554519,0.6874765,-0.5568733,0.46948457
2014-07-23,0.327868,0.53708076,-0.05344501,0.06541297,-0.44408152
2014-07-24,-0.114856645,0.7289483,0.85385865,-0.1320849,0.6772042
2014-07-25,0.47774094,-0.3816968,0.21081385,0.08058954,-0.8135222
2014-07-28,0.520408,0.6948449,-0.18650798,-0.2507656,0.09364647
2014-07-29,-0.23042147,-0.30564052,1.487651,-0.121043384,-1.0734819
2014-07-30,0.27068385,-0.07268538,0.24579036,-0.6143813,1.0786872
2014-07-31,-0.5986762,0.30286574,0.29970804,0.24844985,-0.77703047
2014-08-01,0.11977269,-0.083137564,0.20196818,-0.6754558,-0.6868261
2014-08-04,0.53736466,0.922296,-0.45483732,0.18247339,1.083919
2014-08-05,-0.41970962,0.44455197,0.7554392,-0.1252483,-0.5954063
2014-08-06,0.6363145,-0.1644159,-0.9487643,0.27686068,-0.74251044
2014-08-07,0.062231515,-0.48705158,0.9584795,-0.13590552,-0.07971013
2014-08-08,-0.16622002,0.13400586,0.47310275,-0.063447565,-0.31716508
2014-08-11,0.44721636,0.36150923,-0.45952412,0.010115582,-0.13148795
2014-08-12,-0.30847204,-0.37798098,0.8952288,-0.48948073,0.16861834
2014-08-13,-0.35250658,-0.5444696,0.92598504,0.0742984,-0.91933554
2014-08-14,0.14218818,0.15946145,0.16613573,-0.88099486,-0.8543488
2014-08-15,-0.79810786,-0.6657401,1.5948902,-0.38671666,0.72655255
2014-08-18,0.3461713,0.63795495,0.21757129,-0.74278086,0.23553129
2014-08-19,-0.07294858,0.6469537,0.3457508,0.09522378,-0.100444354
2014-08-20,0.5122538,0.040078733,0.1966744,-0.2575353,1.7534472
2014-08-21,-0.18122935,1.1873404,-0.3054158,0.57200027,-0.12886149
2014-08-22,0.665304,0.9004271,-0.34746256,-0.2697126,0.054883204
2014-08-26,0.15513992,-1.2788179,1.6871588,-0.3757771,-0.6770705
2014-08-27,0.087794565,0.2535302,0.063200295,0.06916559,-0.2008446
2014-08-28,0.27281484,-0.2530117,0.22372878,-0.007884308,-1.137775
2014-08-29,0.46155414,0.26925975,0.6546819,0.011334026,-0.08287212
2014-09-02,-0.86037505,0.68247145,-0.13586028,-0.59547776,1.1810586
2014-09-03,0.26900318,-0.51698023,1.9117393,-0.17610553,-0.7171623
2014-09-04,0.7105337,0.38033482,0.7327952,-0.7864782,0.3312945
2014-09-05,0.6248738,1.2318255,-0.6257445,-0.16951448,-0.37162337
2014-09-09,-0.7613036,0.72296524,0.9503174,0.11240041,-1.554581
2014-09-10,0.053206787,0.7523263,0.10101297,-0.48645398,-0.14748022
2014-09-11,-0.65446657,-0.1332765,1.109663,0.14299026,-0.3491838
2014-09-12,0.19014718,0.74512476,0.15783891,-0.049273156,-0.13456427
2014-09-15,-0.31343094,-1.0219661,1.4387555,0.09143184,-1.2293175
2014-09-16,0.81655955,-0.5625373,0.8655915,-0.1421923,0.60606897
2014-09-17,0.013292826,0.3624877,-0.25409847,0.20941569,-0.26008224
2014-09-18,-0.7893698,-0.080309935,1.5302945,-0.57751876,-0.13165675
2014-09-19,-0.40353107,0.19235356,1.7821028,0.112343915,-0.38131794
2014-09-22,-0.77014184,-0.47140855,0.21469213,-0.057913754,-0.7458139
2014-09-23,0.18672459,-0.50891966,0.8318398,-0.20354423,-0.1638226
2014-09-24,-0.17910387,-0.16543722,-0.18921776,0.5802903,0.56682444
2014-09-25,-0.24281955,-0.14502335,1.1252282,0.17865449,-0.53367466
2014-09-26,-0.32742023,-0.0412335,0.2121191,0.1192727,0.032019436
2014-09-29,0.28568912,-0.109764956,-0.57146,0.59032404,0.13659886
2014-09-30,-0.7770324,0.62146914,0.5913165,-0.72194594,-0.32613784
2014-10-08,0.78096956,1.2649354,-2.024505,-0.27275565,0.43231395
2014-10-09,0.9949445,-0.5421295,0.030971298,-1.0274215,-0.27626494
2014-10-10,-0.28590056,-0.21294919,1.4714655,-0.24971862,-0.56499684
2014-10-13,0.63238746,0.8866231,-1.3021157,0.10221923,0.10304632
2014-10-14,0.22681251,0.48525754,-1.4097543,-1.0307552,0.61576843
2014-10-15,-0.6444808,-0.5683664,1.2202972,-1.0263914,-0.24150059
2014-10-16,-0.17719677,0.65943056,-0.2525197,0.7813216,-0.6839658
2014-10-17,0.29651913,-0.5045652,1.3090492,-0.3464931,0.9064829
2014-10-20,0.57023525,0.25261536,0.6855291,-0.86848986,-0.36608392
2014-10-21,0.6990701,-0.01669717,-0.48720032,0.12135261,0.014800625
2014-10-22,0.003056477,1.0482507,0.33849233,-0.48942664,0.7714118
2014-10-23,0.058243126,1.2692486,0.004713023,0.85391825,-0.034313057
2014-10-24,0.06314249,-0.25277245,0.80346876,-0.56072813,-0.5354435
2014-10-27,0.44166163,0.9684652,-0.3692005,-0.1105892,0.20425852
2014-10-28,0.7031579,0.07229166,-0.38701606,0.2863593,0.23978987
2014-10-29,0.5063092,0.8347933,-0.91708183,0.8572227,0.9176766
2014-10-30,-0.9431082,1.2667006,1.0991162,0.17723018,0.22002287
2014-10-31,-0.35908827,1.5125957,0.09986664,0.35657358,0.23042151
2014-11-03,0.06202871,-0.44830155,0.41148543,-0.6697887,-0.32843015
2014-11-04,-0.74189985,-0.08125356,1.2966995,-0.75958073,-1.170562
2014-11-05,-0.748271,1.1349511,0.54017055,0.69155926,-0.06526244
2014-11-06,0.2826133,0.51136464,0.31589243,0.17366461,-0.15826698
2014-11-07,1.1634122,-0.9425856,0.26007438,-0.2921046,-0.67247987
2014-11-10,-0.46371037,0.25069585,0.50150514,-0.19905609,-0.2529087
2014-11-11,0.3698628,0.81279653,-1.356867,0.22005801,0.63176966
2014-11-12,-0.16164419,0.01882604,-0.007679611,-0.24278691,0.32701182
2014-11-13,-0.14647318,0.7688839,-0.5415147,-1.1140565,-0.67194885
2014-11-14,0.9095134,-1.7916352,0.5578111,-0.3400003,-0.49708325
2014-11-17,-0.36307144,0.19022529,0.55891967,0.3657299,-0.5381562
2014-11-18,0.31635326,-0.53480154,0.32432666,-0.5738922,-0.6262044
2014-11-19,0.38896015,-0.7401127,1.0065217,-0.50252396,0.14185585
2014-11-20,-0.25471908,0.681764,-0.6226153,0.72878945,0.26838803
2014-11-21,1.084474,-0.15473749,-0.11131512,-0.28075764,0.874396
2014-11-24,-0.31033078,0.15082742,0.5142309,-0.13996218,-0.13695341
2014-11-25,0.3789078,0.4697589,-1.1780628,-0.04652033,-0.69251245
2014-11-26,0.06458264,0.2763145,-0.4576143,0.19458257,-0.07124267
2014-11-28,-1.5704944,1.8117715,0.050499566,-1.5664351,-0.4554585
2014-12-01,1.5417709,-1.632941,-0.4179872,-0.7928879,0.014819886
2014-12-02,-0.7820146,0.84222853,1.1821526,-1.0289364,-0.30564058
2014-12-03,0.25273973,-0.18613715,0.19170442,-0.46183363,-0.0050651403
2014-12-04,0.26259983,0.12160944,-0.43834412,-0.5374738,1.3633051
2014-12-05,-0.75480914,1.4709418,-0.34753692,0.59640884,-0.22410658
2014-12-08,-0.34205443,0.17722936,-0.6312767,-1.3140622,0.12745954
2014-12-09,1.3254368,-1.4764606,-0.06253375,-0.3512995,-0.6887673
2014-12-10,-0.3881874,0.3745373,-0.19963771,-1.0802352,-0.8776855
2014-12-11,0.21331388,0.9532397,-0.5299475,0.022734482,0.17713691
2014-12-12,-0.26715913,0.92479223,-0.8921707,-0.23715466,-0.19008479
2014-12-15,-1.094923,1.237486,-0.22193538,0.4237031,0.10813912
2014-12-16,-1.480964,0.76803243,0.82552236,0.019811215,0.15557766
2014-12-17,-0.54230994,-0.40269005,-0.40626374,0.8676445,0.24829072
2014-12-18,-0.39843374,0.34800825,-0.99809575,-0.3796458,-0.107938975
2014-12-19,0.021838903,-0.86260664,0.90792924,0.30772632,0.7874184
2014-12-22,-0.36795855,1.3813226,0.3258827,-0.43339467,0.7919783
2014-12-23,-0.15275776,-0.5097578,0.3758485,1.0041045,-0.54662883
2014-12-24,-0.4771383,0.036429346,0.66043496,-1.1295372,0.0835726
2014-12-29,0.7684869,0.96161413,-0.75874394,-0.9219988,-1.055896
2014-12-30,0.79410595,-1.4844377,0.38609695,-0.88470405,0.35321647
2014-12-31,-1.0060934,0.30188158,1.5030621,-0.55320054,0.4219218
2015-01-05,0.43422818,0.48795715,-1.6656477,-1.3993491,-0.5934467
2015-01-06,0.39435792,-0.35911277,-1.164701,-0.7722439,-0.43730626
2015-01-07,0.1684347,0.42037728,0.7765741,-0.5247343,0.050160635
2015-01-08,-0.13501586,-0.35517895,0.54565334,0.06809612,0.8409894
2015-01-09,-0.44395274,-0.39689195,-0.61247617,-0.008110943,-0.5626439
2015-01-12,-0.33054444,-1.0269614,0.5191857,-1.5378615,-0.06992782
2015-01-13,-0.12559256,-0.9292881,0.55535764,-0.5833833,-1.4828712
2015-01-14,-0.66474456,-0.4113291,0.9432705,1.2921188,-1.6602494
2015-01-15,0.836387,-0.5938505,-0.5363375,-1.0861477,0.70018363
2015-01-16,1.4903945,-0.73110455,0.4524811,-0.05902455,0.8851141
2015-01-20,-0.09801863,-0.5735698,-0.2207176,-1.5141535,0.84456694
2015-01-21,0.63873273,-0.28459042,0.7536176,0.10475511,0.27107483
2015-01-22,0.09924187,-0.53904796,0.8190793,-0.7991833,-0.23425548
2015-01-23,-0.7976377,-0.04215885,0.6283248,0.53682756,-1.7764245
2015-01-26,0.25925246,0.8893139,0.2295614,-0.5779602,1.7324033
2015-01-27,0.37386197,-0.5411961,0.8645388,0.24093676,-1.7208432
2015-01-28,0.3348814,0.29369342,0.8875454,-1.0135313,0.22327363
2015-01-29,-1.5532973,1.5028168,1.2408216,0.3180742,0.33387774
2015-01-30,1.2082808,-1.6732802,1.0757302,0.36379683,0.55359644
2015-02-02,0.15540703,-0.76770777,1.5409256,1.4116507,-0.20117426
2015-02-03,0.47753856,0.35034618,-0.57597136,1.905116,0.68987226
2015-02-04,-0.12791726,0.27483356,-0.43665892,-1.9869449,0.11640247
2015-02-05,0.23485349,0.14922267,0.28490365,1.1260489,0.49823844
2015-02-06,-0.44228864,0.8469507,1.2053818,1.0679177,0.12990355
2015-02-09,0.6766061,-0.3508963,-0.042032514,0.42449144,-0.12135314
2015-02-10,-0.5712734,0.8004649,0.7214007,-0.6019896,-1.3019795
2015-02-11,-0.35337642,0.9113225,-0.25652358,0.006459998,-0.2873115
2015-02-12,0.49689898,-0.8362824,0.7762148,0.86092716,0.9122345
2015-02-13,0.8083464,-0.61352,0.531715,1.1342362,-0.7876053
2015-02-25,-0.1833794,1.405552,1.8084015,0.30190492,-1.3401326
2015-02-26,0.60406697,0.2861008,-0.23616558,-0.90960675,1.1700569
2015-02-27,-0.066421784,-0.65845704,0.45555398,1.6322759,-0.33489203
2015-03-02,-0.3790274,0.05699471,0.5083409,-1.318577,-0.34115422
2015-03-03,-0.92328644,-0.12757535,0.8082964,0.79118735,-0.004148589
2015-03-04,0.5162865,0.085520975,0.73650444,-0.42616332,-0.70581853
2015-03-05,-0.1782702,-0.10754977,0.73175466,-0.3774974,-0.10193982
2015-03-06,-0.70883876,1.431808,0.33528125,0.17601271,0.11408699
2015-03-09,0.17968701,0.43592343,-0.11366835,-0.6491389,1.0171254
2015-03-10,-0.6424727,0.8962271,0.15313965,-0.53847045,-1.0406282
2015-03-11,-0.6989427,0.746081,0.4327216,0.7523972,-0.32774332
2015-03-12,0.6386577,0.2793591,-0.19554074,-1.0206563,0.8032252
2015-03-13,0.061113477,0.091586925,0.6246777,-1.9138613,0.34493238
2015-03-16,1.072326,0.9786108,-0.47501776,-0.7617599,-0.48958224
2015-03-17,-0.40280473,-0.3117248,1.4417872,-0.041100215,-0.42691332
2015-03-18,0.22252427,0.3923542,0.12695311,1.394999,-1.1377062
2015-03-19,1.0018029,-1.0861797,-0.1872097,-1.3188345,1.0945435
2015-03-20,1.3666015,-0.79999596,-0.9460311,-0.107315965,0.7008347
2015-03-23,0.8363665,0.672339,-0.36402687,0.10775833,0.42181873
2015-03-24,0.29704845,0.13346535,0.6370991,-0.51390386,-0.61644185
2015-03-25,-0.03264205,-0.7319891,0.63794225,0.6353104,-0.5528896
2015-03-26,0.6117489,-1.052598,1.7010863,0.49593022,-0.1591002
2015-03-27,-0.2882224,1.1096941,-0.38142422,-1.2393414,-0.37995592
2015-03-30,-0.6501399,1.3318093,0.0014746058,-0.07977125,0.7511124
2015-03-31,0.12759203,-0.28472453,0.9519726,-0.6846481,-0.9151712
2015-04-01,1.0554084,-1.1370124,-0.5966741,0.5695127,-0.06115724
2015-04-02,-0.017217932,1.1921601,-1.2570062,-0.26222062,0.2490337
2015-04-07,0.50722706,-1.3946002,1.6705228,1.1990267,0.10926036
2015-04-08,-1.1364158,0.8768056,-0.4084727,-0.9376297,0.69218075
2015-04-09,-0.5199397,-0.1977771,1.5237765,0.35677055,0.32493356
2015-04-10,0.019435568,-1.2123727,0.41574374,0.40577385,0.3732651
2015-04-13,-0.074433744,-0.2013789,1.694071,0.06601469,-0.29529175
2015-04-14,0.06983544,0.26321763,0.42537895,0.6970802,-0.17260444
2015-04-15,0.77064586,-0.7828944,1.1265172,1.0826511,-0.2661273
2015-04-16,1.5390025,1.0094805,1.2401826,0.07113729,-1.2701218
2015-04-17,-0.17288922,-0.22905318,0.18378879,-0.1671021,-0.4896343
2015-04-20,-0.43937004,1.0063169,0.598286,0.12360765,-0.17405418
2015-04-21,0.70923036,0.02868221,0.1766914,-0.8619724,-0.72774297
2015-04-22,-0.7664938,0.26340306,0.62269276,0.7616019,0.28237313
2015-04-23,0.6101849,-0.14333533,0.08430638,0.99395996,-0.24114673
2015-04-24,0.35588834,0.5760365,0.9343728,-0.35881686,1.4128354
2015-04-27,1.4287114,-1.4624784,0.28156444,-1.043599,0.26976174
2015-04-28,0.74972373,-0.3069561,-0.20473352,-0.30520514,-0.32530406
2015-04-29,0.3627874,0.11154504,-0.0697363,0.8507081,-0.44507998
2015-04-30,0.04130204,0.7831612,1.1312673,0.49861446,1.1375713
2015-05-05,0.3083887,-1.2062103,0.100446895,0.3510391,0.8260731
2015-05-06,-0.9790867,0.07062034,-0.48730627,0.6519705,-0.81834
2015-05-07,-0.77573556,0.22289622,0.22710972,-0.8603709,0.05037745
2015-05-08,0.61447746,-0.0110274665,-0.9522866,0.21172681,-0.59709567
2015-05-11,-0.6617791,0.3254446,0.32379663,0.16148509,-0.2711833
2015-05-12,0.68013126,-1.2004794,0.9237659,0.17942777,0.06327979
2015-05-13,1.2673504,-0.64835566,0.005653881,-0.39169535,-1.3714473
2015-05-14,0.6023948,0.1072993,-0.4356017,0.031339984,-1.287682
2015-05-15,-0.119142234,-0.32259506,-0.3859546,0.3225932,-0.5787563
2015-05-18,0.3639009,-0.038150493,0.0047539542,-0.4105282,-0.97826374
2015-05-19,-1.4397521,1.1922076,1.0116084,-0.47394514,-0.5871729
2015-05-20,0.07734074,-0.40305766,0.92887866,0.32497022,-0.58860993
2015-05-21,0.16790293,0.24866368,0.69334185,0.9306589,-0.5418226
2015-05-22,-0.14200854,-0.035636168,1.1534379,-0.98767865,-0.56109595
2015-05-26,-0.48654273,1.1355655,0.9076392,-0.80996644,0.41835126
2015-05-27,0.4684098,0.67501456,0.64232796,-1.0716193,-0.6463115
2015-05-28,0.3619323,0.3344335,0.034245722,-0.0557987,0.7376686
2015-05-29,-0.08333579,-0.5156933,1.0289339,1.4235011,-0.8460973
2015-06-01,0.013354042,0.35181648,-0.99757916,-0.010539675,0.32687354
2015-06-02,0.08219063,-0.059679087,-0.7338117,0.86837655,-0.2549135
2015-06-03,-0.3389515,0.91903275,-0.013510445,-0.49093923,0.57271844
2015-06-04,-0.5543799,1.4545171,-0.8336396,-0.2384234,-0.22999814
2015-06-05,-0.19368482,-0.34540313,1.405724,0.38745418,0.17572065
2015-06-08,0.45205644,0.28050458,-0.7851606,-0.099673025,-0.3792991
2015-06-09,0.649888,-0.4355122,0.85500824,0.9315113,-0.4825496
2015-06-10,0.22438024,-0.9827714,1.5123588,0.29660764,-0.07946785
2015-06-11,-0.69854766,-0.07641832,1.1570946,-0.24174546,-0.9059484
2015-06-12,-0.21614198,0.52823466,-0.037736867,-0.56449425,0.2728459
2015-06-15,0.17545083,-0.20216294,1.1773394,-0.9636458,-1.0438607
2015-06-16,-0.007643012,0.96944,-0.107287906,0.7207055,-0.47835276
2015-06-17,0.09820535,0.68016315,0.14078197,0.23863265,-0.2558632
2015-06-18,0.5863063,-1.0768087,0.2562264,-0.49157703,-0.5206558
2015-06-19,-0.18480884,0.23365891,0.113370374,-0.79292727,-0.48824692
2015-06-23,-0.016798684,1.3802364,-0.4741522,0.99642575,1.2511507
2015-06-24,0.37837926,-0.083352104,-0.29038498,-0.35792097,-0.6239551
2015-06-25,-0.03482062,0.71234894,-1.2710835,0.31333777,-0.14184101
2015-06-26,-0.062366594,0.71419966,-1.1444103,0.5232035,-0.08226568
2015-06-29,-0.31239915,0.13123107,-0.3022941,-0.34130433,-0.41963908
2015-06-30,-0.09749969,1.0038366,-1.6259218,1.5406134,-0.08489982
2015-07-01,0.5882616,0.29458997,0.73695195,-1.5569606,0.80936635
2015-07-02,0.15711203,0.4771966,0.065579176,0.47847408,-0.7035811
2015-07-06,-0.61662877,0.73333144,-0.92591506,-2.1641352,-0.6367839
2015-07-07,-1.490513,0.61614424,1.4773287,0.2834085,-1.5191606
2015-07-08,0.6484307,-0.69877845,0.32791522,-0.292321,0.8080031
2015-07-09,1.1933969,0.71521163,0.4125702,0.2832888,0.6666908
2015-07-10,0.16971017,0.1336616,-0.35080898,0.11239091,-0.32207677
2015-07-13,0.61769104,0.6113207,-0.61222875,-0.42886442,0.47840193
2015-07-14,-0.61552596,-0.7324816,0.28519866,0.22434822,0.21199793
2015-07-15,0.3822373,1.4958532,0.8128166,-0.85950756,-0.48739797
2015-07-17,-0.69232094,0.4192626,1.6876715,-0.15281495,0.07511439
2015-07-20,-0.2578787,0.30533174,1.8886234,-0.48941913,-0.1305601
2015-07-21,-0.3522866,0.025000667,0.2492199,0.5509109,-0.80723935
2015-07-22,-0.6589502,0.31399179,0.3342656,0.04870947,-0.9451609
2015-07-23,-0.374219,0.14766689,-0.044175055,-0.35026267,-0.50726306
2015-07-24,-0.29481465,-0.115758605,1.5193424,-0.791071,-0.19403966
2015-07-27,-0.08599438,-1.1761591,1.3816793,-1.1757921,-0.7645879
2015-07-28,0.96377003,0.62849826,-0.28715312,-0.028010026,0.70957094
2015-07-29,0.17986165,-0.39908856,0.69485825,-0.0061868113,-0.26515365
2015-07-30,-0.114663236,0.34006625,0.18465282,0.029942643,-0.66829556
2015-07-31,0.046050843,-0.043758262,0.3664251,-0.6431742,-0.8637084
2015-08-03,-0.23336865,1.4682369,-0.40243047,-1.4031415,-0.5107215
2015-08-04,0.45644253,0.0013120712,0.5897341,0.21827763,-0.2378325
2015-08-05,-0.14380167,0.79110247,-0.15277219,0.081727326,-0.6083641
2015-08-06,0.17365411,-0.43282315,0.68830794,-0.57914203,-0.45461014
2015-08-07,0.4556907,0.29273602,-0.78262585,-0.31799927,-0.26833442
2015-08-10,1.7888043,-0.24113768,-0.85538256,0.5452036,0.28976873
2015-08-11,-0.5342961,-0.6353698,1.1422156,-0.75948507,-1.8179097
2015-08-12,0.19078504,-1.6221137,1.7732427,-0.61180323,-0.38724717
2015-08-13,0.09866541,1.2862403,-1.4450268,0.17125888,0.2545859
2015-08-14,-0.31190923,-0.012994436,0.038588896,0.08687843,0.2104724
2015-08-17,-1.4702418,-1.084015,0.044846434,-0.43189278,0.75433654
2015-08-18,-1.0277567,0.03797377,0.7713973,0.42232707,-0.5772445
2015-08-19,0.38050976,-0.40688702,-0.26473925,-1.647496,-0.10425973
2015-08-20,1.1208234,-0.31894618,-0.81312406,-0.81228215,0.5519225
2015-08-21,-0.6147566,-0.12586291,1.2912138,-0.9816023,-0.72182274
2015-08-24,-1.8159081,1.0591873,0.15884909,-0.42906275,-1.3382791
2015-08-25,-0.43969455,-0.062017452,0.5411296,0.32251814,1.3711365
2015-08-26,-1.267392,0.41942197,0.7841642,-0.045333132,-1.0534264
2015-08-27,1.3685125,-1.0796372,0.64131826,1.4098111,1.2471954
2015-08-28,1.2940687,-0.837357,1.2497506,0.93931234,0.30312398
2015-09-01,-0.95216733,-0.70617515,0.17292415,-0.26536602,-0.59393525
2015-09-02,0.13835825,-0.48793066,1.1573228,-0.018706115,0.22836201
2015-09-08,0.44495675,0.66442215,-0.38531,-0.30857974,1.2882553
2015-09-09,-0.5376142,1.1262943,-0.21265623,-0.69091606,0.7562034
2015-09-10,0.45337543,-0.24481076,0.28864825,0.71046585,0.028852724
2015-09-11,-0.5955932,0.69310176,-1.0132002,0.27360585,0.3814404
2015-09-14,-0.41547132,0.6500329,-0.6167641,-0.14153606,-1.6104707
2015-09-15,0.0013107923,0.5006604,-0.71657526,0.5080637,0.045494538
2015-09-16,0.87924284,-1.763614,1.2185831,0.2712753,0.21433406
2015-09-17,0.2403882,0.06276333,0.756122,-0.56292474,-0.59333456
2015-09-18,0.028993001,-0.86752963,0.63845485,-1.1463157,-1.6008139
2015-09-21,0.117378734,0.2125037,-0.021399733,1.2418866,-0.52049863
2015-09-22,-1.4689883,0.4877701,1.1471069,0.45784146,-0.9531153
2015-09-23,-0.20902924,0.060048115,-1.0448728,-0.1295039,0.24484733
2015-09-24,0.6824198,-1.4001522,-0.36154476,-0.3157315,-0.029379271
2015-09-25,0.0019208085,0.96737754,-1.0468628,1.018066,-0.3994096
2015-09-28,-1.323366,1.4172693,0.5160116,-0.473517,0.09110389
2015-09-29,0.0085922675,-0.044413935,0.16052462,0.78423905,0.17294708
2015-09-30,-0.6861904,-0.3595581,-0.07237127,0.50844836,2.0360975
2015-10-08,1.3408735,-1.9730232,-0.9013638,1.0045074,-0.78112733
2015-10-09,1.1464174,-0.41653642,0.18783374,-0.7129126,2.1317165
2015-10-12,0.52030534,0.3128829,-0.67131156,-1.5308827,-0.42661294
2015-10-13,-0.007264691,1.2916623,-1.401819,-0.12766895,-0.33713964
2015-10-14,0.31736332,-1.0211415,0.5368634,-0.23469509,0.011256028
2015-10-15,-0.40905568,-0.891346,0.50134534,-0.4266231,1.1106871
2015-10-16,-0.041679945,-0.22115608,1.4864929,0.43100744,-0.16326039
2015-10-19,-0.7832215,0.89586025,0.55125016,-0.8683372,-0.5175485
2015-10-20,0.25298074,0.14478688,-0.27554736,0.52148277,-0.78988314
2015-10-21,-1.438588,0.40632153,-0.2122511,0.83140343,0.6183712
2015-10-22,0.8808189,0.20674622,1.3717859,-0.64660645,0.08474551
2015-10-23,-0.33543754,0.43506137,0.56722367,-0.43599024,0.74089015
2015-10-26,-0.5103058,-0.2380961,-0.45162418,-0.55085087,0.61458886
2015-10-27,-0.102459535,0.23578161,0.29224002,-0.5098134,0.21582595
2015-10-28,0.8065843,-1.5488685,1.1808908,0.80018735,0.16306493
2015-10-29,-1.1831098,1.321605,0.50036955,1.0130314,-0.98514163
2015-10-30,-0.22555186,-0.0040356666,0.046047106,1.028713,-0.18390818
2015-11-02,-0.6135287,-0.033018712,0.62693864,-0.1979875,0.8604536
2015-11-03,-0.57188356,0.137481,0.701912,1.5201101,0.5405171
2015-11-04,-0.4887034,1.0302684,-0.24553467,-0.8900649,-0.052160483
2015-11-05,-0.9439923,-0.5420762,0.6593049,-0.2842791,-0.26352894
2015-11-06,-0.564728,1.2168776,0.74676,0.16306701,0.36243862
2015-11-09,-0.5764536,0.24841887,1.3180504,-0.32734516,-0.20077707
2015-11-10,-0.81937855,-0.6890549,0.8511083,0.15031731,-0.14973316
2015-11-11,0.37790957,1.3565482,-0.5502627,-0.79713786,0.25703132
2015-11-12,-0.22885512,0.97240794,-0.39654917,-0.5802235,-0.8167211
2015-11-13,-0.622552,0.029600952,0.12641501,-0.5905519,0.004292433
2015-11-16,-0.30028778,-0.017891044,0.27718815,0.43511236,-0.89701706
2015-11-17,0.004449074,1.0334119,0.43036336,0.09693263,-0.7863401
2015-11-18,-0.3215618,-0.0025951378,1.2901937,0.42187613,-0.59610325
2015-11-19,-0.45670357,-1.0630403,-0.59397817,0.6576244,0.74498594
2015-11-20,-0.5394795,-0.25307325,0.41280177,0.23861502,0.1635454
2015-11-23,-0.25948444,0.8011794,0.26412094,0.9787646,-1.0328834
2015-11-24,0.11479914,-1.1447426,0.8931983,0.8612626,1.0833849
2015-11-25,-0.17351775,0.43995374,-0.47000796,0.6246064,0.44971022
2015-11-27,-1.0799283,0.62308145,0.48422208,-0.15706192,0.38919994
2015-11-30,0.11101854,0.25200137,-0.4928594,-0.112480015,-0.2689251
2015-12-01,0.6827442,0.6793189,-0.27003375,-0.12824385,0.68708646
2015-12-02,-1.1212364,0.53861445,-0.24929693,-0.46960616,0.8534009
2015-12-03,-0.84195197,-1.0844319,-0.5288813,1.1537112,0.5409647
2015-12-04,0.49809933,-0.7321384,-1.3370262,-0.43475196,1.1214684
2015-12-07,-1.6996121,0.06274757,0.15572871,-1.0482285,0.18402772
2015-12-08,-0.64021343,0.5162513,0.44050685,0.10624929,0.07266077
2015-12-09,0.25954127,-0.09240604,-0.81634027,-0.034121033,0.11322318
2015-12-10,-1.3593738,-0.140354,0.21206558,0.9787622,1.0539408
2015-12-11,-1.3040887,-0.21061565,-0.2282807,0.24759082,1.5006783
2015-12-14,-0.2595616,0.8571286,-0.24928057,-0.14103222,0.8858705
2015-12-15,-0.9041828,-0.46567646,0.35049126,1.0863394,-0.77895916
2015-12-16,0.3506137,-1.3505733,-0.06253978,-1.2626588,0.76545036
2015-12-17,-1.5651858,1.2874236,0.3425289,0.674263,0.27347994
2015-12-18,1.3451949,-0.5873491,-0.51958936,-0.29680768,0.81996477
2015-12-21,1.2300432,-0.4043906,-0.16941926,-1.1298009,-0.49548444
2015-12-22,-0.10787168,0.08503738,0.78631395,-0.024401113,-0.67449504
2015-12-23,0.6238113,-0.2638784,1.1824927,0.913767,0.14671665
2015-12-24,0.8533438,-0.37709898,0.43046024,-0.015197629,-0.90008897
2015-12-29,0.16170299,0.016575735,0.44465762,0.62557423,-0.68698835
2015-12-30,-0.22231954,1.3189434,-0.20795134,-0.8665166,1.1948811
2015-12-31,0.17206025,-0.58745104,0.5444681,0.5222244,-1.2418983
2016-01-04,-0.19743167,-0.6043379,1.4191281,-0.35284594,-1.7045482
2016-01-05,0.28579137,0.08484324,-0.28781536,-0.41592258,-0.28850043
2016-01-06,0.01671082,0.88005775,-0.86109483,-1.754263,-0.14184003
2016-01-07,0.11564694,-0.60940504,-0.32949212,-0.34379834,-1.5711651
2016-01-08,-0.35203245,1.273168,-0.41780925,-0.15596388,0.1926237
2016-01-11,-0.727281,1.1931567,0.58202666,-1.2622294,-0.79427767
2016-01-12,-0.2862304,1.4370627,-0.8866142,-0.17323771,-0.1029484
2016-01-13,0.8619049,0.025994955,-0.7712092,-0.87154627,0.6227606
2016-01-14,-0.60843134,0.3015504,0.7039963,0.5327906,1.4694908
2016-01-15,-0.68243015,-0.13132986,-0.9647501,-1.0376633,-0.78195083
2016-01-19,0.9924682,0.6773988,-0.35877836,-0.8686237,0.43119696
2016-01-20,-1.417157,-0.37112838,-0.118312895,-0.44536123,-0.032297146
2016-01-21,-0.31890547,-0.71260923,0.5830867,1.6471165,1.4378523
2016-01-22,0.29928863,-0.98818904,1.3419236,2.2105033,0.030948287
2016-01-25,0.25249833,-0.12314312,-0.93130654,-1.6262966,-0.5700538
2016-01-26,1.1055686,-1.3976274,0.6005788,0.21858485,0.7097128
2016-01-27,1.3886919,0.3825803,1.3407052,0.16840076,-0.02286141
2016-01-28,-0.22278762,-0.3480345,1.4893308,0.79436994,-0.92584264
2016-01-29,0.2524563,0.102962464,-0.18438923,0.7158548,0.25300232
2016-02-01,0.22982465,0.0740522,-0.04936834,-1.2907817,0.19242024
2016-02-02,-0.060512166,0.9976027,-0.86413896,-1.3958912,0.5485733
2016-02-03,1.2562573,-1.6750176,0.98291147,0.6339014,0.1668095
2016-02-04,0.9566921,-1.3672639,0.73877305,-0.713554,0.18066081
2016-02-05,-0.709724,0.054854944,0.09340295,-0.09738197,-1.5876899
2016-02-22,1.6880194,-1.3140588,0.23123688,-0.92504126,1.4946091
2016-02-23,-0.8765214,-0.8759942,-0.55482286,-0.5825295,0.026524602
2016-02-24,0.058790445,-1.0502172,1.1339147,0.6471072,-0.041986648
2016-02-25,-0.34327358,-0.109910436,1.1212513,0.7272428,-0.3297499
2016-02-26,0.10975397,1.1651623,1.005081,0.07819296,0.42536727
2016-02-29,0.6100931,-1.2451773,0.3396708,0.0262232,0.62529844
2016-03-01,-0.144957,-0.91109574,1.3025813,1.30043,0.12468271
2016-03-02,0.59404963,-0.66745347,-0.09759636,-0.2470305,0.9617116
2016-03-03,0.64349204,-0.35491216,-0.6564902,-0.20062917,0.38852653
2016-03-04,1.8166087,-1.2641414,-0.0634605,0.19693327,0.10904874
2016-03-07,0.2238035,-0.57581604,1.2468932,1.5836303,-0.38737372
2016-03-08,-0.72668415,0.5699815,-0.05808849,0.31958467,-1.76876
2016-03-09,0.3509869,-0.4050034,0.9939018,1.2445772,0.07921527
2016-03-10,0.36506066,0.1660986,-0.7515911,-0.31754988,-1.2026604
2016-03-11,0.44644654,0.67403585,-0.15011258,0.4736572,0.47672942
2016-03-14,-0.5666614,0.95741844,-0.73896426,-0.089898124,-0.16324216
2016-03-15,0.009318762,1.3973761,-0.37338254,-0.021671392,-0.5854399
2016-03-16,0.37861416,-0.42066437,0.9944355,1.2125025,-0.43612978
2016-03-17,1.8604604,-2.1247869,0.13288201,-0.25479403,0.58734065
2016-03-18,-0.86605775,0.40933797,0.44729128,0.08144886,-0.1025055
2016-03-21,-0.09428384,0.210518,-0.16288972,0.12714575,1.2220061
2016-03-22,0.19704811,-0.61737597,-0.16186015,0.80966383,-0.48075393
2016-03-23,-1.4973692,1.7806588,0.42659545,-0.30001426,-0.12437526
2016-03-24,0.23229757,0.6788439,0.98588794,-0.21991777,-1.0589026
2016-03-29,0.123504154,0.30739608,-1.2918466,-0.6637447,-0.7371854
2016-03-30,0.60423946,0.15174632,1.0561233,-0.23507547,-0.7123225
2016-03-31,0.94333464,-0.511952,0.6415944,-0.586931,0.36476976
2016-04-01,-0.46156773,1.5790244,-0.30368525,-0.6472086,0.7082607
2016-04-05,-0.1992024,0.36505783,0.23001961,-1.3639084,-1.125493
2016-04-06,0.3891287,-0.31887716,1.5261357,1.1321118,-0.091371834
2016-04-07,-0.034409553,-0.2557286,0.044923164,-0.19655946,-2.0473664
2016-04-08,1.1213472,-0.8890258,0.9288062,1.5749749,0.14213781
2016-04-11,1.1502681,-1.0976878,0.96575135,-0.49577242,-0.44056985
2016-04-12,1.1090378,-0.48844376,0.110677965,0.6275591,0.9831097
2016-04-13,0.4707799,0.8055081,-0.6909259,0.27593935,0.9797411
2016-04-14,-0.6930644,0.48353228,0.5218097,0.10089991,0.28985003
2016-04-15,0.08407382,0.3962869,-1.344208,-0.3437156,-0.52157474
2016-04-18,0.052928377,0.3030574,-1.1395966,0.28581643,0.71749324
2016-04-19,1.7802339,-0.8535887,-0.9215303,0.39854947,-0.35534593
2016-04-20,0.20470618,-0.27387354,-0.97377324,1.4157504,0.63393956
2016-04-21,0.22476625,-0.0125727095,0.8653284,-0.50810474,-0.036833048
2016-04-22,-0.5720381,-0.5101653,2.4401557,0.059539016,0.02977797
2016-04-25,0.531104,0.53877896,-1.0017335,-0.6054606,-0.09645751
2016-04-26,0.55177134,-0.18355942,0.4521209,0.76733834,-0.12748523
2016-04-27,1.0353509,0.2175864,0.9072617,-0.012925433,-1.1343393
2016-04-28,0.61389774,-1.471235,0.27921408,0.19225349,-0.5069113
2016-04-29,0.793892,-0.7632387,-0.8900035,-0.36268234,0.19991675
2016-05-03,-1.4673347,-0.26342303,0.049501028,-1.1698596,-0.48858586
2016-05-05,-0.16309682,0.27573007,1.6865963,-0.03252297,-1.4055532
2016-05-06,1.0647191,-0.32994208,-0.6597304,-0.07652561,-0.4054562
2016-05-09,-1.074462,1.6085131,0.5649932,-0.53642887,-0.88020897
2016-05-10,0.32160726,0.6592908,-0.5611224,1.5259662,-0.33512625
2016-05-11,0.87749535,-1.4781845,1.2197143,0.7072681,0.36299992
2016-05-12,-0.6933384,0.5811578,-0.16065508,0.67837965,-0.9265922
2016-05-13,0.2745375,-0.06105954,0.69004744,-0.28401348,-0.06888845
2016-05-16,0.07369632,-0.44557154,-1.1203343,1.4046482,0.05209539
2016-05-17,1.2701263,0.996632,0.64237386,0.014283501,-0.45550504
2016-05-18,-0.41113517,0.07078256,0.6638726,0.17599617,0.027257172
2016-05-19,-0.98033655,0.8390695,1.4939024,-0.15391348,-0.40787745
2016-05-20,-0.31743646,-0.47541866,-0.2977241,0.4299269,0.08739562
2016-05-24,-0.9893988,0.49732444,1.0494767,0.5421594,0.3455408
2016-05-25,0.037438497,0.7406795,-0.80183065,0.8848209,0.13505809
2016-05-26,0.36091235,0.48285764,-0.57158357,-0.24702789,0.78442043
2016-05-27,0.32478675,0.8597143,0.09082168,0.48664284,-0.58739364
2016-05-31,0.7260066,0.4940647,1.4669355,-0.16870719,-0.9212219
2016-06-01,0.40651527,1.1256962,-0.7906734,0.1518504,-0.0013994011
2016-06-02,0.12213412,0.73990816,-0.966444,0.73441994,-0.2874475
2016-06-03,0.9415039,-0.82328403,-1.0079374,-0.6922842,0.080041915
2016-06-06,0.81645644,0.18719375,-0.7655754,0.34499595,0.01626251
2016-06-07,-0.0891716,-0.0028858494,0.369906,0.6689329,-0.7506271
2016-06-08,1.6336057,-0.36843765,-0.9714098,0.025538588,0.7940029
2016-06-13,0.27623254,-0.52152306,0.4890354,-1.7140697,-0.8586419
2016-06-14,0.16383648,0.687491,-0.012729446,-0.49160904,-1.0833871
2016-06-15,0.19984332,-0.76444906,0.121445104,-0.56304705,0.40001926
2016-06-16,0.03936514,0.14222355,0.19584574,-1.3173835,-1.4440435
2016-06-17,0.039809708,0.68835676,-0.38334772,1.544141,0.10967993
2016-06-20,0.52382743,-1.3294284,1.8065763,0.26436713,0.21188106
2016-06-21,-0.047055893,-0.067877755,2.1769843,-0.8129966,0.039898444
2016-06-22,0.23342006,0.09947105,0.3412371,-0.51144725,0.8392106
2016-06-23,0.41083667,0.18002933,0.980907,0.2640678,0.05970949
2016-06-24,0.44820398,-0.7259755,-0.15214384,-1.7278556,-1.2648867
2016-06-27,0.090679415,0.8160017,-0.5094891,-0.5759513,-0.41538626
2016-06-28,0.934026,-0.18517183,0.24621055,0.8122072,0.91313845
2016-06-29,1.111797,-1.7271878,1.1881455,0.03560907,0.3153314
2016-06-30,0.699412,0.24514915,0.17532282,-0.9362229,-0.0037250528
2016-07-01,0.49601325,-2.1161344,0.11923011,-0.57651347,0.39267728
2016-07-05,0.15255098,-0.28791577,0.093544655,-2.0224595,-0.6589923
2016-07-06,0.40575662,-0.97383654,1.095225,-0.38331917,-0.46255964
2016-07-07,-0.45159882,0.08475182,0.9025386,-1.2829905,-0.8602523
2016-07-08,0.87869406,1.0771636,-1.5162938,0.1492602,0.3827629
2016-07-11,-0.069619395,-0.6685797,-0.17558928,-0.18549532,0.614544
2016-07-12,0.662195,1.0219368,-0.12235131,1.0471337,1.2261053
2016-07-13,0.94493747,1.1754937,-1.3290615,-1.0869069,-0.5521665
2016-07-14,0.19730909,-0.32255378,1.0244275,0.7078535,0.20564409
2016-07-15,-0.36347273,-0.32842484,1.4201108,-0.14074633,-0.47986755
2016-07-18,0.027818719,0.45496547,-0.7701747,-0.5886688,0.48590153
2016-07-19,0.00221749,-0.98423946,1.7883811,-0.61064076,0.102117084
2016-07-20,-0.28676343,0.057060733,1.4036233,0.06353361,-0.18193448
2016-07-21,0.31556645,-0.29853556,-0.5783364,-0.6681171,-0.08757886
2016-07-22,-0.47061962,0.51502746,0.44195205,-0.097739086,-0.5690479
2016-07-25,0.1968988,0.42571127,0.32288274,-1.0304846,-0.20170464
2016-07-26,0.60274416,0.15970676,0.6969411,-0.40012878,-0.4401924
2016-07-27,0.10968413,-0.09781859,-0.7715129,-0.8808026,-0.3916888
2016-07-29,1.2413429,-0.54476714,-0.687163,-0.8353205,0.8256209
2016-08-01,0.4157845,-0.328388,1.2494339,-1.2583817,-0.4836273
2016-08-02,0.5327834,-0.6437547,0.44347382,-0.53320956,-0.23554638
2016-08-03,0.46397933,0.49259007,0.6894667,0.85527134,-0.4898278
2016-08-04,-0.051509935,-0.24624889,0.5746953,0.607364,-0.38846573
2016-08-05,-0.27922395,1.3855659,-0.19779682,0.577136,0.84063
2016-08-08,0.596659,0.14441714,0.5028671,0.45559752,-0.17877592
2016-08-09,0.15974823,-0.36224177,0.67567277,-0.6639094,0.00766576
2016-08-10,0.68181175,-0.29457113,0.19772753,-1.2950952,0.063058384
2016-08-11,-0.15688765,-0.26292548,1.0976459,1.3152437,0.025108585
2016-08-12,-0.4353359,0.024703551,1.1261551,1.1903692,-0.96116036
2016-08-15,-0.1324867,-0.44180843,0.28537452,0.7910486,1.2006222
2016-08-16,0.6655494,-0.643143,0.5597059,-0.04426793,-0.08436042
2016-08-17,-0.1521745,0.83016217,0.14774103,0.8482412,-0.27997956
2016-08-18,1.1093961,-0.6245515,0.19512628,0.25841436,-0.6170125
2016-08-19,-0.53711593,0.47107387,0.8441314,0.41998228,-0.21015482
2016-08-22,-0.0010269318,0.999943,-0.43937728,-0.5394652,-0.59614843
2016-08-23,0.20153095,-0.62392145,0.80320543,0.22247256,-0.21879146
2016-08-24,-1.1113269,0.95085543,0.78141004,0.14879122,-0.8127662
2016-08-25,-0.20334136,-0.6849967,1.3748226,0.048551023,0.009009081
2016-08-26,0.9380214,-0.26343885,1.0573425,-0.75984055,-0.9981103
2016-08-30,-0.055167317,0.027673412,1.9191095,-1.3118607,-0.440403
2016-08-31,-0.38721445,0.2314644,-0.1221449,-0.85825866,-0.43272853
2016-09-01,-0.12734438,0.18006332,-1.5675331,-0.70805126,0.6042371
2016-09-02,0.28168884,-0.8513149,-0.41679662,0.74632424,0.2483394
2016-09-06,0.9094177,-1.5531218,-0.3690583,-0.42391524,-0.4588298
2016-09-07,0.52989113,1.0988185,0.16573173,0.5744215,-0.090313375
2016-09-08,0.049314335,-0.11307169,0.70303404,1.7212068,-0.49757564
2016-09-09,-0.0230423,1.6273324,-0.12430832,-0.9460737,-0.12084937
2016-09-12,-0.5224929,0.27588063,1.1001617,0.6172484,-0.78916126
2016-09-13,-0.31763345,-0.34854177,1.2045785,-0.97143394,-0.008927936
2016-09-14,0.66222376,0.47206974,-0.3727299,-1.14808,0.9653814
2016-09-19,0.4022889,0.73541224,-1.4719012,1.0944384,0.25097394
2016-09-20,0.58250844,0.74658906,-1.1697224,0.14557841,0.15602471
2016-09-21,0.67962414,-1.3247316,0.509285,0.21107464,-0.4988283
2016-09-22,0.916747,-1.0920323,0.5451691,-0.38258868,1.1312889
2016-09-23,-0.515477,0.01803106,0.6480238,-0.93193305,-0.020469708
2016-09-26,0.078956336,-0.5120602,1.6304389,0.33400998,0.18185736
2016-09-27,-0.9578789,0.8935995,-0.67293406,-0.06292962,0.67384195
2016-09-28,-0.24850847,-0.97732383,1.297259,1.1330348,0.7688129
2016-09-29,0.7293836,-0.3951083,0.83107245,0.1937929,-0.50179154
2016-09-30,-0.07238078,0.18913092,0.15913673,0.060643967,1.0606903
2016-10-10,-0.29803622,1.0451114,1.3779346,1.9124628,-0.999153
2016-10-11,-0.52242255,0.69172865,0.08517302,-0.05606189,-0.86155957
2016-10-12,0.29053885,0.14262451,0.6112565,-0.5917377,-0.002327871
2016-10-13,-0.500061,0.4513927,-0.9173629,1.0483425,-0.9847566
2016-10-14,0.5454604,0.8127815,-0.6056034,0.13663627,-0.17152159
2016-10-17,0.040096473,0.508961,-0.07249211,-0.61425984,1.6541471
2016-10-18,0.5722305,-0.6118976,0.56146944,-0.16285755,-0.5695862
2016-10-19,0.11713792,-0.13867065,0.062041912,0.56343323,0.0861049
2016-10-20,0.12326059,0.55203414,1.0319923,-1.0059862,-0.65682167
2016-10-21,0.14952488,0.06263547,0.6834505,0.3845652,-0.22601898
2016-10-24,0.61648715,0.15109782,0.093620606,-0.5533662,0.8818294
2016-10-25,1.2527853,-0.551112,-0.073263645,-0.95119554,0.58898973
2016-10-26,0.23790044,1.2173783,-0.47736812,-0.1871671,0.117758945
2016-10-27,0.7048172,0.025036637,0.1913524,0.11495021,0.037984002
2016-10-28,1.3429786,-0.19986969,0.0692689,-0.7629266,-1.0229336
2016-10-31,0.29468918,0.53497154,0.2957197,-0.87424994,0.10390112
2016-11-01,0.8471077,-1.3797239,0.96083933,-0.94886523,-0.008989591
2016-11-02,0.14186472,-0.2917829,-0.8266986,-1.1368022,-0.43388972
2016-11-03,-0.14949465,0.38284084,0.100113116,-0.50411475,1.1646996
2016-11-04,-0.18124725,-0.087388866,-0.5292434,-0.33325484,-0.1292892
2016-11-07,-0.23551512,0.22500248,0.057393186,0.7435856,0.9722746
2016-11-08,0.6750831,0.67745125,-0.3578112,-0.28372973,1.1247888
2016-11-09,0.700323,-0.5859423,1.5019732,-0.90395844,0.7217874
2016-11-10,0.6084106,0.88822675,0.06748665,-0.602143,0.9733235
2016-11-11,-1.4855926,2.1962762,0.79956436,0.13664924,-0.23971637
2016-11-14,0.025923423,0.5488405,0.51939905,-0.5978437,0.8958813
2016-11-15,0.2542533,-0.4688897,0.15159869,1.5519146,-0.20370658
2016-11-16,0.69887406,0.6986115,0.802491,-0.28800637,-1.9234933
2016-11-17,0.35056666,0.93177515,0.34139413,0.040513244,0.23037168
2016-11-18,0.0113930525,1.2405217,0.15309644,0.6258632,-0.73000413
2016-11-21,1.345326,0.11801761,0.32018253,1.2964637,0.1543295
2016-11-22,0.90855134,0.16028515,0.4309233,-0.3717775,0.35434532
2016-11-23,0.08277645,0.9710821,0.12809065,0.24339932,1.3683614
2016-11-25,0.43878105,1.291517,-0.017718365,-1.2204095,0.79481834
2016-11-28,0.51811206,-0.83974534,-0.07110101,0.11843353,0.22360718
2016-11-29,-0.788051,-0.14785789,0.8027934,-0.96012014,-2.0537772
2016-11-30,0.4640888,-0.1892918,1.7742033,1.863759,-0.11034491
2016-12-01,0.26795992,-0.46395877,1.8765194,1.0703384,-0.5321834
2016-12-02,0.3172104,-0.87391067,-0.35533652,0.15117627,-0.8186237
2016-12-05,1.2064744,0.68256617,-0.40877128,-0.03411438,0.3748981
2016-12-06,0.45087638,1.101967,-0.18969361,-0.53767496,-0.15919805
2016-12-07,0.51735455,-0.21466468,-0.11248605,-0.74553883,-1.1354359
2016-12-08,-0.29060775,-0.2859417,1.1783168,0.3688477,-0.8960645
2016-12-09,-0.020358201,1.0610482,0.03103448,0.56472975,0.49991906
2016-12-12,0.7805916,-0.51500434,0.50952554,0.13978328,-0.4347304
2016-12-13,0.25289145,0.39311627,0.8235502,0.24477427,-0.44819564
2016-12-14,1.0732746,0.10159666,0.3132092,-1.240857,-0.093220405
2016-12-15,-1.2559123,1.7750765,-0.3091812,0.8329893,-0.009574784
2016-12-16,0.84972334,-0.54862535,0.5504704,0.037382983,-1.695274
2016-12-19,-0.6813097,-0.34873188,0.61064,0.23596628,-1.5928029
2016-12-20,-0.20989737,-0.6184264,0.9116545,-0.14813209,0.795321
2016-12-21,0.41473895,0.61425745,0.35898334,0.05447585,-1.0514911
2016-12-22,-0.01975896,0.05499993,1.2109854,-0.17175724,-0.12003834
2016-12-23,-0.3300592,0.045769118,0.89855427,0.18855985,-0.9543658
2016-12-28,0.85079545,-0.09377356,-0.0484797,0.928516,-1.2001671
2016-12-29,0.605881,-0.24818121,-0.24354438,-0.17634252,-0.9555448
2016-12-30,-0.1622169,0.17344715,0.15074712,0.16590013,0.6588876
2017-01-03,-0.49421665,-1.2117136,-0.6825249,-0.8551822,0.589138
2017-01-04,1.0393158,0.59748167,-0.9306236,0.11524839,1.1136692
2017-01-05,0.5968099,-0.8552485,-0.33314034,-0.37236282,-0.2956488
2017-01-06,-0.2412337,-0.1359359,0.99757946,-0.053066585,0.36303303
2017-01-09,0.6700268,0.4006667,-0.7536661,-1.5179937,0.5194872
2017-01-10,1.084012,0.42282212,-0.3851735,-0.85388523,0.33513737
2017-01-11,0.039067138,-0.7579145,1.0481254,0.7602201,-0.520952
2017-01-12,0.33325368,-0.067801446,-0.6017854,0.7514079,0.44780344
2017-01-13,0.46133953,0.5054884,0.03538108,-0.47585014,0.7431325
2017-01-17,0.35354072,0.115807936,-0.62896216,0.22069404,-1.5359277
2017-01-18,0.32509676,0.6816606,-0.25131118,-1.0876825,1.1508075
2017-01-19,0.3679384,0.9625843,1.1209885,-0.11828106,-0.80430865
2017-01-20,0.06866262,-0.92064446,0.40564263,0.43670732,0.30486363
2017-01-23,0.37535623,-0.4086579,-0.29914907,-0.2871369,0.14391096
2017-01-24,0.37540314,-0.77352744,0.8843089,-0.1738127,0.6687006
2017-01-25,-0.03532654,1.3287982,0.3370787,-0.027709063,-1.1019602
2017-02-06,-0.40638828,-1.9414339,-0.49736115,-0.35915834,0.19081114
2017-02-07,0.4948037,0.65465933,-0.18897527,-0.50406903,-0.85694164
2017-02-08,0.47073144,-0.023687616,-0.08435229,0.3631806,0.723399
2017-02-09,0.1758889,-0.058311675,0.32334822,0.37353244,-0.69458026
2017-02-10,0.509702,0.069593646,-0.06980042,-0.049026866,1.8541664
2017-02-13,0.18025203,1.1142503,0.034507744,-0.746218,0.22864297
2017-02-14,0.31304875,-0.13640665,0.66274136,0.019821616,-0.36374137
2017-02-15,0.36467063,-0.022351272,-0.3107068,-0.4304513,0.47060126
2017-02-16,0.15923777,-0.8890713,1.0900769,-0.7261965,-0.35793942
2017-02-17,0.26620418,0.093847476,1.252305,-0.35923237,-0.937296
2017-02-21,0.020408217,-0.3310909,0.45954084,-0.11234635,1.5374995
2017-02-22,0.15940298,0.83414894,0.15138188,-0.39155135,0.0071163285
2017-02-23,0.3079996,-0.6074595,0.9333661,-0.067890584,-1.814654
2017-02-24,1.0919456,-0.10721611,0.20613065,-0.9493332,0.27411333
2017-02-27,0.9009311,0.27021325,1.2559447,-0.5140912,-0.797863
2017-02-28,0.09497927,0.7051374,-1.3029834,0.3308048,0.43710262
2017-03-01,-0.4160574,-0.35736737,-0.9457961,1.2033236,0.6482478
2017-03-02,-1.7404294,0.9347099,0.70813906,-0.0057255067,-0.7659986
2017-03-03,0.16761985,0.33733377,0.12224711,0.3067319,0.048095778
2017-03-06,-0.018014055,0.43078387,0.41509628,0.3105087,-1.1142714
2017-03-07,-0.6097634,0.15272714,1.4305162,0.018276356,-0.80105186
2017-03-08,-0.27532887,0.92930806,0.32413143,-1.0271086,-0.43494612
2017-03-09,-0.26670593,0.8364279,0.95727587,-0.8760108,-0.7311344
2017-03-10,0.23616874,0.23506099,0.43258432,-0.6136656,0.03443199
2017-03-13,0.67511445,-0.14235462,1.0121485,-0.5675,-0.15389822
2017-03-14,-0.4251824,-0.24519987,-0.0467873,-0.23144136,0.40585068
2017-03-15,-0.18134889,0.15742941,-0.6798318,0.9992601,0.90469813
2017-03-16,1.2120204,-0.8997109,-0.31152675,-0.77059835,0.023422597
2017-03-17,0.54989165,-0.11616454,0.11271983,-0.1925202,0.36468822
2017-03-20,0.22342482,-0.5270369,0.8754824,-0.14355612,-0.9099211
2017-03-21,0.41031384,-0.026481494,0.49707356,-0.6378282,-1.0255352
2017-03-22,0.61779904,0.5288908,0.60853994,-0.5508445,0.050035205
2017-03-23,-0.08864491,-0.39953884,0.5258213,0.0045638448,-0.3680663
2017-03-24,0.09943435,-0.6133535,0.91605043,-0.38908243,0.037540354
2017-03-27,0.0031945927,-0.92630273,0.57055366,-0.1802502,-0.6753974
2017-03-28,0.75347537,0.18653184,0.45666254,0.0125952475,0.6884227
2017-03-29,-0.024951212,-0.46146062,1.0851812,0.65138555,0.095681496
2017-03-30,0.07186635,-0.22542135,1.125338,0.2081425,-0.015659494
2017-03-31,-0.0855506,-0.074545175,0.17185204,0.3312478,-1.274429
2017-04-05,0.24623172,-0.39513606,1.3114842,0.64486605,-0.6274347
2017-04-06,0.14008199,-0.3885541,0.83925235,0.09433948,-1.0976304
2017-04-07,0.12097736,-0.31193557,0.4085016,0.19576067,-0.02642901
2017-04-10,-0.23766357,1.0491388,0.16811697,0.6893932,-1.1616678
2017-04-11,0.41038695,-1.2257493,0.065257736,-0.41528064,-0.50099194
2017-04-12,0.31316048,0.6918926,0.13596216,-0.24942732,-0.67399913
2017-04-13,1.0257503,-0.12896065,-0.040724073,-0.39229244,-0.10519683
2017-04-18,0.008338915,0.20781581,0.59397167,-0.17327273,-1.7995217
2017-04-19,0.7239786,1.438546,0.43272802,-1.1094425,0.11608562
2017-04-20,0.53257954,0.36076942,0.78083324,-0.8902585,1.3234756
2017-04-21,-0.4543294,0.13664462,-0.19787087,-0.3768123,-0.2634736
2017-04-24,-0.15176672,0.9054783,-0.12745248,-0.08953215,0.38040158
2017-04-25,0.043891575,0.8034208,-0.016832117,0.37256753,0.38968974
2017-04-26,0.2695482,0.58965015,1.2008013,-0.39749148,-0.30300686
2017-04-27,0.4250498,0.6929963,-0.06627434,-0.3996049,-1.309511
2017-04-28,0.21312968,-0.07651438,-0.32583645,0.1418376,0.34227264
2017-05-02,-0.90993273,0.2495001,-1.2666794,0.24428141,1.2652572
2017-05-03,-0.2733865,1.0959398,0.5673653,0.50103796,-1.4997741
2017-05-04,-0.08578988,1.2069383,0.8887425,-1.4394016,-0.37737218
2017-05-05,-0.26213178,-0.4748241,0.29381213,0.94103765,-0.13289146
2017-05-08,-0.3641397,-0.88848764,0.8394119,-0.21419437,-0.11773909
2017-05-09,-0.53401065,0.9431124,-0.03832376,0.17125216,0.33995235
2017-05-10,-0.0024175649,-0.9251624,0.27241027,1.013192,-0.60806566
2017-05-11,0.74404436,-0.1253084,0.35072738,-0.0043347743,-0.18784758
2017-05-12,0.87446094,0.43315443,0.20442878,0.04583847,-0.5262208
2017-05-15,0.19877453,-0.44042528,-0.97361547,0.9978065,-0.06625484
2017-05-16,0.46249992,-0.41823795,0.8316464,-0.48235753,-0.06716073
2017-05-17,0.68676656,-1.0049399,-0.23240386,0.03594863,-0.23166233
2017-05-18,-0.53152037,-0.30645335,1.7984928,-0.054682378,-0.47703612
2017-05-19,0.13184711,-0.31443268,-0.48884305,1.1600559,1.2831625
2017-05-22,1.0335217,-0.51900727,0.3317335,-0.2249272,-0.5037498
2017-05-23,0.015279581,-0.33023193,1.4887079,-0.4559468,0.07502619
2017-05-24,-0.04351555,0.4275802,0.37623104,0.0051017497,-0.5417832
2017-05-25,0.17905168,0.06792479,-0.2015399,-1.372981,0.020944519
2017-05-26,0.8218591,-0.22769949,0.49406058,-0.28121057,-1.2413331
2017-05-31,-0.15325911,0.22113688,0.373737,-1.3970847,0.04867988
2017-06-01,-0.21345712,0.5409268,1.0868027,0.0673448,-0.20565942
2017-06-02,1.0668203,0.1462475,0.068794735,-1.0098025,-0.9195675
2017-06-05,0.17118007,0.17736337,-0.20783788,-0.44207177,-0.8894827
2017-06-06,0.066862166,-0.51148176,-0.25382093,0.5540796,-0.7952005
2017-06-07,-0.05980899,1.3288738,-1.0647911,-0.71514845,-0.012928623
2017-06-08,0.0015569134,0.9632276,-0.33031374,0.4600533,0.656852
2017-06-09,0.47999266,0.40831587,0.52859545,0.117269434,0.68025106
2017-06-12,-0.5341981,-0.46570143,1.3804512,-0.08120447,-0.8137173
2017-06-13,-0.54813474,0.4742271,0.04148634,0.77361214,-0.33130103
2017-06-14,0.1169981,-0.6364803,-0.48289526,-1.4092915,-0.017376233
2017-06-15,-1.5017915,0.5257249,0.147586,1.0155367,-0.05982288
2017-06-16,0.16872177,0.13631867,-0.14092301,0.46800908,0.11253692
2017-06-19,0.08801286,0.15799609,0.70041376,-0.57939154,1.0304611
2017-06-20,-0.30909953,0.33510774,0.3620848,-0.7845341,-0.24193446
2017-06-21,0.41572976,-0.063498825,0.66945034,-1.0374669,0.33121017
2017-06-22,0.21627063,-0.5581172,1.0536376,-0.47744572,0.29817373
2017-06-23,0.8131723,-0.41539082,-0.00095289596,-0.2184583,-0.2941896
2017-06-26,0.3977743,0.73205465,0.88715816,0.20506868,-0.66517127
2017-06-27,0.21069373,-0.39363548,0.040148426,0.81092036,0.72811735
2017-06-28,1.0783298,0.29115593,0.62827533,-0.014720207,-0.7126618
2017-06-29,-0.21320592,0.022960128,-0.9271431,0.83014303,0.72072643
2017-06-30,0.24853456,0.8459366,-1.5615122,1.0075436,0.2953083
2017-07-03,-0.8714184,0.41390097,-0.49277785,1.3117511,0.86382246
2017-07-05,-0.5552215,0.47872224,-1.051761,-0.1633652,-0.32807925
2017-07-06,0.61774296,-0.14873925,1.0013944,-0.1742881,-0.12823966
2017-07-07,-0.5668052,1.5503447,-0.34528646,-0.3239288,0.2029814
2017-07-10,-0.03489962,-0.35606983,0.18969923,0.39323238,-1.0121216
2017-07-11,0.7451811,0.10431329,0.36911488,0.25947753,-0.20289673
2017-07-12,0.96840745,-0.475497,1.3533419,-0.93216217,-0.16285437
2017-07-13,-0.48687026,-1.138681,2.0138357,0.0019260525,-0.02384206
2017-07-14,1.3173773,-0.2273132,-0.09820545,0.012096454,-0.2205264
2017-07-17,0.99831593,0.4870922,-0.60348356,-0.3550677,-0.31931043
2017-07-18,-0.08609379,-0.79241246,0.16127144,-0.16501948,0.9515885
2017-07-19,0.012301737,0.071365885,0.11823113,1.0955955,-0.7888817
2017-07-20,0.6633046,0.57548535,-0.6233919,-0.012547225,-0.4592543
2017-07-21,0.35647914,-0.3822274,0.46418804,-1.3540874,0.25591916
2017-07-24,-0.6735095,-0.7315105,0.6214847,-0.017793521,0.82990813
2017-07-25,0.5966509,-0.8722842,1.7942356,0.009586466,0.50572467
2017-07-26,0.44605052,0.3896422,0.21931069,0.7086776,-0.13960506
2017-07-27,0.7324058,-0.04238716,-0.3887974,0.29437944,-0.4687659
2017-07-28,0.5741263,-0.60370773,0.42184645,0.43757054,-0.79014707
2017-07-31,-0.5425317,-0.88170743,0.29024103,0.54101455,1.0471259
2017-08-01,0.25958246,-0.5678533,1.2791692,-1.0647247,-0.57350874
2017-08-02,0.86136067,0.506874,0.12576996,0.13414747,-0.17312239
2017-08-03,0.06519227,-0.31995595,1.0375527,-0.56334615,-0.5349946
2017-08-04,-0.04412917,0.60775185,0.72274226,0.37668207,-0.10173413
2017-08-07,0.24722578,0.3489901,-0.67192876,-0.26077676,0.9456628
2017-08-08,0.9652065,0.0909543,0.38097233,-0.6842022,1.2408942
2017-08-09,0.5623059,-0.8643013,-0.2281612,0.06621388,-0.7571936
2017-08-10,-0.07047997,-1.3207991,1.812008,-0.8781695,-0.37713563
2017-08-11,0.18195531,-0.19019529,0.43241528,0.10281105,-0.7271352
2017-08-14,-0.5383649,0.09771014,0.19157608,-0.6091756,0.11242775
2017-08-15,-1.302105,-0.41966102,0.8060743,-0.41972557,1.4536725
2017-08-16,0.85675895,-0.20069697,0.39512354,-1.0687664,1.7111518
2017-08-17,-0.10657861,-0.6706014,0.15878326,0.24319163,-0.49721134
2017-08-18,0.17859547,-0.18553644,0.3716432,0.8324388,0.58586127
2017-08-21,0.53465444,0.0702114,0.019054804,-1.0363744,0.48927552
2017-08-22,-0.49441737,-0.29038757,0.8333106,0.4759896,0.55096424
2017-08-23,0.4510601,-0.25815168,0.5112934,0.3116462,0.1257798
2017-08-24,0.1940226,0.30950502,-0.3607772,0.20965847,0.59329337
2017-08-25,-0.14046639,-0.6024047,0.67749566,-0.079227075,-0.88641715
2017-08-29,1.2969029,-0.93106145,0.88839763,-0.8997726,0.3861423
2017-08-30,0.34026217,0.18616429,0.7184774,0.2523025,-0.6349631
2017-08-31,0.36264822,-0.62761843,-0.2408448,1.6818602,0.45955014
2017-09-01,0.94738257,0.49904332,-0.7412967,-1.1200775,-0.15935129
2017-09-05,0.5485072,0.53501093,-0.99514025,0.3136486,-0.7717602
2017-09-06,0.115462676,0.33575395,-0.07243946,0.45667735,-0.032026425
2017-09-07,0.76896,-0.5350012,1.1403135,-0.7088178,-0.03253498
2017-09-08,-0.3093107,0.3257848,0.09160691,-0.15291965,-1.6432934
2017-09-11,-0.5655911,0.21567315,0.6150065,0.2187568,0.9997289
2017-09-12,-0.24631599,-0.48697653,1.1527363,0.005080915,-0.20770897
2017-09-13,0.025318893,0.2901009,0.488917,0.6182918,-1.2898598
2017-09-14,-0.47054094,0.06180507,-0.27171886,0.55421364,-0.34445834
2017-09-15,-0.074305,0.8359315,-0.84628737,0.76275873,-0.2781325
2017-09-18,-0.13709493,0.9587663,0.8052082,-0.28479272,0.713276
2017-09-19,-0.28630152,-0.082898155,0.8964799,-0.056373846,0.49290884
2017-09-20,0.8967926,0.28414103,0.17470358,0.050208822,0.8452901
2017-09-21,-1.2621057,0.32760352,0.63002676,0.37779218,0.3867323
2017-09-22,-0.1910542,0.23414525,0.21077383,0.424206,-0.7223169
2017-09-25,0.48408815,-1.0274056,0.84800375,0.39249536,-0.11403094
2017-09-26,-0.48309287,0.51665187,1.1070303,-0.39814547,-0.38900632
2017-09-27,-0.44041345,0.517267,0.034945052,0.2249228,0.080956444
2017-09-28,0.7403968,-0.013838304,0.4609342,-0.7985935,0.49091074
2017-09-29,-0.9180544,0.09916649,0.01174824,0.36866003,0.052689668
2017-10-09,0.92771393,0.3623778,-0.028064515,-1.5676371,1.4355289
2017-10-10,0.9951983,-0.9250904,0.55899894,0.16516677,-0.34298047
2017-10-11,-0.85054857,-0.38916603,0.6359269,0.69062495,0.18571919
2017-10-12,-0.011249968,-0.110008374,-0.6877362,-0.18389118,0.74777544
2017-10-13,0.7654873,0.045015167,-0.30387986,0.584742,-0.45144564
2017-10-16,0.21681397,-0.30558628,1.1042861,0.17548843,-0.25067163
2017-10-17,-0.7348856,0.58609265,0.7448712,0.4857545,-0.635786
2017-10-18,0.089396864,0.2985937,0.7102964,-0.14627278,-0.015424791
2017-10-19,0.42973742,-0.25149477,-0.47697502,-0.44818106,-0.036611125
2017-10-20,0.0061239805,-0.0065402687,1.4382769,0.39568278,-0.6466733
2017-10-23,1.1529984,1.1088628,-0.51013285,-0.25096884,-0.0443361
2017-10-24,0.260854,0.016408714,0.59906095,0.2854374,0.6237781
2017-10-25,0.2558364,-0.11197453,0.6099856,-0.1336739,0.1409479
2017-10-26,0.010482749,0.078724094,1.1963066,0.298042,-0.059653435
2017-10-27,-0.21415588,-0.034391172,0.5713236,0.6757125,-0.5242982
2017-10-30,0.97413343,-0.12210359,0.43553323,-0.08041198,-0.95762867
2017-10-31,0.7113325,0.6230571,0.87598586,-0.19876695,0.16909648
2017-11-01,1.7466033,0.27487463,0.08213603,-1.1460717,0.05061685
2017-11-02,-0.30335638,0.15192474,-0.52985746,0.529694,-0.54430646
2017-11-03,0.17286842,0.40750045,1.4160118,0.34590638,-0.39531285
2017-11-06,0.8566302,-1.0966866,0.10300673,0.7068619,-0.48534217
2017-11-07,-0.7946362,0.5534904,0.34626582,0.3283664,-0.96724063
2017-11-08,0.38320434,-0.4662314,-0.3829643,-0.16901961,-0.15460157
2017-11-09,-0.16143145,-0.5392863,1.0686833,0.13991047,-0.67298657
2017-11-10,-0.5288466,0.5090148,-0.207734,0.19819576,0.54845524
2017-11-13,0.47288513,-0.66398484,0.5747553,-0.73124284,0.30551577
2017-11-14,-0.6552654,-0.03489517,0.3928299,-0.6914446,-0.80393463
2017-11-15,0.27776346,0.5826915,0.0599234,0.022060089,0.055700846
2017-11-16,-0.08271667,-0.22979471,0.21682787,-0.43140304,-0.039388288
2017-11-17,1.0051128,-0.545948,-0.5534748,0.41850132,-0.1308079
2017-11-20,-0.6722056,1.5440941,0.5396971,0.20407082,0.07372702
2017-11-21,0.9871377,-0.32808506,0.40768883,-0.39499748,0.24693957
2017-11-22,0.8202438,-0.21470425,-0.094450474,-0.07583248,0.14517213
2017-11-24,-0.016937958,-0.31598583,0.57268834,0.08968117,1.0581764
2017-11-27,0.1814444,-0.23757792,0.59953976,-0.16732807,-1.4852347
2017-11-28,-0.09458052,0.44257283,0.11284665,0.5220785,-1.6616033
2017-11-29,-0.2352861,1.4294964,-0.43154535,0.2345851,-0.6105553
2017-11-30,-0.51980305,0.15072778,0.4408559,-0.09645999,0.15125673
2017-12-01,0.19651811,-0.18337598,-0.20777637,0.5266375,0.7234841
2017-12-04,-0.050856695,0.7256298,0.10894839,-0.84502983,-0.11630194
2017-12-05,-0.42848492,0.9768944,0.8608802,0.44983506,-1.1724911
2017-12-06,-0.00930625,0.6675739,0.5254055,-1.0135725,-0.7065979
2017-12-07,-0.45308787,0.013346414,1.317506,0.33574742,0.5911002
2017-12-08,0.035142936,-0.12156201,0.98121464,0.66796935,-0.3756007
2017-12-11,0.69157165,-0.3214493,1.2618922,-0.19352734,0.1229473
2017-12-12,-0.014103589,0.8342052,0.6140904,-0.6924639,0.45787543
2017-12-13,0.5475014,0.24393085,-0.8758394,-0.6292666,-0.20904218
2017-12-14,0.945969,-0.27404794,0.39416417,-0.42709377,0.3425833
2017-12-15,1.3068837,0.9350043,-0.5457964,-0.20637007,0.057283323
2017-12-18,0.60062695,-1.109981,0.23181814,-0.011877701,-0.4523953
2017-12-19,-0.14003433,-0.35061872,-0.010111409,0.3195124,0.739928
2017-12-20,0.8761863,-0.35348758,0.16715199,-0.033924837,0.4033819
2017-12-21,0.56002676,0.31182003,-0.06430067,-0.20527515,0.42930144
2017-12-22,0.87544906,-0.32055125,0.40141973,-0.23187278,-0.03981128
2017-12-27,1.2370844,-0.2950598,0.045407634,0.6035811,-0.05045593
2017-12-28,0.96681947,-0.72070426,0.46283495,-0.32547727,-0.18007272
2017-12-29,0.7115031,-0.5126141,-0.20584282,-0.002496504,-0.3098841
2018-01-02,0.5471731,0.069452435,-0.5016265,-0.15761264,-0.54391724
2018-01-03,0.12498247,-0.30299294,0.21646906,0.7310807,-0.81731886
2018-01-04,0.5917149,-0.04751231,0.33485255,-0.4279308,0.6824012
2018-01-05,0.0434906,0.038771585,0.33630985,-0.55403113,-0.79911774
2018-01-08,0.30559665,0.2926819,1.0025603,-0.19134901,-0.7406632
2018-01-09,0.3850456,0.5054518,0.50935614,0.6237285,-1.1136757
2018-01-10,-0.0035643808,-0.65387946,0.22572917,-0.019540643,0.5630938
2018-01-11,0.81755185,0.32974485,0.53360987,-0.33333853,-0.6867288
2018-01-12,0.77869475,-0.6086867,0.9507423,-0.35996455,-0.32000583
2018-01-16,-0.4359613,-0.16476388,-0.21905378,-0.019835783,-0.7061746
2018-01-17,0.44799528,0.30769074,0.064563684,0.15473801,-0.90400624
2018-01-18,0.13924891,0.6319416,0.59559953,-0.120603785,0.67922884
2018-01-19,0.6470478,0.12563863,-0.3475161,-0.6458582,-0.1305581
2018-01-22,0.30674776,0.5420072,0.44770184,0.13130425,0.018235326
2018-01-23,0.19991066,-0.20209017,0.8236215,0.5190171,-1.4281619
2018-01-24,1.634897,-0.6344008,-0.6533987,-0.37781385,0.17568016
2018-01-25,-0.14466716,-0.9795367,-0.12103139,-0.07920193,0.22241655
2018-01-26,-0.12223777,0.49062517,0.47111952,0.56974846,0.022415025
2018-01-29,-0.28120267,0.8333413,-0.35587522,0.2594272,0.036333118
2018-01-30,-0.8296084,0.3136678,-0.63497,-0.16260052,0.6858655
2018-01-31,0.980842,0.057996273,0.5861743,-0.9314919,0.26838046
2018-02-01,0.8159038,0.27804565,0.6313082,-0.29015818,0.35341442
2018-02-02,-0.90576994,0.6080291,0.610527,0.04982017,-0.54027736
2018-02-05,0.12405814,0.038712066,0.22566009,-0.76753557,0.84445256
2018-02-06,-0.39633492,0.95403236,-0.7950524,0.20902456,-0.93098015
2018-02-07,-1.0327768,1.2796093,-0.35923728,-0.169305,-0.54436445
2018-02-08,0.65987754,0.33836186,0.41930792,-0.9741747,0.07826636
2018-02-09,-0.7092855,0.8602829,0.20768513,-0.9901909,-0.52174014
2018-02-22,2.2985778,-0.10913089,-0.060436737,0.41835386,1.1256839
2018-02-23,-0.10761749,0.14907303,0.48091787,0.68907714,-0.85502404
2018-02-26,0.10236701,-0.2478461,-0.18464662,0.32284474,0.11289474
2018-02-27,-0.31020662,1.2626808,0.1280116,-0.018628167,-0.6770872
2018-02-28,-0.18830039,0.72140497,-1.2949908,-0.38931596,-0.15072128
2018-03-01,-0.7768557,0.90305376,-0.93822753,0.6462452,0.012765464
2018-03-02,0.4969048,-0.68298,0.58972603,-0.3400559,-0.8739136
2018-03-05,0.03109809,0.46218002,-0.2322106,0.8962635,-0.429635
2018-03-06,0.74796015,-1.0105209,0.29294097,-0.4645589,-0.26447344
2018-03-07,-0.30110332,0.7476664,0.996407,-0.40673918,-1.1236962
2018-03-08,-0.48997703,0.37028807,-0.47769558,-0.008279696,-0.39035842
2018-03-09,0.9771213,-0.6509111,1.6527961,-0.43534413,0.44072768
2018-03-12,-0.11874024,0.5046454,0.24015947,-0.058720026,-0.84569687
2018-03-13,0.5301563,-0.20361423,-0.18258344,-0.34743994,0.26446912
2018-03-14,-0.28717297,-0.28649437,0.49454686,0.3349146,-0.14192241
2018-03-15,-0.595865,0.46178186,0.03887605,0.4638589,0.22415957
2018-03-16,-0.017016163,-0.03421295,1.2924834,0.22711653,-0.017831322
2018-03-19,0.1203201,-1.0271295,1.7431567,-0.6911492,-0.06792096
2018-03-20,0.0663993,0.44017828,0.78352207,0.76955676,-0.94176793
2018-03-21,0.5053512,-1.0398195,0.73973477,0.49840924,0.3236612
2018-03-22,-0.11121906,0.11321224,0.04910721,-0.3044287,-0.6149334
2018-03-23,-0.1510615,-1.0457813,0.3923282,0.12391754,-0.38977325
2018-03-26,0.28440225,-0.44069278,0.65388817,-0.50778043,-0.18600442
2018-03-27,-0.18621922,0.17921154,0.5383455,0.36839643,0.10480319
2018-03-28,0.35518223,1.1803291,1.1409528,-0.45899022,-0.26287287
2018-03-29,-0.12806655,0.6619962,-1.1973817,0.9254848,-0.07977386
2018-04-03,-0.11416545,0.09155754,-1.0017773,-0.9182957,1.0480533
2018-04-04,-0.30988485,-0.3295109,1.4677466,-0.24473765,-1.1089656
2018-04-09,0.87027186,0.45602265,-1.4509361,-0.015232927,1.5172224
2018-04-10,1.2726762,0.14453247,1.0022222,0.11472542,0.52044433
2018-04-11,0.8056757,-0.6810986,0.9596614,-0.022154694,-0.1415042
2018-04-12,0.36614645,1.1097814,0.60824543,0.019207938,-0.49629816
2018-04-13,0.7003933,-0.2258604,0.8836552,-0.44540012,-1.063661
2018-04-16,1.4351566,0.37700164,0.5328495,-0.7326696,-1.055739
2018-04-17,0.5848145,0.16382416,0.47565335,-0.54294556,-0.21030639
2018-04-18,1.7013927,-0.0464753,0.39964545,-0.16001253,1.4729979
2018-04-19,-0.6063812,-0.10890399,0.16646537,0.5802568,-0.66129184
2018-04-20,0.109526,0.2980328,0.9853426,-0.0059973593,-0.4893089
2018-04-23,-0.639928,0.34999907,1.3641312,0.54209244,-1.496719
2018-04-24,0.41069946,-0.25818813,-0.27154905,-0.18267785,-1.1931622
2018-04-25,-0.17767024,1.481171,-0.26557052,0.4682813,-0.2888696
2018-04-26,0.6122044,0.21619245,0.69867665,-0.03854497,-0.041686054
2018-04-27,0.29310837,0.4978137,-0.58159596,0.050147615,-0.89328897
2018-05-02,-1.5458992,-0.83262277,-0.8065619,0.78073853,0.8185896
2018-05-03,0.48717,0.077561066,-0.299976,0.09889808,-1.076013
2018-05-04,0.8146896,-0.46365783,1.0744085,-0.31748596,0.93895495
2018-05-08,-0.18568815,-0.50467265,1.4082943,-0.3393045,-0.19176266
2018-05-09,0.42335466,-0.5276527,1.3180765,0.72254765,-0.36610928
2018-05-10,0.83690226,-0.43465716,0.48287323,-0.19731893,-0.8035988
2018-05-11,0.08882309,-0.25230128,0.9941032,-0.28003916,-0.6350973
2018-05-14,-0.65854794,-0.22851303,0.25220183,0.63130504,0.35668543
2018-05-15,-0.5638203,1.533366,-0.5898004,1.2234193,-0.47330046
2018-05-16,-0.6283852,-0.98107064,0.21841262,0.3834386,0.3023258
2018-05-17,0.7203372,0.1254796,0.40069017,0.02826393,-0.48509315
2018-05-18,-0.28023997,0.5659183,-1.2354658,0.2738842,-0.044164073
2018-05-21,0.85053575,0.27199244,-0.41285557,-0.0028061478,0.37498096
2018-05-22,0.2080138,-0.21298982,-0.17287958,0.4700303,-0.6565241
2018-05-23,-0.4625801,0.7601623,-0.46302488,0.58219206,-0.5046054
2018-05-24,0.7599711,-0.7841034,-0.074569136,-0.81526613,-0.008710281
2018-05-25,-0.25596458,1.1166677,-1.020601,-0.54551214,-0.07842034
2018-05-29,0.58313704,0.53465676,-0.021740705,-0.91346496,-0.1160354
2018-05-30,1.1642787,-0.38751292,1.2067357,-0.19151783,-0.6423144
2018-05-31,0.3785289,0.3870831,0.092855446,-0.27496636,-0.4428685
2018-06-01,0.7008754,0.8646424,0.70319253,-0.7418494,-0.015669592
2018-06-04,0.33786964,-0.2374145,1.75354,-1.1735358,-0.049066406
2018-06-05,0.9127753,0.24450585,0.1147411,-0.8620047,0.43959302
2018-06-06,1.0925487,0.26231697,-0.025162034,-0.83073664,-0.06819065
2018-06-07,0.37329057,-0.09261343,1.1319312,0.47116098,-1.0562929
2018-06-08,0.3535466,0.13374592,-0.1076786,-0.15665232,0.16181712
2018-06-11,0.08155035,-0.7649917,0.9366081,-0.28283665,-0.46667147
2018-06-12,-0.07566469,0.7146007,-0.73256034,0.3157453,-0.16493243
2018-06-13,0.057540856,-0.9200205,1.1596519,-0.03795899,-0.17628752
2018-06-14,0.073296465,-0.91468847,1.0734998,-0.78541726,-0.8955815
2018-06-15,-0.30716175,1.5845788,1.1627012,-0.6091955,-1.4569393
2018-06-19,-0.6654791,-0.55588084,2.4647005,-0.4499367,-0.967583
2018-06-20,0.15282783,0.16679919,-0.20153187,0.07944045,0.16749907
2018-06-21,-0.35100007,0.429968,-0.14777485,-0.26462775,-0.48898447
2018-06-22,0.8045918,-0.20320073,0.3383818,0.6651695,0.11293558
2018-06-25,-0.8159238,-0.64447385,1.2407684,-0.26686293,-0.6596458
2018-06-26,-0.2654429,-0.50988245,1.0158683,0.69845074,-0.17781141
2018-06-27,0.81085664,0.5299432,1.0056124,0.4975215,-0.50432855
2018-06-28,-0.3927618,-0.13697292,1.1241475,0.016291153,-0.060976215
2018-06-29,0.4858426,0.06449474,-0.24839948,0.65847576,-0.8143436
2018-07-02,-0.14507392,1.0723739,1.8532917,-0.97215843,-0.50821686
2018-07-03,0.30916068,-0.988511,-0.5695201,-0.07430803,-1.3212587
2018-07-05,0.014572789,0.1871721,0.08284118,0.13735855,-1.588507
2018-07-06,0.5111047,1.1006601,-1.6121712,0.37428245,0.32167092
2018-07-09,0.35719556,-0.9754882,1.3919213,-0.2695549,0.09254955
2018-07-10,0.11871838,0.17984067,0.95699644,0.115090884,-0.96277195
2018-07-11,-1.2339679,0.09712101,0.9442369,-1.2157439,-1.1885706
2018-07-12,1.2041084,0.6094831,-0.07628669,-0.17052151,-0.1470001
2018-07-13,-0.576391,-0.14127104,1.426065,0.054375052,-0.17922613
2018-07-16,0.09913942,1.3907225,-1.5333798,-0.70739967,-0.26772198
2018-07-17,-0.7680147,0.73300767,0.25697458,0.21350805,0.6251683
2018-07-18,0.6671994,0.42258823,0.5590858,-0.19814886,0.61552364
2018-07-19,-0.4237316,0.67241603,0.088702746,0.6747868,-1.3377424
2018-07-20,0.8908874,-0.65024877,-0.60432184,-0.023534935,0.8464812
2018-07-23,0.50092643,0.468641,0.4610621,-0.37785506,-0.4452455
2018-07-24,1.2651099,0.22321805,0.3415544,-0.71165496,0.50435656
2018-07-25,0.5711339,0.4125978,-1.0789489,0.38238215,-0.9017079
2018-07-26,0.085814014,0.042555332,0.923899,0.054279633,-0.13466477
2018-07-27,0.4612455,0.74304205,0.11688673,-0.22286661,-0.103266016
2018-07-30,0.6020202,0.30687127,-0.65071076,-0.20285222,-0.26156312
2018-07-31,1.0098906,0.92766446,-0.51746243,-0.6836207,0.47418228
2018-08-01,-0.24395353,0.8211672,0.5396282,-0.7983918,-1.3866129
2018-08-02,0.15879266,-0.018066471,0.5986679,0.38027394,-0.4431292
2018-08-03,1.4819773,0.4075325,-0.0048164013,-0.757614,-0.09163111
2018-08-06,0.17192961,0.72461754,0.17719615,0.18640272,-0.36236486
2018-08-07,0.49265143,-0.14991784,0.5234601,0.10444306,0.19358575
2018-08-08,0.36607024,0.4716005,-0.39913556,-1.2064238,0.7281
2018-08-09,-0.18388323,-0.4924397,0.43719596,-0.06330136,-0.4318825
2018-08-10,-0.35505602,-0.84756947,2.4257863,-0.30272707,-0.5563464
2018-08-13,-0.79077846,0.7220369,1.2178353,0.3888201,-0.9937982
2018-08-14,0.7515622,0.779178,-0.17046626,-0.19511208,-0.8187861
2018-08-15,-1.9854192,0.84806865,0.6705136,0.21413529,-1.4343185
2018-08-16,1.1269041,0.58912736,-0.9680534,0.05148237,0.94683844
2018-08-17,0.40777275,0.4703852,0.08741532,0.34298348,-0.94876397
2018-08-20,0.7669176,-0.57968664,0.9069465,-0.60562885,0.49868706
2018-08-21,0.7353601,-0.44352266,0.90878683,-0.33408862,0.13644972
2018-08-22,0.5134426,-0.5751002,1.7352219,-0.5164553,-0.010005122
2018-08-23,-0.22630927,0.16320845,1.4599113,-0.41247022,-0.04661256
2018-08-24,0.9405191,-1.41566,0.11379727,-0.23163165,0.3858902
2018-08-28,1.3678488,0.13041513,1.1369433,-1.1459957,-0.21048272
2018-08-29,-0.35235828,-0.037867717,0.045379516,0.7411985,0.036340877
2018-08-30,-0.5328254,0.057548564,1.0083177,0.448768,-0.3795427
2018-08-31,-0.44349253,0.5874152,-0.89887655,0.7413643,-0.92037755
2018-09-04,-0.38690755,1.2654045,0.4354303,-0.0074190935,-1.1857384
2018-09-05,0.22155318,-0.50510806,0.2327871,-0.7154046,-0.028979437
2018-09-06,0.3182465,0.038112935,0.26672274,-0.37633508,-0.6886144
2018-09-07,0.07660958,0.5135381,0.13873065,0.23281951,-0.11619067
2018-09-10,0.45112017,0.43471298,-0.51710254,0.23647831,-0.17707306
2018-09-11,-0.30827892,-0.5982006,1.3392888,0.34092543,-1.1260215
2018-09-12,1.0559655,-0.8211925,0.7659525,-0.5832522,0.8697906
2018-09-13,-0.22078888,-0.24133275,0.6502105,-0.7544399,-0.012565747
2018-09-14,0.41799998,1.0253037,0.7622035,-0.2892564,-0.9625426
2018-09-17,0.34738037,0.5652124,-0.7898234,0.26126665,-0.96175444
2018-09-18,0.65749496,-0.690629,1.0419166,-0.15416716,-0.15962261
2018-09-19,0.6895091,0.092183694,-1.0004348,0.24020796,0.43587807
2018-09-20,0.9647493,0.44256845,-0.95772815,-0.2576347,-0.23587975
2018-09-21,0.6640477,0.45310238,0.12952264,-0.29124507,1.7736971
2018-09-25,0.3623339,0.007758626,0.87378746,0.96163243,-1.4622995
2018-09-26,0.442372,0.57563627,0.93795794,-0.6247192,0.055693474
2018-09-27,-0.79637444,0.21280758,0.20681852,0.8734562,-0.50995547
2018-09-28,1.2135377,-1.3436892,0.8823021,-0.6454859,0.9129635
2018-10-08,0.070774846,0.5827962,-1.7455345,1.5412029,0.119186245
2018-10-09,1.2889487,-0.26075011,0.51669306,-0.756114,0.07456997
2018-10-10,0.008585551,0.21696769,0.5133232,-0.8038344,-1.3547134
2018-10-11,0.8145244,-0.48640794,-1.1694548,-1.1459763,-0.50577253
2018-10-12,0.23586585,0.8100536,-0.93851227,0.11799141,0.69179505
2018-10-15,0.2105877,0.3065482,-0.7282736,-0.22626269,0.8276362
2018-10-16,-0.13299085,-0.5736082,0.9658131,0.036839467,0.07021447
2018-10-17,-0.19157277,0.17299192,-0.20682722,-0.58672714,0.63868177
2018-10-18,-0.2976367,-0.30960944,0.98855084,-0.7561771,0.3651797
2018-10-19,0.08375304,-0.49867254,0.6378745,0.179337,-0.49367294
2018-10-22,-0.7236461,0.027273878,-0.015068294,0.38069448,0.59894025
2018-10-23,0.44025096,-0.23876369,-0.66173995,-1.1631519,-1.022612
2018-10-24,-0.27142298,-0.18553954,0.9785421,0.07343245,-0.48799664
2018-10-25,0.07142733,-0.48336276,1.2834016,-0.075814284,-0.49868867
2018-10-26,0.09915284,0.20013657,-0.49080944,0.45394105,-0.35456365
2018-10-29,-0.5472138,0.20555893,1.0506924,0.020520652,-0.5763049
2018-10-30,0.076038055,0.14993165,0.48198,-0.5142241,-1.4375225
2018-10-31,-0.101246506,0.6997878,0.44439092,0.025380526,-0.7776034
2018-11-01,0.8177365,0.056412384,-1.7828707,-0.99837804,0.79910725
2018-11-02,0.32907256,0.11791564,-0.478959,-0.13367203,0.6666262
2018-11-05,-0.32939732,0.24597843,0.5149743,0.47989705,-1.4145771
2018-11-06,-0.44875672,0.32375818,0.72577363,-0.36269706,0.02076019
2018-11-07,0.39727432,-0.4228791,0.08272286,0.19557887,-0.23109971
2018-11-08,0.04119725,0.6888958,0.11472608,-0.7086101,0.458606
2018-11-09,-1.2278945,0.5174563,0.6691927,0.3297031,-0.8696266
2018-11-12,-0.317928,0.54746425,0.53692156,0.37162086,-0.610495
2018-11-13,0.17184812,0.8272528,-0.050050225,-1.6838213,-0.98718035
2018-11-14,0.13541447,-0.59957504,-0.0007266438,0.81640023,-1.1563807
2018-11-15,0.637514,0.22047141,0.12058918,-0.98266184,1.6648364
2018-11-16,0.7791229,-0.49136806,-0.109629214,-0.039102934,-0.39277223
2018-11-19,0.053170975,-0.8708478,0.81549954,0.26350155,-1.1300731
2018-11-20,-0.6520833,1.0754693,-0.44026464,-1.4978788,0.02044328
2018-11-21,0.4114217,-0.43493083,-0.10110554,-0.098249555,0.5844086
2018-11-23,-0.584403,1.2408164,-0.08295276,-2.0356932,-0.25279027
2018-11-26,-0.27443713,-0.74708134,1.0436848,0.50491667,-0.12932444
2018-11-27,-0.23718423,0.98537934,0.25624314,0.17038466,-1.1090487
2018-11-28,0.40804544,0.54640716,-1.5677569,-0.16816717,0.16301145
2018-11-29,0.028010666,-0.27312547,0.8805121,0.280104,0.1394677
2018-11-30,-0.15549906,1.1501528,-0.5734153,-0.019962588,1.135832
2018-12-03,1.1441228,-0.5305257,0.068035595,0.39626023,0.5174685
2018-12-04,0.48074824,0.20102164,0.3860311,0.19842365,-0.81145084
2018-12-05,0.4858186,0.6070642,0.40821996,-0.53186214,0.4847408
2018-12-06,-0.78994876,0.14299595,0.619697,-0.9090121,-0.4417524
2018-12-07,0.8430784,-0.13877481,-0.22107027,0.98467577,-0.29631573
2018-12-10,-0.2707684,0.7725026,-0.17009819,-0.72070324,-0.9831722
2018-12-11,0.0153689915,-0.17221653,0.39619967,-0.006988917,0.8298949
2018-12-12,0.55191123,-0.27412418,-0.3003793,-0.5990503,0.10762067
2018-12-13,-0.1299633,-0.31413144,0.7829518,0.59004885,-0.3017469
2018-12-14,-0.18421873,1.0547705,0.2952534,-0.75353855,0.24593805
2018-12-17,-0.10967971,-0.18420932,-1.5186557,0.066810675,-0.1806058
2018-12-18,-0.16703881,0.82571,-0.5251045,-0.9027724,-1.8149343
2018-12-19,0.56904054,-1.1864455,1.0053457,0.14034295,0.39600018
2018-12-20,0.10555039,-0.009278497,-0.15151986,-1.7143949,-0.14894044
2018-12-21,-0.45094153,0.15712267,0.9813235,-0.010796884,-0.884445
2018-12-24,-0.021041928,0.35274056,-0.7663197,-1.7644236,0.2835411
2018-12-27,0.38019353,-1.1963475,1.078777,0.079332925,-1.10266
2018-12-28,0.06258747,0.011601637,-0.29384488,-0.19722036,0.43004528
2019-01-02,0.297175,-0.41380635,1.1331813,0.3449926,-0.74502045
2019-01-03,0.39183703,-0.061002582,-0.16528861,0.39752996,-0.4898225
2019-01-04,0.8013995,0.024742905,-0.21608005,0.42700845,1.2404703
2019-01-07,0.26824316,-0.06555763,0.02981439,-0.01298843,1.0548822
2019-01-08,0.2832786,-0.2492855,0.95302933,0.5450942,-0.64935565
2019-01-09,0.58042175,-0.34371448,0.56754285,1.253041,-0.6281661
2019-01-10,-0.06489895,-0.3802162,1.5364151,-0.17002265,-0.46609077
2019-01-11,0.32285562,0.5559964,-0.5096145,-0.28318986,-0.19843999
2019-01-14,0.2927359,0.5215877,0.16114002,-0.1652506,-1.6235323
2019-01-15,0.54975504,0.0231071,1.0537282,-0.039101526,0.44562188
2019-01-16,0.97204816,0.09340082,0.469141,-0.39654917,0.8290122
2019-01-17,0.33770502,0.81883544,-0.68537724,0.2578387,0.080126636
2019-01-18,-0.20221983,-0.10488914,0.1525915,1.1011869,0.75433904
2019-01-22,-0.4020078,0.47921103,0.22195366,-1.0976703,0.7953698
2019-01-23,0.19494112,0.07169833,-0.3382405,-0.2457814,0.8870252
2019-01-24,0.30344135,0.06288294,0.48744723,0.022018261,-0.49420956
2019-01-25,1.6715218,-0.55892456,-0.05461943,-0.6302636,0.2451184
2019-01-28,-0.45103654,0.37381247,-0.42356342,-1.0934173,0.0754577
2019-01-29,0.3530859,-0.994951,1.0443012,0.43181902,0.23592408
2019-01-30,0.7360857,-0.074324705,0.21070239,-0.07936558,0.83216405
2019-01-31,-0.024381494,-1.1603452,0.0644253,-0.4900878,0.5348518
2019-02-01,-0.30796173,-0.19987376,0.42224982,0.6527507,0.29606026
2019-02-11,-0.3723578,0.6199654,1.681453,-0.5122377,-0.44937187
2019-02-12,-0.25757125,-0.22335221,-0.25893164,0.6776142,-0.8556762
2019-02-13,0.026317777,-0.4003968,0.8929979,0.38067877,0.09584704
2019-02-14,-0.109829135,-0.43371022,1.624366,0.22056334,-0.5233066
2019-02-15,0.98181325,-1.0884224,0.31084105,0.7865904,-0.28354907
2019-02-19,0.8067868,-1.3359377,0.7541282,-0.8805016,0.90131617
2019-02-20,0.74217594,-0.77969843,0.76808256,-0.41608986,1.1280415
2019-02-21,0.010242377,1.6441635,0.043677054,0.86592865,-0.395829
2019-02-22,0.702366,-0.6430441,-0.018646717,-0.3760557,0.5088576
2019-02-25,0.14980048,0.39821967,0.4028117,-1.3303138,-0.3462454
2019-02-26,0.29996663,-0.45276198,1.5561327,-0.01389034,-0.6417297
2019-02-27,0.79195446,0.07317202,0.8093342,0.19372493,0.029360924
2019-02-28,0.37568033,0.40725765,0.48658118,-0.0858404,-0.19389357
2019-03-01,-0.002635625,1.2150574,0.32655022,0.31479058,-0.23121044
2019-03-04,-0.14322574,0.77044255,1.1584849,0.52743447,-1.0318098
2019-03-05,0.4703383,0.40207,-0.45328283,0.13195194,0.28764802
2019-03-06,0.10362518,-0.14061362,1.6825247,-0.5286944,-0.37629622
2019-03-07,-0.29094943,-0.18858592,1.3876977,0.088325076,-0.8742373
2019-03-08,0.83385074,-0.18641004,-0.70134145,-0.64509416,-1.2112929
2019-03-11,-0.064415924,-0.049055424,1.1770176,0.089804165,-0.09677972
2019-03-12,0.83686095,0.33687848,-1.0477792,-0.033477105,0.91410977
2019-03-13,0.89017415,-0.4662697,0.37087536,-0.1063469,0.07847959
2019-03-14,-0.956729,0.5907138,0.23015425,0.71580696,-0.6673743
2019-03-15,0.6857171,0.76579165,-1.3092506,0.11679407,-0.54554856
2019-03-18,-0.24465215,-0.65292645,0.33890855,0.43299842,-0.020329053
2019-03-19,0.76042986,-0.50774366,0.42740035,-0.3824083,0.42772865
2019-03-20,0.42043096,0.18584353,0.26795882,0.44617516,-0.1411829
2019-03-21,0.62619144,0.49986276,-0.33977455,-0.028985936,-1.479592
2019-03-22,-0.37589923,0.19295375,0.33737823,-0.46831146,-0.39236227
2019-03-25,0.36786687,-0.49979955,-0.3105876,0.16793118,-0.41920283
2019-03-26,-0.28674483,-0.44100887,0.66232663,0.3382122,0.52295154
2019-03-27,-0.47259143,-0.073466115,0.5593542,-0.12235707,0.55290836
2019-03-28,-0.90040493,0.68317807,0.83083475,0.12552087,0.36483914
2019-03-29,0.54032713,-1.0942355,1.1135665,-0.61138046,0.9582117
2019-04-01,0.22330236,0.777881,-0.3839234,0.019061211,0.21833144
2019-04-02,0.23295778,0.18772459,0.44224578,0.45275107,-0.97113055
2019-04-03,0.6660289,-0.45376304,0.09001885,-0.5008213,0.60782725
2019-04-04,0.40796083,0.12693214,-0.42229512,0.011016268,-0.40745306
2019-04-08,0.45324844,-0.8137734,1.2992816,0.3043711,-0.70597607
2019-04-09,-0.05630474,-0.08254039,0.28081387,-0.014587702,-0.30219537
2019-04-10,0.15199263,-0.77672297,0.33432972,0.61164474,-0.4453157
2019-04-11,-1.0780811,0.89436555,0.6173295,0.22113569,-0.015473995
2019-04-12,0.63516504,-0.032824717,-0.042727206,-0.099031806,0.81101006
2019-04-15,0.20490427,0.23279932,0.36036104,0.04881365,-1.3089318
2019-04-16,-0.108376995,0.2733552,1.3172401,0.22883476,-0.89455783
2019-04-17,0.21232092,-0.13293843,0.6731158,-0.41837195,0.21587248
2019-04-18,0.09318019,-0.35995358,0.035986785,0.37087908,-0.60365725
2019-04-23,-0.47374842,-0.73941195,1.9004775,0.4759502,-0.11219067
2019-04-24,-0.10386143,-0.8670391,0.9125256,-0.40133405,0.010746122
2019-04-25,-0.14480872,0.093377836,0.08941757,0.10835171,-0.7710292
2019-04-26,0.42521834,-0.19608575,-0.34675223,-1.1791704,-0.24003656
2019-04-29,0.15231827,0.039681375,1.3922557,-0.16919836,-0.350345
2019-04-30,-0.38408905,-0.6681822,0.37391534,0.45557207,0.026691152
2019-05-07,-1.840977,-0.60152894,-0.05354566,-0.30646142,-0.17745295
2019-05-08,-0.28051448,-0.14447102,1.0033878,0.49303493,-1.1214422
2019-05-09,-0.22002134,-0.51932555,1.3619183,-0.4680044,-0.43341225
2019-05-10,0.41667417,-0.80128485,1.0847899,-0.35753098,0.084067516
2019-05-13,-0.7738552,-0.3988971,-0.3850758,0.27057785,-0.66939193
2019-05-14,0.25645736,0.7654748,-1.2123531,0.8093707,0.35090113
2019-05-15,0.53141415,0.6860727,-0.41368973,0.8203823,-0.2200752
2019-05-16,-0.0857887,1.0674304,-0.3239576,1.1645339,0.105259106
2019-05-17,-0.2779552,0.7215002,1.0278318,-0.24077469,-0.88206834
2019-05-20,-0.11030933,0.6797817,-1.5433575,0.46253347,-0.54837483
2019-05-21,0.026090838,-0.15346038,0.16853306,-0.12905665,0.15930945
2019-05-22,-0.22876692,0.58648914,0.07962622,-0.59907234,-0.5831196
2019-05-23,0.18149407,0.10675851,-0.3706608,-1.7749144,-0.18245308
2019-05-24,0.10870945,0.48236498,-1.1365762,0.632777,0.9087345
2019-05-28,-0.14081678,0.9736973,-1.2346797,1.1529666,0.3240945
2019-05-29,0.021825856,0.17888957,-0.22604935,-0.05098577,-0.65123504
2019-05-30,0.25976592,0.74635494,-1.9917924,-0.42092115,0.21432339
2019-05-31,-0.5664772,-0.9757018,-0.24481836,-1.4345833,0.20840992
2019-06-03,0.27539277,-0.006320455,-1.1501292,-1.5482457,-0.010056005
2019-06-04,0.3120567,-0.2461975,0.7707196,-0.11211446,0.061084937
2019-06-05,-0.30127236,0.15575673,1.5170414,-1.3642966,-0.547548
2019-06-06,0.30121765,-0.37684926,-0.57628745,0.35560808,0.66352075
2019-06-10,-0.1273756,-0.07291741,1.8845216,0.24437536,-0.52725613
2019-06-11,0.27551004,-0.19961086,-0.39004803,0.27505857,0.2548476
2019-06-12,0.17446621,0.7604598,-1.3892504,-0.6413687,0.1728409
2019-06-13,0.4342218,0.21815892,-0.4567645,0.53132224,-0.41320324
2019-06-14,-0.0974391,0.4450015,-0.047453042,0.6345558,-1.0221817
2019-06-17,0.57887787,1.20336,-0.25129938,-0.40925017,-0.31877875
2019-06-18,0.6935718,-1.05533,1.019372,-0.21162157,0.811721
2019-06-19,0.06526732,-0.55426645,0.94209284,-0.36800274,-0.2713261
2019-06-20,0.932111,-1.6060476,0.14231168,0.26399225,-0.32052657
2019-06-21,-0.3473227,-0.8503944,1.8706094,0.18093324,-0.49575248
2019-06-24,0.78068364,0.14645919,-0.93117976,-0.37148935,0.4155503
2019-06-25,0.5760132,-0.21819827,0.5101541,0.027269822,0.40977997
2019-06-26,0.022018975,-0.59633493,1.210929,0.6975853,-0.3189593
2019-06-27,0.12591468,0.03683874,0.11503579,-0.08582046,-0.71788204
2019-06-28,0.5207642,-0.7925912,0.99633825,-0.7240776,0.20782612
2019-07-01,-1.1497533,-0.42743152,0.66913235,-0.024541682,0.22780555
2019-07-02,0.24739382,0.19556212,0.0459712,-1.3857961,-0.84657186
2019-07-03,0.48709044,-0.19336694,-1.0358126,0.9930468,-0.53105974
2019-07-05,-0.35342154,0.9529493,1.2554373,0.57843196,-0.8212659
2019-07-08,0.20054229,0.11090352,-0.04737203,-0.31317395,0.17054196
2019-07-09,0.49561664,-0.006166592,0.97375613,-0.2415798,-0.7898308
2019-07-10,1.0395694,-0.52688336,0.03775576,1.0239685,0.78968567
2019-07-11,0.3221547,1.0447316,-0.95858717,-0.020218832,-0.23551576
2019-07-12,0.5940484,-0.03204426,0.088288225,-0.12968439,-0.14554147
2019-07-15,1.3252138,0.12931377,0.80181265,-1.2043915,0.07106159
2019-07-16,0.3946497,-0.27805507,0.3714107,-1.2076141,-0.09595256
2019-07-17,0.69396377,-0.4038426,0.14383797,-0.7853342,-0.6718804
2019-07-18,0.35109213,-0.42995375,0.5638549,-1.3303819,-0.19797367
2019-07-19,0.07563905,0.59474885,-0.8370245,0.76069224,-0.18642321
2019-07-22,-0.06504652,-0.6717077,1.2443013,-0.035851143,-1.2007004
2019-07-23,1.0277,0.57613844,0.046517476,-0.09592324,-0.50738
2019-07-24,0.51047444,-0.0061730547,-0.41031694,-0.4061567,0.743985
2019-07-25,-0.61010104,-0.042460766,1.0773675,0.33095524,-0.33676565
2019-07-26,0.23318797,0.14412482,0.36857706,-0.41634798,-0.39317617
2019-07-29,0.27310765,-0.39971283,-0.13194816,-0.33221564,0.9357124
2019-07-30,0.06111006,-0.8831185,1.1275808,-0.05276948,-0.29055846
2019-07-31,0.5259463,-0.062864736,1.4864818,-0.36519536,-0.7714046
2019-08-01,-0.46426144,1.1434712,0.36152366,-2.0262034,-0.053797513
2019-08-02,0.11121928,-0.6294038,0.3045896,0.3129969,-1.5287617
2019-08-05,0.53852534,0.3716386,-0.4582858,-1.26576,-0.8404128
2019-08-06,0.2281617,-0.10384601,0.29581627,-0.7618309,-0.28227618
2019-08-07,1.0986912,-0.06403965,-0.8591752,-1.5559672,-1.149613
2019-08-08,0.83858657,0.99197054,-0.032286283,0.59596133,1.0819416
2019-08-09,0.081732616,0.109712385,0.6094678,0.94023657,-1.037477
2019-08-12,0.254985,-0.8979186,2.0599926,-0.91036385,0.09633157
2019-08-13,0.17680243,-1.1601264,1.3764141,0.7428492,0.64236164
2019-08-14,-0.63863355,-0.6579261,-0.42490223,-0.7033318,-0.7419804
2019-08-15,0.5200866,0.86471987,0.8154899,-1.2777733,0.937025
2019-08-16,0.03434662,0.51645404,-0.3567141,0.23600988,0.5148148
2019-08-19,-0.03570967,-0.29730296,1.6259706,0.12477013,-0.5631291
2019-08-20,0.54611856,-0.07379409,0.91694504,-0.19041273,-0.8445763
2019-08-21,0.5090546,0.2724412,0.062148664,-0.21583608,0.8281541
2019-08-22,0.16269855,0.6472858,0.22166404,-0.3851803,-0.81251216
2019-08-23,0.40020445,-0.8987996,0.5439216,-1.2784767,-0.24579257
2019-08-27,1.0829616,-0.96089697,0.0047023455,-0.44607848,-1.0344515
2019-08-28,0.5991775,-0.7283012,-0.0391345,0.66835034,-0.4655751
2019-08-29,0.7907689,0.43159255,0.7052943,-0.15527658,-0.32064456
2019-08-30,0.20445225,0.21374366,-0.16126901,-0.8756782,-0.08552788
2019-09-03,0.41083857,-1.3767246,-0.32218048,-1.1831534,-0.62743956
2019-09-04,1.2294792,-1.0270804,0.4436554,0.70360255,0.55714935
2019-09-05,-0.98104954,0.68315053,0.87300897,0.6845557,0.9705501
2019-09-06,-0.9978147,-0.19118473,0.9588656,0.46091086,0.4103383
2019-09-09,0.2733719,-0.07222225,0.5333572,0.5720259,-0.3381621
2019-09-10,0.52141774,1.2742207,-0.33087602,0.20009129,0.20140444
2019-09-11,0.35064825,0.21593432,0.19340098,-1.1021196,0.21495278
2019-09-12,0.49600428,0.82452136,-1.4825178,0.35938087,-0.5395126
2019-09-16,0.6369781,-0.19178148,0.62020373,2.7466664,-0.41328838
2019-09-17,0.85279816,0.6156505,0.49845463,-2.146554,-0.45227766
2019-09-18,-0.53847176,0.37114474,-0.3942361,0.030631956,-0.34882727
2019-09-19,0.10564075,-0.16330434,0.62792057,0.10964529,0.54007894
2019-09-20,0.3351034,-0.2056771,0.61818594,-0.6318387,-0.0648406
2019-09-23,1.5344338,-0.34346884,-0.36990976,-0.64203286,-0.47983196
2019-09-24,0.06157392,0.2434952,-0.36384225,-0.47130853,-1.021522
2019-09-25,-0.9073215,1.0962709,0.18401022,0.38246173,0.43852973
2019-09-26,0.05954268,0.001126372,0.54473984,-0.08724832,-0.122389786
2019-09-27,0.29973704,0.5201911,0.58966464,-0.27953547,0.11808884
2019-10-08,-0.1047895,1.2997676,-1.5478207,-0.21300821,1.1015346
2019-10-09,0.54661816,-0.19549364,0.1647589,-0.022710282,-0.39252388
2019-10-10,0.51079565,-0.032525368,1.1777601,-0.49568155,1.1996676
2019-10-11,-0.050591275,1.1220053,-1.2199134,1.1075593,-0.049637336
2019-10-14,-0.12746632,-0.15281835,-0.4150713,-0.41375604,-0.9084554
2019-10-15,0.11895403,0.92158616,0.15438034,0.64500266,-0.7564439
2019-10-16,0.5608709,0.05449748,0.85041606,-0.10837678,-0.46706676
2019-10-17,0.17679837,-0.116762616,-0.14426449,-0.017946266,0.102803014
2019-10-18,0.031233765,-0.2510354,0.012845191,-0.017769132,0.55120224
2019-10-21,-0.31371212,-0.2397776,0.4966782,-0.38793188,0.367944
2019-10-22,0.7352953,0.38743138,0.85404605,-0.102959655,-0.48417905
2019-10-23,0.6760697,-0.9178243,0.5292331,0.13272965,0.044110227
2019-10-24,0.5069714,-0.5492836,0.4227559,0.0564963,0.049380243
2019-10-25,0.5495335,-0.41118005,0.4228938,-0.23555651,-0.104197495
2019-10-28,-0.06754127,0.37659743,0.35221192,-0.064283654,-0.09917046
2019-10-29,0.5707378,0.34586564,0.46651334,-0.06678113,-0.28929418
2019-10-30,0.58548915,0.2643802,-0.4910849,-0.4372793,-0.9092093
2019-10-31,-0.15509991,-0.6746303,-0.27960253,-0.6338284,-0.8458881
2019-11-01,1.552537,0.3515423,0.66557854,0.11758513,0.27958798
2019-11-04,0.4785887,0.09535031,0.8885441,0.24371731,-0.16528212
2019-11-05,-0.6234995,0.7123593,0.3675892,0.9228372,-0.38145944
2019-11-06,0.0044914754,-0.1611484,0.13305417,-0.88432443,-0.23865585
2019-11-07,-0.46305904,0.96939147,0.7359442,0.26092517,1.0018336
2019-11-08,-0.30571333,0.71997625,0.34762412,0.28578857,-0.41051924
2019-11-11,-0.7482168,0.023492353,0.8928328,-0.1818805,0.047756836
2019-11-12,-0.3880111,0.6601398,-0.6362833,0.43290752,-0.37277448
2019-11-13,0.0890301,-1.0079018,0.79474884,-0.35587302,-0.7878925
2019-11-14,0.6183259,-0.03305372,0.2948601,-0.20533414,-1.2982204
2019-11-15,0.76117575,0.2639653,0.90905,-0.030826395,-0.48045164
2019-11-18,-0.29449615,-0.1613175,0.19280747,-0.67004144,-0.37765437
2019-11-19,0.30055702,0.13072863,-0.39782104,-0.89200616,0.28310817
2019-11-20,-0.10766526,-1.0032334,0.8209114,0.79893434,-0.41269323
2019-11-21,-0.20126837,-0.48121554,0.90178484,0.7909419,-0.7316967
2019-11-22,0.34159458,0.9369385,-0.28126225,-0.021163298,0.011335704
2019-11-25,1.0442127,0.825966,-0.03031446,-0.55362463,-0.44596043
2019-11-26,0.855665,-0.4919438,1.0276753,-0.48878035,0.38206214
2019-11-27,0.43914336,0.7749606,0.68192726,-0.33989286,-0.50635064
2019-11-29,-0.14900023,0.44669837,-1.2147979,-1.0543252,-0.23203528
2019-12-02,0.12931582,-0.0011678855,0.48371282,-0.34136736,-0.3839693
2019-12-03,0.6778891,-0.39416808,0.39562765,-0.32903862,-2.1172283
2019-12-04,-0.10313585,0.15630277,0.8033504,0.85108614,0.7776399
2019-12-05,0.6172122,-0.052540395,0.46334803,-0.057393774,-0.6749486
2019-12-06,0.07144446,0.8828962,0.5086385,0.38123763,1.2873763
2019-12-09,0.5108726,0.2440217,0.030773178,-0.48450166,0.37238088
2019-12-10,0.52911055,-0.54939926,-0.26898485,0.14820515,-0.5171339
2019-12-11,0.611212,-0.57826847,0.24156158,-1.0226376,0.115818284
2019-12-12,0.5354351,0.53360665,-1.1682407,0.63574487,0.21119338
2019-12-13,0.7230553,0.37908015,0.73656136,0.11003866,-0.5710093
2019-12-16,0.4538,0.6111857,-2.0099409,1.0122784,-0.5211606
2019-12-17,0.052947357,0.3290274,0.36905897,0.56956625,-0.4716994
2019-12-18,0.046535313,-0.16581507,0.49993137,-0.34776777,0.48188043
2019-12-19,0.5280338,-0.122727945,0.31673458,-0.031321287,0.5028699
2019-12-20,0.22921649,0.7210414,-0.16945753,-0.04516196,-0.14095362
2019-12-23,0.70487356,-0.3258223,0.28922474,-0.6551395,-0.18973061
2019-12-24,0.7600887,-0.8303899,0.13456762,-0.06206388,-0.3416573
2019-12-27,1.6741134,0.35783085,-0.21678534,-0.27809092,-0.6823466
2019-12-30,0.854211,0.32051578,-0.16641884,-0.19900449,-0.5813423
2019-12-31,-0.15291245,0.040201016,-0.1412175,-0.57185847,-0.80200994
2020-01-02,0.56759113,-0.030552514,0.15007354,-0.30654317,0.46562615
2020-01-03,0.21417448,-1.3684418,1.4357998,0.07755718,-0.32602954
2020-01-06,0.6022419,0.64137,0.1961096,-0.4576876,0.1247874
2020-01-07,0.8175216,0.091098025,0.0065813637,-0.63744134,-0.4540222
2020-01-08,-0.081823155,1.2221575,-0.33754978,-1.1039543,0.6693294
2020-01-09,-0.33273742,0.34419996,-0.087049894,0.24180949,0.08180123
2020-01-10,0.5730912,-0.26811594,-0.55696285,-0.14133944,-0.37187982
2020-01-13,0.06061808,0.718917,0.345177,-0.6383902,0.4844361
2020-01-14,0.098696195,0.31247813,0.22285366,0.25282767,-0.009741349
2020-01-15,0.7270664,-0.71664053,0.09569878,-1.015285,0.121367425
2020-01-16,-0.088965185,-0.008740516,1.6406592,-0.3821274,0.2708839
2020-01-17,0.5182215,0.26531163,-1.2329631,-0.06921476,0.04099165
2020-01-21,-0.54538006,0.19302973,0.8989304,-0.44815227,0.5423219
2020-02-03,-2.1605754,-0.007445982,0.18334782,-2.1924512,-1.5667653
2020-02-04,-0.33585802,0.5822214,-0.20498538,0.63254154,0.22534661
2020-02-05,1.1031188,-0.51943696,0.6179019,0.38676944,0.7048801
2020-02-06,0.47272173,-0.06664578,0.5582071,-0.118290015,-0.08125795
2020-02-07,-0.08617169,0.4883113,0.064055644,-0.01121543,-1.1906803
2020-02-10,-0.18749656,-0.12572627,-0.47603497,-0.7834011,0.20270588
2020-02-11,-0.0105838915,-0.13354689,0.42665905,0.2497364,0.93988675
2020-02-12,-0.38840845,-0.35937274,0.07237485,1.3407955,0.08209891
2020-02-13,0.9882787,-0.3042068,1.1550035,-0.42523605,-0.32182994
2020-02-14,0.039643276,-0.50145257,0.4124618,0.32792354,-1.2248214
2020-02-18,0.7627861,-0.3509902,-1.0001814,0.28089675,-1.7136357
2020-02-19,0.46177232,-0.8138996,0.6120737,0.5967254,-0.45219275
2020-02-20,-0.16994777,0.03034064,0.9633647,-0.1357022,-0.41907558
2020-02-21,0.45521918,-0.717509,-0.4411207,-0.6060243,-0.20508787
2020-02-24,-0.5054199,-1.1286008,0.653501,-1.662888,-0.71843135
2020-02-25,-1.011866,1.800301,0.1242065,-0.0808115,0.17786644
2020-02-26,-0.37693363,1.1045288,-0.06851205,-1.1218466,0.2210543
2020-02-27,-0.6486446,-0.060956523,0.9540988,-1.1894646,0.04841262
2020-02-28,-1.4871912,1.8561696,0.69916224,0.23121749,0.7229129
2020-03-02,0.8364656,-0.9653258,-0.051910102,1.1968924,-0.3847818
2020-03-03,0.8868426,-0.8877711,-0.43888777,-0.04820234,-1.745102
2020-03-04,0.49752745,0.34435377,0.18146127,-0.059399076,-0.11251673
2020-03-05,0.16041957,-0.1064652,0.2735955,-1.2708863,0.0991994
2020-03-06,-0.6474312,0.52706,-0.723803,-2.6174128,-0.32403544
2020-03-09,-0.9890923,0.98594075,-0.9224145,-3.218848,-0.49198145
2020-03-10,0.49977744,-0.17058012,0.6993195,2.0379012,-0.6461554
2020-03-11,-1.0576425,0.16913518,0.2986943,-0.5001531,0.18915743
2020-03-12,-1.849619,2.2287328,0.52315044,-1.2576119,0.09948395
2020-03-13,-1.4203598,1.358869,0.63937855,-0.08329198,1.4968561
2020-03-16,-2.2660868,2.5127246,0.6157462,-1.6249583,-0.13571846
2020-03-17,0.7882825,0.34222057,0.50834084,-0.54107934,-1.9602745
2020-03-18,-1.9234412,2.2976317,-0.21620177,-1.4746352,-0.13845111
2020-03-19,0.90271336,-0.48368496,0.4574748,2.5471518,-0.4668503
2020-03-20,0.7517366,0.55197954,-1.3432968,-1.5933304,-0.57605696
2020-03-23,0.9607582,0.02721759,-1.3318164,-1.4049524,-1.4130533
2020-03-24,2.6596448,-1.7386175,-0.39281762,-0.10803249,-0.8454764
2020-03-25,0.9862924,-1.3645492,0.44850126,1.0309818,0.07373082
2020-03-26,-0.7188888,0.02656243,0.16478887,-1.1921892,0.30474865
2020-03-27,-1.2675353,-0.26557106,0.6162009,0.014370107,1.249349
2020-03-30,-1.0383073,0.82363665,-0.083635345,-1.0367749,-0.22737883
2020-03-31,0.8271901,1.1850756,0.43153363,-0.44977885,0.9908994
2020-04-01,-1.3862724,-0.62557083,1.7937473,-0.63513905,-0.3171042
2020-04-02,0.721265,-1.8551124,1.5515153,1.5947325,0.55233705
2020-04-03,-0.21632113,-0.88936275,1.541477,1.9420636,0.071935646
2020-04-07,1.5375427,-0.18253538,-1.6232926,-1.19054,-1.2072244
2020-04-08,0.71147925,1.0762383,1.0406704,0.117392235,-0.32938248
2020-04-09,1.4901894,-0.3407156,-0.9753454,-1.283337,-0.54133135
2020-04-14,0.8104241,-0.9824819,0.7681304,-2.0483472,0.07155416
2020-04-15,-0.75790244,1.3262708,0.10563122,-0.8927506,0.6383068
2020-04-16,0.41210014,0.12300003,1.4517171,-0.69408965,0.86158556
2020-04-17,-0.5844699,0.91650516,0.0027485678,0.5394324,0.52223855
2020-04-22,1.012172,-1.3607699,0.395432,2.0156577,-0.41809714
2020-04-23,0.5975317,-0.9943888,0.7492945,1.2427673,-0.45016098
2020-04-24,-0.1459244,0.61500615,0.7893862,-1.5103686,0.40150782
2020-04-27,-0.29997814,0.75360286,-0.1377905,-2.6635056,-0.3233782
2020-04-28,0.8131806,0.20120731,0.2168005,0.05584824,0.14473286
2020-04-29,0.5426476,-1.1818444,1.1062882,2.3893957,0.3290366
2020-04-30,0.5711592,0.22099295,0.7325162,2.2552521,-0.5625814
2020-05-06,0.38183075,-0.59560114,1.5991403,2.113979,-0.31875345
2020-05-07,2.0075758,-0.37589535,-0.11587605,-0.37159398,-0.3353537
2020-05-11,-0.067969166,0.5740144,-0.54671925,0.5524313,1.0687768
2020-05-12,1.0482218,0.8257232,0.48095062,-0.4181348,-0.851449
2020-05-13,-0.3760881,-0.62203044,0.9869557,-1.1269368,-0.051670812
2020-05-14,0.7988679,-1.1844522,0.72398067,1.4486934,-0.7757966
2020-05-15,1.5858595,-1.6890343,1.0279078,-0.22994792,0.3838156
2020-05-18,1.300138,-1.499357,0.9889001,1.739731,0.6190841
2020-05-19,1.3657324,-0.17628716,0.10313458,-0.9793413,-0.097873084
2020-05-20,0.2601592,-1.2111056,-0.19194327,0.32702377,0.668974
2020-05-21,-0.99304074,1.4929031,0.97861516,0.5096889,-0.17324498
2020-05-22,-0.085288405,-0.9726675,0.08630728,-0.8344889,-0.95905185
2020-05-26,0.11444242,0.8831578,0.16272599,1.3507435,-0.011814719
2020-05-27,0.21874157,0.9423705,-0.55133396,-1.3343595,-0.9884431
2020-05-28,0.32915765,0.3449441,-0.278108,-0.31341404,0.2472662
2020-05-29,0.79716367,-1.4590691,0.3668069,0.12800056,0.49027762
2020-06-01,0.6762157,-1.3429047,0.9535702,1.0001014,0.41069812
2020-06-02,-0.41763866,0.046697583,1.318333,1.3867983,0.5849551
2020-06-03,-0.43842986,0.936691,-0.10787952,0.111005716,1.2520065
2020-06-04,0.38712403,-0.09131455,-0.64804196,0.12501007,-0.12662353
2020-06-05,-0.41419291,0.29277483,1.4211054,1.627078,1.2427695
2020-06-08,1.0508288,-0.60842425,-0.34048262,-1.2021629,-0.58186156
2020-06-09,0.53484696,-0.31440598,1.1329205,-0.18176793,-0.15026495
2020-06-10,0.3706187,-0.024843954,0.5293466,0.12023835,0.7151534
2020-06-11,-0.1774831,0.95642346,-0.41915816,-1.7058809,-1.3106711
2020-06-12,-0.36134982,0.65540487,0.47887847,0.105858944,-0.011982543
2020-06-15,-0.008591647,-0.244339,0.91111976,1.0146068,-0.56690234
2020-06-16,0.9553962,-1.1134485,0.9923006,0.17329913,0.70545655
2020-06-17,0.49539688,0.20255202,0.058099564,-0.10965997,0.15238374
2020-06-18,-0.2382516,0.34600294,1.143858,0.67605615,0.14396119
2020-06-19,0.7587083,-1.0432682,0.07721683,0.2501758,-0.11965229
2020-06-22,0.97691774,-0.5532647,0.58950645,-0.4303241,0.09875576
2020-06-23,0.4036888,-0.374692,0.12664679,-0.37827918,-0.75717264
2020-06-24,-0.7184313,1.5437909,-0.19341263,-1.7227411,0.03742468
2020-06-29,1.0413214,-1.0973197,0.84161085,-0.029970935,-0.052616213
2020-06-30,0.67846185,-0.43927023,-1.5653117,0.31295133,-0.07623232
2020-07-01,0.31391644,1.7760397,-0.14327292,0.7769801,0.33681917
2020-07-02,0.7032857,-0.36900848,1.5380791,0.17995079,-0.6207929
2020-07-06,1.4495836,0.5368451,0.049266566,-0.3646332,-0.4604406
2020-07-07,0.2979772,-1.1812651,-0.1063861,0.1400218,-0.079117395
2020-07-08,0.8386901,-0.2540365,-0.5830075,-0.60018694,1.1017094
2020-07-09,-0.49445587,1.4535434,0.26732165,-0.3962246,0.16447726
2020-07-10,0.572546,-0.61849356,1.1501772,-0.13729113,0.7518749
2020-07-13,1.246065,-1.1815529,0.7669724,-1.3185117,0.42999935
2020-07-14,-0.29349044,0.84796786,0.5404986,0.24535587,-0.783161
2020-07-15,0.5997417,-0.13098064,-0.18590127,0.64634216,-0.3862615
2020-07-16,0.6380348,1.3177812,-0.079508014,-0.05453929,-0.72774965
2020-07-17,-0.040145632,-0.68891805,-0.32916367,0.063835636,-0.7243182
2020-07-20,0.5208132,-0.7371598,0.8011553,-0.74452484,0.83550054
2020-07-21,1.700193,-2.3273883,0.2863369,-0.22032113,0.042203523
2020-07-22,0.962004,-1.4821596,-0.9532699,-0.27088675,-1.16262
2020-07-23,0.7207078,-0.16100523,-0.012734685,-0.67150307,-0.48952994
2020-07-24,-0.042488422,-0.08188294,0.7863749,0.13673525,-0.9172081
2020-07-27,0.8403939,-1.5794648,-0.4937274,-0.76393086,0.27917594
2020-07-29,0.8223863,-0.14383203,0.7755575,-0.61940104,0.040608414
2020-07-30,-0.7392304,1.6300763,-0.16702141,-0.22368427,0.45257577
2020-07-31,0.9045727,-0.5954608,-0.85105944,-0.18243195,-0.43750194
2020-08-03,0.8295504,-0.49835935,0.5369649,0.7370999,-0.4121303
2020-08-04,0.9947,-2.0471795,0.38502783,-0.69942683,-0.26768732
2020-08-05,1.5235783,-1.2361568,0.026607892,-0.39670634,0.03475119
2020-08-06,0.8147923,-1.0993732,-0.05413587,-1.1256588,0.08342419
2020-08-07,-0.9644269,1.2449299,1.1937613,0.15485488,-1.0652531
2020-08-10,1.6259904,-1.0172921,0.058333203,-0.63175774,-0.0879436
2020-08-11,-0.9781115,2.0588813,0.7423509,0.6117641,0.51717186
2020-08-12,0.12850909,0.20950477,0.38758674,0.8527684,0.023003079
2020-08-13,0.8265021,-0.60433245,-1.319394,-0.13898984,-1.4298495
2020-08-14,-0.52671427,1.2931877,0.75675815,0.640745,-0.3071573
2020-08-17,1.3974048,-1.0365127,-0.7239352,-0.4790029,0.31833652
2020-08-18,0.99050903,-1.0024076,0.82115734,-0.46121868,0.55884916
2020-08-19,-0.31524172,1.1905795,0.09410682,0.36955285,1.2639667
2020-08-20,-0.7494022,0.9704293,0.32579994,0.22891365,-0.520074
2020-08-21,-0.4438456,0.541742,-0.35677183,-0.043140583,-1.1407896
2020-08-24,0.38867807,-0.03846679,1.0249815,1.0202124,-0.4779117
2020-08-25,0.18926854,0.6028777,-0.44739798,1.0148385,0.22472668
2020-08-26,1.3815395,-0.105023116,-0.51892066,-1.0827346,-0.6452896
2020-08-27,-0.17400071,1.4406915,-1.2367244,0.12460865,0.11778568
2020-08-28,1.2523295,-0.9853147,-0.14270744,-0.51961136,-0.055761185
2020-09-01,1.1268018,0.29415697,-1.1100776,-0.646219,0.19637695
2020-09-02,-0.9749942,2.1843731,0.24184197,0.041883603,-0.09775825
2020-09-03,-0.70615983,0.70039016,0.4966276,-0.15075979,-0.96575606
2020-09-04,0.6919889,0.45958543,-0.32178977,-0.73731345,-0.2675107
2020-09-08,-0.11387419,0.885419,-1.0963116,-2.1107388,-0.17309117
2020-09-09,0.3120872,-0.8340752,0.5842166,0.67422503,-0.33801416
2020-09-10,0.53253204,0.35321918,-0.86016196,-0.4284717,-0.8610953
2020-09-11,0.32349515,1.0779037,-0.3224579,0.55648565,0.48056424
2020-09-14,1.2369404,0.1307426,0.31138918,-0.9360466,0.30175292
2020-09-15,0.9641262,-0.5377351,0.8808905,0.12290389,-0.62044173
2020-09-16,0.16098273,0.1347753,0.08023284,1.1861528,0.6029204
2020-09-17,-0.6232486,0.81759876,0.50304645,1.1013578,0.61619145
2020-09-18,0.3396171,0.272808,-0.6551397,0.14642538,0.4980792
2020-09-21,-2.0745099,2.0059743,1.2507309,-0.43650225,0.12800689
2020-09-22,-0.20462407,0.10728247,-0.08421134,0.23163936,-0.010526082
2020-09-23,-0.7055166,0.8623988,1.1313447,1.0504873,-1.7610122
2020-09-24,-0.11429485,-0.49402216,0.75963986,0.18199077,-1.2210447
2020-09-25,0.092724316,0.10191283,0.17409612,0.3506205,0.32466313
2020-09-28,1.1297772,-1.2894174,0.52703226,0.06006777,0.015646352
2020-09-29,0.71158785,-0.52215487,-0.6688864,-0.7061431,-1.6792971
2020-10-12,1.1219792,0.37712726,-2.3141913,0.90655243,-0.16364717
2020-10-13,-0.42879894,1.5870633,0.34306446,0.620193,0.21566477
2020-10-14,0.30260518,-0.07135147,-0.06261503,0.33375815,0.49116674
2020-10-15,-0.16142595,0.5380966,-0.53088695,-0.057104643,0.97132206
2020-10-16,0.30014616,-0.18921083,0.24649133,-0.38569236,0.27712283
2020-10-19,-0.057873867,0.062776014,-0.8177652,-0.057276495,0.087614745
2020-10-20,0.46821934,-0.37896794,-0.13304931,0.38496655,0.37686938
2020-10-21,0.84518147,0.30903643,-0.7364448,-1.3087176,0.07303452
2020-10-22,-0.69339484,0.31903037,0.4880993,1.0171896,0.43557984
2020-10-23,0.507887,0.56634897,-0.3493093,-0.48927873,-0.54558116
2020-10-26,-0.41983095,1.0906689,-0.15179367,-0.57930493,-0.6184325
2020-10-27,0.49046367,-0.8866176,1.0528873,0.45999953,-0.23436463
2020-10-28,-0.50881606,1.426264,1.2027407,-1.5589073,-0.09222418
2020-10-29,0.00033868957,0.840408,0.2830104,-0.85078204,-0.9063755
2020-10-30,0.29977247,-0.3664259,0.063344635,-0.2275759,-0.081541084
2020-11-02,0.617745,-0.9094534,0.34869084,0.33087015,0.4400028
2020-11-03,1.1785887,-0.4066681,0.012350744,0.040506963,0.73531216
2020-11-04,-0.0044279927,0.34489438,0.5838521,1.5260336,0.255388
2020-11-05,1.334977,-1.0929583,-0.99030614,-0.48551083,-0.50896966
2020-11-06,0.46061042,-0.0782355,0.06022018,-1.4975917,0.65912205
2020-11-09,-0.13508308,1.4057117,1.3911623,1.6561141,0.19913971
2020-11-10,0.79947954,-0.8596553,-0.93673784,0.9009468,-0.5162393
2020-11-11,0.32213047,0.922265,0.7648323,0.2004798,-0.47133783
2020-11-12,0.6570177,-0.4121095,0.91853905,-0.8327594,0.1845899
2020-11-13,0.54906726,0.16024925,-0.8609367,-1.1154158,0.14432196
2020-11-16,0.11779749,-0.64560604,-0.48301822,0.5961615,1.4585711
2020-11-17,0.29931462,0.23028547,0.183443,-0.01651221,0.21446095
2020-11-18,-0.13051781,-0.15913004,-0.31699052,1.0687515,0.68030816
2020-11-19,-0.21391785,0.251202,0.79660046,-0.2925337,0.7827222
2020-11-20,0.6130609,-0.35470727,0.2098887,0.18625076,0.47808954
2020-11-23,-0.26213345,1.4146482,0.69798565,1.2361296,-0.9308726
2020-11-24,0.3014574,-0.32923886,1.2815394,1.2137189,0.258823
2020-11-25,0.8408561,-0.089637205,1.2507008,-0.021118509,-1.3718454
2020-11-27,-0.26210392,0.68311155,-0.74053407,0.5388342,1.5121092
2020-11-30,0.11957932,-0.46978775,1.5625442,-0.5620843,-0.5048318
2020-12-01,1.3460213,-1.3550848,0.22584227,-1.3089823,-0.011066542
2020-12-02,-0.29586327,-0.7101934,0.14893003,0.7603787,0.0066971574
2020-12-03,-0.19143012,-0.8422817,-0.0512703,0.47526133,0.5122331
2020-12-04,0.4094082,-0.98524845,0.6246176,0.06802966,0.038926136
2020-12-07,0.25171044,-0.22634315,-0.10000712,-0.5199301,0.12034194
2020-12-08,-0.3086148,-0.47471026,0.9032087,-0.05967241,-0.3509167
2020-12-09,-0.30591112,1.2572932,-0.734471,0.81237686,1.1024239
2020-12-10,1.294935,0.123410776,0.6112077,0.4069752,0.02509686
2020-12-11,0.3296857,0.5718551,-0.27888927,0.49285534,-1.5194178
2020-12-14,0.7451904,0.5461871,0.53456044,0.13600074,0.050185427
2020-12-15,0.7025544,-1.1376195,-0.10752692,0.07152315,-0.7340247
2020-12-16,0.5587096,-0.3476298,0.25079006,-0.080625154,-0.0116817625
2020-12-17,1.427599,-0.65785676,-0.78824824,-0.040436838,0.25073254
2020-12-18,0.6225796,0.6954369,0.42200246,0.4642713,-0.29288045
2020-12-21,-0.48106727,0.7863759,-0.79551667,-0.40404737,-0.76665837
2020-12-22,-1.075324,0.9137196,-0.14882149,0.7968314,-0.9389805
2020-12-23,0.6734162,-0.16343519,-0.15821919,0.63179547,1.0407027
2020-12-24,0.45965782,0.11176558,-0.11353609,-0.34945288,0.94063306
2020-12-29,-1.1539366,-0.5700965,-0.7010409,1.2380607,0.38459155
2020-12-30,1.5478653,0.46779373,-0.42232615,-0.42905527,-0.5689585
2020-12-31,-0.13886842,0.39409474,-0.6632099,0.79062694,-1.2050056
2021-01-04,1.0657519,-0.7382028,-0.5761318,-0.91702837,0.5399338
2021-01-05,1.2708169,-0.4658536,-0.22212148,1.4978858,0.27413678
2021-01-06,-0.9132335,0.44470608,0.6235924,0.80575633,1.2551833
2021-01-07,0.218339,-0.8033576,0.8397795,-0.06311578,0.10926819
2021-01-08,-1.4537163,1.3949896,1.0108092,1.1091243,-0.06066973
2021-01-11,-0.60852855,-0.44591868,0.1823599,0.091664806,-0.96951073
2021-01-12,0.102660224,0.45639753,-1.5273737,1.0793571,0.533905
2021-01-13,0.16162801,-1.2539084,-0.121028446,0.029727641,0.13642123
2021-01-14,0.37790364,0.22625934,-1.1062181,0.40466586,0.68084383
2021-01-15,-1.0143665,1.2336547,0.61638373,0.064939864,-1.1296384
2021-01-19,-0.5619119,-1.2021371,0.6080162,0.2852212,0.82763845
2021-01-20,0.33279175,-1.4112769,0.27995935,-0.070821285,0.21296096
2021-01-21,0.49131256,0.19002984,0.028038155,-0.16574295,0.20408027
2021-01-22,-0.46751285,-0.4673976,2.2639136,-0.68098,-0.2665835
2021-01-25,-0.18627313,0.67163354,-0.830035,1.1458338,-0.12717845
2021-01-26,-0.26042157,0.44180074,-0.97695774,1.0139581,-0.45789942
2021-01-27,-0.60367024,0.31335127,0.22405078,0.8986276,-1.3414506
2021-01-28,0.09179837,-0.53678477,0.8789216,-0.68262446,0.123094425
2021-01-29,0.2176682,-0.24849468,-1.099766,0.016266877,0.106608026
2021-02-01,1.3846927,-1.6868677,-0.27231443,-0.11504729,-1.0425347
2021-02-02,-1.1500583,1.2241206,1.4113964,0.92846346,0.05378246
2021-02-03,0.98957396,-0.033117417,0.051129956,0.009425556,0.2528736
2021-02-04,-0.1031962,1.4554139,0.4194211,0.594246,0.315805
2021-02-05,1.2236644,-1.4392996,0.32752928,-0.51200783,0.584839
2021-02-22,1.5382122,-0.8294626,-0.7528555,1.7365186,1.6830858
2021-02-23,-0.6120121,0.7686825,0.075246654,0.92655796,-0.00998425
2021-02-24,0.9708916,0.40921712,-0.027480043,0.94180405,0.44284108
2021-02-25,-0.6299316,-0.105877355,1.49927,0.117718235,0.80359894
2021-02-26,-2.2459111,1.1986406,0.64352113,0.47021043,-0.8163623
2021-03-01,1.227233,0.6803388,1.0954524,-1.112801,-0.71394026
2021-03-02,0.7439733,0.1518828,-0.8030636,-0.43063527,1.2447869
2021-03-03,-1.162916,0.07725044,1.4583757,0.7789645,-0.775908
2021-03-04,-1.2059255,0.46848518,1.0577906,1.3369595,-0.74509895
2021-03-05,0.4360702,0.29418173,-0.006189928,1.1570861,0.90304977
2021-03-08,0.6435736,0.7571368,0.07557242,-0.5879716,-0.0067756292
2021-03-09,0.7426061,-0.97129875,0.27929324,-0.7515857,-1.3757596
2021-03-10,-0.1923578,-1.3225648,0.6218855,0.12124864,-0.10410336
2021-03-11,0.31638035,-0.24178609,-0.18911847,0.85446686,0.81965923
2021-03-12,-0.015264793,-0.08284865,0.94215226,0.2815362,-0.29731715
2021-03-15,0.80890304,0.26156434,0.2855973,-1.1669635,1.0236435
2021-03-16,-0.24942747,0.11613191,-0.4603856,0.39985442,-1.0946035
2021-03-17,0.25020298,0.4955651,0.5248226,-0.71382207,0.35697567
2021-03-18,-0.5115371,-0.33338687,0.046936553,-1.9686445,-0.054414377
2021-03-19,-0.06001192,0.03489845,-0.07532924,0.6869386,0.6791361
2021-03-22,-0.038619976,0.33720362,0.74157774,0.61699665,0.16238059
2021-03-23,-0.5937442,1.4960471,-0.53947145,-0.8559894,-0.6307124
2021-03-24,0.41124362,-0.7179238,1.1960762,1.289346,-0.3022758
2021-03-25,-0.5127019,0.2659994,1.1613795,-1.3320198,-1.1493417
2021-03-26,0.90614116,-0.9988756,0.872928,0.38893718,0.6818454
2021-03-29,-0.10141366,0.61384475,0.9908725,0.20659807,-0.58300024
2021-03-30,-0.75725454,0.6454183,1.6124469,-0.19946575,-0.8326746
2021-03-31,0.9824344,0.6033613,-1.9998661,-0.027078722,-0.396415
2021-04-01,-0.2615915,-1.6927582,1.3174512,0.15429482,-0.21967188
2021-04-06,1.5336038,0.17478685,-0.1636454,-1.4085432,1.1419357
2021-04-07,-0.057640906,0.32239154,0.035251804,0.12349266,-0.766582
2021-04-08,0.84145534,0.24590248,-1.1927665,0.10176135,0.18129145
2021-04-09,-0.8329273,0.5697639,0.09499796,0.48163873,-0.3128718
2021-04-12,-0.94345874,-0.124257416,1.5240599,0.17108117,-0.7830532
2021-04-13,0.4401727,-0.038574085,-0.9489802,0.45362937,0.15111077
2021-04-14,0.71279645,0.12789938,-0.6434702,1.4435785,0.9585809
2021-04-15,1.0551183,-0.8695752,-0.34444937,-0.27785397,0.34740204
2021-04-16,0.6277687,0.15661943,0.080168426,-0.24253674,-0.63734686
2021-04-19,0.118472986,0.5459978,0.13554898,0.41759503,-0.3399664
2021-04-20,-0.031496458,0.72119045,-1.4589574,0.4579912,-0.39201805
2021-04-21,0.75669926,0.0786585,-1.601021,-0.32748127,0.7898919
2021-04-22,-0.17122947,1.0237026,-1.5066997,0.99513036,-0.07744048
2021-04-23,0.58955836,0.18379986,-0.42818406,0.32080236,0.42331275
2021-04-26,0.7063453,0.55996007,-1.7573347,0.3871805,0.85053205
2021-04-27,0.31379473,-0.20771278,-0.60060257,0.84584165,0.022624504
2021-04-28,0.7707341,0.7783552,1.2311208,0.3718192,-0.7562755
2021-04-29,-0.12676364,-0.260971,1.3942088,0.02908425,-0.043143276
2021-04-30,-0.033766124,0.76101965,-1.7461603,0.53331447,-0.024091916
2021-05-06,1.8734324,-1.3585545,-1.1632196,-0.10933451,-0.15252204
2021-05-07,0.8501456,0.22419903,-0.3110881,-0.14880294,0.97324866
2021-05-10,0.20792474,-0.49699745,1.6033682,-0.49630392,-0.6436356
2021-05-11,0.01529418,0.39679235,-0.4789291,0.624147,0.28244758
2021-05-12,0.15686902,0.98207074,0.9822154,0.5148162,-0.8803896
2021-05-13,-0.5280874,-0.43042186,1.9993689,-1.2209142,-1.0678277
2021-05-14,0.59768933,-0.83627045,1.7604584,-0.432268,-0.13953973
2021-05-17,1.1777841,-1.6434988,0.8188591,-0.7379582,0.43867567
2021-05-18,0.31712076,0.3139252,-0.19515735,-0.16980243,0.1882101
2021-05-19,-0.8707991,-0.08638166,0.68037504,-0.81395024,-1.9665902
2021-05-20,-0.35966676,-0.17886843,0.14364916,-0.5293276,-0.21931216
2021-05-21,-0.35889167,0.66093624,1.0281734,0.7025923,-0.8380755
2021-05-24,0.7488037,-0.81474644,1.2037189,0.2895289,-0.03295965
2021-05-25,0.7223728,-0.7694177,1.0935363,-0.5837959,-0.49196875
2021-05-26,0.9913243,0.24011149,0.7168351,-0.24107449,-0.8189989
2021-05-27,0.5299638,0.8269378,-1.2788377,0.47654092,1.5528897
2021-05-28,0.29216367,-0.75287664,0.5717191,-0.29919812,-0.3414149
2021-06-01,-0.54740417,-0.45154908,-1.4297185,1.5482943,-0.4037549
2021-06-02,1.2364835,0.7278419,0.8727844,-0.19490163,-0.72523993
2021-06-03,-1.2228547,0.73890764,1.29119,0.3576137,-1.0427579
2021-06-04,0.88792515,0.2285471,-1.4413369,0.4885665,0.55950207
2021-06-07,0.07502159,-0.6977261,1.0003922,-0.46075445,-0.7490751
2021-06-08,0.067597836,0.6055645,-0.052497838,0.6492379,0.48903245
2021-06-09,0.34850615,0.25593588,-0.14390083,-0.026686994,-0.23574007
2021-06-10,-0.14187479,-0.25394613,0.11130845,0.37784758,-0.5318101
2021-06-11,0.27270013,-0.40227622,1.4110776,-0.5789003,-0.33703232
2021-06-15,-0.13288489,-0.024263164,2.3811865,-0.49407834,-0.8572102
2021-06-16,0.12538195,-0.4739948,0.8677038,-0.433433,-0.08579139
2021-06-17,-1.9030257,0.29019994,2.6669114,-0.33763796,-0.6682342
2021-06-18,-0.12685215,1.3386002,-1.2234187,0.9276664,-0.33109513
2021-06-21,0.5982181,-0.30483055,0.03077606,0.3859726,0.42856863
2021-06-22,0.944129,0.113647394,0.97644794,-0.31789345,-0.15605895
2021-06-23,0.94392,-0.14071725,-0.6264498,0.10154532,0.55127066
2021-06-24,-0.0065997005,-0.46241367,0.78398997,-0.16228037,0.46013084
2021-06-25,0.27466223,-0.93718827,1.4409776,-0.57615405,-0.34668636
2021-06-28,0.0867815,0.7203171,-1.9299017,0.75585663,-0.36612988
2021-06-29,-0.15609527,1.0477616,-0.09312102,0.726539,0.7879334
2021-06-30,0.47964868,1.0597914,-1.6458163,0.49030322,-0.28730112
2021-07-01,0.23622355,-0.24642155,1.0646857,0.3828063,-0.9027495
2021-07-02,0.43344095,-0.9384505,0.87443274,-0.13894051,0.3983425
2021-07-06,-0.22455887,-0.47549072,2.2456396,-1.4633993,-0.87723225
2021-07-07,-0.09720444,0.26216653,-0.7057035,-0.36767077,0.57841706
2021-07-08,-0.36693493,-0.24046569,0.76587045,0.7149353,-1.2699217
2021-07-09,1.2401683,-0.36521715,0.45169273,-0.22713879,0.6610935
2021-07-12,0.38375387,1.0751843,-1.4355906,0.4728906,-0.683563
2021-07-13,0.45508003,0.43896624,0.45803466,0.5334203,0.20431332
2021-07-14,0.5678073,0.3692388,-1.0826422,-0.49591166,-0.5557145
2021-07-15,0.48297697,-0.6141123,1.5099412,-1.49196,0.48613557
2021-07-16,-0.48392162,0.931848,-0.012111613,0.3945302,0.72947836
2021-07-19,-1.027651,1.3487918,0.3789558,-1.5786595,-1.1491331
2021-07-20,0.3359707,0.2639204,-0.99036133,0.82417864,0.4741247
2021-07-21,0.4074221,-0.6461422,0.6623577,1.1518215,-0.8083764
2021-07-22,1.0029824,-0.8973823,1.2539767,-0.020767283,-0.0064910296
2021-07-23,0.16217965,0.08763321,1.1118809,-0.09359003,0.669184
2021-07-26,0.28916395,-0.6005075,-0.17467642,0.3548147,1.1210434
2021-07-27,-0.63859564,0.9111489,0.49264124,0.24369954,-0.24145955
2021-07-28,0.40984455,0.2891128,-0.4540212,0.17771693,0.17500186
2021-07-29,1.4097773,-0.8550887,-0.13198638,-0.15986027,0.07537446
2021-07-30,-0.2853098,0.68050367,1.7503743,-0.46708497,0.17226727
2021-08-02,-0.28196323,0.62269014,-1.549475,-0.5789062,-0.030233886
2021-08-03,-0.6529181,-0.24976444,0.553406,0.12996161,-1.1218815
2021-08-04,-0.20161994,0.7938379,0.11168895,-0.49778548,-0.77965134
2021-08-05,-0.6050039,-0.23609246,-0.10833214,0.90095735,0.86515087
2021-08-06,-0.9679511,1.9874643,-0.21106976,0.697496,-0.026822424
2021-08-09,-1.0698124,1.4996853,0.36713105,0.32656124,-0.20539413
2021-08-10,-0.12556264,-0.74218756,-0.40776208,1.0359063,1.163834
2021-08-11,0.4298264,-1.5926608,0.9548936,-0.341797,0.04493665
2021-08-12,-0.014340812,0.90410054,-0.8344663,0.39739022,-0.022083236
2021-08-13,0.4545152,-0.5124326,-0.8122465,-0.4517588,0.7705846
2021-08-16,0.49083993,0.33846694,1.450795,-1.4466505,0.698637
2021-08-17,-1.0137811,0.2593126,0.90414584,-0.10000057,-0.12896252
2021-08-18,-0.6403316,0.32003373,0.038225748,0.2231147,-0.88073546
2021-08-19,-0.7008919,0.28240964,1.3596882,-1.2952155,-0.5685492
2021-08-20,0.56176174,-0.3999504,1.1315596,-1.4047058,-0.2638081
2021-08-23,1.1540138,-1.3551867,0.77341413,1.1138742,0.39764675
2021-08-24,0.22363871,-0.01910309,-0.35732937,1.1816636,1.0219799
2021-08-25,-0.6018454,0.02867738,0.28014588,1.3506589,0.31998122
2021-08-26,-0.6217353,0.53091276,-0.5551319,0.42394498,-0.6376871
2021-08-27,0.7939162,-1.593754,-0.1942695,0.41170344,-0.43174332
2021-08-31,-0.36078686,-1.5276294,1.7253178,-0.19951124,0.51107234
2021-09-01,0.54971874,0.7829038,1.1284834,-0.8299737,-1.1791712
2021-09-02,-0.3445659,-0.11142835,0.48482966,1.2312925,0.50248307
2021-09-03,0.7366566,-1.1928508,-0.25402135,-0.6980844,0.23831853
2021-09-07,-1.156402,0.55833584,0.87183315,0.02623601,1.2418474
2021-09-08,-0.0046077208,0.60609657,1.097443,0.44211274,-0.13198063
2021-09-09,0.30618697,-0.47177422,1.0687175,-0.82804614,0.65057
2021-09-10,-0.32203048,-5.7151927e-05,0.37772757,0.54038703,1.9654212
2021-09-13,-0.709711,-0.49200964,0.552704,0.70767117,-0.9176628
2021-09-14,-0.40218154,0.25968823,-0.40512696,0.6697019,-0.7883287
2021-09-15,0.18076049,0.7365429,-0.98948497,1.6047022,0.7554946
2021-09-16,-1.0252533,1.2686168,0.8844824,0.469307,-0.22958373
2021-09-17,-0.5092542,-0.041934002,1.0471418,-0.07974598,0.37869713
2021-09-22,0.5744761,-1.7870204,0.5516654,-0.73691267,0.28235278
2021-09-23,-0.2935128,0.36727804,-0.12730584,1.3312263,0.46519724
2021-09-24,0.17426947,0.6012043,0.123555034,0.7279891,-0.22725461
2021-09-27,-0.0134935845,-0.10820958,-0.0069137043,1.3951604,-1.7092365
2021-09-28,-0.48803002,0.4194845,0.6802034,0.21729326,0.23972145
2021-09-29,-0.8354366,1.40312,0.2636582,0.6072349,0.33039984
2021-10-11,2.2488062,-1.8893315,0.40185758,0.5494815,0.7466447
2021-10-12,0.1904302,-0.7314776,1.3566096,-0.5729497,-0.5992559
2021-10-13,1.0829498,-1.5744268,0.7094803,-0.9904278,0.69241506
2021-10-14,0.7419109,-0.2632014,-0.3671943,0.20253038,1.1962239
2021-10-15,0.24576668,0.5936794,0.30601013,0.044261195,2.8028955
2021-10-18,-0.13589086,1.0544721,0.29640824,-0.19091347,-0.14725654
2021-10-19,0.34665683,-0.19448191,0.058452256,-0.2249318,-1.671551
2021-10-20,1.1179881,0.3509862,-0.81665313,0.2140599,0.17140993
2021-10-21,-1.6148807,-0.6296814,0.4122434,-0.25591147,-1.4581348
2021-10-22,-0.2363945,-0.28507093,-0.61467993,0.6349908,-0.88913715
2021-10-25,0.45068103,-0.33010575,-0.41333032,0.8421365,-0.5459642
2021-10-26,-1.2360543,0.54124254,0.26046503,0.817114,0.114316374
2021-10-27,-1.258376,0.3233082,-0.738437,0.4191861,-1.6156934
2021-10-28,-0.60177624,-0.38342866,-0.49026725,-0.009084591,1.2002606
2021-10-29,0.7074619,1.2916611,0.66511303,-0.203721,-0.37485176
2021-11-01,0.8037271,0.12684739,-1.1490226,-1.3196689,0.9460141
2021-11-02,-0.73774815,0.3881318,0.9698192,0.49898905,-0.44957897
2021-11-03,-0.0022549515,1.1808864,0.50200653,-0.36498302,-1.4057536
2021-11-04,0.09495098,-0.9736312,0.34726644,-0.6997781,-1.8169312
2021-11-05,0.5461879,-1.1319156,1.1987383,-0.14604263,0.12488001
2021-11-08,1.0671968,-0.8551213,0.7403564,-0.5995662,0.37665302
2021-11-09,0.03567124,0.45208135,-0.28684363,0.5721982,0.2937695
2021-11-10,0.3534431,0.16691412,-1.4117997,-0.8416178,0.13907817
2021-11-11,0.9572914,-0.820886,-0.53430223,-0.14890432,0.26048082
2021-11-12,-0.21839258,0.09385891,-0.97618264,-0.5314182,1.0267925
2021-11-15,-0.06865991,0.4413871,0.25361755,0.22182079,-1.2898465
2021-11-16,-0.45946902,0.21174194,0.828892,0.9030496,-0.9768773
2021-11-17,0.2883505,0.5317186,-1.311577,-0.81377906,0.6515573
2021-11-18,-0.055087067,0.062016323,1.391874,0.12814981,-0.2018826
2021-11-19,0.2689581,0.93487424,-0.29119682,-1.210143,1.1067895
2021-11-22,0.03484083,1.4696591,0.4047342,0.6112417,1.1396942
2021-11-23,-0.52261424,1.0852298,0.15881962,1.5437078,-0.36010882
2021-11-24,0.5086264,-0.45187244,0.35231426,-0.018960116,0.34017733
2021-11-26,-1.13833,1.3058922,-0.85772705,-2.3798552,-1.1187286
2021-11-29,-0.03136359,-0.5089985,1.4982628,-0.11179473,1.0663681
2021-11-30,-0.5670902,0.21973467,1.3496414,-1.8291836,-0.16642241
2021-12-01,-0.18931739,-0.0092475405,0.31791922,-0.053286754,0.7263294
2021-12-02,-0.4397992,0.5744531,-0.4448156,0.9327213,-0.07111208
2021-12-03,0.46973848,0.042541556,-0.4515873,0.061323322,-0.149321
2021-12-06,0.17252384,-0.28160986,0.8710566,0.48925292,1.2029428
2021-12-07,0.48069048,-1.1348629,0.8204226,0.71877384,0.30723506
2021-12-08,-0.5050437,-0.8540244,0.41147873,0.639565,0.9497911
2021-12-09,-1.3227441,0.16958268,0.8790843,0.3114096,-0.12413367
2021-12-10,-0.42121407,-0.42463478,0.36597267,0.49229497,-0.3142667
2021-12-13,-0.27223465,-0.43886778,0.21627499,-0.2844564,0.7775017
2021-12-14,-0.2976084,1.2374384,0.500713,-0.052703254,-0.5889327
2021-12-15,-0.8567344,0.12842324,0.2073818,0.96641695,-1.3784145
2021-12-16,1.7826152,-0.84829885,-0.654743,-0.047295243,1.2211984
2021-12-17,0.017532872,0.02323264,-0.17257307,-0.9046597,0.29860628
2021-12-20,-1.2179422,0.6023528,0.28043452,-0.29913107,-0.3704133
2021-12-21,0.35202977,-0.3362401,-0.34892416,1.5787958,1.009115
2021-12-22,1.1297061,-0.56122595,-0.6825409,0.33983627,0.8634633
2021-12-23,-0.10192722,-0.5095491,0.33812255,0.52385306,0.82486284
2021-12-29,-0.7634242,-0.4608012,0.49151793,1.5019339,0.3486715
2021-12-30,0.0042165737,-0.8081413,1.0536714,-0.5430133,1.0149518
2021-12-31,-0.10715217,-0.56032145,-0.13206582,-0.6891821,0.1007435
2022-01-04,0.5136353,0.9916952,-0.60941994,1.2403858,0.72357
2022-01-05,0.18921304,-1.1403906,0.8113093,0.6556913,-0.6791338
2022-01-06,-1.3089336,0.6116702,1.3502283,1.0458692,0.09959359
2022-01-07,-0.09695618,-0.13966446,-0.41618675,0.19706261,0.4476338
2022-01-10,-0.8404041,-0.3058242,0.78163904,0.16377626,-0.30898276
2022-01-11,0.71024007,-1.4319754,0.16691327,0.95074874,0.78196675
2022-01-12,0.28730616,-0.9553587,-0.18398394,0.9817355,-0.46064776
2022-01-13,-0.2949279,-0.3771974,1.6731063,-0.46423757,0.6380217
2022-01-14,0.2755905,0.5644102,0.60031605,0.76788133,-0.9722356
2022-01-18,0.4916667,-0.22287384,-0.5958889,0.7338389,0.37921843
2022-01-19,1.2395413,-0.44659704,-1.4214001,0.14525653,0.9272548
2022-01-20,0.5079726,-0.16033694,-0.28911552,-0.20535351,1.6815119
2022-01-21,-1.3142489,0.1874847,0.333565,0.7132094,-0.5581883
2022-01-24,-1.4333355,0.42122144,-0.2583118,0.23510657,-0.67518073
2022-01-25,0.47656283,-0.5484389,0.16707693,0.78935266,-0.09472952
2022-01-26,0.015954653,-0.3199612,0.403968,1.2166644,0.56837755
2022-01-27,-0.14933017,1.0515059,0.79763776,1.0954423,-1.9765875
2022-01-28,-0.70065844,0.49494138,0.0063283923,0.14389192,1.678257
2022-02-07,1.7200935,-0.21230654,0.078297004,0.03104211,0.59839076
2022-02-08,-0.006505439,-0.31748083,-0.53351974,-0.87440735,-0.44167218
2022-02-09,0.5571627,-0.041066002,-0.5801684,0.120478824,1.6176114
2022-02-10,0.19285318,-0.7773121,0.8455464,-0.38730508,0.39962995
2022-02-11,-1.0384237,0.24145763,-0.14256567,1.4463094,-1.188694
2022-02-14,0.3276283,-1.3079016,0.6060743,0.41968647,-0.37440297
2022-02-15,0.005167121,0.6927187,0.52090555,-0.5083008,-1.1164062
2022-02-16,0.77760863,-0.50481904,-0.22641703,0.64041716,-0.4958099
2022-02-17,-0.020685969,-0.5132768,-0.92707884,-0.78908974,0.7515373
2022-02-18,-0.62757915,0.07545429,-0.51146096,0.6405176,0.23816045
2022-02-22,0.73175937,0.45781633,-0.8105941,1.1650883,0.092080206
2022-02-23,-1.0459366,-0.26302516,-0.78291845,0.90106845,0.6084156
2022-02-24,-0.46544567,-0.34455642,-0.026811495,1.0305214,1.1899867
2022-02-25,-0.7831122,-0.28215393,2.5498788,-0.89787,-0.03310684
2022-02-28,0.18705317,0.45479336,-1.0564759,1.8686837,-0.19410495
2022-03-01,1.770977,-0.88151395,-1.0571578,1.8391463,0.017192127
2022-03-02,0.43189904,-0.89418507,1.1196508,2.4444215,0.2173476
2022-03-03,0.8239224,0.315994,-0.94386184,-0.77183545,1.669862
2022-03-04,1.2526982,-1.7397047,0.58569217,1.4745244,0.5728707
2022-03-07,1.8224127,-0.023261625,0.25371262,0.4223699,0.9047531
2022-03-16,-1.7106673,1.8394657,0.0758101,-2.9970193,-0.83028746
2022-03-17,1.2007965,-1.3427975,0.5065573,2.1801286,-0.12874654
2022-03-18,-0.19335283,0.15010789,1.3054684,0.3119909,-0.27155662
2022-03-21,0.19860014,-0.4555483,-0.006612663,2.0303555,0.05862973
2022-03-22,-0.48708725,0.5664091,0.5100097,0.7129228,-1.3685793
2022-03-23,1.4811902,-0.3880597,0.34301358,0.37698832,1.8485895
2022-03-24,1.0087931,-0.59089714,0.15442309,-0.9603385,-0.4799916
2022-03-25,-0.25013083,1.215018,-0.5758565,0.87713164,-0.71604425
2022-03-28,-0.6111907,0.9457988,-0.3268448,-2.4598663,0.31573325
2022-03-29,-1.0291922,0.3874034,1.6789614,-0.7300598,-0.84238404
2022-03-30,2.4614563,0.14965826,0.19238696,-0.1254375,-0.44228014
2022-03-31,-0.7390334,-0.7187805,-0.20927545,-1.2741207,-0.27492318
2022-04-01,-0.105392754,0.7642479,0.70874643,-0.646104,0.44094303
2022-04-06,-0.5113004,1.3470148,-1.7231729,0.4580865,-0.31030142
2022-04-07,0.22233692,0.059996016,-0.5065823,-0.47850987,-1.2768348
2022-04-08,0.16517705,-0.40398207,-0.88067484,1.2987942,0.4773785
2022-04-11,0.39383215,0.4153915,-0.40837994,-0.6499222,-1.9460357
2022-04-12,1.08523,-0.75780064,0.2627289,1.3982925,-0.11534934
2022-04-13,0.7849677,-0.36323664,0.30425957,1.3233327,-0.24046132
2022-04-14,0.4550172,-0.095847055,1.3042957,1.1408669,-0.35255548
2022-04-19,0.24146959,1.5749682,-0.842333,0.041093472,-0.66719353
2022-04-20,0.18491754,0.6639547,0.33414698,0.4554478,-0.45698982
2022-04-21,-0.08978386,0.15325136,1.1161973,0.047121655,0.68898803
2022-04-22,-1.0764457,0.84956384,0.6876504,0.19919375,-0.37606782
2022-04-25,-1.6578959,1.2551067,0.04923761,0.5413293,-1.5855377
2022-04-26,0.5209831,-0.51728046,0.8068202,1.4420493,-0.39635915
2022-04-27,-0.10223542,0.13041697,0.03063105,1.2807434,0.37615216
2022-04-28,-0.11265832,-0.19705649,0.4388233,1.3330176,-0.60692555
2022-04-29,0.81915444,-0.3499225,0.7740011,-0.6776426,-1.1720684
2022-05-05,-0.9747959,-0.16278687,-0.072657384,0.45016837,-2.6963325
2022-05-06,-0.6525255,-0.31832555,1.1978235,-0.11053858,-0.35948122
2022-05-09,-1.7706399,0.8041862,0.8467045,-1.1589516,-0.561914
2022-05-10,-0.254688,0.7793899,-0.158362,0.45196587,-0.4485449
2022-05-11,1.2044613,-0.99967897,-0.3513425,0.9691616,-0.37596002
2022-05-12,-1.3284035,1.8989571,-0.3269696,0.9260393,-0.76075804
2022-05-13,0.49832278,0.18888818,0.5267547,0.39368,0.6421411
2022-05-16,0.88769084,-0.27687645,-0.6420983,0.26997504,-0.60736525
2022-05-17,0.26213282,-0.38595796,-0.5922661,-0.44246793,0.6921362
2022-05-18,-0.95311207,0.10797011,1.0670344,-1.209042,-0.6474049
2022-05-19,1.6785469,-0.614653,0.5305919,-0.4506438,1.1016744
2022-05-20,-0.081388995,-0.10124671,1.2058786,0.18071087,-0.03870533
2022-05-23,0.8030614,0.025148327,-0.05164756,-0.08570639,-0.6383786
2022-05-24,0.17683965,-0.6268988,1.1306465,-0.37721637,-0.9995633
2022-05-25,-1.1864063,-0.15943757,0.2694084,0.90428466,0.14654803
2022-05-26,0.4654163,-0.43626317,0.7002873,0.9358275,-0.5010537
2022-05-27,0.39092314,-0.5099397,0.2779802,0.20606685,1.084702
2022-05-31,-0.027065964,-0.9668267,2.3670278,0.1588524,-0.22965242
2022-06-01,0.68559825,-0.76054007,0.7541679,-0.43366227,-1.1763508
2022-06-06,1.0730858,-0.52804464,-0.22836141,1.5795902,0.39868087
2022-06-07,0.14612572,0.6545746,0.19927134,-0.2562195,-0.50462633
2022-06-08,0.5773841,0.6111841,0.028316705,0.13331386,0.86333233
2022-06-09,-0.26273912,1.2510217,-0.30185434,1.0342691,-1.0349131
2022-06-10,-0.46643868,-0.5774396,0.3209289,-0.33147562,-1.6711284
2022-06-13,-2.039834,1.2500786,0.67893875,0.02066756,-0.28878087
2022-06-14,-0.8121126,0.41290185,1.0633891,-0.23307195,0.6863027
2022-06-15,1.1744691,-0.1496638,0.40609333,-0.5857233,-0.19580781
2022-06-16,0.36199784,-0.8611512,-0.53916943,0.13185419,-1.8519651
2022-06-17,-0.62509775,1.149636,0.42787868,-1.6124592,-0.060207073
2022-06-21,0.7138375,-0.81538475,1.9023243,-0.56443644,0.49176833
2022-06-22,-0.90149397,0.13809997,0.5974823,-0.15927663,-1.495044
2022-06-23,-1.1014341,-0.32878217,2.1003046,-0.81599283,-0.22870487
2022-06-24,-0.63095134,-1.0470554,1.5844601,0.19093803,-0.8213425
2022-06-27,0.18056838,-0.052426808,0.5962555,-0.26340064,-0.10615931
2022-06-28,-0.0023800263,0.7365031,-0.52818894,0.6364157,0.30578575
2022-06-29,-0.13413204,0.5339671,-0.97246194,-0.30307242,0.7129718
2022-06-30,-1.0261695,0.44451448,1.1120919,-1.2549844,-0.16833688
2022-07-01,-0.63725287,-0.23185103,1.6644115,0.26089525,-1.479477
2022-07-05,-1.4457662,0.97538257,0.8170645,-2.156215,-0.74484706
2022-07-06,-0.5663696,0.7330081,0.15017353,-0.8613485,0.19434167
2022-07-07,1.0065123,-0.66623265,-0.28281495,1.9884039,0.5199354
2022-07-08,0.22836713,0.6167201,-1.8877472,0.8968774,0.09757286
2022-07-11,-0.34158167,0.29592827,0.83928937,1.0049076,-1.5424144
2022-07-12,-0.8421112,0.10852016,2.1228702,-1.629612,-0.8587603
2022-07-13,-0.0031502983,-0.7309183,-0.20041655,-0.3119446,-1.3095734
2022-07-14,-1.6484479,0.830967,1.6476669,0.06624346,-0.7618249
2022-07-15,0.46115428,-0.88742495,2.503572,-0.6542114,-0.12644137
2022-07-18,1.5453092,0.16509378,-1.1854717,0.6153338,1.3118447
2022-07-19,-0.2820434,-0.3280769,1.2980201,-0.38685367,-1.1671853
2022-07-20,0.45866013,0.3023722,0.9311589,-0.34253505,-0.046528194
2022-07-21,0.1654945,-0.10395145,0.78160644,-1.6551759,-0.8363292
2022-07-22,1.1889222,0.2452381,1.1842089,-0.72606987,-0.10918364
2022-07-25,-0.08975774,0.40906972,-0.012997765,1.1771547,-0.89624596
2022-07-26,0.2649141,0.85041076,-1.7292382,0.6438633,0.2807194
2022-07-27,0.21438871,-0.6506945,0.118227504,0.8726603,0.6795023
2022-07-28,1.1560316,-0.0021666822,-1.7556032,-0.21725298,1.0236771
2022-07-29,1.5416325,-0.13900484,-0.03303379,-0.38702634,1.1413997
2022-08-01,-0.44148314,0.4134134,-0.5188566,-2.5875726,-0.24653268
2022-08-02,-0.46213466,-0.5732205,1.4485729,-0.4684236,-0.07853664
2022-08-03,-0.21752186,0.89000094,0.09240444,-0.07026039,-1.2976588
2022-08-04,0.95218253,0.10998913,-1.4766042,-0.90450996,0.6000554
2022-08-05,0.065286554,0.93337893,0.021183306,-0.116875045,1.147585
2022-08-08,0.8419876,-0.9571341,0.041344892,-0.5942924,0.076785505
2022-08-09,0.7312271,0.77223396,-0.5859315,0.9854221,0.3118361
2022-08-10,0.8754374,-0.38316277,-0.4820712,0.8162941,0.012294167
2022-08-11,0.69679326,0.7261044,-0.6428645,0.96003807,0.5573254
2022-08-12,0.049657732,-0.3616304,-0.0670979,0.28049165,-1.7868282
2022-08-15,-1.3353493,-0.33442137,1.6082811,-0.978629,0.024207795
2022-08-16,0.22916126,0.21362534,1.1235003,-0.9992898,0.3661765
2022-08-17,-0.37753323,0.12005267,1.1792713,0.90849835,-0.9585473
2022-08-18,0.025262816,-0.15083577,1.8275962,0.2934725,-0.0102602905
2022-08-19,-0.16871677,0.97072554,-0.6728416,0.90971255,0.35902825
2022-08-22,-0.23548374,1.235088,-0.6911332,0.75107366,-0.11734697
2022-08-23,0.36168727,-0.15068726,-0.53951716,0.9140375,0.35901132
2022-08-24,-0.291415,-0.05400511,-0.023292987,0.7976672,0.031862084
2022-08-25,0.8561697,-0.53063107,0.73728555,-0.95041955,-0.011326537
2022-08-26,-0.074049205,1.343608,-0.80469406,1.034828,0.93441683
2022-08-30,-1.2422396,0.76898015,0.33338144,-0.33481908,-1.7727585
2022-08-31,-0.5590638,1.0902386,-0.37345716,-0.19647196,-0.21509211
2022-09-01,-1.2022327,0.10456027,1.3350822,-1.1404619,-1.9963688
2022-09-02,0.53901124,-0.35643336,0.18765745,0.5712465,-0.655542
2022-09-06,0.236794,-0.14257707,0.18336208,-0.60633326,0.61830014
2022-09-07,0.30556566,-0.21700382,-0.18601386,-1.437413,-0.64424974
2022-09-08,0.9998721,-0.057135675,0.18605538,-0.25232992,0.41841438
2022-09-09,1.0770344,0.01280625,-1.096074,0.899786,0.396962
2022-09-13,0.625832,0.27656502,-0.8760506,0.069427624,0.502464
2022-09-14,-0.16293488,-0.38882002,0.35374543,-0.362088,-1.2136844
2022-09-15,-0.12154226,0.41239393,1.5593272,-1.9045848,0.37743348
2022-09-16,-0.16704564,-0.624255,0.40169814,0.045984488,0.40982047
2022-09-19,0.3125277,-0.6062108,1.3193839,0.22735088,-0.62772745
2022-09-20,-0.3862365,0.25487858,-0.9871589,0.7232881,0.16371296
2022-09-21,0.14188631,0.11155554,0.15329747,-0.3548276,-0.88108677
2022-09-22,0.076129064,-0.24035658,0.16548571,0.23572376,0.9131945
2022-09-23,-1.946009,1.1753668,1.0198399,-1.0001138,-1.0090439
2022-09-26,-1.4711359,0.15472566,1.2188209,-0.26563895,-0.9371079
2022-09-27,-0.14401619,-0.3625412,1.11694,0.9970989,-0.1893151
2022-09-28,1.2257298,-1.5836302,-0.08150902,0.80492663,-0.5325805
2022-09-29,0.6081045,0.27128774,0.44521812,-0.7368373,1.4555905
2022-10-10,1.1988833,-1.3685464,0.6297303,2.0669756,0.29244605
2022-10-11,-0.4878441,-0.39406914,0.30273223,-0.5087748,-0.3062359
2022-10-12,-0.21730238,0.8831663,1.141922,-0.34521884,0.65329945
2022-10-13,-0.082831,-0.24155666,0.09596734,0.5025877,0.5099257
2022-10-14,-1.3168839,0.8756093,1.0576854,-0.49494845,0.41093707
2022-10-17,0.13220622,-1.2179327,0.6825555,-0.76581717,-0.32774335
2022-10-18,-0.27948225,0.6211806,0.18682198,-0.4781376,-0.39612138
2022-10-19,-0.65121686,0.58933175,1.2487626,0.52000463,0.28063917
2022-10-20,1.182156,-0.25610873,-0.11551336,-1.0095916,0.9197278
2022-10-21,0.46325693,-0.91264546,-0.29087088,-0.24617821,0.35294306
2022-10-24,0.15181768,-0.49726656,1.6158357,0.15956585,-0.9379955
2022-10-25,0.4330635,0.2152134,0.15482795,0.7457965,-0.8792335
2022-10-26,0.34329024,-1.0996099,0.69295734,0.13263686,1.7778672
2022-10-27,-0.32348704,-0.673883,1.4586009,0.16614343,0.10327742
2022-10-28,-0.9463893,0.60244185,0.7538079,0.7027793,-2.044064
2022-10-31,-0.47710806,1.1101894,-1.4164646,0.17656752,-0.9661877
2022-11-01,1.0993515,0.7226445,-0.8990517,-1.4572572,1.1298811
2022-11-02,0.42698815,-0.21993148,0.77929145,0.6528439,-0.4831381
2022-11-03,-0.6856762,0.9238354,0.7774825,0.49022645,0.37243277
2022-11-04,2.2300036,-1.2453218,-0.42633104,-0.3725037,1.3655441
2022-11-07,0.3207887,-0.08092966,-0.12460003,-0.53628975,-1.5814093
2022-11-08,0.55808216,-0.88483524,-0.0057915375,-1.4621195,1.5982491
2022-11-09,-0.5020943,0.8025325,-0.48209482,-0.9916358,0.13658465
2022-11-10,1.2441893,-1.8956501,0.33015147,-0.7063068,-0.36188135
2022-11-11,0.72148407,0.42083225,-0.15733525,-0.21375085,2.5628624
2022-11-14,0.62918663,0.07141551,0.0037270258,-1.1292171,0.1309418
2022-11-15,-0.527777,0.646817,-0.8605949,1.0513448,0.20092992
2022-11-16,-0.4733174,-0.26570597,0.9199245,-0.35210103,-1.6449096
2022-11-17,-1.2328691,0.76991427,0.81911695,-0.39823505,-1.5077935
2022-11-18,-0.043518033,0.46315795,-0.0273112,-0.44797927,0.6995335
2022-11-21,-0.59183365,-0.006366496,0.55874646,0.34696773,-2.0774298
2022-11-22,1.1084862,-0.32373112,0.5649583,0.0013337252,0.54860723
2022-11-23,0.51408666,0.54615366,-0.896684,-0.70886004,-1.0176767
2022-11-25,0.43193173,0.5057246,0.02826909,-1.3774424,-0.679711
2022-11-28,-0.46607,0.32013535,0.49681377,0.13285409,0.85460943
2022-11-29,0.9083913,-0.56859666,-0.22121549,0.31949198,-0.50044745
2022-11-30,1.3173589,-0.21063389,0.28642386,0.10822829,1.5467016
2022-12-01,0.9453273,-1.5679531,0.8288046,-1.6143559,0.20358312
2022-12-02,0.28836018,0.2506979,0.6589083,-1.3226087,1.3805805
2022-12-05,-0.7698905,1.1608541,0.48687634,-1.0747197,0.9724215
2022-12-06,0.03939508,0.844827,-0.51836866,-1.5091604,0.31811213
2022-12-07,0.78735805,-0.10446407,-0.89488035,-1.3258554,-0.10649936
2022-12-08,0.20173131,-0.38090461,0.008476423,-0.1206896,-0.043570172
2022-12-09,1.008319,-0.3713567,0.3566127,-0.5367395,-1.219938
2022-12-12,-0.42236584,0.37435004,0.34283513,1.5647888,-1.2779466
2022-12-13,1.5327703,-1.0963941,0.028671145,0.8567061,-0.62492144
2022-12-14,0.15137689,-0.6922034,1.2605107,0.77014595,0.1803798
2022-12-15,-1.2393317,0.9678301,0.27379602,0.60140735,-1.5896381
2022-12-16,0.32810724,0.80128735,-0.16181569,-1.1534688,-0.97278744
2022-12-19,-0.17753717,0.30092824,0.614199,-0.2501091,0.8213235
2022-12-20,1.2213917,-0.4107993,-0.9994003,-0.61750025,1.2365495
2022-12-21,0.3885412,0.20139645,0.04921718,1.11737,-0.70486045
2022-12-22,-1.2053515,0.45691288,1.0521073,0.14922787,0.21756256
2022-12-23,1.3605494,-0.9377465,0.32005817,0.41823813,-0.50184375
2022-12-28,1.4971284,0.9598023,0.24762318,-0.5483704,-0.54031956
2022-12-29,1.0716308,-0.7519149,0.38450697,-1.1249287,-0.039725676
2022-12-30,-0.14322825,-0.5176647,0.61232,0.5671484,-0.40827474
2023-01-03,0.41126752,0.36797875,0.27226287,-2.3429353,0.30595377
2023-01-04,-0.04290781,0.26628745,0.6848674,-1.724236,-1.0724506
2023-01-05,-0.324137,0.8708807,1.0625669,0.0455632,0.931568
2023-01-06,1.7604964,-0.38853902,-0.3153164,-0.72497267,0.28702906
2023-01-09,0.96337277,-0.031558614,0.39064425,-0.21780741,1.6510653
2023-01-10,0.12489957,0.061103854,1.1390774,-0.26515317,0.81971395
2023-01-11,0.39996663,-0.15527089,0.89520633,0.31717968,0.82655185
2023-01-12,0.4008475,-0.876883,-0.52276003,0.38566667,0.04426777
2023-01-13,0.54119265,-0.5639777,0.047751527,-0.08122409,1.2819083
2023-01-17,0.14469053,1.2998418,0.03629439,0.49231267,-0.2850499
2023-01-18,0.5429309,0.38851744,0.6041151,-0.6074583,1.583947
2023-01-30,0.37680233,0.5825364,-1.0934678,-1.8823532,1.3331041
2023-01-31,0.6610669,-0.28857756,-0.44131592,0.03464331,0.4850848
2023-02-01,-0.7222239,1.065445,0.116645835,-1.605565,-0.26347625
2023-02-02,0.6895382,0.50555,-0.24685262,-0.8324871,-0.13114788
2023-02-03,-1.3073763,2.3189063,0.44394603,-0.331132,-0.6613358
2023-02-06,-0.5158956,-0.16515306,0.70811826,0.5055053,-1.8211669
2023-02-07,0.5804206,-0.5670464,0.634529,1.5618699,-0.6014408
2023-02-08,0.245303,0.030773183,-0.18394743,-0.41687098,0.06251678
2023-02-09,0.23383309,0.76851296,0.51544,-1.0165112,0.9062016
2023-02-10,-0.56979775,0.44751266,-0.3424763,1.2969227,-1.6445127
2023-02-13,0.31143638,0.34906927,0.7881129,0.06657,0.22779815
2023-02-14,-0.14478135,-0.15079162,0.0053703943,0.3456144,-0.6842421
2023-02-15,-0.308766,0.778416,0.9907898,0.124110036,-1.6661687
2023-02-16,0.81136084,-0.25521278,-0.13477014,-0.9688262,0.66034776
2023-02-17,0.34279737,0.7497934,-0.41212013,-1.3977969,0.015832346
2023-02-21,1.448818,0.16550946,-0.045049157,-0.4993251,1.4855233
2023-02-22,1.223824,0.90622747,0.42398283,-1.0841737,-2.004122
2023-02-23,0.18171933,0.67089355,1.3472941,0.08374679,-1.6848023
2023-02-24,0.2564432,0.9709036,1.0822704,0.3954658,-1.9483862
2023-02-27,1.1090939,-0.81728685,0.5894313,-0.6133111,0.038966917
2023-02-28,1.117135,-0.6938957,1.1566099,-0.792774,-0.66690177
2023-03-01,0.7370077,-0.24729417,0.4969116,0.31851983,0.48240206
2023-03-02,-0.26206896,0.30422366,0.43950132,0.39925903,-1.2077711
2023-03-03,1.0633149,-0.41506842,-0.116600096,0.1070608,-0.84385204
2023-03-06,0.14357188,0.293613,0.755787,-0.8960401,0.9195631
2023-03-07,-1.2079078,1.7303904,0.3483922,-0.07677729,-1.2642584
2023-03-08,0.7851257,0.55419403,0.3002007,-1.1668675,0.11768614
2023-03-09,0.23571765,-0.6189692,0.7856772,-1.2209951,-0.5303469
2023-03-10,0.47977236,-1.1855028,0.1683615,0.1143624,-1.2840619
2023-03-13,1.5731047,-1.0899839,-0.7958224,-1.0599198,-0.64612633
2023-03-14,0.3462425,0.8873992,-0.30411884,-1.076535,-0.31362504
2023-03-15,-0.6749451,0.7917502,-0.7551092,-1.8113403,-0.8884205
2023-03-16,0.51527125,0.09505417,0.32030907,0.5281396,-0.2277711
2023-03-17,1.1593591,-1.0209026,0.0952063,-1.0247608,0.15617444
2023-03-20,1.0439279,-0.39528865,0.54503804,-0.7339353,-0.114176944
2023-03-21,0.043044746,0.63402665,1.255898,0.32332185,-0.6967058
2023-03-22,0.8973203,-0.63704926,1.0725728,-0.6838121,0.41525674
2023-03-23,1.2401489,-0.736408,0.48551136,-1.5711504,-0.09489113
2023-03-24,0.61235243,1.0578961,-0.8893611,-0.21512002,-0.62424064
2023-03-27,0.7492102,1.3481466,0.1371645,0.67477536,0.5984221
2023-03-28,1.0238948,0.6123351,-0.5869303,-0.2840069,0.38362613
2023-03-29,1.2984283,1.0748988,0.064270675,-1.2134588,-0.8580682
2023-03-30,1.096894,-0.39734295,-0.07784863,-0.5856437,-1.3735174
2023-03-31,1.0828581,0.5880376,-0.2644983,0.16249071,-0.3207253
2023-04-03,0.49125296,-0.22852911,0.9232968,1.0547606,-1.1766835
2023-04-04,0.8377429,-1.0378562,0.05838912,-1.1085341,-1.407102
2023-04-06,-0.017564004,-0.16992556,0.7072643,0.21897173,-0.32760495
2023-04-11,0.77925813,0.37751442,-0.20572133,0.069846384,-1.3328757
2023-04-12,1.4582171,-0.14426482,0.5920244,-0.80326307,0.151846
2023-04-13,1.6486802,-0.6602244,0.27335313,-1.2989898,0.33947784
2023-04-14,0.009527478,1.6062382,-0.40899727,0.24180534,0.021378774
2023-04-17,0.60281855,1.1206266,-0.8572623,-0.3004794,-0.9205077
2023-04-18,2.002268,0.123125665,-0.004035532,-0.72597784,-1.0166234
2023-04-19,0.3560741,0.143257,0.69292027,-1.2786366,-0.5661333
2023-04-20,-0.52800465,-0.6126474,0.7110854,-1.0507218,-0.41023323
2023-04-21,0.42897683,0.2876354,1.2029603,-0.37309363,-1.2415185
2023-04-24,0.68959534,0.22964363,0.9320694,-0.07245591,-1.3519441
2023-04-25,-0.91586065,-0.09508003,0.6878938,-0.49956015,-1.3705597
2023-04-26,-0.45769754,-0.30552426,0.2043328,-0.82027626,1.1238648
2023-04-27,-0.31746835,-0.65511405,0.4333751,0.094575636,-0.45613816
2023-04-28,-0.47984916,-0.17802806,-0.6471,1.2174292,0.86295146
2023-05-04,-0.42960173,0.46578202,-1.7931238,-2.0643687,0.14923003
2023-05-05,-0.10111785,0.15843692,-0.64950997,1.54649,1.3433012
2023-05-09,-0.5631648,-1.4898028,0.6690215,0.9607941,0.2624796
2023-05-10,-1.2639282,-0.25472912,0.3771694,0.4970202,-0.4393926
2023-05-11,-1.4814215,0.78396136,1.0537318,0.13505735,-1.1592747
2023-05-12,-0.14942941,0.93066704,-0.02721416,-0.38415128,0.18817286
2023-05-15,-0.41014442,-1.31794,0.98904413,0.81351954,-0.22198947
2023-05-16,-1.6692309,-0.150591,1.0403302,0.49166384,0.036342043
2023-05-17,0.3681653,-0.8965746,1.525665,0.34661523,1.2377597
2023-05-18,-1.4126453,0.12724164,0.869327,0.7716389,-0.47107315
2023-05-19,-0.42316613,-1.6499361,0.41260752,-0.0074471408,0.66795254
2023-05-22,-1.5812361,-0.32958424,-0.29126123,1.0957581,1.1712638
2023-05-23,-1.5875514,-0.16555022,0.4678331,0.78972507,0.2447847
2023-05-24,-0.23557147,0.21226905,1.3076758,0.77047336,-1.3973417
2023-05-25,0.18249154,1.2057576,0.30665913,-1.0961235,0.4986432
2023-05-26,0.5279068,0.049539346,-0.5822134,0.06654881,1.5554276
2023-05-30,0.32293293,0.22073811,0.7190404,-1.9690055,-1.0015669
2023-05-31,-1.0696297,-0.34982154,-0.17531385,-0.01639819,0.25316423
2023-06-01,1.7062814,0.4236673,-0.5274571,-0.34372458,0.6992572
2023-06-02,-0.025628014,0.9457205,-0.09132679,1.3239492,-0.25334764
2023-06-05,0.39901865,-0.7648888,0.88653356,0.21821971,-1.0226556
2023-06-06,0.37493682,0.36923158,-0.6135034,0.2286647,-0.31683433
2023-06-07,0.057033043,-0.083815865,1.3116101,0.36004257,0.46196535
2023-06-08,-0.03952468,-0.6550595,-1.2077,0.29948172,0.6804387
2023-06-09,-0.2829302,0.3100435,-0.08851514,-0.05164433,0.86967146
2023-06-12,-0.6733788,1.1357666,-0.21760942,-0.51551896,-0.9696428
2023-06-13,0.45231196,0.3131022,0.6291723,0.64388025,0.74829036
2023-06-14,0.66548103,-0.29474255,0.09840255,-0.883981,1.1820804
2023-06-15,0.051938575,-0.204424,-0.60587347,1.892218,-0.9183994
2023-06-16,0.4486026,0.8153591,-1.0959826,0.96768564,-0.089637406
2023-06-20,-1.2141492,1.6145742,0.27433598,0.05921718,-0.7737384
2023-06-21,-0.16206922,0.8603154,0.11038627,0.8504986,0.008929444
2023-06-26,-0.30040553,0.64163184,0.6890886,-0.5950462,-2.0943809
2023-06-27,0.9531701,0.07736731,1.0980538,-1.1361737,0.36016363
2023-06-28,-0.35937494,-0.5208656,2.3570535,-0.320649,-0.5915191
2023-06-29,0.55945104,1.0601656,0.48164502,0.21676697,-0.782425
2023-06-30,0.846393,0.489877,-0.49152404,0.37080124,0.3488445
2023-07-03,-0.2522534,-0.03749779,-0.8125848,0.33667037,-0.145519
2023-07-05,0.089061216,-0.8177652,0.07790169,1.2301179,-0.23485395
2023-07-06,-0.52217543,0.82470995,0.40941498,-0.19267327,-0.09020305
2023-07-07,0.7411607,-1.1855961,1.7349204,-0.16156894,-0.13892502
2023-07-10,0.47768018,0.26891416,-0.4351178,0.03401777,-0.4154304
2023-07-11,0.76219845,0.65298593,0.13170367,0.47535187,-0.4516237
2023-07-12,1.2358589,-1.7621617,0.93140423,-1.0515745,1.1612782
2023-07-13,0.86974937,0.108205795,-1.4747555,0.25176534,0.77824074
2023-07-14,0.43703324,0.02250882,0.17569421,-0.5143399,-0.73143166
2023-07-17,-0.3289259,-0.45503828,2.0521026,-1.4160658,-0.5121967
2023-07-18,0.9017197,0.018317929,-0.47265536,0.27230048,-1.1859921
2023-07-19,-0.10314412,0.6223687,-1.2017082,0.9333613,-0.30650148
2023-07-20,-0.2440608,0.42804927,-0.1644031,0.8394344,0.057022564
2023-07-21,0.28423977,-0.57331544,1.1601537,0.6225377,-0.4704212
2023-07-24,0.27487466,0.6412892,-1.4382279,1.3231742,0.5358227
2023-07-25,1.4347613,0.2635793,0.10633335,-0.7257243,0.34285116
2023-07-26,0.5525781,-0.19326709,1.5761855,-0.46323237,-0.8218055
2023-07-27,-0.54413176,0.20047326,1.7592511,0.27143064,0.13962296
2023-07-28,1.0410982,-0.62691677,1.4054216,-0.87968355,-0.5703601
2023-07-31,1.1037182,-1.3380982,1.5719148,-0.98247284,0.49994144
2023-08-01,-0.33257297,1.4193857,0.58505696,0.39007246,-0.026464928
2023-08-02,-0.94962645,0.10313715,0.8942551,-0.52429175,-1.2086825
2023-08-03,0.14878006,-0.32786223,1.5398743,0.34973744,0.11782663
2023-08-04,0.5852299,0.2053385,0.6311426,-0.009169633,-0.44372413
2023-08-07,-0.5247683,0.15957247,0.13287443,0.34523228,-0.81646305
2023-08-08,-0.043908384,1.0758073,0.671777,0.65527517,-1.2649976
2023-08-09,0.5605541,0.018719308,1.3138803,0.81015825,-0.7828684
2023-08-10,0.2210418,-0.10518058,-0.123146415,-0.72968704,0.16447666
2023-08-11,-0.22097002,-0.041879613,0.6594699,0.063214205,-1.1024972
2023-08-14,0.011641989,0.24879542,0.595738,-0.45962927,-1.3711799
2023-08-15,-0.03386562,0.27660176,1.9830817,-1.7313746,0.6572972
2023-08-16,0.2929528,0.766608,-0.40680224,-0.24581444,-0.36678177
2023-08-17,0.97212595,0.15582824,0.57113874,-0.1983659,-0.335994
2023-08-18,1.4563445,0.60183835,-0.22815399,-0.3069967,-0.78758365
2023-08-21,0.8779096,-0.20080507,0.5792235,-1.0223738,-0.25209254
2023-08-22,0.45244417,-0.6732534,0.7911781,-0.8309209,0.79397047
2023-08-23,0.9078852,-0.35151106,-1.4220527,-0.5077394,0.6113373
2023-08-24,0.30266955,0.17229287,0.46641177,0.067060016,-0.5159148
2023-08-25,0.24344224,-0.00589794,0.3782665,1.0641491,-0.10009111
2023-08-29,1.7616616,-0.5106578,0.46818712,-1.1092362,-0.74437356
2023-08-30,0.49878865,-0.13642621,-0.12298293,-0.506072,-0.8989987
2023-08-31,-0.13955237,0.14118966,0.83946955,0.19882995,-0.11805387
2023-09-01,0.46774352,0.6420036,-0.2260041,-0.16032694,1.0989481
2023-09-05,-1.0699434,0.4495099,0.68475205,1.0422789,0.33128476
2023-09-06,-0.25625744,1.1104121,0.34357032,0.0045449343,-0.2617609
2023-09-07,-0.18991937,-0.25656024,1.3294792,-0.09543324,-0.39361727
2023-09-08,-0.047466878,-0.01889908,1.1060945,0.514606,-0.8644185
2023-09-11,1.7559034,0.07879797,0.051246233,-0.38966528,0.11468892
2023-09-12,0.2969241,-0.16447885,0.61973524,0.12046404,-1.5634083
2023-09-13,0.019430362,0.2822305,0.13816431,0.059475645,0.83709043
2023-09-14,0.89148855,0.07561094,1.0045255,-0.15499997,0.21821386
2023-09-15,0.5088734,0.022051772,-0.93470275,-0.43343204,-1.2143679
2023-09-18,0.37864634,-0.6411608,0.73687553,-0.7114977,-0.21565689
2023-09-19,0.87120837,0.12006462,-0.06894505,-0.08385131,-1.2724068
2023-09-20,0.6404488,0.25181267,0.23733552,-1.2384766,0.60204816
2023-09-21,-0.6280711,-0.013858423,1.7672932,-0.045795854,-0.6079466
2023-09-22,0.65178406,0.22538522,-0.10898743,-0.762077,0.59161586
2023-09-25,-0.11968049,1.2648282,0.27098528,-0.23509054,-0.7450447
2023-09-26,-0.4245437,0.6102708,0.25738072,0.39149427,-0.21047291
2023-09-27,0.0507591,0.81073755,1.1434865,1.0454514,-0.7831285
2023-10-09,-0.9115241,1.1948223,-0.8587024,-2.3174982,-0.31846458
2023-10-10,0.026209839,-0.5776796,1.0496423,-0.17714395,-1.067115
2023-10-11,0.4550294,0.025029646,0.45380703,-1.0737325,-0.6288529
2023-10-12,-0.09000923,1.2291569,-0.7581609,0.5781072,-0.20328988
2023-10-13,0.6827219,-1.9746459,0.4581242,0.67763346,-0.26264518
2023-10-16,-0.23593745,-0.0938039,0.452591,-0.6646002,1.7156491
2023-10-17,0.039317764,-0.55282474,0.2101847,-0.28242144,0.26074165
2023-10-18,0.2921769,-0.31964198,-0.06484094,0.266711,-0.0675001
2023-10-19,-0.14515513,-0.44415364,-0.36372575,0.016481921,-0.2816971
2023-10-20,1.1725816,-0.3733634,1.1743411,-1.0616251,-0.52737755
2023-10-23,0.056931604,0.45430964,-0.036255036,-0.9848428,-0.48255524
2023-10-24,0.17254038,0.5308183,0.090710476,-1.10602,0.5240128
2023-10-25,1.3664863,0.25720042,0.7246786,-0.36077347,-0.5854106
2023-10-26,0.42675963,0.4722357,0.29862943,-0.14371996,-1.7663742
2023-10-27,0.904091,0.29104033,0.48347172,0.038087253,0.48150373
2023-10-30,1.0474919,-0.5645197,-0.14078198,-1.4313871,-0.5161304
2023-10-31,-0.35158634,-0.18052888,0.68561155,0.2820142,-1.0713843
2023-11-01,-0.34672132,0.43446973,0.23655164,-0.6221627,0.93251777
2023-11-02,0.47792497,-0.29679647,0.47977126,0.8749925,-0.8636443
2023-11-03,0.78724325,0.26732537,-0.95288396,-1.1331104,0.40348694
2023-11-06,0.22090688,0.7101271,0.26482725,-0.14790535,1.4387773
2023-11-07,-0.53462285,1.1892173,0.6859329,-1.412397,-0.28443092
2023-11-08,0.42788297,1.4741251,-0.66186947,-0.8070604,-0.15822767
2023-11-09,-0.16287738,-0.7563207,0.1525137,-0.2389352,-0.27311203
2023-11-10,-0.069843754,1.3807249,1.1365855,0.5621136,-1.0541898
2023-11-13,0.23335204,-0.48958978,-0.7857748,1.1174328,-0.35151076
2023-11-14,1.8413649,-0.31276122,0.049877156,-0.95853823,0.049673382
2023-11-15,0.8869587,-0.17069149,-0.07535604,-0.7433855,0.094532624
2023-11-16,-0.0070369146,0.11564727,-0.20439406,-1.7572778,-0.9974863
2023-11-17,0.2898581,-0.36437583,1.6810226,0.2307445,-0.2729572
2023-11-20,0.38628438,-0.51265115,0.3390562,0.5779372,0.9272001
2023-11-21,0.8026781,-0.6696324,-0.11226238,-0.29001954,-0.12474628
2023-11-22,0.09669451,0.6284818,0.40374362,-0.19193499,-1.8440642
2023-11-24,1.1519828,-0.4119531,0.6898908,-1.5763171,-0.5375913
2023-11-27,0.29693997,-0.38408437,0.8633795,-0.5213694,-0.79925483
2023-11-28,1.977303,-0.18158737,-0.2298209,-0.2114125,-0.3573563
2023-11-29,1.2646743,0.8405014,0.31535184,-0.47935867,-1.4069006
2023-11-30,0.60902816,0.76412344,-0.5161087,-0.68754876,-1.1444675
2023-12-01,1.2205403,-0.004199369,0.103516184,-1.7423052,-0.17633437
2023-12-04,-1.1279527,1.1055468,0.5583426,0.3295585,-0.44240937
2023-12-05,0.7622935,1.2283304,0.37402445,-0.65733165,-1.4691355
2023-12-06,0.6569094,0.883539,0.87661904,-1.6582699,-1.2828496
2023-12-07,0.31903657,0.5633803,-1.2784423,0.5334645,-0.14338852
2023-12-08,-0.09023672,0.1561132,1.481433,0.64412844,0.014193878
2023-12-11,0.35804102,0.77462995,1.0107619,-0.17475776,-0.20341127
2023-12-12,0.27354807,0.51149863,-0.5523499,-1.463516,0.5730751
2023-12-13,-0.0038012674,-0.50264966,1.545621,-0.40632814,-0.26806015
2023-12-14,1.9143472,-2.1108952,0.29482725,-0.47259974,0.6103378
2023-12-15,0.027378427,1.0084271,-0.7814721,1.0431356,-0.3368109
2023-12-18,0.44588488,-0.39915228,1.3330429,0.22447787,-0.6169746
2023-12-19,0.5296391,-0.71756685,0.53901124,0.0175176,0.41966495
2023-12-20,0.55589813,-0.011272118,1.283252,-0.65228117,-0.44899267
2023-12-21,0.5684947,0.21117769,0.47297135,-0.50217426,-1.1938874
2023-12-22,0.55668986,-0.22092162,-0.12511049,-0.6082042,0.68658733
2023-12-27,1.2481931,-0.08264269,-0.58398795,-0.54687244,0.4962862
2023-12-28,-0.16657843,0.2146891,-0.5648495,-0.8582655,0.38762948
2023-12-29,-0.17368911,0.8152032,1.0880716,-0.545995,0.048416387
