date,cv1,cv2,cv3,cv4,cv5
2013-11-01,-0.3934621417058389,1.5736314346697076,0.07599025828611902,-1.0218513312347322,0.41549576848736053
2013-11-04,0.21742411534271222,-0.20538912161143308,-0.343838921455333,1.0318338285246706,-0.04491735775314831
2013-11-05,-0.3530729703569468,0.4997208171041486,-0.8168951058888672,0.0916875779629216,-0.9673335709157493
2013-11-06,0.6040133724106794,-0.5101664051459148,-0.05586852462842989,0.6315286784060198,0.39880716345443085
2013-11-07,-0.7167280181278134,0.3458138492873992,-0.7591161586719112,0.15314504201435367,0.3240727923652868
2013-11-08,-0.030553362826297795,2.264017336874515,-0.08030577154683037,1.489924216015474,0.3108753489790876
2013-11-11,0.0990366389320087,0.39024198989729675,0.1689736654462075,1.3730094359143554,-0.07763604990230255
2013-11-12,-0.3363926344552442,0.2624276006919123,-1.1263185142021999,0.061545695849033515,0.35311976724755034
2013-11-13,0.1825501261513963,-0.2955588317093678,0.5109163753283935,0.7260125262881101,-0.6459815187402725
2013-11-14,0.5325373920585204,-0.5080392247177662,-0.5067436295019379,-0.5147254877148298,1.5717103343263295
2013-11-15,0.28377438230464996,-0.2448132060057474,-0.5930258246950737,-0.9347064663366432,-0.22658945356628446
2013-11-18,0.21300784450393573,-0.9150092940490141,1.0700605784400334,-0.2894951327282909,1.0907801771865637
2013-11-19,-0.08818165431368528,-0.10123758954839103,-0.2473318169464123,-0.7069166976945226,-0.47416561844944005
2013-11-20,0.05371914995664984,1.254143427285741,0.028171414379270437,1.1025535805473026,0.40959456947053813
2013-11-21,-0.2060335544914206,0.8691500005124175,-1.2251529490688158,1.5436158262568875,-0.9303644440321923
2013-11-22,-0.3793400322882489,-0.1311073126480445,-0.9911364562349502,-0.645627888698553,-0.33243400758516356
2013-12-02,0.11344152081158865,0.648485630422801,-0.05079593417397185,0.5342763060302835,-0.44877633110409265
2013-12-03,0.14485793635871774,0.23145147790234732,-0.009126140142637556,-0.060173042689954194,-0.3955529497921705
2013-12-04,-0.5674273992280056,1.4351828758472787,-1.4948780897809337,0.41603900453302284,0.7027292207971949
2013-12-06,-0.36517527606215977,0.12980975088981722,-1.222811969741822,-0.3568329719355663,0.16882472374514676
2013-12-09,0.0261857516156213,-0.897078177127104,-0.5187589310155272,-0.13748851628673076,0.6474691293677264
2013-12-10,0.32930998851362553,-0.31071584729392315,-0.5349465855299034,-0.029267686397815667,2.332296480846999
2013-12-11,-0.4048313524478867,0.9082586441492071,-2.149155019077544,0.3152148627355805,0.054666981678903444
2013-12-12,-0.1688677797877086,1.1861034378726787,-0.5101840953973288,0.7426664955335152,0.22150869862083117
2013-12-13,0.034678842186650106,-0.39530544881306373,-0.03296164244830213,0.19760764679491624,-0.2851211430832316
2013-12-16,0.3516806266548861,-0.25042211376236534,-0.7020201892858511,1.0414483319238907,0.4155294422833663
2013-12-18,-0.1700607376688278,-0.4330956043363328,-0.8335613581252154,1.3189138634461905,-0.43084169721301696
2013-12-19,0.10895098409201527,0.7016629091757238,-1.3299846121125094,0.9043087239526129,2.440761432387004
2013-12-20,-0.4818455938524847,-0.8155978434369067,-1.4195757562190434,0.8861381110376113,-0.3337587417606901
2013-12-23,0.4764024929457665,-0.2545134931698667,0.0293090665226921,-0.5640231753293652,0.8094602404045206
2014-01-02,-0.5383654874968696,0.40314015220934474,0.01394593246329305,-0.21578989956006853,0.5226580400406748
2014-01-03,0.3896478248905788,-0.03006982385869276,0.37905493558654096,1.150199165274219,1.7239540090888144
2014-01-06,-0.02039573896758772,-0.2911316806200743,-0.2402152597328154,0.7932682844316736,-0.2213758776066884
2014-01-07,-0.0013189818169821541,-0.07131665437851598,-0.3012208548323248,0.06071013134658408,0.9122595695310034
2014-01-08,-0.7157325761379146,-0.13751660167754812,-0.7063552016853529,-0.3554685573032798,-0.8660385160794188
2014-01-09,-0.42398304543936394,0.28281321092031175,-0.6928785526852929,0.19687866890725939,0.6419291801509392
2014-01-10,-0.34207212122999164,-2.228796812783867,0.5014448018229907,0.51752590308581,0.13482791242733524
2014-01-13,-0.08210800042063422,-1.3739790085469004,0.5351466382012997,0.4760027990525761,1.3820361203725782
2014-01-14,0.29487875962665727,0.8734467294775546,-1.0342607619091508,-0.09858586311451635,0.3380597906754502
2014-01-15,-0.26258497740533887,0.5232617390698068,-0.6117789706061114,-0.06215466855399173,-0.810615828611464
2014-01-16,-0.6125642935650604,0.7531278601881388,-1.0850791301676768,0.43026281662575866,0.6503807464157411
2014-01-17,0.11883752018359459,0.6005099113670463,-0.8418024672729097,0.8452136243167148,1.3926577342768165
2014-01-21,0.12126547579206953,-0.21813597476515506,0.3451472356745211,0.4032765053446772,-1.7464361394434578
2014-01-22,0.015330238257466938,-1.0194058798579786,-0.3626362048395887,-1.0520560117329516,-0.6305511540409097
2014-01-23,-0.4438967558516314,0.16061920679375707,-0.4997722341663757,2.2163196028780736,0.7896913489566855
2014-01-24,-0.10789044048011423,1.7991575843856555,0.3473586241991682,2.7833937710991936,-0.2789624488567076
2014-01-27,-0.3253862184322253,0.0299143573822637,-0.5995561270513168,0.39570867108623464,-0.6839752386344266
2014-01-28,0.4807496338826234,-0.8306438498031484,-0.10474610205345938,0.1585016514452359,0.20806533209966743
2014-01-29,-0.21065304506723448,-0.027569063062105006,0.819146167683308,1.268440040016184,0.28829491020541964
2014-02-10,0.06683141423767719,-0.3776020726047747,-1.2237442358619428,-0.10208300612814308,-0.3770600265437279
2014-02-11,0.64226954663682,-0.5775526387440617,-0.03500393429922182,-0.23988795147834124,-1.03321256074012
2014-02-12,-0.11616900820128934,-0.4064685999663797,-1.5495679178137727,0.3160114031080874,-0.29575410470543967
2014-02-13,-0.6078427490088009,0.2246318835224944,-0.015620636900489513,0.7178119272431573,0.6347303321522827
2014-02-14,0.8457198928011338,-1.034462137290168,-0.9771070958395558,0.07238825283134509,0.6302169428378082
2014-02-18,0.46834216626032976,0.286123016185675,-0.15611806162714065,1.0316090893577323,-0.4308517072914778
2014-02-19,-0.3729551564065376,0.20907348263133005,-0.614146677068886,-0.3621569939351842,0.5515902563520719
2014-02-20,0.08556151502049791,0.9915653536477099,0.23130812334647333,-0.020494754977335338,1.509816375787176
2014-02-21,-0.6018923972155821,-0.5587489682640151,-0.8025054458675362,-1.5133289384305824,0.7872316360537794
2014-02-24,0.6460174778257683,-0.38595606557755463,-0.40818920677011333,0.3971281584567388,-0.06723046308608943
2014-02-25,-0.38878206555384076,-0.12361851945298333,-0.45467821813867987,0.3557090084831904,-0.23544956586571084
2014-02-26,-0.4314555891373749,0.5028868406991001,-0.02211874918343367,-0.4453046196974684,0.04971464708251333
2014-02-27,-0.3616817002588991,-0.520906909806669,-0.8268634284504689,0.13083326691845945,0.7529546202245917
2014-02-28,0.5395765915362548,-0.1984557539114946,-1.5421185399379391,-0.07836182309263284,0.15599794284199822
2014-03-03,0.08423662796888667,0.9301381062523216,1.8050310308686062,0.2941406581749542,0.15060962381702306
2014-03-04,0.22828657554242707,0.14052678451515027,-0.940421043249611,-1.1021591963567237,-0.14819817442266492
2014-03-05,0.07936256906001134,-0.3920317791317029,-0.4946927512792743,-0.5826483222460862,0.8174776592533975
2014-03-06,0.6726007395324642,-1.2996963682575051,-0.5314778918400757,-1.2563921800981286,-0.9043565288950207
2014-03-07,-0.0690000089689864,1.2232418753816268,-0.7805477757061895,0.2793828591619218,-0.7461967043510418
2014-03-10,-0.29409985297966124,1.2741897402354139,-0.46474436542991676,0.8032168586674521,-0.16618324993914743
2014-03-11,-0.42556412467963894,0.13659876985088007,-0.6531446423004672,0.05821132428387312,0.278772958052886
2014-03-12,-0.2913402814932975,-0.2102444032965651,0.2836099720193581,0.09381732322089466,0.9603028116182379
2014-03-13,-0.37229462438442656,-0.8944427072280536,0.2957036278702408,-0.31445232219894553,0.3342868671057445
2014-03-14,-0.4983574607497258,-0.10115267355167293,0.12118284227441553,-0.5247776842312712,-0.05007539125831719
2014-03-17,0.4074554977751045,-0.11913408842899088,0.22581755387700037,-1.2704033617043546,-0.40287960059667927
2014-03-18,-0.1986504805344678,-0.7594570443335362,-0.16916542249466487,-1.1933576606487848,-0.07186624251052268
2014-03-19,-0.6466216208996801,1.2827420218352787,-1.6691702578039738,-0.2203453861947603,0.8707165403071969
2014-03-20,-0.5856967845219123,0.6946688235432159,0.347846495415296,0.1057795358058773,0.18112104861440712
2014-03-21,0.27414891694350657,-0.4176410921438424,-0.24440071080144754,-0.5169127707460462,0.12026633049389161
2014-03-24,0.1400915393152734,-0.8133183876083057,-0.40053317636788793,-0.16047642580202995,-1.1255161609681341
2014-03-25,0.28050538373618483,-0.30701780083439645,-0.3838325909540449,-0.23758824919096502,0.5355339854047253
2014-03-26,0.15998530004567552,-1.4650561547793417,1.3259835606479942,-0.5142380889800875,0.47074669391472157
2014-03-27,0.8344567415388924,-0.5037313017781779,-0.13366121861394922,-0.016093850223423124,3.2632985217453334
2014-03-28,0.2347409045645659,0.02961925917143359,-0.629796392632712,-0.17720423352232909,-0.0021930600110336073
2014-03-31,-0.07482468026235478,-0.44577748069790096,-0.3701855364488912,-0.7985364284756502,-0.4149262738616401
2014-04-01,0.11051944994417527,0.33198649947574943,-0.2483085677754857,-0.30339185784540645,0.2693048146053244
2014-04-02,0.18334514650176434,0.0554862223339023,-1.3590753683803865,-0.37255097801463627,1.3032491784320108
2014-04-03,-0.13403599919176684,0.8081001241713477,-0.5282646575184483,0.38979231618194776,0.21710926288627463
2014-04-04,0.27251625737262625,-0.9391458503727016,0.5587474808206352,-0.07497473802345803,0.8927221528727683
2014-04-08,0.5084220293174555,-1.6723150314421493,0.9733208979960108,0.26897253493066947,0.2181338643271015
2014-04-09,0.3166721768703222,0.13111589392777123,0.2408514897460114,-0.606743509654296,0.28763796132569314
2014-04-10,0.043193628081984424,-1.2023863630172802,-0.41983625643167727,-1.7397098435466067,-0.244217401785045
2014-04-11,-0.2898969053829302,0.21862727798309342,-0.9776783114208568,-0.6468383129876423,0.7003679677287364
2014-04-14,0.2248314605398735,0.7393805934331292,0.6476526214718604,0.05965046371835937,0.0706183529845211
2014-04-15,0.35240046366104527,1.1138982403687987,-0.714663448416548,1.8347092122556545,0.010109068603299872
2014-04-16,-0.33996666131980086,-0.6281894163544894,-1.1423481168281537,0.2343197572133292,-1.006720601600735
2014-04-17,1.1323409654831125,0.24315390600532938,-1.1672844762609595,0.3938922696986253,0.869102430463935
2014-04-22,-0.24565962393543142,-0.34343619265325515,-0.14170852035522544,-0.6086725918440142,0.24777529620409092
2014-04-23,0.04576613275245235,0.6445805463037757,-0.3690068098805628,0.3067779719808945,1.166456940236292
2014-04-24,-0.09511924043958724,0.06454084942551463,-0.15406607140811138,0.11870729226823433,-0.06209541909725981
2014-04-25,-0.39907780941191817,-0.14509755686724563,-0.26519611614521243,0.7990719101729894,-0.8270186756628609
2014-04-28,0.12183332531557228,0.6284990692661244,-0.3536994443722113,-0.34111111997870386,1.1135969718273686
2014-04-29,0.25243074193694465,0.08013208498801769,0.13175543702104006,0.2225217654766039,-0.3322272801958327
2014-04-30,-0.06063512799516542,-0.7723178735966721,-0.5577582780931111,0.13991742841841012,-0.11904659393366285
2014-05-06,0.5109524085891157,-1.1008226049991856,0.1444725858993453,0.16740968311712054,1.1018022873989168
2014-05-07,0.20933368496345464,0.5163671144684893,-0.20033687644909295,-0.7191316233338575,0.26377261542750013
2014-05-08,0.22006674506365873,-1.7170144851327935,0.42137604225042957,-1.8876965161766384,0.5341558366595551
2014-05-09,-0.39597067091768967,0.7033064104032288,-0.3867492311526019,-0.7402690068520249,-0.1881836616677985
2014-05-12,0.03527339275498187,-0.0037498335843649403,-0.617872139755906,-0.7498257486983739,-0.7620932484665788
2014-05-13,0.1999022611921388,-0.5619152206451203,0.05625733445510679,-0.1623660278609732,0.33161687809076695
2014-05-14,0.4819626540371834,-0.4618479086256429,0.03165254273356828,-0.004369886516815589,0.12172864877571433
2014-05-15,-0.22269152945919604,-0.1090519791064534,-0.7810329038324153,0.2727571628287671,0.4715608714865127
2014-05-16,-0.05219876332623856,0.09899867003058208,-0.48620156108402524,-0.40241388769777503,0.7461365282777626
2014-05-19,-0.1484719253499136,0.13304628753211667,-0.6345715455697496,0.07213148341880982,0.5793919400151624
2014-05-20,-0.3465717375856726,0.7082160187341354,-0.7270106404341531,0.6234696735185924,0.5906858033574649
2014-05-21,0.34607559631773965,-0.06315444659003656,-0.10232150174964538,0.10871492031767334,-0.28707868756252936
2014-05-22,-0.0076841017297663294,-0.23855224901935895,-1.0951112499901576,-0.005787485645978653,-0.3315830483729128
2014-05-23,-0.1945940308148508,-0.18024963518960083,-0.07896089884149529,-0.11241167057469496,0.20267376004504942
2014-05-27,-0.27456106242843686,0.05686195971912979,-0.09021563615245062,0.04795228873216752,-0.8846376210538849
2014-05-28,-0.20471053790937827,-0.309645029677196,0.40841737949607426,-0.5735583057224134,0.09753974424374581
2014-05-29,0.2324487994402917,-0.6695753124138502,-0.5744057018607572,-0.5264753670497153,1.2934806290286587
2014-05-30,-0.49468733011319943,0.7604645572972373,-0.41193496046339995,0.6701838554609976,-0.9807553680143231
2014-06-03,0.12278220873450629,0.4103043004074005,-0.004222986581104907,0.17889774689027105,-0.9158820144612971
2014-06-04,-0.16338040396337508,0.057623602635580876,-0.3400679624015251,0.06233034558315574,0.6742932328863371
2014-06-05,0.3846849759183354,-0.5807593978160563,-0.32011952035928776,-0.9375054899888728,0.6432534730907842
2014-06-06,0.5038925827793591,-0.5022223164079417,-1.8592409961906886,-0.2544778680467989,0.40103585704018074
2014-06-09,0.5718618844734438,0.32283847647606717,-0.09024794464282504,0.654125034362989,0.7740826754373069
2014-06-10,0.12426728724176157,0.15882061502784253,-0.6293883715197699,-0.7362500408028206,0.8571091870991656
2014-06-11,0.3154674202248617,0.08242364212841187,0.4895836932866153,0.7489909885891584,-0.3220103472333741
2014-06-12,0.5246946250677531,-1.076759182493537,-0.3659590483498178,1.2498251186226321,0.5606065662088937
2014-06-13,0.06276575014213678,0.4762806608716408,0.30552840824361377,-0.5358814607114248,0.3663375287275495
2014-06-16,0.1562356287431799,0.4331332009244418,0.1675833244866053,0.09935260672988394,-0.2695533286773327
2014-06-17,0.06679748364474035,0.9977744261613618,-1.2296694607501644,-0.0008699864246304656,-0.3564592965671697
2014-06-18,0.31698308107124873,-0.4146248176870905,0.6005361602026089,-0.7601349480728036,0.7766651618237191
2014-06-19,0.07801829152480153,-0.9043024795614167,0.4436959788901895,0.7393759550584168,-0.9615924837622766
2014-06-20,0.10044847423232597,0.705112105122924,-0.6208687707155418,-0.536619072280042,-0.607544299210603
2014-06-23,0.5293010006800645,-0.5458710619358462,-0.12813430741662932,-0.1013352373031309,0.7133948188875732
2014-06-24,-0.5180809993553352,-0.32482161430616446,-0.35882366139787614,-0.6564323705136197,0.6619527183500054
2014-06-25,-0.0833240213824787,-0.16434703335255235,0.6390548348936866,0.23684605646305595,0.380721002925866
2014-06-26,0.14937141956049205,-0.28307197156859687,-0.00862741179622398,-0.15176733770814224,1.8644095277582646
2014-06-27,-0.06200521129035925,-0.11850117447866024,-0.4345480795186574,-0.1617651216410837,-0.1288969352909797
2014-06-30,0.016879742087566103,-0.6787664018665113,-0.7490776067935728,0.7417573570245094,-0.47290870803450946
2014-07-01,0.017771131795589448,-0.13937544248499117,0.5575247193795799,-0.4330287584203843,0.4932274041609807
2014-07-02,-0.11032658983317205,0.45298992280874906,-0.9234416111891725,-0.142483838230336,-0.504551959698153
2014-07-03,0.2588865611360978,0.8328231056323135,-1.0471285189983282,0.1603565670988647,0.9192792052027118
2014-07-07,-0.26598937585915383,-0.044016114636590366,-0.9221354382278142,0.11385776039111477,0.06477353030210238
2014-07-08,-0.47415511234211033,-0.638093971546501,0.18294289896601426,-1.2080816774586323,-0.1718701036912065
2014-07-09,0.24680270768733914,-0.24261945998708156,-0.5924216254447111,0.4236972859997627,-0.014319532704618535
2014-07-10,-0.2629988135252884,0.0904804138916454,-0.30855227634919463,0.15608329811811142,0.890999653427097
2014-07-11,-0.9006622125460139,-0.6125817208933929,-0.41087204512571873,-0.05782441153485223,-0.3484232476049087
2014-07-14,0.4308337928398688,-0.07288365760563643,0.5343086118411132,0.32980124785616904,0.07770205517796992
2014-07-15,-0.4750882739905134,0.05356802361005252,-0.4033520013844912,0.8082115565181763,0.48341575765247663
2014-07-16,0.7065879592693526,0.07649602235882484,0.09447327512754601,1.5610149309902417,0.8980727852432948
2014-07-17,-0.533252539060497,-0.2618623200589631,0.4044236995629583,1.0657471623232524,-0.8033073603752331
2014-07-18,0.25069226592412336,0.2173712853114882,-0.0007925543373900078,-0.4265004003936107,2.0560609436576045
2014-07-21,-0.03082575087506662,-0.18777051154762733,-0.07210116944941236,-0.4392015870490128,0.015839007366005842
2014-07-22,-0.22249142248003473,-0.23582459995823152,0.4507648878863776,-1.014457021062483,-0.5987017119034499
2014-07-23,0.16573810828954735,-0.18253709435027454,0.25543877016517547,-1.092848021120149,-1.5188065290842803
2014-07-24,-0.019968370172378788,0.17905739606033377,-0.7017275828010113,-0.7253519667931249,-0.6875183934627904
2014-07-25,-0.667974462596745,-0.04951145808626411,-0.22181376425439298,0.7648364374356997,-1.8751744548427658
2014-07-28,0.3059834025971703,0.07381360514717773,-0.3335084117580967,0.07847233052535837,0.6942498925561822
2014-07-29,-0.19673092089556785,-0.15372245970035445,0.3443168306455837,-0.3241515421291238,-0.5117519377447185
2014-07-30,-0.07777343453682782,1.2564053658268535,-1.0653211610564257,0.3553170769154064,-0.1515392548649914
2014-07-31,-0.44792608379830234,0.1078049920417626,-0.033685991667773175,0.9360079655219027,0.13041149602016505
2014-08-01,-0.7724420884779736,-0.49043625967401794,0.1112700962068506,0.3888944855937581,-0.13683354162066874
2014-08-04,0.38669979359199125,0.075918466622158,0.018008873841609086,-0.9663892392804605,-0.5738640461777232
2014-08-05,-0.5448417628796727,-0.36724551066554706,-0.47931979430816707,-0.3128730679160479,-0.31640282877740417
2014-08-06,0.04580418248937586,0.5227095493662898,0.1330130251905205,-0.332281784857782,0.18790046443771058
2014-08-07,-0.39818629946746253,0.5570416407628993,-0.7810155950408751,0.12043030546781239,-0.34208530106987206
2014-08-08,0.11837074032244461,0.11491759853939745,0.06522256429744015,-0.5681258871860619,-0.6457594508377015
2014-08-11,0.7964614432710444,0.05508446721108241,-0.4625615133543629,-0.9296062915247759,0.022545804988336034
2014-08-12,-0.10749952025351027,0.20646979280533279,-0.7664212686468004,-0.6414580283712012,0.0687064834007821
2014-08-13,0.26663963938911217,0.19531953163379184,-0.36268347702272313,-1.221663350792056,-1.1406962092787813
2014-08-14,-0.6782530678390108,-0.3486906307720551,-0.9251183024397228,-0.7817936729341918,0.5477356196991844
2014-08-15,0.33567787115367387,0.07578476968932189,-0.10850395551421169,-0.34915496880234087,0.09794573012003599
2014-08-18,-0.17062052555672405,-0.19074965289061727,-0.5038381833791241,-0.4577502808075889,-0.08943374207579333
2014-08-19,0.109520025171507,0.4564901694675096,0.3243472171325532,-0.566112648968254,0.16672743450118194
2014-08-20,-0.004246668281439051,0.6339614722167061,-0.9940009648723134,-0.40782858452580734,0.06084497419076923
2014-08-21,0.39959434972103325,-0.19318989064212605,-0.6205102563389494,0.4028148019927428,-0.07488032295574981
2014-08-22,-0.3085632329328594,0.19878138478628277,-0.5389775268208519,-0.48714897381675404,-0.21831533236473705
2014-08-26,0.2955392610798143,0.32389824798761757,-0.07190630189225693,-0.009772084133444403,1.0519845580583396
2014-08-27,0.22102163932510482,-0.5081853684090424,-0.005771144078490789,-0.20057427951112278,1.192839831413719
2014-08-28,-0.29382656009942193,0.3440317351299688,-0.5130344351550207,-0.6409927913374712,1.5703696235282845
2014-08-29,0.2013855701156002,0.13655115065043982,0.022328589545989614,-0.741840999353881,-0.3627017956624638
2014-09-02,-0.7158884712215421,0.32250549528806954,-0.14246386646897732,-1.0536583980445473,-0.6953225535842971
2014-09-03,0.0895811030547734,-1.1180928197355195,0.7850303330846078,-0.47522499503252863,-0.5799091344384671
2014-09-04,0.10564839007251128,0.8039833609061195,0.6651248996086246,0.19561227225526026,0.40516165749742394
2014-09-05,-0.02580644718312516,-0.43350653032422626,-0.23944532831886978,0.23629278609301055,-0.7184448235376382
2014-09-09,-0.18088201952746732,1.4640347976013515,-0.7453860447776988,0.856208096484758,0.16056047050386396
2014-09-10,-0.1429443827913651,0.07551516638453275,-0.25623419204578307,1.4679975225962076,0.5311660069897481
2014-09-11,-0.25686938028471873,-0.10980733951290164,-0.9570952912275232,0.3811294253114143,-0.2950261455383487
2014-09-12,-0.3570749014863369,0.3017102591231852,-0.9597573743809178,0.6072277166116569,-0.8855864961453201
2014-09-15,0.12000127712933821,0.5237615933982785,0.12333212252673227,-0.17262820334537846,0.420612829049628
2014-09-16,0.34254673822121723,-0.15075140689433,0.3935834426178073,0.5899611178138378,0.646145535674538
2014-09-17,-1.0056174672571838,0.5185244714245353,-1.2600556580281517,1.0120501633446,-0.8885627959771344
2014-09-18,0.07790314881396211,0.7237743518180436,-1.3445362704978323,-0.04686733985217208,-0.2082898668057409
2014-09-19,-0.736802435479144,-0.09766226023524882,-0.3407970955579368,0.5368848452540076,-0.546115187246585
2014-09-22,-1.4661235094075065,0.6839782361612343,-0.8223110874092533,0.767586599859462,-1.443984373805255
2014-09-23,0.1394972496385488,-0.25977077238522744,-0.1642042309196551,0.5888981011929784,-0.5161439413176615
2014-09-24,0.27207090286623004,-0.362247826512305,1.3900808853164155,-0.8507566178184915,0.8850584179159388
2014-09-25,-0.3936195363306861,0.1474705498685473,-1.1259790953389726,1.8904682423394243,0.748114218391292
2014-09-26,0.09632624185333676,0.79679566702461,0.21850599529332723,-0.07168059797254878,0.6461333019485209
2014-09-29,-0.1110726519455264,0.8757807143526971,-0.1472657979760734,0.47402453013093776,-0.12143706861957593
2014-09-30,-0.4167376168158855,-0.6805008550193395,-0.14074863475073163,-1.4086244248568447,-0.10756197513016268
2014-10-08,-0.06241579309583351,-0.46395316713970197,0.5095988387614505,-0.24450627511709555,-0.6393351423769951
2014-10-09,-1.312020592767438,-1.3369581380621613,-1.5186263189476188,-0.26905913135674997,0.45487008275349533
2014-10-10,-0.7492045058162939,1.306826411121075,-0.5121683314503953,0.7397413884233363,0.04870148844441464
2014-10-13,-0.5852647392249383,-1.523120478452466,0.17368801565383177,-0.9718333468256767,1.0040720781939123
2014-10-14,-2.298394953116392,-1.0794700522228198,-0.6577990902167677,-0.2520389780740716,0.8838010059288159
2014-10-15,-1.1281967050535189,-1.0997678047923614,1.4671555255086233,-1.1017267344785497,-1.674517503351184
2014-10-16,1.0150041998435817,1.2227999871534752,-0.3194170178331933,1.2524051682413229,-1.601917924336523
2014-10-17,0.7134438625890235,0.20481626848955733,-1.0030876602718608,-2.0709039162140606,-0.11911056065253137
2014-10-20,0.17195126068813324,-0.35426154313070235,-1.8602282301267372,0.3395792917719607,-1.056920524800297
2014-10-21,0.9198749683502464,1.1009075558641093,-0.7424841559156803,-0.3394531850159958,-1.8196274942198092
2014-10-22,-0.6776252360754038,0.037871834561101325,-0.9288806083223561,-0.4529221837750299,-0.3960778876440309
2014-10-23,0.40282553123440507,0.9155717765893892,-0.7731351099040924,0.15839051804407608,-0.3861902779097272
2014-11-03,-0.8967213880320515,1.0123559850986277,-1.400436768684052,-0.2408304724952796,-0.6132485483125475
2014-11-04,-1.3071348833501222,-1.1966475649034574,-0.4510783738505824,-0.4981404277495224,-0.36756216650381457
2014-11-05,0.6734406994694322,1.7840293240825011,0.06426698525995582,1.642985682931783,-0.47533944717808724
2014-11-06,0.3947313992121035,1.0502877310400978,-1.4868050914492688,1.2422463106400268,-1.870937474896904
2014-11-07,0.5383916005136633,0.1471607580695305,0.3752123248702619,-0.6499793221695912,0.29155955895229435
2014-11-10,0.07069760326221373,-0.7990422203748049,-0.9292105897609292,-0.4340932259973463,0.5091570017387613
2014-11-11,0.2515658768448024,-0.1474639287155908,0.16926064965209797,0.09288026741717562,-0.33960763037572367
2014-11-12,-0.25058197770557084,0.05347104464995837,-0.0779590122506694,-0.8884620554450847,0.04057848679587593
2014-11-13,-1.6058391908807248,-0.9038930906161691,-0.29984121143074755,0.269365908437885,-1.3316905243956854
2014-11-14,0.7732618277600398,-0.17665000402552689,-0.19090253439811142,0.9628530053062859,-0.2089152865266676
2014-11-17,-0.1749639235527749,0.4708191932691264,-0.10943862083300138,1.2636578589228389,0.8139055515170288
2014-11-18,0.2128892284700814,-0.937127003053639,0.1710246760297616,0.752543112639201,1.2056552202600979
2014-11-19,-0.3085560266015267,0.9882741522297315,-0.8552829997114052,-0.3081495579505427,0.861867656861301
2014-11-20,0.3646966886744533,0.1248977217030982,-1.0490109378233812,-0.46985737247994136,-0.1622582773771579
2014-11-21,1.0185647774999425,-0.3108602266746583,0.5026874715910491,-0.9179471512933073,2.7389030574061275
2014-12-01,0.8620699559322722,0.9563119353101805,-1.1649796927669334,1.2104568300495928,1.703173256042645
2014-12-02,-0.5558404129810854,1.252084515077595,-0.13196733880488523,-0.5403861660934913,-0.9238287747342963
2014-12-03,0.6929667895718411,0.4936373507422951,0.07758904236444696,-0.16463856545838862,1.5010119717029287
2014-12-04,-0.2560653590898807,-0.1665865655037685,-0.8723209171123832,-0.08901628869440545,-1.1119839499730795
2014-12-05,-0.6048198154793121,0.6976461432991079,-0.009627572691571105,0.3945303916983039,-0.13603009902163893
2014-12-08,-2.4096903240431704,-0.5463883034355028,0.20010767536057192,-0.17403249879962485,-0.2995743190512899
2014-12-09,-0.03529242126951833,0.19869868144103098,-0.0019371378169254193,0.5567177207160163,3.0025399802921497
2014-12-10,-1.8215872216263764,-1.0767088779583094,-0.27464647376515333,-0.4673830821849812,-0.658065458757726
2014-12-11,-1.425082945538978,0.44486186888190915,-0.054389596766598027,-0.3366529502034133,-0.4857814478515521
2014-12-12,-1.6130523210377232,-0.6015698138408015,-0.9332158844285195,3.2525293327661773,-1.4953365538965762
2014-12-15,-1.8505633531959882,0.06653200077191278,0.10522705021029428,-0.5521875830918559,0.8302640499086555
2014-12-16,0.6675602763267521,-0.6181969291280363,0.3240778472032516,2.249145602185302,-0.5743024640389818
2014-12-17,1.8413709803398335,2.918846207908977,-1.3431709273175312,-1.2216586384003032,-0.5136456792504673
2014-12-18,0.6664966634313423,-0.021233013005553598,-0.322619610186926,-1.631758470266939,0.6938759104870247
2014-12-19,1.2302312610614068,-0.22096998052484504,-0.907686339022366,-0.11690086721028445,0.5682050016283985
2014-12-22,-0.2996090745018706,-0.7381571338002215,-0.42182352678567114,-0.24851675039983853,-1.030996862779488
2014-12-23,0.1068442600437546,1.5958464678577122,-0.4676107002857937,-1.085488968990433,-1.7109252889338642
2015-01-05,-1.3551541065059,-0.372488704862362,0.5197388952999512,0.9639548343318147,0.6156537117455854
2015-01-06,-1.4973927985267699,-1.0569732829476222,0.20289647125641844,-0.2317607275560935,2.7770440891384327
2015-01-07,1.102884175786641,0.6138529250097738,-0.26785797343005563,-0.5014901267188896,1.208088403432015
2015-01-08,1.028151389253325,-0.16271843451726448,0.024871247939825678,-1.2902517035911443,0.37810114878358125
2015-01-09,-0.507505651877658,-1.5298570015031157,-0.14841022333283915,-0.18868615272336034,0.5978616391811733
2015-01-12,-2.346523231756006,-0.5647933474101356,-0.6652052274549641,-0.22145858013977573,-0.6613724624542704
2015-01-13,0.06946648951597897,0.2463406266395838,0.7242845864866985,-0.19038058930569993,0.8827225108797949
2015-01-14,0.6005778792368069,0.334511061503931,0.34057299051132367,0.0880232108024479,1.4284917096570944
2015-01-15,0.26175933789167666,-2.5288686862162706,1.457904458273602,2.3530372234207957,0.0012065827076906052
2015-01-16,1.4320149899740662,0.5633121918970727,0.6560561024742204,-0.2364620473306144,1.4041462776748688
2015-01-20,-0.5995915477707426,-0.5025930491952985,-0.1660938174905428,-0.34017180465503993,0.10059947121034622
2015-01-21,0.7238232908791892,-0.03144577982378662,-2.514821581414781,-0.7300464673227759,-0.1841958911131424
2015-01-22,-0.045880117625699074,-0.12690308408785594,-1.2061910247410477,-0.54487409804351,1.6356218149056136
2015-01-23,0.08549760518116019,0.8457659763054358,-0.5668824601554462,1.5688542468823927,1.947219423905218
2015-01-26,0.6593130581050163,0.36907232498162734,-0.53648419354872,0.12631393006133285,-0.39196120491411013
2015-01-27,1.235011849024554,-0.4523646480915947,-0.5910492328988964,0.48627362764102466,1.3629670784943604
2015-01-28,-2.221908367736521,-0.9149367110490074,0.1933666057613108,-0.7372302982378692,0.7307906758300099
2015-01-29,-0.08236992481113539,1.7847576643618852,-1.2566959565759914,0.5443111186356321,-0.339674982391746
2015-01-30,0.0965785729656958,0.33616814787676064,-0.6047125441989918,0.31927996664214064,-1.9668400293056079
2015-02-02,1.9614652124645489,0.23728987671321108,-0.31177725185488897,1.5998015858832308,-1.4272516225359857
2015-02-03,2.2784861278455852,0.6478706290502979,-1.300832177875838,0.056109087737770555,0.8623456353185075
2015-02-04,-1.8743659904428593,-1.7531705400673283,-1.469870487834906,-0.09374244285657231,-0.823059715996621
2015-02-05,0.7539313742087146,0.8301001590859904,-0.7028847863313159,0.2841060466186961,-0.856338800083891
2015-02-06,-0.3901681883790175,1.271572411947693,-0.17034004892920065,-1.4252760160267504,-1.142902285723325
2015-02-09,0.5023131872028175,0.23805126593955941,0.3158406544680708,0.19992259432334308,0.732057934127788
2015-02-10,-1.168601551863713,0.5817477165229855,-1.465274605120974,-0.6263798204628284,-2.692319704164353
2015-02-11,-0.5232264747465798,0.9750736088626,-1.099246077244504,0.18566980030340102,-0.9359619942376346
2015-02-12,0.5063061194614059,-1.2574845969701876,-0.4994025311598827,1.738680391883561,1.9173269602278187
2015-02-13,1.3964545666266006,-0.035600567335439155,-0.4467222479141862,-0.4889349740325928,-0.3956459616052234
2015-02-25,1.111040536210789,-0.37752244007148855,-0.22667528044865265,-0.03775029120586413,-1.5542650013811434
2015-02-26,-0.22475513165625613,0.8016815039899056,-1.425434536036035,-0.9479984744381492,-0.06067062188901788
2015-02-27,0.8003009124413502,0.19762613218081262,1.1987053534540313,-0.5826654053886238,2.1902488697071036
2015-03-02,-0.48966086185723945,0.7355988906728038,-0.7634330001684019,0.09695206021765224,-1.6287143546744522
2015-03-03,0.5468540133007515,-0.5312540751334505,-0.13210895839091924,0.4500432355194889,-0.605985853258662
2015-03-04,0.4551745105304921,0.8351133974135246,0.10186185047690757,0.3420155799922012,0.1377586552270043
2015-03-05,-0.3693634180450134,0.19574141376813162,-1.9691800403379593,-0.0776603386345023,0.2795374347143162
2015-03-06,-0.4351551116128858,1.3122969663095367,-0.8898947396332221,1.330837640266674,-0.8144928537491642
2015-03-09,-0.5700108002791969,0.4277829041751305,-0.5495561448252122,2.5989521115389733,-0.8078075175380022
2015-03-10,-1.3325924045322741,1.1408122747335294,1.0244681717110833,0.7190398647080323,1.7079102866863263
2015-03-11,0.12375785215783333,0.267036408342213,-0.5452256877460353,0.510843991909826,0.3857583449168824
2015-03-12,-0.35318999297776094,-0.9266089283364443,-0.6059242081234173,-1.2708575531628843,-1.3564411069422015
2015-03-13,-1.437730361408676,0.9968501036403182,-0.8272875728077732,0.8862515190257653,-2.42000170326314
2015-03-16,-0.020661877607267648,-1.0128708087663818,0.14967114480864427,1.437727527129816,-0.3549967550511115
2015-03-17,-0.4511758742165149,-0.9769559022133394,-0.570576860881358,0.48011095823736333,0.28832827745104084
2015-03-18,1.9744769003141083,-0.07922267145505653,0.20082339518272774,-0.6803952705182215,0.320724127950292
2015-03-19,-0.1167451597089035,-0.6498222147440648,-3.0408998180661335,-1.134764452045645,-1.4851632321013108
2015-03-20,0.9838115582065907,-2.344400086535332,0.8075290960344852,0.8797494731516677,1.684995015553078
2015-03-23,0.4712379992445127,-1.9696075747406052,1.100361589045466,-1.1356799598168064,2.014632447237328
2015-03-24,0.9976093593552083,-0.380913000925746,-1.0060621815006843,-0.44867167597061935,0.3480543366351433
2015-03-25,1.3432486069685674,0.8193430833439064,-1.0580992133425293,0.30190138619353096,-1.2055225692123854
2015-03-26,0.27168894573947394,1.6295460427147632,0.3934373415242942,0.1565665480869929,1.3355535081260022
2015-03-27,-1.6275172575381676,-0.21423203439961244,-1.8345135153890495,0.32924800035928253,-1.4849867075734697
2015-03-30,0.4992229839227414,1.900407287549274,-0.007352724335314595,-0.585432357773187,0.1487320078041325
2015-03-31,-0.2181022959704991,0.07721825224459108,-0.46008342640950955,-0.43560215392880813,1.5982151803989921
2015-04-01,1.1946377307501184,-0.6326964235483354,0.4357813976497433,-0.6730643321435054,0.43410520396904245
2015-04-02,-0.12167107075364586,-0.6182384816274189,-0.6985090250774324,0.42170522144272554,0.5720496070850143
2015-04-07,0.013617861874029948,-0.051046746468318915,-0.18587835380775233,-1.1336373264460409,0.5860696284011979
2015-04-08,-0.870393141363069,-0.37488117612521316,1.5819891204939232,-1.7752219958715911,0.35513755612577724
2015-04-09,0.36769762992850463,1.8484618968379818,0.3227533884797065,-0.5393309565795554,-0.10813884654316597
2015-04-10,0.26613018657600285,0.2247409144163989,-0.23462584095154998,0.13366689190217731,-0.3772663102930311
2015-04-13,-0.15798018036332587,0.651453750252748,-0.6170719459499935,0.9559331907275467,-1.5226788887810683
2015-04-14,1.6562295455957563,-0.5726042358046516,0.2881851797641269,1.053436305023416,1.567243784987039
2015-04-15,1.76739594695638,1.1832040731913933,1.8529049962441264,0.4595791541991779,-0.027741451270350458
2015-04-16,0.9541961189484712,-2.3341378382448132,-0.06035988907451694,-1.519336883805002,-0.19155811831120917
2015-04-17,-0.15818807131276694,0.2786937156373881,-0.7393429364244133,-0.46437374209489074,0.30983764564535826
2015-04-20,-0.11857926587902554,0.7923702225328004,-0.28787267906460157,0.6959969644653063,0.9931910771036444
2015-04-21,-1.1362607201318584,-0.3809399067755899,-0.8267793641097051,-1.318258400612372,-2.2877292745407125
2015-04-22,0.9171648084801661,-0.012586914663252903,0.19343257658846977,-0.15949216558420432,0.8432774713161743
2015-04-23,0.7798633105381154,-0.7756126992624522,-0.599754060891743,0.40932553375615377,1.7821961795449957
2015-04-24,-0.08293881750703729,-1.220537741885776,-0.09279690619653745,1.0961259065976514,-5.763835998559809
2015-04-27,0.68536470590932,-0.7390308526142519,0.0074326994314569865,-0.23266816623518305,0.3820541785965599
2015-04-28,0.7496538038779551,-1.256811409296261,0.011888373850619692,-0.7341151433664636,-1.1343750115118658
2015-04-29,0.2874661816620254,0.356373788636831,-1.3123388881880147,-0.40072181654585576,-1.3937412624070167
2015-04-30,-0.24152997204813487,0.7815937740808342,-1.8623541929201912,0.4617118314919333,-0.8825908641158976
2015-05-05,0.1671293920167921,-1.3246958697750948,-0.6037690688278048,-1.5377072092100224,2.129236964153709
2015-05-06,-0.26214929564563855,-0.04586005932995834,-0.25419463588468816,0.3983465652246568,0.5005831505002417
2015-05-07,-1.6611045967935292,0.6073020868603333,-0.2621421689004799,-0.40675322936071906,0.6313081875135863
2015-05-08,0.7607856263465866,-0.5030519110722201,0.13617656419685292,0.5044712582644818,0.7736628093302247
2015-05-11,-0.6155428233460808,0.42378792833630674,-1.2361466951950604,-0.033009988119233724,-2.125063829981118
2015-05-12,1.1654904773484998,-1.0481861340074745,0.7401932261715144,0.2157636629963736,2.0104303269707904
2015-05-13,0.7590398822048252,-1.5121382715449558,-0.8821160885084511,-0.9342374531118546,-1.500985529210832
2015-05-14,-0.5347526440608659,-0.26485165349780165,-0.6948957854952881,1.1780521729430544,1.5099241287906713
2015-05-15,-0.21374724861522226,-0.2511265255222606,-0.8720250198619129,-0.2694248181339148,0.2513764443154568
2015-05-18,-0.5410198594604629,0.9607689163259914,-0.4498005952413401,-0.5983527938251427,0.36450655609236765
2015-05-19,-1.0859685674486454,0.8307047277862663,-0.7871183916913803,-0.2067734728482084,-1.0302678613838174
2015-05-20,0.3802445792678741,0.09787851057358965,0.6064263477210199,0.16270860969858275,0.9943716107547597
2015-05-21,0.53207673144668,-0.8015566976333751,-0.7368855759609056,0.8602813131945231,-0.19764354141676158
2015-05-22,0.03998629206527574,0.837770361526941,-1.4741973541540268,-0.39851779523049125,-0.9777726551134245
2015-05-26,-1.6040576075912192,1.8182063003117994,-0.5347367776451806,0.7245935614535894,-1.7865287009675876
2015-05-27,-0.5221610077397888,0.2763685815541034,-0.6341478704530582,0.5723311657680422,0.2993284514390497
2015-05-28,-0.8874704558450819,0.5891033127276254,-1.2466954344856662,1.6466499085320663,0.39264521629024085
2015-05-29,0.8076513521768296,0.7618820072623715,-1.0745165668042829,-0.7150344818144005,0.9384738700002776
2015-06-01,-0.30529786735219255,0.5639624902542769,0.6048610831561676,-0.9177333874588824,-0.10459839125075235
2015-06-02,1.3481352169334007,-1.5192661409120065,0.3035385394701073,-0.5747370621936615,0.5561198099582644
2015-06-03,-0.18726930513806164,0.3724792326854407,-1.0778885712145554,0.571306441644575,-0.0699235124243376
2015-06-04,-0.6528931933282761,0.02327142531990597,-0.5538590382810672,1.2139183217785108,1.0594006740755941
2015-06-05,0.8515014505197546,2.4439603931426537,-0.7277561722333957,0.03791820362631783,0.7352066661870994
2015-06-08,0.1859901157680993,-0.8376626690894845,0.4922825399735407,-0.20254624810811866,-0.40144974687753904
2015-06-09,0.6030675875277157,0.1917507725131982,-0.27112934757144763,0.6491961304419419,0.8106409729690941
2015-06-10,0.44673188216014154,-1.3195570402243562,-1.0438108028192736,0.720916579546769,1.3394389696071538
2015-06-11,-0.5164438656225393,-0.3990621758261947,-0.08103955144044364,0.23790300118761756,1.1979519645206775
2015-06-12,0.0972328314534154,0.1687410479297057,-1.1004250205822288,-0.12485080352462624,-0.3878314730780724
2015-06-15,-0.39770725738328505,-0.4146255835085615,-0.30426099724348643,-0.3033412984182887,-0.011211125605988876
2015-06-16,0.1067137887710573,0.36572161088608673,0.00555699774181717,-0.2348639938830857,1.5185786349757142
2015-06-17,0.654842222500636,0.23072127339584939,-0.583573545553317,-0.46685386261313605,0.36848568454521247
2015-06-18,-1.1514038660114,-1.5666371972136832,-0.44362198896948607,-0.8305648865780784,-0.6617257091956318
2015-06-19,-1.9305494184184182,-0.10362969867133562,-1.1805190585082124,-0.42706364672313357,-0.6187540466167883
2015-06-23,0.5623888420013728,0.8593441686059048,0.3603587746672047,-1.2397795920404664,0.23079658687309554
2015-06-24,0.01745734444506558,-0.4851050810751535,-1.2740536192069936,0.0443446605456248,-0.47532620496376526
2015-06-25,-0.5108057221429929,-0.03385065533244651,-0.90332951930093,-0.41589067649946715,0.6800137772433422
2015-06-26,-0.50392653684825,1.9631268734207536,-1.1070469378797216,1.3162919188334892,1.1168301932637401
2015-06-29,-1.2616832944402654,-1.166463541994107,1.957655232784943,0.29822648237941074,0.41936826357971874
2015-06-30,0.647807676029973,-0.03089104256294971,-0.05946639866797323,-2.3094384024805317,0.38707384912843035
2015-07-01,-1.723122918873228,0.892100419235906,-1.6973405705139473,-0.059947575268271575,-1.5403190086634622
2015-07-02,-0.02360533043841756,0.14065096052563872,0.116938623965677,0.18629477839601183,1.5789635150958543
2015-07-06,-1.933205405160119,-0.5242244277499216,0.06437953095702931,0.0651556383153995,0.14041252307074142
2015-07-07,-0.8446957617848845,1.2811904001544923,-1.16377212619606,0.5998223626671408,0.07782333495734263
2015-07-08,-1.2867513985429495,-0.5195622504586421,-0.8688056853722846,3.3715428037246173,0.34226033857155547
2015-07-09,1.675645088472464,-0.04994827927471551,-0.4707773796074078,-1.3717706530217455,0.21468786613934515
2015-07-10,0.7562491532410801,0.15427730446571575,-0.8339497753858499,-2.2388825531925476,0.015285954551397654
2015-07-13,0.19707898536255664,0.20061604336930253,-1.167173979530191,-0.5254426651017975,1.6000851555229074
2015-07-14,0.20714257629141555,-1.249538786161369,-0.10963066612293103,1.435764522840973,-0.16419308738383637
2015-07-15,-1.4443067718312528,-0.32563954847404764,-0.3769872246401149,-0.15597516540708906,-0.07201742321129508
2015-07-17,-0.1369855140951106,-0.3082459187296053,-0.8818566193414299,0.7801456343097398,-0.35381190391512457
2015-07-20,-0.6297373588795936,-0.6432823688181953,0.3219606593943339,1.2976867269156511,-0.6154632695825705
2015-07-21,0.48704728818290854,-0.8201348309628896,0.1592679494787708,-0.5264565924469334,-0.5986298974050863
2015-07-22,-0.8122044632439858,0.5844698857136262,-1.3740014556807016,0.9073188549555463,-0.31084085084220553
2015-07-23,-0.21223790931837253,-0.47481770374445886,-0.5448211592355257,1.4818535232303085,-1.7400481364222944
2015-07-24,-1.6362123738747125,0.8693180614896995,-0.5539686492580455,1.4224067958765638,-0.811904340341829
2015-07-27,-2.125064268974316,0.5728256416477849,-0.28399397515665886,2.2122731306362082,-0.4180714128208391
2015-07-28,0.7040423823150903,1.221271998171079,0.05878235693634616,-2.0587394054805017,-0.47494154012612483
2015-07-29,1.399240415500511,-0.029758139437931107,-0.6426633869433015,-0.5335757417378993,0.5795316376451852
2015-07-30,-0.6185276011397157,0.7880234412045897,-0.8334265644227911,0.5778707354421128,0.5309832142293406
2015-07-31,-1.4590162472442103,-1.6089909082825196,-1.6810973459058478,-1.4849635809464534,0.8733752799155194
2015-08-03,-2.2616761431426453,-0.302832147837863,-0.8780802567177335,-0.1378814811258918,-0.3972985473605722
2015-08-04,0.6405653049218044,-0.6319858812065747,0.5297169472081051,-2.6286597186540352,-1.0546583499899855
2015-08-05,-0.3690764844430023,0.8437665621748689,-1.0880305154503471,0.3002302625813272,-0.8396189062963588
2015-08-06,0.41597379691918723,0.46161578736077385,-0.5602333802761106,1.6434757875341903,-1.33389847730689
2015-08-07,-0.6182405222425289,-1.6079928813549966,0.3877024593398745,-0.8120920652874702,0.10074960337278681
2015-08-10,2.174244087597599,0.42236649596983733,0.3304231962391272,0.8656763867512282,1.1451050182917537
2015-08-11,-1.4211231887595743,2.3829338816666237,0.7989013640450399,-1.864257799046948,0.5148512225902698
2015-08-12,0.5590568010239406,0.4242621527323759,1.3691939718131156,0.5363456389272001,0.2658608729001145
2015-08-13,-0.7177455008072468,0.005981827865995754,-1.0997301002607691,-1.694830620384471,-0.6431405099281524
2015-08-14,0.03953229232643585,-0.5642314776998082,-0.28590415775182754,0.20713885430901824,0.7765193504578703
2015-08-17,-0.14689878828385025,0.7321431969362053,-0.25397157118718655,1.5571253026162566,0.7839823255384536
2015-08-18,-0.9775898111821211,0.7153657549721333,0.06645331395700647,0.6639870540700443,1.307321705553787
2015-08-19,-1.7099012318853928,-1.0824866266715818,-0.2893723997329895,-1.0384262795464076,-0.7356230316850252
2015-08-20,-0.36180605534547056,-0.10410234419236512,-0.24106829531268498,0.026189761953014035,1.2587097771185467
2015-08-21,-1.6639505911786825,-0.14557277606297875,0.39316128245940185,1.120627518750053,-0.5089506547796088
2015-08-24,-3.6170819726304053,1.2743401232239286,1.5081145817699912,3.835913087131224,0.08302765084134936
2015-08-25,-0.6598979621988125,1.1773159125952914,-3.1761725314013285,-2.9468504109522393,-0.4030151621626361
2015-08-26,-0.06442883505637484,0.30296365362884725,0.65689464332845,0.10827453361794602,0.23572064076579047
2015-08-27,3.188725020621923,9.6910963525007e-05,-0.5042233924453372,-1.8226927997497178,0.40243793208955797
2015-08-28,1.6127071499674892,-0.4113543438016518,-0.964205087478394,0.63492276280835,0.4643938078222038
2015-09-01,-1.308742578552281,1.1445419446621221,-1.8952048768676792,0.0046804899355831,0.24508537472413716
2015-09-02,0.16959148523673903,0.5295563806594572,-1.1692209672291887,-0.9537705442116539,0.4711275101317129
2015-09-08,0.8602925990741924,-0.9209379075257752,0.08660877619606967,-0.28561176253166615,-1.5778123771373156
2015-09-09,-0.28640303247110227,-1.440322051150421,-0.3138503498629219,-1.3790252022242526,0.28570721588196185
2015-09-10,0.5672120471498041,-1.0621483670035874,-1.842421496416586,0.5294452131033728,-2.028110940884598
2015-09-11,-0.48788032474411347,-0.4236420928963543,-0.3925563734785114,-0.6034323935698174,-0.23285773834222415
2015-09-14,-0.6332164620338822,-0.5907976657929367,0.7839360693230547,-0.8391327173856333,1.4400490499410115
2015-09-15,-0.11728765435562405,0.8064369652430207,-0.33552975880757663,0.6976293897768561,-1.3781191037976352
2015-09-16,1.9873966177158613,-1.3457469354827953,-0.46190636270300095,0.37858328221158016,0.7665372228482763
2015-09-17,-0.28429760675973037,-0.002161789366490865,-2.5629223130462453,1.0704695986560613,-1.245202225624169
2015-09-18,-0.8767089098468774,-1.8421588308738137,-0.6242927568234701,-0.9969570041102505,-1.1102044209294073
2015-09-21,-0.11950948478107541,2.7030562232987587,-0.9476389675659285,1.3421473358918397,0.2244872314879373
2015-09-22,-0.5460883009285573,1.1646227009809131,0.7947983463345764,1.0206440954253915,0.06316542151696164
2015-09-23,-1.0871942695044905,1.3540567470709322,-1.801155961037729,0.6570511349882762,-2.1073682647656606
2015-09-24,-0.7430350509292787,-0.657779007403731,2.5232865234143196,0.5399648089237062,5.871241502694319
2015-09-25,-0.26177901779393004,0.17347501922919328,-1.3788477191833628,0.36784407031963745,-0.356052653425127
2015-09-28,-1.8146025289870464,-0.7032104322670449,-1.0688156460178655,3.05161931775507,-1.5878729305211714
2015-09-29,0.08655791304148976,-0.3986966731859396,0.4678551596085347,-1.1188139676244035,1.4645770142127412
2015-09-30,1.3027457970558627,-0.3819247596696644,1.2553554495126134,-1.1757361246634424,2.3939958452578085
2015-10-08,1.401199538006659,-0.08614701402415242,-0.12244172498926627,-0.7248685999748091,2.2151188650521667
2015-10-09,0.27608765330025065,-1.3481042007979749,-0.09361759923278305,-0.3314324504740086,0.5212801663303348
2015-10-12,-0.4680123031959078,-1.0538294056616422,-0.7117647748364365,-0.8505752733376312,-0.5045152088345201
2015-10-13,-1.6274230460812111,0.9202004575192638,-1.3773514977232009,2.005751689633007,-2.2806678155825013
2015-10-14,0.1731740551754287,-1.1206048867457021,0.3811598656006086,0.613286808527489,0.9861575842841448
2015-10-15,1.2513869641925486,-0.5762545283470866,-0.10183441328202766,-0.25039974643701063,0.4910875818042177
2015-10-16,0.1243482290014749,0.6360747144432858,-2.3653432840821536,0.7363977042923914,-1.7208844890516504
2015-10-19,-1.349452612272977,0.6386530619540794,-0.26776240118131467,-0.8830842922692941,1.3896830308574288
2015-10-20,0.6546170300998411,0.6184470674375196,-1.1234865880375613,-0.3528444763714276,-0.6427332208626122
2015-10-21,-1.6216977819853315,0.4996187875833527,-0.9812610049953261,0.5376196771191836,-0.5726352336935704
2015-10-22,0.13181788388686091,0.4417147583147076,-0.15368698396980837,-0.31671567934137207,1.3210752980434017
2015-10-23,-0.024457252554180506,-0.12768847576493125,0.12671832350766682,-1.442726820726432,0.6753418855356198
2015-11-02,0.36647061591965574,0.562729689408923,-0.2593892367642428,-1.0122446048590699,0.11044509705976073
2015-11-03,1.7862832678492555,-0.2978860920492652,0.9535094971856538,-0.31059068165423875,2.0711230979339526
2015-11-04,-0.5035241814396623,0.1144270438821681,-0.21257506028438697,-0.22121526746295006,0.4098733968037431
2015-11-05,-0.1783635671327027,0.18254260315422796,-0.6249162102464496,-0.5434986811443655,0.24235039732150904
2015-11-06,-0.7231063072219148,2.1609889081059266,-0.5327645940686634,-0.41714495053194967,0.7008454404691501
2015-11-09,0.5194799215003154,0.06892768760598801,-0.5363243786423133,2.239844079978368,0.9607878774487908
2015-11-10,0.18991531730715436,0.7763036199571612,-0.18134137185063937,0.8616611052569392,2.093161940585211
2015-11-11,-0.7859266928805887,-1.5887362696983645,-0.710381492604663,1.0279127126176333,-0.13668337296255423
2015-11-12,-1.1508409300241016,-0.8898448470871145,0.5374198193869187,-0.23747872669395342,-0.8926594821319513
2015-11-13,-0.6034561458527687,0.44708426993470707,-0.5868308841045338,0.7852841681276412,-0.6359469070337554
2015-11-16,0.8843769495761081,0.9719716006633313,-0.05367106420287349,1.459813210476907,1.2824608913968885
2015-11-17,-0.024436287348610784,-1.4343502502092949,-0.015451107473352479,-0.3191922662849017,0.7897423478896668
2015-11-18,0.11112805315220507,0.4887533943987109,-0.1676415877825716,-0.37368098116393866,0.9451026243145578
2015-11-19,-0.03672794752353254,-2.77884303978021,-0.2855043788391017,-0.6603143286560298,1.8281926444135068
2015-11-20,-0.3470126481262054,-0.7076053241459861,-0.1608315453052325,-1.2914787760159763,0.648693908730955
2015-11-23,-0.4690264701921557,0.9287855439542586,-0.9491088019222482,-0.14418176992609502,-0.7385451235565591
2015-12-01,0.4047422384508671,-1.0952443124462676,0.8851369448100367,-2.435181528266348,-0.4346456148320225
2015-12-02,-0.8312386385835111,-0.017006040463848154,-0.007452554290906525,-1.872574802545854,-0.40892724383466356
2015-12-03,0.7258477571422844,-1.5679792659249676,-0.7548426994641433,-0.4951724876131965,1.2223936549568462
2015-12-04,-1.7194643415036777,0.8899174327406533,-0.2116595487927258,-0.6054152832218029,0.12608120621090813
2015-12-07,-2.47385660396754,-0.5805887495522258,-0.12677545047315197,0.5240033816321392,0.4071113445412227
2015-12-08,-1.5716745994275059,0.6062735375940312,0.3445955805956453,-0.36343768333121396,-0.9384595841213051
2015-12-09,0.5449622838419232,-0.3090119404038448,1.3993202433918919,0.6835445326968997,1.3543414597607784
2015-12-10,0.3590224194706861,0.7417738121760009,0.7877780968519217,0.40513053809694394,-0.6482845729645456
2015-12-11,-2.4056459957192837,-0.0484760633935188,1.0978610351691793,1.672202108826591,0.44882968766987036
2015-12-14,0.31914698589164625,-0.44590429430641826,0.05712762948890907,-1.3946274203050875,-1.041584235772601
2015-12-15,1.4702485064284299,1.318787953393706,-0.7494185614008194,-1.5386370581642939,0.1433855111072132
2015-12-16,-0.7065205040392468,-1.7611824842166275,-0.736656599469765,-0.25568173948698236,-1.6716590671631057
2015-12-17,-0.5836786986120602,1.59105446235904,-0.49989281718827505,-1.2129520043657398,1.4374083519569432
2015-12-18,-0.7980125503310014,-1.841923684691232,-0.7837187230718743,0.8068031763632263,-2.196621763716966
2015-12-21,-0.819962900591929,-0.7805647899714309,0.3389574699140952,-1.039616064982532,-2.9330721942935734
2015-12-22,0.7573819514366169,0.2909255517172314,-0.01913612575642772,-0.7578471392785768,-0.1488813341987161
2015-12-23,0.979671832389287,0.6736106383552425,1.1899113922766789,-0.408425142391115,-0.6981430349186944
2016-01-04,-1.173798706772365,2.8151615013431073,0.666509151854723,1.157334007118071,-0.6529588512173581
2016-01-05,0.00023948708488967188,0.61198824376217,-0.1846376494318426,-1.6932526658263627,1.6370511263140313
2016-01-06,-1.9326041096005313,-0.18492950257547788,0.17895438154063006,-0.21910545993717215,-0.011778033148241464
2016-01-07,-1.1960152201740615,0.9921016446054278,0.7689375656438922,1.9323048325995742,0.15577978864483485
2016-01-08,-0.3214236640899535,0.9200292141414649,0.5282143059925701,0.0324924824696909,0.2552722343703303
2016-01-11,-1.3301474750620885,-0.2482186011497773,-0.874519124289675,2.4261865430216116,0.27747715852864674
2016-01-12,-0.6227136856670179,-0.24741918668095256,-0.18403633369759176,-0.2171306701775311,0.4267504317094984
2016-01-13,-0.34742975225675876,-1.1197401108099299,-0.29934143320271117,-0.37316619161400605,0.8989514227928752
2016-01-14,1.2529322087891166,1.2587061677609401,1.286079068454492,-1.8115474943629604,-0.909510858102807
2016-01-15,-2.6227449250777055,0.6234416241655528,-0.32069932240430676,2.0420489678028164,0.607394294490225
2016-01-19,0.029611281899147343,-1.2194085243920465,-0.5488163950063935,-1.7481296615318034,-0.9701925225308885
2016-01-20,-1.0970420743002045,0.33804643271301865,1.9049211575754164,1.4117827729614356,0.9086849945815498
2016-01-21,2.0142873796710985,0.7262447508103577,0.487919344363065,-0.9964879625015716,-1.5862119396264869
2016-01-22,3.0351848384814946,0.47357601019237877,-1.171505310303749,-0.5806833709763397,0.8875852690736193
2016-01-25,-1.8025901529454385,-1.3915580439396533,-1.14778129387657,-0.7155861971786048,0.4517157071151893
2016-01-26,0.8398337020747587,0.5768987349882336,0.9424788306133948,0.5067414616126572,-0.025118630470094376
2016-01-27,0.7056451585653642,-0.7991121421912798,-0.7447514209776419,-1.335344333537476,-1.4886114479319068
2016-01-28,0.954656456859709,-0.026829460501371714,0.19557735732491327,-1.5746942519933158,-0.2640607001627379
2016-01-29,1.0589254210647303,-0.10122742263720393,0.08403820094127329,-1.1818418926857028,0.6637137152507167
2016-02-01,-1.1368166927454952,-1.3285976106199864,1.3135858250659702,-0.5203776901476848,0.3318269464323701
2016-02-02,-1.6127527036662432,0.17166566730171115,-0.2310066076029941,0.7783285662417969,1.0739365914573389
2016-02-03,2.1391248228130486,-1.1127778854525812,2.239382340052924,1.7684957363191083,2.548774487535673
2016-02-04,0.3328669560835035,-2.3176827296793863,-1.042649543058595,-1.1791868560778018,-0.33331862661519635
2016-02-05,-1.5780060889816634,0.9300268857297064,-1.524365380530762,0.8609304030172155,-0.13293389589971144
2016-02-22,1.4706935567308117,-0.33360337846806143,0.21758846851330715,-0.8793272786839059,0.8256366273456079
2016-02-23,-1.3537185600608614,-0.25786957664736765,-0.735016804775431,-0.289523625839721,-0.11658838657113607
2016-02-24,0.6362167602526997,1.1361853737582854,0.8991128404481774,0.20591226575788502,0.6020623449025875
2016-02-25,0.06754992376673634,-0.2096810122677168,-0.56427582530518,-0.10625187528213276,-0.39264941111059587
2016-02-26,0.6921337765168791,3.00473301411057,-1.0803622262538235,-0.782657005937472,-0.21757911159645388
2016-02-29,-0.14596381509148837,-0.739227782640746,-1.4191571073593214,-0.8508242143064133,0.4710589130538612
2016-03-01,1.4679804311754967,0.3184111783286548,-0.8608946352105128,-1.9716136626842689,1.3032690823237199
2016-03-02,1.438700095325304,-1.7930519663136593,0.033982798823112795,-1.5455655670979072,0.3511440484899628
2016-03-03,1.1961395487959843,-1.3526114294543206,0.38561440331202496,0.22746283564916694,1.7661733166576863
2016-03-04,1.514162220654406,-0.3571111796007156,-0.7493109906401638,-1.0966424733311044,-0.780486581546249
2016-03-07,1.2646127692739821,0.20882944718713775,-0.686665213455522,1.1387946302640517,-0.2160463857575709
2016-03-08,-1.6750393258715084,-0.8314319115151118,-0.027440585852667797,0.35625140640625647,2.0154994501996426
2016-03-09,1.0684050949198518,0.11867396119681316,0.1499217478010984,-0.6559183373885276,1.2014827191631532
2016-03-10,-0.8353918093630632,0.1632501954003241,-1.0414353254399982,-0.48438959646495,0.6203444594420786
2016-03-11,1.538842468729798,-0.4156892596204929,-0.7271566987762946,-0.7203856410901562,0.22282448842813707
2016-03-14,-0.8136036203022056,0.5502265359944407,-1.730338531574388,0.9290254569868002,-1.1575561973546284
2016-03-15,-0.9646699211225045,1.5890391238928174,-1.2553578597811892,0.6167914908146798,-1.0269545566540854
2016-03-16,1.8234412830421947,-0.40132818847166624,0.013412475704415429,0.31409359542890347,0.3239507548093637
2016-03-17,1.606750323322257,-3.4563889605145577,-0.4223612917048777,-0.6204790776116548,1.395382792518437
2016-03-18,-0.27271103299244387,0.5068738240531541,-0.947898811722379,-1.9208804451976325,0.27648016952972565
2016-03-21,-0.32838738446401483,0.06486006641362639,-1.2468722716121976,-1.9871272539357494,0.3580738445511105
2016-03-22,0.07146947898536705,0.0119987586869339,-0.5743743026974937,0.3819024122396785,2.173808721765048
2016-03-23,-1.8559925343791048,0.5090821618391971,-1.071445137420688,0.5398763112081834,-2.5407688930760024
2016-03-24,-0.5080055534004648,0.8211589279337885,0.12490063159845846,-0.037673471644928985,0.6598116527468648
2016-03-29,0.2465931387576477,-1.772063363727277,0.07495518650263046,0.7460450240803249,-1.263831233375161
2016-03-30,1.5794495338385102,-1.3304383189996951,-0.38631290273650565,-1.3007908740983125,0.5531578743881216
2016-03-31,-0.09538048245530702,-0.5384036620925466,-1.1548813222588996,-0.28245390673654835,-0.6661679726851631
2016-04-01,-1.0186211861609198,0.5312110650584831,-0.2126272812855032,-1.6511407020366404,0.20264421772297636
2016-04-05,-0.41068445715565055,1.492243015353831,-0.8844842493282895,0.4112443291875155,0.369409909273282
2016-04-06,0.8017788004078775,0.10469331147915438,0.2708723333430117,-0.25666432627452695,0.27684503313823394
2016-04-07,-0.43603010796319525,0.5278493281489983,-1.3467268326588704,1.4887963617442983,0.41904689425190134
2016-04-08,1.4568223594334442,0.03854351359938908,-0.01580871795301459,-0.35536817403123,1.6672693788604325
2016-04-11,0.6346071075592745,-1.055702738288938,0.486836579291721,0.5059616400041517,2.0789207820123514
2016-04-12,1.5018436936936221,0.17039068910129376,0.17412635763133322,-0.6411089624547276,-0.12531393197372317
2016-04-13,0.03504672416391052,0.019320384559130894,-1.1384581060832504,-0.8439436337977126,-0.9644449683334024
2016-04-14,0.00027895610056198383,-0.46265540056910015,-0.13311460635530717,-1.1441986860696913,-0.4928416694178123
2016-04-15,-0.7554477308321565,-0.719983621078768,-1.7502842430565422,0.11755088323339517,-0.8014929313748078
2016-04-18,0.23036382165902203,0.06149332593357668,-1.562729548742454,-0.040706928265617816,-1.3748349010707648
2016-04-19,1.7242363819482798,-1.1262044853111477,-0.27668709709035844,0.18287698884375264,1.0645579597772012
2016-04-20,0.6172131284839433,1.4097710987657721,-1.2007220664668266,-0.5920285929799093,0.6599880600702421
2016-04-21,-0.6210209559449795,0.06747292587776203,-0.8702895065037757,0.5988573575595594,0.4075712369443915
2016-04-22,1.1756652355416244,2.2182221123119987,-0.9785714097829212,1.379908208070816,-4.964245041970314
2016-04-25,-0.5337746870756716,-0.3331060835021238,-0.23504013098814602,0.4664850722647985,0.5357359658919555
2016-04-26,0.9083918053040563,-0.06786596219510971,-0.24827148568561197,-0.37656695795261746,0.17510218151300355
2016-04-27,0.416533618613011,1.4396004469809922,-2.0013553718707975,1.2913522514713092,0.3008397919053516
2016-04-28,-0.04733744206637352,-1.7482736416182527,-0.14808455277496668,0.3763107117598947,1.6562011175832307
2016-04-29,-0.013675318642265627,-0.33386175334916945,-0.3243232679491952,0.5420300119913686,1.8984272524789163
2016-05-03,-1.8574571230788606,1.0723833088491521,-1.517576189161482,1.1090129171897154,1.1713406197852
2016-05-05,0.4960267824221349,0.4887400023268236,0.2129915034236553,-0.7197987750253005,0.2516230219636912
2016-05-06,-0.5761193449252859,0.7558911146731404,-1.285618512221277,1.4051008977496608,1.7055390378709911
2016-05-09,-1.4528982155904449,1.0706864021541862,0.17190187938066964,-0.7714048648678168,-0.6486321822798115
2016-05-10,0.7517307991559078,0.018078538950777316,0.40164296810118855,-0.5346299891675688,0.8016523218462879
2016-05-11,0.647245741207322,-0.4197309465598799,-0.554104418197112,0.14564218564111592,1.2283736441778432
2016-05-12,0.09449265990655865,1.4236342580327317,-1.123534287823915,-0.4208839091914364,-0.747595668017044
2016-05-13,-0.9248985044194196,1.0247691959464382,-1.0248972314384521,0.9193743220245115,0.48760818483958024
2016-05-16,0.9537636846179983,0.6964314219794632,0.5554361361617334,-0.1732255027105029,0.8030956141242073
2016-05-17,0.5063337599344597,-0.672346143171992,-0.1316184476199064,-0.8918341312649442,-0.7642510592090693
2016-05-18,-1.5107429284639304,1.050294396296605,-0.9408041381393744,-0.8899078611317607,-1.0438845818840468
2016-05-19,-0.2509786899335681,0.9864705583663267,-0.34244993840340393,1.2733654965774848,0.8342003120620741
2016-05-20,0.33505549437039495,-0.11278086187731438,-0.5494718293503225,-0.6880621148050714,0.4296704954124891
2016-05-24,0.12237174254128284,0.5189293824546894,-1.1598633548575379,0.11633689086961808,0.7898016368517355
2016-05-25,0.6905709217110353,-0.20076566828468845,-0.3237799417372837,-0.10186251374231922,-0.8269190389701563
2016-05-26,0.13103646038235967,-0.816873241245827,-1.5011517995547823,0.3352197869076875,0.2797301465145297
2016-05-27,-0.2642837891750526,0.12409163769801813,-0.5601138915239247,-0.7462001228405263,-0.1468475653164612
2016-05-31,-0.10968667495083766,-0.14906893293510037,-0.34655627226173064,-0.41589206601699164,-1.1215337980310536
2016-06-01,0.0792349192550662,-0.3283421442406848,-0.1563599847140405,0.39005982269091344,0.4093671203799585
2016-06-02,0.10184038432187777,-0.30972441515651655,-0.10609254302776712,0.12579231493415874,0.8915052964554554
2016-06-03,0.8355542596156669,-3.2654266538204655,-0.07344605522288286,0.475929691678848,0.7442754525335982
2016-06-06,1.366489329928518,0.08769005892539099,0.8946830728685973,-1.0370745241912358,-0.45549663740335733
2016-06-07,1.4354306375759096,-0.3941896003183308,1.0252317207457895,-0.5090086392121089,0.7051027841653499
2016-06-08,0.14479501781223172,-0.9664861987304797,-0.057401267786962945,-0.4144751605081009,2.333499601987891
2016-06-13,-0.8058437456509332,0.26898830947235824,0.335669714600434,0.051544232405714006,-1.5778132395544613
2016-06-14,-0.13089799878697192,1.419402826881308,0.7358714908422768,-0.08233089704916417,0.2254035473102428
2016-06-15,0.21456448064300518,-1.6180408069489371,-0.6695903999426418,-0.20515951919776992,0.027898169401213948
2016-06-16,-1.0711654049603563,0.02849937793011332,-0.005084971920990088,2.0899455111399345,2.3579888527501818
2016-06-17,0.740245805504921,-0.7621817533149439,-0.13379739563122028,-0.007608580828182292,0.9283261555420214
2016-06-20,0.9544800426678608,-2.073533547459747,-1.5347916582222958,0.45310996557620326,0.2673512922384381
2016-06-21,-0.23495875223885127,0.05860304200596416,-0.4743887818726041,-0.12523918295661726,-1.2961757314528155
2016-06-22,-0.39654551833203894,-1.6285761268173349,0.5708584732197398,-0.7069325724178811,1.466951052442635
2016-06-23,1.28028351030066,-0.22339951407466083,-1.1469600301842533,-1.7139945457641346,-0.21534190966467504
2016-06-24,-1.9972014892042491,4.153445466543153,4.190886485102627,-2.0914970388501204,0.12808283830775488
2016-06-27,-3.1171910868213013,2.037146659900335,0.6745301390847984,-0.2186233405049921,0.4466805216605938
2016-06-28,1.5471958040932798,-1.0753860395113988,-0.23832600691248468,-0.7224210906788308,2.057603847331625
2016-06-29,1.8338469030548115,-1.7212133839353925,-1.1339099799567622,0.33140964242867704,1.3110023515029658
2016-06-30,-0.05816955643285695,0.6240737955530682,-0.15058326052057355,-1.2276863071469046,-0.2563755067230249
2016-07-01,0.9604436195322551,-1.4143062315819463,-0.8787707981597266,-1.0187627881858117,-0.3753613594475003
2016-07-05,-1.561771618527635,-0.08629305874651823,-0.49988098558289096,0.3532417025993481,0.08168990782776402
2016-07-06,0.35272522559903235,0.18951232122383807,0.8869588695753574,-0.36563956943416004,-1.1810924079524594
2016-07-07,-0.9877347281282551,0.13595195048308079,-1.5965974079032612,-0.0760512968428741,-0.24386971018576037
2016-07-08,-0.25530049260582516,-1.0166030971722788,0.38169145378577907,-1.816590430669267,0.3566340025352963
2016-07-11,0.42406758307039805,0.06404519890602996,-1.8215081651465257,-1.3253584886558643,-0.8683605306621658
2016-07-12,2.009183081304233,-0.14485569885865865,-0.10025893585822221,-1.690100994445124,-0.5221168543860106
2016-07-13,-0.5660067608912724,-0.48755009569023816,-0.650235080517815,0.9434452998691968,1.2971783059422826
2016-07-14,0.7899039564710924,-0.03385305186547593,-0.8444107951904656,-1.1592350613313631,-0.3845215198314753
2016-07-15,-0.7244423264862725,0.8026007660315088,-0.6404424853497572,-0.9001400312746458,0.2120318301144668
2016-07-18,-0.06755793569849727,-0.3353414671460799,-0.3880523144538839,-0.3407737375681235,-0.8429111029650803
2016-07-19,-0.5517633422942387,0.8254924617553818,-0.7966924205310685,0.012754947332248495,0.8884294818728912
2016-07-20,-0.3172637218372275,-0.27965476747528617,-1.0876062672679665,1.100339130552828,-0.7510071543358159
2016-07-21,-0.583623197622999,-0.983185643613027,-0.6233248043975681,0.1440522773609209,-0.2153566632802946
2016-07-22,-1.1304788686999891,0.2108756029534496,0.6369156851194484,-0.4909242093521171,0.07591499634590572
2016-07-25,-1.1662528445363698,-0.6721226265276701,-0.7094296545180453,-0.3284019951977319,-0.6179989831683033
2016-07-26,0.08167537839348608,-0.639215591676854,0.1844998105363978,0.23219815402105898,0.6358145459525038
2016-07-27,-1.0971344787310726,-0.08051282133100567,-0.7211472746709755,-0.2846203559292084,0.648311370403199
2016-07-29,0.8153341685889998,-2.5386805896061486,0.02660152053790072,2.8149110334846434,1.7576359923210991
2016-08-01,-2.0409702475883464,0.009217157438027798,-0.8879778392027474,-0.9152934453748611,-0.3857938690198385
2016-08-02,0.5243358471649191,-0.4557130335456497,0.6900091657148382,0.6194911388748564,-0.08126535432188
2016-08-03,1.083203858698122,1.2562061431987792,0.04326274578323573,-0.11559410995333552,0.9345651451738932
2016-08-04,0.5632070358886622,-0.7077807656907119,-0.06461686803545559,-1.2619795847140787,0.8111320224209847
2016-08-05,-0.4407338780847207,0.36380133583300733,-0.4280013917798514,-2.527051000158977,-0.35091618573373484
2016-08-08,0.8363173004258354,-0.022732270736413585,-0.9170297890930487,-0.41749961810288266,-0.44234960835846604
2016-08-09,-0.13637418987566657,-0.957917410854391,-0.8534373870063787,-0.26202101643579656,0.9480774501514619
2016-08-10,0.1185976510660075,-1.0908795380664331,-0.7909469344880427,0.10099848321055871,0.2639956586005605
2016-08-11,0.9436573025117613,0.701819084575796,-0.423645944999689,0.10370349767789065,-0.21398835712103711
2016-08-12,0.1760460229915117,0.9801494534967112,-1.1798295538625858,0.4436564833179247,-1.0487686454853775
2016-08-15,0.5121278964807254,0.043327695110255623,-0.6199261760399777,-0.9547285329201123,-0.35502920381368497
2016-08-16,-0.031512099361745594,-0.28116097566995313,-0.1980841894903771,1.1896877274654303,-0.20109490753396378
2016-08-17,0.3570141113498107,0.6514627460556689,-1.0687051022976455,0.21616277219342847,0.1535766006005449
2016-08-18,0.8876304693611508,-0.35798487403644763,-0.8574565565332869,0.661268436949172,-0.3910895062434291
2016-08-19,-0.475246222265574,1.0076799988261933,-0.13700134464644667,-0.5417467019083085,1.5878732424051802
2016-08-22,-0.865373460830861,-0.2399054616012627,0.019195520311965076,0.24154274324617564,0.1714446195754566
2016-08-23,0.37490245821270707,0.5813606474110634,-0.59284490200525,0.7908898300609147,0.3425284037378364
2016-08-24,0.04448931811360179,0.4714995378495684,0.7950256461261206,0.3269627060470436,0.7757262846458073
2016-08-25,-0.055108800232893,0.04450175465913368,0.09441233984031884,-1.1485598116304998,-0.8536077324985613
2016-08-26,-0.3233103893261159,1.3146896892813806,-1.0822914855529213,-0.7602421571197903,0.03604868443049478
2016-08-30,-0.4743978762130522,0.6077544035650838,-1.1083575449734682,-0.13796259996435434,-0.10210240094301593
2016-08-31,-0.7661409123160053,0.10395299263763391,-0.24441934838658078,-0.30633851133712764,1.0321183581755158
2016-09-01,-0.7066196884178859,-0.9519550688229086,-0.7091127845632019,0.3385885806589361,-1.0694271685785481
2016-09-02,1.1340953430980885,0.07037874148166365,-0.41599143128284566,-1.1449858606921175,-0.1575857071259846
2016-09-06,1.159524708545902,-2.608809181596789,0.05611276136480995,-1.0408949415911073,0.9119663234844478
2016-09-07,0.34524798173439153,0.14993241273053132,-0.8266468404723724,-0.5143784110957111,-0.11813597004648316
2016-09-08,1.2765689258937578,1.378364224158592,-0.5908060409429399,-1.6615859949438319,-0.9748819130815229
2016-09-09,-1.5535262870634206,1.938659470314947,-0.5396722456040736,1.4131893043037074,-1.2283692359622693
2016-09-12,0.016491459198256356,-0.1047572924091268,0.17229043343527733,0.7696423396179196,1.1493556565675451
2016-09-13,-1.1221224736821096,1.21884901958613,-1.8332152457977757,0.3195276080418178,-0.8262710806395754
2016-09-14,-0.4458704420604829,-1.101949601486821,-1.02147479722395,0.13150913727615032,-0.7774199504395388
2016-09-19,0.3162847737814557,-1.0886278902679318,-0.04031791391323749,-0.5904831308106065,-0.8336679442361963
2016-09-20,-0.2554487103353769,-0.32965176271798835,0.5181398360393508,-1.1274196691725207,-0.5485340171893784
2016-09-21,0.9642522460142062,-0.9020015227196599,-0.5573068751828674,-0.10390693432339942,0.5270299330080033
2016-09-22,0.7342321414427925,-0.9620673909512237,-1.3405192258458147,-1.604321303505652,-0.2963344643482639
2016-09-23,-0.46607505176485514,-0.2471622896527334,-1.3061826090739819,-0.4798003301180967,-0.9216278642224452
2016-09-26,-0.4512492395797432,-0.1686390062565976,0.5704491564131373,0.32656393028374137,-0.04231884061030689
2016-09-27,-0.611636980778053,-0.5521888051335574,-0.5477108676586756,0.10293983743319635,0.9122066931999264
2016-09-28,2.2132100230685445,1.316891504516733,0.5657449401061423,0.01175568625842989,0.5818752016556212
2016-09-29,0.23126799404413872,0.3905821365634576,-0.7831019221882451,0.4531820978199476,-0.6366733211264983
2016-09-30,0.727760057186985,0.04489589949738955,-0.39804706059964046,-1.097152238352959,-0.24378779317670504
2016-10-10,0.891066150788527,0.06844580773529643,-0.22867712064499887,0.14403135757504562,0.5084994496929309
2016-10-11,-0.31853968113012304,1.861783154047374,0.2558286879351497,0.4810775085415083,2.309654293923426
2016-10-12,-0.155447242118296,-0.3841177581258689,-0.7697373980736549,-0.3499007805809064,0.5288291473574523
2016-10-13,0.27907348964938955,0.20301189592707908,-0.14824609914642856,1.2183794769927945,1.324885928185823
2016-10-14,0.1522283388249787,-0.31175566933492327,-0.38573054106006516,-1.2063503119877679,-0.5663051574936696
2016-10-17,-0.056401571878807934,-0.26649380028266495,-0.9942399853909885,0.04136758872767382,0.8983523483406186
2016-10-18,0.15264186851396172,-1.2249336100618684,-1.066481536678457,-0.1356746541343717,0.6009864513502408
2016-10-19,0.8684222703010571,-0.7189970669362684,-0.7287145373514705,-0.3638558628430367,0.9258980300519956
2016-10-20,-0.5475618506886771,0.7380618006891251,-0.9850706529908779,-0.053396857272319756,1.1561106693469256
2016-10-21,-0.7410272043577147,0.029321187492695498,-0.6724573139000727,-0.4962119633370517,0.09225744089058646
2016-11-01,0.344843880942001,-1.0250448541548065,0.6816436685309102,0.601190373082229,-1.331677345709995
2016-11-02,-0.5849149384666188,-0.535434732577076,-0.3103811321701189,0.6867673633241154,0.025225920494344134
2016-11-03,-0.1903518750569161,-0.14898887165353303,-0.08553003936404248,0.768874849508233,0.8760795021498801
2016-11-04,-0.6476603431744113,0.642587666656069,-0.2601554254439865,0.14414544900653736,0.7162897280497106
2016-11-07,0.8548824861979053,0.15557643802381713,-0.7544009336805827,-2.611131646592363,0.09117733100879248
2016-11-08,0.6761369412648721,-0.312409995208831,-0.24893169909390522,-0.5385597886846936,0.3686686406672982
2016-11-09,0.1922598178959113,2.459595174620372,-1.854181985671227,-1.8552871892999405,-1.202054248570788
2016-11-10,-0.0026370501113903056,1.2153025535837418,-0.6810404349334321,1.872657298447811,-4.275994802810347
2016-11-11,-0.8962931253019225,1.0575622315670685,0.1977961367466805,3.421404597027506,0.5273142337539474
2016-11-14,-0.4793153795872357,1.8495731624227172,0.2293925893738386,0.5735855720425767,0.8171225707134511
2016-11-15,1.3578853252360819,1.7891562642915695,-1.4120825406649165,-0.36735886310187893,-0.5690091219226959
2016-11-16,-0.3797841665855211,0.8404597919299024,-0.6590812944338036,-0.6339345579065916,0.8412086852032067
2016-11-17,-0.38128286765894814,0.4379293318172414,-0.6402697960870584,-0.5948496239613811,0.00792746346063353
2016-11-18,0.21270226348562504,1.451542946979725,-0.06187518289464862,-0.9338146412497937,1.1654841247744747
2016-11-21,0.9152860885015714,0.06208926153225668,0.2308706065075279,-0.0859898833148897,0.3564058907929046
2016-11-22,0.3390709063391462,-0.5879288656848728,-0.37945693919321166,-1.2470594112676276,-0.8307067566845701
2016-11-23,-0.16999397600608443,0.6641785927801414,0.456834069366474,-0.35370857506008385,-0.9444525608840149
2016-12-01,1.3635780478412836,0.436773301825885,-0.4512765438050872,0.9087064506593581,-1.1418916356800273
2016-12-02,0.32669674685271916,-0.7623874390954882,-0.3015221497997041,0.6773364952030291,0.4465332604160011
2016-12-05,0.21098466986227982,-0.6176364488162271,-0.7719260967141314,0.023070702253986674,0.2118672688137483
2016-12-06,-0.05142552764139971,-0.16556751234330974,-0.20259882559153752,-0.7111947508296388,0.5309766124062281
2016-12-07,0.095686672708752,-0.9182250427446611,0.40075026154208243,0.24925022907047695,-0.19151277205727055
2016-12-08,0.937234502807034,0.914907772558671,0.7384458792819204,-0.5144348767595982,1.599437844925388
2016-12-09,0.25342236598460427,0.20271925797548856,0.6541983721005096,-0.4447412697734013,0.5496329166610686
2016-12-12,0.7867201179366576,-0.12891405935352848,-0.3074589414888974,-0.5918837640340373,2.7326470343617495
2016-12-13,0.17845912860167304,-0.20148253905546795,0.35030829283249476,1.1754075828441328,-0.1670841009133993
2016-12-14,-0.9602363266083194,0.48535031714232946,-0.9916948939238684,1.0264709223474613,0.314106933277251
2016-12-15,-0.25436259527568583,2.692860884388973,0.20401569824518248,1.4906183557168011,3.1758087973841285
2016-12-16,-0.4731153329368672,1.1862652162384792,-1.0632679395423956,0.6099039323022587,-0.15820442723579062
2016-12-19,-0.23125855501012024,0.04489171959885729,-1.2933167600955178,2.0933874216113058,2.448120594143003
2016-12-20,0.8047928450359693,-0.18153202970972124,-0.5318064708901983,-0.2996695275286859,0.7986308009167331
2016-12-21,-0.42567481909530114,-0.4102392320942569,-1.269233142904703,-0.7292613037087275,-0.9705045676193665
2016-12-22,0.13042478339404248,0.41342861953769566,-0.23950035879292336,-0.5456829514546457,0.5382200986654421
2016-12-23,-0.4999302088990112,-0.047909846757831324,-0.801279658686398,-0.22174248845628663,0.27488062436137856
2017-01-03,1.3351746467800147,0.09092958702335843,1.2339263467242867,-2.5218875345773646,-0.738277968416156
2017-01-04,1.0591833326383504,-1.2442743572561465,-0.9759296420755897,0.7769062999536398,0.3673342588430225
2017-01-05,0.7341176659269808,-2.568918128425893,-0.46982232636326254,1.865351389297033,1.0878338747833654
2017-01-06,-0.1910620422782725,1.926221151990177,0.400507583995889,-0.9453420243177163,-0.6858869627965253
2017-01-09,-0.7808833545833789,-0.7573817379818591,0.757005434808952,-1.3640517681153117,-0.17048992456334505
2017-01-10,-0.38817045545310475,-0.6087220589861871,0.37278451775492705,-1.034874462025894,0.31081055885008085
2017-01-11,0.9055343680844583,-0.2648278662215361,0.6892117491175763,0.12270085034841702,-0.540400490950442
2017-01-12,0.14437366465601642,-2.108058761476877,-0.48853194269315814,0.18509517372172496,0.22890337816812523
2017-01-13,-0.04979684305094648,-0.06491572248792551,-0.1331035060374559,0.36383588522668436,-0.6741308855043766
2017-01-17,0.6138430113507063,-1.429465624747092,0.2619134007708755,2.108503602618063,0.9394914090643168
2017-01-18,-0.5665137178811844,0.20822641837316985,-0.10834248750180353,-1.9010020631802924,-1.0949085744898268
2017-01-19,-0.3081511890787205,0.3002955241866998,0.16934453618128253,-2.4720144978920384,-0.025620916245843117
2017-01-20,0.769555000887963,-0.1015600143383278,-0.615735529512588,0.5265926029108274,1.915105362329778
2017-01-23,-0.36905280680102165,-1.812354906141379,-0.059449352899249075,1.511935223425749,1.0520935770580322
2017-01-24,0.7725178245350197,0.20529655350979203,-0.3849687320914299,-0.07862056873213182,-0.07604438267768988
2017-01-25,0.45633619899676936,-0.08397399447986044,-0.2427887921811951,1.1998707982106158,1.6880833080367528
2017-02-06,-0.5653957105400917,-0.5354522364202461,0.6144614135744626,0.6861362568981361,0.28506096047238505
2017-02-07,-1.6789544997904315,0.15601114592150278,0.22604259341350982,-0.6831268135525679,0.47532074706079
2017-02-08,-0.6255544959802729,-0.39149885086689945,0.7458518359020448,0.03156910113310055,-0.032468035423942845
2017-02-09,0.20962835470861285,0.8394942313802648,-0.858685945319896,-0.8288171024483424,-0.9677516767841624
2017-02-10,0.7262852731019446,-0.4105025908165948,1.4497766279319064,-0.6525186866596059,-0.18750734358819285
2017-02-13,-0.2758512723196135,0.3038002946212163,-0.259710444221285,0.17932146381331449,-0.09106715284265779
2017-02-14,0.15171069588198502,0.09972133454603384,-0.02303985620726053,-0.41052339603474924,-0.5112898299473763
2017-02-15,0.6633086381034554,-0.6835567166273654,-0.11009543245966172,-0.004194969551113963,0.15285765433188667
2017-02-16,-0.3090859304352478,-0.8431748610998627,-0.7388806610783387,0.43270595461321804,-0.4135100913672985
2017-02-17,-1.0373478451172342,0.692723128474458,-0.2797573623022421,-0.6376783384915801,0.024651998056151335
2017-02-21,0.27469509908472983,0.3215509107427908,0.24269848739288932,0.4671706646481667,0.6469010589961093
2017-02-22,-0.8232261766870371,-1.0103155996166884,0.060233347263915056,-1.040143452596505,-0.1234744022788183
2017-02-23,0.35691548377830956,-0.10812319352342191,-1.0394670086975084,0.6388891256252538,0.5644281558679118
2017-02-24,-0.6503101035491395,0.5155450670802427,-0.5298472290189812,0.8914909348837138,-0.7500390016633836
2017-02-27,0.03891378239076968,0.3237147070880562,-0.4048539003489252,-0.08085238367439027,-0.27536900741064396
2017-02-28,-0.5676233094128738,-0.31682904420167846,-0.5755794048952108,0.7889435221324853,0.668734456509169
2017-03-01,0.8391626000535218,1.2013804674948387,-0.3965734295479782,-1.0111548221338509,-0.0858769113747934
2017-03-02,-0.736043282504063,1.2957870001946894,-1.7332964262416386,0.3159244703007137,-1.1015025750778802
2017-03-03,0.0013021255748200916,0.04235391480270202,-0.6016799638756493,0.34961550250916335,1.2098084845791515
2017-03-06,-0.14787544905097746,-0.048418722539792555,-0.990105253774765,0.38533310552239297,-0.6943508784298198
2017-03-07,-0.026036822344086767,-0.09308034045244908,-0.2464627664174547,-0.3872118622270125,0.7103953388196765
2017-03-08,-1.6586934544532224,0.40040277911733346,-0.2875376879235194,0.17870693478517893,-0.508462909450534
2017-03-09,-0.17380078060993073,0.5039941159497352,-0.23923054869444438,0.850709353587896,0.17280503722878632
2017-03-10,-0.5200953016718526,-1.079693939602434,-0.5390937871292855,-0.8421781822605099,1.0402789420688516
2017-03-13,0.08467800998342616,-0.14279222870226294,-1.080854896222712,-0.8441305941907788,-0.3783909037374754
2017-03-14,-0.8953229213761851,-0.12965650418044541,-0.19728946400097613,0.347286268786381,-0.23194478546272485
2017-03-15,1.7213975676683753,-1.364402260650433,0.8403062100358845,0.16519300108658042,0.27966461882887583
2017-03-16,-0.2622541352061821,-1.152410287945237,-1.605553170814141,-0.6949078925801736,-0.3072527266923309
2017-03-17,-0.1794125218225979,-0.7205384101647851,0.46496017320755856,-0.6220108238161014,1.1073093269554461
2017-03-20,-0.022983906423777244,-0.5643467695273677,0.41138916843424433,0.2548443282457483,0.5610424831306201
2017-03-21,-0.352015821342842,-0.6515189288494276,-0.7356837566991348,1.178241588730752,0.4371090229584137
2017-03-22,-0.25863159085997106,-0.21855703940608115,-0.5255374024149434,0.7318976254799759,0.8371062851217821
2017-03-23,-0.5301400471557574,0.10237790245160144,-1.6070762094676916,0.4070107440084778,-0.6797349726882179
2017-03-24,-0.25219336249443486,-0.4746049641795303,0.18324222769285547,-1.1737107119508108,-0.2660983049086271
2017-03-27,-0.23874249173435022,0.10259842263323056,-0.926641862192342,1.0330907677845103,0.527848435774026
2017-03-28,0.3810533715324818,1.1037300747721155,0.3370050267435788,-0.8243677531105991,-0.4091275612144104
2017-03-29,0.7419278398766093,0.4958459873774247,0.42669116973589194,-0.5419538335004092,0.8874893124288532
2017-03-30,-0.24649233339009033,0.5512206971619196,-0.038862241995141725,-0.05946943101802007,0.46079442329714554
2017-03-31,-0.17649239798876248,-0.0830738784019332,1.5642945476691121,0.46490961159599353,0.6896189719415903
2017-04-05,0.037609225821074614,-0.4585632600362058,0.23390682814122965,-0.2541794120363151,0.03712886489844501
2017-04-06,0.3435796496901242,0.536836240013425,-0.4849161754869206,0.14283027520013963,-0.05341883276834537
2017-04-07,-0.2193444095964958,0.8012262126395587,-0.25160640031897546,0.20018834064147648,-0.22461088143236282
2017-04-10,0.35347106514386556,0.5752016114051414,0.9293560859165236,0.6675563916641075,0.7806289570999789
2017-04-11,0.09848501399002457,-1.0378095473285804,-0.4393792281069562,1.1920050140048346,0.6876136364325325
2017-04-12,0.003323711578770079,-0.11335147796350696,-0.41552194757291705,-0.6550006193574751,0.47663545839904325
2017-04-13,-0.6036646356763821,-2.3980537629280354,0.01179136833790106,-1.3439015943185935,-0.5406251960982883
2017-04-18,-1.3377973757593074,-0.7950433382884148,-0.880076047470253,-0.09812970380860724,0.5729920549015908
2017-04-19,-1.0804922607419083,0.4701744283750391,-1.3613758012994357,-0.7897064892106007,-1.3343303518986125
2017-04-20,0.4144242276055147,-0.31013981086115894,0.6616979544248449,-0.16349192932231357,-0.09386155096310997
2017-04-21,-0.4146809506748473,0.1449436372828225,-0.21391757313759696,0.5299360715602617,-4.101233350975972
2017-04-24,0.3521779511165332,-0.5898658796601688,-1.6680564898316255,-0.1727397130807853,-0.8747644269221456
2017-04-25,0.003125104286917095,0.1375728246133009,-1.2227826752301807,-0.8503690071231507,-1.556672763131495
2017-04-26,-0.6603328120974561,0.8242036180729628,-0.7475595875201324,-0.20726145292049436,-0.47850663244662917
2017-04-27,-0.5154093154612918,-0.42512442632064495,-0.6614179721190567,0.5553249998489601,0.44697888122890705
2017-04-28,-0.07127200970438369,-0.1295990447967002,0.011448827412058639,0.01617283802265231,0.7486136603813006
2017-05-02,-0.5523021854405087,-0.7822095208196203,-0.2457897656820895,-0.27532337558875014,1.0330110415453033
2017-05-03,0.08048862352748004,1.2311010816396122,-0.7750018113975523,1.5958873196447447,0.6611298503352678
2017-05-04,-1.3969562657651762,0.13064484539235943,-0.7537433514070754,1.171937478999356,0.4730215098281205
2017-05-05,1.1592333828845238,-0.1646226519320946,-0.4838710514537008,0.6431239364004021,0.7049214386513399
2017-05-08,0.43633597532201196,0.9629753646348959,-0.40760698515771665,0.34115759478230845,-0.066017075335047
2017-05-09,-0.5015748095430972,0.771091136942581,-0.6596430462090114,-0.4265021829466905,0.1063622469490759
2017-05-10,1.1224167390170048,0.21621700750047193,0.207430148241201,0.022194710505313773,0.5322035460279352
2017-05-11,0.025371680486614506,-0.7049017114923631,-0.7435295583115009,-0.4581781744130272,0.3164988630474286
2017-05-12,-0.766396629761271,-0.6800645758449957,-0.4349992571327016,0.04534184177377785,0.6312000627263459
2017-05-15,0.3901787156685815,-0.3669639118568482,0.026697514092167873,-0.044132382784226265,-0.612508668722907
2017-05-16,0.11317182255920438,-1.341269747235334,-0.7880992229477334,0.34079613214305793,0.6910156799699468
2017-05-17,-0.3419424403674066,-0.6189959481436171,0.5327880382366412,1.6773369540161573,0.39690765161120495
2017-05-18,-1.052974563554262,0.9312645512687159,-1.5843375199911127,1.855799772546451,-6.1106925523193425
2017-05-19,1.6681989906541044,-0.512462936371718,-0.17781726560408911,-1.644623140696667,3.222099436200177
2017-05-22,-0.12821028505339258,-0.14355690572469634,-0.4117609241087448,-0.24039997151927872,-0.1445919747843434
2017-05-23,0.06384672894637064,0.4008077231203786,-0.3080035146076507,-1.2998564232452214,-0.6742324777157092
2017-05-24,-0.01160006035995106,0.03163601293278492,0.059774008807611176,-0.04839287801825913,-0.2991153609106797
2017-05-25,-1.215515614470634,-0.9198937373151972,-0.8104833198202437,-0.4331037479478775,-0.5689876589054398
2017-05-26,0.5691266244800073,0.15869878691593056,0.002575370648826273,0.2845610457142168,0.04988992692476634
2017-05-31,-0.25746432819543896,-0.8109788700721422,-0.3732853238692746,1.854276183478452,-0.23070160920665592
2017-06-01,-0.15942607022138758,0.2662117826113141,-1.2039138892081067,-0.11021759412715729,-0.30061481900217907
2017-06-02,-0.5553404895973141,-1.828048316317478,0.4630544879258415,-0.5198436561191749,0.18204101019668065
2017-06-05,-0.0400864236607567,-0.4079905976543088,0.6677564215138492,0.4436658004853751,-1.2972140558485359
2017-06-06,0.5485658869521947,0.14318639449197626,0.9374075692381911,0.656569118507084,0.6482395889725537
2017-06-07,-0.893400592170447,-0.7839006969929918,0.5300933947381589,-1.4765605871858143,-0.03412767424352359
2017-06-08,0.006622467395297642,0.15269407133811186,0.06389357771456942,-1.2468047899672239,0.12871525057702737
2017-06-09,0.8670319012414454,1.2307533471596772,-0.7464462344855578,-0.4418059374368559,-1.1875020084221037
2017-06-12,0.3652662533302091,0.8162603354418037,0.2526239302643797,-0.03181930406929237,-1.2540244462983325
2017-06-13,0.5069986760969268,-0.003869715947963519,-0.4181769422456695,1.0153117566511367,0.19521018242886498
2017-06-14,-1.6317201451654912,-1.6734026104098354,-0.19312602977762486,-0.5853378848947512,0.8191819105494509
2017-06-15,-0.09086503478699057,1.4629410665357447,0.21598987900737854,-0.08970154283234673,1.44055612224384
2017-06-16,0.5013485167869037,-0.07499552642857943,-0.47593464745862457,0.4844956495039961,-0.44391757854994235
2017-06-19,-0.7141124957711562,0.07701929482378543,0.5456528477606337,-1.180466672129602,-0.690711566659912
2017-06-20,-0.7469375097238272,0.006769934237144181,-0.32042437082405206,0.01806139249816183,-1.3629380878646293
2017-06-21,-0.6900863304865457,-0.311449111433286,-0.7963016078181518,-0.41185745898754,1.0212356190290912
2017-06-22,0.32060913340815433,0.12108332522688446,-0.17507215446216676,0.020980633590836677,-0.03855642779008144
2017-06-23,0.28731591888072316,-0.5043393072333618,-0.43618074003479546,-1.0205804548226654,-0.035361401386960714
2017-06-26,0.08919423033386976,-0.034253467723860856,-0.3187828536135687,-1.7678937905502818,0.7926019077083764
2017-06-27,0.7785493343431471,0.08657151400873617,-1.238188019480867,0.7683670120285662,-0.4045592829778546
2017-06-28,0.65148978164071,-0.24292656822492653,0.359762727791829,0.3455791511309925,1.2919281152995008
2017-06-29,0.4655504641291804,-0.004166247867538002,-0.5794107363808891,-0.4554928633295778,-0.3900771485568627
2017-06-30,1.0180775946656557,0.40935408779731236,0.0074082962359522,0.44384889003801775,0.4069079345918175
2017-07-03,0.9546494253157984,0.8904046453631657,0.5671166703443851,0.29342716477925135,-0.02576674880899061
2017-07-05,-1.0467849489370502,-0.3703549367882645,0.39783359133944296,-0.8838376020748889,0.3997966994146677
2017-07-06,-0.2882842931736675,-0.18169635144314705,-0.8964836333939544,0.37938414314370134,0.18769070198715174
2017-07-07,-0.04301445099221002,0.38772491663212694,0.41989651113577553,1.0825168250904387,1.2455386075407235
2017-07-10,0.03617728329220136,-0.08303886149328024,-0.7258700349022716,-0.11297132984259807,1.2591359152901778
2017-07-11,-0.15028710786850852,-0.44222805649264124,0.2434037322220344,-1.5978313832653723,-1.4704810915288564
2017-07-12,0.5391352123307263,-0.9055771456231239,-0.22284230545274408,0.21577936197401992,1.466854577531223
2017-07-13,0.5925682062083442,-0.5899489487945191,-0.5127361035511306,-0.8340632922820299,-0.4581744396283088
2017-07-14,0.3035130661954811,-1.3843520249269345,0.2080976129135371,-0.8036705823920282,0.12935133528127446
2017-07-17,-0.23525554410437638,0.07000427119058082,-0.7694315846032289,-0.579660387718791,-0.4869354045812888
2017-07-18,0.6138248501769428,-1.3875243062594003,0.4300590901058628,-0.5355345240785077,0.26829029738629906
2017-07-19,1.0878891439863805,0.15288276795767936,0.059220551319629264,-0.6996486818778141,0.36347810653072593
2017-07-20,-0.1363704384406306,0.070518268626799,-0.0912516251035096,-0.28949414983813593,0.5307575739436307
2017-07-21,-0.7704258073351303,-0.7553283652992536,-1.2937564709097378,0.5148442065819592,-0.3811019229398308
2017-07-24,0.21960726815260628,-0.08544405094873155,0.5167919653047639,0.34606200071223786,-0.14787170351876883
2017-07-25,0.9854297128069077,0.5797507634643214,0.29774340006818456,0.20816438584776611,-0.8109250221727391
2017-07-26,0.5656042079779303,-0.5414874838031615,0.2655616537132326,0.5512397159316584,0.7175510368961378
2017-07-27,0.019214393181648984,-0.3536365286022676,-0.9100658849099668,-0.3291660423878635,0.19415415393023513
2017-07-28,0.4085529288967016,0.028619901972810037,0.06931741566184811,0.27949755911806695,0.5635607824441826
2017-07-31,-0.02983949369677865,-0.33083271555186017,-0.23589862880658696,0.2823922410778346,0.012287913786822098
2017-08-01,-0.5449617971565197,0.1301885870318387,0.41352821460196676,-0.8188841715985868,-0.49097080970781676
2017-08-02,-0.0852326189759702,-0.09130605659376825,-0.4954043394544702,-0.4621078227998783,-0.3260991211101824
2017-08-03,-0.6176027378008573,0.021426490384411984,-0.197816920928313,0.510301507822598,0.6990364861676059
2017-08-04,0.35530866508158937,0.8825581323964395,-0.4501003321792993,-0.47384633635828044,0.12242679628923983
2017-08-07,-0.10765046466138375,-0.9254516659366662,-0.9907862609947324,-0.631560166486136,0.001280596469337803
2017-08-08,0.2035651625080592,0.05882771985273132,0.24308676632844695,-0.2350575992715366,0.29363639740375935
2017-08-09,-0.022975596008198623,-0.22757473222445024,0.24638606375076458,1.3535338624761069,-0.5069512612853073
2017-08-10,-0.5024824633612471,-0.6250611060561937,0.3468691461098596,1.0936032251767718,-0.26600947930264945
2017-08-11,-0.7852771417230127,0.14767313010028746,0.08351850552826798,0.1997832098504071,-0.7477620096487249
2017-08-14,-0.7851949365101362,0.3870890313926222,-1.3591456401036384,-1.6420296717117382,-0.7070645410604237
2017-08-15,-0.027003208940063212,0.8173255711182075,-0.06988624888865613,-0.5056251754881586,-0.11999209008455995
2017-08-16,0.21356985649404558,-1.3698523887318605,0.2964761395447985,-0.6052361449946444,0.18328452514617152
2017-08-17,-0.1778162379213933,-0.6556255855588194,-0.8424350738668839,0.44782980291099667,0.4162308493774113
2017-08-18,0.6043520358120038,0.3652068442038636,-0.17814982876317054,-0.4521544040695354,1.1682978781616304
2017-08-21,-0.17981501848657216,-0.7979695109299103,-0.20103751592616137,-0.14712461740011307,-0.5506729360900231
2017-08-22,0.13585768915649396,0.8041955583335406,0.10847638611151542,-0.5830711278288249,-0.39195637432031444
2017-08-23,0.5013933911641312,-0.45126729326472453,0.11937811834477947,-0.016419658664026008,0.8227580973559364
2017-08-24,0.16826789040323242,0.19459066667092773,-0.6993384280048367,-0.44350955772124495,-0.3500463671139412
2017-08-25,0.27111036299484137,-0.4186752483371851,-0.8869479712586988,0.6993957779310825,-1.039767649851305
2017-08-29,-0.037246829192467135,-0.19969770192730069,0.08520006635543714,-0.28934382414168225,-0.9159412632698511
2017-08-30,-0.5351939156098263,0.62357099791697,-0.8177800737962403,-0.23657252897636405,0.7868087323323517
2017-08-31,0.9910611021871921,-0.35192150953695134,0.19477334144087874,0.13397650967728206,0.2672562563478522
2017-09-01,0.9366920462081411,-0.25208901461524647,-0.08357213709907615,0.6373637148188515,-0.019269910732619105
2017-09-05,0.575292900865699,-1.25658441527485,1.8715429523102758,-0.48739712868268,0.5330638764576463
2017-09-06,1.1751351148156606,0.9244786776366102,0.5817106637531321,0.13496977210696828,-0.3739360865018079
2017-09-07,0.46575464783869586,-1.19177691820508,-0.33520507250950315,0.8257967675192982,-0.022205151693125886
2017-09-08,-0.4004276163752122,-0.3701682024775541,0.2869636467552479,-0.32922133791359703,0.7575368564902963
2017-09-11,0.2238535614107461,1.129537473943521,-0.4217639604336799,-0.7680664434278941,-0.29803080126042203
2017-09-12,-0.03982600649464031,0.17800781764383436,-1.1988937657796515,-0.7200426884524153,-0.7389605695619016
2017-09-13,0.45788340022722834,1.6258452155294427,-0.06697411040949175,0.09582887777067751,0.41666465822592375
2017-09-14,0.5057257120367208,-0.5770927594125896,-0.3516557562150868,-0.08505847043834695,0.39270000168707453
2017-09-15,-0.721823354249555,-0.4163210156080321,-0.8391459006947417,-0.2253732096693105,0.8508172671599805
2017-09-18,0.14376082905119789,0.6111652281385581,-0.4816315689370813,-1.0941637372399868,-0.6426944318373016
2017-09-19,0.16423348962974196,-0.3902769460587742,-0.35102269454266277,-0.47956814779782153,-0.4151167864861608
2017-09-20,0.2311988264696739,0.29150900712211436,-0.09336184069783628,-0.6399214535250564,-0.32874296696896393
2017-09-21,0.17618011851881848,1.233482349715297,-1.4354678526623716,1.0620671425480828,-0.012858716070600556
2017-09-22,0.0435661971371856,-0.49558234186726857,0.24270931015377628,-0.22613165760150275,0.7588985057940565
2017-09-25,0.5385708561666274,0.9683614142933438,-0.007449289391578258,1.1429169146727898,0.12866906098133907
2017-09-26,-0.29135101957592524,1.4755449788896595,-0.23519302752501087,0.23395606831687968,-0.10157550154512891
2017-09-27,-0.25494838816227905,0.783474974211687,-0.1990201644005661,-0.6790955635050716,-0.679982301287834
2017-09-28,-0.2746758555341553,-0.19945317154760947,-0.24239201395661678,-0.4064988444812842,0.7478273488422847
2017-09-29,-0.4120012964781253,-0.03450792919565318,-1.2186698420899893,0.38582911349662224,1.4154266431155575
2017-10-09,0.35468916790397964,-0.34098745201594977,-1.2840039922839377,1.1191234033112003,0.07193290094256574
2017-10-10,0.5061492312905982,-1.3952007793650643,-0.9724408269897905,0.6990489900431426,-0.031899595267280256
2017-10-11,0.2121952424377623,-0.3036032779142355,-0.731134994393744,-0.4163917960135245,-0.019586334593278396
2017-10-12,-0.13517441953932618,-0.9469145446692441,-0.3324878991946951,-0.8630729368735892,-0.18822488911378152
2017-10-13,-0.10189003874832635,-1.1614084383722338,-0.3093441681562482,-0.43035565759803895,0.6687517713410628
2017-10-16,-0.09157346895715854,0.4628563556509569,-0.9345903211362108,-0.7043421951395676,-0.3820541403638615
2017-10-17,-0.6575499299908004,0.7010197435504982,0.29135534067282015,-0.05759522297485497,0.5894730656273607
2017-10-18,-0.01454320158527804,0.5379169403981123,-0.33393021205596946,-0.6731437412884762,0.4522011714932512
2017-10-19,-0.2631631085562429,-0.7181786489876809,-0.6058889721547412,0.3202777682432195,-0.3347663027327548
2017-10-20,-0.1709129780031762,1.229717306467103,-1.1903639335337275,-1.0810832262968866,0.24005327624048767
2017-10-23,-0.3712074607725926,0.3271650491644278,-0.7198960425899951,0.29487744844543695,0.10429006544940596
2017-11-01,0.5829139117731059,-0.12507836720819562,-0.5123461673058013,0.41960924121573906,-0.27423297434519756
2017-11-02,0.0604144183025322,-0.46702890307424366,0.44281535059185356,-0.7595096801044094,-0.4508083287949166
2017-11-03,-0.1932277201899946,1.5442307489281095,-0.2809181342799207,0.1586123464863014,-0.5806867594999671
2017-11-06,1.31526506660914,-0.4409753944229098,0.7084244089297255,-0.1033221994831626,1.1887483941927421
2017-11-07,-0.4079897491632823,0.2317108198079429,-0.03180352641575348,-0.028077620514923327,-0.3892386255485521
2017-11-08,0.056837902234381114,-0.774598445234396,0.21532918842642057,0.3026697614265314,0.46058468207550357
2017-11-09,-0.07194476184473451,0.34039461397904175,0.5053024272297963,0.8666086359074138,-0.42609682020112855
2017-11-10,-0.4511457563228772,0.753959450228533,-0.1230304626682343,-1.0009466550282913,-0.6547615314654367
2017-11-13,-0.48168635930188936,0.35585668157653366,-0.2784107459779776,0.15329700065811608,0.5502385323220063
2017-11-14,-0.8802002129619048,-1.0681791132733445,-0.7867838606499387,0.9361807362492254,-0.64787847520206
2017-11-15,-0.6293759783183125,-0.2505531765554516,-0.21276622839472561,1.2746069537223088,1.2395257063070437
2017-11-16,-0.26407263391782476,-0.2014561041092622,-0.78150685418053,-2.485667724965776,0.16754478544619814
2017-11-17,-0.27980422013476036,-0.481650023280174,-0.3292493996182165,-0.8027494718164832,0.652239686608429
2017-11-20,-0.3238014415307923,0.6013458555425505,-0.8972622823900736,-0.4284050538922966,0.812336348685672
2017-11-21,-0.01226005630245084,-0.41206129042191886,0.014010682740591064,-0.8795808299491911,-0.7160791495561257
2017-11-22,0.7155560032709984,-1.1142000636948628,-0.8606903229598729,1.18530943050773,1.0550513487013542
2017-12-01,1.1357080222178955,0.3871122601462489,0.8399483380642365,0.2670653280074182,0.5678602331327804
2017-12-04,-0.2963094957588771,0.3425250558663717,-0.9350252483552087,-1.6457369784770393,-0.248909625601463
2017-12-05,0.16259671774496817,0.06572085133393396,-0.4024912676040608,-0.08103749075891127,0.3337120980046819
2017-12-06,-0.7468381845972476,0.16989666207665952,-0.6511939942405328,0.3178634913813163,1.3119841778070096
2017-12-07,-0.0893294891994904,0.3672250696265793,-1.0087041668644774,1.2897428009930259,-0.5968528618964214
2017-12-08,0.4761711531181552,0.18051218682971354,-0.9487616974551217,-0.964259764350533,-0.017042592047406567
2017-12-11,0.023430655988906975,-0.511614530063527,-0.5576105349446283,-0.7387048379357303,-0.6061482393626064
2017-12-12,0.06882678631107453,-0.06543724174630124,0.07201813703516596,-0.2627336767000019,-0.24848777856456616
2017-12-13,-0.36873904641991995,-1.734979588141078,-0.26291983471265795,-0.1784733422263362,-0.5800401032433523
2017-12-14,0.22555507620345133,-0.8696290295832885,-0.5367407082722241,0.38139451172393735,0.04009187370414953
2017-12-15,-1.1940172616270994,-0.6093724098676149,-1.0750601539284754,-1.3953662194679493,0.09530635263094901
2017-12-18,0.6382512925974494,-1.8322754716102714,-0.4735726638429486,-0.27566394039652264,-0.05844283191254781
2017-12-19,0.30467600632504643,0.05618067304698499,-0.26522352436260654,-0.6368773747103014,-0.5562213044778805
2017-12-20,0.7432226787690791,0.1572802673084524,-0.6618198132646589,0.590292870632544,0.02531388102271349
2017-12-21,1.3077104465210148,0.3529960748520538,0.6780707432283649,-0.17505754189768316,-0.46963208365489095
2017-12-22,0.17238219838520316,-0.48934430157550823,-0.778247990910931,-0.025084044716497413,-1.2650826713921088
2018-01-02,0.7436020197446404,-0.8677293222184502,1.3329677348192461,-0.3193029175431442,0.6600561736592395
2018-01-03,0.6115605100904253,0.11129453379032393,-0.2592737388248188,-0.4612318299248783,-6.614917960611304e-05
2018-01-04,0.7756594237937721,-0.5371811407378136,0.4182547215963732,-0.11366245893362831,-0.4969049195549544
2018-01-05,0.4006572361297081,-0.08552246613225238,-0.5566184735636621,0.672019877804152,0.5166734586657067
2018-01-08,0.034726797179976586,0.6866639865656397,-0.7536722411205667,-0.6329688666590557,0.3210019412380318
2018-01-09,-0.4115221665127454,0.558486075345249,-0.23268269391937596,-0.9250427351393983,0.20919413582070442
2018-01-10,-0.553621713685063,-0.738958130375453,0.028453170717199164,1.3314329612943483,1.1012563251977259
2018-01-11,0.8556902244784328,-0.5266046779726405,0.28486825045545644,1.063895750051634,0.01309829059841437
2018-01-12,0.4911547761680734,-0.7330077862321793,0.41739842825161194,0.9371257823194474,-0.5084537360426492
2018-01-16,-0.09781746731564658,-1.5516294863099789,-0.13647302312236542,-0.017321768850792212,-0.7535292194206482
2018-01-17,0.3298571046971205,-0.10652843804072502,0.27660281675425685,0.526799501619019,-0.19740157259376181
2018-01-18,0.1901644072966044,-0.29003730097277625,-0.3315082653884688,-0.3222132314134174,0.1767182781620734
2018-01-19,-0.05498813351045652,-0.13278124605223487,-0.5832117196316609,-0.3032373784488826,0.7678333059472756
2018-01-22,0.6322116905505346,0.04258089084555294,-0.3026516657568762,-0.9038253100060374,-0.7770660721236993
2018-01-23,0.04333758164294888,-0.34948307526633166,-1.026032514530403,0.5596011831829449,-0.8241782274552384
2018-01-24,0.4898192418383824,-2.045620248063698,1.1063044909059991,1.1975265344893358,1.4392632168159254
2018-01-25,0.008912093732578853,-0.391428827987179,-1.6568585401822393,0.41695692957678426,1.6333206064030672
2018-01-26,0.16630816182479355,-0.42280705917772216,0.38704704286867125,-0.32192680031231585,-1.620829295641059
2018-01-29,-0.7869407875283313,0.14356030995134617,-0.18242972687658543,0.4651228299498913,0.1879587837289559
2018-01-30,-0.8388561085911024,-0.22934468669983796,-0.3878614110704251,1.355484343647449,-0.02266097428832305
2018-01-31,-0.2484717190593663,-0.24893747531317253,-1.6284300735822426,-0.3577820856523716,-0.38960760784262527
2018-02-01,0.527138158578343,0.6245277403648564,-1.0341230000866497,0.9000088238758082,0.9596982080550533
2018-02-02,-1.6318225308669905,1.2929136897600675,-0.8537008122376553,-0.49816533132323393,-0.5359636098794784
2018-02-05,-1.4253257163540882,-0.6496450019785863,2.398347120197854,1.5725933574140663,-0.989106729996109
2018-02-06,-0.0977761040194138,0.9281872391548004,-0.7339736798184003,0.034851544097797414,0.7284229623054593
2018-02-07,-0.8237117935209893,0.3697788979206966,-1.8714581583421093,-0.15311578612494678,0.5402832000096552
2018-02-08,-1.0701107610454517,0.6526842266621999,-0.09495350327581104,-0.8136005227229394,1.828954895298389
2018-02-09,-1.2826585327576059,-0.018711476937058397,-0.7814975290625218,2.2117086545153595,-0.002324898993811612
2018-02-22,0.4771687082654731,-0.36294566267222234,-0.5707368699956714,0.32066443440290054,1.3744336757209554
2018-02-23,0.847596935514679,-0.024624874311690987,0.06900991507748688,-0.3081302320984903,0.17831781915260025
2018-02-26,0.3650720174281813,-0.5865793506854934,-0.7993360500392674,-0.06412783503614464,-0.3682740763373914
2018-02-27,-0.640220046917024,0.9596418599021108,-0.46880270606906566,-0.2440530006234438,0.15022994920802174
2018-02-28,-1.1072000936753064,0.33478349969770893,-0.5877475786948398,-0.25890182432696207,0.9793516081236406
2018-03-01,0.018815899149703684,0.5837219057216029,0.8914285350266432,-1.1035033493891728,-0.5122298998254683
2018-03-02,0.28529209639687975,0.18446934360189185,-0.8460488080417069,0.32841621312897956,1.0484032938153274
2018-03-05,-0.013474592373128496,-0.04543746397910089,-0.7679896750442365,-0.056253712485698056,0.37001518269192546
2018-03-06,0.6860615057399913,-1.0198275934148333,0.3903479326787406,0.00286240752623023,-0.23664023047156307
2018-03-07,-0.4624340646658032,0.04051080421752849,-0.2909499939067831,0.46251595686687097,-0.4130495937021093
2018-03-08,-0.5798099033239041,0.8498014539215409,-0.6116503058218574,-0.9626594837154964,0.08700628546404397
2018-03-09,0.8260346470384433,-0.3257755355160932,0.29083048969104974,-0.7844400521064836,-1.198620435301383
2018-03-12,-0.050451395824254126,-0.8512207834586019,0.23756695590406168,-0.0194304400876195,-0.2231550262569836
2018-03-13,-0.35952133454949015,-0.5805498597854123,-0.702895341939579,-0.1612160804235403,-0.7452549517141935
2018-03-14,0.13506656196191388,-0.403651778427146,0.22333387419206607,0.26738286954343826,0.5338983663586583
2018-03-15,-0.6290621182205214,1.1279075031188264,-0.4653039970106768,-1.1537379676296204,-0.18668424575632317
2018-03-16,-0.28916031045454077,1.098420538307819,-1.2618787937942093,1.076474028506221,0.9896277230298466
2018-03-19,-0.22195936008904327,-0.5607006972263526,0.4061829954620936,0.22418195566507246,-0.27563115595680787
2018-03-20,0.343868110700823,0.7658423621669085,-0.7619938705514622,-0.03590197675548098,-0.31104449467669426
2018-03-21,1.532681441847662,-0.2954486996346879,0.49642591263095476,0.6655715619033648,0.390261468811881
2018-03-22,-0.6041822113371974,0.31494226248099005,0.34768812618505623,0.3194097567646297,-0.7289518597766744
2018-03-23,-0.015159804043177509,-0.04916734627156454,-0.20857707488521876,1.171005613971764,-0.4274967059055771
2018-03-26,0.41690739986212905,-0.5845757305951853,-1.1106579759001922,1.1293256965167087,-1.1266821916357184
2018-03-27,-0.18654437405520094,0.03640655994489027,-0.7267276354934608,-0.356113192063884,0.7279499470718046
2018-03-28,-1.4937810059511683,0.43084782344845085,0.23664128051064026,-0.009803337713805156,1.0774548566010689
2018-03-29,0.5732882679383949,0.2664342513458515,-0.45283612330233897,0.26142125606252525,1.5514340429595324
2018-04-03,0.9547252131149763,1.1753233542792676,-0.32687305071662154,-0.06167446629709532,-1.2006737388449187
2018-04-04,-0.23830570628514822,0.13634385243510078,0.11672466562154644,0.37128585836111905,0.8934620177660708
2018-04-09,0.43041707404429674,0.020649618576528264,0.019265328437547673,1.6564629557008441,-1.845316438873638
2018-04-10,1.3579498282517661,-0.3420747332817156,0.6677875744039296,0.06985452787474089,-1.6959410407661197
2018-04-11,0.9207213476311821,-0.27719764190389595,-0.09367821478060014,0.35640106671596555,0.2523559100757384
2018-04-12,-0.18590626009067357,0.7150396896298534,0.15526743885155267,-1.0505779751901139,-1.239356604905081
2018-04-13,0.4320005826048665,0.25247476660949153,-0.1321342849461719,0.21824454217955097,-0.10219379469569013
2018-04-16,-0.18351898992688423,-0.08648484144181139,-0.2354434961202791,0.5269359097084609,-0.6698823720548751
2018-04-17,-0.09053073025305239,0.3403734855274529,-0.27328493734358844,-0.530994427890415,-0.07690206053750927
2018-04-18,0.560253934669052,-0.5667641941986342,0.4021193592447673,-1.3518266436103512,-1.8975210307872448
2018-04-19,-0.08749712703046332,0.8178446491772114,-0.26055429508471006,-1.2684873976659483,-1.0333099469967757
2018-04-20,-0.49583348500408225,1.3828676481150437,-1.319894286602163,0.02010785264378961,-1.7621451954328238
2018-04-23,-0.14116256488999232,1.8507226559570225,-0.48255730816026515,-0.592094650377841,-0.4179541151952388
2018-04-24,-0.15599281023718664,-0.2673766706320732,-0.5768400884600142,0.9492516288167113,-0.8622660963099817
2018-04-25,-0.04432651765144825,1.6793088813893526,0.8164746735375155,-0.3154707350503708,0.1302197137961884
2018-04-26,0.25452532437696523,0.09675508974742336,-0.138651589130419,0.059327220342418364,0.6035701025511299
2018-04-27,-0.2705406829998009,-0.4032492811004197,-0.7477234134824662,-0.2644634450382462,1.0008603976524877
2018-05-02,0.3971206239314778,0.41027188175751506,0.2216178717332141,-0.32627176994448265,-0.982662222110884
2018-05-03,0.22126957111544693,-0.1480807369507398,-0.3597870471939024,0.43586064197931607,0.44740474247653444
2018-05-04,0.16395078551632872,0.07698994639008144,0.06094304801709986,-0.41033007333193394,-0.13941750087305838
2018-05-08,-0.19252533426327736,1.1458308331788083,-0.6561345012905787,-0.37500054048263093,-0.32034266014740986
2018-05-09,1.4100964520744155,0.5998297891557991,0.055920171388319874,0.2526301549342126,-1.2448881740711888
2018-05-10,0.5635846257739585,-1.3034084225857023,0.107836154306861,0.24583293754362343,-0.2765176905585276
2018-05-11,0.05349745744841897,-0.5012799226716946,-1.1655907725544326,0.18341674046974027,-1.5298704046799811
2018-05-14,0.06468177026550526,0.5508333119008203,-0.07632310707793229,-0.00727719498588162,-0.8492437248150523
2018-05-15,-0.0681988085349859,1.9233651003341163,0.7064558234558306,0.13620761740660528,0.056251323609249435
2018-05-16,0.3822398501699703,-0.22667756133941752,-0.6342470126497998,-0.024732729302869,-0.26187328883169253
2018-05-17,0.4337196710457062,0.5747842066922573,0.5720626256953685,1.0616193760362533,0.04864599227473583
2018-05-18,-0.4139764847091058,-0.009682758950153574,0.1017243791972724,0.3791116644743959,-0.36278487587013153
2018-05-21,0.9138981944806767,-0.040929986626530745,1.2736943085924055,-0.2184087148103357,0.5967439231116594
2018-05-22,-0.3260749669033697,-1.4067980461270162,-0.7284747877537017,0.1158543253256371,1.0771225119827967
2018-05-23,-0.6536858751775846,0.20999871632725842,1.0699537666065997,-0.3712956584804208,1.2130261384285692
2018-05-24,-0.8437597574521182,-0.8630089418227678,-0.6093172599343959,-0.06110850830729598,-0.137489686133004
2018-05-25,-1.9988056348867986,-0.4851848415845352,-0.09399365871517339,-1.5656640249770029,0.7709051900821347
2018-05-29,-0.7429647554584744,0.3170386590836846,1.698140770878288,0.495673492587694,2.280657738624887
2018-05-30,1.3370652443326019,0.6625268593280861,0.43657809000180436,0.047222680453173,-2.123798308101863
2018-05-31,0.05791497623843664,-0.019970777731664644,-0.6489981578734697,-1.1840177837067662,0.3195897494816843
2018-06-01,0.10778548487366192,0.17320600780336043,-0.8103367186603796,-0.5065717835783098,-1.5466130127660442
2018-06-04,-0.042402623370024956,-1.0998247973310358,-0.4472425957299401,-2.086787847269519,-1.1665485951674885
2018-06-05,-0.07038823944631763,0.3473779299677527,-0.8107229293643434,-0.5746804418916309,-1.1944863831327306
2018-06-06,0.3532868558895903,-0.6944954662969339,-1.3751089485047312,-0.3534647875534623,-1.1805258291286456
2018-06-07,0.40549126242340827,1.074865373570791,-0.33136039543389895,0.5629200304357808,-0.8597944334559918
2018-06-08,-0.15646959984688055,0.8974515674445761,2.1889216172639574,-0.5573416407911584,4.388005953903637
2018-06-11,0.14551208216495573,0.049979250097022886,0.10294067566871869,-1.338084010438476,-0.7511575635014627
2018-06-12,-0.06726278035985848,0.6911003273827355,0.49985538302256394,-0.22969290009199048,0.43811966109277356
2018-06-13,0.35101933020481585,-0.26344948684608915,-0.18135568306393504,0.17251268736121086,-0.7042098305936318
2018-06-14,-1.019812524583562,1.5142409101437888,-0.8578103346342807,0.5049897384792469,-0.5773182006193517
2018-06-15,-1.7107718741529292,-0.17631443423010154,-0.1982926126550721,-1.234345405924844,1.252356019114357
2018-06-19,-1.1258186887615318,0.9368257691462165,0.925027075508727,0.5331222932512258,0.3868218981501908
2018-06-20,0.2540434280046501,-0.1550566706753112,-0.4468146128702018,-0.18527284177406278,0.21938990147432497
2018-06-21,-0.9084360784174331,-0.26015590650823783,0.550630899985104,-0.62719158159565,0.34065408420433296
2018-06-22,1.0706557673777097,-0.9672851020771793,-0.47799714934735094,-0.6937148950191149,-0.3048339403735034
2018-06-25,-1.103209940456294,0.8170236947152754,0.5187245914397289,-0.1789968843481717,0.5237991963128382
2018-06-26,0.3435328538119157,0.7651431193415181,0.2304675286824225,0.24151867022523452,-0.2926635035494779
2018-06-27,0.20739756660558853,1.4180227334402142,0.2751961334936905,1.8025149965460256,0.04283238430453241
2018-06-28,-0.6104000342372162,0.872561713225454,-0.26493207827340254,0.8468801413202296,0.597810341353019
2018-06-29,0.7611075684819538,-1.1510258782390503,-0.9841790033508317,-1.0652868567487883,-1.3596398902432476
2018-07-02,-1.3937797876732478,1.3719890507912145,-0.014570668429323117,-0.5849129125625748,-1.1094673804024733
2018-07-03,0.8210588350822577,-1.1389946452762871,-0.617281872052826,1.0804819189662611,1.6414013272740453
2018-07-05,-0.2876339159875414,0.14859490046959042,-1.2713032775005193,0.019178677791717724,0.09752967003120877
2018-07-06,0.3791267346798429,-0.5785259489292232,0.5235509565915125,-0.709181393443765,1.2331360973396663
2018-07-09,1.0564951636398565,-0.6992418303950754,-0.6555442885121058,-0.2673567106112036,-0.8308111863382959
2018-07-10,0.1382079701893127,0.24678352774239207,0.5436350617475754,-0.6858712588294512,1.3140351720893657
2018-07-11,-2.0089395595042854,1.5008404414643401,-0.5220678837827424,-1.1719023949971956,-0.8212519983654226
2018-07-12,0.36799883746699497,-0.6768567025549199,-0.48816953551419395,-0.7375130939660897,-1.120540271498684
2018-07-13,0.026151408808748566,-0.21968860510219662,-0.2596779883611022,-1.4974543527625954,0.44996768695630657
2018-07-16,-0.7849681606601937,-0.13668230372559492,-0.5602818856154119,0.8900488772193483,-0.18885153419974662
2018-07-17,-0.5735021556797539,0.4064198933935403,-0.5694523315404848,-0.5504055461749339,1.0163499897304191
2018-07-18,-0.08474940109559172,0.06655586767455232,0.1550530073974683,0.2623380691712405,-0.10325375838303717
2018-07-19,-0.8190353292887824,1.0047232547835934,0.8742263515460079,-1.0666727789660573,0.594327466473732
2018-07-20,0.5442358123820208,-1.1211650661292845,0.08440759329085422,-0.7096514731045942,2.1114966906393837
2018-07-23,-0.6097420690796531,0.6881063839053627,-0.46826941973841013,-0.13533236333687274,-0.008866529679501864
2018-07-24,0.5087040573919128,-0.7728332947934747,-0.044269339742909725,-0.7859518879885696,-0.2605018646240628
2018-07-25,0.8337347155185371,-0.6541898853003005,0.20460646798708798,0.9839106471709455,0.7281188345270293
2018-07-26,-0.08056372553248893,1.2484727590928173,-0.9797717363822679,0.07238214114006672,0.2353826948905798
2018-07-27,-0.08559474595658381,-0.8807894392989305,-0.19045378067576132,-0.23006794406612519,0.4225182972681299
2018-07-30,0.7143144851778409,0.21158621276653275,-0.036240035896193644,-0.35421973592694755,-0.8513133684289435
2018-07-31,-0.26948912915817513,-0.020000917872541244,-0.6254985581314637,0.8999971535786644,-0.9080742112841773
2018-08-01,-0.7905586939329934,0.4066759885109336,-0.5083768800096704,-0.8813576454833592,0.3476999984169722
2018-08-02,-0.8624026963348034,1.7545816437451218,0.946623862375984,0.022243251522717132,1.2017315378641886
2018-08-03,-0.09531934081758513,-1.2382963129076945,-0.02101820929341565,0.2437757537540381,0.400502331041662
2018-08-06,-0.28249394205054723,1.063615117463628,-0.06473047374872098,0.07686743991255177,-0.4302769773284523
2018-08-07,0.7624999460915624,-1.1588807268754124,-0.6632107285409797,0.1489256582392483,-1.0068877421142008
2018-08-08,-0.6205975593959299,-0.05548666210055158,0.05677384851356715,0.15847397545232456,-0.4980878046279931
2018-08-09,-0.5096450052171717,0.7958556059110974,0.5235933897261856,-0.9417780109637246,0.07182819032969162
2018-08-10,-0.0270621728048195,2.3581425999286405,1.0749587396157927,0.5212610996960569,-0.16109560964390413
2018-08-13,-0.1900186550540882,1.859663789861562,0.8084458758605754,-1.2309979935894881,-0.2999477982744473
2018-08-14,-0.34727822889943677,0.11260392788322446,-0.6190490385455896,2.6296650396939696,1.3294722230042217
2018-08-15,-1.826904849462512,-0.061377084016997374,0.586564425025524,-0.44584663221022747,0.18018042778470958
2018-08-16,0.10020963454066727,-0.352046877558061,-0.898360309594678,1.659687022266798,0.23670164679820246
2018-08-17,0.1657936512168181,-0.4522521500789413,-0.633891229550576,0.747741570571408,0.06206989233932284
2018-08-20,0.2670886555533564,-0.6954979621837695,-0.9034110744202839,-0.28304003427535995,-1.0533660332642125
2018-08-21,0.4436563228621197,-1.0091495459439197,-1.2136471289657957,-0.5019831569895491,-2.0265496322012035
2018-08-22,0.4541248172939733,0.30510467523352075,-0.7416875597074474,-0.42599516899033074,-0.2553683954274918
2018-08-23,-0.5693835131160789,1.5331628438375275,-0.7061223699403556,-0.5295597643859988,-0.9314621818760273
2018-08-24,0.9985330673858014,-1.899724234215216,-0.7276762582012828,1.1812631768866013,-0.23663607979048082
2018-08-28,-0.11780133133632945,0.42901740714461295,-0.26672891328135345,0.040970068853686675,-1.2473617226277982
2018-08-29,-0.07061052884337848,0.8260426230485597,0.055145173977432856,0.10800462796814099,0.8271916783074819
2018-08-30,-0.7858870726816795,1.3515337844536093,0.38244588607980246,0.518021436397555,0.7995062057219846
2018-08-31,-0.4787527192118727,0.6211216541219744,-0.2902506822698452,0.4554927498541685,2.2015178669335853
2018-09-04,-0.40481884045020883,1.3867674500873335,0.2714009937040001,-0.2499596216615516,0.31380720256611666
2018-09-05,-0.19739979422270743,0.1403228732571724,0.35781729893724973,0.8206562374340323,0.43608781217018494
2018-09-06,-0.7713092916620545,-0.7190563182659402,0.23634037538195765,0.3611302333054131,2.07297814827601
2018-09-07,0.35549513375471464,1.0105492153973044,-1.300060516340831,-0.13294342473367987,1.1792607977390677
2018-09-10,-0.16573613505334855,0.16098157757295614,-1.119467918158207,1.2584224156330432,-0.025219515345036646
2018-09-11,0.6966984633992935,0.834531848563751,-1.4943319787573535,1.0172408158575867,-0.9762589907219281
2018-09-12,0.890856516719407,-1.5414853648954363,-0.8536074559952574,1.4578023709710426,0.5446192457099188
2018-09-13,-0.3789552101860218,-0.9710432936914773,-1.3034016883719715,-0.6935678611704293,-1.6460636605585433
2018-09-14,-0.0635713329110433,0.8814383125764681,-0.41025367841625204,-1.166670398575767,1.7879419433439958
2018-09-17,0.16621388045528881,-0.24008199951712825,0.2676474121987202,0.5697034316503182,0.35269869306537177
2018-09-18,0.6102578538670034,-0.05727465508601224,-0.3174896797883567,-0.2867174399394516,-0.9404990292550316
2018-09-19,0.5447050165499125,-0.865310355155984,-0.5290486909947008,-0.8152124430685913,0.47585200182672854
2018-09-20,-0.07025262631818675,-2.110907385656422,-0.9666807566804183,-0.3616925746454834,-0.05700506743482451
2018-09-21,0.3078086135099178,-0.25400661828228643,0.2450327444761138,-1.5919077565609479,0.3421396356782378
2018-09-25,0.2721284495238087,0.032065454898131264,-0.5354192157470937,0.2062419461314045,0.3344250080927817
2018-09-26,-0.34963515350828134,-0.8857884910846001,-0.3103480473545567,-1.4103478475520497,0.33295505020450805
2018-09-27,-0.16261601448359142,0.5740361548002817,-0.9123822693870237,-0.2882621668315604,0.6759319126081146
2018-09-28,0.4844674593346013,0.6909769988068568,-0.34007170615332194,0.3056877622420311,-0.8355001235175278
2018-10-08,-0.47897370158287855,0.35540864420815077,1.0412106497925464,-0.13065046237407268,1.3842440988837101
2018-10-09,0.5650378077771496,-0.5282645062925743,0.3213867281970063,0.2938555102862855,0.9662494080244688
2018-10-10,-0.8058197134845322,-0.03703238352312247,-0.4626805548202075,0.1785909933012075,0.12282415575600156
2018-10-11,-1.7881469020043526,-0.7775532965412487,0.11369251445842608,0.8827992676877912,-1.7595115472914296
2018-10-12,0.13806589546500547,0.14060634528731805,-0.9961521220346141,-2.9481938311561553,0.22358350221883397
2018-10-15,-0.06917835541535704,-0.28276227198067644,-0.06360619932345933,-0.08994392325003907,0.8346536074159933
2018-10-16,0.03120383866244738,-0.8510841971291261,-0.7871732218643378,-0.25264083586302327,-0.12229537352260053
2018-10-17,-0.4743685768239655,0.39100440634992284,0.5653931802353649,-0.594910299219288,1.0479980854488955
2018-10-18,-0.8156903144343155,1.0226933940755845,0.5422328419701377,-0.7851017996568957,-0.7863701687473734
2018-10-19,0.17545582796979917,-0.014019856675330665,-0.4288547372586485,-1.1357556448928299,-0.12258055176014661
2018-10-22,0.17008925723700058,0.07768133631699686,-0.48657438104685946,-1.0868257575144504,0.8088475657480703
2018-10-23,-1.681080422210401,-0.04633293534449792,0.49184753762645966,0.631178251764196,0.16242410831314164
2018-11-01,0.3882209778395788,-2.582647969369725,-0.3140600397165455,0.10008782632083994,-0.8011974651107255
2018-11-02,0.4401861088800127,-0.20869577404935125,-1.5053201971278585,-1.7810787061984343,-0.002988115789902659
2018-11-05,0.558356542808519,-0.8944889731681327,-0.25639965871962733,0.2945808161810562,-1.1326082249140281
2018-11-06,-0.26375438420774927,-0.07914571952066253,-0.24532872777527467,0.5066831575654198,-1.2160025867133377
2018-11-07,0.24948922594593115,-1.168935246158224,-0.6494822221456382,0.3370186989985539,-0.49172879527152624
2018-11-08,-0.9269626938803107,0.6368820961906069,0.20115916201193013,-0.42702518362889147,-0.27893093849843037
2018-11-09,-0.8450003539429519,0.7233793707088396,0.39628708655890116,1.2420571803999785,1.9440448724517678
2018-11-12,-0.37868482450970764,0.660327831893413,0.008466416883917905,0.24266626526176555,-0.34209824988873355
2018-11-13,-1.484697723830535,-1.1916780063227879,-0.3459155997540316,0.6975551108282968,-1.5897374049199253
2018-11-14,0.18632476064007536,-1.736831288113436,1.2014867186326914,0.10968558511350453,0.9395831301605335
2018-11-15,0.8227357577565972,-0.4853727304085855,0.7664478317982437,-1.9029418739732233,-1.585192440490622
2018-11-16,0.528524372314575,-1.1008344123579443,-0.2885397940899282,-0.8030823373312784,0.9963468703137347
2018-11-19,0.1458765891973159,-0.006521582085945596,-0.5310772785090677,-0.11659227581674123,-0.44348472589362575
2018-11-20,-2.195629477365297,0.6584902114556554,-0.6003029651641839,0.8311960537044762,0.5369914168147679
2018-11-21,0.9396215579885574,-0.5504986606190867,-1.0137321162887598,-0.2815234741013723,-1.3803451012214267
2018-11-23,-2.505885508515036,-0.29632101441457037,-0.8818050155451702,0.022357308578453305,-0.6928585769626584
2018-12-03,1.974273033698782,-1.408652502931304,-0.4548568060657465,0.06375670966902136,-0.5158770648377369
2018-12-04,-0.12001870696666028,-0.6465127174977544,-0.06479697515281276,-0.20131386480952904,0.556419722895378
2018-12-05,-0.5422193762285772,1.2940742498832731,-1.1971488101268362,-0.07376394196903374,-0.36611803544180427
2018-12-06,-1.9935520142283545,0.9113288369390024,0.9743106683338072,0.34851978140038203,1.0205072460022482
2018-12-07,1.239865944268098,-0.26265677233330714,-0.27245091915635694,-0.22498620640249983,0.9101643385790731
2018-12-10,-2.0852683687529905,2.115214430658237,0.17532164532838768,-0.6710916421117802,-1.3431166212185341
2018-12-11,0.42600213000476495,0.0289479632494912,0.1831625201221079,-0.3307907274691069,1.2383536123633347
2018-12-12,0.31566919544357264,-1.275607343273104,-0.6629257713423984,0.4292709473487448,0.31789230044284894
2018-12-13,0.5668981454737694,0.35874315164803294,-0.39567892446327513,-0.4107810550851211,-0.9491382375308942
2018-12-14,-1.1324891390241432,1.0688794648873683,-0.2804932534530677,0.3727732386115745,1.0037869960728614
2018-12-17,-0.6336603087233309,-0.8169166302310988,0.45831271523055195,0.8101816063914412,0.1342406510954209
2018-12-18,-1.9818725628419,-1.0164080593599403,0.19926128412478175,0.6238342367990803,0.18431251644818278
2018-12-19,-0.26046583522539524,-0.01666803628035589,-0.45138950630063096,0.3606619008508121,1.50925593570785
2018-12-20,-1.633907342171744,-1.2906300395933537,0.9896535456013182,2.2977642107698575,1.3198195975246734
2018-12-21,-0.4308328109349787,1.1926525068132579,0.2355067470449549,-0.5213252103099661,0.4364027291549717
2019-01-02,0.3923999141005414,1.724169135902997,0.21860789743895437,0.9946068308219123,1.842022749720916
2019-01-03,0.504548818366935,-0.8618606728271399,0.8596252393549945,0.3081539694782217,0.6328942370036328
2019-01-04,2.361392137483762,-0.8967557402464533,0.1335485046759357,-3.1339434743403536,-1.4879064199064203
2019-01-07,1.4340616655628375,-0.4540721389892246,-0.6513926532588478,-0.3348201946880998,-1.3231022772914318
2019-01-08,0.5135325177438315,0.8080382507749588,0.36952182503738373,-0.6384395783434753,0.15481559126041353
2019-01-09,1.2142996015337935,-1.0160874587131654,-0.9507066709891054,0.6880806109249322,0.29309908335742285
2019-01-10,-0.04470119403643685,-0.16379863553498805,-0.429031432749604,0.07528110017105137,-0.8094369372690591
2019-01-11,-0.14303359537374175,-1.1604451771699023,-0.28475038726977614,0.1691084689527117,-0.12968994955958055
2019-01-14,-0.44471295463985855,-0.044777301688908366,0.06958131103458846,1.4564124595774386,1.3534542744170885
2019-01-15,-0.14054823624470805,0.17209109138318138,-0.19806655227763093,-1.0778798271178869,-1.2611808436406828
2019-01-16,-0.03902382581663215,-0.2123909221560258,-0.927722280347949,0.3744301003347433,-0.538425213815034
2019-01-17,0.09116321535596972,0.12403161333957761,0.2027857360455564,-0.54989646043631,-0.160972348238111
2019-01-18,0.9339490014862762,0.9374086150870111,-0.6113557943859308,0.29364301584863217,-0.3725820915428356
2019-01-22,-1.501412217592482,-0.30933741564479905,-0.437981034356557,0.965598994500228,0.06610393898495377
2019-01-23,-0.22632985875335337,-0.7514981663644484,-0.9568530305588241,1.0588961216056085,1.821188674134298
2019-01-24,0.13635876627206575,0.1481520985324055,-1.0604890460209806,1.0205115843708517,1.0602533994537309
2019-01-25,1.163078284420472,-1.4010030735324928,-0.1078264481419777,0.6466089797055694,-0.3805856495770788
2019-01-28,-0.8190747434101382,0.06206176940644353,-0.24589609707805285,0.4202030084756714,-0.2872122697273555
2019-01-29,0.27678782944196356,-0.40998053334452417,-0.141045720571091,-0.06877578387752435,0.7751207364745456
2019-01-30,1.2851375266165814,-1.5724888957679577,0.8983405165922829,-0.08075601836331615,-0.377660274456309
2019-01-31,0.23331793087418431,-1.1838259192217826,-0.03879018599391388,-1.9510149310818288,0.2604800267632755
2019-02-01,0.8098436692497165,1.1851223524656225,-0.30493662860093096,-0.9045343671244964,-0.0008077353026006185
2019-02-11,0.11019717429541499,1.0095964657316525,0.02910849029057226,-0.7549335801579797,-0.5949579079036469
2019-02-12,0.8226405896010248,-0.5728912094786983,-0.2645153240744133,-0.07715150230757993,0.2113046450381432
2019-02-13,0.799133451040499,0.9074456799172623,0.06457341889033948,0.2917001390122616,-1.0818924125833667
2019-02-14,0.035603583981940266,0.038861714620464505,0.32075901937182827,-0.3954937191520417,0.7269515850080518
2019-02-15,0.7076092334676067,-0.21748525094780874,0.156341422720748,1.429984663834938,0.3634111304710968
2019-02-19,0.44445635287673946,-1.373534589226775,0.19338969124850344,0.9926847038481247,-0.16927622825213243
2019-02-20,0.4974647094084135,-0.773424145956577,-0.46777412889759495,-0.3962872130775591,-0.7992012975784722
2019-02-21,-0.9079703970201537,0.6717721421055587,-1.0202012272870302,-0.19042798686691045,-0.21211083557415988
2019-02-22,0.4227042595294373,-0.6880033392669019,-0.12367629524892317,-0.660660451576159,-0.036354067171686946
2019-02-25,0.6456782765057859,-1.2292476307362064,-0.6866737198698984,-0.979186490695373,-0.5633299926771267
2019-02-26,0.24420229633284926,-0.5362418187255941,-0.36624371952433804,0.8032208695363274,0.40850949244736084
2019-02-27,0.6137127483656263,0.9954677727536286,-0.3867515746493428,0.5309709218674321,0.9625667112516959
2019-02-28,-0.6494302681513225,0.9971535737947355,-0.7373560741261551,-0.2713907147938697,-0.08199915600699866
2019-03-01,0.1123541726925081,0.9578687935971634,-0.06605470696809049,-0.45004432618428836,-0.913815762922001
2019-03-04,0.06331090656235693,-0.25243834719894764,-0.14903049168703114,0.14411012223443367,0.29499100178573934
2019-03-05,0.019921329670428867,-0.34049892918592506,-0.5135219263339014,0.43399159685321664,0.354472492661719
2019-03-06,-0.5849126009336278,-0.23304933264997132,-1.3709576202795106,0.6556007553238183,-0.4924547795912764
2019-03-07,-0.14231365142264638,0.8191723805949792,0.6928022211279862,1.4122091949804771,0.01707656254340947
2019-03-08,-1.0907065841058454,-0.12022610621822218,-0.3794717337882031,0.31846438564636403,0.9195196721674863
2019-03-11,0.9227691559928519,-0.3071276260215502,-0.41265518593843664,-0.03770838609023363,0.6488682651454726
2019-03-12,0.4503115022018759,-0.7228675765955968,-0.22270394384651984,0.5095889618758218,0.19670894264118707
2019-03-13,0.4737058076471504,0.24507224700496294,-0.19659546913243273,0.1489405459990418,-0.10054119965603506
2019-03-14,-0.2542441201891471,0.8921411224157114,-0.6570572683137654,-0.9746577808509755,-0.4357477345391531
2019-03-15,-0.2843708610146374,-1.2635921820779479,-1.3013068059961035,-0.6570594276084829,0.6738467274266461
2019-03-18,0.5654180542581708,-0.3689882417002746,-0.0037615074600758935,-0.7548684076455108,0.5131400176376459
2019-03-19,-0.1997384365770694,-0.12192578060390875,-0.4299071648224474,0.6795247702643087,0.21963895300890673
2019-03-20,0.8640213921739148,-1.0802037504766115,-0.4746659091057051,0.716681281003152,0.010187852879161808
2019-03-21,-0.19942411026318782,0.8497953249443889,-1.01952165169046,-0.4770537628802712,0.08487157724686806
2019-03-22,-1.85645399551472,-0.15953591668870368,-0.38979760597650487,0.8482868797800885,-0.15459244465634422
2019-03-25,-0.280212786691713,-0.3824564364935417,-0.17256422106530492,0.7830690499125067,1.924503002078634
2019-03-26,0.24256624122313575,0.12294120637594948,-0.3608588073807939,-0.0005540726330911535,-0.24608184506077058
2019-03-27,-1.049959905641459,0.47372665952182547,-1.3419170942525844,0.14682993644698752,-1.5901939047947873
2019-03-28,-0.10515027027352049,0.5851937042530679,-0.05067324583066481,-1.5523251268360814,1.9615880926370959
2019-03-29,0.9226736669823296,-0.5272546088374067,-0.7981431358229307,-1.6117615284436324,-0.30548026429358904
2019-04-01,1.5558453472215317,-0.6196459475642003,0.015900763897713915,-0.4062718495019483,0.6994172402371043
2019-04-02,-0.48087934213817535,0.1854485203174351,-0.7201818462561387,0.2922062164246517,0.9886094152035776
2019-04-03,0.10270407451132693,-1.4808387071120657,-0.5746425334174202,-0.03276550736907931,-0.020527475136994752
2019-04-04,0.25388603173280355,0.34323854056426906,-0.5778281951791764,-0.22015754522644965,-0.016230807413222494
2019-04-08,0.39999252862305285,0.03826543984164012,-0.0687080614455617,-0.007995800851842916,0.0422041204644024
2019-04-09,-0.47931356048910684,-0.2683694714594216,-0.3007346239592528,-1.1209019925752834,0.5937773494984897
2019-04-10,0.621844781782026,-0.6886614481010239,-0.7052755831669281,-0.6583474358003643,0.6697028518960186
2019-04-11,-0.64676028935865,0.7991385149364516,-1.2744591056462373,1.0278475407287035,-0.5251683210949911
2019-04-12,0.8818248249078462,-0.19608253146331087,-0.9656535403075892,0.16369951647116446,0.135191949858278
2019-04-15,-0.3463205708744156,-0.23937404723162456,-0.5506261927110789,0.5531215217406037,0.616010623658635
2019-04-16,0.6054054555212735,0.1507169713366204,-0.4147258366954756,-0.7039980465619082,-0.756004920838236
2019-04-17,0.10360766301330816,-0.38168065393699063,-1.396261495474441,0.9309872504468274,-0.4735441300107374
2019-04-18,-0.5681967693627606,0.585091508419498,-0.32727954120488145,-0.8731334255228269,0.8753716746016666
2019-04-23,-0.8805522730666746,0.5261902424745708,-0.221779493477537,-1.2021660514109143,0.236299644502328
2019-04-24,-1.1788203288126915,0.7612893976222965,-1.7715610477637387,0.36712722188047636,0.04916307886970855
2019-04-25,-0.5087543593840972,0.34826408641293227,0.135320033769686,-0.33525241672746203,0.8749867241264919
2019-04-26,-1.0065209327367712,-0.9137989294137806,-0.3299204358335033,0.12467565718770553,-0.30583169663644416
2019-04-29,-0.06767139072277774,0.40348726449076067,-0.5712849168271181,-0.886440915052991,-0.3350005990629417
2019-04-30,0.33353086443827146,-0.11403776366056285,-0.6053118491867611,0.14533605503912708,0.5917563615854781
2019-05-07,-0.6319797952745149,0.13426048245048783,1.1996218098115539,-0.5284293659417751,0.37787496868925313
2019-05-08,-0.07784505039863188,0.30356693204454294,-0.31291435515326105,0.1615479596523025,1.0272921309321814
2019-05-09,-0.7258386967296004,0.3113879093921374,0.3927061895659097,-0.16140568942084374,-0.6809174352350963
2019-05-10,0.8039618369345637,0.14163299773589855,-1.1191234862642452,-1.1904910273855205,-0.04464507398918416
2019-05-13,-1.2486235137391144,0.9999049003728281,1.1181234679481236,0.6204140077217498,-0.4087292949223072
2019-05-14,0.8024442789540936,0.425858654536805,-0.30064959002729436,-0.3041763342096852,0.057775540043035076
2019-05-15,0.30844188304515047,0.09946306786928694,-0.36679285262263295,0.37330436685973867,0.2953297733167855
2019-05-16,-0.1700397748620129,1.0059001526981255,-0.3252505556436963,0.1393831649174925,-0.9956349702834328
2019-05-17,-1.0027617669174371,0.9624074028212213,0.0775669017466549,0.36521400401668896,-0.9823229373524556
2019-05-20,0.3979092195408588,-0.14711626482788,-0.14719569794658302,0.0038699479845084555,0.2225607734456531
2019-05-21,0.7214394658662625,0.4843954092941551,-0.29203504711993844,-0.7000742757434572,1.4356660415542302
2019-05-22,-0.7349946610620408,-0.413969811782436,-0.5376775531547844,-0.079971150409752,0.41701843226481017
2019-05-23,-1.7758630505963289,-0.8639133548036392,0.1963014463677829,-0.13050490488778294,0.6839245663261142
2019-05-24,0.24340562422285647,-0.4947629563533703,-0.04892817404868177,-0.6305707036298418,0.009678398930906829
2019-05-28,-0.7030166224372334,0.40851995393427504,0.9234009216839114,-0.4555727544715816,1.0375933030307016
2019-05-29,-0.14721234332349148,-0.05717602349860241,-0.15081713461412485,-0.6895450875972605,0.4691245289358524
2019-05-30,-0.6623065696238364,-0.44536417462848094,-0.8371561963636458,0.35303237081105326,0.2418132104668757
2019-05-31,-0.7093848917246238,-1.968759871546342,0.3064000009827936,-1.1109628804098037,1.8924378646126998
2019-06-03,0.7247766295760378,-1.5136959226484612,0.5306622514165152,-0.4076785645068002,-0.4445454133962333
2019-06-04,0.20338578807384275,0.679901261228419,0.30371710694908033,-0.1798014338284905,0.6364311301778641
2019-06-05,-0.7850099619585033,-0.048651639986958706,0.4404409660957578,0.1808267906913166,-0.4289478091963109
2019-06-06,1.0466727977533201,0.8013759578326709,0.5432553959066144,0.7046880477966124,-0.1531199850739849
2019-06-10,-0.40998347820078773,0.802049618005701,-1.428826414338722,-0.19544863624236394,0.1259917367272735
2019-06-11,0.36092855833732174,-0.9573880384283182,-0.6341820287356521,-0.7725420886546459,0.9151864003070448
2019-06-12,-1.2954704256036398,9.611368171651744e-05,0.0785501270511083,0.30206119104567725,0.8007854709877794
2019-06-13,0.2675882055074401,0.36925572694146025,0.7067807122639175,0.35048845572656984,0.9329786161470032
2019-06-14,-0.8741466370121215,0.8105672819546001,-0.5319062106088807,0.026873923719733128,-0.4410570431943351
2019-06-17,-0.05944303573007209,0.556807198057381,-0.12321420966031586,0.5907716902066071,-1.0584972588921593
2019-06-18,1.1148622777299553,-0.9054526053509241,-0.33627071453879803,-0.06168755560899058,0.2810299477218
2019-06-19,0.831522672988978,-0.8825303102245279,-1.423011409724226,-0.4540899760051888,-0.4606453085188581
2019-06-20,2.2370581509399736,-0.8533826404338837,-0.37496516296128723,-0.1355154496149966,-0.5089850027011461
2019-06-21,-0.1485252398096462,0.020903177323905946,-0.5565730843967357,0.3394015642457991,0.42432067712832694
2019-06-24,-0.2790971260158064,-0.853658711184322,0.4077685335776424,-0.1288245594166173,-0.8830486168392139
2019-06-25,-0.547630092995309,-0.4160644566498598,-0.2843501848112783,1.0281334567350084,0.567768806920733
2019-06-26,1.0168495582723227,0.7815270633301913,-0.645071088124497,-0.9649018183085009,-0.022704967771664784
2019-06-27,-0.4294618954172507,-0.760703059164197,-0.21782620460164553,-0.0750087831291423,0.29022939799395553
2019-06-28,-0.138626640051916,-0.4413837779588227,-0.3187167777882032,-0.3477911296500227,-1.0858929104772688
2019-07-01,0.2217876984589818,1.0495342484986727,-1.3345077561998706,-0.8994135864682707,0.9164513182406482
2019-07-02,-1.0625987440931608,-0.9088820121746691,0.6199817104747823,0.050775380109057196,-0.3430143485051386
2019-07-03,0.33981420556272324,-0.04182204809976441,0.035836612975895056,0.03110959166371588,0.011104613495953729
2019-07-05,0.021755282058664196,1.7214461123006377,-0.43112733525881686,-0.9752494083710718,-0.32355050818881187
2019-07-08,-0.39569289636785815,0.8655967291461925,-0.558535131626184,0.1300700590165385,0.3587187206999351
2019-07-09,0.16415756445170826,0.5142715685844019,-0.550224193567155,0.005670009298516038,0.5571968186794787
2019-07-10,1.1089046678928507,-0.6647620048664411,-0.6338384959681143,-0.19166139297413737,0.05497032468245701
2019-07-11,0.44408927795127495,0.013608127666976529,-0.6275439464281356,-0.3827178603307309,0.18391431430375588
2019-07-12,0.13929256596412617,-0.5122410707042534,0.5189061772162838,-0.21785807367493756,-0.21304787303184794
2019-07-15,-0.44790567037652046,-0.8890080014304724,-1.140234357422056,-0.6670076821900194,-0.26634931229724856
2019-07-16,-0.39290164491638047,0.3865770249587244,-1.1034036693527274,-0.5945511599252787,-0.11686377767722436
2019-07-17,-0.5339409108249914,-0.2903197762748535,0.6281877447739963,0.9506369708705914,0.1619039843007792
2019-07-18,-0.04111401116228962,-0.8465481891105525,0.21098903228511384,0.07191593786942878,0.750352182037622
2019-07-19,-0.24288033322446145,0.49792693080341477,-1.082607030100676,-0.595700762982396,-0.04536932728464673
2019-07-22,-0.44493502273667096,0.22788201620863502,-0.6488274115044268,-1.2585839476648135,-0.45825843758700635
2019-07-23,-0.1200935711601104,0.6577558210223207,-0.5267468119610869,0.2626761120208283,-0.5980152326414797
2019-07-24,-0.013087988419846229,-0.2571223798604094,-0.6582216870942985,1.3276389216944935,0.793325266861188
2019-07-25,-0.47641551475916055,0.8618077173113171,-0.7272005078380891,-0.80026258045284,0.4942139050609685
2019-07-26,-0.5332883649723257,0.9506226000487692,0.06334780400696148,0.2650759043167516,0.3093745653102154
2019-07-29,0.023162122953119302,0.05073492875417055,-0.48834909442216046,0.4452975428376941,0.2432319413368338
2019-07-30,0.3146380002566843,0.8294242124066389,0.4469564246251903,0.6746791170602885,-0.5488848782131905
2019-07-31,-0.5884335124557747,0.1573371731949797,-0.06705684119468654,-0.2573050677921878,-0.01652488840748961
2019-08-01,-2.085373743898779,0.06608633653317282,1.5726655617027394,1.5050573385565886,1.458876471984351
2019-08-02,-0.8213620984867799,0.7106325390233902,-0.2929075017776327,0.1237319290747694,0.0002382209416344497
2019-08-05,-2.219870299689487,0.5337830868777919,1.8426657272714297,-0.0022642054053356436,-0.28261590203354353
2019-08-06,-0.37936217968830427,-0.2222700596953713,-0.29882984062126355,-1.0635562404397179,-0.7599428087254009
2019-08-07,-0.9354002193914053,-0.9243992348546614,1.15728535103785,0.03246757440530094,-0.18310305279678277
2019-08-08,1.4070813728499976,-0.11899306309829563,0.23836905210972273,-1.5621390653004852,0.9612374300749148
2019-08-09,-0.3011604620251029,0.7110811827068289,-0.1594926144401923,-0.5863947603332295,-0.06386755374000495
2019-08-12,-0.5803774793832028,-0.296200899477402,0.42159465562317455,0.8868324102941654,-0.44301273432766486
2019-08-13,1.3602390069030288,-0.199958329363186,-1.4266703523035664,0.7650842728829665,-0.627229657269836
2019-08-14,-2.3349747873298132,-0.4011599552947007,-0.3457063161280877,0.13643806126413674,0.48657844298786235
2019-08-15,-0.41565908947887076,-0.32634031449593004,0.31569751443840594,-1.0166487967827742,1.1245129630445505
2019-08-16,0.6267624770167369,0.37678560402010003,-0.4880011440802363,-0.49173446919305686,-0.4236110107681754
2019-08-19,0.7536501741058952,1.2601518124549067,-0.8548992035638243,-1.274874424877203,-1.7403736967018817
2019-08-20,-0.34216102822934763,-0.6992253916112174,0.22294328323774468,0.32186843081800176,0.7107050581829932
2019-08-21,0.8033917774140256,0.3775043069116887,-0.07346013015564015,-0.5465277773976104,-0.3343695921853085
2019-08-22,-0.5136101478727176,0.4304387217441718,0.11647909865350715,0.07232956100125887,-1.3058246042807091
2019-08-23,-0.8901730468293748,-1.0241487568096221,0.5810333656842471,-0.06525202640996951,0.42051893847420635
2019-08-27,0.1176346648531753,-0.5421833478212995,-0.007418628587293442,-0.2696844997216738,1.1193811527495616
2019-08-28,0.28730705893953734,0.8211359211806849,-0.7372832342037978,-0.6838376110573865,-0.8911135006968258
2019-08-29,0.38992149654372926,0.08795965335627852,-1.1769944683816564,0.09184038526297057,-0.7640564431563797
2019-08-30,-0.42625220906843797,-0.10965122760109138,-0.3128735330307056,-0.9781387293257859,1.1405220425974802
2019-09-03,-0.45347030833437874,-0.5905557538513241,0.013327485032409377,0.7743282408013232,-0.012153494975222666
2019-09-04,0.9798412471055271,-1.1861108444211885,-0.2003058973936986,1.0569408407427603,0.3798341235135121
2019-09-05,0.680307778585602,-0.3128908490922461,-0.7888660383058282,-1.1373713753312058,-0.7775918753078517
2019-09-06,0.7395048313189407,-0.4166815774266208,-0.23959360192855958,0.21397039748979846,0.9993085466509315
2019-09-09,1.3727950108293703,0.6533955089540219,-0.8132226223906958,-0.29749610503079166,-0.8121051710951022
2019-09-10,0.555978811550853,0.1259433901786346,-0.09103688237455902,0.304399321124295,-0.492244610056267
2019-09-11,-0.28420387819945786,-0.0305999097449482,-0.21829271663617597,0.7313271279744028,0.5823226306402611
2019-09-12,0.03959359843138082,-1.1882040555558286,-0.9656301650596829,-0.3047528144912753,0.30191247918471964
2019-09-16,1.581933010352453,1.2073398424223336,0.7065121301025719,0.6270027733008514,-0.4965191234967272
2019-09-17,-1.1511438060601855,0.09552773331010483,0.430847845381539,-0.27760370387379846,0.21806258673752155
2019-09-18,-0.286863514080801,0.4913958428136013,-1.6459243541473119,0.5020307730361239,0.34664294341762325
2019-09-19,-0.07124275858531848,-0.014120969380424134,0.09966756914755066,1.1986083263731555,-0.6118350499238178
2019-09-20,-0.41025186034912825,-0.13237474005598665,0.6055561251860556,-0.17348255228047973,1.7451840726046715
2019-09-23,-0.05949167021996173,0.04058678287653082,-0.6814221410657192,0.9855749370783796,0.21115502250054835
2019-09-24,-0.5396698634198204,-0.9105454664498616,0.4045802525273915,0.5434699637030362,0.6410752228586765
2019-09-25,-0.22659966200243123,1.9037583810626664,0.20241169144708,-0.8250802739871349,0.3794207594738399
2019-09-26,-0.5739829742921132,-0.5683005174743261,-0.48669318866171524,0.4233965228479898,0.626239204227884
2019-09-27,-0.11163359194837619,0.4073949677409124,0.7753254424358241,0.5268449185278659,0.9482392572850644
2019-10-08,-0.5324574080595377,0.607140071635756,1.1578319979165235,-1.0490729930490788,0.4149844480609267
2019-10-09,0.18153870748419368,0.090601197491941,-1.2266417113961623,0.4962523156850202,-0.7796363596466628
2019-10-10,1.2195646455950737,-0.6443173490550697,-0.4801008090524336,0.4706500244445365,-0.3475940047333349
2019-10-11,1.0102515916966388,-1.0235167624193207,-1.0891219732363333,0.21324979020529025,-0.2999995809530835
2019-10-14,0.12541240285711033,-0.0387908482698392,-0.6925166119061591,0.14397660766113293,0.13330094756722544
2019-10-15,-0.35106774937312835,0.47048537257375717,-1.6223315095679114,-0.1796082330231304,-0.42341245285487883
2019-10-16,-0.5509459882075314,-0.664536006875861,-0.34179856562388694,-0.09418479947518735,1.1049073123940303
2019-10-17,0.46208957349188967,-1.266905049325461,-0.049482965610983046,0.23874282308971298,-0.47546631166927045
2019-10-18,1.1843147533979128,-0.23724159817313345,0.3146785817658936,2.13121776773256,-0.015528811690381727
2019-10-21,0.3757487153506604,0.8168214638857993,-1.216614186129485,-0.4812009065018828,0.665202274318881
2019-10-22,0.5645175371109419,-0.3101597147375101,-0.9018936522364761,0.01550218332417189,1.5350174213547512
2019-10-23,0.5321148092839166,0.35747333915082247,-0.38255525729780077,0.8054764231894853,0.7222963542912526
2019-11-01,1.5200874353749452,0.3329814622917727,-0.5196125934837594,-0.46071522768119855,-0.3538954503423473
2019-11-04,1.6606828536334308,0.5560405094337518,-1.2679450513628696,-1.311163216200096,-1.4420013795699547
2019-11-05,0.10096748967355813,0.1011472347719619,-1.0043699455858959,0.3311282526990957,0.9144727384948543
2019-11-06,-0.9917280434993602,-1.1040523481910676,-1.0108010043043087,0.41511988856273935,-0.4621232378026953
2019-11-07,1.0153406618350618,0.20227106759497984,-1.2316678575570166,0.7981713581975691,-0.0323295577818303
2019-11-08,-0.45934211867177055,0.5666354430504796,-0.36192701614262357,1.7539157573069568,-0.3352687335903758
2019-11-11,-0.903774391780658,0.40592121183675295,-0.5185073420168517,0.14070155855691943,0.6754114348673652
2019-11-12,-0.6368826405564448,1.0201348528670868,-0.6549877660150027,-0.6130229304021367,0.8427018198419489
2019-11-13,-0.679187707530191,0.3895196788029451,-0.12232610851606074,1.3223932069598543,0.17045911072047698
2019-11-14,-0.3210538191047219,0.23693056034743057,-1.0300752123430863,1.0748548367023993,0.7364954361293818
2019-11-15,0.5716179960670439,-1.3079700100000469,-0.28932883142769555,-0.21731274016762822,-0.6203641371924723
2019-11-18,-0.8987076626901501,-0.6888633003305906,-0.045549057022260996,-0.7502567594595405,-0.8343268113981576
2019-11-19,-0.9359986401647495,-0.5338403174134155,-0.3208965570528192,-0.35440377485857216,0.2667400339997347
2019-11-20,0.00993434328362805,0.7170801948597139,-0.13087440010817067,0.32966626145693345,0.3336583364090463
2019-11-21,0.958189392641905,0.6132008674551706,-0.32044788219887843,0.7731805294393536,0.176063254708319
2019-11-22,-0.3277375238536294,0.2323260136969588,-0.46213506042430985,-0.46590017607165013,0.12512111066675566
2019-12-02,0.35689935347031404,-0.8295386797326489,0.14379454678411882,-1.4206423436484952,-0.15312992813132636
2019-12-03,-0.7512205555871891,-0.9578600876254719,0.9307319261156021,-0.469503511685415,1.3984209968295764
2019-12-04,1.1207909893963381,0.040736156795478956,-0.9701020491562969,-0.07844982968638878,0.29393664640406725
2019-12-05,0.1445774915539815,-0.3187895441850097,-0.8974880612125455,-0.21897515992449745,0.7975273658920489
2019-12-06,0.8797779342930347,-0.09074007061276224,-0.029488990657228698,-0.7978609040967204,0.9614842595755778
2019-12-09,0.16611649875940163,0.12248138493233579,0.22677112332488192,-0.14308124026649335,0.5785239291619109
2019-12-10,0.19739027771268405,0.28131925680182907,0.14724822485418,0.4104725620848164,0.5068857049892459
2019-12-11,0.4276649185540819,-1.4492822859359573,0.6039111695417243,-0.18046879684925396,-0.3716038609649851
2019-12-12,1.052616761864336,-0.09184399605969164,-1.5421111279795583,0.720543411320076,-0.018733498467647113
2019-12-13,-0.15739179276187631,-0.7228790458938754,-0.12112536225392626,-0.8900018471948331,-0.15800711595416433
2019-12-16,0.730650094781245,-0.4019370620845426,-0.9853928020968417,0.3607036725161372,1.0288339333834793
2019-12-17,0.24326262631508408,0.2669074991374632,-0.7153720156178136,-0.7418319506353008,-0.06370464794154317
2019-12-18,0.6088904870301668,0.03091136364891521,0.15498404441277516,-0.07138534760076619,0.23520862897039782
2019-12-19,0.08598484984661438,-0.705322177146714,-0.13130964859155841,0.7420562237267557,0.29202066645923536
2019-12-20,-0.6511687415340559,-0.10866397657803556,0.032426141865664206,-0.3610522849632689,-0.7728066345437964
2019-12-23,0.15738420407013654,0.0600025966398456,0.5199794451141652,-0.667123221857404,-0.48439959761163265
2020-01-02,0.30580293985418544,-0.1524741936468118,0.7332031336330741,-0.7796946291963033,-0.1469029075420352
2020-01-03,-0.22840956392868425,0.07033809795094259,0.2923917161888385,1.1379116892318089,0.5035764923659382
2020-01-06,0.0345075011497751,1.1395952250538923,1.2137738444713981,0.6019625951417501,-0.544071723280905
2020-01-07,-0.11410563469015692,0.29486536742157776,0.6401552027725795,0.951832593478142,-0.21106764628650704
2020-01-08,-0.8792345217901747,-0.5278979162928923,-0.5638399163639143,-0.4473903958490369,-0.16937605685831536
2020-01-09,-0.08746125532814138,0.3088173403892311,-0.06778138553719093,-0.7217319645827344,-1.7639269033810123
2020-01-10,-0.02022538094396874,-0.4074563894485328,-0.025763442007604602,-0.634648922031211,-0.5395639496873001
2020-01-13,0.10103770965856497,0.178649819717867,-1.0034650835102714,-0.7049779194575869,-1.2097039450503453
2020-01-14,0.004043956822385964,-0.4508622569881432,0.0880407036383869,0.19318662158325045,0.3077994797865649
2020-01-15,-0.5125593638538063,-0.05721211841499089,-0.5031271366454133,0.9690787041438182,-0.8888804511218218
2020-01-16,-0.11633030349082003,0.15923519720558968,-0.3310992024135159,0.3891406526819536,-0.11322138597650627
2020-01-17,-0.4997756145165306,-0.32178346928897295,-0.555445248135079,0.2518313425705151,0.7045855953856851
2020-01-21,-1.1462150976995136,-0.3328916922486132,0.16515915054717745,0.2297367013747563,0.8700158391342436
2020-02-03,-1.8627937197422557,0.23023475590030554,0.6208400551102282,-0.918547658792094,-0.782978319412614
2020-02-04,0.07520947268314865,-1.1332599952065725,-1.4677769570886456,-1.8789225174947668,-1.4954403879703035
2020-02-05,1.6878970273948841,0.5876628621914017,-0.2296268546802215,0.794342452952267,-0.2573063317682283
2020-02-06,-0.3756624151979092,0.04057218359642817,-0.8187971629598685,-0.1143065851110124,-1.145961862351841
2020-02-07,-0.6526567197552239,0.7522143270324309,-0.11467055308813,0.17351033437220195,0.4312790038265144
2020-02-10,-0.3168023746683083,-0.5683665748656149,-0.2708929649333521,0.8818958904756562,0.35401597426000964
2020-02-11,0.8416497685705538,-0.2628448124416331,-0.36769982802737566,-0.5175535826954797,-0.44176727106450003
2020-02-12,0.9814497448904093,0.23528376894567615,-0.8916009484330353,-0.08056784474262987,0.135097502549923
2020-02-13,-0.15103121542672088,0.2796563936897987,0.13986896489077164,-0.05955393679517544,0.5995004210151291
2020-02-14,-0.22041952785569108,-0.1562084827875368,-0.00039111953152220596,-0.43536609900142687,1.1120421245716365
2020-02-18,-0.5741689775377791,0.5510429120507054,-0.19408974710394966,0.1309358704658635,0.4471813802535911
2020-02-19,0.6413694811933712,0.9656874505518789,-0.48393588892910266,0.19437314254132765,-0.24770703397040195
2020-02-20,-0.233303740834859,1.1426023908450602,-0.06891091103585723,-0.8642335016659972,-0.2951842600397606
2020-02-21,-0.208394354268338,-1.4192525857815161,0.2767198977623036,0.9417154725858254,-0.2967605164162353
2020-02-24,-2.0327092955514607,-0.36055835726525565,2.1527527326949945,0.2992417705480692,1.1088772938098739
2020-02-25,-1.3416765627426943,-0.8126661280575931,0.12072205943137052,0.2308202326073724,1.0038874314437691
2020-02-26,-1.6701921346350916,0.22437250473743472,-1.9919927279242122,0.6387708002674477,-0.8899964648857561
2020-02-27,-1.9377078181627232,-0.7494842509408198,2.0554739602352,-0.4721680909059424,-1.3710472390212094
2020-02-28,-1.4853191247168096,0.4757078686446312,1.2577200451546013,1.9644253129859808,2.4695026549196757
2020-03-02,1.009721859769549,-0.490108604766417,-0.4787788608235394,-1.8698865747980606,-3.165749889188955
2020-03-03,-0.459425942443127,-2.570868231963057,-0.7712619414891992,-0.980614493560684,-0.5843828514542018
2020-03-04,0.08841665443284247,0.2068694480424344,-2.0169771643458603,0.24789274104560674,-3.743334501560806
2020-03-05,-1.6444031138827335,-1.116025745434214,1.6503047732024976,1.3175784611033547,0.5709966337690174
2020-03-06,-4.301010489906833,-3.3005695183350157,1.2686544035836367,-1.5270310964933491,0.184072628863002
2020-03-09,-12.401422208981636,-4.747479565128056,7.356055569686615,1.7459051558819678,1.65109763399665
2020-03-10,1.9042469811821483,5.021396833598058,-1.0207584771245413,-2.3307213350790796,-1.2422231235585157
2020-03-11,-1.7287542515497905,0.2669286762201339,1.5964303858662532,-0.6765614597697991,-2.8386234124274807
2020-03-12,-5.666301263952719,4.158049212043878,11.41354918946224,-0.0078094149379479075,0.9869552828077008
2020-03-13,1.3093994364257375,1.9750690187306787,-0.9327365490532857,-0.20834747815190918,-4.916724235532969
2020-03-16,-6.175238271080036,-2.045618518074903,7.329656329927312,5.0376212074921884,-4.534392781675805
2020-03-17,-1.638544580483135,1.7674541480822084,3.1576437197186333,3.9270713224418055,-2.4622364546226136
2020-03-18,-7.676349655421932,2.1008566380895806,5.333250324800454,-1.5473174979225748,-2.3626500315367855
2020-03-19,3.909058446980991,4.1788578850015705,9.713613292105654,-6.128120957737319,0.3650611975083894
2020-03-20,0.1978990235729318,-3.6971969229909374,7.397664088983502,-8.701067790349137,-6.201064236572838
2020-03-23,-2.7487176078380022,-3.2528996307292544,3.826681467868477,3.1496117393270393,-0.02009208866375731
2020-03-24,5.041184062963814,-2.360335955380008,-0.3351335461114081,7.201791918571794,-1.6806656295210898
2020-03-25,4.136188808855946,0.4384757153303459,-5.253739981497946,4.149166754206386,2.9033220891980647
2020-03-26,1.1589934620054994,-1.4904276560973402,-2.7132448381621015,3.7599402921678875,1.995730509498452
2020-03-27,-3.344888382530576,-1.345415925045392,-1.0448479837968732,-4.212802035628824,-2.6398630040863424
2020-03-30,-1.3809162300183784,2.0194133154775216,-1.323320906485186,2.221024328521928,1.1008045090216507
2020-03-31,1.976921222346613,1.426869420350364,-3.8322681275344035,0.7948665270524102,1.191214029657402
2020-04-01,-0.6870936008512625,1.0590834494736292,1.729919545181658,-0.4201395819462008,1.6151994741113977
2020-04-02,4.977396602010102,1.381861493495324,2.186713755792302,3.811976217610445,-1.1287056473232508
2020-04-03,-0.018058793076377134,1.05630972662334,1.587386701188995,0.46330159649818514,-0.671342267207575
2020-04-07,2.1530816901796137,-0.9935305572628265,-1.2794023330479098,-0.7512918383206093,1.0405559669083697
2020-04-08,0.5328650391471197,0.6594418683789743,-0.18681431251149064,-0.11853710257773774,0.7302205334828549
2020-04-09,0.26996757145509875,-1.1561353931757932,-2.7627025841388333,-3.7954608094877633,-0.0018210021082826107
2020-04-14,-0.9370878067412296,-1.3917281415466152,-0.8340530122322162,-0.604021945271782,0.010926543039034505
2020-04-15,-2.8228862260647007,0.6405727627907588,0.990202103938316,-0.26333357130334756,-0.22514150300994015
2020-04-16,-1.597773776775162,0.5718889306637367,1.1007257350888076,-0.8419318377178299,1.240826862220011
2020-04-17,4.107018304418498,1.83826532096424,1.4134455485393878,1.3645266458056808,0.38219763873536866
2020-04-22,4.32246361736112,0.2732263768682302,2.091462525405306,-2.962546651218991,1.3049849157811506
2020-04-23,2.6254213144083045,0.21098836181318878,1.1052739098276938,1.787692167368624,-0.13846672558868584
2020-04-24,0.923686152786698,0.578794060633956,1.345988517228049,-0.4379948319159693,0.5467073364267417
2020-04-27,0.466238587645433,-1.3457728998635625,0.02780021501693564,0.664816986477139,-2.1265455643510927
2020-04-28,1.2474723824790959,-0.41362837408078457,2.037790734788889,0.687861881509597,0.3664379404859306
2020-04-29,2.693829559370133,-0.09283652003007012,0.8723272669809751,0.1782816969167441,1.264448016861285
2020-04-30,2.350653166465867,1.1978644252971484,-0.13784899663032024,-3.098789589709217,3.2151487519736768
2020-05-06,-1.6113585157839747,-0.11531312656631593,0.7594959270026149,0.6000751314069914,-1.911538696329985
2020-05-07,1.874293042907741,-0.7868647458895618,2.284761407975859,1.8364885833557894,-1.7148868262464592
2020-05-11,-1.135786359357272,0.3607093395535784,0.3226292681008865,-0.6450024234690164,-0.6660704389803943
2020-05-12,0.8991700762612783,-0.24132983751660037,0.35854447674888396,0.012444722078121117,1.12509386466073
2020-05-13,-0.9688522541969529,-0.7240733418386676,1.5310734086766893,0.6866332921431072,2.0854882915028923
2020-05-14,0.21835643657967316,0.8612800072456634,2.0296251183587013,1.9625034017521377,2.1323010851760658
2020-05-15,-0.5484496659982288,0.277907226041495,-1.0565396680652737,1.286505839764249,-0.21955301622987505
2020-05-18,4.018659506192326,0.21472635275991733,0.8954423876939591,0.034828562550749086,0.5047808414968152
2020-05-19,-0.50640473298765,-1.1994724383249669,-1.329835391815179,-0.742916390783094,0.3656659741418413
2020-05-20,1.2132656565585416,-0.3979405095070182,-0.9369004628890724,-0.340064681064727,-0.6270867881260477
2020-05-21,-0.9116353212030048,0.5513777146562817,-0.29801594160320444,-0.7163116456765544,1.4665602788079937
2020-05-22,-0.6647096509822296,1.3217719610059253,0.850612851487064,0.6821492187017805,0.6153446174266296
2020-05-26,2.373102866356851,-0.5209763686871447,0.07294719520211489,-1.8645265651259657,0.9107068664817467
2020-05-27,0.06008894907109906,1.3864919441861046,0.5438802223978602,0.4067722932456721,1.8430136057202509
2020-05-28,-0.29807190762735225,-1.8726004697652145,-0.7741557941693806,0.892461680146642,-1.8215829248044888
2020-05-29,-0.11400051719110713,-0.37976070141436474,0.8376230385659075,-0.24481926784419675,1.394250907783593
2020-06-01,1.8581033435629621,-1.8361573291984412,0.41461683678548344,-1.4071380218679197,-0.46458392361506645
2020-06-02,2.0704785732067945,-1.0367876156823252,0.469704141052362,-1.5692557076933686,1.708680174757366
2020-06-03,1.3803098404827823,-0.31602457810950085,-0.709334094699138,-2.697970195342244,0.7740487600926822
2020-06-04,0.7168719814498026,0.06994536834525673,-2.63492561106573,0.3993416592647394,-0.11065650043962896
2020-06-05,3.38223465942954,1.5660736486769724,-0.6561214613649301,1.1298539518568285,2.1488600501557227
2020-06-08,1.5046482323073598,-0.5447629197837005,1.666864449709723,0.5762327686445751,1.7430208432074816
2020-06-09,-1.3490815789606088,-0.8139600954247711,0.10002045016944121,1.4119424006756183,-0.9242388377328162
2020-06-10,-1.3926708828729235,-2.4636241837943675,0.1965351632518049,0.45411527650227473,-0.39119584704555066
2020-06-11,-3.80623714934561,0.5494636037120859,2.936346480299308,-0.012580207236307216,0.6274729432027404
2020-06-12,0.6736200478040274,2.557256831637571,-1.6159864516335862,-0.32803415441808964,-1.0495889744253128
2020-06-15,0.574580138205005,-0.15759747264401225,-0.31088432168968777,0.4522681532031319,-1.660664719894478
2020-06-16,1.3465485975609548,0.7274646394196594,-2.6985893249707353,-0.36962084350492763,-0.6869749016978738
2020-06-17,-0.8083963695259707,-0.18361348197585045,0.4128697152274214,0.5540487629680052,1.2916621935845563
2020-06-18,0.34244404129711536,1.808003808389363,-1.9219114609936077,-0.6511653433957624,-2.7367041668449983
2020-06-19,-0.3821864256753337,-0.5734228262236758,0.8061844701340184,-0.05386481445120548,1.1698641497086966
2020-06-22,0.5860423974953074,-1.1245623855378648,1.1135706975059823,-0.6906513205526166,1.0498834589232366
2020-06-23,-0.03020936243627502,-1.416015395811523,0.602819547326122,-0.45967503883667166,0.6940595990792405
2020-06-24,-2.2841613149708824,0.10261600098055476,-1.3250670953573631,-0.9933283604531428,-1.7112881985980068
2020-06-29,0.4256450727968868,0.5831042171945156,0.3488115827311492,0.4332556516742375,1.346586680064859
2020-06-30,0.962208916614727,0.24792384793998767,0.04937693491378289,1.3636538350373133,-0.21696701916497288
2020-07-01,-0.4551896048597069,-1.212861558713279,-0.4389643235096496,-2.1129780370975215,2.4552894369966958
2020-07-02,1.1926700928233287,-0.4252346318539488,-1.3319943171997615,-0.9248086895254027,-0.1957495120059147
2020-07-06,1.4065254270371954,-1.8301777313892154,-0.5240412137014128,1.0855532945943434,-0.3886093245330968
2020-07-07,-1.0145037936072676,-0.5653731720593542,0.872197239580519,-0.7545576400364025,-0.05345502489866149
2020-07-08,0.8424242820735924,-1.0826401924251783,0.5246694892010363,0.3099693040900101,0.9141977044041745
2020-07-09,-2.0968531506486263,-1.6798188495855342,-0.5571969237343701,-0.30902795700124625,1.4830558767340405
2020-07-10,0.6349140500993833,1.3361066761102627,-0.03700867091225926,0.9435736859881358,0.32188430265130874
2020-07-13,0.270632511993371,-0.777868510367968,-0.19105329297664664,-0.7108336744792352,-2.02530525476467
2020-07-14,0.9970639289558311,0.679693093183233,1.0501502408399983,0.7457563866478061,0.19723968986103393
2020-07-15,1.3729190699732208,0.15170434730381158,-0.1835972599921526,1.0148856113333475,-0.5028715368510409
2020-07-16,-0.34987895392037216,1.2353677464193424,0.816466886170515,0.49523464231285846,0.8015791042441337
2020-07-17,-0.21442130885679156,-1.1809344084521907,-0.36615357238507334,-0.9566953244470067,-0.4441275880009547
2020-07-20,0.23942080744894903,-0.6767019481162135,0.6971024390780676,-0.722412399458666,0.7539515750580423
2020-07-21,3.3463467366673507,-1.2006246379560945,2.691828442360867,-1.4438458214876149,-0.16750144589629432
2020-07-22,-0.20787415365276077,-0.799244701997226,2.3294382112986813,0.7222299428790379,1.2619384922529497
2020-07-23,-0.6726994703272299,-0.08784449623576684,0.1256847609645481,1.1717181948225872,-1.4092280534019546
2020-07-24,-1.4357836197701594,0.6767258340883124,0.4223497087456087,1.2262016337381163,-0.8907982311264457
2020-07-27,0.5654660521308629,-2.3773610270085936,2.5751723232932906,1.515159821373759,0.7814773841748492
2020-07-29,1.1529430161005787,0.4428804013759887,0.22923387827048317,-1.8888940335429516,-0.6765377713631247
2020-07-30,-1.7665528634013312,-0.5187478478646559,0.11458251053274497,-1.6554082447035376,0.24186422061609658
2020-07-31,0.2211785505766398,0.6001913513621357,0.9918022309274844,0.876757660653984,-0.38684523088779077
2020-08-03,0.5844600542669729,0.6650898801607763,-1.062317189071384,-0.06364363254836991,-1.5112235423478058
2020-08-04,1.04207538597084,0.04796476961188093,1.8636714080450751,1.9458831115109692,0.6088930789164535
2020-08-05,1.5524052048219277,-0.4323297064735089,-1.6669775352897782,1.2431788077138306,0.9092251529981318
2020-08-06,-0.30811600816653484,-1.228840757026508,0.5749300079347581,0.4269976353117241,-0.21424337912631505
2020-08-07,-1.1896811010751542,2.196014110099515,-0.9852024984353087,1.5925454680415534,-0.30590891458912334
2020-08-10,0.9759262036820802,1.2963989140026735,-0.020681337277887808,1.5740357791577815,0.14499500872905338
2020-08-11,0.6322224148973653,-0.7334786139126923,1.454704112137216,0.9897199973033395,0.24593715800384253
2020-08-12,0.6116804236497801,0.11083455284100954,-0.6959461712666183,1.134144499502371,-0.5226965277694482
2020-08-13,-0.4477396520108411,-0.023040637083013113,0.8399897996631481,-0.18939619454239653,0.9585704415644304
2020-08-14,-0.23655985955878295,0.18684318853228238,0.1160524494258096,0.0968617352268746,-0.8961314108911583
2020-08-17,0.16310218264658555,-1.2818290873231795,0.8648373341472817,1.2960679335903662,-0.5948246040503149
2020-08-18,0.07060182257620502,-2.0019424179064744,1.1439582457239397,-0.09592586129475267,0.11471101405566071
2020-08-19,-0.835275297520205,-0.14458922337582022,-0.6910239623281167,1.527083249740344,-0.8180282696858584
2020-08-20,-1.1417449312847003,0.7006125501297265,0.521349426787129,0.9091612484934212,0.6571393588646762
2020-08-21,-0.32033995386440794,0.24390744168722472,0.013491429354277627,-0.7243911789491477,-0.30468398847579603
2020-08-24,1.0983416330115177,-0.3244646844313406,-0.896054870165367,-1.9669835745635247,-0.44597761418988546
2020-08-25,0.0996841742605909,-0.265061282724052,0.24081200824723636,-2.2595703619269583,1.350236386011509
2020-08-26,-0.4577275077700394,-1.325206304901268,0.38084347046176353,1.427431976352274,-1.3874918722071823
2020-08-27,0.2699015061863171,0.3975374738830093,1.011967641579392,-1.428733894598975,0.10341513522743491
2020-08-28,0.9152933563786108,-1.9851676147520207,1.1384969630158346,-1.2501952660799924,1.8665711787611665
2020-09-01,-0.36063668937964055,-0.8668064514160114,-0.6918987321042641,-0.9848598555423193,2.117128624725927
2020-09-02,-0.9311663810061079,0.6908803290504079,0.7324770721318304,1.4546305570692404,1.90059825717595
2020-09-03,-0.5281039553982015,0.4093911372850313,1.1282133683569657,0.49578514433546006,0.39626542154911404
2020-09-04,0.2646602034661612,0.757846584442163,-0.7632736113324979,-0.04613761537749296,0.5947249203144048
2020-09-08,-2.097089658093684,0.40197094838998915,-0.2824564937315475,-0.773765434918873,-0.4302779071311051
2020-09-09,0.2598206339404672,-0.9092241882338684,-0.38543805098969375,0.790418036338288,0.6099549054621456
2020-09-10,-1.392183954330791,-0.11711995541507404,0.2463934623389617,-1.3938854414767041,0.186801634902049
2020-09-11,0.29538162145318086,0.026943603041625318,-0.39239863429410776,-0.0212589152893842,0.3862883675799775
2020-09-14,0.2439443794642505,-1.178838669732984,-0.3925072013062675,1.3148857155898972,1.4719145056517764
2020-09-15,-0.012615716281463692,-1.1555319481886892,-0.20952413485406204,-0.4248813391889168,-0.48576560974759525
2020-09-16,2.246252614298414,0.5901206937859176,-0.12724426840253555,1.5002597035898562,0.6070400164468748
2020-09-17,0.11454469295571947,0.2762183850283217,0.2458874406835472,0.8978877197564342,0.18171801439213545
2020-09-18,-0.29800697807063586,-0.29009243912543253,-0.9271135831719802,-0.08413057977634761,-1.8928793433295954
2020-09-21,-3.163223220103134,0.7615976349923951,0.89566922054651,1.3947393337785796,1.0760303678092007
2020-09-22,-0.9654338379780284,0.4555537137347377,-0.6258910277354284,0.8342962244612431,-0.7801823640986405
2020-09-23,-1.7032576123612786,0.4792312470718802,-0.9966839677987939,-0.759637406658578,-0.9459416933351921
2020-09-24,-0.5914471935889641,1.15648643713984,0.6519169433484524,0.6529625892851533,1.1509208890787908
2020-09-25,-0.5718648461153146,0.21481600962012534,0.41609520572688724,-0.7554181549580219,0.15402581895266207
2020-09-28,1.1739076094256842,-0.8986102548982675,-0.7526131996848757,0.5395634338824734,-1.6363595928331038
2020-09-29,-0.5937843504347116,-1.5959567659289582,-0.24020492686038647,-0.9242351845711829,0.20404611910730447
2020-10-12,-0.5470711869440918,-0.03027961626653144,1.6660697570939689,-0.3293466445717747,-0.17961147222270185
2020-10-13,-0.9610560254467394,0.05005648821849882,-0.18359398976061408,-0.3505114067865784,-0.4120955524956708
2020-10-14,0.3863431192182813,-0.02514137373686687,0.33045928972129673,1.9342401507805238,0.567084478231826
2020-10-15,-0.2998242507851741,1.603750334581646,-0.29700971517236024,0.9209357553781116,0.6834968928780629
2020-10-16,-0.7501595529718601,-0.9158823650894459,-0.3426499699818605,0.659759413008842,-0.19448006885437463
2020-10-19,-0.2042858459583664,-1.0656197538900816,0.03878147317186927,-0.3760937448386897,0.4302687875442509
2020-10-20,0.4732843967588262,0.2189471749990846,0.19599505248121435,0.7316533906750856,-0.0011163556147915114
2020-10-21,-0.39892632044436666,-1.8913636382979724,-0.2883363169827564,0.13867310051846415,-0.4193557432930195
2020-10-22,1.1707794325634033,1.5034952881728234,0.05677061932073227,-0.6850763253908463,-0.5523821345585116
2020-10-23,0.4702238602050777,-0.12002680381383249,0.09931158407862288,2.364163565531555,-2.8915598619074614
2020-11-02,1.3170677431527191,0.027438770562746018,1.958546339149604,-0.3197810473031308,-1.3027476775047873
2020-11-03,0.7962313352163616,-1.9504955744664296,1.1664510350729818,-0.4737884365580433,-1.1905638618770513
2020-11-04,0.12440959784070835,-0.8351605606000929,-0.8649438030794645,0.738497226255013,0.2426416334075232
2020-11-05,0.13085975697820842,-2.510971512506705,0.8948949802197349,-0.1622340334051586,0.6798883118019062
2020-11-06,-0.7077676042187793,-0.6704309151817336,-0.6570841642217029,0.6486004761760918,3.066743237421809
2020-11-09,6.1946295608305775,3.258406156978918,0.09499453619124744,-0.8425149908423699,-1.7254444617549771
2020-11-10,1.4249349974369871,1.0150938199251993,0.2150205836394708,1.9663350070215762,0.04060136515683425
2020-11-11,-0.5941600838334632,-0.5234425521851199,0.565292683096509,-0.456175027102596,1.746180178402764
2020-11-12,-1.8879423111417146,-1.255718552713116,0.19370023605176961,0.08385454811003187,-0.31571923140636393
2020-11-13,0.5826092388401509,0.3993658333331718,-0.8791632669745122,0.8829199072250064,-0.04125193395662572
2020-11-16,2.725703583906753,0.054128745848866996,0.36264169070634256,1.4883590649424558,-0.37623283830769777
2020-11-17,0.4856277535515212,-0.25878729159204605,0.5302244847557702,0.5870676303738173,1.8996992353218223
2020-11-18,-0.24694201229439222,-0.8521773505469626,-0.7384014117696699,-0.15565845460230368,0.33976178128873336
2020-11-19,0.20268396844359854,0.7394721602308336,0.24166965217285652,0.6650447715383621,1.4346627314381586
2020-11-20,0.09675631687381309,-0.6249816309215022,-0.8882831498504336,0.26406632970496513,-0.9173393195460464
2020-11-23,2.2373010516637986,1.908429291042099,1.3102855388966854,0.2744932766248626,-2.0449462381791292
2020-12-01,0.621675805257884,-0.5226577041389463,-0.0027970648357592436,-0.8790454036441143,1.4086526448183976
2020-12-02,1.7053430611085862,-0.1137090747828351,0.14993948237363852,-0.6414151508206711,-0.4266465445801944
2020-12-03,1.1110905542359222,-0.9420242150522201,0.015057119925767373,0.06206369888135199,1.4910418166270318
2020-12-04,2.4788961330880497,1.0162577030301772,0.8242443178502088,0.23940719568272195,-0.022972291969645432
2020-12-07,-0.34555664191372076,-0.9645512471244387,0.2642266401385587,-0.574401626424229,1.625434424313127
2020-12-08,0.2700984320259663,0.008546870282533339,0.07530858020363844,0.15428693118879142,-0.033687493255757074
2020-12-09,0.039536823055629985,-0.23174712500530326,0.6061673992570016,-0.2707655965875124,-1.1305659734516187
2020-12-10,1.7664284414561617,0.0575934857722779,1.8700635533184868,-0.41375207945229353,1.2813817882576708
2020-12-11,-0.5427474063791877,-0.05300485445472914,-0.0022908555622558175,-0.6366675439113056,-0.4868370446064957
2020-12-14,-0.8564426793305401,-1.1147253709913707,-0.9195580363233846,0.329705731321876,-0.4920302675671464
2020-12-15,0.7971664252350638,-0.10222140915630237,-0.4729397750792665,0.9023431032997659,0.6803811438560393
2020-12-16,0.020221965731721893,-0.5638697343966012,-1.0491810083621458,-0.3255818923433375,0.11941933636763356
2020-12-17,0.23907358263279146,-2.129702959175009,-0.347747107944928,-0.12066936371892595,-0.2977219866350852
2020-12-18,-0.612055897315445,-0.08671692819795099,-0.8719167226755071,-0.7042716352374867,-0.1946967998338114
2020-12-21,-1.8269225224618995,-0.32179982797565543,0.5414450283905908,-0.32529022395365415,-0.3923904097202963
2020-12-22,-1.038433968554676,0.64429999175459,-0.5940246537373411,0.4571877344544658,-0.654153541179672
2020-12-23,1.2549134002019857,-0.48983314690406243,-0.38717007522209,-0.1219783107978492,-1.0116014955497996
2021-01-04,0.9449596642470521,-1.1196915379911192,0.3395475857173424,0.7200121604871523,-1.3113589116583029
2021-01-05,2.3450702120630025,0.25630042757099625,1.496116213501678,-0.7903395618457923,-1.0405942017636547
2021-01-06,1.0905085614957923,1.354875179715953,0.3410694599434687,-0.21669416092366928,-1.7834835202701247
2021-01-07,0.7352107335315882,1.2934394634836965,-1.923950543755124,-0.6551493909845135,0.33817984666015927
2021-01-08,0.3290000016667634,-0.3874798109861663,-1.9573582535411085,0.648523172936266,0.4538166285018868
2021-01-11,-0.4843237502312552,2.1832559923063215,-0.09720053052644599,-0.675048291510413,-1.222134447500874
2021-01-12,1.7225030786584847,-0.05952242465304963,1.4899509182076456,-0.28073525092938906,1.5990831113195296
2021-01-13,-0.7577341396315375,0.6669822197677768,-1.1543775422919678,0.02570405776321638,1.098329594580494
2021-01-14,2.0199704630894724,-0.33136242656451514,1.4411777260760255,0.7891926723866365,0.24572456447566904
2021-01-15,-1.8921269707817758,0.45422612522997774,-0.5942975709907258,-0.016784179938946462,-0.5601260109648203
2021-01-19,0.984201153312723,-0.21510419193105718,-1.0669294295151601,0.9830765531751373,-1.610621749792717
2021-01-20,0.8940443166881035,-0.9458436353411612,1.266631445329252,-0.16421736882336593,-0.3377493289704468
2021-01-21,-0.8509047886979983,-1.455685666915375,-0.4484459353153399,-1.8223139488615536,-0.4827806989934313
2021-01-22,-0.6792755438782765,1.7939740668712723,-0.7482398159500223,0.9348747816643718,-1.1100752008744712
2021-01-25,-0.642606779704645,-0.2949451842737305,1.2701317627726547,-0.5733166175025785,-0.7681891873274479
2021-01-26,-0.44695372483957374,-0.8666406469407403,1.0843789473463465,1.2586476811059897,3.207272218338013
2021-01-27,-0.792754389240889,1.2403682128131681,2.9081892757696273,1.0425929419547242,-0.6070853605661417
2021-01-28,0.48225369277353347,-0.6545156265524347,-1.3675309982887685,1.753472824129524,0.08096199445701745
2021-01-29,-0.12100315063415863,0.4968223111928351,0.1557723316987,0.7311220060548429,-0.27408548652609616
2021-02-01,-0.5215422783551158,-0.492770481173874,-0.4763991783734844,-1.3141331588228407,-0.017820533293369818
2021-02-02,0.38214286072224135,0.10793318109574473,-0.10143207706913765,-1.246068416234265,1.046241024279204
2021-02-03,1.8327610305395878,0.5904252714217915,-0.8704987250884794,-0.47090581616639504,-0.10632924935058963
2021-02-04,-0.28294464141271514,0.4460867494198203,-0.4467128261923463,0.2265155150237376,-0.2235154153156653
2021-02-05,0.8688842110463859,-0.7997628177288859,-0.25039689288299255,-0.7627486344104248,0.5820541380793662
2021-02-22,1.9613998414644185,0.6151056160227735,1.3094149765782825,2.5298773167604294,-2.041790323982038
2021-02-23,0.520905919650259,0.47715259058527526,0.5873989550244582,0.6040890197976326,-0.6535789005173949
2021-02-24,1.5497241628517733,1.0425699353864046,0.23088703923301893,1.7564880682965138,0.5062047274704193
2021-02-25,-0.9254699807811145,0.7054682144482766,-0.5997044010200565,0.7960830339628014,1.2450030972258639
2021-02-26,-1.2305581250488118,2.0945395643723095,-1.5764708617273913,2.486266107986436,1.4285352950913868
2021-03-01,1.2089665104891987,-0.4068564723787299,0.3334899851339437,0.14012085085883325,-1.7331407125707952
2021-03-02,0.30509672523897774,0.045111881747946836,-0.52172153713188,-0.2816522361804178,-1.1723042235585988
2021-03-03,1.1900995990760976,0.8001618159955578,0.7360293907371,-1.6786003935098603,-0.1985991195251965
2021-03-04,0.9850110378442107,2.310113832474668,0.32556337351417963,1.898974572544409,0.08393808144200983
2021-03-05,0.852840154138887,2.3602225100179344,0.44704545865978934,-0.7208279170375538,-0.42128400140715605
2021-03-08,-0.26117519286949403,0.8466506173398128,0.46228237987844734,2.122145508929394,-1.2994162016284623
2021-03-09,-0.8291348435464673,-2.0596419312801357,-0.4576234187905866,1.0365327561543607,0.4009825377065785
2021-03-10,1.3652330682703286,-0.11913378335501672,-0.32021263682434464,-0.8785623250496383,0.8126707226274144
2021-03-11,1.1956148489698153,-1.5759750976106124,0.8705292597764929,-0.796581942295708,1.3845410861501795
2021-03-12,0.4734053609601747,1.4506659746976451,-0.7449257454459992,0.20634020582831228,1.4033756761920895
2021-03-15,-0.3002556962558294,-0.0126838010678041,-0.2705416506430311,1.850423368217208,-0.22813280724375296
2021-03-16,-0.4914431241445711,-0.436331757407734,-0.4865906666063583,0.1347579658849119,0.4909530883080338
2021-03-17,0.07978081364748206,0.07343265779826459,0.04681260997978924,-0.43699729427716494,-1.0439963192467845
2021-03-18,-2.835461926681733,-1.2201058078607059,-0.13000904439182015,-1.4346702407348197,0.6428556001879956
2021-03-19,-0.3578491976542758,0.2509137715628159,-0.6953518467119304,0.31995729517555904,1.0952948339385449
2021-03-22,-0.5986094017459727,-0.7093457571411877,0.20109454716666703,-1.069805848016177,-0.3985528954515972
2021-03-23,-1.4725797995637333,1.1665161327939801,-0.17371330606019098,0.9669482700171641,-0.11001933791637701
2021-03-24,1.1200101152237176,1.949065256230907,-0.7793228312773344,1.9177694026811754,-1.5277726056420917
2021-03-25,0.2134129164939469,0.5632549469388044,0.1304617127741323,-0.4385351986551856,1.8898790765470799
2021-03-26,1.0461814506003593,-0.1432218950410711,-1.252266151003031,-0.03739783437422845,-1.0550624796879002
2021-03-29,-0.7300333156633768,-0.3865987693920607,0.3440212621475892,-0.8984943169413341,-0.2853989881912651
2021-03-30,-0.5750115471385036,-0.3099633835946269,-0.8933181111822109,-0.3298200702913055,0.6780921073689842
2021-03-31,-0.11439110181114916,-0.4438062172168791,-0.295693065777429,-0.03706826288875193,2.0661225493753257
2021-04-01,1.1312145391724724,-0.12411364951726458,-1.459119608531208,0.3903420709150222,-1.107105610024027
2021-04-06,-0.14564463766293753,-0.8149192188745593,0.2606404395530252,-0.2403616959169765,0.5059700743222916
2021-04-07,0.3459896226554314,0.4517893891929343,-0.8300700272410946,0.1971982147951707,0.2633386128033436
2021-04-08,-0.6169448839500081,-1.3439783887461534,0.026213125711061817,0.08168425093531166,0.814178799067575
2021-04-09,-0.30399583974818123,0.7358910506866086,-1.3119182923291395,1.4153979888714434,-0.1633838764158649
2021-04-12,-0.2802566534678085,-0.18724392463328648,-1.3211785850945352,0.7349164022175699,-0.2863387098286353
2021-04-13,-0.09618937241306463,-0.7621211328577777,-0.09456450117283798,0.053668574515812036,0.3955729844333876
2021-04-14,1.7872298564753863,-0.2833990872516286,0.31985178816012716,-1.2113836372279114,-0.6618429374581182
2021-04-15,-0.47468218698160947,-1.7222749283488679,-0.23973783479964075,-0.04511347395926799,0.47462839675659174
2021-04-16,-0.2453454247176011,-0.02524814112125332,-0.22782003701262302,-0.6856823462512149,0.8736695683899061
2021-04-19,0.1279855570017835,-0.8045533680916396,0.33348993495370627,-0.6175957160224101,-0.050336306963254925
2021-04-20,-1.3499009997171023,-0.17910489231316581,-0.2106774602500132,-1.0351956132796394,-0.31264296307441497
2021-04-21,0.3218970196031115,0.2732506405054431,-0.5119603660436239,0.5186296201506412,-0.7220169524716971
2021-04-22,-0.22333861236374478,0.4913999751952345,0.057110780529497786,0.010654952135674849,2.0165023834060256
2021-04-23,-0.9822114448121976,-0.039748650628014845,-1.7694971266799815,-1.3572063411605457,-2.03300836298298
2021-04-26,0.9817445399563189,-0.903231524772817,-0.1634922717620257,-0.29341946538644165,0.8821893629817351
2021-04-27,1.0560934701444091,1.1367261013543162,-0.5632682473122258,-0.22072734437227665,-0.52165276117158
2021-04-28,2.1588201061577093,0.3288343642884595,0.5173814893325501,-0.01183986916005069,1.1975824778985469
2021-04-29,0.49852402252365785,1.0697257065966574,0.02446969302710322,1.0629906975485577,0.0013064415117665243
2021-04-30,-0.8442394689529523,1.1049833928740733,-0.6669791244765676,0.19045104807188815,-0.6921685750230681
2021-05-06,0.19737854347899655,-0.9802118925983972,0.010742061807646546,1.7793922259272128,1.034605867734539
2021-05-07,0.7393172470400126,-1.9749668226788981,-0.6858216638639271,1.2689278146456624,-0.20670933837608013
2021-05-10,0.5349496871709412,-0.20706585873997524,0.6950973611825862,0.5641451908959629,0.24015784769886123
2021-05-11,-1.2248353466193311,-0.1052389836319284,0.04308918655914868,-0.569853136896515,0.6974423971713749
2021-05-12,0.5638853027408106,2.523805317691515,-0.21541947257241081,1.665483419451041,-1.1184564019773457
2021-05-13,-1.811503004537809,-0.25846597363209084,-0.8606657453681634,0.1744129196569866,0.7806933099281183
2021-05-14,1.8615545080870162,-0.8608693971107999,-0.6361990482057491,0.30143764683621227,0.9950285747412092
2021-05-17,1.3388803403583973,1.103973444454732,0.3035292641311797,0.5450482915549735,0.5777720904942143
2021-05-18,-0.5027005328360272,-1.936677083843234,-0.6373645960468667,-0.4637896242576597,0.1312908318148026
2021-05-19,-2.1988085670591744,0.7397705342873458,-0.4225457879544228,-0.09756163654144495,-0.6937067913544126
2021-05-20,-0.7544298123683493,-0.8086785041736121,0.24758578871170278,0.8042911060905734,0.24656786930317542
2021-05-21,0.188750097552751,0.6199818456102468,-0.9632783660757857,0.5471632235855856,-1.1499414900138958
2021-05-24,0.7473632823279992,0.13051062930652296,0.3597360389155579,1.1730192330782208,0.8870128329361155
2021-05-25,-0.6876673130872623,-1.188246892138721,-0.3718022852019618,-1.4839093914696575,-0.02130078246833379
2021-05-26,0.08861321893630297,-0.23421225999333814,-0.5104151789314056,0.1363291295808738,-0.12875187759430753
2021-05-27,0.43054660016057256,-0.01332607247272448,-0.14710339806871534,-0.550098215100283,2.053124265944437
2021-05-28,-0.25672827717353663,-0.45323453561959043,-0.6969144623860771,-0.28447951685503065,0.5414219323945447
2021-06-01,1.5588000617213933,0.013085657093302299,1.1023389632443823,-0.5901750519199428,1.0275332986192456
2021-06-02,0.8486202843125763,0.21004841007386146,-0.3430732584557679,-0.24072184935611235,1.1352074324956725
2021-06-03,-0.4316916800681518,1.4110508178859447,-1.230874491108884,0.3584410521146727,0.9850303746294986
2021-06-04,0.4195152094289662,-1.4160487414434086,-0.012132470112417694,0.4097108284556724,0.5312838338737178
2021-06-07,-0.06115348498162743,-0.3999292530469543,-0.4870537542002972,0.44743629353683373,0.7422297473530204
2021-06-08,-0.35378634538094234,0.2829061872038942,0.21229195889274116,0.5193506921332354,0.43617272813542246
2021-06-09,-0.6302727201624626,0.20483209295462304,-0.016969461275736224,0.3757370639852336,0.1294460093292962
2021-06-10,0.4217771827667739,-0.6690321997555854,-0.7550811388919377,-0.0924186026396305,-0.32667720585291044
2021-06-11,-1.1783523676733911,0.6500433795734875,-1.4902183132832618,-0.3978441489922831,-0.7045361418162122
2021-06-15,0.721395265332663,0.6913112585765466,-0.19669636974463842,0.8079257621441488,0.39455609856390367
2021-06-16,-1.0308316658924825,1.1327490890098995,-0.917993535213674,0.8482577058079865,0.9823412066802777
2021-06-17,-1.5205683602785076,0.8397165243295832,0.11261345402034727,-0.23849766527771554,1.3647921239034961
2021-06-18,-1.548611265597693,0.6300579568318212,-0.14423170975923275,-0.1280194058635925,0.747303050599476
2021-06-21,1.3862100683769876,0.736953477610221,0.8941902840915182,-0.10885734915900136,-0.08431194400038317
2021-06-22,0.741443094420569,-0.536800104008324,0.8920363991511775,0.12478372517317361,0.5886113622213613
2021-06-23,0.48750395199823837,-0.20967026761093785,-1.0900996645027055,-1.5969657597383546,-1.230995519592428
2021-06-24,0.024410521261316525,-0.051517930370709474,-0.1446507162522947,0.37759496844812646,2.667185985366421
2021-06-25,0.27453669917392576,0.028264303035151733,-1.3122740560116302,-1.1736551413904772,-0.6257442545463631
2021-06-28,-1.5892378150436546,-0.6583881179541704,-0.011139215405915488,-0.6469326673701519,0.6409742727244566
2021-06-29,-0.24217293564381387,0.07170878492716319,-0.7883597378857858,0.809191542275212,0.250825310179746
2021-06-30,0.5337414810520471,1.026006171231903,-1.0308384222625864,-0.5117214854612647,0.2963823037778348
2021-07-01,0.2686578522369277,0.9517334609377568,-0.4082902531658591,0.36529980306853643,-1.3779999490300172
2021-07-02,0.20958841016085517,-0.9822329137496854,0.12194527121598102,2.0265270920836183,0.20505804220265333
2021-07-06,-2.307640366210655,-0.27190240609479915,-0.14813770407955273,-0.7172798184521686,-0.7906320675109503
2021-07-07,-1.1611044303701001,-0.6828754072364227,-0.8909960078664731,0.24581184536866227,0.11066067942285497
2021-07-08,-1.024558500895832,0.6189384280087387,0.04887321457173833,1.152389796402618,0.20027465638137623
2021-07-09,1.6312758823906093,-0.2691416958694964,-0.8839039048750631,0.4956802672657982,-0.300194034454069
2021-07-12,-0.09964480540298988,-0.35997304701032384,0.4164384442779824,-1.1522933049366,1.1627640826004497
2021-07-13,0.7817759826665993,0.6591073931561909,0.8311230920581665,0.2225170021100375,0.9225346798984901
2021-07-14,-1.3546830390459612,-1.7932548630199932,-0.6447017909736426,0.7796414186125806,1.7941786046118955
2021-07-15,-1.1230038056665004,0.12885921603365866,-0.40950340935029295,-0.12276242887078444,0.42980669683975964
2021-07-16,-1.1276944509074194,-0.25537046686037795,-0.42855643399994264,-0.6949828248947647,0.013375378449483713
2021-07-19,-3.1357563061827385,-0.4405002424757671,-0.2522017845279677,0.09978545784414428,-0.5276298117523206
2021-07-20,-0.14723540580821987,0.5631436777205866,-0.16179076940597184,0.02168391140339591,0.07575251287598153
2021-07-21,2.843143874369751,0.33106144985537983,-0.43421257198154506,1.6435971052999143,0.6723163874303186
2021-07-22,-0.025333963914724006,-0.29850283303843617,-0.1110908158051893,-0.8306088621696571,0.23009847973325195
2021-07-23,0.07458358869562656,0.8333739154612766,-0.31240617427995615,1.314836942534133,0.3666389791956685
2021-07-26,0.9325284911881947,-0.12782819743376653,0.11912136863223949,1.8479298440142173,0.8513989933662346
2021-07-27,-1.0025085266256457,-0.23210536235042653,-0.03526622524398306,1.8972030317868454,2.8072069245482885
2021-07-28,0.9052773699145336,-0.03127872190568838,-1.56514882493514,-0.6270535495364152,0.41848336902045424
2021-07-29,0.8960553552562841,-1.0909200576758962,0.013326453249527455,0.9509444580765006,0.05057057531825625
2021-07-30,-0.9628212952080123,0.8018914829471984,-1.3965780697895853,-0.2191421711214883,-1.7228953503324413
2021-08-02,-0.7675498792504395,-1.4065113116127084,0.2682678639518217,-0.8956749174357747,0.5153989413355462
2021-08-03,-0.03285948502550226,-0.051386088334210385,-0.904395861256924,-0.14874693753981566,-0.15995181793267216
2021-08-04,-1.0955205590008255,-0.6577719378460355,-0.7933808445280989,0.003530936843886486,0.55445087218566
2021-08-05,0.456563271479983,0.43782119436178485,-0.3199092608018896,1.20690836092706,-0.34891524701059584
2021-08-06,0.0878196734999831,1.6563851737032262,-0.4081340903020346,-0.13901551995158742,0.19200674800943704
2021-08-09,-0.605799804989745,-0.4499032128485229,0.4074041637847369,-0.011294818072436786,0.6990354098989207
2021-08-10,1.303276782437015,0.49423842311005833,1.7503838388675124,-0.16804194735518416,0.011495113851560297
2021-08-11,0.6052388514884842,-0.4117556565380807,-1.1206459530227175,1.5957732937639053,-0.6874071961358058
2021-08-12,-0.16513918402960057,0.5259993833961576,-0.7971789467363286,1.3493179410111191,-0.4573446979927701
2021-08-13,-0.5358326298686027,-0.9701983117564527,-0.3783703532957065,0.9912757244474708,0.9304611589640677
2021-08-16,-1.236035972991922,0.3095660829870707,0.10793093504466914,-0.21023320929274236,0.4585815697172321
2021-08-17,-0.7811205014179522,1.2784161909516407,-0.07605582200190633,0.9854803535068105,0.2233614071262401
2021-08-18,-0.8772327117105718,-0.30351610123135975,-1.3165899769760019,-0.34232043370648957,-1.7633104039606242
2021-08-19,-2.1291914394892206,0.7993918601630265,-0.5272263384641703,0.1489399731286804,0.3882001636895456
2021-08-20,-0.4795336433088017,0.43945267114998415,-1.1827146649862872,0.5100134763480827,1.1802520059924397
2021-08-23,2.6282447978985712,-0.8292344161151414,0.609432474434282,0.5879651706636804,-0.17284403096667497
2021-08-24,1.6258672999046564,-0.27394160961230335,0.2431297052433597,-1.9485244825290815,1.1046125586782143
2021-08-25,0.8695847667110413,-0.24195833246968243,-0.5063075911659743,-0.5104371069645866,0.7260610019621176
2021-08-26,-0.8340664457561829,-0.020133398799052515,-1.031748404417375,0.9180652675907837,0.5475055904205758
2021-08-27,1.676339692613413,-0.7802885260198333,-0.5139906536824252,-0.40544102271786797,-0.32755115381216976
2021-08-31,-0.31359953594742807,-0.9805597239505441,0.3143730591367959,-0.6848583848376374,-0.289675244146122
2021-09-01,-0.5719490653271734,-1.3344388238032738,-0.45289303525929286,-0.936229730553649,-1.0982871278509307
2021-09-02,1.54300860093409,0.387227217225737,0.506865489252686,1.006710358946183,-0.2886985476680609
2021-09-03,0.012056994863978873,-1.1414892428692125,-0.5692749255661564,0.038663256758436924,-0.3713112239984686
2021-09-07,-0.13403020602009932,0.9044477205580987,0.16687709670639106,-0.35367776873242207,0.8785039360810709
2021-09-08,-0.5673143412240904,-0.013684370966841415,-1.85983149491461,1.2125359800059001,-1.4772116730970737
2021-09-09,0.7541232966630821,-0.00501978024915559,-0.21184227145746024,1.4709289654012894,2.717542351820988
2021-09-10,0.10623965040709918,0.2962846902649331,-1.130860924537608,-0.5872623867852688,-1.1262160553567448
2021-09-13,1.4697290600051809,0.7268628826362192,0.08582053677099043,0.44318598557758887,0.3981644312951719
2021-09-14,-1.0060512798748182,-0.30633584131648117,-1.0299530723230903,1.3912834097144327,1.0076916601848118
2021-09-15,1.949306599957416,0.9468578517396483,0.13181807615602675,1.4535673816569226,1.0275321614213153
2021-09-16,-0.7722112393125317,0.827327136111634,-0.5249067141038398,-0.023513902038501445,0.1303920891901601
2021-09-17,-0.8375211444308593,0.6467808249408755,-0.3057999740473783,-1.8825009819604286,-0.7419060124295509
2021-09-22,1.1206955045160818,0.41602871817449827,-1.1832235358989063,1.603090666379722,-0.3866762495228836
2021-09-23,1.8583532832076262,0.35945956246473665,-0.7368803882875591,0.6855555264450218,-0.6879248897220843
2021-09-24,-0.007788057437511968,1.4514783481606668,-0.911750888822199,0.1436499489795843,0.48030458325935227
2021-09-27,1.4780710921486684,0.7954201467412485,0.006862350560449429,-0.8289573836426215,-0.748588447141255
2021-09-28,0.29487769153188986,2.053674037770271,0.38797334612909734,-0.6537836475051036,-1.1831544922775827
2021-09-29,-0.7936476082224181,1.5287483838827818,0.04090748398685263,-0.9846363068342001,-0.8097941579239256
2021-10-11,-0.6728261571239823,-0.2409274971674942,0.970469420711796,-1.1489461736466535,-2.643756862331063
2021-10-12,0.842775410196191,0.5476017737555087,-0.6652231770471893,0.39923727750263155,3.129610091911104
2021-10-13,0.3392593198966327,-1.6832550570295373,-0.94148329367486,0.30177954752056413,0.4201796106659124
2021-10-14,0.39520457928556213,-0.3131773234056744,0.2544472200345467,0.5103156727073432,-0.14215642774081233
2021-10-15,0.4264180842721771,-0.6280279882868584,-0.8325588035329823,-0.41121343477145983,1.520575993552931
2021-10-18,0.023528052523417255,-0.08591780167356636,-0.032181430251775556,0.9736571871852919,0.2618754616082727
2021-10-19,0.707030247343945,-1.1425378591421174,-0.8080577691161644,1.1122295566427924,-2.377069563148753
2021-10-20,0.8298180567340288,-0.0649966109875511,-0.16198426518583037,-0.2446157307392589,-0.9549552616906309
2021-10-21,-0.2172311707269698,0.6453630495378103,-0.361236856188831,0.5310377778534736,0.21893274610456892
2021-10-22,-0.04471511589514391,-0.0442644477322912,0.8774542885050732,0.48617983126159303,-1.5441962321929112
2021-11-01,0.7362742821525405,0.16786531202866897,0.6891122379469399,1.5522444480485955,-0.3768727930512778
2021-11-02,-1.4019765775479922,0.1331897489991071,-1.251830455574577,1.5962168530042318,0.5062947645216411
2021-11-03,-0.3275725120381297,-0.8131703171724382,0.176198997483366,0.6348991448609561,1.99216268702614
2021-11-04,-0.5587446197190615,-0.028028095511153157,-0.05396731685898096,0.011933306416465339,-1.6279830938860655
2021-11-05,0.176588536353486,-0.08739758128431911,0.6941968537467246,-0.4763935204119299,1.0314957126373658
2021-11-08,1.0903627648563785,-1.081683813145626,0.44177738705520353,-0.7593403136987225,0.041829096762227354
2021-11-09,0.4250307182861865,-0.14270050246524882,0.27624561407431536,-0.03864999138297616,1.1935530439690114
2021-11-10,0.16071789354441582,1.0524425173703646,-0.06820359663371843,-1.9251327419655435,1.6533469604244355
2021-11-11,-0.009003134311984006,0.0017921070488679347,-0.33927726560950505,-0.8306545872994359,0.8993263848904737
2021-11-12,-0.07582787618618897,-0.49381948700130657,-0.11238817521440118,1.2550481168964789,-0.020382522136292568
2021-11-15,1.5328761480762878,-0.13403927845308475,0.44251941749729273,-0.02510450168915632,0.1084031165613518
2021-11-16,-0.2038488259320554,1.6703125843266646,0.19739921450079584,0.8795934332089075,0.31997111338035017
2021-11-17,-0.9469257372662364,-0.09264797178406568,-0.7088179346084184,2.0690059685672884,1.495060950918011
2021-11-18,-1.3416538158504268,-0.20815396904008485,-0.2851870171175568,0.7010307778553566,-1.5609857921458463
2021-11-19,-2.526134747463374,-0.5357856816403594,-0.9901441535683976,-0.10317188779236965,0.4138490137428488
2021-11-22,0.7232087978474818,0.8320810026931906,0.4159503570804421,-0.4308294943072638,-0.026859038140496748
2021-11-23,1.6192162198832416,0.873740953283684,0.5789524192226339,0.5741536157658294,0.3343040638300902
2021-12-01,-0.5658717892594235,-0.16933680851575222,-0.2752716258663923,0.29402213727698134,0.11406410257359736
2021-12-02,1.1615610200253388,0.8031846902412847,-0.17177664464433973,-1.7298872728659076,0.6514092988054797
2021-12-03,-0.5144314609927412,1.055511219608821,-0.3589316225026379,1.5901735770947205,0.040754190569555516
2021-12-06,1.5231524462107617,0.985567459973277,-0.8526130734337874,-0.551649341543445,0.6792732352496121
2021-12-07,1.8098478188457137,-0.3185199387494323,0.5914284568105592,-2.0758070157583854,0.09443192996683515
2021-12-08,0.8344070411171692,-0.8445568836856524,-0.8806576640458148,-0.6856410322474056,0.2656066212096005
2021-12-09,-1.8521335782596948,0.5339370380051603,0.5042559883846864,-1.0373792990400579,-0.5952150174899793
2021-12-10,0.15422686796855803,-0.0492487299479892,-0.9514422798496451,0.9032180776251889,-0.34835469647030454
2021-12-13,-1.5659963925315155,-0.4411763850485602,0.12010829704199728,0.025274866697446993,-0.20099838143787244
2021-12-14,-1.0372701897754715,-0.09064243040785633,-0.08400557328979667,0.4946989041046613,0.1173098803237097
2021-12-15,0.23356130970627095,-0.33614005912048167,-0.07366439183423783,0.8769683732565959,0.04897443925615453
2021-12-16,0.4924926719269909,-1.0478477472990109,0.591742463472186,0.27889302542402095,0.1269636368704174
2021-12-17,-0.9006363857674013,-0.264180381686755,-0.4695562757559888,0.33874289917778894,1.7427132269692824
2021-12-20,-1.938677001026968,0.9989635065695606,-0.7471324628980524,0.5013964928393482,-0.9118408315693565
2021-12-21,1.344202536237575,-0.5768914618503986,0.0084985526380859,-0.7074306764195062,-0.2837185019487964
2021-12-22,0.9951614740644371,-0.9374348964284164,0.242855321598987,-0.39180571987708673,0.8092802624577904
2021-12-23,0.07512476420202027,-0.6261444609026345,-0.19184578154574725,-0.7449671181498558,-0.3069064179319419
2022-01-04,1.5164547906994192,0.40055720771736714,0.5013610686509162,2.1731782252266747,-0.07367751886776266
2022-01-05,-0.3502214207706448,-0.035471618542781,-1.0818831539457783,1.4551036791912546,-0.6741018096354661
2022-01-06,0.2367136157807118,1.6244021743910864,0.444717351802772,1.0056206572442639,0.5007189137800581
2022-01-07,0.5088960942253975,-0.3693169413822729,-0.8569303348958802,-0.19171351439321266,-0.4000957752061873
2022-01-10,-0.3503084521373367,0.41152221353189106,0.6141172909651349,-0.30419920952704005,-0.14904478852203568
2022-01-11,2.540213911640168,-0.3584370977221271,1.2359010974729123,-0.547701586748361,0.25437444416860144
2022-01-12,0.5101217852129537,-1.6528751478990307,0.13532212557461293,0.47505522966879443,0.017537790234402623
2022-01-13,-0.3737477986758251,-0.44548826089998367,1.3161625323939066,0.8887480215586796,-0.6238667399521705
2022-01-14,0.34349193125824756,1.7629878576937603,-0.5906136033948389,1.0867528665924375,0.6414403172459094
2022-01-18,0.23482588400082524,1.042405998706326,0.71758184272926,-0.34022698601785134,-0.24067728229829716
2022-01-19,-0.01624894269869056,-0.9406345140367749,0.9712791861297462,-0.2585248982516109,0.7245029731091556
2022-01-20,-0.5342220819861517,-0.7763109515473267,0.9500263843372034,-1.9238040117699104,-1.203313545849969
2022-01-21,-0.3965712875185281,0.7811818531833623,-0.6350133610456731,0.7638705164688568,-0.5787134529328462
2022-01-24,-0.1977032036218843,1.5181850079180195,1.267033603593801,0.2853540406566304,-1.3648412034657855
2022-01-25,1.910956864822395,0.8872268533161102,1.963782736916011,0.46403090554143206,0.3970381654250851
2022-01-26,-0.04822248005480653,0.728052587595284,0.6278456317214505,-0.28669158380258625,0.39144871338391496
2022-01-27,0.0037523025107698686,1.5767536409107785,1.8038552641266519,-0.11099513489013428,0.5998731713935432
2022-01-28,-1.202263610185068,0.01976988085790286,0.2920802197786707,0.6425288705315654,0.10579590623945692
2022-02-07,1.1395979900443753,-0.4297186799715342,0.9472811203837287,0.4376122594480693,1.175015896819296
2022-02-08,-0.7548894538835956,-0.8297000942152379,-0.5880703123741431,0.10973465593180032,-0.27799770802367435
2022-02-09,0.2760255865383247,-1.248559736053528,-0.7096615140887069,-1.3627525547027712,-1.2997563061820383
2022-02-10,0.8011595616051084,-0.09245772396320974,0.2093421051889846,-1.0331737806588868,-0.588008971817291
2022-02-11,1.650756971095691,1.0522529931543292,1.3304011309740664,2.6495620843838963,1.027829894175184
2022-02-14,0.13745081507343276,0.8754529725605876,1.4964912580542842,-1.0011224974633601,0.7632767661737448
2022-02-15,-0.6890322565700937,-1.2996170252376946,-0.6135327268676779,-0.5590960264665791,0.138714163650844
2022-02-16,0.20924678699431337,-1.0381416091728999,0.9171656930920199,-0.9386388528996745,-0.6369201809518723
2022-02-17,0.6420702728286579,-0.10191253327352058,1.871672742725482,0.2607271354684707,-1.216476123278433
2022-02-18,0.1290913422917988,0.7260008676795153,0.9669467360038216,-0.7664543808082505,0.9648195508551493
2022-02-22,0.5853504231235105,-0.2581160357110941,1.2597214336398013,-1.9734087357793924,-0.15370969765443274
2022-02-23,3.0717991648054728,1.2475204480052255,2.288832363137049,-2.1319314109080314,-0.42646653452813177
2022-02-24,-1.5283607155109202,3.463613389374387,2.5575275532590394,0.907137646850148,-1.9281138341376594
2022-02-25,0.740377095481525,-1.4428126275795965,0.4965720781689369,-0.7210872765913617,-2.950145866335288
2022-02-28,1.0895001138660012,-0.736553035920977,3.883205384349796,-1.0374754004019515,-1.5384202453530973
2022-03-01,2.0306662619987272,0.8450700130845149,3.79563010593925,-2.2376904715282215,0.6670964724897491
2022-03-02,1.1092832903378176,1.1740452083618713,2.2793222074553965,-0.8369740547758314,-2.154142451657223
2022-03-03,-0.5720947003519464,-0.9459495816357527,3.3479410682818305,-1.7288474476481464,-0.5380030251367853
2022-03-04,0.9037107604123316,1.0609312260275081,4.23610292739069,-0.012582803081667227,-0.9692125143472341
2022-03-07,2.052402236182913,1.426563865122548,3.327729426104273,-0.569929736389199,-2.172686088856803
2022-03-16,-1.1656296214998962,-1.6671543399749251,1.6539162908981782,-2.837662024021513,-2.7035865147436797
2022-03-17,3.2652357674576025,-0.7214850855743706,0.0376634029372427,-0.19555255844073818,-2.9118007829235486
2022-03-18,-0.2501301723343813,-0.23150712467668422,0.3807088695309017,0.11205151180947516,0.6974970950083834
2022-03-21,1.9991283288203257,1.0467404130626863,1.91855925864185,-0.13975430766364821,1.218531769852417
2022-03-22,-1.017935539839706,-0.603333414217919,0.41737405428270274,-0.9958883434142514,-0.6323334829956736
2022-03-23,1.9339011546109477,-0.28631209084823345,2.018738478243444,-1.2729575982117798,-0.1192079368244122
2022-03-24,-0.36150174751194547,-0.06449149664052772,0.5377168947846525,-0.8161782349495728,-0.46745849787625815
2022-03-25,1.9052783933569253,0.6909589652725168,1.7528929387891146,0.23380129491170154,2.287159583520018
2022-03-28,-2.6699077071528126,-0.01970270589099025,1.0633531480827587,-1.7594856715071905,-1.4282393661461914
2022-03-29,-1.5459949890344644,-0.9580733755085713,-0.04144811290661061,0.6655712505081276,-1.5082489506500578
2022-03-30,0.8576214600855785,-0.0472957634913141,-0.6336666662917769,-1.2102705191448777,-1.1939743404103502
2022-03-31,-1.3454245260602213,0.3923207479818996,0.4991817496433017,-0.20341146332042076,0.5295584388231573
2022-04-01,0.06114862602173285,0.5543420117706205,0.7478775381957993,-2.2334913562044356,1.1753105674491484
2022-04-06,-0.4886653795167273,1.2091323070435835,0.09327419824153413,0.8227551244856296,-0.41056650672182493
2022-04-07,-0.2333182102392226,1.3859481233444273,0.3309407700833461,0.8549072905773852,-0.9985102510658277
2022-04-08,2.237848205471747,1.3335017952316344,0.7401719098797903,-0.6513421625736082,1.2931112063270538
2022-04-11,-0.6841330347876913,0.011669550951223597,1.0718555582429996,0.09860220371770129,1.6112046021610649
2022-04-12,0.4129817910863343,0.011770762830798698,1.3920940833669813,-0.3372848496868026,-1.702285058883906
2022-04-13,0.12116840177455093,0.6226797488894582,0.12025032441171545,-0.15683061171146498,-0.8761247135285782
2022-04-14,0.875767611594647,1.5302361913467186,-0.3427335916960216,-1.4537852760142242,-0.3502787305179267
2022-04-19,-0.394090831299681,0.7655290825221965,1.9526440971747467,-1.5348932429524913,0.16754526235678605
2022-04-20,0.4344464394511213,-1.1071918525056597,1.0347930232927158,-0.19724478495475095,1.4218038309679635
2022-04-21,0.10366902804833197,1.262305015455625,0.6680596268075012,-1.9998907559791406,1.3494280255545503
2022-04-22,-3.1242073275355247,2.3914587763573305,-1.1245235574207326,-3.9319288576945035,0.6960754022733447
2022-04-25,-3.798250173474569,1.2244256547784227,-0.30856685287527097,0.7055825439673572,-0.43959260567922953
2022-04-26,0.03421361480604205,0.9943146076855173,-0.059268550459237276,0.06264547950520992,-2.1672955960810514
2022-04-27,1.2583822576692947,1.4192690787780589,0.9839625523023404,-1.0472848870691043,0.011595778970445699
2022-04-28,0.39422827209348016,1.4439897885236486,1.982172981300821,-1.9483694903143292,-1.2273009398556047
2022-04-29,-0.008078298335635744,-1.234164361708126,-1.041352578349752,0.39175787620635943,-0.9968830990699382
2022-05-05,-0.6591312566487519,3.6021896804745337,-0.8724217833925265,-0.09268846946312344,-0.43780818289231543
2022-05-06,0.8381126239096766,1.8669554476699137,-0.6465443662115994,1.2638398870608967,-0.38594851708016636
2022-05-09,-5.177643619313417,-0.06243678530957803,-0.10991537592072033,0.1486676579754718,-0.4416568708798676
2022-05-10,-0.4726928133644676,0.1599078745741012,-0.40443745594686403,-0.19729043258198917,1.2873782091393766
2022-05-11,1.4028344015865921,-0.4095146864944304,0.2414034509404088,-0.6654465686273381,-1.8918471545485747
2022-05-12,-1.5417026808427932,1.729988827980612,1.0761192536902349,2.4852374687783474,1.2516804631615022
2022-05-13,3.0575561597822665,-0.22963986781454412,1.0974417981411588,0.15992868344908565,-0.7170681995216448
2022-05-16,1.3654389468446249,-0.09491315334697523,1.0615874991027554,0.4570706925913412,0.39215160430263335
2022-05-17,0.5337746943183416,-1.4811618801533055,0.3066121942198077,-0.8763117120600453,-0.158822852399539
2022-05-18,-1.2498309297857353,-0.15784655403424588,0.15295901359646508,-1.3935670898456423,0.25635823775919864
2022-05-19,0.4727013468439643,-1.778118894740201,-0.11816791029421092,1.656008811411291,0.782591687974099
2022-05-20,-0.1976238480963032,0.060581789579712754,0.6960014528990685,-0.08051571730591156,0.041961280501155496
2022-05-23,1.6141329256632155,-1.1031607290019265,-0.5724080659733409,1.1447420354764783,0.587573728138887
2022-05-24,-0.4577707709538739,0.3857038266005838,-0.1566206251799781,0.9152088684175227,-0.04775238342606366
2022-05-25,0.8773227050239714,1.0543052977421548,-0.12993693330430076,0.10793266344930441,-0.45187108606216425
2022-05-26,0.644183216474655,0.23107763840212103,0.09667482387954733,-2.267230411104603,0.24270117509531886
2022-05-27,0.5115251915422955,-1.1986394372246594,-0.0053763239737746075,0.40546759271558946,-0.9842458264807616
2022-05-31,0.11089920158234434,0.33071663049451433,-0.7933049915571664,-2.7631493877006097,1.543663941795796
2022-06-01,0.6519889640730786,1.2894769211821366,0.2881579712047703,-0.34507562208041676,-1.966287520476428
2022-06-06,0.04709783185166012,0.6541697064666951,0.15449127514442088,-0.30283309564490135,-0.545085065978965
2022-06-07,0.5038430009664259,0.2771855349622218,1.3172481654448762,1.213916793272103,-1.3650017135879293
2022-06-08,0.3485116142898905,0.7878541770445877,-0.8110160989738624,-2.100393255851861,-0.575000751528525
2022-06-09,-0.4476113499336496,0.8166513711981679,-0.10064906114708064,0.10899833192344009,1.1347151498823425
2022-06-10,0.6576125515446978,2.571363585937924,1.382498075943581,-1.1960226872601873,0.9798818494233271
2022-06-13,-2.1107625895294984,2.3939259698182846,2.158647070967497,1.9054897548779168,3.3349596047175294
2022-06-14,-2.53606169236136,0.42179149704985897,-0.7294842898403746,-1.4293822855384977,-3.0024978999197014
2022-06-15,-0.5804966462414639,-2.6507232984276246,-1.2884812559601653,0.211814577932955,-0.3614877089003189
2022-06-16,-2.022542206750228,-2.5718165667948747,0.6759294447467962,0.44269159691567217,3.6820797487683823
2022-06-17,-3.3278120982922172,1.5872971697633735,-2.186490751948496,-1.903273466278764,-2.7152187015406986
2022-06-21,1.391554673227943,0.36003852371082823,1.0079081842481823,-1.27026833767409,0.23083182907602215
2022-06-22,-3.435629337762027,-0.769769978917103,-0.4742177549961362,2.0203180508214262,-0.7650250894724756
2022-06-23,-1.5137064930039432,-0.2459170355999641,0.06729396960997867,1.4322350518363154,-0.13312271158114283
2022-06-24,1.0526800866371369,-0.21253997312961206,0.30095645438068097,-0.16728002670740688,-0.686929849997516
2022-06-27,1.2159556425129185,0.7272922193106107,-0.03963499302302705,-1.0182735528201856,0.12035203345716154
2022-06-28,1.3631523505948375,1.1575338552239562,1.3482236355099908,0.41546344331788126,0.11153539307197236
2022-06-29,-2.2433524590971903,0.3080524758506687,1.109097279056224,2.0800885945909218,2.094434615857507
2022-06-30,-1.0903753001795318,-1.0181468401948333,1.1250050544481358,0.7837706900730647,-1.59423382580141
2022-07-01,-0.2715394215148659,1.1903114179557877,0.35963253784239796,0.730955306138747,0.2166420333523308
2022-07-05,-3.876853424166623,0.27947235838907686,0.25570930992400304,-1.9571671853585104,1.3785787754743446
2022-07-06,-1.4022893352537216,1.1478249559769937,-0.2539096841081946,1.4563606970862812,-0.3871962109551371
2022-07-07,2.108362413182953,-0.5853648370310512,-0.7966817948596279,-0.5908842498048483,0.4186187376792475
2022-07-08,1.1009375725407493,1.0452190221824484,-0.5130158732685337,0.04159669270708149,2.315951701792397
2022-07-11,-0.9143904022858701,2.1605793351689906,-0.08571818046364259,0.8077034787376649,0.018320238833843573
2022-07-12,-1.9186132762564256,-0.21312142693448272,-0.10749355574306702,-0.6067815522119758,-0.9669911263797177
2022-07-13,0.7992355254035888,-0.18812537504782048,0.04837926748986162,-0.2239606575805675,-0.22081928366423542
2022-07-14,-1.2644447738444733,1.520851352747396,0.33785203243070056,-1.099056253824695,-0.35732248197519906
2022-07-15,1.1496628595427165,-2.0106495936511193,0.12449237079901933,0.16890991129502597,-1.4123933782002596
2022-07-18,2.6444881887649885,-0.6206182586357182,0.006546828456780322,0.6356363453658302,-1.0949163046963166
2022-07-19,1.881032312653118,-0.8820266987801576,1.1945846832100537,0.6989027427957701,-0.9245351707069803
2022-07-20,0.22699078994588964,0.5860531310376577,-0.3545284843280374,-0.7364587165390187,-0.9225981706123215
2022-07-21,-1.8678314483771306,-1.4148620844915814,-0.2237787702428217,0.2623129631873625,-0.7991642585817279
2022-07-22,-0.7974352361457016,-0.8628043380107684,-0.8084270907889831,-0.8053335944892187,1.2286090120224304
2022-07-25,2.175388554002838,0.3027881541218926,2.078119393676051,-1.372248894101684,1.096594332326575
2022-07-26,-0.2741700135492268,-0.030490592793928337,1.1573009737351678,-0.9848786592945669,0.22607993555091044
2022-07-27,1.0527670768713147,-1.5644671254721452,-0.23069747999099555,1.4623973727897648,-0.8445678712018853
2022-07-28,0.47046404396073604,-1.037799607054025,0.33273619622133305,-0.4830331230574747,1.4611847182295465
2022-07-29,2.0166551551934226,-0.09990615836055895,-0.08523191386330284,0.6465529164566937,-0.31453976187202637
2022-08-01,-1.247445238343187,-1.961117847250568,0.4248552394242323,-0.6945035357784154,0.36366370241713325
2022-08-02,-0.4289053297743369,2.732651354818809,-0.37514797871789285,-0.2097190745683269,0.35036050403159885
2022-08-03,-1.130093775294066,-0.3599994776170422,-0.5227373588525831,0.6734011497565622,-0.26716207359780203
2022-08-04,-2.24385334377209,-2.7535988998813568,0.6920963523952471,-0.6860824994317157,-1.0494796106095905
2022-08-05,0.6663424838178449,2.5908309186301857,0.2613006232296204,-2.5959750135294133,1.3216192217472382
2022-08-08,1.2068889915175183,-1.4824765572720686,1.9393287868364995,-0.22306668079480416,0.7125532468454266
2022-08-09,0.7800953111973913,0.42770576463293936,0.30648928915548945,0.6222440014446476,-0.25129411112155503
2022-08-10,0.4964644022817573,-2.6469876167879796,-1.564291032659665,2.4228744316057815,-0.3517776223370515
2022-08-11,1.6924443644580813,0.8074750996486099,-0.669454883100859,-0.6392012383757053,-2.009329242112514
2022-08-12,-0.2658867750812302,-0.28205114848031265,0.4731417410800274,0.35136744019177024,1.1534734561132411
2022-08-15,-2.8055240882784354,0.39118139901442756,0.5504378910098697,-0.8771281543609201,1.0028308809949438
2022-08-16,-0.07830146706796146,-0.2652383327948502,-0.9928141670734371,0.8746104905292148,-0.33015286073999406
2022-08-17,0.3805921077902213,2.0963412001360924,-0.5280236640837718,0.3339912026746091,0.2312087098775834
2022-08-18,0.6112881341655393,1.7476137566621643,-0.2503272037493279,0.934691560335302,1.078150088700354
2022-08-19,-0.32229308983957317,2.1230223128858583,0.3808092940742624,-1.1025140557644917,0.2837878044002438
2022-08-22,0.5981645418235048,0.5675446815536087,1.9971143322117857,-1.3652070125819202,1.6167484171100348
2022-08-23,2.6203320550143965,-0.1389386187145913,0.8576027688612671,1.0144427667485962,0.2761773537417272
2022-08-24,0.4499062597272703,0.6918389266882223,-0.11659153314570313,0.6528657324959203,0.4925949500582832
2022-08-25,0.31065359312648827,-2.0811179665747637,0.4964391271320241,0.5578870492371005,-3.2549990201590804
2022-08-26,-0.42219530719654,1.2331168996978559,-0.1258822036689505,-2.3966591855205013,0.8961082032798574
2022-08-30,-1.9797151042567096,-0.9078768163486861,-1.11539406125076,0.8096388115612422,-0.1686769670805796
2022-08-31,-1.6185524771607465,0.5456402089750425,-1.0714243814674456,0.9303871867646337,-0.47765120483509893
2022-09-01,-1.738317470691838,1.4851043364178989,0.7552618040027921,-0.03075318221231441,-0.7079548396788822
2022-09-02,1.460485562768059,-0.6378958491317297,-0.4687066991190601,-0.24264218712674143,-0.0930100371168758
2022-09-06,-0.2746980982202899,1.8948509608873645,-0.39818877772869055,-1.1567772834042356,0.5273286714093022
2022-09-07,-1.6776524814236187,-0.3838938773163552,-0.5704172023026206,-0.05122364506078452,-0.7044101976197563
2022-09-08,0.18761909177332448,0.28690198488134033,-0.5446165621291934,0.803205910851972,0.2561701491731228
2022-09-09,1.588478300871589,-0.2373700357040302,0.20900830362494133,0.050765352293668776,-0.034510820658421176
2022-09-13,-0.3509263852760821,2.852717712174618,-0.9898431011527911,-1.4037884962270681,1.062075071112401
2022-09-14,1.5237429439999812,0.9728247468115058,0.20110592017242607,1.954411040295954,-0.06116530165695087
2022-09-15,-2.0680654441405233,0.5043889591560249,-0.748153080495361,-0.24291530278292348,-1.2577027590608896
2022-09-16,-1.9379496295008898,0.1252597383683006,0.5953463936300895,0.5533338944267638,0.18943889824260984
2022-09-19,-0.9625293600236412,-0.10852855713394997,0.9785256176431576,-1.4062629501552282,1.9122727542382463
2022-09-20,-0.5472576842236164,0.7057576982456752,-0.8033835534805436,-2.345291827292356,-0.1018750349788839
2022-09-21,0.07086116122415756,0.12721029100761924,-0.48117790784602815,0.847045439894679,0.26698136465810035
2022-09-22,-0.6963063814405795,1.8032287222228345,-0.0480206773886012,-1.2013042436883916,1.2279514110099847
2022-09-23,-4.103753272326679,2.064321768622655,0.24834705326935694,0.01068146250618376,-0.22463632767906397
2022-09-26,-2.710918655176387,2.6123355920744467,0.0899130050638536,-1.2931581172043483,-1.0415164870177702
2022-09-27,1.2379093094387117,0.1896073863361901,1.2048535375477958,-1.6266009481670527,0.5161894499348854
2022-09-28,1.4110128187823412,-2.2509654036868927,2.7739748145339433,1.7681440994821318,-1.0030226175379597
2022-09-29,-0.7970640980511534,0.6905358511205848,-0.3257386488596512,2.888518886509446,-0.7474571991595593
2022-10-10,-0.6645250545909362,0.7191016695426783,-0.2421401314024103,0.5995556390876751,1.4165917157295818
2022-10-11,-0.8675521815497721,0.1107018998317161,0.7976678324089073,0.09538628873358666,-1.125240746558225
2022-10-12,-0.4054163177119177,0.10794714958753049,1.8388609651210377,-1.4941295712502882,0.1003013476397591
2022-10-13,2.052900316161881,0.033850094934024834,1.3453820005114565,2.1935799755467014,-0.7402660641991782
2022-10-14,-0.984005246272746,1.525687390315274,-1.9987987863193513,-2.5487929397264426,0.015527717674436734
2022-10-17,0.894714046042216,-1.551111712493464,1.1431724468515687,-0.013749995383107895,-1.4743334166949946
2022-10-18,-0.36521375588963867,0.34234229767861624,0.1049957020482476,-0.9133517802470824,-0.13479608955517458
2022-10-19,1.2489275969926596,2.4941290338734805,0.26516962034560787,-0.14648353238813006,0.5039741410270439
2022-10-20,0.9840817686083136,-0.1043031120808842,-0.6434407718144898,-0.8057221400074918,2.320288036346353
2022-10-21,1.5960294060183189,-0.8894491014664238,2.135673955932881,0.501521648390311,1.330450747964963
2022-11-01,0.8152710546230695,-0.29531598551021726,-0.23937612102706304,-0.8355591711331272,-0.10516155332770104
2022-11-02,-0.4386286665946931,-0.3865680455772457,-0.2329697929222307,-0.8959661701591477,-0.37175613236029387
2022-11-03,0.02047685869710627,3.1430728469963354,0.19800949063526782,2.453976922052247,1.8476499631472516
2022-11-04,2.3239693337744214,-3.7062223600561803,-0.5828338048342768,1.4573467990883344,-2.832598693315888
2022-11-07,0.42756302121117,-0.8420033801934665,-0.35103536751618325,-0.6641407120142266,-2.790264189727427
2022-11-08,-0.6137661518206214,-1.5995239298911677,1.2829391872861506,0.7746601822941082,-0.6340654184231914
2022-11-09,-2.797772009420887,0.3396470415030001,-1.299054244301091,-0.5313388133873207,0.9772404483928505
2022-11-10,-0.2612358186289391,-4.912522569260687,-2.09344114086406,6.4587702502420585,-4.587758580083475
2022-11-11,1.3145002445895508,-3.202442219925914,0.5024179933225652,-0.15956197824639298,-0.5823802783254183
2022-11-14,-0.13920771934252868,0.6840854431147853,-0.5033632198221639,-0.0017681007515551839,0.4279358541412045
2022-11-15,-0.3587572053141908,-1.237673407186624,1.0913291386911177,-1.229066489008723,-0.765906546840077
2022-11-16,-1.340537800447789,0.6484724282340815,-0.7927015048888739,-0.745198833740191,0.7537160709458679
2022-11-17,-0.6771123039299539,1.9356066368780493,0.5305018268403495,0.22022374073766063,0.29228837837301225
2022-11-18,-0.8356105838291987,0.06940382090872388,-0.49058755002080523,1.468110014024292,0.7658953231852194
2022-11-21,-0.001695979777211375,1.343755870801727,0.17753950975220925,-1.4372094159882352,2.0574626455421425
2022-11-22,1.431709557762293,-1.1640550302217711,-0.38131679966070225,1.5921624453851575,-1.7421772734620804
2022-11-23,-0.43527516472873323,-2.689688150946356,-0.10614784256556535,-1.0429060188419805,-1.1940409441584638
2022-12-01,0.07538779735019928,-2.1358977843122986,-0.40644195371149133,1.3957736185860377,0.6546533621557066
2022-12-02,-0.4916705063511525,-0.5526074545114816,-1.3665759473289991,0.32977351858142134,-0.9539123353452432
2022-12-05,-1.245616949401695,0.8802912815803665,-1.138299870507805,-0.3246750827540516,-1.3800304744509928
2022-12-06,-1.3569755934192809,-0.6860520749979607,0.051755658948344926,-0.4313287786816893,1.2377949482610606
2022-12-07,-0.3834566014339617,-1.4611896623261673,0.3455869761011712,0.35414970655217415,0.23509381689022077
2022-12-08,-0.05134607362167408,-0.014308432987179279,-0.36702707527011863,-1.2254657153619437,-1.3287409762441378
2022-12-09,-0.869537409380739,-0.4756052120957121,0.24423747669516052,-2.291688256920363,-0.5671698553065591
2022-12-12,0.36586785447774567,2.2978926208309445,0.6771003184193619,0.1538574577679443,0.9108542971621242
2022-12-13,1.1523475068238573,-2.221926082328679,-0.7766664654047749,1.2593144560382017,-1.2860104228179945
2022-12-14,-0.1691205647096478,0.30300319210575394,-0.9875795231744168,0.9104427917858078,-0.8782652227387191
2022-12-15,-0.9358671699835373,3.104880367630291,-1.0815783320185004,-0.048371410560723055,-0.36851913915544765
2022-12-16,-0.7764079515476104,0.7348792795632743,-0.6444555241804335,0.6284111839534423,0.9638536203174345
2022-12-19,0.04430125030714794,0.18277252735840324,-0.3505439823522724,-1.736104214261585,-0.22522393700914806
2022-12-20,1.1363245854470108,-0.576927275683778,-0.4867269929151225,2.065760738805187,2.2517821434571816
2022-12-21,0.6201436220389593,-0.33119945016515884,-0.5183518916859104,-0.7735459492922817,-1.34447743229118
2022-12-22,-1.287731309807185,0.9298875149207103,0.2846041445078117,-0.2418157962088006,0.006160655727006415
2022-12-23,1.1217402467632678,0.2619561113052174,0.46221420096943727,0.6235778365832007,-0.10551006321514234
2023-01-03,-2.760322264457384,-1.1105674620742898,-0.14938978502111547,-0.5870759325015715,-0.7255432773705066
2023-01-04,-0.23211931692944215,-1.2415179339844873,1.7203204596777881,-0.41013784193639186,-1.7573995354702905
2023-01-05,0.7070217013041424,1.6597667633005941,0.3464132100633487,-1.23284364699574,0.9704057491681506
2023-01-06,0.894521078810826,-2.5508698877195526,1.1568587125441334,0.5018307411104649,0.03347100392785557
2023-01-09,0.18590731190377513,-2.4861284187553876,-1.627116916460626,0.009176123724733025,-0.5212865133807476
2023-01-10,-0.13485563629873676,0.8165402096803712,1.1003359174410807,-0.3305055315202443,1.131833787253405
2023-01-11,-0.12365734853073033,-0.7518406074994672,1.4544577997884458,0.9561050443753667,-0.4169441880990469
2023-01-12,1.351341159461731,-1.5187381843938628,0.351488262458236,1.7602130454159686,0.617526316178202
2023-01-13,0.18019949635205948,-0.5037476899825905,0.16797957780200884,0.4612018326106187,1.1943943143993896
2023-01-17,-0.22366271353399722,-0.027409270493751282,0.40969850308931655,-0.2967909988015747,1.9682854112177062
2023-01-18,-1.5617009686766103,-1.0926742646412226,-0.7286043553522881,0.8663940622337422,-1.3130706530630247
2023-01-30,-0.8599784372441394,0.1582908896620202,-0.7486149580888597,0.13835240676279242,2.2603129277340486
2023-01-31,0.35616055695314397,0.36668521805437815,0.8539655476396577,2.616993036383367,0.3644724638484916
2023-02-01,-0.5931802126743968,-2.7699347161611727,-0.16802712144531165,-0.5772714629642972,-1.0738068426743652
2023-02-02,-1.3599033189218137,-0.46309154546676934,-0.08600544444939356,-1.3256036721750784,0.303380182438458
2023-02-03,-0.4894591862377571,3.4470908137437504,-0.9796123683157163,-0.04179956540173087,0.5024675525450117
2023-02-06,0.18600534460481769,1.5899748163619094,1.1051116947819757,1.6487786991074176,0.9756227610227747
2023-02-07,1.7261712736759458,-0.5228195168018751,0.8346293956019476,1.3832495478192544,-1.6818988448046288
2023-02-08,0.012609314914408191,-0.4135795189923705,-0.337450543346045,-0.2672569796161986,0.9008844438806047
2023-02-09,0.3796510254412711,-0.025289778822549715,-0.4982912339713947,0.09202789782315654,-1.0539490675140917
2023-02-10,1.5835487678084355,2.046620498490078,1.2355208008168115,1.100459935212616,2.438361661624289
2023-02-13,-0.127395719773705,-0.923390503262802,0.7513407627336176,-1.2850973858961967,0.12867986424477237
2023-02-14,0.48525976627084244,-0.5603263888130778,-0.2516596098109997,0.5113647031308397,0.5674986877245496
2023-02-15,-0.6792648749942252,1.5360349250210945,-0.2782473335399165,0.2841609832642781,0.3769470946676719
2023-02-16,-0.5404435411763255,-0.46157230023406043,0.46837701807491655,-0.42413042706724524,0.09829147079657514
2023-02-17,-1.7924250608992773,-0.7439372883182555,0.28006024610715013,0.10400287593935795,0.7377497900462864
2023-02-21,0.6774797339575823,1.008471932218647,-0.022507130150201293,-0.6315072179410687,1.937448232811305
2023-02-22,-0.7664499377649704,1.153603822948724,-0.698262365420263,-0.6331771956630946,-0.49687014586157086
2023-02-23,0.663589998271878,1.3541449165355683,-0.4601656492860049,-1.8445502957025548,-1.2769297671300994
2023-02-24,-0.655177160144051,2.904820303730072,-0.9247012298089277,-0.9021581964555727,0.1689507636659085
2023-02-27,0.2963000105940304,-0.15464266495073495,-0.11971136461891264,0.7783153208921657,-0.6960398448285039
2023-02-28,0.03125358241677094,-0.4544626539929069,-0.4219516978817515,-0.6017416013188452,0.1164282154289399
2023-03-01,1.7941220345880309,-0.2644203938046438,-0.43633639251695927,-0.933678660644335,-2.1262042311836424
2023-03-02,0.3000417555505619,1.2330461816921945,-0.7592840715783367,0.1111732232249173,0.7324885193866205
2023-03-03,0.9215281980674763,-1.4633131357800824,-0.40667900775782445,0.16452451122396355,-0.38441966745458583
2023-03-06,-0.4271492439386617,0.48645672333764817,0.1815142165526274,-2.194807007382695,0.8392814997260142
2023-03-07,-2.7258828542633147,2.197882323812864,0.30993159483398014,-0.8741617637948662,0.31782138566505974
2023-03-08,-0.7836323172993042,-0.31441555048141584,-0.0002234876463073936,1.339384538443064,1.3580009464269531
2023-03-09,-0.6294117965188595,-0.951741501058164,0.22326408478226173,-0.15817390184589888,-0.799197341464684
2023-03-10,-1.1332925933109232,-2.3382581470898898,-0.1277632719665279,0.49205075187491204,-0.039985982702161714
2023-03-13,-0.9788711283843168,-2.9346204749411426,1.2896979336901042,-1.0035756155133857,0.7867931110276574
2023-03-14,0.7251720114274943,1.5659040190159645,0.36217848410873377,-0.25903505856416886,-0.970937656128107
2023-03-15,-2.9856883089483515,-0.4214376792392136,2.9393988449757975,-3.766033623912143,2.2197607094742566
2023-03-16,0.04610467888181132,1.0952043868272152,-0.7520373258102866,3.0414802043031393,-1.5339109404592373
2023-03-17,-1.1897954918038012,-2.3665187810858552,1.0352586983869825,2.000544985979797,0.2384640305218738
2023-03-20,0.5682953644889592,-0.2882700338832918,0.11015020156929087,0.18536935364025897,1.402938287113199
2023-03-21,1.2421390768955682,1.678303344964397,-3.556012036559943,1.313968557753399,-1.30657382901129
2023-03-22,0.4003268850849347,-2.5539465876030083,-0.96670607621109,1.2360546969216082,-1.0618618115210139
2023-03-23,-0.794289296415511,-1.1781085670495959,-0.28217386173384024,0.12903854026804973,-0.794605261393642
2023-03-24,-1.5381742147656654,1.1066491719939122,0.467778849112254,-2.737702567928758,3.192063144976752
2023-03-27,1.9720271090205637,1.2792305152392878,0.537923623791734,0.9451278894437852,0.32609162289669025
2023-03-28,1.2976294343846968,-1.0057305140214003,0.15680508260526585,0.0771416633930579,-0.23864806747508668
2023-03-29,0.6465184190731385,0.9096766794228481,-0.3907414202536948,-0.49533464309363645,-1.0227985097072858
2023-03-30,0.3917265877386239,-1.1864964082985994,-0.9211749211049085,1.0476474931528814,-0.672683009722467
2023-03-31,0.20724673536255317,0.5872223836258411,-0.42472976796966344,-0.00488738065845895,0.04483887802549379
2023-04-03,2.102058273120896,0.4371505651768211,0.7554541468359702,0.8602379104804072,0.22988755430934668
2023-04-04,-1.3724072216100707,-1.1793691881780697,-0.3527443021155447,0.18084376872050736,1.264474836190189
2023-04-06,-0.6069200082150576,0.8117491615889354,-0.43458329388015143,0.10656510475415598,-0.5059466610737369
2023-04-11,0.5175912314464278,-0.9323450812012559,0.0568010431438343,-0.2130496276799673,-0.11251292814785942
2023-04-12,-0.14107212008616643,-1.1598034711707563,0.10412143209820035,0.13045247762538176,0.13700013697833144
2023-04-13,0.6151602675596526,-1.3084330551495282,-0.06228754701239795,1.0534947049013108,-1.7267457643275739
2023-04-14,0.3663411179738041,1.3300811891287991,-1.4480785570549366,0.4633249902583641,1.0303902426088596
2023-04-17,-0.18572071728175243,0.6843456115182157,0.13686163015958877,0.05339783778673329,0.5661840636061383
2023-04-18,0.3044608641903243,-0.8500336682411729,-0.319025861452876,0.7542351767686807,-1.0428414018623477
2023-04-19,-0.705035439094901,0.021911165153010583,-0.10682910635764303,0.06092580286461542,-1.0199645432998954
2023-04-20,-0.484151211753485,-1.043498251516444,-0.6054869191733735,0.6644041226898765,0.017177823837528194
2023-04-21,-1.5549282467566914,1.03381629850847,-1.6237449131465298,-2.117584096002523,4.065425130402198
2023-04-24,0.7579441111006834,0.21775231816593388,0.5900735482394308,0.23300199505421929,0.057891171120657454
2023-04-25,-1.7793769777183872,0.10227367924445924,0.6828154115596162,-0.6930866997871727,1.2233752765583934
2023-04-26,-0.3626644184481415,-0.1171536287967747,-1.3169257576151316,0.1446790401172326,-0.9453931775550318
2023-04-27,0.24041746756691404,0.08651457714932806,0.25841675405153613,-0.10939962537574152,-0.21281660095456048
2023-04-28,0.4012451101923531,0.5165398688031497,0.14106884735944236,0.40749916375759876,-0.17460926258018833
2023-05-04,0.06116251313484082,-1.012274304365658,1.5525027267640654,0.47459385639267215,0.5286105873722194
2023-05-05,1.9704513132440487,1.0041023038675572,0.5423819139197896,-0.3759349174713358,-0.8284250743819798
2023-05-09,-0.17038631161171575,0.36958803374833055,0.603772809068696,0.021705066999558566,1.0229508038774537
2023-05-10,-1.5011967916229787,0.056704937977767655,0.08166063180640416,-0.3841451895423847,0.4419871275242403
2023-05-11,-1.7533736655539418,0.8559121889636231,0.24781241048879005,-0.5900328910086267,0.7912221916363753
2023-05-12,-0.20471550607183547,1.065972526968821,0.13858346878394728,0.8532627692779423,-0.32520906538870975
2023-05-15,0.8337152288496553,-0.5284716244364626,1.2594507745058618,-1.3076461231694596,0.07014008566427435
2023-05-16,-1.812443055993133,0.22131936170976726,-0.18706051829615633,-0.2148852432952064,0.19538194474556594
2023-05-17,0.7741466237850736,0.5831347342980379,-0.24268453069252227,1.2471961110130718,0.43571850132580053
2023-05-18,-0.288836548685451,1.1098041496575168,0.5984618485435532,0.10680140954874341,-0.3969794419294477
2023-05-19,0.5851581774808868,-0.6766352706681387,-0.7059204395385966,1.047337845992283,0.8766277827212506
2023-05-22,0.20212544429846122,0.2058338343242143,1.3017220746342495,-3.071621481394318,-0.8184796338935513
2023-05-23,0.40925433927267446,1.0312688305391715,0.04391964145982326,0.30028777072823115,0.17609987483953346
2023-05-24,-0.4987535383205404,1.46185781639653,-0.1911250913050984,1.30960505211343,1.6229836357206238
2023-05-25,-1.5435676548643,0.9445060986264533,0.48527895071578003,-0.4919276954930019,-0.6787731533323855
2023-05-26,-0.08287240033265496,-1.4494110258819723,-0.3580742307728533,0.3334146211472941,2.3714232451922435
2023-05-30,-1.287082643480938,-0.1343999534592446,-0.9797739501908489,1.5353260779117275,-0.34424909937006165
2023-05-31,-0.3018282465172912,0.6750879729033932,1.386935210331244,0.5589558080118018,0.5110179931856037
2023-06-01,1.031305509403443,-1.288504911326268,0.33621640717724643,0.8216393399170575,-0.5009650956934608
2023-06-02,1.6572359213599905,0.9022513606206521,0.17618126135525206,-1.639280622692759,-1.2815344773941673
2023-06-05,0.07677112320532259,-0.49573683653414696,-0.030558891759179873,-0.543860928190571,0.23696382221497836
2023-06-06,0.02646787554763037,-0.22274095600905333,0.4395867130010384,-1.2421580047857677,-0.8693762124843143
2023-06-07,1.4727603301274597,1.107505382394306,-0.4331179538971388,-0.6640203434633161,-0.30729197697382504
2023-06-08,-0.1946907587280657,-1.9161326130304552,-0.21836314892569222,0.3219182476298659,-0.8770086529480553
2023-06-09,0.21127023211403245,0.010904659513432407,0.442962774059536,-2.001086043516964,0.516814245425782
2023-06-12,-1.3286606730005084,-0.02819757081510789,0.09239681382969189,-0.08497585088895225,0.8559239851962023
2023-06-13,0.3453816606127818,-0.06049312361613556,-0.6943023589340125,-1.37982358033883,-0.19392031879055716
2023-06-14,0.09126307331158588,-1.45083614787555,-0.2157489761642108,-0.06647459320827605,0.6593209416536558
2023-06-15,0.9108474408644529,-1.2366854606112694,0.4095638123254759,0.6464521743146022,-2.502522633536736
2023-06-16,0.08409454241713817,0.4411822384288807,-1.4516268913511692,-0.6449766796630049,0.26107789493249006
2023-06-20,-1.9576152112916316,0.09391812687940859,-0.3925887114444686,-0.6824613324827874,1.843526631176978
2023-06-21,0.7994302486615673,0.2745682329330765,-0.628533424332164,1.0742344126528482,0.5583373498183772
2023-06-26,0.553824544373728,0.48280601095587167,0.7619940796627473,-0.1078497358125368,-0.12203849162004302
2023-06-27,-0.46163892658003075,-0.6592490150646116,-0.7889532565978262,0.38030067624211594,-1.4987596960958454
2023-06-28,-0.026268799768156183,1.0648725382518338,-0.980849409793098,0.8372198323873702,-0.017362959804590832
2023-06-29,0.5130986773021602,1.068065179497419,-0.10392347664642966,-0.3855077281909512,0.9944524309569485
2023-06-30,0.30397290222875123,-0.9642801111653501,0.1916114898862345,0.1992069400892384,0.9311129279152197
2023-07-03,0.5590073263644884,-0.685720860580271,-1.0991594914034704,-0.24665231096455056,-0.5974184205233141
2023-07-05,-0.5709961878921946,0.8829083871248156,-0.2737525096498223,0.17516652401489677,1.0507675590959487
2023-07-06,-1.3857896498657722,0.3170885132379856,-0.6837520182162138,-1.4759204528157213,1.8729398212020356
2023-07-07,1.4774963629830533,-0.4395044608695534,-0.9347384181706667,1.4871691183089881,0.4678562376620153
2023-07-10,-0.03257397812014883,0.04710559650938758,-0.7129516433120554,0.019952365601080636,-0.6901863777124827
2023-07-11,1.0269978445736088,-0.4044121122402772,-0.6808834470467747,0.2793408413170805,0.19939620938869765
2023-07-12,1.1078190359127258,-2.6838474877321543,-0.3179816446717817,0.05448293559602405,-2.4630036493667022
2023-07-13,0.19810848444586113,-2.0276658497765956,0.4550477441179933,-0.38598627853134904,-0.6920200205966407
2023-07-14,-1.5549327910876078,-0.0020201669293770435,0.3325200037625552,-1.582976380634551,0.8199904068067833
2023-07-17,-0.6873698220073138,0.03901946415221254,0.2926138271990653,-0.07789350255848364,-0.5490532923561573
2023-07-18,0.14431766811977015,-0.1085527242746556,0.0542343132777032,0.5593143826348048,0.10859751259941819
2023-07-19,0.16355579712282206,0.5678345915446165,0.49009230662606246,0.10325850616206596,-0.0002023690301752857
2023-07-20,1.2509019808172435,0.7721530822282171,-0.2264048450197522,0.36612781254907156,0.29692077039049514
2023-07-21,-0.24448465917208237,0.7072128693931135,-0.17990993271505906,-0.36173181012702865,-0.4177400111991608
2023-07-24,1.4581921564825746,0.08266369069617231,0.09501433013538552,0.25862237685758993,2.187710894874776
2023-07-25,0.20007574746102436,-0.930819195048693,-1.2079906838430121,0.17657412175766474,-0.7530201914189133
2023-07-26,-0.22828800885874323,0.01877424278343478,-0.8453208427501167,0.8490623036275169,-0.49170272978215473
2023-07-27,0.011321760617553469,2.035346658133263,-0.3106703341861232,-0.4688662181689576,0.7178653103455493
2023-07-28,-0.1296889042910773,0.024374106239539547,-1.7800885713160064,0.14858400286925932,0.3360201484696745
2023-07-31,1.252124310791922,0.7773492868433988,0.7646867958185889,0.24961408438372074,-0.13439233811237902
2023-08-01,-1.0201912834496407,2.148689272089447,-0.07470643893429472,-0.6496818498300774,-0.26659597780307626
2023-08-02,-0.8633998485112636,1.4739931566401496,0.14984087399843143,0.4899761489995636,0.06591706555515701
2023-08-03,0.44908152454070893,0.6065194555445773,-0.8248156027105698,-0.2518481010153961,-1.0146735875259016
2023-08-04,0.5476135450711467,-0.8709358784895682,-0.5754580612871749,-0.0618237366171563,-0.6462064768461688
2023-08-07,-0.3155658893798811,0.6118380526508318,-0.18592403385231462,-0.4818806021883031,0.1275036548363189
2023-08-08,-0.45741427323409056,1.1494298654999295,0.6045945183879251,-0.1754662634486975,0.4634923629261984
2023-08-09,0.7467455858396904,0.5393692050293145,-0.4769148927507262,0.37199924598756506,-0.6279847353435744
2023-08-10,0.26411897246945054,-0.21620046919936414,-0.641008182528338,-0.6954040897090291,-0.496439806153637
2023-08-11,0.2088511096196562,1.8534512715148368,-0.04030686919355633,0.5746646702052084,0.591921254804736
2023-08-14,-0.6085643306688239,0.2945338586880348,0.9007729981062915,-0.03371461094340512,0.167032555188105
2023-08-15,-1.178236498579596,0.4690178779868184,-0.6352328763455375,-1.2343038069505088,-0.23016055975569355
2023-08-16,-0.6020144485419503,1.0630853780209417,-0.7861871094276791,-0.3357285803036167,-0.22240684938931418
2023-08-17,0.6818681306057828,0.49236673640770023,-0.26087938424612,1.1206399480636404,0.5965937617066962
2023-08-18,0.08056345405033984,-0.2224050894030652,-0.4243691426473207,0.7115238552746583,0.5875390905560146
2023-08-21,-0.4314938159375415,-0.39481435463273473,-0.35102584929023223,-0.02841692214411659,0.277825366835225
2023-08-22,0.19907466658212591,-0.5473590086794069,-0.5943894667336356,-0.3942853863154231,1.4484844011178966
2023-08-23,-0.22888322406311712,-1.9513915478671369,0.31730493805761006,0.7420409708464508,-0.14623035830507614
2023-08-24,-0.4374599630512836,0.6711134278018787,-0.2867121122452029,-0.4533163390345612,-0.06643214255046329
2023-08-25,0.09163563776976219,0.6960889657732976,-0.6481802126834598,0.7120323472304985,0.3005019888280211
2023-08-29,0.11623759114205097,-1.1380631471892877,-0.2722604674906599,0.3197068148993911,-1.3575329900599211
2023-08-30,0.16312187834119807,-0.122581665013347,-0.12953028082723134,-0.3152549540609477,-0.4129007742266126
2023-08-31,0.05196997522010703,0.4648053194385631,-0.1236756338420671,1.4720995302494226,-0.6697569776243685
2023-09-01,1.1155914886949,0.9955365492913194,-0.9902254546498224,-0.4785249239217463,0.08803917620473634
2023-09-05,0.32593191211200584,1.8522917425657093,-0.43855201107802,0.01287046012188552,0.875773466281254
2023-09-06,0.3152235363115415,0.2911943812341735,-0.033250095585112965,-0.2505417209639188,-0.505311414934092
2023-09-07,-0.21285488016495308,0.5294460987893812,-1.1256003944200854,0.6420728798658026,0.21476119242589908
2023-09-08,0.5329085207064655,0.9266700873682023,-0.9164592056023466,-0.4295246562647448,-0.02194046541097481
2023-09-11,0.06549695414912197,-1.733182177894581,-0.4905591935318908,0.526564082083123,1.377036589317718
2023-09-12,1.0097167466671597,0.9587050412575234,0.3569402281073679,0.023581409653651738,-0.7867715880345171
2023-09-13,-0.22815286772240112,-0.6139695428083668,-0.5378688380492755,0.4803768571759765,0.20485208159690294
2023-09-14,0.4664722220506067,0.8015139489844473,0.4483375422987918,0.1729496636642149,0.622053390912018
2023-09-15,-0.28849831367083617,-0.5405458839415369,-1.0760937045610544,0.6268159655690414,0.5726473617818834
2023-09-18,0.1714160789441665,0.27819773234177547,0.21800682821124207,-1.0266391848241714,0.24059798401810942
2023-09-19,-0.11809699365833273,-0.035539947525609926,0.20117752057671864,-0.34345125715053065,-0.5309966792300901
2023-09-20,-0.3144413330999988,0.14842389698166106,-0.6958623959431464,0.08234637864612689,-0.6571029495116211
2023-09-21,-0.5725851174509287,1.102581321585822,-0.11615840498318389,-0.16174546343170074,-0.05857432362670221
2023-09-22,0.29677726697109147,-0.07921445568758496,-0.6683742298007713,-0.515451346421408,-1.0460032664892296
2023-09-25,-0.14744296323843187,1.1666120783272513,-0.35732083342145204,-0.7002460956591958,1.5031113205475348
2023-09-26,-0.03874384265544102,0.557463997805359,0.17368998085054538,1.2307634466780162,0.359021430851859
2023-09-27,1.5492841898965823,1.8619039047286623,-0.25642375330088163,0.24088820605641229,-0.6675277581444687
2023-10-09,1.2942533668774119,0.7745006280404153,1.682741062861641,1.2560757693017217,-1.0915386097373616
2023-10-10,0.08765019064491258,-0.9836747082306418,0.38334163783930564,-1.887722922752807,1.569042031592401
2023-10-11,-0.685216268913325,-0.749256923866783,0.41199000987722423,-0.45023048578050506,-0.9673804893428851
2023-10-12,0.37056863616644686,2.234559783617261,0.30805130278849996,0.34682280506371943,0.0903733935352672
2023-10-13,1.2474134760561248,0.20343624314439362,1.681195137266992,2.3355549234509856,-0.8496156690598069
2023-10-16,0.44048997844420357,0.1649669046052373,0.25655082978921595,-0.882455509965212,0.33588748132076796
2023-10-17,0.38277836401778637,-0.013067348604308138,0.7055447270424179,-1.1469915279110479,-1.3092419726821862
2023-10-18,0.4937332184753137,1.3924851926887387,0.5961176266027525,0.06715859586207389,-0.8213371954163802
2023-10-19,0.365046945848992,0.2715675810635304,1.254428868947309,0.24648796126663683,0.317719810733548
2023-10-20,-0.11747680528979515,0.0890268141693826,1.4954571030824797,0.5339510121047955,-0.07420836433792749
2023-10-23,-1.1527778743502917,-0.5489330792691783,0.5188581448008183,-0.3160227638621241,-0.6091647245201354
2023-11-01,-0.5480068745756359,-1.2793433341177571,1.3508749358150005,-0.8356311917504394,0.11809217692582001
2023-11-02,0.6868601785049825,-1.1697202796997368,0.00767802683281507,-0.38537257995566393,-1.139469713375184
2023-11-03,0.23056406579859057,-2.5134110460137697,-0.16667857572813743,-2.1219978998772584,-0.8680553157301191
2023-11-06,-0.288581308449915,0.22682460765353663,0.43320541374433114,-1.9087450393366954,0.4269638419598929
2023-11-07,-1.7637553781434359,-0.02290891621396295,-0.46395910244296046,0.9614817222572257,0.7741611096009877
2023-11-08,-1.1363445567650583,0.2601694294951583,-0.4653252952704331,0.9861149329202288,-0.0323159025507945
2023-11-09,0.09971749744319564,1.486501577499383,-0.4348802064911925,1.037627507766741,-1.1229195894455646
2023-11-10,0.1576680438842472,0.9940642457117291,-0.06440362688425764,0.807134498021887,1.1872840077959428
2023-11-13,0.4930728005122791,-0.0771867697361512,0.08580247505925921,0.501025962889455,0.38359958987805765
2023-11-14,0.3884832728235695,-4.251648135140746,0.42395942815395105,-0.08869725411905226,-1.129158645992567
2023-11-15,0.07804519935815799,0.1149612809162453,-0.3383238549704442,-1.6876216619286566,-1.2995404280726799
2023-11-16,-1.631662017941688,-0.8304698516097586,-0.5678903549651986,1.1936644459194699,0.1730583787607377
2023-11-17,1.5331257316364022,-0.15208387764653458,-0.8529864637254627,2.2888731896288763,0.005692216055753546
2023-11-20,0.5240192503275558,-1.550363731961004,0.4115651823347445,-0.17057162437750362,0.16882268908243112
2023-11-21,-0.0071648739603415845,-0.22675506392589218,0.8052807974115023,1.5755159158417595,-0.29447593965349866
2023-11-22,-0.4905004611437309,1.2084562877301261,-0.16886146751218017,0.358475349081886,-0.28453557249900463
2023-12-01,0.9806860037167768,-1.9308406199265316,0.2769627935631783,1.686700793903722,0.1698927154530471
2023-12-04,-0.5989115916378047,1.33485189392474,-0.49175947011305277,-0.6575371692034404,-0.10749950672353914
2023-12-05,-1.5010997397874521,0.6536955006109193,0.49153626148567925,-0.595280201483733,2.810298648257846
2023-12-06,-0.8965857107343417,-1.2201995561463381,0.7882757031417369,0.09803115629767367,0.5228943697352643
2023-12-07,-0.32353563215162484,-1.7688731176002734,0.5045048195123385,0.14942746240130406,0.3408607096216771
2023-12-08,0.5899851213534832,1.3458520706984305,-0.6389841673676339,-0.41445000780470315,-0.18646222182903602
2023-12-11,-0.19238671895374473,0.3522013651098566,-0.08396916284644404,0.08069893108065695,0.7761376151874031
2023-12-12,-1.124563446284689,-0.5007638325793398,-1.0488030966151396,0.30802914722283026,-1.3268779273997973
2023-12-13,1.3640678740299688,-2.37411895241782,-0.45369948532505805,2.756153930022455,-0.08559615047370417
2023-12-14,2.772888963386702,-1.2789025344425746,-0.9533335011386416,-1.3175207233871893,-0.07338983159789794
2023-12-15,-0.125591327476004,0.6430318356977878,0.48451891514698797,-0.5170695534146619,-1.0054115584003205
2023-12-18,-0.006072094235451274,0.3199889363776103,1.6113292521953506,-0.16668363243789103,0.9307383761388729
2023-12-19,1.2462132718813521,-0.9479574629964596,2.352679245624632,0.8210016305094596,-0.4815840404812041
2023-12-20,-0.48604944954341905,0.39947395689700765,-0.2858559795634061,-0.7728559646289005,-1.003272019879112
2023-12-21,0.1505295356077617,-0.20953293364399628,0.795706701475562,0.003071398163398231,0.41353089444320656
2023-12-22,0.12422223734658286,0.15512536873882385,-0.7528484517509597,0.34222439467404503,1.2060810166129141
2024-01-02,-0.23702962665936772,1.0815022347966,0.8237361379602215,-0.1656214169377281,0.2711494449332578
2024-01-03,0.6337345259255873,1.3556103885839486,1.6389836448560682,0.6412856583230141,-0.5588339450579652
2024-01-04,-0.5374218713342265,0.3586504430188428,-0.7061862289164896,1.0760101574510867,0.3232680310219915
2024-01-05,0.010175429903941727,0.17922498160152453,-0.35570201153118547,-0.22981894629018612,-0.005157964708025764
2024-01-08,-1.2394420867038984,-0.3942832360161189,0.2264954765155048,0.2363856890889762,0.7487471240703079
2024-01-09,-0.6565848461543392,0.9390017172159986,2.84256390034076,0.7478562075401696,-0.6344576711956386
2024-01-10,-0.3748018068109569,-0.5388702888616441,0.21520571800447133,0.4563310885368797,-0.1360640068113946
2024-01-11,0.07901255828209326,-0.38038758871860345,-0.6758303364928774,0.5274235696344048,-0.06857823774844199
2024-01-12,0.1784058658136252,-0.5249027555082978,0.21525226636413375,0.20944397843542414,0.45212825900546594
2024-01-16,-1.2170315694902356,2.14619857123098,0.8185076630911821,-1.1968176926264968,0.6196607142210726
2024-01-17,-0.2841348372844058,0.9968187960473129,-0.14847257758804697,1.3810374599158595,0.22480776927284776
2024-01-18,-0.11450652661431113,-0.27228364320077536,-0.47484268632528465,-1.2408144378759514,-0.47800487946261777
2024-01-19,0.17409249244822297,-0.5936351837451785,-0.10560001843244202,-0.7246339261616338,-0.5132198553479494
2024-01-22,-0.5940250128518263,0.18653236764171216,0.3192831120938377,0.053852875052462695,-0.5177092756385452
2024-01-23,0.21372965297400834,0.371655860858996,-0.06421318861620476,0.25642169661666964,-0.3454724652759894
2024-01-24,0.698909015184754,-0.44420737002722144,-0.8380314152110281,0.6023745075173219,-0.9388144669555466
2024-01-25,1.2616060584541926,0.6621808337717474,0.9901341410245376,0.591805579331045,-0.9020960550242948
2024-01-26,0.6728803146272986,0.5274581347142074,-0.8264816470881364,0.7791622150487363,0.35115182323047056
2024-01-29,-0.49120298934796425,-0.563217646948036,1.6913488745366518,0.014744795713150856,-0.705596334428397
2024-01-30,0.2159773525799304,0.07239568283928582,0.4932546488056405,0.9160959316033556,-0.04187404704626891
2024-01-31,-0.8423785550812372,-1.4228648818669318,-0.5961567919085614,-0.4572422881007363,0.5534689770874484
2024-02-01,-0.853316219244753,0.4489072265006315,0.8699040860981374,-1.7082916163941202,0.7454570407936315
2024-02-02,-1.02126791162528,2.2056430062921857,-1.1640124865643686,0.10630087768244241,-0.7414925918605293
2024-02-05,-0.2814833119740195,1.6304738646485908,0.019635712851222425,-1.2221695458759911,0.011017737385565739
2024-02-06,0.8969447116215102,-0.8717126493856373,-0.061361924325090175,-0.7141646682670588,-0.30434471749590497
2024-02-07,0.3694474268746664,0.03928703735623291,0.07073540584289187,0.15797669865427622,-0.024856781262838665
2024-02-20,-0.32714797538282114,-0.7994921465442124,0.061314986645198896,-0.14322912185883707,0.16598123387345726
2024-02-21,0.6421265906319659,1.1131567110420715,0.2076090650715444,-0.6295169980146593,-1.0823956081493518
2024-02-22,-0.49559350890575204,0.23133473214871397,0.4948257488436191,0.325867224059645,-1.257466579632057
2024-02-23,-0.44977749215589885,-0.4348084842791583,0.059223063926930004,0.20025479134162563,-1.2834033477462923
2024-02-26,0.4118726658777451,0.838402278036478,0.6088480201731029,-0.3011927277915651,-0.10692079574878872
2024-02-27,-0.006223480127371714,-0.5547068721147785,-0.017470550076485635,-0.29308653526352174,-0.4008643235564663
2024-02-28,-0.5080117472725133,0.8018984982194248,0.025319716515178597,-0.298960079764266,-0.9991940791437506
2024-02-29,0.33533257363304186,-0.5587488504102637,-0.08859242352888932,-0.4403293457470939,-0.19239806166565643
2024-03-01,0.701296234493936,-0.7860782100757542,0.5520900684386415,0.2995308146317676,-0.7172229729109566
2024-03-04,-0.30909507952472215,-0.12835873694350317,-0.262603059128713,-0.7437717050767776,0.2273794604304469
2024-03-05,0.27003064509667873,0.028433068190096826,-0.6083676814652572,-0.10579944800339877,0.8814516052638072
2024-03-06,0.15588774297163968,-0.9755240121372839,0.9304094172362151,1.076498351289808,-1.2947757881589623
2024-03-07,0.3036915560194238,-1.119332898494389,-0.5118262923689758,0.7314379869249853,0.36199883895304047
2024-03-08,0.25614877006362025,-0.940500159717483,-0.7408498614669311,-0.06749645136780631,-1.3084317111768273
2024-03-11,0.15369000650266262,0.8612184674460475,0.5558930083844263,-0.5353524403765776,-0.058100447183624136
2024-03-12,-0.4894590555361059,0.3500408325989088,0.11216441423363328,-0.713280152440627,-1.6803812588278346
2024-03-13,1.0796277534447885,0.06869498987028624,0.030224668087341342,0.41822021808817894,-0.7207676299347223
2024-03-14,0.1817413091717318,1.220618523917308,-0.4692970910013555,-0.06201948755509711,0.1341751418655055
2024-03-15,0.33363678137665104,0.6947816349696078,-0.5254605576669504,0.8150483285672023,0.27907973380575185
2024-03-18,-0.22274233218202819,0.06282356515200048,0.28953446593146015,-0.2864136626382482,-0.19053148452216073
2024-03-19,-0.17556956058468523,1.3630026634764094,-0.3949638130974435,0.5376423558197485,-0.80193016057813
2024-03-20,0.5624831884667404,-0.9183155936221828,0.7959513963509504,0.0654679708428011,-0.015332702430152062
2024-03-21,-0.04317655776703819,0.19435282710780444,-0.48371692613217127,-0.8226220571584911,-0.13926110452734045
2024-03-22,-0.8042192295025657,0.9793260779896477,-0.565411667510241,-0.5829924595095413,1.4047271564034138
2024-03-25,0.5060707347652317,-0.020935085865401944,0.640149703817752,0.17148652413093993,0.03346925433170903
2024-03-26,-0.5136559440607197,-0.147424479970597,0.053029717641043674,-0.17490572396978069,-0.042634192742584544
2024-03-27,-0.2649423693700439,-0.3372142221658257,0.01611963351671259,1.490865102021953,0.11210052453983868
2024-03-28,0.45725640961713215,0.22625509689973924,0.32211697659640215,0.4640904987434617,-0.7020695463878772
2024-04-02,1.1216676552689062,-0.4381762928693681,0.4678544766465796,0.5377359124076804,-0.851042077024807
2024-04-03,0.5223188676325211,-1.232663630970302,0.10242451145529409,0.41927731888882525,-0.2943512744014615
2024-04-08,0.043668754197114086,-1.0021053299682967,-0.1784565921649897,-0.20492968982023296,0.8751310197618596
2024-04-09,0.002364879782239831,-0.7728034646264416,0.32441112955792134,-0.6176205337738196,-0.017248695297259947
2024-04-10,-0.35609493530337466,3.027590727939442,0.2725088140897161,-0.4992906689557088,-0.19269657179786434
2024-04-11,-0.2412423472290232,-0.19967495912345817,-0.5386605360830244,0.8066518737145806,-0.5950944874090652
2024-04-12,-0.45232230166631426,0.8860166605101373,0.256650942007099,0.34332613947845736,0.7879789653677562
2024-04-15,0.09821545123928492,0.710948340658019,0.7863901531909333,-0.2575783510982345,-0.6662376583525178
2024-04-16,-0.6384309537595537,1.598302780866876,-0.02206135202723749,-0.4696676667263571,-1.968861948746102
2024-04-17,0.13548937719912482,-0.537467938668222,0.22676738500732777,0.02360776911172282,-0.39593205847611235
2024-04-18,0.25043058484417235,0.08321252312613991,-0.46438841700578615,-0.3161851027370174,-0.5493405402197489
2024-04-19,-0.2867042570090792,0.3118491516472374,-0.0031813787028042518,-2.2621060604016563,2.592330939795893
2024-04-22,0.3442564039567481,-0.08771335542359049,0.3661694279943891,-1.1249502953358725,-0.28896586919201445
2024-04-23,-0.17026264366798285,-0.4593300424848887,-0.07193999102501158,0.101622171856183,-0.26609374330642876
2024-04-24,-0.024093527939970407,-0.09319631377148259,0.39672876881325336,-1.2790413220573786,-0.3837697628604779
2024-04-25,0.5393993772062295,0.014371096006571719,0.29169040656027095,0.4754067835233409,-1.2925487578154895
2024-04-26,-0.48377787035715125,-0.5952729251274724,0.06964517109417397,-1.4696192776895372,-0.2504090243621857
2024-04-29,0.47289933765310166,-1.3748144177861694,-0.11926682385173247,-0.5086509289042174,0.18129375960214075
2024-04-30,-1.5500969295219185,1.4427623646171588,-1.4618684670425264,0.07521530724801662,-0.11439929068633652
2024-05-07,-0.6554370463022671,0.4918127285024882,-0.6946735897539889,-0.9279393773312298,0.5769151551962306
2024-05-08,0.2563750139194915,0.746349414144277,-1.0872239432213164,-0.21538337227486332,-0.2883110243147272
2024-05-09,0.56621824789699,-0.6868935063164852,0.7564485143355063,1.4994250194670402,-2.2593788049339603
2024-05-10,-0.42277495427723005,0.08932063689654643,0.23964915211131083,-0.6450893942676977,-0.9591331631355354
2024-05-13,-0.29691547358059517,-0.5418270806015725,0.4159973248353361,-1.6378780745299046,0.47103373632502044
2024-05-14,-0.09045705132147518,-0.8677394670221953,0.5382665044876107,-0.26721858048681124,0.3980084968413222
2024-05-15,0.15051990415919864,-1.7929541760293315,0.0061788295188366805,1.7400800032849464,-1.250040099170765
2024-05-16,0.029476017875570883,-0.23203609713582884,-0.39800292200101417,-0.8640903912533116,0.030693162703687493
2024-05-17,0.9087529341789211,0.10557737669633704,0.3698130211809861,-0.21483081549265978,-0.37848934225477743
2024-05-20,-0.24798463298417525,0.12848736486002416,-0.26639867482523044,0.22348548115634811,-0.11056369449849945
2024-05-21,-0.21024589041678374,-0.16592540030567782,-0.4706357011571408,-0.38047010418777927,-0.11786392338735248
2024-05-22,-1.0312559034056634,0.9431658887043143,-0.8150236782065284,0.1683723473866816,0.41932647500916076
2024-05-23,-0.26734995017812857,0.5093908886531274,-0.4058753907315994,-0.5923590527469927,1.5578335816524367
2024-05-24,0.2818794340958654,-0.33998922165050943,-0.14227971220780344,0.6294072629427402,-0.3197448225003869
2024-05-28,0.6550449553073647,0.3004504340811634,-0.07295174325524155,-0.15569337240054754,0.12245360259013144
2024-05-29,-0.8474562958837125,1.2282289786094984,-0.7661742295218216,-0.3588230380216229,-0.17407941040552022
2024-05-30,0.18726458849225658,-0.040445261242418096,-0.055696218907420575,1.9256011383539446,0.5345614936923739
2024-05-31,0.8115991757897633,0.6587929615999029,-0.16165299531158195,0.5237146902467132,-0.6869328872049266
2024-06-03,-0.7535274136487176,-2.9353771136166484,0.3801354697220732,-2.6940748973360593,-1.6190359224385915
2024-06-04,-1.4174690067163644,0.1929420101608313,0.4278802791690085,0.3539900850666119,-0.278734477642478
2024-06-05,-0.6291922214722493,-0.0772557381558171,-0.24407352283326372,-0.8200173316661584,0.9435405752920709
2024-06-06,0.5041652570102395,-0.3517811659761262,0.3805660628787,-1.0163236524491013,0.1418364705831819
2024-06-07,-0.18304065862863209,1.4733641112680778,-2.07858947379701,0.9473626638259487,-1.4324393093888457
2024-06-11,-0.5518029212576975,-0.34077790754846504,-0.13139347245054991,-0.2129881740780369,0.14081477628620806
2024-06-12,-0.3943015333246769,-2.0710841270232887,-1.0393746121717413,-0.5209777224542947,-1.5453993255833984
2024-06-13,-0.9612136664998062,0.6157812432838022,0.20891821215232032,-0.7068649809318807,1.2302653244354789
2024-06-14,-0.589651134919929,0.5926586346262075,-0.23591043991411043,-0.5837717056418258,1.431771151829174
2024-06-17,0.15517878868762428,0.13973284489446058,-0.2032359799969775,-0.685272816497432,-1.8474403862681537
2024-06-18,0.5356406156538288,-0.9349458995558634,-0.8163793413771195,-0.3079238411915257,-0.05631571593877554
2024-06-20,1.260502481789495,0.8183422187943926,0.35744156416009215,0.5417072400344534,-0.9319168112339175
2024-06-21,-0.5579164567177739,0.8611336684997598,-0.7221094916930489,0.03741205330695353,1.2922073128407703
2024-06-24,0.40624147355559,0.46911506883992915,0.7127092960598641,-0.10205497858457555,0.16345736964214733
2024-06-25,-0.39655151401804956,0.0030527639972054224,0.043565431877507284,-0.4795949096431877,-1.0065771693630594
2024-06-26,-0.19878400184014594,0.3835237661530103,-1.5249305846956134,-0.7585471715339672,-0.9834924441729284
2024-06-27,0.16998217277287647,0.28374509071976534,-0.3479597929146738,0.2424911298298909,1.0397172372152235
2024-06-28,0.9597966064507719,-0.45026951274548743,-1.0948537265649663,-0.1352562414567257,-1.1801508228830735
2024-07-01,0.025768981246481082,0.4410222891165419,-1.4352025003166515,0.38791962730249807,0.5542098300832606
2024-07-02,-0.5579345287427366,0.10476204042944291,0.0963275384326758,1.0549494285060945,0.12021936421489816
2024-07-03,0.09174318963205791,-1.3362989729091022,0.6003458269833405,-0.09628339558379952,0.7974409909978749
2024-07-05,-0.5772939389873889,-1.2951051499601511,1.9677516740646828,0.7747162801415102,0.6597853173479878
2024-07-08,-0.30520268249566435,-0.11680741519835594,-0.8801696631161431,0.03932921134137681,0.9675778887363131
2024-07-09,0.05483611815661782,-0.32288704375484484,0.15035563125611004,-0.8878915631774836,0.7171059167081714
2024-07-10,-0.3103282753631779,-0.8019950106222777,0.811833892797882,-0.17486752704377304,-0.9952720404535711
2024-07-11,0.02025015188959854,-1.4621622469935145,-1.3316448464963007,0.8236904989959111,-0.692318225535843
2024-07-12,-0.6153778081102388,-0.42929573071764787,0.012324869696364154,0.46588973245982546,-1.295402369659564
2024-07-15,0.42970733888047447,0.40668307175099766,0.16735939398094707,-0.33564533996480256,0.8248305379029116
2024-07-16,-0.04941084276888412,0.05286840476034111,-0.44822939405426115,-0.19536233487690516,0.9671821085762394
2024-07-17,0.5807800653219158,0.602415315241795,-0.38528185952682126,1.0105069299205738,-0.5924641489071925
2024-07-18,0.15930215792986355,1.565402679415158,0.6815516774511501,-0.017709125272072083,-1.1023086294622364
2024-07-19,-1.0895337031356058,0.1344131861297478,-0.1550052413352116,-0.5938334453082237,-0.3151282860465728
2024-07-22,-1.1246926207284715,0.2914609534697068,-0.08313111540525049,0.3259636366408762,-0.26128094383793943
2024-07-23,-0.77198547384386,-0.18203676352478543,-0.878094301849998,0.6860006392038712,1.000463077057555
2024-07-24,0.6359880102216044,0.34666010166206773,-1.3570736180341423,1.5045376957482457,-0.032511117947193226
2024-07-25,0.5124240403135677,0.6868350923218893,-0.7465520654289943,0.23885508087403934,0.08642602902723408
2024-07-26,-0.5788014325301716,-0.3466435155187407,-0.5531732400144577,0.11078021809233989,-0.27146554985954696
2024-07-29,-0.24747819308996435,-0.15806612340205223,0.40367023227839455,-0.19621008841661128,0.6744591899626929
2024-07-30,0.7877399462607068,-0.19891165329353466,-0.4990831265847769,1.2112345160741407,0.386486779240604
2024-07-31,0.0820429372315712,-2.193692728554561,-0.831210056771573,2.202471194420864,0.05067903107125978
2024-08-01,-1.3735822628863372,0.40025063185770937,-0.4620979807525797,-1.3334635466485731,-0.5306561946434142
2024-08-02,-1.8982246152162339,-1.732084677883654,0.9863516412152921,2.2579373856428506,0.49782724419120356
2024-08-05,-0.5771831088534041,0.9746507465469891,5.366689451260127,1.9928422086121913,-0.8496325917156863
2024-08-06,1.3211178813298574,0.24883883588295475,-2.825190883036862,-2.611822875543855,1.5915729560417993
2024-08-07,0.8913147435593712,0.498229260515111,-1.067417303807213,-1.429687042959472,-0.47070412496089403
2024-08-08,0.49184597632965765,-0.2613664865078254,1.0629187110023655,-0.3935047836225237,0.5962762759465667
2024-08-09,-0.04658032927312522,-0.655939166962973,-0.9215150101207628,0.03689339093454978,1.3212474302625818
2024-08-12,0.2819960637471767,-0.813336621217545,0.8295788889611605,-0.46439353358959784,0.22112062246913722
2024-08-13,-0.5553027683787972,-1.5939228520659565,-0.7301235299346095,0.40858490861278374,0.6351681374510159
2024-08-14,0.07625018228331114,0.6056232947716931,-1.7227154695906977,1.3946504617212598,-0.8325106320376015
2024-08-15,0.503609943206166,0.4037345771224347,0.4779772632569095,-0.5543543864259548,-0.5225103579601434
2024-08-16,-0.010917339017481237,-1.273049136743614,0.2524818012039943,0.6596167818350634,-0.3415193189019149
2024-08-19,0.3631883963740355,-1.6533988250971374,0.050247261327509826,-1.2946266798591135,0.26228692263704256
2024-08-20,-0.8884317267941978,-1.1564495831794297,-0.6334577818714069,-0.4715468020579539,-0.5503195578345081
2024-08-21,-0.01249224855834453,-0.7157436532299015,-0.00502944103785814,0.06759456310827223,-0.7904687298904332
2024-08-22,0.20903731773427522,1.6390861912714683,-0.4885676841780316,-0.5182350083629418,-1.8917790191696835
2024-08-23,1.1163629213653268,-1.6285801644343296,-0.10464742816236476,0.8689435976798896,1.0593841158993356
2024-08-27,-0.12527501609804598,-0.40400024682958074,-0.22251090383161015,0.14212797913304936,-0.20262778278841925
2024-08-28,-0.19111629256773077,0.5437176191768327,-0.9567538134307554,0.08816479937884565,0.007723804859051494
2024-08-29,0.8239674698329849,0.3124034108469869,-0.6267230680796082,0.6255851456613662,-2.671346880344675
2024-08-30,-0.8149286593732614,0.6831422214377142,-0.21363789887168227,-0.5814234574541811,0.2701123954345105
2024-09-03,-1.6008381125109805,0.661557220978473,0.5947385479883807,-0.42445531634445716,0.7821845170560753
2024-09-04,-1.208131580786682,-0.02918905898621964,0.2113883375175207,0.5138770695617392,0.3215081594295839
2024-09-05,-0.05520653784055328,-0.8096222752606307,-0.8537457616522732,-0.28609957049177176,0.6431030299211136
2024-09-06,-0.5615979160054089,0.6604265460137315,-1.1532440741009362,1.100864260499036,-0.01922443131673281
2024-09-09,-0.3620406045830865,0.6228946408715653,-0.01689424332096511,0.04397127084123277,0.2741848906087206
2024-09-10,-1.269666290876565,-0.5037509790444343,-0.3323168110004982,0.07289245436807687,-0.24091319198351435
2024-09-11,-0.10956000547605757,-0.17589762879873563,0.2435647190706996,-0.20540312154990023,-0.3067693239855152
2024-09-12,0.8072439815552648,-1.426699943287706,-0.8847756676371129,0.6876532818968296,0.19152683790683236
2024-09-13,-0.03334619812422256,-0.7707609743546286,-0.2732184401892009,0.4450870782263345,0.9334023016877766
2024-09-18,0.6358281270978647,-0.2707954339340389,-0.19017790596720321,-0.004821604392964523,-0.9632111971837546
2024-09-19,1.0256982886997352,0.1119862308069007,-0.92638596977109,0.3340354821714882,-0.1540913067467158
2024-09-20,0.1727505069683119,0.10219739534950624,-0.8114959095208508,0.4303946722711014,-1.8591892255071747
2024-09-23,-0.016863360711452845,-0.9550010288648796,-0.16088224914248092,-0.3140747323502946,-0.22482921982418885
2024-09-24,1.2069992587227643,-1.4067753827456368,0.5546405874775411,0.3017584442837897,-0.20990493144807823
2024-09-25,-1.0173225782829665,0.4856503934456876,-0.5443772551150258,-1.4830940306182083,-0.8262435275653996
2024-09-26,-0.363093284797645,-2.3725236796564135,0.36273272940251616,-1.3383573550602026,-1.0152471854276472
2024-09-27,0.8203894257826607,-0.22419770667228792,0.05882871768412568,-0.9577197763557622,0.42510097859583623
2024-10-08,-1.0257707023648461,-1.2752519121349832,-2.305891425431879,-0.4413313088566004,3.779927564591113
2024-10-09,-0.7872311562793844,0.8394150485459511,-0.29888665978027396,0.9637643071264009,-1.2467376910319714
2024-10-10,0.6386512058483816,-0.14577010131554072,-0.3697472612942877,0.764700466757482,-1.4535326031808424
2024-10-11,0.05829707309724987,-0.36906551681457184,0.04788137020297252,0.5351463273971607,-0.5881348102601116
2024-10-14,-0.2845617242473406,0.4221349353568609,0.03281285001537112,-0.5070514396327248,0.8365594920053042
2024-10-15,-1.5169109258558902,-0.07619775118294532,-0.45666889732358246,-1.1037133066871798,1.6951933099395249
2024-10-16,0.04247257035221483,0.42144924849071363,-0.1694272660608034,1.0328874216069128,-0.7405749725226277
2024-10-17,0.1688181808859711,0.20622349129948175,0.3055775247677675,0.3563022170760578,0.26884451083374744
2024-10-18,-0.27872594547981805,-0.7754994860275597,-0.24002250387368618,-1.0876423234194719,-1.352660928000707
2024-10-21,0.045062511336152175,0.9888342404002697,0.9779991706414031,-0.8674916930984005,0.5693445738419445
2024-10-22,0.4404022358175885,-0.2805529855695144,0.4911392391578176,0.4662621767196562,-0.056039279570908984
2024-10-23,-0.4295428753292762,1.2422170433119222,0.25846579311042556,0.5116769216696297,0.19984654152833237
2024-11-01,-0.3577842131968366,0.6005550011322844,-0.8994754973063158,-0.7375671827627096,-1.5895445762275133
2024-11-04,0.4941575953144936,-0.9828155927577567,0.5840707661440717,0.10001946559944268,1.2315263257984927
2024-11-05,0.48374595203791515,-0.7859229527638671,0.2596307555978145,0.3475614878820757,-0.7692873261676039
2024-11-06,1.5607938216827115,3.518312894144264,-0.3329219699496488,-0.5176271587312417,1.08873128618798
2024-11-07,0.2568316653270732,-2.2552592448502056,-0.20707312767326158,1.7298444769177894,-2.1710769244846753
2024-11-08,-0.23861657848072848,2.3448398732583002,-0.20437943287970767,-0.031463165838053954,0.6188020522822638
2024-11-11,0.23754197468319718,1.1795490671557458,1.3729001639739673,-0.0889979075025258,0.01895032693572964
2024-11-12,-0.2599896003578624,2.0657635947172075,-0.006965495340911251,-1.0334678264885169,1.0721817800132594
2024-11-13,-0.013397906405326778,0.8991091117648593,-0.12878754187297958,1.1253110279466871,-1.4997751006084765
2024-11-14,0.3399042364100129,0.3219256803624257,0.36596410153747316,0.45010305595300426,0.2917826747936928
2024-11-15,-0.15673817417653046,0.2607003372292683,-0.11738894117032718,0.6805512872513299,0.2137958952702561
2024-11-18,0.8373955037113698,-0.5506713728519091,1.665249503977834,1.1188074485616308,-0.30644528785669595
2024-11-19,-0.008684783071273246,-0.8123527696610061,1.4313419005080765,0.33470749782303605,0.6166970457470158
2024-11-20,0.422202004970366,0.7347712546600084,0.943213552012469,-0.4483442844708416,-0.49803017310543524
2024-11-21,0.2999066660972947,0.15058862485772528,0.37587900980522865,1.1560678458974234,-0.5103589161711515
2024-11-22,-0.13098373720386416,0.46030356548937584,-0.34159351542715916,0.26923409124861075,0.9000073450879493
2024-12-02,-0.7416320503311914,0.3698410048366068,-0.18701007996675117,-0.3136536836905984,-0.7380210895156593
2024-12-03,0.501175507036252,-0.8152742550024318,-0.2359678460462051,-0.42713500268688737,-0.004675513195469141
2024-12-04,-1.1442420347359703,-0.29114320977367025,-0.3739526186177749,1.5338633778697621,0.674520732860157
2024-12-05,0.5452664653920009,-0.8788187608110211,0.1104498078703851,-0.044124628622068514,0.30455269750307007
2024-12-06,-1.8072249350828526,0.46363248594854695,-0.4653362248390566,-0.010327504340630442,-1.5765503099864309
2024-12-09,0.431431328249539,-0.7998437078047267,1.1014205264674835,-0.8225305227448442,-2.130768730577945
2024-12-10,-0.41282877204982976,0.732166257342658,-0.14816614446824317,-0.005614680482280925,0.8219594202636172
2024-12-11,0.3391387507851139,0.339104580127766,0.5292558100126887,1.3735939279616183,0.5639478723588806
2024-12-12,-0.35234349426797423,0.08555529666781989,0.3101847940292895,-1.3189967088666505,-0.9692494177987764
2024-12-13,-0.47017826850579114,0.6741285577169481,-0.5074104193185006,0.3202010385682127,-0.35441426933364956
2024-12-16,-1.3935910474345814,-0.688753387873302,0.6595354111387116,0.10948682708689238,-0.9651250375809675
2024-12-17,-0.7284394530963804,0.43770793419826587,0.7524417098244615,0.0799128722927033,0.4750650138000462
2024-12-18,-0.9870749620022911,1.7105179762429272,0.5907915312965106,0.8827452510510618,-1.7662984663855352
2024-12-19,-0.6161487844327126,1.0945469921411508,1.5100373160198135,-1.3438467689982683,1.9660935582672634
2024-12-20,0.329082304335476,-0.5010944861556509,0.2449168672425199,0.6694270021259063,-0.03864250435926656
2024-12-23,-0.2688384912640912,0.5539586217420545,-0.45562985310328996,-1.5653206527767745,-0.9916809883187626
2025-01-02,0.45909409431451104,0.8898740589324071,0.6002131812088085,0.17185545503890365,0.17022882614502738
2025-01-03,-0.3900629711126526,0.4829193042619494,-0.2482011654724838,-0.7460231150187109,-1.8017361108238892
2025-01-06,0.007748963173677438,-1.161847402463222,0.7504283805840797,-0.3688394254893483,0.8821210403110977
2025-01-07,0.8698877665790666,-0.058930385630194766,0.4692112043910178,-0.27256224574785426,1.1800771600108253
2025-01-08,-0.02809369688512415,0.8288187859706081,0.19350973528579885,0.6987150654752908,0.512671056974958
2025-01-09,0.1270602243838068,0.6605837018648044,0.5991532660229129,0.1502964764352275,1.003023903181586
2025-01-10,0.6996096801605703,1.718229601134069,-0.7666478917676223,0.7949002102376251,-0.9029825941515023
2025-01-13,1.2429025274054113,1.248423539427502,0.8497600577346749,0.22085727789399776,-0.2742850717400806
2025-01-14,0.7780615936857151,-0.7896916425955404,0.5815202349965319,-0.3821817540477737,-0.47850180204964843
2025-01-15,0.040860036683699856,-1.0369237913374296,0.3814557613302229,1.1093219002995893,-0.5697905109873775
2025-01-16,0.05633492620718293,-0.5050349624916056,-0.21108353985392378,0.2536202187893167,-0.5554526866693716
2025-01-17,-0.19339221263597547,-0.16067700575886737,-0.43489216685412363,-0.7965334137913173,0.05323176718005259
2025-01-21,-0.6087259129162811,-2.582532500598281,0.5586499998635159,0.2928449872504479,-1.2820946972595892
2025-01-22,-0.6344199762555963,-1.156635998576677,0.16863472581109604,-0.4443810392844798,1.2203504233334252
2025-01-23,0.29213444034932096,-0.5432051015710094,0.4212394337638729,0.9119420724708984,0.5679881289139431
2025-01-24,0.44352610390292574,-0.8557552770409604,-0.11266243072664565,1.0289797543128891,-0.4208215834581431
2025-02-05,-0.13385943452777707,-1.444445307048613,0.2353441318979716,-0.533704035540392,-0.4030542220577289
2025-02-06,-0.8039084523458913,-0.5641484943577065,0.9909809840272426,-0.8475143847238386,-0.39086125639931135
2025-02-07,0.7503655476956073,0.6041237038081781,0.7649092550277873,-0.6653477616834064,-0.4855532448382808
2025-02-10,0.9608952020223495,0.6063414995695222,1.486107030634786,1.4469146671065132,-1.4228809616955889
2025-02-11,0.8207203707286901,0.050119234601655606,0.19486422829429206,0.7171484673362196,0.4237182564305097
2025-02-12,-1.0443209196086125,-0.25417398212507797,0.046553826367556415,0.11496191897760415,-0.47953636495526925
2025-02-13,0.34462106487239585,-1.1143746547752467,0.056462988407240164,1.805885264621726,0.28028469468801825
2025-02-14,0.12092717725870997,-1.0887678835234345,1.776086312760796,-0.9123548584484097,-1.0533475692807974
2025-02-18,0.4908619173002938,1.1337596022221594,1.2169535718403057,-0.17999407390741534,-0.25091862210798144
2025-02-19,0.3337139831411272,0.6883784284554819,0.4963648583701666,-0.2423289616141992,-1.2248374295880287
2025-02-20,0.9663043616377739,-1.1501167540654214,1.4415062161179724,0.36077002109617645,-0.4413829066271761
2025-02-21,-1.3247906986954419,0.06699119378314479,1.4299305871513486,-0.9500809024828722,-0.6980804330462923
2025-02-24,0.34684075584586166,0.1462726955598259,0.9781517535968127,0.7626147025125984,-1.4542232039908318
2025-02-25,-0.9208918010505543,-0.41057501842582383,1.0283471421480448,-0.22929038315685465,0.9061523688842048
2025-02-26,-0.4937316118738606,0.23505925595258387,0.13735086710915875,-0.6506052052755811,-2.1353736636031675
2025-02-27,0.6569328088591415,2.362728314149731,0.6599561808888135,0.07154255448411395,0.14162999837642704
2025-02-28,-0.15608257077616905,1.5122358264880718,1.0160708911143208,0.7147471874016416,-0.04842804442434763
2025-03-03,-0.9512496766666425,-2.0795394056004857,1.409135937042878,-0.11953986270166755,-1.1555504531999856
2025-03-04,0.3196091807053374,-0.6608803779631142,1.0483304443092103,0.33050330483776735,-0.8638229243497805
2025-03-05,-0.17145925874364598,-2.610659703629661,1.1756207065663105,0.3969041747942655,0.3951864402857315
2025-03-06,0.4870546437019519,-0.15920417360579353,2.932136884829592,-0.6702460791934856,-1.396919754410131
2025-03-07,0.6043610450679286,1.2870386949354597,0.7886107864475084,0.20838679242649757,-0.4789260236661827
2025-03-10,0.577830123595634,1.3248228048813853,1.881421953057639,0.07091200231991386,-0.5072099766464164
2025-03-11,0.7985415185829076,-0.23175246831028193,2.9560525100218755,0.23828688585003213,0.15114257703583103
2025-03-12,0.5744079644713808,0.6564516695508231,1.0871791654839065,-0.20123979096345446,-1.3251348890141452
2025-03-13,-0.7735406755343717,0.11732082563799064,1.5940494113038504,0.4939146001453544,0.09212744673368999
2025-03-14,0.9420006306581429,0.11745033102788327,1.2025963897927778,-0.24427270234799095,-1.4158042421056245
2025-03-17,1.34837831444962,-1.1043757756312749,2.660684837474517,0.6319405171806145,0.016570315387432418
2025-03-18,-0.02969672149258954,0.1776635718775707,2.143861333585928,0.2721580020954405,-1.3583742398645398
2025-03-19,0.787507979573883,0.29170092184336904,1.5276061122083266,0.23919222683549152,-0.6297617053585948
2025-03-20,0.45847348691839174,1.3888127262286432,1.065699747413053,0.08973358850332995,0.6562346910457617
2025-03-21,-0.1583339504809544,0.3428278739058341,0.4394487273755773,0.7309866736274612,-0.04216392447595209
2025-03-24,-0.09572491041198283,0.7697959240929568,1.5904595497345684,-0.5095780667992753,-1.502931693413408
2025-03-25,0.6212974391423648,-0.5560308352747277,1.7053136426828683,0.7218323458365544,1.595428306829461
2025-03-26,0.5993287670009337,0.9337546404013143,0.8859020325886984,0.02649198125676151,-0.885315318275311
2025-03-27,0.2516246602773941,-0.10727219428919196,0.6679083272636628,0.17103507005831942,-0.18482605957087495
2025-03-28,-0.24597551895113356,0.48278284373600777,1.7166114769535483,0.6327104977400642,1.035244947382031
2025-03-31,-0.2692581680107047,0.6836794741832176,2.1108986105988454,1.200549404449361,-0.25408950386839
2025-04-01,0.45560225877941124,-0.48438709846249317,3.222265670521587,0.1288201716147752,0.7693938581820255
2025-04-02,0.120364847141255,0.38216023154195017,1.6779142997668934,-0.4237561708093323,0.2553462521875107
2025-04-03,-1.8402183405858215,-2.778028894520098,2.505154597171176,1.9838863271106697,2.157866801523407
2025-04-07,-2.494933664764611,3.6140141452480696,3.449364100227075,0.3588555839264615,1.1348328927698144
2025-04-08,-0.09136492281907276,0.0702457053007077,3.1901356376147234,1.5257851238460955,-0.9707526179822025
2025-04-09,2.768045434018349,-1.4967017276418892,2.917471520591291,2.297830504201071,-1.4201033675893249
2025-04-10,-2.448635955910909,-4.132408854359088,1.4182771948880226,1.700689426638575,-0.20973932389407474
2025-04-11,1.3497552186384005,-0.8922598584848286,2.912524921450251,1.2138490685583697e-05,-0.8942623972114317
2025-04-14,0.353125795721347,-1.4195848067442107,-0.5276122287949029,-2.2118976323578026,-0.12318759360268731
2025-04-15,-0.19586527697572226,0.09750063369672533,0.3065344770789524,-0.29637379472090847,0.0561753034642947
2025-04-16,1.095569612575522,-1.2985164626313686,1.9772289565681291,2.901550862953968,-0.5077410483354035
2025-04-17,1.8471822536031641,0.7922110083269226,0.4173117284705833,-0.973691890179927,0.6173990372734401
2025-04-22,1.0878063968618108,0.6545702771886074,1.5030109642017362,0.8058450729125994,-0.7359237675022147
2025-04-23,-0.18434684503685966,0.3993220017725737,-0.8428642618429526,-2.0438423855089063,-0.025235604849128263
2025-04-24,0.8243685382541884,-0.2563329275103635,1.2203337589651757,0.9602791005202891,-0.7559209974233699
2025-04-25,-0.3442346355729922,-0.04438810368469446,0.7286508264833504,-0.32098905527647575,-0.7538779162476741
2025-04-28,0.45420958370169007,-0.45995897771458794,2.397476796421594,1.029361329623537,0.6902147772348882
2025-04-29,-0.6696763742786668,0.2929621320925863,0.9560219960494127,0.6623624072046285,0.4546405078740284
2025-04-30,-0.9434789188876863,-0.9956489562909234,1.3811536136066411,0.14691648724285106,-0.2565368526589476
2025-05-06,0.8057830766385395,-0.8179506023084755,2.1532133079281977,1.0531958222599054,-0.8433706721259306
2025-05-07,-0.12542428952248397,0.741387190730281,0.6454544960950674,0.08495620026388241,-0.42681063057119306
2025-05-08,0.5615664720375628,1.7058889030287208,2.342104544289996,-0.9435767381194324,-0.2619120593275435
2025-05-09,0.5217242940080146,-0.27815442399945745,1.2563145184170972,0.3112272251607676,0.42097168675325236
2025-05-12,-0.06931207553958325,2.1340888988867492,0.9037211396545306,-1.4944284798704563,-1.6810297545297583
2025-05-13,0.9810405507053441,-1.1280277597920576,1.9115294803746194,0.06403424086963794,0.6790812981877248
2025-05-14,-0.06422072402365785,-0.06307664361601702,1.9977721757390423,0.502878955432533,-0.8528462197378552
2025-05-15,-0.34135223790555247,-0.6258465777647384,0.7615511026958554,2.0331012248038047,-0.827504693305906
2025-05-16,0.301707606568467,0.6448473513231839,1.5037987389812046,0.1407424133800999,-0.42227686232924216
2025-05-19,-0.8367365931569074,-1.5231764585010001,2.0878221586652557,0.5349012351524615,0.3057091795849737
2025-05-20,0.040651984634129015,0.4511657328161719,0.3903654485149962,1.1012804838764003,-0.7386812514743849
2025-05-21,0.24996823065728935,-0.4379206240998793,1.385319248928681,0.0703069373375019,-0.07083622991471965
2025-05-22,-0.3100123726302465,0.5927352705131196,0.2964872872498495,0.34300085674148706,-0.5338302175125779
2025-05-23,0.733831454504813,-1.4131144842123053,1.9388555473414166,1.2498341500062087,0.4539907522534698
2025-05-27,-0.5135748614704921,0.900567757035287,1.4060329936246052,-0.13440795445674492,-0.6128305105989184
2025-05-28,-0.22764887270689418,0.8614471485911065,-0.32851882377652125,-0.4193705201225466,-0.9525235926949133
2025-05-29,0.37492544159590063,-0.6583559619612807,0.9857347526082166,-0.3607655960821957,-0.8943124260932289
2025-06-03,0.04023155592195153,0.9104452876104993,1.525686424339019,-0.19631338531036002,-0.4132408372165908
2025-06-04,-0.7167318094399552,-1.6301745951280466,0.7065892876707066,-0.2864930228443307,-0.4132251220805977
2025-06-05,0.4536241284739602,0.39003453675712907,1.0247318361876472,-1.5157222856858816,-0.5711364827971466
2025-06-06,0.6737568567909797,1.4583186635147949,0.21142048676708114,0.8615533287203365,0.18291593193938743
2025-06-09,0.12546905842259098,-0.5835689420673206,0.6031751401346245,-0.28467726227104717,-0.2967940483326276
2025-06-10,0.31883700827543093,0.5315374182051069,0.7849341717856076,-0.1426416654523868,-0.8522021153709006
2025-06-11,0.1061602018188035,-0.03481755505577615,0.5457067146428339,-0.10730485165139954,-0.9018125767461914
2025-06-12,0.27090977329993243,-0.6599401331863232,1.17138250400782,1.6742287648174048,-0.29208994238488956
2025-06-13,0.6856919184741961,2.070003499233563,1.5194726314336024,0.6090390746740123,-0.34511936264706683
2025-06-16,0.2769122675590358,-0.7061140078678546,1.3931916037595327,-1.7347314109804626,-0.9452523635461101
2025-06-17,-0.1610276119270179,1.3092565751157275,2.402706429716707,0.4841961482917485,-0.6693918473296849
2025-06-18,-0.013278220406903131,-0.2802851745960808,2.0519453176764277,-1.0022030223835792,-0.7646396471207159
2025-06-20,0.4861781842716287,0.1498642231913237,0.5447923608536342,-0.9517538128646722,-2.032963073375848
2025-06-23,-1.5755762457345621,-0.45292985683155496,2.514640238929836,-1.6070786008896434,-0.5547242385678234
2025-06-24,-0.6749141241843919,-2.425068096144006,0.43246282068183234,-0.8681565001117726,-0.49154143430876224
2025-06-25,0.12402890312579673,0.19081935747087087,1.1360367423225257,-2.0477792216842436,-1.4009565275277607
2025-06-26,0.790839366883551,-0.921143166510931,1.4748624872624148,0.549947544740995,1.6360401959931645
2025-06-27,-0.5819622461986462,0.5334606956188422,0.1434228232015255,-0.17022752668993849,-0.029938532443072173
2025-07-01,0.5984931603321364,-0.018749653230959496,0.8188003300327606,-0.6399249348791257,-0.5084233513672314
2025-07-02,0.8918144505626128,0.4815944612661806,0.76669451219263,0.9779669859325251,-0.06940338229078226
2025-07-03,0.38252546680998395,0.7116606502962679,1.4583042620818423,0.13727066529839024,0.40265781252538535
2025-07-07,-0.1197611088230578,0.811988208274022,0.9212377903330233,1.076152287777754,-0.4106893713597796
2025-07-08,1.1633434035988375,0.5302390633417182,0.7770202870319285,-0.873252014247733,-0.2655342301949878
2025-07-09,-0.5394853649449397,-0.4192735969941412,-0.15932032357214962,0.8255647410817631,-1.2691560180392483
2025-07-10,0.839309431240395,-0.11261439944561691,2.266343796623751,0.3135117963598217,-0.43341681276246297
2025-07-11,0.4139756023513276,1.1537074423496354,0.38651424039469184,-0.04979078093769368,-0.8919054934517926
2025-07-14,-0.2473870711793267,0.5331646598932822,0.47376312378708646,-0.10174751549529779,-0.13219778764277365
2025-07-15,-0.5173519657810832,0.8920654118946214,1.4968118749878039,-1.3134732622245502,-0.3122542495148644
2025-07-16,-0.16009529481214277,-0.42497448243431696,1.4154228341464234,0.8525952204541817,-0.5010362268176947
2025-07-17,0.3800087269841646,0.4726347000310058,0.7840721637258994,-0.0679890466377143,-0.4099496316724205
2025-07-18,0.06634226798756893,-0.5272868850610324,0.42393084918036444,0.32619537125733894,-0.9674252099945896
2025-07-21,-0.08165595898512994,-1.5352102648757178,1.245060966310772,-0.2131489470723187,0.03367442880587182
2025-07-22,0.36746728213018776,-0.3385066816443657,1.0953261540536,0.4148522707307952,-0.3627649466705363
2025-07-23,0.206551285449557,-0.670961709905307,0.24630784287383942,0.2864075548862686,-0.4589111172118048
2025-07-24,0.4420136329656555,0.3067046336757371,0.6124129775260297,-0.3668625774076353,-0.563091175813116
2025-07-25,-1.0749950012302183,1.1768798296278418,-0.267227538841325,0.9379906891529504,-0.6315609067118365
2025-07-28,0.3682542497817706,1.5619256663353873,0.7789461006550708,-0.08173395399158676,-0.46655307404691937
2025-07-29,0.46489189084256916,0.18597826945283014,0.752441497561524,0.39783978888348354,1.1430089285880467
2025-07-30,-0.7021116258117847,1.0385812102064047,0.4291502671729864,0.5689400428751686,1.0628991442757807
2025-07-31,-0.14069089311371122,0.4966645334527501,1.434004108309969,0.6470535792727252,-0.7193992206902361
2025-08-01,-0.7717256247827118,-0.6827476316850981,2.8997247958968786,1.1359804414145438,0.3246450109049114
2025-08-04,-0.11364704499887535,-1.6731986500023015,0.3740319712007471,-0.7024489390182878,0.2624298146410631
2025-08-05,0.45798234990462244,-0.061895193748739114,0.5937265762820393,-0.4676586842222401,0.2824327907177788
2025-08-06,-0.31462458592520864,-0.5151255736025852,-0.21420409287212108,0.7256170104200605,-0.10908304232255199
2025-08-07,0.1250282485695681,-0.5691120606780881,0.39443099927956393,-0.7190860599672636,0.5672408557927759
2025-08-08,0.28890936863876215,-0.444005137567496,0.5918827326530623,0.1869993125387696,-0.6347647413109795
2025-08-11,0.2865788288561373,0.4158696434204514,0.9663950214938174,-0.3020456264659604,0.40877818944610067
2025-08-12,-0.27883267700270015,-0.9785130148485097,0.09364932125804408,0.5611583174757454,0.17453208501734874
2025-08-13,0.2650662005241117,-0.5796109042032718,0.12788007949634148,-0.6255896466228204,-1.1661198054504125
2025-08-14,-0.36004332920067755,1.3235836539799313,-0.30539791614941214,0.2740049343189338,-0.1906321100204577
2025-08-15,0.10190738460596464,-0.4399524594624768,0.14550232547194053,0.6014915179386968,0.5252513552824135
2025-08-18,0.056083176746391294,0.24383777682300067,1.102482927666907,-0.45014969518691117,0.4190126619873605
2025-08-19,-0.2884224500704679,-0.025933612895565755,0.18559226798818704,0.988939589905353,-0.6863249033465176
2025-08-20,0.659556815839723,0.5037944316818335,0.7939277400541919,0.9425615576980915,0.1375214140646422
2025-08-21,0.774612818352225,0.6543467498167905,0.16205333947029713,-0.6104858701599916,0.08885564674752366
2025-08-22,1.3436832357868587,-1.4142668643314888,0.2319942483784925,-0.455269058667974,-0.6735692116831944
2025-08-26,-0.009116220547489262,0.12239614170454037,1.342304007463283,0.158490997604899,-0.7452081755049136
2025-08-27,0.7767472631830767,0.763086589311794,1.2229796850060728,0.052608877703563206,-0.0801202189748013
2025-08-28,0.5162304070982217,-0.740670925320628,0.9034616035193902,1.2175086880288428,0.07092659664083942
2025-08-29,0.32966029244548867,0.1511509945448811,1.3258258131962115,-0.509963144844293,-0.8104608270892578
2025-09-02,-0.0014977047863147437,0.6491646878855674,1.8853347128325015,0.7236451230429073,-0.084972567253535
2025-09-03,-1.5002474742986878,-1.439446206185078,0.2481014568924464,-1.291399322555349,0.2568184463893252
2025-09-04,-0.45819217137081536,0.5240354321643371,0.19362419325148408,1.4788251556382686,0.41059830285706345
2025-09-05,-0.36801108798304794,-1.9927624332833171,0.9778941925640015,-1.2060903210405984,-0.19312811251237608
2025-09-08,0.09852346549691918,-0.765488372124953,0.6197773272677906,0.7445618709628516,-0.08743959144307727
2025-09-09,0.20906317365994312,0.29366402235063593,0.22879139091321124,-0.0003186212943858838,-0.4578367897818886
2025-09-10,0.5644468771662754,-0.35408213516600234,0.9932329159879638,-0.2883387605448108,-0.619299638275672
2025-09-11,0.07161406212722449,-1.121787854387937,0.26486867935094477,-0.7215641085739095,-0.42217440758681085
2025-09-12,0.052190223720224645,0.07154869029910778,0.12779439919248847,0.1148960323865421,0.5380878913003043
2025-09-15,-0.15192434346346698,-0.7457208940814942,1.2198310513131994,-0.04508092494640291,0.5724497211232802
2025-09-16,0.8440318191917551,-0.5116439144336805,0.40320986593968283,0.41502585803271985,-0.11578701870742286
2025-09-17,0.12925783881802774,0.9022836696292685,0.5663692570434632,-0.019740848593108096,-0.3548608569550079
2025-09-18,-0.27656810396927967,1.014661709892541,-0.8277980676625301,-0.09797436996089169,0.07365080567379644
2025-09-19,-0.941077544993999,0.19888477590708956,0.7094037134672849,-0.0659515953673716,-0.20662414223244477
2025-09-22,-0.5340680231913566,-0.7676640145065238,1.5179027391028217,0.3653610663944434,0.19571013859549577
2025-09-23,1.096312767059649,-0.27352457171495775,0.6637198452204338,-0.14896187942523337,0.5596813227899554
2025-09-24,0.6848281068924174,1.4464328704163227,0.6347690082128563,-0.7285319482775017,-0.47292999706236943
2025-09-25,-0.0532009787840178,1.5756759258707953,0.5216139711409563,0.10280257267502473,-0.8699541255236447
2025-09-26,0.18616307140842014,-0.05590432178744028,0.6091961324833748,1.7175566632628112,0.3878940232920888
2025-09-29,-0.9075596286599537,-1.276986714476503,0.7551693059472879,-0.36415683134328053,0.2445682501824278
2025-10-09,-0.6378118424587288,0.0648020373825277,1.0380860945029113,0.0420721316101378,-0.28978185596169403
2025-10-10,-1.350898885921053,-0.18382989313776985,1.0683647334370177,2.4484821348966253,-0.6947117751542072
2025-10-13,0.4767995905999411,-0.21393141616390807,1.4727775977478414,0.25135112657834663,-0.32605356004719815
2025-10-14,-0.3729039000767154,0.23207320278312807,1.8137576124450596,2.049962129675475,-0.7836382245556706
2025-10-15,0.381238902065439,-0.8196890364226036,0.0917346459775393,-1.1386569678709348,-0.3288451011480353
2025-10-16,-0.4353858459071282,-1.9106669579223483,2.4764290385480328,1.4577105144246827,0.11310656602116002
2025-10-17,0.32098796554740044,0.9266348142719172,0.9888720465145844,0.82970166123061,0.8768911233980132
2025-10-20,0.22029010951755879,-0.8111788692508014,0.8893696673857165,-0.43504435410721726,-0.7033136387693861
2025-10-21,0.21305607130455192,1.035568505140612,0.9128838956291115,-0.9089137831878924,-0.4523275730327044
2025-10-22,0.9690728691021218,0.7412095707680784,1.1638476198446979,0.008283567869731837,-0.8477322511928225
2025-10-23,0.3893265647814783,0.09817236470740427,0.3091776872256602,-0.0963310070647332,-0.6654733400752194
2025-11-03,0.013533753797133953,-0.03355222614193018,0.6125350452051129,-1.2858843851033646,-0.1710385293584076
2025-11-04,-0.6323831334888605,0.9161378249143383,0.13892905062592198,1.4934427780077035,0.2542745102684877
2025-11-05,0.0074113573051739195,0.5120804178796722,0.6335496180131924,-0.8368681718951898,0.10068604371416243
2025-11-06,0.22994579866445491,-0.08583630588405534,0.20741864917964212,0.09063935359283641,-0.24983267602651094
2025-11-07,0.8224859097700424,0.6195747118192746,1.4104901478305614,0.6510521813465889,-0.11587725516512334
2025-11-10,0.5662842066187304,-1.4107647220862871,2.11902932349374,0.10523789081203008,-0.35157265016677525
2025-11-11,0.6068773964286455,-0.07725006406338045,0.665485262482374,1.1364970255173716,0.23154284559710356
2025-11-12,-0.7202060360935848,-1.2673075980460833,0.887581965993263,0.16194966254574034,-0.8968446654102169
2025-11-13,0.791359160548458,0.02983941581399961,0.9247727601077641,-0.29439110914488165,-0.24631668694534414
2025-11-14,0.42240814108676744,1.1365462941500564,0.6031502241340171,1.0810878141092473,0.08007045173729017
2025-11-17,-0.546734362254659,0.1837366406068634,1.4365180153249755,-0.26073076839322307,0.21117015178533785
2025-11-18,0.4078890978577557,1.3424150683322633,2.793208485074399,1.0097005891140722,-0.35345563007819625
2025-11-19,-0.7534310619795646,0.7516849394046672,-0.5282190720796549,-0.7791291867726943,0.05077093633316492
2025-11-20,-0.18244779124792562,-0.29062149281799227,0.014992334861334927,-0.10760028554488223,-0.14134398796150532
2025-11-21,-0.7403885624736396,0.8654579431174837,0.34600606419111185,1.5377923656886516,-0.9107551862690573
2025-12-01,0.37235053112827343,0.4284706382636157,0.22645446720494167,-0.12035655080266969,-0.46013688553697224
2025-12-02,-0.37210831965738483,-0.4957699232529302,0.31066072476822665,-0.33380606916434985,0.23771057348681862
2025-12-03,1.0796581669940761,-0.5316935825622476,0.21507369585794797,-0.043794940894936796,-0.22835479446294235
2025-12-04,0.13582559619832835,0.10567429349804605,1.3712523577690359,-0.2558693178988166,-0.2479145789447356
2025-12-05,0.1542334015453895,0.36660360938154957,-0.34516028284784595,0.06899864167058391,-1.7405914563051856
2025-12-08,-0.489726971799544,-0.2108694052056937,0.9806563754709965,-0.2352402603404384,1.5861040589912403
2025-12-09,0.32324545650535486,-0.0575464973204364,1.9570288771518765,1.1183159939404497,0.3794924999559761
2025-12-10,0.2984902304766713,-0.5086902606810705,0.10103479183310404,1.7162803194945964,-0.8636147856840789
2025-12-11,-0.15915783565877056,-0.8763956812569436,1.9137957885940429,0.9426108428413362,0.4902889626356447
2025-12-12,-0.10063646346365204,-0.39437122509437444,0.8877245649870721,-0.8807147999859688,-0.08458054326629631
2025-12-15,-0.6167250135865204,0.0025727190675181445,0.167124554490759,0.9738771487606859,0.8928734281830216
2025-12-16,-1.748486002439652,-0.5130437220481626,-0.4475138396038529,1.3873188408764587,-0.6130844433985889
2025-12-17,1.1257964724165244,0.9415316623567264,0.2491593954225274,0.44115915232182434,-1.5122630855271153
2025-12-18,-0.3577964198435931,-0.9867543375859711,0.7730811833815396,0.806495900131054,-0.5264894963652678
2025-12-19,-0.0092970456450906,-0.02742434323470279,0.11419742267459375,-0.20322745395499073,-0.10713792824149117
2025-12-22,0.1674139540873456,-1.3358743678122693,0.4729740822832182,0.6672952358203526,-0.2619581670541196
2025-12-23,0.4964153658135306,-1.0381763246296447,1.2444279437587364,0.5246919888708715,0.666083689986646
2026-01-05,1.1755736474762384,-0.9187324975363796,2.3529717120666733,-1.2795186763940394,-0.32672205488285894
2026-01-06,-0.8202993909020259,-1.4725139273432903,1.167658022037037,-1.1520680092451299,-0.15224437912395208
2026-01-07,-0.41292857216471723,0.018735919199947614,0.9157411197035608,-0.09799211487267791,0.15941391393148363
2026-01-08,1.304344864045643,1.385315305670404,2.16647291727848,1.493945537254582,-0.7203703432309909
2026-01-09,0.04616256685053995,-0.37481257206742824,0.31473295944880675,1.1090743255967268,-0.38654514495650605
2026-01-12,0.47540272852531185,-1.3010161635397646,1.4325488474255932,0.8571993887196807,-1.176169800482134
2026-01-13,0.19888063451152405,0.9599409210082787,0.8353546664940168,0.16917100215013164,-0.5863599186071753
2026-01-14,0.8435948993465223,-0.08245846904014822,0.9984396365547474,1.131313034474526,-0.7710399212159261
2026-01-15,-0.46009387592532924,0.1025582396616954,0.8890842590780406,-0.7960452034769969,0.21752113256711347
2026-01-16,0.15598628732795136,0.3804214405770998,0.2697896241251173,0.1158554923550431,0.3480232124132602
2026-01-20,1.0903824004002218,-0.7019013020636278,1.57646826674147,0.12459354203649226,-0.5212557591222261
2026-01-21,1.1072180227559698,-0.3017609805927092,1.860550925833751,0.588114629723911,-1.0907787485533766
2026-01-22,0.5540765849974005,-1.5091873814203987,1.6157889925741158,0.49416493650139603,-0.20907225323485765
2026-01-23,1.3522968086235525,-0.5561823930334477,1.4370391846664876,3.324265705127994,-0.8426951536738014
2026-01-26,-0.06422082512104312,-1.7392234330812781,0.8802776131285095,1.0532475111624053,-0.10887540021805175
2026-01-27,1.2006522569090952,-0.6042111024233969,1.4611728326520892,0.23164014113517842,0.4131598915734297
2026-01-28,1.0117474769656867,-1.199030057521336,2.0115095629292163,0.6107346205752231,-1.42764877512972
2026-01-29,0.9436819692495282,-0.521779727370428,2.587134919645573,1.7855147265062496,-0.900546592367194
2026-01-30,0.03840875380497053,2.457063174528194,-0.12735339382832397,0.5327780515621877,-0.7803011327853008
2026-02-02,-1.5659429143555845,1.3603510300117039,-1.045877174654527,-1.7170725018265878,0.8736910454471074
2026-02-03,2.1032013944127166,-2.0348746594661153,1.4272678473801692,0.42448704670016024,0.06711097658926149
2026-02-04,0.436453710416853,1.4370828066271464,0.6462616576411511,-0.7572107737687692,-0.7269887942012756
2026-02-05,-1.4566461626045288,1.2375702134641144,1.5961186502607059,0.3342843572968418,-0.31919653540262616
2026-02-06,0.9638793602228284,-0.931017121763392,0.21343902291935193,-0.5303973950390746,0.04803173030352826
2026-02-09,1.0917131840819077,-1.8970936848208886,0.27256708182764905,-0.9937251600879691,0.1796125107329902
2026-02-10,-0.07706965727930425,0.2949006587284486,-0.47762154338295193,-0.930727976108523,1.0505156215678473
2026-02-11,1.3267650141699552,-0.37883932156463324,0.181826949073075,0.010199980118550868,-0.23050655659487926
2026-02-12,-0.7483663562874628,-0.42029130034757517,1.2407337943158219,-0.2778256136741198,0.6327962437715844
2026-02-24,0.2581443251614057,-0.48214307281046737,1.7965482207825971,-0.1975925691244731,0.3153551637737756
2026-02-25,0.47681331901384677,-1.1048946276876035,-0.11453522672643905,-0.7945723615196698,0.19035505836982053
2026-02-26,0.5310029318968368,0.24736381243020641,0.51396617288972,-0.2541513629941703,1.249100238346138
2026-02-27,0.3783843007949296,0.290549792787839,2.3019391998260677,0.5336882292958205,-0.33541520428976696
2026-03-02,1.140937536727289,2.3856812432719567,4.283797735325507,-0.1456420134418598,-2.526249102841056
2026-03-03,-0.7424843439901526,3.5730586707145537,4.630140207134987,2.2423855208769026,-2.499850155768615
2026-03-04,-0.3279881252333685,0.6378275186183981,1.5709404021264208,1.6169914405301529,-2.129476202107021
2026-03-05,0.3514414356594022,1.919856080313264,1.758572944312083,-1.7438235210612454,0.3303952756928733
2026-03-06,1.1002490268412632,0.04033727976433511,3.7783122724678257,1.170412040013295,-1.6271470116295537
2026-03-09,-1.3131597687912637,0.7669947700331262,2.723958437420797,0.4998895749152481,-0.9338582327596863
2026-03-10,0.39401435459880424,-2.9306086572767227,1.489663034115528,-2.474006550920594,-1.4188154782373505
2026-03-11,0.8790166758463893,1.1586471217558272,2.8249947649621983,-1.6697342725672388,-1.5165113345459915
2026-03-12,0.7135000296939153,2.7386421704126525,3.013504395792364,-0.05173389200867366,-0.7643281525994176
2026-03-13,-0.223821780684174,2.018237827837895,1.8995511497907895,1.3982759014655473,-1.9845617621066924
2026-03-16,0.5437491774787534,-1.2333162417749353,1.4902556506062785,-2.0685737041206718,0.09717062942846755
2026-03-17,1.1060366086200526,0.10432095774578504,0.6354085345318958,-0.9858418160040537,-0.029539593501622545
2026-03-18,0.9480915600575988,1.3088549797804823,0.7776708904636561,-0.5098405395265911,-0.27013677803706215
2026-03-19,0.1935341003646997,0.09174825352134257,2.675271017838692,1.084226452217979,-1.404802265578576
2026-03-20,-0.04894195141158745,2.468706587843423,2.369156768098082,-0.8867611463012929,0.14875660670002805
2026-03-23,-1.4844235980596268,-2.035050457049207,3.530910111858026,4.269774362714328,-2.115925312392955
2026-03-24,0.8215609375422646,1.5850438472934207,2.45824159830695,-0.993692065943532,-0.6011354915351496
2026-03-25,-0.17110335727045953,-0.23555762741173478,-0.23141064390956298,-1.3661192019741903,0.46804732710501695
2026-03-26,1.2135928284872601,1.4053702023812689,3.54093692288602,1.2914240895661813,1.1101507767825223
2026-03-27,1.007686447677551,0.9776128445561121,2.5433154788251184,1.544610909862224,-1.6837378376753884
2026-03-30,-0.13368792980753016,1.352882961310124,0.8627690850587468,0.23322467287645232,-0.5875513319501521
2026-03-31,-1.2855879723622197,-0.4384477029715023,0.8850147980882918,-0.9289339285156746,-1.604300926343938
2026-04-01,-1.1019629911822877,-3.1069291278643347,-1.2517541587826246,-2.8073249788062467,0.1832793635910646
2026-04-02,0.20466201081046909,1.1995408433981267,1.435215299713973,1.9331517519077344,-1.0645472914265892
2026-04-07,0.3878311123832189,-0.497586380280204,1.1902851636412568,-0.12867132923788205,-1.0696744450002893
2026-04-08,-0.9844282409925158,-4.3712061647792515,-1.5436274644578916,-4.315444117785292,1.5110138643004314
2026-04-09,-0.06099151951380467,0.12972192751691222,1.6851295801922184,-2.1919103850215866,-1.2130417536794535
2026-04-10,-0.1708408530178662,-0.20572864902991722,0.5953524530132469,-1.5725170303024325,0.6637579419617734
2026-04-13,0.2661706763750729,-0.02893861682061532,2.275867159145273,-0.3438608130105733,-1.2675707019325477
2026-04-14,-0.678451918531892,-1.8719757817840872,1.4597071483637916,-1.4004455574356394,-0.7406928296961781
2026-04-15,0.23345625634931877,-0.2554653323819688,0.5148078218877828,-0.5485514311725905,-1.0273484212431683
2026-04-16,0.637277852395422,1.11014660726951,1.2674575833141934,-0.905399100927377,-1.337952862820658
2026-04-17,-1.2771992724854253,-1.653183303496784,1.1157363234218456,-0.4135216845213781,-0.41833911021537756
2026-04-20,0.38611593294218366,0.9044760191104384,1.3455367608455826,0.1707558016257701,-0.11561817226000398
2026-04-21,0.5474907493037522,0.9228453343087999,0.45862992924790563,-0.7111320854308548,-0.6246585763108483
2026-04-22,0.6209906743014152,0.5120408350041814,0.11718635864082615,-0.5133848986835995,0.5310895016853427
2026-04-23,0.7104288765745319,0.985653434135088,1.631048010697494,1.291969984084133,-0.8430499149997113
2026-04-24,-1.0549885898894187,-0.22356845595973307,0.06838407887754692,-3.234897363836488,0.9535145872032886
2026-04-27,0.9256347013669134,-0.40931157862157097,0.7272102199215417,-0.8860899561388001,0.5699806998172179
2026-04-28,0.5171154686907953,0.27128474428924104,1.6266587732705784,-0.13133354690595642,-0.260208342337859
2026-04-29,0.8252334244494453,2.4829176972469416,1.7134104423071255,0.7738399571005471,-0.8910917308327948
2026-05-06,-2.3838308616580104,-3.750597785482191,-0.4580608968103228,-1.7116360977846652,-0.7923362936089869
2026-05-07,-0.2872181116797897,-0.5222009525206223,1.004399290554207,-1.1409582491491106,-0.2840176927135785
2026-05-08,-0.01961190712325556,-0.09493748502523905,0.9499428400532275,0.6102044216120027,-0.7086439041984467
2026-05-11,1.6874915531854886,0.7062233297202256,1.4224205165204031,0.08935520597863174,-0.35582951671482405
2026-05-12,0.4382206447851221,1.2937687350325724,1.274845019253623,0.5643254992695818,-0.6640544897401243
2026-05-13,0.022442681011203662,-0.5285888569952433,-0.42965259651363913,-0.6738087770386579,-2.1989793375076903
2026-05-14,-0.2925342189276318,0.6143411926584391,0.35321705905740586,0.06483236292643961,0.40348424307239106
2026-05-15,0.4953140094823519,3.3784986984542336,0.8474749641559797,1.4221442130120499,-0.08862120516344588
2026-05-18,0.45650589094237176,-0.13691791167530357,1.4494670991172576,0.1119357362098984,0.9118291381568424
2026-05-19,0.6436807279397698,1.4918189648634974,1.3671684893576228,2.2127773776352972,-1.56923501036934
2026-05-20,-1.5006648805819855,-1.7207474410995571,1.434079064913636,-0.4217313241507794,-0.35118291179848166
2026-05-21,-0.7706757822384797,-0.8799021629800268,-0.571097938620989,-1.6554855743619326,0.8360511675657475
2026-05-22,-0.4352984895886971,-0.1379231832527515,-0.5016568427454211,-0.24254257799402867,-0.6306484693201243
2026-05-26,-0.8675416188448116,-0.8369168981146083,0.4553561899528131,-1.9532468010638246,-0.4946494594096929
2026-05-27,-0.21973052175781826,-0.37758979518075697,-0.44735255426085097,-0.548865122009344,0.27879772585109686
2026-05-28,0.27324608902089315,-0.3085720949343137,0.7056226764998369,0.650489903996394,-0.11100064047048623
2026-05-29,-0.6291081032753003,-1.0427124086392738,0.5471482609343762,-1.1277776302500881,-0.03311294310439871
2026-06-01,0.4821802823458921,0.4473333513315486,1.079544179360906,0.45246650890122053,-0.3954571878562467
