date,U1,U2,U3,U4,U5
2013-11-01,-0.4351277799084702,-1.2859979137197843,1.5593701612236344,-0.916582029932719,-0.080998763039154
2013-11-04,0.2244395096750673,-0.025406776617055083,-0.6090459774389905,0.22869307147380633,-0.08576212928399807
2013-11-05,-0.4179274907951723,-0.4959518987738262,0.8890759097973447,0.9459037453170677,0.09671719527455147
2013-11-06,0.6530781628362928,0.2066415893118685,-1.2226717491914065,-0.2319834760992237,-0.6062182549670094
2013-11-07,-0.6832245072031492,-0.4829785631179678,-0.1286438340556886,0.4737074152891949,0.5881056787004718
2013-11-08,-0.08726357791903454,-2.2291568050583703,1.1546364828310973,-0.6045295625911367,0.5095008919064609
2013-11-11,0.025939110929499493,-0.4572592489239839,0.8072699637648424,-0.09277812576305425,-0.15018536230491325
2013-11-12,-0.36228645646344254,-0.2231123011671397,0.7732935176934368,0.2194384422952136,0.7336424684219219
2013-11-13,0.36337352542845464,-0.2244594122650809,-1.966481448346662,0.5388460619535868,0.4566199971375477
2013-11-14,0.49041576408480225,0.4071554570271258,0.17075245764195826,-0.5068466159497838,-1.1999286307685368
2013-11-15,0.2188182432776102,0.32391791087437377,0.9231044977050628,-0.09524898132430248,-0.2998460441212853
2013-11-18,0.01919436164812452,1.059661007657885,1.4271047354455206,-2.3396524938258683,1.1118887923970617
2013-11-19,-0.23815910323558695,0.266489580091457,1.036330817271885,-0.15107366965270572,0.14963899339489367
2013-11-20,0.02891259105286093,-1.0771323858871642,0.34853756633090827,-0.2652843019675329,0.17355258203776133
2013-11-21,-0.2313586303402599,-0.9674349891443241,0.3237391791047616,1.087988679137122,-0.3419518021834914
2013-11-22,-0.3363780182861013,0.021969262013724428,-0.33641821343517675,0.2558526081988158,0.8345139513916342
2013-12-02,0.03548750443701714,-0.4892390818137525,0.5325199057809438,0.18733108593452827,0.4400208145122504
2013-12-03,0.22003451008871652,-0.4146415033431998,-0.36479196054186164,0.20431327099497354,0.08482310314359062
2013-12-04,-0.5658662133987019,-1.354369159812481,0.6883269137839804,0.15742123436729125,1.2414257948711886
2013-12-06,-0.413231052960406,-0.24547667278622262,0.8723473090211192,-0.07845675566748966,0.3642400093685429
2013-12-09,-0.043709617142044285,0.933335311075352,0.3492414611783084,-0.49474075401866374,0.7779241703056899
2013-12-10,0.3846686542052209,0.03141598530439272,-0.7577374298068484,-1.1599008096147732,0.8010150732788651
2013-12-11,-0.36238247872841456,-0.9697195477775858,0.1271509523574969,1.3229868962216123,0.41651047348149545
2013-12-12,-0.19130344185509732,-1.1216637014618114,0.13472787372414063,-0.14806677439983706,0.8336791240082735
2013-12-13,-0.011945124485729418,0.3176009468085812,0.349515959325335,-0.10872087642367129,-0.27812741785752604
2013-12-16,0.4375686922875867,0.0202869824326899,-0.7035872677755447,0.6398886960396062,-0.1706881267099825
2013-12-18,-0.27123925057878706,0.42487645456541495,0.7644656392996525,0.9885798044914736,0.3439929160149247
2013-12-19,0.14371515101368704,-0.596498486174959,0.01891936781943005,0.36478015023051064,-1.72568688483629
2013-12-20,-0.490229503924119,0.6956956412667693,0.2560888194356394,1.5702359782087292,0.5952534757502846
2013-12-23,0.43752730759289865,0.3334758494019791,0.7895975883612574,-1.4572263310217413,0.8393603549630181
2014-01-02,-0.4734424930172539,-0.6657838844246546,0.006716400969550356,0.15801678466708505,-0.6616142544922764
2014-01-03,0.3833901058571003,-0.030067982307206784,-0.2603433437658238,-1.153498422324114,-0.5066468227542332
2014-01-06,0.03656750420822747,-0.04834823087628653,-1.3147691266421255,0.5917220487699282,-0.024248790297685865
2014-01-07,-0.023257372906018228,-0.02500873872158816,-0.22260091539998797,-0.4254922211822947,-0.05865621182322628
2014-01-08,-0.8216957135274435,0.3302035130875683,1.315877538731455,0.9058337164956541,-0.810344805896939
2014-01-09,-0.35656463054853504,-0.6425149058294746,-0.7545698218374971,-0.17484485480471215,-0.694759755786949
2014-01-10,-0.29270368575052164,1.693530459463612,-1.4190569454450332,-0.16805183809974947,-0.834284422307979
2014-01-13,-0.0727604444169956,1.2069709272443339,-0.8665416005812159,-0.8688458045324874,-0.7126956341817304
2014-01-14,0.1946813586449385,-0.6415320087928779,1.5924094855602928,-0.41850254231962897,0.458984440683041
2014-01-15,-0.27651882216788076,-0.4376422637420498,1.2234789148029885,0.6887253682394651,0.46313413362264755
2014-01-16,-0.525772353687161,-0.9188263357902657,0.3147772333069214,0.041144778553186635,1.0040307946231444
2014-01-17,0.0845740577767938,-0.6460060017167466,-0.0644996797444904,-0.8025376661708162,-0.25859338643203494
2014-01-21,0.09666184239073049,0.23939105097228575,0.4506346459435737,1.1781426351629123,-0.24729570399176282
2014-01-22,-0.10103422806164321,1.165146312545639,0.8488733960935045,0.5118954259308846,-0.8481830409643052
2014-01-23,-0.2573640713798493,-0.7412611323030138,-3.1609991915837603,0.29421282521544195,-0.8631009722541922
2014-01-24,0.20744013259366836,-2.282718449837861,-2.3494142796204165,0.2924465172227081,2.546716424557903
2014-01-27,-0.3747970950172415,-0.10141303133097633,-0.3088567920436929,0.9198765419674011,-0.3923685572219706
2014-01-28,0.4471846430533406,0.7526549469184424,-0.627278265266496,0.0337208757512183,-0.5046292563296901
2014-01-29,-0.21667318892348594,-0.2395277270956676,-0.7118216258175294,-0.573536088250857,-0.46262380169582373
2014-02-10,0.08786712072691383,0.3722380873477469,0.46738987691045575,1.2935773532871648,-0.9998779024484308
2014-02-11,0.5145325626035293,0.7938550932247413,1.3583102259569018,-0.014662141902756273,0.16891384266103235
2014-02-12,-0.2082720492351235,0.484852166958851,0.5998655641667634,0.8961270935058974,-0.11447631641327462
2014-02-13,-0.5595518630514389,-0.46733555700069723,-0.8723560860912579,-1.2026288288582252,0.41697590830334164
2014-02-14,0.8221331853173627,1.0080607672051236,-0.2716430608272455,0.3048948622827601,0.777031480415526
2014-02-18,0.49202204693809526,-0.39027701614512345,-0.4077092298578996,0.2731047093993877,-0.1185430791480593
2014-02-19,-0.4939869587392713,-0.17694286015182936,0.7247194719873388,-0.35469133668221436,0.9094249479843431
2014-02-20,0.14436450372975798,-1.0681565679583327,-0.632941941062995,-1.4011866328975744,1.1107480835953565
2014-02-21,-0.6157150093985099,0.5768412867246283,-0.358432473939939,-0.4217629594978382,0.28601849113015154
2014-02-24,0.6634089317772061,0.2968148869532202,-0.8052464394783558,0.6646193620662503,-0.6290680528894946
2014-02-25,-0.360449831803351,-0.09492997641696911,-1.2224159868611144,0.28273474629897455,0.42068849040636375
2014-02-26,-0.40413265280827027,-0.6310872701706572,-0.5964275036763165,0.10073915710987519,-0.6519803217950567
2014-02-27,-0.4875692633176973,0.5429777950213502,-0.44712930085683994,-0.6352007406891133,-0.6548565064478192
2014-02-28,0.6720440068091587,0.10601698879621278,-0.5160441910215688,1.2059882741387957,0.8143612282975431
2014-03-03,0.14396490848653143,-1.0789836432857136,-0.677765405620148,-0.7953073687478132,-0.05070712297582361
2014-03-04,0.11987339706119204,0.21665638477036828,1.4012904239732389,-0.002643124153366754,0.6772913897679977
2014-03-05,0.06986762815922701,0.49912571275796797,-0.19811483897664592,-0.44507820598757264,0.5572723855111973
2014-03-06,0.5603661600350875,1.4395043403260788,0.7648929021983929,0.24158945058516448,0.9131484139953653
2014-03-07,-0.09097160845337,-1.202425300885655,0.14918393268262545,0.4054426385253311,1.1753830361863753
2014-03-10,-0.16684584754422926,-1.514263584337423,-1.0756543567211314,0.5220956753372065,0.6392078737729909
2014-03-11,-0.382754993177932,-0.16684083552722875,-0.28422967001676314,0.2701261296114942,0.10314717690706796
2014-03-12,-0.17717632716997553,-0.07649697951067458,-0.9642706815495131,-0.47484310685222864,-0.32842664270972854
2014-03-13,-0.29532605549543345,0.7225095918169842,-0.7525351217158117,0.03626296103831258,0.025807029554827034
2014-03-14,-0.47603355868122194,-0.07637423596611322,-0.756323378712394,-0.3590168116259094,0.9249275763959871
2014-03-17,0.37439172290718725,0.28057555024041647,0.7603225729810669,-0.21881688307536223,-0.09760798890459416
2014-03-18,-0.2157693959622367,0.7531376740515956,-0.13718985945873968,-0.03883402493651948,1.6921795686224188
2014-03-19,-0.8380421373007898,-0.7563426230219208,2.2814814566111536,-0.14949878667529687,2.03670737640944
2014-03-20,-0.5355762613846449,-0.7677281295695435,-0.11395073341965346,-0.6193233078415148,1.8382028149021745
2014-03-21,0.24475044007492827,0.5299289724878559,1.1787403681161392,-0.19470336300315752,-0.11736580144502437
2014-03-24,-0.00996481550146017,1.0302438521036723,0.9277838873834099,0.26214718364472656,0.4332673009069236
2014-03-25,0.2850691366631423,0.2732584412143525,-0.03073781056367887,-0.29956515882253426,0.4042016919159037
2014-03-26,0.22342298226583687,1.2628380947480928,-0.6812406092677544,-0.8747627655508519,0.18551275668451797
2014-03-27,0.8630528486080848,0.4931358208249264,-1.1639602775626767,-1.6889670906300196,-0.974917053391942
2014-03-28,0.1762367803380929,0.08571721383652788,0.7652218636698662,0.10554688390086965,0.41883942847651934
2014-03-31,-0.03102720796489436,0.3154278458141199,-0.36582810193581106,0.5516822073905573,-0.1348565138498909
2014-04-01,0.06078102340081168,-0.2585324850057596,0.7847677639246661,-0.6788385906019329,-0.28981652834156135
2014-04-02,0.15666347231124866,0.01088390184656184,0.5306308887309233,-0.06884377078684231,0.04388624108787838
2014-04-03,-0.0944893873565726,-0.9822361973523847,0.14197162813025963,0.4380915439923233,-0.1733740991631819
2014-04-04,0.27919917564666497,0.7801598147512265,-0.4144305127679009,-1.6726509010785908,0.22342798686478374
2014-04-08,0.4981810058091443,1.5561076312182913,-0.32717755120203607,-0.5537143544284809,-0.36603986523669413
2014-04-09,0.35187139800512446,-0.314947950037825,-0.5796774889509458,-0.8732545519994019,-0.6571691209878461
2014-04-10,0.01294242142925261,1.1916492984541809,0.09169727225784477,0.13020765962067796,0.3710978504633266
2014-04-11,-0.22964639465051062,-0.5222860914597581,-0.7915018579824028,0.2926122699041009,-0.3295550682473125
2014-04-14,0.22457919090567696,-0.6174331886178767,0.38393476594605475,-0.29710506939720643,0.2718896281322478
2014-04-15,0.4757631138018005,-1.3314249826405313,-1.0013787484952,1.2206741395343934,0.13004027727318027
2014-04-16,-0.3336074804104353,0.645275682687626,0.05140954166433487,1.6027234183207908,-0.25006225196130943
2014-04-17,1.0476967563668285,-0.1993964138110339,-0.05776674014435062,-0.37833617458154506,0.024833387876753283
2014-04-22,-0.21579949351623476,0.37192424332534596,-0.08971487235247666,0.03732710256034501,-0.4825276099329389
2014-04-23,0.0823229568766613,-0.8060463981432725,-0.5019998226163478,-1.019012993683104,0.3411864219415482
2014-04-24,-0.1201305823346267,-0.16258930389339304,-0.40425107026873663,-0.17224164136093717,0.7925214418177305
2014-04-25,-0.3996221592646667,0.002934426604876205,-0.3435571319996378,0.9563965485418849,0.4678676809639586
2014-04-28,0.18060822112576108,-0.5607157153883338,0.16514741592375062,-1.116858234486832,0.8440931907681455
2014-04-29,0.28601859321152767,-0.05235994645113198,0.22610438749885373,0.1956785393755258,-0.535683118857531
2014-04-30,-0.010106433210375161,0.5506474445141706,-1.034946606717945,0.8089662931596149,-0.5346506761566744
2014-05-06,0.4482044188928964,1.165767114997164,-0.1366752536208821,-1.2581398783611557,0.17798700357515468
2014-05-07,0.2964657172165556,-0.6741340442356276,-0.6362855357458044,-0.0796365792508737,0.49998946902660396
2014-05-08,0.13468952184026411,1.768257046002544,0.6487071646470273,0.029667849198010878,-2.4699435162470227
2014-05-09,-0.37213394864201893,-0.6124316057086308,0.13298802663016593,-0.0480951114454606,0.09297692087851184
2014-05-12,0.004119164885102032,0.14228925500794695,0.9399529239704207,0.2949970221790437,0.7574690588930536
2014-05-13,0.19612395368868726,0.5884346672319978,0.02168994294451388,-0.04907128611319063,-0.4047685018270359
2014-05-14,0.510703449759353,0.3369157403963689,-1.0602266140242773,-0.3188371724839236,0.5895928294461493
2014-05-15,-0.13641710152720682,-0.24245924051606169,-1.120236954072616,0.8883572791071597,0.653070461675065
2014-05-16,-0.05318152592009371,-0.04787361423282459,0.0966427976263435,-0.6489110749858598,0.3181772872306974
2014-05-19,-0.14617841786580973,-0.21998563274476454,-0.254550161971699,-0.313682533443854,0.8557113018796345
2014-05-20,-0.3175037318302106,-0.8969183503645372,-0.45135594037280125,0.0066906184832571285,-0.2145822695234374
2014-05-21,0.3104202830749695,0.07268853687776261,0.6445642026524125,-0.11329284713099892,-0.15522594166815343
2014-05-22,-0.04139286213618563,0.20492459913236313,0.7090185846743965,0.7190954281836918,-0.6475154759259768
2014-05-23,-0.15830944523333185,0.10489009359497894,-0.09987709722296066,0.10753658573979386,-0.22436679945296228
2014-05-27,-0.20712727731386735,-0.19420350112137832,-0.3153053883306331,1.3899771521343798,0.07421327721907249
2014-05-28,-0.15439061094263906,0.17190732745588613,-0.3406443503838155,-0.24941063484831708,-0.2603557772322594
2014-05-29,0.16720773231616803,0.6860354989605928,0.22065081783691387,-0.1967626018762786,-1.432124938170366
2014-05-30,-0.47301259719752353,-0.7870006208316568,0.2858906289204254,0.559227045915827,0.5359277932027525
2014-06-03,0.03630838826094099,-0.2361942002620216,0.4028188656392337,-0.184854081202976,0.855189199082453
2014-06-04,-0.14746711358302442,-0.08814762591761162,-0.2355494825562507,-0.3546308495563939,0.5788041196654553
2014-06-05,0.42988846865135394,0.4190459442412933,-0.43408427312374237,-0.4123505757691915,0.7364777648757868
2014-06-06,0.4158700130003227,0.559248261348228,0.6554659827619398,0.35482270689308865,0.035317797881889455
2014-06-09,0.48291980047456695,-0.2153149571022565,0.8845581455458389,-1.1670180889215143,0.6679735789006658
2014-06-10,0.04897239664910834,-0.012442400080017088,0.7666520149113325,-0.6278742983986478,-0.1468323678045177
2014-06-11,0.37319718742430885,-0.21793241903625565,-0.4649740440778196,0.3138902144386647,-0.05194607545665161
2014-06-12,0.5483348005901818,0.8635834764584738,-0.8959070467176401,0.4449969187481205,-0.40638359058328083
2014-06-13,0.019924763276123723,-0.40497519965750334,0.9790538560873986,-0.9017913688002074,-0.7549883490579479
2014-06-16,0.217033472153762,-0.5477590614007576,-0.09492480524855902,0.07307318629944397,-0.18709581208237772
2014-06-17,0.1251179138879739,-1.025454278168011,0.3365131855774207,1.3650149503609148,0.765078527096275
2014-06-18,0.42009093842354783,0.18401649815363014,-0.976074431564368,-1.274879313785738,1.384866552398432
2014-06-19,0.09989297121689997,0.7748109941394604,-0.3336303760941351,0.6382399126896102,2.012148421935336
2014-06-20,0.11993474130845262,-0.6730328276572823,0.8322489561251492,0.3012503422385742,-0.3637914896089874
2014-06-23,0.5435253662438446,0.5177186204185038,-0.24316484698349802,-0.16761637691690984,0.20944027211236765
2014-06-24,-0.45937627957547594,0.20727303293922192,-0.5125665463009991,-0.08084214974288026,0.06851186279410211
2014-06-25,-0.04502703205994979,-0.06593956959605365,-0.6246943588056828,-0.9438208471177042,0.5359053622784898
2014-06-26,0.1647361434060968,0.1789970383034529,-0.4724768256499446,-0.7918677846634344,-1.1600933694782347
2014-06-27,-0.05227158467490206,0.022336821372239003,-0.02551011606090316,0.059689639260082805,0.13971496592655966
2014-06-30,0.014969814820233126,0.5916066855273463,-0.14209017869093443,1.0044927222704847,0.6366166826513808
2014-07-01,-0.020424062156148566,0.2777444574160263,0.5134691744317093,-1.0725121881747295,1.2463581365204344
2014-07-02,-0.14426592367959024,-0.3040230569544068,0.8638072738192963,0.5974959486631672,0.9600451283193037
2014-07-03,0.2653996958517255,-0.7614351474295286,0.8272740075702583,-0.3957252446546279,-0.20762678859260952
2014-07-07,-0.2462892445182192,-0.029642268515829632,-0.24449657800198402,0.42622539445985835,0.46117426950845986
2014-07-08,-0.5057503872059251,0.49851171423799406,-0.0968043093014251,-0.40256142752847496,0.4686954781621781
2014-07-09,0.32322600524053297,0.09430799714275835,-0.49281059428098667,0.6255020710966013,0.2065593476082746
2014-07-10,-0.16142741149821282,-0.39564019475996537,-0.7662017095990645,0.05293838470850868,0.15274103661888813
2014-07-11,-0.9815540733013738,0.5787278941151569,0.3373029246942449,0.19942574971205174,-0.06940100720351523
2014-07-14,0.39848031405569945,0.20970536127384148,0.5927897751755052,-0.4177919181172013,-0.04504300198697821
2014-07-15,-0.4514865606032818,-0.16994543557012864,-0.21673372693588092,0.1715366636768344,0.7942315701543058
2014-07-16,0.7787438805603056,-0.12721392275152407,0.3763230619958563,0.22035919632690676,-0.17745081621031028
2014-07-17,-0.4070504502942608,-0.0979005735039671,-1.1229453287661935,1.3338960621385008,-0.43156113503012095
2014-07-18,0.254595716536942,-0.1880051683733704,0.09803152689248451,-1.8086369292223778,0.6114160819429995
2014-07-21,0.010490529536649635,0.18108157218775855,-0.035203154412528345,0.21117851584301206,0.3863942055484753
2014-07-22,-0.2713978664706281,0.4789422480724529,1.4651004512056893,-0.10505648149720978,-0.0008493574808072419
2014-07-23,0.09390229328501475,0.38149951415293015,1.0952829086858176,0.42008554492339645,0.08262763924726022
2014-07-24,-0.12493543960471536,-0.00018548150861094197,1.3934865870271338,0.13304064741908048,0.002259586076901057
2014-07-25,-0.6827718011236916,0.16855383307947575,-0.178278227515862,0.35566948737194604,1.244707533220485
2014-07-28,0.2271314349112616,0.10407349407167754,0.9729148161525288,-0.9023705457389356,0.84560959088742
2014-07-29,-0.20398064159085033,0.0969239181901623,-0.25181776774246756,0.15474647947739023,-0.5570682254706424
2014-07-30,-0.17090778394486833,-1.0344554469779852,0.8454843222513305,0.2713643427053707,0.4098222259701527
2014-07-31,-0.398141209695113,-0.2810859545273125,-0.0705130137646965,0.3371467816290504,-0.1626332291620093
2014-08-01,-0.7075658810675723,0.18658549284648093,-1.2683256120842146,-0.1166659327417005,0.12808377182111033
2014-08-04,0.38877528400109473,0.04002836269825545,0.18602446763848726,0.20721046112867827,0.6786037715759944
2014-08-05,-0.612142550752741,0.5055901178137899,0.3048429996451694,0.7735693696109955,-0.17263784204625224
2014-08-06,0.08882159912802655,-0.5491572693181526,-0.08666756607873935,-0.5284343924633906,-0.0241829620424706
2014-08-07,-0.2950280726422087,-0.5805615860448162,-0.3494455433179545,1.02006981959743,0.7611323801561994
2014-08-08,0.07820010426738305,-0.014303852548036556,0.537701175861998,0.05737391659521763,0.797291158874178
2014-08-11,0.7659832418481719,0.28195062330103643,0.7810101136421733,-0.2015243729374592,-0.12600103619908762
2014-08-12,-0.15292871367264552,-0.0854265740646578,0.008409981405779256,-0.11631876380050508,0.9319176221263726
2014-08-13,0.25613660148277634,-0.11228494041458352,0.24800578562177333,0.3874125434562246,0.47059799902962984
2014-08-14,-0.7614099222631414,0.4996367950036952,0.4801644261509509,-0.5957842415444434,0.7110156003623556
2014-08-15,0.3805346974273165,-0.018549640304461146,-0.16285882044998276,-0.023311406181839203,1.3584842353785858
2014-08-18,-0.24561813546922534,0.46087237629988564,1.0674606064995689,-0.06747121524298852,0.1644095103113378
2014-08-19,0.07665562012930797,-0.33310313675715614,0.4607332092925895,-0.528965463293682,0.4183249670077746
2014-08-20,-0.024915028181249698,-0.4870624757968218,0.965452702483635,0.4502449614806478,1.0674503523795178
2014-08-21,0.4519460333069553,0.16324697832266027,-0.30294438791689166,0.7034531573026341,0.41123448781801797
2014-08-22,-0.3259478662215915,-0.11174731171440984,0.6368151136486468,0.16721389706719234,0.5667997647560555
2014-08-26,0.3092494081300787,-0.37991376609245303,-0.1653091277464834,-1.0083822503323885,0.131295805105955
2014-08-27,0.2915848090086624,0.31097285120214113,-1.1235481623900574,-0.7320108173558065,-0.12080591079485233
2014-08-28,-0.22878936287227458,-0.3977120459781913,-0.9161821277156763,-0.5171465238061007,0.2993003836134601
2014-08-29,0.14885553673291588,0.06922053720760092,0.9229643428438689,-0.084068839735931,0.44853716010387823
2014-09-02,-0.8735186717995623,0.017961975528994655,1.7836251934762732,-0.27278395211835577,-0.42909366032807794
2014-09-03,-0.02061032922307161,1.1609271493897564,0.3777581402546444,-0.6319995684888521,0.5525028207677181
2014-09-04,0.08914913612260741,-0.5134298208084065,0.9677190147966198,-0.3718928917075379,-0.7405243836763157
2014-09-05,-0.06348396371528145,0.35528990470212674,0.4590188596950211,0.24047747192737978,0.9806783863220047
2014-09-09,-0.15718843477980807,-1.3910388725345826,0.49037007755272577,-0.07242937543094752,0.7854108033027549
2014-09-10,-0.16825191312857068,-0.04080274515974466,-0.08877684836780714,-0.10879837165984538,-0.37518945354982086
2014-09-11,-0.26350375676280885,-0.021382954199709127,-0.13003262371713634,0.8383005960064127,0.7620573413769739
2014-09-12,-0.3960681312636055,-0.26520877820959227,0.2083052169894827,1.1261770457576694,-0.0866074894522721
2014-09-15,0.25858271113801296,-0.7986540183546241,-1.0792690935826437,0.16603134779730724,-0.16446836111074503
2014-09-16,0.4383115954209012,-0.06494425308266966,-1.2713670909874528,-0.4238251158450437,0.6717326791686052
2014-09-17,-1.1239599543543206,-0.11455252658747443,2.269019610995511,1.3397138243106221,0.6422259362081741
2014-09-18,0.0674168353958271,-0.4882796684097148,1.5628446233419564,0.03727019865953432,-0.44910894924456346
2014-09-19,-0.7089698322804914,0.143274232760135,-0.1970597337825968,0.8672926813889018,-0.440352997244624
2014-09-22,-1.3737196411147274,-0.8674868732093711,-1.0039705809342176,1.266554487547633,-0.18907778541392112
2014-09-23,0.1501907851883056,0.10742682248321414,-0.4428903148980382,1.0665171599311767,-0.8138251195328241
2014-09-24,0.22171613415341154,0.4306378613135953,0.2807801584288658,-1.836869391183464,-0.5361108404768901
2014-09-25,-0.2907098520718216,-0.4474858268314902,-1.187582671917293,1.4398650444162753,-0.6602865320340168
2014-09-26,0.10724306843960585,-0.7206399071087511,0.44019982780099975,-0.4536771861252747,1.1847589144409536
2014-09-29,0.11025086947496751,-1.1986891370846913,-0.9517269952502626,0.6948526012841947,-0.00503209199160231
2014-09-30,-0.5329141875736362,0.8904484943429851,0.9258137000000713,-0.10218722122741544,-0.8797864442680597
2014-10-08,0.02851490793391673,0.11772107767486605,-0.9048809198472985,-0.11066893330403729,-0.5837346101773395
2014-10-09,-1.4522769396970259,1.3944635282133848,1.0142846377447925,0.5324896153192892,-0.13909056120461497
2014-10-10,-0.6237112741267429,-1.5354219277454157,-0.3141998368989911,0.7340577992326446,-0.5174318183525007
2014-10-13,-0.7055076633749203,1.4784137423302486,0.19886285213854268,-2.232952567740349,0.0671047442743359
2014-10-14,-2.2934465890518063,0.9054176686518767,-0.6487476891385819,0.2684905057437688,1.1124762342493375
2014-10-15,-0.9439018232481926,0.6424940452321922,-1.8731929368213571,1.0363492907842984,0.26496602587378043
2014-10-16,1.071714801296742,-1.3096103508109882,-0.02604306326030983,1.2269913309275804,-0.9326765800522122
2014-10-17,0.579669226207484,0.14360447634725318,1.6101973652328399,-0.8804228879749424,0.5095707384852687
2014-10-20,0.1428328034855093,0.30051395860591873,0.269306960545918,1.498454792936076,1.4564042526441878
2014-10-21,0.889434863007465,-0.7190707616066493,1.1854041597411071,1.337081094160783,0.5039253685077697
2014-10-22,-0.783996296048854,0.11655225866740816,1.335412856470802,0.22358268540578433,-0.1075452913324783
2014-10-23,0.33279643988805396,-0.7015018656738015,1.4243198999746831,0.3235031310856138,-0.06239760633439576
2014-11-03,-0.9898539897354065,-0.9694752979336904,0.8934212429743272,0.5256158573470257,0.2166038874989091
2014-11-04,-1.4238064229209653,1.098050991706374,0.6521843270036469,-0.40671335712062123,0.7984022506773744
2014-11-05,0.8030753938614862,-1.692952381633277,-0.7124926281242878,0.9613403231517152,-1.4136088684142276
2014-11-06,0.42760644393566954,-1.115598373943471,0.6748024380761435,2.714979582334244,-0.6733929643176173
2014-11-07,0.7340223969778302,-0.5416360810909114,-1.4186127059116307,-0.48039147125105697,0.4106461208718013
2014-11-10,-0.09405868821067216,1.0630404562054554,1.4430014096471366,-0.4285788988020559,-0.22031270541263753
2014-11-11,0.2573793966724261,0.007637766613570794,-0.011647375576801894,-0.3591712924185708,-0.16552264441096262
2014-11-12,-0.24185970069088797,-0.06409498239481236,0.5828170353174651,-0.12401215753772456,-0.8194662400255543
2014-11-13,-1.7110634136384637,0.849217684920585,0.9052929018115551,0.6769623502569113,-0.609084002095027
2014-11-14,0.8822842750959856,-0.04032807231581289,-0.8935907871363566,0.7201305014176803,-0.05887597802792312
2014-11-17,-0.17409314521857408,-0.4043801837214578,0.4092398390431252,-0.12634693083605314,-0.011055592763332109
2014-11-18,0.17526818100556402,0.8006432717581612,-0.5153668564213061,-1.1907307473287045,0.23573235594712402
2014-11-19,-0.3240477172958326,-0.9207558075445113,0.7215564579949707,-0.7843695817211684,1.260428368455746
2014-11-20,0.367894592517643,-0.21918410205599592,0.023950202058068092,0.3306867253267843,-0.3033196408352797
2014-11-21,1.029712729195524,0.4041831531472312,0.2630263341448181,-1.988848106494611,0.29570936864497915
2014-12-01,0.9545980525191875,-1.2015115161104477,-0.29425916252734075,-0.82017402954546,-1.7061563186130977
2014-12-02,-0.7736810191071642,-0.861407008449532,2.8742006860298623,-0.5196991715014126,-0.41298583585785725
2014-12-03,0.7306311748952046,-0.461039390791459,0.4436905987144619,-0.8439837922352974,-0.8482821915103257
2014-12-04,-0.2844615422323003,0.002546312559526041,1.1307249318120116,1.069938013480977,-0.02028856703725226
2014-12-05,-0.8478828632136637,-0.39498974867422765,2.3650808295421664,-1.1916300680749812,0.30959346331697735
2014-12-08,-2.4236376629567933,0.5022310646525435,1.086955962155047,-0.41594183780980176,-0.42891700456261683
2014-12-09,0.3191934975273673,-1.028212654379048,-3.1874566019324875,-0.4604974107106526,0.5299308448913326
2014-12-10,-1.8220251809126198,0.830956494077672,0.3084442185317573,0.10673009691242426,-0.3023101561793253
2014-12-11,-1.447929936661277,-0.508712327161702,1.1667000150975986,0.7101722648987503,0.13323861294239592
2014-12-12,-1.6484506550310685,0.23300369370967,-0.13659526534366065,1.1161918492594642,0.9011866074714033
2014-12-15,-1.95942870238071,-0.09437058929777682,0.16085542417936152,-0.9265218173832207,0.7890192867348031
2014-12-16,0.8313585743086597,0.22211452095431847,-0.4741559679056129,1.458389914907095,-2.8120686279277898
2014-12-17,1.770611435327087,-2.235026119063239,3.116467009795836,-0.2427743121656549,0.2169918297445751
2014-12-18,0.5508431367404248,0.32526410165797137,0.7542284402749843,-1.3135807986949457,0.8143274191322784
2014-12-19,1.1666414540510397,0.24305711390633,0.33728856562448056,0.46858648372113726,-0.8866062852577156
2014-12-22,-0.4153635991038497,0.7925861227124804,0.5435832748688469,0.32475883758549373,1.095934872576523
2014-12-23,0.14241935005929135,-1.476966980919514,1.0856252912138524,0.5962577540855692,-0.11919745920356171
2015-01-05,-1.3900476660209493,0.3765502597885879,0.0472040831047788,-0.7757054497977289,-0.3100215877628763
2015-01-06,-1.4067992996186636,0.7159189952191449,-1.6200692715118765,-1.2279761596383119,1.3581961175069748
2015-01-07,1.1360487047144816,-0.6682501713926955,-0.6820953250559217,-0.9177453589725202,0.06744217530652616
2015-01-08,1.0018208161206996,0.27950584586977134,0.10492726901018337,-0.40923986825734493,-0.8567246718634266
2015-01-09,-0.5379127373003063,1.1093847504276655,-1.2381525696027724,-0.6508199194176197,0.6860130713821497
2015-01-12,-2.3407041638277497,0.5259896733078375,0.7168124469465826,0.9793084565199253,0.15993586549581248
2015-01-13,0.03026891295662884,-0.0776649554307147,0.3336332505359989,-1.4885648310954505,0.47208001518925435
2015-01-14,0.7145369680192821,-0.6306366560519732,-2.006535964814866,-0.8107895516000865,-2.078420125704267
2015-01-15,0.4075144921070398,2.155402079168588,-3.366832134639679,1.6995709729565163,-1.9070811027467145
2015-01-16,1.4231437507736924,-0.35493492380720293,0.17320416119522253,-1.1225120978877436,0.00911583542116837
2015-01-20,-0.7776338749031085,0.740602399516371,0.7730896636119247,-0.6833047755056194,0.6525063822688952
2015-01-21,0.4715883410198567,0.29353860252306924,1.3950774596591582,0.21661283415039712,0.31781254785963653
2015-01-22,-0.10936409029762649,0.3575038824206988,0.7768801379464313,0.18988383961460098,-0.9624465583702204
2015-01-23,0.31897752442645533,-1.1411542432087465,-1.9516353514671072,0.14547259537639043,1.411849509055739
2015-01-26,0.6226155098965702,-0.41524191028907564,0.27702345346307344,0.0829821490828603,0.6989772257035283
2015-01-27,1.330408625390702,0.18760931025263844,-1.4822042404380977,-0.6816077475039727,0.26572685549477865
2015-01-28,-2.1816009287262688,0.7062359229220223,-0.6633436110748855,-0.05323396982763681,-0.0071270570668365675
2015-01-29,-0.03021377760149069,-1.9959054542354364,-0.11336999928487425,0.7377542376485413,-0.808537403779008
2015-01-30,0.2900236315698984,-0.7663573172318772,-1.490365725666625,3.1137953028095353,-1.7890641630569721
2015-02-02,2.1301272553415704,-0.37292667929151546,-0.3375172012470856,1.9379747652983603,0.03293974786417504
2015-02-03,2.2739623537631926,-0.4616513532799118,0.3468474460559272,-1.025823935613081,0.3154443896635606
2015-02-04,-1.9854033636554493,1.7382858375975208,0.6947115321096705,2.5032270408159785,-0.6532032935593118
2015-02-05,0.7802971365011365,-0.7522085981524622,0.5732590704714072,-0.24189654069739513,0.3173954501618364
2015-02-06,-0.5538307329786636,-0.7814957706090824,2.6940958236196653,0.5286054432110895,0.13823999836380466
2015-02-09,0.5619888317966544,-0.2770229674190621,-0.2016795616964034,-0.6753951035918947,0.942299157350712
2015-02-10,-1.286604548119457,-0.3113335106278476,2.041104809758132,2.131456139895503,-0.9808567795316111
2015-02-11,-0.5972608569627468,-0.8597737827153906,1.2218877932984331,0.749090242152443,0.4296933697171077
2015-02-12,0.5995482637847386,0.9080512050616093,-1.6089920647629556,-0.836163018097776,1.522283456666318
2015-02-13,1.3906949251399314,0.15266975019701662,0.23586524003470993,0.34425816577290524,-0.6779460107347869
2015-02-25,1.1764035987222732,0.14649691474471097,-0.7247551037281204,1.2269247986743532,0.15963417579095732
2015-02-26,-0.37471316380007175,-0.48940721169589907,2.0066094808024806,0.5976631984476304,-1.3769357583809603
2015-02-27,0.8195438821566757,-0.308830862907404,-1.145126446115382,-2.7460858599163376,0.5858196168598346
2015-03-02,-0.5859249365703416,-0.49443381946219145,1.843832140856915,1.0978271494062637,0.058867969109888396
2015-03-03,0.5601716773676583,0.31548084175706265,-1.0839409125927446,1.0334846349202174,0.2582505185398528
2015-03-04,0.5981851325840704,-0.8693208014217038,0.015905533273000892,1.1063700496856994,-0.19777222686747434
2015-03-05,-0.3517345917962919,-0.14237673979036627,0.7392702470928473,1.559765882744693,-0.6155371533125915
2015-03-06,-0.5829147479342145,-1.1036984340454845,1.3245212200851417,0.822503171860773,0.8436388317145254
2015-03-09,-0.6030593324633282,-0.5278831552449326,0.7391804248338453,0.9068894246208172,0.3142690176153086
2015-03-10,-1.3086663865892634,-1.2057233178207638,-0.37144359833700646,-1.3332593411981333,0.09488006899561001
2015-03-11,0.11298323039670355,-0.21627360207171592,0.38092422880736226,0.889484995768379,-0.618041897590366
2015-03-12,-0.37162079818445887,0.9514769270887858,1.0359207473914365,0.8501516603893348,-0.34308978597677997
2015-03-13,-1.5053712669890762,-0.8820785699001403,1.4507737927814357,2.2279022017828507,-1.3728329524407492
2015-03-16,-0.04583282177969728,0.8339199340097142,0.40384087589397416,0.3582095368270214,0.5481410738641604
2015-03-17,-0.6084029074648586,1.0415742992658006,0.5668528632211903,-0.3460475321322792,0.057905325979676986
2015-03-18,2.2773660301999823,-0.6685183954237206,-2.825502826865967,-0.6446495250865151,-0.09912814933118314
2015-03-19,-0.4209175632416817,1.2421054740016015,2.7843805215472126,2.834561174020576,-2.4172961943117013
2015-03-20,1.0635334561499166,1.9940243877664376,-1.831886459995091,-1.8165247492260532,0.9169220331145087
2015-03-23,0.4343002125387362,1.932703477257146,-0.7051841025474456,-3.066888445881719,0.6091036337198038
2015-03-24,1.062711449301382,0.21348929705868178,-0.7645644422059414,0.4671631642903278,0.4565006325874066
2015-03-25,1.360633856628008,-0.8907593118144093,0.14974064363544626,1.1274330922163067,0.041773889085389315
2015-03-26,0.2513210978415512,-1.5611006833241228,0.4023519717336722,-1.5051772980532812,-0.2005533386590627
2015-03-27,-1.6192305773399753,0.20468245469762972,0.5488754305918002,2.5262031698891017,0.8493544686341686
2015-03-30,0.47370325674841585,-1.6675507193587276,1.7329915211117626,-0.4380381877701812,0.6039786639089623
2015-03-31,-0.19883386495989763,-0.18400999981368196,-0.6359056397730402,-0.6164432062493094,0.41554303285975086
2015-04-01,1.2356258204775996,0.5836406558731465,-0.5889436161563278,-0.9937822987429221,0.39405532254645603
2015-04-02,-0.2605394410009791,0.6602324471150653,0.3238996231645503,-1.2958770404843898,0.8490983760122531
2015-04-07,-0.1418307724250481,0.24213226938649862,1.6301083065871154,-0.24535514752910634,-0.3498125283619192
2015-04-08,-1.0955361869366338,0.7580756446853856,1.1404891060367561,-3.152524160290084,0.3098921751424656
2015-04-09,0.28169804579610114,-1.5764009536147479,1.8943164598660573,-0.4368499199110926,0.2927329104914239
2015-04-10,0.27464778107245574,-0.18838623733815973,0.5214268531950937,0.543716807122658,-0.1674845601487593
2015-04-13,-0.18499835978262155,-0.5471632436802444,1.0333498785392916,1.2701271540498393,0.01361585319596499
2015-04-14,1.7330870266599157,0.5202366119041714,-0.9091817885630086,-1.4643589079969552,0.03958560963979662
2015-04-15,1.8576655668283841,-1.1179978607112457,-0.5655093925694404,-1.0827119212405574,-1.4137572338634625
2015-04-16,0.9196425352643719,2.285691354552242,-0.07744242805314404,-0.15278051484674232,0.5331624240957616
2015-04-17,-0.13031691900865308,-0.546777630455133,-0.23154885270403633,0.1145327291631032,0.48940515735779544
2015-04-20,-0.09043216769724052,-0.7818388228392839,-0.0461821338727963,-0.20844208433259356,-0.032564059188806324
2015-04-21,-1.2292923575530934,0.6807967633503551,1.0606824677862576,0.6308137665192525,-0.1105899632955376
2015-04-22,0.8698666982809072,0.058120260616271534,0.14722142266918237,-1.1064382582707486,0.6192783797202469
2015-04-23,0.8416730373369018,0.5105371508182812,-1.5623539671191993,-1.1196423121432761,0.7134297698191483
2015-04-24,-0.11718092027220116,1.5141194588231381,3.250590370496026,1.4896229212081997,8.370324512682958
2015-04-27,0.5430024351112568,0.8650808741633262,0.7852969504201529,-1.152481378081156,-0.5520573992009046
2015-04-28,0.6791434507201347,1.2144349571560764,0.1322302987379986,-0.17116550816384007,0.3991450340419878
2015-04-29,0.3162649777920327,-0.5272327500983258,-0.09182956192294113,0.9027530982488399,-0.5565600140141534
2015-04-30,-0.1636632150676965,-1.0366080125599935,-0.5791573320243802,1.574293274083136,1.0324606958473426
2015-05-05,0.16873629168426135,1.0656927569853207,-1.2879766368399883,-1.3720768437217923,1.6520404253263257
2015-05-06,-0.2827895114457315,0.004869214253528789,-0.06052212380215104,-1.4232253610189851,0.42231138631019693
2015-05-07,-1.5488545436102048,-0.7155179852597808,-0.15428836444539398,0.1453933038737028,-0.3831011851259607
2015-05-08,0.7210320415875013,0.4695406293827085,0.580922041037999,-0.9038552562217379,0.06896947888255066
2015-05-11,-0.7745735429079923,-0.09986702766351378,2.128092212871814,1.8087918319412897,-0.36530130518038184
2015-05-12,1.1925993900199483,0.886614386365268,-1.242507008695775,-2.050423879630181,0.4267153277042624
2015-05-13,0.7261179311311811,1.4944342929501166,-0.09382717102662978,0.8890389641562608,1.1088866103167292
2015-05-14,-0.4184892480752256,-0.05698622520125184,-1.0331945114122525,-0.864157478820354,2.4099863638393226
2015-05-15,-0.13642276748671012,0.1458944009979616,-0.4977886246936553,0.42008713955217275,0.5429447269623072
2015-05-18,-0.6638907332580881,-0.7970503527491595,1.6044474580392176,0.007069645009575057,-0.4339228177771984
2015-05-19,-1.2666722974865392,-0.47314697658350063,3.1395917147344132,0.6324052634998426,-0.6628174624378759
2015-05-20,0.39170269455281315,-0.2675710260265937,-0.05441591526344602,-1.1465272189790205,-0.9452791401825512
2015-05-21,0.547762406486916,0.6387122860330628,-0.159126437401679,1.1303496494016252,-0.6709749610604034
2015-05-22,-0.07840978732840129,-0.6567565764756975,1.5059729028030777,1.378589768643919,-0.748721886860561
2015-05-26,-1.6838107438582781,-1.6844236452352237,1.9387147182822773,1.0094118456841044,-0.26029431750011595
2015-05-27,-0.6136152034838012,-0.3208373972465095,0.5385924843230859,-0.4720402285714762,-0.5321760716682662
2015-05-28,-0.7499919256704348,-0.9324010032473531,-1.7075405350958428,0.9146539627629665,1.413861984057875
2015-05-29,0.8603882217989617,-1.001149211367087,0.1427118856315685,-0.16530119657750217,0.36714026472815064
2015-06-01,-0.5095818734809588,-0.31754928244171915,2.2847489801013023,-1.2047271396713448,0.13664988787424112
2015-06-02,1.291939587818879,1.3777396524334853,-0.5173241607009331,-1.7624123496236084,0.714338228590506
2015-06-03,-0.3094229933266032,-0.21854491478491087,0.8233085828190287,-0.8033131375132497,1.3040658773458935
2015-06-04,-0.6218855621354354,-0.15412544146620002,-0.5760937768259826,-0.11547824817511412,0.27470309949277355
2015-06-05,0.8385417572880033,-2.4956043623134736,0.6025474437760422,-0.37797996749227786,0.8079930938771799
2015-06-08,0.17841763597554985,0.7027199491980151,-0.2228937890862224,-1.136804552977954,0.17272618293426023
2015-06-09,0.6166421294701386,-0.2403920447235299,-0.21127743986207445,-0.7980820922412876,0.011228425946190505
2015-06-10,0.5220307255345201,1.0733590135277047,-1.0507388860388895,0.5274570343063404,-0.43368528936392053
2015-06-11,-0.516513720452781,0.25075655496133215,-0.23872610223882704,-0.48692308206507434,0.9137802097428245
2015-06-12,0.02380262060959659,-0.10778837954389019,0.7475483359931848,0.2278147179911957,-0.7329367039341423
2015-06-15,-0.335429985101475,0.0528358860519486,-1.091076744828042,0.771558198026241,-0.20377147578285607
2015-06-16,0.26604331731765857,-0.5840607254825141,-1.3929287389464169,-0.6873752885735704,0.3102475734832175
2015-06-17,0.6623097182155124,-0.29616311448479576,-0.12291020842939475,-1.1708036526390893,0.5820281116922361
2015-06-18,-1.1573066468942224,1.4630282120990052,-0.18378864183892718,0.8519985639712582,2.8570298945662547
2015-06-19,-1.814883063557815,-0.16092789109980493,-0.9226422700245481,1.5406877052088046,-0.6885151109894408
2015-06-23,0.5113168750885209,-0.5736839866899195,1.957917261933806,-0.6471335517449218,-0.35445876502024626
2015-06-24,-0.04374424445750596,0.3987841737960115,0.1613438565913351,0.6165645793820244,1.2411650793658806
2015-06-25,-0.4385264494210743,-0.07230105961085438,-0.650240644406555,0.7185852652643238,-1.3359903642941966
2015-06-26,-0.36062795916041873,-2.1678678533151796,-1.410121761511323,0.16034616156314904,0.9172491783295782
2015-06-29,-1.0530759668790088,0.5514312758138046,-3.2064055261400584,-0.32666368530833995,0.8116953930007026
2015-06-30,0.591584263852256,0.28116495223579563,0.9375540973330599,-0.3265606339656776,-0.5198355485702486
2015-07-01,-1.8350598361254569,-0.6612755542505191,1.6185087147554824,1.302143397498303,0.31801647062338
2015-07-02,0.10587540329572566,-0.4384153531675896,-1.5214171149817695,-1.2687802524221312,1.4543608336421525
2015-07-06,-1.9349859214751863,0.3615969906261287,-0.5158416213626904,0.27002803791803437,-1.122017157765331
2015-07-07,-0.7057372764147548,-1.546791093624584,-1.5550261711964555,1.7700143450062953,0.13297516277867927
2015-07-08,-1.100746001380558,-0.08414339922618916,-2.9226532789073842,1.644696477768607,1.1344900069100698
2015-07-09,1.4566786273164871,0.6282938066666944,2.90051350280387,-1.266895736057424,-1.5767880576401743
2015-07-10,0.5363724848095314,0.37459703801387023,2.5874230297875065,-2.1699838612072435,-0.20919043170282664
2015-07-13,0.046086844025792766,0.14061980137358265,1.7671189181980467,-0.6152386320749713,0.4014040393554221
2015-07-14,0.1928104851124087,0.964757446019251,-1.1594919638309977,0.8326161286822681,-0.15655747510669166
2015-07-15,-1.4749214823988888,0.44895842683945575,-0.009859624046173729,0.6737976235709181,1.3353116750634395
2015-07-17,-0.13999764161749975,0.4104417329411453,0.4882810802109277,1.2859650512237049,0.3259917897434777
2015-07-20,-0.7449501426266465,0.7060097791587701,0.4966355294149139,0.2653969315093419,0.47057933966563936
2015-07-21,0.4913349907891664,0.7734523068952328,-1.046040235592278,-0.37048321006977614,0.6720870471616041
2015-07-22,-0.7971369533161441,-0.6220246432998096,0.0629860242055384,1.0693487894640938,0.6346332133506228
2015-07-23,-0.2555958193959534,0.31292570404493436,0.28750674287833894,1.5412102089994308,0.10765886729641849
2015-07-24,-1.582833320195948,-0.942255104208472,0.08880518165783555,0.8194120597052282,-0.17829369854186644
2015-07-27,-1.8849401517509112,-1.1947867387374247,-3.312541292967719,0.8980350546774943,0.6473065363186231
2015-07-28,0.8063942000525894,-1.1393998321757088,0.948921891681107,-0.15169283203688894,-0.09099536345940136
2015-07-29,1.282767944095213,0.22953525905154062,0.8570895573100795,-0.5530577729060768,-0.7704686408459538
2015-07-30,-0.5830655523082414,-0.9467304631957539,-0.7199874960773506,0.6280452766449373,-0.6490213901740925
2015-07-31,-1.3789133117197712,1.3707119406302695,-0.25324941077187435,0.8678268830627873,1.0464530976312652
2015-08-03,-2.2739023966425553,0.20959490690862667,0.5511061998095363,0.9006392011251105,-0.6443536994205347
2015-08-04,0.40792415456168096,1.1480494605851328,2.0455975748425392,-0.4466802731214031,-0.4262635893194926
2015-08-05,-0.42847309109647236,-0.6341453754557228,0.6318458001196049,0.3320092577886864,0.3772846439184991
2015-08-06,0.49979345658953384,-0.6966737989768641,-0.37410250579183135,1.705334523083272,0.19425616291936482
2015-08-07,-0.6852497067579449,1.407529749442239,-0.23238818421479265,-1.1658053685397343,0.03377491738103775
2015-08-10,2.0805319383200853,-0.28029798537096906,0.5479048532008466,-1.763739862447478,-0.672428465375895
2015-08-11,-0.9138314401508129,-3.267653660939811,-4.229986432522809,0.1527759205601843,2.7475785730164226
2015-08-12,0.8295982345727105,-0.9484646238822786,-2.527742684261609,-0.5835950407640906,0.21006646931002332
2015-08-13,-0.7916123910392215,-0.004436257881568683,0.9678616063561057,0.5903742908466958,-0.09552282851931002
2015-08-14,-0.06243096385960436,0.6298788495424266,0.409542833149654,-0.7389472589430076,0.38631710614895004
2015-08-17,-0.16903671179329374,-0.8125925922248136,0.45799648661514053,-0.22223698345475573,-0.20905514121150734
2015-08-18,-0.8821758920643114,-0.9601092039171174,-1.3928877462838687,-0.580023083600601,0.476915669919413
2015-08-19,-1.6423007057075358,0.7188312090905487,-1.1541516530318954,0.5681972350680274,0.8029834475275863
2015-08-20,-0.3184172739579113,-0.06336246211905175,-0.5233786680886346,-1.4890956054099684,0.6478494016160553
2015-08-21,-1.520076664100548,-0.5238758557538324,-2.5207286520381365,0.6802861511613296,-0.03443645009105474
2015-08-24,-3.1274808615318945,-2.4786290180554174,-4.75549919334347,0.6892517529203227,0.9852740087483919
2015-08-25,-0.6540503058728985,-0.9063569454755024,-0.25464862019993106,1.2347163127154979,-0.41292573488284284
2015-08-26,-0.06606868459650449,-0.3244782854236454,0.2793015815466739,0.007785000292588403,-0.5254539650662081
2015-08-27,3.1065789588534054,0.4579754740272015,2.007875238761641,-0.6313763639904686,-0.2327006251114041
2015-08-28,1.4791684410490074,0.51067205824575,0.8580013488645664,0.8391240648405641,-2.241512196650355
2015-09-01,-1.1180181728481753,-1.1722037704693224,0.19535010089362348,0.4385688676217221,1.65102889356909
2015-09-02,0.3204570559186076,-0.5827909610142878,-0.7492463793545288,0.9763805155225391,0.6405167675387695
2015-09-08,0.6476889822417244,1.2298307859103652,1.8236531949390409,-0.1836192862273505,-0.6879777107913304
2015-09-09,-0.5468284580547298,1.747025911593139,1.7071528580690296,-1.4206439265228201,-0.0012819222891173236
2015-09-10,0.44693891848540185,1.0635343865559916,0.7464251514183008,2.3453624441640866,-0.9242073481418759
2015-09-11,-0.39384678733298684,0.14767147339016515,-1.364382365233276,0.7439633202181922,0.33126907493440094
2015-09-14,-0.5914910408479399,0.4498535183854563,-0.8339370474649386,-1.7727162961401648,0.5353890368337183
2015-09-15,-0.14213835112355747,-0.6806412898947075,0.5703741297045459,0.9058071463598321,0.27369628593290485
2015-09-16,1.969991586279986,1.370725455675223,0.38097477693250364,-0.281560575707905,0.7153645312623268
2015-09-17,-0.0953475865360026,-0.4882437566100392,-1.7525734550147574,2.696825665155156,2.5739356452561357
2015-09-18,-1.0298561866264484,2.010447925316801,0.8840561078100275,1.0428216997009907,0.7528970570460496
2015-09-21,-0.14058218422811947,-2.56999358491167,1.0643906923851707,-0.013968190907244602,-0.3265488371330582
2015-09-22,-0.30196459991607594,-1.5710535161007204,-1.7530564633254333,0.8425757349478212,0.019121308601584744
2015-09-23,-1.0111103881900898,-1.5456306118353553,0.291595405432761,2.517514264700739,-0.5097821708034818
2015-09-24,-0.8455679037425048,0.4832799668651555,-1.339693064626592,-6.157453242307731,1.657939095153041
2015-09-25,-0.28374309777815654,-0.14522283547623824,1.2296000851872764,1.1445389159307429,0.4433599319544802
2015-09-28,-1.8643480979886506,0.5065786650908605,0.14179376150473247,1.6486062773619123,0.10308621133145143
2015-09-29,0.22640886305576702,0.12883073987829402,-2.3691573037988722,-1.1838777335825097,-0.31762551813507994
2015-09-30,1.4317832095866143,0.3740017007640463,-0.2754415973670091,-2.0872075000819565,0.48147064744421497
2015-10-08,1.369720821140004,0.016109096435517636,0.06251165488404706,-2.1191103996792777,-0.5981974943454567
2015-10-09,0.17048704767278322,1.5271784885709614,0.4409571553338047,-1.0579565984717663,0.7464663175640819
2015-10-12,-0.5952206381584004,1.2171274901582765,0.6274500029230797,-0.0973638780091825,-0.3554164584970248
2015-10-13,-1.5371128122114366,-1.2783498733118197,-0.43535257485942114,3.073469550989703,-0.023499051238805337
2015-10-14,0.32973040211649196,0.7106694240048883,-2.5239635969333953,-0.6955939502460652,0.6900348719909579
2015-10-15,1.2174763901999737,0.7274495039788504,0.8029013193501688,-0.3162915356833754,-0.27286589750446694
2015-10-16,0.16953766088021974,-0.6391592045105342,0.9363455290346117,2.9518816511988293,0.3025662735767713
2015-10-19,-1.3709290841886395,-0.6660116832182168,0.03046867467378499,-1.4397663714898692,1.2530347388687522
2015-10-20,0.5825770651646498,-0.4908483176973382,1.2148056820751414,0.2874151412210093,-0.3296166006438051
2015-10-21,-1.6021941466370344,-0.6351674718970488,-0.08234369037691976,0.7587474770429344,1.2498286463450776
2015-10-22,0.16022966362160276,-0.4025233808997186,0.45937525253733397,0.10724273455389789,-0.1718675482969918
2015-10-23,-0.15672312233836852,0.377065440367736,1.5242630909733808,-0.9416983152761816,-0.1561359168552545
2015-11-02,0.5219801724435176,-0.8207803654266402,-0.7874670211409334,0.328145164521544,0.9297193014034878
2015-11-03,1.798720218454418,0.26368131285231633,-0.7189647468084103,-1.7972378000659257,0.5308606976229784
2015-11-04,-0.6388494436579715,0.06601095796867301,1.8994984083091653,-0.3207050672968201,0.500599806016194
2015-11-05,-0.19790867267951012,-0.31452841256228903,0.12042107269354717,-0.7258320405131287,0.0910637694530402
2015-11-06,-0.851937919669982,-1.8812094301508016,2.211605654351414,-1.060214100798058,-0.7758498159693104
2015-11-09,0.5051086353661096,-0.3415673561407141,0.03738816609356583,0.01284108525480019,0.09943164184013954
2015-11-10,0.2625806761677623,-0.871615260873826,-0.5600718973140202,-1.6172157670805565,0.5216133118079563
2015-11-11,-0.7896611238291231,1.4696336251784663,-0.45763199172437957,0.42934044197464066,-0.2418212988032332
2015-11-12,-1.2119777597906012,0.5873560367689836,-0.4653842553846276,-0.23335594555609007,0.571498433644868
2015-11-13,-0.43924161577366777,-0.7668442387455717,-0.699763050350407,1.5321546007091142,-0.3863078944449491
2015-11-16,0.9419364406848727,-1.0887216811105147,-0.39418424725834145,-0.08559460736133741,-1.136574677853492
2015-11-17,-0.04969625439648963,1.4880882524757326,-0.1943013989072293,-0.18176858991573097,-0.14123797822059342
2015-11-18,0.1635973334730709,-0.7109556058470967,-0.5250375452910832,-0.664784682525282,-0.24733401937911706
2015-11-19,-0.09898664617001,2.5645517827357005,-0.6331726320714021,-1.5108046409641227,-0.5863776688824256
2015-11-20,-0.3861491260315113,0.5607247315249487,-0.50371631831611,-0.5320520687315786,-0.2410687035674707
2015-11-23,-0.4924684690197509,-1.0605182140694476,-0.1611240833123111,0.9312355474756141,0.028531716512281334
2015-12-01,0.5389986210754363,1.016477717490768,-0.8800058689637966,-0.377736192629247,1.7184389228126042
2015-12-02,-0.9290888729877733,0.38639654199321494,2.318881392027467,-0.8931017084511798,0.004921920999989723
2015-12-03,0.5371964187161474,1.4840015129753066,-0.5098880245622376,-2.565625844037075,1.5252131090513228
2015-12-04,-1.6023455351880858,-1.1031148094751537,-0.3871342437114292,0.12035395574691338,0.6531386009389267
2015-12-07,-2.4676713115191653,0.4432940487860954,-0.22550824463603458,-0.015999632049056318,1.427718926436066
2015-12-08,-1.4531068753420453,-0.912431069260879,-0.8347502369939488,0.31415796035676635,1.2632693076760149
2015-12-09,0.679670900565741,0.09915594985095084,-1.8434624721107715,-1.5819830319626647,1.5617746454755117
2015-12-10,0.4016280820771634,-0.5936599206967318,0.4455952571487584,0.836062635570962,-0.8162707563279086
2015-12-11,-2.069485087891713,-0.6368726067084649,-2.663969383831574,0.8782324501737919,0.26129289291067276
2015-12-14,0.3264970753217698,0.4377414830316044,-0.12598549532876896,0.11499097352574136,-0.7316605879690516
2015-12-15,1.4713499910699606,-1.083446394303833,1.1538327371977808,0.4993990114883372,-0.9296415096007133
2015-12-16,-0.9177926463151418,1.9859152154107023,1.656476569408737,0.9269559081018819,0.9405302917953589
2015-12-17,-0.4662919042795834,-1.446142360513421,0.04653271865207824,-0.6610304067555676,0.5858729304119811
2015-12-18,-0.8095793537980781,1.685889424099368,-0.11580773729968535,2.2265646212492585,0.05980485463953789
2015-12-21,-0.8609989759028344,0.9407285213746102,0.5898837298620635,1.1246351005222937,1.0272421543857728
2015-12-22,0.6846661109546471,-0.04463316523814746,0.7251296676144399,-0.6489128253917031,-0.33242434205462307
2015-12-23,0.9615461438734064,-0.6216922554469673,-0.1866256958201952,-0.19800254879671816,-0.5101219010246257
2016-01-04,-0.7284094239279498,-3.44856312215757,-1.8290441948341873,1.17552207879704,0.95198330247929
2016-01-05,0.032341617340992584,-0.5218995123869329,0.1397890006755834,-0.9696827263527599,1.0252187324726327
2016-01-06,-1.9108518005971986,0.018522720204486223,-1.0446419745401354,-0.49142275251842094,1.2418469793866544
2016-01-07,-0.9777203150964021,-1.4324489071162987,-2.635147989380718,-0.48971405172463006,0.26843430547618496
2016-01-08,-0.35291785657535235,-0.9012463151535336,-0.12323669555102018,-1.012001396459101,-0.7493502385830977
2016-01-11,-1.566354214392723,0.5041339674064287,1.3129499230932216,-0.28590311626843634,-0.8811183143936862
2016-01-12,-0.6047695678800546,0.16004041635264996,-0.8247297166823958,-0.4017592676515925,-0.7546307973048699
2016-01-13,-0.38030999394802295,1.1684697737040908,-0.42074939370630143,-0.5970724767076712,-0.3488359057537826
2016-01-14,1.45343483746813,-1.573080274059848,-1.2686542327556247,0.38279110312918213,-1.0305494420103565
2016-01-15,-2.485505280072026,-1.0356021817467789,-1.5504229764616018,0.25113523363640683,0.8635672220881231
2016-01-19,-0.11588147978371668,1.512990758319594,1.4598271590389214,0.14033708320185084,-1.4740906159267133
2016-01-20,-0.8879519205491707,-0.8292878958806084,-2.3767914401105035,-0.533509147720604,-0.6017786258601823
2016-01-21,2.1597016335712094,-0.5929511700510787,0.45694463366389354,1.453288284326306,-1.2959383908916975
2016-01-22,3.0187440186221135,-0.12197356575400262,0.9590934168866594,0.005625470785740279,0.7561471992685387
2016-01-25,-1.9814039406696338,1.3633650529367545,0.03646167308256848,-0.5844882625499749,0.20467843122442492
2016-01-26,1.032542682134236,-0.8432299070564802,-1.512244095137569,-0.003310882535394165,-0.25782912228800936
2016-01-27,0.6391652940107219,0.7975279559603148,0.7171754411168852,1.0559054102834349,-0.637053160121286
2016-01-28,1.0104874323179887,-0.1698625128038657,-0.7571410025270026,-0.3112090947025988,0.0771218780155712
2016-01-29,1.0522493895489138,0.23130452818793126,0.7412986174340648,-0.46782436197980637,0.15552462012859414
2016-02-01,-1.133330557435296,1.2973998952195593,-0.8426627959963994,-1.1442875246541095,-0.30265465574757583
2016-02-02,-1.5533391365829199,-0.4314826143206453,-0.8434485143296737,-0.4527847301434074,0.5302059640339072
2016-02-03,2.244546049357092,0.7018610399416338,-2.5167214180021307,-3.0336869182838777,-0.29977817771323795
2016-02-04,0.2623013380652238,2.369105433931894,0.2277092489808549,0.3929716971352818,0.915893375487945
2016-02-05,-1.676691011846917,-0.8253984480613825,0.5162461075663137,0.482423631174794,0.556818782417139
2016-02-22,1.3426153217777552,0.522513659376323,1.2875967543727596,-1.3388236431231493,0.21827922796267085
2016-02-23,-1.386754261976237,0.14158699263542632,-0.6063195638996932,0.11820790915598416,0.21626905486044554
2016-02-24,0.725796392796326,-1.3270262192556996,-0.8266638288667935,-0.6346649657317873,0.054768947369108784
2016-02-25,0.1913506238161021,0.03042657954865715,-0.8384958932239709,0.6815609352661147,1.2416691787935978
2016-02-26,0.649406752486941,-2.6007994776545855,2.4654989852271765,-0.19631259118604003,0.11828895053716981
2016-02-29,-0.04819906435096848,0.5390807791316443,-1.4062081984222383,1.200456509529711,0.16401379892335133
2016-03-01,1.3689439648170323,0.010691772645881543,1.198428726314785,-1.4387528547528998,0.023524508797877233
2016-03-02,1.2541785376961887,1.938606149350409,0.9026954805760957,-0.6551207933914347,0.8028388988024565
2016-03-03,1.0987284823077663,1.3811213267836024,-0.6346332729996023,-1.9112613573504065,1.359710153516637
2016-03-04,1.3786470201017766,0.6800986671685441,1.8891892202190232,-0.9497490998770696,1.230140589088255
2016-03-07,1.322733972303978,-0.3495469654361183,-0.28699213376846,0.5929041176043003,1.7374423388695506
2016-03-08,-1.698546263983065,0.6432923072613251,-0.9359293083687471,-1.630840252845358,1.842230072785353
2016-03-09,1.10228060878847,-0.15604251500755276,-0.15588596559930668,-1.4049788141289148,0.3419865888358401
2016-03-10,-0.9231722130960373,-0.2178433172797656,-0.24688924996480135,-1.6143089503581969,3.4256200076594836
2016-03-11,1.4087729899616315,0.7156728910068436,1.7803262028471039,-0.7713840986670696,-0.5248674292863956
2016-03-14,-0.8257285012215515,-0.5198727088941438,1.1824701621419054,1.9372697089171433,1.554929727825393
2016-03-15,-0.8316172234831641,-1.8134896827541473,0.2439119016036907,1.806442835404578,1.1354752219409416
2016-03-16,2.0129922801910043,-0.1640725661535525,-2.759098353932897,0.19911196973341191,-0.5677358598669114
2016-03-17,1.4451376194273304,3.5903682952261233,0.05707011281574282,-1.9016569014844358,0.8655726666616287
2016-03-18,-0.29137300366756824,-0.47583747527519893,0.41606824777621687,0.01097580094949905,0.22902300761494218
2016-03-21,-0.4020498484199021,-0.04120009980187043,0.515788048763672,-0.05634811228844864,0.1795763825280052
2016-03-22,0.06875204976112853,-0.023854563282241316,-0.4072943170554736,-1.2793871162641313,1.0332201921993813
2016-03-23,-1.8149057984883814,-0.5273479554600842,0.3631883403000507,2.9563880870186026,1.0689984030176272
2016-03-24,-0.40076613149740203,-1.001051051353905,-1.0092855185932805,-0.49699406486681075,1.1302690436179847
2016-03-29,0.37331308802092994,1.309084782308769,-2.1645481428731044,1.8691148815758154,-0.04424987481053753
2016-03-30,1.4504415297022886,1.5908702683279135,0.9444331175724926,-0.7482085450557067,-1.2699576980219351
2016-03-31,-0.1527742104593193,0.5646622829611262,0.21258248579310648,0.46925163164161837,1.8290246285671725
2016-04-01,-1.0256116524825085,-0.5454956353038573,0.01083285373234116,-0.9579506362127299,1.612430229145217
2016-04-05,-0.3015872752991848,-1.6118889841500936,-0.5212972028292234,0.5482713963188088,0.8015913424382897
2016-04-06,0.7622653166134651,-0.09663742040260698,0.18032279750691318,-0.8239972416055207,0.6737424527305773
2016-04-07,-0.32561109445903225,-0.7090667688810327,-1.15692088371195,1.4713517960053744,0.5161038654896203
2016-04-08,1.3865994247404843,0.11584296214477167,0.11894604683477558,-2.6024390597390696,0.16264202950098972
2016-04-11,0.5146035557441508,1.1885565569180425,-0.010842936595137954,-2.55205480931038,0.7343330695213008
2016-04-12,1.522204545957514,-0.039634402563719626,0.5432820012087296,-0.320473150437351,0.5172721245221146
2016-04-13,-0.0970652673456771,0.29738082294409335,2.43395749847812,0.7302799362289267,0.4035366570915705
2016-04-14,-0.18805169340208436,0.758253704059257,1.637338001819495,-0.7007924592472848,1.0521369747643035
2016-04-15,-0.7513983571620702,0.647271948496903,0.026456745102678852,1.5429281844479468,1.1115672490817647
2016-04-18,0.3573527772435056,-0.2761889318275204,-0.3850557071959892,2.6862202522687215,-0.12858819237043953
2016-04-19,1.606757379521095,1.2566910861878204,0.253219212198315,-1.4723078730320915,0.3246112216622727
2016-04-20,0.642993199899538,-1.2857372201652446,0.6957882691921741,-0.24946566694795444,0.7348841876516756
2016-04-21,-0.7166115762353727,-0.15046993477786255,-0.2246258730604006,-0.21728237557974153,1.4382157713933597
2016-04-22,1.223286864966528,-1.9955389810400548,3.106765444779247,2.21972012446543,5.991972739047062
2016-04-25,-0.5647946590510925,0.27581831752337804,-0.12994941424297604,-0.7528266199022222,0.0005403107180937195
2016-04-26,0.8831058655154925,0.02908391146573572,-0.07479636411811096,-0.5978721845347019,0.10319875955474812
2016-04-27,0.5089268269465022,-1.6161394741908286,-0.7527183205483777,0.7794570428206578,1.1476362933962692
2016-04-28,0.020929091982839737,1.5325170050626369,-1.591420947717264,-0.5294975041469684,-0.3040449443436602
2016-04-29,0.015830917085750393,0.22097934371983427,-1.274477251355455,-1.4756426931587914,0.5490774411677892
2016-05-03,-1.7487432959246227,-1.456939896075464,-1.1394823063335489,0.708449951136384,0.4200121682066084
2016-05-05,0.48854756900853114,-0.4761380276143535,0.41653292180186535,-0.40526659309711555,-0.47137855128227296
2016-05-06,-0.5031629574408332,-0.9508342165060936,-0.6378977222723895,-0.6638963804085978,1.230348332245612
2016-05-09,-1.3889519209316703,-1.1502268841941128,-0.015554108781009204,0.015764669456532238,0.052821239901337795
2016-05-10,0.7786020562630557,-0.09711689400562218,0.217985341112386,-0.9613214485655563,-0.7432303995584739
2016-05-11,0.6872963540735009,0.3187985426710878,-0.6146189753583232,-0.6169347557060346,0.2898476676680777
2016-05-12,0.1703539156494642,-1.345243628251864,0.40666666601336326,0.7416286780633585,-0.11884830619157345
2016-05-13,-0.8405278090855735,-1.168634423140794,-0.504639312653451,0.8751297297857182,1.0223006967930715
2016-05-16,0.8888333119888838,-0.5227022687519979,0.7486834755932523,-1.5169002013393857,-0.28728014133027746
2016-05-17,0.34436827109867135,0.8473052709346242,0.9688417115328471,-0.5086008329611483,0.6088123225899793
2016-05-18,-1.529152388965886,-0.9084196518062165,1.553570226801204,1.2697276949872789,0.3294853626077715
2016-05-19,-0.22022580490353888,-1.2342227850873857,-0.06359487933304309,-0.5930852362902681,0.6925499315255786
2016-05-20,0.28615306694527903,0.2054255232071365,0.6219517269604025,-0.8495155933803162,0.37881093799902016
2016-05-24,0.16970526762319907,-0.4646607531921883,0.4432900036382306,0.7383517437462292,-0.6081927705869193
2016-05-25,0.7079896655734199,0.12372773639855267,0.3923775499897739,0.5413802511600407,0.37823832027942267
2016-05-26,0.12454676948565037,0.7262825478439111,0.014449156213954312,0.3279827723738197,0.6159370799705861
2016-05-27,-0.2632281530613876,-0.09795214643802487,0.6055004309628362,0.5990356599626199,0.6605989118214586
2016-05-31,-0.16263184190745875,0.29158781563281505,1.5982601121258702,0.8304010075674252,0.42899503558911484
2016-06-01,0.10406744178977623,0.145666024508831,-0.7409872383374263,-0.5323393879498252,0.16548376348302826
2016-06-02,0.12159958180160019,0.18228719349824818,-0.6316039341790864,-0.32378954871135807,0.5106873469686318
2016-06-03,0.8675776969121187,3.033315810738979,-1.686076276231338,-0.46626070506594863,0.9274552059353439
2016-06-06,1.3483076342481457,-0.04654832757844718,0.024003931509167065,-0.5242179727591093,-0.3903822587501867
2016-06-07,1.4396936922296022,0.3576081013841489,-0.7059913805691441,-1.2528987544631929,-0.16204085219330178
2016-06-08,0.11478823547078072,0.9301673071621913,-0.767793153689658,-1.9099020788134564,1.0721064895755021
2016-06-13,-0.6968742902466515,-0.5795236025829941,-0.85432846515698,1.3241754385758107,-0.3183699688101571
2016-06-14,-0.05764083901233828,-1.4800988982799488,-0.44699232932594607,-0.7600244706987532,0.5439716606027187
2016-06-15,0.16444674167137444,1.4890685806674613,-0.4795302271827154,0.29067123915420934,0.30287580327837377
2016-06-16,-0.9573950813583247,-0.3490019073960262,-1.9687619839431212,-0.76871335323836,1.2174721948799918
2016-06-17,0.7180390144503077,0.8219924124147023,0.1962748925445068,-1.1597964864089112,0.4899534099673083
2016-06-20,0.7658280024550157,2.2429802237354255,1.1679155914225139,0.05699490123048276,-0.3949533597664682
2016-06-21,-0.30236951067557216,0.10637386720577838,1.2617719264028386,1.0648016834802874,-0.01666119442285561
2016-06-22,-0.4874127479993706,1.5805694367327314,-0.4762588513429908,-0.7470088223889323,-1.8437013560938902
2016-06-23,1.1842187144999645,0.37006278773162943,0.7569141233262526,-0.6852425417782526,0.0674987754545522
2016-06-24,-1.5800558796794841,-4.351725592240559,-1.401163311953796,-0.33293627565649836,-0.7600501066394147
2016-06-27,-3.0365461256109207,-2.1854351365073446,-1.3492607300481827,-0.9914908834935833,2.2957144716994016
2016-06-28,1.4913006791686914,1.1338092202998928,-0.71383231594409,-1.9891087698168892,0.3483292882855734
2016-06-29,1.6720060870012359,1.9495861287656915,0.7420302498294966,-0.8572703593846897,0.34664788695807025
2016-06-30,0.03295768757954884,-0.5738683777793548,-0.20212353695358554,0.14148420132429027,0.4269089617085577
2016-07-01,1.0014148219813253,1.3106796945357848,-0.8751545982758401,1.2250400281920284,0.7582682460200864
2016-07-05,-1.6414514937424893,0.01632718347626338,-0.202457005898982,0.9596774707736865,0.2971971934291125
2016-07-06,0.4256459901080065,-0.3887593331775299,-0.671335065195179,0.6342177965334814,-0.2960295769200404
2016-07-07,-1.0195603987215964,9.160100005730085e-05,0.7475560847277696,1.0085715185031436,0.7071298145704656
2016-07-08,-0.26361015893513984,0.9329444232767744,-0.18541081796291237,-0.9056623178440943,0.9261272651088979
2016-07-11,0.22682405583108084,0.36541721524016646,2.3062124632839556,0.5687252220016357,0.1110583142618711
2016-07-12,1.8823694164999598,0.4158393748684429,1.5300046388352933,-0.2061719876978733,-0.6167024119101256
2016-07-13,-0.6614974975053662,0.5491478115925167,0.1953131430391639,-1.2452552497903457,0.8988805578151927
2016-07-14,0.7802857694545415,0.13021279212715597,0.5767095290221019,-0.054470702313953206,1.1659515532091635
2016-07-15,-0.6956372114104624,-0.7843616143501805,0.3733988708723042,0.47769983965200835,0.8398908820978801
2016-07-18,-0.1929038231953096,0.4652125330055275,0.641075862290289,-0.2516726136974007,0.08407994120063884
2016-07-19,-0.5260139950191445,-0.7426070587843909,0.2154494310521308,-0.1516179501707729,1.0335946806391636
2016-07-20,-0.45748284950175977,0.43591432971153365,1.0774672113233073,0.6089224343775794,-0.3160642528173109
2016-07-21,-0.5714328312398147,0.8651675058798599,-0.34879259686754477,0.7378013931422596,0.41661532672753054
2016-07-22,-1.251827817892637,0.022095595427705426,0.8632437610429498,-1.3098978345383565,-0.7601635993968404
2016-07-25,-1.242946610430977,0.6012171108159142,0.3947125540548292,0.6516097110991599,-0.235962107607993
2016-07-26,0.08174887465924315,0.4815335949467602,-0.41629582605695986,-0.4779725415715972,-1.0420229178662308
2016-07-27,-1.0800628487714719,-0.10794489724725631,-0.6510441567187965,-0.1909281369450102,-1.0413535638074798
2016-07-29,0.8884611581946655,2.196613847016671,-2.1235367989296594,-0.5458313763176755,-0.04478109903154397
2016-08-01,-2.139282954101197,0.11626228003935803,0.9635313609648131,-0.13100292509193076,0.4984092017640566
2016-08-02,0.485652038318688,0.4032774880836531,-0.49732124448455367,-0.7151892946636533,0.2937801540378765
2016-08-03,1.183185686667015,-1.3711380719140969,-0.6999974061778862,-0.43007137507622883,-0.15312336996691764
2016-08-04,0.5728268106387308,0.7155643391261786,-0.3546491365914098,-0.8475230103036647,0.6559347937905959
2016-08-05,-0.575996680803766,-0.17751176172477454,1.3349857917600587,-0.613095032497714,0.7710719277825244
2016-08-08,0.8136643508420898,0.15425900135825768,0.6996829633262097,0.5853295938576101,0.36161583974587197
2016-08-09,-0.15332341384658532,0.9351663945212427,0.09879848474259224,-0.39476327061079086,-0.27525087790514335
2016-08-10,0.11884985182698325,1.1577307958262137,-0.3855729426343486,0.14471747683599562,-0.011567498803698536
2016-08-11,0.9623466610803729,-0.5093139448131175,0.7174427710465465,0.34052721068661357,0.25304602640734797
2016-08-12,0.29389240239514014,-1.045705063112165,-0.14052712517072813,1.508273146989583,0.2782988044319456
2016-08-15,0.4707579287132706,0.07912117721548431,1.1442408425831447,-0.16535896678093215,0.2333097321068655
2016-08-16,-0.05178116982441301,0.16493699286023003,-0.5446254491477653,0.12951833582693792,0.7447831496177215
2016-08-17,0.4027060390506031,-0.8488551515753656,-0.24925002493686568,0.4568643810993574,0.5387958338491402
2016-08-18,0.978855966017982,0.13385462171601376,-1.0329106093424294,1.104582056185433,0.3889251270473116
2016-08-19,-0.5275392525259939,-0.9929951072257064,0.2341137519483028,-1.861394180053274,1.1389683582526176
2016-08-22,-0.8657933456265303,0.09836719794917213,-0.43941532735844363,-0.2176702853716037,0.0014308958295991615
2016-08-23,0.3985551235028105,-0.6185948693741435,0.40317838036581194,0.4919639854031408,0.14311488590498184
2016-08-24,0.05785684333852754,-0.4822330929978914,-0.02529768747118686,-0.9068392518497093,0.181328856361399
2016-08-25,-0.06478578045797313,0.08100641300223661,0.57978350663334,-0.03467940840914192,1.0576290682714753
2016-08-26,-0.348404375964125,-1.0688546509283772,1.2481391630833494,0.25568551366883474,0.40960232212963976
2016-08-30,-0.5696093886050881,-0.502427023041104,1.2395636665394798,0.2699792606148617,0.6559029097306661
2016-08-31,-0.8111860092820943,-0.0665246641520631,0.5028859071026628,-1.1425003684283765,-0.24964828904166325
2016-09-01,-0.7482557188061348,0.8356239058191908,0.10043778452076647,1.1342765450690728,-0.5354220550209918
2016-09-02,1.1665163847927718,0.019839091052766725,0.7334502275453999,-0.16487837072884787,0.025002821873981732
2016-09-06,1.127944188373778,2.486917909271591,-0.9629364395461304,-1.0020592055949722,0.748050640521099
2016-09-07,0.2949838779500551,-0.11488863925202622,0.6336713134129727,0.031366948185093536,0.8386916975331489
2016-09-08,1.2128949170949435,-1.167277587986696,1.33154690035548,-0.07854971131387795,0.4900756682149473
2016-09-09,-1.5750726350012505,-1.981140512173487,1.0305294986973477,0.4963593628561338,0.6404827394220104
2016-09-12,0.18462888662030735,-0.27723886364773354,-1.8399292765135034,-0.2547265996949438,0.06279867855538075
2016-09-13,-1.1437673077048252,-1.1750950643605627,0.948628380933405,1.208323784882842,0.24900840658358753
2016-09-14,-0.4664233357137523,1.0080399277918872,0.2500931875888373,1.2712049569711807,-0.6345593283134282
2016-09-19,0.315289254746732,1.2334824359571643,-0.05801643697940852,0.6534922920311147,1.3931151167735079
2016-09-20,-0.2460422198139053,0.39362782648844546,0.29555296136345693,-0.26696565694381075,1.0716938911560863
2016-09-21,0.9743233658116787,0.9016800665575014,-0.02065929348106055,-0.556409003377025,1.2887811550832757
2016-09-22,0.7353023704709776,1.1110585909384798,0.29033791984360213,0.8262870788600007,-0.5453159178525677
2016-09-23,-0.5537015836567927,0.2264699528019155,0.200615726940652,0.8961750945133463,0.27673496264362785
2016-09-26,-0.3733060062633215,-0.09551955810028673,-1.0697310335121393,-0.0734155379952825,0.25148528726885855
2016-09-27,-0.5474102537538381,0.36815348645817886,-0.5361614475275143,-0.24367403292204268,0.2961309835177622
2016-09-28,2.2655430068114732,-1.283963568797202,-0.06163661149718972,-0.7653028309728884,-1.0062777513531511
2016-09-29,0.2102310508711289,-0.3311013657104566,0.9593523703461164,0.966353747322895,0.3774553222110227
2016-09-30,0.7530741661548038,-0.10417559028200243,-0.15221182399692879,0.3576356258779384,-1.1203110770488922
2016-10-10,0.9328021688562553,-0.09730336704731411,0.008035143807486149,-0.15039427006527287,-0.40605687069025315
2016-10-11,-0.3420797670434587,-1.8522374823744732,0.6419071029272667,-2.250901525986717,0.4314655365924032
2016-10-12,-0.1843159096940966,0.24165217720761145,0.16069032674396802,0.08963442383648518,0.1183123268473984
2016-10-13,0.43451361567953173,-0.5843904640691823,-1.2722827487633268,-0.7769401650262406,0.3993365242481482
2016-10-14,0.04955312588756239,0.38798285309943537,1.1253039363932618,0.3355661143734564,-0.4336960202096214
2016-10-17,0.03107291603219037,-0.04035853979615151,-1.3812350103567619,0.04983184344967184,0.008617957268946687
2016-10-18,0.10696634533289578,1.1601090940354557,0.18413977661111514,0.014198391197388843,-0.24314207567500964
2016-10-19,0.8769983572979599,0.5696011962635534,-0.5978092435184075,-0.1385738727511998,0.267560888963963
2016-10-20,-0.6192198595217459,-0.71534363052926,0.5246666216171397,-0.9135834612670906,0.1876514797685208
2016-10-21,-0.712575814491968,-0.24494093128580138,-0.3262595168183546,0.3050014477409664,0.14030765804571124
2016-11-01,0.3719911052187584,0.7762037495449085,-0.4820453603636941,0.7485080200287835,-0.4130529183469822
2016-11-02,-0.5978199827386602,0.31905313501750376,-0.43517857057994697,-0.13089123716576626,0.2158311105025925
2016-11-03,-0.1260256638588943,-0.023016886855804768,-0.5012748713128834,0.019405929894832634,-0.31407117800195705
2016-11-04,-0.5945914451889631,-0.8448706447494371,-0.6793267587678017,-0.5113450521356325,-0.2238451370572955
2016-11-07,0.7752609909451342,0.036837625241801696,1.2387146390672725,-0.2905220461137757,0.7263898840923009
2016-11-08,0.630477176879462,0.4475535489921535,0.6747976732137367,-0.8609165528309836,0.9944897336191336
2016-11-09,0.03274062267436802,-2.1075289373609944,2.1776835280277074,1.2215328361330653,0.47398330205126143
2016-11-10,-0.11404687912352235,-1.0039763005176954,2.957005847989568,3.9865323683948044,-0.2530258458992145
2016-11-11,-0.9443246822282071,-1.0135994050073864,-0.16244107694495818,-0.20415460429684795,-0.5468123515107262
2016-11-14,-0.5560936518354863,-1.6738499539963607,1.6172387243033508,-1.13234109799681,-0.4972360758484913
2016-11-15,1.5041700280161021,-1.769199913587785,0.46993864608478547,0.41164984721023234,0.9120384586684743
2016-11-16,-0.3799478987558488,-0.8535676734769393,0.4736515887148807,-0.5928241213842835,0.29989258321756934
2016-11-17,-0.4693998693035494,-0.2846542250376403,1.2613777732056917,0.0860621734047866,0.24286365270830765
2016-11-18,0.09687371689110377,-1.213186274838636,0.6807401528671092,-1.7955437285926652,-0.2822296838094654
2016-11-21,0.9381568796972501,-0.17906099536819248,-0.06968203727160663,-0.7583526780936299,-1.0016462623780946
2016-11-22,0.258997324257935,0.5639331979009619,0.6009861894697238,0.31794588719841577,-0.7152247395943634
2016-11-23,-0.11116383734243912,-0.6190529541245605,0.11196615538491259,0.6435821487241036,0.9454526417785271
2016-12-01,1.3115466205776973,-0.34190411319001696,0.8423032566009047,1.1843724210597082,-1.4945855789390092
2016-12-02,0.48272548797390713,0.48517333916419575,-0.9049087134615026,0.7372778771674612,0.3401085793328213
2016-12-05,0.049005905735324984,0.5720850268251855,0.09413078550626722,-0.9552969987074537,1.0619529073242844
2016-12-06,-0.08243209610987474,0.16765559832273588,0.1402910567557443,-0.29979565134755637,-0.6800039575396747
2016-12-07,0.14894876715222327,0.8260697682044744,-0.20979394881222188,0.3364031373736381,-0.3348570561972877
2016-12-08,0.9889211699123948,-0.8987064749862644,0.007871026882885181,-1.0980431143033262,-0.6824206405835084
2016-12-09,0.20302008362828006,-0.03017811022431719,0.9273926730280188,-0.4717769698668593,-0.22290588796394797
2016-12-12,0.9134169277913035,-0.28692510452270653,-1.4188451933056356,-1.477832790591415,-0.0064111623937189695
2016-12-13,0.07652436753159685,0.3086242468299829,0.6389975567616932,0.10780374646961231,-1.037009881079403
2016-12-14,-1.1676625140199814,-0.17985593255100146,2.0110101039894617,0.05523783604733538,0.5112343210366771
2016-12-15,-0.18629290026439846,-2.7701101378893886,0.3195241798861601,-1.4495078437762092,-0.3339975273015015
2016-12-16,-0.31090573963005375,-1.4643089690609137,-1.1980057040384555,0.5039152607258764,1.147699516162868
2016-12-19,-0.2800733945921212,-0.19654063659559814,0.02090729314042903,-0.48135326539031,-0.791660509409851
2016-12-20,0.8289926003681772,0.03707071706462376,-0.33463231125934195,-0.2562701613984382,0.9127567079173039
2016-12-21,-0.49777187565468795,0.5227242760985138,0.5301882000488355,0.38291788813116556,0.20682381787756102
2016-12-22,0.05662779593515829,-0.5016555814304917,-0.1366347825330075,-1.1711892967476574,0.07113768335560962
2016-12-23,-0.4696711640549596,-0.034250510031731754,-0.6433637582340443,-0.07833735032014827,0.5458079488069582
2017-01-03,1.187693770994673,0.2714566914534924,2.747238460570643,-1.3079756928877315,1.027418730674452
2017-01-04,0.7602956075183692,1.6068295788344087,2.2235710088375584,-1.2150104513154734,-0.5067935859139573
2017-01-05,0.6352174082005739,2.5557658242628833,-0.3773139682147368,-0.384289212082362,-0.07580679680040359
2017-01-06,-0.13386617072334267,-1.886195585868245,0.4032097966408635,-0.028622054408035398,0.4002104464177991
2017-01-09,-0.7440862254242042,0.6164827768794497,-0.9588067213831881,-0.6400728081142372,0.3676721921860301
2017-01-10,-0.37527329510109303,0.4247837141349254,-0.4442621316782127,-0.4287296368607619,0.4962161922957187
2017-01-11,0.9118275384644579,0.1843884968383792,-0.30778602173167235,0.247923158299873,-0.5157318476496385
2017-01-12,0.08925146115215762,2.0749876677742063,-0.29901409326699463,0.16219264857724278,0.16566664389857677
2017-01-13,-0.09483137001096067,0.1564044954511933,0.570291398838008,0.3117198444245841,-0.6360706930192835
2017-01-17,0.6539890220348025,1.1424808481611577,-1.6868700309022386,-0.5182235343213837,-0.47428891882626434
2017-01-18,-0.7698312553947667,0.24813859254931955,2.3438343612189656,-0.17651602203771727,0.5322294349030615
2017-01-19,-0.40151960270983234,-0.2808420287212795,0.35049282012879507,-1.1112000431423725,-0.703087348356243
2017-01-20,0.8667273915828704,-0.14507982948866194,-1.2753224719288914,-0.36818715586318784,0.33021984214095235
2017-01-23,-0.36002296130448963,1.6499236477847572,-1.4965185933680585,-0.28173686274117965,-0.5186235529161043
2017-01-24,0.711452276913938,-0.1318386849295245,0.6071146760821549,0.15432159218492145,-0.8487939854876275
2017-01-25,0.5322551337234224,-0.10710879478058781,-0.7619276281675307,-0.48254069096313823,-0.8669782842172613
2017-02-06,-0.6156825096415627,0.39909222084884277,-0.3142185669043667,-0.3134957169944752,0.4885731812771581
2017-02-07,-1.647913979975076,-0.20089954749743338,-0.3646263404991213,-0.1143461577490484,0.11415726017822736
2017-02-08,-0.6145809355543151,0.37305583915847107,-0.04498042779246061,-0.46553293026451137,-0.8983705591532769
2017-02-09,0.17983394820648174,-0.7858532377275815,0.7802743309537169,0.8506030415773661,0.2649166920403326
2017-02-10,0.7207496905840435,0.5584487477281365,0.42442571677976837,-0.3641081976236701,-0.08855302983541193
2017-02-13,-0.30076326711744944,-0.22569278311638472,0.6561818463887849,0.08013938954095555,-0.09802972801713165
2017-02-14,0.034407501928830686,0.11165068439323639,1.196725734321747,-0.424379636028199,0.18909748439409851
2017-02-15,0.5861314037541021,0.7179853686187133,0.3640206564617212,-0.45468813056807544,-0.4882627773350735
2017-02-16,-0.20862380162142302,0.7027524592952242,-1.0928216897348964,0.9340422130395664,1.6369867764111699
2017-02-17,-0.9894745251711252,-0.7618209265942902,-0.17789380623959547,0.37371392099362977,-0.6441383865624459
2017-02-21,0.27451191811792536,-0.3137541178056004,-0.15991056879895257,-0.004357837477452245,-0.4541152261443763
2017-02-22,-0.9258228018509215,1.0566985176469161,-0.0392583837405542,-0.8187286371333555,0.0418582921389744
2017-02-23,0.42220861463986603,-0.038976038399112706,-0.8667388634576935,0.42431868077281365,0.730538402785367
2017-02-24,-0.5555282579210673,-0.699910464505452,-0.5118694706349906,1.3110019714627819,0.7025161426811224
2017-02-27,-0.023093552664121934,-0.29632930448043904,0.29304099394957506,-0.03991232552387537,0.6605694857553266
2017-02-28,-0.6862524369451767,0.32759582185764924,0.4208975569166742,-0.3114566728347186,-0.3485173185831603
2017-03-01,0.79039125312337,-0.9915813953661796,1.5181296815010135,-0.1441137361693661,0.8949449508950079
2017-03-02,-0.7887187942358058,-1.139678045582382,1.0132368832701157,1.3301512263896187,0.7859948618694025
2017-03-03,0.06221198239625459,-0.40431535353296855,-1.5695524100919098,-1.3205750283148991,0.8632464128356203
2017-03-06,-0.17958466466573056,0.05538738159986486,0.11032316705247251,0.9588338236622792,1.2409001930611767
2017-03-07,-0.08163168843006105,0.2080996265014205,0.1820830293937695,-0.79039991550906,-0.04140046822657611
2017-03-08,-1.7078780996552672,-0.36291711878413674,0.8595497145489697,0.3790725287423324,0.01820648291898459
2017-03-09,-0.18873529293350247,-0.5627568673388461,0.27774181879757004,0.2856417566464552,-0.28727275429175675
2017-03-10,-0.5482359146753237,0.9487280086010856,-0.15593093362459912,-1.1303439849679873,0.5251648129996522
2017-03-13,0.04164494842730484,0.2385707425563666,0.849777746030542,0.13041411511027717,-0.1606275294079602
2017-03-14,-0.9148525865464358,0.030035429504140874,-0.04982859775823197,0.47372972771415894,-0.3001114568687589
2017-03-15,1.836152184683258,0.9567974139583718,-2.2011299778903597,-0.6039312258771576,-0.4771182482227958
2017-03-16,-0.36934479477549187,1.3137349963113902,0.6585951290376447,0.44840697577548694,1.4840566727573659
2017-03-17,-0.11257538657180266,0.5790957372678387,-1.3977234140990458,-0.6925269980430508,0.1582633597124036
2017-03-20,-0.031824907493399626,0.5336742346739946,-0.6732891509600563,-0.5177783343265336,0.4219315481518314
2017-03-21,-0.34993755167420876,0.5636590583680999,-0.5500672539118355,0.3066666934620218,0.2452925362928114
2017-03-22,-0.14254719965824594,-0.01592891205107515,-1.2002370503483994,0.5804261735046932,-0.0747020313504893
2017-03-23,-0.4904443064383159,-0.12127529885504254,0.3163270510874865,1.8000765054366301,-0.07422315125434512
2017-03-24,-0.3026463422152686,0.691065084695302,0.30702811692834653,-0.8995056031861982,0.7439366990577144
2017-03-27,-0.1600351117469388,-0.3282190036693323,-0.9239225387708484,0.6730370356787404,0.9000416068822092
2017-03-28,0.3444231931827489,-0.892742858496532,1.230989330719837,-0.4042108742114588,0.6395324733343092
2017-03-29,0.8004895074906674,-0.5093956114518113,-0.27553017682924236,-0.760870940056018,-0.1584164001832288
2017-03-30,-0.21598995761126577,-0.5174762572058128,0.20196202750055092,0.47436284920871313,-0.4800026427164932
2017-03-31,-0.16779277349901642,0.012844241970752946,-0.37518975353150497,-0.9616357452619255,-1.2101775895380738
2017-04-05,0.0698298980248727,0.3236062115736763,-0.23584520438503104,0.5617219765557437,-0.4058952669620415
2017-04-06,0.41512047364643595,-0.526350940130198,0.07386914425336379,0.448948394933327,0.6073748201947177
2017-04-07,-0.27747039653448546,-0.5607877119739771,1.129241796703401,-0.09954438128465448,-0.07149974113946099
2017-04-10,0.4657166435619764,-0.6132903022328983,-0.36543925878714845,-0.7613236380492511,0.6755942705744447
2017-04-11,0.18062342206903337,0.810587054694154,-1.2126247142464872,0.7765563912632067,-0.0011263611516355606
2017-04-12,0.1004606823797854,-0.04946658313916592,-0.6528876457912306,-0.053018580844704004,-0.20228133452222125
2017-04-13,-0.6575094092317539,2.393203322744805,-0.29883166342146306,0.7125141318385426,0.8021256089937083
2017-04-18,-1.2503954090865887,0.4770816059482025,-1.470878130501999,0.12840652919167692,0.6515450652221155
2017-04-19,-1.142652628646524,-0.3698706044833521,1.4663895044932977,1.2880715624107864,0.13405206568090955
2017-04-20,0.40457563520795664,0.30983428454157463,-0.027312783255406658,-0.5582960940610245,0.4972638360852723
2017-04-21,-0.46747481534634716,0.1449065603514383,3.2183079005930364,1.0007423767561694,5.795590169091781
2017-04-24,0.24931946546248204,0.5706867918168249,0.8178317067460737,-0.005906331973470863,-0.05792954656151238
2017-04-25,-0.07279554200745487,-0.14959107058385748,0.5766735873090741,0.9156720342040128,0.24436497147943456
2017-04-26,-0.6557510791809406,-0.8771002042277115,0.43961055113511116,0.7325177058205791,-0.380422636601383
2017-04-27,-0.5232882150819741,0.4093157755258853,-0.28433755193263216,0.09421601390676992,-0.14015218054490639
2017-04-28,-0.08551987576847243,-0.011843672530434043,-0.34506501812953755,-0.5337058769401923,0.18199521190504092
2017-05-02,-0.5694538108538564,0.7025073690086636,-0.32374163005096185,-0.6503368347077888,0.2844240338319156
2017-05-03,0.07146954820091597,-1.1809027134184626,0.43004721555467335,0.004818966344072733,0.06287152351249108
2017-05-04,-1.455560703059136,-0.2609715655459612,0.3629073732287311,-0.15275958758342678,0.3349891638322781
2017-05-05,1.2868343422791702,-0.012265612605890097,-0.7633939967764382,0.12668686354458858,-0.4377609167794157
2017-05-08,0.40598496390416394,-0.8971883607001195,0.5017152287611725,0.15703298078236866,0.596741337877408
2017-05-09,-0.587764033950473,-0.6199776904845602,1.0163794292015165,-0.4589749439672106,0.6080672708400906
2017-05-10,1.0997101380020604,-0.21429771038696813,0.15042414217746197,-1.038836487867551,0.1053657587889054
2017-05-11,0.002369709030313628,0.6306486586466409,-0.6616658378697488,-0.254451635246145,0.5061928544184247
2017-05-12,-0.7525173067877486,0.5898064971630903,-0.46946908918723984,-0.4382878269713613,0.544630667516758
2017-05-15,0.38081834279467563,0.4017714919576498,0.34972989868348836,-0.061046417238257954,0.5270703259279312
2017-05-16,0.07010486879407424,1.2465562357088207,-0.33517776307964164,-0.33270869751203264,-0.47251141565755583
2017-05-17,-0.13884449754345893,0.12579776182085328,-1.9435689981573856,0.8267959922754485,-0.21377280330820883
2017-05-18,-0.9639777634004357,-1.2456197450134736,0.6394741283795696,6.758645774945531,-2.0876140319019796
2017-05-19,1.6948553797304915,0.5641818520235279,-0.3421484288135887,-3.3021156036486565,1.3268119093605546
2017-05-22,-0.10888360069343665,0.20354882011734593,0.4781176893904047,-0.02870525713604466,0.7536386352724598
2017-05-23,0.059986815414394976,-0.3067318005510134,1.0672992296593404,0.2109543442013952,0.0034942128818805395
2017-05-24,0.08364922797746097,-0.09615576300546153,-0.4040345368369162,0.14158380255580907,-0.17773163436720527
2017-05-25,-1.3826889521142562,1.1145627679435932,1.6135030196159068,0.029772436950968494,0.3831058467832423
2017-05-26,0.5390609118611221,-0.09115178011301207,0.0026186262884802685,0.0829563636543564,-0.08256238355190876
2017-05-31,-0.4992742524532152,1.0467871795705244,1.2098950883448483,-0.37293958654231013,-1.0344780434751226
2017-06-01,-0.10276728180556059,-0.3181357660819665,0.2005917554335035,1.2616383108224192,-0.8710482014365009
2017-06-02,-0.5103006245538912,1.53139319952488,-1.3037276986163548,-0.17794597578556168,-0.03454078036853193
2017-06-05,0.01783452260134975,0.4479120164432702,-0.6387638533625332,1.5960820118996137,-0.2915903479801902
2017-06-06,0.6025701776865419,-0.17372298281973977,-0.5166488447989289,-0.6033555489594313,0.7054498487861457
2017-06-07,-0.9614475630142264,0.9066905711979496,0.39443935313121914,-0.5264913795212582,0.5132565874649931
2017-06-08,0.0387520809026208,-0.06212586835187756,0.2792112105580932,-0.3905707039289712,0.6373201956257205
2017-06-09,0.9233163744269516,-1.1079316692503,0.9086144946739495,1.303256756752618,0.033843887423102896
2017-06-12,0.4441445473169464,-0.7375121189794872,0.4647676821996579,0.44394331829104555,0.06306903414132684
2017-06-13,0.49609955202890804,0.009382376278679758,-0.11034718320439665,0.14659356507518168,-0.4548976010394456
2017-06-14,-1.7069470778036582,1.5823369118827677,-0.4178331826089816,-0.7874101350644923,0.16978171006757015
2017-06-15,-0.024519496633639323,-1.4334567101775932,0.255825370895049,-1.1823238887741099,1.5602596119633625
2017-06-16,0.5468879738755852,-0.10555592410790834,-0.34752616566158934,0.6470922962592086,0.39736267528773117
2017-06-19,-0.7446621135997227,0.21066726367008054,1.0022465960923226,-0.319069667434836,0.383939118284956
2017-06-20,-0.7610305186227578,0.02561906695029136,0.2322948781779327,1.3375313431200562,0.23753281071378596
2017-06-21,-0.6323867810799118,0.1866396321627231,-0.402461232226551,0.023930601280744566,0.34898728620023234
2017-06-22,0.40001388673960087,-0.15881100652875738,-0.4434962404040079,0.46065718335166633,-0.3158454152455642
2017-06-23,0.3357745173710245,0.48534759668627914,-0.20067455791861027,0.20262756232475235,0.3449155095014833
2017-06-26,0.1274464925054793,0.09847496928256778,0.11442556973109418,-0.8470431177432568,1.2550306879457234
2017-06-27,0.7107951177417267,-0.021231171784011474,0.4811924810328622,0.17172041301576518,1.044638799108792
2017-06-28,0.6431393791518131,0.13274803460617543,-0.6069989378430003,-1.1308709742481429,-0.30757720970447605
2017-06-29,0.424816177578082,0.02611416214404714,0.6919512536352591,0.07528314991000314,0.5653633080558905
2017-06-30,0.9896863517483746,-0.2784803583358164,0.39674501228596487,-0.4364172588538518,0.0023111593559283668
2017-07-03,0.8831074279376884,-0.735756094916659,0.6750175972260207,-0.4133994033782664,-0.2146211498070458
2017-07-05,-1.0845822231871118,0.4577324888565557,0.3439125507155474,-0.982995626801897,0.5248674380756168
2017-07-06,-0.29763882990560797,0.14726293479920424,-0.11314725525846012,0.1669999502421771,0.46985038639895554
2017-07-07,0.0036453808122230186,-0.3963087273776668,-0.2911796401981298,-0.9207852905406456,0.1604942906836823
2017-07-10,0.07473815736642202,0.01949697170600762,-0.30108770043624056,-0.28848673632997934,0.6610015929440317
2017-07-11,-0.22146764838071142,0.49996347698514293,0.4314075240205313,-0.15421770713590066,0.37679172932958604
2017-07-12,0.5667793712610895,0.901479376395226,-0.3788460523986521,-0.6717564942818447,-0.18647866412106437
2017-07-13,0.5340819947811728,0.6364632514675076,0.3626598865983574,0.06495582316080577,0.3912266656422365
2017-07-14,0.2914902302206315,1.3074383140814783,-0.14444868124568025,-0.5808208645799643,-0.035215494333142125
2017-07-17,-0.24313501146841346,-0.05730735398695021,0.12319580820250858,0.4661128524300011,0.05578357261101502
2017-07-18,0.6376565710126856,1.278602477885643,-0.6276397878230815,-0.6053265093374619,1.31662605194612
2017-07-19,1.1190276416877103,-0.11608372039301425,0.20150672958938196,-0.322299190012272,-0.21304862793440627
2017-07-20,-0.14388004925965156,-0.014190995090257891,0.3989426718798365,-1.1776551014338916,1.4841306501844276
2017-07-21,-0.7899356076580981,0.6473368710475939,-0.480867750977808,0.8914086318416028,0.1458046978063052
2017-07-24,0.12546409004861775,0.15144909501213344,-0.07726633419269961,-0.2195034182002293,-1.2408727787807903
2017-07-25,0.9162735376876223,-0.42921919063626446,0.6295611745401611,0.18790987242998605,-0.4804244881784348
2017-07-26,0.5974872345063666,0.3527664823391966,-0.7359077080437909,-1.0625562210861819,0.06955713053929416
2017-07-27,-0.05532242417875889,0.3465390596719883,0.3014379334912053,0.6177944815405619,-0.0173221111603875
2017-07-28,0.4828595053768893,-0.17522006966617934,-0.6324187813278584,-0.5993980540835996,0.19057077795048497
2017-07-31,-0.09510181970241106,0.3774045110508616,0.22145190163131376,-0.423852255124267,1.154455271644158
2017-08-01,-0.5572975952576064,-0.0005273160818343282,0.8278776102689656,0.05702772509061873,0.5322332761696787
2017-08-02,-0.13310278772268033,0.18323261157692494,0.41976727126897917,-0.3455637640508638,1.050315957527839
2017-08-03,-0.5709768309624451,-0.11980320446212699,-0.5555307767380085,-0.06512646967027245,0.521036101427452
2017-08-04,0.34683815485039277,-0.7848270415488203,0.3949975897189452,0.01625905575742466,-0.1910649964800732
2017-08-07,-0.18763175605564622,0.9314749526881548,0.24301788707242308,0.27172379374295774,0.0273689665203276
2017-08-08,0.21816012266664705,-0.003655732367839421,0.3645254454381652,-0.0133147319051111,-0.1835584575944511
2017-08-09,0.0033667025798803634,0.11199207651373788,-0.4767335997604842,0.7260364254935278,-0.3045056911911929
2017-08-10,-0.46485950050048513,0.5329808747166178,-0.2837739120792248,0.9395792470082752,-0.4796837068999114
2017-08-11,-0.6956432524654352,-0.29736016142092764,-0.8459888624259387,0.4192711774617546,0.6541202816426297
2017-08-14,-0.8693748822037695,-0.0650782113703332,1.3633396854646347,0.1781161844159785,0.9412646342422224
2017-08-15,-0.11568508289676385,-0.480358241720635,1.1360549513141776,-0.7000660990692531,0.7771204926334115
2017-08-16,0.2494404414385485,1.3206933273076473,-0.5620399955576785,-0.33106744018743006,1.0089648157530486
2017-08-17,-0.14826543560917263,0.5774680062890873,-0.07464726990552872,1.0670815918733703,0.46140638900552544
2017-08-18,0.6301730906300805,-0.4047165711536004,-0.4255273448264265,-1.484696769940401,0.5693006330045797
2017-08-21,-0.21849399032886963,0.8685061671765985,0.09814164972383943,0.39243798836439797,0.5091136987771515
2017-08-22,0.10108062857284067,-0.5063645408995437,1.1103726575715391,-0.21829688651272336,0.44899159698830615
2017-08-23,0.58699772867896,0.2825083834702474,-0.9674651869981375,-0.3289195098592917,0.05232931802858815
2017-08-24,0.1047423591455575,-0.06646406714637984,0.9394019005149771,0.033795400156224224,0.3131743652610103
2017-08-25,0.206678041587403,0.4141240635214426,0.7151478811612776,0.22387753551758874,-0.0003447170549662433
2017-08-29,-0.07705362485679816,0.1872530504038929,0.5529307772511568,0.016167634160287523,0.11115880996174074
2017-08-30,-0.5592506757207804,-0.6062189753993689,0.4312671870644649,-0.1548981242552502,0.32906739864692824
2017-08-31,1.0726412838388584,0.31765807888512737,-0.30615597932463057,-0.14468595103769627,0.07731390067116752
2017-09-01,0.808218259523374,0.48680582363662445,1.3999049292874897,-0.42413892209293164,-0.3278881676633638
2017-09-05,0.7144956449318829,1.0552999205319966,-1.7745647725794247,-0.34109864262530504,0.48931561182081923
2017-09-06,1.1688486069183435,-0.6500554310100304,0.6717979939546049,-0.40243083251596434,0.3328277215796564
2017-09-07,0.48423235257654296,1.2070309236090573,-0.4946269318477902,0.414066438143059,-0.023736290020477863
2017-09-08,-0.3834099821966983,0.2515686999585676,-0.6681619043863241,-0.912913796898847,0.4292742927763701
2017-09-11,0.24092828111802964,-1.1077297963565726,0.7330075921774737,0.25507637844110514,0.6347594612602864
2017-09-12,-0.09263785158912217,-0.10393610679008197,1.0326687037355462,0.5996089002954459,0.2617929624013034
2017-09-13,0.5263208586893524,-1.6354392520471615,0.2504658930494927,0.19388911083203514,-0.15474493597268338
2017-09-14,0.5361926402446945,0.5007167309248748,-0.7170976285500102,-0.17632347592853545,1.1677985321392053
2017-09-15,-0.7019927941142129,0.3319370340558548,-0.3720283643928803,-0.32285795542367346,0.8202718274668254
2017-09-18,0.1556460843255683,-0.5009875249871256,0.30283693191726957,0.4759986112024309,0.9360447405340576
2017-09-19,0.15753843941668721,0.3146682209374851,0.006911228516973735,0.28214798543296654,0.7190673693511087
2017-09-20,0.15179694395891521,0.028031328167884544,1.6640952914825269,-0.05254392862608387,1.147206706754748
2017-09-21,0.14707719676186076,-1.0936179127788757,0.6046391947333892,-0.06871173347332912,0.5904889224999539
2017-09-22,0.118532833414509,0.3082972955448357,-0.890454753516222,-0.4713508299782422,0.3066344053138235
2017-09-25,0.725915752966323,-1.2461285324155156,-1.3626950039941588,1.3469203172596664,-0.4005438013365467
2017-09-26,-0.2783593973916202,-1.4949117574853237,0.4956676518205725,-0.12999151245265714,0.40724919402184373
2017-09-27,-0.311701551153066,-0.7583578715707796,0.9320179232471194,0.249405875546784,0.06895289128596316
2017-09-28,-0.24293349486910423,0.06461913406783176,-0.5415502972649606,-0.39014577725123023,-0.457056566810336
2017-09-29,-0.44090720141213724,0.016092073629904568,0.31633979585332694,-0.5192243632236822,1.141164203602232
2017-10-09,0.3142814498130341,0.3201489713242183,0.7342776681184198,0.9035077651446403,-0.4217098634011891
2017-10-10,0.3838078423080803,1.4205092209599777,0.7884545483167642,0.0453459601651397,0.19375279595469153
2017-10-11,0.26522606833489987,0.181782682632562,0.04775737373604873,-0.029306667698367,0.8182357265666257
2017-10-12,-0.1968295594615536,0.8895524548629969,0.278511397227255,0.07233871686296454,0.07092118753364636
2017-10-13,-0.13011277969772314,1.1352463140970523,0.2892875151245278,-0.5184296744643244,0.6314227812372925
2017-10-16,-0.08867231720864019,-0.3181266615314892,1.1878737814799125,0.625817161592886,0.728740410826084
2017-10-17,-0.6655409794745054,-0.8613724958539204,-0.15498502841110087,-0.9495305322127701,0.3790861839141679
2017-10-18,0.028018432782821765,-0.5071098030564624,0.18536219181785865,-0.5453757794972894,0.4530758817508314
2017-10-19,-0.34455803931985746,0.5368350844666058,-0.3921373473438447,0.24978238107188258,-0.48990335046382555
2017-10-20,-0.18688802998956633,-1.184944597107765,0.867245329882398,0.33382163067504467,0.5702075893748542
2017-10-23,-0.27603181486007505,-0.4701199931623004,-0.3301195792392395,0.9895437921606878,-0.24284697099128308
2017-11-01,0.5108640872180236,0.1817880293220613,0.5413754914400074,0.28086758377655613,-0.7967770020914738
2017-11-02,0.07582522859056119,0.5143619284227811,0.3047623843238768,-0.265160491338878,0.05554485844512865
2017-11-03,-0.03394146665581147,-1.6775093473334415,-0.2731492526110562,1.0653463328654735,0.029473293724984674
2017-11-06,1.3332867737541862,0.4228088891732322,-0.8290988228606103,-1.201130818034812,-0.4178218993813571
2017-11-07,-0.4275913640021312,-0.21932143643786883,0.39156046192920096,0.22571621437816847,-0.05440718386474209
2017-11-08,0.011020843219122287,0.8156275825437226,-0.007529744691545795,-0.6158258886133685,0.2598694915370396
2017-11-09,0.011582373925888756,-0.49079005322219804,-0.6331396676900217,-0.48694109990214307,1.155547794942126
2017-11-10,-0.4305218441873691,-0.7413378586897803,0.8699994075609427,0.107426305829959,-0.5512596383916936
2017-11-13,-0.5424369189861747,-0.3590120744421215,0.5694005186982461,-0.44372980521309735,-0.02017269236569519
2017-11-14,-0.8858886660640607,0.7539795461701443,-0.6509103631795072,0.8640535406202375,0.21808261029712397
2017-11-15,-0.49198437384797755,-0.10156679271782451,-1.4436264012801403,-0.05700415546470198,0.48104745720696995
2017-11-16,-0.326121933103629,0.47061480183529236,1.1613967375158245,-0.8588446473445912,-0.10471606288466143
2017-11-17,-0.21528359414817902,0.3512754184804172,-0.563398177932373,-0.5925066065336224,1.410706684531446
2017-11-20,-0.3100545533111186,-0.5638026341759492,0.47054053012603103,-0.04251104024591232,0.6064601239723668
2017-11-21,-0.06744459569504392,0.6183245012738523,1.1740146700870686,-0.007065288965514887,-0.4666559364512382
2017-11-22,0.7057619932004289,0.9129691793612419,-0.6611494790678556,-0.2479637009161508,0.7914603678363532
2017-12-01,1.2410281385655324,-0.42253831056778357,-0.3819867318514824,-0.6697530185148085,0.2916412764126361
2017-12-04,-0.2981168500299267,-0.257447086405609,0.9385920074125108,-0.05251547257163631,0.6377875660582062
2017-12-05,0.21322312820961586,-0.014811529220139725,-0.3356830860921701,0.06587676328411138,-0.06096047464537859
2017-12-06,-0.7508591904909957,-0.2697200030689228,-0.342703343223261,-0.5189790266423047,-0.06603297999645069
2017-12-07,-0.09425089044129803,-0.4654066156397735,-0.33273712556080276,1.4913463151905992,0.2421922701755253
2017-12-08,0.4126899431490568,-0.08570034344484995,1.0631809527154514,0.012364428858063487,-0.11341614224045564
2017-12-11,-0.007628940828148506,0.4513117683552013,0.6438690723181635,0.5482536594260407,0.9581354032924233
2017-12-12,0.06350443875411504,0.02655571145920413,-0.015276848730109696,0.42778631100035064,-0.8593407451081787
2017-12-13,-0.38414912020842246,1.598419545858713,0.04126156408412652,0.05123023256311357,0.7938321169556583
2017-12-14,0.18622588973096652,0.8604912510802684,0.1625540334742856,0.4017845007158007,-0.07086623150378629
2017-12-15,-1.2850099142647105,0.5134533259518592,0.4143085979565056,0.037349525708275,-0.012520140769353335
2017-12-18,0.5938269306532604,1.8164176286469316,0.2984734149768099,0.3635712585044183,0.3248619863781199
2017-12-19,0.20190856827650475,0.044923324255125706,0.893132813094197,-0.6395924553992808,0.3426649108701763
2017-12-20,0.6602305116695557,-0.15845763164458482,0.9381636909647838,-0.0436806487578454,0.018406505071617004
2017-12-21,1.3675003759282103,-0.3850561177704102,0.13178998087501204,-0.029083878144221545,-0.8640128163279939
2017-12-22,0.13645241483694548,0.4401688398882152,0.14674913334671505,1.3962992465457,-1.093102575191
2018-01-02,0.6122517558553667,1.0312788152655292,-0.6923348661725001,-1.550841756850014,-1.8208831709898534
2018-01-03,0.5433353279024624,0.06604976496692622,0.5088679706640833,-0.3089753354054475,0.08418162965009938
2018-01-04,0.7048903528452942,0.7920810190797756,0.6402778037514519,-0.058199386452295714,-0.0645711950782074
2018-01-05,0.3774351418059147,0.16190695975240496,0.35251197326641603,-0.13330025070872625,-0.4600085531311662
2018-01-08,0.09589846290354255,-0.7548003485767809,0.04889799423215001,0.5735209058688461,0.5097701727550321
2018-01-09,-0.36843498361159205,-0.610699046855561,0.07371356785428372,-0.16714928974862397,-0.2905941280554664
2018-01-10,-0.6509592214989226,0.5922727771252575,-0.3321416301880697,-1.0572110429755008,-0.3000004608138304
2018-01-11,0.8294574257389138,0.5017974377239819,0.24803964518034485,-0.26639521368087876,-0.11493335701954407
2018-01-12,0.46888191910671384,0.6772696317934989,-0.26149113810129293,-0.2548042243866248,-0.257062477337079
2018-01-16,-0.14548480941447725,1.4653107866067678,0.2941223163199162,0.4600390854434643,0.08086797981562709
2018-01-17,0.2802415242353181,0.061435582417880524,0.2640551021340443,0.2937280832522505,-0.9393691943855603
2018-01-18,0.11326182619227534,0.27059644897210083,0.2999329077447124,-0.6017128787197619,-0.5581402079614974
2018-01-19,-0.13413653436943415,0.11022999687816018,0.413199196728041,-0.3516797757875653,-0.04011095489212838
2018-01-22,0.7282142500014746,-0.023447924530061264,0.2833109678265445,0.9336611806927545,0.32697099966972926
2018-01-23,0.07038947106905806,0.3336528272757726,-0.04982516314962168,1.3173240056289646,0.3241416231796253
2018-01-24,0.25779057707718644,2.174702834583894,-0.46600354932414817,-3.0641621102829006,0.266412665479562
2018-01-25,0.04412393267144991,0.36552499773003483,-0.22764344382910343,0.05561227358004279,0.9268671627345167
2018-01-26,0.08626428554657078,0.39559127267823124,0.40183805606565054,0.3495327392206948,-0.3496330779260288
2018-01-29,-0.8573910523756085,-0.22770304852384105,0.0021225507310505707,-0.006886183131885508,-0.2915573854986628
2018-01-30,-0.8992800382858376,0.13581608216637037,-0.3176934053622492,-0.08899940591992689,-0.5865741982290885
2018-01-31,-0.27334390683922044,0.30284966245084366,0.9616941347815159,0.7442503677086689,-0.10217946326433308
2018-02-01,0.5245910866923769,-0.7303588344261692,-0.0837765415570431,-0.9722910565676812,0.24660828377913194
2018-02-02,-1.7091435593981816,-1.3351785735907393,1.0598984749704998,0.12144424867718574,-0.19684833482355305
2018-02-05,-1.26885015854466,0.04822906431958834,0.173073700997914,2.2699566190048546,-3.047231419173864
2018-02-06,-0.15192008214855895,-0.8929504951569851,-0.8907525563825806,-1.7514072635712854,0.930688201825476
2018-02-07,-0.8327198750213218,-0.3334595190873883,-0.0021789093363374515,0.7273363859261414,0.759970122841985
2018-02-08,-0.875790345859591,-0.9137382609313636,-1.462813268494305,-0.722380102078639,0.4829307737230847
2018-02-09,-1.3563994913948554,-0.17861590569518773,-0.8239313044785838,0.377809591016711,-0.19483874238817767
2018-02-22,0.5152202879899958,0.09597940245607374,-0.9791520514701543,-0.6179655632160529,0.5910768199341442
2018-02-23,0.8733911422677925,0.0010444934382702012,-0.058360178078841446,-0.35014501186562746,0.07137893769350204
2018-02-26,0.2574349648301856,0.7244847078591354,1.1078889355491408,0.3187601961525278,0.050556914885104505
2018-02-27,-0.6331922237167983,-0.9645905945216676,0.36029135394506817,0.1253778916899666,-0.34189971119351936
2018-02-28,-1.0805562324462015,-0.4511226912897462,-0.24705071766173503,-0.44120571101914696,-0.143722754750514
2018-03-01,0.10002484263708372,-0.8540829472105496,-0.9217084407041078,-0.3950313220043622,-0.3709970295578645
2018-03-02,0.3196143901827799,-0.31736075811992703,-1.1407285735275374,-0.493157089690279,0.481566163907809
2018-03-05,-0.06176955551949368,0.04478072390397212,0.2773462784046409,0.3067060725798456,0.0330335943345626
2018-03-06,0.5733355887384388,1.129773475967921,0.422477334265839,-0.8551392835144402,0.10456749251830096
2018-03-07,-0.40713782391736275,-0.23761054581183805,-0.8652382458459491,0.676175200660837,0.05307381741147896
2018-03-08,-0.492516401705555,-0.7857827975400684,0.7298082287523799,0.42590456065452004,-0.02772633484659645
2018-03-09,0.7554183651142414,0.5142149353377657,1.1039176448484578,0.21641540981173815,-0.7263397578349159
2018-03-12,-0.03856189930410086,0.7901110519769643,-0.14705688146855744,0.31515504051877263,-0.33646119709713357
2018-03-13,-0.44348907451033664,0.4922872710753072,0.0032294005932414142,0.2882908329006495,0.867857279240885
2018-03-14,0.137546250184871,0.3285878456291158,-0.27040613309960654,-0.3777548162944233,-0.7996102005023522
2018-03-15,-0.5602796794670296,-1.0141994683184472,0.45822709683359997,0.34498232329055195,-0.7246543526569531
2018-03-16,-0.25738839061233904,-1.0420386600927558,-0.11797576380701788,-0.036206016448408415,1.1084530625879947
2018-03-19,-0.2367390389128596,0.4737115565907379,0.06759212548536607,-0.1987722123965029,-0.21629944116117447
2018-03-20,0.351369737020247,-0.7100856718371973,0.32425537144025623,0.7741104660220285,-0.4594867937200371
2018-03-21,1.5525625195022403,0.27322069629552936,-0.4553956365569339,-0.8151575319427405,0.057066849651571445
2018-03-22,-0.4284314291366456,-0.5807620522719376,-0.8643031149584591,1.2302330447442265,-0.19457877857475672
2018-03-23,0.013756380743228326,-0.1243020776304638,-0.9182029575414178,0.1986068427406293,0.5777059329620134
2018-03-26,0.28207538386454867,0.7449791707331297,0.9931590940282968,0.5273829773231055,0.15100516889483004
2018-03-27,-0.17126461437207663,-0.09459013481574229,0.10861459747897055,-0.36847775953611533,-0.09321081178054498
2018-03-28,-1.5561467165861849,-0.5516007726409898,0.3338317107870614,-0.8770954135923401,0.028174745948378883
2018-03-29,0.6786855767473913,-0.3138944005071004,-0.4812470962870432,-0.45389730496586406,0.7075460294809203
2018-04-03,0.9948137794913307,-1.1180028132959146,0.5263478883876626,0.6955380917401882,-0.5837051356824676
2018-04-04,-0.13307627721794799,-0.37607771455142097,-0.7010695108511984,-0.39385469209420293,-0.18093327279073232
2018-04-09,0.43579279616127725,0.06617832811620852,0.34252393141184906,1.7073538243157769,-1.0420650611768654
2018-04-10,1.240002849304997,0.6488598956442478,1.651656908970692,0.22573342338888458,0.6226642280829501
2018-04-11,0.8528051400331834,0.29296189334549866,-0.34129727370848667,-0.476205794444694,0.0883364467675513
2018-04-12,-0.17461760665377882,-0.4389424066229521,0.7508060536742208,0.7793732214452223,0.3618243838217113
2018-04-13,0.4249147132657408,-0.1217393582056579,0.2590528310528191,0.016437620246426168,0.28350592667455965
2018-04-16,-0.13186067918038213,0.0064850418202505224,-0.5557867399582468,0.631472843126659,1.041990737832138
2018-04-17,-0.02302594975799616,-0.3418484520072283,-0.4434046861789463,0.17147052220489775,0.5653077781643102
2018-04-18,0.39585053647993895,1.0588313460917511,0.8831220834590853,-0.1907729478771264,0.581081371841772
2018-04-19,-0.21425659142149076,-0.47847162376439145,1.6886086366639288,-0.2966896337021384,0.9698837737123394
2018-04-20,-0.5851664112908296,-1.0740993351181107,2.5823942762418834,0.47435490348940984,2.7852720864302274
2018-04-23,-0.11657504248684696,-1.8616623588531807,0.8466041389855055,0.6203955702856894,0.20543007295068144
2018-04-24,-0.2383176901340686,0.370829553413409,1.0495855995555012,0.20102660695803104,0.8146956272237511
2018-04-25,0.04817033607050725,-1.7659781295538526,-0.25828561864369376,-0.27439192205282326,0.42840179144001417
2018-04-26,0.31322744545761255,-0.15772413484457895,-0.4481873177893197,0.2325458787750334,0.3406908927989516
2018-04-27,-0.2866647205125969,0.3238442991908224,-0.19028986114071583,-0.8144116788724891,0.026044401699901198
2018-05-02,0.46226270954835474,-0.5286670404754511,-0.40264425266422876,1.017109551200694,0.26289328500711356
2018-05-03,0.1910736463692877,0.1821235776389077,0.12395832706982274,-0.561743407745066,-0.7656738406722546
2018-05-04,0.24148002874853033,-0.15635549894559003,-0.2840851302227015,0.1582142063943769,0.12879021004174437
2018-05-08,-0.23515946487492678,-1.085015129754504,0.9085675084163142,0.44157115665260055,0.653693647486976
2018-05-09,1.479124981584333,-0.3644408425066062,0.49628184472927384,1.0754145550994472,0.5924580932923871
2018-05-10,0.5809827589114278,1.387048516098961,-0.034199261597371605,-0.014538023509862068,0.831590266666395
2018-05-11,0.033129640867359894,0.5536889964653351,0.38344641561337756,1.566141781672826,1.5932074261022662
2018-05-14,0.03915252284236838,-0.48261705091560814,0.7815635022399855,0.4124562834664974,0.3881631760150542
2018-05-15,-0.0443870740304557,-1.9402444434508914,0.488356803713791,-0.4607011489304475,-0.350019320868313
2018-05-16,0.38812527616702974,0.2394205443278717,0.2531312705021157,0.6479527039699304,-0.2934342416306623
2018-05-17,0.502710647116613,-0.6959047283001694,0.03588908268838846,0.2722936089082034,-0.29437797108141517
2018-05-18,-0.39200685721833045,-0.14233207672646225,-0.01946248116432749,0.5227897762308035,-0.564385599534395
2018-05-21,0.9077838798184313,0.0663695812028239,0.09641274915679868,-1.554157576160675,-0.8393179322936816
2018-05-22,-0.38639061184544365,1.3982650413465212,0.11750247029797525,-0.6950112989792858,0.790965109040198
2018-05-23,-0.4201935024909247,-0.5461845555927428,-2.1793456721831768,-0.12099048205030254,-0.07430191834564037
2018-05-24,-0.83847954448683,0.7139692208786443,-0.277160617002965,0.5891847377958415,0.5293121726793109
2018-05-25,-1.9161145881279444,0.40778532616451635,-0.14588158987172944,0.03385053132214161,-0.21032075877698564
2018-05-29,-0.4323484188693033,-0.7419083706006157,-2.416617152511476,-0.5013385223243512,0.8281400724431676
2018-05-30,1.2887971206808935,-0.6104613440184391,0.6043087399969058,0.023427215030638292,-1.1579268488516294
2018-05-31,-0.004607649018593063,0.05721844889827527,0.3565178885543277,-0.43965484591608867,0.6976166607890056
2018-06-01,0.07063658995552502,0.0520387564826255,0.8171614095548105,1.3651530881672171,0.5504391038507039
2018-06-04,-0.23040569642935854,1.355665846220068,1.5043181335245195,-0.19091025632226122,-0.13713474820529115
2018-06-05,-0.04872527786379088,-0.2276738989753487,0.6955276495539864,1.3428726886593771,0.690704761260402
2018-06-06,0.2450135066465803,0.884570190831416,1.0508008132808961,1.053081000412692,0.6917449824160982
2018-06-07,0.528736425534643,-1.2011520636349924,-0.4611023348856488,1.2040864952824903,0.7508182886632403
2018-06-08,-0.1280352711974016,-0.8547190603678246,-0.92042004607026,-5.163696926301841,0.45947951858641817
2018-06-11,0.09328603449884237,0.08811761007086347,1.0553982325653348,0.04277144762300773,0.02548798968999704
2018-06-12,-0.03018620964564527,-0.5813861398820926,0.35394976832043357,-0.3392406190988475,-0.35779104165341635
2018-06-13,0.30552919208335133,0.36798744332685956,0.5119960814367837,0.1831452789567923,0.027679619204673257
2018-06-14,-0.8982032285096917,-1.5039581062479483,0.02557574751629564,2.3665192895703395,-0.730773769888262
2018-06-15,-1.755687410823993,0.1466670430581456,-0.3947648737411929,-1.9047194710555895,1.1551313281371332
2018-06-19,-0.9388540638497553,-1.2534719069156035,-1.7353226723137487,-0.08911162857689944,0.16634203608552703
2018-06-20,0.259006853473641,0.19914734047364913,0.3034454103214594,0.6814256169897723,-1.188912553747689
2018-06-21,-0.7639704401688778,-0.010300931286086957,-1.1091570753953577,-0.29632460693840634,-0.9877513270587792
2018-06-22,1.1158877843363308,0.7679428372613584,-0.6436843157595245,0.6718999491253973,-0.13909636701844855
2018-06-25,-0.997826633491093,-1.1612098881328314,-0.999064564149488,-0.9299985835620568,0.4512766883478474
2018-06-26,0.46654145100864686,-0.8677595261773271,-1.030196911183647,0.8032313453047195,0.09883692919155736
2018-06-27,0.3579762374399215,-1.6627384853927258,-1.1528788020890217,1.1047067676791125,-0.032608491138039646
2018-06-28,-0.47823356826765234,-1.08240174075905,-1.1735647458942002,-0.2710008849426249,0.23582933391784303
2018-06-29,0.7124743912101006,1.209826211328885,-0.06308504410689236,0.6141108314397037,1.2483877667322567
2018-07-02,-1.2796351005679363,-1.4837632237003044,-0.7167733103969087,0.7574824710079842,0.6967150482027092
2018-07-03,0.8427087257245607,1.0529142654146153,-0.8367762146605022,0.0011792168690101868,-0.0160342084812808
2018-07-05,-0.1724858820038208,-0.3393495933960566,-0.9260435955881978,0.7047810763368481,0.5832815439242618
2018-07-06,0.39479004741075,0.5483510563485856,-0.3012374072461233,-1.4479128810470587,0.7343896881711884
2018-07-09,0.905983905575393,1.0240066765997624,2.0215188405251365,0.5248219718277212,0.43885438848650155
2018-07-10,0.20685815114861494,-0.3045657238056432,-0.43418241836692784,-1.416111536923026,0.5657030092306528
2018-07-11,-1.8586499079686285,-1.699397468257063,-0.7652720541679157,1.0693443103849074,1.2243698482380632
2018-07-12,0.2539078952461514,0.946644716520165,1.6669565697490007,0.557852542326161,-0.19394487602933158
2018-07-13,0.10891539170996724,0.0886056580694976,-0.7629510622397433,-0.207475680003388,1.0913297709216694
2018-07-16,-0.8086361077815091,0.20870431308712967,0.34782644058490736,0.16720703373595386,0.3455877433791609
2018-07-17,-0.548897521888772,-0.4573931539288393,-0.3937717924110168,-0.3682797223621369,0.7127232863062992
2018-07-18,-0.036415054024873404,-0.12594573345751353,-0.22754060474316926,0.10889127560235524,0.3020496456723452
2018-07-19,-0.6572785527941141,-1.2627899369586988,-1.2540944178197342,-0.8224019856774069,1.2808039193211913
2018-07-20,0.4038338918193307,1.2150799127250005,0.7562036172632546,-2.517894308011552,-0.33231149996157294
2018-07-23,-0.6482688278801342,-0.5935988166423888,0.3869343438146903,-0.19480777989576992,0.7472901665250321
2018-07-24,0.4153302372493022,0.9082094018778772,1.1913947088859242,-0.28783773064393886,1.3297126299059414
2018-07-25,0.7561769279002153,0.7152139489331512,0.4308839810436702,-1.4051213231328012,-0.05434107393041523
2018-07-26,0.10228429068013842,-1.4138440165598243,-0.8879408814144921,1.4427524691051603,0.6052738595852162
2018-07-27,-0.14112410851925103,0.854506030663155,0.030089695945367353,-0.6270643099584083,0.39426859111805557
2018-07-30,0.7213053499809089,-0.12346082745088367,0.37356159530913097,0.3877809245708686,0.20599822558320927
2018-07-31,-0.3249251216011829,0.11971199080961457,0.6032767630596513,0.7524037795088973,0.4665035736219449
2018-08-01,-0.7673182201755699,-0.44020120677914476,-0.3677021587920535,-0.2710281638635092,0.37366288780884976
2018-08-02,-0.645869912259951,-1.976597977957538,-1.527459542132425,-0.7657556997392658,0.8601831316140456
2018-08-03,-0.17353202909774604,1.195185711978744,-0.3499163209892886,-0.2526949863171364,0.36745782072962174
2018-08-06,-0.1655299516271051,-1.1464704000318502,-0.5400297656510319,0.6864735579392783,0.5215391039869147
2018-08-07,0.5339127901390129,1.4730772722662373,1.7720480754271788,0.4509720062371446,-0.7044410334804946
2018-08-08,-0.6268020793857402,-0.06161314719168555,-0.21412078031987242,0.38255484055699246,-0.13800390791431946
2018-08-09,-0.4272637494484631,-0.7595693092226986,0.6255089038981171,0.2282874335361342,0.10426442974417746
2018-08-10,0.17554798408848676,-2.5369325841721775,-0.8313121131680978,0.5316953230279651,-0.5905296037789987
2018-08-13,-0.11727005640074785,-1.816325957219169,0.5328612184661877,-0.44581736563447183,-0.2790387815753737
2018-08-14,-0.28777095136093467,-0.3059187041842669,-1.0685103093759163,-0.23784476967817555,0.37385734725231123
2018-08-15,-1.6826998259524608,-0.31473518224633573,-1.5261475918708367,0.0809435718216979,1.4593261420986317
2018-08-16,-0.04722154707822296,0.5068783380630909,1.4780140833614956,0.08394436481465362,-0.06744721748876496
2018-08-17,0.1625654565685865,0.33184327797675944,0.0705808821096082,0.1619987784009845,0.6208971394399055
2018-08-20,0.34070156448607397,0.5251825098666105,-0.04537316773689636,1.4836701147015554,0.5967009472333783
2018-08-21,0.4615065998624203,0.9904342271764538,0.6539544138298018,2.0107991948749104,0.7973363455772471
2018-08-22,0.5221431419533433,-0.35602214293988604,-0.40242997580069645,0.3298754981183208,-0.09286344174129449
2018-08-23,-0.47943983815946983,-1.600359128895147,-0.03223609860956044,1.206566229960405,0.1407366400308097
2018-08-24,0.8206665236716424,1.9434529164530565,1.1311119371399854,0.23790072406673773,-0.7694083187904913
2018-08-28,-0.1235768545666418,-0.35971928483612986,0.6451282623819825,0.9052232207362337,-0.28196814797321845
2018-08-29,0.05792552485212255,-0.9826303854496129,-0.7511333696328354,-0.4191390487777163,0.5251595515042036
2018-08-30,-0.5502556834048334,-1.7178138016356896,-1.7198163656087062,0.28421230654004,-0.5059008681917536
2018-08-31,-0.5718159952112468,-0.5844294781154404,-0.04896447495234688,-2.146757024063212,0.023654286431866126
2018-09-04,-0.4632001799712921,-1.4018494378013941,0.6358394101322494,-1.0257657036697454,-0.4855915535390044
2018-09-05,-0.1730917710962275,-0.33460113887092147,-0.20521922516987084,-0.7983866903468233,0.2955848234027827
2018-09-06,-0.8094541466648012,0.5272713105319072,-1.1526317848156036,-1.864198758356672,0.9781014675791357
2018-09-07,0.3714898790207899,-0.962318234021963,0.12336975117572256,-0.48185653004911316,0.4559316275596116
2018-09-10,-0.14550118475729712,-0.3462127133483273,-0.3282825122279536,0.6444960394057702,-0.5267305413680573
2018-09-11,0.7069899533222641,-0.8572533731872416,0.4997374336682876,1.3341661215377458,-0.7374760299803894
2018-09-12,0.8642041074580309,1.4601783229921126,-0.3081802062069593,0.5635593924256042,-0.5402986455184561
2018-09-13,-0.4510728448260705,0.9694502270537422,0.8516662727865544,1.2525176667271938,0.6946191368279306
2018-09-14,-0.005432337561775935,-0.8472622106769769,-0.21667020858031852,-1.1931849653456656,0.7386495431787089
2018-09-17,0.16956521434728397,0.11491342129777257,-0.46749155330459713,-0.8076811715557809,-0.20330264830177433
2018-09-18,0.48346341188692815,0.256360686789634,1.5534498815942768,0.36717824880579997,-1.037175618518039
2018-09-19,0.4510355786003557,0.9254459584482927,0.48907773271223454,-0.7018947165965898,0.4005297934673798
2018-09-20,-0.1763064645405056,2.0916231750820615,0.686536973337702,-0.14938743381075117,1.8847176026748673
2018-09-21,0.26092301670782075,0.4719444809301578,1.0453669860289971,-1.0657394288156499,0.5161364820943417
2018-09-25,0.25191467672058715,-0.06856082397120603,-0.0009408916376043112,-0.3215622608493527,0.5603840042965805
2018-09-26,-0.35942872711014207,0.903566876285031,-0.13309322709612545,-0.39177311147475796,0.3477075196680421
2018-09-27,-0.17097857916134826,-0.514378668960485,0.15550623107291495,-0.29849206546563456,0.936845839349959
2018-09-28,0.4761748187292385,-0.5556374073098302,0.8897024647721408,0.3668588596658155,-0.19338597092488874
2018-10-08,-0.39837835293055485,-0.652662746195272,-1.7502980058805442,-1.4004008253937013,0.8062082046541853
2018-10-09,0.55351548260762,0.34600284906893675,-0.3941096616258376,-1.2935454175643475,0.29411739903259143
2018-10-10,-0.7556916771866139,-0.20726807866131564,-0.29484360554448164,0.5680435239348619,-0.586087185716578
2018-10-11,-1.8591413024905517,0.631942916964002,-0.09475712664769073,0.3280390087282346,0.36874075850321314
2018-10-12,0.23537984696906186,-0.018277139112594428,-0.24724461758413704,-0.06651676922892183,1.2696680120667991
2018-10-15,-0.08430733095539887,0.2141713164762073,-0.44806184260108395,-1.0872918619869847,0.16119440452962772
2018-10-16,0.00933028750200799,0.9506971995329935,0.5239941625247094,0.28577530125837164,0.4917028436511336
2018-10-17,-0.5550763424716271,-0.305279828423346,0.5633576697632304,-1.740729378240407,-0.15147719588910608
2018-10-18,-0.7013205510901597,-1.1852571282856834,0.027209787836116803,0.5426184151613275,0.31783477041264274
2018-10-19,0.12357586923168375,0.05046797995895226,1.007796854774503,-0.820283390908647,0.10984804637819011
2018-10-22,0.06897742890958003,0.11128349694047825,1.2697478274036704,-1.2306648073903166,0.3892820843998661
2018-10-23,-1.5992487763168814,-0.2846125521504909,-1.119936111994596,-0.1815823503807288,-0.2770453949765123
2018-11-01,0.27973956405865813,2.5905664544255402,0.054030132542380434,0.36296140349895684,-0.05588725542117876
2018-11-02,0.23777112047663188,0.5221790836017567,2.0127628931007835,-0.46563468138198116,0.028361272166934768
2018-11-05,0.6282692215588778,0.7345183270130397,-0.4744107933964251,1.5118566019085313,0.8274010866865539
2018-11-06,-0.2960081592034248,-0.023550093338454915,0.17127816621412958,0.9645734189706312,-0.6045885238678043
2018-11-07,0.20548454071090713,1.139124364792918,0.03792069767457847,0.47665026170343516,0.3572201582202766
2018-11-08,-0.9524810468282496,-0.6068675638114586,0.8646145341673609,-0.15783042717563062,-1.115619038800117
2018-11-09,-0.7254694231520885,-1.1124626353744687,-1.6227807283129672,-1.094129013513897,0.11731622763075442
2018-11-12,-0.4369658568426938,-0.555935873886901,0.7794508827445241,0.08847381039019359,-0.678316596114055
2018-11-13,-1.58334760859982,1.1154195361195522,0.5914692430804922,0.7603212094244649,-2.1499354942736892
2018-11-14,0.3033288920804553,1.401575505976719,-1.8989703389555894,-0.5785199612980935,0.7122678542522738
2018-11-15,0.8033946702238065,0.5433940792695737,0.7565302885899335,0.1973574722212533,-0.6880976539408573
2018-11-16,0.5996872577603178,0.9050142426944757,-1.5119251773073523,-0.8891018860981422,1.5956331655840725
2018-11-19,0.12827243425848192,-0.04437114685234688,0.37411805238906043,0.1993609406788805,0.921968111443217
2018-11-20,-2.297253060908634,-0.5950958171475256,0.6225392058180388,-0.7447231671685218,-0.7025509824226024
2018-11-21,0.8750972073831838,0.6785050988877165,0.8832185259685965,1.1580508286581523,0.06664731516911655
2018-11-23,-2.616652464289799,0.3997524528705812,0.736793446222439,0.2638821140388289,0.4802917525822068
2018-12-03,1.7808173366718982,1.661933897029967,1.6514121121798402,0.19899199340402965,-1.5043899997220243
2018-12-04,-0.1519696892650325,0.7678982159160664,0.08296576533753335,-0.43571249218413344,0.07986724076561916
2018-12-05,-0.49625331661430516,-1.3419359721894863,-0.07042886625471334,0.5657044695626852,0.6753368088398028
2018-12-06,-1.8040392347371441,-1.3312456937993966,-2.044173198846179,-0.5997721023430643,0.046031573349160575
2018-12-07,1.4108530019518295,0.197785454267898,-1.4017654361996,0.5005915919524604,1.3130807334533126
2018-12-10,-2.084108084904506,-2.033910206602919,0.9038813920759435,-0.04763792663754996,1.105954174815442
2018-12-11,0.40530579929228194,0.09055884786070488,0.4792430707269037,-1.0703619464588856,0.4472600239035312
2018-12-12,0.185863630497202,1.5095591388638074,1.020788231554795,-0.5514792817515237,0.7501293470945679
2018-12-13,0.5376330675086162,-0.339379340413814,0.41566314911499574,0.7390473230177869,0.8448791983810625
2018-12-14,-1.079821194244549,-1.0554602671313345,-0.6280337693868595,-0.48375518529565503,1.0088749516594901
2018-12-17,-0.6822106634780017,0.7141860798152224,-0.5988355838609014,-0.38752725721278025,0.5117775085419383
2018-12-18,-1.9761893574703722,0.7961405741373611,-0.8342987020761299,0.16461515506057534,0.35514400290536946
2018-12-19,-0.14930368003314864,0.01842451992408111,-0.9468393616243086,-0.8687962270073394,1.4632351839229873
2018-12-20,-1.671141292715896,0.8289452108663761,-2.2380443534812238,-1.4214164105798746,-0.7551865215374813
2018-12-21,-0.30867323174258277,-1.2012357726929406,-0.536235474857509,0.1338418963315207,0.0728182986049885
2019-01-02,0.4753766788317237,-1.5269631096573015,-2.4255905292794506,-1.2012374053540524,-0.5006932460561251
2019-01-03,0.5458562851751707,0.5838155943296615,-1.6054750225096006,-0.8786799917656872,-0.7672336165313364
2019-01-04,2.1357530421308533,1.473667592516522,2.7477891537086125,-0.4814846271424622,-1.3951938696688022
2019-01-07,1.3105259178838402,0.5979827784247829,1.1034964796204396,0.7000445059370087,-0.7958926019008357
2019-01-08,0.5158382809192059,-0.701937580163702,0.4622491754544366,-0.41687989872970893,-0.6968054174355914
2019-01-09,1.1632643163211829,1.0463423001641734,-0.051549791384962525,0.04281510986776867,0.7503429069368336
2019-01-10,-0.1137948887238955,0.2007425371089747,0.8114347982636861,0.7819992675952558,-0.9452719893889687
2019-01-11,-0.2464881088731325,1.154362520562942,-0.011779873147298826,0.45653908645493435,-0.16584581881787525
2019-01-14,-0.3973247456199896,-0.10164394131313251,-0.6627704266128986,-0.5932810859643484,0.12414141770651808
2019-01-15,-0.14055370880467388,-0.14582421334616183,1.0180210787203563,1.1766708251107036,-1.2035136525872443
2019-01-16,-0.06253515628992085,0.2833988825750388,0.1941931585847761,1.0710686380897498,-0.4490953019734668
2019-01-17,0.11737866377806144,-0.09560261383045725,-0.27068225590210787,0.1876670065246611,0.738096486594094
2019-01-18,0.9512619663829693,-0.8596090914269297,0.5520490794974932,0.7175144522082834,1.6827263430186945
2019-01-22,-1.422620685874992,-0.05276588849926616,-0.9496251808797511,1.0676435711524686,0.06354287486958483
2019-01-23,-0.27553110744536813,0.6031397980320814,-0.5454433143929037,-1.1792497399950097,0.3196787916280985
2019-01-24,0.22820067367453173,-0.2666781123315148,-0.3807399717457445,0.5790987086676788,0.193907994974925
2019-01-25,1.0599881531556476,1.4824897996686872,0.5530579764676926,-0.23446741649228628,-0.07601194923218288
2019-01-28,-0.8606463681021171,-0.2342369442810147,0.08253547755947944,0.0010459559742604537,-0.6081402512854871
2019-01-29,0.30226755790508936,0.3141490746141663,-0.1561917994234805,-0.5884076354534507,0.08259803134015785
2019-01-30,1.2786561922940307,1.3905910485201014,-0.9001477746158582,0.10287930346243016,-1.2173238905477406
2019-01-31,0.25930402043398854,1.2508037634015157,0.328184325892757,0.29631090161215784,-0.16106492870423936
2019-02-01,0.8947935492836119,-1.202250778892953,0.2675479316517135,-0.05222230925314582,0.7778525830285342
2019-02-11,0.1028606232541424,-0.8940507973066311,1.1852403580286506,0.13458571230184257,0.011782927194016446
2019-02-12,0.7131466529962809,0.6709344729963234,0.589525380350752,-0.7481156258659618,-0.3835423165299967
2019-02-13,0.7757521233705734,-0.8090304460951102,1.1562852871119602,0.7574402711571759,-0.481652353089873
2019-02-14,0.07380893091329326,-0.18261097374062327,-0.4485170100444488,-1.0370839769308042,0.7730073478776942
2019-02-15,0.7147886852364844,0.14177828236940226,-0.516554378148777,-0.03485174801598108,0.44958761916191475
2019-02-19,0.36576632721237085,1.3327753925498513,-0.22087438788843178,0.1348193921516545,-0.2756541484041867
2019-02-20,0.39879752916825073,0.9435280682163127,0.9530061747122286,0.47701396863639484,0.038237335400444404
2019-02-21,-0.981349210556482,-0.5694508262805688,0.7669865812631389,-0.14727370457711084,0.14182802441378803
2019-02-22,0.3825088875578427,0.6039665658260677,0.04858577015476237,0.188833453398372,-0.40272385306537145
2019-02-25,0.44716478722909586,1.5125329655222959,2.09589001166834,0.11902572396006886,-0.9843669261146807
2019-02-26,0.2963606555656946,0.3412648270926173,-1.0795463444677191,0.2005150371763525,1.3431443637887797
2019-02-27,0.5865642506863604,-0.8432547420151677,0.22059441085988926,-0.6114168506897458,-0.27135501837179293
2019-02-28,-0.6288424025415842,-0.9535204221572551,0.07995056446259866,0.34312783778526806,0.3976472160412683
2019-03-01,0.05439574917291695,-0.7975132113408363,1.0583603517604794,0.3607005364822752,0.3180461372866512
2019-03-04,0.0466905128217936,0.16633788104877034,0.08898852939454714,-0.06276875506332193,0.2280329301501838
2019-03-05,-0.015619327987047817,0.30505195600540164,0.08359330775599134,0.22268746994925412,0.2444177263462752
2019-03-06,-0.5833061305960221,0.07872738997960121,-0.4181576689438673,1.5736054631851335,-0.30850960872879646
2019-03-07,-0.08320888742438531,-1.00660548819252,-0.9038611199538515,0.49842462839316354,-0.25263681890243583
2019-03-08,-0.9385611448110905,-0.27660152949960015,-2.0170184487419913,-0.3764022181641606,0.5483864438449146
2019-03-11,0.915069784623342,0.3026230263610547,-0.1255849283769867,-0.30204260489833196,-0.6894135937657402
2019-03-12,0.32695694462661445,0.8208304651508362,0.47620124582093243,-0.5464585130988678,0.5917601054629582
2019-03-13,0.5311593945435781,-0.2778381190262903,-0.30462529139989025,0.2502507267518629,-0.4401249589521467
2019-03-14,-0.2115009681999749,-0.9021837262716925,0.31007610540890373,0.4232509752885456,0.21771092614410642
2019-03-15,-0.332089989163408,1.2532592989978746,-0.14111689822369072,-0.10703457142724047,1.1079701605915457
2019-03-18,0.5429445791985194,0.37136351032928033,0.4030492735739314,-0.6687704712538515,0.18465399396620283
2019-03-19,-0.24507901036261312,0.14330359226968548,0.15495365744821554,-0.08871076304619817,-0.3775995886541281
2019-03-20,0.920052053379563,0.7268693909514405,-1.5158180396058702,0.5710999688941794,0.3813330162248819
2019-03-21,-0.16294082998156728,-0.8301123961995206,0.33162305064292785,0.6672121008295787,-0.580677905751218
2019-03-22,-1.7036291225481224,-0.1932514112732624,-1.4775173758307651,2.0922363135756603,0.24057127085219004
2019-03-25,-0.25817842517947504,0.19217841433491237,-1.4701766152289795,-1.1992806631820365,0.9113046300579389
2019-03-26,0.25765180477197347,-0.13854560276445996,0.13894638666468287,0.555835203895612,0.21707634198021666
2019-03-27,-0.955663074695961,-0.5344835226987072,0.21883351287441222,2.8581849137893,0.4660049341984299
2019-03-28,-0.18218718290534205,-0.4142250567351266,0.48295576482080577,-2.372143129816643,-0.10279752573379987
2019-03-29,0.8866387140592379,0.7222903955383401,1.2993723488046436,0.37699143796070683,-0.977293675260042
2019-04-01,1.3659356180988436,0.8305693420844595,1.6452698876567418,-1.3847230784343278,-1.3602936430846426
2019-04-02,-0.4657734540436919,-0.32461415676333577,-0.4246967766318315,-0.11645420140200734,0.01205787826716209
2019-04-03,-0.061759782932000656,1.548247502384372,1.1712174591822444,-0.03588414680148433,-0.2682674176498157
2019-04-04,0.22997472813142125,-0.31858150298699994,0.38585221190695773,-0.11999896523176616,1.2210850538362465
2019-04-08,0.3877833319354857,-0.07639531756269906,-0.09622294649642728,-0.6095369529684311,0.17279805493367043
2019-04-09,-0.4350602741611815,0.25851445698461484,0.1578484198276825,-0.3406927222807385,0.9758175512587233
2019-04-10,0.644196491084249,0.565096219112798,-0.649063071126085,-0.1748511148631913,0.5678168974855728
2019-04-11,-0.6685616578734501,-0.8203346917333283,0.23180955122411995,0.9142449583005953,0.45826059209738795
2019-04-12,0.7853985381983761,0.33788735611564646,1.2859590806206398,-0.08191766778921226,0.48995228697872406
2019-04-15,-0.3797210103342546,0.12164770780659341,-0.14290228768755428,-0.24584711024522887,0.5579044495400187
2019-04-16,0.5514549185857467,0.04545476991066106,1.2839376462293894,0.39899705655006973,0.06536623777512712
2019-04-17,0.012181938760389891,0.3992654357026441,0.767408360708993,0.8957246044754438,0.060492366722545765
2019-04-18,-0.460400312759928,-0.7237757656945722,-0.7614274556296703,-0.3647951319954191,0.3946114392363429
2019-04-23,-0.8221862510629574,-0.554895471286846,-0.11891791072594103,0.07249077529126742,0.7751802322946538
2019-04-24,-1.1203717635723258,-0.8589578047324026,0.14991673314656084,1.7016629088932953,0.545215772197446
2019-04-25,-0.4509936722045498,-0.46501263013378685,-0.684473193792588,-0.994959751725364,0.8096256763354416
2019-04-26,-1.0690550416267979,0.9329673458922949,0.10982844181778814,0.035843661090797285,0.7403552851504134
2019-04-29,-0.03470625134429349,-0.401875371828149,0.5349034556118888,0.0388497969802143,0.4988417624101256
2019-04-30,0.3529434624163699,0.11052008407861978,-0.5455714487611946,-0.4266705373990768,0.9472280006667244
2019-05-07,-0.5744626053819255,-0.29726976574543257,-0.21167231873628414,-0.8277472244088714,-0.6374746759610603
2019-05-08,-0.08225038508406869,-0.36752994643594145,-0.2043925933364111,-0.9760068200786379,0.9484382902722804
2019-05-09,-0.5955362270410798,-0.5151863506972106,-1.2550226456258506,0.5413978496876718,0.9856520545376962
2019-05-10,0.8038882425122476,-0.009297939201413096,0.6032705377220199,-0.002900591153368125,-0.26784432731737756
2019-05-13,-1.027952552857794,-1.4000244850348154,-2.059548768938849,0.41504985086484686,0.9338428573777923
2019-05-14,0.8184955557772555,-0.27995641567136687,0.1024900464677987,0.0751747542313425,0.7289803033637147
2019-05-15,0.413925223380362,-0.10889362753496135,-0.3898613141216832,0.6785514775394816,0.15762944659700806
2019-05-16,-0.14624200288908445,-0.9376730893890749,0.39873490985515664,0.7969210415426531,-0.24655483196844166
2019-05-17,-0.9215505312842959,-1.008828971297176,0.06609935897284364,0.8930683872736755,0.24694800706662182
2019-05-20,0.33155754999712034,0.16184526892912102,0.07951896274548173,-0.37943042449119446,0.05953166346851167
2019-05-21,0.6907034069074219,-0.35243020755070137,0.649084391305382,-1.281059543780006,-0.03686488366573277
2019-05-22,-0.71169369965206,0.3430966090298656,-0.3958177243732176,-0.02449880499407942,0.6170635300517698
2019-05-23,-1.7960045136818708,0.8001192449262053,-0.5657307875400744,-0.5606342266040416,0.07105512028924613
2019-05-24,0.20368923854975804,0.6214526106787821,0.4315414624781727,-0.28626094108158956,-0.7679080185921723
2019-05-28,-0.6542902320852333,-0.44584896654483086,-0.4612883463437787,-1.3463379866501413,-0.21358213468466622
2019-05-29,-0.2039303292042413,0.02065212082668736,-0.26222927224219716,-1.107535382697955,1.0078638454534268
2019-05-30,-0.6687410876483058,0.40186952592300984,-0.5546093877178578,0.3505431644157027,0.8534742106958417
2019-05-31,-0.7296832249326322,1.8333076531859394,-1.7184006684028375,-1.277051160520489,0.6845717994687287
2019-06-03,0.7372049325563894,1.5138475972731928,-0.7533661443218203,0.024914606828189172,1.129336948314092
2019-06-04,0.2320567067801872,-0.6231999562033131,0.30461850126716533,-1.107564404794753,0.5972247288127663
2019-06-05,-0.8266163080637384,0.18422869532000297,0.4386312700675134,0.3227716491204164,-0.46000178590781704
2019-06-06,1.1821274647976499,-0.9429830110140704,-0.48530633987785676,0.03680541693237567,0.5110922396963737
2019-06-10,-0.47208187997997286,-0.6966346735369497,1.1231047954611635,0.07201480313685435,-0.5394463753663691
2019-06-11,0.2670203125772664,1.0641148678708507,1.0284037830490638,-0.736809565185781,-0.41467933892745146
2019-06-12,-1.3370387083633877,-0.0024695543898006537,0.022664102429715175,-0.32738863477747127,-0.7211048576862641
2019-06-13,0.3420188028692161,-0.4260801100014811,-0.7975585463204182,-0.5553753001482924,0.5495224398070605
2019-06-14,-0.8432274891582449,-0.6628606443200304,0.2979352491912609,0.9111068283313589,0.3604513134179655
2019-06-17,-0.13508698172176242,-0.44105656533670323,0.8943863476148554,0.05766758222567442,0.1771836471228021
2019-06-18,1.1469089647481914,0.9082720584775136,-0.11718406393303629,0.6008429645277578,0.8084627055748526
2019-06-19,0.8576731997334581,0.948003941632944,0.07431432075011503,1.1065676656098227,1.6076357282761697
2019-06-20,2.2235130007395085,1.0860261360442436,0.5579302607906944,0.7097040655962243,-0.4812931670756254
2019-06-21,-0.17984818682833115,-0.04435344731347754,-0.37617486226638186,-0.5038085246693702,1.5348793105097274
2019-06-24,-0.27295202774394856,0.8497945530058707,-0.37954586918286365,0.437007037049798,1.2837379085798688
2019-06-25,-0.47813971213696127,0.1696920660896988,-0.9501885904472734,0.3420739271978861,0.4731300723114049
2019-06-26,0.9822746242466095,-0.5973376279224125,0.8884206324820093,-0.279748030493738,0.40733743098447006
2019-06-27,-0.48443617076715556,0.7932458862122085,0.46440310444906074,-0.27598501568345074,0.3610412012066581
2019-06-28,-0.13210419467408238,0.4884528536030844,0.25960010757626545,1.2831786510461656,-0.23102597891565194
2019-07-01,0.22030665855440953,-0.805573566679538,1.4616392980035893,-0.20149319842831087,0.2288447457779546
2019-07-02,-0.9791328921761517,0.8616011764888682,-1.3633189874824476,0.29606433070602794,0.8792702964343982
2019-07-03,0.3348983419690167,0.07204181708000489,-0.1925169576133208,-0.02203936642038997,-0.0005755857673916129
2019-07-05,0.013263782729983133,-1.7234501452357462,0.986916293727748,-0.25864287325324015,0.04480167277352256
2019-07-08,-0.41755789546781846,-0.9965952546492137,0.36493836399467955,-0.7358486816136875,-0.22220740307526934
2019-07-09,0.20907405769484683,-0.6278825538761276,-0.46345048010154,-0.13686084712966218,0.4283280542870297
2019-07-10,1.1105152134592462,0.6853179561154867,-0.3279692238632446,0.15132293786759807,0.9435265138859242
2019-07-11,0.3961437766444942,0.06395754496746255,0.4443889219471731,-0.34482973370145115,0.3754258506697548
2019-07-12,0.16256447896042736,0.4847554553875074,-0.2939317138392675,-0.21717931655785724,0.4591574264927002
2019-07-15,-0.5280983609076118,0.8304444869446981,0.4346926936955016,0.8496774287570804,-0.14975940739943527
2019-07-16,-0.47456820563009183,-0.2582917997478845,0.7717693951724752,0.008129626951057163,0.45696127642909395
2019-07-17,-0.49246562203270744,0.27141002416777743,-0.4902912701605367,-0.26439398651155765,0.7897778134514009
2019-07-18,0.04478541087705606,0.5212995886471514,-2.0047795635584365,-0.4527699867933678,1.0264380041047125
2019-07-19,-0.32678841155733646,-0.2827148142293182,1.6040144768109754,-0.37585352921438187,-0.4129011970181671
2019-07-22,-0.43001694069980545,-0.20132784829498113,0.3123482438965514,0.3751188692275321,0.8938110209136262
2019-07-23,-0.16420412813363472,-0.6062520704680355,0.8163650099907952,0.7459354061354192,-0.14946821122578718
2019-07-24,0.003021445208944364,0.19529462063227956,-0.006984224849195827,0.31156360771014524,-0.6758287637721622
2019-07-25,-0.5206481554802805,-0.8707604711173045,0.9902362670595858,-0.841450504390752,-0.02637215770323394
2019-07-26,-0.4947911485894663,-0.9101515601186597,0.4797263972257259,-0.43532761213130045,0.5548406481580419
2019-07-29,0.09117791861966458,-0.17756619135827195,-0.5900509837398006,0.4143611194327496,0.48234631055040467
2019-07-30,0.37783407756202836,-0.9299909277305689,-0.24257335219311327,0.518858749594863,0.10531157752581498
2019-07-31,-0.5508681206147374,-0.2601458308155114,0.21961855158299998,0.47609243937706397,-0.1451823496315314
2019-08-01,-1.8228089704593025,-0.4927987288632422,-2.9016791004362155,-0.09683116781612469,-0.09845852345694642
2019-08-02,-0.5959133658498529,-1.0839316759935036,-1.769867450934745,0.7685844767263418,0.7257571972795843
2019-08-05,-1.7250103231621652,-1.4561439253228363,-4.173438633002248,1.3660225893409879,0.4286251609149908
2019-08-06,-0.46993414681318657,0.4925304404860426,0.7946754212705059,-0.13243591828842355,0.5335162331519199
2019-08-07,-0.9618177748733547,0.7831073613188485,-0.9048882782088664,-0.2076704505578892,-0.42415738373646233
2019-08-08,1.4293167316452209,0.3771615611049159,0.5375015850612309,-1.0371904773456613,0.5928147385166201
2019-08-09,-0.26919531766921767,-0.7277881619818242,-0.16646211426449758,-0.29101351640823625,-0.16641829347884787
2019-08-12,-0.4698218616954421,0.153870972263639,-0.6235666091534289,1.0838249599833296,0.41176196546849075
2019-08-13,1.0570825539689297,0.7188792741739556,2.5004214981445165,-0.16925293018809962,-0.743428165375
2019-08-14,-2.1962959571421483,0.04214787653450391,-1.5713150457296063,1.178343759685937,1.4419090714603116
2019-08-15,-0.4021581547047525,0.35897333627930256,-0.39096002350992604,-0.9772759271437436,1.405889257960301
2019-08-16,0.6071393405203285,-0.24117120273040846,0.9150371595039719,0.08198706869028255,0.30774829211233257
2019-08-19,0.7430492719471077,-1.0870124993539658,1.5590323173791079,1.2964571012509098,-0.580736903250833
2019-08-20,-0.32631856462387726,0.5445645468104844,-0.8443261691618047,-0.3688443169850853,0.5192466971164408
2019-08-21,0.6799835374531839,-0.07267949626120987,1.1248447055254895,-0.5446860546861519,-0.4890345549987022
2019-08-22,-0.48283839907800685,-0.5113831306940068,-0.11027196183095406,1.0056803913521581,-0.03768714941731621
2019-08-23,-0.7333583751796782,0.7465623894794734,-2.2853520543911414,0.4929983349480081,0.24772462656593564
2019-08-27,0.17829383783668853,0.5030947479339685,-0.6387605538522896,-0.09480386427869192,0.3503317948021227
2019-08-28,0.30410425388274476,-0.8016275942149234,0.5282596921762016,1.18116120809801,0.3341759321807296
2019-08-29,0.3121783030235542,-0.004870588762788093,1.1589536264870837,0.9781607063164665,-0.21208660431194298
2019-08-30,-0.4163865199756786,0.12576071563398428,0.21696667695668673,-0.5699695749213317,0.41835186300019833
2019-09-03,-0.5460868034433751,0.6256160931054907,0.15478853620432406,-0.24021483311367625,-0.34987599444196393
2019-09-04,0.9353597405610485,1.1421654734830033,-0.2759834493985812,-0.7389933505015078,0.5344751155892976
2019-09-05,0.552112252751247,0.5581522000300707,1.7312044169366627,0.1564484571797975,-0.49937965865095413
2019-09-06,0.6440748737118698,0.5480231589851771,0.5759840607551449,-1.2881864292135243,-0.10813355622533079
2019-09-09,1.3450400504937206,-0.6585089357243958,0.5448950340967222,0.5514835779973868,-0.4883822006026294
2019-09-10,0.39464302073547797,-0.013118147172298688,1.257712562646634,-0.62194885038886,-0.21121754766538123
2019-09-11,-0.2960545602313595,0.006378092496838699,0.1276568937917183,-0.31698236870223423,0.2729817363552687
2019-09-12,-0.116585995137347,1.289560953532247,1.2881941905665835,-0.3510859623317194,-0.08777630004214391
2019-09-16,1.628462482379773,-1.0421637371405643,-0.05669343647915127,0.23298140563170092,-0.03951982385015721
2019-09-17,-0.9789164285556968,-0.3172598318266069,-0.959789664867779,-0.037075489046834366,1.130788135118211
2019-09-18,-0.22885727142520543,-0.5276013334083856,0.5951539860464268,0.8286582028577066,1.235629717429696
2019-09-19,0.04634009499641514,-0.1185427195769479,-0.5844516103789397,1.249121161366792,-0.07314105751268908
2019-09-20,-0.22790776407401703,-0.1358492512004625,-1.3809478786263405,-0.4053305217373046,1.0979952620513476
2019-09-23,-0.10276512744681168,-0.18259249736504485,-0.3992562288374184,0.37995102474486503,-0.830176736893143
2019-09-24,-0.46754568375582206,0.711183128766362,-0.6897370974165691,-0.07690184898728936,0.06842416589092475
2019-09-25,-0.23533523933937514,-1.8218987636723514,0.895812348143555,-0.9864694593738776,-0.9313888831644201
2019-09-26,-0.5417552814337763,0.43001876219387886,-0.1457249604496651,0.08101919965678092,0.23803643258949891
2019-09-27,-0.027105093999711564,-0.5651578134102773,0.10630025091703564,-1.0561278653485957,0.13609574455720858
2019-10-08,-0.3916337984290176,-0.6763182173585022,-0.29821630531692045,-0.9061833125350428,0.6771491982978968
2019-10-09,0.047604950316128145,0.008530067682387014,1.546811362332148,0.31144531679355447,0.6461840177556278
2019-10-10,1.1101100923194527,0.7754545853438221,1.309398884277672,-0.27588912744623006,0.13697256908735592
2019-10-11,0.9360766901271643,1.1421210786912332,2.285188029214962,0.13755687762748922,1.0107115920084802
2019-10-14,0.04227397613401439,0.11697689066884574,0.41964635541510364,-0.1444842817335296,0.30689305834910763
2019-10-15,-0.33457920121661855,-0.4578931939548498,0.14751522824826246,1.4401375803163206,-0.5256253242574177
2019-10-16,-0.5071459348718845,0.40213331761659016,-1.7218691533532686,-0.4802846471997179,0.9256308129827682
2019-10-17,0.4158864904116824,1.1226588588421245,-0.5465014947245966,0.4273578885220589,-0.28503110950959576
2019-10-18,1.062229384179594,-0.3164015650244564,-2.854164832684435,-0.5941883099315662,0.8687588603334642
2019-10-21,0.36028692565093484,-0.8220778300378564,0.3239605984229494,0.16471491294486024,-1.2834214331284537
2019-10-22,0.5715956134079668,0.17811045349387244,-0.7159011859554146,-0.3049597601431037,0.24829262211818412
2019-10-23,0.4796002721304414,-0.3204233982918069,0.15507187518257645,-0.690890186844741,-0.32719130046040634
2019-11-01,1.5614366324801814,-0.3129716240104803,0.5001432735358308,0.09115244736280798,-0.9683747176696867
2019-11-04,1.5063119144431951,-0.3234791040822308,1.8274990247360687,0.9960686561031625,-0.23956208507539573
2019-11-05,-0.001654038095423944,-0.04090948670866433,0.41185953188796504,-0.3213058176252965,-1.0002833967311284
2019-11-06,-0.9241526769572538,0.7807290197178395,-0.8162675544440039,1.7685412388045298,-0.9608911533512322
2019-11-07,0.8753231584823685,0.020328526780581554,1.4548489947566796,0.3151960968222116,-1.1166314589868551
2019-11-08,-0.388772761940576,-0.7605017670594588,-0.6938460748932811,0.8954009900097836,-0.8565222004638375
2019-11-11,-0.7875369268820535,-0.727010989555937,-1.3480334592560739,0.3053088782100323,-0.5735775642897961
2019-11-12,-0.59586957191107,-1.1005316718152696,0.2010796439020576,-0.3172466042412172,0.561395190227886
2019-11-13,-0.5289205765601479,-0.7208668725696995,-0.8066594483114792,0.36976741189411994,0.056882787378910254
2019-11-14,-0.17842917743856918,-0.49933168915855053,-0.4099100168758905,0.6455203646855809,0.6296333616497073
2019-11-15,0.5159220271126653,1.4560836763721525,0.9998865092215853,0.16411808262581956,0.5985816440550515
2019-11-18,-0.881067965785612,0.6086831438796445,0.05365305444394624,0.35364536718078576,0.48740100022683436
2019-11-19,-0.9116100784815923,0.2709621150816883,-0.16386997653946375,-0.07785416626304326,-0.22561210677239255
2019-11-20,0.09688002287573146,-0.9922048854279439,-0.9364722608234997,0.016903302834832247,0.47054259048353664
2019-11-21,0.9856273502309622,-0.654518011073479,0.32377812435677333,-0.07095451144635545,-0.268779583068348
2019-11-22,-0.34852747386878924,-0.2071047652669596,0.08863500829652443,-0.14098069438128408,0.539238636613691
2019-12-02,0.2897337240566115,0.6927719392705254,-0.11246384044256487,-0.570155078256595,0.4882409944351956
2019-12-03,-0.5762092639544982,0.639609948163701,-2.152206776372079,-0.710165142498672,1.1866223757820176
2019-12-04,1.088145096380483,0.059771079791622626,1.0045263051864322,0.07744860284421952,-0.24674463646867256
2019-12-05,0.08710564489006048,0.3696425362219434,0.517167210025205,-0.6254646904002277,0.7594635258044568
2019-12-06,0.7987255584165406,0.27175906611934453,1.0543264785850814,-0.9296806282049046,-0.4146722098809095
2019-12-09,0.20596680022181443,-0.1752856553446965,-0.14978113783894034,-0.3071900689776171,0.2988611867763493
2019-12-10,0.2230450503979437,-0.3955906041240908,-0.1189024991420526,-0.5367818715532783,-0.07310755250370919
2019-12-11,0.46280884076610107,1.300923163051141,-0.49381993262413354,0.005862774641485379,0.14454471822277054
2019-12-12,0.7721047496496629,0.4561233020499759,2.375338159398338,-0.18040371229891555,-0.8530051396787199
2019-12-13,-0.04136540754504309,0.5392918604730902,-1.0809588987202206,0.5906372369095101,0.4395789863017772
2019-12-16,0.6221009635900854,0.49544529800208315,0.8863414757046223,-0.5725504833738277,-0.25375397739677646
2019-12-17,0.236866760482507,-0.2669388316376218,0.7829485062490122,0.16265931482908602,0.4461781872701306
2019-12-18,0.5809581193436406,-0.007831063115903307,0.3881408681351623,-0.43927930600815607,-0.6386755354468566
2019-12-19,0.10534869240492788,0.4278791050744572,-0.6757499333737809,0.19791092383678627,-0.5111656573691996
2019-12-20,-0.6512666687003631,0.1329165521889187,0.6468629925579873,0.6488174316021454,-0.9804715660947275
2019-12-23,0.1472808203608739,-0.031778676371273545,-0.16372746958937265,-0.3857729336983952,0.07854207295990064
2020-01-02,0.3012234924609959,0.1970739840702354,0.1137548642815483,0.26344202004970296,-2.3867113149017807
2020-01-03,-0.09710496495364146,-0.4060939854961911,-1.235273820032235,0.6544828257854385,-0.5304826321516293
2020-01-06,0.10064422534596822,-1.1638920224696196,-0.4733918339309421,-0.08552938322390882,-1.778431045257124
2020-01-07,-0.15790810910099212,0.019464087693185046,0.9567832844849042,0.05775791699406678,0.26581019861920824
2020-01-08,-0.9419969248564729,0.6179651383714954,0.8001087089835677,0.28753517762427844,-0.44138801039740955
2020-01-09,-0.0798575685176665,-0.07255500715446875,0.731064787185864,1.156946189084937,1.0846016523287387
2020-01-10,-0.006341212510952778,0.37090247372888474,-0.39313122999903394,0.5032386937903621,0.13465666951420704
2020-01-13,-0.0057833015797024235,0.03699144112525868,1.5686479049652908,0.8528356131506646,-0.7218469749457349
2020-01-14,0.022340673534985204,0.35742249748130633,-0.6924536364569202,0.09760717035067389,-0.22103054057113333
2020-01-15,-0.4490934317345693,-0.024774061267155468,-0.6455195092589113,1.4783585006213025,-0.06177577724788965
2020-01-16,-0.141847696035541,-0.15953857533324775,0.24085569981558466,0.32765566136902663,0.3108670246917083
2020-01-17,-0.5613930053442902,0.36636407583998243,0.12043483811728979,-0.2274563491487287,0.1542531504340036
2020-01-21,-0.975604350615658,-0.10486239009994018,-2.025937470103456,0.3957544481248317,0.1122082255166619
2020-02-03,-1.9024163055433214,-0.2079890462727218,0.10085781609008833,-0.7558543973533274,1.0457234453322206
2020-02-04,0.012647569065243287,1.4502810884180712,1.0217274737948847,1.4136535318955958,-0.788728334333653
2020-02-05,1.5930501670416348,-0.48738151175015915,1.2306097491287558,0.02458983950487985,-0.8172704600725532
2020-02-06,-0.4064290757006486,0.020372509136209024,0.7319371849028111,1.0331126313884655,-0.1153469786852867
2020-02-07,-0.5374533234078273,-0.9788433097437635,-0.9314514859316642,0.41009801895374953,-0.14568567675278846
2020-02-10,-0.3347088086698333,0.44029421085047843,-0.15675675464662184,0.2618393463365272,-1.382584022227544
2020-02-11,0.8019519752319626,0.3708758690626649,1.1885233816288379,0.2377818398618743,-0.18584453978260632
2020-02-12,0.9781787181229596,-0.18195038068727298,0.39702107368098327,0.31636056700551124,0.3730262551518803
2020-02-13,-0.07309430859833935,-0.4301339082507881,-0.7788646903070194,-0.20525753176306494,-0.1812030166336375
2020-02-14,-0.2307353835067219,0.0954457262802732,0.05492661532829822,-1.194287986337109,0.7954335077364826
2020-02-18,-0.5018370927276989,-0.696628696039849,-0.7962906626434985,0.5244759324941989,0.2689956146326639
2020-02-19,0.6555455291761388,-0.9085653397988495,0.2988405713433175,-0.25267382877395417,0.660525984373298
2020-02-20,-0.1388175447821248,-1.1819116994831533,0.13019611170804662,0.44428594202670635,0.42719173489898776
2020-02-21,-0.24465525879219724,1.3340808806609066,-0.9659609838873725,0.30577096754696137,0.0021254735312940354
2020-02-24,-1.9364728246521326,-0.030815272940818466,-1.68811067257892,-1.2898716131305232,-1.1569486363136006
2020-02-25,-1.3572960377926442,0.6880216793632183,-1.208064364186377,-1.3285798038527623,0.8396130785437474
2020-02-26,-1.7401333321758983,-0.24728706058610414,0.328042849747457,1.493758029712555,0.10221211579946209
2020-02-27,-1.9114039046028313,0.4756889558367218,0.07877348350460185,-0.3140560438091198,-1.5212289099849396
2020-02-28,-1.197373879714923,-0.8517498268482884,-3.4212555288591178,-0.6436074576273808,0.7668824446519555
2020-03-02,0.8838375452594217,0.7682869462359792,2.381919244054049,1.5196187245089678,-1.1298366271594924
2020-03-03,-0.5117750862208134,2.573355984662692,-0.6538150549310232,1.9178709114592538,0.5997653650771176
2020-03-04,-0.0074561294410295294,0.009653868154359327,2.0202803978480146,3.6054955523386134,-0.9724840382509097
2020-03-05,-1.532760853048778,0.8375220034551587,-1.6570004867855284,-0.302144300638636,1.016268923085879
2020-03-06,-4.334124807538876,2.9928741758465174,-1.7792509766669253,1.1379690927058337,-3.056006205017295
2020-03-09,-12.5888550134415,4.923309772494064,-1.8105743973402222,-6.6201198342920335,-3.2138076556096538
2020-03-10,1.8871022106097277,-4.596162936110142,5.517284227370743,-0.8775932084388781,-0.46892596704119033
2020-03-11,-1.7470054985283108,-0.10287979141308505,2.9248205961610174,1.1932012175775528,-2.1031460718616763
2020-03-12,-5.505098527560271,-4.565944315289131,-1.6660181895100798,-9.628668587584453,-3.7881986350762196
2020-03-13,1.329115893336434,-1.4746188709154782,3.9691642254863164,5.902838603871346,-1.3462941407315172
2020-03-16,-6.191053461617808,1.1599118877960672,-0.8023709612633739,0.2935996004127946,-7.474560350435739
2020-03-17,-1.86859791834111,-1.1450114188759346,3.731498715809546,-0.14276417618507733,-4.272821399147988
2020-03-18,-8.0765602641717,-1.5933968593401204,1.5429635757648914,-4.999721013697314,-4.310728302127025
2020-03-19,4.337561827063368,-4.209675536762085,-1.1021170386547097,-3.6250177853979997,-12.985677640387886
2020-03-20,-0.4340706350569845,4.549109524027467,2.152492493353697,-2.5607917443114627,-11.24198286051086
2020-03-23,-2.7350694677687133,2.5191778244767735,-6.068565862136205,-0.42278374878078767,-4.775315796777864
2020-03-24,5.065600529635579,2.2220163552965007,-0.119159264620035,5.606265672405441,-2.3916118410626854
2020-03-25,4.524674341488133,-1.0281679193387416,-2.925205718591784,3.5386884946280106,4.517334113260907
2020-03-26,1.2429885504370128,1.4425935294682481,-1.4301387942443602,2.49466299307273,0.8052979100305994
2020-03-27,-3.5147312258090295,1.2931928019374477,1.9860966228461494,1.8708055612864358,-0.9582094184339858
2020-03-30,-1.4014591870114026,-1.7243232613746988,1.0558328563901296,-0.9386591055386574,3.5351254559795
2020-03-31,2.0282249233594682,-0.9882559817172338,-0.5356886222016347,0.8061549295698656,3.7750710806717915
2020-04-01,-0.46811297034004107,-1.307113158180822,-2.194852924312162,-0.5172689307865758,-1.2718980969119278
2020-04-02,4.957284557398541,-1.3040692936050435,-1.454142339570144,1.4923195503907267,-3.360479671083249
2020-04-03,0.1291638013199876,-1.3900337147162707,-2.4316898344054967,0.7244771557073998,0.022705904750062213
2020-04-07,2.0024050432895697,1.297793080145722,-0.4166902963314573,-0.4510206992721274,0.1459614663543083
2020-04-08,0.36164927072734415,-0.5259214251509814,0.5399137236055405,-0.4553422801550451,0.15085911138724528
2020-04-09,0.1378221612172755,1.359616645801191,1.0087376192191604,0.7946537088441284,3.8623679533168156
2020-04-14,-1.0336195920062272,1.5843745737205128,0.26863822017312333,0.6483705683614581,1.3600902713642373
2020-04-15,-2.782792511910087,-0.658474600230801,-0.6460300125233464,-0.05083524530563818,0.10285654698087192
2020-04-16,-1.5211771280817945,-0.12122580336345126,1.0059682736325306,-0.8779234951676254,-0.3363150083605786
2020-04-17,4.367213167327475,-1.7729096675561804,-0.12234965866271222,0.9255472702873878,0.8297180845247945
2020-04-22,5.1771354724864835,-1.5946807752029954,-4.8881565720259195,4.048081467156165,2.9121364395668317
2020-04-23,2.9004210235474908,-0.4741188518599447,-1.9408446306441605,2.2277111159024576,-0.583079004232201
2020-04-24,1.2255867902088604,-1.232750234415734,-3.1706951945738013,0.6541725386423317,-0.393677345955056
2020-04-27,0.2896975391523969,1.4929161037097844,0.7935180885740434,1.8626157061252817,-3.587194326929758
2020-04-28,1.1018285998771062,0.7904530367899615,0.4947929810940658,-2.5372370571226672,-1.2373095627259272
2020-04-29,2.7342990769418964,0.20796951615078949,-0.7215002943572585,-0.829030953379349,-0.16557892825236317
2020-04-30,3.1770774434173386,-2.3625766734759783,-5.407418960023171,3.0526010798488747,3.7956494224582484
2020-05-06,-1.838133745828488,0.3266178049945832,1.4238339583992774,0.7355220362543103,-2.8914283320747765
2020-05-07,1.9239520416269156,0.7501445838629102,-1.0910441382868121,1.6618460413122094,-3.81784860619328
2020-05-11,-1.2349283163246052,-0.22785527776473766,1.2521696758112757,0.35096073709020476,-2.8347161151785074
2020-05-12,1.1362001000045459,-0.2072276711068403,-1.5583078353423223,1.0993083800725898,-1.3214766442965713
2020-05-13,-0.9300877957373281,0.43948103833940805,-1.4890597740707912,-1.003060950434883,-2.369231027252588
2020-05-14,0.3947724639874463,-1.088295820218571,-2.636956478564037,-1.2867307557480319,-0.5824607946404805
2020-05-15,-0.5157225897103629,-0.5399851211114216,-1.1314957178538618,1.1710264864389939,1.1493365116355219
2020-05-18,3.8883436825617643,0.19564950364761283,0.7519038924465834,-1.0823847611605082,0.27601193407045826
2020-05-19,-0.5602076907445619,1.281911701052152,-0.2683052077105328,0.6151873992540449,1.1208661011502534
2020-05-20,1.1473414237615198,0.6928383615236736,0.2454821581167742,0.7407817368924821,0.8443148425253324
2020-05-21,-1.0172197200650808,-0.25576716114383086,0.15589056812394947,-2.0446971478492606,0.19581413185039426
2020-05-22,-0.5412864772849735,-1.401915426083782,-1.3787714903639356,-0.017443808211149662,-1.3513451070118803
2020-05-26,2.4343875411222315,0.544334515883935,-0.22388411507083716,0.0890449852407701,0.3723745449906602
2020-05-27,0.17028810489486174,-1.630688962267854,-1.052139194113507,-1.1923110337170382,-0.7100980195942754
2020-05-28,-0.3102437199831062,1.8735794293070547,0.14633617618524267,2.5516269113242367,-1.6347023560476281
2020-05-29,-0.12167476416020269,0.43675623963514554,-0.7323497185398256,-1.0292680221830801,0.1342975702087216
2020-06-01,1.845527767733676,1.9353022155511892,0.35982107720848755,0.47172728699789374,-0.14412054071978792
2020-06-02,1.8329842222908561,1.4909375112368708,0.8613783115751457,-2.5679505147336212,1.5601864252521807
2020-06-03,1.1958131063972424,0.9404664643184089,0.8845473377636387,-1.600060699495664,2.2228973823161002
2020-06-04,0.681963622461309,-0.08943948835805751,0.259142926313245,1.2055471106008453,1.7085222259969366
2020-06-05,3.2927143064985698,-1.1637746389091141,0.8589100354406964,-1.260160435272387,2.1353980745912198
2020-06-08,1.5470643039649365,0.4017994301966291,-1.4008195692163081,-1.6644150918618068,-1.0893333751127148
2020-06-09,-1.2644339320783826,0.4938716282907846,-1.464334117001793,1.0100665367986466,-0.08174496739235089
2020-06-10,-1.2978189956836539,2.074217242963784,-2.2435540599364208,1.4167373558917487,-0.6252991925690375
2020-06-11,-3.815608226280842,-0.6636300939181229,-0.3831641867347111,-1.835058081928444,-1.287045101838352
2020-06-12,0.6973153945794239,-2.3942577562716822,0.4908913265798911,0.9629570855658174,0.7119719826914209
2020-06-15,0.5580564738220208,0.15688414672997605,-0.08856548570860986,1.8447519899014817,-0.1470535471556711
2020-06-16,1.2747548999148104,-0.3597052391510473,1.459141164867366,2.4471681727124444,2.1255960223651744
2020-06-17,-0.8856137454780717,0.5229012408546896,-0.2859999016001087,-1.5912129884848476,0.399833737621619
2020-06-18,0.47770633914521904,-1.8267233463308667,-0.03836882422410166,4.14273670651536,0.22985726956883157
2020-06-19,-0.448682218910992,0.49537618927226446,-0.24170682610632488,-0.8361845979389944,-0.9771796460764351
2020-06-22,0.541265096436881,1.1326962187121867,-1.103895708652023,-1.5348912226127844,-0.2461706065758929
2020-06-23,-0.16585404252024663,1.4881161451822442,-0.7797940956039217,-1.244958511832937,-0.9342103166802709
2020-06-24,-2.240665777004695,-0.09454802100226566,0.011435254641849803,2.1140350929723293,-0.10110880185107937
2020-06-29,0.4706582968179655,-0.7637200919122202,-1.0628700520224506,-1.2093314820644787,0.15787305062948037
2020-06-30,1.0766027763671866,-0.3319466226912938,-0.5482379748057555,1.2915741489962596,-0.537271037779067
2020-07-01,-0.5555947456246082,1.3787496901800242,-0.06238337967003793,-2.1404787176914195,-0.3968291461354789
2020-07-02,1.1940596058397288,0.52630240808737,0.7984357847546447,0.9300335347920127,0.4869331826391068
2020-07-06,1.1604111924119758,2.051330205366293,2.0973141275035396,0.8036625015460773,-1.0743373825649352
2020-07-07,-1.052930889861893,0.6359491193916298,0.2791029799163277,-0.29251535393910477,-0.17555285858549866
2020-07-08,0.8195503557516134,1.1161798913509366,-0.2119448471946089,-0.8795935289725945,-0.7712795228459777
2020-07-09,-2.1749671588800865,1.5976838769481714,-0.04847089448970844,-0.3389309285869674,-0.9218962792618794
2020-07-10,0.7842839540419556,-1.5216584630670087,-1.3319443219539828,0.30508852176344914,-0.5579437690461863
2020-07-13,0.15715411491737097,0.8943053408228211,1.9729153374018986,1.6852830286682567,-1.1456779544528257
2020-07-14,1.1013034970162563,-0.8570399056430807,-1.5743456861384781,-0.5318873794661937,-0.48419768003874086
2020-07-15,1.3973927336325824,0.012901135093597369,-0.06319634983684426,0.8666482586259703,-1.399234021457943
2020-07-16,-0.2827453294205837,-1.3845549636993029,-0.7123929811434906,-0.8082401405580555,0.05136357677576459
2020-07-17,-0.18880202604177654,1.0334316901638663,-0.899114858845021,1.31606030037975,-0.39794422084620745
2020-07-20,0.12443996753540934,1.0220127127076082,0.5479532105892391,-1.3024325333020006,-1.335858961993941
2020-07-21,3.2895893850947697,1.3884943863989039,-0.5384224101198907,-1.4859449359973538,0.17489641294476138
2020-07-22,-0.043013679084273,0.61100438740598,-2.3839210267963264,-0.7291686929786889,-0.3142839629452496
2020-07-23,-0.7058936828124922,0.004462458241211188,0.5814628560830696,1.3490506464696301,-0.5575238068332518
2020-07-24,-1.38933087438737,-0.8085855548573029,-1.3379979326655007,-0.282761185157064,-1.5482103693731941
2020-07-27,0.49550449921824863,2.435049141709254,-1.6459341850641787,-1.237790293095788,-0.888531523697122
2020-07-29,1.1441502940602064,-0.23353736083445828,1.040498545508865,-0.008437660931992592,-0.9678150517458143
2020-07-30,-1.8255871382927478,0.3943782729037357,-0.47575875079689495,-0.9916316785246265,0.05090212258188241
2020-07-31,0.1995833104842816,-0.5569137952949776,0.010735194377758847,0.39670764197487046,-1.7623862518454856
2020-08-03,0.5395289452522476,-0.5397020218511598,1.2624916374693118,1.919462461150146,-1.1311847413639313
2020-08-04,1.1081696774753818,-0.1545422945851053,-1.6737627243046547,-0.5632205067794315,0.03641210013268026
2020-08-05,1.5277687909258133,0.35736782151028634,-0.4060284519189663,0.6367481895489051,-0.9231118397506677
2020-08-06,-0.29815882591556925,1.0809594995217513,-1.2305115412895318,0.889790776146131,0.43772944800780283
2020-08-07,-1.1238155714380018,-2.3641534040418475,-0.01156508893007753,1.3604344495011456,-1.2708605261344006
2020-08-10,1.0086537964752438,-1.3646026684572372,-0.22977983425591864,0.6678430732716938,-1.9991132680878265
2020-08-11,0.4085894377937987,1.1174986991530262,0.9591210244381718,-1.5958197287361429,-0.696692527366137
2020-08-12,0.6405235874124878,-0.23259790473951958,-0.030881873844723844,0.8955101070091747,-0.977062781837314
2020-08-13,-0.4870583028488445,0.1033926202515936,-0.48689169600578613,-1.8824242028888032,-0.8718551211626393
2020-08-14,-0.20110539803290214,-0.3914312566152761,-0.17099413683203962,0.7248245179856935,-1.1689584934456727
2020-08-17,0.16515298386330027,1.1880246018343328,-0.9157936593257172,1.403412023766695,-1.9302390305272628
2020-08-18,-0.05475805455055187,2.0127959762809966,-0.1799966940813302,-0.6107866869195675,-1.480296061538651
2020-08-19,-0.8856403235861867,0.20250450532572425,0.6178998100778846,1.8211124782346513,-0.15720591608962328
2020-08-20,-1.0522082986444308,-0.8967574026704367,-0.48322357048201714,-0.6770209742572767,-1.0261491881195781
2020-08-21,-0.19754291028891183,-0.2751696215096554,-0.4667808649373726,1.19533140654308,-0.6684202988879534
2020-08-24,1.0387902882022568,0.41629560269955257,1.1860553224238104,0.7137787345681784,-0.5544944738100959
2020-08-25,0.003581786238539597,0.37588384909208067,0.36500380616725975,-2.1933417727593527,-0.189940899167421
2020-08-26,-0.40685555902179205,1.1668127731073432,-0.5645776522959544,2.045547803191175,-2.2196538914654833
2020-08-27,0.1954314266079943,-0.32645989141436743,0.6907837741880517,-1.347980253673545,0.17422666858566502
2020-08-28,0.8597434401572853,1.8917277291583303,-0.708504492215495,-2.2544492591434047,-0.7770597229433227
2020-09-01,-0.3848281014582587,0.8866777613893382,0.10606819392015328,-1.0468957441829438,0.7993920878973341
2020-09-02,-0.8891758434958104,-0.5877365425931048,0.5371418701926896,-1.0884708068316469,0.0806336352692345
2020-09-03,-0.6149181698914067,-0.5113155775267719,-0.07428869064822491,-1.2082552768470918,-0.7571991948159557
2020-09-04,0.20742980961234642,-0.7034458190487692,0.0024942990896885927,-0.8706067328324604,-0.39986585815799863
2020-09-08,-2.2159534232895948,-0.34029599176128317,0.57625046500385,-0.5535244135345403,0.07489010411369457
2020-09-09,0.278775749769159,0.7755173235400803,-0.5956922039442523,0.11844573647270093,-1.2068932384133888
2020-09-10,-1.4459594526985082,0.22954989097142978,0.5277284769803093,-0.793941810572594,-0.25405299357386935
2020-09-11,0.27716350411703916,0.03560841960553378,0.1545601483109832,-0.517531392389306,0.6494258803092977
2020-09-14,0.2136914517126075,1.1675023293260958,-0.46355868485207996,-0.14777564959904585,0.3917632884788337
2020-09-15,-0.08592721326356274,1.2789487860232545,0.36088637116554106,0.5998636605087497,-1.0516871154622023
2020-09-16,2.187833752393023,-0.5467151043941734,-0.010946800688512994,-0.08609103149217658,-0.4047035774129502
2020-09-17,0.16079039851753568,-0.523690387267354,-1.2485297396470918,-0.0522243116187236,0.15308179405532488
2020-09-18,-0.3134615406879648,0.2907713987087403,0.12902683660288125,2.2194114380419574,-0.18357281609399526
2020-09-21,-3.1533613909814298,-0.9862512470221156,-0.9261181472783216,-1.1817878496804217,0.33178537663874
2020-09-22,-0.980150033629264,-0.3922831746506632,0.47878020528704396,1.0678502144879294,0.05385178290278864
2020-09-23,-1.7301338211192239,-0.3727025738114422,0.5191473879671166,1.099539029109302,0.40390498815045633
2020-09-24,-0.5281660802954184,-1.1942406483426318,-0.6007504318191387,-1.3497482639411447,0.07432250349300844
2020-09-25,-0.5339315131715641,-0.2092405574014299,0.4896664209522362,0.2928779475028346,-1.161013867071054
2020-09-28,1.2649000150744083,0.7981297645728469,-0.021578438663836276,2.7956845903344614,-1.0807898093608688
2020-09-29,-0.7073816166667505,1.601549982518036,-0.2997354544403903,-0.5501964513210049,-0.17129447176385076
2020-10-12,-0.44856433486967473,-0.07211834969041592,-0.5356241887398747,-0.31003139577282707,-1.1420228349295085
2020-10-13,-1.011755411235406,0.12360179900316678,1.2542396374869014,0.5841145344910774,-0.8752750880961977
2020-10-14,0.3821319535825571,-0.12976306505422963,-0.3460901047587814,0.0007029470520805554,-1.1984384893153388
2020-10-15,-0.22073113830305735,-1.8322337564531486,-0.21756728239582163,0.07282683372764512,0.09292307973561227
2020-10-16,-0.8475509422591334,0.9068153546442612,0.6637687632265713,0.04736818334324462,-1.022380630865486
2020-10-19,-0.33096772780559536,1.1832310877214756,0.29158563350032013,-0.8119107600301766,-0.6420029459075569
2020-10-20,0.49833462318209687,-0.26897863902782065,-0.1226730323558082,-0.10829056714669948,-0.8495409770725014
2020-10-21,-0.517676489092273,1.901495361839499,-0.22599145007645569,0.049944462630050354,-0.43875734661899407
2020-10-22,1.2219368735866485,-1.5347687881083172,0.013449645218738381,0.06002033063589413,0.8502180972704834
2020-10-23,0.3610109260167595,-0.16145579649954517,-0.4417192571417781,1.1758990279925428,1.9311352176962402
2020-11-02,1.306561914582556,0.164261200863553,0.6844078343010065,0.4513979459312758,-1.5917885504345766
2020-11-03,0.7046211962516656,2.1906681010468585,0.7659791792630075,0.1962919731958827,-1.651505194802134
2020-11-04,0.03056115442286083,1.1517866340090348,0.9185598833472908,0.0411824881974332,0.21899400007520634
2020-11-05,0.005035639250404074,2.586064644474873,-0.25371312808535135,-1.1457157980365504,-0.6064946726354455
2020-11-06,-0.874379965333532,0.8729484032966758,-0.15306580514435697,-3.2020887958641215,0.5208580862720892
2020-11-09,6.209851800977352,-2.858708403234246,1.6303688954651911,1.7204161233688784,-0.0795016916559824
2020-11-10,1.4453546139110445,-1.0937463048578977,-0.07995954225658489,0.1318162732065173,-0.9976297758434013
2020-11-11,-0.6060741939206051,0.40794763524327243,-0.10947194736590224,-0.7627397646574535,-1.431930169848263
2020-11-12,-1.8420839155496695,0.938782222046773,-0.5164649651920051,0.7569732961034934,-0.8082532850664175
2020-11-13,0.6203497256406336,-0.6443971518872765,-0.5635469913809211,0.7152417455058455,0.5002533581711485
2020-11-16,2.6878632408336514,0.07433412301574349,0.2454106323211088,0.6324212080706108,-0.8224360626302902
2020-11-17,0.423278511405157,0.30443106523141644,-0.13920243596172852,-1.8334597722578987,0.3590307404570804
2020-11-18,-0.3315466431546642,0.9690895959933588,0.33602398575363307,0.07582167907383384,0.30488931672576497
2020-11-19,0.3178337196065337,-0.8615355532101202,-0.8412886062131996,-0.8485227946262623,0.8028003359957542
2020-11-20,0.05599842193971319,0.6501838870757176,0.26438052607915474,1.7970859909363341,-1.047233457226557
2020-11-23,2.3303039519828452,-1.8284561775045274,-0.6937570142982961,1.287321837761724,-0.007964091487201444
2020-12-01,0.4570834329157746,0.7827126702393635,1.2064632689963959,-2.42806429841057,0.15411882683843728
2020-12-02,1.7091593179519031,0.04365180410023264,-0.1668638615987263,0.46563470559918785,0.3409537021793259
2020-12-03,1.1767098939529947,0.7803049079704306,-1.2357418838698833,-0.5449296350288776,0.3278962143822881
2020-12-04,2.468329189887867,-0.924384951040945,0.38004265899310896,-0.49757537730402446,-0.4630585138911316
2020-12-07,-0.29697060048748836,0.8741084788352557,-1.3301724978086709,-0.5969018014916865,-0.8315222027680904
2020-12-08,0.3046108269711807,-0.11405947245457598,-0.30995981412341894,0.670373604384843,-1.656312569624715
2020-12-09,-0.01840768762326168,0.18179738943162987,0.35953087182095667,0.5738596226079609,-0.7643598594029657
2020-12-10,1.7399250135862627,0.07484540307843793,-0.34793133824981737,-2.820532611075553,1.4112870291853623
2020-12-11,-0.5594198566373528,0.02470085717052417,0.2908915229297582,0.3481469413674438,0.38734127636423066
2020-12-14,-0.9154779924409304,1.0723252795216414,0.22481124987375822,0.8504591778844116,-1.37113180256726
2020-12-15,0.8508176168126128,-0.02565682782185012,-0.7782010681654229,0.031977565628506545,-0.08455642694717447
2020-12-16,-0.023848601710196465,0.5158774288724393,0.026415698964125423,0.008114769182523483,0.3642784177228121
2020-12-17,0.17819269635886656,2.1160474095793416,0.06706943938517655,0.3537770719441825,0.09470146462182968
2020-12-18,-0.6951802292363981,0.10835292557676345,0.41548150187318655,-0.11061182546698275,0.05855347069990388
2020-12-21,-1.7824433653636833,0.13343167883091278,-0.21427727678245567,0.4691141754944729,-0.9980736903681784
2020-12-22,-1.0475880268537079,-0.5931454759270699,0.5957542977809948,0.47957514231143145,0.2801323768105498
2020-12-23,1.2110876410533797,0.5893113852003642,0.18946254107231608,0.9914881328441992,-0.9180145497670735
2021-01-04,0.8347760026194073,1.2554874846176396,2.1108915548453644,1.0475319636451648,-1.4143866728020642
2021-01-05,2.4034708898879082,-0.059666101226426724,-0.05992402020668879,-0.21302012381593974,0.049073389705085436
2021-01-06,1.0477621669708093,-1.2271113646224234,1.2310638302169419,0.2855235561447574,-0.8822676409708905
2021-01-07,0.8994273690844414,-1.3608528424514152,-0.058059074663189686,1.7241136971187534,0.6340923925554542
2021-01-08,0.28932793353184155,0.5884984111306812,0.02530416279444039,0.96568844107083,1.9211398191356477
2021-01-11,-0.45512175273624433,-2.1807779703295003,0.6619061927967848,1.1970818592502122,0.33049596143094834
2021-01-12,1.6126462185320356,0.3191372391581218,0.11076034447522247,-3.1104920348640643,-0.3498283566451351
2021-01-13,-0.68938275409991,-0.8067843997583356,-0.9624818656954787,0.008199648867420523,-0.030277097835958076
2021-01-14,1.927896836176071,0.3576616653597891,-0.35277200164581834,-1.5644921672006273,0.037213989762567415
2021-01-15,-1.8880504703916114,-0.671606809352406,0.06211191595652585,1.059907517620941,-0.9868871883006138
2021-01-19,0.9608881028437724,0.05493156815037966,-0.6335817941006366,1.6941895428886278,0.6157019067691459
2021-01-20,0.8554564929570535,1.2084327105259602,0.452790632382655,-0.49479353864967124,-0.48147121782397645
2021-01-21,-0.8871029635632655,1.4486804569269036,0.1150981652663613,0.5445416751388658,-1.930971995410629
2021-01-22,-0.4053692496721233,-2.1878260394492903,-1.0810008267595992,1.855705757267598,2.108849973274567
2021-01-25,-0.6250972956379169,0.31731074302922296,0.40859365485710786,0.26804393604815624,-0.9187009247924733
2021-01-26,-0.507136684286862,0.6426685241698064,-1.0532737734052149,-3.053207415793631,-1.0290387715059803
2021-01-27,-0.6641737658654167,-1.631562003097261,0.33251884057181785,0.5262889141783064,-3.8813669701571865
2021-01-28,0.33930838743113895,0.6326556129414361,-0.9815242506501025,0.6936528418569285,-0.32645921298760916
2021-01-29,-0.15361412403169086,-0.4219322516866001,0.3309783960346997,-0.3595047606036797,-0.9478069780920972
2021-02-01,-0.5530885659232138,0.5137318686644442,-0.1587162269796146,0.43168403927904825,0.3343931653333596
2021-02-02,0.2904738160101579,0.17277179582493019,0.7365812409264711,-1.3867485833519484,-0.9210110996080374
2021-02-03,1.7894862384193573,-0.5834056832284521,-0.016984281366411533,0.2903236111346532,0.03764477758120898
2021-02-04,-0.2262283878751404,-0.5446790219640502,-0.022686738062189443,1.3328532200751517,-0.023572462711171284
2021-02-05,0.8434350696090239,0.8347126712254426,-0.1917287441798359,-0.9331920761887899,-0.23769503625256808
2021-02-22,1.8965553258719958,-0.9230946382532113,-0.946805377582991,0.9157031379688768,-0.33006620358947697
2021-02-23,0.48531607113117686,-0.5329448234909226,-0.13159920887848808,-0.5458764324294865,-0.7970728423167895
2021-02-24,1.5815289034448043,-1.0761505249627967,-0.5242609889301281,-0.22761461175907136,-0.19201513631287473
2021-02-25,-1.0089194166444166,-0.4119891358608245,1.405835417810689,0.3934585784249467,0.882982661579227
2021-02-26,-1.009662183452554,-2.6005767928201804,-2.330698030458744,1.4534636964431253,0.22040462215886605
2021-03-01,1.214534475692004,0.543380953658391,0.32919290001026397,1.2496526191909503,-2.0349463302795794
2021-03-02,0.3884110406068985,-0.34597921509393303,-0.8589486597515944,0.9538914522847886,-0.82362636366358
2021-03-03,1.0192815660534948,-0.3402461245392926,1.5456188372730186,-1.3840494340800888,1.0272867957658016
2021-03-04,0.9723618362518912,-2.249758952240644,0.4567377086581528,0.04145700321040319,0.5341171028424518
2021-03-05,0.9771771005962314,-2.3072323165673416,-0.327796418733341,0.20856547008287396,-1.1931166601077
2021-03-08,-0.27745781503923245,-0.7049270612610821,0.4573896442718725,1.8469868134159364,-2.0072397078442794
2021-03-09,-0.8251816698553244,1.7616262623011234,-0.827090440198252,0.21341636072425044,-1.432396605122746
2021-03-10,1.3313969139737343,0.16233939909003678,0.36262169094480873,-1.2400963535710068,0.33796991267629084
2021-03-11,1.1109328723495993,1.6364092824758916,-0.06858727933242768,-2.097654426137163,0.45799403530347493
2021-03-12,0.5084442414578436,-1.4613599076056485,-0.018087290502622474,-0.6163440095171026,0.33001645063244256
2021-03-15,-0.2800970283559245,-0.11664297224923968,-0.5573367703426639,0.9068182467413,-0.5496389313370798
2021-03-16,-0.49148057719414795,0.33977248965096224,-0.4250607858225521,-0.3446683214367156,0.366827627483621
2021-03-17,0.059144662356580474,-0.15263410522888307,0.2746116291777304,-0.28383422724472973,-0.23734350401230156
2021-03-18,-3.143573039907486,1.8066570600723324,2.48000615079724,-1.6333837710045946,0.24117900498558792
2021-03-19,-0.43917231450848904,-0.26231355683757607,-0.2548070018408699,-0.8315722425344854,0.7375050523083536
2021-03-22,-0.6299240735804956,0.7878349907701839,-0.06902366043378125,0.1571944743072852,-0.8640477136771082
2021-03-23,-1.4309852704784287,-1.1921442697008637,0.1451154642395314,0.4409224483542527,-0.8376117375380433
2021-03-24,1.150825334111897,-1.9551192655631058,0.17273601578488504,1.443339651108257,-1.7733591601020102
2021-03-25,0.4099023632001404,-0.9170670671623948,-1.5819778002154596,0.1711479520437908,-0.85185591557448
2021-03-26,1.1088256832308863,0.01740391474084032,0.4156647540902237,2.14956783868953,-0.32705722137376814
2021-03-29,-0.742358712857205,0.38628959424252973,-0.25041992971511146,0.5791218186181295,-0.6540380267130708
2021-03-30,-0.6656965707472151,0.4858232662624458,0.34362333928048117,-0.16018630488341315,0.3518063808158107
2021-03-31,-0.29995337883009954,0.6442891102570714,0.3994259497672314,-2.5235294133957615,7.212224080454034e-05
2021-04-01,1.3230009734513823,-0.1420019321166361,-0.9211212629591428,2.145556262916611,1.8940072700982828
2021-04-06,-0.23762755908034583,0.8133588277391404,-0.1580516322077373,-1.2773958801636056,0.5466396383935166
2021-04-07,0.3116840965399969,-0.4234942587181856,-0.08890697719469966,0.37817784180537156,-0.0818612054259204
2021-04-08,-0.582957853403504,1.0905320804958751,-0.9367760437828295,-0.5638611275229163,0.22990552365142916
2021-04-09,-0.20088524811987032,-0.8800270059194512,-0.053003827207016053,1.622982795847391,-0.4069235173972094
2021-04-12,-0.32126808595518896,0.09155235414245105,-0.4584033614496095,0.955506976956961,0.3438401555241443
2021-04-13,0.02000903860065647,0.5100375951296726,-1.0161628055739633,0.17522168903350108,-0.046554669790285795
2021-04-14,1.6939090282278138,0.520852698868835,0.6015077563530559,-0.48818337678658014,0.5560291096839323
2021-04-15,-0.4807742478589841,1.6556675757697394,-0.6181520786093301,0.2855798078542203,0.5244023909056902
2021-04-16,-0.27787200292298403,0.09492690439018418,0.09547486995355539,-0.7120708530483987,-0.3100631247490483
2021-04-19,0.061597181920126705,0.9206995111581469,0.49966319843668244,-0.9098467089805988,-0.5672984435911129
2021-04-20,-1.3762186106327825,0.13612148090682402,0.2578259310704072,-0.12020961577882876,1.0141821698777063
2021-04-21,0.2981922409603499,0.003950571107086599,0.8024521262829151,0.6798583146420302,0.40913788105856586
2021-04-22,-0.2566054230729615,-0.5034119589319956,-0.1202051590738215,-2.214585395570296,0.660808958479005
2021-04-23,-0.8562978455858422,0.6571319945140979,4.014457374223069,0.9810843249548179,4.523047564269209
2021-04-26,0.9003953469420855,0.9665773311808594,0.36116637344962566,-0.636368607480238,0.010037768491960936
2021-04-27,1.0593781651634362,-1.085295152998597,0.2738210309397212,0.3510581466946814,0.8100841938469002
2021-04-28,2.2082838184817297,-0.4097765756767105,-0.8692869688490282,-1.6549915641747612,0.3801238823662893
2021-04-29,0.5058306016136611,-1.0825479089112222,0.2806441046151436,-0.31072257686760524,-0.3340889680475747
2021-04-30,-0.7928606826202125,-1.1806663721041986,0.2187863064602432,1.0786354226550532,0.10228364447361898
2021-05-06,0.10500365847380197,1.0235949279452377,-0.21205985275305336,-0.9587333062593909,0.26027619658020806
2021-05-07,0.5598724908936696,1.8488256226772644,-0.22839995247542322,0.18215356162930385,-1.1014651816336023
2021-05-10,0.5150614721296708,0.08872401763083153,-0.44207000986195344,-0.2944551589182784,-0.7792079702289826
2021-05-11,-1.2265223533885148,-0.07213477665612784,-0.46721448929480336,-0.6255703196717615,-0.8074176160088211
2021-05-12,0.5820110877206502,-2.583104124884326,1.099907944541407,0.8452724769179099,-0.15518761719455185
2021-05-13,-1.822383794599884,0.17590388219229855,-0.20756040973046214,0.026054160310563453,-0.53232655639279
2021-05-14,1.9197931195535185,0.9018182364494884,-0.3342396944190312,-0.12814694664868737,0.25068696521241174
2021-05-17,1.4722692875113126,-1.325192072281871,-0.9815779684419113,-0.24759005378708573,-0.1112821152007956
2021-05-18,-0.6127058664441336,1.9082754515634863,0.28508994477686833,-0.22091219792834482,-0.38491770123806834
2021-05-19,-2.2094540914197207,-0.5329985446359656,1.0885433739344614,0.5481955187600315,1.2700348130327834
2021-05-20,-0.7054143800274277,0.6769255916674398,-0.6379800263771751,-0.2357497701903801,-0.013925271797162948
2021-05-21,0.22647216024608005,-0.6214687894620663,0.15964573852397104,1.7362516415786988,0.6581278783002608
2021-05-24,0.7538214159264006,-0.16169239664359292,-0.7602756975617925,-0.8289882981159985,-0.28910576203668137
2021-05-25,-0.6683543045036228,1.1861543187419799,0.052146116179607516,0.35031519944778555,-0.37320759955131516
2021-05-26,-0.052455074534030165,0.48179757204531726,1.163850040310731,-0.0507700489761098,0.4709767282875865
2021-05-27,0.35106640487679,0.11423801147775732,0.06545492983933132,-1.6126862752405087,-0.8285037594443885
2021-05-28,-0.28729162723108215,0.5339709687766429,0.6734379493984332,0.37669232045896894,-0.46589900304958193
2021-06-01,1.5561313257552076,-0.13429261702412912,-0.5496902352682385,-0.9257180686419102,-0.8927593549998093
2021-06-02,0.8649361659302501,-0.1953442809883444,0.1445740197168515,-0.9232100746337527,0.4566968733712707
2021-06-03,-0.4483131916005766,-1.2839636654978461,0.8105424160850009,0.11320318700694164,0.3579034432440918
2021-06-04,0.4941050931605754,1.0907578702572103,-1.0991557805248826,0.021101685443296186,-0.2537422411040103
2021-06-07,-0.1254393920874126,0.42324874729868894,0.25941084455935076,-0.4481732636973534,-0.2644466193745576
2021-06-08,-0.3485428668072564,-0.3340425502001601,-0.19842610793569296,-0.4084719220808091,0.06756944676238344
2021-06-09,-0.663989464947569,-0.15137104971000426,0.4020943445814184,-0.07963828866686283,-0.03568299663719339
2021-06-10,0.4328859003280305,0.5857621430675234,-0.8375040708032232,0.5717461180763972,0.5446735194637469
2021-06-11,-1.267152159632659,-0.43534605633130474,1.324032823529273,1.254201337262826,1.296020679862091
2021-06-15,0.7368044504766911,-0.8409333751030481,-0.6711831990693431,-0.19368654564264595,0.04596517756997544
2021-06-16,-1.1309378372727013,-0.7104671666954742,1.71885796798119,-0.19338319807922863,3.004965141841866
2021-06-17,-1.480976916145251,-0.8285237402974435,-0.4867413598533091,-1.0763019370716163,0.7291439466136989
2021-06-18,-1.4074393647460361,-0.8930547917754961,-0.9144157466931475,0.33208148397478965,0.5707406176726755
2021-06-21,1.3825926217365232,-0.7654721297708247,-0.3648682073622435,-1.3715514208715627,-0.6863393810570454
2021-06-22,0.7875981935208413,0.47017649255878075,-0.5566470376121787,-0.8754529771196402,-0.13246769273243653
2021-06-23,0.44463608542240807,0.23800610373051762,1.0905060235407282,0.6973035868411039,0.47016324969674766
2021-06-24,0.020050082827643388,0.09027476351174092,-0.4289756052384345,-1.582774595569655,-0.6018390796808882
2021-06-25,0.22810173907599524,0.008683797801345646,1.1741087407117308,0.752716293029831,-0.23379734614212166
2021-06-28,-1.6165418916294823,0.7269112797475149,-0.08576086599380672,-0.622787559940712,0.5325536640947991
2021-06-29,-0.20132967339862715,-0.13544122612727016,-0.5740109259991122,0.6895392411370506,1.0431259368979438
2021-06-30,0.5679453713421159,-1.1245270944269083,-0.016284987277497137,0.5543087010807429,-0.251637268309633
2021-07-01,0.2856492801434331,-1.0345180115150165,0.38717907310165445,1.4286325213918953,-0.8744088681930275
2021-07-02,0.33690938508833485,0.6531730988242734,-1.534321322006075,0.7195481986745494,-0.6292084649638434
2021-07-06,-2.2828312410907383,0.031138649674379727,-0.16953940972900144,1.3332064270340027,-0.9424397185418966
2021-07-07,-1.1946838483031115,0.7367594779931406,0.362721159055671,0.17893718403748496,-0.03859161289295816
2021-07-08,-0.8674650619096346,-1.0832526263740094,-1.8524203772332675,0.12500716922479596,0.4469132413656853
2021-07-09,1.5705704144552735,0.2239783865008412,0.13904725069200652,0.3299250569754664,-1.046794177197907
2021-07-12,-0.17763260156786057,0.5257047365888591,0.5471082009859854,-1.7315996089095607,-0.5098431427441383
2021-07-13,0.7759494914966041,-0.7195861836227614,-0.41650989009905054,-1.011434686739507,0.1832876577352884
2021-07-14,-1.401057258631759,1.5634836087572856,-1.0607811264224063,-1.3420007455999254,0.1486877924118054
2021-07-15,-1.0738305531640633,-0.34130719562792666,-0.4477453247275714,0.5111082664989621,-0.18095734346463402
2021-07-16,-1.1371144026802262,0.1587830580104311,0.09235890019300741,-0.022616955659490404,-0.2747241812568049
2021-07-19,-3.0316626653770977,0.1103341416797489,-0.5423316792549219,1.468733636880208,-0.6553898676256857
2021-07-20,-0.21733976842175098,-0.48124522071210984,0.7918110351148362,-0.7922333156658119,-0.28447595509732876
2021-07-21,2.835647915041024,-0.2205358652762335,0.2669788210516624,0.005548674681123513,-0.2756007785126149
2021-07-22,0.03318005976423421,0.1529986299219554,-0.5561560544392504,0.11158435376646647,0.3427300095528753
2021-07-23,0.17769434393625905,-1.0759039081481767,-1.0377044009547252,0.25571833411822253,0.27532399998638785
2021-07-26,0.9756507039322496,-0.14950781396558266,-1.7115984138571738,0.08080726465977897,-0.9337760515741329
2021-07-27,-0.7798438863373095,-0.4701762312937509,-3.1995552074513833,-0.22498881476649168,0.49800332114849827
2021-07-28,0.855182322513182,0.08166696467343332,0.731958643195332,0.47581053988542665,-1.005757088606196
2021-07-29,0.7520335060365746,1.3144068175170147,0.6424795174385202,-1.2645489449148322,-0.23920910492455494
2021-07-30,-0.8613623706824932,-0.8701117975510305,0.2982061806457419,2.4592836935114435,0.06075437848167589
2021-08-02,-0.8212017872872777,1.3759429911888095,-0.07368085051380412,-0.48664656785594507,-0.6888584791018217
2021-08-03,0.034234054893768115,-0.23773410357635988,-0.6931138646482184,0.9868242120025434,-0.6661111082442839
2021-08-04,-1.268094263467263,0.9572718409341598,1.4529192434404483,-1.0445026142745573,0.6957366466777175
2021-08-05,0.4953717811532439,-0.3964050215127972,0.03033417715187122,1.116913722808179,-0.2119528273380754
2021-08-06,0.05770796865336151,-1.6111186566946158,0.41892981711560356,-0.2826196342285203,0.0855002854786814
2021-08-09,-0.7187451683112696,0.5476041820045686,0.7081307755272268,-0.8798987840580174,-0.4226940015271838
2021-08-10,1.2920378262030028,-0.3519918678015235,0.3957269720482165,-0.9253472970354726,-0.7237529389280366
2021-08-11,0.5687697990478889,0.2951506262124259,0.07265492109425041,1.145927822022792,-0.5165054708978594
2021-08-12,-0.23342687631746006,-0.5047467191545837,0.19969078153675945,0.32874019453260434,0.23216452765698392
2021-08-13,-0.4652948988347995,0.7281840476066964,-0.9679581854841336,-0.05875480651490977,0.4191463492024434
2021-08-16,-1.2366222846757968,-0.35252710856461617,-0.28992269349583566,-0.2368893556126179,-0.6751803085445737
2021-08-17,-0.68993669803171,-1.2716689305749154,-0.22864852115449025,0.34496686752389666,0.6284574862198268
2021-08-18,-0.9311250917005948,0.3861564595596998,1.3053089490298087,1.9211530338603802,-0.5348107222615086
2021-08-19,-2.1303545456282142,-0.9249880921822985,0.008154708025717453,-0.19943090937617003,1.0518048740885295
2021-08-20,-0.5481561527715482,-0.33894141491895036,0.2996841861831619,-0.7537762150055132,1.1893637805106314
2021-08-23,2.6602181029745298,0.9189207565529234,-0.5161345381041696,0.4057966147149597,-0.26019186661322075
2021-08-24,1.542322617037326,0.5310290138977632,0.43773517483153146,-2.0459505748408056,0.7719110143459098
2021-08-25,0.8009634260134609,0.16235916820607213,-0.333382486831789,-0.6939781800269319,0.06360940873465816
2021-08-26,-0.889766781782104,-0.0859529840405772,-0.2660892555332247,0.7499196662483678,-0.34374315841863357
2021-08-27,1.6770696490539414,0.7373540672667623,-0.2554477777113923,0.07963792748285294,-0.3405781322410992
2021-08-31,-0.42927834750278776,1.1354608875549521,0.5362748533791213,-0.5005217010283338,1.1331770047965843
2021-09-01,-0.5989832889646513,1.2918634449756448,0.6446342119103659,0.7468053730514249,-0.7351743458578087
2021-09-02,1.5684677774127413,-0.4564820800387024,0.027495025145314118,0.007258172518778708,0.2645523994236469
2021-09-03,-0.0776660294597103,1.1480811386173166,0.3061840628194459,0.36517873493076813,-0.3539167609227381
2021-09-07,-0.17116281671346573,-0.9382514203803412,0.24740572636614996,-0.619761286464684,-0.8894933567890453
2021-09-08,-0.5082745566933997,-0.29283829239000003,-0.4918283193862149,3.098331306012941,-1.0242848017839596
2021-09-09,0.7573570471752407,-0.18138095950207886,-1.1957749707543517,-1.9018888400120613,-0.01904710949231759
2021-09-10,0.03695435037483806,-0.0661301394029377,1.7090966949998148,0.6522335477322259,0.8051369926949229
2021-09-13,1.43237492756517,-0.5436456375260434,0.05064516953172522,-0.486251170492048,0.9625365383446327
2021-09-14,-1.005825764464959,0.26073112991808095,-0.49642906018362537,0.23285989911390964,0.29154846751272145
2021-09-15,2.0123030959802635,-1.0502260033634208,-0.8608871782676695,-0.4472067564483538,0.13996713190558419
2021-09-16,-0.7269445037442734,-0.8499210804536315,0.03639414683062346,0.4659795361476457,0.31657912604817423
2021-09-17,-0.8101227593511903,-0.5378478968595157,0.9615171139498494,0.4300468523649489,1.4322736830117484
2021-09-22,1.0241523254320481,-0.1676415681545774,0.8023197545256836,0.8385390350923367,0.26228107772070725
2021-09-23,1.7789969496975047,-0.20976610324068,0.6495733882904355,0.1657419641672639,0.44275635663244584
2021-09-24,0.07125501803711354,-1.5246252789954893,-0.05416958217175734,-0.07128084376541782,0.5224695206339061
2021-09-27,1.5594146683094883,-0.820192407441941,0.3245110587872233,1.1797135380708332,-0.7974761142497778
2021-09-28,0.22440620441765255,-2.0434792626575407,0.6924483094826532,-0.1542315526030195,-0.36898143338962375
2021-09-29,-0.778752942962684,-1.4614131322097743,0.6853564704354879,-0.06172018004644013,1.1359342917225281
2021-10-11,-0.9250138965458632,0.21823586155660094,1.5052374130334774,0.32638636239361046,-0.11421335870346505
2021-10-12,1.1443768634168936,-0.5949805897136603,-0.7857661040556272,-0.8592558940489131,0.4284205603658943
2021-10-13,0.3375091343538272,1.5423269311188006,-0.33605142713815217,0.3925642853682669,-0.40503607941641484
2021-10-14,0.44057102996852293,0.17380259492561023,-0.5092530228713951,0.32215067111790396,-1.0178993010234998
2021-10-15,0.36186915919671736,0.6394598564108985,0.4268920657880298,-0.7603150074177897,0.004289900907358304
2021-10-18,-0.06700268599139271,0.1881185597325644,0.49856775744067794,0.022296502051552553,-0.010322885027920684
2021-10-19,0.572860536452509,1.2662620150104156,1.3689416142485957,1.7343628417998878,-0.8136939467229543
2021-10-20,0.8774875485440207,-0.14092253499960214,-0.5850392042974318,0.6541105749486777,-0.19062851232681752
2021-10-21,-0.18658171433227444,-0.7434994254782046,-0.11559966720927202,-0.05025058088714139,-0.3909514976925024
2021-10-22,0.04389210609225552,0.0045694373358658395,1.1046485207513455,0.09414936263691276,1.922918692166099
2021-11-01,0.7642062603603761,-0.07531233241425718,0.0690631940425432,0.1054613528846487,0.15474600743860215
2021-11-02,-1.3376394083014727,-0.48931841472163756,-0.6271176732840458,0.9291208410672879,0.4509345257074632
2021-11-03,-0.45105408812165354,0.7204197670173613,-0.158677171540208,-2.1966484249932647,-1.123480294564059
2021-11-04,-0.5269690135344138,-0.11297527717257035,0.3082568705433342,1.819089743006988,-1.6733277998072882
2021-11-05,0.3356280819441492,-0.08382676115060922,-0.9503414167709392,-0.29577119653759587,-0.29747646278634154
2021-11-08,0.9927728771207461,1.1703852136164887,0.2095057126942759,0.11103000612073724,-2.0855248151259294
2021-11-09,0.46680612291015194,0.07055508412766892,-0.8262952445142314,-0.8483022230416369,0.8416217380140519
2021-11-10,0.03647112551677347,-0.873414027779596,1.147332759853036,-1.4713768078770373,-0.3236819458836593
2021-11-11,-0.1601475357094762,0.14359627636513633,0.9516165085927871,-1.5724131630853881,0.5150238356642219
2021-11-12,-0.06219143500474017,0.3168166418619414,-0.6374488636948789,0.8459051773983427,-1.1879676182801153
2021-11-15,1.5348573231942213,0.13990927834721345,-0.2308383159026946,-0.104511888253198,-0.497187110003916
2021-11-16,-0.08748856948040225,-1.8653832174431797,-0.39915863668782403,0.01050287185034789,-0.8580464576756704
2021-11-17,-0.8758747821947284,-0.28350797550345297,-1.4489096310024903,0.24920321915678822,-1.3097802565938208
2021-11-18,-1.3997541260714432,0.08226271172576792,0.5322022075011649,0.9544509823408954,-0.2687076656693868
2021-11-19,-2.5912230546291317,0.702262830524595,1.1435450131817098,0.4116253100692933,0.5131555648189923
2021-11-22,0.5758587000981096,-0.39723895414260585,1.6346698084172038,-1.1447795153009586,1.0934713386590542
2021-11-23,1.6784342260780123,-1.0551583789199244,-1.0089565964909448,-0.4116448549841774,-0.5502342400589436
2021-12-01,-0.5396307108554463,0.265184127528735,0.6680978176594677,0.6589599732870677,-0.1835908423810577
2021-12-02,1.2673007270335552,-0.9929702154773468,-0.5963487046113475,-0.07430212023415236,1.4862404867927808
2021-12-03,-0.44225664481839333,-1.2283338814089104,-0.22092177462189383,0.4002734725374951,0.42362644076781497
2021-12-06,1.6156131904668156,-0.8341753587043947,-0.09615632175168087,-0.1873446830591741,0.8168619672579044
2021-12-07,1.7578420362823852,0.6766383125666049,0.8890097528012296,-1.0435264405997837,0.35064769454222616
2021-12-08,0.7294416895745832,0.9015496161396027,0.29881099457391996,-0.743579157440331,0.010770055007582569
2021-12-09,-1.8145228090264374,-0.5792189692366121,0.6379583769525411,0.05545356196001569,0.4893831897600408
2021-12-10,0.19000118899867433,-0.06350796703156221,-0.15978130814901662,0.8319242245761366,0.6673537494696498
2021-12-13,-1.560732814727775,0.4397340688601146,0.2930689980844,0.6676954277588226,0.09272995441671146
2021-12-14,-1.1293207089924924,0.0690439079377977,0.7296687300844854,-0.14536159880804725,-1.3828645320422346
2021-12-15,0.2660185387454228,0.02974974064555181,-0.7649365265761554,0.06493273838712141,-2.241817968397386
2021-12-16,0.5526650685863721,0.7202076527032703,-1.1006220573561099,0.25019155489936024,-0.6184141355665208
2021-12-17,-0.9008573686879684,0.20909002919283132,-0.5266727718514479,-0.5297120333354497,-0.12524646828075597
2021-12-20,-2.02417492879647,-1.117715640058459,-0.1153272070914717,0.24020662418794028,-2.2338195270115158
2021-12-21,1.3017746719622574,0.6553556990323806,0.5296887879348814,0.692386776976471,-1.2075180341953564
2021-12-22,1.0554978956092753,0.8479209317921232,-0.9353109553616034,-0.8229207883229882,0.7563812891118517
2021-12-23,0.013300900764319206,0.7534542769542667,0.5944255849726241,0.17683469064553495,-0.8427980746676453
2022-01-04,1.475475087979638,-0.3128167276784785,-0.432748049118784,0.011266523182558235,0.7165266244170938
2022-01-05,-0.48687240565948775,0.2027095920565963,1.1950190920259067,0.36600113430235265,0.5753818943236595
2022-01-06,0.29224342557229893,-1.7293807165879038,-0.3089116022979371,-0.6002760725995109,0.7407441052853879
2022-01-07,0.41587420004947345,0.4808445988043137,0.758356886589962,-0.37722970473276407,0.6830905917048141
2022-01-10,-0.3189298983793015,-0.4139109733989715,-0.12923373680043174,-0.10516800839424646,-0.7551430784072516
2022-01-11,2.6170728925758024,0.2472003505549288,-1.1992620605181719,-0.785297608114414,0.05827418877871996
2022-01-12,0.42870222362610155,1.7660437040040953,0.33513299913089767,-0.9612109938898558,0.09665687457710558
2022-01-13,-0.3696760569781661,0.2712827439781907,-0.32293267054012625,-0.2713664542057776,-0.09343057537183731
2022-01-14,0.32404920218560646,-1.7177842440617481,0.3931313110869655,-0.6966975106486205,-0.2885938376954384
2022-01-18,0.19821675747462447,-0.8694036272792189,1.1795340993380805,-0.41174431281162926,-0.8758787748046871
2022-01-19,-0.09685428722359406,0.9800937286517909,-0.06456309784092187,-1.8848468012058652,0.2167742488968959
2022-01-20,-0.5653180315526849,0.8520807324878853,1.1828575620007347,-0.24550170171734548,-0.2254771228766115
2022-01-21,-0.1872822557528475,-1.2410028287167516,-1.3194894423819583,1.3455838692036233,1.8227167372582018
2022-01-24,-0.1355675335397164,-1.572735994745526,-0.18496507976326243,0.8836902550310725,-1.7307829093266198
2022-01-25,2.032272387815972,-0.8858881432727957,-0.9760748524684328,-0.8990434753498193,0.4979636695769296
2022-01-26,-0.1591562316819874,-0.32092450316069804,1.682848537668969,-0.9065116349161603,-1.3182221379149164
2022-01-27,0.1502135803667521,-1.654499807286751,-1.6345987618230566,-0.8306478230371153,-1.0306089797600622
2022-01-28,-1.129238369672569,-0.18898093804561866,-1.0815836420940466,0.13522602558797206,0.24514417987355258
2022-02-07,1.0741990814396385,0.579321606833416,0.10614087010931489,-1.3219666172910538,0.3602072007840243
2022-02-08,-0.8979922552655238,0.8894086169403981,0.24654462221488316,0.12016255803786396,0.23861563222601304
2022-02-09,0.1592854141214791,1.575237179345091,1.4665882341369367,0.49964673160057554,2.08807006141819
2022-02-10,0.6437277145620477,0.33966613965364667,1.1510920553455395,-1.4133580314421743,0.9123336972152417
2022-02-11,1.8797348139527612,-1.4963752005795987,-2.541116409451517,0.22614605634293528,0.4621070264516215
2022-02-14,0.16902109808857832,-0.7746689613752967,-0.2891687182156255,-1.6858925965292653,-0.6952973785669235
2022-02-15,-0.7875450457913683,1.5689751417272708,1.4631393902000598,-0.4359333821654038,1.3071581542100137
2022-02-16,0.14062069482753514,1.2094401937682475,0.20292872590716837,-0.15888244041422372,-0.41648273269944475
2022-02-17,0.7268104951270993,0.005524833012579936,-1.065146410284068,0.3897651435222271,0.13656024894315083
2022-02-18,0.12903703210590786,-0.6255277639933884,-0.08994854526269169,-1.3272678860691893,0.15522761671666588
2022-02-22,0.541677884826863,0.49691931143803525,0.018583831763163295,-1.3416930175445252,-0.5711757330447073
2022-02-23,3.1427100555604683,-0.9837278926673729,-0.1531921337191818,-1.5144119181246818,-0.2858267355140781
2022-02-24,-1.165370665551009,-3.813413191553827,0.038898405631600914,1.593011613043412,-1.2056325674063553
2022-02-25,0.8644606360329975,1.9062398970098895,2.985632383272618,2.861385299880404,1.394468308491419
2022-02-28,1.2785435003658532,0.7734077011249112,-0.2864057059765815,1.3575272963866558,-0.5718357490124963
2022-03-01,2.3196857974483835,-0.8108020101948793,-2.1794430701143708,-0.8686313135778853,0.6740675413945614
2022-03-02,1.0131642447155451,-0.6058301042995714,1.7521941479472365,-0.7973814691391008,-0.31410824493928924
2022-03-03,-0.7112155264598945,1.4255126254731718,0.48982534578378745,-1.8648157636494884,0.9508388875257802
2022-03-04,1.0784427583548388,-0.9769949824970269,-2.10169078927143,0.3206035529996828,-1.5440849157237702
2022-03-07,2.023837284000224,-1.3779370229253265,-0.5370471699204346,0.42957758012035013,-2.8110302535146645
2022-03-16,-1.4733695398796622,2.7041097751664136,3.982470648588992,-1.5614730241186645,1.813402284081412
2022-03-17,3.2297547530796655,0.7449385001458372,-0.6173821755824471,1.272046501258948,2.035661909791293
2022-03-18,-0.22935609216661695,0.4528128976408663,-0.3050391707307404,0.08548872662680854,-0.6623941222237923
2022-03-21,1.8184290684939735,-0.5049995668355081,0.9203226563912191,-3.2765391000651043,0.07348807157407593
2022-03-22,-1.1799765957079624,0.7979838760342467,1.3954439758801491,-0.7492783256644264,0.9315153647694564
2022-03-23,2.010510296688582,0.3853383038146437,-1.484949493866391,-0.634140405371351,0.3960266392361695
2022-03-24,-0.396640127532747,0.4767132188846272,0.9717148184771472,0.052839437320066435,0.397889241875164
2022-03-25,1.951066226000055,-0.36273187346190316,-0.7955160266272441,-2.3523325507452717,0.7371609692245
2022-03-28,-2.7778231563154963,0.27555391954822284,1.9296948705103043,0.04929410375479887,0.056874539240172335
2022-03-29,-1.562953494921449,0.9686850626979273,0.9527692298201942,0.506370353044548,0.5053811947261757
2022-03-30,0.9437656271018768,0.008012376834241818,0.08796667919899159,1.242878763921431,-0.2575962095316689
2022-03-31,-1.39123820838017,-0.26254964694951366,1.3197104086925586,-0.7380837126145199,2.213126646557978
2022-04-01,0.030217967823841802,-0.22198444033999,1.421757917433304,-2.4171191688567415,0.713938518252798
2022-04-06,-0.4410102120966992,-1.379107851599195,-0.23792070930824497,0.8291523376949702,-1.2488712172353762
2022-04-07,-0.1579307416670107,-1.4274031907862303,0.4010775992104362,0.9558235399261137,-0.4497614134128637
2022-04-08,2.3613845058412855,-1.2804982038743553,-0.5854689079893151,-1.3420472769124212,-1.2627596465192317
2022-04-11,-0.6061032458257859,-0.30723339374850833,-1.615447803106724,-0.9544002634226141,-0.5493692603754227
2022-04-12,0.3741865908242803,0.2772265561521495,1.2876491959085918,0.3115728943319143,-0.7808827314725851
2022-04-13,0.21398854449653576,-0.4828683241458121,-0.19344332105196763,0.5625765460563187,1.8595321043339739
2022-04-14,0.7467819182655916,-1.1352089588761598,1.5752475158664931,-0.575952674003206,-0.5121977705436191
2022-04-19,-0.34700707571550776,-0.5939557676792293,0.4196234001963994,-0.9399074253464563,-1.6395172912300715
2022-04-20,0.570578502621387,0.8824951203631832,-2.45854991063993,-0.9722948830203803,1.1481550583555087
2022-04-21,0.21317034555254843,-1.4370575604589746,-1.7552470148289927,-1.6877722799979087,-0.10539622669848636
2022-04-22,-2.748709538224779,-1.906575830184883,2.23554699269599,1.509494968087283,-1.9215018902077035
2022-04-25,-3.494517430578098,-1.6321462389440364,-2.559892411274111,2.166876141011217,1.717657857456549
2022-04-26,0.15889413884054784,-1.1596627173252783,-0.6861942149617404,2.79295128121388,1.3155720397675732
2022-04-27,1.15422162126701,-1.1522070885370734,1.1875745182240738,-1.7280302339722413,-0.6284628936827202
2022-04-28,0.5580587871609044,-1.6785683848186297,-0.445985787542845,0.2130908749897642,-0.5200503249573699
2022-04-29,-0.29664590053687606,1.6962952488596585,1.8673087797049728,-0.7596338561804808,0.6297218014756233
2022-05-05,-0.640557162942933,-3.4365633823577832,0.9897211348507025,0.29835630590628365,1.9442330359975397
2022-05-06,0.9461357730379036,-1.9534678005842427,-0.8681828856450654,0.9278559879848319,1.1423398628229942
2022-05-09,-5.1488790476223345,-0.1996418850009827,-1.070704516124638,0.4332680642834699,2.127966307979586
2022-05-10,-0.45281604498300543,0.013669261733041062,0.5397292396519421,-0.63112636818631,1.0947927214704
2022-05-11,1.3581223088482282,0.31979419604537285,-0.525165675511994,0.8782158849656171,0.14774151769257787
2022-05-12,-1.3250548116802292,-1.8594765308105374,-1.7945874782105462,-0.27114253970631247,1.5951965599665763
2022-05-13,3.0034365478160057,0.28310413752691727,0.3188959130389476,-0.34955182309814326,-1.1878684032153504
2022-05-16,1.4603289286744452,0.022093350132245483,-1.3215284635747453,-0.6035972874511248,0.6924834278825471
2022-05-17,0.23980213759469776,1.8609695181181254,2.0873445342388695,-2.1538933866499543,-0.24371302100834513
2022-05-18,-1.128293377064138,-0.09137362580987769,-1.1639683780295453,0.5009205620429967,0.35387950976883176
2022-05-19,0.38668061950556687,1.9857132756527598,-0.07123656267650662,-0.756846925709107,0.8146361178403265
2022-05-20,-0.31830120250409993,0.2772472327186685,1.5928031088071826,-1.2472473464466014,0.702814738528823
2022-05-23,1.5754867852900118,1.167254601122554,0.2611061052637393,0.10344872759814304,0.2080696722874797
2022-05-24,-0.2960954637918989,-0.620400016794728,-1.3143965673274465,0.854744487940576,1.4781314880255891
2022-05-25,0.9931790339585997,-1.2300359635384166,-0.9769890406337214,0.5963980538037158,1.4864776423524428
2022-05-26,0.8186053325769155,-0.3502797995818249,-0.4078827770311266,-0.07497975964714618,0.6504335553809322
2022-05-27,0.36860570545839516,1.392488158765686,1.5632474079793153,0.8195881503972374,-1.8893113613316315
2022-05-31,0.04006859113710229,0.23465039618792272,1.758372599805872,-1.9789266656356113,2.3275105882299383
2022-06-01,0.5526798019643633,-1.0553965353635792,0.9544365212429062,0.9084541147652045,-0.32997789641403624
2022-06-06,-0.05143280959748012,-0.3870021002455467,1.4396467602863459,-0.41708518689178475,-1.2863688620599398
2022-06-07,0.7000164855513735,-0.6279052737736333,-1.2719032097814087,1.4074255460944485,-0.45896607606757317
2022-06-08,0.3756340062107234,-0.7448191905978537,0.5970037545179447,0.04190173865876443,0.9718999999111304
2022-06-09,-0.47176869716716896,-0.9047300921643772,-0.5752424429563586,-0.7365157785781414,-0.158923109049811
2022-06-10,0.7543268471820899,-2.664583059622003,-0.5372650346527549,-2.1203815332380054,-1.079591500287368
2022-06-13,-1.8510692959452468,-2.6108136371051027,-1.382285663268167,-3.2852879906626646,-0.19418368398758587
2022-06-14,-3.1098447262147815,0.07665142778540578,3.690587105695312,0.15653197363860635,-0.7434426635633653
2022-06-15,-0.6886796107350687,2.583255171604907,0.4055789775290461,0.9709047515907595,0.37129355992015095
2022-06-16,-1.7561991400839911,2.204303803351664,-3.245823936867256,-1.5666295314108505,2.7469097973199963
2022-06-17,-3.508384952265799,-1.2574515342075823,2.74321788370995,1.1509488232730964,-1.1010311678150746
2022-06-21,1.4252720207963632,-0.38011745896111804,0.2907425982222098,-1.0192778382037346,-0.38483592617540796
2022-06-22,-3.30673055910058,0.2860550650184672,-1.1638766796793836,1.9555952976923718,-1.0619771001423608
2022-06-23,-1.4303818192941025,-0.08446058832596448,-1.001119497377601,0.7317025780749744,-0.4301528140077214
2022-06-24,1.0369240297225502,0.28272269525565896,0.6235936982224601,0.1686672491137832,-2.2876356713879025
2022-06-27,1.19677079915642,-0.4555059878002961,0.7850037634003164,-0.6528829707419581,0.39507532033714987
2022-06-28,1.47212588937766,-1.0411689557433894,0.23134795464701166,-0.2287362847949937,0.7078564372898039
2022-06-29,-2.1368418911570495,-0.5267618288624591,-1.3844543337364208,-1.5305281197400762,0.5173771151065615
2022-06-30,-1.0800679394970936,0.8405557612826052,-1.177482426863314,0.9503394363982504,-0.06198991121858061
2022-07-01,-0.0013927877472651891,-1.5656082338431387,-1.893740210213306,1.6494757374728168,-0.5292528900438833
2022-07-05,-3.824921847965918,-0.2886040538322215,-0.1638317873857976,-0.17054098128372644,-0.9669130850682892
2022-07-06,-1.5407254890429458,-1.0215782564586238,1.397049287667319,-0.21559853872443155,-1.265039852695257
2022-07-07,1.9377171836323375,0.8309316386377399,1.4276503086387224,-0.3698458963313351,0.7102155628289647
2022-07-08,1.0688549203345519,-0.993915991210208,-0.008115403980948085,-2.7961660146568095,1.291335362014478
2022-07-11,-0.6617977881194838,-2.3201588027913984,-1.058865107145787,1.880725916882017,-0.9217265597152894
2022-07-12,-1.944993932856868,-0.000742327862876812,-0.011828008578834764,0.9509341042689643,-1.9938886294728622
2022-07-13,0.8317094179453303,0.06016300918541752,-0.35476406340941147,-0.8279646641925665,-0.1258373517109759
2022-07-14,-1.2353807370800487,-1.578729362898612,-0.9841159683225298,0.24459481253438137,-0.17863805288616338
2022-07-15,1.2026826116387652,2.2695138004179496,0.6351860868135462,1.334875332157824,2.7886539708343148
2022-07-18,2.5645006462156243,0.8427020206619144,0.6953642823562404,0.2500850907795325,1.6442112917710474
2022-07-19,1.8596764722921493,1.013122255338671,0.8659358249793787,0.0819471728985226,-0.9570357663364023
2022-07-20,0.2879087160600943,-0.423462447757346,0.6974449886199059,1.443407602518536,0.574873973487107
2022-07-21,-1.80438042503225,1.200743829963209,-0.908266588081973,1.0610147073110583,0.8882857534905466
2022-07-22,-0.7677499981696059,0.5316007452105981,-1.79771856900027,0.5435077562639438,-1.4647703545697577
2022-07-25,2.1504136450424727,-0.08738397901912111,0.4809396378698434,-2.6032060014125418,-1.0326847207421979
2022-07-26,-0.29961751057912545,0.13651547230055908,0.40993155409475796,-0.796878216703803,-0.7119544888018603
2022-07-27,0.9718511948968521,1.3336099041713791,-0.6734274914228835,0.6036091738356033,-0.6341272026772331
2022-07-28,0.6100326486598382,0.7854276240975181,-1.5375532030924548,-0.17125326974873828,-0.5698156199265964
2022-07-29,2.118114478048029,-0.17763453251102132,-0.9640199414260989,1.0775814306673641,-0.22126880864593917
2022-08-01,-1.1588827564988762,1.8957808045963283,-0.9504059591009651,0.055644727045384416,0.762699440395382
2022-08-02,-0.48965306296108424,-2.214676445531984,2.2467489877271465,-0.44500210660727274,-0.9901344128432772
2022-08-03,-1.0656311969392414,0.2265428290156036,-0.3887745395851354,0.6514374986535537,-0.348725166054056
2022-08-04,-2.5326548428599476,2.8634716845201504,0.841103213497206,-1.1520632218399725,0.17382294060043788
2022-08-05,0.6331512377720014,-2.305176000994553,1.6369221773482965,-2.294307509399435,-0.47987464460827023
2022-08-08,1.2083913329727323,1.486889890998043,-0.9387283146291697,-0.9278774662778073,-0.54882230883887
2022-08-09,0.7894277363026223,-0.3314069957367574,-0.03907714550233116,-0.013702968992513916,0.03974476321319758
2022-08-10,0.4090814829565601,2.6293123190886636,0.1098643946457986,1.301328903097208,0.19626728943122404
2022-08-11,1.6442877743503423,-0.7390608035562722,0.8593106145258989,1.1428217867160666,1.152191927632578
2022-08-12,-0.1588717213229193,0.09713774233139616,-0.22599356772604787,-0.5263133280198333,0.6332104329585495
2022-08-15,-2.6773830038422703,-0.5602177159377407,-1.223909728901069,-0.09506000216409721,0.22265650928444675
2022-08-16,-0.14039010887872302,0.2883846872684452,0.40148957728339474,0.7083190612231888,-1.4359922726453231
2022-08-17,0.37370943335298296,-1.9320491079085984,0.7347291122251958,-0.6535555136081656,0.5083995723526986
2022-08-18,0.6812929587437754,-1.946311661117625,-0.7544463877533787,0.7032064159884426,-1.5039135947912174
2022-08-19,-0.29990184818992227,-2.1346610142701663,0.33118799937628957,-1.0567038793874985,-0.7238313203138963
2022-08-22,0.6403681613210915,-0.5683643582868121,-0.5175937977607915,-2.0959572365974855,-1.4629363423738129
2022-08-23,2.623030655398431,0.12573582721460308,-0.49377943771785654,-0.8169484850524035,0.804381072130376
2022-08-24,0.4964899377290408,-0.850493003170283,-1.0327013393120272,-0.5664841182760183,-0.6360842299062257
2022-08-25,0.22501366174946535,2.054343851250433,1.4649231442811315,1.645937912683151,1.4502153199028698
2022-08-26,-0.3958530257957849,-1.1111130691825895,0.9451760636769733,-1.382423262875384,1.393281046831459
2022-08-30,-1.9823619933340382,0.7049637818058275,-0.5409023525177405,0.9859654933755386,-0.2577459294867681
2022-08-31,-1.7120977814804859,-0.4690784374729669,1.3682009316472843,0.18424840959995928,0.7154772298232012
2022-09-01,-1.7439979218383723,-1.2149638620633987,1.038681505414563,0.08482672210720861,-0.45415512038747563
2022-09-02,1.3274339625668283,0.7679251280391887,0.28640023929346,-0.3061603074224922,1.1856555884818523
2022-09-06,-0.28184281609006984,-1.6978065572996999,0.9952857453962396,-0.34828191765331024,-1.267198835494759
2022-09-07,-1.7070784288299514,0.37755212680290634,0.39796000466962905,-0.017761238005457442,1.1478929977508283
2022-09-08,0.10784510894748432,-0.08016395703568491,1.1069968776221382,-0.6997251331163283,1.735755634516887
2022-09-09,1.574396520718779,0.13190685958261644,-0.11301414670018743,-0.6749328674372673,-0.7165866800003059
2022-09-13,-0.23267226997435322,-2.9515405400613126,-1.169281827187088,-0.5638682089400996,2.2421465781694385
2022-09-14,1.5435860452189119,-0.9824960817210315,-0.9391129046642612,-0.16282507573259505,1.6741454617505391
2022-09-15,-2.0141148977080334,-0.5648071291903681,0.19232978929358008,0.9781710441727225,1.316564034651804
2022-09-16,-1.9551580155169719,-0.3341084953075344,-0.06725213900494482,-1.2349263480154082,0.06217728674935895
2022-09-19,-1.0058399616211526,0.20525770397440785,0.19817530794442723,-2.683358687580269,0.21727822481828052
2022-09-20,-0.6541721174799089,-0.5454796588643844,0.6875787930127489,-0.5588830103881977,1.4284903499308206
2022-09-21,0.13638167044038232,-0.16534488934199812,-1.1588190148393525,0.55254327639195,1.0457338632334654
2022-09-22,-0.8427982568038331,-1.450375299280449,1.7192979021265784,-2.296336454987276,-0.5377701222652462
2022-09-23,-3.998817522235386,-2.071602794324386,0.12157888711085721,0.44895086527253186,-0.45435064020589155
2022-09-26,-2.8305958712070365,-2.168460853585973,3.243520822274425,-0.5231010062275714,-0.10026766647730286
2022-09-27,1.291246650275476,-0.12742123022611737,-0.24006051734457456,-0.46451383521792244,-2.1315728390164344
2022-09-28,1.6739649832495493,1.5875468591796342,-3.7525127414230397,1.0595320737564693,-0.18196692584648086
2022-09-29,-0.9516727898591748,-0.3938444316088098,2.2108792004169078,-0.4332129964674321,0.17821403479635362
2022-10-10,-0.5538915617104748,-0.8349668374558893,-1.461202837106384,-0.15227112673534948,-0.24078064798552745
2022-10-11,-0.83299068832346,-0.3072804122753056,0.18672636885046734,0.9720943709764883,-1.9731398657844852
2022-10-12,-0.367353565895759,-0.13095415584306755,-0.27611513660970166,-0.8640056130246516,-2.0694627580219747
2022-10-13,2.1682699966118317,-0.3418112521523893,-0.9421112961885987,-0.2141005573247095,-0.9140138513076618
2022-10-14,-1.029991424758208,-1.2952269249397144,0.9617122659511141,0.11724801073068179,-0.8347135887324446
2022-10-17,0.8790362077810412,1.3563213310503879,-0.18686421886794677,0.47087435702189157,-1.3791805249825162
2022-10-18,-0.36740942270052923,-0.19585207815227837,1.0072572283435306,-0.616942089958728,1.8789293331531793
2022-10-19,1.3553101074621108,-2.4957510749702645,0.10899538244131506,-0.3572044300211815,-0.1835588478241029
2022-10-20,0.8902808539076639,0.20190797461127466,-0.025786857767549652,-1.9339502905343238,0.4334241440232573
2022-10-21,1.6734312984288149,0.17231334080549807,-3.7941499975606994,-0.4636138373216519,-3.2786754738813655
2022-11-01,0.6625499252688376,0.6145323937996952,1.4960676422789778,-0.7685604265186367,-0.5800661548918999
2022-11-02,-0.5645769287936194,0.41353991166746645,0.36365423493077215,-0.9683326810063287,1.2484134067602033
2022-11-03,0.060679752615849465,-3.010500358505788,0.49288452713311093,-1.812796956818321,0.4564291449728999
2022-11-04,1.9743901509923503,3.9679907531126215,2.307814797168765,0.5601180955622047,-1.0069098538110144
2022-11-07,0.4806853702076516,0.6747162566155487,-0.35475877302863695,2.5683848280364985,0.4622454650495071
2022-11-08,-0.5304447278617072,1.5037937323351835,-0.6303012456564447,0.6974773392702731,0.8469900234790824
2022-11-09,-2.7596110997094954,-0.42566515281851125,-0.602046121921724,0.1976841872831829,1.7501916994736437
2022-11-10,-0.11720747490801306,4.353246147615591,-0.7827984001466177,7.68664747137978,-1.714679378277695
2022-11-11,1.1847681865895052,3.2407078968933223,0.10245377457493185,-0.24041048971536028,0.5058159894952613
2022-11-14,-0.3771637021567289,-0.3081950070811493,2.513233242907862,-1.0685743823869744,1.392212528324397
2022-11-15,-0.3210245062517777,1.1841199921587233,-0.019796149259594963,0.0743862341499528,0.938455799729697
2022-11-16,-1.101079693886256,-1.2220527816275464,-2.423582696880584,0.4201408771376123,0.9274897399891109
2022-11-17,-0.5837864112296774,-2.034095013488444,0.36284796765294663,-1.111670573093684,0.5931973742019684
2022-11-18,-0.9787939136225501,-0.03140824727898305,1.2261170288367098,-0.8883300309995928,-0.10695008143891765
2022-11-21,0.0974698440023236,-1.477730440982794,-1.1519989963623734,-1.6281477288438864,0.5607010020767772
2022-11-22,1.4654359793860723,1.1259987722047726,0.6681482930611294,2.2268265174703537,0.08092192501546812
2022-11-23,-0.47220209299509364,2.688641151000981,-0.940425663584449,0.5323902813359257,0.6138972080681483
2022-12-01,0.09293120258494653,2.0052687029005103,-1.5868258768172787,0.6183103011272744,-0.0027484255409671553
2022-12-02,-0.5750938794461141,0.2752727175186205,-0.504650714261735,0.8050271282011022,-0.12468100310367655
2022-12-05,-1.625076849000337,-0.2918490904655136,3.674688908857378,-0.38102578826775896,-0.3650930036294091
2022-12-06,-1.4062889362738817,0.789854613661295,0.276767828315697,-1.1893365774535674,1.8047166239913695
2022-12-07,-0.28729275733486653,1.3155224104581051,-1.232727021644971,0.46842825117963793,1.0104834944147685
2022-12-08,-0.15330902296574306,0.2107120569395927,1.4610034317685356,0.14877786882910374,0.317347203690335
2022-12-09,-1.004689934209601,0.824944002125694,2.014097183643266,-0.8465041859494141,0.4662270877611348
2022-12-12,0.5960998769109508,-2.588806391701403,-0.7582262982009779,0.3191081512873701,-1.3920047698653435
2022-12-13,1.140459660061751,2.20129687847518,-0.4818667912265767,1.8802930758935383,-0.036967628158576
2022-12-14,-0.19506749449629934,-0.30163849400534665,-0.10971181243855657,-0.018763269109386912,0.6209587779768124
2022-12-15,-0.9008007227761032,-3.0383643628819326,0.4482151191816733,-0.06505850726350139,2.310636455960518
2022-12-16,-0.8351385150157853,-0.6006039457343576,0.21537165712191478,-0.7944219780025934,1.359674880357036
2022-12-19,0.010351533798789694,-0.16606964205426358,-0.15847446525628542,-0.867288144434091,-0.15500015270949938
2022-12-20,1.0401738675176893,0.5648573145179004,-1.1984114647908586,-1.2323756662427088,-0.3653613805732985
2022-12-21,0.5851408153882754,0.46603693773429045,0.4600240337585591,1.4063751480832274,0.924743558734327
2022-12-22,-1.2629974468681482,-0.9477814262454755,0.019196616027828114,-1.4482076616620776,1.2880667587586898
2022-12-23,1.0975013267493177,-0.44449529803242444,-0.13403797224194472,-0.28377016603368477,-1.024138794718857
2023-01-03,-2.8485286066903184,1.1276072197874865,-0.6063844535590664,2.329144588342061,-3.6372977168631317
2023-01-04,-0.3655539511915716,1.4226044113333163,1.4625676452730854,-0.6481652091546974,-0.9853790474722474
2023-01-05,0.6050785727137296,-1.4422853210531763,1.3562948720556565,-1.9295749732091494,-0.06933128226051109
2023-01-06,0.8456667433675542,2.5102273915844218,-0.516403260373069,-0.310769258978506,-0.7394101555451836
2023-01-09,0.04339528117328061,2.595669183066471,0.5000649776477071,1.4389759437193217,0.36761576675348623
2023-01-10,-0.1827315960559124,-0.728571179010133,0.3895596114022236,-1.8671104774113265,0.06485617417257103
2023-01-11,-0.10026344881958327,0.6156450452297978,-0.287983397180982,0.16903293248243548,-1.062297776382196
2023-01-12,1.4187275028575066,1.1825400382945404,-1.7204423125636554,-0.294328774800513,0.1727199152319708
2023-01-13,0.11804720376925182,0.576922811887203,0.3036522544745184,-0.8740538937053135,-0.6748479674561068
2023-01-17,-0.1778377758950323,0.06548379536731526,-0.561643249494782,-1.6089433593109108,0.6566778373891089
2023-01-18,-1.57716388670979,0.8004685562234656,-0.7364532143749413,2.4443965334540114,-1.3596691211912169
2023-01-30,-0.824341488436556,-0.06507640746673023,-0.2204103515629327,-0.7265975804660078,0.5715574795461109
2023-01-31,0.46663374188949297,-0.5275295334128511,-1.0583459657084984,-0.16907680696328065,1.3552839122976148
2023-02-01,-0.7131204456745229,2.636623929585986,-0.3376809726695227,0.3060101407028653,-0.2309610710219515
2023-02-02,-1.371960875085315,0.6317866134093975,1.0959220094662856,0.3131874511097165,-0.10777764811071383
2023-02-03,-0.4244889013119655,-3.401409222448254,0.40384738722299574,-0.1385409542673824,0.05629637336017326
2023-02-06,0.13710868061056694,-1.6057647767025116,0.03197851458547143,-1.468878205915133,-1.0766444063958658
2023-02-07,1.7726245952086714,0.34290796623216135,-0.5113343825436366,1.6230903119048223,-1.1699508505120864
2023-02-08,0.07893767249056838,0.2244470742060722,-1.4017413070453035,0.2762745207991265,-0.0513716507963169
2023-02-09,0.3482514535806391,0.1723745842895585,0.8146398984806881,0.9443894660015801,-1.225608920705629
2023-02-10,1.7600462036825943,-2.1021267125109517,-1.3615295014807736,-2.006634053534319,0.5379519270858183
2023-02-13,-0.1383525957030489,0.9972819921174854,0.6318065669026414,-0.6589375788853438,-0.1906578747362839
2023-02-14,0.4813165880032384,0.4195725655814419,-0.30067802242794295,-0.4436417725454101,0.5246565784881944
2023-02-15,-0.6338955105472014,-1.6123605137201578,0.041715475672120014,-0.0035832991894350847,-1.0190164044269652
2023-02-16,-0.5987567591797749,0.4638850573087998,0.10738051226314406,-0.43668141892696133,-0.1246045575040975
2023-02-17,-1.843466829873172,0.5650819699760915,-0.6535969077420831,-1.315889314255302,0.19750745129530878
2023-02-21,0.6740282073778046,-0.970958039910164,-0.520797104086181,-1.684645722291475,0.7474420535001851
2023-02-22,-0.8267802559857792,-0.7876637932698732,1.0723109406512077,0.16002543735238148,1.1260612208802765
2023-02-23,0.7309557488982987,-1.1319999509536196,0.2961223830101946,0.1827079981129921,3.216986093627498
2023-02-24,-0.5930593633500743,-2.83364124089998,0.12987569677790248,-0.2782237032514094,1.104050371707442
2023-02-27,0.2666543954416146,0.17884930722275158,0.15062317551943671,0.20792084183292206,0.01965745658452618
2023-02-28,0.016186205332667528,0.4971031529581369,-0.02737258936918661,-0.07244609058023689,1.0223230454385357
2023-03-01,1.4709978470744178,0.7905434348028654,3.0998101220175136,-1.0791013226040915,1.212608306490161
2023-03-02,0.3808169036144593,-1.2765525402706777,-0.3915778742874613,0.46800308825579373,1.1438343359645649
2023-03-03,0.961964909833728,1.4039967261410318,-0.6161624198967143,1.1897602969384353,0.923242690543183
2023-03-06,-0.3248627789714925,-0.490403079965228,-0.6044618567225644,-1.2194499260647351,2.2453574138695362
2023-03-07,-2.7755683282608943,-1.9327822218237147,1.1195439708668486,-1.2394155387869534,1.2189899041304944
2023-03-08,-0.8647576312450594,0.4149265942729571,0.6156463376075147,-1.5275076551384035,0.016091006122488098
2023-03-09,-0.590072060995349,0.8448045451835061,-0.4912828146472506,1.1142032393558792,0.6369729740729358
2023-03-10,-1.0243651943853433,2.0607484468336064,-2.1301074833358076,2.6374343076905125,-1.2238209250869052
2023-03-13,-1.0290439665717335,3.3534375983282536,-0.18285372758483784,1.9241878620963406,-1.118999075481319
2023-03-14,0.7164306930488706,-1.4386532798439635,0.6354842902985602,-1.5108191217085427,-0.668835415538524
2023-03-15,-2.704091935057276,0.10347014755737452,-2.4979717054376986,0.01542468198241539,-2.184612820844455
2023-03-16,-0.06032446428091251,-1.0385121522147793,1.9862432874863931,-0.7025301310391082,1.224573884573883
2023-03-17,-1.0842050642801337,2.25036523271678,-2.1041102484530683,1.6232398230241474,2.1482903496136028
2023-03-20,0.5925170179600081,0.10562145839053068,-0.40614234969680735,-1.3598614700299008,-1.142046102027465
2023-03-21,1.1055925967012044,-1.580221433847384,1.9569129507983443,0.9675807667942004,1.244460639654289
2023-03-22,0.5006700555835472,2.1096579730301124,-2.042292392588517,2.185726263280327,0.7954989766848174
2023-03-23,-0.8513642132906425,1.2679021564361006,0.21004403308206673,1.4220426958868546,-1.4940837113209513
2023-03-24,-1.4072019471511155,-1.1131510161718985,-0.8594875902122737,-1.8544146729134623,0.7502687775337937
2023-03-27,1.9570604381759724,-1.2782969582534962,0.09937240617939117,-1.907195443256871,-0.35873501341393105
2023-03-28,1.2000228865926785,0.9874004426762676,-0.021753598262110704,-0.37251325106662003,-1.5696208851263689
2023-03-29,0.6171084089304183,-0.8461975642373057,0.7798790902477086,-0.04297549698768996,0.9712565118738695
2023-03-30,0.3160417346247836,1.1332453656134813,0.33255412149947416,0.6957591277524101,0.8719466106064189
2023-03-31,0.2773343003149707,-0.6726336819799161,-0.11138207888645697,0.8018384244183506,0.16395171398913516
2023-04-03,2.226913463145229,-0.6357684451761378,-1.9596154071367886,0.16796156151083463,-0.16369140327530088
2023-04-04,-1.3457900044638096,1.1067974987140126,-1.3544202158979404,0.2071182122263125,1.0025910889269944
2023-04-06,-0.5579666000003035,-0.9150377745330209,-0.033175457482711605,0.21560329173021947,-0.11531757385960242
2023-04-11,0.439714460515578,0.9405310865727136,0.19954923759637544,-0.5622324959052231,0.5948204401229387
2023-04-12,-0.27188976780440116,1.1833156172962223,0.2644645968473912,-0.8355714708692797,-0.6562958302827591
2023-04-13,0.5187453519095074,1.486120124895554,0.7085068726911207,1.2556518282553666,-0.7903597188818563
2023-04-14,0.29620771634059956,-1.2140125249175422,0.9185486120890095,-1.12471274364954,0.9284841537404802
2023-04-17,-0.2116159389577725,-0.6741060057678397,0.5366639772105011,-0.8791354327772871,0.08111911270897702
2023-04-18,0.31420114426355245,0.7050215766103423,-0.38496732429342806,1.2057778384148616,-0.026855405169962137
2023-04-19,-0.6789104328662389,-0.13064781434059133,-0.19508369244774149,1.2550964309710626,-0.19612376212494295
2023-04-20,-0.5585756030399845,0.9876489112185182,-0.3904961456843992,0.28461585282600554,0.6896016128036979
2023-04-21,-1.4229154877611225,-1.0574739993138407,-1.0326822242074305,-1.0899638975110586,-2.609381634182859
2023-04-24,0.8670187955860666,-0.38956373807455347,-1.740567498988072,0.25869570663176056,0.6074061339725874
2023-04-25,-1.6640679261312796,-0.25544912098554484,-1.4316261106728707,-0.01871871434331034,0.75763262958766
2023-04-26,-0.5044600398583367,0.27469568536076405,0.7275545689826007,0.44851040984178236,0.47816764805146106
2023-04-27,0.14964620950821717,0.1876308225341631,1.2441729411960856,-1.112090498109594,0.15591335207811555
2023-04-28,0.5073330570093766,-0.6108147665227636,-0.3739811847812462,0.29460411209223075,0.7852457870700214
2023-05-04,0.0023014152480864644,1.143940999090932,0.060016019124773015,-0.7523197415440664,-1.6651770667288908
2023-05-05,2.021202779957132,-0.9397252835521868,0.4848249810197297,-0.782464557333795,-0.3962708735138233
2023-05-09,-0.12244416433970626,-0.3712692649056089,-0.2864978855535618,-0.9433548631957008,0.9207837668473248
2023-05-10,-1.3630842147935283,-0.15689024230954784,-0.16402456777587246,-0.37841434618634284,1.412530441365682
2023-05-11,-1.693973436818386,-0.922545066513547,0.04460135507035488,-0.624515537818325,0.9451444537260916
2023-05-12,-0.2901680234146896,-0.8136298080676929,1.542458526094442,-0.5039565121709746,-0.7155184308072372
2023-05-15,0.8139110207188914,0.5786793503275502,0.5317609995147013,-1.2377073718113756,-1.3098653882753573
2023-05-16,-1.7255894493305992,-0.5311920721411203,-0.85462428274283,-0.01421303934126249,0.0885468312098512
2023-05-17,0.8308343839682013,-0.7770109894206548,-0.027280613142593387,0.20937750675053,0.2819945128627843
2023-05-18,-0.2976370256298637,-1.0425422108879439,0.4952378660199697,-0.167836487913942,-0.04803568963903925
2023-05-19,0.5798127908263846,0.7079410652006467,-0.33494194954221357,0.4365281796296734,0.2661312074299256
2023-05-22,0.11460471863983047,0.12192298533057944,0.9856680109879159,-1.039697445178913,-0.8988834427618637
2023-05-23,0.551746220631472,-1.2832311097885347,-1.4748764925803513,0.5011764068307443,0.28071129895744334
2023-05-24,-0.4629661207738232,-1.4709598982325724,-0.27343751543666495,-0.6933151178402793,-0.8839726986829799
2023-05-25,-1.505649904594151,-0.9511552860050609,0.7087424941260093,-0.2961058760299726,0.4564868951969386
2023-05-26,-0.13723599031283099,1.415105776266092,-0.8288548932199478,-0.8715262996047959,-0.4347404727838895
2023-05-30,-1.1830613149714253,-0.2200791577498044,-0.9807219448842145,1.2596027305182231,1.4094921996735197
2023-05-31,-0.10087792304524865,-0.7903419214392351,-1.4078272445663758,0.16008723296355332,-2.301871906125582
2023-06-01,1.0769555120578884,1.1659204221369082,-0.6113993179324626,0.5648805548701177,0.31161553032877737
2023-06-02,1.509250666073591,-0.39426336528640554,2.6120304928255917,-1.050258568709548,0.2786555852683422
2023-06-05,0.07325967134398144,0.3845951577528851,-0.6407452841763562,-0.12004648371949857,-0.06000401021623893
2023-06-06,0.002661610222065288,0.2871890963189047,0.25905104151396374,-0.12745890274865748,1.1619560349230416
2023-06-07,1.406438592391371,-0.8492764602810262,0.7843334086596518,-0.23072771868363745,0.5748770265784767
2023-06-08,-0.20955189699516857,1.7295315766789432,-0.376539485364875,0.8055723828863547,-0.9103761764245659
2023-06-09,0.1906947336418868,0.17970522491672214,0.40436795296911543,-1.4852447714537098,-0.8365356187952984
2023-06-12,-1.2759956168929778,-0.2279506124934359,-0.3887780899620546,-0.28365342365477064,-0.7434047566682671
2023-06-13,0.3641432765692137,0.198026992289185,0.5522359062259328,-0.034926472862474016,-0.16601332741173688
2023-06-14,0.04916297313067124,1.3015193954440052,-0.5571296174806122,-0.7850116740434845,0.1470259269948319
2023-06-15,0.8911661046802006,1.1427209514074241,0.7762978337039304,1.1804602511250746,0.32551955646731995
2023-06-16,0.0708565875187744,-0.3374663614078934,1.253070959723313,-0.12876765404292206,1.3922327745820438
2023-06-20,-1.8732302123290938,-0.19755728386424226,-1.2782619491692702,-0.4406548764612133,0.06457848533837748
2023-06-21,0.866981919190625,-0.40418912023898984,-1.2587867481154893,-0.4616566259566661,1.5644244705052988
2023-06-26,0.6697690843970547,-0.5572985076770295,-1.0762312760450574,-0.18029952898514542,0.08161849511249873
2023-06-27,-0.6502464444068626,0.9207946660325879,1.9793949209291664,0.9477385662375898,0.07738389558511341
2023-06-28,0.034784447191007976,-1.1858719446589734,-0.41343289851132453,1.3268118728523608,-0.9336357773746354
2023-06-29,0.5182824266091949,-0.9826224112411129,0.4164220354873582,-0.8021755285594716,-0.14356009497571826
2023-06-30,0.28341387490138414,0.8570848319672584,-0.2791513170720583,-0.8720503695903579,0.4528248463284289
2023-07-03,0.45317130340298234,0.7066186262030241,0.698184571509788,0.5712111502488607,-0.5146064337550963
2023-07-05,-0.5086632320039506,-0.9516206806259492,-0.3521082739584348,-0.30783843345404155,-0.30608822274024955
2023-07-06,-1.3814264554154851,-0.34400016843867737,-0.5983398473896531,-0.8275128862950942,0.7439585274848778
2023-07-07,1.4290910325659014,0.4380111281533789,-0.46250227874395405,-0.08744795958027625,0.48017168655626447
2023-07-10,0.05687434634574153,-0.20796811745330168,-0.7326891687390436,1.1518117283772722,-0.5552387630603833
2023-07-11,1.0447473735809787,0.4386220728355543,-0.026903440111996333,0.34387860190720376,0.07853990102227651
2023-07-12,1.0212106728082224,2.692092465616366,-0.5061031412984851,1.7573658562787202,-0.22691625703735716
2023-07-13,0.20502646356360527,1.8967517859619372,-0.295978074452492,0.2029512899468655,-0.058839777734593805
2023-07-14,-1.6478350381484321,0.09688652804356068,0.7089035291227558,-1.6381736841751997,-0.5165326540972357
2023-07-17,-0.6054603111626907,-0.2461180551312403,-0.777678556277831,0.6145842004396372,-0.6254622613571518
2023-07-18,0.25164596776728704,-0.025368434856271025,-0.5474890616132327,0.5209802213669146,-0.12933646630421777
2023-07-19,0.26966172755361173,-0.6364725439317067,-0.40279167090343093,-0.018671174332172486,0.09505349440780052
2023-07-20,1.082643655915842,-0.4822943646130203,1.21777053342321,-0.30060735489243495,-2.008674162250997
2023-07-21,-0.35362930464608494,-0.5632024885257171,0.8663202502005821,-0.4521991206035154,-0.8238559620749953
2023-07-24,1.518282075907729,-0.21105408414176788,-1.1035879863846756,-0.916253580214163,-1.2328721187424492
2023-07-25,-0.015446103563244848,1.2072546040257706,2.1386939109930676,0.5835515597632772,0.3665485895859602
2023-07-26,-0.15542117553655996,-0.16244861973105143,-1.0516861120613072,0.4325742232281546,3.240490994667927
2023-07-27,-0.021331086142235556,-1.6802257446458606,1.5466932975765,-1.0493162386371493,0.6862958269706999
2023-07-28,-0.11835151320452941,-0.07096415286067129,0.30257636657236026,0.6678765490814207,0.6191944389917192
2023-07-31,1.2370666837605715,-0.6208765966284917,0.1455788799171229,-0.6193585977135343,0.6292693116307332
2023-08-01,-0.9788825096871582,-2.096709980619367,0.35614741255667887,-0.06490853883835249,0.30211418076198926
2023-08-02,-0.8214131948190735,-1.5862757466686912,-0.23581329800240025,0.05562971559497124,-0.7705549694301215
2023-08-03,0.382780817969362,-0.4693267059221701,0.9212363182429839,1.0346470330185094,-0.7199242330906241
2023-08-04,0.6460965081854686,0.5468149261822449,-1.2549218701043579,0.8377142650627383,0.8022902442386523
2023-08-07,-0.28508857428024104,-0.6819272890725955,-0.3226653704967555,0.01312057903379651,0.10088224371297276
2023-08-08,-0.3317797553394759,-1.3428770869556965,-0.6946139460429132,-0.4446641193991624,1.0677490079561553
2023-08-09,0.7131338419218506,-0.3779889867196166,0.7065436850881855,-0.03548739524192416,-0.08049101546499282
2023-08-10,0.11355032951226478,0.4416517235886955,1.7929648778858982,-0.11913144207088429,1.1363588492951724
2023-08-11,0.28895551358582805,-1.9832149928726681,-0.8612972411294291,-0.24350546138141646,0.37592579633705736
2023-08-14,-0.5347544587996129,-0.30115891421394353,-0.2749965073937402,0.19231399930616042,-0.6311045850024742
2023-08-15,-1.1367499454078058,-0.45870348608444295,-0.16219655517727496,0.06423236334973148,1.3875623829798103
2023-08-16,-0.6159763766236662,-1.0070246554511868,0.36164594678577444,0.11724299188948265,0.6431775404339074
2023-08-17,0.6262722837224893,-0.4585999430491813,0.049977091810972804,-0.34205688759303793,-0.5492516989223348
2023-08-18,0.15147563089596894,-0.1007583786028084,-1.1293581204069836,0.03762686404135887,0.9954419962995642
2023-08-21,-0.5317348834710478,0.4215306184104785,0.11211239871304116,-0.36311750593777914,-0.690308649271827
2023-08-22,0.20324436798496917,0.46428701799272326,-0.2535644347052424,-0.7543782307318886,-0.1821708949913024
2023-08-23,-0.22614145734317168,1.7770104490664085,-0.7376728166677887,0.32907388876434246,0.6779400045772341
2023-08-24,-0.5206790703550271,-0.5144006796654134,1.4429665358818173,-0.7421081899085376,0.6044868793429612
2023-08-25,0.1469337659953147,-0.887062260059589,-0.3762766952758374,0.014596670165954388,-0.5455969623153203
2023-08-29,0.1053646486220263,1.16950627102233,0.17714916164512393,1.1031738201768264,1.3326825490137664
2023-08-30,0.23253931911235245,0.10836577081913616,-0.17128915828663271,0.6608866370662234,0.9510248483666179
2023-08-31,0.014329477870535184,-0.340889157039071,0.7463023361272942,1.0933701939452865,-0.9132600942474167
2023-09-01,1.028698855627841,-0.8796879309568973,1.2560341498807568,0.05065850683328923,-0.7330800831209672
2023-09-05,0.4230311697862016,-2.0116189069483217,-0.7637792620029312,-0.27826767782249884,-0.4588646272193568
2023-09-06,0.22248027319939226,-0.24815648028665768,0.5856547826715677,-0.6740966952853453,0.6846884646945581
2023-09-07,-0.17208791176299007,-0.7069074852651108,-1.0167580820534323,0.7970559577231798,0.5089805951124343
2023-09-08,0.5627755693629639,-1.0276412122415979,-0.36257893178785994,0.07247951560453,0.25977840972146
2023-09-11,-0.03640218980472154,1.749467948221574,0.22047561168309468,-1.0115669700593972,-0.2747734761168598
2023-09-12,1.046857259609606,-0.8787826997900092,0.39283875250390227,0.2526915807697887,0.2585879163635849
2023-09-13,-0.29232340817967695,0.742647003069927,0.3844562035521963,-0.0006254180634180426,0.9568984008492416
2023-09-14,0.4611254453673564,-0.6653666077993249,0.4202123748302098,-0.898037866303984,0.1048538805470141
2023-09-15,-0.4400086219936086,0.5982026662212894,0.6108282416375564,-0.5428571649579944,1.2674759450156081
2023-09-18,0.24650558436237902,-0.3858663939430142,-0.4372007621148718,-0.4634652597404006,0.7185977049638343
2023-09-19,-0.1855331069317568,0.27250099721233073,0.5445569646410771,-0.14265435057163467,0.24394074076913716
2023-09-20,-0.3952766724756791,0.09469148373122112,1.3904827769162065,-0.023125896467473563,0.9745606040541943
2023-09-21,-0.5931349608642024,-1.0939706763383301,0.027302113507439194,-0.1184654469756588,-0.4160760174326536
2023-09-22,0.25934530358185676,0.08526776501485475,0.7557903896866679,0.5157064362181155,0.5677112971200688
2023-09-25,-0.10565757372507376,-1.1131196311618408,-0.007482270959913419,-0.6894637186152133,0.5738283388468732
2023-09-26,-0.027532946729727423,-0.5141495521172824,-0.08121068018693053,-0.025893010342055923,0.7128718517979913
2023-09-27,1.535707515795649,-1.566141451394536,0.6025221627021661,0.630577069992033,-0.8406348358890043
2023-10-09,1.32717308510055,-0.489803301083981,0.3485835462520049,0.3661808723627351,-1.2513799859967143
2023-10-10,0.1527633151682644,0.9062114758266004,-1.1117356863144363,-0.8618557820841832,0.9997969176594969
2023-10-11,-0.5984040867992333,0.6646341736484687,-0.182363537951055,0.7446636273016983,0.586035331280013
2023-10-12,0.33129939500362277,-2.032987712950926,1.4871590985384855,-0.9690402883153915,0.31783711047805036
2023-10-13,1.4669004635882952,-0.39741723985598143,-1.6826849947067308,1.4667507866805412,0.4031487109842191
2023-10-16,0.3995084669760087,-0.1553709148004678,0.41224446121109354,-1.252152601537424,0.009717473228651421
2023-10-17,0.2195160166546934,0.4167888079673463,1.9533185027966251,-0.6016125179639138,1.0298657235671491
2023-10-18,0.4570531425445404,-1.2182510832646902,0.890042571410667,0.04826138190597316,0.25580824069930974
2023-10-19,0.4318304465483922,-0.2991888995518533,-1.1494856579684611,0.10268242106718392,-0.7627772821438162
2023-10-20,-0.11455126143960906,-0.4828447735413722,-2.5606964948933437,-0.42648248122248983,0.00365356119613544
2023-10-23,-1.1416246455875407,0.5647390527754519,0.21688051812191908,-0.6013220737401418,1.6958443259261307
2023-11-01,-0.4457476990554765,1.0673909786236755,-1.0253449517657955,0.09528841717999849,-0.5616056881904553
2023-11-02,0.7211838572974327,1.3077904247135452,0.14945507629979954,1.1084342927403474,1.1920601232762766
2023-11-03,0.1388933800783445,2.69507222592563,0.4325020637497871,0.17911529697198117,1.606862123577595
2023-11-06,-0.34568718525671593,0.06528558606392064,0.473703761874184,-1.154311524305944,-0.5422017797177663
2023-11-07,-1.7732154585455968,-0.11440070470818316,-0.4669856942752442,-0.026574039856843857,0.6374223560558002
2023-11-08,-1.0755165506311517,-0.40436993634906493,-0.859557646755627,0.7016153541748534,-0.764940813037
2023-11-09,-0.026455940585758397,-1.0437707716510072,1.6088985790437582,-0.27937457367461593,1.2173883257673512
2023-11-10,0.27183134361551053,-1.0007650839136473,-0.7847826126442259,-0.4372552702658699,0.8730911674935518
2023-11-13,0.5048349520378693,0.09774714482943045,-0.529108989006807,-0.02070477175849445,0.6330606343179873
2023-11-14,0.39922049530125603,4.140693889333956,-0.9659793917598508,1.722567157933594,1.266282776151146
2023-11-15,-0.0650242213102626,0.28124702976529264,1.8632344266090621,-0.2512297712379637,-0.1112630768859598
2023-11-16,-1.588555227700915,0.6717901079006161,-0.9791257843810892,0.9614182859473647,1.824979873617307
2023-11-17,1.571830774574252,0.10040471451079516,-0.8367227987233462,1.137903218564742,0.11205155479992487
2023-11-20,0.39729130244191585,1.6971732992012294,0.39469236842126665,-0.7948197153288469,-0.15139896948641454
2023-11-21,0.014582901458689597,0.4316727148322986,-0.2307136223472831,0.9408595509288044,-0.21773319669796218
2023-11-22,-0.5069482520008293,-1.1428207247334672,0.46145654027083244,-0.1803268146523943,0.9142348005413461
2023-12-01,1.0441507446471687,1.8613075737477474,-1.6217148662224243,1.0049953549309207,1.0097107588806644
2023-12-04,-0.6204078858743169,-1.2040726180424215,0.4162520687418721,0.0013186051173400958,1.1343786813795358
2023-12-05,-1.3389035406262335,-0.9366136756306433,-1.7605924095183125,-0.9471661262199567,-1.2586987511173549
2023-12-06,-0.9437467149492992,1.1957743344997027,0.193449217792357,-0.7955946359094209,-0.9051169252853797
2023-12-07,-0.3407054196711865,1.6081981611361467,-0.5327637187052944,0.16149536918072901,-1.79681136756112
2023-12-08,0.6558719238714451,-1.4395363303258988,0.1059656827783921,0.26414829168469417,-0.7703001711640646
2023-12-11,-0.14185899585753292,-0.3506334737335463,-0.23379891612874723,-0.0678572112121428,0.6212438673183215
2023-12-12,-1.1563526378668316,0.4480570246098087,0.5252036279688701,0.8888088634549434,0.7915645357250707
2023-12-13,1.4800465436006685,1.959526005553051,-2.5842827556418357,2.359641126455867,0.8231118844743723
2023-12-14,2.862970444630871,1.3256845107981012,-0.9733440137976672,1.1452931808647877,-0.207715004206915
2023-12-15,-0.06077152959647059,-0.6198108018562948,0.20363329549755885,0.23338892116521634,-1.3969564778517236
2023-12-18,0.03227226327074922,-0.26736070893860386,-0.38114101893514246,-1.36062720391307,-0.5027935055739237
2023-12-19,1.199468027555189,1.1761975603939863,0.27037802888740775,-0.20629678799051612,-2.2659309659697175
2023-12-20,-0.38852091696877195,-0.5505840185943164,-0.31905916050086397,1.4665189310615199,0.2708903894139529
2023-12-21,0.21591716762516283,0.12477089700781047,-0.294117411873678,-0.8138020194738814,-0.45384722760254537
2023-12-22,0.19529598894376948,-0.2174616936758742,-0.8101866157701579,0.04205122001319252,0.766483876421507
2024-01-02,-0.2614567992704671,-1.1767920398728995,-0.11767009414352742,-0.251596147961324,-0.6929647433445066
2024-01-03,0.7093812915558094,-1.4743867146070366,-0.3205052645319775,-0.6201551034981285,-0.8294246842292928
2024-01-04,-0.5908389597134942,-0.34371574615798517,0.2932938867446686,-0.6165666139686674,0.35400356782802744
2024-01-05,-0.0355390394249274,-0.044586415553239465,0.8446006410405581,-0.25514226051402067,0.44147819969664853
2024-01-08,-1.1209036987193322,0.06890709927201476,-0.9930931368243554,0.15771546511049628,-0.8481755868020528
2024-01-09,-0.5827435119828459,-0.8097109246124875,-0.9719828866651453,0.5696096161243126,-3.2636466793401064
2024-01-10,-0.39090691646698256,0.4103010519017014,0.27900517747079995,-0.18350885176069376,-0.8300456112766155
2024-01-11,0.10010970823722119,0.2347224261477701,-0.36795241014073704,0.6069685982382244,0.4701027254114902
2024-01-12,0.17718857786768016,0.5184599840641437,-0.3470898511968001,0.4767896728622555,-0.7010056379820603
2024-01-16,-1.1668127313827803,-2.043504412912695,0.7638258096171222,-0.752629054274862,-1.6065076397863005
2024-01-17,-0.19088891718367126,-1.1635007538334132,-0.4119223671790828,-0.33567240373084944,0.4200598993115235
2024-01-18,-0.15331494038695942,0.40812114803130967,0.7629408571174342,0.315760579584583,0.36298843733881975
2024-01-19,0.19105852908514825,0.7617904709916469,-0.33487973850239683,0.6761096041989464,0.7636865441324187
2024-01-22,-0.4898204849577852,-0.14076081841506977,-0.16576172141276482,0.8897627427647902,-0.24826570699956596
2024-01-23,0.0832198045236718,-0.11825432146967398,1.1317672680506141,-0.4719674818707331,0.13931318340282745
2024-01-24,0.5414344977719849,0.6436649292913257,1.1364475796583167,0.4967875471049223,1.0810318396637026
2024-01-25,1.3008673418378955,-0.620653313313999,-0.1428066826095441,0.347184675302389,0.6484037910904812
2024-01-26,0.6703802571662982,-0.6399919547783658,-0.4003086915582305,0.020284853080786792,-0.14620408551859604
2024-01-29,-0.3974297521291323,0.4068181941221102,-0.9479030615153449,0.7867938048276674,-1.754585715406383
2024-01-30,0.34787236833556534,-0.18600511076557164,-1.092974845911338,0.520080349858967,-0.14139338424369208
2024-01-31,-0.7492619525091742,1.2552778642415858,-1.4936894079321719,1.031430680201264,0.9093330834124603
2024-02-01,-0.6855148879418694,-0.48724663250991834,-0.47516720600767604,-0.9576199390197969,0.07694277020422192
2024-02-02,-1.0152710641430178,-2.121716180157244,1.366155525022664,0.608980893047019,0.8269195260505608
2024-02-05,-0.2854262512056716,-1.4830748362524913,0.803552522321318,-0.8972382284290392,-0.2692338715888947
2024-02-06,0.8147224842718518,1.0508081895045007,0.7587357727020761,-0.2366932503344256,0.7873987976763952
2024-02-07,0.3912157074783408,-0.07766578757685175,-0.28142064460190575,0.15765145810048573,-0.690956981126835
2024-02-20,-0.4190835401472776,0.8727913657915488,-0.05553430159649381,-0.5555375507783628,0.7861698974782836
2024-02-21,0.6150974432448248,-0.9504558652728621,0.7452370444676042,-0.08593395256055739,0.37737161952987874
2024-02-22,-0.5180278709150841,-0.046612991629742,0.6204321498897692,0.4642491585579886,0.6528631845895742
2024-02-23,-0.49380503033213424,0.5385116661358722,0.08324381639482961,1.0559669906382072,0.14803759560134017
2024-02-26,0.42725161884644985,-0.7959870675776862,-0.5598945621780327,-0.6665228573099802,-0.7285003906861349
2024-02-27,-0.1162266077184518,0.7231315923333459,0.8487778257415104,-0.5199640406145145,1.4848727630806469
2024-02-28,-0.3984576372286861,-0.7982280366347976,-0.44778151289911317,1.0650471004590656,0.5802932985185654
2024-02-29,0.29494826257211326,0.7071327417597366,0.514011144827798,0.498242627666428,-0.043599832318495596
2024-03-01,0.7614924449275504,0.741487349191076,-0.6815362810059888,0.8545923604524809,0.5290308533842895
2024-03-04,-0.33166797239906615,0.16113134926190303,-0.31813365629943313,-0.13442399335610744,0.2813714851526858
2024-03-05,0.4107223059500639,-0.24796563616471412,-0.8182701569423684,0.3793872152951373,0.037575336028018935
2024-03-06,0.19607866701222354,0.8248050030630272,-0.6265349407636912,0.42702620833813093,-0.4612676644576934
2024-03-07,0.33803713984086525,1.0222390671422656,-0.5617596129883415,0.4843393922867742,0.9230925109885336
2024-03-08,0.2101141161182438,1.0726257027108823,0.47792911542906535,1.3688253313114591,1.5493866904549403
2024-03-11,0.12304327209969122,-0.7438393651716122,0.7458500244795357,-0.758400237479443,-0.12501249356124755
2024-03-12,-0.5794349823398477,-0.18110833673884855,1.894136621025551,-0.14085857259066753,1.085497797703371
2024-03-13,1.0468648629677324,0.0792597618340455,0.36757631155674614,0.17614581474015673,0.46165053934638783
2024-03-14,0.13040021151117548,-1.034072480166725,1.0681492678013793,-0.28926022802796864,0.898148279459849
2024-03-15,0.3226796034934635,-0.6968747021305947,0.09261463091251203,0.10832746752827077,0.7742388698089956
2024-03-18,-0.22712913103772306,0.05165698565265392,0.3958116800307351,0.16140561003334175,0.08847742464810586
2024-03-19,-0.09477784816840043,-1.4198232761054115,-0.21019814898855066,0.9620086924554098,-0.23226030924856023
2024-03-20,0.5575155176443914,0.7395446604117343,-0.7484705386072976,-0.26521781439573316,-1.019924260095791
2024-03-21,-0.0534084128492602,-0.16049214892633268,0.3413871652807787,0.4636107054825669,0.0034737587462878045
2024-03-22,-0.5728882506289401,-1.3935245549192505,-1.7254804667347747,0.4942806948712939,0.673066676237447
2024-03-25,0.46003042791723153,0.13511018286055107,0.6470502599368055,-0.9926759455181642,-0.4292262778571678
2024-03-26,-0.508391024897914,0.1929826558613759,0.4665601002552222,0.25881775965413356,-0.30499775503476206
2024-03-27,-0.13126495257631587,0.057559761374871926,-1.179131810721008,1.023349882593116,-0.13188483854323493
2024-03-28,0.489142911321964,-0.29917542870311603,0.01586122842813876,0.6089616653267503,0.09851071487289904
2024-04-02,1.075808136710873,0.4704798401839944,-0.2899947723565355,0.17941513470257683,-0.20491259448099677
2024-04-03,0.4830697066361681,1.2987801757978696,-0.14127247324403464,-0.03313461529453891,1.2834166742289503
2024-04-08,-0.01315729685416269,1.0489450971825796,-0.37466608033011595,-0.7559191367802722,0.7068863129366151
2024-04-09,0.040221742968832325,0.732400239625831,-0.1343962546687771,0.22450816461308346,0.6368093336467922
2024-04-10,-0.43284257386660174,-2.6674175714458443,1.723682453613589,-1.089037342060829,-0.13923289953710702
2024-04-11,-0.3096067648836581,0.28220121457605746,0.3487164777449761,0.6508328157013029,0.7142317699697862
2024-04-12,-0.3635207193951023,-0.9406969767520018,-0.9581991018337555,0.4005167717247566,-0.7745454421430992
2024-04-15,0.08215478594527326,-0.5043554118093768,0.6221807123533892,0.23854486822030577,-1.5111869693564577
2024-04-16,-0.577085408401591,-1.3721461148262286,0.8502934086355491,1.2700543515850258,0.33120630681275287
2024-04-17,0.07560036449702623,0.5924184666968547,-0.051972800571667185,-0.5956300102145681,1.2702127218274855
2024-04-18,0.18426252343132776,0.09595119676935551,0.8716648347686933,0.08858085056900564,1.0616799930337788
2024-04-19,-0.26955607035612766,0.10091034420416445,0.9220934787444246,-1.701468203771655,-1.6040925393902745
2024-04-22,0.36119334033105943,0.18406521900505549,0.34607530102534656,-0.4214533343334799,0.6870409623827686
2024-04-23,-0.14737843600231046,0.4060473948299768,-0.3076436591344465,0.03281027784695469,0.6152460193175191
2024-04-24,-0.10367477428104305,0.19081492056601704,0.902220503309502,-0.348621326190364,0.7595181371577788
2024-04-25,0.4402409019139316,0.09213300790178552,0.6813178731535622,-0.015165542590739127,-0.4845435814053223
2024-04-26,-0.5113553970295148,0.5777393989567976,0.7861038652433632,-0.19222639787282889,0.7692332202450063
2024-04-29,0.4790168514296094,1.349320121131044,-0.01214164625839874,0.4338645951716045,0.216301064413056
2024-04-30,-1.6042610956478072,-1.3307722974201321,0.6129883733785262,0.32946292083926515,-0.12746240190345695
2024-05-07,-0.6354238987291768,-0.3510179118796592,0.20919368860517232,-0.25004130640073235,1.6291358401557452
2024-05-08,0.2661066604240729,-0.6992466752958165,0.28372072093762357,0.46810324422705124,1.2195578605628217
2024-05-09,0.5852696601713988,0.6399176769366736,0.24735613721066904,1.1732687345959987,0.150872812690273
2024-05-10,-0.46916328926076434,0.02748232195449283,0.8398593335885247,0.04790636500599037,-0.46968050814321527
2024-05-13,-0.23782431294125198,0.5521247908063341,-0.2994963676427273,-0.4442549379406776,0.23170919882644206
2024-05-14,-0.05041473952483911,0.7892312254292071,-0.508791104774339,-0.05344671727814015,0.1424276945497498
2024-05-15,0.23302425645042363,1.5653217661660828,-0.7039261635630782,1.7079568547013353,-0.19474301119269988
2024-05-16,-0.010356260741992555,0.239174376793897,0.7059193669816359,-0.49637589216800815,0.4594844984499356
2024-05-17,0.8952408591170461,0.0816366179181995,0.7124191195522299,-0.3226787893126258,0.9051251415869838
2024-05-20,-0.2610342249355619,-0.1248572354480385,0.16411737510449356,-0.0837919543290822,0.5024539013959695
2024-05-21,-0.15695409641961608,0.05296846747110368,-0.06103196137888829,0.6498261797648576,-0.5004140415671376
2024-05-22,-0.983020669060698,-1.0752867715638559,-0.2953880864314122,-0.005940321054125115,-0.3280397233261842
2024-05-23,-0.2816570940143073,-0.4047112793778676,0.15428076864860474,-1.3689922757315416,0.008674264778085874
2024-05-24,0.3590951279347872,0.21451336378619215,-0.4906753644213525,0.6279388486212669,-0.2557432682462095
2024-05-28,0.624500948582402,-0.24985543942846739,0.19192900761463286,-0.3349121786853352,0.8723829785485838
2024-05-29,-0.8423308962149132,-1.2524188066952637,0.49784939835531195,0.5035251870154729,0.2226193485867365
2024-05-30,0.2122115454722588,-0.12578468592317632,-0.6569072827697233,-0.12102788023929623,0.1759838023307774
2024-05-31,0.9099445160844039,-0.6993278021790663,-0.10715247926490215,1.0534118532452728,0.16022848627868755
2024-06-03,-0.8195788692353627,3.0378528009358305,0.1272175160849441,0.7708563324346118,0.645207998912825
2024-06-04,-1.3656979076538014,-0.3153114524946373,0.11306967969702612,0.39131114938101913,-0.19461316572319168
2024-06-05,-0.4719095764414278,-0.10473165807061215,-1.0611192551495574,0.3534588421697076,1.0665224847584402
2024-06-06,0.4865955577122104,0.45866825194416494,0.20643154649980386,-0.7895669184673173,0.8081676425116998
2024-06-07,-0.30771612091514494,-1.3363993551293294,1.7722625120317776,1.4544736001609997,-0.023703095181137005
2024-06-11,-0.46841230371276993,0.13542066266910285,-0.7061778206685038,0.5390046025286065,0.5897142513199536
2024-06-12,-0.43743496362155426,2.085194536150318,0.4274078096495618,2.057800616484238,-0.11075999882772264
2024-06-13,-0.8375383665355164,-0.704837126063962,-0.9975300437114913,-0.6768550319890376,1.3188569411621822
2024-06-14,-0.47648612883869196,-0.7159632164913576,-0.7970039844885978,-0.40866136605286957,-0.5315855129814234
2024-06-17,0.1382114136668319,-0.1664574154846334,0.5384563755964279,0.8479760300188445,-1.0390353085041266
2024-06-18,0.6047883346815298,0.8444154715351642,-0.7348904827731384,1.1544765931981216,0.1719985225331075
2024-06-20,1.264580706171243,-0.7262065116548206,0.09785070461199123,0.5558229977763479,-0.5588825917532604
2024-06-21,-0.533196164453351,-0.8693602174759852,-0.05305065465074994,-0.7022721857586346,0.17878098829443104
2024-06-24,0.4473505787281679,-0.41484616141040387,-0.15655769492144647,-0.7855048876859042,0.5107974297207729
2024-06-25,-0.4123300699419133,0.014857891138101424,0.6206977166995005,0.6653518672066366,-0.5179991157089183
2024-06-26,-0.28455895524719105,-0.2814436482076009,0.975845128856279,1.2437631540628002,0.32079472345606724
2024-06-27,0.30282225261343215,-0.4183934943673064,-1.258301809694162,-0.16329330635565342,1.1397137727127364
2024-06-28,0.865902922695737,0.5622503221197868,0.7551248273789947,0.9310510856841352,0.36487089678438506
2024-07-01,-0.057326518424411686,-0.37918208094628897,0.23675433029122187,0.5471280406227927,0.6071208924342428
2024-07-02,-0.5198825436323967,-0.2644455252648554,-0.2828952112047782,-0.025513885327460486,0.34510092911677304
2024-07-03,0.09854702892977298,1.224970827085305,-0.5316624818988405,-1.1278769408047833,0.20920671252826298
2024-07-05,-0.5208243734944152,1.1113629118402317,-1.837801371396248,0.5573273055315554,-2.3060741137060283
2024-07-08,-0.27385884856296205,0.010750405199724212,-0.40451373860818834,0.04605251826342696,-0.03717265483201422
2024-07-09,0.0008644686348749074,0.38687303117169386,0.2591249077623014,-1.1394154874896465,-0.4230853632702026
2024-07-10,-0.3078141377484614,0.8197021873433142,0.5580804339163614,0.5465358759033956,0.6884662832993654
2024-07-11,-0.03525177749976711,1.4429747344799024,-0.06055302077408057,1.5646903202693216,1.0403407442717678
2024-07-12,-0.6969059079384886,0.4435712105842176,0.642289074409108,0.24244781534375018,0.7447642813354427
2024-07-15,0.4719349508058038,-0.5657303568119753,-0.6058276265906107,-0.07634184806352262,0.14550385006740973
2024-07-16,0.10636807883634372,-0.24370863672309695,-0.8152794131228166,0.400307540293926,-0.12019961090061178
2024-07-17,0.6208712865118217,-0.7664399933311488,-0.4287500113195841,0.5929079775869344,-1.3699989361721774
2024-07-18,0.12316894646274193,-1.4393201299502936,0.7705330050519046,0.4328550516259244,-1.154624521655845
2024-07-19,-1.1606583180454848,-0.04781867844033171,0.878851159256858,-0.13751042282032266,-0.7086433738067819
2024-07-22,-1.1523795561508954,-0.27271825042367487,0.3374420594058794,-0.45080535935691807,0.3226316263754278
2024-07-23,-0.7951525179114948,0.08586589611071854,-0.4998431513929513,0.039220289377632,0.33790181810843517
2024-07-24,0.6024491228636186,-0.3098084062101786,0.19756668060166346,1.09986942126226,-0.21987195387075015
2024-07-25,0.5311592270930681,-0.8370526018386497,-0.4330969349173493,0.05919626202573401,0.45974571759005417
2024-07-26,-0.5192613400709903,0.20339983908503886,-0.5656997764530222,0.6246823499262957,0.12689929081982074
2024-07-29,-0.26075880930697243,0.2058598126875516,-0.2944618031411555,-0.7951914569976603,-0.08267407562228998
2024-07-30,0.8019115170398032,0.18484870314518792,-0.27031780867429983,0.570984730556484,-0.5227573921460188
2024-07-31,0.1703031664728892,1.9509794129506466,-1.319867175300066,2.1407980211099304,-0.22043380778758248
2024-08-01,-1.2613730791865754,-0.5507944243272349,-0.7643693040188962,1.3508791603804904,-0.2182604816662777
2024-08-02,-1.88518548106376,1.6298101570792805,-0.7044509950507164,0.3349036473428489,0.49128335413056007
2024-08-05,-0.40363266055622393,-1.3362682722676733,-0.05644435529106205,-1.0721108760200162,-3.3888176315937883
2024-08-06,1.105097117295294,0.35795908475720123,0.841358529714335,-1.834817078407695,2.4987476902891985
2024-08-07,0.7778906960722016,-0.15942214879482708,1.0367555509708184,-0.24014517015609607,0.4708927103765213
2024-08-08,0.4785804899346048,0.2513497168155158,0.030660103095807526,-1.4612612000069245,1.3234142166733402
2024-08-09,-0.05039120603560584,0.647213358556795,-0.6523997369451503,-0.4886148008015651,1.0206270186574633
2024-08-12,0.27804084838968085,0.6984564465930654,-1.0535331599920774,-0.2365071278708474,0.573568875677552
2024-08-13,-0.5807131043905467,1.6420917873197884,-0.11584039091459779,-0.04134517966280323,0.7167349612635576
2024-08-14,0.08927015027016379,-0.5444562084365064,0.02288969067602714,1.153323543515707,1.1770490094582555
2024-08-15,0.5098452589914185,-0.3684962195826039,0.9803652253996591,0.10965027917799361,-0.5281531856692063
2024-08-16,-0.026359702376145093,1.284413766187512,-0.6507204084055843,0.4199508196549384,0.3001417266197568
2024-08-19,0.25386384148967733,1.8466858758379838,0.7911804568479958,-0.8474930613354764,0.053648819795829264
2024-08-20,-0.8210447428972276,1.0557813078238178,-0.33026109451607283,1.3991748951924523,-0.02924218705508109
2024-08-21,-0.003694850013057068,0.6719670523323291,-0.17350178496277738,0.8765533452768896,1.1030823911626761
2024-08-22,0.2223107668361527,-1.5113919762857038,1.215576373833253,1.1011676417881104,0.14083076828273247
2024-08-23,1.1596408011344108,1.483956254655501,-0.9893519992925188,-0.39771114310130523,0.37074462316298984
2024-08-27,-0.15778051246663954,0.41212304193923094,0.04264286981770567,0.0995239817067104,-0.0782077035539293
2024-08-28,-0.18388017358010297,-0.45849008842829364,0.3090658383962944,1.0536022045592903,0.10696750988286548
2024-08-29,0.7197788461904076,-0.054448108505666615,1.5740870858475953,1.2983383967069673,0.6453754474997015
2024-08-30,-0.8713453731967249,-0.4876460038369035,1.5867123612959304,-0.6587951748794516,0.30336930644210897
2024-09-03,-1.4738408288103637,-0.7977413270065514,-0.5050665116431206,-0.2847835346912448,-0.4750369279321419
2024-09-04,-1.143833902155613,-0.07521554755544269,-0.8939061963388925,-0.02895522824651047,-0.3529905531498307
2024-09-05,-0.1692704418638373,0.8828955275851545,0.05259483029819556,-0.7269625609029404,1.4914036000833668
2024-09-06,-0.5142945774718228,-0.7602923998574206,-0.23447020879988725,0.9192695673615882,1.0169737948104725
2024-09-09,-0.29081601766985016,-0.7440379943781132,-0.44804730562507944,-0.11297692328444654,0.992066886815579
2024-09-10,-1.202667841798644,0.3340887860502927,-0.7257314534835962,1.1280053216935277,-0.46611900255061917
2024-09-11,-0.014550984654201474,0.10784118673785711,-0.1428622684231992,0.04420838031582878,0.3527890135425218
2024-09-12,0.7736344911317568,1.405091781948856,-0.42021395445786597,0.398831302936704,0.6789707967609375
2024-09-13,-0.04495811347551376,0.8073782199161226,-0.5367505981838908,-0.1185683749750405,-0.03772337946446746
2024-09-18,0.486982016167767,0.4777224700419767,1.0581102070411867,-0.026039403986287495,0.041742622346606625
2024-09-19,0.9896121265209002,-0.010732104797299025,0.7354698653686634,0.24948832677060756,0.10297051524394535
2024-09-20,0.11136058614402344,0.0421419034135598,0.9113721016083013,1.3818220904239027,0.37840119080806267
2024-09-23,-0.022615634710170824,0.9936876941921668,-0.20592634750978553,0.8512129641505007,0.1790917018448154
2024-09-24,1.0192257026525156,1.6733614140207713,1.1086142579361444,-1.1399595298282583,0.7183553714057979
2024-09-25,-1.1139097828361029,-0.2053275064965131,1.5151143893508796,0.1578349439864918,0.5293131392878038
2024-09-26,-0.7013470205076637,2.9473400447366638,2.98785010221235,-1.0229346570260063,-0.6810331533553862
2024-09-27,0.8799822513830091,0.19003339627173885,0.6382389862410062,0.15714008584867528,0.6957003729565335
2024-10-08,-0.8570690175905552,0.9765308614262114,-1.2515520482534974,0.6903550079489913,-1.3529838882258431
2024-10-09,-0.7132592504242171,-1.0307412953091388,-0.6722110603091888,1.4425162392139677,0.7029749491202211
2024-10-10,0.5443694862012852,0.18517712843419384,0.43198235372385474,0.6108611555216795,0.13789032948977234
2024-10-11,0.04351326689261241,0.46355012596196077,-0.07725390901878093,0.7412264137431248,-0.4403709910860117
2024-10-14,-0.25433292698109616,-0.4633827920631273,0.04171493646492511,-0.4682781867823732,0.6452805355570079
2024-10-15,-1.272108863135299,-0.23501412060927968,-2.2321469233200366,0.3036195715904911,1.0302514881995983
2024-10-16,0.021772958883175254,-0.43636284221901345,0.4500761725556564,0.7196472996710022,0.13146415232728792
2024-10-17,0.1253101634227587,-0.29884934096897126,-0.2671579096817428,-0.3670828208143962,-1.1844524901417677
2024-10-18,-0.3562491861211514,0.8707354159959423,1.0419170736099628,0.5317137276567687,-0.36205025164118176
2024-10-21,0.007910067999315934,-0.742902914797581,0.6379396712732451,-1.1016654768627547,-1.54497799771506
2024-10-22,0.411312916769173,0.27335904032147873,0.18149671812907658,-0.13463299623116137,-0.508740268448057
2024-10-23,-0.4970975233035233,-1.0946188720410541,1.0049317125746404,-1.0877635198169147,0.43436825330749124
2024-11-01,-0.39179990256149,-0.44617262063044194,1.3065190991387692,1.32343834587147,0.34897715533619467
2024-11-04,0.514980863784303,1.0327265537399368,-0.6687764550827546,-0.7946506450192522,0.4051105223886957
2024-11-05,0.4080777439134186,0.7905023831496684,0.26207691874795996,0.04078161851881012,-0.6478999740020736
2024-11-06,1.658468855316463,-3.5292389340579695,-0.23437558897033128,-0.9123871769576705,0.9313890531559645
2024-11-07,0.17032580382790843,2.316541587099841,0.6800635543705105,1.744349918631757,-1.2861054984798899
2024-11-08,-0.05063565511136389,-2.494766940707037,-1.0334398107388894,0.7019739097862324,-0.014566397707391874
2024-11-11,0.2997163112203807,-1.064487824557658,-0.15793112545305987,-0.023639036648464583,-0.9758740996151493
2024-11-12,-0.251124405838255,-1.8464776946126038,0.5287390599753595,-1.2315959365169862,0.2237945475134242
2024-11-13,-0.08556996996132289,-0.6713820326722486,1.2689098672623564,1.1703353513815142,-0.5872892312564862
2024-11-14,0.3918136855003451,-0.3734356951081421,-0.6904095095759698,-0.27002047791263606,0.6608393650748117
2024-11-15,-0.20754090551955662,-0.22427766941608324,-0.4793816500278138,-0.19464097076659223,-0.4456702659986656
2024-11-18,0.7996965700823724,0.5269377293051863,-0.5772494673498738,-0.6639208411391012,-0.8156429479865501
2024-11-19,0.08245553271138803,0.6399188529692076,-0.8465542560245419,-0.1617935335652076,-1.5426085017775448
2024-11-20,0.4049231236783849,-0.7112410263639913,0.2111772463985177,-0.08086372733928868,-0.7089704040546764
2024-11-21,0.3066131139879197,-0.13039694414316072,0.4206388134590784,0.8481291149266413,-1.888625266751836
2024-11-22,-0.04193242148793919,-0.6157186955832114,-1.2159682972763077,0.04136381604271102,-0.5838791157043726
2024-12-02,-0.6917695671036946,-0.31208680415071344,0.05735583422849351,1.0875057574743574,-0.23715837030935952
2024-12-03,0.45073024221510516,0.8052242297440481,0.007066735678728571,0.09184688364928836,-0.07059350059600154
2024-12-04,-1.108949669914657,0.24069726499073638,-0.02445537071811659,0.2214780277665858,-0.5335943888380571
2024-12-05,0.5505378102337778,0.7680633811884061,-0.4108341439739314,-0.40481257690557865,0.5329465888852091
2024-12-06,-1.8166631636618693,-0.4397233984493229,0.6621830138265559,1.7566045831990973,-0.7402007899313908
2024-12-09,0.2460797283062126,1.0543490172317351,1.020167608799293,0.24849417754050993,-0.29938348294651784
2024-12-10,-0.40125799773928,-0.6282756029226414,-0.5443368860572738,-0.6034690184901171,-0.5621888170080942
2024-12-11,0.31790404636939334,-0.25049746493494135,-0.02118619547011897,-0.7284181808685039,-0.47681091474395887
2024-12-12,-0.4888307591593319,0.12531510384934255,1.4166043162285762,-0.3075813749327044,-1.44424576058092
2024-12-13,-0.43254138054254554,-0.728401551343512,-0.6680378923442936,0.43506008873327284,-0.1088515369568729
2024-12-16,-1.3761563499817295,0.6681503895657704,-0.6170226059329686,0.9169057332934158,-0.6075239883279867
2024-12-17,-0.6630293392465602,-0.47384012387799784,0.17879411202453757,-0.5790250422397452,0.2497670253827618
2024-12-18,-0.9682841699820166,-1.621103919224275,1.9961503079218317,2.1354410985843573,-2.2226270602991276
2024-12-19,-0.6998285171765842,-0.8415256789020462,0.7334413182739663,-3.714371419051437,0.3920476546423273
2024-12-20,0.31376276611841036,0.48464054483160857,-1.3821319099196137,-0.7183049910569498,0.4931274736117902
2024-12-23,-0.2470995375386691,-0.39519462117515114,0.6783041413786413,1.010404516093936,0.0009600332462899266
2025-01-02,0.5033737052508884,-0.8117096347421514,-1.3382520209535589,0.3001406468510468,-1.0881512473778947
2025-01-03,-0.3892227940116831,-0.46314654786572085,0.18339329583132696,0.8597615461721582,0.403672342663116
2025-01-06,-0.03180553250776246,1.1731170770799162,-0.49072650845175436,-1.2118340405163182,-1.1752155613714033
2025-01-07,0.8094197322308492,0.1238635697431749,-0.0106333781029118,-0.6541409596470085,-1.137961566615962
2025-01-08,0.018578559037769928,-0.9729133281845319,-0.1647772649138871,0.008530265565125105,-0.7771031808806994
2025-01-09,0.13137277922907845,-0.5842692930163885,0.07464527863166215,-1.086128463490187,-0.03619833046383395
2025-01-10,0.6603903317204518,-1.5830777813711783,0.8071792830861112,0.5035565496655757,0.5991876548138689
2025-01-13,1.2296340770515897,-1.0932187146012917,0.9162494535011452,-0.775754930717996,-0.25006800575065924
2025-01-14,0.7063574295619838,0.8791981162285867,0.299669245042664,-0.6910558007338208,0.4976994782687532
2025-01-15,0.14525137482378908,0.8069042509027965,-1.3169335953581307,1.2747875370807098,0.24205290257091674
2025-01-16,0.05149655227502069,0.32425415340611485,-0.20133991614109445,0.9095395243220793,-0.073065926865743
2025-01-17,-0.21922610249454988,0.19739559483134392,1.012615235999466,0.5412666931220843,-0.8692650650346951
2025-01-21,-0.7242005587091923,2.5318064403844454,-0.4379794006451975,0.9089412396591926,0.11817805451512248
2025-01-22,-0.6702905293375333,1.1645599570268352,-0.22159558002041888,-0.8440821389718631,-0.42785441017050074
2025-01-23,0.2718276393276535,0.33344097159617786,-0.8305728752394178,-0.08112346177425268,-1.4079038518884932
2025-01-24,0.4108349912563113,0.7584710040933165,-0.21022190485323317,0.328050649651898,0.10900656367461622
2025-02-05,-0.08679129613004592,1.390877404730989,-1.0308327597481588,1.0125578286975008,-0.23395061882026244
2025-02-06,-0.9169371575381069,0.8893763120714192,1.0792084736634318,-0.7046208677621723,-1.185745469224592
2025-02-07,0.7706076851522571,-0.5393284388552112,0.0367208703267745,0.14938514312864207,-0.6624063461242451
2025-02-10,0.8871000316928563,-0.4624210815195157,0.5662570230651256,0.1989855379420287,-0.7029057463465078
2025-02-11,0.8373862837406699,-0.1859260082825147,-0.7887407661558825,-0.2534214540271916,-0.008249787426956048
2025-02-12,-1.2400760397318802,0.49882351987717893,1.5589583981246102,-1.0047303626996245,0.4653022899529654
2025-02-13,0.42179045239987434,1.0180677657307624,-0.762160632517511,0.9088426455932775,-0.764181348641545
2025-02-14,0.026402860930579242,1.1921752846745717,0.28058208051197425,-0.7746749881152837,0.5653866244240994
2025-02-18,0.4519839630644528,-0.8579390861524389,0.6033945351781478,-0.6249673379894545,0.40007514164816194
2025-02-19,0.36723548424286934,-0.6145626376563975,-0.2522046295908899,0.8682766448056956,0.060226665203268824
2025-02-20,0.8941212694717681,1.265582625135838,-0.4217706067599564,-0.15538536027757668,-0.47019571558508233
2025-02-21,-1.3935482154663998,0.25619588817426103,0.5389083206173005,-0.3806145198525279,-0.15563991550260772
2025-02-24,0.30483501834023013,-0.2165959747706495,-0.3241172905943815,0.9830213348501269,-1.0508003992831063
2025-02-25,-0.8419187603639071,0.3875589197023707,-1.386038202791338,-0.8482424219750188,0.5586870980246529
2025-02-26,-0.5204482972171565,0.027275535721367886,0.843779088249638,1.2104739971076224,0.6446765800661806
2025-02-27,0.7328877375607155,-2.3526295039659835,-0.3841364045782388,-0.11901720397527366,-0.05075114813291047
2025-02-28,-0.005605848958367976,-1.5582160930013955,-0.7283441479402817,0.9004708570970178,-1.5229973677638213
2025-03-03,-1.0431253978770072,2.1545333183148117,-0.6509233130251219,-0.22137056231060936,-0.5752753977121281
2025-03-04,0.1498225837600808,0.995989177204967,0.6926953338900459,-0.6054481410873913,-0.32571059401078517
2025-03-05,-0.3369479237290841,2.799160123892265,-0.2062008921964206,-1.8616190971374778,0.7601203550187333
2025-03-06,0.41028046410287555,0.5442737341143005,0.27688824171609056,-0.12183871349454548,-1.8212429256484457
2025-03-07,0.6625931069832592,-1.2011405664930417,-0.30218328448456216,0.42985975882681166,0.1512608614696117
2025-03-10,0.740098812096492,-1.3918388400271715,-1.5724289338883717,0.7690460337746354,-1.353763053829947
2025-03-11,0.6400002842371374,0.5830755232355145,0.2815404911962477,-2.06478285244799,-2.148385074733052
2025-03-12,0.6208458777829051,-0.3530792195794544,-0.14822785116172935,0.3366490933651538,-0.36889376866632717
2025-03-13,-0.732085826556281,-0.00024779195313481524,-0.8715557929643797,-0.037115287434538465,-0.1407537071387258
2025-03-14,0.8537396736015909,0.35844314919781933,1.8879060086171786,-0.1450138592903271,0.07204769281146062
2025-03-17,1.2697697950242541,1.347952934383281,-0.24538407719133193,-0.8356846295267855,-1.319777740425752
2025-03-18,-0.09604873411622475,0.06933297097280447,0.2074952786048155,-0.26068426543182815,-1.1388293502698923
2025-03-19,0.8475320593480508,-0.17573184150674914,-0.6391357131144295,1.041642600487244,-0.8125261652336936
2025-03-20,0.6665949180759486,-1.3840146940344682,-1.6791760619175442,0.47629415876835934,-1.0298181895140524
2025-03-21,-0.10305260518943078,-0.29590896596303956,-0.4156804843023743,0.662990224136257,-0.5095086242837067
2025-03-24,-0.15318825842173167,-0.47208068643177814,0.8381772382584718,0.06349260399441882,-2.4963646572588347
2025-03-25,0.6973024201005711,0.5108574177459764,-1.178337810794091,-0.9228960638578291,-1.039477709319519
2025-03-26,0.6259818854113929,-0.8866328258903107,0.2600488198588534,0.32280081037799674,-0.49596090707603413
2025-03-27,0.27982445470328327,0.007502211754573407,-0.7703207727304475,0.19810996480743978,-1.3195431807275388
2025-03-28,-0.04813077812539235,-0.8056125955391441,-2.287144605717955,-0.3142906532436511,-0.7147504164225724
2025-03-31,-0.24758382590045871,-0.6432635447391848,-0.5089591228448441,-0.21369207057084535,-0.7115780372249392
2025-04-01,0.48844889482839454,0.656638771675765,-0.9287431197373517,-1.0831380590458781,-2.435653070864399
2025-04-02,0.20031613009591717,-0.4111843420125212,-1.0164293320235809,-0.6293224398424833,-0.18906914543668552
2025-04-03,-1.6006267876178637,2.0689457505996716,-4.443364686536885,-1.8204295797255128,-1.6210719125354922
2025-04-07,-2.188253061759317,-3.986785418883609,-1.8203620036506905,-1.4337556709891224,-4.091492022771005
2025-04-08,0.018195528392988127,-0.17484529509097768,-1.0105940375225984,0.6091601458891258,-3.1418800212707607
2025-04-09,2.5522683143718146,1.9256315054932573,0.6149209100114751,-0.6219455007863021,-1.3463659287406173
2025-04-10,-2.6819082934178855,4.382181315992182,0.37679689871310246,-0.5187569613896842,-0.04391332565809745
2025-04-11,1.2769870114918782,1.2126380902770686,-0.5352493780965951,-0.8159071163007308,-2.1833617745051974
2025-04-14,0.35118185924788897,1.5049881364188566,-0.9440831155064368,0.6344312305685105,-0.3793135129458414
2025-04-15,-0.15343866796909283,-0.1320734058110191,-0.1751423106407481,0.5906858152926524,-0.40672829511188563
2025-04-16,1.1070034434990308,1.195988719334471,-2.110384424437245,0.7345243787970032,-1.3678645357384305
2025-04-17,1.7844133311880863,-0.5667591079036861,-0.05607854218005867,-1.043782435300966,-0.9907076256740425
2025-04-22,1.0508357297773705,-0.3641688407670105,0.4987068339138306,-0.03514200951867068,-1.5263320592000968
2025-04-23,-0.32784975264376975,0.042102603588594446,2.105809432284319,0.008989430040753893,-0.01758829333418889
2025-04-24,0.9461925020545363,0.2311430748584349,-0.9337965443237344,0.8067446964008086,0.19869348307649162
2025-04-25,-0.33921079110290014,0.2124292732584851,-0.012828305398102141,0.7167946408202014,-0.01090871438769106
2025-04-28,0.5394562625972907,0.4159009982860755,-2.0347478276049435,-0.35739272201822647,-2.3020468041888447
2025-04-29,-0.7274260544599007,-0.054265236159544095,0.17638409085424875,-0.2988364972195033,-1.9347346258306488
2025-04-30,-0.9086839480940684,0.9753411495313908,-0.52696448088769,0.654820398929518,-2.6007750991552547
2025-05-06,0.8766104597180182,0.7922004877110941,-1.8197736250392171,0.8938919807506217,-1.2827872509622151
2025-05-07,-0.12131337843457848,-0.6223973432319065,-0.023471886880351425,0.9173702810752461,-1.655003172150336
2025-05-08,0.4295823499169518,-1.2033242802247965,1.503533639125728,-1.6681308256738883,-1.333361615896476
2025-05-09,0.5451425860751824,0.3150980099363794,-0.9128059571592185,-0.17665590558962235,-1.3262464328374057
2025-05-12,-0.3314808456276123,-1.1541445595700672,4.179204504195707,0.6314261007898128,-2.3516537102135833
2025-05-13,1.02163897065655,0.9897461653610967,-1.401999453420137,-0.9711012700196672,-0.9889879120704524
2025-05-14,-0.09757041827912305,0.23048183094701838,-0.24323626184794342,0.5049190908479043,-2.4781897617007513
2025-05-15,-0.2310419193602018,0.5448759911564705,-1.5653206315588946,1.8896010445397287,0.20528615044606993
2025-05-16,0.2706597965024656,-0.3842750541967505,0.0014044300202577424,-0.30480875548732805,-1.0805231661860315
2025-05-19,-0.7911852886079823,1.3978419716892845,-1.4454658526211115,-0.45342688465326314,-0.8325609111662525
2025-05-20,0.03189173057952054,-0.37952378027608213,-0.09043986878929615,0.32941188264350235,-0.7319461836982769
2025-05-21,0.14670651793040934,0.7305540603382533,0.5591001318458383,-1.315481211856481,-1.313883602423721
2025-05-22,-0.20691147079300745,-0.6419823186032275,-0.4971758603613667,1.1784674550639986,-0.9360814830349232
2025-05-23,0.7298360094706595,1.3355405632197075,-1.198239897151164,-1.2380639852647763,-0.6742078954470656
2025-05-27,-0.5013103484277919,-0.7698066717353993,0.5126604508063006,0.43108232628271037,-1.120162097642032
2025-05-28,-0.2583919132066129,-0.6554183535013962,0.6966763500701213,0.6807948616557734,-0.07851244919437723
2025-05-29,0.3824517404869265,0.7647626573820995,-0.19905781433513056,0.2933444552496584,0.041156767431558654
2025-06-03,-0.09588320909060004,-0.5050890547458862,1.363224817796376,-0.5063891720919351,-0.834509897062569
2025-06-04,-0.710897672939683,1.7661948242734784,-0.34946673935589684,0.7678433360234759,-0.2009631783811367
2025-06-05,0.41198853181189504,0.0563996568533507,0.9128441303583092,-0.7665269001942502,0.9426440704522399
2025-06-06,0.6186125399285024,-1.2431627877020721,0.5689133547788541,-0.6753072357811896,-0.2281436113751051
2025-06-09,0.12529158655580538,0.6150698024334277,-0.614054173425951,0.35816312577610343,0.08609807354844311
2025-06-10,0.3487612040067123,-0.4688393669049927,0.0876342875237772,0.47804284313041834,-0.19431219594175192
2025-06-11,0.0615279363623577,0.23238959867604922,0.011604252917805875,-0.014930294291487787,0.5404459828455114
2025-06-12,0.28846923761322635,0.7824458561626276,-0.7617793429342709,0.466059211733405,-0.6115304734922662
2025-06-13,0.7139256916199604,-1.8782177808653522,0.13084154254939626,-0.6842114745111717,-1.5024487279222096
2025-06-16,0.1573208040779415,1.0637455305271222,1.431820507222665,-0.6719973397221698,-0.08205243590820938
2025-06-17,-0.15859516933826717,-1.070882166510859,-0.05827015153196654,-0.1074519259257308,-2.303223685896198
2025-06-18,0.03366497063797661,0.4456875128107619,-0.4006038980253033,0.057300235676966745,-0.571316371337216
2025-06-20,0.4669748294813712,0.010065815182486004,0.2566681976995012,1.1233615488057156,0.6635815092582188
2025-06-23,-1.4591593721020615,0.5845508263636188,-0.10611214681285587,-0.17124889948333022,0.6418135150194317
2025-06-24,-0.6495887969469456,2.5829062160921867,-0.526674119321997,1.1249074067479652,1.5886541593841728
2025-06-25,0.21926617731809073,-0.07529768670106712,-0.26961105530489426,1.0217846118601566,-0.026329957547088403
2025-06-26,0.9029990189905868,0.8315630051057642,-1.6089591688426534,-0.624652634487045,-0.980979070034547
2025-06-27,-0.5670114650680778,-0.4942637721779931,0.004644910084005668,0.3169327536198798,-1.0796503730877838
2025-07-01,0.6029999779511083,0.1199298467656693,-0.33873301178063164,0.33730651222412034,-0.7301679702640272
2025-07-02,0.8710394713790494,-0.36935980321985984,0.07789796272488465,-0.2615546990895702,-0.6729171456961562
2025-07-03,0.4043709213372388,-0.6021094858454668,-0.1998540420136625,-0.3245702490329869,-2.688733164630099
2025-07-07,-0.14160437834997638,-0.7946645844827788,-0.6917216875840504,0.4753106660510317,-1.8910677464717924
2025-07-08,1.1527027146388784,-0.41515357258207286,0.395621417285234,-0.6220394031299359,0.5683224946465857
2025-07-09,-0.4310291116037804,0.2193772886860387,-0.73786249670538,2.6225084423177933,-1.7581006825642176
2025-07-10,0.7676763198260749,0.3191559429821551,0.009362008575969326,-0.7104172305222377,-1.136777732029426
2025-07-11,0.3332311302838328,-0.8896056946147156,0.5031125362406328,0.018725588064552476,0.5949027158333994
2025-07-14,-0.2719141754858255,-0.4345861864000455,0.047730444170441706,0.12461900120326318,-0.8855710471058079
2025-07-15,-0.5851197057895667,-0.533019773062527,0.6342758887475461,-1.00170510885795,-0.16607165652336484
2025-07-16,-0.10174737353079971,0.3469205577124273,-1.3047726426838249,0.4814938735200006,-0.49839668936197373
2025-07-17,0.3474347824404607,-0.2573928939341938,0.37326059247537624,0.09169081151797244,-0.3155327913427824
2025-07-18,0.06817671088627027,0.616652785010014,-0.24091783263250804,0.9211941849905401,-0.922891791523771
2025-07-21,-0.08640280721845485,1.504697843376392,-0.7998963764522663,-0.15714915878026756,-0.7550725767694918
2025-07-22,0.3972437391388704,0.39105116233940596,-0.3481729238700118,-0.2197013434341555,-0.19091472895966638
2025-07-23,0.03323048464368432,0.9377781973925149,1.2061416214455876,-0.4978343017655611,0.7675316452600631
2025-07-24,0.36171128671126634,-0.10542014989632756,0.6296690251910327,0.07909791705657628,-0.6326044108239047
2025-07-25,-1.0287312852246933,-1.2481720557470632,-0.29439429597486144,0.3005919707756171,0.3685764251879111
2025-07-28,0.3629354637274092,-1.3138792867989897,0.6911556711984705,0.300028802269411,-1.5794454312499386
2025-07-29,0.5550986975503195,-0.34748838344169386,-0.8535294066896068,-0.09868241184158197,-1.1913654105672429
2025-07-30,-0.6465667458286616,-0.9939295088432981,-0.2693956340977912,-0.34968487350134725,-0.6986020728091924
2025-07-31,-0.14880406813520394,-0.3626263748408373,0.13355818127283817,-0.07118441034097002,-0.27836495464276984
2025-08-01,-0.6232904301330416,0.5274750965992598,-1.7756937091559968,-0.4800292317826514,-0.32989183887553314
2025-08-04,-0.20342030392527086,1.7397227787051708,-0.183481285434735,-0.12274000041714306,-0.44124133850657055
2025-08-05,0.47233379822697064,0.1318705695102212,0.093571645392544,-0.36791686912636096,-0.26977179067775164
2025-08-06,-0.3621821849118106,0.5033406217385707,-0.10583517137631893,-0.3553539296219502,0.15791795770915
2025-08-07,0.08696041085866278,0.65975177246955,-0.022734184211971365,-0.5613435285609183,-0.05855564409628277
2025-08-08,0.2638301516424216,0.5167908352522881,0.07323633965032846,0.3926556625428998,0.28071673963456945
2025-08-11,0.3508097782451873,-0.36246322461524033,-0.3509584125131108,-0.19139835018238063,-0.7404385294641272
2025-08-12,-0.3466930629049431,1.0579906812577466,0.4214379224666004,-0.14833276038097032,0.17303649555214293
2025-08-13,0.25012596300241857,0.7013330280426912,0.3635505967935642,0.868764615401661,0.2916749769689442
2025-08-14,-0.3731680523724475,-1.2368012326265163,0.6744783995336238,0.0958968630651313,-0.8305611157576326
2025-08-15,0.05868894905684881,0.47736257612658994,-0.29745316191689175,-0.48095515552167967,0.27988083824688115
2025-08-18,0.08289460091632338,-0.14861494957917062,-0.0073362619341358105,-0.030859974231231702,-0.9622606952163208
2025-08-19,-0.2861438849495341,-0.0028015651678444855,-0.2559734640922789,0.9858790501051664,-0.679793587100832
2025-08-20,0.6755078062448294,-0.5116414236273858,-0.042315719771938626,-0.39671777617989246,-1.0585452930966373
2025-08-21,0.7759245234160469,-0.6036871215276743,0.24731264916301463,-0.21550236794119007,-1.2098745019888486
2025-08-22,1.3693117345917478,1.354373008524646,-0.338907246060701,0.17846689708437571,0.7396331329829032
2025-08-26,0.021062373336806023,-0.12098424194194313,-0.724736733999862,0.41932105643014034,-1.0746829587213682
2025-08-27,0.9120160597823915,-0.7712951208011264,-0.8440738290461492,0.2255112430435849,-0.25510317741193816
2025-08-28,0.49912188258417745,0.8410540592801251,0.3573038720918275,-0.06842116096674991,-0.8830434555317427
2025-08-29,0.3376247728299923,-0.04289750580036964,0.11072067933667835,0.11608052075552536,-0.8773429449116991
2025-09-02,-0.011115795783371506,-0.5429105174687329,-0.5530778570666572,0.04583020096815957,-1.901582793457071
2025-09-03,-1.4792182719006175,1.4312993542903159,-0.48093314742670795,-0.048601673259444096,0.5309569572216836
2025-09-04,-0.45650522156978846,-0.5430328798505434,-0.4189050256240804,0.27713663228065766,-0.022747565998917786
2025-09-05,-0.40122797210069894,2.1592866827061132,-0.038830229285908985,0.38444414878117444,-0.5199391338129119
2025-09-08,0.09662396132507374,0.7735091081706992,-0.5187890913365982,0.3567228082805912,-0.8644208362673298
2025-09-09,0.156811531754207,-0.23022808816665635,0.35725664781474814,-0.06342172053912011,-0.47553415557086814
2025-09-10,0.5425595265258639,0.5627008769548546,0.3268645773894118,0.2250953050513784,0.42768791247206517
2025-09-11,0.04378940188047908,1.3091736968470125,0.7726310090495365,0.3419448195000403,-0.6846143011923301
2025-09-12,0.027073131620047357,-0.06116732755035627,-0.3574910984812277,-0.6942981986738618,0.8368822752986651
2025-09-15,-0.10532902433177717,0.7241872605876714,-0.5390075664374713,-0.47072129784305006,-0.4519340115286442
2025-09-16,0.8457574208182183,0.47768376486191066,-0.6360332630445676,-0.0790738040427642,0.12805765680567188
2025-09-17,0.09302852810873909,-0.6925404153085958,0.6386669766872666,-0.17975284221287235,-0.7375403872212181
2025-09-18,-0.2625505690129842,-0.9668810720271039,0.5900848937217347,0.4345636249157446,-0.000574723794811758
2025-09-19,-0.9538842108545368,-0.1296772165346248,0.48408865176326193,-0.19633563807412824,-0.4129343474822348
2025-09-22,-0.5187137998650385,0.7867194579936244,-0.9266639943068035,0.11429301140521754,-1.7898980268724334
2025-09-23,1.1170607678450613,0.29086383135532395,-0.647959659514978,-0.48782011810192966,0.10875159766271343
2025-09-24,0.6143993999872309,-1.196652285491466,1.368301421278604,0.014370056364694331,-0.5554678267250845
2025-09-25,-0.03155694421538218,-1.4483351589182745,0.7914940134473067,0.2377579251586703,-0.4992499758683621
2025-09-26,0.1978463779960917,0.05223001168650598,-0.6659126710579543,0.11165110388449288,-0.9017542634768257
2025-09-29,-0.923975093738354,1.2562440923180196,-0.12555941692792877,-0.25575760909786716,-0.35190380541510036
2025-10-09,-0.6966043257561602,0.1442960245822191,0.6271000257855599,0.14372140587832816,-1.7807133836235718
2025-10-10,-1.1641187566690343,-0.1936186430756788,-2.456240442926472,1.8999557442407817,-0.29812770439804065
2025-10-13,0.41935708375703623,0.5097458245695592,0.0328314527073316,-0.1245000752774939,-0.1557752310858285
2025-10-14,-0.34602890756861254,-0.3082602361241932,-0.6908147781056402,0.6376916251102421,-0.969101949005608
2025-10-15,0.3520903185822643,1.0276284341614375,0.5705538668568343,0.11333299892564735,0.17280778116386164
2025-10-16,-0.33347170075660415,1.8706991688628576,-1.7914278942846897,0.7784562892578918,-0.4543371555948665
2025-10-17,0.34656479951240005,-0.7814178943169684,-0.8973283540407849,-0.8328930316142762,-0.12987302044504276
2025-10-20,0.11364990774629621,1.1042735954923777,0.6679182147850498,0.012527286337430823,0.0006689303458095267
2025-10-21,0.2281985411682655,-0.8193333085338553,0.7740856410932679,-0.3107933064066223,-0.8985894379184042
2025-10-22,0.9807965054245,-0.5986936754692571,0.0864641164536703,0.20360812110248178,-1.57915246019982
2025-10-23,0.29246401996947463,0.14778124674155935,1.1013788219333387,-0.2215519548894821,-0.32134507405527873
2025-11-03,0.0007116701704451583,0.1395349217568706,0.5209737018877436,-0.6634009547282729,-0.13036743205963236
2025-11-04,-0.611458081701992,-1.0663167047850781,-0.7424161667167889,0.39357772191142804,-0.09179335041877185
2025-11-05,-0.12741332214496343,-0.22913334548025577,1.0861976191714187,-1.4511595524393779,-0.3436580892256025
2025-11-06,0.2563172445512898,0.08219382070265585,-0.22554669078470577,0.22852620183894568,0.370065934444185
2025-11-07,0.8453116939942976,-0.6396895088029179,-0.6641770330521669,-0.6290530133834296,-1.1139208022546416
2025-11-10,0.4774193372750049,1.6302736149127688,-0.29867694963508923,-0.04944895243067804,-1.2930261788167656
2025-11-11,0.5624516919254862,0.1465694623810645,-0.22481959114060887,-0.3194751255174563,-0.893723954577624
2025-11-12,-0.7711485147493176,1.3177634946157128,0.10100649201323303,0.6316421638602518,-0.8415873973191254
2025-11-13,0.6928285826160826,0.05980044782637971,0.5181227347582034,-0.38822491332637576,-2.1266614862786777
2025-11-14,0.4199038890028591,-1.1819257807869081,-0.15141384757779988,-0.2511153160088184,0.12762495152315162
2025-11-17,-0.5225609120848629,-0.12001495567907514,-0.4901227452511831,0.04169776517250362,-1.7285262211976682
2025-11-18,0.5067870702303721,-1.4183941233187933,-1.0871022982198704,-0.4237258065046264,-1.9958987679232874
2025-11-19,-0.8073501285614827,-0.5405875937531959,0.9103720569522692,-0.2425729801492252,0.30252718798863765
2025-11-20,-0.19905233509738468,0.30470493237033097,0.007359236038335567,0.34832689387312255,-0.08480502063716452
2025-11-21,-0.7088169149232938,-1.0128453708496334,-0.24433774818202209,1.0974819007479921,-1.3767383444655135
2025-12-01,0.34462895546455885,-0.31317861401361263,0.4102536953735504,0.14890481704998246,-0.3035769230893872
2025-12-02,-0.44167910168164903,0.6290875232842762,0.24938958429505254,-0.6884598217169157,0.4097617782379499
2025-12-03,1.0764240968105885,0.5830598923489019,-0.6642108382216724,0.5053328909834459,-0.061703975513844544
2025-12-04,0.11580699971443272,0.007702531776118275,0.2907141906312817,-0.19622104851819558,-1.302225760508062
2025-12-05,0.23949120635831206,-0.37556638288122335,0.17848372819772998,1.932357686526987,-1.0298741984294795
2025-12-08,-0.49940801074783653,0.28029973922850604,-0.28343161808469397,-0.954686643769623,-1.2243765675267777
2025-12-09,0.32579495408430587,0.075071452931488,-0.6255520344213111,-0.1457900178165283,-2.26099965144015
2025-12-10,0.3896399322301267,0.2925525931209838,-0.9749937665739736,1.4058565388892914,-0.40844792746748854
2025-12-11,-0.2231827856854682,0.9793789478829218,-0.32137887657531045,-0.9887323980314567,-2.006664785055568
2025-12-12,-0.15757376754994604,0.4454615085130824,0.29081208121960617,-0.1872083150685735,-0.8094897514294405
2025-12-15,-0.6289431743427292,-0.024530428843106983,-0.09131226346625826,-0.30675236575854853,-1.3728796401261396
2025-12-16,-1.7775128530701116,0.4033115774317544,-0.077500164506018,0.8850933980002431,-0.9727205578728367
2025-12-17,1.1432167649356955,-0.9307496322067454,0.34168269777122057,0.9237017136878651,-0.47184767493467894
2025-12-18,-0.4183767341341193,0.9970921574604408,-0.18804748989267644,0.6661053214098159,-1.682807140473834
2025-12-19,-0.0481146024994147,0.20885212892275412,0.4533424935794428,0.046027979069476165,-0.882458015238317
2025-12-22,0.18510360592939745,1.2960403400927771,-0.8418917303592723,0.8140243486750263,-0.32138244368354085
2025-12-23,0.44729813811421026,1.0341976024023765,-0.5860433919151126,-0.8135981228922522,-1.6340143322134884
2026-01-05,1.2512455548423458,1.038792570672879,-1.0563267863668357,0.5381152374135244,-1.5236567720956171
2026-01-06,-0.946050832355592,1.7573346886572316,0.821008258085466,-0.5722005228886383,-0.10599160913571262
2026-01-07,-0.38267077187600596,-0.03648342297022017,-0.60199176073823,-0.03338155211752213,-0.635033281700777
2026-01-08,1.2840243263281854,-1.1267262469600945,0.3412840175783385,-0.06785032871963295,-1.5742778270331208
2026-01-09,-0.06571504405306663,0.43512090632293055,0.6366508773432125,-0.10909565035287178,-0.8229128366000491
2026-01-12,0.42420276200535534,1.389755022094521,-0.1290197906167858,0.2847941082804745,-0.32475549883649624
2026-01-13,0.21758362495611205,-0.891229849124696,0.5839771471131389,0.1056440601001746,-0.786262487305988
2026-01-14,0.8542986498255534,0.06285662167974064,-0.2528827383356813,0.7072239406108355,-1.3189648748331393
2026-01-15,-0.4801843340517562,0.03498948128255204,0.9948238185523197,-0.7758438418814958,-0.7444833142416151
2026-01-16,0.13969360520730192,-0.2661312421795163,-0.22184940855295274,-0.2563068299888288,0.01169199750567959
2026-01-20,1.0135630965037499,0.9298481549107118,-1.0133399398128808,-0.46560450271729314,1.040852935945163
2026-01-21,1.078255294275599,0.5793447739855733,-0.5454626324857009,0.29142819470633613,-0.2647473347403647
2026-01-22,0.5333386037046173,1.6110051819222144,-0.7027568138536026,-0.1384461318302684,-0.5365568834576863
2026-01-23,1.492349912921326,0.32229823166958516,-2.344205092914023,0.6840869822309688,1.0640571508734125
2026-01-26,-0.034790496750811174,1.5771873651452943,-1.3397034346647096,0.6847682393911161,-0.32234363528363086
2026-01-27,1.1622287820635948,0.8130196723308921,-0.8299921510550395,-1.758928430492008,0.4607029205229021
2026-01-28,0.9999643330483824,1.2602513268256437,-1.619716056145526,1.5601714077646163,-0.09002757154553895
2026-01-29,1.0313435375516111,0.6534757315119649,-1.1433207639061558,0.2544474645675871,-0.23762428636111316
2026-01-30,0.06541612013814656,-2.3839060262158562,0.5277846480279521,0.9552635227767653,-0.0021927224394623817
2026-02-02,-1.6099767176976179,-1.31956631085412,2.1201275045701147,-1.1873363834738022,-0.8066671441369445
2026-02-03,2.0761588028965674,2.0774037515802135,-1.6144856747652236,0.6029459434920094,-1.391899158972174
2026-02-04,0.3841151508839868,-1.216414290050684,1.4468226005438578,-0.35128065228451905,-0.638159754569591
2026-02-05,-1.391141253662114,-1.3177152393397698,0.19149238868644802,-0.20517042188984683,-0.47165899743907436
2026-02-06,0.8779543219017952,1.0289771804007646,0.23557820311594638,-0.7336674749232102,-0.9406859842912669
2026-02-09,1.0733710437492212,1.8820464720461982,-0.11986887009892415,-0.24151982630576121,-0.5211582300734777
2026-02-10,-0.03887423172409972,-0.32046974170250514,0.2446619917142939,-0.48211010304737256,-1.4007852163359877
2026-02-11,1.3029413147543387,0.3987810558827367,-0.4829946584892294,0.36321600845844904,0.4638771542371748
2026-02-12,-0.6791631181602525,0.3803339344340762,-1.4209688160192817,-0.03673917659532656,-0.6156875475127779
2026-02-24,0.2602346072554173,0.666726744721045,-0.34580688247381375,-0.1898344735373527,-1.920564804305034
2026-02-25,0.34740552861842994,1.2600274972228047,0.819551199980173,-0.4348488387973404,-0.5291839935080792
2026-02-26,0.6304067962732173,-0.32761862953142523,-0.7659606756906118,-0.12325723443067892,-1.3886176937123276
2026-02-27,0.42780451594931557,-0.24631822135132922,-0.795802179477577,-0.4908041052853131,-0.7709732453552943
2026-03-02,1.2815770946640936,-2.0178180255572022,0.9924519788779261,0.47437607438722135,-0.6769138218843586
2026-03-03,-0.5395426043345439,-3.4511519233418455,0.35708888095175795,0.41079080914913585,-0.603570925484552
2026-03-04,-0.45906096623172027,-0.13821920473498883,2.334564595702436,-0.5064497861713454,-0.10834793239480295
2026-03-05,0.49472828378152917,-1.7091600607345825,-0.34032240828618937,-0.4104293979563478,-1.2662751236758343
2026-03-06,1.0006839128394729,0.3125686191580301,0.8033090390765489,-1.0633709739036077,-3.7621774410059787
2026-03-09,-1.4130704024005987,-0.47101703505157305,0.4233719670628732,-1.3326332805545562,-0.5532851268551321
2026-03-10,0.23819596082027245,3.4845152317074257,0.954423146721787,0.2111707159776896,-0.3237325778411863
2026-03-11,0.7535656656286787,-0.6035616087077735,0.9901009547964846,-1.0838327493222495,-2.4034037707248266
2026-03-12,0.7932671741188929,-2.5090987960632454,-0.4665562739746429,-0.44484510013610834,-2.375823765351846
2026-03-13,-0.12602181241104535,-1.7831194731745947,-0.3334041649286662,1.4858647199750943,-0.8630168473837192
2026-03-16,0.6751258646165331,1.134436000408491,-0.23613203734503338,-0.8543585428484414,1.9347412552806067
2026-03-17,1.1973332529634975,0.022008016217406962,-0.5981007343993175,-0.04596555563891412,0.7704777354517115
2026-03-18,1.0551366643445668,-1.034655052291265,-0.6791790165986582,0.9855270631172223,-0.5818502626180906
2026-03-19,0.2190447419079775,-0.024259662601424023,-0.792357587754409,-0.5240704492331013,1.1196590176185466
2026-03-20,0.14620841409086768,-2.2633655203396437,-0.5875542831647723,-0.5879967501030663,0.9638750200445334
2026-03-23,-1.4782256806343121,2.102618859625551,-0.49480159301890636,1.3837194322279949,2.1063429981718533
2026-03-24,0.8651874530804342,-1.176288077451163,1.328419285490452,-0.8418936904921871,0.11637871134111615
2026-03-25,-0.1485778250542997,0.49188556639669045,0.3227235007846559,0.2442486364195787,-0.8839743428148824
2026-03-26,1.3158990141933866,-1.1682956347066225,-2.0648625089591968,-0.8611015692087441,-1.3678960946720755
2026-03-27,0.9880333211367722,-0.7639511952293279,0.5698985336243294,0.007924341123624066,-0.22596442165553282
2026-03-30,-0.0688383502509249,-1.2826237292034541,0.022847111402242073,0.6326367254888446,-1.8009668498828548
2026-03-31,-1.347129739337357,0.7798798208264269,1.3588972779741328,0.12691749084433218,-0.0491268071408118
2026-04-01,-1.298704231876525,3.5690638078347376,1.4173951228093353,0.29562833948432155,0.37645488319461756
2026-04-02,0.27844076649066674,-1.1112553165928971,-0.8192238458143671,0.692976328394713,0.46912954610661756
2026-04-07,0.38997281009619206,0.613868548486874,-0.4193093429273106,0.6661438533549628,-0.6769135065330458
2026-04-08,-1.018291824409545,4.6906249365106705,0.6945334301007521,-0.020569943887299037,1.7677495885093266
2026-04-09,-0.04456185269127257,0.20070018303151987,0.5962359466135099,-0.4709161427203075,0.2606991485662345
2026-04-10,-0.15227429503885334,0.36817456780363855,-0.1508124589773951,-0.9349250293978089,0.5296310833810326
2026-04-13,0.3208968633682043,0.290682914501927,-0.2695412376471191,0.3060554886011374,-1.0055758214867307
2026-04-14,-0.6795386899404032,2.1825028087040077,-0.4617322798247777,0.7325205520561697,0.32121643515582415
2026-04-15,0.2301461037855628,0.3875204424124922,-0.37496328775763565,0.6435707124086218,0.3298536963226487
2026-04-16,0.6476406638726239,-0.7321189588958832,0.6721860624720689,0.052785931006156875,-0.24438790790778162
2026-04-17,-1.2709042853721684,1.887641281701559,-0.10320398643398643,0.8206241200783925,-0.33271356276206093
2026-04-20,0.4085540853220975,-0.7331233901759274,0.13865318815835107,-0.7906423349857254,-0.6417694786607574
2026-04-21,0.46279189443989827,-0.6658958338427741,0.2772486002846818,-0.41496303179501093,-0.5026914993990553
2026-04-22,0.7630710460492688,-0.5659833041417713,-0.4866720448109263,0.36529212930710436,0.11415455031950308
2026-04-23,0.7645967885231104,-0.9536885202005523,-0.6822335904377588,0.7950738408604541,-1.6999620383698073
2026-04-24,-0.8807593546741339,0.6840954072817435,1.7434926459164652,-0.6329652223898982,0.9045013324802975
2026-04-27,0.9170493871700086,0.4948279335574422,-0.4934362317212724,-0.46327122143641714,-0.9091235840097772
2026-04-28,0.5356736902180498,-0.21865079621913525,-0.5520661642101858,-0.07877752670023662,-0.1009846573138863
2026-04-29,0.84984195811867,-2.192078800356756,0.5082188097328586,-0.4045810742823414,-1.373715699750171
2026-05-06,-2.4342185282198567,3.920755857496086,0.06093161937949566,1.8721406682796804,1.0306325004837524
2026-05-07,-0.35756467966867717,0.7890693790453032,-0.23660942060779686,-0.17473513897528115,-0.7738247881659658
2026-05-08,-0.005840618088602712,0.1079602053079949,-0.2451587023656183,0.07716439635069305,-0.4221699959022012
2026-05-11,1.7131052205492119,-0.48323106288558876,-0.08753280354672134,0.02600580347385726,-0.7933459575558423
2026-05-12,0.3961682514829428,-1.0270245196537657,0.6148534661886889,-0.44948984334314845,-0.686661667612701
2026-05-13,0.05042058276386358,0.6594683429704529,0.6439483216208566,2.9282934540638506,-0.620921301092788
2026-05-14,-0.3095231896849888,-0.4898903875481301,0.07670282812284362,-0.3093761387057492,0.37161518924971415
2026-05-15,0.570001281724896,-3.259210832261837,0.08337806180564962,0.13223368514194145,-0.8523484417050613
2026-05-18,0.435123958783501,0.3151190738737862,-0.40064070574069843,-1.2080056978764557,-0.5186731796124632
2026-05-19,0.5690973900592691,-1.214048087883817,0.622091627922212,0.6352306479424743,-1.8296891108416609
2026-05-20,-1.536943088843097,1.9242816126289082,0.29818743204775683,-0.05052764820764299,-0.8337444844709164
2026-05-21,-0.7144033727501014,0.9136394784970346,-0.8395599012437885,0.18693653489134046,0.08096038944770162
2026-05-22,-0.47268354297124693,0.3281678710476247,0.9594324010639805,1.0712673217417232,-0.5762255065280398
2026-05-26,-0.7115196424866163,0.6965110714399989,-0.7528407393392202,1.2748800542454146,0.9133554090354956
2026-05-27,-0.12328030995342568,0.3741642115056382,-1.0825482823621377,0.9823958965899249,0.4232810138642546
2026-05-28,0.31237594718738865,0.2986659052845674,-0.8408306071151758,0.24919771740009272,-0.12005885157189493
2026-05-29,-0.6420883471902628,1.2610707917665764,0.004512759890987382,0.1458459121483226,-0.17353937423705784
2026-06-01,0.43433286497192275,-0.3357462035966787,-0.3958587469287678,-0.2526042559563099,0.10953294252978264
