date,F1,F2,F3,F4,F5,F6,F7,F8,F9
2013-10-21,0.23923737,-0.04628492,-0.20356917,-0.8195351,0.63511735,0.014244108,-0.006408326,0.032618042,0.35838363
2013-10-22,0.28894258,-0.19145131,-0.6390401,-2.0154603,-0.064515695,-0.008297377,-0.11881952,0.060524214,-0.015275193
2013-10-23,0.09140951,-0.06111214,-0.08417211,0.71108806,1.0773153,-1.1124563,0.42016184,0.44785112,-0.5235534
2013-10-24,0.31036073,0.044159688,0.1544227,-1.0379812,0.3697604,-0.4170129,-0.6748832,0.3508154,-0.230295
2013-10-25,-0.4603165,0.04631493,0.20745574,-0.5400592,0.055968374,0.24436983,-0.19629249,-0.20708191,0.24504492
2013-10-28,-0.5577403,0.3856678,0.17050934,-0.586076,0.24068783,-0.15280932,-1.6518923,-0.50677866,0.25136167
2013-10-29,0.43420458,0.4647706,-0.2572893,0.11710029,0.31455737,-0.5101036,0.1838612,-0.26020795,0.3371535
2013-10-30,0.36839694,0.26373622,-0.20835383,-0.91634524,-0.33583978,0.17273524,-0.09272369,0.34244353,-0.21864805
2013-10-31,-0.6677094,0.078347966,0.014296603,1.169444,0.21870898,-0.9023372,0.09694026,-0.9465308,0.75521994
2013-11-01,-0.071082175,-0.57894206,0.4209274,-0.45662278,0.24871095,-0.09224787,0.6440768,-0.63293666,-0.38955656
2013-11-04,-0.34859392,-0.048213057,-0.08672364,0.03848922,0.9675291,-0.6016286,-0.292511,0.29468754,-0.40027532
2013-11-05,-0.25782067,-0.011125046,0.2841111,-0.26376688,-0.010206195,-0.21566902,0.019953234,-0.33350694,0.19611855
2013-11-06,-0.129446,0.45553544,0.09747828,-0.6250836,0.4787934,0.019527325,-0.41272607,0.29551587,-0.63572127
2013-11-07,-0.27471936,-0.025749654,0.5559787,-0.27690873,-0.18178654,-0.33363172,0.86447036,0.22927783,0.38777298
2013-11-08,-0.36356318,0.7274037,-0.1756908,0.69705826,0.029000204,-0.35221314,0.3944904,0.0062613995,1.1595864
2013-11-11,0.07088227,0.6919435,-0.23333964,0.480311,0.41735634,-0.24825619,-0.08911184,0.19685271,0.12507923
2013-11-12,-0.028514754,0.24977288,0.518024,0.26807803,-0.38308892,-0.45096165,0.61829275,0.024799816,0.17227253
2013-11-13,-0.23912984,0.4555931,-0.4867192,0.54046524,0.6831096,-0.3645366,-0.38172793,-0.32098353,-0.014326216
2013-11-14,0.74900246,0.8673642,0.11811574,-0.73536235,0.6844336,-0.3996087,-0.813254,0.05980124,-0.57952213
2013-11-15,-0.11688775,-0.068017244,0.7887564,-0.39003113,-0.731812,-0.022328252,-0.69045275,-0.6050024,-0.27586558
2013-11-18,-1.0952698,0.14862578,0.27904198,0.22589256,0.2047795,-0.40192783,0.3159169,-0.5613913,0.37527996
2013-11-19,0.25571942,-0.03948908,-0.18763511,-0.6869452,0.63387865,0.5643213,0.16216512,-0.35185704,0.25513506
2013-11-20,-0.24989116,0.5134537,0.15092424,0.827116,-0.81820756,-0.5371134,0.18145388,-0.036481388,0.24649471
2013-11-21,0.1967221,0.86496377,-0.5129299,0.6899408,-0.5991179,-0.27890605,0.37908927,0.5316914,0.6499038
2013-11-22,0.21006162,0.54194635,-0.39198464,-0.2146339,0.39144316,0.20538412,0.22160108,-0.34582782,0.45006788
2013-11-25,0.08829696,0.42097527,0.62018406,-0.21811758,0.014341514,0.04217925,0.66591877,0.059686467,-0.0027920404
2013-11-26,-0.26694027,0.22241464,0.32476053,-0.12084363,0.022980414,-0.19085412,-0.30315202,-0.000765551,-0.12367193
2013-11-27,-0.2681008,0.1514286,-0.04783044,0.5551989,0.4060743,-0.8045585,-0.18964481,0.085331686,-0.033296753
2013-11-29,0.74477905,-0.072310045,0.05959985,-1.053862,-0.6312593,0.3050629,0.38767728,0.5610761,-0.29534763
2013-12-02,-0.5732353,0.6437164,0.11987904,1.1671118,-0.1739731,-0.7613025,0.031537443,-1.0083734,0.69025546
2013-12-03,0.22506046,0.92539257,-0.15652187,0.19899787,0.5504895,-0.10566005,-0.07229913,-0.065207765,-0.34766546
2013-12-04,0.8992953,-0.20907085,-0.36619723,-1.8253375,0.21376507,0.90552175,-0.16384381,0.39703435,-0.36231628
2013-12-06,-0.33337152,0.49919924,0.13775456,0.20158726,-0.3317922,0.2283977,0.58518034,-1.1601912,0.3130959
2013-12-09,0.6194198,-0.26754275,0.13128349,-0.996306,-0.15145643,0.48331654,0.6774099,0.21260092,0.13116825
2013-12-10,0.28711307,-0.26220137,-0.10516616,-1.6139679,-0.3510646,0.29454285,-0.36659005,0.90681493,-0.7914222
2013-12-11,0.292185,0.3859402,0.24503857,-0.3196405,-0.3160109,0.4344683,0.53837174,-0.1086506,0.56471086
2013-12-12,-0.7798725,0.12284962,0.7084097,0.5165571,-0.80538094,-0.87607914,-0.060145896,-1.2364639,0.79743725
2013-12-13,-0.27317387,-0.07562497,0.5501326,-1.2583725,-0.55909735,-0.17302363,-0.021792991,0.020268524,0.07323314
2013-12-16,0.85065615,-0.20282605,2.0633345,1.2290537,0.6219327,1.0494865,-1.1199096,1.1658581,0.028483465
2013-12-18,-0.93506455,0.88551086,-0.8536535,-0.9730658,-0.18924807,-0.8673938,0.75944805,-1.1121497,-0.016763976
2013-12-19,-0.55520207,0.43440634,-0.25398138,1.6025629,-0.49415672,-0.47752076,0.47396958,-0.7924892,0.93023646
2013-12-20,0.38981566,0.06236321,-0.7968917,-0.84118146,-0.1581859,0.3817995,-0.13587213,0.780035,0.38020423
2013-12-23,-0.48148713,0.38901857,-0.33799198,-0.48945513,-0.16352838,-1.054846,0.15087447,-0.2801154,-0.060444843
2013-12-24,-0.25258586,0.32127428,-0.41013908,-1.2682105,0.12130386,0.18130472,0.16451319,0.011402913,0.2986442
2013-12-27,0.048396584,-0.33223087,0.04249877,-1.6554408,-0.38039747,0.9576668,-0.6751555,0.69731313,0.19398259
2013-12-30,-0.75685287,-0.095371254,0.062422767,0.12074644,0.22807705,-0.5665735,0.15470505,-0.69596887,0.35252687
2013-12-31,-0.52129245,0.31738666,-0.18517302,-0.3584223,1.1364511,-0.42683348,-0.062992245,-0.056937974,0.06919424
2014-01-02,0.2858944,-0.8705896,-0.028831579,-1.9785514,-0.12482033,-0.3984776,-0.058174532,0.530974,-0.8445204
2014-01-03,0.30344364,0.5409719,-0.11848429,-0.56028837,0.14227423,-1.1737771,0.66613406,0.81918555,-1.0805161
2014-01-06,-0.39820677,0.18581797,-0.5982454,-0.72240114,-0.4538132,-0.4319808,1.0292517,0.34573564,0.2507111
2014-01-07,0.032848228,0.19788389,0.4507366,0.4669506,0.7871429,0.47017965,-0.51838195,-0.36214277,0.32565647
2014-01-08,-0.45702285,0.2418226,0.039967023,-0.5351895,-0.34261045,-1.13641,0.0649089,-0.44306642,-0.03901624
2014-01-09,0.16849242,0.0442221,-0.091462255,-0.2107148,1.0131463,-0.7443321,-0.3692218,0.24575797,-0.5422827
2014-01-10,1.0296609,0.13500185,-0.5418298,-1.0599815,-0.24298088,0.5904862,0.3255619,0.84633064,-0.047423705
2014-01-13,0.263674,-0.90559584,0.30770475,-0.1748123,-0.67153513,0.9456278,-0.13776228,0.39313796,-0.027578164
2014-01-14,0.8950815,-0.075282134,0.82619315,0.95458114,0.3255831,0.33593655,-0.4706367,0.2603355,0.11320535
2014-01-15,-0.20863971,0.24383193,0.08084327,-0.31829175,-0.4540026,0.12783611,-0.8197936,-0.87919587,0.82651895
2014-01-16,-0.078483425,0.18517429,-0.4151796,-0.54915595,-0.379522,0.060213197,1.0543756,0.34535313,0.030504026
2014-01-17,0.05783033,0.35727435,0.075070776,-1.2935746,0.46993482,0.18319575,-0.6857141,0.009482535,-0.23151526
2014-01-21,-0.16145593,0.2896627,0.24990019,0.32267284,-0.39507556,-0.4107125,-0.3023051,-0.52299863,0.026758824
2014-01-22,0.5097333,0.4438187,-0.43288803,0.45855674,-0.09698263,-0.586171,-0.64113855,-0.023643753,-0.533534
2014-01-23,0.44616157,0.15129349,0.02065928,0.110556446,0.6843615,-0.3152976,-0.10969685,1.1714807,-1.3990825
2014-01-24,-0.48007125,0.41480953,0.4477646,0.74712634,-0.3585368,-0.17944442,0.3602474,0.1798429,-0.51539934
2014-01-27,-0.28364176,0.17698772,-0.09247554,-0.5642627,1.4878774,-0.9887574,-0.1635375,0.042148057,0.23535618
2014-01-28,-0.3313492,0.5575941,0.11076784,0.62465173,-0.52414,0.008949902,0.45642835,-0.00990588,0.04751143
2014-01-29,-0.10818979,0.63980675,0.83242655,-0.07873741,-1.0073385,-0.40734458,-0.5077165,0.054866776,-1.3571664
2014-02-10,1.3437499,0.124493666,-0.84552914,-0.3560508,-0.20035654,0.69891316,1.8831967,2.0130455,0.3778184
2014-02-11,0.46792814,0.3509716,0.119024426,-0.10662899,-0.31890693,-0.14513028,-0.0301156,0.5404172,-0.70611054
2014-02-12,-0.025909062,-0.052569512,0.37301004,-1.348052,-0.65834564,0.6760746,0.061436042,0.36870018,0.24133895
2014-02-13,0.56315523,0.3696105,-0.3710018,0.24812527,-0.08768944,-0.32822543,0.26953536,0.8530884,-0.56785446
2014-02-14,0.61237746,-0.0526523,-0.40938246,-1.2166148,0.32955447,0.4637293,-0.527874,0.6342922,-0.96996975
2014-02-18,0.39409345,0.4018931,0.4349427,0.1920977,-1.4542335,0.33350196,0.9126823,2.2089179,0.5856659
2014-02-19,0.1707131,0.3564383,0.38130102,0.47121388,-1.8851261,-0.19159637,0.68776965,0.9674611,-0.8787246
2014-02-20,-0.14248197,0.42059505,-0.14167339,0.21964394,0.69160485,-0.39272293,-0.05203345,0.14404276,0.5121585
2014-02-21,-0.1354903,-0.3684029,0.5031196,-0.8328644,-0.2195379,0.23724075,0.4237914,0.88294774,0.07989854
2014-02-24,-0.14770895,-0.32025072,-0.22970176,-1.0897814,0.66447896,0.25350577,0.062273525,1.4324894,0.35988688
2014-02-25,0.21246658,-0.26104918,-0.3971915,-0.4319411,1.0218459,-0.3452985,-0.068314135,0.47156602,0.75581074
2014-02-26,0.15857235,-0.054712877,-0.37148133,0.6693865,-0.21359521,-0.57848895,-0.2640117,-0.42264044,1.173148
2014-02-27,-0.3141905,-0.5489057,0.6395931,-1.3603973,0.06836806,-0.01715314,-0.63833356,0.09140171,0.6196736
2014-02-28,1.3725599,1.0678005,-0.09256484,0.67148507,-0.032851346,-0.7515858,0.08375256,-0.023439085,0.26195243
2014-03-03,-0.46927637,0.69565254,-0.18605785,-0.3134051,-0.05403527,0.9226202,0.6242779,1.5042434,-1.1475576
2014-03-04,0.62685746,-0.16572385,-0.19595677,-0.12900428,-0.01137689,0.5709578,0.95382804,-0.18678075,1.440489
2014-03-05,-0.05788436,-0.44130504,0.6520118,-0.89076054,-0.59596616,0.1746377,0.98512876,0.74323523,-0.2942297
2014-03-06,0.63298285,0.33392215,0.053437278,-0.41937935,0.30701944,0.8505918,0.77169734,0.73234093,-0.0035288932
2014-03-07,-0.12691696,1.1531135,0.29276136,1.3250833,0.52753234,-0.9594611,0.31352612,0.19472377,-0.32612404
2014-03-10,-0.89018023,-0.22016072,0.36535704,-1.0018443,-0.8603191,-0.4813993,0.29526442,-0.0628598,-0.44278678
2014-03-11,0.1716883,0.82499236,-0.5142752,0.42867646,0.38985953,-0.9871992,0.72998464,0.307194,-0.887223
2014-03-12,0.93337965,-0.016597088,0.14338358,-0.7510091,0.88965,0.16161427,-0.45124778,0.29620594,-0.9599299
2014-03-13,-0.16356197,-0.1104344,0.37025633,-0.20828933,0.38499072,-0.46775717,0.03060922,0.48939764,0.070141025
2014-03-14,0.18274267,0.59026986,-0.035142694,-0.43238008,0.42210993,-0.33063138,-1.2202073,-0.82333857,-0.27532995
2014-03-17,0.13481444,0.6940601,0.82221675,-0.11885912,0.9384954,-0.53299725,0.7938185,0.27058598,0.14357395
2014-03-18,-0.029583812,0.6354791,-0.961316,-0.20539424,-0.17462546,0.042665165,1.3569231,0.270138,1.1191096
2014-03-19,-0.06258837,0.2033551,-1.0527068,-0.36125022,0.21673301,-0.040633436,1.1784173,-0.15059228,0.6544117
2014-03-20,-1.0835849,0.5208638,0.18137616,0.39370796,1.3880453,-0.6441292,-0.52381194,-0.79785144,-0.005999375
2014-03-21,-0.092260726,0.35117823,0.4732338,-0.7063029,0.15323898,0.25390562,-0.5998593,-0.8367132,0.10914051
2014-03-24,0.4790241,0.31745133,-0.5419687,0.74213207,0.35555518,-0.29017645,0.84452015,0.18806322,0.5974094
2014-03-25,-0.20735039,0.00012957868,0.1267005,-0.9041026,-0.7461252,0.89909214,0.36682922,-0.69303274,0.73061705
2014-03-26,-0.9809203,-0.24072537,-0.25870442,0.3384836,0.28676075,-0.9454243,-0.20015794,0.9533072,0.29101208
2014-03-27,-0.30563134,0.27999744,0.11786668,0.3031836,-0.14165641,0.5471972,0.5017319,0.73359746,0.5048456
2014-03-28,-0.410766,0.06322358,0.47866574,-0.8858002,-0.33913016,0.27944228,-0.074553624,0.21859641,0.4463084
2014-03-31,0.4764635,0.38892418,-0.1459535,-0.2715253,0.8255694,0.21749833,0.7058958,-0.005753222,0.79523605
2014-04-01,0.46294016,0.3150835,0.17553191,-0.384702,0.5684473,-0.24830659,0.62437075,-0.053235006,0.5533074
2014-04-02,-0.20608455,-0.41115913,0.36688602,-1.5838507,-0.014173376,0.09009069,-0.6704622,-0.65611565,-0.4336341
2014-04-03,0.2829799,0.40753877,-0.62147003,0.50696605,-0.34159744,-0.035536945,0.28882894,0.5004928,0.24480994
2014-04-04,-0.08272209,0.2655791,0.32607034,-0.90931237,-0.6424607,0.24639907,0.23620707,0.5473249,-0.7948703
2014-04-08,0.8144419,0.48933002,-0.20677331,0.11589603,-1.012339,-0.25608698,0.46951652,0.6855206,-0.12894641
2014-04-09,0.016252931,0.40931025,0.15692762,0.05907865,-0.6459038,-0.04198261,0.022976473,-0.06959924,0.6209596
2014-04-10,0.26039705,-0.37680504,0.13616793,-1.3868464,-0.51298636,0.22118786,-0.4813171,0.119266644,-0.28360888
2014-04-11,0.18921357,0.27919242,0.102759056,-0.20707013,0.39892858,-0.36797076,-0.81087846,-0.82487506,-0.20100996
2014-04-14,1.1795812,0.7793544,-0.2879433,-0.09499081,-0.030398766,0.18755965,0.29454583,0.42179444,-0.028643921
2014-04-15,0.4523302,-0.1854846,-0.88177687,1.4515347,1.2647464,0.030708741,-0.09793446,-0.7465536,0.30497104
2014-04-16,-0.3459695,-0.1803611,-0.38093144,-0.8446178,-0.19207337,0.7004237,0.03290598,0.067967586,0.9770713
2014-04-17,0.75999975,1.1590581,1.0725625,-0.1056468,-0.80217844,-0.5245892,0.6472593,-0.25040534,-0.29477236
2014-04-22,-0.65503377,-0.012934771,0.7188638,-0.5204097,-0.865705,0.16845177,0.14150862,-0.9723622,0.6606845
2014-04-23,-0.13000013,-0.019636707,0.53203386,-0.30007744,0.23928542,0.326383,0.43873236,0.9200937,-0.07633409
2014-04-24,0.72857076,0.2710199,-0.5005496,-0.5303069,0.06308508,0.20034552,-0.36857173,-0.1298404,-0.04887046
2014-04-25,0.83912313,-0.05483816,-0.60815704,-0.12907319,1.1175218,0.02593869,0.492214,0.64528555,-0.21783084
2014-04-28,0.017178837,0.4191845,-0.19804029,-0.05555498,0.64717305,-0.75899976,0.38361153,0.13805869,-0.23874266
2014-04-29,0.557379,0.72474295,0.08152102,0.55017334,-0.32134587,-0.14030622,0.6973438,1.02517,-0.44754806
2014-04-30,-0.28265584,-0.331248,-0.04704553,-0.057709113,1.1873232,-0.08813299,0.32262897,0.005597906,0.03005187
2014-05-06,-0.16663076,0.7885698,0.7652575,-1.541669,0.7742875,0.7019405,0.34626496,-0.7331145,-1.6722213
2014-05-07,-0.52344704,0.5197321,-0.0811752,0.85917866,0.2991335,-0.5414624,-0.3861312,-0.7521967,0.10857678
2014-05-08,0.5562714,0.17510398,-0.27104068,-0.5184689,0.25323036,0.4307743,0.22618915,-0.5161731,0.9461633
2014-05-09,0.09041564,-0.27772638,-0.6801678,-0.45551205,0.5650976,0.2573853,-0.34376583,-0.85348165,0.40658966
2014-05-12,0.65713257,-0.23799074,-0.24387202,-1.5299454,-0.6800267,0.65179306,-0.41484714,-0.57150227,0.24232791
2014-05-13,0.07459935,0.14161693,-0.52363104,0.00072992005,0.6939458,0.30721337,0.25040802,0.702458,-0.09348283
2014-05-14,-1.0690873,-0.102167904,-0.26413992,-1.4104886,0.27537084,0.33744848,-0.5987448,0.89947945,0.4770141
2014-05-15,-1.2420948,-0.11111087,0.9936635,0.023836918,-0.93558306,-1.15737,0.007832847,0.9710343,-0.2321127
2014-05-16,-0.054397866,0.23685975,-0.32671276,-0.42659122,0.9881493,-0.119893566,-0.7608599,-0.92149496,0.28090775
2014-05-19,0.62802273,0.43204284,0.12897786,-0.8503558,-0.25249472,-0.29840642,0.034921337,-0.31409633,0.539452
2014-05-20,-0.20568807,0.39478764,0.50512344,-0.25555265,-0.23907477,-0.34365186,-0.123308964,-0.0013312231,-0.65151477
2014-05-21,-0.23828304,0.8783411,-0.057450898,0.092657134,0.8024621,-0.2864183,0.2816562,0.56109005,0.36508712
2014-05-22,0.32743627,-0.0019618773,-0.4323947,-1.1361214,0.34622476,0.299569,-0.08555398,0.009744806,0.27866998
2014-05-23,-0.496066,0.3005197,0.10436738,-0.33832797,0.02267471,0.07579703,0.078703806,-0.55783105,0.3421251
2014-05-27,-0.7120379,0.30702233,0.33457565,-0.11224437,-0.18905327,-0.4681599,-0.17793417,-1.4844416,0.49147412
2014-05-28,-0.024317497,0.18168645,0.02344995,-0.11147325,0.47162688,-0.17250916,0.10325556,-0.09134277,0.08047903
2014-05-29,-0.68721104,0.04134979,0.43161353,-0.27576834,-0.069123305,-0.3372194,0.03879633,1.0253252,0.2600162
2014-05-30,-0.40257567,0.15063561,0.41009733,-0.25857237,0.46281615,-0.3608224,-0.07170172,-1.1189152,0.21990438
2014-06-03,-0.68074846,-0.21718065,0.2735516,-0.9390356,-0.0011549308,0.017779794,-0.31249052,-0.8027374,0.4925993
2014-06-04,0.40688115,0.20420608,-0.40915385,0.32749957,0.37780246,-0.54655975,0.1606879,0.27715957,-0.61741525
2014-06-05,0.03115782,-0.014852556,-0.056585282,-0.83228445,0.18786193,-0.2933569,-1.2017152,-0.12355994,-0.5039592
2014-06-06,0.47786725,0.24500132,-0.24333777,0.2679728,0.42952245,0.1512311,0.6227578,0.9987937,0.2674762
2014-06-09,-0.0029266244,0.29096356,-0.4779652,-0.63843757,0.7218579,0.062074162,-0.9683204,-0.23266079,0.7757293
2014-06-10,-0.08124844,0.044492166,0.47603497,-1.0671165,0.24315351,-0.15622254,-0.28373978,0.5068717,-0.13141328
2014-06-11,-0.7439907,0.26483735,0.44821003,-0.24462613,-0.25448817,-1.0021647,-0.7850857,0.18465765,-0.6751898
2014-06-12,0.008001077,0.48380888,-0.16893354,0.7092941,-0.09566081,-0.76648194,-0.85040957,0.801004,-0.9810751
2014-06-13,0.4648008,-0.19129057,-0.5554323,0.12644933,-0.4444207,0.55356014,0.40971714,0.797882,0.5396068
2014-06-16,-0.113105856,0.29524827,0.97181815,-0.8699681,-0.4042477,0.24006367,-0.12621386,0.12309664,0.68296814
2014-06-17,0.058797028,0.5507228,0.34654963,-0.65484697,-0.08507102,0.6632246,0.035488386,-0.74053556,0.22071
2014-06-18,-0.08587549,0.6739936,-0.11123208,-0.50930333,0.9078344,0.6652498,0.6956308,0.7800804,0.5218796
2014-06-19,0.4651232,-0.31028754,-0.55244845,-1.1568323,0.73232394,0.13870303,-0.5226257,1.9346673,-0.3424829
2014-06-20,-0.09320329,-0.1292978,0.057793487,-0.75772095,-0.4523968,0.016862452,0.040811855,0.08815118,0.19056767
2014-06-23,-0.018374791,-0.30435094,0.054456573,-0.7368493,-0.3720779,-0.23252133,0.01033912,0.013307026,0.53844845
2014-06-24,-0.029700318,-0.29259905,-0.51247656,-0.13330527,0.41621923,-1.0397744,-1.106508,0.87158847,-0.09843519
2014-06-25,0.90095454,0.137479,0.13095906,-0.3835533,-0.6178886,-0.20605583,0.21650065,-0.23026296,-0.1607322
2014-06-26,0.82704777,-0.47687146,-0.9099197,0.12171764,0.40796304,-0.2567198,-0.0141928345,-0.05966505,0.56474155
2014-06-27,0.4053277,0.76261777,0.19048637,-0.19144273,0.93773246,-0.21717083,-0.3219145,-0.86636704,-0.55222464
2014-06-30,-0.657847,-0.6359588,0.5066316,-1.2902302,-0.6975156,-0.4101035,-1.0585994,-1.1994904,0.071028896
2014-07-01,-0.891977,-0.5216821,-0.38171822,-0.7586565,0.73631203,0.67722607,0.10017407,0.9024034,-0.21348849
2014-07-02,-0.11794501,-0.6814893,0.006847456,-1.6437879,-0.5954869,0.43799588,-0.49239874,-0.6946747,1.0126551
2014-07-03,0.38394055,-0.10524538,-0.22927162,0.1768769,0.04668142,-0.22372442,0.059823714,-0.055671453,0.6076162
2014-07-07,-0.8599374,-0.23588353,0.16213946,-0.573423,0.4013429,-0.79727936,-0.86260307,-0.5319818,0.105307706
2014-07-08,-0.25386277,-0.43183926,0.5147454,-0.96373117,-0.16569711,0.53340524,-0.019561948,-0.68177474,-0.040809408
2014-07-09,-0.47668776,0.3237853,0.7885305,-1.0961643,0.42538992,-0.14841302,-0.09533804,-0.29494578,-0.475078
2014-07-10,-0.12348355,-0.19373381,-1.1238674,-0.5427248,1.2997556,-0.43978786,-0.96120816,-0.014509274,-0.7570055
2014-07-11,-0.5099621,-0.70706695,0.47835404,-1.1086603,-0.11526964,-0.09200573,-0.79921645,-1.0648102,0.37548685
2014-07-14,-0.49525607,0.5063931,0.11764612,0.7731243,-0.43001446,-0.18206301,0.73041356,-0.61341435,0.66562176
2014-07-15,-0.72510993,-1.2405319,1.0415534,-0.13555297,-0.25432953,0.00540901,-1.5767782,-1.2210544,-0.24085674
2014-07-16,-0.024414135,-0.03036138,-0.57324535,0.037809957,0.0028072137,0.2231799,0.28895545,0.036426153,-0.42664018
2014-07-17,0.50117517,0.101242624,-0.40512556,-0.89076316,0.70925653,-0.16550937,-0.9494095,0.55397546,-0.24413612
2014-07-18,-0.76046824,-0.15866408,0.4017233,-0.0017448468,-0.8207802,-0.84219676,0.03362592,0.37204605,0.04593946
2014-07-21,-0.38442522,-0.4835143,-0.36944497,-1.2935154,-0.20112583,0.4006062,-0.631086,-0.15886368,0.7002795
2014-07-22,-0.021324947,-0.23284431,-0.066245936,-0.5893102,0.00028293594,0.014843031,-0.43926224,-0.2760906,1.3191446
2014-07-23,0.39795378,0.8856409,0.15273693,-0.010512896,-0.2933689,-0.76154447,0.6294539,0.6246872,-0.17149118
2014-07-24,-0.3343715,0.059415758,-0.06484385,-0.17984611,-0.46160638,-0.41345346,0.4376881,-0.46957624,1.1899523
2014-07-25,0.5412207,0.013507398,-0.7577682,0.07374939,0.5749146,-0.67649704,-0.6211003,1.0189902,-0.33612525
2014-07-28,0.00058051903,0.50213045,0.25628984,-0.61540085,0.24762057,-0.15826693,0.74200934,0.7712968,0.6297811
2014-07-29,-0.37990293,0.34033558,0.1653556,0.01937132,0.06914655,-1.0455153,-0.8507195,-0.5602708,-0.8757797
2014-07-30,0.5323407,-0.5839658,-0.53002137,-0.6713892,-0.11104055,0.43385974,-0.072807476,-0.6942044,0.5102211
2014-07-31,-0.16779199,0.5141014,0.32136258,0.29151255,-0.56147486,-0.89220625,0.86616224,0.44399348,-0.37286577
2014-08-01,-0.17077582,0.042518742,0.5822982,-0.60670644,0.8387197,-0.13881344,-0.021246843,-0.028634012,-0.76329476
2014-08-04,0.39211085,0.33127195,-0.24272451,-0.3438044,-0.0544046,0.801706,0.79768264,0.030795723,1.2465994
2014-08-05,-0.09504215,0.06385839,0.13571712,0.3464581,0.3620894,-0.71701413,-0.13016915,-0.6256328,-0.36806867
2014-08-06,0.86750364,0.37681037,-0.15048937,-0.0052113836,0.50869226,0.4239839,0.37578374,1.3084011,-0.6823731
2014-08-07,-0.11784427,0.83246225,0.1719987,-0.73041767,0.768531,0.07803258,-0.2855138,-0.750848,-0.37651232
2014-08-08,-0.94730026,0.52063394,0.6092147,-0.5629333,0.1958266,0.058147084,0.50265425,-0.010402995,-0.25024223
2014-08-11,0.19386254,0.23826836,0.1999662,-0.34117344,-0.4295745,-0.022510283,0.7424643,0.80843997,0.3191726
2014-08-12,-0.3471276,-0.07914964,0.14184777,-0.64105594,0.6242396,0.11017616,-0.16465065,-1.1346134,-0.32596943
2014-08-13,-0.6962391,0.609846,0.82116145,-0.081465974,0.6836167,-0.3253134,-0.61900324,-0.030482838,-0.77015656
2014-08-14,0.41943032,-0.7938613,0.2692003,-0.15467384,0.32263273,-0.49010772,-0.3000404,-0.2691168,-0.7339856
2014-08-15,-0.019380206,0.003806486,-0.9040362,-0.1771183,0.44691262,0.23637311,-0.61418533,-2.1221857,-0.9815129
2014-08-18,-0.0074325786,-0.30514684,0.05920198,-0.588244,-0.10222113,-0.30572918,0.44661427,-0.07210173,0.6279879
2014-08-19,0.15039012,0.5460004,-0.088357456,0.16609298,0.77603936,0.08220241,0.08626186,-0.64689386,0.08612974
2014-08-20,-0.038048256,0.020762373,-0.06561659,-1.0787351,-0.9062323,1.1814736,0.29695946,-0.78005713,0.86884326
2014-08-21,-0.32277668,0.37360168,0.177433,0.41243196,-0.016770948,-1.2612211e-05,0.83163184,0.43499145,0.87597674
2014-08-22,0.69988847,0.4965949,-0.30216467,-0.40987837,0.7104267,-0.139981,0.43756393,0.22981508,0.5170698
2014-08-26,-0.8349439,-0.16251883,0.85485506,-0.49530062,-1.3719205,-0.24748501,-1.188927,-0.43250492,-0.58825487
2014-08-27,0.3196795,0.65784544,0.17939259,-0.03968502,0.3109685,-0.20845154,0.21144618,0.042061947,-0.101796664
2014-08-28,0.22652422,0.40413383,-0.13134079,0.02758991,0.55256784,-0.73103154,-0.09236703,1.080467,-0.7841565
2014-08-29,-0.5427368,0.56898713,0.18920662,-0.7309407,-0.4131958,-0.43038657,0.3058238,0.07437632,0.7369021
2014-09-02,-1.1841116,-0.69499856,0.5146703,-0.34247324,-0.2197976,-0.2164448,1.5329133,0.3120824,0.66035604
2014-09-03,-0.41397405,0.39779225,-0.04873177,-0.46827158,-0.13610113,-0.7429899,-1.7703518,-0.6510443,-0.31068528
2014-09-04,0.59041035,-0.03630408,0.30499566,-0.39371726,-0.30356896,0.010583221,-0.5184275,-0.8452694,0.5790938
2014-09-05,0.88677514,0.5207257,-0.18789414,-0.0636377,0.9375121,-0.48424974,0.7287697,1.0783579,0.6969263
2014-09-09,-1.107446,0.15002398,1.0506188,0.63945514,0.32653356,-0.6190759,-0.074767485,-0.4991817,-0.83806014
2014-09-10,-0.01026764,-0.18474077,0.113386616,-0.36072665,0.8606587,0.22122224,-0.016809605,-0.8095436,0.2184792
2014-09-11,-0.8500369,0.74316883,0.633112,-0.22202057,0.015536054,-0.4819728,0.01290461,-0.55450904,-0.34514952
2014-09-12,0.2950707,0.55390096,-0.46018276,-0.3402418,-0.19937956,-0.5963728,0.840169,-0.33844364,0.39603886
2014-09-15,0.29579547,-0.21629518,0.46524203,0.558847,0.79155546,-0.29054388,-1.4355189,-0.42106113,-1.377258
2014-09-16,0.09530186,0.3723784,0.48925367,-0.8363693,-0.5948418,0.7043675,-0.5676691,-0.39117578,0.5882592
2014-09-17,-0.02675412,-0.26164576,-0.1548153,0.15763922,-0.22975907,0.088684276,0.29693753,0.49953914,-0.23201206
2014-09-18,-0.62521535,-0.29016882,-0.20768683,-0.1442419,1.0949718,-0.7964657,-0.59043175,-0.96245927,-0.30708933
2014-09-19,-0.7851244,0.30210948,0.60425925,0.11022358,-0.2722382,-0.794166,-0.57901,-0.8961416,0.7344011
2014-09-22,-1.0711006,-0.8512227,0.07518685,0.12766336,0.5799212,-0.032936297,-0.077700675,0.80391616,-0.42962143
2014-09-23,-0.12598923,0.23150061,-0.32207146,-0.6299634,0.024026807,-0.7156755,-0.11866105,0.3993954,-0.067440495
2014-09-24,0.53521276,-0.13842799,-0.38912055,0.19719055,-1.1101948,0.16383472,0.5125876,0.41429847,0.23831435
2014-09-25,-0.4274045,0.15258056,-0.15046996,0.08481391,0.4732372,-0.20316423,-0.70895505,-0.53158575,-0.3687835
2014-09-26,-1.0750474,-1.1433243,-0.12518232,-0.23659055,-0.3281378,0.015656864,-0.196382,0.90303254,0.030236322
2014-09-29,0.26683792,-0.71783715,-0.94726187,0.2011079,-1.0032727,0.25815824,0.25048873,1.334546,0.25874713
2014-09-30,-0.6918226,-0.87650895,0.77279794,-0.028513044,0.121395804,-0.550869,0.05362222,-0.85248864,0.07387534
2014-10-08,0.59503347,-0.8576544,0.13168092,0.055167284,-0.3588555,0.53647023,2.24565,2.099422,1.0456223
2014-10-09,0.11632337,0.32372114,0.8621367,-1.6340649,-0.096232176,-0.29710352,0.4166075,0.723123,-0.35441276
2014-10-10,-0.67452645,0.108155265,0.28614956,-0.091111645,0.1427161,-0.6767479,-0.8710893,-0.6828738,-0.39614388
2014-10-13,0.8496145,-0.033858564,-0.53979915,-0.02057899,0.4226551,0.48113233,1.1666784,1.1529437,0.55926234
2014-10-14,0.5649638,-0.7823574,0.1623703,-1.0731293,0.71865994,0.5714266,1.4449903,0.48817185,0.41993892
2014-10-15,-0.5562698,-0.34577125,-0.8566875,-0.208101,1.0589558,-0.6462973,-0.44210127,-1.2251699,-1.8954892
2014-10-16,0.24427788,0.5265141,-0.59705895,0.96226346,0.7132376,-0.43505272,0.4001741,1.2265502,-0.06975349
2014-10-17,-0.38902566,0.15264185,-0.12542212,-0.9244613,0.1880163,0.5261623,-0.7510893,-0.9538522,0.8273087
2014-10-20,0.34361413,-0.9344164,0.2015294,0.3531382,1.4634352,0.38093776,-1.5076691,-0.06266123,-0.16147766
2014-10-21,0.5722119,0.9405729,-0.060660157,-0.6284396,0.38349625,0.50007135,0.5326246,0.50266814,0.02721288
2014-10-22,-0.4123358,-0.55571467,-0.19873333,-0.27660796,0.5178427,0.25996917,0.1297084,-0.41895032,1.4436154
2014-10-23,0.44285476,1.0502224,-0.5809972,0.7033804,0.02544952,-0.58614796,0.46050888,0.25990924,0.6763485
2014-10-24,-0.9218073,-0.06713199,0.9901978,-0.8694936,0.037981443,-0.21711412,-0.20953833,-0.039929997,-0.18334047
2014-10-27,0.5608104,0.48922807,-0.4636004,-0.20798019,0.8048088,-0.12396637,0.55352414,0.37508178,0.7607548
2014-10-28,0.96287596,0.4115818,0.14395206,-0.32660994,-0.8113236,0.7435917,0.49274397,0.011891757,0.13496612
2014-10-29,0.61120266,0.6324399,-0.85133886,0.03780401,-0.027091486,0.8256746,1.1088431,0.6900996,0.8489285
2014-10-30,-0.52560186,-0.24907875,-0.0066810744,1.1025963,-0.2672734,-0.59909344,0.16225804,-1.2521328,0.7980976
2014-10-31,-0.2056073,0.5591302,0.22571208,0.5611882,-0.19077967,-0.3534474,1.0525178,-0.38602874,1.1208967
2014-11-03,-0.31397733,0.051973198,0.8484873,-0.89587307,0.17964892,0.34468332,0.16236503,-0.7020815,-0.6939662
2014-11-04,-0.77910006,-0.49557412,0.7791648,-0.040474348,0.34729627,-1.1707995,-0.32029313,-0.5793688,-0.9113992
2014-11-05,-0.18392137,0.86898875,0.14255719,0.934497,0.18552357,-0.3166982,0.6097294,-0.888398,0.37615392
2014-11-06,-0.055810872,0.27493724,0.17855605,-0.08569233,-0.34438932,0.20375891,0.27797705,-0.3083105,0.4283253
2014-11-07,-0.07233256,0.0613027,-0.083490536,-1.2604284,0.063719235,0.18186128,-0.80022204,1.1509058,-0.4148442
2014-11-10,-0.087139204,-0.22926347,-0.18512516,0.18261133,0.8427747,-0.62925696,-0.17240748,0.0036060112,0.27543998
2014-11-11,0.42635325,-0.17529388,-0.3165184,-0.23749062,-0.3021261,0.6862221,1.4947678,1.3580586,0.8905411
2014-11-12,0.37855014,-0.34097978,-0.37501997,-0.095849946,0.76155025,0.1729974,0.036034588,-0.20387281,0.22915101
2014-11-13,0.6342946,-0.9041824,-0.058338378,0.025255647,0.966275,-1.1038156,0.34771237,0.63842887,-0.022703577
2014-11-14,0.3664856,0.20968927,-0.21713468,-1.1234882,-0.41742378,0.0078358725,-1.149557,0.5849395,-1.3325002
2014-11-17,-0.73052776,0.5222291,-1.0559949,-0.6461863,-0.6637839,-0.8989317,0.9325417,-0.47785065,0.1547848
2014-11-18,0.010908382,-0.08410461,0.35056937,-0.6673344,0.09455066,-0.26773477,-0.32176524,0.23614354,-0.9429565
2014-11-19,-0.20595217,-0.33849382,0.42946282,-0.7952438,-1.2135895,-0.060928036,-0.21910353,-0.6255527,0.013804352
2014-11-20,0.5385739,0.34593412,-0.87043345,0.5439905,1.0107056,0.43010637,0.5914278,0.39668727,-0.036274273
2014-11-21,0.52168345,0.46921787,-0.32404307,-1.1770152,0.14008689,0.56058246,-0.13194174,0.4617728,0.65099645
2014-11-24,-0.16613448,0.10408049,0.10887945,0.0961465,0.23739573,-0.3525655,0.15342888,-0.25401473,-0.016888324
2014-11-25,0.7888693,0.06391874,-0.049297884,0.12373018,0.25359312,-0.08143832,0.9579853,1.3396508,-0.5549883
2014-11-26,-0.026192302,0.27312788,0.3752468,-0.22889875,0.112820886,0.5823267,0.5325352,0.18316077,-0.08632365
2014-11-28,-0.40254194,-1.0341918,0.7507725,0.4663069,1.5781858,-1.2728345,0.87319696,-1.4893366,-0.13603762
2014-12-01,1.0344439,0.14402354,-0.51250803,-1.953724,0.29623643,0.549243,-0.40072808,1.5405325,-1.1498904
2014-12-02,-0.79898506,-0.2675509,0.75929147,-0.2733105,0.80233824,-0.7708218,-0.13431583,-1.8935314,-0.2138283
2014-12-03,0.48865753,0.10470977,0.048288807,-0.57776463,-0.012884484,-0.12758976,0.1533546,-0.11748065,-0.57196397
2014-12-04,0.44392574,-0.4887999,-0.2948514,-1.0244465,0.121075474,0.7200701,0.36227643,-0.12612033,0.69793624
2014-12-05,-0.02527416,0.3683649,-0.22924548,0.9905333,0.30308127,-0.38748488,1.383695,-0.08109929,0.31254065
2014-12-08,-0.10757915,-0.7551449,0.5050819,-1.0971133,1.250865,0.016645016,0.8769974,0.19162849,-0.32244623
2014-12-09,0.39273468,0.10861206,-0.21166113,-1.5151323,0.074274346,0.30159336,-0.67094237,1.5513226,-0.90108734
2014-12-10,-0.1776751,-0.9579924,0.7708602,-0.27200252,0.5938417,-0.5113742,0.47769645,0.06275715,-0.6799327
2014-12-11,0.64252234,0.5099695,-0.12880129,-0.05135604,0.5995955,0.089689374,0.6815618,0.028549666,0.58996177
2014-12-12,0.76468164,-0.6534747,-0.08856249,0.17589258,-0.21295926,0.00439418,1.1460373,-0.1254161,-0.20505562
2014-12-15,-0.23513879,0.242898,-0.3349848,0.7510842,0.39171758,-0.7848433,1.3568954,0.21323413,0.044764973
2014-12-16,-0.7621151,0.48922616,0.35964206,0.22781414,0.87586325,-0.6457088,0.73947924,-1.3113295,0.019734444
2014-12-17,0.051547453,1.1251873,-0.96274364,-0.35276204,0.48361218,0.45995253,0.8166437,0.047409102,-0.5981987
2014-12-18,-0.28363758,-0.49652335,-0.83105755,-1.0764668,-0.3538683,-0.6928504,1.4399014,0.23262271,0.509787
2014-12-19,-1.1074506,0.31092247,-1.7572032,-1.3350977,-0.51597464,-0.72154224,0.68715,-0.19235854,0.3998604
2014-12-22,-0.2586427,0.024676835,-0.1878132,-0.15982237,0.8493344,-0.37343204,0.46112445,-0.68460774,1.3266983
2014-12-23,-0.35023487,1.1934073,-0.98304963,-0.20293288,0.043644574,-0.61864185,0.3282864,0.5853164,-0.26389632
2014-12-24,-1.0359902,-0.44957018,-0.31623554,-1.4600061,0.07182608,-1.0084097,0.4544867,-0.47414175,0.13013236
2014-12-29,1.0180196,-1.0663215,0.25791797,0.10697184,0.685472,-0.27301592,0.46429282,1.3465765,-0.271018
2014-12-30,0.08342015,-0.6061105,-0.70708406,-1.7423482,0.08686513,0.21017021,-0.7230583,0.21491525,-0.56140447
2014-12-31,-0.6825218,-0.37449464,0.44480392,-0.13433531,0.25829822,-0.83282214,-0.31101316,-1.3806884,0.5901036
2015-01-05,0.7523538,-1.1444863,-0.018208925,-1.0447508,0.41794398,-0.46821257,1.4228373,1.1233549,-0.7469508
2015-01-06,0.57728374,-1.4766043,0.19598714,-0.52911246,-0.23790565,0.37194005,0.44461048,1.4888403,-0.8181382
2015-01-07,0.1467432,0.11194786,0.9715539,-0.06589206,-0.18896648,-0.18746188,-0.16682798,-0.44973204,0.08926114
2015-01-08,-0.6719259,0.2628962,-0.13523267,-0.91399825,-0.73770857,0.6246419,0.5023357,-0.51526797,0.41023365
2015-01-09,-0.3562511,0.3104758,-0.1476268,-0.9182917,0.061476607,-0.4851907,1.3905759,0.63690424,-0.747842
2015-01-12,-0.79596186,-0.898662,-0.49182847,-1.8675153,1.2687653,-0.40934154,-0.22436525,-0.53336185,-0.68054783
2015-01-13,-0.7554314,0.20527759,0.8577928,-0.4988581,0.021819018,-0.46943605,0.07357039,0.45356002,-2.0262341
2015-01-14,-0.80965865,0.67195773,-0.030144414,1.1773907,-0.5758009,-0.766822,-0.26085413,0.940874,-1.5933365
2015-01-15,0.24997152,-0.9434632,0.2567027,-1.720831,0.20014763,1.0817761,0.20990822,0.35072145,-0.035610564
2015-01-16,0.9976808,0.45315874,-0.09697458,-0.30704647,0.49416876,1.0790203,-1.1240001,0.1310307,0.1525022
2015-01-20,-0.12324202,-1.2348118,-0.29584977,-1.2149719,2.087883,0.24613418,-0.1852354,-0.18491845,-0.20277587
2015-01-21,-0.13215107,0.24112734,-0.13580449,-0.5647802,-0.59418416,0.42136994,-0.4850813,-0.32934597,0.41095054
2015-01-22,-0.4611209,-0.23802564,0.060644515,-0.9486618,1.004552,-0.3198569,-0.71435624,-0.038102366,-0.21331334
2015-01-23,-0.07434579,0.9061288,0.044908307,0.88975525,0.3367278,-0.95738125,0.37346122,-0.2673624,-1.6292282
2015-01-26,-0.45370123,-0.105654776,0.4416716,-0.85698766,-0.24956414,0.77889943,0.4913286,-0.82822984,1.6664767
2015-01-27,0.21959732,0.54860693,-0.13906637,0.22993775,-0.35648972,-1.1485974,-0.83190465,0.6731779,-1.3610007
2015-01-28,-0.3813026,-0.6130706,0.8790044,-1.0670971,-0.20943138,-0.063930914,-0.6848176,-0.88537025,0.9457552
2015-01-29,-0.25234273,0.6880661,-0.17289829,1.453122,0.98340595,-0.86835676,-0.04873715,-1.9230901,0.24822214
2015-01-30,0.43504608,0.99407727,-1.1089805,-0.9461537,-0.47561628,0.5111827,-1.450119,0.45354456,-0.32440194
2015-02-02,-0.38789347,1.9367112,-0.8369418,0.14347397,-0.27761093,-0.33878905,-0.6986048,-0.9698703,-0.29669216
2015-02-03,0.47744003,1.9223313,-0.7806416,0.51336044,-0.14776635,1.1391225,0.50620216,1.0608116,1.0837123
2015-02-04,0.008692982,-1.5682819,0.913751,-1.4312046,0.39939505,-0.12478572,0.6684315,-0.37293884,-0.31045184
2015-02-05,0.5808501,1.2502124,-0.99125195,0.42398518,0.10831376,0.09681559,-0.077755354,0.27412063,0.13345294
2015-02-06,-0.373679,0.48296264,-0.31152856,1.2025894,-0.53703505,-0.59653926,-0.34722388,-0.49887043,1.1453737
2015-02-09,0.24440955,0.2837051,-0.88927126,-0.11847334,0.15609774,0.32561782,-0.3901216,0.94310504,-0.2916192
2015-02-10,-0.75221425,-0.55390185,0.76901275,0.22267132,0.9312738,-0.9530879,-0.12032325,-0.60603374,-0.4089728
2015-02-11,0.1633343,-0.25909382,-0.020765983,0.37014875,-0.25678012,-0.3089907,0.9594225,-0.047320306,0.007733489
2015-02-12,-0.31618577,0.6439471,-0.40339997,-0.58057,-0.8014864,0.64262176,-0.472333,0.54932857,0.8594773
2015-02-13,0.515551,1.6212391,-0.7240636,0.42537677,-0.11914274,-0.03346279,-0.79985213,0.782741,-0.545519
2015-02-25,-0.45965737,0.8151028,1.382431,1.0791144,0.7776727,-0.33995718,-1.2810069,-0.7001733,0.47088623
2015-02-26,-0.050991446,-0.7911835,-0.6808968,-1.0733484,1.0471398,0.23935664,-0.009328651,0.2579739,1.2393401
2015-02-27,0.0355659,1.8958664,-0.5409394,0.6173307,0.2991356,0.12912366,0.012661846,0.63940024,-0.5495872
2015-03-02,-0.14118908,-0.9365919,1.1661508,-1.2438842,-0.13378581,-0.14465517,0.5621484,-1.1465327,-0.5207809
2015-03-03,-0.093592875,0.49698555,-1.1018157,0.6885266,1.1114926,0.05103692,-0.27403688,-0.37985888,-0.8425858
2015-03-04,-0.072542205,-0.17620608,0.8292206,-0.13811827,-1.0397027,-0.68635297,-0.22679466,-0.1830892,0.22510985
2015-03-05,-0.4198841,-0.32555845,0.24554133,-0.45239958,0.110765845,0.0765911,-0.20043972,-0.7975495,-0.28880063
2015-03-06,-0.20832683,-0.06917691,0.011967161,0.89524126,-0.4398178,-0.7790589,0.47410378,-0.6973341,0.6444459
2015-03-09,0.5501969,-0.0847434,-0.62655246,-0.75679976,0.9268377,0.23718174,0.43135282,-0.45645955,0.81760293
2015-03-10,-0.14266819,-0.5044581,0.0856218,0.60523874,0.91709435,-1.1278112,0.4038137,-0.023683801,-0.53017825
2015-03-11,-0.26430902,0.23611514,-0.63102293,1.0888263,0.36772898,-0.55810493,0.13175656,-0.04493279,-0.029864611
2015-03-12,0.54653,-0.1292884,0.09181691,-1.2052679,0.30641782,0.512106,0.30110672,-0.54361826,0.43373498
2015-03-13,-0.017241837,-0.95791435,0.7564147,-1.4603808,0.20736714,-0.15517847,0.045135114,-1.5697846,-0.13731794
2015-03-16,1.0331736,-0.46507323,1.9913719,1.1713991,0.34598845,1.2408588,-0.93012416,1.1116105,0.051053293
2015-03-17,-0.866777,-0.83159304,0.0915719,0.16794372,-0.5716937,-0.25772846,-0.82668823,-0.6200044,-0.3430822
2015-03-18,0.43828622,1.499997,-0.50637,1.0956565,-0.14745325,-0.5143162,0.015318564,1.1710567,-0.4533184
2015-03-19,0.41935542,-0.7447722,-0.77457577,-2.4769897,-0.5618141,0.1563243,0.08149039,-0.12267944,-0.052947093
2015-03-20,1.4796379,0.31764945,-0.7942424,-1.2246639,-0.37035516,1.0159001,0.48160553,1.078462,0.032694824
2015-03-23,0.57936496,0.21264799,-0.569089,-0.2383682,0.089241,0.27253753,0.21486901,0.81227845,0.86197424
2015-03-24,-0.043991715,-0.013702259,-0.09001772,-0.4289758,0.73106694,-0.4221183,-0.3395215,-0.13904247,-0.26222256
2015-03-25,0.024232876,0.6564153,-0.10232959,0.17790852,0.17209072,-0.48643073,-0.70518774,0.76312476,-0.40728047
2015-03-26,-0.4143568,1.1040282,0.03902706,-0.4361422,-0.2964922,-0.019772124,-1.5636472,-0.18164176,-0.09423066
2015-03-27,-0.1450852,-0.73684925,0.47075117,-0.32552445,1.324243,-0.42456993,0.51319593,-0.20617293,0.06631742
2015-03-30,0.10549396,-0.13358434,-0.8042077,0.5537622,1.0739486,-0.08342173,0.890945,-0.33096263,0.5718741
2015-03-31,-1.0774194,0.15264264,1.1128936,-0.9057082,0.0766731,-0.5936794,-0.16862276,0.29544598,-0.36379912
2015-04-01,0.9343676,0.42130408,-1.0333301,-0.4864385,-0.050361965,0.55263335,-0.13788798,1.8344972,-0.6794866
2015-04-02,0.5332821,-0.937893,0.48874062,0.084918864,-0.8378233,0.29724583,1.7578895,0.54721874,0.35918245
2015-04-07,-0.8064628,1.5003638,-0.21381499,-0.35071266,-0.52730256,0.3110711,-1.8164277,0.20380093,-0.5869291
2015-04-08,-0.8781102,-1.8132485,-0.085379,-0.6593223,0.29808334,-0.061159395,1.2283927,-0.70851886,0.33787853
2015-04-09,-0.61195624,0.101064585,-0.17551214,0.19486068,-0.359171,-0.45039383,-0.7706684,-0.677344,0.44137454
2015-04-10,0.083854474,0.34600922,-0.9390692,-0.5323558,0.29849395,0.48394895,-0.33290944,0.3422081,-0.65388995
2015-04-13,-1.5007286,0.0033982713,0.46264112,-0.53242236,-0.14123055,-0.24127634,-0.7398814,-0.3810473,0.41574326
2015-04-14,0.040278167,0.43777367,-0.29764724,0.3776156,-0.25043687,-0.13904263,0.00778424,0.43173683,0.34137273
2015-04-15,0.3509332,1.3159482,-0.64364606,0.15433604,-0.5632138,0.12738058,-0.9655042,0.31102073,-0.2488353
2015-04-16,-0.33462948,1.2646378,2.3072798,-0.26438704,0.36086342,0.05896587,-0.38273504,1.628071,0.6476258
2015-04-17,0.10546945,0.35380027,0.46136394,-0.22561164,1.1610101,0.07977439,-0.016697565,-0.03834206,-0.4652263
2015-04-20,0.5562628,1.0465121,0.39711967,0.82762635,0.61583227,-0.49289253,0.33756462,-0.9282032,-0.19973345
2015-04-21,0.35878983,-0.37304524,0.39711964,-0.5109296,-0.01536535,-0.537582,-0.108965,0.45545748,-0.2614121
2015-04-22,-0.44103804,-0.14871769,-0.72192687,0.8052507,-0.5345888,-0.13253985,0.010082508,-0.5273526,0.24450275
2015-04-23,0.047732893,0.513427,-0.6877842,-0.07297128,0.012359093,0.32585973,-0.5893897,1.1152703,0.3405407
2015-04-24,-0.41841662,-0.19715254,0.3729251,-0.76112723,-0.9496767,0.56888735,-0.34737346,-1.4440712,1.4221855
2015-04-27,0.6742183,-0.6800739,-0.079837956,-1.7872367,0.43703496,0.7325764,-1.0334669,0.20153636,-0.43105578
2015-04-28,0.3909027,0.072586484,0.38429055,-0.7010916,0.104900375,0.40535942,-0.0035502918,0.5193188,-0.046982236
2015-04-29,-0.155041,1.0461752,-0.33259392,-0.09479424,-0.3472965,0.11935098,0.67716104,0.6900933,0.18714803
2015-04-30,-0.3770491,0.67669654,0.47494453,-0.046112645,-1.1267624,0.6231246,-0.024203617,-1.5874184,1.3162204
2015-05-05,0.18024182,1.2973243,-0.6288356,-1.1607351,-0.22832167,1.0783197,0.80033505,-0.3881981,-0.29308513
2015-05-06,0.66746527,0.10837052,-0.662416,1.1174761,1.0030721,-0.37238172,0.020112129,-0.029285984,-0.8132053
2015-05-07,-0.51627827,-0.73684555,-0.16867937,-0.8598023,-0.5540915,-0.8294242,0.8479847,-0.7279188,-0.01628854
2015-05-08,0.63138807,-0.41474655,0.0013417788,-0.023302019,-0.6123742,0.40405005,0.54744655,1.5440136,-0.3829381
2015-05-11,-0.20829743,0.2090309,0.19940929,0.39360148,0.48155794,-0.3721379,0.4605797,-0.050759595,-0.088956766
2015-05-12,-0.053699683,0.095467515,-0.58628994,-0.7009919,-0.6578497,0.20947704,-1.0673274,0.18512237,-0.118626654
2015-05-13,0.74688697,0.6837809,0.019707631,-0.8008535,0.4423957,-0.2231761,-0.67557144,0.9995439,-1.3256162
2015-05-14,0.6330477,0.8852297,0.33929288,-0.02600756,0.6241327,-0.4804031,0.1459584,1.2595668,-0.8744331
2015-05-15,0.34023398,0.48909605,0.09981407,-0.19248927,-0.057531357,-0.07523642,0.63923347,0.3051348,-0.5808559
2015-05-18,0.87456816,0.21231206,0.58264667,0.40017894,0.87224096,-0.55295664,-0.15484911,1.03673,-1.0301938
2015-05-19,-1.7178224,-0.54399097,0.8011739,0.33685625,0.82826114,-1.170586,0.3327152,-0.49169624,0.4663568
2015-05-20,0.12851581,1.1018867,-0.22004673,-0.09739607,0.6091051,-0.3600947,-0.4229154,-0.21958382,-0.5009539
2015-05-21,0.21244651,0.8258376,-0.54637957,0.7708138,1.044335,0.09553117,-0.71975905,-0.06236684,0.13879101
2015-05-22,-0.54187375,-0.47896242,0.7526973,-0.35024905,0.8729635,-0.5282603,-0.7737018,-0.5650813,-0.31294888
2015-05-26,-0.50623065,-0.68822706,0.32122692,-0.101262435,-0.16052105,-0.4288671,0.18535508,-1.3275957,0.8412173
2015-05-27,-0.806875,-0.35341907,0.37350845,-0.9649975,0.02576529,-0.82499105,0.3836307,0.18633927,0.26238045
2015-05-28,0.05562789,0.2217019,-0.11262867,-0.30448487,0.31664824,0.33837053,0.015673824,0.43658698,0.9135502
2015-05-29,-0.22035255,1.1332197,-0.5590552,0.9543707,-0.13737594,-0.39970672,-0.75792086,0.6300422,-0.6746142
2015-06-01,1.1592156,-0.8559735,-0.3007572,0.6009746,-0.49239686,0.60748285,0.778539,0.5027122,-0.17295954
2015-06-02,0.40088177,0.7511898,-0.67260385,0.013040668,-0.16865802,-0.08144209,0.7191744,1.5194423,-0.455684
2015-06-03,-0.006711323,-0.23954913,0.2860973,-0.3927363,-0.22644171,-0.0076048444,0.8714611,-0.96803194,0.608328
2015-06-04,0.2630981,-0.31699663,0.035470333,0.33818093,0.60319835,-0.5072362,1.4975467,0.22951953,0.11816225
2015-06-05,-0.05847902,0.54352814,-0.29577288,0.19557624,-0.089294106,-0.2169884,-0.68453336,-0.7994992,0.17772605
2015-06-08,0.5488116,0.018242275,0.05030574,-0.5204906,-0.24137151,0.21266338,0.7837569,0.33421904,-0.25770193
2015-06-09,0.45326155,0.8550534,-0.6149854,0.33487436,-0.48228997,-0.022746036,-0.98536843,0.18490127,-0.20199367
2015-06-10,-0.775226,-0.05744722,0.01789275,-0.68049425,-0.8646114,0.064673886,-1.1804342,-0.072861224,-0.1758114
2015-06-11,-0.30672076,-0.015628623,-0.3019169,0.31087348,1.2219388,-0.9515253,-0.6637232,-0.84627104,-0.5995993
2015-06-12,-0.49815387,0.18262602,0.9432175,-0.5803711,0.5661011,0.12773694,0.74702066,-0.038526803,0.13914265
2015-06-15,0.085234694,-0.61373085,0.19418575,-0.089499496,0.6963015,-0.5905097,-1.0570917,-0.6793249,-1.4372976
2015-06-16,-0.02046535,1.172373,0.15474579,0.6277009,0.21319184,-0.3219981,0.6480057,0.5690553,0.2763801
2015-06-17,-0.09749601,0.50607914,0.07222487,0.28166518,0.9804482,0.035009883,0.09333577,0.4333556,0.4700443
2015-06-18,0.15664375,0.30043584,0.283115,-1.2281469,0.42417258,0.0511552,-0.38047743,0.4535351,-0.8819416
2015-06-19,0.37067378,-0.6660717,-0.5753882,-0.10590914,0.25837862,-0.8319459,0.1605279,-0.25842473,-0.8034942
2015-06-23,0.66590595,0.501265,-0.24714173,1.0523516,0.60150117,1.0518849,0.67365843,0.10819577,1.3257798
2015-06-24,-0.4601602,-0.12848936,0.74555826,-0.7577477,-0.5097876,0.068251595,0.87210256,0.895794,-0.09873359
2015-06-25,0.6265584,0.6474023,0.24083473,0.11985085,0.38651207,0.30261144,1.4320824,0.44664934,-0.24242239
2015-06-26,0.33147046,0.5395046,-0.0986146,0.23073974,0.9083371,0.6633298,0.75253326,0.65577674,0.19176854
2015-06-29,-0.269445,-0.5726372,-0.33100358,-0.25979295,0.8222244,-0.38145882,0.3070436,0.7584802,-0.32703632
2015-06-30,0.751742,1.1004081,-0.8031909,1.1318779,0.62985444,0.66526246,1.6327,1.8205671,0.21905893
2015-07-01,-0.74545884,-1.2551302,0.15519798,-1.3880136,0.68572706,0.18936117,-0.62249464,-0.18576226,1.4337966
2015-07-02,0.5278692,0.6735066,0.32373312,0.46305284,-0.13071442,-0.18413901,0.30941886,0.18152252,0.07215913
2015-07-06,-0.10931684,-1.6975654,0.72422713,-0.8547758,1.4440644,-0.6793501,1.2460301,0.54160285,-0.73166305
2015-07-07,-1.9727122,0.30794865,0.5397509,1.1008816,1.250649,-1.4999671,-0.46394098,-0.06107378,-0.27960262
2015-07-08,0.50876176,0.0025606363,-0.4450199,-1.1360637,-0.3448271,0.57112414,-0.079065956,-0.42105848,0.50375
2015-07-09,0.8073834,1.5327281,0.12596408,-0.39548883,-0.4745278,0.16274096,0.50511414,-0.31599292,0.7408601
2015-07-10,-0.95787597,0.49823147,0.5758743,-0.6046395,0.39427897,0.13518523,0.6966676,1.4152578,0.11142516
2015-07-13,0.48997688,0.29900506,0.63470805,-0.7252078,-0.8784623,0.29225484,1.2005818,0.26747268,0.45397326
2015-07-14,0.17440791,-1.469049,-0.65094256,0.39771634,-0.73659194,0.49144235,-0.6557154,-0.60215205,-0.060941815
2015-07-15,-1.0911059,1.457292,1.563121,-0.8114992,0.79548126,-1.1097989,0.95020384,0.26436275,-0.037649263
2015-07-17,-0.15900716,0.34488538,-0.28538546,0.389565,-0.05661836,-0.96431416,-0.42470998,-1.7383697,-0.23731427
2015-07-20,-0.13003401,0.13698204,0.35253873,0.04549153,-0.49437335,-0.9054469,-0.6679952,-1.8492191,0.25792262
2015-07-21,-0.13990344,0.29835257,-0.15839133,0.477491,0.07020736,-0.33553758,0.18660586,0.23140112,-0.5467027
2015-07-22,-1.2339619,0.5527119,0.4939945,-0.43455467,0.103022285,-0.918542,0.898398,0.17808521,0.04296463
2015-07-23,-0.19762927,-0.033206943,0.20361672,-0.15978655,1.3002497,-0.12094353,0.17729798,0.21287884,-0.5904158
2015-07-24,-0.71166444,-0.17648132,0.8967069,-0.68397593,0.05031771,-0.57661706,-0.5834707,-1.2874056,-0.13993311
2015-07-27,-0.6614811,-1.0017176,0.21925956,-0.8474638,0.3150646,-0.61381,-1.166148,-0.55021524,-1.1283582
2015-07-28,0.84422165,-0.069327064,-0.50871885,-0.45430958,-0.6698681,0.43856075,0.29319584,0.21193658,1.2119024
2015-07-29,-0.9904581,-0.35166457,0.12125673,-0.7202733,-0.44160655,0.1482116,-0.029185718,0.435047,0.0911557
2015-07-30,0.13673814,0.424503,-0.07707697,0.23563763,0.7059391,-0.8814586,0.042602185,0.6314165,-0.090258494
2015-07-31,0.26546618,-0.120592766,0.36554524,-0.29309434,0.59165514,-0.60365516,-0.25035897,-0.13617834,-0.77732563
2015-08-03,-0.23363377,-1.363069,0.9725822,-0.18181884,0.22269973,-0.6017427,0.9355511,-0.25553226,0.23616885
2015-08-04,-0.3035512,0.6468445,0.4382614,-0.36157864,-0.31149668,-0.13453043,0.11609332,0.55893135,0.366796
2015-08-05,0.908655,0.5362211,-0.021811739,0.57562274,0.3940816,-0.76125234,0.26576418,-0.16136637,-0.3226325
2015-08-06,0.21587296,-0.22190814,-0.3210256,-0.3274222,0.56858903,-0.55752826,-0.60073936,0.025609866,-0.72277504
2015-08-07,0.6995158,0.045312885,-0.2359232,-0.30147347,0.19294362,-0.21858527,0.84235364,1.0502483,-0.16536096
2015-08-10,1.4970657,1.6135259,-0.50675726,-0.7365225,-0.25099114,0.5426503,0.6679145,1.5804771,0.32684532
2015-08-11,-0.9805408,-0.4888637,1.0385933,-0.077925436,0.099203,-1.2118512,-0.59395546,0.22924203,-1.3363124
2015-08-12,-1.1297449,0.24854803,1.0383048,-1.193915,-0.3700212,-0.02238397,-1.4466327,-1.0356073,-0.8615147
2015-08-13,0.7421095,-0.23971161,-0.3022051,0.1903895,0.13505514,0.21347037,1.4329938,0.66022176,0.8052661
2015-08-14,0.020239512,-0.37921628,0.0912278,-0.019123726,-0.1557572,0.47932902,0.1437644,-0.36237723,-0.027798504
2015-08-17,-0.9309567,0.28735414,-2.2575965,-1.5462769,-0.071963534,-0.87107605,1.0879899,-1.1265006,-0.79408616
2015-08-18,-1.1841314,0.32783175,0.40849274,0.2988712,0.6785193,-0.40702727,0.019052988,-0.23637737,-0.40807655
2015-08-19,0.20517859,-0.5574018,0.45723474,-1.670419,0.92309666,0.10860116,0.2396303,-0.14815214,-0.7447588
2015-08-20,0.66880065,-0.53323185,-0.6669836,-1.4634894,0.41971874,0.70000625,0.20229259,0.8419949,-0.2654196
2015-08-21,-0.6471879,-0.40022072,0.43778774,-0.47717685,1.3713344,-0.6973707,-0.5893127,-1.1944311,-0.92236364
2015-08-24,-1.3230852,-0.6357902,0.70660925,0.25948462,1.660728,-1.461627,1.012327,-0.09485719,-0.39685363
2015-08-25,-1.2235373,0.1796266,-1.1935501,-0.8417193,-1.2557739,-0.033340733,0.9108006,-0.50095683,1.1713341
2015-08-26,-0.50389045,0.06511519,0.6694931,0.6598014,0.5638945,-1.1970371,0.0942586,-0.74402875,-1.009308
2015-08-27,0.32205567,1.1616278,-1.1500888,-0.6451867,-1.2585132,1.5021077,-1.0953199,0.6742042,1.0856724
2015-08-28,0.3329525,0.8379059,-0.78838277,-0.09723525,-0.4846731,0.7899756,-1.7587787,0.3952607,0.30639917
2015-09-01,-0.8279602,0.21875343,0.24283312,-0.4816023,0.78792286,-0.1023682,0.23872326,-1.0006092,-1.3256772
2015-09-02,-0.38403347,0.28121006,0.046728447,-0.7038551,0.12365013,-0.10330107,-0.7951817,-0.4191303,0.5426996
2015-09-08,0.40869302,-0.3683382,-0.052861314,-0.63266337,-0.82361287,0.84360904,0.5445222,-0.058507945,1.0824033
2015-09-09,-0.6068064,-1.0884825,0.59561956,-0.16921641,0.27172014,0.3108577,0.88657206,-0.5560186,1.042295
2015-09-10,0.89524543,0.897832,-0.8470227,0.15265352,0.40313902,0.47823957,-0.33567393,-0.30217683,-0.31273645
2015-09-11,-0.029009897,-0.29034713,0.11122374,0.1921883,0.54131866,0.8963232,1.221269,0.11325188,0.5145133
2015-09-14,0.30564532,-0.10611728,0.4602836,0.6568602,0.5385255,-0.97843885,1.082726,0.93652856,-1.3447447
2015-09-15,1.0302275,0.82361805,-0.11155093,0.33979282,0.925745,0.39253175,0.7282084,0.22822343,0.3556855
2015-09-16,-0.31668368,1.5594355,-0.21903628,-1.3616428,0.1396481,0.5791649,-0.9616524,0.4247114,-0.5649933
2015-09-17,-0.35381117,-0.08917438,1.3656225,-0.21648625,0.3039595,-0.028458394,-0.26352245,0.28837362,0.16901174
2015-09-18,0.19276273,-0.28994742,0.6305521,-0.5082463,1.3994861,-0.9942985,-0.6056231,0.30489635,-1.4055158
2015-09-21,0.9014697,1.1329575,-0.40521634,0.98913765,-0.25998956,-0.30079928,0.12938547,0.80337733,-0.08984955
2015-09-22,-0.903373,-0.07914384,-0.18534324,1.4917545,0.6693614,-1.0175321,-0.18481743,-0.8295636,-0.5462267
2015-09-23,0.75594187,-0.15257053,-0.2901975,-0.28988513,0.18977977,0.6132658,0.964502,-0.1615633,-0.40586045
2015-09-24,0.3352222,-0.40131935,-0.040976554,-1.3135325,-0.67928565,0.8172335,0.14655171,0.88657355,-0.8868076
2015-09-25,0.44265452,-0.0071680336,-0.5728938,1.0884687,-0.18228531,0.16761999,0.8896885,1.9974025,0.48222938
2015-09-28,-1.0609031,-0.50083196,0.60091835,0.3723118,0.5945553,-0.4625302,0.82049483,-1.2343127,0.30157313
2015-09-29,-0.39298198,1.2522854,0.30723795,-0.094199836,-0.33283982,0.39895645,0.676054,0.23480105,0.34306467
2015-09-30,0.63434845,-0.15442419,-0.3683233,-0.65951043,-0.5547349,1.400482,0.5519123,-1.5678793,0.5699768
2015-10-08,0.24314258,-0.32789317,-0.77524585,0.046793953,-0.51775914,0.7745698,-1.1253086,3.0054817,-0.89124954
2015-10-09,-0.00790519,-0.62533563,-0.3577024,-1.9032284,-0.9985762,0.7686942,-0.43820766,-0.63931113,1.148499
2015-10-12,0.44505692,-1.5047622,0.5498501,-1.2080511,-0.35776377,-0.28929654,0.8029966,0.3976207,-0.36952525
2015-10-13,0.8365073,0.07323676,0.105621554,0.34942135,0.42352313,-0.26509386,1.5777478,0.9649414,-0.075558685
2015-10-14,-0.6112903,-1.0271356,-0.30008975,-0.9275631,-0.7292945,0.1706292,-0.5857278,0.7319612,-0.16646005
2015-10-15,-0.2376443,-0.96817464,-1.4808537,-0.8650872,0.15457107,0.075970486,-0.41442123,-0.5574703,-1.090103
2015-10-16,-0.7716669,-0.10176622,-0.78516084,0.013432367,0.58991456,-0.058244113,-1.4091109,0.25338817,0.10338479
2015-10-19,-0.8958948,-1.6522204,0.2129092,0.030028928,-0.06317396,-0.92006683,0.012452412,0.14168628,0.060102195
2015-10-20,0.5569774,-0.13963386,-0.22046454,0.38823095,-0.47113568,-0.29209146,0.06405623,1.1691862,-0.07003074
2015-10-21,-0.8197073,-1.0449893,-1.2947232,1.0344,-0.19472118,0.10086999,0.58994746,0.6363518,0.0807381
2015-10-22,0.074846484,0.3485809,1.450928,0.18105632,0.742523,0.05405125,-1.4447575,0.97153723,0.3622648
2015-10-23,-0.05941348,-0.40830508,-0.78876835,-0.09595459,0.5774188,-0.10901932,-0.1735525,-0.7442981,0.11323405
2015-10-26,-0.057786115,-0.3120399,-0.16075014,-0.7229694,1.8316188,0.20121378,0.28026074,-0.01084745,-0.0054757274
2015-10-27,0.03244561,0.65030485,0.43629593,-0.6909357,-0.098128974,-0.19397682,0.82534057,-0.7446103,-0.37726828
2015-10-28,-0.10632609,0.48994634,-0.94759655,-0.45140317,-0.5215387,0.18548396,-1.8930525,0.98288256,-0.40768287
2015-10-29,-0.9041607,0.7219182,-0.0824094,1.5279197,-0.59176683,-0.72260755,0.6923224,-0.21556519,-0.032351047
2015-10-30,-0.10817492,0.73880816,-0.5416954,0.5428556,-0.08073956,0.2886738,0.34467083,0.25979406,-0.18398249
2015-11-02,-0.9159539,-1.7240499,-0.4728527,-0.3158966,-0.02583131,0.52891713,-0.42824993,-0.22849283,0.49863017
2015-11-03,-0.78140557,1.185016,-0.714721,0.9302048,-0.106689245,0.23606925,0.05337618,0.15364087,0.79049265
2015-11-04,0.62448454,0.27576828,0.64199203,0.1122802,0.18861938,-0.39342538,1.3291315,-1.0321679,-0.26163062
2015-11-05,-1.1399914,-0.45330733,0.5158998,-0.2644345,-0.039013945,0.06936111,0.073777,-0.4991558,-1.2502198
2015-11-06,-0.77737147,0.42624822,-0.07036478,0.42067218,0.39347705,-0.55320024,0.48596328,-0.250356,0.9851561
2015-11-09,-0.5450042,0.61684155,0.6299857,-0.28513244,0.22004527,-0.4945211,0.0024549454,-1.5656581,-0.14303881
2015-11-10,-1.5990169,0.16956434,0.8505484,-0.41162515,0.22300284,0.40203747,0.16577993,-0.3068102,-0.7341001
2015-11-11,0.42530805,-0.88929695,0.23338686,-0.24379621,0.051116675,-0.1893192,0.5884245,0.36291432,1.5275749
2015-11-12,-0.28933537,-1.0115805,-0.09846469,0.2469656,0.7014492,-0.6465963,0.4364831,0.96432775,-0.11709614
2015-11-13,-0.3063872,-0.4337649,0.23079346,-0.4125659,0.25375,0.14967461,0.427363,-1.0958954,-0.6502772
2015-11-16,-0.84773564,1.8467339,0.25952297,-0.871955,0.35324302,-1.1442181,1.5525454,0.8901328,-1.0161245
2015-11-17,-0.44707417,0.60502404,1.0014186,0.26204267,0.35782012,-0.47157505,0.49156752,0.12176902,0.94231915
2015-11-18,-0.7347515,-0.16225028,-0.357283,0.5097247,0.035363395,-0.8915936,-0.89483845,0.6010742,-0.017544692
2015-11-19,-0.4273649,-1.1713438,-0.44321644,-0.4391058,-1.0411391,0.50923496,0.377301,1.6574053,-0.2683657
2015-11-20,-0.4344535,-0.67739046,-0.5571698,0.10263201,0.16092403,-0.45994118,-0.34145343,0.8338619,0.66320556
2015-11-23,-0.4084631,0.5743254,-0.53770447,1.14195,0.7630043,-0.63400465,-0.010965512,1.1091036,-0.011706757
2015-11-24,-0.1473491,-0.04346415,-0.8947767,-0.47096223,-1.738494,0.5240822,-0.26790413,-0.21526209,0.22191842
2015-11-25,0.27342787,-0.2669717,-0.18783878,0.3159454,-0.9792045,0.23215365,0.54705,0.6904229,0.31887326
2015-11-27,-1.3626903,-1.4953344,0.106764995,-0.30851316,-0.4641508,-0.26878133,0.3278197,-0.024382323,0.25252926
2015-11-30,0.71745145,0.29851037,-0.46445101,-0.06937699,0.8540449,0.03438984,0.6645288,0.30458054,-0.42745882
2015-12-01,-0.3186699,-0.21903475,0.19438812,-0.6756714,-0.27145448,0.43657565,0.6918362,1.3935063,1.2456244
2015-12-02,-1.206368,-1.2239721,0.28349915,-0.49645242,-0.20387521,0.1085456,1.6257137,0.6530852,-0.12802693
2015-12-03,0.4009912,0.025412394,-1.046103,0.55749696,-0.8385828,0.65130484,0.32947737,0.78569686,-1.4419439
2015-12-04,0.77704644,-1.0237938,-0.6282432,-1.1996807,-0.6656297,1.3447981,0.51465106,0.8311464,-0.88539153
2015-12-07,-0.90624297,-1.9030055,0.059426576,-0.45690635,0.61908287,-0.60102487,0.33690456,-1.3378489,-0.6668271
2015-12-08,-0.2418514,-0.7532522,-0.39767888,0.40893197,-0.45975792,-0.43843603,0.18007514,-0.1791506,0.14848019
2015-12-09,0.022831786,0.37696752,0.87835693,-1.0207143,0.06082621,0.9392015,0.71887594,0.17515899,-0.06486468
2015-12-10,-0.53785264,-1.380629,-1.8054316,0.95478874,-0.7434898,-0.013211174,0.08949464,0.69707656,0.29260236
2015-12-11,-1.3434527,-2.5327973,-0.59374195,-0.7252897,-0.7914793,0.14616759,0.14343902,-0.19400252,-0.098389514
2015-12-14,0.24330494,0.8416112,0.23016608,-0.22177082,0.9398216,0.025443595,1.2016917,0.061646543,0.572173
2015-12-15,-1.625783,0.5885002,-0.5639756,-0.2175245,0.27246177,-1.3100302,0.4800599,1.2161546,-0.31716302
2015-12-16,-0.61854297,-1.8682672,-0.2219033,-1.9938235,-0.7664207,0.32261142,-0.17799574,0.23104414,-0.5051848
2015-12-17,-0.73875695,0.4203964,0.1106919,1.1618242,0.49243662,-0.3055544,1.1003857,-0.9183849,0.6121309
2015-12-18,0.16888596,-0.7873487,-0.6368823,-1.4053144,-0.82770884,0.9030682,-0.26044092,1.1451606,0.79019886
2015-12-21,0.67911685,-1.2614052,-0.49390534,-1.1912019,-0.74557114,-0.33488193,-0.19925284,0.27053457,-0.54281265
2015-12-22,-0.6671954,-0.3506081,-0.073157325,0.23255375,0.031251267,-0.6538149,-0.52624357,0.43269208,-0.10808142
2015-12-23,-0.0050606024,0.23685047,-0.7608908,0.211441,-1.105372,0.08062343,-0.8410165,0.19326882,0.83030987
2015-12-24,0.5025718,-0.09716542,-0.22049883,-0.2562256,-0.14296903,-0.09337034,-0.9318867,0.47377014,-0.40897375
2015-12-29,0.37344053,0.41285616,0.20545405,0.28936452,-1.4898348,-0.01850338,0.37551382,-0.5233217,-0.53032005
2015-12-30,-1.2842385,-1.5773945,-0.5299302,-0.5973735,-0.055657476,-0.312347,0.83731234,0.9594988,1.4833846
2015-12-31,0.36349148,0.2766071,-0.6148919,0.062792644,-0.56723434,-0.8493164,-0.6518104,0.5444787,-0.9307612
2016-01-04,-0.88891554,-0.18277264,-0.030454377,0.013309476,0.8549576,-0.9899098,-1.292541,0.105369635,-1.1533804
2016-01-05,0.416051,-0.4337284,0.037449665,-0.48055992,0.11894654,-0.08245819,0.10551065,0.33295336,-0.04958817
2016-01-06,0.31820267,-1.169237,0.7509552,-0.996619,1.0710131,-0.028036937,1.1591333,0.1434562,0.007248101
2016-01-07,-0.15251008,0.09381034,0.46495798,-0.024475642,0.96288985,0.18350202,0.12379104,0.97272587,-1.7150339
2016-01-08,0.4853452,0.44735435,0.4183646,0.15297474,-0.013790369,-0.26406932,1.499812,-0.30107656,0.33081505
2016-01-11,-0.8777982,-0.27593353,0.8817081,-0.21502274,1.4786685,-1.2416915,0.61856073,-0.37503725,-0.26449314
2016-01-12,0.2510665,0.7191793,0.43066922,0.029374726,1.0467236,-0.40425828,1.3893759,0.22741212,0.6266436
2016-01-13,0.2878512,-0.80407095,-0.03923142,-1.199073,-0.25748557,0.66779363,0.52824914,0.861123,0.13243039
2016-01-14,-0.6384565,0.24069835,-0.10218268,-0.0346675,-0.3546874,0.5087965,0.24371067,-0.88114744,1.6157901
2016-01-15,0.33552969,-1.1469108,0.29512832,-0.5587928,1.2709692,0.21360913,0.50891066,0.27781624,-1.0900667
2016-01-19,0.86712533,-0.20553198,0.16364726,-1.051925,-0.4357676,-0.06351552,0.69163567,0.26049256,0.9819837
2016-01-20,-0.8676536,-2.2161777,-0.23558949,-0.34322307,-0.41373718,-0.49263927,0.28915954,0.07631531,-1.1485381
2016-01-21,-0.28215575,-0.50162274,-1.802463,0.35898346,-1.9609587,0.4165527,-0.5445074,0.8990641,0.33284268
2016-01-22,-0.5892376,1.8054754,-1.8524463,0.6937726,-0.7759045,-0.23228645,-0.83088154,0.30846363,-0.10941655
2016-01-25,0.36992216,-0.9215674,0.20657323,-1.7386879,0.30480075,-0.5679028,1.1385654,0.6229962,-0.61375386
2016-01-26,0.10573034,0.35784376,-1.5137317,-1.4156195,-0.6649125,-0.022321539,-0.28419608,0.2489313,0.1698782
2016-01-27,-0.12125335,0.44492483,0.37410647,0.30713084,-0.01882247,0.20754495,-1.4564402,0.38810185,1.107041
2016-01-28,-0.5888622,1.4806013,0.031684894,0.25642172,-0.26937962,-0.65823865,-0.6171028,-0.73670036,-0.49984673
2016-01-29,0.4563852,0.84697735,-1.2842274,-0.24715531,-0.075914465,-0.12757923,0.5543617,0.23275825,0.20930484
2016-02-01,0.18895471,-1.0702763,0.039377563,-1.0222721,0.577988,-0.1735264,-0.22316249,-0.2280171,0.3992917
2016-02-02,-0.15710908,-1.3825943,0.19512425,-0.7662561,0.4557324,-0.14944491,1.2948931,0.25223657,0.6977253
2016-02-03,0.60190547,1.4063766,-0.76984274,-0.5921136,-0.4387016,0.43510652,-1.7299155,0.41876695,-0.6824418
2016-02-04,0.20146628,-0.45016512,-0.2443523,-1.6853416,0.033270717,0.15745428,-0.88984907,0.3502889,0.18762293
2016-02-05,-1.0116194,-0.347612,0.5572405,0.3905143,0.5816289,-0.6520605,0.48500845,0.7699833,-1.0368423
2016-02-22,0.82821393,-2.0404458,-0.1758086,-0.022862516,0.1270183,1.0053202,-1.7045649,-0.09811061,0.2053226
2016-02-23,-1.1112138,-1.9517521,-0.18020439,-0.8715849,0.15159099,0.69655347,0.21784809,1.1235557,-0.24793646
2016-02-24,-0.78997165,0.06588345,-0.8219919,-0.23686457,0.14921412,0.1068932,-1.1002833,0.7227285,-0.035851553
2016-02-25,-0.79354477,0.5438779,-0.34871373,0.5602366,0.65384793,-0.23596734,-0.8071742,0.17965183,0.011511615
2016-02-26,-0.21108161,0.5225813,0.35512033,-0.05339196,-0.8477161,-0.055601075,0.2786643,-1.4612128,1.0563244
2016-02-29,-0.3037175,-0.45508102,-0.9264487,-0.8373741,0.4655201,0.56410635,-0.99156857,0.8322437,0.0011980624
2016-03-01,-0.22983664,0.8494189,-0.8860962,0.2886332,-0.52375627,0.2825546,-1.1679925,-0.848731,0.29312918
2016-03-02,0.0757216,0.043453373,-0.5149348,-1.1475896,0.24576601,0.84313303,0.0797776,0.37929082,0.40876207
2016-03-03,0.9804161,0.08691179,-0.19782498,-0.81021005,-0.24739736,0.54551697,0.39108133,0.48927274,-0.18703313
2016-03-04,1.1120842,0.9934678,-0.43556952,-1.2048721,-0.6492504,0.6175192,-0.38371083,1.0798901,-0.34119153
2016-03-07,-0.16089119,2.0205324,-0.43234766,0.5966104,-0.15096529,0.154832,-0.8730016,0.085486054,-0.41345564
2016-03-08,-1.0292835,-0.18176486,0.116513275,0.9435893,1.0035976,-1.073132,0.35150743,1.4071056,-0.6554275
2016-03-09,0.6708615,1.0524218,-0.7517016,0.55082,-0.71939456,-0.19442281,-0.54014415,-0.18230198,0.31635165
2016-03-10,0.38824522,-0.41439658,0.15297368,-0.04691925,0.6574776,-0.2304206,0.35046437,1.3033265,-0.86338186
2016-03-11,-0.02653344,0.046065025,-0.51610863,-0.043865986,-0.96270186,0.22004049,0.57411635,0.70426637,1.0091304
2016-03-14,-0.29159075,-0.4510215,0.43076333,0.1685678,0.15801024,-0.12456487,1.3012817,0.4686538,0.0953211
2016-03-15,1.0205789,-0.67083377,0.56468266,1.306666,0.47592133,0.43607858,-0.40872604,0.05703435,0.12070596
2016-03-16,-0.19843628,1.2272196,-0.34960186,0.49046606,-0.72222394,-0.25263998,-0.70482177,0.59095544,-0.13724996
2016-03-17,0.37189883,-0.20236526,-0.6961344,-1.9062243,-1.2191415,1.1852243,-0.5655615,1.2391135,-0.28956053
2016-03-18,-0.59902304,-0.39512175,-0.17166135,0.41498795,0.17606416,-0.45698914,0.44551283,-0.25353694,0.36865705
2016-03-21,0.2587191,0.1728473,-0.8066179,-0.4576333,0.53700614,0.699351,0.40002498,-0.3373096,0.3490135
2016-03-22,0.11074512,0.8971897,0.030276483,-0.07625305,-0.36127055,0.15210022,0.32609645,1.0327018,-0.7192273
2016-03-23,-1.0780853,-0.4297009,0.80050904,0.745643,0.9265109,-0.6960562,0.9214152,-1.0727886,0.76952815
2016-03-24,0.2945583,1.1688485,0.4392844,0.20767131,0.9282664,-1.0492561,-0.07006454,-0.3759398,-0.09246934
2016-03-29,0.6051624,-0.67025656,0.27493075,-0.3439317,0.4069901,-0.048494957,1.3399898,1.1666236,-0.78463537
2016-03-30,-2.124078,0.1325111,0.35871693,-0.8480827,0.2373257,0.42238232,0.41958243,0.16476995,0.14592542
2016-03-31,0.6145239,0.56856155,-0.22693974,-0.8732579,-0.14214185,-0.015121574,-0.6413636,-0.4518196,-0.34323546
2016-04-01,-0.12735549,-0.7726147,0.0035835728,0.031087317,0.22763167,-0.25845888,1.5267297,-0.45075244,1.2149061
2016-04-05,0.20875323,0.10789966,1.1825811,-0.360942,1.2010586,-0.6664723,0.46193603,-0.7320404,-1.1668346
2016-04-06,-0.33924702,1.3150388,-0.5454573,0.60107124,-0.26929435,-0.23123428,-1.1481781,-0.025775546,0.36282384
2016-04-07,-0.053165488,-0.102827765,0.42785257,0.26881602,0.5780693,-0.72691745,0.05747773,0.9452028,-1.7831062
2016-04-08,0.115953885,1.7730008,-0.89381766,0.042453673,-0.22953172,0.79183346,-1.328917,0.6415327,0.28306732
2016-04-11,0.20892029,0.79063094,0.08143879,-1.3361292,0.052876234,-0.43430403,-1.0006945,0.17299232,-0.83523124
2016-04-12,0.7193395,0.96754545,-0.5026132,-0.75745344,-0.9569801,1.0020572,-0.045141123,-0.07585597,0.4953183
2016-04-13,0.6448756,0.48711556,-0.5447892,-0.3450961,0.33760104,0.988091,0.9511782,-0.20941706,0.97452825
2016-04-14,-0.4533858,-0.020016078,0.26837617,0.22229679,0.24309297,-0.25610775,0.3226257,-0.44825342,0.74511147
2016-04-15,-0.30950943,-1.1028789,0.6421699,-0.475003,0.51523167,0.6332254,0.7788071,1.9424189,0.6846763
2016-04-18,0.44580436,0.21261674,0.16089077,-0.3907949,-0.48240387,1.5631797,1.2479202,-0.89103305,0.28206745
2016-04-19,1.3345339,0.8187267,-0.77447253,-0.9032702,-0.6287766,0.73772514,0.36899525,1.5768094,-0.68020284
2016-04-20,0.40475368,1.1312125,-0.73592764,0.14223608,0.3444099,1.3813201,0.6072908,1.0302234,0.3280571
2016-04-21,-0.53801847,-0.48788005,0.18384206,-0.6190008,0.52863127,0.35422248,-0.46856865,-0.2731877,0.22631742
2016-04-22,-1.1903234,0.27326795,0.527262,-0.36958995,-0.8406836,-0.22571139,-0.8568377,-1.7845345,0.29088676
2016-04-25,0.46210602,-0.64319766,0.5714018,-0.40534884,0.81597,0.7243213,0.30493176,0.9861437,0.11068109
2016-04-26,0.31295797,0.9547097,-0.95308614,0.21110661,0.26543984,-0.4431963,-0.21249254,1.2269404,0.24519077
2016-04-27,-1.4378597,1.2899097,0.49864855,-0.6417183,1.2236731,0.18846157,-0.12824918,1.1399244,0.39654252
2016-04-28,0.09746492,0.86750203,-0.10488464,-1.1255432,0.21438377,0.8237993,-0.26980805,0.01355407,-1.027003
2016-04-29,0.57241607,-1.2057394,-0.17289957,-1.2399985,-0.55510753,1.3368237,0.07635726,0.9037063,-0.2892702
2016-05-03,-0.9557004,-0.7544467,1.1162508,-0.9850102,0.926807,-0.41995034,0.7640381,-1.230287,-1.1709174
2016-05-05,-1.2624729,0.51816857,0.2892,0.49327183,0.4887603,-1.9728192,-0.58416533,0.65117484,-0.41181242
2016-05-06,1.1124668,0.28102434,-0.9020761,-0.5563011,-0.26026428,-0.20827319,0.17323627,1.2183207,-0.44418404
2016-05-09,-1.1867073,-1.0609533,0.73471445,0.80344284,0.19666675,-1.5840789,0.3932228,0.13663451,0.2683431
2016-05-10,0.6108187,1.508052,-0.94777095,0.7789456,-0.03641357,-0.056632668,0.64240044,1.5312879,0.25274128
2016-05-11,-0.58018214,0.8543534,-0.43564612,-1.0992815,-0.3623414,0.69737387,-1.2401855,0.71090907,0.08794343
2016-05-12,-0.3859392,0.56593454,0.10939011,0.8925219,1.0973543,-0.2837993,0.3212995,0.6918626,-0.40912804
2016-05-13,-0.13506785,0.55115193,-0.3716204,-0.748846,0.25589752,-0.69922054,-0.009904781,-0.06994705,0.15987816
2016-05-16,0.9712184,-0.28933468,-0.7568782,0.838364,-0.4563445,1.1540213,0.17915161,0.76638305,0.48643723
2016-05-17,-0.3086617,1.8153094,1.30909,-0.48740637,0.52215433,-0.10576288,0.03514231,0.9139573,0.3191275
2016-05-18,-0.7080279,0.066178486,-0.5273587,-0.071608186,0.99090666,0.12556133,-0.1543756,-0.2321518,0.21038252
2016-05-19,-1.0749255,1.0532947,0.3407798,-0.06362306,0.66159964,-1.1103975,0.45530877,-1.6359029,0.39577115
2016-05-20,-0.6135361,0.10590012,-0.7884431,-0.8153496,0.0052576177,0.2686082,0.6280193,0.12450967,-0.10607205
2016-05-24,-0.83912575,1.2348366,0.5551167,-0.026566325,0.6473041,0.1541143,0.5768588,-1.2780516,0.25232327
2016-05-25,-0.5166775,0.33702874,-0.9964516,0.01643805,0.015811153,0.3263561,1.2856256,1.4605982,0.96543366
2016-05-26,0.35938963,-0.29119006,-0.13592213,-0.42437628,0.15121466,0.70975286,0.33973497,0.060659386,0.6654052
2016-05-27,0.05526117,0.30566192,0.05704853,0.32675263,-0.9639552,-0.17364529,0.692391,0.3299392,0.23182295
2016-05-31,-0.2976331,0.19367564,1.2319434,0.35536432,-0.3935463,-0.48085946,-1.1091162,0.004977231,0.13717227
2016-06-01,1.2453219,-0.7660216,-0.26577553,1.070726,0.1989746,0.51722956,0.2794207,0.54405135,0.3349246
2016-06-02,0.6944922,-0.56001645,-0.41299778,1.0427378,0.051413946,0.41391242,0.3179713,1.2907555,0.3143209
2016-06-03,0.52767664,-0.7825361,0.3067071,-1.6551294,-0.2003575,0.9918048,0.34058377,1.354523,-0.464093
2016-06-06,0.42392406,1.339305,0.46764582,-0.48379824,-0.5024177,0.19258882,0.8588158,0.75644064,-0.09380588
2016-06-07,-0.38310954,0.72967374,-0.09382782,0.58458936,0.64880955,-0.112061836,-0.2040169,0.76569366,-0.49544063
2016-06-08,0.89883476,0.16663562,-0.83057797,-0.9002015,-0.9469346,0.865117,0.52908635,1.7697111,0.7693836
2016-06-13,-0.31384262,-0.67036813,1.2427889,-1.5916731,0.5048919,-0.21971907,0.2710282,-0.7114215,-1.0992832
2016-06-14,0.7632708,0.5661309,0.32304803,0.55554557,1.1836072,-0.17603253,0.3419704,-0.59751433,-0.33025867
2016-06-15,-0.30756077,-0.61792207,0.97593033,-1.2783742,-0.7223756,0.77887344,0.11747224,-0.2283602,0.32515824
2016-06-16,-0.42565835,-0.15491039,1.5142062,-0.7553068,0.7796821,-0.924031,0.3183263,0.49665385,-0.8943146
2016-06-17,-0.21036908,2.3694513,-0.43185002,0.17060603,-0.17435654,-0.19105156,1.4986683,0.8356505,0.27456328
2016-06-20,-0.87616473,1.2667977,0.70721763,-1.2375954,-0.70267725,0.23562805,-0.9939391,-0.7115436,-0.26029947
2016-06-21,-1.0480202,-0.19602302,0.64354146,-0.9002106,-0.71788096,-0.7520606,-0.86413175,-1.3861808,0.5514717
2016-06-22,0.3886086,-0.4902886,-0.7311121,-0.6264137,0.08332957,0.29624182,-0.21533036,-0.71940833,0.4114219
2016-06-23,-0.2938941,0.3598584,0.46764114,-0.05150269,-0.96133685,0.14461182,-0.4711837,-0.48451778,0.4581239
2016-06-24,0.5402763,-0.82770205,1.0737492,-1.205509,1.631868,-0.04522282,-0.101303585,0.7216914,-1.4974974
2016-06-27,-0.07278435,-1.0569755,0.14387442,-0.30454886,-0.09567806,-0.48547658,0.7395735,0.9132331,0.43978804
2016-06-28,0.33167344,0.11616922,-0.5252821,-0.33663392,-1.7276754,0.8218006,-0.19364415,-0.22457565,0.89641947
2016-06-29,-0.55665696,0.27574775,-0.36510238,-1.3475163,-0.5406784,0.4308104,-1.704689,0.82833385,-0.19075865
2016-06-30,0.7995466,-0.66936266,-0.50178635,-0.64847314,-0.60525095,-0.5872396,0.2260646,-0.2553576,0.30772796
2016-07-01,-0.096947476,0.28139997,0.54881525,-2.0864344,-0.5064517,1.2702979,0.1473892,-0.19936812,-1.4945742
2016-07-05,0.35865423,-0.85728985,1.0121675,-1.3141658,1.6924835,-0.3042455,-0.24719521,0.15138175,-0.83336455
2016-07-06,0.13292487,0.56210446,0.17939955,-0.7045008,0.17050828,-0.17151411,-0.98471814,-0.59295654,-1.1878333
2016-07-07,-0.40004027,-0.6238487,1.0781668,-0.4530236,0.7712384,-0.7069729,-0.36718085,-1.4009434,-0.8703792
2016-07-08,1.4565179,0.83635765,-0.30877876,-0.14607996,0.23034965,0.5291016,1.4324547,0.8159705,0.73835045
2016-07-11,-0.5514406,-0.03784267,0.8276677,-1.2240602,-0.7687302,0.949369,0.52005106,-0.093401246,-0.18975829
2016-07-12,0.5987966,1.3688606,-0.13707048,-0.079265185,-0.7027238,0.7100467,0.49708453,-0.6430033,1.1344614
2016-07-13,1.197587,-0.5808271,0.6567365,-0.8639518,0.6266107,0.012231575,1.0845513,0.72915494,0.5264284
2016-07-14,-0.40562212,0.26149756,-0.23732749,0.016675862,-0.83326215,0.12885854,-0.6244676,0.21143651,0.50121856
2016-07-15,0.20810851,0.041110035,0.4526216,0.51098424,0.51649714,0.071656995,-1.2478436,-1.4343102,-0.89132607
2016-07-18,0.30717203,-0.074986644,-1.0852469,-1.1010566,-0.09860668,-0.6804398,1.1877483,-0.009105664,0.23009445
2016-07-19,-1.1431044,0.010412938,0.72322434,-1.2655864,-0.19591013,-0.1403183,-0.91405094,-1.339034,-0.22998986
2016-07-20,-0.363801,0.8562418,0.19546477,0.12541251,0.21143895,-0.6779032,-0.3462738,-0.9494186,0.023999967
2016-07-21,0.47072545,-0.28731978,0.08469917,-1.0934799,-0.09316502,0.31833372,0.67780393,0.22590737,-1.0578823
2016-07-22,-0.24441233,-0.8834538,-0.28644687,0.52650934,0.89075726,-0.17101526,-0.43160903,-0.20978609,0.08709777
2016-07-25,0.026792664,-1.1783212,0.14593348,-0.41604042,0.4418585,-0.4366608,-0.5196568,0.12592392,0.36207756
2016-07-26,-0.061179344,0.32307792,0.32491532,-0.6263043,0.022977302,-0.4951336,-0.33551398,0.086755805,-0.04835881
2016-07-27,1.3285466,-0.4506187,-0.20572512,-0.01404603,0.5893235,-0.12804182,0.041037794,0.1354229,-1.1046412
2016-07-29,1.0117661,-0.48989302,-0.1915556,-1.6467373,-1.193232,0.8511955,0.95123816,0.18651046,-0.33631882
2016-08-01,0.18223819,-0.8681862,0.5263293,-0.6440971,0.55164564,-0.53432256,-1.8822562,-0.6120484,-0.0009670143
2016-08-02,0.017005539,-0.5084326,-0.06720636,-0.7410532,0.46389285,0.16257781,-0.6555066,0.49528813,-0.15408216
2016-08-03,0.43160352,1.7368735,-0.12965792,0.5849219,0.27350834,-0.12349146,-0.048195772,-0.1888303,0.13626319
2016-08-04,-0.9940721,0.8744219,0.22562705,-0.15622184,-0.10770419,-0.114495516,0.08157912,0.8378241,-0.52241063
2016-08-05,-0.2769577,-0.07728701,-0.2932027,0.53076804,0.19447868,0.39996463,0.77936554,0.029291552,1.6726183
2016-08-08,0.31497362,1.5111537,0.027153566,-0.14501517,0.54027474,0.0804792,-0.046794467,0.035638656,0.42667562
2016-08-09,0.28968185,-0.23785488,-0.5051488,-0.4481982,0.83219177,-0.57905644,-0.4325653,0.23697285,-0.025700582
2016-08-10,0.77295697,-0.34513468,-0.07472543,-0.9605428,0.61558944,-0.22442389,-0.2876518,-0.07491987,-0.045956995
2016-08-11,-0.5514283,1.5417238,-0.41490674,0.5993879,-0.021804431,0.0223357,-0.43858996,-0.1540657,0.30837113
2016-08-12,-0.99990296,0.9408179,-0.19375984,1.2942894,0.73323345,-0.33883023,-0.7002067,0.20889482,-0.14989278
2016-08-15,0.08206104,0.54383326,-2.25854,-0.3759487,-0.26149985,0.11980551,0.35129803,-0.14758427,0.14384115
2016-08-16,0.1326625,0.92630816,-0.06929198,-0.6769944,0.66978425,0.40887108,-0.26493633,-0.028253304,-0.31502986
2016-08-17,0.3277349,1.2736818,-0.23651078,0.7531374,0.47196585,-0.3467817,0.4185387,-0.0091263335,0.2942009
2016-08-18,0.75454,1.6259807,0.21723054,-0.50443035,0.18231738,0.14275472,0.021344626,0.23570335,-0.42711508
2016-08-19,-0.06814825,0.33247817,0.0018051838,0.5854388,0.21485257,-0.61479974,-0.13316092,-0.4244961,0.64748144
2016-08-22,-0.2702106,-0.2062968,0.99760795,-0.31041422,-0.17978954,-0.274287,1.2331431,0.16137916,0.24816251
2016-08-23,-0.5651049,0.25278628,-0.30476704,-0.42184415,-0.5224218,-0.10714988,-0.3062933,0.2329628,-0.51360595
2016-08-24,-0.3276178,0.16309883,0.05104456,1.089897,0.81410384,-1.0746877,0.21285778,-0.8707975,-0.20502292
2016-08-25,-1.1004739,0.19251938,0.14605846,-0.49183187,-0.26001382,-0.039777726,-0.7914493,-0.63858837,-0.41148892
2016-08-26,-0.2664497,1.1685328,1.5981585,-1.1968164,0.22172105,-0.267191,-0.25041392,-0.43827635,-0.11706443
2016-08-30,-1.0939349,-0.9764637,1.0318567,-0.90821844,-0.41313687,-1.1558709,-0.67815757,-1.0174853,0.33119962
2016-08-31,0.88485616,-0.57211757,0.22789517,-0.044851862,-0.4519675,-0.9008059,0.12559785,-0.84666103,-0.5890457
2016-09-01,-0.07643869,0.64444935,1.1321931,-0.70295054,0.52847964,0.66831326,1.8600854,-0.86872864,-0.505685
2016-09-02,0.7070852,0.71762526,-1.1182598,-0.10845808,0.308477,0.7493562,0.19903098,0.84544295,-0.97926337
2016-09-06,0.6081106,0.3847244,0.11740553,-1.581254,0.2977039,0.60335565,-0.2603432,0.8349475,-1.5116049
2016-09-07,0.21148072,0.47820488,-0.1795336,0.36635193,-0.118047506,-0.27426702,0.17879884,0.7359299,1.3385344
2016-09-08,0.3945095,1.879501,-0.3197446,1.1750356,-0.16349214,0.22580227,-0.21786404,-0.08621426,-0.40725687
2016-09-09,0.4845763,-0.9863019,-0.53298837,0.1357429,0.5460159,-0.7492081,0.55759233,-0.14726485,0.5979482
2016-09-12,-0.5284685,-0.03256873,-0.10881015,1.02631,0.28328753,-0.5774944,-0.53954726,0.024489094,0.0723146
2016-09-13,-1.2324871,-0.474055,0.6806451,-0.97541904,0.49418536,-0.14058328,-0.274112,-1.029009,-0.4766432
2016-09-14,0.7396349,-0.76546276,-0.2622858,-1.2154276,0.06211213,0.4803774,0.35984138,-0.48241484,0.69949037
2016-09-19,1.0299959,-0.24812475,-0.09040779,1.4490544,-0.08986134,1.1831645,0.82517374,1.9838731,0.6625501
2016-09-20,0.7616512,0.17750233,0.08888105,-0.22009382,-1.0807734,0.35383856,1.3050672,0.77687484,0.28400603
2016-09-21,0.32858208,0.6206777,-0.37360856,-0.6725908,0.085976645,0.21852504,-1.0440089,0.41139534,-1.2042563
2016-09-22,0.4559138,0.5039504,-0.33228377,-1.3773376,-0.14964215,1.0662688,-0.22332408,-0.2496706,0.21770617
2016-09-23,-0.097850785,-1.2379272,-0.0607918,-0.43162656,0.7758401,0.0062783053,-0.35613224,-1.0137898,0.04715242
2016-09-26,-0.86076254,0.45076776,0.5254584,0.0041297716,-0.34275022,0.18724474,-0.96190006,-0.20173205,-0.06321835
2016-09-27,0.0032701804,-0.37169433,-0.05636649,0.037694715,0.15697938,0.2813512,1.8675303,-0.5110162,0.24980403
2016-09-28,0.53408414,1.4303343,-0.590048,0.49054992,-0.1369504,-0.074372284,-1.5337279,-0.99828,0.007419954
2016-09-29,0.015275548,1.4998435,0.0887497,-0.513597,0.736041,0.23845562,-0.33618346,-0.2688011,-0.09501077
2016-09-30,0.055401742,1.4793326,0.01596854,-0.6469122,0.37676814,0.3842366,0.9333532,-0.6327905,-0.076358765
2016-10-10,-0.3777723,1.1103786,0.54472756,2.3060899,-0.79615796,-0.45892835,0.08109506,-0.48792753,1.0181506
2016-10-11,-0.20770554,0.19318016,1.2851049,0.54469085,1.0769995,0.13630244,0.22471797,0.13806914,-0.22547853
2016-10-12,-0.5642986,0.01730077,1.0789956,-0.92321545,-0.64651656,0.17297854,0.07939801,-0.6325472,0.28390095
2016-10-13,0.49568194,1.2653338,-0.025597421,1.2099208,0.82443684,0.03418793,1.1553022,0.6674654,-0.90790474
2016-10-14,1.0076705,-0.03209089,-0.25609055,0.31426987,-0.16391918,-0.18240096,0.28974113,0.97632176,0.40883046
2016-10-17,0.6119952,-0.3299123,-2.1367867,0.039513543,0.38811868,-0.051527474,0.16313855,-0.66882235,-0.5992796
2016-10-18,0.5139792,0.20761925,-0.16182084,-0.40745464,-0.034721106,-0.3608603,-0.77202976,0.070714995,-0.66979945
2016-10-19,0.19973113,0.9891482,-0.25223452,0.11396874,0.756712,0.42888504,0.118375465,0.391296,-0.17046434
2016-10-20,-0.0021008975,-0.8472661,-0.11412649,-0.19754118,0.37545922,-1.2394962,-0.5557516,0.15114444,0.16317259
2016-10-21,-0.34732333,0.13757324,-0.611457,-0.037430312,0.5821414,-0.4926839,-0.3691819,0.8431258,0.8656024
2016-10-24,0.1436318,-1.2087238,-0.49419132,-0.4985757,-0.39512768,0.13191159,-0.4823041,0.5341831,1.252109
2016-10-25,0.7993622,-0.25129542,0.78066397,-1.5124116,-0.15402482,0.8545186,-0.19233282,0.33270615,0.58619714
2016-10-26,0.44663337,0.11557417,0.2596761,0.046271086,0.67629653,0.352656,0.76366025,0.06325744,0.70661914
2016-10-27,0.25899324,0.113684244,0.03118818,-0.41495404,-0.27943605,0.41206798,-0.30256492,0.117867604,0.7191846
2016-10-28,0.652144,-0.040150333,1.1791195,-0.8030648,-0.94558185,0.35822645,-0.10035816,-0.4373228,-0.6090664
2016-10-31,0.48814526,-0.33613962,0.93598473,-0.55555815,0.5233912,-0.20378678,-0.23526794,-0.19135976,0.9995389
2016-11-01,0.63867676,-0.8515848,-0.63154244,-1.0328863,0.6085732,-0.10486755,-1.947013,-0.2155598,-0.5385205
2016-11-02,-0.021455804,-0.9654532,0.6384932,-1.2355115,0.47913015,0.076660894,0.73149383,1.0846545,-0.40160012
2016-11-03,-0.049191274,-0.15344408,-0.6089619,-0.8528758,-0.42833555,-0.081050955,1.0108057,-0.96417004,0.47828025
2016-11-04,-0.033833027,-0.36872658,0.86283696,-0.55003124,-0.24955937,0.23513214,0.7663065,0.38940987,-0.5985457
2016-11-07,0.18774962,0.046833113,-0.016854426,0.019271383,-1.4126242,0.61531377,0.5388389,-0.8374676,0.86126703
2016-11-08,0.7382072,0.35691226,-0.75426155,-0.6484845,1.0368385,0.4122478,0.26052332,-0.1822127,1.2625629
2016-11-09,-0.5420732,-0.40186915,0.78514,-1.2706504,-0.90890443,0.24607275,-0.97620374,-1.2657329,0.5011777
2016-11-10,0.123394296,-0.040970612,-0.42135236,-0.80865794,0.3118846,0.46620145,0.19804688,-0.544094,1.6324775
2016-11-11,-0.9235154,-0.367578,0.55844367,2.0089476,0.4122297,-0.9394122,0.62332255,-1.0430242,1.1345956
2016-11-14,-0.5664743,-0.46600845,-0.35149834,-0.96005946,-1.1254165,-0.28182468,0.59425145,-0.92210805,0.70923764
2016-11-15,0.9520346,0.7899072,-1.3927702,0.75520194,0.10229064,0.5061404,-0.72135663,-0.29555655,-0.5836821
2016-11-16,0.13659179,0.83470225,1.3063895,0.15620193,0.24957278,-1.3103489,-0.41002664,0.60982615,-0.5856275
2016-11-17,0.014469897,1.0292927,0.52277416,-0.14961576,0.8613323,0.11037496,0.030253874,0.011183702,0.6845843
2016-11-18,-0.6752928,0.6314336,0.31748086,0.96991163,0.46586013,-0.04757992,0.6023242,0.8186235,0.3188932
2016-11-21,0.9413692,1.2874995,0.1271342,0.17279796,-0.8328318,0.9807771,-0.49328873,0.64159656,0.9560712
2016-11-22,0.6528419,0.5337202,0.09083987,-0.60519433,0.28439152,0.38125354,-0.30050442,-0.25544715,0.43720967
2016-11-23,0.37009975,-0.49734557,-1.0047514,0.13350126,-0.82048583,0.18327814,0.56281465,-0.70179045,1.1483468
2016-11-25,-0.09947206,-1.0555936,0.18267013,-0.7280658,-0.29573303,-0.13599806,0.47643116,0.20033439,1.5993251
2016-11-28,0.57101125,0.06082391,-1.1263664,-0.29006895,-0.1890009,0.7030374,-0.030611243,0.24662706,-1.1579386
2016-11-29,-0.736576,-0.59377193,0.92715555,0.024018005,0.81315696,-1.1592895,0.097999245,-0.09406349,-1.709355
2016-11-30,-1.2742107,1.5983117,-1.250016,0.342421,-0.16076718,0.24063551,-0.90305865,-0.13245018,0.8219688
2016-12-01,-0.3163428,1.4954582,-0.43232173,0.52972615,-0.1485034,-0.21146473,-1.6619397,-0.54429865,-0.1699136
2016-12-02,0.72335595,0.97598803,0.37439248,-0.22823165,0.8329,0.3619496,0.041929357,0.3903567,-1.1592344
2016-12-05,0.92041564,0.21499808,0.34543353,-0.3547207,-0.22790015,1.1495004,0.41028327,0.34364218,0.94985956
2016-12-06,0.106353715,-1.1956948,0.33777896,0.27280486,0.38559675,0.07246965,-0.16485451,1.0340232,0.8453935
2016-12-07,0.30909038,-0.2315605,1.0748191,-0.11856375,0.8519418,0.1479115,-0.30611488,1.0456022,-0.67543733
2016-12-08,-0.5587941,0.63772315,0.7847809,0.36261308,0.44295588,-0.22164235,-0.6803414,-0.044203863,-0.5514756
2016-12-09,0.344549,0.60896057,-0.16248333,0.42620745,0.09568356,0.37589017,0.48848045,-0.63719606,0.9429423
2016-12-12,0.2861368,0.34452444,-0.02849812,-0.036108185,0.719883,-0.26584083,-1.2044873,1.1928878,-0.007702635
2016-12-13,0.27227288,1.024739,0.03174038,0.14729206,0.24546033,-0.47357887,-0.26582143,-0.5830168,0.10866533
2016-12-14,0.5561612,-0.39601117,0.54463595,-1.0762153,-0.15697284,-0.12438019,-0.12355408,-0.10625345,0.26571247
2016-12-15,-0.56672823,-0.6153673,-0.02581126,1.8426757,0.3461322,0.06319745,0.9867747,-0.5743874,1.7078577
2016-12-16,0.73400337,0.8891461,0.47884953,0.2189734,0.78352994,-0.5118603,-1.0037192,1.5489502,-0.8442196
2016-12-19,-0.87631434,0.46224594,0.4387011,0.35502973,0.46020448,-1.0938197,0.21257617,0.8089692,-1.0030068
2016-12-20,-0.5156832,0.22787677,-1.0159901,-1.162947,-0.24910067,-0.39959523,-0.03768737,-0.825941,0.19223697
2016-12-21,-0.014270798,-0.1920964,0.8726919,0.32344964,-0.7513655,-0.15896872,0.13449411,0.24614856,-0.20963319
2016-12-22,-0.5337498,0.11570728,0.041404862,-0.11513789,0.9662191,-0.047099397,-1.0023865,-0.6272312,0.15524751
2016-12-23,-0.51893294,0.0009560789,-0.07569814,0.5222478,0.6374486,-0.40838203,-0.47794518,-0.08051104,-0.665539
2016-12-28,-0.91094166,0.27700967,-0.39755848,-0.47647846,0.5235488,0.3224387,0.33099106,2.3968446,0.27376026
2016-12-29,0.2599919,-0.18906166,0.09613418,-0.32227162,0.589157,-0.29487848,-0.4448848,1.4083222,-0.4954529
2016-12-30,-0.3375198,0.08006736,-0.3440796,-0.5076281,-0.17704985,-0.0036693676,0.39204928,-0.079857305,1.047789
2017-01-03,-0.40862706,-0.37274012,-0.068887316,-1.6796031,1.4183422,0.83842814,0.80410707,0.77451265,-0.9632296
2017-01-04,1.2245231,0.23524721,-0.14917873,-0.5469712,-0.7744249,0.9326797,0.7491466,0.9458306,1.1827545
2017-01-05,0.7999463,0.28036222,-0.109614804,-0.7309588,0.3389825,0.22336926,0.049278278,0.7576445,-1.0511595
2017-01-06,-0.54894704,0.104165696,-0.086902745,-0.26135972,0.0009750718,0.15767702,-0.24639547,-0.96249664,0.04983599
2017-01-09,1.070804,-1.1272126,-0.31819412,-1.0591055,0.53482014,-0.26455873,0.53668,0.56354827,0.59233874
2017-01-10,0.53224367,-0.7768216,-0.16838339,-1.0185925,-1.1421149,-0.008672382,0.5164888,0.20804605,0.85567486
2017-01-11,-0.88494647,0.96950585,-0.015725998,-0.09100018,0.28935692,-0.2103904,-0.5977865,0.81116205,-0.17433219
2017-01-12,0.6380304,0.5975578,-0.38612717,-0.31129253,-0.41726366,0.9152262,0.924915,0.4262362,0.25886023
2017-01-13,0.5113796,-0.3626051,-0.650654,-0.69044405,-0.23185384,0.20467962,0.18517068,-0.6797152,0.7660316
2017-01-17,-0.0924987,0.7149669,-0.17702925,-0.13828035,0.8504331,-0.7675391,0.6372851,1.9603482,-0.6317721
2017-01-18,-0.19149613,-0.7031697,-0.045681953,-1.029721,0.43710095,0.26225084,0.6749948,0.05184804,1.0954975
2017-01-19,0.101120144,0.22970805,1.2034723,0.85976154,0.0744385,-0.51051664,-0.64999956,-0.09571152,0.28881508
2017-01-20,-0.28860164,0.7559034,-0.46160796,-0.75461775,0.5763573,0.36912963,-0.41544414,0.32307324,0.089581266
2017-01-23,-0.5095708,0.34205723,-0.016102677,-1.481508,-0.48997805,0.03202699,0.8684977,0.74102086,-0.17032343
2017-01-24,-0.19081555,0.15878202,-0.4896609,-1.3701609,-0.27736127,0.21840706,-0.32251823,-0.563382,0.35723275
2017-01-25,-0.5514174,0.4181689,1.3504047,0.3728925,0.09190475,-0.732806,0.59279454,0.2508736,0.5097891
2017-02-06,0.26151705,-0.5952414,-1.2919414,-1.5371816,0.82779825,0.8608139,-0.400674,-0.25910017,-1.170157
2017-02-07,0.72840524,-0.15768678,0.10758196,0.20534243,0.6779574,-0.5506591,0.081780754,0.5941088,-0.21178137
2017-02-08,0.3685435,0.49103978,-0.47334084,-0.64503664,-0.22548613,0.62971777,0.49200797,0.18998468,0.7634393
2017-02-09,0.08989683,0.54101425,0.20169134,0.27272993,0.15893276,-0.28261533,-0.23513128,0.66008234,-0.21867914
2017-02-10,0.6742625,0.46677178,-0.6183279,-1.1216604,-0.29767144,0.95086575,0.26553574,-0.74230844,1.186532
2017-02-13,0.38541266,-0.07678076,0.8981769,0.00022542213,0.7587661,0.3345163,0.2900302,-0.5982639,0.46836165
2017-02-14,-0.19993083,-0.17690915,0.110766575,0.13042745,0.4807464,0.10039173,-0.896226,0.5910876,0.056713376
2017-02-15,0.98199856,0.17268044,-0.2519651,-0.29295188,0.48870394,0.51073575,0.24051568,-0.09100377,-0.56093657
2017-02-16,-0.20915698,-0.11628908,0.16439046,-0.9303482,0.08064189,-0.62961257,-0.81820315,-0.4584064,-0.8604977
2017-02-17,0.018829595,-0.2242746,0.89818215,0.5650549,0.4794649,-0.47306508,-1.3316883,0.100314915,-0.08706793
2017-02-21,-0.21986596,-1.4368969,-0.37943935,-0.0625271,0.12333932,0.8334961,-1.0916632,0.21893607,0.94025683
2017-02-22,-0.045772195,0.20686144,-0.60092586,-0.39552215,0.39266825,-0.70614296,0.59240854,0.1495797,0.18458185
2017-02-23,-0.04820987,0.3108426,0.05056001,-0.0739075,0.6196433,-0.6841476,-1.1541824,0.35613132,-1.4347265
2017-02-24,0.61441237,-0.23430412,0.17227279,-1.4061481,-0.07491875,0.37140355,-0.28126585,-0.30689043,0.4265422
2017-02-27,0.56036556,0.02657359,0.6344912,0.12584062,0.41981545,-0.027798647,-1.8435446,-0.5535521,-0.10864522
2017-02-28,0.8422305,-0.77129686,-0.9727585,0.47273254,-0.49599555,0.43777496,1.1149112,0.5354787,0.3276535
2017-03-01,0.4345597,1.2127075,0.2730321,0.75794834,0.06839756,1.5925024,0.74188024,-0.5388884,0.14546451
2017-03-02,-1.128051,-0.43983325,0.59842277,0.875559,0.50096375,-0.9664275,0.6338903,-0.77646846,-0.19767019
2017-03-03,0.4948225,0.807016,-0.2769717,0.061048552,-0.10392497,-0.008668172,0.2607562,-0.3898315,-0.3566118
2017-03-06,0.2203775,0.8098022,0.3431032,0.60313773,0.14622273,-0.39001727,0.09324205,-0.29373464,-0.73456186
2017-03-07,-0.73795134,0.7133957,0.25577253,0.38959408,1.0229832,-1.067429,-0.46855286,-0.57651085,-0.03814148
2017-03-08,-1.1557435,-0.6632099,0.67035306,-0.79316163,0.019718345,-0.79934293,0.88762826,0.3106792,0.55857676
2017-03-09,-0.6804685,0.4478833,0.6779811,-0.59485793,0.29172802,-1.4188755,0.60926855,-0.3881083,-0.12290853
2017-03-10,-0.8014505,-0.6306995,0.50308603,-0.95724005,-0.14257044,0.023284918,-0.03027175,0.12778738,0.6444982
2017-03-13,-0.6241811,0.36907825,0.80246484,-1.265144,-0.6446899,-0.57183266,0.102041185,-0.055711225,0.32958153
2017-03-14,0.36345914,-0.79915154,-0.34388304,-0.16335087,0.1993427,0.5109261,-0.12335362,-0.77127707,-0.008636991
2017-03-15,-0.5839392,0.80846745,-1.6216604,-0.82142997,-0.38993585,-0.3017433,1.5301727,0.6820942,0.6621063
2017-03-16,0.7861679,-0.47307995,-0.4878355,-1.3709642,0.49115857,0.283054,-0.5159689,0.87530917,-0.38189328
2017-03-17,0.29306424,0.26189476,-0.33395785,-0.7391324,-0.21214567,0.16146652,0.17874385,0.023332154,0.13190919
2017-03-20,0.03563004,0.44434747,0.15054977,-0.32879123,-0.40115535,-0.7709858,-0.1956863,0.07315792,-0.84452546
2017-03-21,0.07883289,0.20875266,0.009816555,-0.592293,0.200557,-1.0555842,0.068445235,0.29863316,-0.75476503
2017-03-22,-1.021304,-0.27087873,-0.6014999,-0.98094153,0.22026786,-0.39834505,0.21287073,0.7805701,0.9306244
2017-03-23,-0.73180056,0.09518836,0.6458743,-0.64807945,-0.0074828607,0.23329426,0.017395787,-0.06632386,-0.019377252
2017-03-24,-0.3463502,-0.10947643,-0.24992627,-0.552678,0.8048651,0.10561081,-0.9503452,-0.42631006,-0.5379834
2017-03-27,-0.29304257,0.6179614,0.104391605,-0.8109464,0.25400317,-0.48042214,-0.0376667,0.27902955,-1.0416787
2017-03-28,0.74092484,0.5177264,-0.028428415,-0.15951923,-0.33307576,0.63017356,-0.31971723,-0.49047112,0.49499285
2017-03-29,0.18612826,0.23800768,-0.6612218,0.30591366,-0.65888536,-0.18540618,-0.7534568,-0.40148205,-0.019126097
2017-03-30,-0.30105916,0.93574286,0.27803993,-0.33630204,-0.18782118,-0.07829213,-0.21288416,-0.780749,0.002744631
2017-03-31,0.13162032,0.6272112,0.762977,0.5222634,0.90753895,0.035146706,-0.22210127,0.42617777,-0.90052
2017-04-05,0.46712783,1.4758668,-0.24457538,0.14813787,0.179733,-0.2624544,-0.9056724,-0.8106478,-0.33438632
2017-04-06,-0.5583131,0.10620149,0.59754974,0.16454695,0.32870528,-0.16801034,-0.7857872,0.779471,-0.5706382
2017-04-07,0.06374039,0.06666131,-0.5432058,-0.092752494,0.095280364,-0.18858807,-0.20710957,0.6167843,0.0031024965
2017-04-10,-0.4859906,1.757647,0.14855134,0.446042,0.39701238,-1.0006151,0.9187977,0.4597686,-0.14265083
2017-04-11,-0.09820384,-0.42706776,-0.6982281,-0.9101728,0.70142394,-0.24836382,-0.65442115,1.466574,-0.7914392
2017-04-12,-0.32418895,0.6222028,-0.36373645,-0.38551363,0.6407556,-0.96791464,0.5670305,1.0282623,-0.15189694
2017-04-13,0.28383422,0.13158925,-0.068697125,-1.0818641,-0.1977371,0.13086258,0.049036182,0.51558644,0.1825797
2017-04-18,-1.3106395,0.50308037,1.6017244,-0.6984632,0.0506062,-1.251493,0.55997974,1.3080646,-0.27855158
2017-04-19,0.20092718,0.02552474,1.3776569,-0.31801334,0.71746796,0.0641222,0.21826397,0.06662105,0.99298704
2017-04-20,-0.21124291,-0.5071041,-0.36629096,-1.1481968,-0.106638424,0.4697537,-0.5780105,-1.1114706,1.0813973
2017-04-21,0.20104492,-0.9080581,-0.4331831,0.04432644,0.8178405,-0.11357954,0.094404206,0.050970655,-0.30873328
2017-04-24,-0.45481685,0.3302922,0.23549816,-0.33546507,0.018259456,0.037331756,0.93727475,-0.31009814,0.9687899
2017-04-25,0.21818195,0.72391576,0.11080929,0.064196445,0.14417131,0.10229835,0.537558,-0.06328761,0.8967874
2017-04-26,0.70634854,0.34039432,-0.018820953,0.31402344,-0.45638222,-0.89990824,-0.7191496,-1.2573205,-0.109496444
2017-04-27,1.0301151,-0.18915342,0.21849826,0.40803745,0.4517113,-1.0901309,-0.3556217,0.62036616,-0.30480656
2017-04-28,-0.06554181,-1.0350556,-0.5096157,-0.4239849,-0.9061658,0.42908642,0.08505395,0.6306273,0.2645839
2017-05-02,0.39145347,0.58839303,-0.007610597,-0.23925392,-0.03830456,1.0082796,2.4411073,-0.5904415,-0.022812374
2017-05-03,-0.49362668,0.64344305,0.3436617,1.2725353,0.56868905,-1.3751667,-0.043557025,0.9213118,0.069880635
2017-05-04,-0.9308441,-0.57486176,1.1189932,-0.855573,0.25043908,-1.2575299,0.4229489,-0.31611437,0.7595107
2017-05-05,-0.26476616,1.8055178,-0.35620624,-0.49451113,-0.1578399,-0.4251888,1.142697,0.07985858,-0.36900458
2017-05-08,-0.3438809,-0.18524307,-1.077536,-0.5133767,0.1948175,-0.90602463,-0.32734078,0.097823106,-0.6288522
2017-05-09,-0.4038292,-0.04568989,0.64585716,0.2990681,-0.1422388,0.60095733,0.81391597,-0.6386297,0.43184513
2017-05-10,-0.40063372,0.79656476,-0.560771,0.0007026666,0.1883772,0.1182153,-0.35543096,0.8631137,-0.5988588
2017-05-11,0.3411549,0.8281154,0.52940637,-0.5791074,-0.30767798,0.4722681,-0.14037013,-0.4364713,-0.38538992
2017-05-12,-0.271922,1.1820287,0.89028317,-0.72121936,-0.23186538,-0.06488492,0.46423054,0.57003146,0.19067925
2017-05-15,-0.009954838,0.3097382,0.10788685,-0.18956576,0.096202396,1.5376003,0.48345146,0.70411223,0.36379325
2017-05-16,-0.4067808,0.3740466,0.3549384,-0.7502812,1.2794422,-0.16924036,-0.31646267,1.0943773,0.5049873
2017-05-17,0.7000101,-0.71399724,-0.38022494,-0.17329381,0.084758654,0.6000799,-0.6928398,1.0260973,-0.5053088
2017-05-18,-0.58229506,0.2995156,0.07470905,0.06814221,0.69175035,-0.54201806,-1.126798,-1.3084904,-0.36292854
2017-05-19,0.44675913,-0.41630137,-1.0769501,0.35682923,-1.3688511,1.0856297,0.029951295,1.3174793,0.38147342
2017-05-22,0.7153924,-0.4567971,0.2046942,0.066362,0.44515324,0.58149534,-1.1730076,0.5114154,-0.48429382
2017-05-23,-0.2699327,0.5483674,0.032008607,-0.6889167,0.32948387,-0.61659724,-0.6786317,-1.1569018,0.076507814
2017-05-24,-0.6911262,1.2988904,0.54610765,-0.485811,0.84674823,-0.5375404,0.6304535,0.3497969,-0.10451555
2017-05-25,-0.23269258,-1.1189318,-0.07502276,-1.5719415,-0.037355304,-0.4543627,0.528516,0.073547594,0.39847946
2017-05-26,1.2433842,0.6553541,1.2203535,0.44314045,0.85333633,0.004080195,-0.8393791,0.3676451,-1.1483712
2017-05-31,0.5116543,-0.83457404,0.28589895,-0.5759352,0.48628348,-0.8422952,-0.49253878,-0.552207,-0.16527234
2017-06-01,-0.2594199,0.2090335,-0.5567426,0.12403709,-0.14817247,-0.9930161,-0.19632871,-0.58178157,0.36357665
2017-06-02,1.0268441,-0.20970112,-0.09205122,-0.5081211,0.83526194,-0.860629,-0.60991,0.7092585,-0.24675575
2017-06-05,0.08982371,-0.40840048,0.1760646,-0.22743416,0.014116881,-0.691016,0.34800658,0.9650374,-0.47052383
2017-06-06,0.02638292,0.36206934,0.035758696,0.17297746,0.75803185,0.53309727,0.025711639,1.1343111,-0.89425915
2017-06-07,0.4338675,-0.97429234,0.3568024,0.028971212,0.6098745,0.17824504,1.1841382,0.44644699,0.74139166
2017-06-08,0.07691312,0.16175781,-0.047550537,0.10120889,-0.40243244,0.4567533,0.86147636,0.13799857,1.1633022
2017-06-09,0.20554505,0.16366035,-0.31663084,-0.28379056,-0.44915858,0.26665074,-0.025025265,-0.282126,1.0938679
2017-06-12,-0.67784554,0.57384604,0.8536733,-0.23321456,0.2208252,-0.57298565,-0.48176628,-0.6289114,-1.059884
2017-06-13,0.41339043,0.97703224,-0.31740645,0.89085364,0.8020971,-0.31653395,0.36877427,-0.075415894,-0.058610022
2017-06-14,0.43296018,-0.5033232,0.28083098,-1.5304822,0.326147,0.008847537,0.6376394,-0.078317024,-1.006379
2017-06-15,-0.91348255,1.1580855,-1.1435597,-0.28560883,-0.3018107,-1.0872761,1.4543419,-0.4196799,0.07957848
2017-06-16,0.6748966,0.5521613,-0.49748936,0.1775733,0.56812245,0.36593068,0.09576521,0.10728688,-0.013208203
2017-06-19,-0.30637762,-0.26854116,0.68077326,-0.73765075,0.04236472,0.49535224,-0.14031895,-0.6856066,0.9874545
2017-06-20,-0.790417,-0.71818835,0.45317307,-0.4262601,0.7284688,-0.21039493,0.00084722874,-0.064732775,0.078405425
2017-06-21,0.08364671,0.088463984,-0.19745463,-1.5539758,-0.16874638,-0.66204214,0.30941084,-1.2224345,0.30842853
2017-06-22,0.09379151,-0.079321735,-0.42260706,-0.4743437,0.69864655,0.31650904,-1.0685213,-1.0863216,-0.30009264
2017-06-23,-0.028975463,0.08012405,0.5814438,-0.7401783,-1.177729,0.034474075,0.23612021,0.5826698,-0.17034441
2017-06-26,-0.32246104,0.26771933,0.31403077,0.3010102,-0.90774786,-0.80116034,-0.09148918,-0.013069395,0.5319183
2017-06-27,0.32718426,0.8596285,-0.44539183,-0.27644533,-0.5224346,0.97326267,0.32970375,-0.35466275,0.075122386
2017-06-28,-0.7335853,1.0199931,0.4432239,-0.65943825,0.4014714,0.03548091,0.0065523777,1.1433797,0.387652
2017-06-29,0.19698489,-0.5654309,-0.5299636,0.40434477,-0.01182423,1.2677804,0.5565146,0.9150549,0.74681723
2017-06-30,0.6626094,1.0191511,-0.5085323,0.48439142,0.66384953,1.0059495,1.3896171,1.409212,0.38326865
2017-07-03,0.3286999,0.620031,-0.8025303,1.344995,0.47510457,0.50972694,0.7781378,0.043166783,0.47811505
2017-07-05,0.57276803,-0.41105536,0.5001392,0.18276952,0.8280682,0.19683805,0.9291293,0.12529448,-0.12767643
2017-07-06,-0.483856,-0.17414807,0.3514102,-0.6185978,-0.19754553,0.18500501,-0.9213361,0.09605727,0.35521755
2017-07-07,-0.37542066,-0.77926624,0.55840796,0.3002218,0.38985577,-0.110986404,1.1834282,0.17586133,0.9588503
2017-07-10,1.2166647,0.6410316,-1.3978442,0.9217543,0.5874373,-0.9911781,-0.28802034,0.24658927,-0.4924327
2017-07-11,0.60644686,0.10153653,-0.36927494,0.08175058,-0.46355215,0.2537705,-0.545437,-0.09698558,0.22248204
2017-07-12,-0.5079557,-0.3721953,0.15561382,-1.268945,-0.34729594,-0.5280639,-1.2009745,0.07389476,0.114172675
2017-07-13,-1.6181128,-0.87131923,0.3659327,-0.6151859,-0.78251225,-0.08605446,-1.1591952,-0.7630441,-0.17567341
2017-07-14,0.6433156,1.0269196,0.4717954,-0.84363186,-0.12726375,0.26380625,0.0013073625,0.9954078,-0.032798894
2017-07-17,1.4725512,-0.24232405,1.0050623,0.4268451,0.53552514,1.0303494,-0.5331005,0.3282449,-0.35144955
2017-07-18,0.6038912,0.03754776,-1.310347,-0.2857807,0.07394752,0.74485564,0.09608029,-0.9052482,-0.9744837
2017-07-19,-0.15307133,-0.067871526,-0.7148469,0.8404612,0.35121262,-0.12163146,-0.49925908,1.2158182,0.2749811
2017-07-20,0.74353343,0.4658489,0.98897433,0.38988304,0.61269414,0.46936935,0.04062277,0.83719045,-0.28806445
2017-07-21,-0.45292637,-0.7377432,-0.020427004,-1.8197823,-0.34728685,-0.60589427,0.14855155,-0.053477015,0.021077994
2017-07-24,-0.6480083,0.31135717,-1.0195771,-1.2003816,0.025724994,-0.0022523853,0.4434016,-1.3982306,-0.10494007
2017-07-25,-0.34869885,0.826729,0.43147886,-0.94156986,-0.90011495,0.17751512,-0.9599267,-1.4754443,0.5555487
2017-07-26,0.021510506,0.31347853,0.21525978,0.44049552,-0.12614985,0.38197348,-0.035166685,1.0768347,0.7938865
2017-07-27,0.656412,0.29656914,0.42507267,0.1187598,-0.03414387,0.6627336,-0.19235602,0.7373107,-0.37672645
2017-07-28,0.64799047,1.0965432,0.24541207,0.12981762,0.16940019,-0.07607933,-0.47180492,0.809655,-0.916593
2017-07-31,-0.89871174,-1.0782685,-0.7344866,-0.5644863,-0.50011784,0.8605711,-0.5255686,0.20258524,0.31915748
2017-08-01,-0.26670396,-0.67030084,1.036689,-0.6366462,0.08958599,-0.22102143,-1.314251,-0.9615483,-0.7143462
2017-08-02,0.26592442,0.3030849,0.20875223,-0.06963524,-0.321659,0.042572755,-0.017833468,0.7631908,0.84592223
2017-08-03,0.4420288,-0.41180253,0.08758867,-0.21109027,0.11374714,-0.38566855,-1.0247393,-1.174823,-0.50428367
2017-08-04,0.04414796,0.547573,0.23013206,0.4473061,0.29148278,-0.4353912,-0.19364673,0.100698434,0.65971965
2017-08-07,0.6807991,0.5062336,0.37650186,-0.5945316,0.02423324,0.9262377,1.1739854,-0.42256147,0.32389545
2017-08-08,0.26542115,-0.027652029,0.3847484,-1.0988935,-0.59145856,0.9806935,0.004088731,-0.50809866,0.9448955
2017-08-09,0.6847963,0.66828674,0.3100822,-0.200412,0.2979053,0.3941239,-0.10397735,0.4471897,-1.2827367
2017-08-10,-0.6854464,-0.7884669,0.28736418,-1.0424305,-0.17538987,-0.48482993,-1.2733132,-0.9922951,-0.9744812
2017-08-11,-0.45118377,0.31626293,0.098353915,-0.40540114,0.26877865,-0.47185606,-0.05543374,0.77530307,0.000561343
2017-08-14,-0.9654726,-0.84142685,-0.08442844,-0.65825707,0.81428486,0.10010422,0.26814926,-0.13735707,0.23949973
2017-08-15,-0.95298046,0.42822906,-2.2113616,-1.7068329,-0.07708887,-1.26886,1.1905116,-1.1218271,-0.3347568
2017-08-16,0.5450599,-0.4641906,-0.42227224,-1.7137684,-0.48419714,0.63209355,-0.34356803,-1.3534164,0.9619601
2017-08-17,-0.017290732,0.13471885,0.22105013,0.09063929,0.54413265,0.5176973,-0.23304275,0.4413651,-1.1197058
2017-08-18,0.41231126,0.61115867,-0.86310446,0.20608385,-0.17080915,0.42451492,-0.33733538,-0.18178661,0.14154787
2017-08-21,0.3376433,-0.9108623,0.5187295,-1.0198371,-0.46700808,0.9001224,0.14709347,-0.7628621,-0.028592616
2017-08-22,-0.57904184,-0.9126835,-0.82698464,0.12689777,-0.8570807,0.07410238,-0.45891458,0.06856522,0.14385942
2017-08-23,-0.031923115,0.93514484,0.5275354,-0.20483698,-0.15225174,0.54939234,-0.11777834,0.1864238,-0.107298315
2017-08-24,0.08133757,-0.12810954,-0.25952458,-0.57267,-0.280095,0.6781222,0.640988,0.25803536,0.86939585
2017-08-25,-0.15570536,0.1266964,-0.0760948,-0.04104596,0.26278806,-0.9177002,-0.4512259,0.61194664,-0.8081059
2017-08-29,0.5358569,0.36771807,0.5843211,-1.5625812,0.16405217,0.61383754,-1.0830823,-0.3933351,-0.56129533
2017-08-30,-0.36654243,0.2200088,0.54728156,0.11793418,0.4722065,0.22515279,-0.49675906,0.43683797,0.250003
2017-08-31,0.5653857,0.9227083,-1.2960902,0.4891704,-0.1025103,1.3458545,0.090401016,0.96976805,0.05992119
2017-09-01,1.0105733,-0.27885622,0.81008625,-0.5377016,-0.25782242,0.23099922,0.72291756,-0.16530201,-0.19800402
2017-09-05,-0.19703129,1.0067987,0.7685927,-0.29879552,0.61132854,0.3388218,0.538843,1.3090082,-0.099283
2017-09-06,0.34062532,0.21248522,0.2757778,0.4746016,0.089912884,0.49333832,0.04175423,0.30627558,0.13342933
2017-09-07,-0.089297056,0.108598545,-0.49400678,-1.1869208,-0.069270425,-0.7477643,-0.72540134,-0.08279107,-0.4649754
2017-09-08,-0.61479557,0.059043575,0.61777556,0.40048575,1.1489167,-0.71370447,-0.22539598,1.0213491,-0.54446614
2017-09-11,-0.7096861,-0.2986709,-0.69665676,-0.32866395,-0.9878255,-0.22263287,0.63348794,-0.28163356,0.8746634
2017-09-12,0.8669058,0.093171254,-0.17313889,0.76465654,-0.06278723,-0.3206707,-0.62676835,-0.89121526,-0.86299497
2017-09-13,-0.3276164,0.27114698,0.45789218,1.0721296,0.54606074,-0.54191226,-0.5863399,1.6655885,-0.3648974
2017-09-14,0.13787988,0.29740068,-0.964304,0.29430884,0.4024215,-0.2032554,0.54872,0.11645513,-0.50851774
2017-09-15,-0.60519934,1.767676,-0.43302244,-0.652693,0.09925419,-0.6368541,1.9139593,1.0720628,0.17629564
2017-09-18,-0.120643064,0.084458314,0.024824556,-0.16868918,-0.70620584,-0.23673515,0.23566233,-1.476116,0.73418593
2017-09-19,-0.50910515,-0.5025477,-0.62658066,-0.22886926,-0.008819481,0.03963123,-0.31622997,-0.33672753,0.23971859
2017-09-20,0.31300873,0.051398173,-0.7448858,-0.25929937,-0.26818138,0.36937997,-0.2666379,0.62820625,0.91519094
2017-09-21,-0.5866096,0.09179273,-0.7595155,0.43821523,1.0429249,-0.28775164,0.0690732,-0.6104718,0.14349349
2017-09-22,-0.26694998,0.12329142,-0.7160979,0.4006545,0.78717613,-0.53384507,-0.088322945,0.6444414,-0.13375254
2017-09-25,0.15116355,1.453163,-0.008430901,-0.63956213,0.34696594,0.35845533,-0.5989489,-0.34021312,-0.59956604
2017-09-26,-0.48705214,1.0914935,0.13892186,-0.33642378,0.34663033,-1.3432045,0.52522314,-0.96491784,-0.14353904
2017-09-27,0.373548,0.21728726,-0.23196454,0.42464855,0.36801004,-0.16421767,0.17782702,-0.5440811,0.033275627
2017-09-28,-0.23798148,-0.36781877,0.35391045,-1.3344786,-0.46752185,0.388537,-0.1731232,-0.36546206,0.61607444
2017-09-29,-1.0542958,0.15356798,-1.335016,-0.78880155,-0.3620346,-0.82690763,1.0873791,-0.099666595,0.32327658
2017-10-09,-0.0042327913,-1.3119874,0.752829,-1.4708592,-0.17585257,0.4224802,-0.34412494,0.35496777,1.5085627
2017-10-10,0.094386466,0.059190582,-0.9698141,-0.796521,-0.3159006,-0.21026847,-0.8700406,0.94256157,-0.051780272
2017-10-11,-0.86965597,-0.51414114,-0.81899714,0.062340483,-0.55572736,-0.17580226,-0.15953258,0.16315949,-0.0948771
2017-10-12,0.13135582,-0.3886672,-0.95216894,-0.9804884,-0.69741756,0.2552364,1.26913,0.17831065,-0.12992713
2017-10-13,1.0189949,0.9357417,-0.023346908,0.30339557,0.21021745,0.3282679,-0.04231545,0.90759265,-0.34519422
2017-10-16,0.15921734,0.68579596,0.9250853,-0.25176156,0.023908773,0.2783142,-0.6431216,-0.5533757,0.475053
2017-10-17,-0.2535087,0.80133706,0.5918202,0.8460669,0.4368498,-0.34287187,0.27513555,-0.5364809,-0.41147685
2017-10-18,-0.3176714,-0.19589517,0.21934442,-0.05038784,0.29142037,-0.26926988,-0.5305453,0.24012156,0.7746811
2017-10-19,0.17259006,-0.20172055,-0.026933575,-0.92463744,-0.24980475,0.1826916,0.8403091,0.6599847,-0.037940692
2017-10-20,-0.27725744,0.45466933,0.18868873,0.37622392,-0.13807125,-0.52960294,-0.9306636,-0.36957008,0.055480883
2017-10-23,1.4739138,-0.27116588,1.2506118,0.9192813,0.34272757,1.3254027,-0.6072301,0.5317685,-0.04410434
2017-10-24,-0.18360318,-0.30192593,-0.62973225,-0.17872255,-0.02993079,0.30030465,-0.6484837,0.17435908,1.0492294
2017-10-25,-0.50936365,0.3064042,0.103465036,-0.6185057,0.3498274,0.18309332,-0.041225784,0.08654322,0.5106723
2017-10-26,-0.2992063,0.19067806,-0.31641513,0.26654997,-0.05620392,-0.5320945,-0.5477149,0.019046782,0.6239101
2017-10-27,-0.8667398,0.5325983,-0.42253143,0.2668654,0.4635418,-0.6952668,-0.14059176,1.3277861,0.0410512
2017-10-30,-0.12207925,-0.2542419,-0.6021968,-0.76953435,-0.84783906,-0.676134,-0.39580104,0.7251851,-0.099623114
2017-10-31,0.24605924,0.27051508,0.49472693,-0.09114447,-0.30117837,-0.10263307,-0.50930196,-0.22334649,1.1392137
2017-11-01,1.065306,-0.9007489,-0.62521464,-0.9596965,0.10164105,-0.1918316,-0.69921124,0.35675114,0.57800496
2017-11-02,0.9028848,0.53305405,0.11088323,0.71749014,-0.054666426,0.14998652,0.6253315,-0.21621405,-0.853433
2017-11-03,-0.25243118,0.4055943,0.09701638,0.7018022,0.40941823,-0.30866253,-1.2221112,-0.2172569,0.31261963
2017-11-06,0.5719744,0.9915369,0.022902476,-0.13402827,-0.45667988,0.65827787,-0.46601492,0.70490664,-1.1587136
2017-11-07,-0.46224856,0.040218044,0.13250995,0.9129609,0.64149517,-0.75676626,0.31416,0.36683893,-0.6309499
2017-11-08,0.35210478,0.1002197,0.0020058006,-0.7254939,-0.05033271,0.3394369,0.3706045,0.51254696,-0.687026
2017-11-09,-0.7018968,0.33119982,0.26515213,-0.037166618,0.27392992,-0.33022428,-0.6925965,0.14351177,-0.68362904
2017-11-10,-0.44122383,0.30102208,0.025288852,-0.15870325,0.07147833,0.32966188,1.0671668,-0.3249817,0.33257285
2017-11-13,0.18048008,-0.45529503,0.41781133,-1.0559322,-0.09256578,0.41743597,-0.5439216,-0.48888648,-0.091038
2017-11-14,-0.6104362,-0.2618932,0.36637095,0.05101139,1.3690149,-0.52464896,0.0040096752,0.24214658,-1.0605811
2017-11-15,-0.46379012,-0.063777976,-0.18155631,-0.44373924,-0.13300894,-0.05077062,0.551074,0.5926028,0.96203667
2017-11-16,-0.75370795,0.11616753,0.18932323,-0.82755023,0.6272496,-0.038072236,0.26535964,0.36827296,-0.31583172
2017-11-17,0.9838052,0.5317134,-0.5433915,-0.40630028,0.4594382,0.9474176,-0.16675982,0.79061383,-0.5247676
2017-11-20,-0.36182234,0.36948115,0.9945582,0.5837563,-0.01924862,0.031509846,0.69100875,-1.2529474,0.87027436
2017-11-21,0.9820372,0.24509504,-0.32966733,-0.5336867,0.08231972,0.09412009,-0.6566546,0.15707028,-0.11693548
2017-11-22,-0.039810453,-0.30699193,0.10964929,-0.6267477,0.14435272,0.54869866,-0.27848104,1.2117578,0.6897583
2017-11-24,-0.35574874,-0.06657926,-0.11201156,-0.7907224,-0.31117725,0.7611838,-0.2086644,-0.72544456,0.8625576
2017-11-27,-0.65750307,-0.024754934,0.4767008,-0.17733698,0.10322239,-0.76519877,-0.31543013,0.8897116,-0.51761955
2017-11-28,-0.25443175,1.3179289,0.524029,0.06814761,-0.33645415,-0.981694,0.60749656,0.7334558,-0.8367923
2017-11-29,0.17909163,-0.34389722,0.20067896,0.8926695,-0.45898244,-0.15187591,0.8169847,-0.08343906,0.0967399
2017-11-30,-0.12804118,-0.37677896,-0.2911424,0.2929128,1.4405127,0.068831906,-0.5623359,-0.2111516,0.06832849
2017-12-01,0.16788647,0.94112337,-0.103583485,-0.5765961,-0.25213733,0.86773163,0.7446274,-0.2571426,0.27969816
2017-12-04,0.052625004,-0.42851853,1.1597358,-0.016389675,0.61581385,0.115690544,0.20423047,-0.21447715,-0.015743153
2017-12-05,-0.47084895,0.5367308,0.6429346,1.3391972,1.4102733,-0.56459373,-0.5681989,0.525819,-0.15714736
2017-12-06,0.025729368,-0.31019694,0.98267084,-0.33117142,0.2742003,-0.62148225,0.14919265,-0.8252299,-0.31246766
2017-12-07,-0.12092335,0.7435842,-0.7295952,0.0037570135,0.6216994,-0.2311766,-0.5543076,-1.1048894,0.6102039
2017-12-08,-0.37056366,1.0516701,-0.43284458,0.13287644,-0.021362467,-0.4174464,-0.17930812,-0.23242928,0.17447297
2017-12-11,0.13532554,0.26658434,0.37495643,-0.3898817,-0.18133412,0.36112761,-1.1570272,-0.59944844,0.15836348
2017-12-12,-0.23595972,-0.37177846,0.0048325267,-0.24672015,0.7355049,-0.15610258,-0.21439673,-0.4189663,1.0806779
2017-12-13,0.5364167,-0.31070992,0.82063687,-0.6074792,-0.088267624,0.4394522,0.65626514,0.4796229,-0.288148
2017-12-14,0.43354177,0.6305347,0.22047816,-1.040946,0.24949475,0.44060555,-0.31492049,-0.28752643,0.36752105
2017-12-15,1.2065243,0.70948964,0.5782956,-0.40725678,0.45593295,0.32367602,0.35409975,0.91001296,1.2142293
2017-12-18,0.87716573,-0.4142934,-0.5559443,-0.40933964,-0.5001846,0.21932626,-0.6673638,0.1225129,-0.92454827
2017-12-19,-0.38887984,-0.57567745,-0.22731757,-0.25654885,-0.14296554,0.8376901,0.028637707,0.65643626,0.52084655
2017-12-20,0.44604298,0.40957153,0.713746,-0.6823752,-0.022667138,0.9376147,-0.28899884,0.3150915,0.48360008
2017-12-21,0.057717606,0.67907566,0.20622763,-0.87104917,0.42876518,0.6126838,0.3278358,-0.37928942,0.7055519
2017-12-22,0.14445044,0.2777577,0.13442892,-0.81645274,0.030591343,0.43834007,-0.2674608,0.17243008,0.27868623
2017-12-27,-0.67578495,0.78829074,-0.19864573,-1.1864955,-0.5802265,0.45529452,0.7467945,1.6076864,0.5806166
2017-12-28,0.043807127,-0.27469233,-0.39184883,-1.2232499,-0.88037586,0.061959464,-0.412728,0.043828648,0.055491872
2017-12-29,0.8532463,0.23580053,0.1443824,-0.16767487,-0.27650762,0.44077712,-0.04239094,0.55636173,-0.8185415
2018-01-02,0.8821982,-0.44342762,0.21257703,0.3296259,0.00048257582,0.06413033,0.05154001,1.2201755,-0.6008975
2018-01-03,0.26365116,0.7756834,-0.27819917,0.341545,0.6085204,-0.08966879,-0.34499824,0.80956805,-0.5782562
2018-01-04,0.13454671,0.41466677,0.4012347,-1.0380744,0.059016246,0.4282229,-0.03821824,-0.16407575,0.5320717
2018-01-05,0.3964902,0.5392076,0.82520866,-0.0006033968,1.319258,-0.29600477,-0.040101152,-0.061955612,-0.65859836
2018-01-08,0.17929152,0.34560612,1.2390621,0.2813185,0.48928887,0.09348945,-0.7658825,-0.2941035,-0.43038455
2018-01-09,1.0313051,0.98573244,0.46997076,1.071714,0.27349085,-0.048391502,-0.39117905,-0.10136594,-0.4154345
2018-01-10,-0.41596186,0.7419734,-0.69258696,-1.4112517,-0.095653795,0.23900685,0.5562957,-0.737568,-0.13367037
2018-01-11,0.32799453,0.5053545,0.8008436,-0.19356214,0.061654873,0.09007845,-0.5055892,-0.29330185,-0.758729
2018-01-12,-0.2918572,-0.062111583,0.17251627,-0.8645861,-0.30267656,0.07420602,-0.677256,0.21810912,-0.07713057
2018-01-16,-0.8383582,0.78448796,-1.6831479,-1.4388769,0.39948982,-1.4442133,1.5494336,-0.29830515,0.031541865
2018-01-17,0.4902461,0.33161947,-0.33403945,0.15307327,-0.0047569363,-0.65730643,-0.05219673,0.6612901,-0.3186783
2018-01-18,0.18927933,0.11805279,-0.30861792,-0.23889174,0.19558777,0.24461049,-0.16791674,-0.99987096,1.0010575
2018-01-19,0.5786977,0.13770978,-0.080791324,-0.9168328,0.22705102,-0.06066756,0.40851447,0.13053869,-0.2382074
2018-01-22,0.096721284,-0.07658549,-0.29238233,0.16944768,-0.37010998,0.010118166,-0.07891586,-0.201967,0.68246025
2018-01-23,0.15919806,0.20936696,-0.22632693,0.54365325,-0.08954823,-0.70885557,-0.6763494,0.6174576,-0.9041598
2018-01-24,1.759435,0.30175552,-0.39779228,-1.1991746,-0.50413877,0.8332297,0.29245618,0.1417585,0.0142308865
2018-01-25,0.14570083,0.0910534,-0.39640233,-0.8448975,0.22507405,0.49735138,0.20528533,-0.1632365,-0.8195587
2018-01-26,0.16226524,-0.15717568,-0.67156464,0.8073696,-0.18555544,-0.26393068,-0.10818977,0.28039452,0.57479316
2018-01-29,0.6610482,-1.0774577,-0.84577537,0.82764274,-0.25692177,-0.043541975,0.22521934,0.17421141,0.44492558
2018-01-30,0.13423757,-0.38264206,-0.977747,-0.06300082,1.8735167,-0.1216353,0.7021452,0.25940782,0.48050106
2018-01-31,-0.24928877,0.31393906,-0.0663881,-1.1682518,0.90489566,0.2876603,-0.07052791,-0.0010696552,0.61230963
2018-02-01,0.122521155,0.38653043,0.4457838,-0.7027463,0.2282081,-0.012713689,-0.58055866,0.27072632,0.8277602
2018-02-02,-1.1233661,-0.41573766,0.3333987,0.32853124,0.71668965,-0.5690743,0.1392876,0.23435748,0.29051062
2018-02-05,-0.26842675,-0.755373,0.031072171,-0.98094004,0.03611006,0.44139057,0.11912377,-0.37182364,0.73144454
2018-02-06,0.3530261,0.3438353,0.0882111,0.7199027,0.5041465,-0.65014035,1.253507,0.9757876,-0.68586725
2018-02-07,-0.45526707,-0.21774873,0.14455412,0.5981864,1.1353191,-0.663737,1.0682361,0.19523402,-0.25393802
2018-02-08,0.49735764,-0.10039932,0.38874033,-0.588444,0.34449357,-0.07088537,-0.28925166,-0.42785126,0.051585153
2018-02-09,-0.78971887,-0.93342483,0.23117582,-0.3425923,0.59038967,-1.1044257,0.54589975,-0.05106668,0.06661135
2018-02-22,0.5603587,1.9309034,0.043568898,-1.4174873,-0.27608716,1.2340318,0.16367854,1.0412894,0.9529822
2018-02-23,0.05593195,0.7258369,-0.07645742,0.61328834,0.101161346,-0.44106066,-0.14516833,0.29989055,-0.4554972
2018-02-26,0.6294729,0.34129268,-0.7938387,-0.011201906,-0.014211736,0.24457064,0.24075602,-0.01513328,-0.53463656
2018-02-27,0.43279037,0.6117333,0.13535747,0.7273952,0.5546247,-0.8476635,0.53328645,-0.7436977,-0.10425438
2018-02-28,-0.5964756,-0.38378477,-0.50861806,-0.5667069,0.9581983,0.08542203,1.7028971,1.3676037,-0.34566796
2018-03-01,-0.68906057,0.65642965,0.16652986,0.30755982,0.34401977,0.62251836,1.92166,0.5897711,0.19526866
2018-03-02,0.19967985,0.64949864,0.57425535,-0.7952626,0.48758277,-0.11207028,-0.4680382,0.013844159,-0.8549781
2018-03-05,-0.04320256,1.1000588,-0.09537263,0.27722198,0.08179298,0.10300522,0.481378,0.51356703,0.12517703
2018-03-06,0.804478,0.07097097,-0.2896402,-0.80537915,-0.1666013,-0.06803331,-0.35420677,0.2144784,-0.78298503
2018-03-07,0.21164216,0.32928723,0.50787795,0.40701067,0.21914795,-1.2439573,-0.12999438,-1.1540269,-0.55191875
2018-03-08,-0.31265673,-0.19279397,0.34754935,0.12732333,0.84772515,0.2973386,0.5606819,0.361078,-0.24243256
2018-03-09,-0.13798451,0.61494863,0.3623843,-1.221282,-0.31194124,0.0021184154,-1.2458946,-0.59817386,0.26701155
2018-03-12,-0.47000885,0.88208324,0.72495997,-0.0967054,0.6821066,-0.65254027,0.73199993,0.71788377,-0.37451774
2018-03-13,1.2198653,-0.73516715,-0.7354659,-0.09423104,-0.5727622,0.2457112,-0.20300634,-0.31549397,-0.024359472
2018-03-14,0.16727975,-0.5467808,-0.46429223,0.43643692,0.24265766,0.34355247,-0.76575625,-0.43591958,-0.17337205
2018-03-15,-0.50240254,0.979828,-0.80876315,-0.3493843,0.5744054,-0.52660143,1.0417162,0.16563213,0.22466442
2018-03-16,-0.75245064,0.61600083,-0.27718928,-0.21566129,-0.13983527,-0.41749433,-0.28531066,-0.4830031,0.3070583
2018-03-19,-1.1583581,-0.54214686,0.43971112,-0.9086428,-0.15433924,-0.26664677,-1.0868328,-0.43234488,-0.35426793
2018-03-20,0.018148445,1.5668212,0.612052,0.6927757,0.1411888,-0.21244349,-0.13474025,-0.10328735,-0.3471223
2018-03-21,-0.23641373,1.0900772,-0.48141623,-0.7260124,0.0721873,0.47776663,-0.34475097,0.4569627,-0.14270777
2018-03-22,-0.02441024,-0.1859627,0.052784223,0.06387355,1.053293,-0.26497167,-0.083041355,0.539721,-0.55744594
2018-03-23,0.0117985625,0.6276292,-1.1304555,-0.4162794,0.66570556,-0.06538375,-0.08799986,-0.1563652,-1.3633695
2018-03-26,-0.27128354,0.057312343,0.028828058,-0.9133019,-0.3020181,-0.33744413,-0.07112254,-0.26727104,-0.40887392
2018-03-27,-0.4428331,0.12409257,-0.21074712,-0.22328575,-0.7875808,-0.13750651,0.308861,-0.38845503,0.46634465
2018-03-28,-0.6539045,0.845411,0.3511744,-0.13135944,0.43656078,-0.94280756,0.4132456,-0.3711139,0.84681594
2018-03-29,0.55906093,0.97342205,-0.25770256,0.40717098,0.23762916,0.42174724,1.5431666,0.6897592,-0.028236238
2018-04-03,0.89674634,-0.33465692,-1.1882819,-0.6643887,0.5919382,0.74780405,0.7166204,-0.748542,-0.6724736
2018-04-04,-0.5780062,-0.081835076,0.38941437,0.12866423,0.3797733,-1.1132878,-0.9866213,-0.17156282,-0.33392036
2018-04-09,1.1092085,0.5020687,0.28523833,-0.4436897,0.65896523,2.010873,1.2579234,0.31628513,1.0673338
2018-04-10,0.5336877,0.7295754,0.47956777,0.10068578,-0.064415194,0.7883907,-1.0701009,-0.014580559,0.9540239
2018-04-11,0.13311026,0.5754098,0.18632711,-0.5378725,-0.027528461,0.30186698,-1.0303541,-0.029305743,-0.26371077
2018-04-12,-0.26246974,0.6950334,1.1406106,0.32831556,0.6329344,0.023795221,0.0988208,0.25981423,1.0585759
2018-04-13,0.40043625,0.20540291,0.04773343,-0.29048255,0.031686004,-0.8507014,-0.8962925,-0.14069887,-0.6951673
2018-04-16,-0.18888183,0.022126704,2.3713403,-0.8224165,0.09401744,0.38782498,-0.22796747,0.56312734,1.3982582
2018-04-17,0.45162734,0.24928802,-0.32367584,-0.38175178,0.41500407,-0.54936475,-0.305086,0.06252463,-0.09067938
2018-04-18,0.76883477,0.97663546,0.40394294,-1.2808514,-0.7244867,1.3318532,0.021043912,0.4226583,1.3010243
2018-04-19,-0.14813018,0.33184925,-0.3392813,0.58124816,0.6631276,-0.15252349,-0.104714625,-0.04221724,-0.52965575
2018-04-20,-0.8684833,-0.0078115687,0.13297492,-0.38079906,-0.92952394,-0.5765849,-0.08283308,-0.29775602,0.23197839
2018-04-23,0.33813417,0.50156605,-0.7349977,0.8074324,0.37752458,-1.7487775,-0.6108691,-0.31944662,-0.5255966
2018-04-24,0.9435273,0.25076562,0.3027628,0.0066254274,0.6058397,-0.44121158,0.0069159796,0.77629507,-1.151822
2018-04-25,0.7288063,0.9985122,0.64978856,0.9420714,0.45372632,-0.030014696,0.5932571,-0.37161395,0.21779975
2018-04-26,-0.19689564,0.6334448,0.08060052,-0.31817305,0.14551692,0.18490401,-0.1610293,-0.20243965,0.47039297
2018-04-27,0.3830589,-0.31408677,-0.16611636,0.449241,0.8657787,-0.42648572,-0.085702986,1.7237326,-0.52718526
2018-05-02,-0.8715086,1.5073389,0.9328681,-0.18923165,0.62475044,0.839882,1.6159883,-0.9118267,-0.6157132
2018-05-03,1.1086289,0.19911787,-0.42636415,0.31864625,0.6736205,-0.670705,-0.17131539,1.0035692,-0.5308458
2018-05-04,0.04433971,0.19484611,0.23588482,-0.77073276,-0.30528,0.9278868,-0.6280688,-0.65707725,0.59981817
2018-05-08,-1.0503372,-0.34650046,-0.33801293,-0.7177861,0.41548917,-0.26424888,-0.70294684,-0.48414573,-0.027406095
2018-05-09,0.13928835,1.308915,-0.19715576,0.17102256,-0.022356534,0.0028285964,-1.0673627,-0.40707955,-0.33957946
2018-05-10,0.28491852,-0.1152951,-0.5874161,-0.6069075,-0.28353155,-0.6904245,-0.55481136,0.77169764,-0.24997988
2018-05-11,0.046206065,-0.072185464,0.24330868,-0.114837535,-0.050106093,-0.50500387,-0.7558726,-0.48289436,-0.521809
2018-05-14,-0.3958318,1.1828861,-0.25267574,-0.34442353,-0.09573065,0.20517263,0.95035845,-0.76817936,-0.13146406
2018-05-15,-0.41202775,0.84205073,0.9587587,1.0795424,0.25074458,0.43341258,1.3044925,0.81451935,1.3394302
2018-05-16,-0.7705198,-0.041573428,-0.9989309,-0.9307444,-0.42069027,0.21732047,0.39162278,-0.75956774,-0.18202776
2018-05-17,0.34822518,0.33625224,-0.11983648,-0.11889062,-0.48781627,-0.3169095,-0.29612917,0.2526024,-0.012179211
2018-05-18,0.9818783,0.110514015,-0.66953284,0.4348134,0.47884434,0.24429242,0.977213,0.27012438,-0.56144
2018-05-21,-0.11996858,-0.3381998,-0.20333625,-0.833109,-0.9482758,0.09793005,0.5061906,1.6368434,0.8847914
2018-05-22,0.71878296,0.6054156,-0.27280065,0.112046435,0.028210722,-0.059165146,0.2975806,0.4731084,-0.6785636
2018-05-23,-0.057577834,0.18194929,-0.42311302,0.73328763,0.69510794,-0.2739569,0.69618994,0.91371125,0.13516305
2018-05-24,0.21291345,-0.19524235,0.49905562,-1.5207705,-0.31371954,0.5198589,0.16185598,0.07166389,-0.54023355
2018-05-25,0.3906268,-0.63538915,0.20356067,-0.039109353,0.4506035,-0.08373983,1.2165812,0.11536702,0.12019627
2018-05-29,0.13460946,0.52102757,1.0996178,-1.0775896,0.28121606,0.43681848,0.5390856,-1.1093103,0.24175498
2018-05-30,0.22310618,0.0099560525,-0.30100012,-0.3534316,-0.2867873,-0.18118319,-1.583226,0.0071088127,0.5030744
2018-05-31,-0.83230186,0.65293515,1.3092644,-0.6885774,-0.04221372,0.1597175,0.6858271,0.5398831,0.051036708
2018-06-01,-0.12936658,0.9785359,1.3464298,-0.76533324,0.13916712,-0.43572292,0.6063029,-0.0056529697,0.5317815
2018-06-04,-0.29177228,-0.2213569,0.6660399,-1.1995716,-0.21037735,-0.55708945,-1.049968,-1.6837975,0.14956956
2018-06-05,1.0433745,0.026176935,-1.0055132,-0.8310712,0.5105939,-0.3667099,-0.19699167,-0.21954696,0.67030877
2018-06-06,0.31929564,0.4317609,0.8659027,-1.1079189,0.5072994,0.43794325,-0.0062900414,0.086725235,0.6100387
2018-06-07,0.41517287,1.2396963,0.38561437,0.33729446,0.16097224,-0.13422161,-1.1234705,-0.6221281,-0.6497459
2018-06-08,-0.35407707,-0.95209324,0.2048556,-0.6352876,-0.0994607,0.46282676,-0.14918481,0.8874399,0.76126266
2018-06-11,-0.791798,0.3485356,0.6397268,-0.65962887,-0.090670265,-0.09950389,-0.2897759,0.054947462,-0.7818813
2018-06-12,0.57079476,0.4275619,0.03735128,0.48096472,0.85794234,0.32142672,0.5765306,0.36088654,0.03873648
2018-06-13,-0.1324224,-0.109761804,-0.053431492,-0.4163205,-0.2777469,-0.18051389,-0.8789418,-0.3739569,-0.28875035
2018-06-14,-0.54787195,0.1345066,0.56287503,-1.0129304,0.09148556,-0.6544495,-0.5038756,-0.33854386,-1.2938908
2018-06-15,-0.6534479,0.57091826,1.301112,0.4518393,0.99813104,-2.0317857,0.16635981,-0.6389415,0.25154716
2018-06-19,-1.3478023,0.14368127,0.14162217,0.2632412,0.7923225,-1.5595195,-1.6587293,-0.13649347,-0.55796754
2018-06-20,0.53575194,0.17562775,-0.8987178,-0.25177106,-0.28845632,-0.10824342,0.59906983,0.011049017,-0.35215497
2018-06-21,0.10163276,-0.047215387,0.57496506,0.12565783,0.65673137,0.017921742,0.56699544,-0.1558099,-0.31616542
2018-06-22,0.24293882,1.0996192,0.2528142,-0.07881338,-0.16644827,0.7290431,-0.5127609,0.6174867,-0.01638716
2018-06-25,-1.400584,0.10545323,0.6668357,-0.56422293,0.27082333,-0.44358397,-0.26520014,-0.79689026,-1.0139586
2018-06-26,-0.8258512,0.64309305,-0.4058046,-0.28138265,-0.4772463,-0.42234552,-0.078504406,-0.05383194,0.111025184
2018-06-27,0.33767158,1.5028887,-0.16457827,0.25109574,0.098813355,-0.3515577,-0.4427804,-0.65751904,0.4420032
2018-06-28,-0.9850904,-0.21518119,-0.8010274,-0.50014776,-0.0755688,-0.66261,-0.204621,-0.04272689,0.33467218
2018-06-29,1.0372715,0.8593052,0.79510087,0.954279,0.97795844,0.5991973,-0.4251745,0.6082711,-0.5836415
2018-07-02,-0.7330555,-0.9111118,1.4308481,0.7565678,0.41002327,-0.31815046,-1.3060205,-0.97812027,0.26213124
2018-07-03,0.19739382,1.1066118,-0.62986493,-1.0942321,0.45877257,-0.631695,0.91176957,0.92636,-0.9354863
2018-07-05,0.5132199,0.73809576,0.59674364,0.79977036,1.7582886,0.0002005326,-0.20450868,0.4098588,-0.79740304
2018-07-06,0.71568835,0.42873892,-0.44567773,-0.01596476,-0.31757236,0.36015478,1.7281638,1.2650964,0.35816762
2018-07-09,-0.1407153,0.5001305,0.6444883,-0.8149458,-0.2861562,0.20998338,-0.8880271,-0.8740886,-0.33051106
2018-07-10,-0.11897377,1.2127659,0.7097601,0.0030108169,0.47377557,-0.4538403,-0.13811721,-0.24597792,-0.22292079
2018-07-11,-0.96187997,-1.5866646,0.87086034,-0.03413431,0.5229889,-0.67950165,-0.34794107,-1.4902171,-0.82272834
2018-07-12,0.57198524,1.4920185,0.7188836,-0.87918454,0.28946117,-0.029824946,0.36778212,0.39500484,0.23630787
2018-07-13,-0.5513492,0.15708618,0.003058132,0.20598799,0.3079765,-0.4493286,-0.77601403,-1.0382195,-0.14744313
2018-07-16,1.1684189,-1.139932,0.24942695,0.46143743,0.83424646,0.65670985,0.72719705,1.134568,0.20706584
2018-07-17,0.44724962,0.097350016,-1.9471654,0.6100065,0.587663,-0.47824898,0.27199477,-0.75153345,-0.8437805
2018-07-18,0.58469266,-0.3347851,-1.0816013,-0.1458677,-0.3305176,-0.17961663,-0.5968891,0.058314767,0.8756239
2018-07-19,0.25130597,0.6979338,0.27675354,1.3051019,0.7935685,-0.57690823,0.31535086,0.48219866,-0.6681378
2018-07-20,0.86475056,0.2087,-0.53149915,-1.1257937,-0.5954013,0.7751991,0.5910595,1.0010979,0.21274139
2018-07-23,0.27845654,1.0801841,0.8417374,-0.32924402,1.1190515,-0.085030414,0.025795568,-0.3854018,0.4804288
2018-07-24,0.79194283,0.7870827,0.46347508,-0.9328118,0.20219259,0.7153147,-0.23442218,-0.3893816,0.67159855
2018-07-25,1.9191856,1.2891431,-0.06779934,0.7236066,0.6445251,0.013302917,0.4737092,0.5039248,-0.54310215
2018-07-26,-0.22795753,1.637499,-0.078301035,-0.7139013,0.5407515,-0.54286474,0.4570426,-1.1338416,0.03454442
2018-07-27,0.819191,-0.33188978,-0.085542746,0.48754787,-0.1885705,0.012302627,-0.09273252,-0.12587254,0.11385324
2018-07-30,0.87024003,1.3957859,0.0043643615,-0.2928248,0.9597846,0.20591205,0.8642387,-0.060621113,-0.09965757
2018-07-31,1.3965551,0.50208825,0.23280644,-0.5347785,0.6737655,0.29472643,0.6416746,0.37808436,0.53742635
2018-08-01,0.31769907,-0.49182817,0.58029515,1.0118891,1.4456095,-0.4755319,-0.9820986,-0.51077217,-0.6427164
2018-08-02,0.007193185,0.78970784,-0.13605654,0.18315491,0.75373375,0.00618819,-0.46269274,0.08836319,-0.40289554
2018-08-03,0.9916454,-0.26923338,0.115956545,-0.42512682,0.11503616,0.23207003,-0.5468465,0.55592453,0.65410084
2018-08-06,0.8621539,0.7177714,0.83278245,1.1368558,0.9635101,0.510004,-0.2744766,-0.07188491,-0.45971346
2018-08-07,0.3756408,0.47377795,-0.505654,-0.40325928,-0.33401528,-0.11277076,-0.044740234,-0.10870636,0.09311708
2018-08-08,0.411744,-0.7219313,0.3261487,-0.92633575,0.42906386,0.6868937,0.7573888,-0.42594984,0.325095
2018-08-09,-0.53318655,0.28511783,0.33160135,-0.63240755,0.12649317,-0.13432038,0.15128683,-0.0025561736,-0.5084647
2018-08-10,-1.0129776,0.38154244,0.7530446,-0.40309462,0.08708005,-0.7616074,-1.6939744,-1.25962,-0.7184689
2018-08-13,-0.68624836,0.89488906,0.30846718,0.7850502,0.3926246,-1.2171708,0.3764266,-0.75233567,0.60714746
2018-08-14,0.8236671,0.32651338,0.5321497,0.5654916,1.2591783,0.08721097,-0.2794347,0.70057,-0.23324063
2018-08-15,-1.1240461,0.23317753,-0.6905148,0.6708399,1.0342404,-2.159706,0.8304631,-0.68494934,-0.841531
2018-08-16,0.9194744,0.51764005,-0.30500463,-0.8066267,-0.38170058,0.7863041,0.8515669,0.88863605,1.3942221
2018-08-17,0.78449553,0.82579666,0.1452334,0.37858173,0.089084856,-0.52523386,0.07335874,0.15970005,0.20407243
2018-08-20,0.069314465,0.25393716,0.05909537,-1.2702543,0.367716,0.52110684,-0.66650903,-0.4913216,-0.109630495
2018-08-21,-0.2630718,-0.04221733,0.32148287,-0.8038739,-0.520197,0.22504914,-0.7063407,0.0014430074,0.15894243
2018-08-22,-0.014769347,0.7905084,0.19616525,-0.3550212,0.89449567,-0.04313717,-1.4969077,-1.0235186,-0.34158272
2018-08-23,-0.53555024,0.8784916,0.028355397,-0.30008003,0.46222025,-0.70535547,-0.12299168,-1.5018365,-0.045212753
2018-08-24,0.057307564,0.6034025,-0.09936618,-1.8107854,-0.44781688,0.48489732,0.18349056,0.40037462,-0.08105592
2018-08-28,0.08290898,0.6524732,1.3327867,-1.4456493,0.37547967,0.113710694,-0.91998535,-0.777007,0.48816574
2018-08-29,0.7213506,0.4711572,-0.774444,0.712193,0.5164351,-0.13430858,-0.14795132,0.07849908,-0.23216268
2018-08-30,-0.65397716,0.3285797,-0.54748243,0.40359846,0.2328746,-0.80717987,-0.24949184,0.14774773,-0.3612234
2018-08-31,-0.20082906,0.8250789,0.3405703,0.6780405,1.1218581,0.14979963,0.96722144,1.0198075,-0.5179948
2018-09-04,-0.66963917,-0.071941994,0.15775064,0.9368218,0.63157785,-1.4696655,-0.43835124,0.72440904,0.17836922
2018-09-05,-0.31023416,-0.72619873,0.8813529,-0.7577806,-0.03535479,0.3405891,-0.040171724,0.48528448,0.095797345
2018-09-06,0.089149974,-0.47205862,0.4820302,-0.47197953,0.22368309,-0.21023005,-0.2698334,0.25719625,0.3897058
2018-09-07,-0.51045734,0.08364474,0.3188258,-0.02087484,0.08597673,0.12170668,0.25335643,0.5831019,0.68807745
2018-09-10,0.19171949,0.6349489,0.65505666,-0.09394108,0.6219881,0.7490069,0.3607047,0.697915,0.086791486
2018-09-11,-0.21782868,0.3759283,0.1130473,0.44830793,0.5355765,-0.3144197,-1.2084562,-0.33969453,-1.2479107
2018-09-12,-0.62656695,-0.8591462,-0.50388145,-1.8512715,-1.2338853,0.13646033,-0.3998922,0.3211964,0.7141709
2018-09-13,-0.5183416,-0.48565912,0.20108815,-0.9490875,0.2906304,-0.19923155,0.006145065,-0.65330255,-0.08779439
2018-09-14,0.7142187,0.52321357,0.06803393,0.6211007,0.58167875,-1.2922176,-0.56623363,-0.20017417,0.11523575
2018-09-17,1.4714402,1.1108866,-0.016916415,1.1600406,1.4105893,0.08216224,0.41830093,0.3253504,-0.5255135
2018-09-18,0.30397448,0.54639,0.24360147,-0.8750391,-0.20786367,0.0461925,-0.8343273,-0.69491136,0.37229285
2018-09-19,0.75559616,-0.07931148,-0.44950992,-0.25016063,-0.65803033,0.48844877,0.6375329,1.417481,0.40085423
2018-09-20,1.0774838,0.59396255,0.29794604,-0.5453441,-0.059765834,0.18065107,1.0348231,0.7435348,0.4203023
2018-09-21,0.6262441,-0.02949529,-0.39401096,-0.8603502,-0.69991547,1.0465497,-0.018424049,-0.88576967,1.314083
2018-09-25,0.33071333,1.5228137,0.329254,0.89651,0.5167798,-0.13223942,-0.8321937,0.2719909,-0.4560882
2018-09-26,0.6904102,0.36583933,-0.1537825,-0.11420162,0.19771041,-1.0506939,-0.31152117,-0.42161557,0.3938962
2018-09-27,-0.45412788,0.20111561,-0.68751675,0.9832569,-0.16611916,-0.5369078,0.45336455,0.2973834,-0.32997894
2018-09-28,-0.5173176,-0.5772719,-0.10480311,-1.6260768,-0.549148,0.68267846,-1.0495445,0.65633595,0.6373024
2018-10-08,-0.075370476,-1.0838463,0.21773827,0.36228406,-0.5132945,1.198527,1.102,3.0729306,0.101533934
2018-10-09,1.0125014,0.60490835,0.66090226,-0.7061769,0.21693547,0.45671228,-0.7370808,-0.43704262,-0.1634108
2018-10-10,-0.06180347,0.27852368,1.4187092,-0.049087062,1.3613237,-0.23998389,-0.067405336,-0.1857636,-0.8882032
2018-10-11,0.9207582,-1.104307,-0.07224058,-1.4687748,0.51769054,0.16620845,0.35652035,1.0735465,-0.81580734
2018-10-12,0.4288041,0.034557417,0.08985356,0.05401889,-0.14282018,0.593402,1.1457942,0.79066724,0.78142
2018-10-15,1.0343062,0.10652942,-1.5728645,0.28946936,0.2685317,0.31966847,0.47129175,0.32739973,-1.1630199
2018-10-16,-0.38768405,0.54525524,-0.46878943,-0.721133,0.10828844,-0.31812564,-0.18672623,-0.7582361,-0.09404988
2018-10-17,-0.61898136,-1.1089504,-0.36825377,-0.71928847,-0.7868036,-0.15176648,0.67138743,0.26185012,0.22919168
2018-10-18,-0.6065174,-0.5946707,-0.19565672,-0.70147675,0.53006744,-0.14700884,-0.6426013,-0.9347577,-0.2683026
2018-10-19,0.06908812,0.5610414,0.35941598,-0.2242647,-0.095781446,0.05068578,-0.180569,-0.18106416,-0.7360263
2018-10-22,-1.1701592,0.3248138,-1.6074244,-1.1997403,-0.35048485,-0.6491766,1.1463218,-0.47220853,0.6576306
2018-10-23,0.3938214,-1.0297859,0.651389,-0.8983749,0.15249749,-0.42134902,0.63149816,1.0163287,-0.79061913
2018-10-24,-0.7927288,-0.47091684,0.23235686,-0.11834367,0.16090004,-0.39280784,-0.5170653,0.33622167,0.637726
2018-10-25,-0.7763565,0.4044815,0.3856098,-0.56077015,-0.34143326,-0.3854162,-0.6435534,-0.38020387,-0.48458496
2018-10-26,0.09895987,0.6925113,-0.6999467,-0.1215387,0.80506325,-0.009311214,0.4320169,0.67301583,0.10858615
2018-10-29,-0.22481517,0.36565486,-0.5266863,-0.06218454,0.8452084,-0.8839118,-0.16713691,-0.76094127,0.009082626
2018-10-30,0.3450587,0.004542581,0.96277875,0.41450813,0.9311717,-0.4396253,-0.44675362,0.16856703,-1.1400288
2018-10-31,-0.32607824,0.26937953,-0.14457402,0.11345716,0.06610183,-0.98117036,0.23997158,0.20128018,-0.016538834
2018-11-01,1.0826732,-0.90636533,-0.3099329,-1.5319327,-0.8266793,0.42403302,1.3624922,1.1612731,-0.08956151
2018-11-02,0.32003745,-0.11916268,-0.01112716,-0.9082965,-0.5497046,0.46906257,0.7733156,0.2841169,0.6420453
2018-11-05,-0.012250987,0.9022815,0.5260498,0.7830847,0.5023168,-0.1801465,0.08594232,-0.39050308,-1.3357838
2018-11-06,0.15747564,0.141324,-0.98299277,-0.0043860497,0.8233547,-0.7127452,0.0300175,-0.7569357,-0.4219777
2018-11-07,-0.42758647,0.46109524,0.54698396,-0.9330533,-0.7506139,0.25867748,0.33365315,0.36223075,0.27681908
2018-11-08,0.19914873,-0.8218624,-0.27455476,-0.36572817,-0.2560697,-0.15257451,0.24651423,-0.55216396,0.6564128
2018-11-09,-0.75340265,-0.12874308,-0.1494857,0.96371245,0.18122943,-0.72677255,0.23282562,-0.8615093,-0.50541
2018-11-12,-0.5100775,0.48429322,-0.079086706,0.31491882,0.7646528,-0.61918527,0.2653234,0.48845717,0.2876978
2018-11-13,0.0048448686,-0.92168623,1.3406575,-1.0100404,-0.19062875,-0.8999869,1.0119712,-0.17018603,-0.27339226
2018-11-14,0.2037908,0.2412843,-0.06490332,0.25168452,-1.8504927,0.06511764,0.6145894,0.2977489,-1.2134962
2018-11-15,0.010121161,0.10185443,-0.7910108,-1.4062192,1.5201552,-0.14427389,-0.20917794,0.26815978,1.255847
2018-11-16,0.38378653,-0.369105,0.35715932,-0.4969118,-0.98644483,0.47898173,0.059081297,0.33292046,0.071814515
2018-11-19,-0.68177456,-0.028892862,-0.123160094,-0.57785696,-0.9882732,-0.5734005,-0.3422162,0.31991124,-0.8249831
2018-11-20,-0.18271242,-0.6772002,0.22855227,-0.6552571,1.0009047,-0.6033153,1.6650132,-0.7051526,0.015882652
2018-11-21,-0.54099566,0.1668615,-0.9494037,-1.3109889,-0.27150103,0.088309415,0.5198635,0.58678174,0.3201216
2018-11-23,-0.53256935,-1.1421816,0.63155484,-1.1161958,0.9579435,-1.2925436,1.1657313,-0.25052273,0.44654167
2018-11-26,-1.0956429,1.3025858,-0.36215496,-0.8451039,0.09739768,-0.1991069,-0.08321744,-0.7237739,-0.45105124
2018-11-27,-0.399227,0.9370048,0.66440773,0.34917754,0.15374342,-1.0842391,0.84757155,0.7365252,-0.062070794
2018-11-28,1.153022,-0.81260926,0.18854997,-0.21590903,-1.1278405,0.9254869,1.1484728,0.7013224,-0.080627084
2018-11-29,0.09207756,0.33976534,-0.45929402,-0.03414144,0.27077603,-0.032156106,-0.5014824,-0.2977018,0.2885551
2018-11-30,0.5070091,-0.29614532,-1.0906461,0.01112952,0.8522623,0.41357198,0.8557423,-0.51957077,0.84755814
2018-12-03,-0.094840534,1.3798442,-0.5189507,-1.1225066,0.29472566,0.6003451,-0.015475772,1.0697961,0.5286377
2018-12-04,0.5719305,0.3402518,-0.3516508,0.5330955,0.5421344,-0.29007015,-0.4760391,0.36608544,-0.541985
2018-12-05,0.37377763,-0.49641943,0.23617432,-0.14275911,-0.119753644,0.5183665,-0.5040165,-0.5700423,0.45442796
2018-12-06,-0.35500133,-0.7922722,-0.07703958,-0.051062744,0.9857321,-1.1728265,0.0062649148,-0.071362264,-0.47000185
2018-12-07,0.40004852,1.1581722,-0.15040834,0.24184354,0.17953096,1.1599745,-0.17720357,0.5896293,-0.25826728
2018-12-10,0.12935576,-0.5600685,0.9776206,0.2745442,0.15833485,-0.716941,0.620823,0.16221896,-0.53089374
2018-12-11,-0.46822363,0.15490429,-1.2187387,-1.097094,0.1827806,-0.116440915,0.25668707,-0.089508034,0.7358393
2018-12-12,0.6293861,0.1570008,-0.32695106,-0.8744932,0.86715984,-0.22370313,-0.075075366,0.705351,0.010787462
2018-12-13,0.24915814,0.54586977,-0.327317,0.52922595,0.015901128,-0.35027596,-0.5253642,-0.027810048,-0.2862882
2018-12-14,0.014254098,-0.144248,0.63324183,-0.07448402,1.1351409,-0.005497429,0.08326348,-0.71697474,0.69456637
2018-12-17,0.45205387,-0.018708522,-0.616189,-0.76167256,1.162795,0.05299002,1.04116,0.81818575,0.731436
2018-12-18,0.40276054,-1.071427,0.62825614,0.2871844,0.32001233,-1.1316375,0.7753476,0.30997786,-1.4472766
2018-12-19,-0.20741671,0.2914333,-0.15150462,-0.82045656,-1.0629474,-0.02999144,-0.459466,0.04716113,0.2322986
2018-12-20,0.22312073,-1.5139457,0.22594722,-1.0629851,0.5464692,-0.5140541,0.20235303,0.23795182,-0.3726937
2018-12-21,-0.12689254,-0.26539287,-0.2523992,0.4241839,0.3765913,-0.6789478,-0.29332158,-0.6547529,-0.61415625
2018-12-24,0.17123851,-1.3108448,0.28870532,-1.4411943,0.9116385,-0.23938143,0.8426892,0.32708368,0.11988191
2018-12-27,0.29967302,0.26792845,-0.7698204,-0.43913937,-0.3672849,-1.2218086,-1.3627677,0.12401116,-1.3232687
2018-12-28,0.07331878,-0.0126366345,-0.7784486,-0.639918,1.0070387,-0.22500725,0.30601367,0.6926523,0.62069446
2019-01-02,0.5718405,1.108407,-0.5656949,0.53473574,0.9477017,-0.9287719,-1.0359886,0.16912675,-0.14649802
2019-01-03,0.7554667,1.0968245,0.10346628,0.5229333,0.5266425,-0.051672228,0.197701,0.82197493,-0.48805454
2019-01-04,0.5025559,0.33847126,0.025756858,-0.746687,-0.7158683,1.7563927,0.21422395,-0.11528042,0.6375718
2019-01-07,-0.58626306,-0.8244827,-0.61372966,-0.6373834,0.00010447903,0.6919358,-0.23992811,0.6436837,0.8918587
2019-01-08,0.11074934,0.47354266,-0.36636245,0.38477612,-0.34161812,-0.6174017,-0.7394594,0.38069576,0.005015977
2019-01-09,0.033333648,1.4754468,0.13814197,0.37401503,-0.08799697,0.44289935,-0.6108835,0.8254608,-0.21827559
2019-01-10,-0.52189,0.42087236,0.48584232,-0.24156676,0.3313257,-0.43950778,-0.9757241,-0.74160826,-0.32300246
2019-01-11,0.7529619,-0.23950145,-0.38440192,-0.18253255,-0.2851186,0.017109314,0.7506357,-0.21712951,-0.23391327
2019-01-14,0.13532706,-0.3301562,0.93445355,0.54612553,-0.7366961,-0.28800294,0.22297677,0.0034802333,-1.2503326
2019-01-15,-0.20782486,0.5823836,0.20036948,-0.42104283,0.34123936,0.19600177,-0.6596916,-0.013127615,1.0153096
2019-01-16,0.3565252,0.4119324,0.20373787,-0.7164207,0.34217817,0.49828783,-0.6196133,0.23822471,0.6677838
2019-01-17,0.7682152,0.64638305,-0.20934127,-0.07762075,0.031890053,0.059876826,1.0182106,0.31617525,0.45983762
2019-01-18,-0.34110925,0.57572854,-0.91649264,-0.15618613,-1.1550517,0.15341057,0.7707928,-0.118810914,0.7068433
2019-01-22,-0.13241181,-0.41917276,0.17071079,-0.22336529,1.9360464,0.11307196,-0.19040442,-0.24167068,0.49866694
2019-01-23,0.045663036,0.11319985,-1.0099814,-1.0139718,-0.0814017,-0.0081924535,0.7985986,-0.023017535,0.41715524
2019-01-24,0.3768293,0.05537197,0.22666955,0.22886589,-0.51166743,-0.24099924,-0.19260034,0.11166789,-0.5686077
2019-01-25,1.293422,0.4819177,-0.17576145,-1.3057041,-0.63566196,0.38647464,0.063461654,-0.025880238,-0.11369876
2019-01-28,-0.3659795,-1.0574414,-0.5990682,-0.6267873,1.5451437,-0.5318445,0.3686059,0.563878,0.05734211
2019-01-29,0.21060534,0.47656032,-0.4027374,-0.36871737,-0.5577567,0.51308477,-0.7921292,-0.8467395,-0.12899356
2019-01-30,1.3359687,-0.08769576,-0.05997186,0.076474324,0.078502156,0.9917215,-0.7911854,-0.4432652,0.2654582
2019-01-31,-0.485053,-0.09217614,-0.6279323,-1.7053024,-0.75448495,-0.16736004,0.5858563,-0.15534312,-0.39444092
2019-02-01,0.63829094,0.3373391,-1.84101,0.11720106,0.38479045,-0.44010967,-0.26625443,-0.3351551,-0.00035313165
2019-02-11,-0.49737772,-0.6999416,0.4015385,0.8480465,0.6847746,-0.37861753,-1.1808155,-0.62928295,0.4871648
2019-02-12,0.40064982,-0.012064893,-0.38759014,0.7469588,0.3544617,0.01670021,0.03923016,0.7001793,-0.85343367
2019-02-13,-0.032260694,0.9519337,-0.2035927,-0.15604985,0.8525888,0.10729821,-0.6592525,-0.36819807,0.07333548
2019-02-14,-0.7680128,0.5310451,0.05517756,-0.15973541,0.040227305,-0.5482434,-1.0563198,-0.5523501,-0.19417465
2019-02-15,-0.1772813,0.28717464,-0.12392583,-0.9890678,-0.5519703,0.6742883,-0.5700038,1.3887112,0.49490294
2019-02-19,-0.48429886,-1.0407252,-0.63657564,-2.1725087,-0.7792902,0.29362077,-0.5483679,-0.22367597,-0.1096884
2019-02-20,0.3859269,-0.016243039,-0.94296277,-1.1901865,-0.23656726,0.40327787,-0.65121895,-0.46627292,0.16999923
2019-02-21,-0.36339924,1.4730138,1.1617956,0.7323371,0.1774745,0.11169694,1.0073447,0.30123237,1.1047949
2019-02-22,0.8029679,-0.92235965,-0.7189679,-0.7125416,-0.3170733,0.6499482,-0.5701073,-0.025738474,-0.048370276
2019-02-25,-0.043851506,-0.8713587,0.5106288,-1.0077834,-0.36449498,-0.5521058,0.32979274,-0.7359995,-0.5310705
2019-02-26,-0.8591734,0.6173625,-0.11953832,-0.8751868,0.27280265,-0.65754807,-0.6848912,-0.17563367,0.25373414
2019-02-27,-0.16795863,0.47991934,0.5903557,-0.10264793,0.23117328,0.63365823,-0.616916,0.5168155,0.47266424
2019-02-28,0.3923434,0.018973812,0.18853761,0.17562507,0.03949,-0.014925152,-0.49824718,-0.17217822,0.10894308
2019-03-01,0.47443905,0.49734768,0.7735184,0.71913475,-0.2635214,-0.00515894,0.31161955,-0.6078221,0.68929666
2019-03-04,0.24658982,0.44483322,0.67730397,1.441158,0.7536982,-0.23415132,-0.8242301,-0.4406796,-0.09561921
2019-03-05,0.726166,0.1517988,0.14897859,-0.20446624,-0.7692755,0.39942187,0.5173237,0.06211574,0.33521813
2019-03-06,-0.48279157,0.53829736,0.43960863,-0.5476644,0.36439005,-0.88352966,-0.85553914,-0.81299907,-0.21652402
2019-03-07,-1.1249809,0.31584832,0.22485633,-0.12704429,0.3310313,-0.72754,-0.5083372,-0.02954612,-0.09685229
2019-03-08,0.5480133,0.16143358,0.59718686,-0.87266296,0.455085,-0.060159374,0.45713025,0.6752456,-0.42593467
2019-03-11,-1.0182586,0.3992065,0.31183365,-0.4985962,0.32823882,-0.4095988,-0.3908427,0.18470962,0.6781525
2019-03-12,0.83239394,0.9039511,0.009268201,-0.8718681,0.44574904,1.1748217,1.0002824,0.4022718,0.4067325
2019-03-13,0.15367322,0.345068,0.38207594,-0.7821962,-0.32898808,0.557079,-0.2877384,0.41788608,-0.016591573
2019-03-14,-0.3631824,-0.42198762,-0.5538218,1.1517402,0.2468052,-0.47517997,0.19559042,0.047159445,0.38518056
2019-03-15,0.7147163,0.66394514,0.19909023,-0.20779239,0.570578,0.0030301467,0.8749917,1.6299803,0.35485786
2019-03-18,-0.71163356,-0.24672942,-0.18301746,-0.5821828,-0.40584862,0.48212108,0.13787541,0.037386514,0.16628516
2019-03-19,0.118444644,0.17027742,-0.26890707,-1.2858635,-0.09043413,0.33827204,-0.2888912,-0.15564376,0.20846963
2019-03-20,0.3029204,0.86626637,0.056283146,0.009481456,-0.0020472358,-0.2671468,-0.046699617,0.65752834,0.55495405
2019-03-21,0.64514905,0.3094115,1.255778,0.5396108,0.63427144,-0.29459804,-0.20121253,1.1095829,-0.4322763
2019-03-22,-0.34493008,-0.20466726,0.16355278,-0.13867566,1.0619973,-0.40183282,0.030545272,0.053498328,-0.19231524
2019-03-25,0.32574895,0.74835885,0.05449038,-0.60112107,0.16589482,0.23997249,0.32109204,0.35268557,-0.69220275
2019-03-26,-0.9157574,0.36181617,-0.5962249,-0.906575,-0.71257544,-0.18398605,0.42260584,-0.4244201,0.49393594
2019-03-27,-0.938145,-0.50434846,-0.111905046,-0.5325682,-0.0639766,0.22883776,0.17801654,-0.24845637,0.55270857
2019-03-28,-0.5069015,0.119596496,-0.43316382,0.2512013,-0.10950871,-0.8004127,0.49909657,-0.96530783,0.50564784
2019-03-29,-0.92266333,-0.07822234,-0.19708365,-1.9876075,-0.8686551,0.05134118,-0.332129,-0.8781861,0.17877679
2019-04-01,0.63000953,0.12762749,-0.8395226,0.42533684,0.70275015,0.120797046,0.5720585,0.5123424,-0.27812737
2019-04-02,0.0768213,0.6697198,0.3785659,0.5172393,0.46298102,-0.18690695,-0.19331923,0.7654893,-0.24892578
2019-04-03,0.97722363,0.11812541,-0.042354025,-0.93461746,-0.5797943,0.079495646,0.10738255,-0.27131298,0.07106565
2019-04-04,0.20331421,-0.037192736,-0.23108928,-0.12849103,0.6876891,-0.079740286,-0.00764166,1.5911603,-0.08075189
2019-04-08,-0.048201278,0.9658716,0.66164625,-0.2554612,-0.043516103,0.28960195,-1.3255571,-0.40203342,-1.0091753
2019-04-09,-0.22643007,-0.2596699,0.18545891,-0.15260355,0.019467397,-0.025941556,0.12493468,0.35419568,0.10339157
2019-04-10,0.46236557,0.23660477,-1.0043724,-0.043344762,-0.0068008564,-0.1010287,-0.55236053,0.09743298,-0.34795716
2019-04-11,-0.2228136,-0.3852416,-0.42589515,0.8552709,0.80057085,-0.14197928,-0.04079587,-1.0655688,0.45025983
2019-04-12,-0.014436077,0.04372772,-0.5269564,-1.0223324,-0.40400374,0.4848376,0.18767741,0.08164986,0.8003663
2019-04-15,-0.44250643,0.33689442,1.4927524,-0.1577177,0.1101165,-0.59927034,0.20677441,1.0451534,0.77477455
2019-04-16,-0.27588052,0.23202698,0.8270731,0.7195409,0.19653775,-0.054104973,-0.9936424,-0.6360286,-0.32974914
2019-04-17,-0.0045161163,0.38434187,-0.092084594,-0.8643403,0.91752166,0.06055766,-0.47327444,-0.62964594,0.20561899
2019-04-18,-0.39618137,-0.034703784,-0.042357653,-0.09201156,-0.0002212112,-0.34049886,0.11963508,1.7834162,0.060390603
2019-04-23,-1.1174551,0.5651577,-0.27830398,0.14359058,-0.05924186,-0.45346346,-1.3704568,-0.7361236,-0.5762761
2019-04-24,-0.10865525,-0.008604556,0.46143526,-0.83994967,-0.18598177,-0.17916557,-0.46292356,-0.8380727,-0.32082775
2019-04-25,0.2448895,0.91904366,0.58826953,0.10416527,0.12231159,-0.2527707,0.40252635,-0.34297323,-1.0408388
2019-04-26,0.5017001,-0.9063096,-0.16273433,-1.3322183,-0.25840795,-0.42343846,0.43892312,0.05936226,-0.4132215
2019-04-29,0.33982542,0.60008407,-0.37337863,-0.09129042,-0.13372965,-0.92730796,-0.60132897,-1.2192916,-0.21003966
2019-04-30,-0.8766193,-0.1378887,-0.8080003,-0.41014102,0.0065354337,0.08080866,-0.16809265,0.22150147,-0.17421436
2019-05-07,-0.6651585,0.8199725,1.411598,-0.23996992,1.7768857,0.19917671,0.6495266,-0.8136099,-1.4714701
2019-05-08,0.13115004,0.96447015,0.3500146,0.50527596,-0.10577975,-0.61704063,-0.24677487,-0.34160277,-0.8144852
2019-05-09,-0.8331382,-0.5280362,0.45072094,-0.43954024,-0.34398967,-0.7051958,-0.6826872,-0.21631321,-0.18506077
2019-05-10,-0.0109485,-0.35041857,-0.64378995,-0.95007724,-0.38565585,-0.38743404,-0.6139948,-0.18399854,0.049120575
2019-05-13,0.29833683,0.3218461,-0.41537076,0.49472272,1.3956609,0.015738146,0.49703726,0.6110803,-1.0445937
2019-05-14,0.64458805,0.77190536,-0.12506546,0.26745224,0.12628037,0.7496582,1.5202694,0.88023186,0.5124313
2019-05-15,0.44921955,0.6862695,0.020470995,0.13503432,-0.21736023,0.13534977,0.70145077,0.9927251,1.4791752
2019-05-16,0.7938209,0.37204537,-0.5681952,1.3172853,0.09475955,0.36052558,0.2677016,0.041237187,0.55459356
2019-05-17,-0.25535932,0.5469944,0.48469517,0.4270834,1.2684838,-1.0259496,-0.3489807,-0.3222802,-0.022217164
2019-05-20,1.3310494,-0.25706133,-0.5429409,0.8963972,-0.06448429,0.27149472,0.78229207,0.6412329,-0.62992483
2019-05-21,0.34058702,-0.2093449,0.531769,0.20045888,0.047551095,0.21654724,-0.20366746,0.33424985,-0.11660416
2019-05-22,0.17568202,-0.18298158,0.0047558188,0.1064647,0.89415956,-0.7769755,0.29681763,0.046357132,-0.22786552
2019-05-23,-0.13056388,-1.4368814,0.95025915,-1.4586399,-0.12741521,-0.022694085,0.5987063,-0.23792107,-0.30419162
2019-05-24,0.887363,0.35306972,-1.5444422,-0.25641266,-0.017136198,0.34875277,1.1419703,0.070688404,0.09706425
2019-05-28,0.83545166,0.09481543,-0.98699063,1.2617099,0.24121504,0.6354688,0.97665745,1.0006496,0.37093925
2019-05-29,1.0453911,-0.110284805,0.6449436,0.6650704,-0.60188776,-0.6651753,0.034164127,0.49195963,-0.51019454
2019-05-30,1.5469699,-0.03463051,-0.14073975,0.20135573,0.8275895,0.47609368,1.635304,0.7037413,-0.13261966
2019-05-31,-1.0383825,-1.103441,-0.09446912,-1.8602548,0.196309,-0.1940296,0.8638351,0.016339818,-0.59636205
2019-06-03,-0.10849538,-0.047504857,0.0819699,-1.7147182,1.0856717,0.13809732,1.4074305,0.8346935,-1.237001
2019-06-04,-0.5948638,-0.31049803,0.09826867,-0.5946488,-0.5538182,-0.12961583,-0.2592418,0.4205392,0.45318508
2019-06-05,-0.8956465,-0.91211545,0.21134816,-0.7637411,0.96179515,-0.74472845,-0.69345737,-1.1172388,-0.40704352
2019-06-06,0.42549694,0.075731464,-0.7384579,-0.34778103,-0.18477884,0.5468148,0.46342188,1.0840884,0.2931554
2019-06-10,-0.23610552,0.44704705,-0.30474794,0.3042761,0.47020105,-0.6316681,-1.3868412,-0.56133807,0.26494986
2019-06-11,0.8667595,-0.3695971,-1.124172,-0.02671756,0.17798787,0.37362894,-0.161981,-0.027013654,0.048386924
2019-06-12,0.38125318,-0.69355553,0.17030331,-0.4277835,0.15714005,0.44561058,1.7307528,0.57049465,0.10625842
2019-06-13,0.7880718,1.1099155,-0.03648913,0.34564245,1.2178082,0.3212534,0.32997218,0.750703,-0.07338285
2019-06-14,0.66268134,0.87528193,-0.18026821,0.9234942,0.9344445,-0.3111971,0.21027067,0.30179372,-0.46655688
2019-06-17,-0.10908905,0.3347938,0.6134026,-0.40976596,-0.08093268,-0.57072335,1.0627615,1.0176258,0.8532198
2019-06-18,0.56401485,-0.38760915,-0.39688882,-0.48852497,-0.0013297154,0.88930166,-1.1723944,-0.5341391,0.117939405
2019-06-19,0.24416637,0.11862085,0.72924364,-0.2247432,-0.12844206,-0.07264628,-0.6142566,-0.8087291,-0.53520674
2019-06-20,1.2858555,0.8060332,-1.1121374,-0.35257158,-0.057440814,0.174357,-0.85098624,0.8504864,-1.2406832
2019-06-21,-0.48523045,0.53702253,-0.20991907,-0.031410377,0.5858088,-0.45919943,-1.3777828,-0.891913,-0.9374394
2019-06-24,0.8211297,0.16426344,-0.60806286,-0.8325524,-0.27706215,0.41800976,1.0673914,0.2928635,-0.45557275
2019-06-25,0.04001486,0.0072792564,0.15490897,-0.5910041,-0.8360442,0.22036852,-0.23319782,-0.061059035,0.8684663
2019-06-26,0.5009955,1.3144,-0.46971902,0.04801463,-0.028178507,-0.5855711,-0.87293714,-1.0488882,-0.56987
2019-06-27,0.26194304,-0.55061716,-0.012451499,0.12164895,-0.23635103,-0.33506948,-0.17655338,0.22117496,-0.20204492
2019-06-28,-0.40875703,-0.3081455,-0.29458982,-1.5845569,-0.87255967,-0.5819549,-0.13666797,-0.3442489,-0.23263575
2019-07-01,-1.522473,0.73448575,1.2081428,-0.60515094,0.3728399,0.4192155,0.75535583,-0.74846554,-0.742301
2019-07-02,-0.020673394,-1.1922907,0.9318055,-0.84367335,0.7458436,-0.15334187,-0.19387627,-0.038901776,-0.20252521
2019-07-03,1.847559,0.3644077,-0.2958149,0.72636247,-0.20569994,0.33419734,0.30955252,1.318732,-0.33240744
2019-07-05,-0.42662954,0.8470942,0.3534178,1.1560061,0.10592036,-0.6571657,-0.30220914,-1.0905192,0.30982402
2019-07-08,0.5876035,0.3087349,-0.39734414,-0.23714034,1.1663609,0.40543482,0.21301678,-0.19003646,-0.33318162
2019-07-09,0.03857169,0.079302125,-0.33563185,-0.015553852,0.17868072,-0.9862976,-0.44745758,0.5785465,0.16078995
2019-07-10,-0.14002682,1.4976767,-0.3317247,-1.0726761,-0.50795066,1.2721668,0.14022733,0.25438288,0.5805577
2019-07-11,1.393218,0.67448545,-0.46010518,0.55769926,0.8791311,-0.1873368,0.7017134,0.34372884,0.08041453
2019-07-12,0.5545997,0.23467603,-0.73514014,-0.5488202,-0.16143571,-0.25000504,0.15715425,0.023138728,-0.077216186
2019-07-15,0.11187889,0.08498094,1.8598365,-0.8056948,-0.1718801,0.28230676,-0.438145,-0.0392565,0.29653704
2019-07-16,-0.048932754,-1.0548818,0.54621696,-1.1401985,0.6126595,0.24702495,-0.5196009,-0.28109348,0.82628024
2019-07-17,0.48642582,0.038268663,0.81336796,-0.97399265,-0.19258247,-0.3882529,0.06460016,0.12614323,-0.22488907
2019-07-18,0.14913513,-0.54317236,0.50055385,-1.2539631,-0.30184528,-0.54214054,0.078678966,-0.6102947,-0.4337359
2019-07-19,0.1636203,1.2863983,-0.5634131,-0.31900883,0.36130294,0.010076885,1.2582195,0.77885485,0.43213513
2019-07-22,-1.2156645,0.33453342,-0.27295572,-0.6761799,-0.25156835,-1.1545862,-0.6606699,0.04397465,-0.9326471
2019-07-23,0.032472737,0.4369419,0.75104064,0.053430013,1.2664703,0.60075086,-0.39419907,1.0438133,0.614025
2019-07-24,0.70545125,0.20776618,-0.32304075,-1.0806977,0.3147425,0.45544004,0.33309394,-0.0013695519,0.30177468
2019-07-25,-0.6967676,0.28622925,0.07025209,0.2629795,0.10168913,-0.4774267,-0.31135726,-0.47529057,-0.15920648
2019-07-26,0.021575404,0.33745098,-0.08508654,-0.53170776,0.49196061,-0.49573156,0.068220496,-0.22113234,0.047087237
2019-07-29,0.1912564,0.40509123,-1.213509,-1.2875929,-0.053865723,-0.19996317,0.81720287,-0.22685057,0.09734676
2019-07-30,-0.2085714,0.018755121,-0.5814682,-0.05489534,0.5725512,-0.022726528,-0.97211254,-0.12124396,-0.9641121
2019-07-31,-1.8559935,0.4851351,0.7427635,-0.93003047,0.1323049,0.19331339,-0.14094694,-0.10416248,-0.37144667
2019-08-01,-0.3547057,-1.7997668,0.5157297,-0.66821694,0.34525397,-0.7435757,0.46966702,-1.2327542,-0.032034013
2019-08-02,0.5951066,0.7905662,-0.45253354,0.6741711,1.1837114,-0.94688946,-0.13944969,1.5392619,-0.9063068
2019-08-05,0.68967575,0.24564523,0.60191095,-1.0093162,1.3088557,-0.63337135,0.62326676,0.44958973,-0.3344981
2019-08-06,-0.24595359,0.003922027,0.5691752,-1.0550305,-0.39633045,-0.266427,0.44535592,-0.28755966,-0.36972123
2019-08-07,1.2328457,-0.6419616,0.9618881,-1.0865164,0.9904692,-0.2855837,0.27347136,1.169075,-0.95562375
2019-08-08,0.7123093,0.958197,0.16656144,-0.1660285,-1.1148471,0.76930785,0.69629765,-0.021479744,1.244848
2019-08-09,-0.97479314,1.3915793,0.5623904,0.20487797,0.50097966,-0.4357482,0.31877232,1.7503934,0.014504082
2019-08-12,-1.1192309,0.4139605,0.80713916,-1.6413636,-0.05960184,-0.57148564,-1.1077923,-1.3488952,-0.3579002
2019-08-13,-0.8898939,1.543763,0.8677579,-0.78253794,-1.0059946,0.68528974,-0.023266753,-0.8922494,-0.107245505
2019-08-14,0.85681385,-1.5617099,-0.35494006,0.11657631,0.23490997,0.1574451,-0.6736972,-0.56521213,-0.9653437
2019-08-15,0.29733613,1.3052521,0.33851063,-0.9792471,0.7093564,-0.26378864,0.7716404,-0.89629847,-0.5972929
2019-08-16,0.6099299,0.7505472,-0.7469159,-0.08134094,1.0339395,0.31483945,0.51164883,-0.08526946,0.14817616
2019-08-19,-0.53853136,0.714398,0.27087474,-0.1918561,0.3485413,-0.6177526,-1.0357205,-0.618819,0.103021435
2019-08-20,-0.41056564,0.19620672,0.23706502,-0.29109284,0.12442663,-0.60416734,-0.7097225,0.60433877,-0.073251694
2019-08-21,0.032040086,0.19878969,-0.9834129,-0.8917858,-0.20494486,-0.23850209,0.4667552,0.12742588,0.67363155
2019-08-22,0.04582653,0.08719417,-0.02108261,0.09938527,0.9115822,-0.97130215,-0.038283598,0.8132939,-0.07239576
2019-08-23,0.51984847,-0.657622,-0.21594293,-0.86442226,0.7488063,-0.16713127,-0.7879516,-0.5267099,-1.2300422
2019-08-27,0.41593644,0.46328145,0.2372522,-1.1210132,-0.14140743,-0.45406967,-0.16659153,1.0734255,-0.66299486
2019-08-28,1.1963996,1.0021768,-0.016532833,-0.1705974,-0.2585266,0.13402934,-0.5267628,0.5803493,-0.76899743
2019-08-29,0.6554171,0.8928603,0.29452124,-0.25088793,-0.040051714,-0.12019601,-0.3852803,-0.6667543,0.25154412
2019-08-30,0.83880204,-0.26770568,0.52747005,-0.5192374,-0.72003615,-0.06365883,0.7848741,-0.8353784,-0.45186377
2019-09-03,0.025866382,-0.58304745,1.3492985,-1.1970136,0.07131473,0.7836101,0.19994506,0.006925083,-1.3696415
2019-09-04,0.42241263,0.9847366,-0.8873658,-0.8017905,-0.54997224,0.84568,-0.7021883,0.2777754,0.28334734
2019-09-05,-0.7202181,0.32942957,-0.13246311,0.55772585,0.027113652,0.39409652,0.25297928,-1.500893,1.038135
2019-09-06,-0.541694,0.8778135,0.22309619,-0.029223876,-0.41453838,0.06768051,0.6229643,-1.1793106,-0.35766074
2019-09-09,0.45282868,1.0093657,0.25133732,0.42487586,-0.33808085,0.34670562,-0.15574922,-0.49102718,-0.69429344
2019-09-10,0.5588876,-0.012614668,-0.17694506,0.46019527,-0.2819943,-0.021898493,0.33019528,0.6501036,1.2734216
2019-09-11,0.4371489,-1.2912983,-0.7198055,-0.5364471,-0.17438975,-0.5397715,-0.25356063,0.008847093,0.066592015
2019-09-12,0.77128106,0.37724507,0.3533608,-0.22053258,-0.34702757,0.24606892,1.3071706,0.97621906,0.38206407
2019-09-16,0.14049329,2.9026873,-0.5264899,1.8628339,0.29380155,0.29265755,0.026722977,1.8164119,0.3152886
2019-09-17,0.55345386,-1.2753794,0.8055928,-0.70366085,1.4997631,0.11179385,-0.8316138,-0.37932178,-0.049771212
2019-09-18,0.17411998,-0.45659497,-0.7510204,0.03372846,0.28154552,-0.52691525,0.7445437,0.071330324,0.15259826
2019-09-19,0.0154216625,1.0987321,-0.34079388,-0.5600188,0.54185313,-0.058941156,0.10614358,-0.3475985,0.40459183
2019-09-20,-0.113297,0.03876476,0.7591542,-0.689341,0.30135858,0.19007541,-0.36143732,-0.29854175,-0.4267902
2019-09-23,0.60158104,-0.5998878,-0.29693073,-0.6337195,0.21489201,0.049151413,-0.65872455,1.5732021,-0.15929203
2019-09-24,-0.15563671,-0.2803927,0.61390036,-0.36422405,0.78951496,-0.41459596,0.51306504,1.0282776,-0.16960606
2019-09-25,0.079627365,-0.3513093,0.5765803,1.0178429,-0.80348575,-0.47105137,0.15080515,-0.7215773,0.89252526
2019-09-26,0.5382991,0.21039113,-0.27427495,0.13970055,0.6943984,-0.37813342,-0.6169709,-0.078154825,-0.20736153
2019-09-27,-0.21567479,-0.13145757,-0.058061726,-0.66846347,-0.36932728,-0.29740298,-0.04262828,-0.44144857,1.0606909
2019-10-08,0.759136,-1.3953077,-1.0845501,0.81543523,0.944564,0.6601996,1.2636428,0.49121353,1.2530938
2019-10-09,0.076107785,0.45141783,0.15594678,-0.5458162,0.47027847,0.042340264,-0.36305237,0.54257184,0.04298309
2019-10-10,-0.5572174,-0.027849605,-0.18132918,-1.3105577,-0.7827062,0.1959957,-0.564154,-1.0728525,1.1278759
2019-10-11,0.66015303,1.1001225,-0.8847851,0.64672554,0.2795618,0.18155834,1.1084471,0.90137863,0.26380372
2019-10-14,-0.36316115,-0.6150175,-0.32401618,-0.45340395,0.43911564,-0.7629366,0.5276364,1.2835349,-0.24531046
2019-10-15,-0.3135293,0.28931773,1.3573947,0.001992989,-0.7541082,-0.03297916,0.62020516,0.24388744,1.1852015
2019-10-16,-0.4258001,0.91348815,-0.09973212,-0.4661131,0.8213932,-0.5033862,-0.43352583,0.53548723,-0.18544038
2019-10-17,0.19897746,0.5390639,-0.89786077,-0.5452691,0.37297916,-0.10967742,0.45477343,0.12651709,-0.40598726
2019-10-18,-0.1902586,0.2876732,0.44424233,-0.7538978,-0.5164484,0.56329113,0.64618164,-0.120973095,0.15558161
2019-10-21,-0.039578386,-0.8447026,-0.7342378,-0.49219772,-0.252975,-0.34732795,-0.12263521,-0.3760793,0.3065986
2019-10-22,0.06082923,1.8870353,0.87052256,-0.52151227,-0.11045335,-0.65589505,0.6254255,0.10673205,-0.38347146
2019-10-23,0.34845188,0.57915413,-0.36381254,-0.9601475,0.15505286,0.3092656,-0.683289,0.16663732,-0.24673724
2019-10-24,0.31685147,0.100933164,-0.78132623,-0.4177189,-0.19188711,0.0509959,-0.35351348,0.26520312,-0.29586625
2019-10-25,-0.0074159876,-0.03233465,0.018136045,-0.6844995,-0.30179983,-0.22157238,-0.3590255,0.4778011,0.17817849
2019-10-28,-0.6071652,-0.5075774,-0.09151102,-0.37315065,-0.9766533,-0.32069588,0.4758675,-0.05990387,0.4738229
2019-10-29,0.61269194,0.5090242,0.13975233,-0.015547069,-0.103026725,0.06477772,-0.07117646,-0.3701892,-0.23251875
2019-10-30,-0.11473064,0.22350203,1.0134318,-0.7514237,0.043522015,-0.12781626,0.67922634,0.93328387,-0.24000482
2019-10-31,0.26777735,-0.27687547,0.5543988,-0.324146,0.7238607,-0.35816103,0.35185558,0.83035755,-1.228614
2019-11-01,0.89015603,-0.39533857,-1.4318657,0.13399927,-0.8478641,-0.21828704,-0.8698353,0.8597088,0.8856408
2019-11-04,-0.5101028,0.37674728,-0.13327192,-0.21281478,-0.39393246,0.05179281,-0.06496904,0.04945704,0.58296174
2019-11-05,-0.39384753,0.5457096,0.94145906,0.87359184,-0.40202934,0.057738904,0.5671595,0.022356179,0.5860337
2019-11-06,0.5187131,-0.16552559,0.35110685,-0.29594588,0.1794186,-0.42588726,0.08672422,-0.26957223,-1.1215806
2019-11-07,-0.80788785,0.5736869,-0.069776975,-0.22621486,-0.54930466,-0.41213885,0.7078454,-1.201202,1.4216478
2019-11-08,-0.33795267,0.06775314,0.39976406,0.73210007,0.12586899,-0.25621375,0.1342502,0.18328242,0.08494653
2019-11-11,-0.9024302,0.0044545257,-1.0002661,-0.47167298,0.96574897,-0.7290496,-0.1487522,-0.08757966,0.09730658
2019-11-12,0.26895103,0.5918079,-0.15181844,0.32000878,0.5777042,-0.093143396,0.98956466,0.20373136,-0.0030523338
2019-11-13,-0.6293341,0.39792868,0.69415194,-0.7580551,0.4544183,-0.15644246,-0.348417,0.39878324,-0.9538917
2019-11-14,0.49072528,-0.12146137,0.50534946,0.34316123,0.48898727,-0.26442412,-0.7122082,0.8323922,-0.8329859
2019-11-15,-0.6756529,1.7551298,0.5939122,-0.9081034,0.486088,-0.35601094,0.40694734,0.004112984,0.26929432
2019-11-18,0.12641191,-0.41693115,0.19292554,-0.24094783,0.928382,-0.4729576,-0.059468843,0.20129295,-0.5603117
2019-11-19,0.46063328,-0.4424958,-0.4057431,-0.95352584,1.0333525,0.05977089,0.3637866,0.2312532,0.16071194
2019-11-20,-0.41831923,0.7139388,-0.7395293,-0.097014725,-0.9444242,-0.7718533,-0.1388126,0.54391176,-0.7694923
2019-11-21,-0.3330486,1.3111402,-0.4352809,-0.04699803,-0.54325503,-1.0365713,0.10289461,-0.32706976,-0.4541744
2019-11-22,0.3410234,-0.28549242,1.2618467,0.5499469,-0.26222178,1.079281,0.13270843,-0.079636164,0.36236638
2019-11-25,1.0454026,0.8371058,1.1252407,0.28936255,1.2479534,0.16746558,-0.4760152,0.22321495,-0.059393313
2019-11-26,-0.030804714,0.16557588,0.17397647,-0.97311896,0.4028322,0.3584437,-1.1495911,-0.16832286,0.45636725
2019-11-27,-1.6101038,-0.23987402,0.12517099,-0.595969,-0.05976448,-0.2859339,0.5348804,0.6417536,0.81003374
2019-11-29,-0.19830216,-0.43085778,0.028765103,-1.0963904,1.7069262,-0.18914758,1.0162457,1.0966372,-0.050132103
2019-12-02,0.016088517,0.7111753,0.3248794,-0.45497996,0.16844156,-0.2270233,0.45137054,-0.54197985,-0.48813155
2019-12-03,0.10140666,0.5960326,1.1596473,-0.10921816,0.32519808,-0.72708976,-0.28828868,1.2346278,-0.92963284
2019-12-04,-0.6684994,0.71362334,-0.6340192,0.12514597,0.35117376,0.5007089,-0.21156582,-0.06845216,0.7656328
2019-12-05,0.2313134,0.32121572,0.48649472,-0.05568008,-0.50194424,-0.23467574,-0.27093902,0.38677314,-0.31765434
2019-12-06,-0.33678013,0.79759115,0.09811702,-0.3168256,-0.4154855,0.4644745,0.5060584,-0.53713506,1.6200745
2019-12-09,0.06685688,0.2955942,0.32590514,-0.76351184,0.1538168,0.020903215,0.34958568,0.5224959,0.58032453
2019-12-10,0.32586247,0.50304025,0.34586394,-0.5522478,-0.50442946,0.019258937,0.28099164,0.86164474,-0.6125981
2019-12-11,0.48601612,-0.42305776,0.14848842,-1.4271567,-0.47004363,-0.19436048,-0.022684092,-0.35893214,-0.24177101
2019-12-12,1.2490447,0.25231245,-0.22154008,0.48928633,-0.48858735,0.8213707,0.78303105,0.7350827,0.07734803
2019-12-13,0.53516155,0.45421085,-0.7689169,0.37036124,1.0389155,-0.053780477,-0.93221873,-0.47165164,0.2419345
2019-12-16,1.6037855,0.5845005,0.09686209,0.9226112,-0.5060911,0.69118726,1.0607108,1.679125,0.7588553
2019-12-17,-0.0901488,0.70552295,-0.62767804,0.35648614,0.89408135,-0.28972435,0.070985876,0.7227388,-0.020828186
2019-12-18,-0.35374126,-0.13323571,0.12911184,-0.8454595,0.09628338,0.085297726,-0.22993934,-0.19737978,0.37086713
2019-12-19,0.017444441,0.11983066,-0.14919962,-0.6717007,0.13031891,0.76962143,-0.22560526,-0.21848443,0.56399024
2019-12-20,0.50080377,-0.040902384,0.30423647,0.3537521,-0.6565682,0.0024713841,0.5313747,-0.10572289,0.07520123
2019-12-23,0.09074476,0.28148782,0.13788207,-0.8961379,1.5492482,0.25703084,-0.44614604,0.4718996,-0.11026866
2019-12-24,0.37836862,0.51314425,0.10463412,-0.7774363,-0.13793549,0.011273836,-0.20809188,0.78873533,-0.30511394
2019-12-27,0.87740755,0.9284183,0.546949,-0.10747761,0.9850511,0.5295053,-0.22968021,1.1356701,0.10597095
2019-12-30,0.47850507,0.055898175,0.5378443,-0.12786986,0.0045832098,0.15177387,-0.022961421,0.83926034,0.05906631
2019-12-31,0.16386057,-0.4402651,-0.21039869,-0.25371236,1.1490341,-0.5268037,0.08706423,0.37858057,-0.8033344
2020-01-02,0.73275876,0.10146741,-1.0565883,-0.7606966,0.12522133,-0.19092022,-0.13673699,-0.32901323,0.45376837
2020-01-03,-0.81231,0.33188593,-0.18134522,-0.2099507,0.456143,0.19156818,-1.2012497,0.33668563,-1.0052017
2020-01-06,0.035045903,-0.873129,0.19776699,-0.055269156,0.5707421,0.5111889,-0.631616,0.31772363,0.5269963
2020-01-07,0.69383264,-0.29863077,0.59161955,-0.1405576,0.15940629,0.22891158,-0.26542565,0.33810598,-0.38044325
2020-01-08,0.6955044,-1.1566672,0.0056481296,-0.08829484,0.35355106,0.3720396,0.29468155,-0.8593895,0.6056348
2020-01-09,-0.0856478,0.32431057,-0.20637882,-0.1731029,0.34310776,0.0022779375,0.5628645,0.030627819,-0.17802046
2020-01-10,0.067984305,0.24447739,-0.06824437,-1.1868367,-0.09567314,0.07103357,0.6606131,0.7591846,0.04688448
2020-01-13,0.0154365925,-0.5125827,0.67612016,-0.11431516,0.98926777,0.6274488,-0.2623275,-0.38900456,0.4699226
2020-01-14,-0.021936113,-0.11551681,0.551386,0.2976049,0.23167256,0.48732823,-0.19229959,0.41585025,0.48001623
2020-01-15,0.44470683,-0.12984382,-0.033540368,-1.6234387,0.5577532,-0.089966,-0.18115616,0.47938797,-0.3432026
2020-01-16,-1.2377323,0.0028600488,0.2035763,-0.434928,0.25066477,-0.2740255,-0.7787126,-0.7000648,0.43712932
2020-01-17,1.0081365,0.33760935,-0.34281638,-0.3181308,0.91771895,0.29088378,0.6675755,1.0757918,-0.024452306
2020-01-21,-0.7317593,-0.32117453,-0.4033461,-0.22878242,1.2989631,-0.16953452,-0.22531375,-0.19862981,0.5816314
2020-02-03,-1.5041157,-1.4154367,0.12724194,-0.29982704,1.6944401,-2.107799,0.8552637,-1.0936549,-2.011176
2020-02-04,0.076534584,0.069127925,-0.58974814,0.02235162,-0.86962175,0.009088925,0.7225264,-0.7678399,0.61539024
2020-02-05,0.45903847,1.3723626,0.15146787,-0.7037617,-0.033070076,0.9050455,-0.50108916,0.38811293,0.4605348
2020-02-06,-0.33132803,0.109556966,0.47491896,-0.472018,-0.07969621,0.24044819,-0.18309858,0.2295277,0.43449864
2020-02-07,-0.34315994,0.63943523,0.6410128,0.1811612,1.0839634,-0.59747106,0.35922667,1.0513313,-0.58508646
2020-02-10,0.49877656,-0.9571033,-0.04428926,-0.5615611,0.29459202,0.19644156,0.25199416,-0.15714946,-0.40887904
2020-02-11,-0.441456,0.2565803,0.17108035,-0.6646798,-0.6298849,0.8506309,0.25697762,-0.4010298,0.69912744
2020-02-12,-0.6295124,1.039029,-1.320134,-0.19792005,-0.5788055,-0.1524833,0.8102703,0.3862731,0.11313994
2020-02-13,0.2642498,0.850401,0.37175447,-0.75022614,-0.2633954,-0.673964,-0.42391333,-0.31882435,-0.04919998
2020-02-14,0.110301845,0.08995963,-0.24578889,0.36689222,-0.38163194,-0.8659207,-0.5393849,0.5848251,-0.79368204
2020-02-18,0.23595169,0.32228523,0.83347017,-0.21305984,0.14898944,0.23314202,0.31533858,2.3171804,-0.05476006
2020-02-19,-0.3117949,0.71036214,0.2336774,-0.4171763,0.02195658,0.32208455,-0.73661196,0.75926137,-0.088777855
2020-02-20,-0.52509624,0.25274903,0.22469646,0.08060562,0.9065359,-0.031854633,-0.42446476,-0.5880689,-0.27683017
2020-02-21,0.06661911,-0.6354416,0.38847443,-0.96501106,-0.62815607,0.184238,0.4694565,0.884487,-0.41827157
2020-02-24,-0.65988415,-0.74997354,0.3516977,-1.5005543,1.2645965,-0.6163914,-0.105588034,-1.0861063,-1.4324219
2020-02-25,-0.47950405,0.13750413,0.99285847,0.68891406,0.06628053,-0.25579917,1.5097288,-0.96510226,0.86398834
2020-02-26,0.48281884,-0.7100138,0.73271435,0.028533777,-0.18575637,-0.5115844,0.7373692,-0.9203165,0.15510206
2020-02-27,-0.66273254,-0.31607676,-0.23566055,-0.87673765,0.95652413,-1.2504961,0.43586487,-0.7873205,-0.24185346
2020-02-28,-1.4442298,0.08238141,0.3792488,0.7150209,0.19804403,-1.0017833,1.280007,-1.0465761,2.1458223
2020-03-02,1.3262811,1.3100736,-0.006067253,0.038838327,-0.77802473,0.76465315,-0.08961786,-0.44177008,-1.0283558
2020-03-03,0.6234276,0.44280195,0.5229712,-0.18796341,0.33141628,-0.2809027,-0.22685973,1.9454608,-1.5426902
2020-03-04,0.4693143,0.2373156,-0.7363626,-0.50426084,0.06265557,-0.24965055,0.22044557,-0.1525611,0.4346421
2020-03-05,-0.25532788,-0.14848588,0.7222312,-1.3751876,1.1629549,0.29609397,0.08545159,-0.7163642,-0.36128932
2020-03-06,0.1481842,-1.5492903,1.3312714,-1.4313204,1.1124208,-0.45944434,1.2792364,-0.3690998,-0.6544519
2020-03-09,0.09703589,-2.51822,0.93148285,-1.2986479,0.80104417,-0.74082273,2.6195521,-0.0037554204,-0.37130275
2020-03-10,0.35343412,1.7603463,-0.48046923,1.2473097,-1.3451998,-0.24478373,-0.60187614,0.90391314,-0.033643004
2020-03-11,-0.6378233,-0.38902962,-0.42733225,-0.629421,0.5485442,-0.15738964,0.526694,-1.5925299,-0.17516382
2020-03-12,-1.1161785,-0.5407675,0.9320173,0.44039035,0.99573845,-1.2323123,1.7724248,-2.1957512,0.5430518
2020-03-13,-0.5273085,-0.00456721,0.0204132,0.73021317,-0.43240464,0.2733462,1.2382127,-2.213382,0.8993388
2020-03-16,-1.2803013,-0.9645107,1.2257586,0.33245733,1.1127536,-0.82332045,1.371448,-2.761749,0.735989
2020-03-17,0.44358385,-0.6677123,0.5466527,0.31211123,1.1227396,-1.1836287,-1.1080743,1.5907232,0.09051485
2020-03-18,-0.5825927,-1.2673899,0.9621551,0.47288698,1.0246657,-1.2683923,2.7983196,-1.236556,0.45115933
2020-03-19,0.64465356,2.1809936,-1.5728434,1.2184058,-0.76739645,-0.52258646,-0.6898782,1.8062382,-0.15991567
2020-03-20,0.42507634,-1.7181036,-0.20792042,-1.4210535,0.40254086,-0.82339424,0.3306639,1.4056593,0.28848532
2020-03-23,0.49601674,-0.4142734,0.5875932,-1.1343901,0.7996224,-0.50760674,1.165006,2.674375,-1.5449535
2020-03-24,1.2633647,0.7051608,-0.6823593,-1.8516324,-0.017057959,0.63341457,-1.2413998,2.14645,-1.3594723
2020-03-25,1.7554772,0.33164898,-0.9529101,-0.30877146,-0.4094834,0.16055773,-1.4457799,-0.18425825,0.03684755
2020-03-26,-0.93035704,-0.35756987,-0.63905793,-1.6956846,0.7955205,-0.36310086,0.9058992,-1.0762942,-0.37151965
2020-03-27,-0.29325572,0.19614065,-1.2960106,-1.0335405,0.6190919,0.10681858,0.67633164,-1.8866832,-0.19879802
2020-03-30,0.3639123,-0.54266286,-0.17663851,-0.24107341,-0.26036832,-0.94347674,1.4154749,-1.1929761,-0.7755626
2020-03-31,0.931157,0.46342275,-0.5204325,-0.6554425,-0.040490165,-0.3654139,0.050215494,-1.1052033,1.2258409
2020-04-01,-0.70829755,0.04000633,0.40356126,-0.2213797,0.8629071,-1.3773211,0.07440489,-1.8557189,-1.3025466
2020-04-02,-0.02804179,2.2873106,-0.6131427,-0.16678043,-0.54177636,0.8145885,-1.4319737,0.74005145,-1.2287245
2020-04-03,-0.30529216,2.2176442,-0.7482478,1.1860653,-0.077913865,1.0302135,-0.46926576,-0.95341843,-1.2627149
2020-04-07,0.6394509,-1.4348274,1.2180105,-1.4738421,-0.7545582,0.4132949,1.1131288,0.9939877,-0.45250726
2020-04-08,0.26672646,0.4788022,-0.6208363,0.48078173,0.21280026,-0.9123986,-0.82344466,0.54967743,0.7319608
2020-04-09,1.4799695,-1.2816516,0.6531104,-0.9444148,1.278673,0.67726886,-0.3029173,1.2840542,-0.94146734
2020-04-14,0.4509921,-0.86101216,0.81847054,-2.8331695,0.6371814,0.08459644,-0.46905452,-0.28850377,0.6426393
2020-04-15,-0.39728916,-1.3808494,-0.042673253,-0.019962488,-0.09803646,-0.41943675,0.92379767,-0.73023444,0.89792746
2020-04-16,0.28953794,0.19531366,-1.1495941,0.122633286,0.7155732,0.25535268,-0.76180977,-1.5423336,-0.7673237
2020-04-17,-0.30241847,-0.034266837,0.050792597,0.2624959,-0.32308266,0.5472637,0.61976993,-1.0900129,1.1797099
2020-04-22,-0.51537687,2.0222604,-0.29913142,-0.19243634,-0.58838457,0.6685296,-0.44101167,1.31067,-0.9583317
2020-04-23,-0.00869792,1.8435609,0.7208046,-0.03963208,0.18506984,1.0843854,-0.7718473,1.0990617,-0.49520913
2020-04-24,-0.01773524,-1.0886309,0.64699334,-0.5889522,0.673678,-0.18929924,-0.35070717,-0.87025064,0.4871003
2020-04-27,0.0012285898,-1.8257273,0.60973954,-1.333135,0.034174453,-1.38752,1.1444818,-0.72745085,0.11622157
2020-04-28,0.43281502,0.6281316,0.26645395,-0.29279232,0.022214664,0.38979065,-0.57310486,0.13909458,0.36234444
2020-04-29,0.32978064,2.42683,-0.58792454,0.8218195,-0.9036736,0.86621094,-1.4020514,0.29989374,-0.22840893
2020-04-30,0.023379039,1.6798285,-0.7314054,1.2344629,-0.21070194,-0.030742563,-0.95738065,2.0400424,0.33300376
2020-05-06,0.0140048405,2.16848,-0.7701542,1.339191,-0.85440487,-0.19505598,-1.909651,0.73143876,0.10744004
2020-05-07,0.5633297,-0.4364403,-0.73416436,-0.8625728,0.4062164,0.011959592,-1.2165617,1.3152179,0.4541258
2020-05-11,0.45079115,1.472916,-0.6989689,-0.2025569,0.3910303,0.2733859,0.9754121,-0.33088276,0.14463976
2020-05-12,0.06276963,-0.08270257,-0.051302187,-0.25300774,0.8126823,-0.7175076,-0.8782583,0.9045619,0.7315324
2020-05-13,-1.1496209,0.014101889,1.1286403,-1.1456479,1.0942332,-0.10493314,0.060042858,-1.1531786,-0.5094565
2020-05-14,-0.0901088,1.4257745,-0.57648015,0.17902124,-0.45724306,0.36929986,-1.2355592,1.4879671,-0.9986685
2020-05-15,0.55089104,0.17013313,-2.197417,-1.004852,0.2439259,0.041383147,-1.7880373,0.58920527,-1.0773925
2020-05-18,0.06928615,1.0004951,-1.5341177,-0.3411739,-1.4002317,1.1101404,-1.4726524,0.69549066,0.5351361
2020-05-19,0.26307654,0.53977394,1.1292866,-1.5996046,-0.14060237,0.10851421,0.12935409,0.6041323,-0.32527253
2020-05-20,0.47792637,0.6056283,-1.7551385,-1.2322258,0.40265107,0.5547715,0.050798938,-0.29709446,-0.0007596371
2020-05-21,-0.8097448,0.37923825,0.6265101,1.3247569,0.1794556,-0.53349,0.2956335,-1.1467159,1.287242
2020-05-22,-0.369768,-0.52810353,-0.2156373,-0.901203,0.9265863,-0.41239482,0.011164931,0.5250847,-1.2495049
2020-05-26,-0.33954424,1.0343086,-0.35021126,0.33808059,-1.1740351,-0.1650805,0.8153735,0.41417378,1.1048837
2020-05-27,-0.8316457,-0.25915796,-0.3059374,-1.1958876,1.4551791,-0.7307491,1.122241,1.0876195,-0.069375
2020-05-28,0.7949317,-0.12944904,-1.2820113,-0.09595125,0.40378547,0.15994652,0.42184058,-0.3072205,-0.39338526
2020-05-29,0.517468,0.26513723,-0.6085855,-0.5429016,0.39123532,1.1895641,-0.7506327,0.34227967,-0.93284714
2020-06-01,0.13765657,1.3971047,-0.2004861,-0.4334776,-0.6522765,0.73731196,-1.3888371,-0.22013125,-0.049744546
2020-06-02,-0.8904935,2.3121212,0.09336138,0.28811097,-0.1930434,0.5626709,0.2207584,-1.0057176,0.44466218
2020-06-03,0.08590301,-0.5372405,-0.54867566,0.48896334,-0.22564563,0.5942633,0.62801045,-0.5954778,0.47180608
2020-06-04,0.43692774,0.22216561,-0.9205768,-0.32400155,0.9133356,0.18397385,0.4698402,1.1179873,-0.1722986
2020-06-05,-1.1938102,1.6660899,-0.37840727,0.3648049,-0.83324414,0.81489885,-0.11039514,-1.2724407,1.1657736
2020-06-08,0.92407703,-0.7077085,0.55147874,-1.3119271,0.63517845,0.29185528,-0.1220482,0.8188125,-0.49024478
2020-06-09,-0.33978036,-0.012098293,-0.42263794,-0.4926218,0.24983019,-0.30534565,-1.0218011,0.47126478,0.15198821
2020-06-10,0.04069755,0.25570986,-0.20337582,-0.346065,-0.09165017,0.7826613,-0.18896863,-0.75923353,0.7895773
2020-06-11,0.08740111,-1.5840294,0.9514635,-0.40957153,0.83231944,-1.0075185,0.8738981,0.14767884,-0.76138777
2020-06-12,-0.32609636,1.1316339,0.42001972,-0.1216376,0.8114264,-0.6174497,0.589611,-0.039398875,0.42891684
2020-06-15,-0.26297066,0.37861454,0.119571194,0.6352454,0.44726533,-0.14054704,-1.0607741,0.73997647,0.5746158
2020-06-16,0.123765126,0.7953097,-0.83852535,-0.80719215,0.122180484,0.77580553,-1.2300578,0.04184696,-0.13273786
2020-06-17,0.15664774,0.20102142,0.44266543,-0.4639567,-0.74506885,0.15816787,0.23378408,-0.007283651,0.4098016
2020-06-18,-0.2462914,0.8284033,-0.44581088,0.5381609,0.02533398,-0.22952735,-0.42322683,-0.9798551,0.5593948
2020-06-19,0.25014856,0.5306903,-0.47481713,-0.73349375,0.16718659,0.7324456,-0.307361,0.7699907,-0.94340575
2020-06-22,0.4477261,1.1364869,0.56501085,-1.087901,0.15599036,0.09036301,-0.32959223,-0.22102506,-0.39741346
2020-06-23,0.39952275,0.43349358,0.8160117,-0.5209612,0.51578534,0.14335534,-0.11774197,0.04560093,-0.87212336
2020-06-24,-0.20587704,-1.3362399,0.59056985,-0.025456391,0.70143294,-0.8824162,1.2117988,-1.0162276,0.32916656
2020-06-29,0.5969645,0.30759686,-0.878229,-0.69053847,-0.8715754,-0.3474776,-0.63944876,0.37150484,-0.5132243
2020-06-30,0.38357764,0.6365288,-0.024831071,-0.8739268,0.63982975,1.1385275,0.87715584,0.9121057,-0.7213433
2020-07-01,0.35826895,-0.44646165,-1.0065242,1.030822,-0.14142533,-0.29035535,-0.026609028,1.0888796,1.8106135
2020-07-02,-0.46047312,0.30348104,0.088864446,-0.34781665,-0.50430214,-0.25758547,-1.5967,-0.07979444,0.01760449
2020-07-06,1.5014961,0.6737773,0.04550005,0.016646504,0.48568934,0.64065075,-0.4619914,-0.31513786,-0.08838191
2020-07-07,0.2524648,0.1575145,-0.55423236,-1.2881587,-0.7084896,-0.04409925,0.38894334,0.62429875,-0.73435843
2020-07-08,1.3084263,-0.21293193,-0.06371524,-0.66104877,0.54649174,1.373275,-0.18010952,-0.08447076,-0.09066582
2020-07-09,-0.41902927,-0.27096498,0.22006747,0.3432894,0.59026414,-0.50056654,0.60185903,-0.479868,1.4902912
2020-07-10,-0.66952777,0.34922954,-0.35050586,-1.3542675,-0.93439466,0.06864431,-0.21450244,-0.9454439,0.60769105
2020-07-13,0.46810943,-0.7767578,0.21058455,-1.7111659,-0.0011894248,0.4054726,-1.2232249,-0.4712806,0.061439898
2020-07-14,-0.11852095,1.1106411,0.73802274,0.68068975,0.5718131,-0.5974843,0.6776153,0.10126362,0.045103945
2020-07-15,0.625864,-1.067279,-0.38684157,0.7511074,0.20994604,0.5515101,-1.0661708,0.97423506,-0.23057604
2020-07-16,0.09011548,-0.36336216,1.2806386,0.2263361,-0.07437095,-0.4241654,0.06895982,1.0814501,1.5662235
2020-07-17,0.09109567,0.50497967,-0.5648312,-0.76593554,-0.19320306,-0.7524956,0.8307525,0.8460523,-0.76378864
2020-07-20,-0.6885902,0.2905255,-0.6883103,-1.7560216,0.52873313,0.20347692,-0.32841378,-0.4100763,-0.14247839
2020-07-21,0.8577193,0.80689204,-0.5260588,-1.9657912,-0.2954367,0.8570493,-1.2211742,0.99785066,-1.2137817
2020-07-22,0.7666687,-0.09500051,0.1154847,-0.84645885,0.17618044,-0.16317762,0.27503535,2.3981967,-1.5054616
2020-07-23,0.4455188,-0.26077974,0.43063447,-1.1045192,-0.6236357,-0.03514887,0.52407575,-0.13877024,-0.18241212
2020-07-24,0.5213403,0.5168291,-0.37708527,0.48782262,0.39065567,-0.9917898,-0.27208132,0.06665841,-0.61975485
2020-07-27,-0.24664044,-0.54218185,0.031451978,-1.9468504,0.0421194,0.85636973,0.0009005446,1.5950601,-0.52483237
2020-07-29,-0.0342747,-0.2773426,-0.09841887,-0.666824,-1.0140783,0.07143895,-0.28961796,-0.6426747,-0.22239855
2020-07-30,-0.26016977,-0.62147266,0.7896538,0.51842004,-0.39697737,-0.22868721,1.1582917,-0.5635991,0.7363019
2020-07-31,0.27611077,0.070914604,-0.641771,-0.8082443,0.022108465,-0.14118348,0.39384913,1.9112179,-0.1760611
2020-08-03,0.13018565,0.48293024,0.033108484,-0.20573437,-1.4838073,0.82076514,-0.04683615,0.110203,-0.51263684
2020-08-04,0.19400634,0.14400502,0.07772792,-1.6118654,-0.5616034,0.3333057,-0.73911124,0.5052384,-1.7693951
2020-08-05,1.2301918,0.50245315,-0.59601766,-1.1692444,0.007664591,0.39646655,-0.772606,0.33495462,-0.74779165
2020-08-06,0.042918444,-0.7860992,-0.30748883,-1.5671853,0.8550565,0.450071,-0.33130467,0.8124031,-0.56098354
2020-08-07,-0.5414188,0.029396407,0.5806876,1.6705874,0.34794393,-1.3296467,-0.06137083,-0.7415461,0.39221883
2020-08-10,0.30976552,0.68098944,0.18662164,-1.828371,0.8842655,0.38370016,-0.4750115,1.2978297,0.0081415335
2020-08-11,-0.92646396,0.109918304,0.120516546,1.3372622,-0.16853589,-0.4530009,0.93433326,-1.3092082,1.9357998
2020-08-12,0.72583055,0.21431594,-0.84562427,0.81500477,-0.06324931,-0.43415067,-0.33987343,0.6477828,0.4277298
2020-08-13,0.98877054,-0.37969106,-0.19812462,-0.23620003,0.64107007,-0.08236617,0.34734228,2.4736977,-1.5999651
2020-08-14,-0.1809355,0.08165369,0.14589584,1.0458647,-0.9949646,-0.21943581,0.223914,-1.269531,0.5857155
2020-08-17,1.2393914,-0.03789604,-0.52698183,-1.2212781,0.24149312,1.0164555,-0.15120561,1.0842215,-0.8898822
2020-08-18,0.24410763,0.106447116,-0.07090885,-1.2448219,-0.97164375,0.3918262,-0.32260743,-0.4028402,-0.13285163
2020-08-19,-0.38337076,-0.21200837,-0.15182349,0.15248434,-0.35655507,0.51280785,0.6835034,-0.6624679,1.7073631
2020-08-20,-0.44968504,0.46023223,0.6633604,0.65503585,0.3883403,-0.59061706,0.54305464,-0.43152574,0.5590258
2020-08-21,0.61532557,0.17877306,0.37691236,0.6004287,0.13995051,-0.58756155,0.81304395,-0.016303275,-1.300133
2020-08-24,0.09500862,1.26086,0.31563038,0.401135,-0.50551003,0.31347185,-0.5923107,-0.30094448,0.15857804
2020-08-25,0.58456093,0.91600865,-0.35602766,0.47286338,-0.052659728,0.24295479,0.5721389,0.84283614,0.8702919
2020-08-26,-0.39032444,0.29996487,0.021450832,-1.4951589,0.9688813,0.49672472,0.7590967,1.6213665,-0.61651653
2020-08-27,0.27084482,-0.24497129,0.10499985,0.4929514,-0.24818526,0.33591974,2.1727228,0.6278629,0.5111253
2020-08-28,1.0634876,0.0798736,-0.62412834,-1.1704139,-0.37502575,0.26122558,-0.13337812,0.49464205,-0.764909
2020-09-01,1.0494249,-0.27282283,0.09118042,-0.5067912,0.24393189,0.26372656,0.13193618,1.2397571,0.5517182
2020-09-02,-0.38097706,-0.2537117,0.8485219,1.2828257,-0.008599498,-0.5898584,1.2460428,-0.7666666,1.1467546
2020-09-03,-0.46870676,-0.003256605,0.6456233,0.36557066,0.44110632,-1.1983131,0.54505175,0.17940074,0.022447687
2020-09-04,0.36905858,-0.12776135,1.036884,-0.89730203,-0.5365507,0.1911948,0.7291186,-0.13217673,0.27504745
2020-09-08,0.6013793,-2.0000372,0.33650005,-0.94281703,1.2481285,-0.043095745,0.837271,1.022776,0.17471923
2020-09-09,-0.48772067,1.2668693,-0.3777548,-0.8993639,0.2684739,0.087966785,-0.03657015,0.30758923,-0.15352333
2020-09-10,0.5183041,-0.031114195,0.6711708,-0.46861762,0.5810614,-0.19185215,0.35139316,1.1989275,0.008055526
2020-09-11,0.3500487,0.26183185,-0.31746355,-0.0190787,-0.3828895,0.12095034,0.65611565,0.3742193,1.6573768
2020-09-14,0.6834859,-0.102195,-0.20825844,-1.0124233,0.8170611,0.6349401,-0.740823,-0.16784705,-0.02905865
2020-09-15,0.4465437,-0.10458397,1.0879743,0.51523536,0.49609587,0.90296525,-1.3704965,0.8761345,-0.16431078
2020-09-16,-0.07487737,1.0753607,-1.16934,0.16354221,0.5965508,0.31194958,0.2932256,1.0277984,0.78313845
2020-09-17,-0.6652895,1.002457,-0.6540137,0.87740934,1.2321663,-0.026820133,-0.1403082,0.18372665,1.481544
2020-09-18,0.39311308,0.009899694,-1.0159917,-0.45416847,0.86796325,0.5255571,0.49359035,0.5548191,0.42585072
2020-09-21,-1.6241813,-0.43726236,1.0715834,0.89515615,0.7624025,-0.9380929,0.8199216,-1.9645514,1.4969096
2020-09-22,-0.6890147,0.014473486,0.0064235344,-0.45888647,-0.015189102,0.20990898,0.56023043,0.18864326,0.56928444
2020-09-23,-0.6771836,0.9210393,0.4339503,1.3675644,-0.7243869,-0.8081374,0.01810208,-0.56118107,-0.24428096
2020-09-24,-0.5791906,-0.035084043,0.087719105,0.047650408,-0.523308,-0.6513505,-0.43695846,0.43113247,-1.1150794
2020-09-25,-0.3888456,0.27662668,0.41064203,-0.38180357,-0.09931109,0.3873291,0.23085211,0.5511553,1.0225322
2020-09-28,0.9490272,0.562346,-0.57876503,-1.0091914,0.42419302,0.37652108,-1.5555515,0.025036303,-0.010744423
2020-09-29,-0.14940558,-1.0701021,0.39302412,-0.898477,-1.3174522,0.11461394,0.7193176,0.89450663,-1.5290347
2020-10-12,-0.16760048,0.24443041,-0.63769186,0.14601545,0.11706734,2.34053,1.6979405,1.9665643,1.1804987
2020-10-13,-0.65318376,1.1680466,0.42242587,0.7664083,0.165349,-0.5369874,1.08867,0.381019,1.0458883
2020-10-14,0.31329018,0.705354,-0.29645163,-0.14523299,0.88196224,0.36436427,-0.0771208,0.49187872,0.5393379
2020-10-15,0.63029885,0.28555414,-0.86986536,-0.06751984,0.21001795,0.5029526,0.76241297,-0.42885312,-0.7864777
2020-10-16,-0.22106661,-0.019505266,0.3750011,-0.7932772,0.38226965,0.68471533,-0.10403408,-0.13805746,-0.054539107
2020-10-19,-0.25875527,0.20059124,0.5447417,-0.7253235,0.23732795,0.78096753,0.89159346,0.20776182,-0.10485561
2020-10-20,0.8006981,0.51363695,-1.4810888,-0.6110504,-0.5089963,-0.21486582,0.49984375,-0.046653695,-0.25625843
2020-10-21,0.90738124,-1.108087,0.8926744,-0.94458306,0.40386912,0.854304,0.26681775,0.42895573,-0.037886184
2020-10-22,-0.59895974,-0.06880622,-0.9035456,0.8525883,-0.5300379,0.36091694,0.10020533,-0.4654687,0.2912399
2020-10-23,0.20048584,0.73725456,0.4424663,-0.6299395,1.0066578,-0.50890493,0.6076041,1.1220465,-0.06803789
2020-10-26,-0.55289793,-0.6989685,0.55705416,-0.1767089,-0.5004696,-0.89864624,1.1439445,0.14089553,0.34968257
2020-10-27,-0.19173516,0.74674106,-0.67371416,-0.58119035,-0.18428178,-0.2212644,-0.87724197,0.09997161,-0.23707275
2020-10-28,-1.6881231,-1.3719984,1.0496256,-0.42537877,0.736391,-0.49476328,0.27787757,-0.71610004,1.0475888
2020-10-29,0.20318851,-0.6726597,0.4874032,0.12270349,-0.4702889,-0.695456,0.5398457,-0.7751188,-0.5859145
2020-10-30,-0.12886466,-0.07953352,-0.11758456,-0.57890785,0.31955236,0.2816139,0.25938886,0.5670379,-0.011464193
2020-11-02,-0.32372195,-0.048081867,-0.9035362,-0.6915452,0.42475408,0.32401577,-1.0037192,0.92986166,0.43731102
2020-11-03,0.909881,0.96695745,-0.07119462,-0.6802403,0.45047203,0.9892491,-0.3286184,0.3184283,0.3084117
2020-11-04,-0.16473334,0.95010775,-0.78451246,0.97278535,-0.20743398,0.10130569,-0.26031598,0.37652436,0.7450196
2020-11-05,1.0936701,0.09613508,-0.61109644,-1.4180158,0.016660824,-0.12112238,0.08818288,1.9900688,-0.761446
2020-11-06,-0.434135,-1.3036605,0.15214428,-1.4972268,0.37972444,0.13050492,0.13665703,0.50098485,0.4045455
2020-11-09,-0.76433766,1.4758352,-0.32028282,1.8115537,-0.387037,-0.83516836,-0.24924186,-0.8011585,1.4432144
2020-11-10,1.5916561,0.61687243,-1.46429,0.21620862,0.008882674,0.5719165,0.08959655,1.1646613,-0.94287276
2020-11-11,0.4652122,-0.4189499,0.7327861,1.439001,-0.5496353,0.22267668,-0.60138875,-0.4472482,0.15101388
2020-11-12,-0.74863505,0.0098017035,1.335621,-1.1041652,0.11869054,0.1987435,-0.26564902,0.9715597,0.41046265
2020-11-13,1.1274186,-0.7473235,0.8581632,-0.45454398,0.71981865,1.0270138,-0.021059275,0.4512774,-0.46048877
2020-11-16,-0.36811054,0.21684559,-1.099787,-1.1427841,-0.3805683,0.57266814,0.45003462,1.2564716,1.1243727
2020-11-17,0.22937222,0.11214735,-0.5204926,-0.3517583,0.05644121,-0.19906484,0.1912426,0.20403634,0.5826989
2020-11-18,-0.026676768,0.24234086,-0.7120349,0.22545241,-0.8558909,0.67399895,0.4896511,0.7010122,0.4207256
2020-11-19,0.119504586,-0.0066147265,0.43940237,0.13353075,0.3900134,0.35130334,-0.25544292,-0.8879678,0.08304725
2020-11-20,0.17562397,0.1996167,-0.33251613,-0.884497,-0.25760028,0.8660327,-0.2985912,-0.27032813,0.24580212
2020-11-23,-0.47626537,1.2358011,0.113495775,1.7104156,0.18876089,-0.7221574,-0.025378391,0.0087266015,0.698215
2020-11-24,0.09592838,1.3251327,-1.0205232,0.19419788,-0.2547478,0.01253116,-0.86018443,-0.4773662,0.52873784
2020-11-25,-1.3071147,0.6028584,0.5068088,-0.5776906,-0.06184822,-0.45088834,-0.4332992,1.0038664,0.01910363
2020-11-27,0.16617909,0.38900286,-0.22604707,-0.53899175,-0.8882478,0.27180615,1.6505492,-0.30611208,1.0205874
2020-11-30,-0.8658897,-0.3042807,1.336015,-0.7543238,0.018631026,-0.19014353,-0.89189774,-0.5737921,0.45675653
2020-12-01,0.57242405,-0.32698843,0.101787604,-2.2024605,0.70934594,0.5335835,-0.7944772,0.4204489,-0.9552729
2020-12-02,-0.1978673,-0.33965445,-0.74264276,0.35933757,0.42138305,0.34494713,-0.6065171,1.1084644,-0.4065898
2020-12-03,-0.17500587,0.7106066,-1.4772028,-1.0688692,0.56391925,-0.36664796,0.456788,0.74669224,0.22638294
2020-12-04,0.3072899,0.52871734,-0.43330085,-1.0682708,-0.4512848,0.10574493,-0.08103924,-0.6279087,-0.4370245
2020-12-07,0.33224043,-0.61733615,0.34842432,-0.11155549,0.63745916,0.37661758,-0.54873425,0.42101115,-0.37600055
2020-12-08,-0.45370206,-0.45608485,-0.21196665,-0.10697222,-0.16571105,-0.37989563,-0.62153095,-0.2686436,-0.47558895
2020-12-09,-0.6600281,-0.0020800908,-0.35441354,0.07491421,-0.3465634,1.2296867,1.6286459,-0.11555501,1.4969901
2020-12-10,1.006603,1.0659655,0.84991395,0.42410254,-0.9369385,0.59860665,-0.64478856,0.034345485,0.010711834
2020-12-11,1.2704097,0.18328491,0.5100571,1.3369893,0.81050074,-0.13828611,-0.19739524,0.78130716,-0.77154386
2020-12-14,0.48050767,0.7115597,0.49903983,0.1788247,-1.1713501,-0.14023246,0.20159249,-0.15619902,0.40209997
2020-12-15,-0.11225925,-0.18211292,0.00798341,-0.8966816,0.14836718,0.7297989,-0.56887996,1.0419896,-0.54645514
2020-12-16,-0.48182434,-0.23085028,-0.09014973,-0.57806987,0.123277195,0.45910436,-0.13171338,0.9309276,0.29844943
2020-12-17,1.081379,0.23479457,-0.5174702,-0.87535065,0.18945213,0.9531784,-0.15829468,1.2578461,-0.31430677
2020-12-18,0.6573927,0.29125074,-0.07408626,0.6610386,0.047479987,0.13626081,-0.5462039,0.026334101,0.51269615
2020-12-21,0.5548352,-1.1379639,-0.3726302,0.8138358,0.70743114,-0.6102698,0.58769065,0.6074282,-0.26461384
2020-12-22,-0.5583388,0.10126351,-0.0011771155,1.1934862,0.18190138,-0.63885707,0.93595666,0.5768813,-0.39575997
2020-12-23,-0.41691142,0.36602822,-0.9263311,-0.78735036,-0.10074217,0.4816055,0.26308742,1.5629115,1.176275
2020-12-24,0.5553418,-0.6676286,0.013854748,-0.2107525,0.17192352,0.75607,-0.27318257,0.4698583,0.42249697
2020-12-29,-0.74256265,-0.5583075,-1.6442479,-0.15221852,-0.7792995,-0.2775203,0.8620581,0.76214224,-0.34010464
2020-12-30,-1.0620453,0.5164567,-0.17355308,-1.0937494,1.1494831,0.68638104,0.6218768,2.1532,0.42568022
2020-12-31,0.32657233,-0.27964798,0.24938415,0.9643259,-0.54480624,-0.19420792,0.5120134,1.550387,-0.43813586
2021-01-04,0.16879271,-1.0277936,0.20347953,-1.6876997,-0.40385246,1.2604699,0.2491011,0.4979461,-0.23502696
2021-01-05,0.17499617,0.045075245,-1.2705021,-0.10103205,-0.8212224,0.87788093,-0.51619554,2.0792563,0.15363947
2021-01-06,-0.60571307,-0.3982645,-1.2310367,0.7341551,-0.55874735,0.21571007,0.23961121,-0.6344488,0.9056658
2021-01-07,-0.034509618,0.12354977,-0.84723824,-1.0681746,-0.72955614,-0.51951987,-0.06656932,-0.44112632,-0.26509708
2021-01-08,-1.1661726,0.7322732,-0.0045058737,2.0974658,-0.26940563,-0.7908499,0.41528466,-0.9744994,1.3312486
2021-01-11,-0.95943457,-0.41302502,0.047684,0.40229085,0.47586402,-0.07381647,-0.2485493,0.8604703,-1.3465098
2021-01-12,1.1985708,1.1014491,-1.0550717,0.028660534,0.17036901,0.70719254,1.3692876,0.9749584,0.1261545
2021-01-13,0.21449412,-0.7086566,-0.30348676,-0.623177,-0.07201361,0.71228427,-0.5645802,0.95176804,-0.7639748
2021-01-14,0.8438446,-0.19182838,-0.17813268,0.007008655,0.014147133,1.1142912,0.6713833,1.1926633,0.36958885
2021-01-15,-0.9549158,0.30622473,0.7503883,0.6110275,0.2470048,-1.2286911,0.7092774,-0.53316474,0.3378297
2021-01-19,-0.2616234,-1.4601043,-1.3679951,-0.3129655,-0.51039934,0.3470901,-0.9441717,0.17880842,-0.65404356
2021-01-20,-0.43237022,-0.80831575,-0.4723844,-1.070852,-0.5746537,0.5325684,-0.58272934,0.9207724,-0.2452234
2021-01-21,0.5329337,0.003881098,0.062648475,-0.24440578,-0.17267378,0.14019972,0.03626007,0.36365962,0.20622602
2021-01-22,-1.0647141,-1.3466835,0.6698477,-0.46145356,-0.4430015,-0.53453416,-1.618111,-0.8827821,0.18133496
2021-01-25,0.12995459,0.370381,-0.61760855,0.740452,-0.5548832,0.37793523,1.293148,1.0815053,0.00041386115
2021-01-26,0.6590438,0.44852978,-0.9913279,0.7268484,0.28425553,-0.0063597076,1.1572999,1.2992243,-0.1266153
2021-01-27,-1.1400046,0.29458413,-0.21131052,0.9326126,-0.13361007,-0.66117835,0.8405584,0.9481824,-0.56579095
2021-01-28,-0.5358014,-0.10254894,-0.49747485,-1.1109312,0.54429334,-0.3414191,-0.22003926,-0.33298668,0.09737061
2021-01-29,0.088745676,-0.060045592,-0.4361316,-0.44072658,1.0754744,0.60284674,0.61935747,1.5635298,-0.45498022
2021-02-01,0.8818401,0.27921966,-0.31069043,-0.7159463,-0.3944839,0.3527968,-0.689265,1.7124273,-2.0005205
2021-02-02,-1.063411,0.39769995,-0.16484433,1.2912916,-0.25609428,-0.2541885,-0.07953146,-1.7227933,1.231447
2021-02-03,0.3478767,1.5227474,-0.048908588,-0.9443917,0.46114936,-0.12779795,0.52460575,0.82517827,0.20443586
2021-02-04,-0.38564572,0.48488685,0.41022727,0.68225276,-0.8399924,0.15945454,0.47623017,-0.62564564,0.8704633
2021-02-05,0.32649308,-0.10492418,-0.28394172,-1.6332207,0.15583482,0.7659667,-0.85035926,0.5826077,0.054341633
2021-02-22,0.36030918,1.009121,-0.054397084,-1.7058135,-1.7422618,2.4939213,-0.7072672,1.5286119,0.9670432
2021-02-23,-0.24223945,0.07735593,-0.114001155,1.0114883,-0.8249579,-0.39368254,0.61220056,0.57715607,0.47757405
2021-02-24,-0.32914186,0.39805642,-0.37956718,-0.34927815,-0.2851261,1.0192612,0.4529286,1.6230184,1.2921352
2021-02-25,-0.68355256,-0.8683703,-0.27817526,0.4269144,-0.3128819,-0.13246542,-0.94368017,-0.145911,0.6506232
2021-02-26,-1.0376166,0.12075684,-0.19166188,1.7301561,0.45994866,-1.1759948,0.8139005,-0.8901358,-0.6239284
2021-03-01,0.860103,-0.40868092,-0.02947479,-0.294799,-0.24705976,-0.8484498,-1.3142012,-0.7373175,0.31633008
2021-03-02,0.45266202,-0.029983567,-0.56675595,-1.2136661,0.42274645,0.96764064,0.89306206,0.540367,0.8121179
2021-03-03,-1.7572936,0.24947925,-0.32282674,1.1489626,0.3939386,-1.2792714,-0.5425772,0.55697316,-0.13488574
2021-03-04,-1.6456302,0.7484723,-0.7419156,1.713711,0.7441336,-1.1946304,-0.08800478,0.58962756,-0.03965469
2021-03-05,0.73792857,0.58631325,-0.5776642,0.39640006,-0.24324045,0.9670862,-0.2208865,0.040350247,1.0332255
2021-03-08,0.61575764,-0.27826113,0.7849593,-0.06479217,0.35226047,0.16330853,-0.17665078,0.34587038,0.47069472
2021-03-09,0.49304578,0.3195633,-0.08537349,-0.81011426,0.7833803,-1.0384862,-0.16909938,1.7726765,-1.0313038
2021-03-10,-0.74472797,0.057537068,-0.19098164,-1.4469345,-0.82866734,0.031271268,-0.016302723,-0.37792778,-0.6135326
2021-03-11,-0.39123288,0.53602296,-0.39133477,-0.9271911,-1.2333044,0.682735,0.75453615,0.47348437,0.9228345
2021-03-12,-0.043094218,0.1981288,-0.27693385,0.15750137,0.16245309,-0.21468501,-0.6754045,-0.31336403,0.25879034
2021-03-15,0.12582794,0.4607073,0.56602895,-1.6169605,1.2618268,0.15187651,-0.10148193,0.29913437,0.5023066
2021-03-16,0.059110653,0.014875408,0.59186715,0.42407408,-0.027937014,-0.10630891,0.64056104,0.8024796,-0.660815
2021-03-17,-0.09639338,-0.2634659,-0.0165404,-0.69102687,0.10013794,-0.26340893,0.07998695,-0.53674364,0.9151868
2021-03-18,-0.6518501,-2.2843118,0.23905304,-1.6390266,0.45995957,-0.07466008,0.16245358,-0.7255961,-0.43058932
2021-03-19,-0.23122787,0.44358298,-1.2238617,-0.37406412,-0.4639474,0.11160614,0.7885021,0.22987051,0.5831736
2021-03-22,-0.0035943114,0.1647992,-0.10365685,0.2982543,-1.6125168,-0.39223066,0.306212,0.032945845,0.5037573
2021-03-23,0.07185121,-0.96821755,0.30733734,0.20583163,1.0459303,-0.8376657,1.039942,0.31480247,0.24507798
2021-03-24,-0.3517094,1.3272809,-0.22543934,0.3808187,0.25404653,0.27714396,-1.124274,0.6842928,-0.05071557
2021-03-25,-0.19297443,-1.0369998,0.7045946,-0.10349409,0.4443349,-1.5604068,-0.20047446,-0.93682677,-0.5433552
2021-03-26,-0.15204856,0.67293316,-0.12244834,-1.14311,-0.38361877,0.99940264,-0.9084115,-0.103292555,0.56344754
2021-03-29,0.08812015,0.45583937,-0.016375901,0.65943456,0.18313326,-0.84574336,-0.44242647,-0.28656515,-0.11151676
2021-03-30,-1.3575875,-0.24813765,0.8532585,0.41137028,0.8157892,-0.6205511,-0.72232205,-1.100863,0.010852766
2021-03-31,1.069041,0.68833995,-0.90957564,-0.558156,0.66056234,0.20439401,1.5572852,2.0406928,0.094957486
2021-04-01,-0.592525,0.2329421,-0.94961524,-0.8047257,0.051474735,-0.3999313,-1.1308752,-0.03968269,-1.2637326
2021-04-06,0.54377437,-0.9516567,1.0387427,-1.2786095,0.09686927,1.069894,-0.27107018,1.0712461,1.479321
2021-04-07,0.23507509,0.19258577,0.22468701,0.55792546,0.51749295,-0.29297924,-0.07330794,0.32366216,-0.52801824
2021-04-08,1.0487611,0.31299376,-0.34670144,-0.4275975,0.10450296,0.7584052,0.7381562,0.85495794,0.27923954
2021-04-09,-0.7165409,0.33175218,0.10694097,0.54946387,0.38842943,-0.10038277,0.5994188,-0.11015387,-0.14643078
2021-04-12,-1.4517789,0.53231657,0.17231143,0.11735223,0.18635091,-1.0088316,-0.14350368,-0.599989,-0.19931786
2021-04-13,0.21858385,0.57192373,-0.6952874,-0.5383562,-0.62810826,0.49760544,1.2678871,0.77815896,0.049598213
2021-04-14,0.559568,1.3359303,-0.41168743,0.113404356,-0.35104835,1.5057131,0.37166733,0.9449217,0.8772439
2021-04-15,0.3108254,-0.3893866,-0.032356363,-1.2546525,-0.32536983,1.1786948,-0.062196516,1.0734444,-0.17802611
2021-04-16,0.5707514,-0.22562839,0.55421627,0.40446454,0.9078352,0.35830775,-0.56201077,0.98176694,-0.5982151
2021-04-19,0.18067156,0.74171025,0.40732086,0.072018005,-0.1356139,-0.10850076,0.6247182,0.02252849,0.60572946
2021-04-20,0.78027457,-0.44772434,-0.057424083,0.78090495,0.03967187,0.22378953,1.2104983,1.6060196,0.1200292
2021-04-21,0.77304965,0.0089505,-0.53518105,-1.0138652,0.33359748,1.0834998,1.4161781,0.95846003,0.29281843
2021-04-22,0.9867762,0.76246977,-0.6965096,0.96308917,0.33384898,0.25553447,1.8124413,1.0444409,-0.09702541
2021-04-23,0.5238496,0.6661044,0.2811032,-0.634775,-0.59656376,0.6457681,0.5588995,0.14157754,0.44331077
2021-04-26,1.7281705,-0.25924274,-0.618234,0.12407345,-0.42210272,1.0085849,1.3291866,1.172596,0.5412892
2021-04-27,0.306143,-0.01614791,0.08811835,0.15860365,-0.75121844,1.0973666,0.22752354,0.8581133,-0.048366506
2021-04-28,-1.0010757,0.9484679,-0.29646713,0.1064708,-0.50016874,-0.582535,0.38731414,0.08430143,0.834602
2021-04-29,-0.2120476,0.573561,-0.5006986,0.03949594,1.2705791,-0.3622515,-0.9228111,-0.62769616,-0.01595587
2021-04-30,0.7016567,0.21424039,-0.07991408,0.18503171,0.44717243,0.6692165,2.1952815,0.7400175,0.22153299
2021-05-06,0.6911188,0.57242453,0.34039477,-2.066545,-0.26776832,1.2830002,-0.14423268,1.5592701,-0.2614509
2021-05-07,0.84286416,-0.20039652,-0.3369103,-0.54928845,-0.08177723,1.1128584,0.044911537,-0.036743965,0.9938017
2021-05-10,-0.240424,-1.0442457,-0.12384427,-0.14057958,0.2439467,-0.13866885,-1.8387579,-0.09230287,-0.047700413
2021-05-11,0.1628552,-0.05351565,-0.67722976,0.28416222,-0.1431568,0.3767138,0.6435805,0.8282164,0.6222942
2021-05-12,0.2291526,0.44404054,0.9568287,1.2115047,0.22242296,-0.3290787,-0.6929593,0.07048558,0.10049232
2021-05-13,-0.74341494,-0.5253581,1.3270826,-0.6521922,0.22375616,-0.9656549,-1.0143788,-1.5162383,-0.9913388
2021-05-14,-0.6921546,0.8983076,0.13011487,-1.2303329,-0.040537246,-0.7171147,-0.643091,0.1092118,-0.6148154
2021-05-17,0.30858856,-0.3242839,-0.34631753,-1.4210974,-0.70902854,0.4573404,-0.9087062,-0.11396215,-0.744322
2021-05-18,-0.009925921,-0.55909914,0.14014263,-0.34951213,-0.5517423,0.102430806,0.08066887,0.38232973,0.84086394
2021-05-19,-0.83958316,-0.62058836,0.5336606,0.16952275,1.2402472,-1.6052294,-0.044875298,0.0134938555,-1.2860683
2021-05-20,-1.0702612,0.3310593,-0.5960301,-1.466599,0.2698055,-1.0455062,1.079066,0.41159448,0.040210698
2021-05-21,-0.6087197,0.90353304,-0.10692356,0.9061801,0.0920308,-1.0475897,-0.256047,-0.24501798,0.2604752
2021-05-24,-0.11709327,1.2614805,0.6549773,-0.55421394,0.17666508,0.47539717,-1.0183005,0.28468078,-0.18800086
2021-05-25,-0.36183786,-0.36770293,0.594598,-0.46030694,-0.58418894,-0.012908843,-1.0358189,0.16845216,-0.3282263
2021-05-26,-1.0543209,0.77910185,0.89067036,-0.87307364,-0.033800125,0.09443626,0.2823907,0.68821174,0.30832794
2021-05-27,1.0803543,0.33258542,-0.45412478,-0.074026614,0.3822263,1.4257444,1.4289064,0.52095455,1.4844804
2021-05-28,-0.35995477,-0.3201601,0.7185317,-0.73407036,-0.8370437,0.067990564,-0.24266233,-0.027261365,-0.15702055
2021-06-01,0.76615685,0.796593,-1.5415511,0.5414223,-0.33906618,0.71661013,1.377949,0.78684634,-0.82187396
2021-06-02,0.62005395,0.25239328,-0.12460547,0.64212066,0.1816701,-0.8638216,-0.881915,0.91675943,0.28363544
2021-06-03,-0.95319015,0.21477948,0.40929207,1.2676544,0.6350695,-0.8945746,-0.31725803,-1.123781,-0.2448367
2021-06-04,0.8304136,0.38767686,-0.44840774,-0.3373249,-0.4419769,1.0984845,1.1868752,1.4160893,0.63278913
2021-06-07,-9.1633985e-05,0.13674672,0.22501263,-0.5323719,0.5254196,-0.62070614,-0.84493136,-0.3491184,-0.71878767
2021-06-08,-0.4415722,0.5834908,-0.47795287,-0.24844298,-0.3281402,0.25788987,0.86773646,0.37688568,1.0003835
2021-06-09,0.3263811,-0.03487696,0.24903361,0.034578938,0.21422434,0.45615116,-0.09538682,0.02124014,0.104210146
2021-06-10,0.3650472,0.002109581,-0.019647945,0.35129014,0.07836815,0.21304505,-0.31221563,-0.33981135,-0.44047615
2021-06-11,-0.5215402,-0.30009064,0.33347684,-0.8086419,-0.39351633,-0.3281638,-1.1130874,-1.0085882,-0.1781682
2021-06-15,-1.095758,0.35427213,0.25582334,0.26593986,1.0123651,-1.3482037,-1.6578788,-0.714866,-0.35867396
2021-06-16,-0.5586866,0.23661289,-0.13092627,-1.0806303,0.19079123,-0.2161461,-0.4195485,-0.55296355,0.015437305
2021-06-17,-1.8788505,-0.36606783,0.8153115,0.93234116,0.6174041,-1.0050628,-0.66375816,-2.5544274,-0.47691238
2021-06-18,1.0751005,1.0120751,-0.9808906,0.97269565,0.8589403,-0.20033567,1.2878934,1.2739918,-0.115898415
2021-06-21,0.16836928,0.74229735,-0.5134646,-0.63934225,-0.5022979,0.19448043,0.51697177,1.079167,0.2122418
2021-06-22,0.52687806,0.14718494,0.28227082,-0.32477367,-0.24125691,-0.0019444799,-1.0598525,-0.35321411,0.42881164
2021-06-23,1.3126478,0.22426745,-0.08038845,-0.4746873,-0.43051118,1.4034176,0.21548082,-0.13320982,-0.1300655
2021-06-24,0.2247029,-0.83438045,-0.7366907,-0.08434086,-0.41846564,0.30144453,-0.4875783,-0.5820657,-0.26718852
2021-06-25,-0.8249846,0.10053352,1.181681,-1.0227429,-0.590158,0.06325268,-0.90932894,-0.63760376,-0.42080036
2021-06-28,0.8614348,-0.17031185,-0.6043626,0.6780254,-0.026048642,0.5180572,2.1145842,1.6675807,0.115105174
2021-06-29,0.041414388,-0.13020983,-0.543025,0.5676201,0.033824954,0.505484,0.45989147,-0.25502867,1.491027
2021-06-30,0.20144367,0.4489061,-1.0113635,0.047624607,0.9663583,0.3035812,1.5773886,2.2713432,0.40277052
2021-07-01,-0.8334308,0.6427665,0.21436872,-0.23067424,0.3429309,-0.33451068,-0.7090746,0.5837329,-0.20195746
2021-07-02,-0.5900887,0.2826778,0.2789773,-1.3152735,-0.75879407,0.61018485,-0.10212776,-0.15377696,0.17832866
2021-07-06,-1.3667564,-0.81503475,1.5445931,-0.8543382,0.08984293,-0.7982212,-1.6376129,-1.6755347,-0.24885277
2021-07-07,0.6058756,0.050633002,-0.36334637,-0.87053376,-0.4508296,-0.15269993,1.4197788,-0.22393309,-0.087482736
2021-07-08,0.10033497,1.0021017,-0.036025956,0.49754038,-0.3623996,-0.8757443,-0.07155421,-0.08336161,-1.0319958
2021-07-09,0.30265072,0.8122796,0.2871228,-1.348857,-0.04709395,0.9208723,-0.40826747,-0.14893277,0.4878089
2021-07-12,1.6516188,0.5217264,-0.074854605,1.0535681,0.63358545,0.12379012,0.8504461,1.4893429,-0.1955197
2021-07-13,0.14056036,0.28410625,-0.37696093,0.30478707,0.19561307,0.25424346,-0.37080455,0.39838696,0.895662
2021-07-14,0.6918215,-0.030621286,0.5030762,-0.51362914,0.32474518,-0.09175209,0.7474205,0.8883368,-0.4631166
2021-07-15,-1.2192031,-0.7427218,0.61551064,-1.9623951,-0.7577725,-0.49521983,-0.8440717,-1.0244673,-0.107022874
2021-07-16,0.21948443,-0.10416919,-0.16836599,0.8036886,-0.8479804,0.2004195,0.63825566,-0.54649156,-0.010976251
2021-07-19,-0.3092364,-1.1779687,0.5724456,0.5299951,1.351503,-1.7437769,0.4452274,-0.7683153,-0.8188487
2021-07-20,0.30457494,0.54722273,0.3551001,0.00264793,-0.92737836,0.856796,1.1680747,0.7743581,0.5268123
2021-07-21,-0.22622985,1.580497,0.38350433,0.15961486,-0.60624135,-0.26881465,-0.44738096,1.0631903,-0.4739951
2021-07-22,-0.35355958,0.75727785,1.0327325,-0.7515835,-1.5055707,0.07037278,-0.33379483,0.05675219,-0.12171249
2021-07-23,-0.68262833,-0.26941597,0.016963739,-0.6752555,-0.65309864,0.33853224,-0.253448,-0.7924968,0.92777586
2021-07-26,-0.21258603,-0.3622183,-0.728398,-0.9481702,-1.9781846,-0.0563522,0.5673961,0.67662996,0.61256367
2021-07-27,-0.6100359,0.52797705,0.095493466,0.39396456,1.0680172,-0.3552953,0.25821584,-0.26028815,0.38994113
2021-07-28,-0.59377664,0.31835756,-0.49102533,-0.4947279,0.4709336,0.478703,0.93443745,1.340541,0.08425482
2021-07-29,0.89868826,0.9975766,-0.16883712,-1.0273497,0.696676,0.7924956,-0.24527137,0.67707443,-0.33463767
2021-07-30,-1.1024038,0.56639856,0.3119891,0.025651263,1.6326245,-0.42588535,-1.0719348,-0.6397445,0.7159756
2021-08-02,0.8014418,-0.86794806,-0.52157336,-0.17078988,1.1458913,0.2556677,0.9408721,0.061221804,-0.034027543
2021-08-03,-0.3383726,-0.8162604,0.28950748,0.5606937,-0.41559428,-0.52464473,-0.49641195,-0.15647598,-0.88546175
2021-08-04,-0.78965145,-0.48334706,0.049453158,-0.49741998,-0.42118463,-0.8522466,0.9052507,0.063284025,0.29726058
2021-08-05,-0.8276585,0.3464982,-0.86697125,-0.532463,-0.49523312,0.5668326,0.8624427,-0.06739183,0.74788594
2021-08-06,-0.7293837,0.33799753,0.009168826,0.94593114,-0.09123767,-0.53416467,1.4823701,-0.35222894,1.25592
2021-08-09,-0.33093762,-0.753689,0.6194743,1.4498559,-0.21342714,-0.74677783,0.24134384,0.3340604,0.60970867
2021-08-10,-0.6996052,-0.22067048,-1.1643496,-0.99225694,-1.0412949,0.9094147,0.5114554,0.83103126,0.43745977
2021-08-11,0.086957395,0.17314467,-0.04165768,-1.2879524,0.0879776,0.13511805,-1.2166836,-0.11757295,-0.7595127
2021-08-12,0.96466345,0.13594025,0.7424326,0.94757104,0.45639715,0.7331958,0.23224415,0.56453985,0.09079894
2021-08-13,-0.2689462,-0.46281624,-0.74703455,-1.4993457,0.26167047,0.8132517,0.47936228,0.70233756,0.0031044409
2021-08-16,-0.09600442,-0.50648105,0.57537186,-0.32031488,0.89151776,-0.07745833,-1.0589619,-0.55156374,-1.4651803
2021-08-17,-1.3442861,-0.7063114,-0.26941845,0.25898364,0.35297137,-0.41413328,-0.343349,-0.3460888,-0.36320058
2021-08-18,-0.54097867,-0.5497985,0.07826885,0.5425556,0.30244184,-0.60813946,0.07721815,1.0818015,-0.49886528
2021-08-19,-1.0372398,-0.107386746,0.7721066,-0.5949035,0.9531822,-1.4799938,0.06012415,-0.7416622,-0.54436815
2021-08-20,-0.59279746,-0.2983166,1.1895759,-1.7473307,-0.121928595,-0.16637117,-0.66523504,-0.90493894,0.14877506
2021-08-23,0.5059317,0.4594998,-1.0114259,-0.19038828,-1.110574,1.0104063,-1.4372332,0.9229365,-0.02134777
2021-08-24,0.37543398,0.15261532,-1.310915,0.26634538,-0.9607791,0.7112149,0.19502869,0.84728867,0.50139636
2021-08-25,-0.85092914,0.26659182,-0.8879565,0.4815386,-0.5624429,0.3682397,0.553173,0.36599335,0.66857445
2021-08-26,-0.21202607,-0.005311319,-0.16926712,0.3629717,-0.32218945,-0.18919003,1.392802,0.30926737,-0.616574
2021-08-27,-0.08965863,0.28623787,0.30499303,-1.2090038,-0.8482743,0.93288374,-0.1284297,1.0268213,-0.66670966
2021-08-31,-1.2869868,-0.5518786,0.48024967,-1.0657407,-1.0864745,0.36270007,-0.93990946,-1.1160295,-0.49935448
2021-09-01,-0.96870846,-1.4058684,-0.0049965726,0.021767654,-0.70923215,-1.5279725,-0.84256965,0.8997245,-0.16703717
2021-09-02,-0.33016872,0.2825711,-0.15857707,0.70831263,-0.45274493,0.9435469,-0.25320178,0.12632513,-0.004565741
2021-09-03,0.68260854,-0.4591018,-0.23205452,-1.4233547,-0.21455051,0.82078946,-0.12278939,0.3587296,-1.0529327
2021-09-07,-1.2358103,-1.2144929,0.13169053,0.35613647,-0.30289775,0.12971218,-0.2818448,-0.97081643,0.41770723
2021-09-08,-0.94435674,0.723197,0.782951,0.34946862,-0.345711,-0.018012272,0.03398767,0.19450796,0.04465716
2021-09-09,-0.52396905,-1.1096199,0.056053583,-1.2498283,-0.4974318,0.31964612,-0.6237863,-0.84188473,0.17424348
2021-09-10,-0.30690694,0.01890513,-1.222316,-0.7394425,-0.6420678,0.80395275,0.22886302,-1.0778576,1.1090893
2021-09-13,-0.821958,-0.27258202,-0.24443473,0.77099556,-0.07780508,-0.13892819,-0.3504466,0.6349269,-1.3502356
2021-09-14,0.2544328,-0.47620037,-1.1794634,0.8542544,0.0046155364,-0.40509227,0.10897988,0.5914299,-0.407968
2021-09-15,0.20692025,1.1144807,-0.3420523,0.6594618,-0.5170747,0.86028475,1.4036406,1.7415848,1.2508963
2021-09-16,-1.2458422,0.21306002,0.8198395,1.1603693,0.5827748,-0.75291604,-0.14034043,0.3864831,0.53075683
2021-09-17,-1.393174,0.5513818,0.13441972,-0.95488524,0.2679972,-0.59531295,0.27310616,-0.106116295,0.401054
2021-09-22,-0.10044595,-0.095498174,-0.26273417,-1.428286,0.7271103,0.32345608,-0.8433241,1.57903,-0.4655947
2021-09-23,0.22502726,-0.20505032,-0.38626033,1.196868,-1.2074497,0.6566735,0.0325627,0.18945676,0.37030932
2021-09-24,0.1828091,0.17561127,0.5527516,0.6483189,-1.3185337,0.35674804,0.19581969,0.016195728,-0.011847028
2021-09-27,-0.09034241,0.17916818,1.0171522,1.2889823,-0.79885167,0.41866443,-0.43658125,1.249369,-0.85290843
2021-09-28,-1.1511687,-0.36470416,1.1308155,-0.05733571,-0.54849666,0.26338995,0.026785295,0.047697626,0.21728104
2021-09-29,-0.34991938,0.5880139,0.21074031,1.0369377,0.9923462,-0.032475945,0.2379432,-0.31194448,0.82604384
2021-10-11,0.8400751,-0.5300954,0.4135568,0.0025725642,-0.93474007,1.9855663,-1.7350247,1.1301969,0.22829916
2021-10-12,0.028006682,-0.23116432,0.68961805,-0.07640449,-0.084907815,-0.36810076,-1.1128256,-0.5313221,-0.9238356
2021-10-13,0.021136748,-0.7555739,-0.85137343,-2.3154542,-0.43151504,0.10951049,-0.7398625,-0.26117626,0.15899554
2021-10-14,0.01305458,0.36521837,-1.2211807,-1.5197198,-0.8837119,0.0101748295,1.0440422,-0.02663445,0.3646002
2021-10-15,0.68571705,-0.57674706,-1.8725214,-0.2694407,0.21206775,1.1661286,-0.11264123,-1.5488198,0.9037478
2021-10-18,-0.116122074,1.5280191,0.59802616,-0.22680627,1.1980745,-0.8165221,0.98765856,0.14098996,0.34797844
2021-10-19,0.68616146,0.6812825,0.69452643,0.18915187,0.29042515,-0.48283982,0.014331999,0.6474308,-1.7740862
2021-10-20,0.5936317,1.2222762,-0.69996196,-1.0593193,-0.470837,-0.23443644,1.3613143,1.051143,-0.1301316
2021-10-21,-0.6438508,-1.1028403,-1.1443245,0.4020418,0.914253,-1.3700789,-0.21628375,-0.4391375,-1.8843888
2021-10-22,-0.35078916,1.1503751,-0.74051136,-0.8006353,0.20102866,-0.49658912,1.4691566,0.6926762,-0.7607743
2021-10-25,0.20467529,-0.009597132,-0.5648663,-0.195782,-1.7991503,0.28844538,0.6773987,0.98629034,-0.45611808
2021-10-26,-1.0206945,-0.5855566,-1.0615165,0.8626334,-0.6741285,-0.6835605,0.54653883,0.3387915,0.11100641
2021-10-27,0.18468687,-0.03838269,-0.5962977,0.5016258,0.44408226,-1.1942317,0.7330571,-0.32208627,-1.792681
2021-10-28,-0.80842537,0.7090126,-0.784904,-1.6330194,-0.13507977,0.39720657,1.3703,-0.1751453,0.58084214
2021-10-29,0.23773642,0.53876114,0.6335152,0.60676014,0.5990412,-0.86748457,-0.5007777,0.7014514,0.8080581
2021-11-01,0.7874828,-0.1578949,-0.6592879,-1.0565413,0.98366296,0.7146304,1.4735862,0.9992389,-0.6350653
2021-11-02,-0.59099144,-0.18176337,-0.7035155,0.83896226,-0.697386,-0.87914693,0.11663544,-0.28513154,-0.21383496
2021-11-03,-0.37266967,-0.7165179,1.8312281,0.70045954,-0.04839367,-0.72297144,-0.36617166,0.05819695,0.342794
2021-11-04,-0.39501467,0.3860862,0.60989094,-1.2028115,0.36264423,-0.99138325,0.20423111,1.0574666,-1.2646847
2021-11-05,-0.2284028,0.17044057,-0.3574399,-0.8816004,0.4369659,0.20829086,-1.4646304,-0.06275594,-0.26774853
2021-11-08,0.28928894,-0.045479096,0.2951577,-1.1162473,0.49887127,0.677337,-1.1430197,0.034600794,0.23665722
2021-11-09,0.37770212,0.99413556,-0.66006446,0.22563562,0.5416815,-0.2081081,0.3195514,0.7895067,0.17179075
2021-11-10,0.836731,-0.2577644,-0.64079815,-0.6450878,0.8312545,0.11978458,1.3359492,0.7711014,-0.2791494
2021-11-11,0.1070957,-0.110764414,0.22845419,-1.2402557,-0.6771421,1.0847505,0.48098567,1.0280964,-0.105466
2021-11-12,0.7977367,-0.9099937,-0.8451121,-0.69594043,0.0023439976,0.062418845,1.0248406,-0.025227915,0.6989036
2021-11-15,-0.8046737,1.6202545,0.23254879,-0.89592683,0.17599685,-1.283739,1.4492645,0.68576324,-0.6180407
2021-11-16,-0.88154775,0.0614922,0.03661863,0.81656945,-0.5290961,-0.65287346,-0.19556019,0.46600977,-0.2762091
2021-11-17,0.28447297,-0.6015658,0.0010643103,-0.8570036,0.5091266,0.2105181,1.4575032,1.0529876,0.29373115
2021-11-18,-0.13592394,0.6457874,-0.10452024,0.019364819,-0.10844667,-0.6360135,-0.41530004,-0.8483279,0.20336509
2021-11-19,0.4082355,-0.68101615,0.47749057,-0.97814643,-0.63764143,0.39183378,0.85672504,-1.0869666,0.6023641
2021-11-22,0.5978363,-0.24457346,-0.60859174,1.2776501,0.44638127,0.30720672,-0.33815637,-0.43591914,1.5321774
2021-11-23,-0.058812592,0.5328805,0.030244775,1.7120669,-1.146354,-0.044149287,0.43322057,-0.13006838,0.2852082
2021-11-24,1.4674263,-0.21037114,-0.27292782,0.22921278,-0.92070186,0.15250401,-0.80168295,-0.6683374,0.10560668
2021-11-26,-0.068170115,-2.4366212,0.8438684,-0.10982231,0.62042534,-1.6047373,1.1795793,-0.32003677,-1.2102507
2021-11-29,-0.7850066,1.0968004,-0.5068737,-1.3138946,1.1093558,0.07548813,-0.62434894,-0.91808474,0.8747224
2021-11-30,-0.8364086,-1.4713601,0.90013397,-0.88858634,0.83271784,-0.8012539,-0.28376243,-1.564371,0.009924728
2021-12-01,-0.079795785,-0.35448506,-0.23620234,-0.3295807,0.70194805,0.25834316,-0.3325904,0.18856053,0.89695424
2021-12-02,0.40815294,0.32491595,-1.076452,0.68062156,0.059121866,-0.5325303,0.43426472,0.89790416,0.4771882
2021-12-03,-0.08331557,-0.19362463,-0.24055712,-0.36634195,-0.6337525,0.22548613,0.7233808,1.1322438,0.010437176
2021-12-06,-0.2147645,0.8481471,-0.3443478,-0.16247246,0.5107134,0.32686946,-0.9060184,0.4533833,0.78237313
2021-12-07,-0.23644969,0.7273591,-1.1274095,-0.6507985,0.14711183,0.63697666,-0.9669689,-0.13850015,0.020581555
2021-12-08,-0.7623391,-1.1690714,-1.1453044,-0.5187646,-1.1073637,0.6479387,-0.47887203,-0.15653622,-0.012822945
2021-12-09,-1.1839153,-0.88275874,-0.5320391,0.56263983,0.15189476,-0.6070604,-0.024770485,0.24400598,0.2292082
2021-12-10,-0.60330904,-0.50339323,-0.7474217,0.12914106,0.10591405,-0.031006722,-0.48326787,0.5565519,-0.59632283
2021-12-13,-0.19910584,-1.2341509,-0.064526975,-0.1618094,-0.22213046,0.66768986,-0.46651274,-0.16811763,-0.030146677
2021-12-14,-0.7219292,0.9348019,0.74118316,0.085944094,0.755246,-1.0553255,0.5658485,0.25394017,0.3772164
2021-12-15,-0.55851686,-0.74422646,0.09472469,1.3255218,-0.7634836,-0.39681506,0.2001537,0.3098637,-0.17983095
2021-12-16,0.8491952,0.3066763,-0.62789875,-1.6732049,-0.6407432,1.5301601,-0.096682735,0.90378433,0.4024929
2021-12-17,0.2205835,-0.86585164,0.21088167,-0.61867267,0.75941277,0.3283688,0.18936558,0.13941745,0.06847993
2021-12-20,-0.32340822,-1.1344725,-0.44714516,0.36484766,0.42562854,-0.96265614,0.36445564,-0.44775495,-0.76693183
2021-12-21,-0.0029865534,0.68585044,-1.2440014,-0.07750582,-1.09784,1.1196896,0.25193486,0.9576423,1.053083
2021-12-22,0.6510453,0.40077367,-0.44168514,-1.155397,-0.8554672,1.1043797,0.273026,1.1247654,0.30855805
2021-12-23,-0.33575168,-0.13344695,-1.2162453,-0.25473857,0.20283933,0.22153069,-0.5041442,0.7813335,0.41578388
2021-12-29,0.112420194,-0.19686998,-0.9241264,0.82083315,-2.1984155,-0.48670498,-0.21860409,-0.015921604,0.031500082
2021-12-30,-0.5051612,-0.39363584,-0.5008448,-1.1829625,0.4013742,0.1296233,-0.87834346,-0.7551408,0.2864813
2021-12-31,-0.41298845,-1.148511,-0.5998627,-1.2726946,-0.84274465,-0.14950931,0.6501342,0.06278061,-0.40709767
2022-01-04,0.62520653,1.440929,-0.1219523,0.36984876,-0.4813678,0.6779447,0.8019431,0.5406746,0.9195137
2022-01-05,-0.51179504,0.36463147,0.15133692,-0.35013992,-0.66403025,0.14687982,-0.69448465,0.7688974,-0.6122285
2022-01-06,-1.1604964,0.1295064,0.003457528,1.60965,-0.409099,-0.57448673,-0.39213216,-0.7888918,0.8102324
2022-01-07,0.48662484,-0.55368763,-0.7074875,-0.09850281,-1.1171274,0.26959094,0.5413014,0.27982068,-0.5696382
2022-01-10,-0.6313604,-0.5359749,0.19297186,0.49515912,-0.29666346,0.072695315,-0.32595745,-0.56748354,-0.96668214
2022-01-11,0.4680145,0.121011674,-1.4906896,-0.7336933,-1.4815029,0.5946344,-0.3182859,0.89770925,-0.25187492
2022-01-12,-0.40397567,-0.40672693,-0.13101721,-0.53853697,-2.0291493,0.8596848,0.51193094,0.8363987,-0.72725487
2022-01-13,-0.54258937,-0.38008782,-0.03537837,-0.56317973,0.6795053,-0.1935152,-1.4610845,-0.6950191,0.48703358
2022-01-14,-0.31020707,0.85989034,1.1916564,0.70797855,0.16110915,0.03759984,-0.47879407,0.8664096,0.2397141
2022-01-18,0.2788009,0.012243321,0.0050423397,0.38019305,0.25793642,1.2552482,-0.31160536,1.511048,-0.08623941
2022-01-19,1.4030025,-0.65654707,-0.34125325,-0.5320763,-0.271144,1.5473261,-0.02286844,1.5701941,-0.20098571
2022-01-20,0.37092236,-0.40871197,-0.80420715,-1.0678804,-0.5349185,0.5581876,0.20777412,0.56601816,1.185743
2022-01-21,-0.48390564,-0.86283445,-0.87057793,1.0850257,-0.5913432,-0.5837145,0.24324468,-0.14136627,-0.5131787
2022-01-24,-1.0374509,-0.4177376,-0.058498714,0.5551875,1.1313431,-0.37084928,0.53009564,0.77942723,-0.8337436
2022-01-25,0.1606249,0.8771887,-0.28015277,-0.27484718,-0.43712455,0.29573268,0.08078893,0.74895245,0.12374585
2022-01-26,1.8628256,0.9162012,-0.044247422,0.6924783,-1.1859655,-0.2018066,-0.56149405,-0.8922212,-0.044380777
2022-01-27,0.27479234,0.44607553,0.58989704,1.7953794,-1.829073,0.23073243,0.45018145,-0.21122335,-0.6851312
2022-01-28,-0.0690005,-0.29974237,-1.0915519,0.43613428,1.3738034,0.1759743,-0.11141904,0.19847116,1.6000062
2022-02-07,0.84570396,0.33087155,-0.6247001,-0.9280669,-0.4180551,1.0100331,-0.5556524,0.939503,1.4060538
2022-02-08,-0.24233004,-0.42126688,0.9829671,-1.198292,0.0337516,-0.13026036,0.6684584,0.6208408,-0.24449399
2022-02-09,0.46617663,0.44619492,-0.86484146,-1.1309942,-0.36245874,0.54198545,0.90772873,0.68917286,1.2681693
2022-02-10,-0.14377351,-0.09484757,-0.67572486,-1.2350072,-0.29097804,-0.20252557,-0.21280044,-0.7281607,0.097185776
2022-02-11,-0.10357951,0.24669835,-1.0338955,1.8693776,0.44715852,-0.5815879,0.16158679,0.8254076,-0.8995737
2022-02-14,-0.48468846,0.88785666,-0.7365605,-1.2181916,-0.18793339,-0.030583693,0.1338446,0.58189046,-0.74731594
2022-02-15,-0.5849353,-0.8075885,2.074718,-0.0004265347,-0.46009237,-0.7121509,0.20937477,0.18095836,0.54353887
2022-02-16,-0.11363478,0.7730793,-0.158562,-0.84033597,-0.77664495,-0.10032254,0.60441464,1.9764314,-0.5189267
2022-02-17,0.1699168,-1.3975152,-0.4870212,-1.2309165,0.2205009,0.27540198,0.4303096,0.93470496,-0.25996187
2022-02-18,0.5600383,-1.1965297,-0.84432465,0.93726224,-0.23520605,0.7814039,-0.38172624,-0.022166327,0.17955193
2022-02-22,0.7481104,1.10811,-0.22245057,0.72682554,0.100148685,0.3144649,0.4631711,2.364353,0.36417484
2022-02-23,1.5563617,-0.10695287,-0.9256127,0.68953884,-0.49396294,0.12205403,0.60502535,0.13569407,-1.1903774
2022-02-24,0.09751961,0.3479992,-1.4565187,0.5833614,0.32633564,1.3133488,-0.110163815,-0.16244698,-0.01620133
2022-02-25,-1.9737124,-0.68469775,1.3129443,-1.2124413,-0.5178307,-0.83490723,-0.9963072,-1.6714964,0.31734827
2022-02-28,0.6770117,1.2371461,-1.6686591,1.096781,0.6847738,0.37793612,0.7099592,2.1810498,0.23980507
2022-03-01,1.5449413,1.3461887,-0.6591777,0.33035505,-0.60143465,1.9690592,-0.29080248,1.6306719,0.3816223
2022-03-02,0.2847854,1.1714965,-0.9495713,0.81697124,-0.88546216,1.1253933,-1.8910575,-0.065778315,0.8013006
2022-03-03,1.00634,-0.07594017,-0.16716868,-0.66413516,0.89245766,1.8366363,1.0334365,-0.30540264,0.7042788
2022-03-04,0.15527849,1.7062418,-1.3013974,-0.9093977,-0.29693803,1.6282393,-0.7985003,0.21536228,0.11700844
2022-03-07,2.638155,0.677784,-0.774481,0.73502874,-0.54114705,0.5427936,-0.8235713,-0.5302787,-0.74588025
2022-03-16,-1.2413793,-2.501355,1.0145242,-0.50125945,1.1844418,-2.1433764,1.6907477,-0.962016,-0.38889125
2022-03-17,-0.29680094,1.8930205,-1.0194219,0.21731287,0.39867505,1.189984,-0.9018568,1.6517538,-0.14367719
2022-03-18,-1.8541348,0.33762854,0.6686475,-0.14252931,0.83898866,-0.14499436,-0.6311198,0.5036954,0.4448437
2022-03-21,-0.8536847,1.3984835,-0.3498888,0.40053037,0.9307113,0.7698019,-0.42930776,1.9244478,0.2957962
2022-03-22,-1.3203429,0.6061528,0.5271612,0.92598695,0.68512785,-0.42761883,0.1800152,1.0594361,-0.41496968
2022-03-23,0.9481251,0.59341156,-0.63904536,-1.0382037,-1.1877818,1.2957562,-0.5326859,-0.62756443,1.410804
2022-03-24,1.3869178,0.006021463,0.51613396,-0.76797956,-0.28044933,0.36081034,-0.31165445,-0.8565002,-1.1475322
2022-03-25,-0.5532728,0.25581002,0.42191532,0.8064429,0.005733017,-0.0852359,0.93748045,1.1621193,0.3804826
2022-03-28,-1.2704699,-2.3154864,0.42946833,-1.3765905,1.0823563,-0.0067145503,0.9995421,-0.9196263,0.19297166
2022-03-29,-0.77074814,-0.46000838,0.10346127,-0.30501592,-0.11085661,-1.9380316,-0.1646656,-0.80015767,-0.46260038
2022-03-30,-1.3487362,1.0458486,-0.26620978,-1.5316161,0.33644393,0.99911314,0.7125119,2.0296297,0.5303216
2022-03-31,-0.058871966,-2.2135854,-0.59638613,-0.8894474,0.23111354,-0.35031295,-0.01819424,-0.6483191,-0.85894984
2022-04-01,0.05738305,-0.6705666,-0.050032955,-0.3807906,-1.1216888,-0.33314627,0.3227335,-1.3077908,0.53773934
2022-04-06,1.2366271,0.12523736,0.21392965,1.0887448,0.26596022,0.2106882,1.843789,0.46233603,-0.08486973
2022-04-07,0.53958726,-0.33262527,0.29123706,-0.1021896,0.12810677,-0.6691768,0.52448124,1.0296904,-1.0998982
2022-04-08,0.8696694,0.62531114,-1.5550914,0.08225519,-0.32863903,0.34688523,0.52167296,1.2324665,0.20723481
2022-04-11,0.5107851,0.40596294,0.7637359,-0.062354937,0.52419114,-1.0422567,0.4642278,0.27679527,-1.5068356
2022-04-12,0.6768215,1.4607681,-0.9195153,0.08262499,-0.2236014,0.5219928,-0.84656703,1.032972,0.07375966
2022-04-13,0.70364964,1.3630115,-1.0548049,0.22345488,-0.27918884,0.44223347,-0.5614809,0.5804451,-0.3364895
2022-04-14,-0.29649535,1.2972275,0.1462641,0.5042169,-0.1495325,0.42810544,-0.77471095,-0.020802964,0.2052285
2022-04-19,0.87020326,-0.083021216,1.22109,0.6460424,0.14882663,-0.17652604,0.51734483,1.0040469,1.443509
2022-04-20,0.009327188,0.9443478,-0.4853802,0.32198286,1.0442975,-0.4210684,-0.052977443,0.5133775,0.37018257
2022-04-21,-0.34509698,-0.2578826,-0.054565288,-0.28493083,-1.3124255,-0.39422134,0.05149807,-0.64164585,0.91410244
2022-04-22,-0.50579804,0.6193607,0.026166711,0.9466643,0.85198236,-0.9868659,0.33218554,-0.73181766,0.0068775737
2022-04-25,-0.28605247,1.1328845,0.32466295,0.8295745,0.8840974,-1.208912,1.5922533,-0.19321759,-1.3244315
2022-04-26,0.2217817,1.789294,-1.1390506,0.3292235,-0.34586295,-0.019476894,-0.2690558,0.48435435,-0.46868405
2022-04-27,0.8853418,1.0764335,-0.25685158,0.6300232,-0.42626926,0.7570119,0.050097138,-0.8676502,-0.10943419
2022-04-28,-0.69465166,1.518831,-0.119212404,0.53927934,0.29777732,0.10493879,-0.20249695,0.79641044,-0.25054526
2022-04-29,-0.14782509,-0.7250872,-0.016669134,-0.6913764,-0.3051754,-0.51629496,-0.8426199,0.37358403,-0.42476887
2022-05-05,0.92585886,1.0155861,1.3205627,0.6118612,-0.028562477,-0.40156966,0.11520931,-0.24887481,-2.1789694
2022-05-06,-0.103763245,-0.099775665,0.06653929,0.4592579,1.254573,-0.7724754,-0.7589431,0.16535625,-0.36612245
2022-05-09,-0.7734056,-0.54012746,-0.004680405,-0.14616838,2.016156,-1.8961135,0.25451723,-0.4156294,-0.14329906
2022-05-10,-0.16698267,1.021504,0.097095475,0.023534887,0.08821122,-0.16575122,1.0779041,-0.07652366,-0.10317693
2022-05-11,0.9949752,0.4422874,-0.621987,-0.06733155,-1.0370295,0.5141203,-0.27944326,1.9255828,-0.23421565
2022-05-12,0.097558774,1.1621113,0.56059235,2.1519678,0.84515524,-0.2536856,1.0894237,-0.15099297,-0.14068541
2022-05-13,-0.62524074,0.77063817,0.026737478,-0.47292134,0.25058717,0.25069264,0.084488235,0.94945973,0.99250036
2022-05-16,0.6134698,-0.41325083,1.6364543,0.5813792,0.13271867,1.1599436,-0.7915449,1.0241832,-0.27188742
2022-05-17,-0.34512395,-0.382153,-0.75802946,-1.5635936,-0.85143185,-0.036048684,1.1312324,0.43510237,0.343899
2022-05-18,-1.3179176,-0.61712563,0.2761177,-0.9371826,0.70983,-1.2156996,0.349715,-1.1325206,-0.5482413
2022-05-19,0.774056,0.89269674,0.2796612,-1.9141858,-0.42413378,0.8483595,-0.3520649,-0.18008113,0.32694477
2022-05-20,-0.74813044,-0.34922054,-0.13031867,-0.23187286,0.22120453,-0.13652192,-0.44050437,0.19696756,1.0580102
2022-05-23,0.7712733,-0.3950398,0.24773237,0.12473849,-0.37162757,0.42369577,-0.49521837,0.13754058,-0.20657422
2022-05-24,-0.95455104,0.0759842,-0.15421276,-0.57902616,0.34209648,-0.74271923,-0.7682844,0.47629562,-0.6819493
2022-05-25,0.91778314,0.7150702,0.35080892,0.6392488,-0.8257646,-0.6644288,-0.11504877,-1.4770925,-0.8871744
2022-05-26,0.3664187,0.9175146,-0.4075099,0.5474666,-0.64662015,-0.48527047,-0.45711237,1.1244915,-0.17089371
2022-05-27,0.7999245,-0.2731719,-0.8305299,-0.3416698,-0.4342076,0.6789886,-0.61666715,-0.31410635,0.5171232
2022-05-31,-1.2026886,0.6141168,0.3359824,-0.8781505,-0.21129096,-0.6937206,-2.0717995,-1.1909713,-0.43944868
2022-06-01,-0.06935484,-0.46060956,0.12977524,-0.60374504,-1.0512497,-0.87971205,-0.46429214,0.61110234,-0.948537
2022-06-06,1.4288498,1.0134418,-0.4962251,0.27221373,-0.85844785,1.5280392,-0.3101497,0.25049546,-0.19140829
2022-06-07,0.42826757,0.18849635,-0.42095277,0.33094567,0.76007384,-0.64046514,0.17619078,0.031605817,-0.15869538
2022-06-08,0.08771087,0.09002495,-0.68977195,-0.18780561,0.46250415,0.26505095,-0.18399341,0.5529826,1.3208271
2022-06-09,-0.60948426,0.8339021,0.24713348,1.1962922,0.13828017,-0.20555532,0.805649,0.6889466,-0.26954514
2022-06-10,-0.6151159,0.14018929,-0.38334027,-0.38704804,1.0345446,-1.1737723,0.23975584,0.19507487,-1.3249109
2022-06-13,-0.8408909,-0.22284405,0.6897552,1.4429694,0.8275057,-0.8843894,0.46201736,-0.88427806,-0.14492226
2022-06-14,-0.6332695,-0.020655036,-0.40503842,0.20052728,1.3715768,-0.5108732,-0.61363274,-0.09941922,1.1245798
2022-06-15,0.105929494,0.33152178,-0.033214953,-1.4031719,-0.18743083,-0.28315026,0.07579927,0.40250376,-0.0145579185
2022-06-16,0.8179204,0.22912745,0.06536183,0.06311957,0.6667019,-0.5274952,-0.113305844,1.9298419,-1.6486815
2022-06-17,-1.0129579,-0.9618504,0.9541605,-0.89884526,0.9115325,-0.5516417,0.34810516,-0.8483164,0.8753518
2022-06-21,-1.5214468,0.22923459,0.5981345,-1.8280928,-0.93073595,-0.21577065,-0.46778566,-0.37748614,0.21863356
2022-06-22,-0.8523431,0.29004914,0.9878865,0.3709711,1.0738355,-1.009931,0.09223648,0.26496094,-1.0291791
2022-06-23,-1.445534,-0.32148775,-0.05526361,-0.34498286,1.524473,-0.9264472,-1.0364649,-1.2298641,-0.6390885
2022-06-24,-0.34580722,0.1573532,-1.3627892,0.6696253,1.5832928,-1.8789685,-1.047168,0.92117226,-0.71748114
2022-06-27,0.27671933,-0.21565302,-0.4668144,-0.44982475,-0.718137,-0.5697212,0.36167184,-0.23583089,0.020673618
2022-06-28,0.82688594,0.042504996,-0.73608255,0.51764464,0.27900714,0.19102181,0.58576137,0.39261848,0.3527876
2022-06-29,2.0380342,-0.027765919,0.5012373,0.4740939,-1.1438172,0.15192372,0.3485876,-0.9521834,-0.8587083
2022-06-30,-1.3693265,-0.5333533,1.2333002,-0.66463196,1.643576,-1.0216686,-0.61567605,-0.33705467,0.6891137
2022-07-01,-1.6380243,1.1685234,0.8431799,0.030142674,0.7598422,-0.39465162,-0.31599,-0.75011843,-1.1069634
2022-07-05,-0.8575866,-1.727532,1.4620649,-0.5659101,0.58459455,-1.4890629,0.2818143,-1.8835796,-0.4072657
2022-07-06,-0.4446242,-1.2776729,-0.4351745,-0.38488507,0.6829706,-0.79616475,0.68946254,0.537044,0.94970584
2022-07-07,0.20139493,1.2009732,-1.0698698,-0.22580008,-1.6169841,1.3933343,0.4356652,1.0242767,0.2787555
2022-07-08,1.1175526,0.9423428,-0.6990961,0.6330594,0.9663218,0.78520066,1.2577167,1.457539,-0.20141229
2022-07-11,-0.78604156,0.89813066,-1.1543404,0.74180984,-0.5296242,-1.334892,-0.051814936,-0.22752786,-0.35396957
2022-07-12,-1.6442087,-1.165159,1.1335514,-0.78106827,0.67934334,-0.9970952,-0.9893295,-1.419172,-0.15056987
2022-07-13,-0.06791158,-0.5326867,0.35869077,-0.37795258,-0.07057311,-0.452657,0.47934192,1.2071987,-1.0294502
2022-07-14,-1.8160002,0.06686827,0.053972293,0.97609717,1.268633,-1.4647045,0.036312826,-0.19973288,-0.062071197
2022-07-15,-1.3883542,1.300724,1.7026656,-1.7211754,-1.0535505,0.10177705,-1.0743959,-0.5406733,-0.8657252
2022-07-18,1.6637657,0.5304381,-0.16972856,-0.61966026,-1.7534002,1.0695424,1.1299087,0.5983091,0.48638877
2022-07-19,0.16419065,0.044367865,0.666765,0.18355335,0.49590373,-0.95218176,-1.0602592,-0.5974889,-1.054963
2022-07-20,-0.23444356,0.04305093,0.8848816,-0.50698346,-0.9707297,0.34337422,-0.13432026,-1.2853556,0.39672822
2022-07-21,-0.008560446,-0.6581694,1.4380337,-0.78073174,0.73352015,-0.5099491,-0.6297799,-0.66566455,-0.88831925
2022-07-22,-0.12614249,-0.20620522,0.25343502,-1.2347733,-0.82157403,0.34773055,-0.67364556,-0.7463015,1.1233764
2022-07-25,1.2617501,0.79809475,-0.8334495,1.1309328,0.20262344,-0.57171184,0.06387947,0.18903174,-0.5135124
2022-07-26,0.57680756,0.45457563,-0.8008064,0.06283322,0.038431138,0.7038279,1.7410175,1.1693683,0.39570537
2022-07-27,1.4900156,0.35268664,-0.60833436,0.2586851,-0.7062635,0.27985138,-0.74280006,-0.2536482,0.17358641
2022-07-28,1.180019,-0.06511911,-0.81922275,-0.8419198,0.37819952,1.244232,1.0001749,1.3737,0.3786647
2022-07-29,1.4563435,-0.026897626,-0.40802738,-0.9433691,-1.0394865,0.9663753,-0.05255966,-0.29025698,0.97944134
2022-08-01,0.19737634,-2.4021227,0.67316246,-1.2924668,0.44692665,-0.73222494,0.60741997,-0.31854266,-0.76802945
2022-08-02,-1.110698,-0.31247988,0.17753787,-0.5960149,0.84564966,-0.42216158,-1.0927436,-0.4247319,-0.015444958
2022-08-03,-0.33076352,-0.44926354,0.6410228,0.68723905,-0.55823714,-0.7598495,0.52760476,0.29502457,-0.3971437
2022-08-04,0.90187925,0.09928265,-0.55449015,-1.6662735,0.24223112,-0.18616055,1.3986541,1.2781898,0.25652364
2022-08-05,-0.24217236,-0.41607893,-0.3899868,-0.35308078,0.12308062,0.69173694,0.74259937,-0.19640245,1.2099748
2022-08-08,0.25608197,0.014639631,0.15491025,-1.156371,0.66639745,0.119120516,-0.35996053,1.2838645,0.027493881
2022-08-09,-0.16123128,1.0540104,-0.43375966,-0.24336012,-0.23212235,0.9040917,0.74424875,0.7963226,1.180308
2022-08-10,1.2107216,0.396812,-0.28649768,-0.09568392,-1.4020339,0.5464659,0.18326972,0.5607209,-0.065744534
2022-08-11,1.0563034,0.5226627,-0.011836167,0.17315538,-1.6263268,0.7841375,0.69312686,0.16371223,0.44400182
2022-08-12,-0.2573215,0.48119205,0.70482624,0.18556885,0.59274024,-0.13643439,-0.29675075,0.7888301,-1.3081604
2022-08-15,-1.124217,-0.4856622,-0.033661325,-0.21562271,0.7385146,-0.5143179,-0.62678933,-2.5269992,-1.5275635
2022-08-16,-0.3055374,-0.6154402,0.0347033,-0.8726095,-0.6280403,-0.040610395,-0.56318814,-1.6074722,-0.01953138
2022-08-17,-0.9961779,1.1659677,0.12216973,0.91302043,0.78948283,-0.7236843,-0.50778466,0.4931752,0.30981737
2022-08-18,-0.56505984,1.313415,-0.27513123,-0.14868154,0.24186565,-0.56197226,-0.72606856,-1.2961107,0.27161565
2022-08-19,0.5091168,0.3213715,-0.11277731,0.82643837,-0.55015427,0.58798647,0.90431195,0.15711583,0.37861487
2022-08-22,0.44623843,0.29452002,-0.032463606,1.0628309,-0.57412827,-0.16865386,1.2131934,0.6603604,0.21277909
2022-08-23,0.6138491,0.8719068,-0.94943464,0.19330613,0.7172062,0.3008075,0.23212327,1.4515103,0.25119784
2022-08-24,-0.5432145,0.25003326,-0.30248895,0.5281736,-0.42450482,0.20603807,0.45510533,0.57446325,-0.485161
2022-08-25,0.0033195098,-0.5677772,0.505427,-1.352342,-0.47534984,0.20560846,-0.5620756,-0.44409633,0.24254231
2022-08-26,-0.12710458,0.41379356,0.015265788,0.511376,0.098755464,1.2945256,1.3439525,0.45110023,1.5096779
2022-08-30,0.20121413,-0.58402115,0.39157644,1.1795332,1.3633202,-1.6715777,-0.14532639,-0.23337165,-0.9904391
2022-08-31,0.5683504,0.10510973,0.32640183,0.37656367,-0.09752892,-0.49421522,1.0894415,-0.43426284,-0.4053484
2022-09-01,-1.6447093,-1.0427407,1.0725706,0.17785642,0.6524357,-1.8085307,-0.20971833,-0.3027036,-0.73298144
2022-09-02,0.7581739,0.6357122,-0.9277532,0.14678375,1.076971,-0.49610338,-0.09888946,1.3337499,-0.028069025
2022-09-06,1.0752333,-0.6719504,-0.09072557,-0.42058086,0.23723973,0.24987061,-0.7922848,-0.72113436,0.20444837
2022-09-07,-0.070608735,-0.61131656,0.24884541,-1.0399288,1.9323634,0.17548537,0.07320301,0.5506478,-0.72384477
2022-09-08,0.25748307,0.29051265,0.46531007,-1.101367,-0.57653856,0.71623284,0.073309824,0.15913644,0.57745045
2022-09-09,1.8341154,0.39483404,-0.68867314,0.35721922,-0.60245776,1.0089473,0.3568538,1.1313013,0.07399557
2022-09-13,1.6562358,-0.34216294,-0.8629272,0.030929446,-0.09897624,0.53568715,0.5457859,0.31142986,0.14950508
2022-09-14,0.4685179,-0.0379594,0.45153996,-0.15001035,0.1665319,-0.5822878,-0.364546,-0.63101447,-1.7225865
2022-09-15,-1.3268706,-1.0427396,1.8459978,-0.9446181,0.6681157,-0.6798978,-0.7083454,-0.6514497,1.27037
2022-09-16,1.0290747,0.08867745,-1.3406894,-0.29397902,-0.00689243,-0.51839054,-0.11607784,-0.42732272,-0.03634609
2022-09-19,0.28527144,0.4545512,-0.21112594,0.08241006,0.0034010843,-0.8155515,-1.169354,0.16047359,-0.43671322
2022-09-20,0.5112001,0.17005742,-1.379894,0.37022874,0.5852027,-0.03654931,1.1303833,1.1513475,0.19145995
2022-09-21,-0.25776088,0.32525423,0.542491,-0.45549715,0.54050934,-0.12402257,0.027279548,-0.18277054,-0.9158425
2022-09-22,-0.16976677,0.345457,-0.43912622,0.045219585,0.9637515,0.6635716,-0.06259045,0.6556454,0.67260224
2022-09-23,-1.4954829,-0.99989486,0.8228007,0.6627679,1.163386,-1.6421018,0.44422835,-0.9813848,-0.26057705
2022-09-26,-1.5308071,-0.31494185,0.036556344,0.06045145,0.4739367,-1.7253081,0.27316973,-0.054902494,-0.48561913
2022-09-27,-0.30121276,0.7659454,-0.3674223,0.7970123,0.64289016,0.040546767,-1.067312,0.28482684,-0.22849715
2022-09-28,1.0601438,1.0098013,-0.094295256,-0.20885669,-0.008546411,0.9704601,-1.0977633,1.0196697,-1.3453315
2022-09-29,0.3269275,-0.7616378,-0.37214345,-0.70079243,-0.11067152,0.52760977,-0.2825268,-0.3873041,1.3065951
2022-10-10,0.27251285,1.9213735,-1.2115756,0.47713766,0.43445995,1.5821154,-0.928779,0.7389066,-0.20071521
2022-10-11,-0.65197843,-0.8702367,-0.008110243,-1.0639933,-0.6751981,-0.8053056,0.27801844,0.20227908,-0.27594313
2022-10-12,-0.7609518,-0.10405364,-0.17693566,-0.18672875,0.9317609,-0.0035961892,0.0435412,-0.48558196,1.7689242
2022-10-13,0.07076579,0.016812077,-0.93809295,-0.12885442,0.10270771,0.3645004,0.16003418,0.4337144,-0.17877902
2022-10-14,-1.1484783,-1.3286636,-0.039558474,0.01993937,0.1602357,-0.6290332,0.13291374,-0.3634933,0.8388335
2022-10-17,-0.2936374,-0.2823883,-1.1208085,-1.0753356,1.032365,-0.41839427,-1.0400159,0.14361918,-1.4705914
2022-10-18,0.33141333,-0.48575875,-0.16789491,0.21479568,0.15737565,-0.9175706,0.14588635,-0.0763283,0.08706268
2022-10-19,0.071811795,0.14206539,-1.0142126,0.883338,0.39785904,-0.9850997,-0.13176616,-6.171567e-05,0.8215794
2022-10-20,0.96651584,-0.15657993,-0.19696282,-1.676984,0.2536744,0.5104016,-0.17144898,0.050730508,0.68059546
2022-10-21,-0.064492784,-0.4834833,-0.20972343,-1.1736896,0.28629774,0.46051136,-0.27792057,1.3921243,0.19957508
2022-10-24,-0.03180601,0.5746171,-0.661832,0.12744765,-0.21467999,-1.2278242,-0.8655767,-0.26603493,-0.6868733
2022-10-25,-0.2351112,0.95813435,0.26819807,0.21725729,-0.05003052,0.49879533,0.27380875,0.29739013,-0.31828335
2022-10-26,1.0606017,0.4029352,-0.7547534,-1.2029979,-0.57411456,1.1749349,-0.8608342,-0.79637676,0.5600175
2022-10-27,-0.2371538,0.60706204,-1.4087178,-0.1772339,0.9892589,-0.8788666,-0.92074776,-0.094733596,-0.3363103
2022-10-28,-1.1814479,0.58716905,-0.23916906,1.515187,0.49145013,-1.2211515,0.40018818,0.30401582,-0.8956608
2022-10-31,-0.08558629,0.49681827,0.41101053,0.44071862,0.112366624,-0.338923,2.4919178,0.7736052,-0.9507752
2022-11-01,1.3576345,-1.2332554,0.20298477,-1.3188118,-0.051609136,0.33528823,0.554762,0.48936588,0.9058182
2022-11-02,0.50299114,0.7470406,0.9246819,0.55577797,-1.8773905,0.37080404,-0.24718915,-0.39579928,-0.35808086
2022-11-03,-1.2529681,0.05109741,-0.09346674,0.73069465,1.1279075,0.424939,-0.35193256,-0.0333682,0.595735
2022-11-04,0.87762666,0.0255196,-0.40480164,-1.9569063,-1.5210419,1.9738684,0.015407925,1.0032091,0.101041466
2022-11-07,0.17459352,-0.3759512,0.49987084,-0.16083878,0.119808555,-0.5551353,-0.04214008,0.77755463,-1.107683
2022-11-08,-0.042057987,-0.97775865,-0.702482,-2.4740243,0.82433003,0.20721479,-0.3869169,-0.2762255,0.18909618
2022-11-09,0.025049618,-0.8896012,0.23800175,-0.3140715,0.39545274,-0.41724712,1.2386065,-0.19217026,-0.027196698
2022-11-10,0.5937334,-0.27415678,-0.25001422,-1.928833,-1.0191238,-0.36253706,0.009042069,0.32090312,-1.184251
2022-11-11,0.64328825,0.05298322,-0.19867156,-0.608612,-0.22095421,1.7437975,0.44109595,-0.23776181,1.7568913
2022-11-14,0.67390496,-0.7685756,-0.5000113,-0.7039213,0.43484005,-0.15272178,-0.11220191,-0.18940243,-0.16186589
2022-11-15,0.5965813,-0.16116846,-0.9459715,0.74568236,0.0060709883,1.0594356,0.09825618,-0.9041085,0.19203694
2022-11-16,-1.267584,-0.035910893,0.56933314,0.2728488,1.2843502,-0.6313427,-0.58835375,0.34924743,-0.75453323
2022-11-17,-1.3977709,-0.4359978,0.39658737,0.55272657,1.2218937,-1.6163632,0.13456796,-0.09259118,-0.40040717
2022-11-18,0.058489278,-0.85142154,-0.5611709,-0.12975976,0.36182553,0.21848659,0.2213859,-0.07637729,0.7298809
2022-11-21,0.08595433,0.27566645,0.25933665,0.6239237,-0.18505722,-1.3432049,-0.14024666,0.7722906,-1.3556746
2022-11-22,0.47812793,0.6772473,0.5143757,-0.85356086,-1.071972,0.76816165,-0.117470264,-0.44656333,0.5245868
2022-11-23,0.8438028,-0.19158168,0.53438836,-0.39618704,-0.19876853,-0.29832408,1.0656,0.26389787,-0.88910085
2022-11-25,0.54608476,-0.3764654,0.72597706,-0.4302788,1.1378261,-0.84702533,0.003018233,0.17103775,-0.039930582
2022-11-28,0.11414849,-0.108462565,-0.8673084,-0.1763744,0.2658532,-0.31663945,0.14421521,-0.54697704,0.70349187
2022-11-29,0.4915216,0.39820448,0.30250585,-0.41720435,-1.5942163,0.3738423,0.3725572,0.2385045,-0.5239607
2022-11-30,0.015474192,0.7836893,0.11853479,-1.4883213,-0.4333593,1.4313154,-0.15740538,0.46240482,1.4280647
2022-12-01,-0.06024052,-0.37922293,0.17396785,-2.381493,0.69644713,0.4286541,-1.3606833,-0.6735939,-0.7482253
2022-12-02,-0.16391434,-0.7584378,-0.35030892,-1.3897012,0.07866438,-0.046984892,0.08507301,-1.1320378,0.9830372
2022-12-05,-0.80184203,-1.0612222,0.37636003,-0.5906349,0.5433979,-0.14460462,0.41271043,-1.180046,1.448269
2022-12-06,0.41436327,-0.70910585,0.6549621,-1.0456272,0.07959262,-0.24010853,1.2121222,-0.4475157,0.31497878
2022-12-07,1.592776,-0.8711042,-0.5307532,-1.06762,-0.21958877,0.05321148,0.5376891,-0.13031702,-0.5936548
2022-12-08,-0.831871,-0.27385417,-0.86618286,-0.6859498,0.4858434,-0.10503191,0.3200696,1.2452161,0.1997059
2022-12-09,0.54459965,-0.24932554,0.4519468,-0.3840165,0.23605183,-0.012851341,-0.9053815,0.34038493,-0.7899661
2022-12-12,0.31242555,1.2035983,-0.4703455,1.4899215,-0.59687746,-0.907217,0.21937288,0.65203613,-0.61776704
2022-12-13,0.1165126,1.2352215,-0.10651982,-0.53477913,-0.11378959,1.0074915,-0.95456433,1.8708225,-0.2777997
2022-12-14,-0.87242156,1.1548799,-0.25878727,-0.19126736,0.549171,0.1426721,-0.8718806,0.40583315,0.40919614
2022-12-15,-0.4828573,0.13985106,-0.020138908,1.2729436,-0.10401948,-0.95272475,0.7084291,-0.91173375,-0.8545544
2022-12-16,-0.013772895,-0.21927187,1.3747886,-0.65236604,1.4720931,-0.23098935,0.21429305,0.23301506,0.29193124
2022-12-19,-0.7012095,0.35510716,0.06677052,-0.62610936,0.9204909,-0.14282796,-0.08528497,0.043816704,1.0403115
2022-12-20,1.0472761,0.14911357,-0.3609353,-1.7514004,0.100340545,1.0068015,0.30504236,0.90602326,0.069768116
2022-12-21,0.97757953,1.418723,0.4913955,0.8528794,-0.056511678,0.21652937,-0.08244563,0.30562353,0.21013694
2022-12-22,-0.52224845,-0.14222057,-0.15111601,0.7527987,1.1066103,-0.45823562,-0.20626046,-0.4367152,0.70342785
2022-12-23,0.99053407,1.4902992,-0.30361366,-0.67730135,0.10195855,0.059685085,-0.48829243,0.86887515,-0.4574486
2022-12-28,0.10041397,1.0554224,-0.1634648,-0.5577797,1.3886569,-0.15617682,0.27865532,0.39460716,1.1508402
2022-12-29,0.378421,-0.22319312,-0.09066807,-1.5308324,1.0760093,0.12683985,-0.6315929,0.45707884,-0.21133462
2022-12-30,0.21866709,1.292581,-0.008184456,-0.03955171,1.0153831,0.276608,-0.32477176,-0.46869192,-0.7294031
2023-01-03,0.84928393,-1.5395123,0.04242847,-1.221484,0.68545926,-0.49173614,-0.86874634,-0.60980105,-0.55492455
2023-01-04,-0.2956608,-1.3542497,0.46826866,-0.66196746,0.6525015,-1.2970282,0.07323566,-0.28803408,-0.6943539
2023-01-05,-1.1112227,0.94655794,0.20539951,-0.35367236,1.1564227,-0.1608585,-0.17078914,-0.59625274,1.4964836
2023-01-06,0.72372484,0.9964515,0.17470165,-1.9161775,0.3672209,0.78172207,0.13347183,0.23975357,-0.044747032
2023-01-09,-0.5211707,0.36248764,-0.515262,-1.306674,-0.5750859,0.89398724,0.30756053,-0.53540814,1.637026
2023-01-10,-0.5088754,0.14914802,0.08071991,-0.21407843,1.6102977,0.30535743,-0.70268816,-0.29374412,1.0539824
2023-01-11,-0.11503354,1.0286214,-0.78580624,-0.4631924,0.8869343,0.60179263,-0.49920502,-0.6254233,0.8308462
2023-01-12,1.1718231,-0.17790163,-1.1815076,-0.054924104,-0.39608097,0.3362328,0.10827584,0.70664805,-0.25479344
2023-01-13,-0.14321852,0.48209676,-1.1680262,-1.1972249,0.5091042,0.43621174,0.10690157,0.31118086,0.8886717
2023-01-17,-0.022725955,0.7152347,1.2179234,0.94641346,0.41909605,0.60839957,0.6092788,0.34938404,0.51047105
2023-01-18,0.53555757,-0.15059663,0.05515523,-0.79492825,-0.550283,0.5022161,-0.539091,-1.3769584,0.9473051
2023-01-30,-0.3329388,-1.8389338,-0.5182262,-1.0167906,1.28941,0.35219207,1.129178,0.71782815,0.66671103
2023-01-31,0.40642744,0.3122101,0.23642884,-0.60001725,-1.117302,0.730374,0.77349854,0.397167,0.03451867
2023-02-01,-0.32984832,-0.64193994,0.34656283,-0.2964675,2.189302,-0.77502435,0.26079726,-0.60958296,-0.074103095
2023-02-02,0.2955427,-0.05716355,0.2920081,-1.1903965,-0.06038931,-0.41424903,0.65207046,0.6874468,0.33619064
2023-02-03,-0.8585989,0.001954417,0.9224636,1.0370884,1.3005357,-1.2920004,1.0968221,-1.3167503,0.79848826
2023-02-06,0.05303856,0.5524387,0.21903849,0.6028073,0.39736444,-1.4562626,-0.33575818,0.76263386,-0.8793963
2023-02-07,-0.15829298,1.6552653,-0.11787322,0.22587821,-0.8635335,0.52506036,-0.464624,0.5582676,-0.45520473
2023-02-08,0.29372352,0.2593409,-0.7141599,-0.40165025,1.2487588,-0.2744444,0.26767296,0.52361536,-0.004240126
2023-02-09,-0.03729266,-0.5482776,0.3297842,-0.64858425,-0.61572504,0.4064428,0.37795445,-1.5256463,0.6059418
2023-02-10,0.16128005,1.3452982,-0.57231706,1.4004259,0.5391108,-0.7502474,0.8823713,1.370046,-0.78303397
2023-02-13,-0.5909816,0.7788028,-0.41815734,-0.5030554,0.5599787,-0.37199014,-0.21235964,0.3252714,0.73629004
2023-02-14,-0.16778027,-0.4433936,0.2821837,0.3526207,-1.1207825,0.17100936,0.44008934,0.18525523,-0.53822047
2023-02-15,-0.46600407,0.4121382,1.193258,0.6285846,1.0206686,-1.2540433,-0.16427268,0.37372983,0.9855907
2023-02-16,0.8074762,-0.195591,0.039726324,-1.2542351,-0.010429838,0.25830135,0.28280255,0.20853893,0.29397944
2023-02-17,0.70734304,-0.33938748,0.18415181,-0.6591625,0.73390067,-0.69472814,0.6714198,0.061459325,0.5178257
2023-02-21,1.4726671,0.4568893,0.1193665,-1.2561294,-0.08822429,1.1005174,-0.1118977,-0.1743484,1.6803179
2023-02-22,-1.8611577,0.72021586,1.3319366,-0.75084317,0.71164525,-0.5444292,0.80018324,1.015748,-0.1887568
2023-02-23,-0.9480122,0.8885274,0.9252375,0.63399786,0.92713475,-0.74462533,-0.32362327,0.15773287,-0.2150394
2023-02-24,-0.95508254,1.4819652,1.0047679,0.7260586,0.44342953,-0.6183597,0.05130329,-0.01438733,-0.26137385
2023-02-27,-0.4671419,-0.41905293,0.4182778,-1.6364477,-0.92778575,1.0250058,-0.036759805,0.10703236,-0.48799714
2023-02-28,-0.16656291,0.6890652,0.31729698,-1.5400257,0.59371954,-0.3947328,-0.9838078,-0.15266038,0.012897435
2023-03-01,1.2804443,1.3536421,-0.65142626,-0.28802508,0.30827373,0.42721993,-0.6817003,-1.2792976,0.2730854
2023-03-02,0.08543397,0.74813646,-0.31331354,0.7276307,1.0906192,-0.7666256,0.24476291,0.46772933,-0.550872
2023-03-03,-0.08057147,0.6593979,-0.19476555,-0.9867835,-0.14291304,0.27220455,0.14051667,0.8765887,-0.46491313
2023-03-06,-0.4680469,0.08602721,-0.007223856,-1.0122617,1.4163092,-0.36330965,-0.3500724,0.041059032,0.917343
2023-03-07,-0.44162354,-0.10781498,1.0865815,1.3201941,0.5213338,-1.0982145,0.93344337,-0.82653457,0.11640593
2023-03-08,0.23784623,0.69797343,0.36379388,-1.1731849,1.3265051,-0.0582437,0.019934474,-0.43521664,0.80337566
2023-03-09,-0.6432582,-0.54765576,0.6243094,-1.3284127,0.5182849,-0.2509056,-0.5017568,-0.3783508,-0.44868436
2023-03-10,0.5518881,0.73890114,-0.20820415,-0.13337663,1.1218929,-0.66720915,-0.7003126,1.3644931,-0.8312155
2023-03-13,0.79345626,-0.1472076,0.25178385,-2.1356835,-0.13643542,0.8544365,-0.19717418,0.5346078,-1.8024516
2023-03-14,0.058439218,0.11699034,0.7044944,-0.5961072,1.3125153,0.18765458,0.87127906,-0.109432004,0.26054174
2023-03-15,0.3394782,-0.6350881,0.07281997,0.28592733,1.5497733,-1.4208094,1.1172574,-0.2172933,-0.86246794
2023-03-16,0.66351384,1.3254294,-0.34681642,-0.043770764,-0.4597776,-0.4374299,0.49654266,-0.057276078,-0.26754537
2023-03-17,0.63083005,0.021926612,-0.19437604,-1.6957318,1.3949094,0.15077227,-0.39686257,0.3058388,-0.16146684
2023-03-20,0.6845704,0.91122115,0.2602379,-0.9212163,1.122096,-0.10165232,-0.5375079,0.08403275,0.07027516
2023-03-21,-0.7467931,1.1809195,0.8565973,-0.041673314,-0.25683877,-0.43940175,0.20681666,-0.69286364,0.4546302
2023-03-22,-0.25288454,0.78817374,0.17427918,-1.3670399,1.7783717,0.1964432,-0.76007813,-0.37102562,0.60364443
2023-03-23,0.7024157,0.29508108,0.83611935,-1.9396816,1.2629738,0.27159557,-0.7723784,-0.58538914,-0.2824993
2023-03-24,1.4205954,1.1684303,0.26327208,0.1945675,0.20498587,-0.39138147,1.1666865,0.3217016,0.10892669
2023-03-27,0.56007564,1.7752032,-0.0020560457,0.24476129,0.77907234,0.35886195,0.15348043,-0.04566012,1.4452894
2023-03-28,0.91055375,1.0770566,0.15322731,-0.64181185,0.8171076,0.8140013,0.4097132,-0.1389388,0.53602856
2023-03-29,-0.36519927,0.5163425,-0.027656263,-1.0700519,1.5866913,-0.18652101,0.49811167,0.53280544,0.63411766
2023-03-30,0.4027382,0.56853044,0.71455306,-0.71331424,0.66117495,0.04065699,-0.22686279,0.95742816,-0.8448417
2023-03-31,1.4467025,1.2717897,-0.056959208,0.23375738,0.26560327,0.2828649,0.3970545,0.26044595,0.11365813
2023-04-03,0.30966187,1.7981093,0.29811403,0.53660184,0.19539209,-0.43938142,-0.6656766,0.81502616,0.20617282
2023-04-04,0.60097635,0.3007495,0.15827392,-1.0512007,0.9012517,-0.37046686,-0.21926527,0.9157373,-1.5654856
2023-04-06,-1.036522,-0.09706665,0.5764662,-0.9039148,-0.47862983,-0.44333923,-0.12072184,0.6557247,0.49683857
2023-04-11,1.2044977,1.2407203,0.3066986,0.18512724,-0.3030746,-0.5033079,0.68849814,0.0010360552,-0.5525505
2023-04-12,0.53579944,0.8683082,0.03894336,-1.4044993,1.0936146,0.047750644,-0.6411967,-0.13106488,0.6273714
2023-04-13,0.73919743,0.0739818,0.6806151,-2.369231,0.4729001,0.42179525,-0.43745625,0.099251226,0.1987003
2023-04-14,0.9320881,1.0661379,0.18173471,0.73239994,0.606858,0.12265833,1.1626736,-0.5649407,0.32395458
2023-04-17,1.1314017,0.5821104,0.9450451,0.33922058,-0.30620772,-0.18602952,1.2109352,0.37352553,-0.020849021
2023-04-18,0.58886695,0.84292954,1.8021533,-0.88117284,-0.16329977,0.35275182,-0.058319498,0.82443905,0.66467905
2023-04-19,-0.04008438,0.48160803,1.1974609,-0.92375815,1.6264923,-0.5119328,-0.21549451,-0.5603381,0.082645446
2023-04-20,-0.7859316,-1.1318132,-0.31792638,-0.6381749,1.0265698,-0.47282484,-0.09094692,0.11363051,-0.62285507
2023-04-21,0.19034903,1.3231564,0.8590889,-0.12846285,1.342024,-0.8576595,-0.38246977,-0.06231419,-0.27454293
2023-04-24,-0.39589584,1.4089538,1.4288228,-0.5568013,0.3935511,-0.19483317,-0.07531314,0.15591262,0.031949878
2023-04-25,-1.2817509,-0.56851757,0.17628352,0.1802821,1.1137854,-1.0098994,0.15696885,0.53896886,-0.78880656
2023-04-26,0.6618855,-1.0677495,-0.34243283,-0.95525026,-0.6776487,-0.5753279,-0.18538548,-0.94797075,0.38246652
2023-04-27,-0.84417164,-1.182972,-0.035523724,-0.5071479,-1.4400756,0.28738427,-0.096827164,0.13691604,-0.9783478
2023-04-28,-0.051755268,-0.047653187,-1.5111567,0.34512347,-0.70260704,0.788213,0.8452203,0.64957905,0.25220716
2023-05-04,0.145381,-0.08291367,0.48691508,-0.9090738,1.852,-0.026510866,2.0671513,-0.12982643,-0.79946434
2023-05-05,-0.31519273,0.71250975,-1.3840476,0.21552835,-1.3817968,0.7984266,1.1660068,0.9598357,0.7436999
2023-05-09,-0.8145367,-1.7204363,-1.2527325,0.042337567,-0.73567504,0.5873088,-1.2288123,1.1807119,-0.78394717
2023-05-10,-1.5757207,-0.2940245,-0.47351834,0.0757492,0.6686024,-0.7243799,0.14987819,0.8191105,-0.60505986
2023-05-11,-1.4550471,-0.12548973,0.08490341,0.9131549,0.46068475,-1.6869938,0.104118355,0.08937177,-0.60597503
2023-05-12,-0.146711,-0.66012836,0.3991976,-0.09099564,-0.52040803,0.12621242,0.5657389,-0.7666297,0.537657
2023-05-15,-1.3225895,-0.26402518,0.60181254,-0.763287,-1.5551602,0.07557873,-0.58705086,0.6060415,-0.7267308
2023-05-16,-1.9801742,-0.8261892,-0.409447,0.12925535,-0.41627017,-0.53820616,-0.19800092,-0.58520395,-0.6026824
2023-05-17,-0.6553171,-0.69560474,0.033262797,-0.5252544,-1.0982182,0.8835496,-1.5384643,-0.42855135,0.10516781
2023-05-18,-1.3519981,-1.2567154,-0.43911573,1.0436866,-1.321593,-0.6802486,0.15582429,0.56252176,-0.73946595
2023-05-19,-1.231327,-1.6015613,-0.8971526,-1.4433358,-1.3910466,0.034455378,-0.42348388,0.32974946,-0.43989247
2023-05-22,-0.7754874,-0.9425987,-2.0470915,0.9770727,-0.29825982,-0.120121524,0.7097169,0.83844376,0.19804958
2023-05-23,-1.2189361,-0.48618042,-1.0333673,0.8422548,0.22766581,-0.55797887,0.01775534,0.3408313,-0.76212966
2023-05-24,-0.7633835,0.84217376,-0.2995226,1.2237717,0.2955096,-1.3549929,-0.44587117,0.4000286,-0.14656894
2023-05-25,0.52585435,0.36945873,-0.06354199,-0.37455365,1.003519,-0.34287593,0.49985588,-0.9935972,0.9767166
2023-05-26,-0.16555922,0.34529814,-1.0748633,-1.1800666,0.06641417,0.9097001,0.5752911,0.20449387,1.0947663
2023-05-30,-0.6194917,-1.6131889,1.7543751,-0.7221023,0.18928145,0.0007944648,-0.27340174,-0.75270975,-0.48177403
2023-05-31,1.2902354,0.26995462,0.124366656,0.38479245,-0.2560396,-0.857467,-0.033908814,-0.7410104,-0.74840206
2023-06-01,1.4220989,0.1293439,-0.14694759,-0.4445809,-0.48941475,0.84510416,0.04656673,0.9399978,1.1537302
2023-06-02,0.38186458,0.55696595,-1.146627,1.0389854,0.018386245,-0.29664862,0.17756765,0.60026747,0.94509333
2023-06-05,0.33587143,0.4874945,0.11593911,-0.18530309,-0.104396395,-0.49232477,-1.0758263,0.21647613,-0.8900082
2023-06-06,0.7026629,-0.35168043,-0.79957396,0.033632986,-0.40639445,-0.28731346,0.29196465,0.8806564,0.39127287
2023-06-07,-0.719331,0.3650289,-0.36780402,-0.41702482,-1.1738404,-0.34397385,-0.0032840413,-0.96758056,0.7776561
2023-06-08,0.054498762,-1.1198307,-0.4089279,-0.14160414,-0.85904247,1.019323,0.72899914,1.7723159,-0.16048968
2023-06-09,-0.34864098,-0.73796844,-0.65952593,-0.30564296,-0.057123125,0.21391223,0.47835082,0.41267464,0.61876017
2023-06-12,-0.2673831,-0.5961193,0.30464584,0.42434463,1.2491416,-0.5998673,0.5173671,-0.018477015,-0.2752992
2023-06-13,0.55085754,0.6166245,-0.70409757,0.05188782,-0.99682117,-0.118990764,0.07954262,-0.617923,0.67492616
2023-06-14,0.26918986,-0.83240885,0.09049392,-1.251635,-0.61155653,0.8268569,0.02326026,-0.23996705,0.5066877
2023-06-15,0.7795461,1.2317605,-1.2100619,0.90469575,-0.8902849,0.14857392,0.6749788,1.3905033,-0.2887868
2023-06-16,0.6924277,0.80784947,-0.73952365,0.82477254,0.4821697,0.6862638,0.96683234,1.4347227,0.050000727
2023-06-20,-0.8292572,0.25367746,1.0095266,0.66423553,1.550739,-0.68030196,0.60990334,-0.12102013,0.4933622
2023-06-21,0.3501517,1.0890653,-0.80738103,0.72718245,1.3756471,0.038897227,-0.09121324,-0.39543486,0.16739084
2023-06-26,0.4812563,0.13958332,0.12979692,0.5810492,0.1263705,-1.9754287,-0.13860178,-0.30964288,-1.3457357
2023-06-27,0.086341284,-0.36565158,0.5415829,-1.1351429,-0.57258993,0.0030716609,-0.59637296,-1.2564666,0.7898042
2023-06-28,-1.2038324,0.20782138,0.84860873,-0.26084313,0.2117871,-0.8041787,-1.9641455,-1.1719807,-0.44590586
2023-06-29,0.86942524,0.5172276,0.85647166,1.111746,-0.38968152,-0.15170194,-0.11158636,-0.16319896,-0.2025251
2023-06-30,0.2109252,0.10892906,-0.5281998,-0.629587,-1.0556436,0.43716678,0.64408845,1.1783953,0.63240975
2023-07-03,0.130701,0.1842723,1.427505,-0.28945807,-0.25507653,0.46335554,0.7600769,0.38991123,0.24483714
2023-07-05,0.41824546,1.4196588,-1.1115144,0.2843221,0.10478536,0.2782394,0.19085953,0.6461319,-0.548997
2023-07-06,-0.40068805,0.123443544,0.101959705,0.16826256,0.90234506,-0.37006238,0.35885394,-0.5886998,0.21948881
2023-07-07,-0.5892489,0.002669535,-0.12407664,-0.38051295,0.07149144,0.041847304,-1.9979556,0.5157234,-0.10047235
2023-07-10,0.85296315,0.15385811,-0.45461503,-0.07959804,-0.014606178,-0.10849105,0.5959146,0.7436511,-0.28751904
2023-07-11,-0.12908973,0.71749264,0.6285416,0.23239373,0.44543177,0.61328435,-0.2445738,0.76298547,0.3012155
2023-07-12,0.31404752,-0.5304004,0.11952133,-2.1939137,-0.4474514,0.98518795,-0.9921038,-0.3827615,0.22085172
2023-07-13,0.6347031,0.4902119,-0.63580203,-0.65992934,0.7644585,0.7721526,0.9793119,1.4228233,0.81792307
2023-07-14,0.37139422,-0.72085667,0.6425591,-0.034184225,0.2967902,-0.009195942,-0.7254916,0.23365475,-0.13711204
2023-07-17,-1.7056199,-0.012191776,0.74052215,-1.6845839,-0.21569473,-1.0249453,-1.361494,-1.4289042,-0.5797083
2023-07-18,1.5567936,1.2312572,-0.3991835,0.5277888,0.7825192,0.027506111,0.17286603,0.5053503,-0.7912652
2023-07-19,1.0496943,0.66608566,-0.23768683,1.2319789,0.9572625,0.56378996,0.65959245,0.8996354,-0.19261889
2023-07-20,0.11740406,0.198982,0.19613305,0.38161114,-1.5877066,0.15247364,0.9525865,0.14176954,0.2818637
2023-07-21,-0.6643634,1.1612219,-0.06495192,-0.25673613,-0.02304004,-0.37112856,-0.25460765,0.50878054,0.037177257
2023-07-24,1.5990942,1.0881307,-1.1323966,0.6312498,0.42678052,0.7006296,1.1769418,0.8477745,0.16535354
2023-07-25,1.0562996,0.73499125,0.76651925,-1.1815662,-0.50816727,0.7957163,0.12282241,-0.7601684,0.46563432
2023-07-26,-0.58149976,0.63709784,1.0153967,-0.7778395,0.42276323,-0.5582923,-1.3056781,-0.38954866,-0.052092817
2023-07-27,-0.35006157,1.1770707,-0.15849173,0.47521216,1.1149334,-0.62386954,-0.7535257,-1.234227,0.77274144
2023-07-28,0.38302064,0.9154087,0.7314515,-1.3009615,0.17093824,-0.17986189,-1.3891896,-1.3551009,-0.42338273
2023-07-31,-0.9255132,-0.068843774,1.025577,-2.0268626,-0.87936234,0.2807669,-1.029512,-0.79373217,0.3095009
2023-08-01,-0.123971015,-0.22698063,0.35257688,1.3820863,0.09263093,-0.07662989,-0.33861277,-0.36912924,0.5383418
2023-08-02,-0.7778624,-0.3318014,0.68860376,0.30065534,0.7378935,-1.2941358,0.031470314,0.16331169,-0.84968525
2023-08-03,-0.5991642,0.73159766,0.040974863,-0.3394137,-0.69445044,-0.10846613,-0.6800923,-0.9986503,0.320778
2023-08-04,0.39246714,0.18608826,-0.39560494,0.007761012,0.36039087,-0.48888418,-0.684837,0.41746017,0.060591903
2023-08-07,-0.30511415,0.32487097,0.7236398,0.111639164,-0.37852874,-0.18502831,0.5140844,-0.21912226,-0.55397415
2023-08-08,0.14636424,1.5641434,0.31449032,1.0806105,0.81526583,-0.89175546,0.2744172,0.0086703645,0.13780797
2023-08-09,-0.3527394,1.3373814,-0.011428842,0.31028652,-0.23318982,-0.040771894,-0.81095713,-0.3020863,0.17465387
2023-08-10,-0.080305666,-0.21620847,0.3584888,-0.9570498,1.2096672,0.31425875,-0.09672783,0.41898245,0.15824349
2023-08-11,-0.59905034,0.20293584,1.040255,0.16123834,0.31542167,-0.2146039,-0.27485248,0.22187127,-0.7786611
2023-08-14,0.25921252,0.6295114,0.2325002,-0.008093787,1.1818244,-0.79334486,0.008325781,-0.7467791,-0.38073978
2023-08-15,-0.5529782,0.49869546,0.15238343,-0.66741586,1.4422654,-0.7302048,-0.8006973,-2.4575021,-0.7667267
2023-08-16,0.46257094,0.7133176,0.15303086,-0.18542747,1.2084074,-0.06418872,0.7913434,0.2996724,0.5013778
2023-08-17,0.79115325,1.4108326,0.16912201,-0.4053952,0.38431734,-0.051130317,-0.024089476,-0.61364496,0.2871206
2023-08-18,1.6103274,1.6695476,0.6912709,0.15510724,1.1741447,-0.023185452,-0.20592913,0.4771627,0.22865555
2023-08-21,0.09847068,-0.32617941,0.29343376,-0.94740987,-0.28466353,-0.13276051,-0.39607722,-0.2589302,-0.47471014
2023-08-22,0.11523398,-0.45700276,0.29550916,-1.1901096,0.40180993,0.7121895,-0.7110779,-0.86187357,0.046650726
2023-08-23,1.4438459,-0.67120874,-0.41204292,-0.92980754,-0.33953533,0.94936043,0.6157731,0.95038366,-0.26238042
2023-08-24,-0.36584377,-0.05323345,0.036379017,-0.12781721,0.10151598,-0.36414787,-0.3458619,0.8675196,0.23982044
2023-08-25,-0.30081475,0.9794202,-0.5290073,0.20479597,0.013879864,0.2812778,-0.15555152,0.754018,0.186815
2023-08-29,0.6034672,0.6906521,1.1163908,-1.942756,0.6700699,0.07903268,-0.60690403,0.2668637,0.1351407
2023-08-30,1.2382165,0.6127198,1.3323705,0.06397611,-0.57409036,0.025066754,0.06874973,-0.8677986,-1.2979122
2023-08-31,0.13701876,0.259339,-0.15712552,0.5907424,0.56792295,-0.092034005,-0.64424473,-0.5470672,-0.12834284
2023-09-01,0.33370513,-0.26823387,0.29698247,-0.33100727,-0.63563794,1.1539418,0.2321906,-0.32101005,0.89841574
2023-09-05,-0.6723088,0.55527294,-0.60382336,1.1316736,0.60891354,-0.34326044,-0.28611016,-0.19752163,0.76031196
2023-09-06,0.31834278,0.41880673,-0.73518103,0.79854375,1.185285,-1.0628492,0.15992288,0.1930345,0.32468393
2023-09-07,-1.110076,-0.294858,-0.33950248,-0.42860252,0.5214065,-0.20883733,-0.63099873,-0.12991707,0.2577397
2023-09-08,-0.6787526,1.1757374,0.124401,0.3473175,0.41694945,-0.33062983,-0.4859998,-0.2170827,-0.42315808
2023-09-11,0.7925134,0.88286483,0.80941474,-1.1826806,-0.41005045,0.6591847,0.078849815,-0.18603459,0.97268325
2023-09-12,-0.09526125,0.8733356,1.1142852,0.06333759,0.33381435,-0.18460646,-0.3217802,0.24587718,-0.5947437
2023-09-13,0.8674659,0.59062237,-0.7735808,0.05819885,0.37542957,-0.13829826,0.18657745,-0.49520153,0.44388184
2023-09-14,-0.38573378,0.24875522,0.16692689,-0.7816075,-0.6533673,0.035789236,-0.4782648,0.05422392,0.6738772
2023-09-15,1.4633088,0.158136,0.478068,0.42943692,1.165191,-0.3833265,0.076179355,1.2356181,-1.133134
2023-09-18,-0.43415457,-0.37208703,0.6910745,-0.98134667,-0.2544883,0.18881671,-0.3538395,-0.20839001,-0.3824382
2023-09-19,0.44659036,0.7295784,1.4922644,0.14873235,-0.06987141,0.077589676,-0.05272116,0.5727297,-0.37208587
2023-09-20,0.08202149,0.026852401,-0.4110523,-1.3157387,1.6590973,0.017040314,-0.22285545,-0.53838146,0.93248534
2023-09-21,-1.3187104,0.7972441,0.09975118,-0.007917282,1.1268747,-0.7543571,-0.7278642,-1.1925235,-0.210609
2023-09-22,0.58020943,-0.3316943,-0.8367057,-0.851944,0.19252498,-0.10795203,0.28198925,-0.02543076,0.344822
2023-09-25,-0.12395522,1.24854,0.78531235,-0.18730818,0.9987046,-0.6326095,0.75462425,-0.9509958,0.14864829
2023-09-26,-0.44184613,1.035143,0.6092925,0.025647597,-0.23352075,-0.24334256,0.9087129,-0.1974023,0.14766149
2023-09-27,-0.46504223,1.60679,0.36173603,0.91117465,-0.09561082,-0.2829907,0.12545633,-0.43127185,0.5840083
2023-10-09,-0.2167176,-1.8125557,1.3899386,-1.0480701,-0.058229778,-0.2093315,1.5899558,-0.61591744,-0.6666442
2023-10-10,-0.6477903,0.37176156,0.23352373,-0.56145054,0.43017763,-0.8292398,-0.7329645,0.24516284,-0.6068998
2023-10-11,0.08126845,-0.33606628,0.36380288,-0.74053216,0.631828,-0.69397986,-0.33721307,0.16330735,-0.25896108
2023-10-12,0.86149853,0.3357574,-0.31010288,0.8404545,0.13365775,-0.2793822,0.853461,0.5885623,0.29133928
2023-10-13,-0.13824524,0.49329886,-0.60027754,-0.53687465,-0.46191272,0.5895739,-1.4273853,1.6897192,-1.1628425
2023-10-16,0.23841316,-0.70157874,-1.8499258,-0.4592668,0.4810226,0.088097535,-0.09717274,-0.90888715,-0.6545643
2023-10-17,-0.18311535,-0.732383,-0.4520704,-0.4471769,0.030126099,-0.035466388,-0.11476439,0.90189856,-0.121008664
2023-10-18,-0.0640522,0.627501,-0.70097065,-0.8511421,-0.043152034,-0.1400564,0.5822099,0.2891094,0.056291092
2023-10-19,-0.17162812,1.3839184,-0.6390877,-1.0910468,0.52461255,-0.7060145,1.285305,0.15132566,-0.20431381
2023-10-20,0.834569,0.3474013,0.63361716,-0.36235982,0.88853556,-0.17532927,-1.6480396,-0.36535078,-0.6482241
2023-10-23,-0.5536955,0.2887454,2.0783472,-0.6029839,0.9512777,0.4032057,0.57302934,-0.44426295,-0.27879944
2023-10-24,-0.13808237,-1.0350072,0.0026066995,-0.89513427,-0.55485314,-0.35546985,0.526218,-0.27585077,0.633632
2023-10-25,-1.6724337,-0.09830421,-0.3230008,-0.96544296,0.696577,0.49853197,0.16693842,1.4178494,0.848941
2023-10-26,-0.22876544,0.5169488,1.144659,0.050763577,0.39045107,-0.36876222,0.11099682,0.28629765,-0.628014
2023-10-27,0.08511933,0.116598606,-0.24993852,-0.5580365,-0.3207504,0.2568516,-0.15970078,0.3868557,1.4249508
2023-10-30,0.85988665,-0.8968456,0.6228084,-1.3482175,0.1733453,0.527487,-0.02663858,0.21183531,-0.80681723
2023-10-31,-0.8013333,0.04324972,0.36422035,0.027899373,-0.75417686,-0.68006665,0.35820436,0.543872,-0.55836606
2023-11-01,-0.39488932,-0.6480006,-1.1707128,-0.688477,1.0112652,0.25813466,0.2266268,-0.5273989,0.4212357
2023-11-02,0.04863749,1.0312011,0.25313506,0.16772638,-0.6146929,-0.3584832,-0.1456886,1.053583,0.046144642
2023-11-03,0.91077214,-0.36365318,0.5139759,-1.3360156,0.019457413,0.3020562,0.89844346,0.5118791,0.15042263
2023-11-06,-0.048852332,0.35249645,-0.1530801,-0.1340665,0.40733108,0.51863796,0.6109504,0.07197269,1.6355823
2023-11-07,-0.61905235,-0.07317476,1.0057949,-0.46661815,1.3933568,-0.888784,0.4804155,-1.2250489,0.4154815
2023-11-08,1.2490957,0.06773718,0.012750966,0.51873136,0.7673969,-0.3515513,0.7886585,-0.13442482,0.4910668
2023-11-09,-0.5105462,0.44275147,1.0394669,-0.7857761,-0.07258297,0.21226452,0.40686324,-0.07734724,-0.7412232
2023-11-10,-0.22598937,1.2912058,0.8293127,1.301824,0.9584192,-0.6807969,-0.17439704,-0.22716013,0.45008782
2023-11-13,0.017541034,0.9657353,-0.96177524,-0.8838553,-0.728874,-0.055016767,1.4856627,1.1712162,0.059828624
2023-11-14,1.3843124,0.21636215,0.23647878,-1.0154763,0.71538454,0.6021595,-1.0050611,0.27526468,-0.18551975
2023-11-15,0.68933046,-0.46150044,-0.6174612,-0.9631954,-0.6061022,-0.2420082,0.1269585,-0.030237865,0.13809995
2023-11-16,-0.19579715,-0.10624533,1.5965167,-1.1758257,1.9372017,-0.13623728,0.45070592,-0.1458146,-0.6984342
2023-11-17,-0.18283315,0.95928586,0.04195364,-0.08193736,0.549892,-0.1019799,-1.5761594,-0.6856045,0.257901
2023-11-20,-0.061453555,0.6548324,-0.59192795,-0.79578507,-0.6209889,0.42633343,0.40099686,0.7363499,0.8159649
2023-11-21,0.67961323,0.8257262,-0.72602445,-0.900364,0.77853155,0.21632582,0.17888136,0.3711873,-0.37277046
2023-11-22,-0.03518292,1.2373573,1.1063279,-0.014929223,0.6414484,-0.8418289,0.54738075,-0.33764175,-0.5975793
2023-11-24,0.11249658,1.0871949,1.3632902,-1.9513774,1.2739364,-0.12050647,-0.18955116,-0.93344194,-0.44678766
2023-11-27,0.015355396,0.16735944,0.7817215,-0.28131482,0.6083555,-0.44053546,-0.59186614,0.14307293,-0.19590558
2023-11-28,1.9781858,1.4009875,-0.01321907,-0.44752356,0.27766764,0.10413032,-0.20659962,0.8282457,0.08317839
2023-11-29,-0.5498238,1.3920536,0.48711243,-0.40186894,1.0115608,0.16185036,0.67558545,1.031393,-0.041177336
2023-11-30,1.2000554,0.5907451,1.4849873,0.068843454,0.10717472,-0.3689836,0.6573569,0.08175054,-0.16481484
2023-12-01,1.0885835,0.13614003,1.056462,-1.6115848,0.5433303,0.3470463,0.060487997,-0.92901045,-0.2026172
2023-12-04,-0.40556592,0.9185536,0.5152325,0.5964277,1.5585158,-0.7546583,0.6351072,-0.87620664,0.356075
2023-12-05,0.8713883,1.6608276,1.052644,0.1734784,1.0554581,-1.0105417,0.409137,-0.44642973,-0.14495488
2023-12-06,0.118367285,1.4559097,1.4449726,-1.0273015,1.7286284,-0.6286034,0.45481387,-1.3671851,0.07370297
2023-12-07,0.9741431,0.2519528,0.3370338,-0.058168385,-0.63868135,0.92560315,1.0157683,0.24603951,0.08482346
2023-12-08,-0.26205367,0.3042478,-0.0695296,0.3028685,-0.38918018,-0.34663615,-0.86972195,-0.42281723,0.9713566
2023-12-11,-0.17898104,0.31306607,0.15978996,0.22159451,-0.5235152,-1.0676124,0.04070634,-0.0064254454,0.68103874
2023-12-12,0.5010375,-0.6547374,-0.13617326,-1.0146662,1.5408431,0.17328665,0.48072544,-0.17539296,0.2995534
2023-12-13,-0.441156,0.14765997,0.68315816,-0.53710115,-0.52132237,-0.56922674,-0.6049277,-0.78874546,-0.23653191
2023-12-14,0.59068865,0.4433097,-0.5241826,-2.5735714,-0.35862213,0.88102096,-0.7498807,0.9951339,-0.6649501
2023-12-15,0.68638086,0.6881858,-0.111299954,0.9034638,-0.020736966,0.29393852,0.9919415,0.872953,1.0393497
2023-12-18,-0.52827317,0.7942558,0.0043751937,-0.04733791,-0.31142217,-0.80392087,-0.47224936,0.5024666,-0.23332919
2023-12-19,0.574192,0.4032654,-0.438584,-0.5333245,0.44900554,0.6841341,-0.79152364,-0.38021854,-0.32179654
2023-12-20,0.01836199,0.14619432,-0.2095387,-0.6017725,0.9682342,-0.3487187,-1.276295,-0.5636776,-0.05230201
2023-12-21,0.6855203,0.5513593,0.98887247,-0.09746525,0.07500914,-0.44218832,-0.1703432,-0.51540285,-0.6659779
2023-12-22,-0.40583947,-0.70586175,0.43524703,-0.9415406,0.26034728,1.0655298,0.11721578,0.49666056,0.5588616
2023-12-27,0.17207879,0.20442879,-0.49341193,-1.5556273,-0.16025141,0.64152646,0.8314139,0.876169,0.36958203
2023-12-28,-0.5862692,-1.1835759,0.20766845,-0.7747566,0.7202157,0.47923014,0.41885766,0.6887789,0.16092688
2023-12-29,0.35690036,0.30173022,-0.66149414,0.112685286,0.6466233,-0.817607,-0.4588319,-1.2256501,0.29001686
