date,F1,F2,F3,F4,F5
2013-10-21,-0.2822087,0.096100606,-0.43660352,-0.58593374,0.1573974
2013-10-22,-1.5049725,0.4205255,-0.9282139,-0.9201869,-0.26610467
2013-10-23,0.6612718,-1.2820272,0.5281854,0.16158569,1.2498295
2013-10-24,-1.2851101,0.20930101,-0.5506174,0.040706385,0.07765031
2013-10-25,-0.45227355,0.42374942,0.043152094,0.31326723,-0.006900894
2013-10-28,-0.82316387,1.1683385,0.19641271,1.0363955,-0.19222385
2013-10-29,0.51326114,-0.27243975,0.11836091,0.052842233,0.18005663
2013-10-30,-0.7806324,0.075357355,-0.6652193,-0.08443758,-0.66340905
2013-10-31,1.3626966,0.22305141,1.1668061,1.1191474,1.0147517
2013-11-01,0.019704485,-0.16010654,-0.21507053,-0.4364971,1.2946342
2013-11-04,0.19896536,0.003405493,0.19076055,0.42940673,0.7424088
2013-11-05,-0.023963535,0.256164,0.13451771,0.19881512,0.44300625
2013-11-06,-0.42308718,0.26044723,-0.23970325,0.37252915,-0.15701444
2013-11-07,0.42646518,-0.2535699,0.08725382,-0.22186476,0.61695415
2013-11-08,1.3322536,-0.06864579,0.8441375,0.5838947,-0.23188978
2013-11-11,0.5860757,-0.19086768,0.4604222,0.52522963,-0.2833668
2013-11-12,0.8813144,-0.15241556,0.31926492,0.21970916,0.44291663
2013-11-13,0.67209774,0.18674818,0.4979028,0.9293291,0.09979988
2013-11-14,-0.50766194,0.40848255,-0.7575498,0.1988068,-0.2587634
2013-11-15,-0.58808523,1.0773836,-0.19041751,0.31028238,0.1656916
2013-11-18,0.66667694,0.37899566,0.7955037,0.7877835,0.84455615
2013-11-19,-0.08087405,0.062043864,-0.44638443,-0.59636605,0.05175852
2013-11-20,0.75531715,0.056139797,0.8251192,0.9879234,-0.0330557
2013-11-21,1.1568713,-0.1846018,0.5304772,0.3521507,-1.0105306
2013-11-22,0.13258316,-0.26414534,0.06729488,0.14290869,-0.30285528
2013-11-25,0.45370927,-0.17710488,0.024337182,-0.2788804,0.21247356
2013-11-26,-0.021662118,0.34398028,0.20206779,0.5187035,0.14229096
2013-11-27,0.29730827,-0.17195317,0.50483066,0.8063387,0.552131
2013-11-29,-0.5551575,-0.048474804,-0.8929052,-0.8977639,-0.5453813
2013-12-02,1.0839807,0.17251946,1.2817258,1.4556334,0.41543567
2013-12-03,0.68715465,0.050773416,0.10929669,0.4772271,-0.25897977
2013-12-04,-1.3852717,0.22184429,-1.378711,-1.1784594,-0.8617195
2013-12-06,0.69099486,0.35423487,0.5719247,0.50871426,0.17995924
2013-12-09,-0.40766743,-0.39654672,-0.67152953,-1.0615946,-0.06107803
2013-12-10,-1.1998231,0.6562293,-1.3162099,-0.8968752,-0.5464464
2013-12-11,0.119764775,-0.18391226,-0.04237597,-0.36067235,-0.40900922
2013-12-12,0.8435819,0.87892413,0.98837274,1.250925,0.93404096
2013-12-13,-0.75086504,0.9531058,-0.58508223,-0.31674755,0.124681085
2013-12-16,-0.649753,-0.76965594,-0.6323273,0.08861831,-1.0294001
2013-12-18,0.018893609,0.8146914,0.29162052,0.50091773,0.50452787
2013-12-19,1.8087478,-0.34394354,1.6314871,1.0210546,0.09154823
2013-12-20,-0.18566562,0.31412888,-0.6220113,-0.70401186,-1.055116
2013-12-23,0.00011137635,0.42188966,0.18932684,0.39118174,0.51000446
2013-12-24,-0.22603562,0.53681195,-0.37478867,-0.25308615,-0.31953126
2013-12-27,-1.1995298,0.89661723,-1.1800416,-0.7436012,-1.004623
2013-12-30,0.3994488,0.23356658,0.5718564,0.6298583,0.98766965
2013-12-31,0.34115013,0.025169116,0.4331768,0.3278672,0.60684294
2014-01-02,-1.8151358,0.1852013,-1.2015272,-0.98155475,0.63059354
2014-01-03,0.1819646,-0.8252931,-0.3073787,-0.5541148,0.7322893
2014-01-06,0.68801445,0.11329082,-0.073676646,-0.41156122,0.057126507
2014-01-07,0.5793131,0.3790715,0.27011475,0.5871394,-0.06286168
2014-01-08,-0.042518757,0.63486403,0.064292446,0.5934259,0.79245436
2014-01-09,0.077566974,-0.039419495,-0.19429563,0.052237123,0.7588827
2014-01-10,-0.59770435,-0.21407285,-0.8797372,-1.2421125,-1.1683307
2014-01-13,-0.99142325,-0.36561882,-0.30239776,-0.35261372,-0.4075011
2014-01-14,0.33244842,-0.53022623,0.03922728,0.17633455,-0.07656969
2014-01-15,-0.3600865,1.0445999,0.30777174,0.7152827,-0.40291786
2014-01-16,0.36241972,-0.25957873,0.047943085,-0.60801065,-0.11500916
2014-01-17,-0.89578295,0.7307652,-0.7130173,-0.04930027,-0.2773848
2014-01-21,0.4447322,0.62742573,0.5422194,0.56470627,0.17441632
2014-01-22,-0.051807616,-0.15171616,0.14591591,0.997773,-0.3415008
2014-01-23,-0.21194902,-0.81962013,-0.18422754,0.113533385,0.07815293
2014-01-24,-0.1665021,-0.60699475,0.8882305,1.2446265,0.1837797
2014-01-27,0.083252035,0.16228862,-0.11395156,-0.056199025,1.1376169
2014-01-28,0.7302752,-0.027013037,0.7946538,0.6143765,-0.2159152
2014-01-29,-1.069309,0.25426435,0.19482961,1.237906,-0.050518744
2014-02-10,1.7214016,-0.4597504,-0.35357252,-1.8367181,-1.8202324
2014-02-11,-0.39298064,-0.27992857,-0.26970953,0.23493908,-0.41456428
2014-02-12,-0.70769197,0.71106213,-0.59370977,-0.834527,-0.55068487
2014-02-13,-0.2676658,-1.0969151,-0.06629497,0.31294405,-0.37645453
2014-02-14,-1.0797735,0.24614628,-1.160568,-0.6875285,-0.67159235
2014-02-18,-0.22826634,-1.1464441,-0.13217135,-1.0211067,-1.7705922
2014-02-19,0.49076867,-0.30660617,0.06468052,-0.00984458,-0.5861451
2014-02-20,0.38673937,-0.22354083,0.47554487,0.42892912,0.116020285
2014-02-21,-0.5388548,-0.2141155,-0.21144879,-0.5919396,0.06100727
2014-02-24,0.5943463,0.6278103,-0.50638074,-1.2454334,-0.20165765
2014-02-25,0.23636411,-0.22311622,-0.19033669,-0.51081043,0.33031186
2014-02-26,0.95486253,0.3156121,0.8723139,0.38903219,0.048354972
2014-02-27,-0.5464231,1.1545265,-0.54407537,-0.55285275,0.46061084
2014-02-28,0.55479807,-1.2317898,0.0999968,0.05903691,-0.3132546
2014-03-03,1.0907006,-0.34087554,-0.1831385,-0.95537376,-1.3431643
2014-03-04,0.14791104,-1.1172272,0.07737094,-1.0572587,-0.3936587
2014-03-05,0.27098995,0.43129453,-0.5973846,-1.1998242,0.3105159
2014-03-06,-0.2692208,-1.0806673,-0.26651463,-0.7936759,-0.75842065
2014-03-07,1.4149851,-0.44977865,0.97636193,1.1860232,0.4485895
2014-03-10,-0.61263424,0.8813991,0.044295434,0.044738248,0.87559503
2014-03-11,0.7897359,-0.9175394,0.47849283,0.23148514,0.52256274
2014-03-12,-0.6867988,-0.14147209,-1.0193225,-0.79118115,0.14984481
2014-03-13,-0.020357825,-0.11862681,0.11965566,0.017372636,0.5377615
2014-03-14,-0.916774,0.5797304,-0.08916182,0.92662543,0.029523721
2014-03-17,-0.040080987,-1.1431414,0.42578793,-0.16714247,0.7620896
2014-03-18,1.4666917,-0.5641186,0.54169846,-0.5480944,-0.7355991
2014-03-19,0.8133113,-0.7123471,0.45738447,-0.5515613,0.0037087381
2014-03-20,0.37371373,0.2893573,0.887137,1.6649956,0.91128606
2014-03-21,-0.70098543,0.8774373,-0.09186063,0.40091082,-0.012476559
2014-03-24,1.4888076,-0.8481991,0.4365857,-0.25097236,-0.04877422
2014-03-25,0.021635704,0.85075814,-0.21049798,-0.36897072,-0.45517886
2014-03-26,0.5270522,0.113794,0.70058364,0.837026,0.5078228
2014-03-27,0.67500967,-0.36129797,0.64568764,0.03663038,-0.643567
2014-03-28,-0.13248442,0.88101685,-0.23670693,-0.27241427,-0.22426194
2014-03-31,0.45632342,-0.59889454,-0.14963995,-0.6098879,-0.0120775355
2014-04-01,-0.08396133,-0.8576741,-0.22748214,-0.30117443,0.39462826
2014-04-02,-1.6503683,0.97313935,-0.7342469,0.018204777,0.41556132
2014-04-03,0.85175395,-0.28494018,0.2994831,0.17310444,-0.7552655
2014-04-04,0.022137117,0.76823336,-0.7167698,-0.5556533,-0.43362626
2014-04-08,0.40677735,-0.25466025,-0.30682224,-0.33283696,-0.81647396
2014-04-09,-0.12964027,0.11307251,0.30740762,0.53256243,-0.48065832
2014-04-10,-1.3377308,0.66125983,-0.9095847,-0.4955999,-0.27805555
2014-04-11,-0.39791852,0.49554762,0.066725254,0.6303822,0.37659642
2014-04-14,0.5843013,-0.31614488,-0.39365813,-0.528838,-0.87420535
2014-04-15,1.7532467,-1.0424707,0.77864856,0.636279,0.42764798
2014-04-16,-0.45839736,0.3297305,-0.012217671,-0.29006714,-0.65789056
2014-04-17,0.7053791,0.41016468,-0.24138539,0.23523761,0.026670689
2014-04-22,0.41753253,1.4795759,0.17907122,-0.16059177,0.3310262
2014-04-23,0.26790023,-0.31716493,0.07925655,-0.54042345,0.004611931
2014-04-24,-0.25301757,0.11593348,-0.6040145,-0.113099836,-0.57268053
2014-04-25,0.34264922,-1.1070305,-0.21202366,-0.6610913,0.10212276
2014-04-28,0.104220524,-0.6809371,0.2098142,0.19780885,0.5796974
2014-04-29,1.3142459,-0.552211,0.022099454,-0.29383275,-0.54428697
2014-04-30,0.67952746,-0.24869807,-0.003965714,-0.09194845,0.9488832
2014-05-06,-1.063963,0.27284253,-1.1154437,-0.8405819,0.6480114
2014-05-07,0.7686644,0.47664955,0.9174927,1.2304976,0.41828066
2014-05-08,0.300386,-0.042644378,-0.05351023,-0.5479083,-0.20131631
2014-05-09,-0.64418006,0.038290266,-0.013962812,0.3712045,0.1848251
2014-05-12,-0.9957759,1.0627692,-1.0723556,-0.81467885,-0.62800765
2014-05-13,0.6187019,-0.3207809,0.17675114,-0.24617355,-0.3471355
2014-05-14,-0.98999184,0.9625339,-0.38134527,-0.022797156,-0.43103665
2014-05-15,0.16090864,0.43285063,0.88488865,1.4538732,0.9095586
2014-05-16,-0.5148286,0.42903304,0.11362064,0.61095077,0.35674566
2014-05-19,-0.8029741,0.26361147,-0.28173783,-0.33242267,-0.19472244
2014-05-20,-0.18797837,0.44774646,-0.08202085,0.4205922,0.29117462
2014-05-21,0.5681908,-0.41071436,0.40597615,0.416025,-0.14488672
2014-05-22,-0.49935073,0.33133712,-0.7127989,-0.63674265,-0.2833146
2014-05-23,-0.101011,0.4442955,0.24200092,0.40111095,0.10794043
2014-05-27,-0.04147848,0.76998234,0.532803,1.0078523,0.7367302
2014-05-28,0.052322615,-0.12535988,0.30824807,0.0688088,0.27184066
2014-05-29,0.53611815,0.58382607,0.2520036,-0.074314296,0.061770994
2014-05-30,0.053151004,0.5834309,0.30305305,0.45652774,0.93286973
2014-06-03,-0.8554581,0.84961516,-0.041752886,0.22632402,0.4780544
2014-06-04,0.2541006,-0.6183635,0.03920482,0.13449696,0.2903865
2014-06-05,-1.1471074,0.6956183,-0.4641322,0.3795152,0.05121419
2014-06-06,0.70356834,-0.91783506,0.025192514,-0.58197886,-0.3396999
2014-06-09,-0.2299261,0.7950454,-0.14292479,0.27283704,-0.39499924
2014-06-10,-0.35348952,0.5429315,-0.4963634,-0.2401915,0.20306198
2014-06-11,-0.16225167,0.9203055,0.21148047,1.020727,0.54860437
2014-06-12,-0.33606485,-0.010487884,0.57229835,1.4363343,-0.27513424
2014-06-13,0.7322503,-0.42816624,0.056890346,-0.6984125,-0.86985844
2014-06-16,-1.056671,0.3079691,0.02181323,0.0119375605,-0.28962913
2014-06-17,-0.26843804,0.682862,-0.12692271,-0.06887279,-0.302491
2014-06-18,0.7928838,-0.2332818,0.04385741,-0.6158064,-0.5291113
2014-06-19,-1.2426116,-0.44288132,-1.0461495,-0.9926703,-1.0131528
2014-06-20,-0.07801591,0.6783672,-0.39344075,-0.4030045,-0.040805265
2014-06-23,-0.35416886,0.3537183,-0.23363562,-0.20934007,0.16954547
2014-06-24,-1.067012,-0.15791307,0.20999783,0.7583752,0.21089907
2014-06-25,-0.109330356,0.18303823,-0.32822448,-0.63465345,-0.048740882
2014-06-26,0.480295,-0.44397366,-0.16886117,-0.33349296,0.19322969
2014-06-27,-0.53736764,-0.22818793,-0.17837451,0.6169264,0.39653167
2014-06-30,-1.3777493,1.4120542,-0.38113603,0.62903374,0.75226825
2014-07-01,-0.4180096,0.21335319,-0.10606197,-0.32570004,0.1601672
2014-07-02,-0.9004093,1.2517884,-0.813027,-0.7662865,-0.09907371
2014-07-03,0.32970777,-0.25225392,0.1651088,-0.0493116,0.12304371
2014-07-07,-0.24636793,1.0415918,0.084497415,0.62550575,1.1205994
2014-07-08,-0.50326085,0.8729733,-0.42496783,-0.42063087,0.44579497
2014-07-09,-0.8544129,0.49649304,-0.38709167,0.20854859,0.6247624
2014-07-10,-1.4058653,-0.40535703,-0.12356133,0.7357325,0.5454247
2014-07-11,-1.0168709,1.1124616,-0.3003399,0.16211179,0.7853416
2014-07-14,1.4408785,0.06074692,0.8429176,0.52466565,0.25536382
2014-07-15,-1.1038301,1.5239961,0.15135075,0.9313857,1.0076731
2014-07-16,0.32587767,-0.16225691,-0.008419916,0.014438306,-0.07768675
2014-07-17,-0.43176717,0.5746787,-0.85405934,-0.48106313,-0.38232243
2014-07-18,0.54283214,0.7924458,0.35633737,0.5312089,0.5626456
2014-07-21,-0.43956366,1.2898033,-0.53350353,-0.36611977,-0.22655642
2014-07-22,-0.335611,0.5293245,-0.022166366,-0.020285985,-0.03894306
2014-07-23,0.8401866,-0.12720908,-0.017196987,-0.19774666,-0.11013584
2014-07-24,0.31427598,0.22078831,0.4870797,0.1405227,0.14568266
2014-07-25,0.031877086,-0.28545618,-0.25795496,0.043845218,-0.30887404
2014-07-28,0.2968735,-0.43144616,-0.11119342,-0.550576,-0.15942676
2014-07-29,-0.31434616,0.5629451,0.364776,1.3249031,0.7203481
2014-07-30,-0.17147318,0.40418366,-0.4968821,-0.73392963,0.012801734
2014-07-31,1.0443642,-0.11673445,0.34604636,0.38682446,0.6761611
2014-08-01,-0.36032188,0.0016990677,-0.21434817,-0.004511396,0.83597547
2014-08-04,0.61295664,-0.3441056,-0.027896872,-0.784094,-0.8764647
2014-08-05,0.2574306,0.03946319,0.3425709,0.6684888,0.8890495
2014-08-06,0.05993261,-1.0905867,-0.354693,-0.6503286,-0.6866965
2014-08-07,-0.61726797,0.3012279,-0.09546246,0.6893709,0.06832042
2014-08-08,-0.27750888,0.02541922,0.33572394,0.60223436,0.33805874
2014-08-11,0.567804,-0.12867653,-0.17775182,-0.63996357,-0.29584536
2014-08-12,-0.6156346,0.42766267,-0.16876028,0.23303927,0.8385844
2014-08-13,0.063204594,0.8192411,0.35810336,0.9238395,0.5675771
2014-08-14,-0.44776505,-0.17063919,-0.30900207,-0.36661685,1.1943445
2014-08-15,0.91793025,2.0661995,-0.20307603,0.37849975,1.116877
2014-08-18,-0.17456332,-0.12882803,-0.16225632,-0.33903942,0.5180308
2014-08-19,0.19418377,-0.29005343,0.17921622,0.4435907,0.13766731
2014-08-20,0.08404308,1.1990736,-0.40652815,-0.7383875,-0.676685
2014-08-21,1.1458377,-0.3659698,0.6747704,-0.042087696,-0.10536367
2014-08-22,0.5400923,-0.58751494,-0.19075786,-0.45509198,-0.062497295
2014-08-26,-0.89154744,1.4376999,0.17772286,0.77124053,0.1482084
2014-08-27,0.03988869,-0.33717906,0.16000308,0.08480808,0.018530346
2014-08-28,-0.018336317,-0.4370143,-0.028974047,0.05189603,0.15348303
2014-08-29,-0.23984103,0.515866,0.24076882,0.34487018,-0.24673219
2014-09-02,0.40150827,-0.16174085,0.42920846,-0.8852354,1.2811458
2014-09-03,-0.8391894,1.4826757,0.3735116,1.3607305,0.040228598
2014-09-04,-0.5427013,0.45712537,-0.35737458,-0.10743597,0.14368154
2014-09-05,0.40089598,-1.5296912,0.16638832,-0.86306643,-0.076656304
2014-09-09,0.29020923,-0.013044005,1.072999,1.5395166,1.3588696
2014-09-10,-0.17413366,-0.19152877,-0.06270471,0.03992825,0.6808785
2014-09-11,0.4704024,0.9057381,0.46116006,0.88156766,0.74305266
2014-09-12,0.2268004,-0.5358883,-0.09285447,0.007648451,0.06124492
2014-09-15,-0.56517893,0.09973014,0.22216623,0.81957185,0.5055017
2014-09-16,-0.81395054,0.9571422,-0.36250743,0.12139298,-0.8396915
2014-09-17,0.66589177,-0.010690237,0.1939941,-0.2011336,-0.008661779
2014-09-18,-0.14814545,0.60226154,0.22556895,0.7707794,1.5608673
2014-09-19,0.19191466,0.9878453,0.6566552,1.3899547,0.57051647
2014-09-22,0.08081816,-0.05984539,0.45242262,0.26501396,1.05652
2014-09-23,-0.43092355,0.30756798,-0.05950281,0.057321385,0.06382053
2014-09-24,0.47767648,-0.09980096,0.3229325,-0.63114953,-0.6578761
2014-09-25,-0.1645968,0.47181407,0.46233165,0.9907474,0.22825117
2014-09-26,0.22406863,0.6012188,0.54614383,-0.059468824,0.3054463
2014-09-29,0.21491735,-0.7051202,-0.10708457,-0.52846926,-0.96699923
2014-09-30,0.10220095,0.25186777,0.23113522,0.36657947,1.7391821
2014-10-08,1.1601958,-0.9901542,0.20632043,-1.8667165,-0.9638569
2014-10-09,-1.3401604,0.16586652,-0.8823303,-0.9667009,0.12655817
2014-10-10,-0.25087816,0.88981605,0.3894282,1.1216091,0.7581216
2014-10-13,0.61642253,-1.3031384,-0.13112961,-1.1103985,-0.6482046
2014-10-14,0.008198566,-0.9786225,-0.70188147,-1.7904543,0.5474815
2014-10-15,0.6101638,0.98687,-0.3993296,0.39920264,1.6441941
2014-10-16,1.3490316,-0.8778615,0.52975696,0.10108078,-0.1786571
2014-10-17,-0.9591735,1.1365758,-0.15226445,0.40799627,-0.33959982
2014-10-20,-0.31752956,-0.17940179,-0.32277948,0.33802682,0.58154625
2014-10-21,-0.006510053,-0.5288424,-0.49435997,-0.42614794,-0.8376127
2014-10-22,0.0041908068,-0.21064942,0.2701308,-0.3342087,0.4590995
2014-10-23,1.5528398,-0.36872652,0.4737483,0.17920789,-0.54255676
2014-10-24,-0.7459455,0.78607124,0.13862547,0.28039157,0.73680115
2014-10-27,0.7470343,-0.7225975,-0.14245623,-0.504571,-0.21197277
2014-10-28,-0.15809357,-0.25670546,-0.29134983,-0.5892749,-0.9887963
2014-10-29,0.9903838,-0.8328997,0.1912117,-0.7796803,-1.5273892
2014-10-30,1.0325392,0.22325814,1.1330746,1.025936,0.933616
2014-10-31,1.1456504,-0.55888146,0.7751145,0.30139846,0.21536161
2014-11-03,-0.9621665,0.2637247,-0.3280339,0.084576175,0.72398245
2014-11-04,-0.36100632,0.4123057,0.3420979,0.9256587,1.9117582
2014-11-05,1.2820516,-0.19596098,1.0884465,0.8926218,0.3105606
2014-11-06,-0.1981234,-0.056523953,0.23361407,0.36680728,-0.2477777
2014-11-07,-1.251187,0.3891014,-0.6506476,-0.091807775,-0.64418256
2014-11-10,0.33081132,-0.27158675,0.26636133,0.08277508,0.7980562
2014-11-11,0.74868584,-0.8533125,0.040010523,-1.2779043,-0.79313517
2014-11-12,0.2943124,-0.20988023,-0.15241876,-0.5641887,0.3444514
2014-11-13,0.17331305,-1.3326206,-0.22787637,-0.7790983,1.4766965
2014-11-14,-1.644299,0.66835064,-0.9051724,-0.08764333,-0.7408338
2014-11-17,-0.60022765,-0.4651421,0.56646776,0.7462068,0.18960291
2014-11-18,-0.17486134,0.6363046,-0.48281613,-0.22582336,0.3797344
2014-11-19,-0.9665595,1.0552398,-0.2382972,0.09328998,0.036668863
2014-11-20,0.6630927,-1.2807841,0.36937982,-0.18434015,-0.32747206
2014-11-21,-0.065794624,0.55189914,-0.764682,-0.75848526,-0.9746792
2014-11-24,0.12014053,-0.049213905,0.31288424,0.19119318,0.5976784
2014-11-25,0.52027386,-1.3783606,-0.34636763,-0.8069111,-0.052088145
2014-11-26,0.40747797,-0.1805262,0.06542507,-0.35723984,-0.15303828
2014-11-28,0.65572846,-0.5414832,0.2303203,-0.31218693,3.3541672
2014-12-01,-1.6239284,-0.012073205,-1.7495337,-1.2953209,-1.2998853
2014-12-02,0.1354802,0.8542106,0.34240338,0.47986534,2.123164
2014-12-03,-0.20893703,0.17301382,-0.40589318,-0.36456886,0.20007235
2014-12-04,-0.2669388,0.06496325,-0.57453126,-1.4220492,-0.2503092
2014-12-05,1.2493495,-1.329285,0.9169147,0.18111001,0.50246465
2014-12-08,-0.13462894,-0.49640107,-0.43905118,-1.1034328,1.5578556
2014-12-09,-1.7130073,0.15425059,-1.1745244,-0.6589364,-1.0221003
2014-12-10,-0.40650028,-0.6608959,0.01672681,-0.3616679,1.852526
2014-12-11,0.78863096,-0.7298507,-0.0064376327,-0.47406554,-0.07893473
2014-12-12,-0.006920924,-1.4472607,0.03891132,-0.6505705,0.7037992
2014-12-15,1.6867013,-0.6680332,0.8356753,-0.050761312,0.6707391
2014-12-16,1.0735193,0.15113574,0.81059235,0.6604946,1.5272515
2014-12-17,0.40296474,-0.53077996,0.17027256,0.083107576,-0.64191663
2014-12-18,0.14844133,-0.743676,0.047937028,-1.2721281,0.7754913
2014-12-19,0.21941029,1.4484969,-0.03800474,0.035042606,-0.4835481
2014-12-22,1.3371233,0.42834803,0.35956,-0.26383805,0.8689433
2014-12-23,0.26430902,-0.06982703,0.37605608,0.65939283,-0.71915954
2014-12-24,-0.36907473,0.8218411,-0.120134935,-0.3087955,1.58345
2014-12-29,-0.12156175,-1.8358169,-0.26879513,-0.79682595,0.7960673
2014-12-30,-1.1784201,0.80019945,-1.2372478,-0.6580124,-0.13264254
2014-12-31,0.43018702,1.2032207,0.37804773,0.71279466,1.6412784
2015-01-05,-0.45259658,-1.530282,-0.86430687,-1.8545644,1.1584979
2015-01-06,-0.3705084,-0.87559336,-0.81579286,-1.4805745,0.38800827
2015-01-07,-0.19489539,0.45476893,0.24726017,0.18350032,0.51476836
2015-01-08,-0.19515742,0.75819016,-0.024495192,-0.04358176,-0.33410358
2015-01-09,0.08849596,-0.6307929,-0.1823513,-0.62634593,0.63282096
2015-01-12,-0.9358017,0.6173145,-0.70968425,-0.52548534,1.8418043
2015-01-13,-1.1156117,0.29759985,0.004810599,0.5573655,1.0471884
2015-01-14,0.16258454,-0.29845217,1.2750589,2.4428582,-0.20319407
2015-01-15,-1.2709179,-0.0011319076,-1.0580236,-1.4502496,-0.053202488
2015-01-16,-0.73961294,0.33235675,-0.7238303,-0.22972651,-2.0552814
2015-01-20,-0.55068636,0.12663427,-0.83221835,-1.3517936,1.2200549
2015-01-21,-0.9550526,0.5849303,0.0052162088,0.43361196,-0.7596569
2015-01-22,-0.44764933,0.7892126,-0.43011895,-0.038846556,0.80613536
2015-01-23,0.63652575,-0.3634806,0.68824834,1.5632919,0.7170301
2015-01-26,0.21943817,0.795103,0.007908641,-0.9244662,0.059319712
2015-01-27,0.016246246,0.2792284,0.07560163,1.0565202,-0.36044654
2015-01-28,-0.84395826,0.9936362,-0.03795268,-0.03394626,0.7798617
2015-01-29,1.8554624,0.1127135,1.435548,1.3497522,1.1897314
2015-01-30,-0.8751168,0.95731765,-0.55303746,0.15765907,-1.9772793
2015-02-02,0.2801953,0.8674091,0.50745815,1.6794548,-1.3148737
2015-02-03,1.2390478,-0.5497735,0.4512537,-0.18350798,-2.50801
2015-02-04,-0.4261033,-0.12749603,-0.72377807,-1.2858638,1.9586135
2015-02-05,1.1427386,0.07216195,0.17787932,0.30397063,-1.4076908
2015-02-06,1.336072,0.5740717,1.2287205,1.1341436,-0.32801154
2015-02-09,0.36965218,0.1451407,-0.15241154,-0.22812088,-1.0990058
2015-02-10,-0.31652004,-0.40672588,0.582365,0.72361153,1.8686038
2015-02-11,0.51711404,-0.9415619,0.36063433,-0.12877212,0.65159386
2015-02-12,0.20274548,1.0723318,0.16480857,0.27856836,-1.6945612
2015-02-13,-0.25744772,-0.0012312809,-0.075329155,0.8765299,-1.7290953
2015-02-25,-0.004087677,-0.19274063,1.5389552,2.610808,0.42579207
2015-02-26,-0.013909002,0.16627482,-0.48432967,-1.2277412,-0.032454073
2015-02-27,0.6703267,-0.27071166,0.3709776,1.1544595,-1.4661281
2015-03-02,-0.8292552,0.19048236,-0.37491342,-0.78166354,1.9545733
2015-03-03,0.72158504,-0.25677332,0.6352373,1.2596745,0.060020987
2015-03-04,-0.43083033,0.700173,-0.016375666,0.07991903,0.38395038
2015-03-05,-0.6689985,0.43173468,0.066654705,0.2769944,0.6650384
2015-03-06,1.6310712,0.15973704,0.6866274,0.35906214,0.7447306
2015-03-09,0.30073375,-0.24628364,-0.29558495,-0.92435366,0.33744466
2015-03-10,0.3041317,-0.9848899,0.3927844,0.21041416,1.6663107
2015-03-11,0.79235804,-0.53818905,1.0207053,0.9080108,0.22958632
2015-03-12,0.19084845,0.68005264,-0.71637154,-1.1267303,0.33750686
2015-03-13,-1.1567721,0.33384666,-0.7613563,-0.41420218,1.8294052
2015-03-16,0.6372387,-1.2631705,-0.65789026,-0.7616528,0.10126343
2015-03-17,-0.8330384,0.59188366,0.36917475,1.2280766,0.63861465
2015-03-18,1.2128615,-0.21802475,0.40759078,0.8802712,-1.1552614
2015-03-19,-1.0287781,0.9147645,-1.5708481,-1.742742,-0.13502342
2015-03-20,-0.39473537,-0.44218034,-1.066935,-1.6077688,-1.9152288
2015-03-23,0.6891739,-0.14432493,-0.008160333,-0.6468595,-0.89135504
2015-03-24,-0.55645674,-0.1647236,-0.12354117,0.33206722,0.5580261
2015-03-25,0.068560235,0.23751236,0.36056733,0.67550766,-0.4734076
2015-03-26,-0.7528233,1.1936792,0.26330447,1.0917147,-1.049716
2015-03-27,0.30721465,-0.645521,-0.103536524,-0.623539,1.842459
2015-03-30,1.5627809,-0.53530926,0.5937357,-0.011353671,0.6077163
2015-03-31,-0.7106152,0.6422825,-0.028345386,0.6028671,1.009404
2015-04-01,-0.22114739,-0.33358693,-0.7320815,-0.7190533,-1.8043065
2015-04-02,0.61118364,-0.7592027,0.057946905,-1.3623614,0.3963283
2015-04-07,-0.14087394,1.6364837,0.39223328,1.267587,-1.638181
2015-04-08,-0.24307825,-0.71425354,0.19568627,-1.0321053,1.9734346
2015-04-09,0.25604147,1.0343387,0.55915964,1.0014354,0.1903245
2015-04-10,-0.63907564,0.06116442,-0.37050486,0.15723276,-0.8221323
2015-04-13,-0.45135772,1.1443299,0.7098556,1.1649667,0.1733912
2015-04-14,0.54964966,-0.0063208495,0.464452,0.3959312,-0.5943803
2015-04-15,-0.16748552,0.48445633,0.15175901,0.9977028,-1.7682272
2015-04-16,-1.1484554,0.4410496,0.8114912,0.231034,-1.1222873
2015-04-17,-0.04944823,-0.45212612,-0.21920012,0.10523739,0.46107516
2015-04-20,1.0271212,-0.25222063,0.52261597,0.65446013,0.5658399
2015-04-21,-0.8776978,-0.39492363,-0.50755966,-0.21131204,0.51814795
2015-04-22,1.1126746,0.5290479,0.6658519,0.6698524,0.0112699885
2015-04-23,0.54298604,0.2914272,0.27756223,0.29811493,-1.3896415
2015-04-24,-0.094512075,1.6213462,0.18042406,0.17812583,-0.27301073
2015-04-27,-2.1314132,0.29780346,-1.4361578,-0.83908486,-0.4838144
2015-04-28,-0.58929646,-0.24788044,-0.5423119,-0.32001796,-0.3293476
2015-04-29,0.32146353,-0.34305155,0.02377161,0.31232655,-0.9540559
2015-04-30,0.053142898,1.0640626,0.86719847,1.0567358,-0.93038327
2015-05-05,-1.1645147,-0.24915211,-0.58143556,-0.24138571,-1.3374969
2015-05-06,0.76175326,-1.3614864,0.72851896,0.32672086,0.4900159
2015-05-07,0.21193604,0.5458653,-0.08663841,-0.43506858,1.6347685
2015-05-08,-0.017189635,-0.9087949,-0.2026215,-0.8137327,-0.61358005
2015-05-11,0.69274503,-0.24938941,0.59641725,0.2385428,0.69839805
2015-05-12,-0.8398572,0.9091603,-0.33412457,0.34632167,-0.95783955
2015-05-13,-1.0278696,-0.50543064,-1.0757761,0.03829583,-0.6946167
2015-05-14,0.2890989,-0.9089812,-0.16963491,-0.37523067,-0.15532358
2015-05-15,0.17893828,-0.42919108,-0.055907328,-0.3285877,-0.016085114
2015-05-18,0.37621072,-0.6626655,-0.46076682,-0.26070344,0.38176554
2015-05-19,0.7581659,0.19203134,1.0228466,0.82062775,2.226941
2015-05-20,-0.15596321,0.12122662,0.194512,0.8833537,-0.19932762
2015-05-21,0.25776944,-0.404217,0.5571116,1.0420877,-0.77948225
2015-05-22,-0.4779377,0.6113365,-0.06803377,0.45564616,1.4556533
2015-05-26,0.11341484,0.36777055,0.3516628,0.24090487,1.4806991
2015-05-27,-0.22461294,0.33984777,-0.44979203,-0.04567121,1.1977487
2015-05-28,0.35329634,0.34348536,-0.00220109,-0.53971875,-0.502477
2015-05-29,0.6958231,0.2604433,0.6939831,1.6217319,-1.0279263
2015-06-01,0.67942995,-0.94062775,-0.096441016,-1.0231972,-0.105584115
2015-06-02,0.38855955,-1.0305984,0.10142783,-0.47351217,-0.87054926
2015-06-03,0.6395104,0.18562055,-0.03316779,-0.43381432,0.85891813
2015-06-04,1.1083256,-1.1515149,0.3678166,-0.4855994,1.0674372
2015-06-05,0.06475734,0.75086665,0.42561862,0.9586098,-0.20083617
2015-06-08,0.035393044,-0.55808544,-0.35091305,-0.722277,-0.074716195
2015-06-09,-0.04522956,0.24215649,-0.0026986303,1.0709082,-1.3424953
2015-06-10,-1.258534,0.87114626,0.2424205,0.98340243,-0.50695664
2015-06-11,-0.18310861,-0.06263943,0.30666932,1.0573728,1.2841347
2015-06-12,0.39129984,0.14240417,0.08365901,-0.54002255,0.81911534
2015-06-15,-1.0497671,0.18451597,-0.27207443,0.79882866,1.176213
2015-06-16,1.1207988,-0.4405983,0.5019213,0.3174706,-0.3043935
2015-06-17,0.47193927,-0.53370315,0.4151766,0.17984863,-0.030339088
2015-06-18,-0.8668111,0.44870687,-0.82902896,-0.17187123,-0.14265607
2015-06-19,-0.09678694,-0.48433846,-0.2630011,-0.17212468,1.1851743
2015-06-23,2.2535024,-0.693686,0.71670043,-0.41388932,-1.1587793
2015-06-24,0.27910504,0.17435753,-0.4685064,-0.63125104,0.2409463
2015-06-25,0.6463819,-1.3273139,-0.0005704359,-0.8103717,-0.073659934
2015-06-26,1.3647844,-0.7508376,0.25505322,-0.5947604,-0.41097054
2015-06-29,0.26219362,-0.61660236,0.046147503,-0.34057814,0.7956475
2015-06-30,1.8409964,-1.6399004,0.50958127,-0.8053352,-1.3118136
2015-07-01,-1.0883514,0.696967,-0.5630932,-0.68062264,0.89324945
2015-07-02,0.33295542,-0.5598353,0.32496566,0.20373826,-0.19557612
2015-07-06,-0.39548463,-0.9134971,-0.3370183,-1.2892946,2.7125356
2015-07-07,1.3505203,0.37842825,1.3630489,2.123902,1.6510526
2015-07-08,-0.7816987,0.45216343,-0.6197094,-0.48166373,-0.6936984
2015-07-09,-0.17538266,0.011595138,0.00029656824,-0.16192885,-1.5704663
2015-07-10,0.22707395,-0.119412065,0.30569366,-0.51288265,-0.14625812
2015-07-13,-0.13006328,-0.27965933,-0.2918813,-1.4170163,-0.20708908
2015-07-14,0.30671206,0.56522596,-0.26228026,0.61406446,0.26823798
2015-07-15,-0.3786386,-0.1760597,0.69691813,-0.5746778,1.1888714
2015-07-17,0.7033558,1.1861178,0.4249215,1.2086642,0.9801885
2015-07-20,-0.120008454,1.1831172,0.367922,1.2202342,1.06601
2015-07-21,0.02138089,-0.5950105,0.45225695,0.7384764,0.11923337
2015-07-22,0.15836029,-0.20055337,0.6664899,0.41944456,1.0917
2015-07-23,0.29131266,-0.26256952,0.13278174,-0.20480494,0.95399994
2015-07-24,-0.35691777,1.1199881,0.04541611,0.72726893,1.3283325
2015-07-27,-1.6138092,0.72308433,-0.31260368,0.6366406,1.4016199
2015-07-28,-0.07923685,-0.4284033,-0.24114238,-0.7471223,-1.0168713
2015-07-29,-0.25769973,0.71089226,-0.0074308403,0.41960606,-0.02442302
2015-07-30,0.9049188,-0.19631565,0.023257583,0.15923437,0.33054155
2015-07-31,-0.048814002,0.1546344,-0.19738567,-0.039572872,0.9481213
2015-08-03,0.059137806,-0.76505536,0.09651273,-0.5787134,2.1742709
2015-08-04,-0.39250612,0.26369163,0.34283167,0.19609141,-0.49517304
2015-08-05,0.6720011,-0.8509368,0.28948072,-0.008394893,0.47945935
2015-08-06,-0.59140694,0.0048978156,-0.27134225,0.23320465,0.56341195
2015-08-07,0.37197563,-0.96000236,-0.41849795,-0.8384854,-0.012438997
2015-08-10,0.11868246,-0.60945064,-0.7169917,-1.1323984,-2.4530911
2015-08-11,-0.6160746,0.6294908,0.30378607,0.93295336,1.9093728
2015-08-12,-1.4468791,2.144425,-0.23758742,1.0297033,0.39325398
2015-08-13,1.5011103,-0.99342906,-0.08148653,-0.795061,-0.12674907
2015-08-14,0.22734098,0.08944325,0.11541581,-0.16574608,0.22938545
2015-08-17,0.48164266,1.8152716,-0.56521857,-0.25042564,1.3773829
2015-08-18,0.67826456,0.3496833,0.8312286,1.0437815,0.89540225
2015-08-19,-1.3314321,-0.17853071,-0.9853731,-1.0515115,1.1750665
2015-08-20,-1.0501426,-0.6212874,-1.0114744,-1.263659,-0.5981923
2015-08-21,-0.39687994,0.6809464,0.075560845,0.6761551,1.8607411
2015-08-24,0.2272648,-1.2994323,1.0757896,0.25404662,2.5021687
2015-08-25,-0.18949541,0.6727937,0.60190064,-0.075393476,-0.5079195
2015-08-26,0.5026896,-0.046403103,0.75262237,0.9811831,1.7746129
2015-08-27,0.34954754,0.89205265,-0.030439936,0.103311144,-3.168414
2015-08-28,-0.24066289,0.49751088,-0.21664554,0.6787076,-2.413479
2015-09-01,-0.86543554,-0.45581678,0.06220623,0.60521173,1.3342382
2015-09-02,-0.5573195,0.9317138,0.12720856,0.59438473,-0.1922636
2015-09-08,0.43664753,0.21630508,0.07617264,-1.3111013,-0.55571514
2015-09-09,0.5885713,0.07038573,0.3887434,-0.8659216,1.2285906
2015-09-10,-0.12184801,-0.21114817,-0.051681094,0.41184413,-1.1435683
2015-09-11,1.2184429,-0.77515125,0.29288012,-0.67163384,0.30459386
2015-09-14,0.7062511,-1.7503573,0.3437773,-0.26524192,1.2201715
2015-09-15,0.6869102,-1.2051437,0.032898746,-0.53907216,-0.4353771
2015-09-16,-1.076579,1.1067699,-0.35431367,0.37768432,-1.4590343
2015-09-17,-0.7921464,0.028159315,0.2051281,0.38709626,0.649863
2015-09-18,-1.2188439,-0.36005408,-0.6634809,0.12814522,1.6342067
2015-09-21,1.1797004,-0.44969234,0.38739282,0.12668213,-0.9964478
2015-09-22,0.94566596,0.04567265,1.2990383,1.8277537,1.264467
2015-09-23,0.32480338,-0.94742113,-0.36802757,-1.0420109,0.25082472
2015-09-24,-1.325503,0.08958207,-1.1454157,-0.8686114,-0.6898603
2015-09-25,1.6890788,-1.0191454,0.48066568,-0.67623365,-0.8453375
2015-09-28,0.75427,0.05835028,0.8507347,0.26323313,2.0074873
2015-09-29,0.3245174,0.065052114,0.2981069,0.205008,-0.83915615
2015-09-30,0.2673123,0.42339948,0.13924181,-1.1048527,-0.5280913
2015-10-08,-0.05829431,0.13505994,-0.6116499,-0.65277237,-2.7891264
2015-10-09,-1.0225017,1.2423972,-1.223554,-1.2485651,-0.86950326
2015-10-12,-0.74127567,-0.64740396,-0.8108834,-1.4137267,1.278594
2015-10-13,0.71299386,-1.8241566,0.013253372,-0.79601187,0.43432686
2015-10-14,-1.3650392,0.39554262,-0.13697827,0.048022028,-0.23574461
2015-10-15,-0.14263076,1.1599128,-0.6786578,-0.3115754,0.5389257
2015-10-16,-0.3801239,0.6147886,0.6582823,1.2291145,-0.2965853
2015-10-19,-0.32602698,-0.26671845,0.50227934,0.196744,1.9573745
2015-10-20,-0.2584204,-1.0348785,0.14150265,0.030953461,-0.3780879
2015-10-21,0.7327113,-1.2238097,1.3404032,0.30477065,0.28189424
2015-10-22,-0.9283511,0.9230405,0.34328124,0.37930682,-0.29541025
2015-10-23,0.32053366,0.42093018,-0.09544519,-0.017710887,0.7081913
2015-10-26,0.65128493,0.10782824,-0.18806165,-1.0378344,0.83347464
2015-10-27,-0.13199186,0.18617967,-0.110940084,-0.14105824,0.5658946
2015-10-28,-0.70458925,1.0510798,0.16834779,0.56735784,-1.7382699
2015-10-29,1.3223767,-0.7311018,1.7642838,1.4475832,0.71008426
2015-10-30,0.9960874,-0.13585632,0.26319233,0.558026,-0.7148265
2015-11-02,-0.10424682,0.7295562,0.4796199,0.15218501,0.6187861
2015-11-03,1.4880267,0.30610922,1.0492381,0.8996234,-1.0731927
2015-11-04,0.16540536,-1.0831128,-0.14308523,-0.49451673,1.4506923
2015-11-05,-0.649394,0.3915059,0.2129494,0.567117,1.2720461
2015-11-06,0.63939023,-0.39621186,1.0379798,0.62488866,0.4817085
2015-11-09,0.13271639,0.88112134,0.45954886,1.0099632,1.0731348
2015-11-10,-0.44160935,0.89505637,0.7039059,0.81759167,0.56702995
2015-11-11,0.095442586,-0.68938655,0.03955462,-1.1915516,0.6049171
2015-11-12,0.49719444,-0.9591022,0.35179764,-0.41659993,1.2938305
2015-11-13,-0.5359343,-0.106642805,-0.06670451,0.0115486635,1.2232066
2015-11-16,0.5729616,0.02074791,0.683578,0.06359721,0.3825019
2015-11-17,0.23145291,-0.7112489,0.82686824,0.45527795,0.5420704
2015-11-18,-0.41574818,0.028361622,0.87015384,1.3405846,0.18668313
2015-11-19,-0.27190056,-0.31872562,-0.08323864,-1.0104814,-0.6930035
2015-11-20,0.43032378,0.20084053,0.29720944,0.05462742,0.16896702
2015-11-23,1.2253671,-0.69950014,0.9887919,0.80329835,-0.059871502
2015-11-24,-1.1820985,0.7987402,-0.111246616,0.4390495,-1.3361783
2015-11-25,-0.097197995,-0.7696745,0.46942183,-0.30316597,-0.4994936
2015-11-27,-0.40516084,-0.2039166,0.87832487,0.2373903,1.1557825
2015-11-30,-0.1680259,-1.299265,-0.12960495,-0.4648135,0.15325816
2015-12-01,0.22742395,0.0038873146,0.11090716,-0.8842999,-0.7137155
2015-12-02,-0.40630075,-0.9886728,0.45465076,-0.72049725,1.5594964
2015-12-03,0.21444196,-0.87254643,0.31306735,0.2838164,-1.076926
2015-12-04,-1.0356025,-0.69727844,-1.32968,-1.76736,-0.81422466
2015-12-07,-0.053109873,-0.032289598,0.101759575,-0.16617553,2.9204943
2015-12-08,-0.020812059,-0.38893327,0.5779558,0.29270226,0.64178467
2015-12-09,0.023768421,-0.058007974,-0.5383112,-0.96170837,-0.2798994
2015-12-10,-0.28660583,-1.2424237,0.9956084,0.4844094,-0.17337228
2015-12-11,-1.6751692,-0.48875326,0.3976925,-0.47706884,0.6672673
2015-12-14,0.90403247,-0.40721697,0.19708632,-0.69787276,0.2461805
2015-12-15,-0.037159804,-0.61426014,1.3880097,0.8950265,-0.012669471
2015-12-16,-2.007618,0.52137005,-1.0052394,-0.9936785,0.2703404
2015-12-17,2.1355915,-0.31717932,1.2711778,0.7946771,0.8441903
2015-12-18,-1.0868348,-0.13249977,-0.6930047,-1.2416898,-1.4889314
2015-12-21,-1.663377,-0.16838351,-1.0756283,-0.5908344,0.14765441
2015-12-22,0.36187044,0.38442913,0.43095163,0.5789954,0.55409926
2015-12-23,-0.09813157,0.7693148,0.37521493,0.84571135,-1.4740626
2015-12-24,-0.6376829,0.042459197,-0.3865284,0.2884628,-0.5393381
2015-12-29,-0.4008647,-0.04763451,0.010827701,1.0301763,-0.5399516
2015-12-30,0.6263299,0.18314174,0.028025255,-1.1116337,0.925211
2015-12-31,-0.039760806,0.054151393,-0.054198477,0.7859812,-0.4264725
2016-01-04,-0.454864,0.5289907,0.38867432,1.6886382,0.9254004
2016-01-05,-0.6385893,-0.8151322,-0.25718525,-0.3237442,0.3063271
2016-01-06,-0.57882106,-1.2664256,-0.3419247,-1.2373568,1.8056461
2016-01-07,-0.63908684,-1.0198059,-0.29634464,-0.11217904,0.58800954
2016-01-08,0.7265353,-0.9070727,0.19333062,-0.38284537,0.6557115
2016-01-11,0.21123388,-0.24624376,0.5538143,0.04058789,2.4611197
2016-01-12,1.0106273,-1.1617967,0.47950357,-0.6860237,0.59731555
2016-01-13,-0.57755077,-0.062006734,-0.86726236,-1.6511077,-0.22285223
2016-01-14,0.9101218,0.84257776,0.7595642,0.06795955,-0.46175525
2016-01-15,-0.21230243,-1.485903,-0.68832624,-1.1469524,1.8853526
2016-01-19,-0.31719783,-0.05901304,-0.5875124,-1.4427342,-0.04738678
2016-01-20,-1.7210076,-1.2831736,0.39559764,0.15763608,1.7171586
2016-01-21,-0.42272034,0.3962228,1.0112193,0.6525266,-2.0266962
2016-01-22,0.44405788,0.799066,0.84157073,1.5697868,-2.3564444
2016-01-25,-0.7301681,-0.90749764,-1.0450792,-1.3805753,1.4194663
2016-01-26,-0.93267196,0.7246376,-0.66191465,-0.26203895,-1.6653861
2016-01-27,0.048623372,0.6628277,-0.0845364,1.1233747,-1.2371725
2016-01-28,0.23981947,0.82243407,0.83779615,1.7697606,-0.16140148
2016-01-29,0.044455856,-0.54658633,-0.05845771,0.06662281,-1.0768058
2016-02-01,-0.33781108,0.29655275,-0.8645519,-0.68434745,1.0491693
2016-02-02,0.32381028,-0.22153503,-0.3437895,-1.3642061,1.4512925
2016-02-03,-0.8445105,0.75867724,-0.41348067,0.35045794,-2.1579845
2016-02-04,-1.2716237,0.5735385,-0.9173475,-0.45624796,-0.34951878
2016-02-05,-0.122071214,-0.72102964,0.6893249,0.6041791,1.4620963
2016-02-22,-1.9184101,0.08677396,-1.3578148,-0.83459747,-1.5343491
2016-02-23,-0.4940088,-0.097252235,0.0028549219,-1.1177292,1.2316579
2016-02-24,-0.90527207,0.2867068,0.23542126,1.0307305,-0.7860534
2016-02-25,0.74502504,0.75403327,0.72606987,1.0747519,-0.1202006
2016-02-26,0.04720428,0.24196266,0.7128381,0.6314283,-0.027309785
2016-02-29,-0.114457294,0.95014244,-0.6242459,-0.36745614,-0.9194511
2016-03-01,0.2021092,1.0541645,0.34782663,1.6828489,-1.1532818
2016-03-02,-0.16390508,0.47101057,-0.5888713,-0.9263868,-0.7298436
2016-03-03,-0.20941493,-0.14713016,-0.6786061,-1.0161363,-0.6198501
2016-03-04,-0.87021434,0.19569157,-1.1192663,-0.49500456,-2.1878726
2016-03-07,0.36117062,0.4492375,0.605737,1.6836829,-1.5113072
2016-03-08,1.1646061,-1.153971,0.99724644,0.6097345,1.2455559
2016-03-09,-0.042538043,0.068080276,0.3031022,0.9291718,-1.5299159
2016-03-10,0.018112892,-1.1554233,-0.13372254,-0.638635,0.49918774
2016-03-11,0.9264951,0.13196203,0.1291988,-0.4654809,-0.9517549
2016-03-14,1.0610826,-0.61180407,0.37106407,-0.4876163,0.8566844
2016-03-15,1.0398568,-1.4407827,0.15029772,0.05677054,0.5966689
2016-03-16,0.39734367,0.6825208,0.51518583,1.0859002,-1.338845
2016-03-17,-1.6499056,0.5851185,-1.5104666,-1.0575371,-1.9437281
2016-03-18,0.78033066,-0.106842354,0.4187651,0.37907556,0.8564644
2016-03-21,0.9947958,0.50864744,-0.20320804,-0.57855433,-0.35449755
2016-03-22,0.3470762,-0.13300551,0.0042502745,0.027077517,-0.97563773
2016-03-23,1.0820696,-0.29742652,1.156731,0.43452087,2.1056607
2016-03-24,-0.2631286,-0.45374247,0.4331084,1.015384,0.60890895
2016-03-29,-0.14167927,-1.7196962,-0.45647717,-1.0324817,0.77268183
2016-03-30,0.419537,0.94083744,-0.5756616,0.86294794,0.16602832
2016-03-31,-0.7541572,0.60391647,-0.7938399,-0.02900815,-0.49392006
2016-04-01,0.8095901,-0.4949352,0.15511052,-0.7367849,1.1912614
2016-04-05,-0.82927394,-0.65681,-0.07764241,-0.08981683,2.0019307
2016-04-06,0.3987308,0.9622736,0.7507721,1.3788878,-1.2549895
2016-04-07,-0.73579705,-0.9428759,0.10080445,0.61634475,0.8405084
2016-04-08,0.26160946,0.7572383,0.10479365,0.7698318,-2.5310712
2016-04-11,-1.0227363,1.0168066,-0.9776089,0.051402904,-0.61601824
2016-04-12,-0.37359262,0.43189895,-0.52909136,-0.13673255,-2.0915432
2016-04-13,0.59694874,-0.82332665,-0.10245618,-0.9373989,-0.88079655
2016-04-14,0.7372222,0.11274896,0.62764114,0.13980205,0.62166804
2016-04-15,-0.24123442,-1.285268,0.13882825,-1.3026788,0.4976061
2016-04-18,0.71449584,-0.2769177,-0.23720044,-0.9256837,-0.5247597
2016-04-19,-0.7055847,-0.85028166,-1.230459,-0.4862513,-2.163139
2016-04-20,1.0176008,-0.518303,-0.027445361,-0.47588515,-1.9342701
2016-04-21,-0.36085737,0.38525578,-0.048254814,0.4392925,0.496518
2016-04-22,-0.5166193,1.6039345,0.5614719,1.6054229,0.5270493
2016-04-25,0.37614548,-0.44872785,-0.39175868,-1.1638862,0.14310445
2016-04-26,0.61632013,0.05157305,0.11041939,0.16889262,-1.2082337
2016-04-27,0.21596791,0.4473075,-0.39590755,1.0466824,-0.60667515
2016-04-28,-0.9663048,0.10804529,-0.89202887,0.2774933,-0.9727204
2016-04-29,-1.0416981,-0.32094872,-1.0677139,-1.3358388,-0.69551235
2016-05-03,-0.31719443,-0.022659652,0.017659698,-0.117975086,2.7169147
2016-05-05,0.58096504,0.37578702,1.111122,1.4585758,1.0521455
2016-05-06,-0.18224038,-0.6260866,-0.8266223,-0.63020927,-0.908399
2016-05-09,0.9565955,-0.1935107,1.1049962,0.58447284,2.32796
2016-05-10,1.0381411,-0.9128623,0.2333408,-0.02024162,-1.5170529
2016-05-11,-0.48843414,1.3130504,-0.015608924,0.52563024,-1.6677468
2016-05-12,1.3993386,-0.61281306,0.7538756,0.4235558,0.44058263
2016-05-13,0.033144824,0.5710594,-0.13172452,-0.035695914,0.17323789
2016-05-16,0.94259334,-1.1049215,-0.15973738,-0.38613132,-1.6187001
2016-05-17,0.058747537,0.21067987,0.43607193,-0.13895814,-0.935021
2016-05-18,0.7216308,0.33125028,0.2120511,0.53826654,0.33155054
2016-05-19,0.5674532,0.523144,0.96262175,1.3672035,1.4249012
2016-05-20,0.43543842,0.1982981,-0.119710654,-0.27913156,-0.17754862
2016-05-24,1.0351999,0.6012558,0.8464174,0.93577296,0.49379882
2016-05-25,1.2266537,-0.7570106,0.25850028,-0.47436082,-0.8204999
2016-05-26,0.42443833,0.053097967,-0.24364166,-1.037768,-0.22866073
2016-05-27,0.0047372724,-0.63447833,0.5343269,0.22454944,-0.30973035
2016-05-31,-0.95737714,0.4522861,0.5211448,1.2093804,0.016922634
2016-06-01,0.7640697,-1.4011081,-0.26601374,-0.3240584,-0.3781188
2016-06-02,1.0321954,-1.1646768,0.15873305,-0.36675745,-0.61427796
2016-06-03,-0.8847765,-0.1375348,-1.1894906,-1.7550946,-0.42062384
2016-06-06,0.32366073,-0.28985703,-0.30351147,-0.84043896,-1.1272511
2016-06-07,0.7063108,-0.051134385,0.43943813,0.720438,-0.24117608
2016-06-08,-0.123461336,-0.06474853,-0.92933136,-1.4878463,-1.947042
2016-06-13,-1.8853886,0.20591615,-0.6227528,-0.15443693,1.6428603
2016-06-14,0.72937834,-0.61087376,-0.06724346,0.08251561,0.8909159
2016-06-15,-1.1178274,0.43537852,-0.3633172,-0.6018016,0.14457993
2016-06-16,-0.68692285,0.029986652,-0.19516973,-0.35247296,1.9418138
2016-06-17,1.3767976,-0.42034236,0.8793605,-0.12937264,-1.5195246
2016-06-20,-1.132409,1.651638,0.053819235,0.9963623,-0.82266855
2016-06-21,-0.84693825,1.5396949,0.21084434,1.1935959,0.8715005
2016-06-22,0.15718207,0.4813427,-0.4650094,-0.31274006,0.15772387
2016-06-23,0.051345997,1.1555091,0.39535594,0.6358437,-0.45448533
2016-06-24,-1.9033549,-0.47159123,-1.075862,-0.75882065,1.3002664
2016-06-27,-0.032771077,-1.0111548,0.1718807,-0.6267792,0.7905271
2016-06-28,-0.22365718,0.64885587,-0.24585079,0.09132096,-1.919597
2016-06-29,-1.0510213,1.5668772,-0.27625605,0.16836733,-1.2490376
2016-06-30,-0.6857642,-0.6350199,-0.6406161,-0.21900535,0.40031084
2016-07-01,-2.0764222,0.97323227,-1.4716529,-0.9421976,-0.7623547
2016-07-05,-0.5928182,0.242089,-1.0541013,-0.9768176,1.8775327
2016-07-06,-1.0652161,0.81684816,-0.40491942,0.56206656,0.0054845614
2016-07-07,-0.6552965,0.19579333,-0.18822011,0.25733897,2.2237608
2016-07-08,1.0257168,-0.9459483,-0.4015461,-1.3112292,-1.1087934
2016-07-11,0.15120675,1.1085578,-0.4005287,-0.84322083,-0.01548284
2016-07-12,1.0069456,0.069869645,0.37206036,0.08667884,-1.8763851
2016-07-13,0.18580963,-1.2537102,-0.71115756,-1.6386423,0.4626116
2016-07-14,0.4783117,0.9897669,0.37501937,0.46177617,-0.8524542
2016-07-15,-0.35366333,0.553238,0.06370532,1.2460514,0.56438017
2016-07-18,0.35548666,-0.24894097,-0.37081975,-1.2551937,0.41552
2016-07-19,-1.2713807,1.5609318,-0.0059007024,0.8503447,0.5941791
2016-07-20,0.89641434,1.0407479,0.25940222,0.8069261,0.48757917
2016-07-21,-0.40374961,-0.21110883,-0.75240964,-1.0223643,0.24651691
2016-07-22,0.18650532,-0.31021187,0.40706974,0.47965407,0.97994393
2016-07-25,-0.26827395,0.27251062,-0.14732374,-0.52706766,1.0937866
2016-07-26,-0.01646213,0.65573514,-0.22515503,0.27879646,0.087091185
2016-07-27,-0.115633905,-1.0159932,-0.7494707,-0.89778113,0.697277
2016-07-29,-1.2186552,0.010579741,-1.4240127,-1.4988881,-0.7143536
2016-08-01,-1.5798675,0.6934569,-0.3765818,0.38608405,1.0445346
2016-08-02,-0.7497641,0.2801252,-0.47185457,-0.23527038,0.053793922
2016-08-03,1.0220577,0.23803252,0.3381062,0.8527109,-0.91954494
2016-08-04,0.5339794,0.922663,0.39108342,0.48243585,-0.42669407
2016-08-05,1.6799741,-0.22375639,0.84538484,-0.30516726,-0.31968915
2016-08-08,0.53851694,0.13667344,0.11377918,0.37247902,-0.92600745
2016-08-09,-0.27341136,-0.057660848,-0.34752205,-0.17029552,0.5348554
2016-08-10,-0.86548865,-0.29843435,-0.9749991,-0.67694837,0.6731296
2016-08-11,0.44123644,0.47522035,0.9035073,1.5316383,-1.0672966
2016-08-12,0.7873152,-0.10837222,1.3425137,1.9001845,-0.13388814
2016-08-15,0.73726755,0.25405586,-0.0022371819,-0.11745187,-1.4074516
2016-08-16,0.41900983,0.7547685,-0.41106328,0.074774064,-0.50592995
2016-08-17,0.84061193,-0.70821244,0.53584194,0.5949512,-0.38272834
2016-08-18,0.6832574,0.6037938,-0.52360904,0.028056461,-1.1249197
2016-08-19,0.7659437,0.07419657,0.70133156,0.6746754,0.33723325
2016-08-22,0.8286077,-0.04926025,0.096906066,-0.50499266,0.97758204
2016-08-23,-0.18393213,0.8290112,0.02343875,0.47835863,-0.3461287
2016-08-24,0.82284594,-0.42657924,0.9642881,1.0875527,1.3341746
2016-08-25,-0.11599132,1.4889797,0.22495599,0.71490514,0.24352704
2016-08-26,-0.6619308,1.1446545,-0.35987446,0.23110963,0.36604187
2016-08-30,-1.0239615,1.0636005,0.14204656,0.5746114,1.730899
2016-08-31,-0.66602916,-0.7319721,0.06443522,-0.45330858,1.42705
2016-09-01,-0.039404426,-1.1471572,-0.95933884,-1.7902772,0.84687614
2016-09-02,0.52387947,-0.13146992,-0.42655692,-0.39479408,-1.3490087
2016-09-06,-1.0501976,0.20330293,-1.4352833,-0.88917786,-0.774963
2016-09-07,0.94148713,-0.14218035,0.6130328,0.0058577997,-0.73008966
2016-09-08,0.69792044,-0.012762985,0.78217673,1.3822434,-1.4057122
2016-09-09,0.5273776,-0.84763557,0.1951997,-0.57771677,1.4247195
2016-09-12,0.46055466,0.029514499,1.0312791,1.3871906,0.27281678
2016-09-13,-0.4396042,1.2940178,-0.040872015,0.41639173,1.3724701
2016-09-14,-0.10314214,0.16705656,-0.9125447,-1.3525206,0.32752654
2016-09-19,1.6545273,-1.2042782,0.62108326,-1.079125,-1.4876148
2016-09-20,0.36912274,-0.89936614,-0.2648397,-1.0347745,-0.65934044
2016-09-21,-0.5439065,0.698241,-0.50715554,0.22001787,-0.9164464
2016-09-22,-1.113882,0.7616849,-0.8484701,-0.5533231,-1.1600778
2016-09-23,-0.48652864,-0.036079504,-0.13396388,-0.09956672,1.5572778
2016-09-26,-0.1316043,1.3769743,0.50448495,1.1573658,-0.41298234
2016-09-27,1.1357193,-0.56611294,0.29579267,-0.64045024,0.92642766
2016-09-28,-0.17054723,1.0156608,1.0297285,1.3123109,-1.3157449
2016-09-29,0.03474174,0.20560753,-0.21296537,0.65197897,-0.7270418
2016-09-30,0.91961265,0.5463667,-0.12210749,-0.45290518,-0.31513566
2016-10-10,1.1176758,-0.40304992,2.268256,2.5754457,-0.73950803
2016-10-11,0.38473332,-0.7468392,0.7607306,0.3644142,1.0887599
2016-10-12,-0.6339993,0.8302233,-0.06347861,0.077187225,0.4295618
2016-10-13,0.98599476,-1.7402796,0.31770417,-0.03355902,-0.15304548
2016-10-14,0.8264629,-0.61160463,-0.071905866,-0.60275096,-0.49251387
2016-10-17,1.305623,0.90389884,-0.65204465,-0.4592041,0.07242039
2016-10-18,-0.41862255,0.40691757,-0.47852206,0.15573665,-0.22995405
2016-10-19,0.6816623,-0.14241393,0.011246836,0.09621351,-0.70355016
2016-10-20,-0.29809293,0.18582362,0.049472712,0.2994602,1.3663142
2016-10-21,0.37627164,0.072758466,0.43529782,0.34788328,-0.32874116
2016-10-24,-0.13416207,0.36850005,-0.39442143,-0.7696629,-0.2821179
2016-10-25,-0.9308201,0.37071803,-1.2499516,-1.1673007,-0.51428396
2016-10-26,0.9046072,-0.7151411,-0.028135534,-0.46335566,0.188399
2016-10-27,-0.32554242,0.15942365,-0.19381508,0.026120659,-0.70742005
2016-10-28,-1.6359733,-0.019199194,-0.818853,-0.06447804,-0.08249736
2016-10-31,-1.014347,-0.8510034,0.0066997614,-0.0609722,0.70266753
2016-11-01,-1.183221,0.76421314,-1.1222916,0.0035893868,-0.10027406
2016-11-02,-0.5743295,-0.437442,-0.55599296,-1.4082907,1.0135442
2016-11-03,0.4994612,0.68475085,-0.35642892,-0.66242087,0.4484792
2016-11-04,0.06489778,-0.34786698,-0.21941616,-0.6951272,0.59111357
2016-11-07,0.36121172,0.19915858,0.42924842,-0.016644657,-0.7747033
2016-11-08,0.50410074,-0.422987,-0.24888812,-1.0104096,-0.63796496
2016-11-09,-1.2600294,1.7564182,-0.302701,0.46671972,0.016413784
2016-11-10,-0.30323276,-0.15473655,-0.013422921,-0.7182575,-0.23265208
2016-11-11,1.8274406,-0.375256,1.6815434,1.1914123,1.6656941
2016-11-14,0.10167915,1.185046,-0.25228173,-0.23484574,0.55532676
2016-11-15,1.0531942,-0.022283867,-0.30168417,0.91238177,-1.6570816
2016-11-16,-0.40495935,-0.28134018,0.4674459,0.9988499,0.5641677
2016-11-17,0.87079066,0.22808538,0.30043027,0.009353849,-0.19618142
2016-11-18,0.9959795,-0.7527694,0.7354746,0.6843046,0.035871945
2016-11-21,-0.06602635,0.04996011,0.059264757,0.3999158,-2.4760065
2016-11-22,-0.4419706,0.07394836,-0.5154954,0.014055681,-0.57477945
2016-11-23,0.81343365,-0.33271495,0.3090682,-0.31195658,-0.71894747
2016-11-25,-0.30133867,-0.19965696,-0.12809187,-1.3386791,0.74524754
2016-11-28,0.4619999,0.66231906,-0.81423545,-0.027242221,-0.8035527
2016-11-29,-0.6300264,-0.124642804,0.42081586,0.9226491,2.3339133
2016-11-30,0.98251736,1.2610832,0.72585785,1.9840236,-1.5691773
2016-12-01,-0.053158175,0.6461914,0.71395856,1.9921587,-1.0928035
2016-12-02,-0.20671391,-0.5863774,-0.6373389,-0.2862268,-0.40208107
2016-12-05,-0.06744402,-0.602303,-0.51574767,-0.6090982,-1.1633078
2016-12-06,0.40421927,-0.35461193,0.21496052,-0.5961403,0.49004743
2016-12-07,-0.7953152,-0.5617004,-0.34660435,-0.34599847,0.6283691
2016-12-08,-0.2604031,0.15231656,0.5815109,1.3884325,0.29044682
2016-12-09,0.5972679,-0.6339218,0.63561696,0.06363209,-0.48913386
2016-12-12,0.51553917,0.49172172,-0.36772978,0.043989025,-0.76328534
2016-12-13,0.466098,0.20836854,0.19230738,0.6928815,-0.10598279
2016-12-14,-1.020529,0.06491277,-0.8706179,-0.5942772,0.39588562
2016-12-15,2.3944955,-0.9904346,1.7397211,0.69269955,0.3397043
2016-12-16,-0.44370422,-0.5225129,-0.40117684,0.667209,-0.68995416
2016-12-19,0.108395696,-0.27781472,0.9382844,1.0661423,1.0497935
2016-12-20,0.29940337,1.4879458,-0.33355716,-0.124608584,0.21428353
2016-12-21,-0.41243336,-0.35616648,0.38395432,0.57372427,0.2513475
2016-12-22,-0.19144383,0.8445001,0.26261505,0.9006687,0.33547372
2016-12-23,0.06899728,0.0027414998,0.5984546,1.1838386,0.5217321
2016-12-28,-0.24319701,-0.6627537,0.021401977,0.43230927,-1.4042578
2016-12-29,0.072429016,-0.028158985,-0.17752886,-0.5643753,-0.058811445
2016-12-30,0.44606698,0.27866283,0.042329516,-0.25132763,-0.15623926
2017-01-03,-0.11385105,0.41310188,-0.9538813,-1.5370934,0.49922222
2017-01-04,0.7554478,-0.12865779,-0.2688338,-1.3737955,-1.3834933
2017-01-05,-0.41570392,-0.1714889,-0.96798074,-0.65625376,-0.2941166
2017-01-06,0.2182635,0.9824576,0.14215994,0.44553334,0.30166444
2017-01-09,-0.43158808,-0.5239694,-1.0246001,-1.7425765,0.7439457
2017-01-10,-0.6976371,-0.19127503,-0.5527054,-1.2084225,-0.2656749
2017-01-11,-0.024290793,0.5552037,0.5895331,1.141929,-0.6677838
2017-01-12,-0.054979995,-0.90825313,-0.22343822,-0.27198738,-1.253331
2017-01-13,0.050014168,0.11160415,-0.4708892,-0.5123734,0.0024616092
2017-01-17,0.2811375,-1.4465353,0.2118405,-0.40052316,0.04721273
2017-01-18,-0.09439206,0.12297875,-0.33346367,-1.4542352,0.5743122
2017-01-19,0.3755194,0.26245436,0.56575555,1.253168,0.49402022
2017-01-20,0.40908912,0.63832027,-0.3421086,0.07682062,-0.72490597
2017-01-23,-0.27653176,0.46654287,-0.29409948,-0.9652291,-0.12516625
2017-01-24,-0.84723866,0.6134586,-0.44171527,0.072989464,-0.43341696
2017-01-25,0.48531887,-0.5134317,0.93727505,0.48310265,1.0211687
2017-02-06,-1.660282,0.35004365,-1.5016606,-1.0604113,-0.30968517
2017-02-07,-0.095119245,-1.0466843,-0.1953678,-0.18890525,0.5326697
2017-02-08,0.22299898,-0.002599147,-0.20587128,-0.35753053,-1.0402324
2017-02-09,0.36094248,-0.091441475,0.1381407,0.38740057,-0.2208173
2017-02-10,0.06785508,0.34247074,-0.44537488,-0.9885618,-1.148233
2017-02-13,0.45005655,-0.19195232,-0.045033596,-0.42243248,0.84754455
2017-02-14,-0.03751144,0.36148974,0.2137056,0.2783296,-0.079033755
2017-02-15,0.15038086,-0.23989302,-0.5615224,-0.66264856,-0.12686597
2017-02-16,-0.76164925,1.0277481,-0.38345772,0.1603222,0.70641863
2017-02-17,-0.32639775,0.40637296,0.31076893,0.9585771,0.5915099
2017-02-21,0.38174564,1.0089128,-0.2705072,-0.49990696,-0.38758254
2017-02-22,0.70278126,0.11470081,0.061071772,-0.30702534,0.4323271
2017-02-23,-0.30276662,0.1584544,0.04598932,1.2986418,0.028670955
2017-02-24,-1.3081731,0.17084189,-0.814327,-0.5879345,-0.12797205
2017-02-27,-1.2869012,0.027675282,-0.090717636,1.0769317,-0.0013875948
2017-02-28,0.83731586,-1.3910774,-0.012384661,-0.9464503,-0.5236257
2017-03-01,1.3921441,-0.8825408,0.013640883,-0.21880423,-1.4212896
2017-03-02,0.8930759,-0.23755719,1.1755798,0.85767615,2.0312612
2017-03-03,0.70967263,0.27016577,-0.009450159,0.07792329,-0.36004147
2017-03-06,0.20310542,-0.2584881,0.49465248,0.84405214,0.24052435
2017-03-07,0.44306326,0.34942394,0.7189716,1.4039187,0.99617434
2017-03-08,-0.058785997,-0.13059409,0.23129955,-0.3180762,1.6410048
2017-03-09,-0.24801059,0.17077334,0.42174414,0.39979437,1.641821
2017-03-10,-0.30047286,0.57742745,-0.050127503,-0.17598353,0.5159887
2017-03-13,-1.4828925,0.7654928,-0.06602334,0.08382157,0.04331782
2017-03-14,0.17858283,0.14920208,-0.4242278,-0.27952772,0.49479583
2017-03-15,0.74813485,-0.6014992,0.47863418,-0.80962884,-1.1992577
2017-03-16,-0.9101948,0.10289451,-1.2640402,-1.0145152,-0.5319897
2017-03-17,-0.14688963,0.25809735,-0.4444788,-0.40116334,-0.42670327
2017-03-20,-0.5947339,0.08524536,-0.16043241,0.6365564,0.19539449
2017-03-21,-0.818825,-0.23468092,-0.18389301,0.15163228,0.6320316
2017-03-22,0.21435931,0.6546291,-0.13673124,-0.15733097,0.16687027
2017-03-23,-0.6475132,0.28655514,0.26981023,0.32263258,0.22989504
2017-03-24,-0.32820153,0.9710874,-0.27030656,0.29254332,0.3150871
2017-03-27,-0.4695979,0.4440772,-0.07764767,0.19699334,0.2472339
2017-03-28,-0.18307969,0.35467902,-0.14563687,-0.11985114,-0.9310246
2017-03-29,-0.5070723,0.2644522,0.28726938,1.0174462,-0.6020428
2017-03-30,-0.16621666,0.7400685,0.18901561,0.75066984,-0.17073263
2017-03-31,0.47814646,-0.32701898,0.4193114,0.5460878,0.21915814
2017-04-05,-0.5333125,-0.27019194,-0.041813675,1.4571763,-0.70941705
2017-04-06,-0.38297275,0.38014174,0.3862133,0.9333176,0.117767476
2017-04-07,0.40497124,0.295973,0.07508748,-0.046658047,-0.27614674
2017-04-10,1.2529997,-0.2747701,1.1843171,0.6052012,0.28735685
2017-04-11,-0.67222977,0.09823015,-0.7328121,-0.37014717,-0.075595506
2017-04-12,0.2504299,-0.40270725,0.21697995,-0.15926231,0.31447995
2017-04-13,-0.5799198,0.14862698,-0.5778204,-0.4816947,-0.49808806
2017-04-18,-0.45482126,0.010579164,0.90694845,0.4176971,1.1756507
2017-04-19,-0.10071844,-0.3003906,0.10998481,-0.6797125,0.8360604
2017-04-20,-0.51322126,1.314144,-0.61908996,-0.24040051,-0.0011906939
2017-04-21,0.27272153,-0.6890155,-0.06572982,-0.21620467,0.93834084
2017-04-24,0.5000412,-0.15988092,0.31855753,-0.3017759,0.31250596
2017-04-25,0.8742442,-0.1787364,0.4178466,-0.22655745,-0.33088413
2017-04-26,-0.5905661,0.16112578,0.33310115,0.89444363,0.4210109
2017-04-27,-0.3481899,-1.3725907,0.19247347,-0.046282265,0.7373709
2017-04-28,0.50027245,0.52869433,-0.05400909,-0.65693265,-0.358042
2017-05-02,1.40229,-1.2651594,0.07578213,-0.91083646,0.06778526
2017-05-03,1.0058794,-0.5698379,1.3713499,1.1955932,0.77866673
2017-05-04,-0.41964442,0.25984013,0.10127703,-0.047146738,2.024984
2017-05-05,0.18697987,-0.08980333,0.3877016,0.27217275,-0.7055879
2017-05-08,0.12343481,0.66524917,-0.22015554,0.19640286,0.65981114
2017-05-09,0.420248,-0.37622544,0.6187645,0.08275995,0.45481956
2017-05-10,0.15474412,0.18806106,0.22489035,0.7210241,-0.9885729
2017-05-11,-0.5548287,0.4808383,-0.25272375,0.2435677,-0.60965973
2017-05-12,-0.18614395,0.24513115,0.22378053,-0.1745673,-0.55575526
2017-05-15,0.249907,-0.64478874,-0.30076966,-0.242747,-1.2711666
2017-05-16,-0.7735455,-0.07629245,0.012745747,-0.077813625,0.0402016
2017-05-17,-0.40426433,-0.14052516,-0.746502,-0.49228883,-0.81114525
2017-05-18,-0.42624792,0.80307466,0.5571369,1.4237372,0.78220326
2017-05-19,0.05759575,-0.4539148,-0.020208756,-0.6809225,-1.9791464
2017-05-22,-0.73663956,-0.17954692,-0.6495964,0.07813297,-0.6994827
2017-05-23,-0.36563376,0.9573253,-0.14181475,0.6976099,0.5835054
2017-05-24,0.2665307,-0.19887611,0.48102587,0.2467254,0.39249572
2017-05-25,-0.64459914,-0.054002225,-0.5402429,-1.111272,1.1863072
2017-05-26,-0.3544736,-0.31602317,-0.6095455,0.45710298,-0.2426129
2017-05-31,-0.5440346,0.09426178,0.124723956,-0.66693705,1.536163
2017-06-01,0.0068625077,0.20207566,0.6672424,0.9454054,0.4931911
2017-06-02,-0.8201812,-0.7801708,-0.7351701,-0.24225767,0.35755664
2017-06-05,0.19118857,-0.3980617,-0.11783305,-0.41572028,0.6486839
2017-06-06,-0.40091926,-1.0175657,-0.04843212,0.30606055,-0.41660047
2017-06-07,0.40993622,-1.3332391,0.08654697,-1.0522212,0.8910462
2017-06-08,1.0595208,-0.3265228,0.47031143,-0.44113356,-0.5174389
2017-06-09,0.25493044,0.2800667,-0.1135041,0.01308324,-0.6908534
2017-06-12,-0.18782237,0.7059096,0.37759534,1.1959267,0.97012985
2017-06-13,0.86865485,-0.8965812,0.6865533,0.4446674,-0.0056769666
2017-06-14,-1.0613068,-0.34538457,-1.1198629,-1.2043531,1.0292271
2017-06-15,1.405281,-0.7742818,1.406615,0.53353375,0.37511638
2017-06-16,0.45110327,-0.46460703,-0.071592584,-0.051452763,-0.61496896
2017-06-19,-0.15367289,0.8324394,-0.18558487,-0.20912246,0.3678116
2017-06-20,-0.23122902,0.16091882,0.06737283,-0.02288659,1.2790076
2017-06-21,-1.0616238,0.58387357,-0.6322142,-0.36754444,0.7111848
2017-06-22,-0.79523355,0.876058,-0.43670043,0.49267718,0.12533876
2017-06-23,-0.3112749,0.68564135,-0.4513708,-0.40336725,-0.4742193
2017-06-26,-0.06609901,0.31387094,0.5667062,0.87455887,-0.054235008
2017-06-27,0.3147761,0.22408746,-0.11710703,0.00020355126,-1.3375456
2017-06-28,-0.089376934,0.2317151,-0.31175688,0.45452514,-0.64560735
2017-06-29,1.1097803,-0.66057473,0.28710333,-0.82157344,-0.9712038
2017-06-30,1.527017,-1.2395091,0.19838223,-0.91371256,-1.3355118
2017-07-03,2.3763065,-0.8938611,0.8119283,0.04070523,-0.7401325
2017-07-05,0.47030067,-1.5689721,-0.16265394,-0.6668523,0.88213027
2017-07-06,-0.6079162,1.0166445,0.1215651,0.47961494,-0.3177785
2017-07-07,1.1077923,-0.6426973,0.49634185,-0.37968007,1.1155611
2017-07-10,-0.09183343,-1.8194225,-0.13224125,0.23889044,-0.122407906
2017-07-11,-0.4207826,-0.03255554,-0.17426647,0.40400633,-0.83561635
2017-07-12,-1.0727715,1.468315,-0.43735957,0.22245218,0.17343599
2017-07-13,-0.6905037,1.7367369,0.6097014,1.2523173,0.38975307
2017-07-14,-0.43292487,0.15296958,-0.45778814,-0.5994489,-1.1950912
2017-07-17,0.09316909,-0.8717379,-0.7950824,-0.6538773,-0.37677816
2017-07-18,0.41821647,0.71049994,-0.8490473,-0.19837575,-0.16952446
2017-07-19,0.6752375,-0.42911172,0.6835483,0.63677126,-0.7335495
2017-07-20,0.7615371,-0.8591715,-0.29688096,-0.5908543,-0.42802832
2017-07-21,-0.9617524,0.7424702,-0.7135131,-0.7079108,0.9302415
2017-07-24,-0.40621987,1.0236195,-0.1313622,0.10771185,0.32121333
2017-07-25,-1.0815741,1.6228321,0.044563506,0.9696552,-0.7823017
2017-07-26,0.8367492,-0.03669955,0.3361866,0.038253073,-0.90393627
2017-07-27,0.07463784,-0.23527521,-0.2110293,-0.2404849,-0.8320785
2017-07-28,0.11312991,-0.025559915,-0.21362157,0.37054527,-0.8851212
2017-07-31,-0.37872642,0.6795644,0.11963982,0.06330851,-0.62518793
2017-08-01,-1.3876466,1.0285221,-0.22497393,0.48454407,1.0095376
2017-08-02,0.1315025,-0.07565472,-0.06945481,-0.10169145,-0.73559844
2017-08-03,-0.43736348,0.56254315,-0.41897422,0.4995733,0.7989523
2017-08-04,0.65694404,-0.03479164,0.473998,0.59487784,-0.12778862
2017-08-07,0.07163289,-0.49861145,-0.5615573,-0.96795064,-0.26489022
2017-08-08,-0.7750551,0.7466632,-0.68433625,-0.7571922,-0.6245728
2017-08-09,-0.807586,-0.57958996,-0.5827788,-0.051221766,-0.57932365
2017-08-10,-2.2930853,0.52814305,-0.19426334,0.8208019,1.140418
2017-08-11,0.047641523,0.11085379,0.11429915,0.33340472,0.015994912
2017-08-14,-0.058644947,0.11173424,0.15148178,-0.39787838,1.1387805
2017-08-15,0.77723044,1.7862078,-0.32699797,0.040075026,1.2453424
2017-08-16,-1.0805908,1.0347699,-1.14967,-1.0232683,-0.25742328
2017-08-17,-0.16789497,-0.1693212,-0.036021087,0.39462677,-0.18436284
2017-08-18,0.6686991,0.4128397,0.020086966,0.31262285,-1.1599698
2017-08-21,-0.9056058,0.28460187,-0.6562104,-0.7521722,0.39361092
2017-08-22,-0.4182794,0.3995621,0.4899602,0.7012138,-0.17402095
2017-08-23,-0.1172424,0.50423586,0.120291285,0.2305906,-0.8213064
2017-08-24,0.4459397,-0.07879167,0.034642242,-0.6928173,-0.5314784
2017-08-25,0.09140722,0.25412035,0.06623066,0.514727,0.4616545
2017-08-29,-1.2541996,1.5258524,-1.1984881,-0.111580096,-0.577608
2017-08-30,0.39686984,0.39024293,0.27350503,0.5668129,-0.2007791
2017-08-31,0.8880931,-0.16492228,-0.005583552,0.064626776,-2.409673
2017-09-01,-0.7642717,-0.9603066,-1.0252889,-1.1150687,0.4516118
2017-09-05,0.4204015,-0.8832143,0.20629926,-0.58943325,-0.5239913
2017-09-06,0.45434046,-0.3328571,0.36528373,0.004293836,-0.4095248
2017-09-07,-0.7113832,1.089098,-0.58889353,0.038136236,0.064539574
2017-09-08,0.60130185,-0.52551925,0.555387,0.38550097,1.159755
2017-09-11,-0.043628413,0.2171973,0.60013705,-0.04632854,0.004775988
2017-09-12,-0.08522059,0.12094679,-0.028579496,0.7948066,0.30022192
2017-09-13,0.7655149,-0.36614454,0.74330336,1.0088085,-0.024362454
2017-09-14,0.74438035,-0.6588244,0.13940816,0.17190874,0.040449172
2017-09-15,1.386801,-0.57462585,0.87047654,-0.9026573,-0.8009317
2017-09-18,0.33170655,0.7739719,0.23415798,0.4255872,0.38950607
2017-09-19,-1.1144618,-0.30032524,0.38344786,0.64987946,0.24911864
2017-09-20,0.30797228,0.4430322,-0.10007175,-0.59706736,-1.0676352
2017-09-21,1.4088515,0.24874978,0.4966,0.746511,0.7766434
2017-09-22,0.8790415,-0.3204347,0.3040584,0.54972804,0.13072202
2017-09-25,-0.48109412,0.76959085,-0.3029893,0.5612985,-0.9188264
2017-09-26,0.34262133,0.486114,0.41062766,0.6673036,1.1923918
2017-09-27,0.36434823,-0.6512202,0.60236174,0.1634076,0.33117348
2017-09-28,-0.8372516,0.77480805,-0.39115718,-0.4522976,0.023561282
2017-09-29,0.54781306,-0.0005215677,0.55578285,-0.1848389,0.48472348
2017-10-09,-0.9247535,0.2976588,-0.83863467,-2.117009,0.17214322
2017-10-10,-0.59468037,0.4369872,-0.39929256,0.08629792,-1.0380994
2017-10-11,-0.6126138,-0.18359534,0.912589,0.8420181,-0.062291767
2017-10-12,-0.6279098,-0.85912114,-0.41346005,-0.93037325,-0.1864269
2017-10-13,0.36614448,-0.46861792,-0.08444819,-0.19856478,-1.1323798
2017-10-16,-1.0002176,0.1221024,0.39713335,0.75188655,-0.19883531
2017-10-17,0.91484165,-0.03387234,0.87535375,1.0461749,0.6668081
2017-10-18,0.15781102,0.47247574,0.19987518,0.2130349,0.2121755
2017-10-19,-0.35683388,-0.35966396,-0.503781,-0.91652316,-0.002534548
2017-10-20,-0.087974206,0.46682093,0.5922048,1.3264829,-0.076967314
2017-10-23,0.77577055,-0.832553,-0.48343045,-0.58329904,-0.6859236
2017-10-24,0.17610383,0.64372176,0.18732525,0.097849876,-0.69458437
2017-10-25,0.026070405,0.42204612,-0.23469077,0.12094969,-0.062108275
2017-10-26,0.27005714,0.46307987,0.4763744,0.7434795,-0.13949601
2017-10-27,0.836909,0.35174134,0.68958586,0.38175544,-0.18293904
2017-10-30,-1.1379417,0.111793995,-0.124727316,0.24933171,-0.486603
2017-10-31,-0.37729755,0.5594166,0.27206188,0.24759002,-0.33539516
2017-11-01,-0.88033783,0.107252814,-1.0992454,-1.097348,-0.48090953
2017-11-02,0.99447036,-0.74216527,-0.17375351,0.04486313,-0.09823388
2017-11-03,0.27656612,0.74597085,0.7875905,1.2730007,-0.14240691
2017-11-06,-0.5113938,0.06297907,-0.48848447,0.255658,-1.5864685
2017-11-07,0.8117536,-0.6091841,0.8460232,0.6814948,0.9529864
2017-11-08,-0.14737472,-0.06048068,-0.6198953,-0.59913594,-0.25233826
2017-11-09,-0.0057709767,0.59890324,0.26871017,0.9763937,0.25801584
2017-11-10,0.9816176,0.003605102,0.2291425,-0.27077937,0.25607166
2017-11-13,-0.91295695,0.8352675,-0.47764817,-0.3461627,0.15484522
2017-11-14,0.39570236,-0.024338624,0.088752605,0.2928332,1.5375803
2017-11-15,0.18664718,-0.26559055,0.0938407,-0.10157476,-0.18231636
2017-11-16,0.11874693,0.4734281,-0.11765022,-0.23321472,0.53733313
2017-11-17,-0.36844578,-0.5405533,-0.7002041,-0.27234307,-1.4504807
2017-11-20,1.1030922,0.118338875,0.9787449,0.70571506,0.81451464
2017-11-21,-0.17286867,0.4168467,-0.69710076,-0.3518904,-0.6281891
2017-11-22,-0.4002195,0.01746655,-0.22910479,-0.51524204,-0.727092
2017-11-24,0.19867314,1.188031,-0.13347867,-0.0745865,-0.35779777
2017-11-27,-0.67193955,-0.049698047,0.13339494,0.81420463,0.5052624
2017-11-28,0.25448263,-0.6262397,0.692225,0.8233875,0.35758695
2017-11-29,1.3389308,-0.5805203,0.2644892,0.036175583,0.51844805
2017-11-30,0.8084662,0.06584069,0.013855865,0.22882463,0.5852686
2017-12-01,0.16158971,-0.06576783,-0.20097402,-0.20931739,-1.0077708
2017-12-04,0.059768863,-0.27977312,0.21792668,-0.24810094,1.2128348
2017-12-05,1.3866564,-0.25014845,0.94101727,1.4705185,0.6474828
2017-12-06,-0.41362146,-0.12367923,0.0108676385,0.105307914,1.5422215
2017-12-07,0.5180336,0.8261017,0.52378726,0.7862766,-0.05810459
2017-12-08,0.18399093,0.2591794,0.46557766,0.9934252,-0.4276218
2017-12-11,-0.83196664,0.832983,-0.20920056,0.67070305,-0.46885732
2017-12-12,0.3723271,0.3282767,0.16412342,-0.15644746,0.78486085
2017-12-13,-0.22564036,-0.55468774,-0.49607867,-1.0502889,0.21333432
2017-12-14,-0.2965568,0.8447495,-0.6477537,-0.3429018,-0.48456636
2017-12-15,-0.025926929,-0.9915854,-0.082674265,-1.235658,-0.9088032
2017-12-18,-0.7686062,0.10533576,-0.7613251,0.0043154648,-0.5851871
2017-12-19,0.56908065,0.5101408,0.054634564,-0.4688626,-0.52775824
2017-12-20,-0.37045294,0.48322192,-0.3865503,-0.4498512,-0.8915478
2017-12-21,0.5409323,0.7628699,-0.22721595,-0.4843745,-0.2531273
2017-12-22,-0.9883623,0.09317473,-0.36176795,0.071095675,-0.59024656
2017-12-27,-0.21982303,0.38171503,-0.15548326,-0.40345073,-1.7218434
2017-12-28,-1.3748349,0.56365985,-0.43660554,-0.03697858,-0.5947497
2017-12-29,-0.43681434,-0.21051377,-0.53591484,-0.37537643,-0.70432985
2018-01-02,0.09630089,-0.8627796,-0.4708378,-0.4970956,-0.16081497
2018-01-03,0.51669747,-0.30103934,0.0658535,0.58535266,-0.6206459
2018-01-04,-0.1891998,0.73437977,-0.46490067,-0.49008292,-0.2636475
2018-01-05,0.2641448,-0.23578478,-0.32061616,0.05760259,0.8015609
2018-01-08,-0.60594505,0.048660636,0.14184164,0.97191006,0.26752725
2018-01-09,0.86135197,-0.18046747,0.2562095,0.84641063,-0.43737504
2018-01-10,-0.33799228,0.74466324,-0.38180175,-0.28562897,-0.25729692
2018-01-11,-0.14807849,0.3672413,-0.41955754,0.5048739,-0.13099329
2018-01-12,-1.3711141,0.4871195,-0.29607454,0.36811292,-0.28651536
2018-01-16,0.25421086,-0.3931893,-0.29431364,-0.31424507,0.7055776
2018-01-17,0.47497246,-0.2571257,-0.09330738,0.15039581,-0.17997043
2018-01-18,0.26317888,0.2598694,-0.012297769,0.2973518,-0.024955362
2018-01-19,0.101559445,0.26324132,-0.62121093,-0.7592867,0.14506562
2018-01-22,0.26050714,0.12552246,0.1725199,0.23367056,-0.19526047
2018-01-23,-0.36553025,-0.45709166,0.34345558,1.2142744,-0.24189174
2018-01-24,-0.7395126,-0.26243907,-1.1063238,-1.153827,-1.4138234
2018-01-25,-0.09796413,0.24831901,-0.71922874,-0.38707694,-0.05284251
2018-01-26,0.84128094,-0.17571802,0.541983,0.30495518,-0.2650688
2018-01-29,0.70942074,-1.0525324,0.23477548,-0.31781656,0.12562272
2018-01-30,1.3509581,-0.75795674,0.23258412,-0.5435498,0.7852874
2018-01-31,0.16507103,0.8099498,-1.1649146,-0.33431938,0.09400128
2018-02-01,-0.19629815,0.8129804,0.15755141,-0.27820352,-0.3859707
2018-02-02,0.64204913,-0.16750963,0.8708755,0.5616267,1.1488993
2018-02-05,-0.25429237,0.51081944,-0.337418,-0.79847527,0.4605535
2018-02-06,1.1978899,-1.5069138,0.29972112,-0.29608667,0.6299366
2018-02-07,1.343398,-0.73220795,0.56224185,0.018680036,1.4963521
2018-02-08,-0.4063693,0.37392944,-0.6140883,-0.26407075,0.453345
2018-02-09,0.33710763,0.0046217525,0.30812305,-0.23658358,1.9769288
2018-02-22,-0.61682427,0.3642975,-0.39301604,-0.72354335,-2.842564
2018-02-23,0.7527111,0.021790028,0.40306,0.7752588,-0.21341984
2018-02-26,0.5377722,-0.08375096,-0.32183412,-0.21576238,-0.49880552
2018-02-27,0.6910526,-0.83509225,0.42675725,0.39245394,0.8658121
2018-02-28,1.1721287,-0.80147064,-0.41501597,-0.7649555,0.66010195
2018-03-01,1.944526,-0.7967809,0.5256145,-0.21384257,0.006585499
2018-03-02,-1.2016611,0.04073051,-0.310459,0.4190946,0.03777903
2018-03-05,0.82000166,-0.25150907,0.6221098,0.17909658,-0.6202204
2018-03-06,-1.0966684,0.0619657,-0.7544135,-0.32158968,-0.34182772
2018-03-07,0.2976419,0.08512144,0.47778916,0.886187,1.4166812
2018-03-08,0.61296815,-0.66616756,0.13167424,-0.20395702,0.74043477
2018-03-09,-1.0804259,1.6804663,-0.1625848,0.36257464,-0.6607488
2018-03-12,0.31546813,-0.53027767,0.5487808,0.091485806,0.65306455
2018-03-13,-0.21042459,-0.24765654,-0.837682,-0.3661755,-0.29698056
2018-03-14,0.60903543,0.42628816,0.09548996,0.52373844,0.034392625
2018-03-15,1.0141718,-0.2678259,0.51804733,0.030625751,0.13038869
2018-03-16,0.10064177,0.79283607,0.37178198,0.9851418,-0.05962393
2018-03-19,-0.80809104,1.5364746,-0.03648606,0.46739262,0.7962413
2018-03-20,0.58888274,0.20218812,0.6849589,1.3711282,-0.33345154
2018-03-21,-0.18262692,0.6440617,-0.17427373,0.2152396,-1.2646703
2018-03-22,0.44055948,-0.21967281,-0.012929571,-0.043749485,0.66873497
2018-03-23,0.103390686,0.21727322,-0.48854133,0.35393357,-0.15604727
2018-03-26,-0.65008056,0.57512844,-0.39644924,0.0384308,0.32473943
2018-03-27,0.32466784,0.45580494,0.396602,0.27859953,-0.122115485
2018-03-28,0.54515415,0.4277409,0.33254972,0.5742264,0.58413404
2018-03-29,1.1016827,-1.2104634,0.24984609,-0.6573547,-0.65352374
2018-04-03,0.7683677,0.20401184,-0.9699748,-1.2177982,0.66877866
2018-04-04,-0.81161666,0.19979376,0.44533458,1.2322624,0.94612676
2018-04-09,0.38588715,-1.019963,-0.5631678,-1.7699122,-1.7808441
2018-04-10,-0.40221533,0.7729444,-0.1803266,0.54218614,-1.5019467
2018-04-11,-0.93351424,0.7704229,-0.24656819,0.41943845,-0.73741406
2018-04-12,0.4969777,-0.24635513,0.8230622,0.6112357,0.146942
2018-04-13,-0.3269472,0.7549589,-0.31667474,0.3730211,0.23064347
2018-04-16,-2.069892,-0.06368521,0.32533112,0.066384755,0.056260444
2018-04-17,-0.07371275,0.06863484,-0.48263308,0.003823648,0.16060233
2018-04-18,-1.2070215,0.7018729,-0.52203107,-1.0489846,-1.8534633
2018-04-19,0.8383703,-0.2536686,0.3487707,0.61209726,0.21887259
2018-04-20,0.2104607,1.0967908,0.23853603,0.77475864,0.27505684
2018-04-23,1.5665054,0.11935167,0.69735634,1.6820129,0.70495176
2018-04-24,0.21935569,-0.78237903,-0.55355674,-0.2873193,0.23873422
2018-04-25,0.9375422,-0.82988966,0.89542025,0.24411167,0.10166108
2018-04-26,0.45985898,0.7595645,-0.08974181,0.2328294,-0.33910188
2018-04-27,1.2193415,-0.585198,-0.104572535,-0.24030234,0.055554904
2018-05-02,0.77288234,-1.1000625,0.54487675,-0.50703037,0.5755153
2018-05-03,0.6763783,-0.86698097,-0.286021,-0.18286827,-0.08432984
2018-05-04,-0.9373381,1.2422955,-0.42676932,0.18039483,-0.8329511
2018-05-08,-0.7033962,0.7658152,0.11530093,0.7254924,0.6790974
2018-05-09,0.035348084,0.6243322,0.19123216,1.1927857,-0.9792522
2018-05-10,-0.63534707,0.0209853,-0.45595786,0.109471604,-0.32994595
2018-05-11,-0.36930272,0.5899438,0.031217065,0.4927177,0.48154646
2018-05-14,-0.10404094,-0.18351424,0.50491077,0.47187248,-0.228456
2018-05-15,1.1257881,-1.3859377,1.498122,0.24542695,-0.13866277
2018-05-16,-0.16975039,0.7590743,-0.17843702,0.18146439,0.0348819
2018-05-17,-0.05596488,0.20571734,-0.0756211,0.09218455,-0.42214128
2018-05-18,1.192765,-0.94252765,-0.047179237,-0.68401945,0.034526225
2018-05-21,0.6149812,0.5199332,-0.18028444,-0.871365,-0.9778384
2018-05-22,0.1501682,-0.7171729,-0.08665037,0.0047091306,-0.4394181
2018-05-23,0.91523355,-1.11151,0.6809717,0.0020257325,0.23133372
2018-05-24,-1.2009767,0.30653045,-0.9103965,-0.7513389,-0.05857006
2018-05-25,0.62028116,-0.7876114,0.0032768988,-0.8605415,1.0018287
2018-05-29,0.47473854,1.1216547,-0.6862851,-0.42302284,0.6154198
2018-05-30,-0.43753934,1.0220503,-0.2769087,0.58341676,-0.7434279
2018-05-31,0.02841761,0.19433253,0.0009801536,-0.2727951,0.26504225
2018-06-01,-0.6316986,0.12734222,0.133689,-0.26545796,0.28283226
2018-06-04,-1.4279975,1.0726392,-0.3434855,0.69116646,0.96626794
2018-06-05,0.059634842,0.44046643,-0.58978164,-0.8384087,-0.07924655
2018-06-06,-0.23685852,0.41596922,-0.49242127,-0.6936585,-0.01676788
2018-06-07,-0.08359893,0.53660494,0.3135036,1.4640456,-0.5070728
2018-06-08,0.2922309,0.4520242,0.017839875,-0.6351963,-0.14065544
2018-06-11,-0.8861358,0.6557076,0.05047535,0.49093327,0.36284587
2018-06-12,1.0255152,-0.91918296,0.13790388,-0.43580285,-0.06975645
2018-06-13,-0.9020696,0.8315026,0.03463625,0.51851207,0.016600834
2018-06-14,-1.2839427,0.5345192,-0.28109437,0.5509484,0.9905832
2018-06-15,0.79018146,-0.23602231,1.2524338,0.902112,2.2383556
2018-06-19,-0.5738924,0.66637313,0.89305043,2.0270388,1.3642282
2018-06-20,0.39887756,-0.24833214,-0.1651637,-0.41388273,-0.22983383
2018-06-21,0.18850243,-0.6380406,0.31586426,-0.18324745,0.9225307
2018-06-22,0.42091724,0.662305,-0.11192689,0.2554469,-1.4635729
2018-06-25,-0.22618635,1.0261065,0.34655538,0.94300574,1.4216809
2018-06-26,0.045082692,0.6583968,0.59699076,0.8087447,-0.3889074
2018-06-27,0.56987566,0.50202364,0.18731551,1.0321758,-0.8470652
2018-06-28,-0.030278247,0.79967,0.43733397,0.63043493,0.44662538
2018-06-29,0.48341587,-0.8573096,-0.04558586,0.16747242,-0.79151946
2018-07-02,-0.21970063,0.6258948,0.8549258,1.4566908,1.7627904
2018-07-03,0.096668296,-0.4965041,-0.9848391,-0.44787413,-0.0008491743
2018-07-05,0.82390016,-0.88604045,0.3687533,0.43862435,0.43770334
2018-07-06,1.4401702,-0.98569775,-0.1386012,-1.047991,-0.8309312
2018-07-09,-0.85834116,1.3846673,-0.19443622,0.56063724,-0.15778406
2018-07-10,0.5034573,0.5420309,0.40149906,0.874346,0.23263553
2018-07-11,-0.7868625,-0.029611358,0.14038682,0.55772394,2.7726474
2018-07-12,0.1291256,0.24417886,-0.2538543,-0.647279,-0.6901114
2018-07-13,0.12775382,0.9645529,0.4435131,1.1232344,0.62717056
2018-07-16,0.6575466,-2.14676,-0.13437845,-1.080118,0.6005817
2018-07-17,1.9790331,0.46297807,-0.14672084,0.38283673,0.27702767
2018-07-18,0.11564611,0.47152418,-0.19319291,-0.058795344,-0.5896178
2018-07-19,1.0695655,-0.94956887,0.86075383,0.7560373,0.46861517
2018-07-20,0.08208538,0.09420401,-0.9092704,-1.2384318,-1.2698257
2018-07-23,0.63967925,0.37159526,-0.17492998,0.10808382,0.25239605
2018-07-24,0.0051700254,0.81027424,-0.6536968,-0.36235467,-0.59083295
2018-07-25,1.1590661,-1.1797855,-0.1417949,-0.567704,-0.64562255
2018-07-26,0.57594705,0.8702259,0.07423005,0.48456848,0.040221788
2018-07-27,0.3264822,-0.34016043,-0.20037968,-0.06893683,-0.012162767
2018-07-30,1.2155834,0.017966451,-0.5069123,-0.43799633,-0.1911303
2018-07-31,0.1914004,-0.9139541,-0.72119856,-1.060683,-0.1753673
2018-08-01,0.8041156,-0.39362305,0.21543302,0.6289871,1.7606831
2018-08-02,0.8694675,0.42924106,0.024459904,0.55610526,-0.30555236
2018-08-03,0.07623533,0.34028918,-0.7066674,-0.7370484,-0.5014866
2018-08-06,1.207881,-0.22622477,0.28154045,0.22320387,0.022163847
2018-08-07,-0.043275982,0.2979595,-0.2737333,0.17744991,-0.61676425
2018-08-08,-0.53647643,-0.48992187,-0.6047419,-1.1667521,0.739246
2018-08-09,-0.24653275,0.2588527,-0.0274807,0.23461112,0.39154452
2018-08-10,-0.79641664,1.3364841,0.41642243,1.6198025,0.81650287
2018-08-13,0.71590585,-0.26836568,1.3269362,1.4797667,1.0213699
2018-08-14,0.6274476,-0.6937345,-0.14906707,-0.09811899,-0.08082498
2018-08-15,1.3063556,-0.38183996,1.3552355,1.3764955,2.246501
2018-08-16,-0.08249571,-0.76325345,-0.38876718,-1.3766421,-1.3506684
2018-08-17,0.14281976,-0.7339937,0.2477377,0.19746979,-0.14923202
2018-08-20,-0.92400587,0.96956027,-0.59971195,0.07809033,-0.34770036
2018-08-21,-0.6707152,1.0136443,-0.19204266,0.13438503,-0.38252142
2018-08-22,0.108083755,1.6583116,-0.32226416,0.6954357,0.062761
2018-08-23,0.790931,1.2899069,0.13523011,0.6413598,0.87174624
2018-08-24,-0.7855345,0.8530167,-0.983442,-0.78781503,-0.98029953
2018-08-28,-0.18466228,2.0226738,-0.61530375,-0.06996007,0.22727323
2018-08-29,0.56305516,-0.59977466,0.54696316,0.31558338,-0.36490175
2018-08-30,0.868133,0.57129467,0.61090904,0.75068575,0.28866774
2018-08-31,0.8918715,-1.6801759,0.407167,-0.13865903,0.21223013
2018-09-04,0.9420531,-0.2347399,1.0111727,0.8229608,1.1465198
2018-09-05,-0.58055127,0.4062366,-0.4259713,-0.49547487,0.48484322
2018-09-06,-0.7685755,-0.345104,-0.18267103,0.06939462,0.44458795
2018-09-07,0.40809277,0.066829756,0.5103401,0.029132074,-0.08819248
2018-09-10,0.33594382,-0.59051025,0.11238854,-0.40060756,-0.5077269
2018-09-11,0.067375556,0.5158517,0.55127394,1.6778495,0.1746988
2018-09-12,-1.1700053,1.1355995,-0.5041658,-0.35945055,-0.67904806
2018-09-13,-0.66750956,0.29697654,-0.15797153,0.018325409,1.0326765
2018-09-14,0.36737952,-0.31223467,0.34328675,0.6507774,0.59797263
2018-09-17,0.82391655,-1.7094443,-0.44800037,-0.32277796,-0.11009252
2018-09-18,-1.0644612,0.48302367,-0.24350841,0.564309,-0.4745449
2018-09-19,0.6600899,-0.30306676,-0.44309297,-0.9939531,-1.0734745
2018-09-20,0.3516405,-0.79848796,-0.5912721,-1.0324389,-0.53972876
2018-09-21,-0.102713056,0.5285472,-0.40551937,-1.0159941,-0.8989868
2018-09-25,-0.098004386,-0.38319227,0.48774946,1.7855786,-0.78823555
2018-09-26,-0.074111566,0.1602879,-0.09550974,0.12194482,0.37224475
2018-09-27,1.1831404,-0.31321177,0.78851867,0.65799236,0.17311068
2018-09-28,-1.1127268,1.2560848,-0.83308023,-0.60415256,-0.8244158
2018-10-08,1.59642,-1.0248263,1.0141304,-1.0420258,-1.4437771
2018-10-09,-0.21624146,0.94847375,-0.92978007,-0.33572894,-0.33155754
2018-10-10,-0.09476155,-0.14618045,0.0345342,0.37744597,1.4249454
2018-10-11,-0.83182013,-0.8023715,-1.2888067,-1.6564884,0.46839938
2018-10-12,1.0585027,-0.39110866,-0.016251592,-0.9420686,-0.5256632
2018-10-15,1.3899411,0.043636907,-0.5079373,-0.5488119,-0.35953254
2018-10-16,-0.46337032,0.6092872,0.00080972526,0.54298,0.07761708
2018-10-17,0.30621758,0.55140346,-0.21619497,-0.81674397,0.5491109
2018-10-18,0.022146247,1.3433213,-0.14728081,0.03583231,1.0399929
2018-10-19,-0.21371327,0.30962804,0.04133882,0.5280666,-0.109169595
2018-10-22,0.43108714,0.31727988,0.4341211,-0.2611978,0.07290061
2018-10-23,-0.75783056,-0.7855423,-0.8112506,-1.0621138,1.1615067
2018-10-24,-0.4473089,0.14651956,0.54854673,0.6538411,0.41481054
2018-10-25,-0.3918299,1.0886331,0.19208764,0.8996889,0.21274085
2018-10-26,0.57611436,-0.70237374,-0.013174515,-0.15902817,-0.36695015
2018-10-29,-0.042214565,-0.10022419,0.36647022,0.8982223,0.7709514
2018-10-30,-0.29813752,-0.508557,0.09422544,0.49565443,1.0297328
2018-10-31,0.59868145,-0.16564481,0.4603816,0.5024921,0.5777804
2018-11-01,-0.71919644,-0.7568228,-1.1340013,-2.424326,-0.3317542
2018-11-02,0.07895995,-0.12910575,-0.33805713,-1.0120006,-0.37195513
2018-11-05,-0.11896759,-0.6338552,0.6020351,1.3873224,0.34698066
2018-11-06,0.511434,0.049478885,0.018997863,0.29436326,0.8796596
2018-11-07,-0.63753736,0.2592459,0.10468451,-0.07042947,-0.5179436
2018-11-08,0.12729973,0.20380966,-0.35758,-0.4871128,0.7310141
2018-11-09,0.4419587,-0.35746905,0.85705394,1.3924136,1.0641843
2018-11-12,0.22104403,-0.57934254,0.93289185,0.4259071,0.33231202
2018-11-13,-1.0125054,-0.7810561,-0.08592929,-0.44996473,2.0829415
2018-11-14,-0.79245996,-0.21525353,0.048338722,0.7311477,-0.71882033
2018-11-15,0.313437,0.8496643,-0.56844836,-1.112305,0.19065444
2018-11-16,-0.9158111,-0.12029648,-0.4290215,-0.10524428,-0.53523487
2018-11-19,-1.1829239,0.26992247,0.17050643,0.8414111,0.09166206
2018-11-20,0.12644489,-0.88006735,-0.06643458,-0.8007927,2.2158115
2018-11-21,-0.05202228,0.5049972,-0.3560556,-0.71593606,-0.547054
2018-11-23,-0.45760387,-0.8050511,-0.012392332,-0.89381325,2.6238503
2018-11-26,0.32875335,1.4857075,0.13580935,0.7441872,-0.073325686
2018-11-27,0.7029605,-0.66825855,0.8793284,0.47715613,0.77529705
2018-11-28,-0.5371152,-1.2412026,-0.15498328,-1.456375,-0.5430418
2018-11-29,-0.09985616,0.403728,0.16637757,0.46905243,-0.32954162
2018-11-30,0.98434895,-0.86804825,0.32896373,-0.77385277,-0.08638523
2018-12-03,0.04491848,0.5289761,-0.3875072,-0.42185912,-1.7159369
2018-12-04,-0.0030113072,-0.47609523,0.08359521,0.53405,-0.30283096
2018-12-05,0.10235703,0.6002402,-0.2252751,-0.14290173,0.07156678
2018-12-06,0.12966128,-0.006455178,0.043583415,0.09812906,1.8316358
2018-12-07,0.24319482,-0.23753422,0.045693707,0.154002,-1.6253604
2018-12-10,0.046815652,-0.8130067,0.1553706,-0.18602581,1.5227015
2018-12-11,0.16365549,0.5523654,-0.00994587,-0.27996397,-0.2640823
2018-12-12,-0.011151655,-0.093975745,-0.708511,-0.81890994,-0.04358996
2018-12-13,0.41586673,0.39545226,0.3075697,0.6903092,-0.31724584
2018-12-14,0.47441787,0.017639354,0.30538058,-0.29917967,1.1936827
2018-12-17,0.03935637,-1.817474,-0.11751007,-1.1632152,0.077548735
2018-12-18,-0.11492467,-1.6374295,0.015976282,-0.31256333,1.8795556
2018-12-19,0.00027451458,1.4063811,-0.26244658,-0.01161199,-0.7921051
2018-12-20,-0.50760865,-0.19326863,-0.7858365,-0.98555964,1.6306641
2018-12-21,-0.2777599,-0.3048203,0.3879427,0.96847296,0.88249457
2018-12-24,-0.15122704,-0.18709503,-0.6837424,-1.5837457,1.6339864
2018-12-27,-1.264651,0.66494346,-0.018096827,0.88790226,-0.26088417
2018-12-28,0.63010836,-0.07487819,0.023832472,-0.77945536,0.0072890823
2019-01-02,0.51242024,0.024163296,0.05527351,0.8642344,-0.42365474
2019-01-03,0.36185506,-0.6251647,-0.13956933,0.016199823,-0.6052928
2019-01-04,0.01619317,0.29519328,-0.47098663,-0.48255137,-1.6975114
2019-01-07,0.47343832,0.7481295,0.007534482,-0.6837785,-0.49135235
2019-01-08,0.43802503,0.59108883,0.28905937,0.80178463,-0.4892883
2019-01-09,0.34222624,0.36964425,0.25421602,0.96372074,-1.5771034
2019-01-10,-0.45076713,0.84649813,0.27624732,1.0668408,0.4827059
2019-01-11,0.20167862,-0.62689877,-0.19422065,-0.69065106,0.18591179
2019-01-14,-0.86369306,-0.7818094,0.42109987,0.65379006,0.80803925
2019-01-15,-0.0585285,0.95266736,0.34027317,0.37096888,-0.6512494
2019-01-16,0.19915845,0.8928238,-0.43941474,-0.41881502,-0.70913106
2019-01-17,0.6340217,-0.9295482,-0.17031336,-0.47551298,-0.4201177
2019-01-18,0.75172955,0.22107495,0.47489664,0.09467961,-1.1374938
2019-01-22,0.46855912,0.17310284,-0.081069455,-0.44208053,1.3762988
2019-01-23,0.16428517,0.08374531,-0.35943615,-0.9166173,-0.22527872
2019-01-24,0.1678125,0.1326522,-0.11793273,0.28836027,-0.06371244
2019-01-25,-1.0598582,0.15658557,-1.2444544,-0.7028566,-1.0970021
2019-01-28,0.21245427,-0.28616866,-0.039712504,-0.9541437,1.5049828
2019-01-29,-0.59970707,0.9324987,-0.10657444,0.7721341,-0.86898446
2019-01-30,-0.033025756,0.13404927,-0.5115701,-0.3241239,-0.9694324
2019-01-31,-0.47596115,1.0715255,-0.7608747,-0.8250078,0.14959493
2019-02-01,0.91861314,0.25999758,-0.016975828,0.49244004,-0.38293824
2019-02-11,0.023032919,0.14271928,1.1863464,1.0373542,1.5325462
2019-02-12,0.5862119,-0.7801856,0.082874484,0.34021443,-0.18507127
2019-02-13,0.25162908,0.58678246,0.13612136,0.6411628,-0.39324605
2019-02-14,-0.12490836,1.1046845,0.4620499,1.3024127,0.100200154
2019-02-15,-0.8179272,0.32289618,-0.07949228,0.14889187,-1.6369026
2019-02-19,-1.6671104,1.2145736,-0.9433532,-0.4535397,-0.22165948
2019-02-20,-0.2083495,1.2665846,-0.7351184,-0.46050033,-0.66471255
2019-02-21,0.95310026,-0.8249051,1.2145884,0.48165697,-0.3264373
2019-02-22,-0.43971753,0.21630101,-0.9625167,-0.59903896,-0.5324262
2019-02-25,-0.7017418,0.24551895,-0.5639717,-0.24146385,1.4987743
2019-02-26,-1.0238508,0.63821834,0.24906074,1.0194476,-0.09521229
2019-02-27,0.7342815,0.7852038,-0.3588525,0.46204683,-0.7079875
2019-02-28,0.17746012,0.068474814,-0.10119128,0.29813743,-0.04991226
2019-03-01,1.2500384,0.0791562,0.4028158,0.34335488,0.11595223
2019-03-04,0.37069398,-0.30720755,1.0090169,1.6828238,0.34131232
2019-03-05,0.4556605,0.030382488,-0.18833597,-0.6845985,-0.53068507
2019-03-06,-0.58781445,1.130522,0.25583345,0.8146421,0.62969244
2019-03-07,-0.5011116,0.29979637,0.7109249,1.3283958,0.5157171
2019-03-08,-0.023730505,-0.122303724,-0.84496295,-0.75994265,0.27437362
2019-03-11,-0.015001155,0.85572803,0.47500423,0.5346426,0.091078095
2019-03-12,0.041863002,-0.6844581,-0.5719498,-1.4600264,-0.9807217
2019-03-13,-0.46818018,0.61956245,-0.5095806,-0.11197042,-0.79891723
2019-03-14,0.860281,-0.7478115,0.97049046,0.7940747,0.5103081
2019-03-15,0.5667522,-1.3683496,-0.041995086,-1.1643512,-0.6134307
2019-03-18,-0.55712116,0.21997783,0.21719494,0.3144613,-0.25634986
2019-03-19,-0.6715452,0.6344848,-0.68998504,-0.3134944,-0.50515836
2019-03-20,0.39013296,-0.053476278,0.15676583,0.035890028,-0.66254914
2019-03-21,0.069534026,-1.1784894,-0.01590392,-0.04825863,0.20142457
2019-03-22,0.04882619,-0.018354986,0.18823034,-0.05090525,1.054472
2019-03-25,-0.0622625,-0.2098347,-0.47430655,-0.24095526,-0.48382172
2019-03-26,0.1042228,0.98493534,0.1362288,0.16688114,-0.1921382
2019-03-27,-0.59465784,0.016752167,0.27093565,0.16220619,0.43730795
2019-03-28,0.9435998,0.3356759,0.7820167,0.5569024,0.7792711
2019-03-29,-0.8255813,1.9275632,-0.6118143,0.05269191,0.009428807
2019-04-01,1.1271169,-0.21799456,0.09739584,-0.37227252,-0.17092499
2019-04-02,0.355878,-0.27359512,0.39726493,0.62723964,-0.2036004
2019-04-03,-0.16951047,0.58515173,-0.9708289,-0.7609497,-0.3112083
2019-04-04,0.4880401,-0.41556698,-0.16921346,-0.41445452,-0.28052592
2019-04-08,-0.6815268,0.8904252,0.10947925,1.2175751,-0.58786243
2019-04-09,-0.14332925,-0.09112392,0.2993947,-0.006369491,0.22952966
2019-04-10,0.2430073,0.09679221,-0.29369545,0.48135448,-0.71065557
2019-04-11,0.7849496,-0.48125908,0.77842313,0.8274939,0.95945865
2019-04-12,0.013256945,0.50071955,-0.4047878,-0.6046189,-0.67733926
2019-04-15,-0.7595918,-0.79637575,0.61236036,0.29067096,0.3861721
2019-04-16,0.32720467,0.68619674,0.6550965,1.4562142,0.388764
2019-04-17,-0.44285876,0.42793202,-0.20781212,0.07502164,0.17534903
2019-04-18,0.40882078,-0.08677921,0.20349763,-0.15077282,-0.279511
2019-04-23,0.14624205,1.3932997,0.60286903,1.6873052,0.18558219
2019-04-24,-1.4296492,0.5381623,0.07677766,0.30197597,0.4036083
2019-04-25,0.35769647,-0.14232355,-0.07518041,0.32834274,0.2438299
2019-04-26,-0.71807504,-0.058871783,-0.9467859,-1.0385758,0.84910977
2019-04-29,-0.32463247,0.30957377,0.021351764,0.92639726,0.31426784
2019-04-30,0.3517259,0.7361753,0.1467751,0.2686102,-0.16382442
2019-05-07,-0.3076896,-1.248993,0.3707907,-0.01906947,2.3201191
2019-05-08,-0.04858852,-0.022948798,0.5872461,1.386548,0.17978854
2019-05-09,-0.47833446,1.0156465,0.30122146,0.7016726,0.7994423
2019-05-10,-0.8944556,0.5976903,-0.4070551,0.13357067,-0.0017688529
2019-05-13,0.3381791,-1.4659101,0.13923313,-0.13558277,0.6172736
2019-05-14,1.0491257,-1.1617962,0.10777127,-0.9061076,-1.0224744
2019-05-15,0.1865858,-1.03479,0.40937084,-0.34289134,-1.0243695
2019-05-16,1.686582,-0.8609695,0.61425763,0.09795871,-0.90913886
2019-05-17,0.26546937,-0.12094959,0.7453776,0.72580874,1.0993369
2019-05-20,1.2433631,-1.4661804,-0.13479756,-0.6003909,-0.06353439
2019-05-21,0.6514762,0.5447889,-0.28406405,-0.32465717,0.050142016
2019-05-22,0.16887172,-0.6636137,0.09331766,-0.079086035,1.12376
2019-05-23,-0.882558,-0.020642657,-0.706307,-1.0630267,1.5880024
2019-05-24,1.2053419,-0.6151642,-0.10699429,-1.0064646,-1.0232103
2019-05-28,2.0944896,-1.1164354,0.28607637,-0.44107416,-1.0420198
2019-05-29,-0.32227182,-0.75131744,0.611454,-0.3067132,0.36680776
2019-05-30,0.6358537,-1.7243928,-0.740701,-1.4773242,0.08587159
2019-05-31,-0.6970132,0.22150189,-0.64195,-1.0947422,1.6394278
2019-06-03,0.05570565,-0.041103125,-0.8425146,-1.7647599,1.0760839
2019-06-04,-0.34893975,0.72090954,0.13043466,0.113223255,-0.19983995
2019-06-05,-1.1241623,0.71582824,-0.007977791,0.6928391,1.8943212
2019-06-06,0.5906721,-0.08247887,-0.28418207,-0.8882222,-1.0138922
2019-06-10,-0.25340155,0.5035339,0.72263265,1.5973322,0.059723802
2019-06-11,0.06004145,-0.4215086,-0.37651658,-0.4830169,-0.70036066
2019-06-12,0.4268518,-1.045558,-0.3923042,-1.2951434,0.5444678
2019-06-13,0.9118211,-0.6517574,0.05203364,-0.27861243,-0.77918893
2019-06-14,0.77534574,-0.85920733,0.37045512,0.41940704,-0.036033075
2019-06-17,-0.03707063,-0.9514848,0.35652515,-0.7816472,0.22374797
2019-06-18,-0.71017593,0.9042649,-0.5955275,0.2207747,-0.8280009
2019-06-19,-0.17508107,0.8385356,-0.17191748,0.34501815,0.42964774
2019-06-20,-0.5992547,-0.0068616397,-1.0979942,-0.28251037,-1.7057711
2019-06-21,-0.1384162,0.8211235,0.31738698,1.6388323,0.28397965
2019-06-24,0.23080558,-0.070261985,-0.7732658,-1.1082234,-0.45516315
2019-06-25,-0.17924012,0.72893,-0.19527267,-0.19914721,-0.6131628
2019-06-26,-0.043495726,0.8196762,0.48608348,1.1626923,-0.59478253
2019-06-27,0.21433732,0.12819275,0.1908222,-0.13755183,0.3748643
2019-06-28,-0.7906865,1.1049694,-0.71608084,-0.04597789,0.27143824
2019-07-01,0.55730295,1.2211215,0.19402152,0.43330473,1.2072397
2019-07-02,-1.0627233,-0.34497914,-0.49441367,-0.40891847,1.536059
2019-07-03,0.5191971,-1.4041681,-0.2048848,-0.76555496,-1.3400465
2019-07-05,0.35143447,-0.146848,1.3897768,1.6325086,0.42597988
2019-07-08,0.16009994,-0.48736346,-0.23397839,-0.35534647,0.12036744
2019-07-09,-0.34494734,0.0007196325,0.027740391,0.5724821,0.13658898
2019-07-10,0.011724729,0.69732857,-0.18657352,0.11883888,-2.146079
2019-07-11,1.3020247,-1.0164472,-0.22047041,-0.62469167,-0.13913335
2019-07-12,-0.24951962,-0.16389246,-0.37112838,-0.20719828,-0.3271977
2019-07-15,-0.8837416,1.0602571,-0.786027,-0.48066533,0.09108106
2019-07-16,-1.5563921,-0.06119222,-0.29162362,-0.46418965,0.79128265
2019-07-17,-1.2760803,-0.008157751,-0.49339604,-0.35619792,0.33400583
2019-07-18,-1.2721207,0.29314706,-0.65787554,-0.29997572,1.00977
2019-07-19,1.0843333,-0.7786163,0.3197408,-0.43064812,-0.6583178
2019-07-22,-0.5962395,0.9522938,0.29186222,1.0833343,0.4885453
2019-07-23,0.7548844,0.07740519,-0.054114405,-0.038219325,-0.624011
2019-07-24,-0.22062409,-0.09493066,-0.5383114,-1.0956453,-0.31947765
2019-07-25,0.286482,0.417758,0.64564586,1.0747786,0.455037
2019-07-26,0.33427238,0.47576258,-0.13233347,-0.040711798,0.44449812
2019-07-29,0.34449026,0.7156076,-0.6886999,-0.8972705,-0.25249612
2019-07-30,-0.17994714,0.7747321,-0.06469279,0.6944988,0.0119484775
2019-07-31,0.114618085,1.4387184,-0.35445645,1.0644634,0.27332687
2019-08-01,-0.40876323,-0.33988225,0.15173331,-0.53176,2.6941292
2019-08-02,0.49450654,-0.94654745,-0.010258447,0.45721105,-0.056166317
2019-08-05,-0.6249091,-0.93888944,-0.50828904,-1.0758184,1.2201997
2019-08-06,-0.5904808,0.47800246,-0.3339832,-0.26053783,0.6673363
2019-08-07,-0.9386831,-0.943498,-1.3318658,-1.4428457,0.8334384
2019-08-08,0.6798897,-0.0056306627,0.32296062,-0.52246976,-1.6805022
2019-08-09,0.34253764,-0.16984984,1.1851236,0.71350795,-0.58107984
2019-08-12,-1.8395404,1.4532949,-0.13437991,0.79592085,0.77438265
2019-08-13,-0.23643583,1.9033632,0.19261162,1.1996299,-0.9129041
2019-08-14,-0.6746271,-0.9034991,-0.55228484,-0.15265106,1.320365
2019-08-15,0.5905217,1.2222817,-0.49650165,-0.92523444,0.8275455
2019-08-16,1.2314949,-0.111191526,-0.1140883,-0.30556142,-0.30066657
2019-08-19,-0.3303562,0.6903257,0.4421208,1.2989954,0.16313979
2019-08-20,-0.56456053,0.5130654,0.09588086,0.628623,0.020196045
2019-08-21,0.563243,0.6677539,-0.38062227,-0.5980973,-0.39466125
2019-08-22,0.74900436,-0.21632706,0.21746363,-0.07276866,0.67039436
2019-08-23,-1.0317512,0.4247583,-0.9715722,-0.3862498,0.8276335
2019-08-27,-1.4254482,-0.18451874,-0.7410946,-0.14902377,-0.4200755
2019-08-28,-0.14776869,-0.011115063,-0.2245924,-0.04794399,-1.2819619
2019-08-29,-0.17015617,0.31488973,-0.045534704,0.48723578,-0.38533655
2019-08-30,-0.46484834,-0.026190389,-0.56439984,-0.71227175,0.72154903
2019-09-03,-2.239308,-0.36298406,-1.1035641,-0.47745183,0.6914336
2019-09-04,-0.12553889,0.36773026,-0.8176544,0.30539414,-2.0712392
2019-09-05,1.5252457,0.38035485,1.0209938,0.7663694,0.05334319
2019-09-06,0.6214139,0.87955844,0.48784536,0.92126393,0.45379534
2019-09-09,0.21596983,0.27081025,0.121883616,0.69066656,-0.61886024
2019-09-10,1.0511109,-0.44717008,0.17503625,-0.5869677,-0.61905754
2019-09-11,0.021507725,0.45396176,-0.6896315,-0.60153866,0.77087986
2019-09-12,0.43207327,-1.45324,-0.16648778,-0.87821263,-0.42625326
2019-09-16,1.1549311,-0.32463852,0.7522802,1.0785351,-2.8290558
2019-09-17,-0.6571415,0.032703646,-1.0937374,-0.6459714,2.01994
2019-09-18,0.49285525,-0.81641126,0.23238845,-0.38833874,0.6909967
2019-09-19,0.7668767,0.7498335,-0.16042149,-0.006317077,-0.33544725
2019-09-20,-0.46269447,0.7655855,-0.22353525,-0.07846529,0.40154698
2019-09-23,-0.71766144,-0.018741552,-1.0207428,-0.84854513,-0.8137595
2019-09-24,0.18969382,-0.653457,0.10514867,-0.5147611,0.90795165
2019-09-25,0.70408636,-0.1724621,1.4305695,-0.0182745,0.53387225
2019-09-26,0.4576517,0.21355969,-0.19481665,0.25603148,0.118969925
2019-09-27,0.043310836,0.5379545,0.17947887,-0.01950065,0.21146914
2019-10-08,0.98100036,-1.8047445,0.8034916,-1.3416519,0.03238685
2019-10-09,-0.14152531,0.076108694,-0.19335815,-0.0008712279,-0.30938917
2019-10-10,-0.44234353,1.6387867,-0.15696904,0.339041,-0.23155698
2019-10-11,1.9632634,-0.77559847,0.4301197,-0.5073373,-0.99596596
2019-10-14,-0.082556814,-1.0906936,-0.092262164,-0.45334157,0.79667556
2019-10-15,-0.54176253,-0.52152985,0.9849036,0.46261865,-0.12729312
2019-10-16,0.16212662,0.5436168,0.0033550072,0.4759936,-0.16134414
2019-10-17,0.33634415,-0.057505894,-0.3618832,-0.25481758,-0.1967706
2019-10-18,0.19634674,0.38669747,-0.235869,-0.40761024,-0.17558976
2019-10-21,0.082649454,0.5115986,-0.22242612,-0.065792695,0.631582
2019-10-22,0.27546465,0.75172,0.18288216,0.10212796,-0.3157783
2019-10-23,-0.5057547,0.48317173,-0.5330949,0.15277724,-0.8655348
2019-10-24,-0.46391332,0.20956452,-0.21765885,-0.03670305,-0.62326205
2019-10-25,-0.12922364,0.6926169,-0.3707292,-0.30835253,-0.19117396
2019-10-28,-0.20960055,0.21247897,0.32326487,0.07364707,0.27435133
2019-10-29,-0.37924173,-0.2112916,-0.10023497,0.32255307,-0.24640617
2019-10-30,-0.49147114,-0.59908175,-0.16311757,-0.6743927,0.32791913
2019-10-31,-0.3701565,-0.6246582,-0.44885412,-0.52970105,0.92961633
2019-11-01,0.26884818,0.467992,-0.3261939,-4.838707e-05,-1.6633147
2019-11-04,-0.20438595,0.27957198,0.304796,0.6139525,-0.5426216
2019-11-05,1.0447781,-0.15322317,1.1513307,0.81498283,0.021328552
2019-11-06,-0.1195925,0.09214092,-0.3457017,-0.43731257,0.91420674
2019-11-07,1.2423162,0.72608286,0.7164734,0.4425739,0.16557103
2019-11-08,0.6271009,-0.03585928,0.7728996,0.40004206,0.41753498
2019-11-11,0.52732474,0.6422515,0.33270136,0.32706267,0.9303946
2019-11-12,0.9229463,-0.8616355,0.4213634,-0.26441982,0.18337391
2019-11-13,-0.24453399,1.023761,-0.25848624,0.33012816,0.45310086
2019-11-14,-0.2334058,-0.37875777,-0.22387393,0.33396512,0.08610363
2019-11-15,-0.034963727,0.66758853,0.2128594,0.7144325,-0.47205058
2019-11-18,0.0048158104,-0.16938528,-0.089653045,-0.2709093,1.0756781
2019-11-19,-0.1993553,-0.61782414,-0.61063117,-0.9719808,0.5107546
2019-11-20,0.5171241,0.64316523,0.14287348,0.7027321,-0.5841804
2019-11-21,0.75422186,0.84643567,0.3515704,0.97217643,-0.26477563
2019-11-22,0.06974528,-0.36659148,0.3257329,-0.28316373,-0.059729118
2019-11-25,1.4677167,0.5383628,-0.46504176,-0.14922811,-0.04910781
2019-11-26,-0.7450932,1.0459176,-0.46111926,0.12933338,-0.45083603
2019-11-27,0.49009502,0.51490706,-0.07596221,0.4369925,0.48138964
2019-11-29,0.32481542,-1.0938618,-0.37500143,-1.2459823,1.2148231
2019-12-02,0.38854736,0.40965348,-0.22973375,0.079792835,0.45655727
2019-12-03,-0.9792937,-0.24955226,-0.19748782,0.5546341,0.38286313
2019-12-04,1.0086813,0.6628595,0.40720174,0.7510773,-0.94178253
2019-12-05,-0.1458738,0.4229784,-0.10191403,0.22502066,-0.26717886
2019-12-06,1.031932,0.715071,0.5818784,-0.10483779,-0.8036911
2019-12-09,0.6946041,0.6808117,-0.24511139,-0.6609048,-0.08188914
2019-12-10,-0.002794926,-0.039999902,-0.47157472,-0.30622774,-0.56364673
2019-12-11,-1.0498236,0.52837235,-0.8291122,-0.7383046,0.35823265
2019-12-12,0.74216926,-0.99468315,-0.1848314,-0.8380845,-1.1848259
2019-12-13,0.39614403,0.1877307,0.044713438,0.73150814,-0.5278047
2019-12-16,0.85429895,-2.3673317,-0.22820419,-1.2252549,-1.3354088
2019-12-17,0.7940839,-0.37986878,0.298926,0.47146016,-0.31874746
2019-12-18,-0.30175403,0.6793189,-0.058057144,-0.1739208,0.18515408
2019-12-19,-0.5862441,0.3129738,-0.14396645,-0.10857576,-0.62102866
2019-12-20,0.3676437,-0.21168235,0.087649785,-0.3410757,0.07400473
2019-12-23,-0.3994365,0.1306537,-0.5881505,-0.20716314,0.028519224
2019-12-24,-0.5472313,0.22784711,-0.5726127,-0.2592708,-0.702597
2019-12-27,0.9561602,-0.028544573,-0.7382073,-0.3337649,-0.9613661
2019-12-30,-0.39697456,-0.56976634,-0.29824543,-0.17417441,-0.33781314
2019-12-31,0.057873294,-0.67091775,-0.27538133,-0.1685897,1.0346928
2020-01-02,-0.19700119,0.09762083,-0.51932937,-0.42715728,-0.3422171
2020-01-03,-0.41919306,1.1772635,-0.02496645,0.9401417,-0.29500976
2020-01-06,-0.32095757,0.1410682,0.19915996,-0.26121962,0.026582327
2020-01-07,-0.48697072,-0.3169939,-0.6653972,-0.29515213,0.07234978
2020-01-08,0.10447215,-0.6081855,-0.3165654,-1.0348036,1.3236145
2020-01-09,0.5445909,-0.21694449,0.2969338,-0.08985051,0.15636092
2020-01-10,-0.10728609,-0.07096189,-0.4587769,-0.84358656,-0.28367814
2020-01-13,0.03922347,0.122900024,-0.028108155,-0.21332988,0.6253288
2020-01-14,0.40547916,-0.08735421,0.2620103,0.19909558,-0.19053341
2020-01-15,-0.9581795,0.3547501,-1.0515175,-1.0536829,0.24669668
2020-01-16,-0.18093236,1.3541616,0.33551952,0.92104846,0.5842204
2020-01-17,0.42694154,-0.91801536,-0.51454747,-1.1795276,-0.4589404
2020-01-21,0.45064142,0.5721548,0.14200616,0.07847532,0.979653
2020-02-03,0.34080434,-0.09532325,0.5819278,0.05316449,4.230529
2020-02-04,0.59666955,-0.58946174,0.36411634,0.057176523,-0.24480093
2020-02-05,-0.38677654,0.5499067,-0.29555464,0.0625652,-1.7854432
2020-02-06,-0.5026146,0.39704478,0.13683437,0.16292483,-0.25131145
2020-02-07,0.739778,-0.50432914,0.5330913,0.07852097,0.67657113
2020-02-10,0.3900288,0.21444891,-0.61510086,-0.83988506,0.85664123
2020-02-11,-0.17989348,0.6193001,0.13411768,-0.020684354,-0.6402809
2020-02-12,0.71798897,0.1003965,0.5672947,0.42781442,-1.1667135
2020-02-13,-0.82422704,0.77823466,-0.45771262,0.35104233,-0.34073505
2020-02-14,0.21110806,0.12594356,0.059481777,0.7346727,-0.010195416
2020-02-18,-0.81669223,-1.76703,0.0051993956,-0.27549392,-0.60286033
2020-02-19,-0.35137293,0.59554136,0.16997379,0.59846634,-0.94723743
2020-02-20,-0.13261674,0.38293633,0.3449678,0.84052646,0.52229726
2020-02-21,-0.45322332,0.031000583,-0.6932091,-0.9854527,0.069089845
2020-02-24,-1.3073003,0.42276797,-0.6141305,0.004212145,2.2534173
2020-02-25,0.9013385,-0.62930405,1.1438973,0.24655467,1.3310323
2020-02-26,-0.029217804,-0.51300985,-0.047869872,-0.60811883,1.6532369
2020-02-27,-0.3092454,0.19058871,-0.32325423,0.13156728,1.9592628
2020-02-28,2.3816795,-0.0779631,1.6020476,0.79103255,1.0389128
2020-03-02,-0.068393864,-0.15567113,-0.6854791,0.37364382,-2.0970519
2020-03-03,-0.88111734,-0.92258453,-0.833128,-0.39468777,-0.5778932
2020-03-04,-0.31733882,-0.4209037,-0.0698523,-0.09586001,-0.29205933
2020-03-05,-1.477014,0.127719,-0.3802217,-0.5166638,1.0362567
2020-03-06,-0.5797818,-0.83406883,-0.7560664,-1.2514032,2.7950175
2020-03-09,-0.27747324,-1.0008715,-0.58728176,-1.1648351,3.6498911
2020-03-10,0.53278315,0.12369846,0.68182933,1.430433,-2.1638227
2020-03-11,0.3720421,0.18749054,-0.14191777,0.1256729,1.5276645
2020-03-12,0.6104319,-0.1938849,1.1336825,0.400707,3.4564562
2020-03-13,2.299713,0.27588493,1.1601762,0.61913663,0.87149364
2020-03-16,0.3166082,-0.17987828,0.8864403,0.22988762,4.0309324
2020-03-17,-0.8520115,-1.1697965,-0.14482084,0.26892,0.7773077
2020-03-18,0.4203025,-0.70855606,-0.04254464,-0.57623804,3.5060112
2020-03-19,0.7681069,0.18216963,0.40673476,1.0988637,-3.1537578
2020-03-20,-0.47571102,-1.0812846,-0.8934411,-1.8166448,1.0723898
2020-03-23,-0.6555696,-2.1825876,-0.9336692,-1.8845657,1.0423473
2020-03-24,-1.9745128,0.0907457,-2.0693994,-1.2639031,-2.0875602
2020-03-25,0.6481888,0.8190708,-0.5513012,0.15380904,-2.0859272
2020-03-26,-0.51207006,0.16152988,-0.47145495,-0.64512295,1.841036
2020-03-27,0.49773395,0.28909516,-0.12351058,0.21725984,0.90316224
2020-03-30,0.41863596,-0.43824542,-0.18955815,-0.53082144,2.2056696
2020-03-31,1.2837151,0.9751523,-0.2753984,-0.44483447,-0.3333954
2020-04-01,-0.572303,0.5978775,0.16192019,0.90356606,2.668547
2020-04-02,0.29593286,1.3429842,-0.13058835,1.1684647,-2.586029
2020-04-03,0.6928251,0.62024146,0.65555286,2.2642548,-1.5519701
2020-04-07,-1.4908707,-0.9311207,-1.2229372,-2.07275,-0.21225594
2020-04-08,1.0929786,1.0084999,0.40129784,0.5004874,-0.24324207
2020-04-09,-1.3297801,-0.9821527,-1.4316043,-1.7098258,-0.16286813
2020-04-14,-1.8295745,0.8242884,-1.4795798,-0.90907955,0.8689113
2020-04-15,1.1290841,0.52596,0.10734167,-0.3560428,1.6876786
2020-04-16,0.95430785,1.535831,-0.48788628,0.3213003,0.38925552
2020-04-17,0.5553717,-0.33114067,0.6719277,0.067012094,-0.09693379
2020-04-22,0.21395573,0.4927855,0.15282813,0.7898745,-3.385716
2020-04-23,0.092439406,0.4129579,0.17595406,0.93852144,-2.0762506
2020-04-24,-1.1706189,0.2750997,-0.20489588,-0.39721438,1.7115283
2020-04-27,-0.30403987,-0.32115296,-0.7818068,-1.0809027,3.197051
2020-04-28,0.700587,0.94705,-0.33367312,0.03819088,-0.6932726
2020-04-29,0.10843265,0.77126426,1.0650338,1.2962319,-2.949664
2020-04-30,0.7325754,0.1233852,0.7277459,1.0933492,-2.836401
2020-05-06,0.5248281,1.0136263,1.2996763,2.2213497,-1.8478348
2020-05-07,-0.85124743,0.07373433,-0.886481,-0.6393412,-1.5824811
2020-05-11,1.7655662,0.02409453,-0.05248182,-0.27093434,-0.7037069
2020-05-12,0.35624763,0.42006743,0.22845918,-0.14972948,0.07806594
2020-05-13,-0.86422026,0.8463001,-0.082622975,0.16844626,1.6168411
2020-05-14,0.053436477,0.5074616,0.18534197,1.1857278,-2.2222338
2020-05-15,0.6836576,1.2819536,-1.199656,-0.19515523,-1.3140635
2020-05-18,0.03769281,0.5774671,-0.06097512,0.42939794,-3.371549
2020-05-19,-1.0987291,0.6295833,-0.94258547,-1.0782312,-0.16674748
2020-05-20,0.079827175,0.23908655,-0.86252815,-0.5614199,-1.2108048
2020-05-21,1.2448887,-0.12835303,1.785889,1.2280213,1.0090802
2020-05-22,-0.759931,-0.13835497,-0.7913667,-0.19072558,1.1508561
2020-05-26,0.7742365,-0.18830043,1.1421107,0.30874613,-1.16115
2020-05-27,0.335961,-1.0672714,-0.57687056,-0.6376095,1.4934815
2020-05-28,0.07427113,-0.58563095,-0.42702428,-0.62524706,-0.057042167
2020-05-29,-0.748089,0.43753305,-0.7983255,-0.09269644,-1.3004094
2020-06-01,0.070477575,1.2595278,-0.31164825,0.7388482,-1.710792
2020-06-02,0.9059854,1.0127505,0.99763554,1.3272791,-1.18076
2020-06-03,1.3462384,0.15696633,0.2887766,-0.36909422,0.06521086
2020-06-04,0.3675712,-0.7139806,-0.3869782,-0.52173644,-0.5176349
2020-06-05,1.0220238,1.3113359,1.2009858,1.3189249,-1.6321878
2020-06-08,-1.2693661,-0.40273187,-1.2100894,-1.0871509,0.3483262
2020-06-09,-0.21631546,0.8977782,0.06286314,0.5955073,-0.31019562
2020-06-10,0.12711285,0.74647933,0.1448494,0.082558885,-0.6236076
2020-06-11,-0.5426101,-1.1458317,-0.19161575,-0.7591889,2.5197926
2020-06-12,0.7848199,-0.013485286,0.59541285,0.25863254,0.3963282
2020-06-15,0.064575404,-0.008617188,0.72427666,1.153666,-0.7531434
2020-06-16,0.050065245,1.3048323,-0.5739664,0.032081183,-1.3932819
2020-06-17,-0.028687092,0.3523199,-0.07893259,-0.34664172,-0.3566851
2020-06-18,0.45022753,0.5174414,0.75184155,1.1831226,-0.34307486
2020-06-19,-0.30616716,0.16514796,-0.64920807,-0.13019389,-1.1489192
2020-06-22,0.039399132,1.0676018,-0.725458,-0.08015661,-0.43020162
2020-06-23,-0.36738774,-0.054497734,-0.33388117,-0.08023417,0.19103804
2020-06-24,0.3401647,-0.44324866,0.114349395,-0.6571005,2.6805258
2020-06-29,-1.3010768,0.41027343,-0.41453585,0.07562431,-1.057303
2020-06-30,0.07791702,-1.2075694,-0.8848998,-1.418205,-1.0206813
2020-07-01,2.1309412,0.008178248,0.66617274,-0.35583165,-0.9097344
2020-07-02,-0.87621737,1.191716,0.32131338,1.1563551,-0.6482496
2020-07-06,-0.5632788,-0.7770244,-0.590244,-0.004744643,-0.8220149
2020-07-07,-0.57631236,0.2529973,-0.64255714,-0.60769516,-0.6626805
2020-07-08,-0.18523629,0.183208,-1.3147764,-1.1598653,-0.71186674
2020-07-09,0.42796412,-0.6911984,0.7217062,-0.043617513,1.0655293
2020-07-10,-0.8320719,1.4887135,-0.095417336,0.46252012,-0.59599733
2020-07-13,-1.4329102,0.9917973,-1.3948119,-0.7552968,0.019942196
2020-07-14,0.22523895,-0.8354286,1.0424322,0.81770587,0.66575474
2020-07-15,0.35089913,-0.51825714,-0.12378866,0.2482299,-1.0663496
2020-07-16,-0.046353374,-0.89384794,0.61379963,-0.3428438,0.13254797
2020-07-17,0.21490984,-0.57550985,-0.37724003,-0.49888334,0.07709995
2020-07-20,-0.35363397,1.4635346,-0.75480556,-0.3003708,0.029999902
2020-07-21,-1.605505,0.5471041,-1.6589468,-0.83135456,-1.8739506
2020-07-22,-0.5836611,-0.65992904,-1.4741174,-1.3878483,-0.57661194
2020-07-23,-1.4721671,-0.46200854,-0.39665163,-0.28245023,0.26267764
2020-07-24,0.06875414,-0.3712944,0.14741653,0.7365725,0.25381234
2020-07-27,-1.3076342,0.6055205,-1.2811974,-1.5391371,-0.47759384
2020-07-29,-0.8843869,0.7955498,-0.51589054,0.23752746,-0.20695837
2020-07-30,1.200277,0.09104646,0.6170031,-0.35016748,1.117149
2020-07-31,0.012569886,-0.34763506,-0.6339066,-1.156089,-0.6773264
2020-08-03,-0.93034846,0.16083342,-0.057723198,0.7151082,-1.322051
2020-08-04,-2.1261356,0.8678196,-1.270071,-0.52877545,-0.61997277
2020-08-05,-0.94679695,0.32289088,-1.3792677,-0.71746284,-1.2154207
2020-08-06,-1.4612975,0.3761777,-1.1504151,-1.0974896,0.14770629
2020-08-07,0.47967502,-0.65678465,1.3637524,1.3908951,1.460408
2020-08-10,-1.319404,0.30810583,-1.0575936,-0.81093216,-1.0995713
2020-08-11,2.4226906,-0.20623657,1.8448635,1.0003276,0.40804684
2020-08-12,0.6715743,-0.3368586,0.56424975,0.20553891,-0.88356775
2020-08-13,-0.029936941,-1.6217616,-0.9818013,-1.4326532,-0.35081792
2020-08-14,0.6322539,-0.16754659,1.2152977,1.2304949,0.1642671
2020-08-17,-0.96285456,-0.19330893,-1.372212,-1.2788786,-1.3962002
2020-08-18,-0.93555623,0.9676925,-0.8109802,-0.13081016,-0.7347492
2020-08-19,1.20797,0.07691495,0.86744136,-0.33363482,-0.25451756
2020-08-20,0.84437156,-0.2696789,0.95556384,0.4925629,0.9260968
2020-08-21,0.55997294,-1.0698159,0.08714618,-0.032329064,0.95292735
2020-08-24,0.2019197,0.67013365,0.5061237,1.1770988,-1.1725326
2020-08-25,1.3128701,-0.5976331,0.2488841,-0.30243757,-1.1284436
2020-08-26,-0.25721902,-0.30803114,-1.5331357,-0.8960723,-0.058857977
2020-08-27,0.9068669,-1.7767248,0.34146065,-0.8088564,0.25811616
2020-08-28,-0.8458311,0.1421724,-1.2608858,-0.6201407,-0.8971797
2020-09-01,0.08017425,-0.7080645,-0.8619903,-1.4681158,-0.731048
2020-09-02,1.2485229,-0.7604458,1.2618262,0.4022039,1.4718843
2020-09-03,0.1946332,-0.6365212,0.54149914,0.6635574,1.31829
2020-09-04,-0.28403887,-0.2600555,-0.46752203,-0.7592801,0.42292625
2020-09-08,-0.40164497,-1.2542275,-0.5095794,-1.5185875,2.0593486
2020-09-09,-0.36345586,0.28115192,0.042010337,0.70810425,-0.8889275
2020-09-10,0.0028722528,-1.1197817,-0.4522923,-0.9327333,0.27767363
2020-09-11,0.94391656,-0.6028679,0.38534862,-0.46123233,-0.7592102
2020-09-14,-1.1594446,0.1125178,-0.8366982,-0.22793975,-0.45786932
2020-09-15,-0.4876703,0.47217542,-0.15920588,0.46788868,-0.80461365
2020-09-16,1.1327223,-0.14354615,0.3926561,-0.035502825,-1.4801282
2020-09-17,1.8451678,-0.22126442,1.2874761,0.366851,-0.48127452
2020-09-18,0.19317065,-0.9066315,-0.16579558,-0.6575246,-0.65415347
2020-09-21,1.3418268,0.43482643,1.3734006,1.0530638,2.7595615
2020-09-22,-0.13294452,-0.096245006,0.5331037,-0.20140055,0.06323864
2020-09-23,0.6694592,-0.31964144,1.6785963,2.3651166,0.44014403
2020-09-24,-0.6654284,0.2295281,0.3424548,1.0245332,0.2629611
2020-09-25,0.60078096,0.3946418,0.19527625,-0.22946298,-0.5217471
2020-09-28,-1.2014444,-0.29080364,-0.78784573,0.061363216,-1.3133729
2020-09-29,-1.8448318,-0.6358169,-0.3427329,-0.1315487,0.47032526
2020-10-12,0.64708835,-1.7853572,-0.6631715,-1.4634135,-2.3062685
2020-10-13,1.7485715,-0.068144426,1.00802,0.35772857,-0.07076886
2020-10-14,0.54972637,0.026119694,0.07602339,-0.44258854,-0.77814317
2020-10-15,0.93504184,-0.34158388,-0.26033893,-0.61095613,0.0062505784
2020-10-16,-0.50872904,0.42690682,-0.23962499,-0.3257129,0.0472688
2020-10-19,-0.13973229,-0.44617906,-0.19810651,-0.8493857,0.11493617
2020-10-20,-0.1071142,-0.2729354,-0.55390364,-0.29050717,-1.0756388
2020-10-21,-0.7968823,-0.6972103,-1.011616,-1.2967488,0.525492
2020-10-22,1.6142995,0.53792584,0.3967788,0.6853167,-0.40034646
2020-10-23,0.07877126,-0.96334285,-0.10732767,-0.65174764,0.33448568
2020-10-26,0.08081046,-0.51564777,0.56552327,-0.2942254,1.4903591
2020-10-27,-0.24467716,0.931532,0.0020226855,0.6572288,-0.84484714
2020-10-28,0.27284813,0.5982339,0.044829387,0.3650622,2.521536
2020-10-29,-0.588842,-0.6558963,0.07636788,0.27529663,1.4550924
2020-10-30,-0.5333301,-0.4181481,-0.21531682,-0.15233567,-0.08087344
2020-11-02,-0.35840666,0.5163152,-0.16673072,-0.10753214,-1.173691
2020-11-03,0.04078462,0.32995304,-0.8194176,-0.4575474,-1.4778794
2020-11-04,0.89066625,-0.102956906,0.78159726,1.0240045,-1.3606728
2020-11-05,-1.1007942,-0.7790159,-1.3092037,-1.3538969,-0.9648322
2020-11-06,-0.48547956,0.49565104,-0.6937318,-1.2193611,0.84317034
2020-11-09,1.6503536,0.9424154,1.5726696,1.7851114,-0.8801023
2020-11-10,-0.049892522,-1.0702076,-0.9746672,-0.29019344,-1.767562
2020-11-11,0.25463453,-0.24906935,0.4793139,0.93778974,0.09124531
2020-11-12,-1.3300296,0.7497137,-0.08610542,-0.18312436,0.13913026
2020-11-13,-0.4273866,-0.8365366,-1.0635761,-1.1569647,0.4372746
2020-11-16,0.88992554,0.6565646,-0.34720165,-1.1407871,-1.5000434
2020-11-17,0.109583825,-0.14176436,-0.16902639,-0.087095864,-0.28116325
2020-11-18,0.84299624,-0.22302559,0.11417091,-0.17306906,-1.3085191
2020-11-19,0.7157827,0.71356356,-0.16084951,0.25694883,0.37107
2020-11-20,-0.9859074,0.13582785,-0.22656602,0.026845368,-0.8909038
2020-11-23,1.3956642,-0.20991725,1.5276849,1.5686201,-0.014986878
2020-11-24,0.54323167,0.66069597,0.4288152,1.2496808,-1.4448085
2020-11-25,-0.15482855,0.55245996,-0.37873125,1.2804389,-0.2652391
2020-11-27,1.5769349,-0.15588838,0.30817416,-0.94153464,-0.71049416
2020-11-30,-1.7067264,0.2271643,0.08834484,0.8982573,0.7607311
2020-12-01,-2.2597601,0.5447463,-1.538488,-0.89312387,-0.20065719
2020-12-02,0.27934402,-0.3603958,0.04980314,0.37145567,-0.6422104
2020-12-03,0.5809689,0.1929839,-0.20409413,-0.398644,-0.7155668
2020-12-04,-0.9292317,0.28897163,-0.597407,0.23216884,-0.51939154
2020-12-07,-0.08548689,0.11573657,-0.4231498,-0.67965424,0.16908471
2020-12-08,-0.4907905,0.5424508,0.16396593,0.6593196,0.4696476
2020-12-09,1.8245971,-0.32745034,0.73108757,-0.53565496,-0.76198775
2020-12-10,-0.55547637,0.37947413,-0.21668138,0.40962067,-1.505474
2020-12-11,0.764092,-1.5093924,0.089124314,0.32096526,-0.035823952
2020-12-14,-0.010593859,0.25765678,-0.012474553,0.25649843,-0.67979085
2020-12-15,-1.0666636,-0.04059909,-0.71287715,0.019308291,-0.73138744
2020-12-16,0.15132932,0.55830204,-0.40457925,-0.22476335,-0.4356796
2020-12-17,-0.481729,-0.2933004,-0.9073185,-1.0779144,-1.622229
2020-12-18,0.18997794,-0.37542638,0.1269186,0.61366814,-0.7296843
2020-12-21,0.5681041,-1.6712803,0.0722751,-0.42785484,1.2790118
2020-12-22,1.0434499,-1.2646852,1.2359115,0.64064795,0.82332486
2020-12-23,0.19037816,0.066405974,0.068769045,-0.7587003,-1.6079578
2020-12-24,0.0453423,0.034574684,-0.48120615,-0.7510664,-0.4267041
2020-12-29,-0.33916053,-1.6805154,0.75470644,-0.1901836,-0.3991199
2020-12-30,0.94864845,-0.01215379,-1.0574526,-0.6021299,-0.6345218
2020-12-31,0.38637766,-1.4665273,0.5057342,-0.013646876,-0.0025641092
2021-01-04,-1.7450308,-0.03783353,-0.87869775,-1.1855942,-0.42269957
2021-01-05,-0.0123805,-0.31005132,-0.52374077,0.020965979,-2.7287521
2021-01-06,0.8843601,0.046888757,1.1889151,0.68557954,-0.33859384
2021-01-07,-1.0251062,0.3654723,-0.40573013,0.358136,-0.23156314
2021-01-08,2.2565322,-0.16346227,2.061709,1.8183045,0.49239868
2021-01-11,-0.67012537,-0.6905286,0.6308035,0.6897718,0.6991877
2021-01-12,0.7745589,-1.450396,-0.24791212,-1.090712,-1.3991767
2021-01-13,-0.35288543,0.17044061,-0.79669464,-0.6481262,-0.50904113
2021-01-14,0.89702487,-0.5155268,-0.104516275,-1.2116476,-1.1468418
2021-01-15,0.76551825,-0.3425333,1.2493633,0.88636386,1.6352029
2021-01-19,-1.0221066,0.74628925,-0.10453222,0.37372935,-0.027913064
2021-01-20,-1.6486195,0.15386634,-0.43492553,-0.2418739,-0.51460844
2021-01-21,0.01784561,-0.07363554,-0.28024486,-0.36877543,-0.31874868
2021-01-22,-1.3900163,1.2588646,0.33309776,1.2129785,1.0665631
2021-01-25,0.25466037,-1.5379646,0.4721767,-0.004209174,-0.69329333
2021-01-26,1.0024647,-1.7020805,0.24950397,-0.5406895,-0.47892147
2021-01-27,0.57630926,-0.85669273,0.99072254,1.0592545,0.4910225
2021-01-28,-0.31725574,0.73227197,-0.47640637,-0.14385627,0.5760336
2021-01-29,0.19679208,-0.9426986,-0.4097792,-1.1110021,-0.4239273
2021-02-01,-1.6810998,-0.19470441,-1.4331406,-0.5940985,-1.3179336
2021-02-02,1.4248667,0.42715758,1.6244824,1.898267,0.28109264
2021-02-03,0.07110397,0.12939577,-0.31593406,-0.61974114,-1.0151767
2021-02-04,1.1840341,0.3860119,0.84709644,0.6723876,-0.22601064
2021-02-05,-1.2204596,0.5672294,-1.088033,-0.80023706,-1.108952
2021-02-22,-0.6087649,0.12938824,-0.85104626,-0.8180149,-3.854696
2021-02-23,0.6084568,-0.73468184,1.1130496,0.4694003,-0.069244534
2021-02-24,0.06782886,-0.6360702,-0.3003189,-0.14617887,-1.8411648
2021-02-25,-0.3129168,0.41328642,0.5979945,0.83250755,0.49584755
2021-02-26,1.5695858,-0.6512485,1.6419158,1.5108225,1.888784
2021-03-01,-0.864605,0.7131388,-0.5969552,0.51873773,0.5371584
2021-03-02,-0.28007418,-0.6350471,-0.6170916,-1.4790326,-0.7760046
2021-03-03,0.21994314,-0.21808298,1.5400362,2.2463217,0.4540697
2021-03-04,1.3979509,-0.1538251,1.7176181,2.2556872,0.4197066
2021-03-05,0.95304966,-0.056090742,0.2501535,-0.07293942,-1.8231542
2021-03-08,0.2998937,-0.171237,-0.4011921,-0.39109007,0.16223387
2021-03-09,-1.3834457,-0.74900293,-0.655813,-0.21211454,0.31742412
2021-03-10,-0.7062569,1.1536868,-0.28549778,0.3388364,0.04841812
2021-03-11,0.38266173,0.6192463,0.15345787,-0.41889724,-1.4456649
2021-03-12,0.3013437,0.22997433,0.2133739,0.7557831,-0.03251204
2021-03-15,-0.64647245,0.59054995,-0.764076,-1.265342,0.21141198
2021-03-16,0.32145548,-0.9637894,0.21518318,0.03345447,0.34815282
2021-03-17,-0.35793212,0.2284757,-0.036713272,-0.23444302,0.5227676
2021-03-18,-1.5681305,-0.22597899,-0.38127786,-0.51053125,2.1266813
2021-03-19,-0.19177228,-0.54003763,0.242064,0.026197188,-0.93099886
2021-03-22,-0.06112717,0.1157237,0.5946221,0.51911986,-0.49510315
2021-03-23,0.5613669,-1.3943026,0.2828615,-0.5413321,1.8374195
2021-03-24,-0.034080055,0.4247906,0.58187973,1.3451785,-1.5203495
2021-03-25,-0.93978715,-0.13855985,0.045196995,0.47395107,2.412768
2021-03-26,-0.44066978,1.426311,-0.4467829,0.23594281,-1.373209
2021-03-29,0.7132404,0.16309598,0.42219046,0.91459525,0.2920599
2021-03-30,0.23117383,0.81634057,0.8339307,1.4476237,1.3792619
2021-03-31,0.51595676,-2.210095,-0.80285394,-1.4498029,-0.7323088
2021-04-01,-1.4005234,0.59536827,0.044165608,1.0104151,0.018763972
2021-04-06,-0.4788755,0.46141532,-1.1959493,-2.020426,-0.6106106
2021-04-07,0.32399753,-0.36405876,0.18923081,0.28632984,0.31650355
2021-04-08,0.36350372,-0.7275074,-0.4207861,-1.2615008,-1.0348538
2021-04-09,1.0548115,-0.110804595,0.82568395,0.3368193,0.5970543
2021-04-12,0.14028813,0.54180294,0.9630732,1.569776,1.0034307
2021-04-13,0.23579043,-0.647698,-0.1376644,-0.950186,-1.022027
2021-04-14,1.205526,-0.118961036,0.09767221,-0.4962299,-2.3977988
2021-04-15,-0.9000446,0.15823889,-0.8966258,-0.82369685,-1.0247724
2021-04-16,-0.30806485,-0.791196,-0.1173432,0.033156026,-0.094688445
2021-04-19,0.14189547,-0.64792013,0.23771085,0.32549483,-0.21242924
2021-04-20,0.9263293,-1.6605952,0.28859827,-0.9368025,-0.14195251
2021-04-21,-0.023442514,-1.0955513,-0.7189353,-1.9482976,-0.8211256
2021-04-22,1.6406829,-1.8798599,0.341676,-0.6904311,-0.6600487
2021-04-23,0.51638186,0.23233484,-0.31148523,-0.54528034,-0.89098847
2021-04-26,0.7813465,-1.448665,-0.40865746,-1.6076078,-1.4187313
2021-04-27,0.63254935,-0.0535054,0.12649195,-0.50472546,-1.2035596
2021-04-28,0.22957188,0.44670695,0.22717345,1.4394279,-0.37717897
2021-04-29,0.048276275,0.5903485,0.20661917,0.9357533,0.21985146
2021-04-30,0.8124242,-1.79945,0.029149758,-1.2898932,-0.25147516
2021-05-06,-0.9894994,-0.034380935,-1.6037086,-1.3549247,-2.0391097
2021-05-07,-0.21090855,-0.22707158,-0.4791885,-0.6823761,-1.0727047
2021-05-10,-1.0056119,0.6841222,0.0054587554,1.0840088,0.57605654
2021-05-11,0.708012,-0.5811776,0.43102485,-0.5627921,-0.7005203
2021-05-12,0.4326221,-0.23029295,0.8722401,1.4260882,-0.0040713944
2021-05-13,-1.4765372,0.4889182,0.06708472,1.1429026,2.1040475
2021-05-14,-1.2561903,1.1678785,-0.03386731,0.6680081,-0.17156464
2021-05-17,-1.6676722,0.98755616,-1.0984917,-0.23626336,-0.7418298
2021-05-18,0.5428382,0.5172761,-0.12046846,-0.70397425,-0.087131895
2021-05-19,-0.19604807,-0.145562,0.41443595,0.6573625,2.464285
2021-05-20,-0.36869073,0.029563623,0.04361623,-0.69924885,0.913881
2021-05-21,0.73954886,0.25458625,1.0593598,1.5109136,0.23387878
2021-05-24,-0.73522145,0.9795938,0.09042785,0.6527889,-1.0628258
2021-05-25,-1.2907461,0.68913436,-0.26933077,0.4566412,-0.030986512
2021-05-26,0.15631352,0.6179243,-0.5909253,0.45655507,-0.14984566
2021-05-27,0.935324,-1.0566716,-0.02043139,-1.5799835,-1.6119337
2021-05-28,-0.77417666,0.7794006,-0.29414052,0.076456875,0.0737686
2021-06-01,0.73572224,-2.0229728,0.093545966,-0.3967515,-1.1099234
2021-06-02,0.35665104,0.2307274,0.11009852,0.39523876,-0.5610508
2021-06-03,0.9505182,0.2388636,1.2254508,1.7721752,1.2911032
2021-06-04,0.44763792,-1.0351733,-0.3048524,-1.3650109,-1.6095268
2021-06-07,-0.8930657,0.22711606,-0.21849884,0.50811785,0.66331244
2021-06-08,0.46099278,-0.2315556,0.6216141,-0.068953484,-0.79102933
2021-06-09,0.028338645,-0.120274395,-0.029142542,-0.28012946,-0.101809666
2021-06-10,0.15006384,-0.0952721,0.014839106,0.36112309,-0.026022501
2021-06-11,-1.0129979,1.2734226,-0.223312,0.7363733,0.57949543
2021-06-15,0.14401092,1.2673657,0.72545993,1.6207376,1.4218473
2021-06-16,-0.31688264,1.2164663,-0.2827043,0.13574283,0.462944
2021-06-17,0.7540175,1.4816906,0.95935273,2.008065,2.5621939
2021-06-18,1.626914,-1.6309521,0.3112442,-0.6082269,-0.50596666
2021-06-21,0.14212446,0.16044714,-0.061055634,-0.44832575,-1.264789
2021-06-22,-0.6898932,0.54010993,-0.21420059,0.39395836,-0.47383085
2021-06-23,0.35514688,0.104233384,-0.7139685,-0.8055161,-1.1357427
2021-06-24,-0.020736314,0.78566927,-0.34890354,0.17523435,0.044023134
2021-06-25,-1.294345,1.4934504,-0.30979487,0.57212436,0.32662916
2021-06-28,0.95789695,-2.4128706,0.008655852,-1.2535625,-0.50722975
2021-06-29,0.8786201,-0.7997271,0.73401713,-0.13576998,-0.5904732
2021-06-30,0.98302746,-2.1077154,-0.4535993,-1.1261472,-0.73102677
2021-07-01,-0.29497728,0.561852,0.6062828,1.0028988,-0.24260655
2021-07-02,-1.4113353,0.7548565,-0.093233824,0.21825384,-0.569396
2021-07-06,-1.6202238,1.6095358,-0.10294885,1.0299052,1.7019509
2021-07-07,0.19269836,-0.44619113,-0.34568578,-1.029522,0.26918828
2021-07-08,0.13865,-0.08432759,0.54515237,1.3855302,-0.012574742
2021-07-09,-0.7705286,0.8576639,-0.752306,-0.07924962,-1.0920212
2021-07-12,1.0375885,-2.1683595,-0.24770099,-0.9760879,-0.58904314
2021-07-13,0.28351778,-0.041074976,0.4239938,0.26817653,-0.8939701
2021-07-14,0.26440874,-0.92875314,-0.58222324,-1.0523309,0.22443925
2021-07-15,-1.4033391,1.7629496,-0.2647054,0.63061154,0.71523964
2021-07-16,1.3992871,0.18662189,0.3844685,-0.09842521,-0.024512641
2021-07-19,-0.362516,-1.0138476,0.3216318,-0.03642989,3.0126023
2021-07-20,0.9574315,-0.46756607,0.07002804,-0.9076765,-1.2170947
2021-07-21,0.3732368,0.7461979,0.35657072,0.9716833,-1.3019952
2021-07-22,-0.52670056,1.6716833,-0.2737919,0.21162009,-0.8727319
2021-07-23,-0.57782316,0.9554406,0.62024325,0.51388013,-0.2567628
2021-07-26,-0.22602572,0.46684465,-0.32146966,-1.0541112,-1.1958294
2021-07-27,0.90168995,-0.20582826,0.8255145,0.6073982,0.6431017
2021-07-28,0.330594,-0.54448164,-0.2537669,-0.43993032,-0.5530062
2021-07-29,-0.9663374,-0.17176941,-0.90606964,-0.5203906,-1.3879435
2021-07-30,-0.44399792,0.8475818,0.83200246,1.3273787,0.57984424
2021-08-02,0.057218872,-1.7459158,-0.40489617,-1.2031881,0.991757
2021-08-03,-0.28875533,-0.046002623,0.56500906,0.9266607,0.8700191
2021-08-04,-0.06817906,-0.28717288,0.2343437,-0.028239362,1.2131016
2021-08-05,0.7649133,0.3050481,0.5171227,-0.29347652,-0.72961503
2021-08-06,1.8721416,-0.8237262,1.3842256,0.3982185,0.58306897
2021-08-09,1.0721833,-1.1285772,1.2119075,0.7061397,0.9963328
2021-08-10,-0.026595632,0.189611,0.12325299,-0.6915265,-1.5772874
2021-08-11,-1.343685,1.0098065,-0.7151419,0.008830814,-0.25136432
2021-08-12,1.115634,-0.96007794,0.22035842,-0.48762277,-0.23895103
2021-08-13,-0.81891876,-0.2682232,-0.6799858,-1.2929585,-0.45178768
2021-08-16,0.04250987,1.5537211,-0.35269374,-0.10516126,1.2211332
2021-08-17,0.0117938025,0.44550705,0.8052264,0.8050783,1.1674713
2021-08-18,0.28851065,-0.7204737,0.62006694,0.28542066,0.8169615
2021-08-19,-0.47144565,0.50583667,0.2992121,0.4572401,2.2743022
2021-08-20,-1.4757721,1.2931466,-0.5995696,0.11968788,1.0368636
2021-08-23,-0.8264398,0.41885072,-0.33535984,0.31837708,-2.412967
2021-08-24,0.58707976,-0.2973062,-0.019424904,-0.21049547,-1.8560784
2021-08-25,0.76487964,-0.16415396,0.78951323,0.72408026,-0.89035624
2021-08-26,0.1909168,-1.3348463,0.44985026,0.05583325,0.53797877
2021-08-27,-1.3676224,0.18778856,-0.6793454,-0.26070365,-1.3112266
2021-08-31,-1.7959634,1.4232925,-0.18230157,0.7694775,0.27138403
2021-09-01,-1.4322344,0.11784496,0.5646824,0.8211408,0.99286497
2021-09-02,0.21114404,-0.054258876,0.8336746,0.88303864,-1.0510175
2021-09-03,-1.5102955,-0.14437853,-1.1595118,-0.6875615,-0.50535184
2021-09-07,0.10633483,0.6538639,0.8133824,0.49506238,1.2255656
2021-09-08,-0.5675917,-0.02320142,1.0158248,1.0148464,-0.20441131
2021-09-09,-1.6776856,0.8073355,-0.29125467,0.19786447,0.34113005
2021-09-10,0.3062929,0.4749906,0.11166652,-0.05695434,-1.0092243
2021-09-13,-0.16363896,-0.47539437,0.6921704,1.4206271,0.1320605
2021-09-14,0.5378154,-1.1079968,0.385928,0.09004081,0.060512
2021-09-15,0.95538336,-1.0456457,0.66392535,-0.82329816,-1.7225316
2021-09-16,1.0886343,-0.25213405,1.479296,1.2489067,0.86040807
2021-09-17,-0.28283983,0.656738,0.4313838,0.37719768,0.5335954
2021-09-22,-2.0225306,0.34416103,-0.9368024,-0.57304114,-0.41929525
2021-09-23,0.96356237,-0.43237522,0.5837863,0.38385382,-1.1532866
2021-09-24,0.10218846,-0.062837005,0.47288004,0.520917,-0.5672375
2021-09-27,-0.7457327,-1.7222956,0.56339264,1.2541838,-0.48487195
2021-09-28,-0.23679078,0.44191733,0.8626646,0.5615535,0.3016193
2021-09-29,1.590756,-0.38517958,1.1814094,0.43548745,0.32541215
2021-10-11,-0.81934494,0.5586643,-1.1143218,-0.67329866,-3.4547565
2021-10-12,-0.51699674,0.81552744,-0.38040257,0.63592464,0.6044599
2021-10-13,-1.8006848,0.75194526,-1.0353864,-0.5202362,-0.3553529
2021-10-14,-0.3432671,0.3371993,-0.69394076,-0.92941374,-1.3855182
2021-10-15,1.2919762,1.1741679,-0.534456,-0.6978741,-0.9652969
2021-10-18,0.75261134,-0.38888493,0.8161858,-0.23299213,0.5628987
2021-10-19,-0.04557354,-0.44866526,-0.13611642,0.4088713,0.11940639
2021-10-20,0.2652169,-0.41345823,-0.18997288,-1.2155427,-1.2497649
2021-10-21,0.5904272,-0.058876317,0.15910013,1.1339408,1.9852031
2021-10-22,0.29936314,-0.62948954,0.1881646,-0.298965,-0.18140644
2021-10-25,-0.8055755,-0.6848772,-0.00017929707,-0.048724897,-1.0262042
2021-10-26,1.214252,-0.13781254,1.195343,0.5505938,0.5056599
2021-10-27,0.42876554,-1.576026,0.96004915,0.1719023,1.4666321
2021-10-28,0.0070746243,0.2690796,-0.32417578,-1.3414884,-0.10345867
2021-10-29,1.0963799,0.3459896,0.384653,0.10634692,-0.011037509
2021-11-01,0.88688576,1.440142,-1.2069763,-1.7087138,0.18533981
2021-11-02,0.29229525,0.00029499884,1.043288,1.1378096,0.45705253
2021-11-03,-0.4123355,-0.77389634,0.78256685,0.76890874,1.4403813
2021-11-04,-1.5112575,0.14370733,-0.25442728,-0.046669267,1.067775
2021-11-05,-0.75897086,1.2839704,-0.19733703,0.46112,-0.45875
2021-11-08,-1.2671093,0.6509127,-0.7959405,-0.14202552,-0.6354591
2021-11-09,1.7364177,0.19226465,-0.006505667,-0.1758937,-0.56485087
2021-11-10,-0.097186446,-1.242805,-0.7851278,-1.5899172,0.43103608
2021-11-11,-0.79064894,-0.046096418,-0.7072483,-0.92683625,-1.0618044
2021-11-12,0.47713566,-0.3286175,-0.6347912,-1.2942262,0.27840728
2021-11-15,0.2953775,-0.42089093,0.70920694,0.29846087,0.47718474
2021-11-16,0.12269573,-0.06450282,1.1873764,1.3638256,0.06462176
2021-11-17,0.4305007,-0.33087322,-0.44725516,-1.6342813,0.3239042
2021-11-18,-0.3329145,0.48207062,0.5554512,1.0095106,0.06473475
2021-11-19,-0.17726089,0.18639839,-0.6086109,-1.4285142,0.8142401
2021-11-22,1.8919984,-0.32794225,0.58900654,0.19019257,-0.7736929
2021-11-23,1.7658505,-0.2117961,1.4028952,0.9924183,-0.50182766
2021-11-24,-1.0833184,0.070266664,-0.053869136,-0.12776823,-0.5521034
2021-11-26,-0.5182765,-1.3092873,-0.13262656,-0.7987974,3.3908296
2021-11-29,0.04345885,1.6866322,0.11787837,0.4800362,-0.17863193
2021-11-30,-0.63923943,0.8523957,-0.2624999,0.29283005,2.7336175
2021-12-01,0.01968239,-0.22308394,0.10376048,-0.23945497,0.038283963
2021-12-02,1.4293696,-0.8726654,0.54011154,-0.24728693,-0.3397665
2021-12-03,-0.120252505,-0.39946386,-0.22692189,-0.6256727,-0.4684246
2021-12-06,1.3543448,1.4828978,-0.16814399,-0.01830086,-0.8208585
2021-12-07,-0.52481955,0.6302715,-0.14084592,0.497616,-1.3485754
2021-12-08,-0.742033,0.6020424,-0.0038855406,0.56551975,-0.5449305
2021-12-09,-0.43162304,-0.68971825,0.9583434,0.9453589,0.85989326
2021-12-10,-0.9083061,-0.5275725,0.4273389,0.7516765,-0.02242142
2021-12-13,-0.4301451,0.32441857,-0.15829885,-0.27254578,0.3196931
2021-12-14,0.9555574,-0.16930258,0.881312,0.34756774,0.8843065
2021-12-15,-0.100914046,-1.1133451,0.86816394,1.4348261,0.3417203
2021-12-16,-1.0659672,0.14083408,-1.2890867,-1.2024245,-2.2839105
2021-12-17,-0.58946353,-0.6735798,-0.38611254,-0.5660824,0.78112125
2021-12-20,-0.5697339,-1.1572877,0.5332849,0.5064058,1.5526547
2021-12-21,0.19823821,-0.34001198,0.1647458,-0.27042997,-2.3943045
2021-12-22,-0.45531154,0.05493375,-0.83360684,-1.0140336,-1.9477315
2021-12-23,-0.18021697,0.05088308,0.13261284,-0.08911263,-0.84180593
2021-12-29,-0.6160465,-0.20819089,1.3543111,0.73809415,-1.0545415
2021-12-30,-0.27509493,1.6794572,-0.48943865,-0.11991694,0.4461442
2021-12-31,-1.3278247,-0.39946607,-0.26411694,-0.52920973,0.54354155
2022-01-04,1.489468,-0.36601025,0.21251848,-0.32301804,-1.792007
2022-01-05,-1.2942086,-0.34435657,0.08140037,1.0277287,-0.5608984
2022-01-06,0.6697527,-0.25869867,1.8758869,2.0275555,0.1338137
2022-01-07,-0.19649062,-0.50039613,-0.20700994,-0.48072758,-0.36931345
2022-01-10,-0.8583996,-0.2068202,0.6315591,0.95233583,0.7361562
2022-01-11,-0.9658574,0.24372277,-0.6476266,-0.3538145,-2.1875987
2022-01-12,-1.3106933,-0.4254985,-0.07982705,0.41005012,-1.0614859
2022-01-13,-0.33516577,1.4938279,0.15615097,0.6284316,0.81453043
2022-01-14,0.30462646,0.13545768,0.9666749,0.94785273,-0.47542092
2022-01-18,0.11507747,-0.6815209,-0.18178552,-0.39355388,-1.415249
2022-01-19,-0.3606011,-0.8079316,-1.117854,-1.6517767,-1.9566246
2022-01-20,-0.7894442,-0.39050257,-0.4965602,-1.2441136,-1.125875
2022-01-21,-0.21346772,-1.0008546,1.0322418,1.0151263,0.64598304
2022-01-24,0.41215056,-1.3425542,0.8040993,0.33796284,1.3629594
2022-01-25,-0.100066155,-0.03631045,-0.029214144,0.18106793,-1.216318
2022-01-26,-0.31175524,0.052473832,0.962463,0.60717106,-1.4831384
2022-01-27,-0.33864343,-1.2220277,1.3286301,2.357367,0.24430072
2022-01-28,1.7398952,0.037986387,0.40351245,-0.6223035,0.044143967
2022-02-07,-0.55517495,0.01183222,-0.914574,-0.55624276,-2.3158534
2022-02-08,-0.5949089,-0.21155472,-0.48276192,-0.83639115,1.009342
2022-02-09,0.41009656,0.059329763,-0.1484297,-1.636344,-1.2669744
2022-02-10,-0.69484735,0.86208683,-0.4449527,-0.056018263,0.09288028
2022-02-11,0.93333834,-1.4131398,1.2206446,1.3531946,-0.049364883
2022-02-14,-1.4707433,0.04966156,0.011524776,0.4018717,-0.8377182
2022-02-15,-1.2949497,-0.5342401,0.5727426,0.321352,1.1860158
2022-02-16,-1.1866771,-0.83007526,-0.02743526,-0.11252454,-1.1809169
2022-02-17,-0.89200336,-0.6170871,-0.793895,-1.687226,0.32474947
2022-02-18,0.12404279,-1.2249829,0.18486969,0.14000148,-0.22981179
2022-02-22,0.1994028,-1.4628643,0.21037118,-0.7647731,-1.6137677
2022-02-23,0.24173011,-1.4154128,0.72960776,-0.3368314,-0.29822516
2022-02-24,0.11045944,-0.77909636,0.34271675,0.13928482,-1.3460598
2022-02-25,-0.47985366,2.0062933,0.23473796,1.1186353,1.8523757
2022-02-28,1.0746032,-2.012542,0.1270978,-0.2875425,-1.9099151
2022-03-01,0.1077365,-1.1185857,-0.55789256,-0.80390143,-3.5345592
2022-03-02,-0.124057874,-0.5826335,0.78959715,1.7346361,-2.3541255
2022-03-03,0.49537897,0.25096622,-1.1661172,-1.7869791,-0.2503328
2022-03-04,-0.40014336,0.099393725,-0.74994123,0.37358546,-3.0163937
2022-03-07,-1.0335648,0.05916417,-0.72225446,-0.8398084,-1.8422205
2022-03-16,0.39421,-0.19802956,0.38006115,-0.17932436,4.2450953
2022-03-17,0.3924488,-0.020470982,-0.21677056,0.7938322,-3.272703
2022-03-18,1.0574375,1.3230722,0.34245235,1.1844399,0.26037005
2022-03-21,1.5146257,-0.17387107,0.33026356,0.5364456,-2.2368655
2022-03-22,0.8102807,-0.59834725,1.1694195,1.5159367,0.4246569
2022-03-23,-0.89163256,0.78345346,-0.52631426,-0.42746606,-2.5759304
2022-03-24,-2.0467741,0.35483584,-0.8462837,-0.496636,-0.071125254
2022-03-25,1.1982404,-0.79402304,0.9586643,0.1935571,-0.09857438
2022-03-28,0.4090591,0.60377675,-0.42245543,-0.98089707,2.758627
2022-03-29,0.33381858,0.99558145,0.35426712,0.8445624,2.1840272
2022-03-30,0.8573553,0.3899661,-1.450241,-0.13187313,-1.6317352
2022-03-31,-0.40493152,0.028387673,-0.95980394,-0.61852866,2.0880802
2022-04-01,-0.08170049,0.7341128,-0.058558706,-0.34380347,0.97029436
2022-04-06,0.73821884,-2.4419758,0.38271174,-0.6896325,0.0990886
2022-04-07,-0.4437374,-1.2093418,-0.10608984,-0.31721076,0.66231537
2022-04-08,0.8876777,-0.77675307,-0.039616887,-0.6370654,-1.7444516
2022-04-11,0.7777733,-0.5076202,-0.40421483,-0.36276335,1.2037761
2022-04-12,-0.22536021,-0.032547854,-0.13286744,0.43255904,-2.4294827
2022-04-13,0.17828,-0.012085431,-0.052090723,0.7177096,-2.0916297
2022-04-14,0.15432301,0.4308733,0.64508593,1.4581212,-1.273182
2022-04-19,0.06473919,-2.147135,0.5311831,-0.45080936,0.2986131
2022-04-20,1.0524901,-0.2128573,0.43442813,0.42695728,-0.27412856
2022-04-21,0.1216292,1.0816339,0.39099872,0.35928223,-0.06649624
2022-04-22,1.3026093,-0.03189877,0.9354829,0.8164702,1.169536
2022-04-25,1.5630618,-0.905616,1.2611423,0.9526399,1.9470329
2022-04-26,0.7729105,0.38933063,0.22749545,0.8963727,-1.8461487
2022-04-27,0.56039965,-0.16751535,0.71708554,0.5853024,-1.4341514
2022-04-28,1.3467554,0.6009934,0.32247254,0.8202672,-0.9398652
2022-04-29,-1.0345267,0.368778,-0.6902257,0.22026014,0.44545925
2022-05-05,-0.43455616,-1.832644,0.54671246,1.2771082,0.74679285
2022-05-06,-0.027790926,0.10238536,0.7832617,0.53759074,0.96171266
2022-05-09,0.77068835,0.029831877,0.4608818,0.20210285,2.9079764
2022-05-10,0.54158574,-0.8484552,0.5336898,0.2267667,0.20145397
2022-05-11,0.43227768,-0.3049054,-0.9344022,-0.15077856,-2.0834155
2022-05-12,1.8347428,-1.1168113,1.6959242,1.024972,0.7393419
2022-05-13,0.22946195,0.42630282,0.38999435,0.24161285,-0.97026634
2022-05-16,0.20625271,-0.14637983,-0.5974342,-0.5913589,-0.8870003
2022-05-17,-0.8439271,-0.38956633,-0.6001295,-1.2436148,-0.20744418
2022-05-18,-1.051634,0.17004421,0.1475312,0.46620673,2.328025
2022-05-19,-1.3502519,1.198786,-1.0951402,-0.68392754,-1.4047298
2022-05-20,-0.54311097,0.029503467,0.5742988,0.7116517,0.0073799905
2022-05-23,-0.54534495,-0.39802614,-0.47665203,0.14817,-0.42699304
2022-05-24,-0.60079575,0.7229696,0.050915223,0.8103115,0.50504017
2022-05-25,0.12840633,0.15411651,1.3089691,0.574827,0.101672664
2022-05-26,-0.051343396,-0.16424319,0.10369881,0.71125364,-1.1832583
2022-05-27,-0.17450517,0.43641764,-0.52873,-0.40642706,-1.048375
2022-05-31,-0.42921916,2.1967552,0.23721392,1.3912679,0.32259455
2022-06-01,-1.0975884,0.2941121,-0.30354136,0.29136762,0.3032411
2022-06-06,-0.074492574,-0.44459972,-0.32789582,0.016345069,-2.650914
2022-06-07,0.17129636,-0.6215883,0.16011055,0.17193496,0.49139726
2022-06-08,0.9706203,0.35930043,0.037370346,-0.39644805,-0.818686
2022-06-09,1.4986447,-0.51666343,1.0882322,0.7073867,0.025611697
2022-06-10,-0.30644292,-0.39525074,0.026658686,0.4797102,1.334261
2022-06-13,1.0754097,-0.38230276,1.3199035,0.9104062,2.0884774
2022-06-14,1.3088113,1.0679824,0.31984857,0.30575633,0.96490556
2022-06-15,-1.1040454,0.45216036,-0.594775,-0.4949511,-0.39623114
2022-06-16,-0.012737456,-1.0171735,-0.589051,-0.16892876,-0.20054229
2022-06-17,-0.20955592,0.28560182,0.2009774,-0.51262736,2.3280494
2022-06-21,-1.3252978,1.9719222,-0.13081074,0.23853253,-0.22707734
2022-06-22,0.6959133,0.09083628,0.62811166,0.8830703,1.6151285
2022-06-23,0.033204846,1.3265247,0.4672577,1.1389621,2.3354743
2022-06-24,-0.8298634,-1.5054141,1.0385319,1.6429609,0.36159834
2022-06-27,-0.79753304,-0.28845736,0.010360617,0.19742247,0.2305116
2022-06-28,0.8667441,-0.8503687,0.18280017,-0.28201774,-0.5774967
2022-06-29,0.091014504,-0.1743931,0.15534717,-1.6531683,0.26671654
2022-06-30,0.2920463,0.91290826,0.51021653,0.2730119,2.5457084
2022-07-01,-0.015636876,0.63902193,1.0757283,2.207291,0.804013
2022-07-05,-0.72077256,0.09177918,0.09802863,0.076086886,3.53407
2022-07-06,-0.019182295,-0.82949495,0.22966282,-0.4969386,1.3904402
2022-07-07,0.29215702,-0.1420377,-0.08044662,0.22392964,-3.1148572
2022-07-08,1.5797024,-1.1827488,-0.0005078964,-1.1043915,-1.1881154
2022-07-11,0.17451331,-0.2996261,1.2649558,1.764024,0.06586147
2022-07-12,-1.070363,1.0046842,0.08083781,1.0032184,2.6277704
2022-07-13,-0.9564945,-0.6861418,-0.2362872,0.14063974,0.58032626
2022-07-14,0.8027088,-0.00064966973,1.3230234,1.9553528,1.6052742
2022-07-15,-1.1920097,2.584147,0.05635279,1.0713372,0.21961877
2022-07-18,0.3946493,-0.4818077,-0.70481753,-1.6693633,-2.3383396
2022-07-19,-0.22074153,0.48955485,0.12091915,1.0936224,0.9925756
2022-07-20,-1.2971934,0.50229836,0.173432,0.5632158,0.050934065
2022-07-21,-1.3886845,0.2579309,-0.43248278,0.18871778,1.747093
2022-07-22,-1.8510245,0.4423475,-0.14175545,0.42957306,-0.30848384
2022-07-25,1.1614401,-0.8891677,0.02069486,0.5270307,-0.5977382
2022-07-26,1.0910587,-1.4739852,-0.05173534,-0.98082733,-0.9488691
2022-07-27,0.16809508,0.12365136,0.07143039,0.104294285,-1.4685303
2022-07-28,0.075616464,-1.0949346,-0.89834315,-2.1197355,-1.5675846
2022-07-29,-1.0512153,0.12051468,-1.0320246,-0.91842186,-1.5035414
2022-08-01,-0.9262984,-0.590362,-0.6043826,-1.1810719,2.5796902
2022-08-02,-0.05832943,1.4705356,0.1109117,0.63373166,1.0746882
2022-08-03,0.36220232,-0.61016685,0.75977993,0.35045853,1.1757239
2022-08-04,-0.41484746,-0.87080014,-1.1250123,-2.1913748,-0.08151039
2022-08-05,0.8170716,0.12099307,0.27045807,-0.7304284,-0.14553647
2022-08-08,-0.70650893,0.15182701,-0.80371493,-0.73595154,-0.44688866
2022-08-09,0.68899286,-0.57287866,0.15373093,0.039499667,-1.6425053
2022-08-10,-0.0095806625,-0.14753279,-0.37365362,-0.49815536,-1.6967595
2022-08-11,0.50657576,-0.38549873,0.094857894,-0.4008756,-1.6933854
2022-08-12,0.51867914,-0.15853532,0.257622,0.29037616,0.22146003
2022-08-15,0.50065017,2.214929,0.11520982,0.7458208,2.0207207
2022-08-16,-0.78551227,1.3451416,-0.26341182,0.4424936,0.7204866
2022-08-17,0.3066741,-0.21281978,1.3333583,1.8476168,-0.059371125
2022-08-18,0.231902,1.2429861,0.59163874,1.5698789,-0.19104902
2022-08-19,1.3444,-0.64580345,0.6834932,-0.39339283,-0.7509981
2022-08-22,0.95552444,-1.4761708,0.54929286,-0.23177591,-0.14284092
2022-08-23,1.0173317,-0.7375526,-0.21951944,-0.58875847,-1.5315962
2022-08-24,1.1003958,0.06586992,0.20689985,0.19706908,-0.35413513
2022-08-25,-1.4173307,0.6504681,-0.66110116,-0.16946189,0.1514524
2022-08-26,1.8264824,-0.5650816,0.800222,-0.5297739,-1.1693091
2022-08-30,0.34063756,-1.0972611,0.80666786,0.44771203,2.2525787
2022-08-31,0.6243809,-1.010928,0.447173,-0.2961087,1.0686427
2022-09-01,-0.5932742,0.22137626,0.5110264,0.89158285,3.0173507
2022-09-02,0.21331699,-1.0982031,0.031729672,-0.15012047,-0.8486315
2022-09-06,-0.12940525,0.43759426,-0.76301235,-0.6707391,0.24486087
2022-09-07,-0.44530147,-0.39329293,-0.9384127,-0.81629795,1.3855392
2022-09-08,-0.5539912,0.35010538,-0.5873552,-0.38464305,-0.78810376
2022-09-09,0.5736466,-0.8011714,-0.49858636,-1.086467,-2.1092203
2022-09-13,-0.39323002,-1.4251512,-0.3385995,-0.97443753,-0.9381107
2022-09-14,-0.8456852,-0.15723576,-0.35078776,0.40412453,0.94430816
2022-09-15,-0.47569212,1.3271016,0.030086486,0.17741545,2.270668
2022-09-16,-0.24173638,-0.29109886,-0.112081185,-0.35523278,-0.09516436
2022-09-19,-0.03334699,0.45618677,-0.02918222,0.9326031,-0.29746753
2022-09-20,1.2118484,-1.4751682,0.22733489,-0.72601485,-0.41961783
2022-09-21,-0.11782025,0.32380036,0.06096838,0.05286113,0.61890155
2022-09-22,0.9146511,0.3511733,0.050087493,-0.42963114,-0.6975409
2022-09-23,0.60057366,0.08868866,0.9500797,0.7178706,3.1725445
2022-09-26,0.2988499,0.15149316,0.80808383,0.99124324,2.0076437
2022-09-27,0.6461776,0.3677051,0.56383526,1.449697,-0.71851873
2022-09-28,-0.53415626,-0.07386339,-0.803328,0.17201862,-2.1329277
2022-09-29,-0.7482318,0.07656339,-0.36663467,-0.8200026,-0.32698867
2022-10-10,0.56230074,0.3849418,0.007837344,0.37769008,-3.7761495
2022-10-11,-0.9129956,0.13287847,-0.006065505,-0.0051991018,0.8904862
2022-10-12,-0.13445233,-0.255558,0.6324944,0.62783664,0.48610634
2022-10-13,-0.23463382,-0.32663417,-0.06753096,0.19239186,-0.7926613
2022-10-14,0.35319006,0.38719997,0.60885954,0.40717945,1.7612804
2022-10-17,0.13968432,1.2038172,-0.8986181,-0.11255349,0.5478342
2022-10-18,0.26901683,-0.35992494,0.20866005,-0.2708643,1.0303593
2022-10-19,0.90440893,0.016476044,0.88876724,0.72948104,0.11624077
2022-10-20,-0.79352045,0.1071517,-1.2734402,-1.2897854,-0.48767397
2022-10-21,-0.67884636,0.09695241,-0.7100862,-0.71182376,-0.6009185
2022-10-24,-0.59643596,0.43733963,0.4267785,1.1957766,0.023466997
2022-10-25,-0.16613612,-0.3249934,0.37266392,0.7367474,-0.7892481
2022-10-26,-1.6924456,0.71118647,-0.4888095,-0.5430382,-1.6516429
2022-10-27,0.897659,0.99403167,0.11642599,0.8825517,0.26721534
2022-10-28,0.14282784,-1.1163044,1.566233,2.0299742,0.95092154
2022-10-31,0.950345,-2.0128434,0.2865627,-0.6667916,0.58884555
2022-11-01,-0.7529017,-0.4439596,-1.080572,-2.803973,0.2983075
2022-11-02,-0.51674473,1.0204682,0.38342962,0.8887823,-1.1552415
2022-11-03,1.1570431,0.44649464,0.98069555,1.0787995,0.41744277
2022-11-04,-1.6904306,0.29437253,-1.4666412,-1.5576452,-2.4080205
2022-11-07,-1.1939415,-0.7943674,-0.20433287,0.22520961,0.76550704
2022-11-08,-1.0705373,1.1218578,-1.3764272,-1.5915215,0.30620998
2022-11-09,0.3843934,-0.36347377,0.13126633,-0.88364744,1.5837098
2022-11-10,-2.078606,0.6241044,-1.4999325,-0.8275381,-0.6140567
2022-11-11,-0.17193662,0.28623787,-0.5151195,-1.6484443,-1.2603188
2022-11-14,-0.90117586,-0.20021208,-0.66932374,-0.91370595,0.59773636
2022-11-15,0.89313674,-0.9401702,0.5451523,0.29001778,-0.6090089
2022-11-16,0.07019573,0.3363654,0.44073582,1.1303265,1.4093457
2022-11-17,0.34456524,-0.4485213,0.85549,1.0380836,2.1952953
2022-11-18,0.04313765,-0.3883558,-0.06485382,-0.5267009,0.3366132
2022-11-21,-0.09198002,-0.9668121,0.63322175,1.2783039,0.82292885
2022-11-22,-0.4595979,0.99758935,-0.40634152,-0.2666079,-1.138169
2022-11-23,-0.4074931,-1.3232865,-0.2935488,-0.8450514,0.67808807
2022-11-25,0.019520406,-0.29343238,-0.72069633,-0.6559513,1.3888507
2022-11-28,0.536074,-0.14319375,0.20204651,0.12616655,0.12567173
2022-11-29,-0.89595467,0.09234977,-0.44666523,-0.14291756,-1.1123983
2022-11-30,-0.42858928,1.0773873,-0.6842152,-0.54356474,-1.8242202
2022-12-01,-2.135535,1.7812982,-1.2788701,-0.16317375,0.36897856
2022-12-02,-0.77342826,0.8137349,-0.50293094,-0.7758427,0.9481421
2022-12-05,0.71583194,1.0239389,0.097056575,-0.41669625,1.9186553
2022-12-06,-0.1962681,-0.19785789,-0.69062,-1.2613378,1.549713
2022-12-07,-1.0734514,-0.92394835,-0.85809207,-1.4973155,0.46070042
2022-12-08,0.013105276,-0.26851192,-0.23076712,-0.119702,-0.15445802
2022-12-09,-0.84957534,-0.00695392,-0.87314576,0.078946866,-0.01427583
2022-12-12,1.6528277,-0.5896339,0.90050364,1.2042079,-0.4861533
2022-12-13,-0.3143644,0.08808635,-0.53017575,0.19843647,-2.5172775
2022-12-14,0.5304399,1.2221617,0.42025024,0.8112379,-0.94722766
2022-12-15,1.274961,-0.61270446,1.1970114,1.2343224,1.3759264
2022-12-16,-0.40707716,-0.60732746,0.18027373,-0.55308986,1.5080249
2022-12-19,0.89579576,1.032166,0.15798885,-0.35803807,0.34566757
2022-12-20,-0.22741483,0.5512498,-1.3275427,-1.9406378,-0.93236756
2022-12-21,0.41129908,-0.45306286,0.66324544,0.35698423,-1.0806255
2022-12-22,0.94502234,-0.010072177,0.95589083,0.74373496,1.0392507
2022-12-23,0.42709675,0.57348007,-0.68929505,0.17680874,-1.6402702
2022-12-28,1.1434458,-0.1282635,-0.909761,-0.04755258,-0.31710538
2022-12-29,-0.939596,0.44158757,-1.1588917,-0.84090054,0.14898513
2022-12-30,0.7397531,0.5074508,-0.23329662,0.9056543,-0.34573877
2023-01-03,-0.6015657,0.6955212,-1.0945848,-1.337159,1.8074002
2023-01-04,-0.9836405,-0.17414993,-0.45400494,0.044581298,2.3166125
2023-01-05,1.4952123,1.1847348,0.3503263,0.20595501,0.20605962
2023-01-06,-0.89701414,0.3585282,-1.3240384,-0.94962686,-0.99559224
2023-01-09,-0.48712835,1.0725034,-0.5524033,-0.5368818,-1.2297705
2023-01-10,0.40171537,1.0373102,0.24233234,0.35870022,-0.074860774
2023-01-11,0.41725662,0.9036298,0.03962265,0.6235495,-0.99627256
2023-01-12,0.016023008,-0.74616486,-0.6922171,-0.5676439,-1.0965798
2023-01-13,0.32285503,0.7832832,-0.49398947,-0.88915443,-0.80426157
2023-01-17,0.9220987,-0.6119983,0.8914166,0.14028232,-0.19541201
2023-01-18,0.37160292,1.485021,-0.43382856,-0.5675778,-0.037301943
2023-01-30,0.95996183,1.4954959,-1.1683247,-1.7750647,0.70851463
2023-01-31,0.5230466,0.565809,-0.3202626,-0.99695486,-0.8267835
2023-02-01,0.4134161,-0.22812882,-0.05518996,-0.4157468,2.4044878
2023-02-02,0.03018306,0.26521066,-0.6471802,-0.8852957,0.33411142
2023-02-03,1.4786973,-0.45552936,1.3326287,0.85779834,2.3732085
2023-02-06,-0.21139304,-0.8313711,0.70758474,1.4924128,0.559273
2023-02-07,0.27431157,0.40717173,0.30418754,1.1120331,-1.9443514
2023-02-08,0.9320721,0.5003222,-0.27808464,-0.5596151,0.17800511
2023-02-09,-0.035688482,0.9869876,-0.12765479,-0.51781523,0.8268529
2023-02-10,1.530842,-1.4073778,0.8346387,0.5280427,0.019051058
2023-02-13,1.1567726,0.79585207,-0.022116935,0.22345373,-0.18975757
2023-02-14,-0.06421196,-0.21187234,0.3290439,0.26287916,0.13772458
2023-02-15,-0.21048185,-1.0452636,1.13208,0.9047243,1.0503615
2023-02-16,-0.19491976,0.3471075,-0.87322515,-1.1837823,0.010557191
2023-02-17,0.63415986,0.44130853,-0.6962085,-0.8801212,1.0827031
2023-02-21,0.009875025,0.8408431,-0.95805216,-1.3380134,-1.2735667
2023-02-22,1.0144372,0.18157789,-1.0239418,0.17217645,0.872825
2023-02-23,0.83318317,0.4171171,0.67383194,1.6606818,0.6445711
2023-02-24,1.1657323,0.55196965,1.0345317,2.2222278,0.54415303
2023-02-27,-1.3254375,1.0984964,-0.920542,-0.23038737,-0.4190723
2023-02-28,-0.43303058,1.4605145,-0.72522116,0.13542901,-0.09209354
2023-03-01,-0.031743143,0.09870503,-0.60495085,0.5971112,-1.3614233
2023-03-02,1.0969783,-0.57941437,0.22401877,0.7171415,0.34455818
2023-03-03,-0.4756188,0.27323598,-0.42326894,-0.056053404,-0.96090764
2023-03-06,0.82249117,1.4752907,-0.3704689,-0.479746,0.66092324
2023-03-07,1.1461769,-0.5961248,1.3297474,0.8087043,2.120849
2023-03-08,0.1737,0.6396352,-0.67374843,-0.5526029,0.61389786
2023-03-09,-0.9630994,0.9052309,-0.53298736,0.043146037,1.2533739
2023-03-10,-0.14735955,-0.5872318,-0.51568896,0.24889591,-0.471926
2023-03-13,-2.0384984,0.19877404,-2.0104265,-1.4075276,-0.6501892
2023-03-14,0.34599444,-0.38452804,-0.3396241,-0.7229691,1.0428623
2023-03-15,0.36764735,-0.87482816,-0.23045075,-0.7536884,2.6555538
2023-03-16,1.2926316,0.6046766,-0.04910773,0.01730609,-0.84167117
2023-03-17,-0.8680687,0.47194666,-1.2947645,-1.0519426,-0.16108118
2023-03-20,0.5619632,0.79651505,-0.83897537,-0.25871778,-0.08508603
2023-03-21,0.77560425,1.1562846,0.7109532,1.0143129,0.1546951
2023-03-22,0.019617882,1.6641235,-0.592483,-0.0976233,-0.19903062
2023-03-23,-1.3091526,1.0968629,-1.452755,-0.58351666,0.35700595
2023-03-24,0.9287233,-1.2158114,-0.11739659,-0.79625636,-0.1477334
2023-03-27,1.8264661,0.56327784,0.30061233,0.06604362,-1.3069744
2023-03-28,0.6807362,0.2008326,-0.17796925,-0.84536046,-0.6250982
2023-03-29,0.8579766,0.2744486,-1.1946115,-0.34415874,0.5365333
2023-03-30,-0.3155544,0.22255184,-0.74534327,-0.31026766,-0.14361365
2023-03-31,0.81260014,-0.4430796,-0.29496577,-0.2601006,-1.0984316
2023-04-03,0.6758547,0.22395843,0.414076,1.2142253,-1.1400154
2023-04-04,-0.65808356,0.27654645,-1.4368505,-0.7407447,0.5968162
2023-04-06,0.4611897,1.2894757,0.63140565,-0.014766563,0.11971771
2023-04-11,1.2102666,-0.06795484,-0.1387845,-0.12977901,-0.3101837
2023-04-12,0.116304666,1.0474265,-1.0525475,-0.43226096,-0.3591094
2023-04-13,-0.7415119,1.3359628,-1.6709999,-1.3733897,-0.025308324
2023-04-14,1.5331111,-0.74416155,0.41323122,-0.2030508,0.00396455
2023-04-17,0.89158636,-1.1497926,-0.102884635,-0.72722554,0.090683825
2023-04-18,-1.2215748,-0.054243546,-0.89135265,-0.74868286,-0.95493835
2023-04-19,-0.14916334,0.43466613,-0.43202004,-0.19720586,1.4321818
2023-04-20,-0.9823004,0.02745419,-0.1287006,-0.0070325276,1.6692468
2023-04-21,0.892419,0.49343058,-0.082965314,0.70979124,0.52312356
2023-04-24,0.29006398,1.2697707,0.44728246,0.59224206,0.18376228
2023-04-25,-0.15664624,-0.17546563,0.5721712,0.58630276,1.9482847
2023-04-26,-0.7280783,0.39790046,-0.08813234,-1.2154502,0.848075
2023-04-27,-1.6342639,0.15101178,0.21414654,0.5874827,0.23105024
2023-04-28,0.17911181,-1.1354103,0.4071487,-0.22852476,-1.1951467
2023-05-04,-0.051106155,-1.1053785,-1.3004057,-1.6727082,2.329546
2023-05-05,1.3833457,-0.25378296,0.5466993,-0.6106134,-2.0615132
2023-05-09,-1.1739385,-0.40961954,0.29418087,1.3820617,-0.61987
2023-05-10,0.5420319,-0.10367666,0.9847519,0.66144323,0.84351116
2023-05-11,0.660893,-0.31709477,1.3206612,1.4131713,1.6059549
2023-05-12,-0.08097656,-0.048543032,0.34802377,-0.2541674,0.6908059
2023-05-15,-1.6054206,0.4671421,0.49344632,0.9531715,-0.42477044
2023-05-16,-0.27716687,0.48286682,0.95949566,1.3663596,1.0839844
2023-05-17,-1.0284036,1.7936447,0.0952234,0.8464984,-0.8552225
2023-05-18,-0.57418525,-0.8730689,1.2566456,1.2245821,0.69852036
2023-05-19,-2.10624,0.69189763,-0.21115918,-0.10564286,-0.17118022
2023-05-22,0.7081745,-1.4852428,1.1234814,-0.1769926,-0.23227224
2023-05-23,0.2930527,-0.5874125,1.2959061,0.9906963,0.6126461
2023-05-24,0.5955463,-0.05386265,1.2633368,1.9781224,0.24281092
2023-05-25,0.4324459,-0.23204029,-0.2185388,-0.6078034,1.1161034
2023-05-26,0.85437083,0.5727983,-0.28160897,-1.1890602,-0.9429449
2023-05-30,-1.2360476,0.7016031,-0.4856027,-0.039198894,2.1470864
2023-05-31,-0.52055395,-0.6549685,0.9967364,-0.3733206,0.69135755
2023-06-01,0.21128249,-0.00062416866,-0.7202426,-1.3272184,-1.5629727
2023-06-02,1.2980089,-0.88737476,0.60947555,0.27170634,-0.9936019
2023-06-05,-0.54288375,-0.06610549,-0.32150275,0.94546986,-0.4129796
2023-06-06,0.30995664,-0.7307273,0.027558176,-0.665142,-0.39408618
2023-06-07,-0.060910314,1.2587793,0.37578675,0.7978773,-0.39776692
2023-06-08,-0.16710189,-1.0970829,-0.19303255,-1.5428675,-0.6737834
2023-06-09,-0.18963674,-0.69429964,0.21393616,-0.4732255,0.051803578
2023-06-12,0.56423724,-0.96729213,0.57763195,-0.08110597,1.7379583
2023-06-13,0.061187387,0.3192015,0.28382334,0.6086054,-1.3340001
2023-06-14,-0.8322612,0.5550368,-0.74232733,-1.1638004,-0.14777753
2023-06-15,0.39064267,-1.5643548,0.11374021,0.30906004,-1.7256857
2023-06-16,1.2525338,-1.1272756,0.24337028,-0.5699733,-1.2580199
2023-06-20,0.9852053,-1.1056024,1.368359,0.6454973,1.7108613
2023-06-21,1.4152733,-0.51221204,0.5190859,0.5122853,-0.46246588
2023-06-26,-0.5810387,-1.3384002,0.62949884,1.3044785,1.5518876
2023-06-27,-0.95050275,1.0971906,-0.6478364,-0.24940744,0.36284408
2023-06-28,-0.45936012,1.9455653,0.5480392,1.6221282,0.75804144
2023-06-29,-0.12957664,-0.6566175,0.46154565,0.6975399,-0.088511
2023-06-30,-0.12880565,-0.5609124,0.07850803,-0.3798742,-1.3320328
2023-07-03,-0.5456979,-1.2903848,0.44286373,-0.4090803,0.09206078
2023-07-05,0.54026765,-0.27182087,0.06759444,0.32962313,-1.3443527
2023-07-06,1.2609795,0.61509174,0.05927365,0.22650822,0.87988186
2023-07-07,-0.80033445,1.3060768,-0.014523956,0.7645908,-0.6319361
2023-07-10,0.11002567,-1.0530269,-0.25366202,-0.46993527,-0.31755528
2023-07-11,0.37681848,0.07512375,0.25731835,0.4414862,-0.83677655
2023-07-12,-1.8399333,1.4706326,-1.3448431,-0.8225035,-0.71335095
2023-07-13,0.4996824,-0.92412513,-0.6707607,-1.6641297,-1.4586748
2023-07-14,-0.31448668,0.049427386,-0.1593969,-0.25173676,0.46526006
2023-07-17,-1.0928757,2.034665,0.10847966,1.3867296,1.4458228
2023-07-18,1.0572968,-0.5386172,-0.5674034,-0.20635884,-0.8249489
2023-07-19,1.3861321,-1.4179219,0.60099393,-0.53545403,-0.68468344
2023-07-20,0.3936036,-0.2730759,0.6484246,0.070840426,-0.4847493
2023-07-21,0.60217434,0.7519502,0.31351426,0.7670069,-0.6931835
2023-07-24,1.8021432,-1.3016272,0.1551875,-0.9227008,-1.7389364
2023-07-25,-0.6014976,0.7875095,-0.9615306,-0.74506915,-0.48436818
2023-07-26,-0.21655731,1.5450917,0.0917293,1.1421672,0.42387453
2023-07-27,0.97555345,1.041749,0.8416068,1.2541802,0.46460813
2023-07-28,-1.536247,1.2622088,-0.6078304,0.55526334,-0.052493196
2023-07-31,-1.4757711,2.1631176,-0.8259451,0.02661941,-0.113247074
2023-08-01,1.3656002,0.16102065,0.8114474,0.62081736,0.3351232
2023-08-02,0.29486543,0.05413148,0.545737,0.78493226,1.9383429
2023-08-03,-0.581516,0.98997885,0.5434647,1.2095802,-0.48433924
2023-08-04,-0.25717506,-0.14784417,0.04450602,0.40342203,-0.31868857
2023-08-07,0.16965355,-0.14703059,0.40980583,0.46779746,0.59624875
2023-08-08,1.196623,-0.35264015,0.97924685,1.2409338,0.2658349
2023-08-09,0.38048932,0.8539387,0.55802166,1.4140368,-0.97588253
2023-08-10,0.1297756,0.3456183,-0.5326517,-0.79492915,0.4392336
2023-08-11,-0.09020923,0.33306926,0.5529653,0.83612937,0.6018029
2023-08-14,0.009140829,-0.430238,0.0797531,0.51814586,1.1051514
2023-08-15,0.5845837,2.0872703,-0.5113238,-0.05008035,1.7445055
2023-08-16,1.099968,-0.41749415,0.025811467,-0.43006277,0.18630567
2023-08-17,0.23203526,0.2730065,-0.31383055,0.048965167,-0.5359001
2023-08-18,1.0505064,-0.53123736,-0.57046634,-0.11957766,-0.7320885
2023-08-21,-1.1602013,0.48823732,-0.6675454,-0.0466512,0.25199676
2023-08-22,-0.70571524,1.3326142,-0.856872,-0.23077574,0.14970464
2023-08-23,-0.13340247,-0.3644467,-1.1602247,-1.9615382,-0.82553905
2023-08-24,0.08091934,0.22754125,0.19181411,0.2985754,-0.057674885
2023-08-25,0.68615633,0.2656051,0.43120727,0.5816795,-1.2295215
2023-08-29,-1.4835182,0.7662032,-1.3721225,-0.9228103,0.04723542
2023-08-30,-1.1322598,-0.22939372,-0.024381418,-0.095910124,0.49348634
2023-08-31,0.71827275,0.3095875,0.23406525,0.7193063,0.13787185
2023-09-01,-0.05524752,0.13088961,0.13455494,-0.8540868,-0.5072157
2023-09-05,1.3834646,0.11733295,1.4348552,0.8315459,-0.005406696
2023-09-06,1.3729361,-0.45413294,0.37212354,0.3138824,0.5765757
2023-09-07,-0.5124935,0.5997074,0.34628624,0.85509783,0.4389595
2023-09-08,0.3178,0.49881318,0.73964936,1.4700823,-0.05225502
2023-09-11,0.2162212,1.107586,-0.7604732,-0.5806402,-0.9817661
2023-09-12,0.051476225,0.14179331,0.16621603,0.8546343,0.10114392
2023-09-13,0.74174345,-0.16426882,-0.017727189,-0.13941571,-0.36058608
2023-09-14,-0.03291734,1.3069798,0.009086394,0.22861871,-0.6397532
2023-09-15,0.70835835,-1.2160207,-0.8214316,-0.83237195,0.26190025
2023-09-18,-1.1495993,0.7708403,-0.4416466,0.0006360579,0.44917917
2023-09-19,0.39524874,0.018677073,-0.2844239,0.027105689,-0.34500897
2023-09-20,-0.6496087,0.21701027,-0.6865467,-0.67636347,0.5285621
2023-09-21,0.8098499,1.2946794,0.59195673,1.2069455,1.1207862
2023-09-22,-0.44899493,-0.13534173,-0.650745,-0.9150381,0.03436584
2023-09-25,1.0517377,0.13770783,0.3871893,0.3730359,1.0035266
2023-09-26,0.67265403,0.057150844,0.6173857,0.38077614,0.27502936
2023-09-27,1.0080305,0.4254062,1.0926945,1.5493296,-0.46926653
2023-10-09,-0.6713951,-0.82413816,-0.14155252,-1.0607373,3.0010095
2023-10-10,-0.5010523,0.6510438,0.07686722,0.95665705,0.48090586
2023-10-11,-0.6690755,0.101435475,-0.48601866,-0.2535877,0.9962045
2023-10-12,1.0560077,-1.323433,0.44126812,-0.34106794,-0.13790442
2023-10-13,-0.9032342,0.74889845,-0.42023793,0.30091128,-1.9237382
2023-10-16,0.75913256,1.2820339,-0.79713947,-0.48171198,0.618561
2023-10-17,-0.2148191,0.1471847,-0.37729907,-0.3133491,0.052851018
2023-10-18,-0.03924287,0.099526554,-0.10517241,-0.3132346,-0.49520332
2023-10-19,0.94660026,0.48140362,-0.45457903,-0.5160131,0.15298389
2023-10-20,-0.563799,0.75602484,-0.95176584,-0.05776483,0.10209124
2023-10-23,0.30687577,0.4879105,-0.19015749,-0.4007631,1.2729433
2023-10-24,-0.37212706,0.17871775,-0.35676062,-0.70475274,0.8898008
2023-10-25,0.16603844,0.40712434,-0.9491129,0.30922848,-0.51635444
2023-10-26,-0.28057906,-0.6164106,0.09511462,0.79786724,0.52016145
2023-10-27,-0.018208502,0.5227278,-0.0639002,-0.07932859,-0.9891917
2023-10-30,-1.4813716,-0.3078895,-1.376268,-0.81770176,0.5450896
2023-10-31,0.518513,0.55633956,0.35678935,0.72809714,0.4939605
2023-11-01,0.5073775,0.37929758,-0.19464284,-0.4438126,0.93565845
2023-11-02,0.0052871476,0.16168872,0.3216659,0.715066,-0.9677282
2023-11-03,-0.40504292,-0.24539454,-1.0094335,-1.7888826,0.20691057
2023-11-06,1.0630051,0.40251803,0.12598386,-0.6068791,-0.4535815
2023-11-07,0.40161702,0.19298501,0.008489755,-0.027051724,2.2881455
2023-11-08,0.9874941,-0.88360935,-0.32610145,-0.7454346,0.5887171
2023-11-09,0.12406411,0.90918416,-0.2013802,-0.23797,0.44101772
2023-11-10,1.3744016,0.08341757,1.0041994,1.6283528,0.40780297
2023-11-13,0.20534211,-0.746939,-0.09692384,-0.50567156,-1.398387
2023-11-14,-0.6682688,0.3284689,-1.5091729,-0.96112716,-0.6589777
2023-11-15,-0.1725799,0.3666948,-0.91597384,-0.5934704,-0.050508004
2023-11-16,-0.6941129,-0.20056601,-0.5124473,-0.8779279,2.1020558
2023-11-17,0.15955786,1.3367743,0.3319841,1.1748706,-0.48935762
2023-11-20,0.57555693,0.52757186,-0.13569526,-0.27890706,-1.4435589
2023-11-21,0.20281208,0.111802384,-0.73426837,-0.39397556,-0.5040185
2023-11-22,1.1458038,0.27718523,0.23054922,0.6922762,0.99732184
2023-11-24,-0.30143666,1.6361779,-1.4736782,-0.79624933,0.86989874
2023-11-27,-0.59294784,0.20668316,-0.041136626,0.35266143,0.5424985
2023-11-28,0.05021483,-0.051949266,-0.91976285,-0.49243823,-1.5535756
2023-11-29,1.0425366,-0.200608,-0.8739849,0.25475654,-0.16056298
2023-11-30,0.7360695,-0.62431085,-0.6415958,-0.5197698,0.56353885
2023-12-01,-0.98318166,0.03212365,-1.3541749,-1.2523352,0.993819
2023-12-04,1.8078288,0.11217063,0.68136233,0.6828942,1.1318781
2023-12-05,1.6160241,0.19420229,-0.020487923,0.3699259,0.8003447
2023-12-06,-0.10057777,0.1482802,-0.948899,-0.067380115,1.8965129
2023-12-07,0.53915364,-1.2102613,-0.24116641,-0.7369479,-0.781821
2023-12-08,0.42445737,0.9306628,0.8222186,1.2406754,-0.4383658
2023-12-11,0.90223706,0.72510266,0.19514108,0.5921624,0.18448323
2023-12-12,0.17913459,-0.04760414,-0.7837771,-1.3638335,1.0589994
2023-12-13,-0.69397664,1.1056904,-0.010362729,0.9211165,0.49880636
2023-12-14,-1.7465669,0.90547925,-1.6706017,-1.122853,-1.7869319
2023-12-15,0.85322726,-1.6072977,0.5516556,-0.34898898,-0.76879925
2023-12-18,0.0031957827,0.53865767,0.18358418,1.0602258,-0.36976242
2023-12-19,-0.51596445,0.5309305,-0.4180131,0.08219104,-0.77597195
2023-12-20,-0.7914627,0.53358364,-0.18855782,0.64207745,0.35265765
2023-12-21,-0.5194537,-0.02250029,-0.2768431,0.4729131,0.5114957
2023-12-22,-0.7660424,0.27851456,-0.6561552,-0.6767415,-0.19326343
2023-12-27,-0.021542825,0.1875904,-1.2380041,-1.0309075,-0.62412244
2023-12-28,0.29616874,0.23210476,-0.20860255,-1.1013786,0.90350604
2023-12-29,-0.030594053,0.11009546,0.18780915,0.71855724,0.7983334
