date,F1,F2,F3,F4,F5,F6,F7
2013-10-21,0.31801483,0.22879532,0.09915152,0.23399992,0.16338958,-0.16076376,-0.059769325
2013-10-22,0.6913112,0.75679135,0.15930243,0.67756176,0.33128223,0.20948674,-0.17690435
2013-10-23,-0.09841013,-0.41964084,-0.06231449,-0.46701545,-0.019033728,-1.159425,0.24444167
2013-10-24,0.23146929,0.30473346,0.13758948,0.48035014,0.023904344,-0.021642117,0.06498864
2013-10-25,-0.17084381,0.093592755,-0.019692704,0.21695913,-0.17036994,0.088513546,0.10287464
2013-10-28,-0.4966435,0.14753228,0.056763966,0.35780412,-0.6569563,0.4672006,0.0940783
2013-10-29,-0.07257948,-0.13399765,0.022692487,-0.13856174,-0.050500613,-0.09931093,0.063702956
2013-10-30,0.3142412,0.35750037,0.12948452,0.33300984,0.19686018,0.5114693,-0.12698795
2013-10-31,-1.0164591,-0.6166253,-0.13154696,-0.5351533,-0.7856198,-0.7243082,0.41198522
2013-11-01,0.09105851,0.050413337,0.015405815,0.11478945,-0.08457121,-1.1108276,0.34405488
2013-11-04,-0.20800164,-0.121732734,-0.035966564,-0.13988626,-0.21006098,-0.611933,0.12245361
2013-11-05,-0.17261277,-0.07276926,0.05423524,0.09222252,-0.19517553,-0.31264994,0.17568704
2013-11-06,-0.035155315,0.15546355,0.012368011,0.08562425,-0.14317001,0.12884425,-0.020465093
2013-11-07,-0.00095420243,-0.18464684,0.009558197,-0.086368285,0.111331135,-0.545159,0.16167946
2013-11-08,-0.59936696,-0.511249,-0.09930031,-0.5563746,-0.16460787,0.3538028,-0.01466585
2013-11-11,-0.29829323,-0.27973732,-0.057065826,-0.32929623,-0.071089596,0.2817067,-0.07337624
2013-11-12,-0.18473211,-0.40158623,0.02036028,-0.15682186,-0.07803719,-0.38443828,0.18428826
2013-11-13,-0.53998154,-0.21404548,-0.15776749,-0.31651235,-0.44406086,-0.011873889,-0.050833855
2013-11-14,0.12543356,0.38944018,0.053843405,0.20559391,-0.023209555,0.27436343,-0.09945004
2013-11-15,-0.07176518,0.00094290107,0.13058695,0.41867918,-0.29965627,-0.0030516149,0.20782185
2013-11-18,-0.7489181,-0.27968186,-0.08249623,-0.26707962,-0.5172739,-0.5932808,0.22665302
2013-11-19,0.24757105,0.180164,-0.08567496,0.1275883,0.18840626,-0.045970637,-0.038560886
2013-11-20,-0.6365129,-0.52446645,-0.051291093,-0.35381877,-0.2588022,0.19214442,0.0971739
2013-11-21,-0.38849658,-0.45533246,-0.07701214,-0.5179854,0.13002446,0.91591525,-0.20034592
2013-11-22,-0.0046262867,0.15129863,0.0049288967,-0.032684144,-0.033937708,0.3365258,-0.008991199
2013-11-25,0.12397773,-0.10404208,0.023105044,-0.06197365,0.12923612,-0.16877523,0.052349817
2013-11-26,-0.22407451,-0.123387896,0.041879818,-0.014042284,-0.21869788,-0.057214327,0.083183244
2013-11-27,-0.40384957,-0.27758086,-0.032188494,-0.2178839,-0.31690776,-0.41232014,0.13770835
2013-11-29,0.6896784,0.30228692,0.17818442,0.2844509,0.50115687,0.43392548,-0.10886934
2013-12-02,-1.0646702,-0.582509,-0.16428809,-0.44568452,-0.7567467,-0.111366704,0.31937897
2013-12-03,-0.20412247,-0.16977996,-0.14893065,-0.35141227,-0.117805645,0.24836281,-0.04904536
2013-12-04,0.9162717,0.8627522,0.13687736,0.55226696,0.6119347,0.65390843,-0.32851312
2013-12-06,-0.5572358,-0.14239022,-0.121494524,-0.17834017,-0.49269855,-0.022618394,0.1707835
2013-12-09,0.6170961,0.3053128,0.08975333,0.2693867,0.463629,0.027444635,-0.0054004677
2013-12-10,0.74934137,0.5183459,0.1646541,0.57242143,0.48209086,0.3599754,-0.26869065
2013-12-11,0.15504122,0.017036436,0.03237969,0.12720859,0.17103934,0.35311213,-0.035752412
2013-12-12,-0.9734102,-0.54651535,0.03782057,-0.19082528,-0.9447221,-0.560518,0.5464901
2013-12-13,0.2091127,0.26714244,0.18606304,0.5301347,0.024768488,-0.08556335,0.06143263
2013-12-16,0.27328417,-0.15839775,0.19492485,0.5838047,0.521606,0.68591315,-0.06651733
2013-12-18,-0.4803919,-0.020314783,-0.11423113,-0.21281363,-0.5389578,-0.31167626,0.0733935
2013-12-19,-1.1276941,-0.7983605,-0.19392821,-0.74773026,-0.582885,0.073995896,0.2507235
2013-12-20,0.5212492,0.22752365,0.042961646,0.17179206,0.48737934,0.86704695,-0.37371838
2013-12-23,-0.24689272,-0.078958005,0.09684024,0.021918327,-0.37572235,-0.30778435,0.20960052
2013-12-24,0.16287588,0.3609038,0.075955115,0.17704187,0.027187835,0.35725805,-0.043217607
2013-12-27,0.58301294,0.5081198,0.12920149,0.6201376,0.44969594,0.86719346,-0.25435168
2013-12-30,-0.5018451,-0.28413415,-0.095537506,-0.10546757,-0.49149358,-0.756538,0.2531981
2013-12-31,-0.2863017,-0.09229163,-0.030914912,-0.18918517,-0.30036464,-0.49011394,0.1426081
2014-01-02,0.8632118,0.6965559,0.24383561,0.8504844,0.32461762,-0.6701522,0.045564786
2014-01-03,0.50185734,-0.1448819,0.045594715,-0.24981046,0.42704526,-0.76358545,0.020059694
2014-01-06,0.1500356,-0.18088357,-0.036498882,-0.2386815,0.2947966,-0.09868386,-0.07141703
2014-01-07,-0.42232522,-0.11409016,-0.07209917,-0.08717403,-0.33654436,0.14161623,0.083899885
2014-01-08,-0.28359383,-0.123116605,0.09055006,0.09193369,-0.3788874,-0.5439469,0.2558586
2014-01-09,0.038150996,-0.0027101194,0.044022065,-0.030335352,-0.12864354,-0.67758197,0.08074625
2014-01-10,0.8822541,0.328559,0.066831805,0.24246049,0.8261058,0.8308206,-0.42101517
2014-01-13,0.4001628,0.13722141,0.15171549,0.4583477,0.26671615,0.3271264,0.023487987
2014-01-14,-0.059743665,-0.24697503,-0.011925389,-0.04483055,0.07636254,0.120439634,0.1290133
2014-01-15,-0.41993544,0.0005132997,0.06478867,0.26113227,-0.5126392,0.55898714,0.106851496
2014-01-16,0.26645836,-0.08834247,-0.08091306,-0.12346762,0.31841236,0.026395367,-0.11661714
2014-01-17,0.18481308,0.35973856,0.079249956,0.36747772,-0.039656103,0.27779117,-0.08356999
2014-01-21,-0.40466017,-0.29383567,0.050018795,-0.02254438,-0.50342596,0.027372027,0.25269067
2014-01-22,-0.27333006,-0.16329809,-0.016904471,-0.20114273,-0.2518062,0.39236143,0.09260201
2014-01-23,0.2754098,-0.08371798,-0.031657234,-0.2112771,0.28777343,-0.22931466,-0.14487083
2014-01-24,-0.5702565,-0.30370703,-0.08198556,-0.26230672,-0.26126084,-0.07918356,0.12247027
2014-01-27,-0.029635997,-0.010084577,0.03184962,-0.025257718,-0.094980486,-0.9734825,0.14834952
2014-01-28,-0.51741976,-0.39213803,-0.11808326,-0.35191172,-0.16936965,0.28214833,0.054432668
2014-01-29,-0.28072315,-0.02505899,0.15505192,0.26866367,-0.369137,0.20692192,0.24803436
2014-02-10,1.3778714,-0.3381007,0.04785307,-0.66599935,1.5354812,0.2740702,-0.78744596
2014-02-11,0.17169482,0.011944633,0.05361156,0.058759704,0.14265895,0.28299513,-0.05965553
2014-02-12,0.4026295,0.25303623,0.10320154,0.49665496,0.3523986,0.50357145,-0.07850029
2014-02-13,0.12031396,-0.041386027,-0.018891102,-0.12991023,0.30088913,0.28278482,-0.016226806
2014-02-14,0.71152294,0.53350747,0.08438443,0.33884624,0.4663327,0.34659266,-0.32892337
2014-02-18,0.6011546,-0.13988708,0.14691073,0.2216174,1.0135945,1.3674872,-0.3526131
2014-02-19,0.09174305,-0.5434019,0.018819006,-0.3140192,0.44555244,0.48018864,-0.07126555
2014-02-20,-0.30799595,-0.23154303,-0.053801782,-0.20160031,-0.11579935,-0.08231468,0.0053555085
2014-02-21,0.31910175,0.16404766,0.15342127,0.3608055,0.27589327,-0.06334652,0.07333955
2014-02-24,0.64634895,-0.037068687,0.046565976,-0.067130946,0.654325,0.0597579,-0.40083793
2014-02-25,0.24981545,-0.076085225,-0.014032213,-0.046334904,0.3355585,-0.35726106,-0.07110748
2014-02-26,-0.5692474,-0.5729732,-0.024521736,-0.23615646,-0.17385201,0.04503406,0.24249062
2014-02-27,0.2388747,0.16851583,0.23182203,0.6135866,-0.079015754,-0.23666929,0.13461998
2014-02-28,0.09366896,-0.33801225,0.03419731,-0.29410562,0.15336604,0.3628506,0.06313507
2014-03-03,0.62151885,0.03193767,-0.12754889,-0.3659808,0.7350046,0.8001458,-0.6117009
2014-03-04,0.4047177,0.05528221,-0.043855462,0.18649666,0.50769,0.2582844,-0.022230098
2014-03-05,0.5322171,-0.0938407,0.030644359,0.044482965,0.566563,-0.3970626,-0.070027575
2014-03-06,0.574989,0.2127573,-0.019010022,0.100574315,0.6321396,0.5423312,-0.25413185
2014-03-07,-0.754648,-0.7392251,-0.16841114,-0.7866893,-0.44793564,-0.3653831,0.081968464
2014-03-10,-0.06085625,-0.04184053,0.07862694,0.33225778,-0.26048908,-0.7049977,0.19444288
2014-03-11,-0.024482517,-0.3894419,-0.13981143,-0.54309225,0.056431267,-0.47682303,-0.090083286
2014-03-12,0.723895,0.3572576,0.030636474,0.2886977,0.3711017,-0.3067894,-0.20189667
2014-03-13,-0.016583584,-0.1328662,0.03160341,0.027074888,-0.010330548,-0.44660616,0.13851249
2014-03-14,-0.2506742,0.30013424,0.088933416,0.29088336,-0.5508664,0.1901318,0.17638415
2014-03-17,0.09919955,-0.09578884,0.06405001,0.008588396,-0.008152217,-0.66042984,0.26484707
2014-03-18,0.04556353,-0.24214019,-0.20532003,-0.52082604,0.3339875,0.48506498,-0.26655874
2014-03-19,0.03514773,-0.008234995,-0.13464345,-0.4093169,0.16388077,-0.03202537,0.03257763
2014-03-20,-0.97364795,-0.13580707,-0.11701908,-0.33697996,-0.92850363,-0.7406679,0.29423895
2014-03-21,-0.12892082,0.21425352,0.06955211,0.3972435,-0.37990338,0.16192676,0.120810054
2014-03-24,-0.05425102,-0.4910759,-0.20377739,-0.7057051,0.38488618,-0.1910447,-0.07092181
2014-03-25,0.071391985,0.28521162,0.07341627,0.3194488,-0.070276245,0.55864835,-0.0091232825
2014-03-26,-0.57961094,-0.40867028,-0.018218758,-0.31900883,-0.2632068,-0.34564358,0.06022842
2014-03-27,-0.19217896,-0.3188842,-0.09508074,-0.30830294,0.18789518,0.51662046,-0.09950992
2014-03-28,0.044850525,-0.03105101,0.07279902,0.24008673,0.09064322,0.22764374,-0.06422378
2014-03-31,0.26448342,-0.033856697,-0.11462156,-0.118935615,0.37461916,-0.07388095,-0.06839321
2014-04-01,0.20710795,0.07759364,0.050482705,0.14525744,0.17335956,-0.38009018,0.10320481
2014-04-02,0.105440624,0.5682784,0.0974894,0.7481006,-0.22925979,-0.2601339,0.1855115
2014-04-03,-0.12212165,-0.29955834,-0.09279565,-0.3039168,0.17611681,0.5818539,-0.17977652
2014-04-04,0.41365173,0.12723322,0.09007269,0.18336953,0.2518787,0.3234124,-0.22844015
2014-04-08,0.2829916,-0.17106745,0.031417385,-0.14373244,0.46173334,0.6436776,-0.17617363
2014-04-09,-0.28166702,-0.245274,-0.026127862,0.045657262,-0.023546955,0.4865705,0.019332927
2014-04-10,0.46618906,0.37145093,0.14221887,0.6518053,0.2626163,0.22908407,-0.029225627
2014-04-11,-0.2439921,0.029809333,0.0453128,0.14251448,-0.48619935,-0.16585854,0.25091177
2014-04-14,0.4802939,0.01406958,-0.01719483,-0.13219771,0.42934614,0.70003784,-0.29789862
2014-04-15,-0.65852237,-0.3356187,-0.32102016,-0.84936416,-0.29107237,-0.28940335,0.058772895
2014-04-16,0.066832736,0.3169652,0.091050215,0.3511204,0.060313225,0.5891813,-0.08837116
2014-04-17,-0.10033902,-0.26395145,0.014271043,-0.15144353,0.053852767,0.08698169,0.14342262
2014-04-22,-0.23997997,-0.25039497,0.021999061,0.15466149,-0.23769478,-0.19435242,0.035665043
2014-04-23,0.26234883,-0.12701277,0.034791674,-0.026394568,0.2761354,-0.061118122,-0.07362653
2014-04-24,0.25746554,0.29957998,0.050709277,0.12533632,0.18066114,0.5354923,-0.06548289
2014-04-25,0.49819165,0.13594703,-0.00946265,-0.21459752,0.4131645,-0.2164124,-0.10156891
2014-04-28,-0.064520955,-0.01342453,0.012556757,-0.13943991,-0.17834508,-0.46773198,0.21161449
2014-04-29,0.23180582,-0.4408008,-0.059761856,-0.47304016,0.4551552,0.24661635,-0.25696295
2014-04-30,0.01587999,-0.0072434447,-0.10243081,-0.17631787,-0.14547576,-0.8339278,0.0764326
2014-05-06,0.62498116,0.81656086,-0.028025838,0.4593185,-0.01744266,-0.64993864,0.15596524
2014-05-07,-0.90507203,-0.42970276,-0.15690958,-0.456255,-0.6214832,-0.14337206,0.15264183
2014-05-08,0.19800557,0.15086022,0.057454564,0.11045731,0.07188685,0.28709525,0.018444099
2014-05-09,-0.16174182,0.389917,0.05737858,0.24742895,-0.3296887,-0.058057923,0.20762716
2014-05-12,0.52963674,0.5886126,0.13947225,0.6296902,0.22498152,0.6907963,-0.09721547
2014-05-13,0.06918885,-0.117374115,-0.11249085,-0.33042035,0.30976048,0.19596955,-0.17382805
2014-05-14,0.0076467926,0.4053108,0.11672834,0.54116404,-0.035269566,0.45837897,-0.12294833
2014-05-15,-0.7924751,-0.60056484,0.13514142,-0.09215637,-0.4656316,-0.6268467,0.32658377
2014-05-16,-0.31845304,0.19754998,0.021265551,0.17925648,-0.548737,-0.16001682,0.23015653
2014-05-19,0.23413102,0.25870338,0.18252969,0.40300646,-0.0633741,0.32616165,0.14272782
2014-05-20,-0.14952998,-0.12383075,-0.02313315,0.05048593,-0.11776238,-0.19504865,0.061779182
2014-05-21,-0.28605825,-0.19164205,-0.06754946,-0.32087922,-0.04082502,0.18232392,-0.059503976
2014-05-22,0.36208096,0.32964075,0.026809147,0.27764964,0.31107673,0.19780703,-0.14175579
2014-05-23,-0.33077213,0.010625757,-0.0574253,0.019931633,-0.20178808,-0.01584981,0.103303306
2014-05-27,-0.766002,-0.10567708,-0.035940364,0.08787468,-0.80630094,-0.4024467,0.45238408
2014-05-28,-0.12377041,-0.1398695,-0.025551155,-0.08079487,0.023184631,-0.25588462,0.11756092
2014-05-29,-0.15700889,-0.4263646,0.009599639,-0.1552873,0.040879752,-0.047818303,-0.106164984
2014-05-30,-0.3787654,-0.057505295,-0.010337557,0.067797445,-0.5591438,-0.6656498,0.34999514
2014-06-03,-0.22122356,0.28371292,0.10046433,0.5090372,-0.4194781,-0.24836114,0.261308
2014-06-04,-0.010262185,-0.12484415,-0.05044788,-0.18184392,0.041040413,-0.26736817,0.010214775
2014-06-05,0.024449058,0.27242678,0.10405443,0.4277869,-0.21518368,0.07777932,0.06871093
2014-06-06,0.31611824,-0.27650756,-0.17129432,-0.24932374,0.5682752,0.1129145,-0.26370436
2014-06-09,-0.21208543,0.21606112,-0.0014929476,0.19880867,-0.26314965,0.5144291,-0.075642996
2014-06-10,0.23702763,0.16535111,0.17492566,0.2807422,0.016307013,-0.117055885,0.09000772
2014-06-11,-0.45102006,-0.1900178,0.14938903,0.049018584,-0.49538046,-0.32219458,0.19742233
2014-06-12,-0.51020825,-0.3772148,-0.033761423,-0.3705932,-0.33359674,0.33168358,-0.14289221
2014-06-13,0.29202753,-0.15973485,0.03476218,-0.12438475,0.47139114,0.661538,-0.23248714
2014-06-16,0.08368508,0.18072626,0.19988021,0.5577638,-0.05045821,0.38706893,0.1483367
2014-06-17,-0.006381019,0.1862292,0.012086738,0.2975256,-0.2172207,0.4072986,-0.019242762
2014-06-18,0.216092,0.035340376,-0.1560162,-0.20808978,0.46383741,0.30446464,-0.32581663
2014-06-19,1.016873,0.5350257,0.13282734,0.40839395,0.98733646,0.55905306,-0.5206531
2014-06-20,0.14550458,0.07892333,0.086576395,0.1551352,0.13585737,0.057471167,-0.00738726
2014-06-23,0.06400507,0.11669082,0.14907967,0.3314145,0.017580977,-0.094572954,0.13837865
2014-06-24,-0.1851938,-0.06702399,0.125615,0.2370072,-0.09302547,-0.08635262,0.14772603
2014-06-25,0.3434251,-0.03658863,0.08546724,0.11733023,0.28975686,0.10251112,0.123685405
2014-06-26,0.1840736,-0.05246888,-0.016342945,-0.16345908,0.24652795,-0.14267486,0.039361008
2014-06-27,-0.07865348,0.27596873,-0.010187385,0.132725,-0.4174036,-0.29927287,0.22413878
2014-06-30,-0.2516932,0.37255627,0.23274258,0.7636176,-0.6397212,-0.32308313,0.534887
2014-07-01,0.11105642,0.21277691,-0.030839037,0.086945996,0.19682896,-0.16837499,-0.056193106
2014-07-02,0.3038373,0.5107351,0.19560798,0.7951612,0.038321085,0.20710853,0.044334635
2014-07-03,-0.05367787,-0.19064987,-0.020837449,-0.07545635,0.014670957,-0.058837283,0.11532279
2014-07-07,-0.489747,0.014328752,0.0832473,0.2796286,-0.6362274,-0.72875375,0.32689813
2014-07-08,0.10166382,0.19588874,-0.0025981164,0.41398373,-0.13882308,-0.3057449,0.11210973
2014-07-09,0.00050896703,0.29194674,0.08561225,0.38970414,-0.18977119,-0.50476724,0.20548677
2014-07-10,-0.12762482,0.57563,-0.012154989,0.18875284,-0.2336418,-0.33710784,0.106853254
2014-07-11,-0.114844486,0.19524778,0.14657861,0.6582294,-0.45503387,-0.54836136,0.32571265
2014-07-14,-0.7491763,-0.5290683,-0.20104738,-0.5179482,-0.3470643,-0.09348669,0.14886758
2014-07-15,-0.52556735,0.15887055,0.005272671,0.7357559,-0.8727201,-0.63420546,0.4027313
2014-07-16,0.026023773,-0.12489985,-0.10678131,-0.18049702,0.09187473,0.032435052,-0.08951128
2014-07-17,0.4447178,0.19258164,0.01858636,0.17754503,0.27175066,0.32382146,-0.23052749
2014-07-18,-0.45042214,-0.46770313,0.07252056,-0.111241646,-0.2575041,-0.36079907,0.1515162
2014-07-21,0.07718597,0.30414876,0.045302957,0.3843951,-0.03294749,0.36738524,-0.08800533
2014-07-22,-0.08064022,0.054125756,0.121896155,0.31674236,-0.162652,0.15773481,0.11830509
2014-07-23,0.15562543,-0.34033382,0.07102728,-0.26941738,0.25888184,0.03654616,-0.103753515
2014-07-24,-0.3272118,-0.1900926,0.04691569,0.033723034,-0.16182365,-0.074477755,0.28947216
2014-07-25,0.23376048,-0.10653102,0.03548144,-0.18440546,0.25589395,0.18451677,-0.19589183
2014-07-28,0.24948308,-0.09410938,0.03794172,0.023596136,0.3691812,0.037508715,-0.08340133
2014-07-29,-0.5905316,-0.125389,0.074536,-0.031137908,-0.69356006,-0.45751905,0.27256113
2014-07-30,0.25629398,0.13263696,-0.027113302,0.1929967,0.2800748,-0.0010369942,0.042302515
2014-07-31,-0.2953098,-0.51077527,-0.028455159,-0.44075033,-0.03131921,-0.60315377,0.117002234
2014-08-01,0.09887572,0.1829242,0.01841193,0.1602766,-0.15977564,-0.71291995,0.17773698
2014-08-04,0.2974549,0.023023074,-0.0982273,0.0043310313,0.4589781,0.6644423,-0.21967182
2014-08-05,-0.358313,-0.20293695,-0.057732824,-0.12784459,-0.4315509,-0.6938793,0.2995446
2014-08-06,0.663224,-0.039487857,-0.06555731,-0.15938786,0.73706275,0.37160215,-0.41605002
2014-08-07,-0.21486652,0.3363392,-0.012946513,0.15642004,-0.36434725,0.02311671,0.120243214
2014-08-08,-0.32769018,0.12494649,0.014856519,0.04542166,-0.26074496,-0.2894817,0.17913759
2014-08-11,0.3053021,-0.20402142,0.04682172,-0.16081557,0.47275892,0.16834928,-0.14636296
2014-08-12,-0.17958182,0.22845505,-0.044029027,0.3245361,-0.4017396,-0.5725249,0.25010958
2014-08-13,-0.45453095,-0.20985863,-0.05922009,-0.13389367,-0.4592796,-0.4122288,0.03587952
2014-08-14,0.23428024,-0.022665115,0.08479952,0.24639407,-0.12986419,-0.9802715,0.30633375
2014-08-15,-0.70270306,-0.15328638,-0.41435558,-0.39884484,-0.97856665,-0.30391717,-0.048406366
2014-08-18,0.07900516,0.05750768,0.06121301,0.19210085,0.0864373,-0.43611252,0.16697536
2014-08-19,-0.19540986,0.0413694,-0.07867502,-0.06828267,-0.24319564,-0.09878298,0.058824074
2014-08-20,0.17866634,0.42337513,0.05082011,0.3776483,0.064847,0.8811052,-0.10391184
2014-08-21,-0.24614978,-0.4153322,-0.023785366,-0.36857122,0.06168849,0.069298215,-0.058035854
2014-08-22,0.34942856,0.025069702,0.015015611,-0.18866904,0.3210347,0.06555868,-0.074461676
2014-08-26,-0.14037754,-0.051557384,0.1812432,0.6812126,-0.5328518,0.16060403,0.10496676
2014-08-27,-0.0044264826,-0.09702625,-0.023842648,-0.08662341,0.11044674,0.013542358,0.08565864
2014-08-28,0.13966604,-0.253386,-0.048325483,-0.1910274,0.18086766,-0.18164739,-0.11419748
2014-08-29,-0.17908452,-0.02522853,0.08869877,0.12885794,-0.17889144,0.35123578,0.09896376
2014-09-02,-0.006718403,-0.2547064,0.00948489,0.042124096,0.121797435,-1.2429106,0.37007573
2014-09-03,-0.59183604,0.15101062,0.1560609,0.31227288,-0.8906655,0.42634234,0.23075706
2014-09-04,0.04402145,0.11038263,0.12799832,0.4937596,-0.17241487,0.009996822,0.23481037
2014-09-05,0.51211846,-0.1954536,0.06685909,-0.21748517,0.5985562,-0.056889955,-0.10342347
2014-09-09,-0.9765984,-0.42811045,-0.08292459,-0.36701977,-0.89990723,-1.0943816,0.45333946
2014-09-10,-0.06789976,0.22202109,0.017012808,0.19328704,-0.30850217,-0.49932432,0.2370771
2014-09-11,-0.65299964,-0.25361854,-0.047375567,-0.2155342,-0.60785437,-0.45872465,0.21393563
2014-09-12,0.035955623,0.0072461152,0.08952253,-0.05113503,0.042010155,-0.030516561,0.07896753
2014-09-15,-0.44453064,-0.17226483,-0.1261497,0.15324235,-0.5266501,-0.3355679,0.18258978
2014-09-16,0.00783857,0.26418224,0.04439949,0.460579,0.0064509953,0.87377083,0.012521025
2014-09-17,-0.003176225,-0.18928072,0.03145352,-0.17098923,0.04331649,-0.032409824,-0.060170572
2014-09-18,-0.57592624,-0.012314444,-0.04224003,0.02737632,-0.6952992,-1.1697302,0.40853184
2014-09-19,-0.80725163,-0.23240268,0.048972763,0.08820883,-0.82364756,-0.25465837,0.34224412
2014-09-22,-0.29194048,-0.29676396,-0.11403297,-0.15524569,-0.049272247,-0.8953509,0.106202446
2014-09-23,-0.024747137,0.05560907,0.08710958,0.14393201,-0.08187715,-0.015528226,0.046896767
2014-09-24,0.11534855,-0.2733574,-0.010283412,-0.13615777,0.456542,0.5101055,-0.021389233
2014-09-25,-0.49478558,-0.019792395,-0.0005086313,-0.047189426,-0.5900693,-0.1151915,0.19582072
2014-09-26,-0.20484431,-0.40846676,0.005886025,-0.13185315,-0.03980692,-0.19034976,-0.014564131
2014-09-29,0.35716602,-0.1722485,0.05347809,-0.099845335,0.67521906,0.6727268,-0.19094455
2014-09-30,-0.31878677,-0.21601002,0.019170841,0.18511508,-0.43147707,-1.4304829,0.5123596
2014-10-08,1.3367325,-0.3618973,-0.017033922,-0.65396786,1.3991946,-0.16095535,-0.56570417
2014-10-09,0.6677142,0.43086186,0.2575854,0.6718874,0.41861448,-0.16637635,-0.019118937
2014-10-10,-0.60671884,-0.07053323,0.023954721,0.019056102,-0.70557785,-0.46367347,0.32125416
2014-10-13,0.6972713,-0.034173332,-0.05878311,-0.23451848,0.8506532,0.30384475,-0.3634766
2014-10-14,0.9561412,0.26894778,0.025275646,0.106152214,0.9582081,-0.8354096,-0.055450216
2014-10-15,-0.3117635,0.04683547,-0.2450367,-0.51083076,-0.56536734,-1.287004,0.14705755
2014-10-16,-0.170272,-0.5179435,-0.18989967,-0.80024636,0.30296537,0.0362096,-0.29166424
2014-10-17,-0.27040076,0.35354587,-0.037707727,0.49116507,-0.3935829,0.47878322,0.031258095
2014-10-20,-0.08044855,0.03525943,-0.027584977,0.15008755,-0.07929723,-0.5133687,0.15791467
2014-10-21,0.42948368,0.16490006,-0.033487696,-0.060079925,0.5210701,0.5841236,-0.2456825
2014-10-22,-0.12607624,0.04883854,0.011384466,0.29288116,-0.15235394,-0.39531395,0.17937429
2014-10-23,-0.30565226,-0.42833185,-0.07188553,-0.68596816,0.08487442,0.63401634,-0.1873995
2014-10-24,-0.14286461,0.10593134,0.17427796,0.41559336,-0.36829725,-0.5563965,0.27205387
2014-10-27,0.29196864,-0.10426261,-0.044763755,-0.3117685,0.45998555,0.067886956,-0.13409565
2014-10-28,0.39528137,0.08124355,0.028644882,0.14881308,0.39851418,0.8472598,-0.117437415
2014-10-29,0.34812397,-0.025892666,-0.12603484,-0.302563,0.69561577,1.1479105,-0.4992463
2014-10-30,-0.8876479,-0.5641902,-0.17204727,-0.2654155,-0.67968476,-0.6782492,0.41323534
2014-10-31,-0.47231328,-0.48543277,-0.10560964,-0.35953012,-0.073444165,-0.13878629,0.1505818
2014-11-03,0.058250565,0.29247427,0.041555215,0.42629945,-0.15495366,-0.5593576,0.29569158
2014-11-04,-0.5214428,-0.20235303,0.00980977,0.06888636,-0.6522967,-1.6272848,0.54468566
2014-11-05,-0.80867475,-0.548709,-0.20865816,-0.6311614,-0.43853414,-0.11114271,0.23970339
2014-11-06,-0.1827508,-0.015721094,0.0032610826,0.045705255,-0.09967074,0.22615272,0.03880027
2014-11-07,0.39879975,0.4758707,0.25771344,0.48273548,0.13601798,0.5982848,-0.12627943
2014-11-10,-0.16670159,-0.22762829,-0.017098995,-0.10888851,-0.12446011,-0.68976617,0.18844801
2014-11-11,0.663835,-0.03974324,-0.047712136,-0.20906927,0.92258817,0.40382615,-0.30852827
2014-11-12,0.19801131,-0.09134884,-0.11105806,-0.106595464,0.18721868,-0.33666846,0.00999622
2014-11-13,0.532366,-0.20100652,0.040718827,-0.15020907,0.42300248,-1.4836892,0.19795287
2014-11-14,0.46117508,0.58268535,0.22239338,0.6404242,0.092872195,0.74014866,-0.11859037
2014-11-17,-0.3364103,0.07806438,0.0037732378,0.0054091252,-0.3694919,-0.09235497,0.236789
2014-11-18,0.19449098,0.056991793,0.10990542,0.22722678,-0.07691887,-0.39899597,-0.021758273
2014-11-19,-0.0047125164,0.18562022,0.20130526,0.5536244,-0.19435649,0.09370547,0.28411683
2014-11-20,0.09258741,-0.04234111,-0.26889884,-0.45040104,0.3387292,0.26132858,-0.20404597
2014-11-21,0.5351122,0.27972984,0.060076095,0.19844374,0.41864783,0.8986515,-0.35350093
2014-11-24,-0.22927964,-0.12346104,-0.014675487,-3.5301068e-07,-0.19004342,-0.45434108,0.100654565
2014-11-25,0.625427,-0.21066697,-0.083192214,-0.326059,0.7756142,-0.22796993,-0.25286326
2014-11-26,0.12036116,-0.07749387,-0.03992644,-0.05992786,0.18528667,0.07419551,-0.05476761
2014-11-28,-0.064644106,-0.41443965,0.082279995,-0.04637817,-0.76146156,-3.0019894,0.86840117
2014-12-01,1.2849659,0.9503722,0.15003903,0.5095011,0.9974804,0.84428144,-0.4947077
2014-12-02,-0.5565271,-0.07658737,0.06490838,0.13308033,-0.9922197,-1.6488045,0.6979262
2014-12-03,0.20760386,0.13969837,0.060463488,0.19536819,0.04231177,-0.14529268,0.0464849
2014-12-04,0.643997,0.26689562,0.051182386,0.27436608,0.5594849,0.1528331,-0.103086755
2014-12-05,-0.39149982,-0.42726958,-0.18426202,-0.65978044,0.06060187,-0.44143927,0.10417193
2014-12-08,0.4921445,0.27183828,0.0607224,0.16773719,0.25572065,-1.4602695,0.18915632
2014-12-09,0.8350365,0.6147099,0.23037271,0.5719243,0.66520226,0.6683667,-0.38310537
2014-12-10,0.12942842,-0.05743695,0.042235795,0.114113495,-0.09743261,-1.5906335,0.37830064
2014-12-11,0.25105038,-0.07242737,-0.018552363,-0.20015444,0.28816405,0.00824561,-0.064595245
2014-12-12,0.4166465,-0.029066293,0.019601824,-0.011617266,0.29379418,-0.7410588,0.189074
2014-12-15,-0.16205579,-0.6872277,-0.21604833,-0.7234745,0.070543356,-0.90859514,-0.07459207
2014-12-16,-0.732418,-0.3842773,-0.21166438,-0.44762057,-0.68502545,-1.1936706,0.4333006
2014-12-17,-0.03565762,0.20473935,-0.28481036,-0.47869638,0.16380134,0.46034902,-0.27730647
2014-12-18,0.53622144,-0.07750302,0.09621502,-0.08232167,0.48657426,-0.9026297,0.08454655
2014-12-19,-0.20658748,0.28212774,0.034542385,-0.02079472,-0.3673222,0.8035391,-0.22249018
2014-12-22,-0.26091325,-0.33740315,-0.0011476954,-0.32729295,-0.28021556,-0.7717145,0.12686917
2014-12-23,-0.2764805,-0.095787674,-0.10959702,-0.41335455,-0.080474466,0.6833713,-0.17789327
2014-12-24,-0.049680304,0.07988332,0.1258468,0.32390898,-0.38763472,-1.3526535,0.39196837
2014-12-29,0.62608534,0.003516744,0.10721795,0.13500701,0.528812,-0.8692413,0.1023131
2014-12-30,0.5259413,0.7229659,0.11961618,0.5558798,0.2036254,0.19807301,-0.17140688
2014-12-31,-0.69464636,-0.26600555,-0.039552785,0.047665358,-0.7715438,-1.2475502,0.5658853
2015-01-05,1.2074308,0.37240788,0.159056,0.15398745,0.76301277,-1.3628982,-0.15016337
2015-01-06,0.9451297,0.18410452,0.16411397,0.12970607,0.8568126,-0.5796906,-0.08829915
2015-01-07,-0.20672381,-0.13619792,0.07097319,0.20991592,-0.20307828,-0.28336534,0.33020583
2015-01-08,-0.16895907,0.111284405,-0.068350986,0.2256229,-0.07670229,0.3177626,-0.030112248
2015-01-09,0.35044965,0.05287024,-0.010718323,-0.12989795,0.3374672,-0.6328747,0.009438694
2015-01-12,0.37421933,0.32224593,0.08870532,0.45668995,-0.21009971,-1.6845666,0.23289572
2015-01-13,-0.19987848,0.067408994,-0.008582194,0.1474146,-0.34843627,-0.9779493,0.18212521
2015-01-14,-1.1432492,-0.65604603,-0.24742824,-0.63563746,-0.7092197,0.3166315,-0.06357364
2015-01-15,0.8224809,0.81384593,0.21508652,0.8120553,0.5122178,0.048226416,-0.14186327
2015-01-16,0.3314578,0.45410624,-0.079249404,0.26090202,0.3466363,1.6826285,-0.50708306
2015-01-20,0.71130675,0.48320496,0.039606575,0.32819986,0.33204982,-1.244463,-0.093951635
2015-01-21,-0.15925644,0.2710295,0.010014181,0.30538207,-0.17919351,0.80062485,0.015285598
2015-01-22,0.04334178,0.15829793,0.09607541,0.29126182,-0.19683336,-0.6766998,0.035731692
2015-01-23,-0.6996049,-0.46836126,-0.15625282,-0.65356445,-0.5502258,-0.7383228,0.16619372
2015-01-26,0.014024531,0.15112951,0.047399323,0.42948213,0.0223746,0.06892361,0.14517903
2015-01-27,-0.21353441,-0.38413998,0.017816482,-0.17871009,-0.23705974,0.27615348,-0.11416877
2015-01-28,-0.027448006,0.14989448,0.30786306,0.6214216,-0.3601821,-0.5369347,0.40113816
2015-01-29,-1.3951092,-0.6685554,-0.31195492,-0.8921257,-1.1616267,-0.83159596,0.5422691
2015-01-30,0.12061224,0.44873238,-0.022838077,0.25848162,0.074225895,1.914802,-0.42814288
2015-02-02,-0.835056,-0.109983936,-0.09980872,-0.37347403,-0.63736135,1.3877255,-0.31835625
2015-02-03,-0.15897664,-0.007293228,-0.18479596,-0.70240116,0.40933198,2.268221,-0.59108055
2015-02-04,0.56543267,0.25153863,0.20474434,0.46567446,0.110764235,-1.7854446,0.38811487
2015-02-05,-0.21425703,-0.1483748,-0.17210712,-0.45994043,0.05463715,1.2024375,-0.371042
2015-02-06,-1.0396978,-0.71672773,-0.11158445,-0.5498156,-0.5899739,0.58230567,0.07549297
2015-02-09,0.16820276,-0.10765573,-0.03962459,-0.31031147,0.31148052,0.7809196,-0.4118765
2015-02-10,-0.4178439,-0.16985606,0.08574906,0.08599701,-0.635025,-1.6557623,0.56965935
2015-02-11,-0.07607369,-0.23899798,-0.019615918,-0.22480536,0.052662827,-0.6028894,0.21499732
2015-02-12,-0.2580406,-0.0360395,-0.041558355,-0.1189748,0.08462357,1.5594566,-0.28944984
2015-02-13,-0.21515022,0.014913445,-0.104161315,-0.24185596,0.068127364,1.5767263,-0.42625186
2015-02-25,-1.4128469,-0.07763937,0.20509952,-0.011321655,-1.3661922,-0.2519785,0.5485097
2015-02-26,0.5580374,0.25932983,0.12732874,0.17911984,0.49762684,-0.19164783,-0.24093771
2015-02-27,-0.49524668,-0.19583787,-0.26851743,-0.6153554,0.03731135,1.2620965,-0.45158094
2015-03-02,-0.037491858,0.3607551,0.1693857,0.65900326,-0.70058507,-1.4486643,0.7764247
2015-03-03,-0.65557647,-0.055277564,-0.31853738,-0.6743913,-0.46634367,0.0029107207,-0.1368895
2015-03-04,-0.0036383707,-0.31566003,0.17024498,0.3375489,-0.101240665,-0.18503942,0.36837834
2015-03-05,-0.12555696,0.094608776,0.05085404,0.27552757,-0.32010177,-0.47990885,0.26032197
2015-03-06,-0.5523047,-0.7378775,-0.09256441,-0.5480651,-0.28940874,-0.6134132,0.19723946
2015-03-09,0.32679576,0.32829773,-0.0056905583,-0.00826127,0.2109697,-0.2149545,0.05826514
2015-03-10,-0.18030612,-0.31449872,-0.042023636,-0.25520837,-0.21453309,-1.5138842,0.34329647
2015-03-11,-0.627093,-0.413665,-0.15971793,-0.5457098,-0.25607437,-0.11145789,0.08275077
2015-03-12,0.4822099,0.384289,0.098221965,0.28057218,0.23085013,-0.20706408,-0.008496071
2015-03-13,0.17886046,0.4811988,0.05638423,0.711308,-0.28307498,-1.5548116,0.51189566
2015-03-16,0.48923957,-0.38943493,0.016191073,0.122754686,0.75890476,-0.15592743,-0.055705775
2015-03-17,-0.5891921,-0.045451347,0.029518994,0.25110212,-0.65615076,-0.37866843,0.29913685
2015-03-18,-0.38030943,-0.5073334,-0.13020344,-0.719217,-0.019978937,0.9014691,-0.46004686
2015-03-19,1.08746,0.90145177,0.30348983,0.6980045,0.55538976,0.1427147,-0.17540848
2015-03-20,1.1399373,0.54018945,0.070931815,0.12681344,1.0661639,1.4544233,-0.48692876
2015-03-23,0.32577276,-0.009932058,0.040244833,-0.08725213,0.38756278,0.81293803,-0.19017981
2015-03-24,-0.07479097,0.16716334,0.055004336,0.14669102,-0.22648841,-0.43610278,0.19471486
2015-03-25,-0.2800209,-0.25696024,-0.03435785,-0.20938465,0.0014714672,0.49095663,-0.020105358
2015-03-26,-0.4887421,0.18240565,0.06731439,0.2514787,-0.42017615,1.2209461,-0.07657506
2015-03-27,0.23495875,-0.080131166,0.030099621,0.04773643,-0.012084392,-1.595725,0.27916357
2015-03-30,-0.2990598,-0.1778886,-0.24610785,-0.5798726,-0.029827425,-0.5591008,0.021995327
2015-03-31,-0.25218406,0.027924512,0.18615167,0.4062027,-0.39418876,-0.86117023,0.3724905
2015-04-01,0.8134477,0.27820724,0.0064277016,-0.08493605,0.83534074,1.4128354,-0.55505896
2015-04-02,0.56630963,-0.309188,-0.03895772,-0.100316964,0.59184843,-0.5885635,0.109407306
2015-04-07,-0.7149306,0.108473405,-0.034228224,-0.12149134,-0.4986549,1.9548936,-0.3089728
2015-04-08,0.21017624,0.03422146,0.09158271,0.27305403,-0.12567368,-1.8903173,0.500168
2015-04-09,-0.6740584,-0.27175424,-0.021363506,-0.05116435,-0.6160223,0.102977395,0.12173904
2015-04-10,0.13172188,0.3614648,-0.07389095,0.09371223,0.09464853,0.69432557,-0.2402112
2015-04-13,-0.7233589,-0.06344956,0.117741734,0.15030502,-0.64125246,-0.020608379,0.13241528
2015-04-14,-0.29057395,-0.344473,-0.065652266,-0.30312267,0.013975709,0.5450891,-0.086899534
2015-04-15,-0.38379258,-0.054227285,-0.08052353,-0.19929016,-0.110565275,1.6453379,-0.31080338
2015-04-16,-0.05714475,-0.016103381,0.26404363,0.7563806,0.3118528,0.9390815,0.039802417
2015-04-17,0.056320082,0.08909042,-0.029893443,0.013969002,0.03623414,-0.47619277,0.09653006
2015-04-20,-0.46185035,-0.34431073,-0.16444795,-0.421108,-0.3676949,-0.408541,0.18054488
2015-04-21,0.32150638,0.14462753,0.13929377,0.464271,0.13323966,-0.46503487,0.1397787
2015-04-22,-0.6940793,-0.4098843,-0.17773484,-0.47058633,-0.38088503,0.1281807,0.015253332
2015-04-23,-0.0822121,-0.07871215,0.05131995,-0.2532379,0.049717665,1.2271672,-0.27797472
2015-04-24,-0.32741538,0.069925226,0.114489324,0.41161615,-0.39296958,0.4581959,0.17829448
2015-04-27,0.76566166,1.0253534,0.2317817,0.93267405,0.26232553,0.5066866,-0.19273382
2015-04-28,0.38328978,0.15988827,0.01261543,0.23408063,0.40577826,0.1789436,-0.0748408
2015-04-29,-0.07772589,-0.048344787,-0.08990021,-0.25416413,0.12930264,0.86728483,-0.224326
2015-04-30,-0.727403,-0.061324935,0.0062222695,0.12681592,-0.6295479,0.9379798,0.29239982
2015-05-05,0.35059857,0.836082,0.005705253,0.42638376,0.22398102,1.0602896,-0.22911614
2015-05-06,-0.20433472,-0.31084752,-0.15845679,-0.66229415,0.078764826,-0.3657349,0.2146316
2015-05-07,-0.017772313,-0.003367626,0.10965801,0.12388786,-0.32080054,-1.3698372,0.4390768
2015-05-08,0.57223374,-0.073697485,0.019904466,-0.048999097,0.71550304,0.41534448,-0.15865618
2015-05-11,-0.32663643,-0.3300088,-0.09701015,-0.33434778,-0.10598056,-0.5614439,0.101444855
2015-05-12,-0.013834425,0.2771584,0.04888305,0.3202188,-0.09862823,0.98838466,-0.12915865
2015-05-13,0.58390623,0.42696732,0.20704518,0.27342474,0.22464405,0.2624309,-0.22279064
2015-05-14,0.4281826,-0.21722893,0.0016204943,-0.24900849,0.4051781,-0.012888276,-0.18290205
2015-05-15,0.23798871,-0.08027302,-0.020927813,-0.10534697,0.2395454,-0.01208822,-0.028906815
2015-05-18,0.32652855,-0.21297719,0.021621687,-0.22234035,0.34945506,-0.49905264,0.02530445
2015-05-19,-0.88370454,-0.528648,-0.060613193,-0.24705687,-0.744079,-1.8736002,0.5197702
2015-05-20,-0.32033777,0.04224184,-0.085142724,-0.17119929,-0.3624782,0.2883033,0.007865133
2015-05-21,-0.49380744,-0.13510999,-0.12883721,-0.40692002,-0.26131865,0.79611224,-0.08610331
2015-05-22,-0.2709577,0.007434463,0.057059035,0.30215493,-0.48472694,-1.1657163,0.37898454
2015-05-26,-0.4581234,-0.04307494,0.11385537,0.28765237,-0.5839691,-1.1300447,0.56011564
2015-05-27,0.049842827,0.13306983,0.13220792,0.324626,-0.35285768,-0.96929574,0.2130837
2015-05-28,0.13584198,-0.15672787,-0.08455371,0.06961996,0.2631856,0.36787376,-0.3401452
2015-05-29,-0.89226425,-0.4331538,-0.11608924,-0.67869365,-0.41787946,1.0779786,-0.29750562
2015-06-01,0.4678992,-0.20925914,-0.120270565,-0.20669948,0.68523407,-0.036089085,-0.10268014
2015-06-02,0.44918537,-0.18067005,0.008214447,-0.40414712,0.53365296,0.6179151,-0.26776528
2015-06-03,-0.025233684,-0.12728643,-0.013693185,0.09692457,-0.12003844,-0.74530447,0.20383996
2015-06-04,0.20853166,-0.45804575,-0.12397544,-0.5141612,0.32137007,-1.170119,0.15606871
2015-06-05,-0.59600925,-0.10803872,-0.07689156,-0.10194427,-0.4808755,0.38629654,0.061029226
2015-06-08,0.5154535,0.039871003,0.045564618,0.02384332,0.40776497,0.023593193,-0.01882318
2015-06-09,-0.2901061,-0.048719514,-0.035894092,-0.14488667,-0.08788536,1.3069412,-0.13664529
2015-06-10,-0.31927946,0.23404613,0.1815559,0.38449904,-0.45308024,0.6815413,0.12677519
2015-06-11,-0.5045901,-0.066938885,-0.06900982,-0.11597718,-0.6241513,-1.0250788,0.33335227
2015-06-12,0.010688101,0.027788883,0.0263897,0.081859976,-0.054863833,-0.7040567,0.16247748
2015-06-15,-0.20077339,0.22728588,0.07048201,0.25594452,-0.50986654,-0.96441585,0.38140807
2015-06-16,-0.26123852,-0.4431758,-0.11802757,-0.48154637,0.09328321,0.26502633,-0.19947621
2015-06-17,-0.1512327,-0.22977321,-0.07127283,-0.25777373,0.084080644,0.04233258,-0.09645908
2015-06-18,0.37616163,0.4028163,0.11007805,0.31265873,0.14184636,0.049865883,-0.09205651
2015-06-19,0.15085153,0.012012019,-0.019275652,-0.03744373,-0.06311719,-1.047648,0.26631784
2015-06-23,-0.24296238,-0.37957668,-0.30719563,-0.85547996,0.34068897,0.8915161,-0.44458845
2015-06-24,0.25170475,0.00012621317,0.06792005,0.09484382,0.24794057,-0.2602345,-0.044483088
2015-06-25,0.48004687,-0.10704753,-0.12114046,-0.29329255,0.6757341,-0.11475429,-0.0785768
2015-06-26,0.2557085,-0.17375529,-0.12541403,-0.49074972,0.41408387,0.16451183,-0.23171137
2015-06-29,0.13437936,-0.07810564,-0.029515384,-0.18178378,0.21869926,-0.80241126,0.088468365
2015-06-30,0.32155412,-0.29528752,-0.24175753,-1.080117,0.8783516,0.71137005,-0.7518358
2015-07-01,0.18094046,0.4002967,0.15987651,0.8397951,-0.1070767,-0.734577,0.19331698
2015-07-02,-0.08087512,-0.3101047,-0.0034185601,-0.17405722,0.0778394,0.210914,0.007518079
2015-07-06,0.5843455,0.14101808,0.12402107,0.22348647,-0.0076382062,-2.4595401,0.3291635
2015-07-07,-1.3958386,-0.81352204,-0.28622308,-0.76549804,-0.965926,-1.4760056,0.3902485
2015-07-08,0.33834946,0.57279813,0.14151798,0.5024459,0.13093948,0.63557494,-0.11590776
2015-07-09,0.061879914,0.1811769,0.018529212,0.077291824,0.14256647,1.3802862,-0.1970124
2015-07-10,0.10741454,-0.16422324,0.009186967,-0.07248922,0.28994483,0.06636667,-0.17875016
2015-07-13,0.60038656,0.027112247,0.09797424,0.32782066,0.49627036,0.20413846,-0.010775566
2015-07-14,-0.35882014,-0.024503604,-0.14870988,-0.038990155,-0.14634593,-0.037576336,0.21620737
2015-07-15,0.06597171,-0.15614717,0.15519805,0.32807344,-0.35176632,-0.98377,0.22272597
2015-07-17,-0.86964315,-0.26316106,-0.06434161,-0.2684429,-0.98935694,-0.5615059,0.30368286
2015-07-20,-0.82216835,-0.12275065,0.106907636,0.18088077,-1.0506873,-0.59097934,0.5374575
2015-07-21,-0.28486446,-0.13592201,-0.015163778,-0.21785817,-0.12064121,-0.0143112475,0.0813049
2015-07-22,-0.3678839,-0.33864537,-0.010997633,-0.14850397,-0.24753356,-0.9025913,0.22874303
2015-07-23,0.026863975,-0.074244976,-0.060394473,-0.12149922,-0.104659855,-0.8368032,0.049402133
2015-07-24,-0.47280318,-0.008959048,0.034834918,0.28051257,-0.69430256,-0.9813228,0.5005115
2015-07-27,-0.23368527,0.28325534,0.08884987,0.6247848,-0.54636663,-1.1262285,0.4911528
2015-07-28,0.41526493,0.1625146,0.10040526,0.19328061,0.4504134,0.9135422,-0.072670095
2015-07-29,-0.2555996,0.05034006,0.027473569,0.07471267,-0.14191826,0.10605677,0.012223822
2015-07-30,-0.030642461,-0.39158812,-0.023884557,-0.37640932,0.120615065,-0.38094425,-0.059374373
2015-07-31,0.0819489,-0.028826028,0.091694236,0.050203536,-0.15767199,-0.83605224,0.14353096
2015-08-03,0.1257222,-0.119721934,0.10798225,0.23453535,-0.11598281,-1.8546339,0.58775085
2015-08-04,-0.10709638,-0.08359213,0.061088786,0.1161784,0.0034571406,0.45735303,-0.028302578
2015-08-05,0.053796466,-0.339435,-0.0044484655,-0.38680252,0.13999821,-0.4157984,0.13182937
2015-08-06,0.047351826,0.105239406,0.0034425326,0.082639895,-0.04735901,-0.47415137,0.09196229
2015-08-07,0.5769894,-0.088417836,0.037139963,-0.1791587,0.6870232,-0.19422449,-0.15759197
2015-08-10,0.9584991,0.23473607,0.017915882,-0.15063184,1.0634717,1.823625,-0.6758851
2015-08-11,-0.45028394,-0.27214003,0.12328418,0.19121711,-0.64762384,-1.6528194,0.43898365
2015-08-12,-0.29363817,0.59852177,0.13779646,0.8515015,-0.9028824,0.22110243,0.27440098
2015-08-13,0.5384299,-0.26997876,-0.021820422,-0.4923126,0.7865761,-0.18511383,-0.18173656
2015-08-14,-0.038987044,-0.10971021,-0.09051941,-0.00616602,0.018016014,-0.12813267,0.13727473
2015-08-17,0.05990738,0.23136562,-0.32822043,-0.5864646,-0.5080222,-0.88567513,-0.08348997
2015-08-18,-0.7153965,-0.47001937,-0.23756832,-0.4684021,-0.4360603,-0.64472,0.16792041
2015-08-19,0.74904317,0.68168753,0.12295889,0.6624072,0.21908823,-1.1477209,0.16819985
2015-08-20,0.96308225,0.7230388,0.10256509,0.3491468,0.7469919,0.44892886,-0.25604904
2015-08-21,-0.40986523,0.072195314,-0.0028257566,0.10085751,-0.7485128,-1.5249953,0.4969623
2015-08-24,-0.46044007,-0.44212374,-0.019249972,-0.2372814,-0.44668922,-2.4303753,0.6073743
2015-08-25,-0.37679756,0.12632062,-0.015833989,0.13154392,-0.20343582,0.5213056,0.14253734
2015-08-26,-0.5590489,-0.5469746,-0.1386851,-0.32709542,-0.5870946,-1.508275,0.5473579
2015-08-27,0.01636393,0.28049996,-0.118237175,-0.08832503,0.3413501,2.8808234,-0.70251125
2015-08-28,-0.2380644,0.12871645,-0.08260564,0.063039556,-0.017179301,2.109579,-0.4721846
2015-09-01,-0.19144839,0.3338134,-0.13432992,0.13700874,-0.37886998,-1.1235598,0.3777086
2015-09-02,-0.33864033,0.15857348,0.06850032,0.19683929,-0.36395326,0.33874747,0.15402277
2015-09-08,0.35059783,-0.044676065,0.1647878,0.12270184,0.5745418,0.50131726,0.09465087
2015-09-09,-0.04447457,-0.23056908,0.016389765,0.068551734,-0.047428854,-1.1899487,0.3125971
2015-09-10,-0.00943848,0.18524519,-0.1412088,-0.17229794,0.010842126,1.0004759,-0.21463507
2015-09-11,0.16764303,-0.24504225,-0.18194441,-0.40575424,0.45888144,-0.517164,-0.09544897
2015-09-14,0.1601258,-0.5345573,-0.122924566,-0.58495927,0.2979031,-1.266162,0.19593333
2015-09-15,0.2841445,-0.055517748,-0.18949439,-0.3971581,0.4616119,0.283527,-0.13056737
2015-09-16,-0.10064724,0.6251851,0.023739634,0.32865122,-0.175288,1.5346475,-0.38100818
2015-09-17,-0.2020873,-0.032778807,0.0879669,0.32412276,-0.13014148,-0.5102777,0.2492862
2015-09-18,0.36147213,0.26140705,0.09552881,0.37399358,-0.078446336,-1.6209533,0.26603124
2015-09-21,-0.17314732,-0.46484318,-0.12226441,-0.67064464,0.23427519,0.88368493,-0.31714758
2015-09-22,-1.1409531,-0.57616395,-0.23352402,-0.63355094,-0.87260807,-1.0219737,0.26180086
2015-09-23,0.56337565,0.1668187,-0.018457117,-0.019757792,0.4970721,-0.33957434,-0.0194615
2015-09-24,0.73674417,0.58935654,0.11659316,0.5611879,0.6170781,0.55617565,-0.22323047
2015-09-25,0.16021349,-0.6211548,-0.07958203,-0.811775,0.6709919,0.39014342,-0.46475238
2015-09-28,-0.57880193,-0.34317124,-0.06996872,-0.1313333,-0.6890042,-1.6079686,0.514545
2015-09-29,-0.22548792,-0.092661634,-0.08831614,-0.07738982,0.05897963,0.7618,-0.18730131
2015-09-30,0.1155372,0.30034134,-0.051700637,0.06858399,0.35996845,0.6727534,0.23514129
2015-10-08,0.76025015,-0.042271305,0.019738646,-0.1573675,1.1970876,2.0955696,-0.9943969
2015-10-09,0.8220723,0.99549294,0.22598909,0.94195074,0.35931754,1.1170602,-0.29014763
2015-10-12,0.8073563,0.29056555,0.3168674,0.5870787,0.3306158,-1.1562067,0.3254506
2015-10-13,0.5649562,-0.2298517,-0.0973623,-0.36552256,0.665,-0.66326636,-0.078817226
2015-10-14,0.20439123,0.23022735,0.23528157,0.4941837,0.07358467,0.16329202,0.044616815
2015-10-15,0.18233798,0.2538945,-0.0056116832,-0.006091482,-0.19529648,-0.3880287,0.014046371
2015-10-16,-0.53764164,-0.119388334,0.013783804,-0.036005482,-0.58767384,0.45155257,-0.029448407
2015-10-19,-0.23007719,-0.2855739,0.13589597,0.20375241,-0.4799225,-1.6573666,0.608565
2015-10-20,0.23695254,-0.2797781,0.09282701,-0.03081995,0.3332461,0.29290983,-0.06635207
2015-10-21,-0.33709016,-0.5612893,-0.07233705,-0.60493714,-0.060943704,-0.34336782,0.014264059
2015-10-22,-0.048502885,-0.06393121,0.31935072,0.48759764,-0.15872031,0.31894505,0.10942671
2015-10-23,-0.0433694,-0.052152835,-0.055413764,-0.06949179,-0.2390143,-0.5116258,-0.03622592
2015-10-26,0.37383607,0.07736766,-0.08335058,-0.192547,0.28240383,-0.82317746,-0.06744326
2015-10-27,-0.011806035,0.16388015,0.02412869,0.124540016,-0.15947917,-0.4825602,0.16525215
2015-10-28,-0.17088316,-0.02211448,0.040597815,0.025062112,-0.0061209803,1.7379302,-0.30583033
2015-10-29,-1.0827053,-0.9715401,-0.21511364,-0.8236426,-0.6550441,-0.56084913,0.34354866
2015-10-30,-0.3732408,-0.20811999,-0.19620225,-0.5049094,0.0029100748,0.573071,-0.25372452
2015-11-02,-0.29513612,-0.1374029,-0.0012427995,0.051076792,-0.18784234,-0.5265813,0.16418839
2015-11-03,-0.9479315,-0.50326914,-0.28650406,-0.7648137,-0.24543212,1.0928543,-0.29712296
2015-11-04,0.19691622,0.0032427816,-0.022890968,0.027091874,0.0130493445,-1.3752671,0.43975258
2015-11-05,-0.3083518,-0.08493002,-0.11468285,0.13339971,-0.4202917,-1.1118175,0.23781419
2015-11-06,-0.61177224,-0.42816147,-0.080806896,-0.27578428,-0.3983106,-0.39467156,0.1342327
2015-11-09,-0.63926196,0.0036850122,0.014153082,0.042537317,-0.7915744,-0.7988728,0.3353072
2015-11-10,-0.6244187,0.04195923,-0.07195901,-0.03660821,-0.4809803,-0.44769135,0.13929093
2015-11-11,0.3960406,-0.1574169,0.096346915,0.22438283,0.39819878,-0.620693,0.13258894
2015-11-12,0.08013376,-0.30922946,0.04646928,-0.19373217,0.052052986,-1.1996523,0.1983215
2015-11-13,-0.06502403,0.28001165,-0.065698124,0.22374062,-0.2787612,-0.9999941,0.32622346
2015-11-16,-0.22161506,-0.31830746,-0.11159387,-0.6296687,-0.2038913,-0.41734794,-0.23388709
2015-11-17,-0.4106208,-0.48438925,0.028797714,-0.09606796,-0.113195695,-0.4360632,0.1595405
2015-11-18,-0.5552313,-0.4781368,0.042797007,-0.1663643,-0.47331125,-0.0754534,0.042254362
2015-11-19,0.577428,-0.21727009,0.13065417,0.13092314,0.65272886,0.40742677,-0.2708403
2015-11-20,-0.20848776,-0.21995564,0.0037526765,0.011361434,0.0550829,-0.16117582,0.026791468
2015-11-23,-0.62508494,-0.63492066,-0.1759679,-0.8230022,-0.11479612,0.1183824,-0.0946697
2015-11-24,0.025745448,0.33433318,0.09090221,0.3893072,-0.19711775,1.2566265,-0.16906677
2015-11-25,0.1644221,-0.31568977,0.052892324,0.03268549,0.35325885,0.40336466,-0.011806623
2015-11-27,-0.31045252,-0.27157953,0.14806974,0.16627488,-0.40927038,-1.0880593,0.43055916
2015-11-30,0.3762897,0.25155267,-0.045764584,-0.024297401,0.28671512,-0.1739297,-0.02884944
2015-12-01,0.26853153,-0.10852157,0.028149841,0.0986522,0.46282366,0.5103615,-0.24579631
2015-12-02,0.1861229,-0.17730644,0.020631008,0.15732597,-0.045715638,-1.5005069,0.25315607
2015-12-03,0.15156612,-0.14821438,-0.12956233,-0.5090557,0.5862713,0.8137268,-0.17561169
2015-12-04,1.3534272,0.61556715,0.074168235,0.5326793,1.1730138,0.572434,-0.49836245
2015-12-07,-0.08341606,-0.091861494,0.05118028,0.14161251,-0.5662178,-2.469698,0.636895
2015-12-08,-0.22269675,-0.23375557,0.03854898,0.0053061093,-0.25682446,-0.48029262,0.2447862
2015-12-09,0.50035477,0.18245225,-0.020991312,0.1863829,0.43692884,0.17342202,-0.10386829
2015-12-10,-0.18669157,-0.50094277,-0.020236675,-0.2648204,-0.05833908,0.13036384,-0.0741967
2015-12-11,0.21070962,0.3426145,0.19934167,0.61754173,-0.28755212,-0.9403971,0.40471953
2015-12-14,0.13397914,-0.168972,-0.20819572,-0.30859372,0.25687566,-0.3691279,-0.014397462
2015-12-15,-0.48100436,-0.6035433,-0.023305824,-0.58675265,-0.35278893,0.043183036,-0.10286338
2015-12-16,0.84198266,0.62031287,0.33187795,1.0101031,0.31199595,-0.5543243,0.009725958
2015-12-17,-1.0272576,-0.6687366,-0.34458667,-0.991265,-0.45256528,-0.67642516,0.093486376
2015-12-18,0.86496687,0.46087417,0.26067373,0.5889027,0.8233859,1.1510679,-0.27513167
2015-12-21,0.68279296,0.6144049,0.21549541,0.6604681,0.37640956,-0.16897906,0.19479428
2015-12-22,-0.47151038,-0.4144947,-0.03788985,-0.25406957,-0.28859824,-0.31164432,0.1920305
2015-12-23,-0.47057828,-0.20136003,-0.034137953,-0.082448356,-0.21035986,1.3623617,-0.18410146
2015-12-24,0.1153878,0.09748593,0.11964993,0.2673046,-0.027090041,0.5133578,0.0336867
2015-12-29,-0.20622586,0.050133538,0.019008337,0.16454756,-0.26901653,0.58480996,0.28921908
2015-12-30,0.2042166,-0.07399629,0.14904901,0.25100276,0.057404608,-1.0119238,0.008926127
2015-12-31,-0.06573551,-0.26315668,0.018156784,-0.22412373,0.006910995,0.39525095,0.02312124
2016-01-04,-0.65903515,-0.07831005,0.029624356,-0.11645893,-0.7512671,-0.78639925,0.13871185
2016-01-05,0.4320217,0.12286868,0.14886485,0.26089662,0.22908917,-0.2996737,0.1419139
2016-01-06,0.62327576,0.34597126,0.04016451,0.30493438,0.32966414,-1.7555131,0.22348432
2016-01-07,0.31704095,0.16447616,-0.0909813,0.028918901,0.28220278,-0.75656027,-0.14548366
2016-01-08,0.0887184,-0.21370637,-0.17312652,-0.20280282,0.18881814,-0.6242967,0.22815636
2016-01-11,-0.35804722,-0.1757859,0.07824036,0.046269476,-0.5328118,-2.0576193,0.47243628
2016-01-12,0.26778162,-0.3834289,-0.061636377,-0.3919099,0.41342008,-0.8049711,0.033613544
2016-01-13,0.85964483,0.3783155,0.106347606,0.41762155,0.71839726,0.15650555,-0.20182614
2016-01-14,-0.6036024,-0.26103267,-0.1608474,-0.15898919,-0.22798388,0.5122579,0.00470193
2016-01-15,0.677331,0.22989032,0.009526746,0.10917189,0.33555904,-1.7766174,0.089250386
2016-01-19,0.6779376,0.2837211,0.23634945,0.5221813,0.43840662,0.05286747,-0.06397695
2016-01-20,0.27267075,0.18047847,0.13092235,0.5561009,-0.191831,-1.9280659,0.3970441
2016-01-21,-0.4166469,-0.2819147,-0.025899962,-0.2732355,-0.029217603,1.9589998,-0.1642911
2016-01-22,-0.9154612,-0.2625651,-0.22075705,-0.6504833,-0.3559969,2.2868655,-0.53323376
2016-01-25,0.911322,0.5728513,0.17277081,0.48539448,0.46631533,-1.4585454,0.2465425
2016-01-26,0.43067914,0.6124305,0.09301286,0.38742873,0.16341516,1.5490972,-0.35545078
2016-01-27,-0.48484468,-0.14274693,-0.03506485,0.05841906,-0.21771626,1.2516298,-0.2302976
2016-01-28,-0.8917931,-0.33295354,-0.02961678,-0.3893269,-0.8670011,0.38250136,0.07892757
2016-01-29,0.15900631,0.20521013,-0.085586205,-0.15131858,0.24053155,0.85984266,-0.18749794
2016-02-01,0.44129047,0.31742018,0.11947829,0.4759974,0.17020078,-0.9344294,0.002435389
2016-02-02,0.5928071,0.098744646,0.09033068,0.11800511,0.34828433,-1.4594814,0.08996608
2016-02-03,0.017630827,0.28991008,-0.03228898,0.11685479,0.14652048,2.0679271,-0.30096754
2016-02-04,0.42560238,0.48246047,0.26397824,0.66565436,0.21182813,0.3685464,-0.022515932
2016-02-05,-0.3154153,-0.19326802,0.0057459236,-0.10828282,-0.27937984,-1.3169017,0.3370027
2016-02-22,0.9952445,0.69775116,0.22994266,1.1653713,0.6603732,1.2529979,-0.46489492
2016-02-23,0.420748,0.12838519,0.08547058,0.18169229,0.29575205,-1.105692,0.2037907
2016-02-24,-0.29958862,0.1449166,-0.03411185,0.15932734,-0.26966655,0.7614261,-0.27759618
2016-02-25,-0.7805203,-0.3870619,-0.1483253,-0.55360276,-0.5584363,0.246636,-0.15078084
2016-02-26,-0.43052655,-0.026204886,0.15535443,0.3015206,-0.5654967,0.30454412,0.46991774
2016-02-29,0.29676285,0.26128408,-0.05016819,0.0369297,0.29510456,0.8623167,-0.39815634
2016-03-01,-0.71019834,-0.064554565,-0.025258247,-0.23548073,-0.5769618,1.1820737,-0.31100395
2016-03-02,0.45892647,0.37296867,0.045480065,0.19836698,0.39767003,0.61806625,-0.26770273
2016-03-03,0.7009469,0.32173523,0.07174911,0.1808559,0.55512106,0.5302671,-0.21116737
2016-03-04,0.73726195,0.46374688,0.099920064,0.20619884,0.6854255,1.8117828,-0.36120567
2016-03-07,-0.8079188,-0.29165766,-0.1938826,-0.56526273,-0.3475943,1.6079195,-0.28009114
2016-03-08,-0.49854103,-0.7062024,-0.11787438,-0.6715608,0.02683518,-1.1114557,0.05342369
2016-03-09,-0.4060922,-0.120740406,-0.099353716,-0.21664287,-0.17669971,1.3858391,-0.15362383
2016-03-10,0.4808438,-0.063552625,0.0578521,-0.11776612,0.46846116,-0.5541336,-0.025007758
2016-03-11,0.028228331,-0.24843486,0.008236602,-0.17155015,0.27831876,0.7992407,-0.22247778
2016-03-14,0.026999172,-0.33042783,-0.046803147,-0.35460225,0.15842076,-0.8945108,0.1098934
2016-03-15,-0.07970841,-0.49278405,-0.11268062,-0.35853082,0.20999952,-0.6236847,0.2577971
2016-03-16,-0.5702976,-0.3059744,-0.05382391,-0.36631647,-0.19915493,1.3694113,-0.18218528
2016-03-17,0.9827717,0.93489385,0.22957668,0.7936765,0.6430927,1.7377559,-0.4999566
2016-03-18,-0.4057877,-0.24251103,-0.07092914,-0.20915128,-0.19270343,-0.7068573,0.1797132
2016-03-21,0.19668344,0.18499653,-0.11429365,-0.21754499,0.15512255,0.3169947,-0.22193564
2016-03-22,0.08609855,-0.098635785,-0.026141807,-0.22864383,0.2863032,0.78385353,-0.16109002
2016-03-23,-0.7449292,-0.5454462,-0.111991495,-0.32558537,-0.66690034,-1.8222862,0.50319403
2016-03-24,-0.3361911,-0.13589522,0.019737292,-0.107390195,-0.42618725,-0.4812516,0.21475828
2016-03-29,0.6797578,0.17690432,-0.067064464,0.01630966,0.67153406,-0.8061672,-0.027143821
2016-03-30,-0.4235324,0.3844082,-0.092948325,0.17427254,-0.71093583,0.034419894,-0.32652667
2016-03-31,0.1951914,0.3476436,0.06827064,0.3411393,-0.03928759,0.48434946,-0.070200406
2016-04-01,0.1181854,-0.13962454,-0.059790123,0.0065883854,0.09426985,-1.1856347,0.19293435
2016-04-05,0.18125717,0.27220348,0.01981731,0.28242198,-0.3426954,-1.7960913,0.46698263
2016-04-06,-0.8312219,-0.33265278,-0.09041467,-0.42868316,-0.41254514,1.3928163,-0.22423577
2016-04-07,0.07227217,-0.17068808,-0.003816034,-0.03417449,-0.032984607,-0.93560714,0.11550943
2016-04-08,-0.33661512,-0.0120829465,-0.15279475,-0.34465978,0.08665326,2.261022,-0.5843122
2016-04-11,0.22143546,0.45931247,0.22782588,0.47025904,-0.09793255,0.57981205,-0.12876087
2016-04-12,0.31834862,0.3611773,-0.051772393,0.12616584,0.34248704,1.8021312,-0.3381419
2016-04-13,0.38366476,0.11949018,-0.059875738,-0.09066263,0.4855944,0.67261434,-0.20246245
2016-04-14,-0.4122974,-0.40146422,-0.091559425,-0.24612054,-0.16160382,-0.4983861,0.20691727
2016-04-15,0.56429654,-0.024223506,0.04039468,0.21534798,0.7566218,-0.6108999,-0.07592044
2016-04-18,0.34443647,0.2136316,-0.20719522,0.0016823,0.5008567,0.39626604,-0.19625722
2016-04-19,0.9635993,0.58510846,0.08209683,0.043854058,0.8669857,1.7725166,-0.47518614
2016-04-20,0.24369533,0.044772945,-0.261,-0.54803044,0.67556465,1.4621371,-0.6693461
2016-04-21,-0.28044498,0.19856954,0.053147655,0.16346675,-0.33893415,-0.30264774,0.2961833
2016-04-22,-1.1025904,0.1267546,-0.0010061609,0.21438986,-1.239425,-0.083452255,0.3941441
2016-04-25,0.63661885,-0.04497071,0.024046842,0.0119492235,0.6431893,-0.32722414,-0.2095233
2016-04-26,-0.046562333,-0.23924832,-0.07173739,-0.43303668,0.2489317,0.97887504,-0.40774012
2016-04-27,-0.2714298,0.3066823,-0.10813744,-0.06367762,-0.48442143,0.56301874,-0.5814969
2016-04-28,0.29687655,0.5652348,-0.045512564,0.32389396,0.089441866,0.8071783,-0.23164174
2016-04-29,0.90675145,0.6499085,0.10349782,0.49916843,0.8618957,0.58089435,-0.15233126
2016-05-03,-0.11630969,0.12807004,0.07098914,0.3186538,-0.50917256,-2.391484,0.69264466
2016-05-05,-0.8993692,-0.8216517,0.023933774,-0.4708405,-0.77022815,-0.6905476,0.21226002
2016-05-06,0.75677913,0.20531099,0.09445621,0.020538272,0.71326697,0.68203795,-0.32838354
2016-05-09,-0.8127454,-0.72193736,-0.04425865,-0.41358665,-0.6313433,-1.9190246,0.5581346
2016-05-10,-0.009161195,-0.24119322,-0.11994875,-0.69134444,0.49255446,1.3567146,-0.53254765
2016-05-11,-0.15555795,0.3400435,0.03571673,0.23570724,-0.16162853,1.7644259,-0.4468453
2016-05-12,-0.3721354,-0.5377591,-0.24071547,-0.72600263,0.018202323,-0.3508149,-0.09774472
2016-05-13,0.00892592,0.019739226,0.09388063,0.055984687,-0.20820716,-0.052814018,-0.0031591062
2016-05-16,0.2470365,-0.08713556,-0.1341943,-0.35837516,0.6545257,1.2040827,-0.39027637
2016-05-17,0.035525896,-0.18722646,0.091002725,0.033582393,0.075970836,0.7186411,-0.24858493
2016-05-18,-0.41239873,-0.08910573,-0.16516614,-0.34841424,-0.3015797,-0.23560315,-0.11086129
2016-05-19,-1.0727566,-0.12648942,-0.19667874,-0.32183924,-1.0151317,-1.0082488,0.43891692
2016-05-20,0.10661428,0.011808186,-0.073413484,-0.21307257,0.16729549,0.13407685,-0.15070859
2016-05-24,-0.95054275,-0.25287852,-0.24463943,-0.48356763,-0.8181265,-0.21997535,0.14087293
2016-05-25,0.06863662,-0.1037201,-0.14197461,-0.5781082,0.43475518,0.69091547,-0.42440698
2016-05-26,0.4249621,0.025146287,-0.03660548,0.06411959,0.3903334,0.17589974,-0.1278299
2016-05-27,-0.15049514,-0.22258618,0.055413306,-0.034200337,0.016231483,0.32060084,0.0888683
2016-05-31,-0.38905126,-0.13374627,0.1972476,0.48316672,-0.47723907,0.17116015,0.27017316
2016-06-01,0.3301257,-0.13515502,-0.16517554,-0.20106597,0.6380264,0.1878647,-0.19356209
2016-06-02,0.12946534,-0.2585363,-0.0408378,-0.50248,0.5426657,0.5037012,-0.22425462
2016-06-03,1.1197879,0.547722,0.1342013,0.49262962,0.9373543,0.26186255,-0.30231854
2016-06-06,0.5621001,-0.03361621,-0.0013023411,0.014406166,0.57370335,0.8720981,-0.29453126
2016-06-07,-0.3482169,-0.43480608,-0.19682585,-0.46634823,-0.025388718,0.17634363,-0.27530476
2016-06-08,1.0810775,0.25905713,0.04884931,0.179713,1.1681614,1.4990103,-0.71973115
2016-06-13,0.22413634,0.5721784,0.10985392,0.75996923,-0.047247425,-1.371883,0.37183103
2016-06-14,-0.07837501,-0.06269817,-0.1621052,-0.3254643,0.07619418,-0.7903132,0.09077083
2016-06-15,0.26002496,0.38195664,0.17376566,0.7082781,0.18507807,-0.022002693,0.29904297
2016-06-16,0.18260156,0.02683514,0.13434738,0.3827242,-0.23310493,-1.6618334,0.35443825
2016-06-17,-0.24936269,-0.33924356,-0.19697987,-0.7368948,0.15453602,1.2374915,-0.5190162
2016-06-20,-0.45431817,0.5650652,0.14294916,0.5569636,-0.67095405,1.2536361,0.10118139
2016-06-21,-0.76857036,0.14569198,0.2124065,0.5132198,-1.0541688,-0.4701477,0.580302
2016-06-22,0.088526204,0.24220687,0.030121483,0.110268325,-0.051207308,0.008513425,0.09279695
2016-06-23,-0.43109506,-0.14523806,0.06360256,0.047374837,-0.33804128,0.61946857,0.039363813
2016-06-24,0.8076647,0.70779157,0.12970941,0.7664852,0.22983281,-1.6135782,0.09190585
2016-06-27,0.27565208,-0.074566394,0.1393379,0.022212397,0.35593078,-0.8230016,0.19992542
2016-06-28,0.05999247,0.14366725,0.02770992,0.17684503,0.21939968,1.7363671,-0.14144626
2016-06-29,0.032287817,0.3219985,0.15938981,0.460822,0.074478745,1.4488572,-0.20205127
2016-06-30,0.38878584,0.33657596,0.17202912,0.4287774,0.2334142,-0.4394338,0.2694562
2016-07-01,0.6956377,1.0401185,0.1222558,0.80806375,0.22142516,0.6656206,-0.1750574
2016-07-05,0.5646748,0.38226858,0.060223874,0.4200996,-0.062478893,-1.8070767,0.22624882
2016-07-06,-0.08740253,0.31673583,0.016692111,0.29795405,-0.43053654,0.14445269,0.084982194
2016-07-07,-0.1066285,-0.02581421,0.09835051,0.45944905,-0.6720518,-1.8446171,0.6525612
2016-07-08,0.8548229,0.008616621,-0.15007043,-0.28421673,1.0273988,0.578707,-0.5357704
2016-07-11,0.26383933,0.19631971,0.12657504,0.2624967,0.124102496,0.09984644,-0.051093962
2016-07-12,-0.20508377,0.024007872,-0.13813259,-0.23973049,0.04797711,1.760523,-0.2389614
2016-07-13,1.0014511,0.10088287,0.15200853,0.09298089,0.8983913,-0.8086164,-0.02448962
2016-07-14,-0.42914298,-0.31834155,-0.016100915,-0.10288938,-0.17822538,0.9040527,-0.15159835
2016-07-15,-0.62959266,0.13654415,-0.08687372,0.1833768,-0.8635202,-0.30656314,0.42110822
2016-07-18,0.64772326,0.06349569,0.0077634025,-0.16064397,0.4634562,-0.49422172,-0.06207131
2016-07-19,-0.4213084,0.42875803,0.15685079,0.6579342,-0.8138711,-0.19973183,0.4247493
2016-07-20,-0.6723878,-0.22665356,-0.08410998,-0.21635315,-0.6095693,-0.15399082,0.14589845
2016-07-21,0.6085276,0.4295828,0.10390524,0.22547922,0.30433878,-0.26151985,0.034025088
2016-07-22,-0.35102633,-0.24144723,-0.14701903,-0.20753278,-0.29840675,-0.8112114,0.2168282
2016-07-25,0.15741718,-0.11581621,0.08849708,0.24631472,-0.09231621,-0.92219347,0.25849712
2016-07-26,-0.051424507,0.0010554818,0.15814367,0.13760164,-0.16668166,-0.012213415,0.077684775
2016-07-27,0.6763224,0.024531437,-0.0058196303,-0.117868416,0.5771424,-0.85327435,0.13333201
2016-07-29,1.057411,0.75768393,0.09230418,0.5782893,0.88001215,0.59308136,-0.30339494
2016-08-01,-0.01785527,0.18827029,0.18525587,0.790694,-0.55464756,-0.7800182,0.4336844
2016-08-02,0.21618646,0.26251435,0.1309924,0.3752095,0.05034672,-0.05812964,-0.028928328
2016-08-03,-0.53906476,-0.2186072,-0.21164177,-0.48159504,-0.17853077,0.94065815,-0.19232945
2016-08-04,-0.44141373,-0.2718699,-0.022665152,-0.31896532,-0.24776655,0.4208753,-0.23559842
2016-08-05,-0.32041314,-0.56897175,-0.17840797,-0.4871182,0.10472774,0.12818694,-0.12821257
2016-08-08,-0.23627995,0.0076739476,-0.08698855,-0.22398038,0.017654924,0.91097623,-0.14425796
2016-08-09,0.12975729,0.08672048,0.042688567,0.12018165,0.08758479,-0.44498023,0.0646473
2016-08-10,0.56414396,0.5001275,0.112142354,0.4764052,0.26597404,-0.5759603,0.14483786
2016-08-11,-0.91298705,-0.24266304,-0.21937831,-0.54504895,-0.44834644,1.0940799,-0.22337976
2016-08-12,-1.0744405,-0.7186365,-0.22243556,-0.7061681,-0.59544027,0.32521173,-0.07222997
2016-08-15,-0.040341254,0.1276527,-0.18144634,-0.48213378,0.19100483,1.1073382,-0.49844894
2016-08-16,-0.06842027,0.19924586,-0.122495934,-0.1050352,0.06604853,0.52916735,-0.2011868
2016-08-17,-0.35756987,-0.25858763,-0.15779632,-0.4149239,-0.0973874,0.41210428,-0.12391792
2016-08-18,0.15994357,0.1793014,-0.030300783,-0.16617881,0.20543668,1.0935488,-0.2701773
2016-08-19,-0.52640635,-0.38097543,-0.054260593,-0.25925472,-0.34283543,-0.16085878,0.20024012
2016-08-22,0.013224398,-0.28265682,-0.0228375,-0.12021155,0.15980673,-0.90437394,0.18897189
2016-08-23,-0.2418447,0.020687029,-0.00042324496,0.06043157,-0.2190957,0.4315349,-0.062543616
2016-08-24,-0.75852495,-0.42428902,-0.13031699,-0.46775624,-0.6110884,-1.1153665,0.3486287
2016-08-25,-0.51944214,-0.029285826,-0.030784829,0.05144363,-0.61111623,0.052443206,0.10059973
2016-08-26,-0.19906339,0.41115096,0.13507226,0.5834031,-0.33191487,-0.017487366,0.20906082
2016-08-30,-0.44883326,-0.03334869,0.24329212,0.63252234,-0.75626004,-1.3331326,0.67355055
2016-08-31,0.23053192,-0.031093787,0.15893637,0.29211193,0.06640551,-1.1538618,0.65202457
2016-09-01,1.0017818,0.43245372,-0.15423581,0.19376354,0.70224375,-1.0635072,-0.000967162
2016-09-02,0.39338526,0.2268654,-0.114152,-0.34367627,0.4696485,1.0052192,-0.5033792
2016-09-06,0.87602305,0.563957,0.116687045,0.26080096,0.55163115,0.36062717,-0.32588637
2016-09-07,-0.16580074,-0.44945598,0.023502333,-0.29026186,0.13882299,0.69139713,-0.12855731
2016-09-08,-0.707702,-0.3603605,-0.20523466,-0.6269868,-0.25880194,1.3974063,-0.2301922
2016-09-09,0.17222185,-0.2211195,0.060775455,-0.12949687,0.009317084,-1.3145279,0.31735006
2016-09-12,-0.8489536,-0.46922955,-0.14597797,-0.48842606,-0.45741817,-0.1307767,0.19961737
2016-09-13,-0.3505799,0.14283574,0.04218422,0.27462715,-0.57758313,-1.1583661,0.36913535
2016-09-14,0.63817286,0.42751426,0.0989606,0.361717,0.44159344,-0.26745847,0.014061708
2016-09-19,0.47799113,-0.5219092,-0.04849701,-0.5731254,0.8954735,0.94820976,-0.7121166
2016-09-20,0.63319975,-0.0054077455,0.053169344,0.084598646,0.7045926,0.5155622,-0.1236145
2016-09-21,0.11385032,0.120308094,-0.05154102,-0.051372185,0.010549842,0.79886454,-0.24913745
2016-09-22,0.3776806,0.62571156,0.036203373,0.5235449,0.25201544,1.0253471,-0.22004047
2016-09-23,-0.07568572,0.08500253,0.034691628,0.26836485,-0.31971696,-1.2789694,0.4503251
2016-09-26,-0.7182373,-0.07993278,-0.07710382,-0.012891233,-0.51558965,0.61320966,-0.06379314
2016-09-27,0.1110609,-0.1620445,-0.16733883,-0.36452037,0.12827244,-1.0239277,0.06516908
2016-09-28,-0.8665791,-0.25346357,-0.10808765,-0.34541667,-0.37909114,1.4265401,0.08163957
2016-09-29,-0.25288987,0.23345608,-0.0055680517,0.051983003,-0.18768896,0.72218585,-0.078611776
2016-09-30,0.012745113,0.047521785,-0.12966807,-0.30858645,0.014720528,0.26621082,-0.23503745
2016-10-10,-1.6893231,-1.0147122,-0.30679038,-1.0346172,-0.9231578,1.4262986,0.044051036
2016-10-11,-0.32582718,-0.3323013,-0.093050465,-0.22053012,-0.10316674,-0.90760785,0.22830573
2016-10-12,-0.08159606,0.1480718,0.1429782,0.52896315,-0.3552029,-0.28232732,0.20715271
2016-10-13,0.060934342,-0.30132794,-0.36023304,-0.74325806,0.46973792,-0.018681964,-0.36088789
2016-10-14,0.3890533,-0.2797486,0.050377183,-0.15136196,0.44692048,0.26479888,-0.18355235
2016-10-17,0.32623512,0.07337996,-0.17169222,-0.6903155,0.21426012,-0.3687704,-0.39381337
2016-10-18,0.14410834,0.0907272,0.09810941,0.12666948,-0.071667865,0.24270636,0.024616707
2016-10-19,-0.036869083,0.01216443,-0.10058574,-0.25660175,0.11238055,0.60900503,-0.24849945
2016-10-20,-0.18172161,-0.1233589,0.14559054,0.14824913,-0.3634332,-1.1233673,0.4075308
2016-10-21,-0.25748044,-0.33702457,-0.035722014,-0.2610961,0.045520928,0.2708209,-0.15457548
2016-10-24,0.3361415,0.023097333,0.17654534,0.36307958,0.3791404,0.24809282,-0.0548669
2016-10-25,0.76430845,0.44477022,0.16395272,0.7406306,0.6431638,0.426646,-0.068090625
2016-10-26,0.20314027,-0.17949748,-0.06425472,-0.25002766,0.3137762,-0.27034646,-0.039802086
2016-10-27,0.10882477,0.03280714,0.018842138,0.17309587,0.17624812,0.6413793,-0.04725087
2016-10-28,0.3562791,0.46916682,0.24197377,0.87182456,0.096635275,0.1616506,0.33454764
2016-10-31,0.17743976,0.23897156,0.060290776,0.61119324,0.019523386,-0.6587747,0.380777
2016-11-01,0.24796666,0.543271,0.13383755,0.48903868,-0.12955053,0.20105687,-0.026431564
2016-11-02,0.6765449,0.3385278,0.12517872,0.33440095,0.46587226,-0.97263855,0.020979224
2016-11-03,0.13765083,0.15005831,0.020911403,0.11333875,0.04109738,-0.3017675,0.08396236
2016-11-04,0.37812594,-0.052149262,0.049730606,0.062409155,0.3349237,-0.5699408,0.1795186
2016-11-07,-0.2028197,-0.08343082,-0.026955139,-0.013579208,-0.013719952,0.85099536,0.18764405
2016-11-08,0.47934258,0.2407626,0.019303959,-0.084575966,0.4637586,0.5173327,-0.17977381
2016-11-09,-0.1314854,0.4702541,0.24874133,0.77894264,-0.46402615,0.27777946,0.39208883
2016-11-10,0.16664827,0.40316176,0.14529577,0.35878643,0.079932734,0.22624671,0.042211786
2016-11-11,-1.2482667,-0.9450499,-0.24534588,-0.6709893,-0.79790837,-1.4681402,0.6014581
2016-11-14,-0.11925262,0.1916107,0.0773306,0.4064278,-0.35899237,-0.18849283,0.30366215
2016-11-15,-0.24487396,-0.072526574,-0.21333632,-0.5987665,0.102868706,1.4507812,-0.46313274
2016-11-16,-0.1559407,-0.4278377,0.24871786,0.08236886,-0.39561072,-0.46144894,0.33344704
2016-11-17,-0.16882241,-0.19070487,-0.0062868786,-0.21390547,-0.14003406,0.20287749,-0.047214355
2016-11-18,-0.5237275,-0.4282892,-0.19991815,-0.4700139,-0.08236769,0.03838709,-0.17518619
2016-11-21,-0.020601483,0.026473524,-0.01724604,0.022084571,0.30804762,2.1288161,-0.27415815
2016-11-22,0.14199802,0.23161258,-0.01792129,0.20697922,0.121150754,0.4959454,-0.031459544
2016-11-23,-0.09802308,-0.10453461,0.018235972,-0.10251876,0.045022644,0.4762114,0.08870499
2016-11-25,0.29856992,0.33224073,0.2731827,0.6435448,0.11003997,-0.58169967,0.30595857
2016-11-28,0.34776604,0.39296293,-0.02758879,-0.032328803,0.25675642,0.76949674,-0.3213533
2016-11-29,-0.46717748,-0.18369122,0.05270379,0.018817583,-0.6157165,-2.1806319,0.59407276
2016-11-30,-1.21889,-0.25290555,-0.2603636,-0.6650175,-0.8056632,1.878203,-0.59451884
2016-12-01,-0.99189657,0.041621406,-0.051557284,-0.12125017,-0.7947079,1.3738551,-0.124645114
2016-12-02,0.46200955,0.13100754,-0.089059636,-0.122701116,0.38150528,0.17568731,-0.200394
2016-12-05,0.48089013,0.27548128,0.05218916,0.29567742,0.47735208,0.9118102,-0.1376249
2016-12-06,0.124424376,-0.25076157,0.12580828,0.11235778,0.19474265,-0.40264487,0.10376589
2016-12-07,0.3338147,0.027158903,0.11073682,0.27613157,0.31918883,-0.63648224,0.043158144
2016-12-08,-0.64936346,-0.2521495,-0.16882494,-0.12485778,-0.4377513,-0.08746272,0.20085986
2016-12-09,-0.2564753,-0.16435824,-0.15741712,-0.28349772,-0.0013049257,0.54486555,-0.0337104
2016-12-12,0.09778326,-0.22615747,0.0063796067,-0.12251449,0.15615681,0.6049086,-0.32627088
2016-12-13,-0.29994053,-0.30869985,-0.038539074,-0.19334668,-0.29568195,0.20261468,0.049107414
2016-12-14,0.46400407,0.41359857,0.2400672,0.7510223,0.076223396,-0.32542476,0.13979441
2016-12-15,-1.1650357,-0.8082421,-0.4374613,-0.90454614,-0.30345565,-0.27821982,0.20308287
2016-12-16,0.1335945,-0.22767353,0.088575855,-0.09832337,0.226388,0.47317594,-0.09441323
2016-12-19,-0.6137751,-0.51877505,-0.15837343,-0.42319745,-0.2909961,-0.8542005,0.09488706
2016-12-20,-0.18624759,0.07855407,-0.0130285965,-0.009254142,-0.3719541,0.10278817,-0.008964899
2016-12-21,-0.2068421,-0.21228589,0.07498136,0.1188761,-0.1342189,-0.12703787,0.27432877
2016-12-22,-0.4794107,0.054766513,-0.04002869,0.01900272,-0.5673627,-0.11888506,0.1693862
2016-12-23,-0.5816155,-0.2058495,-0.10967679,-0.2930278,-0.4228447,-0.42508528,0.109286964
2016-12-28,-0.053445216,0.013942299,-0.011254863,-0.24182765,0.17486583,1.1396362,-0.5705506
2016-12-29,0.4315153,-0.14880453,0.11942046,-0.084939286,0.36374772,-0.07201088,-0.20158097
2016-12-30,-0.02957278,-0.08179934,-0.0476835,0.049830988,0.084549725,0.17784812,0.02643954
2017-01-03,0.89924955,0.5012105,-0.07696247,0.05781042,0.60848796,-0.7429327,-0.35311452
2017-01-04,0.81931317,0.17540683,0.106784225,0.102102675,0.8547182,1.3141308,-0.34734714
2017-01-05,0.63587767,0.23482125,-0.047471687,0.13466796,0.5498283,0.18147418,-0.1829538
2017-01-06,-0.42780465,-0.03512898,-0.06352677,-0.009559614,-0.4192815,-0.057908338,0.12896219
2017-01-09,0.9730632,0.39106023,0.104403295,0.37940732,0.7304151,-0.7519223,-0.108061925
2017-01-10,0.6265094,0.2962173,0.26226023,0.5726374,0.57232934,0.22822611,0.12425317
2017-01-11,-0.5593068,-0.17534603,-0.06068384,-0.2177292,-0.251641,0.6383264,-0.19443491
2017-01-12,0.32846615,0.27016115,-0.10453798,-0.10804148,0.55201596,1.0596104,-0.15892492
2017-01-13,0.26397234,0.2219882,0.03746712,0.1839748,0.1268474,0.1593985,0.0513395
2017-01-17,0.38189957,-0.2782864,-0.03529642,-0.47571227,0.604866,-0.1670106,-0.38276386
2017-01-18,0.47618026,0.20713006,0.041821547,0.3450739,0.36451516,-0.61178195,-0.064508244
2017-01-19,-0.6209094,-0.4616566,0.032283407,-0.040117208,-0.46685332,-0.2545739,0.29331923
2017-01-20,-0.03781751,0.018002106,-0.11801493,-0.15954761,0.1229328,0.6866845,-0.27043462
2017-01-23,0.43459284,0.24335803,0.10337586,0.2430642,0.22211242,0.13282521,-0.10929009
2017-01-24,0.026934022,0.46256274,0.103401296,0.3822987,-0.15846176,0.54425585,0.15850718
2017-01-25,-0.39825636,-0.45773676,0.09712526,-0.083001055,-0.3575963,-0.73067886,0.32029802
2017-02-06,0.88909346,1.0445334,-0.09725171,0.38041288,0.404266,0.20030856,-0.3658348
2017-02-07,0.2986835,-0.055125643,0.030382538,0.012537498,0.27267027,-0.52295846,0.087960176
2017-02-08,0.22810143,0.17786077,0.007891957,0.042923294,0.27713618,0.8825563,-0.20924571
2017-02-09,-0.15607394,-0.29768753,-0.07075371,-0.21917325,0.039052945,0.19693825,-0.052022696
2017-02-10,0.42886376,0.5071218,-0.00071335724,0.21944372,0.37168625,1.1812807,-0.21138544
2017-02-13,0.056222815,-0.06541812,0.014967731,0.1194458,-0.07533127,-0.6858737,0.2622937
2017-02-14,-0.16518958,-0.26228952,-0.026350675,-0.010405485,-0.030711446,0.11193186,-0.10381536
2017-02-15,0.4491046,0.11236365,-0.103160165,-0.14098613,0.4834306,-0.023458263,-0.12804756
2017-02-16,-0.011292545,0.16384044,0.11475751,0.37388763,-0.33247173,-0.48818618,0.21032548
2017-02-17,-0.3959301,-0.31077424,0.0882276,0.081039354,-0.3377951,-0.38209298,0.26918972
2017-02-21,0.056366574,-0.040432047,0.05325139,0.21284063,0.15082727,0.44687337,-0.09702232
2017-02-22,0.047852952,-0.17290121,-0.04266454,-0.27270815,-0.034896746,-0.44648477,-0.05689769
2017-02-23,-0.3008716,-0.1310668,-0.026286654,-0.1578845,-0.45956415,-0.0909451,-0.059600905
2017-02-24,0.44963706,0.5549865,0.18232657,0.676498,0.1326638,0.18652454,0.0917267
2017-02-27,-0.25391272,0.1726704,0.15671371,0.5411404,-0.5033421,0.23111907,0.32709098
2017-02-28,0.45455375,-0.12205594,-0.12517916,-0.29751948,0.81633705,0.22667894,-0.19696686
2017-03-01,-0.05278829,0.098614685,-0.36283502,-0.46608722,0.37980264,1.0428246,-0.48884818
2017-03-02,-0.8542067,-0.54561305,-0.12606134,-0.39306736,-0.6982239,-1.6553499,0.53230464
2017-03-03,-0.041594442,-0.047663957,-0.030509995,-0.21501817,-0.09543289,0.37201792,-0.05084284
2017-03-06,-0.35324982,-0.21977983,-0.043700803,-0.2337317,-0.35427248,-0.1464628,0.05135829
2017-03-07,-0.8384279,-0.34005284,-0.11094852,-0.31876034,-0.6742245,-0.72567874,0.24755433
2017-03-08,-0.120899156,-0.14617254,0.14067183,0.24518523,-0.23360851,-1.4440337,0.36926618
2017-03-09,-0.2967257,-0.14036652,0.049877506,0.10573186,-0.5545975,-1.3323061,0.4362539
2017-03-10,-0.028162822,0.014816051,0.1321033,0.34449655,-0.074391775,-0.40883827,0.21532068
2017-03-13,0.051251415,0.29805154,0.28012925,0.6814374,-0.26351523,0.07258131,0.27127048
2017-03-14,0.08087688,0.18159847,-0.046225034,0.087403856,-0.009567547,-0.37769106,0.109287515
2017-03-15,0.2801397,-0.054279033,-0.12361756,-0.4260605,0.41318727,0.9187242,-0.44753113
2017-03-16,0.8626661,0.5296736,0.121905096,0.3894424,0.6521519,0.34768564,-0.32116553
2017-03-17,0.2548995,0.16183864,0.018300366,0.15201679,0.17364681,0.3762669,-0.104161665
2017-03-20,-0.112309664,-0.033780698,0.075114705,0.18108949,-0.13465069,-0.1272554,0.10104145
2017-03-21,0.1371325,0.04937731,0.09590028,0.20177001,-0.051940933,-0.6000443,0.048385795
2017-03-22,-0.044348095,0.09266747,0.06614411,0.10290979,-0.19198816,-0.07633723,-0.13525257
2017-03-23,-0.15542817,0.03989914,0.048342198,0.21724637,-0.13492928,-0.14847063,0.1675692
2017-03-24,-0.17110135,0.14692743,-0.060856625,0.06415284,-0.3037823,-0.14590058,0.039502397
2017-03-27,-0.0034027104,0.038801577,0.06327316,-0.010003348,-0.034606427,-0.24863951,-0.039230786
2017-03-28,0.04940612,0.1538333,0.04636368,0.19446105,0.03755335,0.88410133,-0.058115385
2017-03-29,-0.36913317,-0.12625143,-0.026876055,-0.008209717,-0.27278763,0.6929547,0.050975103
2017-03-30,-0.41826046,-0.004477447,-0.020597074,0.067450956,-0.42610297,0.34310758,0.09797744
2017-03-31,-0.22874765,-0.40876627,-0.13212055,-0.40280056,-0.031925414,-0.19913925,-0.06281854
2017-04-05,-0.364941,0.2099888,-0.08693705,0.026205966,-0.5117294,0.75409585,-0.0024869163
2017-04-06,-0.3610596,-0.19823436,0.026674218,-0.048066217,-0.19919905,-0.060923897,0.049234755
2017-04-07,-0.014581424,-0.24129744,-0.03555354,-0.20925872,0.16598596,0.22672294,-0.13222432
2017-04-10,-0.54872984,-0.66441154,-0.10303348,-0.73770803,-0.3223241,-0.06818426,-0.13204032
2017-04-11,0.53123194,0.14202155,0.10156685,0.07295137,0.4111545,-0.08625437,-0.17996965
2017-04-12,0.11390389,-0.16498227,0.041468948,-0.14514768,0.02617833,-0.33412978,-0.12696943
2017-04-13,0.41464475,0.24492572,0.14578381,0.3115448,0.28632405,0.4230192,-0.08450572
2017-04-18,-0.24101807,-0.4158752,0.21755934,0.1201613,-0.27470657,-0.9035325,0.2547555
2017-04-19,0.1081268,-0.055565286,0.18862568,0.43826744,-0.11599772,-0.68108624,0.2592984
2017-04-20,0.009856918,0.40081176,0.02705218,0.5701456,-0.29049307,0.2751714,0.0126098385
2017-04-21,0.09728537,-0.020807352,-0.056806244,-0.16426261,0.14204712,-0.8848596,0.16075231
2017-04-24,-0.10709403,-0.07260221,-0.015421266,-0.028984206,0.015416875,-0.24513108,0.08230589
2017-04-25,-0.073305726,-0.28431737,-0.1042184,-0.2188528,0.10517816,0.29972053,-0.017553192
2017-04-26,-0.3443769,-0.092330955,0.13078064,0.25132784,-0.49917185,-0.09763981,0.51826704
2017-04-27,0.2926659,-0.25832665,0.13667488,0.030038452,0.21318062,-0.6511806,0.37484434
2017-04-28,0.24722818,-0.103088595,0.08919635,0.02077615,0.31137303,0.39534572,-0.043901376
2017-05-02,0.50115275,-0.0027772028,-0.35777387,-0.5685173,0.73108965,-0.6042442,-0.1703557
2017-05-03,-0.77720135,-0.94028604,-0.13350265,-0.6834368,-0.24095167,-0.5655617,0.030363793
2017-05-04,-0.22355776,-0.13314062,0.2201787,0.44799998,-0.5525677,-1.7147912,0.64351994
2017-05-05,-0.13243172,0.021071969,-0.06462975,-0.23933817,-0.0686538,0.6568059,-0.122192584
2017-05-08,-0.16077729,0.0036329567,-0.018474188,-0.07290948,-0.14911287,-0.38965145,0.05537305
2017-05-09,-0.27499485,-0.11423466,-0.017771397,-0.0072298897,-0.17816049,-0.303932,0.20916641
2017-05-10,-0.25573105,-0.16107057,-0.14192733,-0.411141,0.05350683,0.82691634,-0.27296808
2017-05-11,0.03411167,0.24040166,0.051773917,0.2669918,-0.17597875,0.6172854,0.0069048963
2017-05-12,0.11168757,-0.10652417,0.11939823,0.12829131,0.07703767,0.45098335,-0.12154634
2017-05-15,0.21934979,0.16049531,-0.11296522,-0.026583705,0.4710241,1.0028809,-0.3121368
2017-05-16,0.057184067,0.07962873,0.07133373,0.2125144,0.20241171,-0.11561985,-0.03421056
2017-05-17,0.53747094,0.12015571,0.021133184,0.15880297,0.59996164,0.55269253,-0.2678361
2017-05-18,-0.79251146,-0.0448305,-0.083237156,-0.0019334843,-0.92785764,-0.43716216,0.3528815
2017-05-19,0.4168844,-0.10517949,0.03913151,0.039505173,0.6333835,1.540791,-0.39685488
2017-05-22,0.25069574,0.18155764,0.083539724,0.23982288,0.26611507,0.52147543,-0.07927106
2017-05-23,-0.41028333,0.17224896,0.023483617,0.23690039,-0.59872633,-0.1930592,0.2831719
2017-05-24,-0.20770268,-0.16042675,-0.04539507,-0.1852409,-0.1439807,-0.3227221,-0.007802851
2017-05-25,0.46413437,0.25017312,0.17525934,0.44243246,0.18738523,-1.0829335,0.22316144
2017-05-26,0.17379265,-0.04815604,-0.048370574,0.11875191,0.037458677,0.07262687,0.0009898039
2017-05-31,0.12919188,0.012681122,0.23098533,0.3291225,-0.07918551,-1.3267683,0.55881065
2017-06-01,-0.48506224,-0.24624336,0.059333116,-0.111563854,-0.5871965,-0.22376017,0.20725289
2017-06-02,0.58557004,0.1739533,0.11371505,0.21993837,0.35225275,-0.47688007,0.08999493
2017-06-05,0.2633186,-0.19291613,0.07836051,-0.091595285,0.22146615,-0.59837896,0.07566002
2017-06-06,0.15368977,0.088032015,-0.1301587,-0.11301276,0.23289226,0.2847737,-0.20548539
2017-06-07,0.47748482,-0.18976134,0.0012059679,-0.09039321,0.54239887,-1.0713124,0.10859385
2017-06-08,-0.06788258,-0.20846428,-0.013996248,-0.22637312,0.19666065,0.4436736,0.0055090925
2017-06-09,-0.04400722,0.049555197,0.0546739,0.13888708,-0.051897604,0.65251553,-0.00732206
2017-06-12,-0.6114704,-0.06594315,-0.014184542,0.051413767,-0.71570194,-0.69753444,0.37354395
2017-06-13,-0.32283363,-0.32001254,-0.2428515,-0.58257824,-0.025932541,0.035481293,-0.09766971
2017-06-14,0.78585,0.62788635,0.10722742,0.5299727,0.33446732,-1.0367657,0.18042268
2017-06-15,-0.7231183,-0.38505813,-0.25465852,-0.80585694,-0.36527872,-0.31449077,0.043658804
2017-06-16,0.11172049,0.031640526,-0.09163841,-0.16636254,0.17489028,0.4963461,-0.16343676
2017-06-19,-0.13532664,0.1642847,0.06660012,0.4176697,-0.18579161,-0.16458328,0.23710287
2017-06-20,-0.1291716,-0.030980602,-0.014216067,0.15695158,-0.22115958,-1.0720164,0.26117015
2017-06-21,0.16440812,0.58135784,0.22775567,0.6353538,-0.40105435,-0.27585316,0.3692756
2017-06-22,-0.21698862,0.45853242,-0.0372606,0.37794745,-0.4974378,0.12044381,0.115552284
2017-06-23,0.31692246,0.028495446,0.18459557,0.32276374,0.27450302,0.43563038,-0.008053638
2017-06-26,-0.4208817,-0.38090765,0.12071733,0.013247198,-0.32726714,0.19493613,0.1718951
2017-06-27,0.012257237,0.12074116,-0.09805191,-0.079874046,0.13615294,1.1854553,-0.25362468
2017-06-28,-0.06661477,0.09660934,-0.0059585646,0.048167214,-0.103094734,0.5623811,-0.33040267
2017-06-29,0.23982346,-0.18389702,-0.15433595,-0.31742606,0.6554336,0.585444,-0.26816264
2017-06-30,0.51072985,-0.06795557,-0.2267721,-0.6859976,0.840332,0.8235596,-0.61345667
2017-07-03,-0.50098336,-0.3349145,-0.43826053,-1.0551058,0.19589359,0.5423098,-0.3585406
2017-07-05,0.3907339,-0.15012626,-0.09957615,-0.18389952,0.49895146,-1.0391968,0.10895917
2017-07-06,-0.20628922,0.032122646,0.14501418,0.2781853,-0.19223474,0.35888016,0.049471084
2017-07-07,-0.10021739,-0.39724296,-0.047781285,-0.22574863,0.076593965,-1.1043117,0.2873245
2017-07-10,0.23073941,-0.05168611,-0.07026792,-0.46538243,0.45439732,-0.008197519,-0.018089805
2017-07-11,-0.018441813,0.1320843,0.038592543,0.12836254,-0.024183916,0.78105664,-0.02170641
2017-07-12,0.019587079,0.260776,0.3324485,0.7024541,-0.3371633,0.14724664,0.24806677
2017-07-13,-0.8283011,0.07412857,0.022094494,0.31192136,-0.8228244,-0.14666606,0.22100402
2017-07-14,0.5283989,0.088599384,0.12849896,0.1566565,0.48704064,0.94339335,-0.25378212
2017-07-17,0.5646569,0.072080754,0.046933312,0.17946619,0.50106114,0.15822478,-0.015652528
2017-07-18,0.17802659,0.40807098,-0.24079585,-0.28308907,0.050850153,0.19942063,-0.27717572
2017-07-19,-0.35526377,-0.49820355,-0.08114151,-0.5417077,0.15839733,0.61548245,-0.2530173
2017-07-20,0.4012239,-0.24908857,0.009257558,-0.17078246,0.5783137,0.16738524,-0.19528143
2017-07-21,0.31316537,0.3967603,0.2124139,0.6131162,-0.03141143,-0.78872466,0.23643045
2017-07-24,-0.21708095,0.46240816,-0.08323526,0.17554955,-0.46070534,-0.036226667,0.13075878
2017-07-25,-0.3888491,0.58030725,0.20380108,0.63786864,-0.66771007,1.0961357,0.21097472
2017-07-26,-0.16611527,-0.3980032,-0.051955245,-0.32941747,0.24718684,0.7738224,-0.28017598
2017-07-27,0.2894671,-0.03232167,0.037096377,0.010706837,0.34110287,0.62659925,-0.1715433
2017-07-28,0.045493778,-0.055809967,0.04352277,-0.12547128,0.12799373,0.7124751,-0.19768617
2017-07-31,-0.12599939,0.05248856,-0.021037629,0.09452663,-0.048664663,0.5207817,-0.14215478
2017-08-01,-0.07142605,0.16935043,0.19039778,0.67966306,-0.5299742,-0.79607296,0.49556834
2017-08-02,0.113317795,-0.205807,0.046640858,0.084805824,0.27283534,0.62214893,-0.12188875
2017-08-03,-0.13916062,0.06664474,0.07852364,0.27640218,-0.44147718,-0.5118675,0.41933686
2017-08-04,-0.38067904,-0.33419576,-0.04723477,-0.16121002,-0.17180261,0.18192011,0.12721017
2017-08-07,0.4875633,0.2580052,-0.15281819,0.14719892,0.55738896,0.1560894,-0.11882798
2017-08-08,0.30495238,0.36714295,0.094724715,0.66549486,0.20588608,0.56519645,-0.05930434
2017-08-09,0.40282804,0.29477417,-0.029712541,0.16026622,0.34637856,0.36271492,-0.22336884
2017-08-10,-0.232543,0.43039918,0.17767619,0.9428994,-0.7821639,-0.61946815,0.55407155
2017-08-11,-0.10126132,-0.1931173,0.023299774,-0.11281857,0.077920064,-0.036265057,-0.016788496
2017-08-14,-0.06525831,0.06656839,0.019344825,0.114884384,-0.14779101,-0.98284334,0.17264038
2017-08-15,-0.43693492,0.22275694,-0.2994895,-0.64716643,-0.7439669,-0.7438466,0.15839915
2017-08-16,0.5103674,0.8551561,0.16979004,0.8549708,0.035613857,0.4017299,-0.015252114
2017-08-17,-0.08273738,0.13034889,-0.0844891,-0.084154814,0.02910998,0.047929287,-0.075344734
2017-08-18,-0.15406267,0.033844084,-0.081874214,-0.1804462,-0.05365963,1.0723886,-0.24413404
2017-08-21,0.3283898,0.46011826,0.15008216,0.6471999,0.04494775,-0.280381,0.24287191
2017-08-22,-0.32804322,-0.17745596,0.07680922,0.006559705,-0.29270947,0.24782678,0.06981954
2017-08-23,-0.1304714,-0.028762259,-0.029178018,0.04330367,-0.0063091223,0.72144216,-0.18665421
2017-08-24,0.22473456,0.024419535,0.041467223,-0.011653539,0.2999068,0.4004674,-0.081524655
2017-08-25,-0.17156298,-0.16674253,0.033005834,-0.18278773,-0.08446351,-0.35196504,0.069836065
2017-08-29,0.31601623,0.68843764,0.19425969,0.73835415,-0.17842619,0.7488003,-0.20083098
2017-08-30,-0.34819186,-0.22090027,0.029943042,-0.14983788,-0.33264378,0.1348436,-0.12291272
2017-08-31,0.056200687,-0.012033133,-0.21631913,-0.4838377,0.35974443,1.7162817,-0.75120753
2017-09-01,0.83701617,0.37950602,0.14494056,0.60848755,0.43871596,-0.43807453,0.29960853
2017-09-05,0.4019193,-0.06642418,0.04152627,-0.19009717,0.44481057,0.42798147,-0.20040406
2017-09-06,-0.062133923,-0.24934427,-0.062115695,-0.2032472,0.2447039,0.39222968,-0.02571843
2017-09-07,0.099535435,0.22682779,0.16746318,0.36802107,-0.18070413,0.09500034,-0.0013059985
2017-09-08,-0.24850804,-0.5413291,-0.072739415,-0.32645276,-0.0049231085,-0.972681,-0.0052108164
2017-09-11,-0.2816198,-0.15732239,-0.008464957,0.0636509,-0.1507484,0.033447832,0.18924494
2017-09-12,-0.3423829,-0.14471379,-0.13043207,-0.11847503,-0.24537808,-0.13554609,0.16330883
2017-09-13,-0.55300635,-0.7064182,-0.07711911,-0.5640666,0.032806836,0.08190716,-0.059715018
2017-09-14,-0.049481247,-0.10700021,-0.16039558,-0.48132735,0.15225223,-0.054352522,-0.062052716
2017-09-15,0.29352796,-0.5109089,-0.07182441,-0.71172214,0.5149388,0.2999337,-0.53977853
2017-09-18,-0.43954358,-0.0021822152,0.0053349026,0.13971567,-0.5672278,-0.1076286,0.40434277
2017-09-19,-0.19290164,0.070382535,0.038977005,0.29761276,-0.28367776,-0.16904177,0.12541123
2017-09-20,0.22943437,-0.15432046,-0.051438913,-0.046031233,0.40545985,0.91731274,-0.3847869
2017-09-21,-0.7006529,-0.34864312,-0.26639688,-0.70794207,-0.37252253,-0.5620624,0.08735209
2017-09-22,-0.2822379,-0.27120885,-0.10324381,-0.5649276,0.03930362,-0.14318977,-0.08936156
2017-09-25,-0.071428716,0.3699947,-0.028630557,0.2140808,-0.33943033,0.94198173,-0.20922275
2017-09-26,-0.45551854,-0.15949912,-0.0060160425,-0.13548005,-0.6583323,-0.8753214,0.33246985
2017-09-27,-0.21530704,-0.23710102,-0.08198599,-0.2655092,0.03634972,-0.19249618,0.30057988
2017-09-28,0.21843614,0.40367705,0.23174904,0.5981982,-0.06653139,0.124392614,0.16946025
2017-09-29,-0.1589807,-0.104096845,-0.023831783,-0.2725817,-0.13099101,-0.43937692,0.0626438
2017-10-09,0.8095398,0.57416725,0.29437533,1.1182275,0.61308444,-0.07087007,-0.010637521
2017-10-10,0.20851563,0.1934427,0.1498394,0.1752327,0.12241932,1.0018524,-0.12038213
2017-10-11,-0.4063019,-0.117410205,0.0842604,-0.08617192,-0.37527987,0.14776906,0.20689808
2017-10-12,0.630895,0.39351118,0.07687034,0.22641061,0.5165916,0.08333163,-0.0438164
2017-10-13,0.2847438,-0.09730225,-0.017465554,-0.24908423,0.38448256,0.878747,-0.2979815
2017-10-16,-0.26543716,0.1568542,0.14153986,0.3646842,-0.2590161,0.4395875,0.30636042
2017-10-17,-0.72683823,-0.5838464,-0.23053303,-0.56768084,-0.39350703,-0.5033646,0.12476751
2017-10-18,-0.24254662,-0.10767443,0.06105656,0.118759595,-0.21250196,-0.09246848,0.07429036
2017-10-19,0.5050399,0.15364106,0.005325215,0.19176425,0.49445304,-0.13150837,-0.17186841
2017-10-20,-0.646496,-0.20600682,0.04764177,-0.036463805,-0.57478195,0.2653162,0.17428377
2017-10-23,0.45640352,-0.1335711,-0.02037551,0.105899684,0.50171864,0.49219644,-0.082945585
2017-10-24,-0.16019669,-0.09297399,-0.037517205,0.0012355751,-0.033906948,0.6426461,-0.13897842
2017-10-25,-0.08728785,0.05422583,-0.03346274,0.13786937,-0.06797118,0.0946576,-0.10816531
2017-10-26,-0.50070715,-0.27657962,-0.010609433,-0.090255685,-0.28283462,0.26277527,0.0338084
2017-10-27,-0.44539702,-0.552232,-0.071282506,-0.5446108,-0.11865219,0.17117697,-0.29556465
2017-10-30,0.17866692,0.09428445,0.20375863,0.33950913,0.008228038,0.5138242,0.07364606
2017-10-31,-0.14414726,-0.08131972,0.15424836,0.3663899,-0.24758023,0.45494202,0.12830566
2017-11-01,0.83538026,0.3539924,0.23787339,0.46912426,0.5325641,0.33190414,-0.13805631
2017-11-02,0.031959053,-0.13381666,-0.17345586,-0.45875236,0.20708129,-0.053575758,-0.03137546
2017-11-03,-0.72598875,-0.4156925,-0.08181506,-0.26728594,-0.540085,0.34628695,0.051766533
2017-11-06,0.19602709,0.2529931,0.023605589,0.03506807,0.276657,1.3815932,-0.25025204
2017-11-07,-0.51426744,-0.48896357,-0.108601116,-0.48008984,-0.26045147,-0.80408025,0.17220041
2017-11-08,0.45136708,0.24599278,0.07102091,0.1404075,0.32231414,0.15435816,-0.118002184
2017-11-09,-0.46219862,-0.11148143,-0.018376458,-0.065480396,-0.40730646,-0.1015171,0.12081578
2017-11-10,-0.13970767,-0.14846683,-0.14403418,-0.26834247,0.023357492,-0.23884815,-0.013981375
2017-11-13,0.2184651,0.29585305,0.13249294,0.47231826,-0.008251379,-0.061790388,0.15809235
2017-11-14,-0.2318754,-0.121239126,-0.08447627,-0.22968304,-0.19233409,-1.3622316,0.15202305
2017-11-15,-0.012111688,-0.13594614,0.033681765,0.056373876,0.17511849,0.1257826,-0.046265718
2017-11-16,0.0013098215,0.027306018,-0.005812014,-0.008468892,-0.009009229,-0.4598806,0.019761937
2017-11-17,0.5627991,0.36044392,-0.032917585,-0.013666973,0.5368732,1.1447458,-0.36952707
2017-11-20,-0.7176818,-0.360811,-0.057155784,-0.23099798,-0.6231358,-0.5175862,0.38016888
2017-11-21,0.34216422,0.18915977,0.09185487,0.16085735,0.1870449,0.60952234,-0.09619723
2017-11-22,0.3072383,0.08316503,0.054552656,0.26665446,0.4404608,0.5923903,-0.16204149
2017-11-24,-0.15913062,0.11078515,-0.02492289,0.13047907,-0.14676595,0.5132526,-0.020862255
2017-11-27,-0.18341,-0.1380618,0.10066988,0.13848333,-0.10414578,-0.45739338,0.1490393
2017-11-28,-0.23516345,-0.39213303,0.022922868,-0.22639814,-0.25286055,-0.25584573,0.111645974
2017-11-29,-0.07577537,-0.4274497,-0.06766276,-0.34052283,-0.06601102,-0.48802087,0.118077815
2017-11-30,-0.25602013,-0.069628716,-0.11099359,-0.23746732,-0.16758685,-0.47838116,0.10436606
2017-12-01,0.15996449,0.20669904,-0.10120846,0.0011717948,0.22636029,0.89424044,-0.19064064
2017-12-04,-0.018702062,-0.061984368,0.027177794,0.116658635,-0.05124355,-1.0385226,0.3088799
2017-12-05,-0.86481047,-0.77737826,-0.19473714,-0.68054676,-0.38959178,-0.5952293,-0.015243709
2017-12-06,-0.052637547,0.06389251,0.15548185,0.31548986,-0.37815246,-1.2333688,0.48497683
2017-12-07,-0.66983694,-0.08380743,-0.102843314,-0.2255445,-0.63123274,0.26480633,0.03349341
2017-12-08,-0.5114962,-0.14952764,-0.044660833,-0.21661258,-0.33690208,0.5282652,-0.07719166
2017-12-11,-0.1984777,0.27622736,0.098315924,0.4653057,-0.3959213,0.62407804,0.13715306
2017-12-12,-0.18618439,-0.05969171,0.048556365,0.0943538,-0.2608495,-0.62039375,0.1826439
2017-12-13,0.60096264,0.16302155,0.08772956,0.2159723,0.5117426,-0.27404803,0.05898165
2017-12-14,0.19325997,0.28897247,-0.024994802,0.32097754,0.07693372,0.5370304,-0.15739723
2017-12-15,0.7045835,-0.026763527,0.12514395,0.19312452,0.67091024,0.71423566,-0.17201424
2017-12-18,0.34288672,0.17104517,0.059961434,0.18825723,0.2661461,0.51155084,0.004636098
2017-12-19,0.010048014,-0.18379697,-0.108839646,-0.09224293,0.32696292,0.38144508,-0.22915071
2017-12-20,0.2861053,0.15875085,0.0664719,0.3182739,0.26317444,0.8078183,-0.13530824
2017-12-21,0.08166568,0.1577597,-0.07498386,0.037756387,0.071931265,0.323815,-0.12777662
2017-12-22,0.16079323,0.30295452,0.031424735,0.40691274,0.12456895,0.49561265,-0.09512827
2017-12-27,0.25194702,0.0022527555,-0.0054896623,0.007693701,0.44951057,1.3072436,-0.5805626
2017-12-28,0.2845164,0.38887382,0.15488742,0.5218144,0.07087661,0.59194225,0.029063698
2017-12-29,0.41689798,0.17236839,0.07384203,0.17584345,0.36196813,0.5557468,-0.141641
2018-01-02,0.45193774,-0.13517553,-0.0077052815,-0.020051794,0.57869005,0.022535753,-0.056924492
2018-01-03,-0.15121233,-0.12715481,-0.0612119,-0.36864382,-0.019414468,0.5221573,-0.1651603
2018-01-04,0.20379922,0.19695403,0.05043237,0.33791193,0.030345168,0.33263168,-0.07469908
2018-01-05,0.0202458,0.09746144,-0.0032093879,-0.012163893,-0.08678789,-0.7391694,0.16357383
2018-01-08,-0.34317678,0.11364523,0.083045386,0.34070927,-0.5284663,-0.11117235,0.34750786
2018-01-09,-0.40292397,-0.35109147,-0.11022383,-0.43043235,-0.16255753,0.47127268,0.018419761
2018-01-10,0.13041581,0.3556314,-0.06455064,0.11989627,-0.090022266,0.32439145,-0.10015938
2018-01-11,-0.04081357,0.089560494,0.059476297,0.21724968,-0.31299222,0.13012744,0.14909461
2018-01-12,0.008448531,0.2944933,0.107149564,0.5485144,-0.07965766,0.3264373,0.0022654042
2018-01-16,0.23734581,0.41640338,0.0003658263,-0.3225397,-0.035363413,-0.5302674,-0.0026437193
2018-01-17,0.10589522,-0.35191986,-0.04386281,-0.302434,0.2079124,0.06210439,-0.10664275
2018-01-18,-0.24830943,-0.018931301,-0.08956935,0.01000351,-0.18849984,0.15592442,0.11768565
2018-01-19,0.46277428,0.22266786,0.064096324,0.100140676,0.26356173,-0.10915423,-0.06725469
2018-01-22,-0.18793274,-0.1596513,-0.022089425,-0.080950215,-0.03417614,0.26614612,-0.0280772
2018-01-23,-0.31150305,-0.23885342,-0.012288861,-0.09220985,-0.21683411,0.29545385,0.024720393
2018-01-24,0.9399645,0.665945,0.100377984,0.27529845,0.7847739,1.2125437,-0.29099283
2018-01-25,0.30862907,0.3165057,-0.049422305,0.06360765,0.19082817,0.035303872,-0.09236274
2018-01-26,-0.34468,-0.45564663,-0.13900429,-0.3663844,0.026566008,0.23759548,-0.062066097
2018-01-29,0.0446404,-0.22611745,-0.06682592,-0.24987973,0.20752053,-0.1823706,0.17371683
2018-01-30,0.2233433,-0.14504634,-0.17758197,-0.6041234,0.42382693,-0.92635065,-0.12974699
2018-01-31,0.31535342,0.5064578,0.009067083,0.3344016,-0.10807665,0.051595498,-0.3263701
2018-02-01,0.11409908,-0.083597794,0.14845265,0.28154683,-0.012741367,0.5014694,-0.0044056545
2018-02-02,-0.57075965,-0.43047294,-0.084974065,-0.28101283,-0.30548978,-0.95409304,0.3097229
2018-02-05,0.19399378,0.28651568,0.09726013,0.43132097,0.006076751,-0.34074664,0.104058266
2018-02-06,0.14594026,-0.48331475,-0.11335524,-0.6855442,0.4305721,-0.757487,-0.005013055
2018-02-07,-0.17386615,-0.5298809,-0.21704401,-0.6140418,-0.022832295,-1.3671421,0.094874896
2018-02-08,0.1880999,0.20993248,0.08334979,0.33872387,-0.005983049,-0.34542188,0.097550556
2018-02-09,-0.12678652,-0.18392922,0.08718739,0.025255091,-0.34694138,-1.7005309,0.40433392
2018-02-22,0.60148984,0.6437079,0.0623847,0.27150586,0.5348293,2.5494952,-0.42642906
2018-02-23,-0.3904512,-0.29107657,-0.014749418,-0.37003198,-0.27799332,0.2391324,-0.030761847
2018-02-26,0.20592813,0.020580204,-0.09257427,-0.2120862,0.19857346,0.35863185,-0.21146883
2018-02-27,-0.21271628,-0.34344265,-0.12681049,-0.39319384,-0.16289264,-0.73481095,0.2469916
2018-02-28,0.5931375,0.034016315,-0.24310638,-0.5068641,0.5188253,-0.86657655,-0.42495823
2018-03-01,-0.22530004,-0.2868645,-0.3696124,-0.8942858,0.20708515,-0.33076373,-0.4284842
2018-03-02,0.08912472,0.3332773,0.104463995,0.365861,-0.11386624,-0.010477557,0.07984032
2018-03-05,-0.20431188,-0.29530758,-0.07565669,-0.44774392,0.019840337,0.5897279,-0.12851602
2018-03-06,0.45360166,0.39643088,0.13596946,0.37736675,0.28961262,0.2811245,-0.03907349
2018-03-07,-0.4497238,-0.2667143,0.09935677,-0.06433287,-0.7275023,-1.103202,0.50932
2018-03-08,0.027526382,-0.24611774,-0.15584284,-0.25771645,0.21298788,-0.71176475,-0.02830643
2018-03-09,-0.07359468,0.36063528,0.20927121,0.628306,-0.44704953,0.9201509,0.06597182
2018-03-12,-0.1262891,-0.22342241,0.037674494,-0.172901,-0.067382045,-0.53906554,0.11016405
2018-03-13,0.41729346,0.2063713,0.03177357,0.21210082,0.40185833,0.23052803,-0.026317753
2018-03-14,-0.31703165,-0.16912313,-0.08945089,-0.30996132,-0.19853058,0.0256308,0.052723333
2018-03-15,-0.24122433,-0.13660379,-0.15314993,-0.49363732,-0.09147478,-0.14560238,-0.13537595
2018-03-16,-0.5848818,-0.025898106,-0.011571129,-0.024616808,-0.5203413,0.27145314,0.06252254
2018-03-19,-0.31651765,0.14366738,0.13897368,0.56371546,-0.505165,-0.4734045,0.2054304
2018-03-20,-0.66797537,-0.42295307,-0.13383397,-0.45819986,-0.44338682,0.40861785,-0.05928151
2018-03-21,-0.06372391,0.24799012,-0.014928031,0.057644185,-0.0041088853,1.1308832,-0.3399923
2018-03-22,0.042329986,-0.17649731,-0.07049621,-0.23217708,0.1134298,-0.6415837,-0.014628498
2018-03-23,0.06811416,0.37165576,-0.16559926,-0.3078981,-0.11986429,0.07433549,-0.23293546
2018-03-26,0.034026805,0.20282601,0.095628336,0.36946154,-0.16703296,-0.1913184,0.09752636
2018-03-27,-0.29694963,-0.15664992,0.04463842,-0.044210415,-0.21567452,0.20399547,0.13465586
2018-03-28,-0.43241668,-0.17843078,0.06718314,-0.04601609,-0.59292006,-0.3789253,0.12603098
2018-03-29,0.30637234,-0.14720184,-0.12808506,-0.5639613,0.6006994,0.43112332,-0.27893642
2018-04-03,0.73006797,0.44686988,-0.12425789,-0.26685783,0.42648622,-0.6818926,-0.15914103
2018-04-04,-0.5553769,-0.17582773,-0.009985703,0.14289215,-0.5653753,-0.7210722,0.34642205
2018-04-09,1.0953921,0.332018,-0.20796244,-0.037177004,1.294729,1.1123853,-0.6840057
2018-04-10,-0.18622516,0.15828025,-0.016324138,0.25416255,-0.076223455,1.4181432,-0.23948589
2018-04-11,-0.0288402,0.12855844,0.025453225,0.28903726,-0.074448355,0.7085346,-0.12869485
2018-04-12,-0.54237694,-0.5989029,-0.20806032,-0.28711098,0.044840645,-0.089133546,-0.0017575362
2018-04-13,-0.057482377,0.14963463,0.19621614,0.1980394,-0.33412316,-0.0066063474,0.17118527
2018-04-16,0.1372562,0.21710965,0.2554592,1.205897,0.21251307,0.25546107,0.32731956
2018-04-17,0.13039418,0.1126048,0.037596002,0.09260666,-0.015995476,-0.08074877,0.041181687
2018-04-18,0.6352406,0.38214734,0.10339763,0.7576182,0.5839665,1.5999537,-0.36175853
2018-04-19,-0.35610542,-0.2246969,-0.117883556,-0.46175742,-0.21243627,-0.15783538,-0.024864903
2018-04-20,-0.47452995,-0.166233,0.07764568,0.026071154,-0.51928127,-0.057078935,0.14034303
2018-04-23,-0.89453804,-0.62755024,-0.008753847,-0.8661757,-0.9566538,-0.447625,0.33798385
2018-04-24,0.42647865,0.041584056,0.11636113,-0.118461676,0.32842383,-0.3303652,0.095972426
2018-04-25,-0.27610916,-0.49217,-0.16009866,-0.47235662,-0.0007743074,-0.028962055,0.08639853
2018-04-26,-0.23996119,-0.077836595,-0.08525583,-0.06084674,-0.098382786,0.3854597,-0.18089715
2018-04-27,0.326909,-0.38428512,-0.031217912,-0.48592052,0.45994696,-0.27393055,-0.23207219
2018-05-02,-0.28151062,0.09494975,-0.5547795,-0.5033667,0.32416224,-0.6254084,-0.1338173
2018-05-03,0.33908644,-0.1705203,0.0456849,-0.39224505,0.417789,0.0054705464,-0.043105803
2018-05-04,-0.102737665,0.33661625,-0.05057143,0.55786425,-0.23317212,0.92108816,-0.16540073
2018-05-08,-0.42378667,0.12863535,-0.0053030876,0.26734558,-0.52687407,-0.40520012,0.16790237
2018-05-09,-0.51292723,-0.004570623,-0.024268864,-0.06840923,-0.44487447,1.0477606,-0.11625995
2018-05-10,0.2350963,0.18734281,0.22503436,0.17489685,0.0925561,0.33249122,0.023084883
2018-05-11,-0.19944464,-0.007461195,0.14754613,0.21254984,-0.4496858,-0.2664898,0.27132624
2018-05-14,-0.33427414,0.07128531,-0.18956514,-0.16016252,-0.14382899,0.2166603,-0.024917345
2018-05-15,-0.5299449,-0.6958532,-0.19592854,-0.43027157,0.17329568,0.27909726,-0.09289028
2018-05-16,-0.15595958,0.2732855,-0.119157046,-0.021847371,-0.24578506,0.07138294,-0.041961636
2018-05-17,0.04665252,-0.04437051,0.16763702,0.11248816,-0.061910212,0.4571372,0.055927906
2018-05-18,0.43386257,-0.09686364,-0.16487017,-0.48985276,0.4561915,-0.2735314,-0.17076077
2018-05-21,0.3856636,-0.23056124,0.14311048,-0.024367146,0.6424562,0.7702937,-0.24583413
2018-05-22,0.20397168,-0.06409431,-0.011967634,-0.24986735,0.2989027,0.3434771,-0.043790374
2018-05-23,-0.10767105,-0.40725258,-0.1829677,-0.4950324,0.24939054,-0.2761896,-0.12190376
2018-05-24,0.5486055,0.5049103,0.16793287,0.6021517,0.2648497,-0.0052303798,0.0012058364
2018-05-25,0.3875746,-0.10061364,-0.02040942,-0.1350507,0.31961393,-1.0016177,0.1200649
2018-05-29,0.055071615,0.3349718,-0.042741258,0.34679562,-0.17073204,-0.41693133,0.1489925
2018-05-30,-0.23548718,0.1753688,0.15064517,0.32195038,-0.2924302,0.871962,-0.033960324
2018-05-31,0.09916189,-0.08432944,0.007052921,0.17521921,0.037545186,-0.23820224,-0.06314976
2018-06-01,0.051309336,0.07325236,0.17278107,0.43888193,-0.146354,-0.24028234,0.1748802
2018-06-04,-0.31550357,0.34268206,0.21333554,0.7589994,-0.78065926,-0.49905533,0.54999655
2018-06-05,0.38251978,0.38023457,0.05129539,0.07549775,0.27943116,0.2168484,0.008702212
2018-06-06,0.2752659,0.30966413,0.06411394,0.3634286,0.27084073,0.070108905,0.07367365
2018-06-07,-0.5356033,-0.043503065,0.021645775,-0.06738011,-0.67280436,0.59535414,0.05740583
2018-06-08,0.18352248,-0.14357705,0.13358474,0.16399121,0.2545865,0.1248764,-0.009827475
2018-06-11,-0.23360944,0.12110075,0.022011954,0.31656516,-0.33354422,-0.19288945,0.10699012
2018-06-12,0.19116199,-0.2625787,-0.17630276,-0.4536347,0.3799683,-0.08828152,-0.13247691
2018-06-13,-0.20623282,0.15832303,0.10219266,0.34285602,-0.3647299,0.17649351,0.14771377
2018-06-14,-0.15450335,0.29949772,0.13245739,0.49324802,-0.45103237,-0.72554874,0.36460716
2018-06-15,-0.78259444,-0.73751485,-0.019589651,-0.3467869,-0.8728401,-1.8635176,0.6471409
2018-06-19,-1.2640666,-0.22085892,0.0043563843,-0.043249607,-1.0815152,-0.98067033,0.29674077
2018-06-20,0.23909238,0.019810298,-0.040443882,-0.15949173,0.1847673,0.17832893,-0.025039608
2018-06-21,-0.025769103,-0.20100227,-0.09977707,-0.1530797,0.037163146,-0.799733,0.14739387
2018-06-22,-0.09638859,-0.031367734,-0.042705607,-0.15285449,0.08594432,1.3112236,-0.30913237
2018-06-25,-0.62968045,-0.061010823,-0.027726727,0.063567884,-0.7321154,-1.0948327,0.3438607
2018-06-26,-0.5303516,-0.19838654,-0.06432468,-0.17909317,-0.3050659,0.49560174,0.028316138
2018-06-27,-0.52889585,-0.129412,-0.08926995,-0.21205164,-0.39365983,0.9543802,-0.11613894
2018-06-28,-0.51107407,-0.05654179,0.01064703,0.014103482,-0.54032004,-0.24288978,0.17164616
2018-06-29,0.08491291,-0.20355985,-0.10713371,-0.29228172,0.28675243,0.6199481,-0.23580755
2018-07-02,-0.97407174,-0.20801257,0.10494436,0.19722901,-1.1215732,-1.4271917,0.6865768
2018-07-03,0.5951528,0.24937679,-0.11513383,-0.2842528,0.40167385,-0.12764254,-0.22765668
2018-07-05,-0.21593736,-0.38106352,-0.24726833,-0.567806,0.08640245,-0.45134848,-0.16434193
2018-07-06,0.715863,-0.20120646,-0.067535505,-0.48536837,0.9915685,0.28940418,-0.38428926
2018-07-09,-0.1957581,0.20642269,0.061666716,0.39389193,-0.39707923,0.3352926,0.054131217
2018-07-10,-0.5383402,-0.179501,-0.027974203,-0.2674037,-0.43113208,-0.06965296,0.04722638
2018-07-11,-0.431325,-0.1767807,0.0673286,0.31713784,-0.838982,-2.4581552,0.82735324
2018-07-12,0.4402288,0.042048156,0.1252988,0.114043154,0.17770915,0.59176505,-0.19044444
2018-07-13,-0.7377992,-0.03885045,-0.061016142,-0.080144435,-0.7747366,-0.3282912,0.26945433
2018-07-16,0.7149183,-0.31055212,-0.10636825,-0.42693403,0.93376005,-1.0523874,-0.035152107
2018-07-17,-0.25547582,-0.072772175,-0.21543571,-1.0278922,-0.3522165,-0.45460886,-0.16082098
2018-07-18,0.04372362,0.061931256,0.085104115,0.1239388,-0.059597827,0.58227193,-0.08013196
2018-07-19,-0.46908882,-0.64389086,-0.17766339,-0.7117327,-0.08906311,-0.35754144,0.039512496
2018-07-20,0.842325,0.22553301,0.0047372133,0.072712146,0.91579723,1.0257001,-0.4028005
2018-07-23,-0.13218759,-0.13542701,-0.09391308,-0.06983026,0.060438458,-0.22900982,-0.033700414
2018-07-24,0.17531031,0.48432723,0.07922391,0.33666757,0.11528865,0.7418578,-0.021888675
2018-07-25,0.4851758,-0.1000086,-0.13143028,-0.5639321,0.6648765,0.42145133,-0.18119536
2018-07-26,-0.39051652,0.06879821,-0.105755985,-0.23611808,-0.41677424,0.124826156,-0.010599482
2018-07-27,0.07833917,-0.13811134,0.02409288,0.01644759,0.14258996,0.0013992137,0.015660197
2018-07-30,0.3046217,0.0352734,-0.24525766,-0.5136508,0.49840832,0.12972546,-0.25358784
2018-07-31,0.7327506,0.319609,0.10375038,0.14629789,0.51246345,0.10321626,-0.087174855
2018-08-01,-0.49457145,-0.3798845,-0.12571278,-0.32968217,-0.43407664,-1.6212592,0.40219572
2018-08-02,-0.33853132,-0.12086086,-0.12071727,-0.36864024,-0.21012439,0.31898576,-0.052388117
2018-08-03,0.46177104,0.12156803,0.15309036,0.27371,0.4424132,0.4674259,-0.09477004
2018-08-06,-0.27834728,-0.46286926,-0.2474817,-0.4948154,0.051780216,-0.025051981,-0.10371315
2018-08-07,0.021077486,0.13358878,0.056980547,0.06362745,0.0076298127,0.5851817,-0.06645174
2018-08-08,0.5436296,0.3578102,-0.049701653,0.4061315,0.42984584,-0.7221543,0.050941028
2018-08-09,-0.10096541,0.106672324,0.053566266,0.114122756,-0.17796998,-0.26256064,0.15910944
2018-08-10,-0.8879164,0.045959525,-0.026483633,0.23851673,-1.1203178,-0.3649604,0.29136345
2018-08-13,-1.0563372,-0.4941423,-0.08236703,-0.42882168,-0.6557901,-0.69658655,0.29726008
2018-08-14,0.16584794,-0.21752052,-0.08492874,-0.2570891,0.3240654,-0.06960323,-0.16132398
2018-08-15,-1.0629302,-0.6436071,-0.2563907,-0.94340974,-0.75385857,-1.8697948,0.33039623
2018-08-16,0.84793067,0.38662535,0.10872661,0.2522379,0.81530905,1.1790378,-0.28844804
2018-08-17,-0.032095768,-0.14099143,0.023399448,-0.08615685,0.028095905,0.25996968,0.13766757
2018-08-20,0.02912072,0.5124083,0.07778967,0.46814004,-0.22362012,0.46783367,0.01261215
2018-08-21,-0.016051115,0.21222568,0.18211946,0.46072546,-0.16019401,0.47510144,0.06330692
2018-08-22,-0.5332795,0.28560004,-0.09487,0.1992972,-0.65424794,0.37850958,-0.047889225
2018-08-23,-0.69571084,-0.10954419,-0.15920758,-0.2337282,-0.6432851,-0.49721843,0.15268758
2018-08-24,0.5450166,0.5958723,0.113442466,0.49570942,0.38540533,0.9319968,-0.28228354
2018-08-28,-0.09408259,0.43270645,0.17573464,0.75427693,-0.37790373,0.2855982,0.12802632
2018-08-29,-0.1903411,-0.33041525,-0.22053222,-0.49181473,0.2449577,0.26674342,-0.03987107
2018-08-30,-0.6106154,-0.4199726,-0.06512321,-0.5044285,-0.40851587,-0.16607891,0.008864268
2018-08-31,0.029721912,-0.28465268,-0.22894225,-0.5711426,0.44965035,-0.27433208,-0.22065613
2018-09-04,-0.54646915,-0.79927623,0.044488326,-0.4221061,-0.35330424,-0.8494794,0.2648294
2018-09-05,0.2037062,0.105848975,0.10704158,0.4234324,0.18211982,-0.41276833,0.13323183
2018-09-06,0.0849195,0.20333287,0.20225196,0.43710652,-0.06664126,-0.3069169,0.30024758
2018-09-07,-0.21342608,-0.34580928,-0.06492792,-0.17976364,0.10133848,0.046421167,-0.107948974
2018-09-10,0.23837733,-0.1219897,-0.06914453,-0.09629412,0.37725598,0.35568637,-0.15030272
2018-09-11,-0.7622674,-0.1871031,-0.06057812,-0.3693306,-0.7002452,0.0013232277,0.1303894
2018-09-12,0.29603255,0.5576381,0.30353072,0.753713,0.07920644,0.8167415,0.027769819
2018-09-13,-0.061182547,0.19266285,0.0747736,0.337466,-0.23939279,-0.8255217,0.33553675
2018-09-14,-0.21682896,-0.42088374,0.05924597,-0.18197043,-0.31726253,-0.38871598,0.24513248
2018-09-17,0.37144077,-0.051454283,-0.23503888,-0.60283387,0.51459676,-0.059406564,-0.13852759
2018-09-18,-0.10955624,0.42754427,0.12443335,0.49230042,-0.26433665,0.66164446,0.2961323
2018-09-19,0.6808997,0.0007407651,0.032244872,-0.052949198,0.7888093,0.795485,-0.35353985
2018-09-20,0.6476217,0.06588646,0.0071360194,0.0034668553,0.83493507,0.34034285,-0.16362281
2018-09-21,0.34606287,0.30676636,0.07322525,0.3698648,0.2927803,0.9023975,-0.06022044
2018-09-25,-0.656436,-0.22301035,-0.07631809,-0.248001,-0.42157063,0.91576785,-0.14005056
2018-09-26,-0.04244395,-0.12373063,0.13709135,0.1404841,-0.1287901,-0.20778264,0.2573878
2018-09-27,-0.5697454,-0.49719048,-0.15489724,-0.68774295,-0.08899548,-0.10657833,-0.06460744
2018-09-28,0.3818255,0.50071275,0.20503594,0.8326526,0.19177844,0.82951134,-0.23182546
2018-10-08,0.14520207,-0.66144615,-0.03958487,-0.4566412,0.8712788,0.972861,-0.6219006
2018-10-09,0.26358342,0.37724945,0.11655524,0.4302662,0.030102272,0.55653685,0.065013535
2018-10-10,-0.1798445,-0.062051103,-0.022211434,0.042776637,-0.23860382,-1.2331935,0.30304268
2018-10-11,1.1484123,0.60176593,0.21025053,0.387914,0.87645453,-0.57379335,-0.13586226
2018-10-12,0.38741568,-0.17999046,-0.12959044,-0.22853623,0.6233662,0.2019993,-0.3122475
2018-10-15,0.51009005,-0.0011885987,-0.18113336,-0.7320195,0.5863842,-0.052552383,-0.49044016
2018-10-16,-0.2747946,0.17026722,-0.03366748,0.13499317,-0.36640677,0.070740804,0.07445456
2018-10-17,0.20824865,-0.05261258,0.080092974,0.121718295,0.22917679,-0.5450801,0.07043537
2018-10-18,-0.18957745,0.029473279,-0.007076755,0.16864377,-0.45834953,-0.7853497,0.14634226
2018-10-19,-0.16013022,0.030395536,0.019483631,-0.016371323,-0.18122852,0.17716706,0.0906064
2018-10-22,-0.188171,0.18252186,-0.045818705,-0.14260034,-0.32357147,-0.025508152,-0.05238745
2018-10-23,0.7393077,0.221441,0.15939353,0.3760341,0.48907578,-1.1086959,0.17851949
2018-10-24,-0.41920593,-0.16469894,0.051658984,0.15049493,-0.22443235,-0.27412182,0.26280022
2018-10-25,-0.404043,0.0022064634,0.072632164,0.14007567,-0.5027328,-0.0039310115,0.15079963
2018-10-26,0.1783683,-0.05973747,-0.13992843,-0.3348249,0.304899,0.23979804,-0.26395664
2018-10-29,-0.46312827,-0.009124306,-0.027406305,-0.10345538,-0.5704624,-0.58026177,0.36782473
2018-10-30,-0.104723126,-0.20869133,-0.00371071,0.005769538,-0.2166941,-0.966326,0.2241654
2018-10-31,-0.2690528,-0.414675,0.03920739,-0.2940456,-0.115499035,-0.42570898,0.19941805
2018-11-01,1.4948726,0.46551225,0.27048638,0.3799716,1.3166244,0.10999508,-0.2719058
2018-11-02,0.45947266,0.16476755,0.07851658,0.15901257,0.51634806,0.31684127,0.042327214
2018-11-05,-0.51602656,-0.19575873,-0.1768268,-0.3034373,-0.4005771,-0.30469123,0.15867376
2018-11-06,-0.18076247,-0.031089569,-0.08310181,-0.32016814,-0.33640957,-0.7135899,0.16654468
2018-11-07,0.11068608,-0.08530524,0.08929641,0.24618034,0.24482177,0.43274266,-0.018071355
2018-11-08,0.11369537,0.07689036,0.03273264,0.25305516,-0.042936474,-0.52924603,0.17261347
2018-11-09,-0.83946913,-0.24177471,-0.15434788,-0.38787636,-0.66088766,-0.86973286,0.4134854
2018-11-12,-0.3911292,-0.2609228,-0.04273661,-0.24192588,-0.22298068,-0.2751096,0.10315704
2018-11-13,0.26703486,0.2107962,0.23454699,0.5707562,-0.15007459,-1.8506172,0.66396666
2018-11-14,-0.058565818,0.055483345,0.054790195,0.07210499,0.0948553,0.76410663,0.10850833
2018-11-15,0.57131726,0.47268724,0.14052418,0.23186338,0.31812277,0.046874586,-0.26848003
2018-11-16,0.30059785,0.26655158,0.14895035,0.45745873,0.32588592,0.54671574,0.110082716
2018-11-19,-0.21767665,0.06610825,0.10390874,0.29609185,-0.2922034,0.13368736,0.25258526
2018-11-20,0.2831924,0.008042032,-0.007545374,-0.06842854,0.031296548,-2.0603027,0.33567053
2018-11-21,0.31861272,0.31859252,0.024299636,0.12160364,0.2388912,0.49248335,-0.2700987
2018-11-23,0.19923815,0.046755526,0.16342609,0.27728632,-0.25570223,-2.4316387,0.6194274
2018-11-26,-0.5087718,-0.017359724,-0.13695702,-0.30729872,-0.6460672,0.3494166,-0.14900705
2018-11-27,-0.3707953,-0.59868586,-0.028384924,-0.4377971,-0.104357734,-0.5925449,0.08770851
2018-11-28,0.79896116,0.21871606,0.15439068,0.26073664,1.0320234,0.2528039,0.098317444
2018-11-29,-0.2843809,0.0118698,-0.0859622,-0.027039964,-0.2564477,0.36443138,-0.046737228
2018-11-30,0.22304358,0.09761121,-0.22946948,-0.35453147,0.2509628,-0.113972805,-0.16620591
2018-12-03,0.32534277,0.2635676,-0.0029070994,0.095317006,0.3504732,1.4696606,-0.53745884
2018-12-04,-0.08778249,-0.15124276,-0.03953264,-0.17037393,0.011096016,0.22785482,-0.1421436
2018-12-05,-0.00986672,0.06518081,0.100233205,0.24712177,-0.12296205,0.066880286,0.14930859
2018-12-06,-0.16328429,-0.09980607,0.011018171,-0.08445983,-0.22768445,-1.5750908,0.3036231
2018-12-07,0.051458716,0.035554763,-0.07332041,-0.22952929,0.18050274,1.343322,-0.37198249
2018-12-10,0.064771436,-0.2454429,0.03572654,0.029672325,-0.03837404,-1.3086425,0.35682133
2018-12-11,-0.013724776,0.24129862,0.033573166,-0.01382698,-0.06282957,0.3094586,-0.038255893
2018-12-12,0.5997105,0.10858578,0.060627475,0.025232138,0.50485885,-0.06372518,-0.13549326
2018-12-13,-0.40087342,-0.2251127,-0.137904,-0.3312536,-0.24774007,0.35751593,-0.06814993
2018-12-14,-0.07582176,-0.17386372,0.015653268,0.047523927,-0.19597077,-0.9896266,0.24664538
2018-12-17,0.80311704,0.27043977,-0.0924421,0.11650683,0.94862694,-0.294749,-0.17499074
2018-12-18,0.30194786,-0.15716697,0.09383867,-0.053928893,-0.01207393,-1.9549506,0.43180403
2018-12-19,-0.06316359,0.0131123355,0.110658996,0.13555318,0.04564868,0.8947512,-0.112405375
2018-12-20,0.5099926,0.24677008,0.11780284,0.31414986,0.15417592,-1.5068921,0.26238155
2018-12-21,-0.43143114,-0.17069685,-0.07655151,-0.12258696,-0.42082727,-0.67637926,0.35535404
2018-12-24,0.73771596,0.2458008,0.15917346,0.2571408,0.4008728,-1.5949169,0.06956006
2018-12-27,-0.22629648,0.16699293,0.1563971,0.17532443,-0.42308736,0.59151655,0.21920618
2018-12-28,0.2655487,-0.012490059,-0.027472693,-0.30689713,0.36738893,-0.15473741,-0.21883842
2019-01-02,-0.273775,-0.1328543,0.0028092992,-0.32008627,-0.24235693,0.5499936,-0.19011258
2019-01-03,0.15907864,-0.25430682,-0.2175387,-0.31590348,0.4667285,0.35772437,-0.43542317
2019-01-04,0.36098677,0.3063274,0.01644322,0.2329758,0.40464577,1.5108806,-0.13461626
2019-01-07,0.15693717,-0.035018343,0.03131508,0.10148582,0.24726303,0.5132003,-0.24452575
2019-01-08,-0.40603974,-0.31104234,-0.008229184,-0.2919432,-0.14595753,0.61935854,-0.015352214
2019-01-09,-0.3631341,-0.11559839,-0.09578287,-0.2843039,-0.10868004,1.4386563,-0.33111188
2019-01-10,-0.5281104,-0.06961291,-0.015868468,0.10479193,-0.5973951,-0.2168829,0.20423193
2019-01-11,0.34692582,0.13226692,0.08617132,0.0060111415,0.2159261,-0.16286178,0.095601365
2019-01-14,-0.11373974,-0.13705191,0.11064664,0.21160723,-0.2239254,-0.64297956,0.39725965
2019-01-15,-0.39588133,-0.05179115,-0.073449336,0.029831091,-0.18513945,0.6631118,-0.093153365
2019-01-16,0.21350135,0.07798382,0.080816135,0.19164436,0.16191597,0.705522,-0.1901652
2019-01-17,0.32978955,0.01213042,-0.04326668,-0.10983863,0.36948964,0.31446353,-0.12857196
2019-01-18,-0.28181103,-0.13249542,-0.10537023,-0.3137797,0.049322177,1.1068869,-0.13654965
2019-01-22,0.05058792,-0.054479178,-0.10572401,0.0009960893,0.0055203806,-1.2287203,-0.008502368
2019-01-23,0.41420168,0.18703325,-0.03457825,0.03247625,0.3476407,0.16764134,-0.17359671
2019-01-24,-0.06742122,-0.13656352,0.05796962,0.01115447,-0.07322005,0.11959999,0.14586268
2019-01-25,0.7343411,0.6243921,0.17735085,0.45484784,0.4623914,0.94902086,-0.17789893
2019-01-28,0.35010353,0.068141334,0.054419708,-0.023263684,0.08782542,-1.4240382,0.076297194
2019-01-29,-0.23180382,0.22181074,-0.0060225655,0.12829752,-0.21111198,1.0045625,-0.022423714
2019-01-30,0.22680382,0.12681456,0.022525424,0.1802344,0.26824105,0.8410535,-0.030739117
2019-01-31,0.4135392,0.42601562,0.11035035,0.3626304,0.13311343,-0.039632406,-0.028579859
2019-02-01,-0.16281745,0.067053124,-0.12515344,-0.42666,-0.1965116,0.41039738,-0.11297091
2019-02-11,-0.82274926,-0.37340182,0.062015317,-0.008357656,-0.5416009,-1.2943895,0.38045198
2019-02-12,-0.055431943,-0.22015905,-0.12743452,-0.4581404,0.28182504,0.10595865,-0.08665921
2019-02-13,-0.31953013,-0.007445503,-0.07450028,-0.16552162,-0.27231416,0.4555988,-0.09419588
2019-02-14,-0.67599815,-0.06695511,0.041675583,-0.004624653,-0.6986514,0.15049385,0.12764026
2019-02-15,0.18489589,0.19752274,0.14099047,0.37161243,0.2705857,1.472289,-0.22559632
2019-02-19,0.40210506,0.7871676,0.2422837,0.7987384,-0.06041468,0.4070645,0.055851147
2019-02-20,0.22287774,0.36779654,0.07852693,0.23040168,0.05081113,0.8180877,-0.17515352
2019-02-21,-0.4959626,-0.59282273,-0.13662568,-0.29597744,-0.04324284,0.40642303,-0.07268956
2019-02-22,0.49547654,0.38854548,0.07468197,0.28183776,0.39202797,0.5283417,-0.017084457
2019-02-25,0.13419116,0.20842655,0.16833568,0.46873575,-0.21083935,-1.2422233,0.508001
2019-02-26,-0.4145552,0.16633438,0.123951465,0.320877,-0.60256106,0.26855293,0.12215178
2019-02-27,-0.21365908,-0.074384086,-0.0762224,-0.063607745,-0.15101312,0.7942763,-0.24283433
2019-02-28,-0.10957616,-0.08673384,0.021685248,0.08205644,-0.18432836,0.120525956,0.13558859
2019-03-01,-0.41174427,-0.4222806,-0.07475725,-0.22754197,-0.20639592,-0.08759344,0.12230751
2019-03-04,-0.8879416,-0.41207802,-0.043699604,-0.37673855,-0.69885135,-0.07960955,0.23420571
2019-03-05,0.33107623,-0.053607333,0.036770646,0.02732549,0.29634544,0.49460614,-0.07654962
2019-03-06,-0.42589402,0.00054867705,0.13248146,0.2661879,-0.65079194,-0.3858619,0.22411741
2019-03-07,-0.6974251,-0.089252636,0.027418703,-0.033358295,-0.567064,-0.32287773,0.20283817
2019-03-08,0.522181,0.22573228,-0.004662367,0.119445264,0.48643497,-0.33926725,-0.14594042
2019-03-11,-0.46274748,-0.03934995,0.11790617,0.16494694,-0.46198758,0.07646902,0.14172833
2019-03-12,0.88146496,0.4234542,-0.05985504,0.19180968,0.7601827,0.80088323,-0.3772056
2019-03-13,0.18463345,0.14054425,0.015375146,0.2635002,0.1838308,0.7045967,-0.1565664
2019-03-14,-0.6047101,-0.5222225,-0.19676983,-0.50857866,-0.13920629,-0.36525828,0.18679678
2019-03-15,0.7533732,-0.21571408,0.046641134,-0.29566774,0.8987292,0.2331116,-0.31999162
2019-03-18,-0.19222406,0.07968993,-0.049178854,0.14353994,-0.035621718,0.25484034,0.045906633
2019-03-19,0.2811624,0.29028764,0.041760642,0.34117132,0.13384902,0.49963176,-0.09343712
2019-03-20,-0.007117597,-0.21257022,0.03389167,-0.054753162,0.10510947,0.6322412,-0.06264136
2019-03-21,0.23214059,-0.24726033,0.111338705,-0.01540459,0.23777474,-0.24759398,0.09458233
2019-03-22,-0.07275956,-0.1312441,-0.07265525,-0.04403262,-0.11190286,-0.91501343,0.029883403
2019-03-25,0.33654657,0.22385891,0.05491316,0.04745412,0.19761278,0.35111335,-0.13673554
2019-03-26,-0.28433436,0.035894904,-0.028639624,0.048839197,-0.28766915,0.3575217,0.028298924
2019-03-27,-0.16500953,0.06355808,-0.02498685,0.31281263,-0.18501948,-0.3083433,0.1625098
2019-03-28,-0.6560149,-0.36178103,-0.10043918,-0.3946327,-0.39848194,-0.5519765,0.2759292
2019-03-29,-0.024146447,0.64839846,0.21256867,0.66172665,-0.4383953,0.50908566,0.18704325
2019-04-01,0.1771778,-0.07557186,-0.05849712,-0.3797535,0.32027408,0.085337795,-0.14878483
2019-04-02,-0.27318645,-0.31644812,-0.02327179,-0.28260013,-0.060733233,0.22480944,-0.07426406
2019-04-03,0.512875,0.2195413,0.105287634,0.2870486,0.3779244,0.41519442,0.016906625
2019-04-04,0.35499,-0.2328202,0.0023690914,-0.16809975,0.50572693,0.101320714,-0.19300058
2019-04-08,-0.4094693,0.2983783,0.082823105,0.23038903,-0.6136736,0.7710751,0.107554674
2019-04-09,-0.0646624,-0.11795952,0.013018278,0.013501274,0.06613173,-0.24175456,0.023640826
2019-04-10,-0.05658514,0.044466008,-0.0627061,-0.18582515,0.04574,0.6125398,-0.153911
2019-04-11,-0.6765539,-0.28035915,-0.1880903,-0.33990097,-0.5360158,-0.7445472,0.35242295
2019-04-12,0.3009313,0.30857468,0.08568833,0.24048272,0.17410555,0.7080786,-0.13184854
2019-04-15,-0.09476248,-0.2813059,0.17251742,0.34095445,0.1145563,-0.26450402,0.2369202
2019-04-16,-0.80444896,-0.41456383,-0.036482707,-0.32340562,-0.6630526,-0.16456164,0.15823741
2019-04-17,-0.043511,0.29995385,0.053041045,0.2359703,-0.28645143,-0.04071265,0.15716083
2019-04-18,0.016137322,-0.4334844,-0.059361864,-0.25038287,0.37031636,0.15580036,-0.23150927
2019-04-23,-1.0243489,-0.21448778,-0.11682787,-0.3138977,-0.9232402,0.24231231,0.05838012
2019-04-24,-0.12493708,0.28779167,0.15090226,0.5440896,-0.22411275,-0.2301518,0.37022984
2019-04-25,-0.06007968,-0.08874478,-0.050842654,-0.12205772,-0.13090797,-0.29272574,0.064538665
2019-04-26,0.6270455,0.40220228,0.1661295,0.38538298,0.2772463,-0.73905736,0.1484274
2019-04-29,-0.34215918,0.07050822,0.08893665,0.17062385,-0.6163911,-0.029795187,0.31983083
2019-04-30,-0.24522246,0.037055872,-0.022036565,-0.1696231,-0.20670538,0.17499344,-0.11532545
2019-05-07,-0.18079317,0.1041531,-0.2802998,-0.19789608,-0.41101867,-2.0217123,0.25694597
2019-05-08,-0.5996131,-0.2566407,-0.038257748,-0.24801666,-0.48221433,-0.015341294,0.19897604
2019-05-09,-0.38457024,-0.098954886,0.10673755,0.23416965,-0.40426582,-0.6359849,0.29517195
2019-05-10,0.0051702294,0.23939069,0.12322398,0.4170329,-0.16978684,0.14222646,0.10935208
2019-05-13,0.16128097,-0.07474273,-0.25999463,-0.44196418,0.32247117,-0.6546536,-0.14211158
2019-05-14,0.41968685,-0.19791284,-0.18691687,-0.51022226,0.82602566,0.609579,-0.45779538
2019-05-15,0.14416422,-0.17716484,0.071351096,-0.0019690555,0.42446426,0.8874495,-0.19936536
2019-05-16,-0.278675,-0.43276858,-0.19735885,-0.6346643,0.14413016,0.7484779,-0.22029755
2019-05-17,-0.50040686,-0.31818295,-0.03491489,-0.19741203,-0.5599869,-0.85392237,0.3185328
2019-05-20,0.46440592,-0.18224785,-0.121780895,-0.53971136,0.6241659,-0.14208652,-0.098732606
2019-05-21,0.09962583,-0.32534057,-0.072741,-0.13967146,0.23289953,-0.089538,-0.107722856
2019-05-22,0.039554406,-0.08183238,0.017507989,-0.07957797,-0.012141088,-1.0263736,0.13773364
2019-05-23,0.4810233,0.3603724,0.15476665,0.63239884,0.14995266,-1.4578478,0.3048951
2019-05-24,0.6047558,0.12652251,-0.19065507,-0.43025425,0.6098497,0.65638274,-0.40410322
2019-05-28,0.14783335,-0.368666,-0.22374856,-0.8815504,0.6311978,0.5179257,-0.49650916
2019-05-29,0.124667756,-0.48181367,0.19115797,0.032222122,0.46229663,-0.18033929,0.38269433
2019-05-30,1.0731834,-0.053696137,-0.14558968,-0.3084023,1.1301267,-0.6149978,-0.23013838
2019-05-31,0.4505095,0.45140967,0.04332291,0.38906655,0.12966225,-1.5736006,0.10740589
2019-06-03,0.99592996,0.4571313,0.05736499,0.020428076,0.68026936,-0.9548742,-0.029215602
2019-06-04,-0.115301095,-0.076190084,0.11655848,0.22001083,0.037853114,0.2116657,0.029363161
2019-06-05,-0.40156054,0.1457466,0.066040695,0.4444125,-0.7341714,-1.5482684,0.5334974
2019-06-06,0.4787128,0.042732295,-0.052511863,-0.107315294,0.6269606,0.7210955,-0.37543643
2019-06-10,-0.8397758,-0.18304072,0.013124422,-0.1003278,-0.7847105,0.19468603,0.2952114
2019-06-11,0.393212,0.10938584,-0.06416331,-0.08759418,0.42242637,0.48369977,-0.16403234
2019-06-12,0.7266543,0.018546121,-0.014748315,-0.057561215,0.7865822,-0.7409654,-0.09411207
2019-06-13,0.16125408,-0.093750626,-0.17073327,-0.48629916,0.4573113,0.5505235,-0.38668466
2019-06-14,-0.13581482,-0.28206006,-0.14788876,-0.56126606,0.09785269,0.04808681,-0.0757742
2019-06-17,0.2484369,-0.122836046,0.19051687,0.1838567,0.31101793,-0.22741695,0.0954149
2019-06-18,-0.03440771,0.4526961,0.012283024,0.32683775,-0.084187165,0.8942227,-0.036618933
2019-06-19,-0.21335223,-0.046676423,0.023867205,0.19603585,-0.25022653,-0.2554386,0.20975544
2019-06-20,0.67983365,0.37442508,0.014843918,-0.10687309,0.6653845,1.2925829,-0.5259884
2019-06-21,-0.8200579,0.056486666,-0.081823625,-0.10767398,-0.83631676,0.011136502,0.16510965
2019-06-24,0.73316956,0.30794427,-0.09820752,-0.048754394,0.61678445,0.32866153,-0.33565155
2019-06-25,0.0884609,-0.05592719,0.101942345,0.28770605,0.11982563,0.60690063,-0.01275254
2019-06-26,-0.52165926,-0.19355269,-0.050494645,-0.28193313,-0.5141643,0.6982608,0.044724528
2019-06-27,-0.021592578,-0.16929367,0.060931046,-0.04400166,0.04469418,-0.24240796,0.20469621
2019-06-28,0.046719383,0.34104505,0.22124353,0.5703302,-0.21672575,-0.070340335,0.20369437
2019-07-01,-0.7963342,-0.113720156,-0.19637461,-0.26005122,-0.5657255,-0.900681,0.22049332
2019-07-02,0.28934446,0.27480993,0.15978374,0.59932256,-0.07566779,-1.3403162,0.3024317
2019-07-03,0.6543135,-0.17906095,-0.037229262,-0.3699726,0.9055764,0.92844677,-0.38476843
2019-07-05,-1.0503492,-0.58214986,-0.18989398,-0.5218198,-0.84277344,-0.19268647,0.23169786
2019-07-08,0.21233407,0.18769649,-0.11682067,-0.13842508,0.20639497,-0.13433823,-0.051078465
2019-07-09,-0.19932131,-0.15574427,0.017594412,-0.020434225,-0.022670988,-0.046211246,0.00014171225
2019-07-10,0.17358407,0.40418795,-0.019039428,0.12984718,0.149514,1.9621217,-0.4184251
2019-07-11,0.48296422,-0.20653729,-0.12925284,-0.5015509,0.5514849,-0.1331403,-0.15421
2019-07-12,0.28884307,0.16992296,0.08033014,0.07407479,0.16232336,0.32618493,-0.046206012
2019-07-15,0.2849579,0.17685376,0.27378884,0.862846,-0.010195697,-0.027916297,0.17846102
2019-07-16,0.25871497,0.4143346,0.17679007,0.8512101,-0.0034179634,-0.65092355,0.30367854
2019-07-17,0.43045208,0.26385474,0.19100305,0.5520375,0.18323682,-0.29570755,0.13800327
2019-07-18,0.26479277,0.36755455,0.18361053,0.6196679,-0.0652974,-0.871369,0.32607478
2019-07-19,0.16728927,-0.112585075,-0.07435037,-0.5429255,0.40495408,0.5352249,-0.25212038
2019-07-22,-0.48625696,-0.013358467,0.10274606,0.05305048,-0.66292745,-0.20072958,0.16766104
2019-07-23,-0.03235175,-0.089904495,-0.07936889,-0.06468191,0.1916751,0.46976948,-0.2949185
2019-07-24,0.61134076,0.29511952,0.07428743,0.22467187,0.44500026,0.2931741,-0.120031774
2019-07-25,-0.68876123,-0.24632494,-0.092106245,-0.21530466,-0.4817355,-0.26472384,0.20603411
2019-07-26,-0.070700124,0.09055409,0.019938776,0.01339426,-0.16399308,-0.30090886,0.055010356
2019-07-29,0.48775715,0.33137375,-0.029754987,-0.05829975,0.37338278,0.3456186,-0.17004496
2019-07-30,-0.3328963,0.11191743,-0.07393678,-0.08363592,-0.35540286,0.1191199,-0.08533856
2019-07-31,-0.49139938,0.2602847,-0.050913848,0.17332873,-0.8662056,-0.04532319,-0.14174859
2019-08-01,-0.015663885,-0.026299568,0.1753516,0.38797364,-0.47873583,-2.3538911,0.75215673
2019-08-02,0.03229776,-0.3146781,-0.24284604,-0.64485496,0.33145288,-0.10746891,-0.39441884
2019-08-05,0.6673869,0.3102357,0.05873706,0.21145661,0.30247846,-1.1260055,0.11516947
2019-08-06,0.15927333,0.1893562,0.14906807,0.3625169,-0.070405126,-0.5527342,0.18698247
2019-08-07,1.1144768,0.6734272,0.20732008,0.47623417,0.6816371,-1.0614768,-0.010963354
2019-08-08,0.11323936,-0.063643835,-0.011834468,0.046873525,0.25770906,1.4756616,-0.20852543
2019-08-09,-0.55523634,-0.56651455,-0.049399704,-0.53500545,-0.01994545,0.5789213,-0.22755177
2019-08-12,-0.44149575,0.5453822,0.18750697,0.88437605,-0.9175638,-0.1839666,0.4980619
2019-08-13,-0.6833174,0.42868322,0.007654782,0.20737259,-0.56782633,1.2851589,-0.040357787
2019-08-14,0.29208615,0.2297778,-0.024360992,0.16091041,0.10395003,-1.3248862,0.32965145
2019-08-15,0.3171545,0.060127463,-0.04250917,-0.15630284,-0.08842715,-0.59194255,-0.082824335
2019-08-16,0.14839974,-0.021970555,-0.21493904,-0.518765,0.28044075,0.14384006,-0.25492093
2019-08-19,-0.69673336,-0.010695888,-0.02148892,0.08003136,-0.6633225,0.14900754,0.2997732
2019-08-20,-0.19431604,-0.10564748,0.1028875,0.106405176,-0.18302909,0.030265087,-0.015504814
2019-08-21,0.30493173,0.07657066,0.08045775,0.048588805,0.16826585,0.3932252,-0.24490717
2019-08-22,-0.015441005,-0.40918466,-0.055211794,-0.38748255,0.09461111,-0.62399846,0.04790059
2019-08-23,0.36983362,0.5328936,0.016915897,0.43346244,0.00920419,-0.80323863,0.03723088
2019-08-27,0.5501181,0.41543943,0.235434,0.49586898,0.31704494,0.31308886,0.01291443
2019-08-28,0.3215398,-0.102538295,0.11583524,-0.028734837,0.38592574,1.0105269,-0.014153194
2019-08-29,-0.17111117,0.10031069,0.05016022,0.19317627,-0.22748953,0.5257602,0.19874091
2019-08-30,0.42518005,0.09854545,0.07476338,0.30736732,0.069901325,-0.6581824,0.22081067
2019-09-03,0.70365566,0.8943542,0.1632072,0.95833665,0.320129,-0.85815364,0.30723548
2019-09-04,0.24660565,0.43301332,-0.010630823,0.12887138,0.21239853,1.838191,-0.38062882
2019-09-05,-1.0096663,-0.37449324,-0.24970278,-0.512674,-0.63605094,0.12465642,0.24327436
2019-09-06,-0.70378673,-0.14105032,-0.19693239,-0.24618405,-0.57507354,-0.1986913,0.18237111
2019-09-09,-0.27994406,-0.1406523,-0.09740158,-0.21799408,-0.16155173,0.6610394,-0.0505083
2019-09-10,0.13145284,-0.45563033,0.0027870513,-0.26814204,0.44393596,0.38608316,-0.23677725
2019-09-11,0.32310003,0.0036528974,0.09018794,0.15396507,0.15884486,-0.67854273,0.043124385
2019-09-12,0.69461083,-0.06566501,0.14093661,-0.1207269,0.70571584,0.30027995,-0.06510104
2019-09-16,-0.7679452,-0.35749635,-0.3273751,-1.0039169,-0.048963208,2.5482986,-0.9013275
2019-09-17,0.2993372,0.34802723,0.14655155,0.54573745,-0.06395799,-1.7579759,0.4752576
2019-09-18,0.14571726,-0.21012668,-0.07824971,-0.26705742,0.20085971,-0.6737728,0.051426977
2019-09-19,-0.15155151,-0.10027113,-0.12900005,-0.27069476,0.016132781,0.3469256,-0.22388348
2019-09-20,0.060529098,0.14168021,0.07345571,0.3151217,-0.17719996,-0.27958858,0.14033218
2019-09-23,0.76363105,0.2276804,0.18658778,0.2813756,0.6730285,0.46306786,-0.31626445
2019-09-24,0.20217024,-0.124962956,0.07505943,-0.058183905,0.25767365,-0.83590776,0.12926708
2019-09-25,-0.49322656,-0.7027227,0.03648043,-0.13943776,-0.06553047,-0.367675,0.5582382
2019-09-26,-0.057633128,-0.06586418,-0.032655813,-0.08085913,-0.114275895,-0.06518779,0.012643026
2019-09-27,-0.10195899,-0.06601722,0.15650615,0.1636653,-0.23653327,-0.018079678,0.23185576
2019-10-08,0.7406925,-0.45755735,-0.18900084,-0.75966,1.1600345,-0.8617251,-0.35414937
2019-10-09,0.13425966,0.049072657,0.083045125,0.09700954,0.06992993,0.26548856,-0.06361416
2019-10-10,-0.2581389,0.37979743,0.18666969,0.5524963,-0.5802234,0.63669837,0.23354055
2019-10-11,0.19104703,-0.30651268,-0.14696006,-0.8081966,0.45030642,0.62451774,-0.4307342
2019-10-14,0.30831602,-0.017756741,0.019259457,-0.12068426,0.455789,-0.8636521,0.061383087
2019-10-15,-0.2695031,-0.32549503,0.13872392,0.39788616,-0.087404996,0.26957577,0.23127507
2019-10-16,-0.16497883,-0.07140792,-0.028553491,-0.10531933,-0.23269439,0.178643,-0.20662695
2019-10-17,0.22409602,0.16320638,-0.09569522,-0.22980022,0.1726117,0.12288152,-0.17851491
2019-10-18,0.0998727,0.08721617,0.023360394,0.10608775,0.16782066,0.2085869,0.039651904
2019-10-21,-0.08986745,0.06395146,0.056028474,0.099783905,-0.09870606,-0.4341662,0.18742631
2019-10-22,-0.0787786,-0.16250366,0.07420257,-0.03173887,-0.17235866,0.36294496,-0.056785453
2019-10-23,0.15046884,0.32028556,0.0115673505,0.15165646,0.059339307,0.8868342,-0.060697403
2019-10-24,0.13088833,0.18030173,0.07046127,0.16226034,0.058154143,0.56425875,-0.13737693
2019-10-25,0.1672161,-0.07992623,0.06844875,0.15708609,0.10758837,0.20746675,-0.029857429
2019-10-28,-0.19614796,-0.09283955,0.086815365,0.17538841,-0.0979102,-0.19718158,0.20711662
2019-10-29,-0.0046162033,0.024197634,-0.0097460225,0.118075065,-0.046915404,0.24651681,0.07841674
2019-10-30,0.42048317,0.018335236,0.0977686,0.25799134,0.30836254,-0.29599255,0.0582305
2019-10-31,0.4152602,0.07306734,-0.037224054,0.058954887,0.37799388,-0.93837833,0.020808414
2019-11-01,0.17972691,-0.22279829,0.055410124,-0.09109199,0.29475072,1.3418925,-0.27162164
2019-11-04,-0.4002438,0.014896071,0.010543372,0.09891656,-0.17869404,0.525416,-0.03288254
2019-11-05,-0.72116274,-0.6036386,-0.12680133,-0.45564836,-0.20820321,0.16063178,0.20822155
2019-11-06,0.24068671,-0.033691745,0.029785587,0.08397387,0.07652939,-0.82660574,0.17199439
2019-11-07,-0.70510477,-0.25328332,-0.054212213,-0.29156652,-0.5134061,0.13135174,0.2621005
2019-11-08,-0.40390047,-0.43490708,-0.093156405,-0.2434689,-0.20051792,-0.31764993,0.012820507
2019-11-11,-0.45691675,-0.059775185,-0.043414734,-0.23356448,-0.5272434,-0.6970755,0.12518781
2019-11-12,0.053104613,-0.26015207,-0.15561108,-0.44286507,0.2001422,-0.20613383,-0.053918697
2019-11-13,-0.16641535,0.08215857,0.012466469,0.023710627,-0.13619368,-0.37529114,-0.02403084
2019-11-14,0.098374255,-0.14462154,0.117414646,0.064151585,0.07193966,-0.1340647,0.05616418
2019-11-15,-0.35041484,0.09603332,-0.0028140193,-0.03864856,-0.2815972,0.52511644,-0.00085207395
2019-11-18,0.0835887,-0.016243564,0.008341839,-0.0014662909,-0.018809425,-0.9645714,0.17149359
2019-11-19,0.5527287,0.35809517,0.06937799,0.17018662,0.38654792,-0.5420268,0.0435449
2019-11-20,-0.3904823,-0.34762877,-0.11523036,-0.43478665,-0.031390853,0.6659855,-0.20336127
2019-11-21,-0.56865144,-0.40495774,-0.12190024,-0.51554805,-0.32539895,0.45461667,-0.10325401
2019-11-22,0.020511387,-0.088281736,0.046299372,0.22897571,0.10662415,0.067282006,0.11066526
2019-11-25,0.08980968,-0.33625427,-0.09738422,-0.35490006,0.2712015,-0.024797516,-0.10681912
2019-11-26,-0.0032191016,0.32481393,0.10344141,0.4436927,-0.21928519,0.5518052,-0.04258813
2019-11-27,-0.3105172,-0.028436678,-0.016529791,0.04448014,-0.34866026,-0.33164418,-0.15301529
2019-11-29,0.72901255,0.03299023,-0.096963875,-0.16900419,0.65250593,-1.274225,-0.23185995
2019-12-02,-0.089161344,-0.13894702,-0.12763755,-0.22991827,-0.055620804,-0.35556465,0.081083044
2019-12-03,0.056838226,0.03946673,0.18489102,0.28176722,0.05361008,-0.35698768,0.15933545
2019-12-04,-0.6442321,-0.022082856,-0.1420485,-0.3343452,-0.37142146,0.9427044,-0.18294375
2019-12-05,0.011499794,-0.11756013,0.14172074,0.081833534,0.028054783,0.2572053,0.012698252
2019-12-06,-0.37623098,-0.22971204,0.0016442006,-0.1284384,-0.17223488,0.8147849,-0.011562553
2019-12-09,0.18845443,-0.040631328,0.09179836,-0.027872015,0.26763013,0.060222875,-0.10245317
2019-12-10,0.37214205,-0.055747956,0.06687375,0.014307213,0.4235851,0.4279775,-0.060026944
2019-12-11,0.47022083,0.38567466,0.18941064,0.5526789,0.12892143,-0.23010777,0.21998468
2019-12-12,0.5608451,-0.065756515,-0.07827405,-0.13617039,0.7391707,0.8345999,-0.3465352
2019-12-13,-0.32689998,0.0748987,-0.061352022,-0.23849434,-0.23068428,0.5125087,-0.14232437
2019-12-16,0.90972394,-0.12823151,0.039206415,-0.2685892,1.2020857,0.9518387,-0.48294884
2019-12-17,-0.26354012,-0.13775559,-0.09118884,-0.45517382,-0.08993885,0.28307164,-0.20238061
2019-12-18,-0.042856507,0.06849261,0.04420395,0.23998372,-0.051461104,-0.07964611,0.1391208
2019-12-19,0.07006102,0.3065991,0.022801943,0.33415285,-0.04325719,0.5941408,-0.109350055
2019-12-20,0.0848428,-0.23546556,0.0077804606,-0.04346687,0.15247329,-0.060822822,-0.028774621
2019-12-23,0.2674264,0.28269938,0.032270744,0.13651009,0.12877774,-0.10220323,-0.10116436
2019-12-24,0.3518283,0.12702924,0.076197125,0.17155531,0.36128083,0.50905746,-0.19494927
2019-12-27,0.49638698,0.050830226,-0.117453426,-0.1301756,0.5735188,0.7365657,-0.58301675
2019-12-30,0.2798084,0.040924083,0.085928924,0.22261253,0.2772385,0.24706085,-0.023513535
2019-12-31,0.20509636,-0.029677415,-0.029363664,-0.20398411,0.084148765,-0.990088,0.19593212
2020-01-02,0.31786516,0.31962323,0.08737923,0.18118377,0.0809346,0.3811673,-0.06621922
2020-01-03,-0.44405115,0.19463982,-0.10987965,0.08908863,-0.43261614,0.44642654,-0.23680612
2020-01-06,0.06143594,0.10928886,0.068847835,0.24010482,-0.0066382745,-0.025242096,0.015510165
2020-01-07,0.3463276,0.18992534,0.12614758,0.3455837,0.19814876,-0.09772552,0.063056156
2020-01-08,0.33302012,0.18905078,0.07751643,0.28598198,0.080648944,-1.0750539,0.41075277
2020-01-09,-0.057749998,-0.12930019,-0.14438322,-0.268808,-0.011863816,-0.20570742,0.01733326
2020-01-10,0.49202943,0.1522395,0.0363948,0.07622569,0.4306535,0.15653397,-0.13546732
2020-01-13,-0.09729335,0.124196105,0.0063154907,0.18694767,-0.1755849,-0.5317349,0.25358823
2020-01-14,-0.17625503,-0.2599056,-0.049968176,-0.04396728,0.14230698,0.1994785,0.069102645
2020-01-15,0.6970956,0.46685904,0.15469958,0.46799582,0.317905,-0.17840557,-0.010162398
2020-01-16,-0.7296024,0.10408259,0.0020486065,0.194793,-0.7350087,-0.25428846,0.17315184
2020-01-17,0.81883633,0.05171044,-0.062193405,-0.1487638,0.81081945,0.1914798,-0.33901298
2020-01-21,-0.30291966,-0.08638971,-0.14324924,-0.06920904,-0.2936841,-0.7486369,0.028992413
2020-02-03,0.044701118,-0.2314729,0.20634641,-0.052605204,-0.88616526,-3.8039055,1.0370219
2020-02-04,-0.16627687,-0.17974043,-0.035889924,-0.18948676,0.0043116724,0.29422483,0.15818533
2020-02-05,0.12077185,0.21957432,-0.0039443057,0.24090421,0.13938582,1.5432372,-0.30939153
2020-02-06,-0.102451734,0.022266913,0.06262851,0.16255203,-0.014039351,0.17604098,-0.044327818
2020-02-07,-0.12041718,-0.441118,-0.06539767,-0.40851384,0.066640116,-0.6112874,-0.05023287
2020-02-10,0.40375236,0.13373193,0.021921398,-0.006302499,0.2473048,-0.79740596,0.056019396
2020-02-11,-0.13661884,0.07573381,-0.043154314,0.2022201,0.020982906,0.6056545,0.034185335
2020-02-12,-0.3295977,-0.09457901,-0.16823016,-0.52877766,-0.041161153,0.91438216,-0.30927685
2020-02-13,0.059820045,0.14315309,0.19249965,0.43628204,-0.14406066,0.44257957,0.09511742
2020-02-14,-0.18472864,-0.3447993,0.023720827,-0.26414368,-0.009383745,0.055069037,0.006740205
2020-02-18,0.6843138,0.14701131,0.10300115,0.39230916,0.8040735,0.48749027,-0.09897599
2020-02-19,-0.17399819,-0.018245598,0.046978455,0.01724124,-0.011975888,0.8872623,-0.13771115
2020-02-20,-0.45178452,0.10508482,-0.0599892,-0.011260722,-0.53662837,-0.3738121,0.077756174
2020-02-21,0.56142443,0.19662617,0.12220088,0.30636764,0.5311894,-0.18967539,-0.09197437
2020-02-24,0.1845855,0.4217096,0.044328786,0.41900158,-0.34604016,-1.9909126,0.44439903
2020-02-25,-0.5133699,-0.48195916,-0.10550499,-0.21549897,-0.26854628,-1.1859565,0.44585538
2020-02-26,0.116240315,-0.050230637,0.070491716,0.28855008,-0.036826216,-1.368569,0.56835514
2020-02-27,-0.08255123,0.22588186,-0.0020765574,0.071130954,-0.29397562,-1.6577114,0.33039498
2020-02-28,-1.2259457,-0.95899355,-0.31701106,-0.76876146,-0.5909869,-1.1245818,0.33597997
2020-03-02,0.30564076,0.24272223,-0.05523869,-0.07676462,0.32730636,1.762732,-0.39904904
2020-03-03,0.81233543,0.042840187,0.10209933,0.12284995,0.8194012,0.23473147,-0.34623724
2020-03-04,0.12278678,0.09462051,0.08571606,0.09458831,0.05666486,0.24153014,0.015714107
2020-03-05,0.19086625,0.60353714,0.07996023,0.66373944,-0.28536487,-0.826305,0.23988001
2020-03-06,0.6744404,0.4927921,0.18726553,0.4767093,-0.047459077,-2.7499192,0.67143893
2020-03-09,0.8018513,0.26905248,0.20586063,0.29908505,-0.34876144,-3.495049,0.68204623
2020-03-10,-0.70964813,-0.39514342,-0.16456747,-0.6204599,-0.040068347,2.016937,-0.27990684
2020-03-11,-0.20526463,0.10492057,-0.019901177,-0.017521296,-0.4673348,-1.2365748,0.36458167
2020-03-12,-0.9578112,-0.45801693,-0.071963966,-0.19667684,-1.131115,-2.9767675,0.9388842
2020-03-13,-1.2990835,-0.38793486,-0.48142266,-0.64912987,-1.0585734,-0.6516515,0.40794533
2020-03-16,-0.5626841,-0.46083128,0.11268851,0.24325046,-1.201741,-3.5322783,1.2688848
2020-03-17,0.1684926,-0.3486031,0.22003126,0.24676597,0.040419765,-1.1235343,0.11071014
2020-03-18,0.12940279,-0.22561924,0.11432202,-0.10344742,-0.3971111,-3.233776,0.60986626
2020-03-19,-0.5890375,-0.14439052,-0.22126824,-1.0571402,0.112258874,2.7071762,-0.6493779
2020-03-20,1.2360271,0.23449713,0.4069784,0.34452146,0.81177396,-1.1373713,0.1098633
2020-03-23,1.3439828,0.5400707,-0.00487289,0.17399614,0.9004912,-1.1125823,0.12669092
2020-03-24,1.4410689,0.8839639,0.24684142,0.57869196,1.1323757,2.0431566,-0.8232469
2020-03-25,0.12566034,-0.029124854,0.1246372,-0.23909283,0.1902535,1.6479504,-0.2811818
2020-03-26,0.13600868,0.44341043,0.013613697,0.36230657,-0.27383706,-1.5686396,0.18200529
2020-03-27,-0.34901437,0.24357598,-0.25924692,-0.4475415,-0.46302184,-0.6401614,0.06827605
2020-03-30,0.0631065,-0.13070978,0.009162488,-0.17830272,-0.29780477,-1.9831618,0.42981866
2020-03-31,0.017184857,-0.022198742,0.09612792,-0.1822407,-0.0909741,0.5167691,0.18698268
2020-04-01,-0.5311897,0.2928832,-0.092716135,0.3381578,-1.0396367,-1.9309748,0.7798058
2020-04-02,-0.5765451,0.5408507,-0.20175338,-0.24733022,-0.17658639,2.9049509,-0.831847
2020-04-03,-1.2291235,-0.051414084,-0.4097374,-0.63060236,-0.7823646,1.6753426,-0.42034382
2020-04-07,1.5593011,0.80871165,0.6002047,1.1029061,1.0810105,-0.18971813,-0.03136796
2020-04-08,-0.45745435,-0.448517,0.035606224,-0.42104667,-0.5085978,0.5290837,-0.07345493
2020-04-09,1.4270073,0.69193536,0.28419197,0.7151852,1.0884726,-0.40660334,-0.44952926
2020-04-14,0.7721395,1.0178688,0.24586941,1.2350456,0.26391715,-0.800798,0.07423569
2020-04-15,-0.21292566,-0.4090598,-0.084435165,-0.2218523,-0.21412742,-1.4428178,0.37387043
2020-04-16,-0.45251143,0.0672949,-0.21018267,-0.46820864,-0.5211988,0.10488386,-0.16883492
2020-04-17,-0.28306755,-0.13251013,0.021701336,0.034975108,-0.13726243,0.038856406,0.15520532
2020-04-22,-0.33067718,0.1810249,-0.23748049,-0.35962668,0.13880937,2.8585205,-0.6509629
2020-04-23,-0.4522292,-0.01319649,-0.1327484,-0.2423197,-0.10187446,2.10483,-0.111158215
2020-04-24,-0.260602,0.4313078,0.053530406,0.6675533,-0.62304455,-1.3033036,0.76923007
2020-04-27,0.48939934,0.41614673,0.26796967,0.6001228,0.024708362,-2.6026695,0.4432103
2020-04-28,0.0860482,-0.028271683,0.037064485,0.09350371,0.046228174,0.6699616,-0.3019867
2020-04-29,-0.94702166,-0.19646014,-0.14053434,-0.4625865,-0.19224508,2.7074487,-0.19190781
2020-04-30,-0.837285,-0.3660903,-0.20017435,-0.77580684,-0.13347317,2.5610635,-0.34578252
2020-05-06,-1.4766526,-0.6429534,-0.28164527,-0.8209677,-0.7605497,2.2111902,-0.3552525
2020-05-07,0.7649424,0.32019734,0.2875565,0.38721776,0.58350945,1.1002204,-0.47928962
2020-05-11,-0.008442736,-0.045143794,-0.32726246,-0.7510512,0.26739275,0.5216341,-0.4027505
2020-05-12,-0.027258307,-0.23917112,0.12988393,-0.05839528,-0.17458461,0.12692784,0.049451247
2020-05-13,-0.22914968,0.28871912,0.019007195,0.4551163,-0.45499292,-1.2426223,0.37293124
2020-05-14,-0.47593763,-0.011458878,-0.14912976,-0.45733857,-0.050514407,2.0726535,-0.57163477
2020-05-15,0.30121106,0.40243426,-0.031191604,-0.34710798,0.056718204,1.5147121,-0.7473918
2020-05-18,-0.23998412,0.18387741,-0.12155558,-0.21709716,0.18968785,2.811843,-0.54536474
2020-05-19,0.6363337,0.37537587,0.19576526,0.57528037,0.24172066,0.16726057,-0.0315865
2020-05-20,0.5093628,0.61214983,-0.17418236,-0.121536784,0.60005385,1.1911867,-0.25311413
2020-05-21,-1.259732,-0.7158902,-0.24133337,-0.5991562,-0.8166192,-0.5520384,0.27468562
2020-05-22,0.32404292,0.2967051,0.032749545,0.18020707,0.09036355,-1.0956496,0.095262006
2020-05-26,-0.53511244,-0.47293082,-0.037685268,-0.4351403,0.017791156,1.2421627,-0.09058472
2020-05-27,0.57286865,0.22391216,-0.06674326,-0.14000545,0.18852928,-1.5090967,-0.21403861
2020-05-28,0.35445383,0.36260754,-0.15243182,-0.11134901,0.17274325,0.005241498,-0.060868204
2020-05-29,0.25986248,0.5929054,-0.09361065,0.14968316,0.1453451,1.1437329,-0.33578822
2020-06-01,-0.23353127,0.33756307,-0.040038418,0.11820853,-0.18467206,1.8002133,-0.41407627
2020-06-02,-1.1318244,-0.3205156,-0.2145062,-0.7454068,-0.6821309,1.2256751,-0.26216012
2020-06-03,-0.21010685,-0.27221128,-0.24240834,-0.44300213,0.10391522,-0.15596335,0.025226088
2020-06-04,0.48250848,0.15188344,-0.13033958,-0.28983936,0.53755,0.23055126,-0.38060763
2020-06-05,-1.2012103,-0.45223,-0.18453561,-0.7312073,-0.62839556,1.7861226,-0.25119564
2020-06-08,0.8912271,0.49751785,0.19520305,0.61257166,0.6253026,-0.44947487,0.016401261
2020-06-09,-0.24662869,0.028437022,0.08009505,0.01707967,-0.23488642,0.36908907,-0.012474804
2020-06-10,-0.2127649,0.148928,-0.03964904,0.020126019,-0.02379905,0.67522335,0.0129454415
2020-06-11,0.43580145,0.13171862,0.17975631,0.4013842,-0.007393662,-2.1746736,0.47681457
2020-06-12,-0.3176984,-0.24564427,-0.057628002,-0.30286467,-0.22213088,-0.31698495,0.074373126
2020-06-15,-0.57690316,-0.35944027,-0.06670423,-0.16902371,-0.18672138,0.7532587,-0.106098354
2020-06-16,0.014568472,0.2655068,-0.045524552,0.07615734,-0.070331216,1.4858111,-0.50383157
2020-06-17,0.11081629,-0.070246495,0.13876843,0.20166466,0.18182392,0.29992682,0.02776344
2020-06-18,-0.7454169,-0.15031616,-0.08466075,-0.23195615,-0.5785973,0.47082305,0.028018355
2020-06-19,0.3259933,0.40172443,0.051086836,0.096377306,0.21063918,0.945212,-0.28178272
2020-06-22,0.14235331,0.29030564,0.034876145,0.15725084,0.016911495,0.6115512,-0.056065504
2020-06-23,0.20488392,0.14710547,0.07921072,0.14399727,0.0202856,-0.22111042,0.06924665
2020-06-24,0.042708255,-0.1173647,0.071343794,0.069459565,-0.21644676,-2.357253,0.58647597
2020-06-29,0.28076282,0.21160303,0.073982455,0.3203036,0.25682446,0.990084,-0.024589008
2020-06-30,1.0628031,0.2852575,-0.056521684,-0.13524956,1.1487931,0.58691454,-0.49937218
2020-07-01,-0.14273596,-0.7818109,-0.0444109,-0.65472543,0.31804317,0.6579084,-0.40656328
2020-07-02,-0.43390968,0.14967975,0.17055313,0.2805258,-0.48072222,0.8560868,0.035331745
2020-07-06,0.3211027,0.33954513,0.04980896,0.23156357,0.1810749,0.6971109,-0.0140972575
2020-07-07,0.50647825,0.27392775,0.08291717,0.15977548,0.39905006,0.5490118,-0.12466194
2020-07-08,0.81374526,0.5109597,-0.10164476,0.2212673,0.67011803,0.55883557,-0.32174858
2020-07-09,-0.2986674,-0.20854157,-0.006043757,-0.0032670596,-0.118453495,-0.9225449,0.27822256
2020-07-10,-0.22468364,0.45752692,0.12263773,0.45993015,-0.48272258,0.8745395,0.08288636
2020-07-13,0.54759955,0.68966925,0.32179788,0.9813715,0.046882547,0.12654138,0.120274
2020-07-14,-0.53263456,-0.41670838,-0.13499708,-0.2971029,-0.20156583,-0.44430548,0.09338958
2020-07-15,0.039403044,-0.21353856,-0.087187015,-0.23679902,0.39921987,0.7871503,-0.2151805
2020-07-16,0.034820933,-0.43432415,0.28779805,0.38442442,0.2575656,-0.033754073,0.2669395
2020-07-17,0.4209662,-0.089059494,0.009708652,-0.27895135,0.5006741,-0.21396045,-0.11794097
2020-07-20,0.09390623,0.5074819,0.045935385,0.28271335,-0.19141527,0.20026422,-0.17037255
2020-07-21,0.9237589,0.7800745,0.15923595,0.552852,0.5610876,1.6217185,-0.44630617
2020-07-22,1.1874115,0.1696451,0.04266983,-0.014475336,1.123567,0.08241864,-0.46639377
2020-07-23,0.37333223,0.46210286,0.19145608,0.6529989,0.12799789,-0.116723694,0.23990996
2020-07-24,-0.21867621,-0.22710794,-0.09172269,-0.283811,-0.14126524,-0.22520272,0.049622796
2020-07-27,1.0160586,0.70652646,0.19674349,0.61819625,0.7550357,0.2117968,-0.44826454
2020-07-29,0.0447013,0.36559388,0.12004208,0.57038057,-0.30612049,0.2973835,0.11680463
2020-07-30,-0.26682582,-0.4941117,-0.027101498,-0.14601503,-0.092404366,-1.0893233,0.3183404
2020-07-31,0.7816876,0.113253966,0.037780005,-0.035786785,0.82872355,0.44786707,-0.50752133
2020-08-03,-0.118960924,0.21232335,0.023480985,0.23498157,-0.05042219,1.3226613,-0.051531248
2020-08-04,0.62794673,0.6825596,0.23976228,0.8428502,0.22613512,0.49129054,-0.10686416
2020-08-05,0.7921646,0.5654431,0.16976953,0.40741903,0.37094048,1.0092344,-0.28482205
2020-08-06,0.78574,0.70758617,0.11292299,0.5886889,0.53156704,-0.19241917,-0.23035917
2020-08-07,-1.0304642,-0.6705765,-0.14017561,-0.28479952,-0.807217,-1.2808291,0.531245
2020-08-10,0.7554166,0.592,0.203129,0.47126955,0.5685222,0.71962935,-0.3160954
2020-08-11,-1.4930339,-0.9727615,-0.31281635,-0.8377159,-0.8425602,-0.25643218,0.50650126
2020-08-12,-0.21362056,-0.39098954,-0.035595123,-0.41201127,0.25220856,0.734973,-0.13471161
2020-08-13,1.1216063,-0.068744026,-0.0012538831,-0.2496801,1.1658021,-0.1643176,-0.45861912
2020-08-14,-0.7941524,-0.38158426,-0.034398947,-0.24665058,-0.6498139,0.012571968,0.50240356
2020-08-17,1.0981039,0.6685427,0.09739045,0.317163,0.8115228,0.8818828,-0.51462543
2020-08-18,0.2211088,0.43758065,0.15308873,0.49668944,0.08671412,0.7494597,-0.044255104
2020-08-19,-0.44098112,-0.32190654,-0.09593575,-0.18544853,-0.07658388,0.28357962,0.17735647
2020-08-20,-0.56289834,-0.48893738,-0.118272185,-0.32672584,-0.36290556,-0.6884256,0.17180066
2020-08-21,0.092515685,-0.24562083,-0.096482925,-0.27880508,0.012496287,-0.96246433,0.23346841
2020-08-24,-0.5208119,-0.23191702,-0.004312497,-0.19261204,-0.3297925,1.0884672,-0.17470065
2020-08-25,0.07203582,-0.32366046,-0.08470132,-0.4080784,0.41887355,0.87339973,-0.2866576
2020-08-26,0.9655174,0.8033877,0.029011142,0.29820982,0.43760294,-0.278136,-0.61102563
2020-08-27,0.3077588,-0.1882589,-0.14073822,-0.2841782,0.57273626,-0.3976594,0.06567225
2020-08-28,0.7689655,0.5114897,0.10319849,0.27808118,0.5611588,0.6674736,-0.33776686
2020-09-01,1.0006496,0.075555116,0.04147963,0.13601498,0.94772685,0.28340384,-0.32448617
2020-09-02,-0.65093106,-0.57839453,-0.035875227,-0.23949982,-0.420505,-1.2572813,0.49410376
2020-09-03,-0.41900182,-0.25641775,-0.06105407,-0.11859641,-0.26755357,-1.1790954,0.38729438
2020-09-04,0.44887745,0.08692393,0.21938068,0.3619704,0.3156682,-0.32537434,0.26593968
2020-09-08,0.7959001,0.19736056,0.08658964,0.087989636,0.37280333,-2.0431366,0.13780215
2020-09-09,-0.12410038,0.27070296,-0.0076285996,-0.023575842,-0.15315863,0.9233106,-0.11357089
2020-09-10,0.65189016,-0.14832212,0.044989385,0.08905938,0.6060074,-0.41874224,-0.1096736
2020-09-11,0.09211799,-0.22281905,0.08568615,-0.12556073,0.27994975,0.7087528,-0.038488805
2020-09-14,0.3242553,0.6234141,0.08446955,0.4235614,-0.0055844765,0.43370613,-0.057849523
2020-09-15,-0.064793356,-0.13274275,0.018205872,0.32589138,-0.016904103,0.71566796,-0.09097576
2020-09-16,-0.18734485,-0.1017783,-0.21400584,-0.5482173,0.15120608,1.2388934,-0.56754297
2020-09-17,-0.8232856,-0.5904461,-0.23727503,-0.9789224,-0.25271636,0.5996449,-0.3442505
2020-09-18,0.40723306,0.28748706,-0.09144219,-0.15805489,0.49668768,0.44069183,-0.19752382
2020-09-21,-1.2368374,-0.5983668,-0.13110805,-0.26792455,-1.1725312,-2.2961495,0.76271605
2020-09-22,-0.07110719,0.062062044,0.012103928,0.066928856,-0.01675615,-0.0136008505,0.07226317
2020-09-23,-1.3121295,-0.8648241,-0.15982968,-0.76737815,-0.9922678,-0.30188805,0.45946008
2020-09-24,-0.32604453,-0.15389884,0.025587078,-0.028857814,-0.35560286,-0.16451958,0.12524125
2020-09-25,-0.08460508,-0.27139255,0.025112636,-0.013609786,0.1557479,0.41181335,-0.15133221
2020-09-28,0.45575845,0.52438426,0.04520244,0.46692607,0.03700642,1.053598,-0.1976557
2020-09-29,0.62625045,0.4690822,0.24321786,0.63293374,0.37377495,-0.5769743,0.25895166
2020-10-12,1.2288923,0.23987792,-0.21435289,-0.4674006,1.2759942,1.5908601,-1.2511678
2020-10-13,-0.66166663,-0.68209577,-0.1801168,-0.5853687,-0.17206621,-0.020346105,-0.031744245
2020-10-14,0.14628264,-0.037233487,-0.057717957,-0.22889093,0.26322174,0.6243072,-0.34330025
2020-10-15,0.35999084,0.093591236,-0.18719003,-0.43178502,0.2507804,-0.08447525,-0.1258703
2020-10-16,0.121989585,0.1801131,-0.0036597247,0.30749956,-0.03223799,0.013875404,0.004172715
2020-10-19,0.34882134,0.35668913,0.013508578,0.19439109,0.2077516,-0.11881482,0.0038838633
2020-10-20,0.4260317,0.41085237,0.011679728,-0.10496048,0.26478744,0.8954895,-0.1752429
2020-10-21,0.7999983,0.51155436,0.13506205,0.5935013,0.6547232,-0.5553901,0.1481802
2020-10-22,-0.697143,-0.45547068,-0.23887698,-0.59823495,-0.29159066,0.4257616,-0.23159517
2020-10-23,0.42994317,-0.09591774,0.045691423,-0.043029122,0.37571526,-0.34820634,-0.03436931
2020-10-26,-0.1048975,-0.23619825,0.09841224,0.084318236,-0.14854304,-1.3054395,0.3082631
2020-10-27,-0.20973705,0.03754278,0.033273626,-0.051042642,-0.24859104,0.9096915,-0.14449108
2020-10-28,-0.47240707,-0.1668617,0.03024686,0.29863584,-0.83391887,-2.1793773,0.64588016
2020-10-29,-0.0601151,0.023443842,0.058865424,0.2252194,-0.26197612,-1.2623397,0.49299994
2020-10-30,0.16099124,0.1253092,-0.05672649,0.17346941,0.34238502,-0.040826567,-0.12342733
2020-11-02,0.14933327,0.1379186,-0.045103375,0.023421459,0.26887676,1.046239,-0.3090005
2020-11-03,0.43381074,0.25476232,-0.050386555,0.13555866,0.37865654,1.2223395,-0.4763962
2020-11-04,-0.65167314,-0.3939462,-0.13523933,-0.5279292,-0.15617593,1.3289267,-0.24817528
2020-11-05,1.3146491,0.50143284,0.24857014,0.37275,1.075955,0.5286355,-0.50049835
2020-11-06,0.4799113,0.34774873,0.18591079,0.44575053,0.26656944,-0.86446244,0.060398795
2020-11-09,-1.6538233,-1.0080266,-0.1848625,-0.9082959,-0.97864735,1.3429557,0.04480851
2020-11-10,0.69699705,0.20134386,-0.12820308,-0.35473034,0.8832537,1.2964138,-0.561429
2020-11-11,-0.544881,-0.47087407,-0.0009238556,-0.027970174,-0.19028407,0.1440619,0.18323141
2020-11-12,0.18318725,0.16494876,0.2742586,0.7414196,0.0039607612,-0.0988231,0.13220288
2020-11-13,0.77965385,0.47258088,0.0051492276,0.35894617,0.66685027,-0.5669743,0.02278551
2020-11-16,0.6136711,-0.040682483,-0.0033659649,-0.14511631,0.75318974,1.258477,-0.58227485
2020-11-17,0.09326898,-0.1074235,-0.05772997,-0.041212384,0.24653251,0.18774468,-0.078456976
2020-11-18,0.05765632,-0.24266912,-0.083268456,-0.17646725,0.38738865,0.9805728,-0.31396568
2020-11-19,-0.31977043,-0.043564476,-0.07132635,-0.014756458,-0.268613,-0.22009656,0.12502931
2020-11-20,0.19277182,0.5140456,0.12892139,0.39787093,-0.04801748,0.90242714,-0.012924218
2020-11-23,-1.1275873,-0.9012175,-0.14483286,-0.89481264,-0.6001579,0.3920017,0.021834038
2020-11-24,-0.64485824,-0.19471441,-0.09755185,-0.3195867,-0.38857487,1.477098,-0.054017756
2020-11-25,-0.42783776,0.19539917,0.059236914,0.19043908,-0.60237473,0.40604162,-0.20777261
2020-11-27,0.2407692,-0.22245182,-0.09360908,-0.3270866,0.47165826,0.48595956,-0.046802834
2020-11-30,-0.37681878,0.15517972,0.05582293,0.65681857,-0.4977229,-0.4096566,0.4827003
2020-12-01,0.9260689,0.9927935,0.28126734,0.8920936,0.3581747,0.013774432,-0.12579629
2020-12-02,-0.019552149,-0.23696709,-0.10649043,-0.32103354,0.15272269,0.4470504,-0.256159
2020-12-03,0.2810593,0.10193444,-0.008587002,-0.27646697,0.29943636,0.5161124,-0.3786584
2020-12-04,0.111968145,0.45225483,0.044118073,0.30878213,-0.17790243,0.60517985,0.10697182
2020-12-07,0.3690793,0.11090492,0.11386296,0.20716086,0.14137667,-0.27550498,-0.14316034
2020-12-08,-0.23207986,-0.0021298386,0.07560877,0.12953644,-0.39962733,-0.3076655,0.1625547
2020-12-09,-0.20349449,-0.15924472,-0.33502114,-0.4345339,0.12801874,0.44511774,-0.33372715
2020-12-10,0.043458704,-0.055440325,0.02383535,0.21605551,0.10681822,1.403172,-0.06892855
2020-12-11,0.011353535,-0.5051991,-0.042343996,-0.52822256,0.24724893,-0.033337485,-0.05377432
2020-12-14,-0.11527335,-0.19117588,0.029798657,0.116835,0.013401535,0.6531961,0.014675479
2020-12-15,0.40588567,0.3199039,0.13197336,0.2958337,0.24792156,0.5025658,-0.15711346
2020-12-16,0.094075546,0.04902651,-0.005741563,0.019758714,0.1685202,0.30899417,-0.30829325
2020-12-17,0.9069321,0.3685262,0.0891449,0.14423211,0.87378776,1.1412244,-0.5242021
2020-12-18,-0.19283745,-0.14904253,-0.008344846,-0.11340542,0.023651429,0.717622,-0.003759111
2020-12-21,0.28077453,-0.21848634,-0.06740907,-0.41461402,0.43122584,-1.3289305,0.09901437
2020-12-22,-0.50908273,-0.71198595,-0.13257152,-0.6182047,-0.10441329,-0.72111857,0.2201836
2020-12-23,0.3702609,-0.004801031,0.0425164,0.022191735,0.42946252,1.3273314,-0.56071085
2020-12-24,0.39801505,-0.006605401,-0.010034543,0.17877015,0.46082744,0.28635526,-0.16757876
2020-12-29,0.39091185,-0.36889994,0.066680565,-0.4851512,0.533887,0.09881389,-0.12467578
2020-12-30,0.7561628,0.34111702,-0.10802442,-0.15588066,0.46101534,0.36034635,-1.0318923
2020-12-31,0.1258532,-0.51724905,0.028906666,-0.26773855,0.46736354,0.05651203,0.028181013
2021-01-04,0.86655134,0.84066784,0.15494154,0.85969746,0.4701795,0.20559667,-0.29121232
2021-01-05,0.41192558,0.16594881,-0.025611201,-0.12988675,0.55905527,2.1235857,-0.62182087
2021-01-06,-0.7673682,-0.35089824,-0.11245079,-0.40907353,-0.4700509,0.37783146,0.13392542
2021-01-07,0.124788016,0.33655658,0.13620545,0.33568776,-0.2566194,0.33290154,0.080769636
2021-01-08,-1.7746725,-1.16605,-0.37796497,-1.2149193,-0.95412606,0.04546106,0.28586245
2021-01-11,-0.25517806,-0.1493628,-0.06307763,-0.11258892,-0.1595936,-0.6730847,-0.029714813
2021-01-12,0.73016334,0.069598615,-0.1328218,-0.49201205,0.8014359,0.9658155,-0.45409492
2021-01-13,0.56659853,-0.024893628,0.07976999,0.12341138,0.5046444,0.3025432,-0.12913048
2021-01-14,0.63703305,-0.066211164,-0.027447388,-0.26353833,0.88820153,0.750589,-0.35380182
2021-01-15,-0.76052684,-0.616596,-0.10592368,-0.35606715,-0.629475,-1.3248059,0.46724242
2021-01-19,0.045040544,0.10817399,0.15706094,0.19186223,-0.37409377,0.15941602,0.022568155
2021-01-20,0.42139742,0.40194318,0.17501332,0.6809736,0.20136943,0.51831764,-0.11397525
2021-01-21,0.24590217,-0.10210232,0.031771287,0.09155609,0.25911912,0.22472323,-0.10034544
2021-01-22,-0.6508917,-0.033004608,0.22390395,0.5852598,-1.0512476,-0.88490963,0.6078893
2021-01-25,0.10225543,-0.24563074,-0.12747508,-0.39206722,0.4334962,0.592969,-0.23470038
2021-01-26,0.28885213,-0.37497392,-0.15523049,-0.70183504,0.7082974,0.19514875,-0.3577359
2021-01-27,-0.6044226,-0.5448056,-0.13320525,-0.63270813,-0.3017105,-0.31622946,-0.14083588
2021-01-28,-0.020336749,0.26454133,0.043644257,0.21714073,-0.23130997,-0.40671745,0.0002394011
2021-01-29,0.68538535,0.068743326,-0.069891155,-0.19955629,0.7493698,0.028623227,-0.46213222
2021-02-01,0.8937795,0.46311936,0.18613431,0.36042136,0.6977049,0.8962308,-0.36522213
2021-02-02,-1.571375,-0.7608378,-0.26470304,-0.7595313,-1.0206773,0.11009988,0.3189484
2021-02-03,0.3864732,0.12090182,0.074409805,0.011470359,0.36022007,0.81713784,-0.28014362
2021-02-04,-0.7224299,-0.49804085,-0.10888678,-0.2849785,-0.4345214,0.3138304,0.10265348
2021-02-05,0.6689737,0.6070137,0.13380498,0.561017,0.46533433,0.9266407,-0.2552403
2021-02-22,0.9989472,0.5435799,-0.06417397,0.6071763,0.95755166,3.289589,-0.8491314
2021-02-23,-0.39792407,-0.58923805,0.042970914,-0.39453396,-0.045400925,0.18950674,0.00051760505
2021-02-24,0.20535512,0.03225692,-0.06964857,-0.06493126,0.3535992,1.4651808,-0.53500265
2021-02-25,-0.65331763,-0.35556436,-0.059069984,0.12302285,-0.33507124,-0.26952925,0.1907802
2021-02-26,-1.2677482,-0.776831,-0.2421187,-0.8532532,-0.9720881,-1.6821901,0.4803005
2021-03-01,-0.00020006379,0.0732457,0.3496565,0.5447812,-0.65420675,-0.17052601,0.4051491
2021-03-02,0.8267499,0.47219047,-0.10373259,0.17746335,0.9355663,0.46330708,-0.33182073
2021-03-03,-1.3453635,-0.6518374,-0.1486304,-0.55162466,-0.80510354,-0.33100024,0.21795665
2021-03-04,-1.5018133,-0.80801773,-0.31917402,-1.0584141,-0.8503045,-0.09364427,-0.048123695
2021-03-05,-0.06755952,-0.120091535,-0.09856003,-0.31039965,0.2801903,1.5631595,-0.3329141
2021-03-08,0.18280101,-0.15115263,0.11098765,0.16853784,0.14778598,-0.19137964,0.16165636
2021-03-09,0.6461287,0.36333317,0.13134159,0.3212141,0.41193095,-0.38579586,-0.21166973
2021-03-10,-0.12157669,0.3006546,0.03796363,0.3089869,-0.33926484,0.17367412,0.16792919
2021-03-11,0.11928103,0.09754264,0.06381384,0.10747331,0.22119315,1.3127265,-0.26021445
2021-03-12,-0.37358314,-0.18781196,0.029477963,-0.10353892,-0.27620152,0.14161511,0.089266054
2021-03-15,0.59406,0.3872787,0.04255896,0.46547484,0.30333555,-0.25044072,-0.13668866
2021-03-16,0.06895742,-0.32437012,-0.0780664,-0.1874101,0.26671043,-0.35845545,0.058397252
2021-03-17,-0.0065019825,0.10170471,0.06537422,0.29540038,-0.072814085,-0.3698682,0.20751874
2021-03-18,0.36300984,0.389782,0.1924919,0.72983587,-0.22209792,-2.0454059,0.61753803
2021-03-19,0.040762424,0.051110316,-0.16450618,-0.1217697,0.22944224,0.7322501,-0.26667944
2021-03-22,-0.30519986,-0.32250395,0.10862905,0.102917485,-0.1574774,0.494432,0.13056907
2021-03-23,0.1651599,-0.2733622,0.06463201,-0.16303918,-0.013349253,-1.8627019,0.38670015
2021-03-24,-0.65300953,-0.19898795,-0.19753002,-0.34275186,-0.17420432,1.4910114,-0.35995853
2021-03-25,-0.19307911,-0.07600495,0.10746786,0.32736292,-0.5695432,-2.0895052,0.74943286
2021-03-26,0.047045592,0.24683677,-0.010583085,0.26213577,0.013968369,1.5232272,-0.23384927
2021-03-29,-0.53395885,-0.32099414,-0.023144245,-0.24563225,-0.49274743,-0.11606674,0.21199171
2021-03-30,-0.9782423,-0.2506002,-0.031287342,-0.15044503,-1.1161329,-1.0721873,0.5010254
2021-03-31,1.2299299,0.10987992,-0.038138777,-0.24273346,1.247408,0.38914818,-0.6235812
2021-04-01,-0.411613,0.28264192,-0.08652302,0.11726024,-0.4704509,0.32151556,0.04296786
2021-04-06,1.0519893,0.40969697,0.35987288,0.93332505,0.9239518,0.597485,-0.26056904
2021-04-07,-0.077275984,-0.25061503,-0.11955333,-0.2301441,0.021882664,-0.26722157,0.02202449
2021-04-08,0.79528177,0.051427454,-0.0007368859,-0.05383597,0.8169755,0.6528301,-0.40696195
2021-04-09,-0.51510876,-0.3909119,-0.16450934,-0.48079717,-0.29321647,-0.4373307,0.03366506
2021-04-12,-1.0248256,-0.31021288,-0.1285857,-0.3350482,-0.81738716,-0.7439565,0.28264242
2021-04-13,0.51477987,0.08082792,-0.054480594,-0.09584962,0.6256,0.6947965,-0.44340703
2021-04-14,0.17642067,0.019557638,-0.12913209,-0.3485883,0.5592752,2.0127587,-0.5937379
2021-04-15,0.66730475,0.55303216,0.12696114,0.45383295,0.57779217,0.8505583,-0.24432105
2021-04-16,0.14373855,0.009256755,0.035787288,0.11023495,0.21942386,-0.00011968596,-0.049202412
2021-04-19,-0.13635127,-0.1124653,-0.028593166,-0.07462397,0.09205676,0.22077386,0.13174385
2021-04-20,0.5152892,-0.35222405,-0.055691645,-0.43245527,0.84431016,-0.1312044,-0.22865374
2021-04-21,1.1277435,0.3911651,-0.04537427,0.08766355,1.1895566,0.39709166,-0.4747211
2021-04-22,0.34452724,-0.3099346,-0.2544755,-0.79613787,0.80409473,0.19947876,-0.39631084
2021-04-23,0.34984758,0.0560399,0.050778564,0.071183644,0.31316653,0.8620083,-0.11105555
2021-04-26,1.0229231,0.08891964,-0.04143528,-0.13441019,1.2940488,0.92113197,-0.44230556
2021-04-27,0.2313546,-0.16590317,-0.008524598,-0.08923672,0.42064366,0.95279396,-0.28878903
2021-04-28,-0.7216836,-0.0048191934,-0.029586399,-0.10163061,-0.73195237,0.59077734,-0.25260442
2021-04-29,-0.49408966,-0.052018046,-0.15826511,-0.2581766,-0.40679485,-0.01513047,0.032659676
2021-04-30,0.8053649,-0.061068457,-0.16107182,-0.343097,0.9425391,-0.148029,-0.30031443
2021-05-06,1.4036072,0.5301628,0.14030662,0.26471218,1.2134228,1.3259354,-0.72408146
2021-05-07,0.43721226,0.3661281,0.0067126798,0.24807036,0.49551076,0.87710524,-0.15478182
2021-05-10,-0.46631205,0.17159852,0.15777747,0.420109,-0.5934535,-0.23747317,0.3289754
2021-05-11,0.09152322,-0.19365762,-0.042444386,-0.3269169,0.40036097,0.49963197,-0.226449
2021-05-12,-0.74536204,-0.49348074,0.012850549,-0.27975717,-0.4162444,0.21608713,0.15554553
2021-05-13,-0.58541787,0.0410783,0.13403004,0.57517284,-0.9694706,-1.695005,0.82114404
2021-05-14,-0.26201475,0.32436725,0.119932,0.45714757,-0.50708914,0.4446912,0.027875554
2021-05-17,0.33938876,0.7868139,0.21765576,0.79579014,-0.079418935,0.8943271,-0.0044379956
2021-05-18,0.22232357,-0.2366217,0.11360839,0.11055801,0.21307069,0.034548037,-0.094654456
2021-05-19,-0.3720586,-0.2598012,0.014826624,-0.04026889,-0.5744652,-2.0947232,0.48027366
2021-05-20,0.19876482,0.11390085,0.13245985,0.14875552,-0.037035134,-0.8473203,0.13817836
2021-05-21,-0.8880157,-0.46236655,-0.104976445,-0.44616425,-0.72876495,0.023186931,0.085871644
2021-05-24,-0.23875834,0.1769571,0.019980537,0.15351656,-0.18837517,1.0877173,-0.1493636
2021-05-25,-0.07912579,0.2779361,0.26526013,0.7522147,-0.29175815,0.16860741,0.2533965
2021-05-26,-0.020573566,0.07726634,-0.022611188,0.13563843,-0.21384467,0.18441029,-0.32027224
2021-05-27,0.8005626,0.1276638,-0.17471348,-0.25768012,1.0975614,1.1068287,-0.5806017
2021-05-28,0.08195658,0.05533299,0.16327482,0.44505632,0.030877518,-0.011647779,0.15876187
2021-06-01,0.31635264,0.05369848,-0.3428048,-0.75204873,0.6480318,0.92382437,-0.44116196
2021-06-02,-0.19994766,-0.28916898,0.10903788,-0.050693188,-0.055205207,0.55595696,-0.13958667
2021-06-03,-1.2190804,-0.5882599,-0.1772498,-0.6053011,-1.0218132,-0.9806585,0.41118667
2021-06-04,0.85440683,0.08963854,-0.04273412,-0.088183604,1.0936623,1.1514126,-0.568396
2021-06-07,-0.09075798,0.1620006,0.092154324,0.29235747,-0.32440367,-0.45171168,0.26831177
2021-06-08,-0.19456707,-0.114111,-0.079496756,-0.16324025,0.060269415,0.64227635,-0.13014928
2021-06-09,0.13703057,-0.109862626,-0.036341447,0.046837546,0.13125315,0.06235337,-0.086742155
2021-06-10,-0.08759465,-0.19796619,-0.1410308,-0.17572352,0.0048177843,0.019821329,-0.023483569
2021-06-11,-0.32125628,0.25648573,0.15762077,0.46847463,-0.7406259,-0.1874754,0.5030835
2021-06-15,-1.0556738,-0.33951586,-0.043879665,-0.053160362,-1.2365927,-0.7353244,0.34712055
2021-06-16,-0.03642511,0.14624143,0.056825593,0.12279288,-0.26968086,-0.1996117,0.11492346
2021-06-17,-1.7600194,-0.40699294,-0.22238077,-0.5286848,-1.9997557,-2.1569486,0.86231107
2021-06-18,0.24341543,-0.42684165,-0.19642493,-1.0885012,0.7233368,0.17516567,-0.50122845
2021-06-21,0.26479378,0.0050530466,0.024577565,-0.019388204,0.414689,0.9812986,-0.31355128
2021-06-22,-0.035741128,0.003879641,0.15000089,0.40402636,-0.21558756,0.49619287,0.14681433
2021-06-23,0.5865137,0.31406108,-0.012136427,0.08607304,0.5524316,1.0208395,-0.27283913
2021-06-24,-0.15260181,0.11795796,-0.0493955,0.10749958,-0.23715171,0.11962669,0.082150444
2021-06-25,-0.18066145,0.15678577,0.08729823,0.6008908,-0.47250053,-0.15025277,0.2905535
2021-06-28,0.8154033,-0.25678727,-0.15295963,-0.5916553,1.1925046,0.02441461,-0.43296504
2021-06-29,-0.2616477,-0.3084102,-0.21207674,-0.21902615,0.17664061,0.47061214,-0.17154641
2021-06-30,0.682855,-0.065432735,-0.18335205,-0.7377338,0.98337007,0.42506704,-0.6412791
2021-07-01,-0.43217236,-0.19088757,0.031658735,-0.10840557,-0.3880449,0.2981466,-0.03467684
2021-07-02,-0.08205676,0.46691525,0.14483517,0.6126925,-0.1716881,0.57739985,0.047272567
2021-07-06,-0.47033978,0.14980075,0.1983086,0.8105438,-1.13212,-1.371269,0.84710914
2021-07-07,0.50084907,0.3073829,0.0706951,0.023832964,0.38152018,-0.21721621,0.056242675
2021-07-08,-0.5433207,-0.253873,-0.040037163,-0.37383053,-0.4945388,0.08739749,0.12684868
2021-07-09,0.25752667,0.45222032,0.07170354,0.3966254,0.043337636,1.1386863,-0.13784051
2021-07-12,0.73943925,-0.35916656,-0.072478846,-0.5010027,0.9738246,0.23050457,-0.38142505
2021-07-13,-0.20770937,-0.26621565,-0.09934326,-0.15019904,0.09296156,0.7273304,-0.26527134
2021-07-14,0.7224058,-0.029739348,0.08089177,0.0029537077,0.6762263,-0.40597737,-0.09405129
2021-07-15,-0.24087507,0.58595103,0.341173,1.0269666,-0.7329508,-0.22147149,0.6846712
2021-07-16,-0.33239564,-0.30833504,-0.109563455,-0.41604215,-0.17234497,0.030931564,0.031969734
2021-07-19,-0.07809698,-0.19083925,0.11823675,0.097535394,-0.64084154,-2.832422,0.8216362
2021-07-20,0.38061184,-0.2184162,-0.079800196,-0.23792985,0.7151705,0.86426044,-0.36495486
2021-07-21,-0.45038864,-0.42194924,-0.06563077,-0.49189416,-0.06383227,1.2186155,-0.26596522
2021-07-22,0.006773445,-0.07915954,0.16513641,0.41432324,0.051230755,1.0045727,-0.026640324
2021-07-23,-0.39124542,0.19928741,0.13079467,0.36002913,-0.4848733,0.33121228,0.1573147
2021-07-26,0.5086833,-0.07021175,0.2551262,0.29570973,0.65013903,0.9665484,-0.06890223
2021-07-27,-0.5503646,-0.2525593,-0.1212706,-0.36444274,-0.43257806,-0.50389385,0.10301914
2021-07-28,0.32101074,0.024141407,-0.19249286,-0.22329572,0.3557051,0.28224498,-0.5178446
2021-07-29,0.67508423,0.53401953,-0.014105315,0.28716657,0.53243446,1.0034008,-0.463405
2021-07-30,-0.9011399,-0.010671133,-0.02020477,0.07015104,-1.0635718,-0.37930754,0.28392386
2021-08-02,0.78789026,0.114378475,-0.11250926,-0.10685141,0.64783096,-1.0053557,0.052366756
2021-08-03,-0.39048722,-0.3945107,0.005477333,-0.1322149,-0.34062186,-0.6719021,0.33157507
2021-08-04,-0.08202216,-0.055765696,0.100789934,0.11811441,-0.22741735,-1.0528908,0.2155066
2021-08-05,-0.19919753,-0.07135117,-0.17493348,-0.28312334,0.034015976,0.5885959,-0.25533798
2021-08-06,-0.79374015,-0.7471132,-0.23210485,-0.83926916,-0.27153742,-0.5135429,0.163253
2021-08-09,-0.6469733,-0.85053504,-0.07518895,-0.33826,-0.21453293,-0.8349688,0.4131256
2021-08-10,0.34482658,0.102020115,0.013648345,0.01162105,0.45913228,1.3887172,-0.33652517
2021-08-11,0.2645746,0.3621184,0.0588024,0.5397488,-0.12913936,0.3609139,-0.023531385
2021-08-12,0.2781156,-0.4418382,-0.096400715,-0.31653062,0.4240374,0.028314652,-0.107183196
2021-08-13,0.7679804,0.589498,0.093804866,0.34820053,0.5621138,0.22430356,-0.2921935
2021-08-16,-0.0052681877,-0.1643567,-0.06299966,0.16064928,-0.49038094,-0.9517106,0.010241909
2021-08-17,-0.5782613,-0.26182133,-0.021688435,-0.10221556,-0.62070227,-0.9240626,0.16502282
2021-08-18,-0.10224381,-0.497636,-0.0010393071,-0.21914957,-0.059492636,-0.7018909,0.109774284
2021-08-19,-0.3908494,-0.10216765,0.0018212898,0.19193935,-0.6932561,-1.9199686,0.51833344
2021-08-20,0.09314751,0.37971532,0.31916142,0.7994539,-0.46701396,-0.6752629,0.6151342
2021-08-23,0.10083242,0.21148288,-0.027169539,0.12067529,0.2761039,2.163462,-0.41382438
2021-08-24,0.12570164,-0.03886985,-0.049651947,-0.22363229,0.42597255,1.488181,-0.46477807
2021-08-25,-0.56728643,-0.3293869,-0.16741766,-0.49453634,-0.1871277,0.8040638,-0.33352512
2021-08-26,0.013896398,-0.179049,-0.1053531,-0.30845973,0.20605548,-0.5729355,0.13264361
2021-08-27,0.530025,0.3415736,0.111687474,0.4845816,0.49864736,1.1135712,-0.18842556
2021-08-31,-0.3754796,0.3893598,0.06539406,0.69890386,-0.8059905,-0.051025014,0.32377598
2021-09-01,-0.19531739,-0.46001396,0.3505865,0.4115354,-0.530525,-0.88543546,0.5143915
2021-09-02,-0.45437396,-0.25557664,-0.07354231,-0.253602,-0.19381338,1.0186621,-0.1342658
2021-09-03,0.79504395,0.673843,0.13104889,0.53757143,0.43008548,0.25287285,-0.117441885
2021-09-07,-0.6786109,-0.36087668,-0.05296656,0.013318562,-0.63752425,-0.8772628,0.33186996
2021-09-08,-0.5585772,-0.28013265,-0.009789263,0.045929573,-0.44321373,0.28204182,0.04333164
2021-09-09,0.078515604,0.3817553,0.19186907,0.71663743,-0.30486318,-0.25832134,0.27435988
2021-09-10,-0.165759,0.11760504,-0.112586156,-0.079119585,0.0032756869,0.96318376,-0.10894241
2021-09-13,-0.56125414,-0.32229552,-0.106474996,-0.3361827,-0.33070165,-0.10956116,0.07711827
2021-09-14,0.03463576,-0.30529678,-0.03445847,-0.45933133,0.11329189,-0.12830193,-0.13157353
2021-09-15,0.27343023,-0.32823074,-0.06282964,-0.4183316,0.75139475,1.4871776,-0.6062011
2021-09-16,-0.94296277,-0.8848387,-0.14094575,-0.43651018,-0.5348548,-0.6804644,0.28428745
2021-09-17,-0.28463927,-0.14906055,0.050528526,0.14624542,-0.48568365,-0.40016735,0.11512917
2021-09-22,0.7893143,0.4159871,0.2053044,0.6926933,0.45084623,0.29632235,-0.18791333
2021-09-23,-0.35303375,-0.47918272,-0.112928465,-0.30286163,0.03614668,0.9862206,-0.15850356
2021-09-24,-0.17725211,-0.1962299,0.12852222,0.09042249,-0.12821986,0.6603145,0.112918556
2021-09-27,-0.47692758,-0.43816677,-0.010292309,-0.21561648,-0.13761492,0.9578929,0.049428128
2021-09-28,-0.49934772,-0.40294847,-0.008628585,0.11921345,-0.25525612,-0.23624486,0.110718206
2021-09-29,-0.6691209,-0.6282718,-0.16410485,-0.6326341,-0.41174173,-0.30463427,0.040530432
2021-10-11,0.71373594,0.39086527,-0.09314948,0.582037,0.6285271,2.974902,-0.76685697
2021-10-12,-0.21777657,-0.037939813,0.02854886,0.31023234,-0.36095905,-0.374531,0.29581478
2021-10-13,0.45033234,1.0637989,0.30594397,0.86575395,0.007966011,0.64906627,0.02318235
2021-10-14,0.68628556,0.53315043,0.079924114,0.19426154,0.41120574,1.2754297,-0.3266805
2021-10-15,0.3816996,0.45525905,-0.14299613,-0.115138985,0.19164267,0.98092407,-0.43242317
2021-10-18,-0.15353435,-0.3598229,-0.046595085,-0.3634068,-0.052837253,-0.53862107,-0.05595459
2021-10-19,0.11636211,-0.17997548,0.025195878,-0.27204594,0.1422521,-0.26620182,-0.026072716
2021-10-20,0.8235984,0.24792251,0.13896522,-0.013976925,0.58604825,1.0170183,-0.48630628
2021-10-21,-0.507454,-0.17716555,-0.13889621,-0.68654525,-0.73844653,-1.7226374,0.39794418
2021-10-22,0.24678849,0.13138916,-0.09840257,-0.35877657,0.09037104,0.1454478,-0.24702233
2021-10-25,0.34898904,0.024637155,0.12557034,0.15087555,0.4204205,0.95778483,-0.06594578
2021-10-26,-0.56279296,-0.71230024,-0.11574111,-0.6896362,-0.24705933,-0.2989136,-0.010810597
2021-10-27,0.025652299,-0.34522802,-0.003961602,-0.56291693,0.012885068,-1.245715,0.41724622
2021-10-28,0.40780443,0.469694,-0.14674544,0.13919501,0.239845,0.032528933,-0.2466579
2021-10-29,-0.22223027,-0.6598681,0.08896131,-0.21700194,-0.13235421,-0.0077600363,-0.063968465
2021-11-01,1.3351566,0.2986362,0.06873036,-0.13267142,1.0829864,-0.30607617,-0.5366857
2021-11-02,-0.7220285,-0.40807834,-0.018283816,-0.3611762,-0.50386596,-0.27793115,0.24131228
2021-11-03,-0.39296144,-0.47480375,0.14166799,0.2347485,-0.48821467,-1.2275336,0.6250468
2021-11-04,0.36902532,0.2813775,0.3248129,0.43261838,-0.08723034,-0.895362,0.22492124
2021-11-05,-0.0896055,0.34473845,0.05619373,0.2656892,-0.32513312,0.6441491,-0.1039907
2021-11-08,0.25625986,0.48971426,0.059271764,0.6081495,-7.1911665e-05,0.6053838,-0.06440017
2021-11-09,0.03651709,-0.32573536,-0.0781743,-0.6612062,0.19463347,0.4166379,-0.37939525
2021-11-10,1.0313245,0.26311788,-0.055742934,0.053314745,0.8425531,-0.56675524,-0.28247616
2021-11-11,0.6490246,0.28112072,0.0121963695,0.3073676,0.8103173,0.72509086,-0.25389734
2021-11-12,0.63710564,0.096425295,-0.09833119,-0.1332975,0.7932262,-0.47655642,-0.1149104
2021-11-15,-0.12076127,-0.2966015,0.06142355,-0.37151715,-0.16710088,-0.43763822,0.076229915
2021-11-16,-0.76026344,-0.4763422,0.06057728,-0.27141327,-0.5153485,0.078157164,0.091893464
2021-11-17,0.8568531,-0.074279554,-0.09892439,-0.16918682,0.90648794,-0.6622363,-0.36488184
2021-11-18,-0.5276308,-0.08189577,-0.00040899205,-0.0075046476,-0.53928363,0.11312623,0.20162722
2021-11-19,0.44348606,0.35236073,0.08066002,0.54601043,0.23671094,-0.71908635,0.29298562
2021-11-22,-0.48898432,-0.4643994,-0.1875988,-0.520221,-0.06915444,0.7653423,-0.15792213
2021-11-23,-0.9906728,-0.8581225,-0.19217737,-0.9305466,-0.40360025,0.6964584,-0.08278497
2021-11-24,0.20082821,-0.14553855,0.19365054,0.42352742,0.32256937,0.59533286,0.40646812
2021-11-26,0.40020153,-0.072204575,0.203132,0.038944144,-0.4760275,-3.4812183,0.90271235
2021-11-29,-0.50684345,0.2337425,-0.018180028,0.027150726,-0.68376136,0.50926304,-0.05356845
2021-11-30,-0.2999488,-0.0007967881,0.10818368,0.42287925,-0.7051754,-2.2820141,0.7260621
2021-12-01,0.07072796,-0.2017478,-0.030831583,0.036385022,0.22036858,-0.08761479,-0.0099794315
2021-12-02,-0.018053556,-0.4726235,-0.04594565,-0.7289612,0.32761034,0.28053272,-0.1598728
2021-12-03,0.42323104,-0.05816625,0.062456463,0.10420665,0.4992158,0.26892635,-0.2884198
2021-12-06,-0.329336,-0.19127068,-0.03965264,-0.38804346,-0.16093516,1.0947926,-0.37900797
2021-12-07,-0.13320139,0.26949802,-0.0993403,0.06980664,-0.14942358,1.2938739,-0.28063473
2021-12-08,-0.1102308,0.20698558,0.058583282,0.18603483,-0.15940829,0.6018996,0.03917154
2021-12-09,-0.5867448,-0.3293818,-0.03202709,-0.058456462,-0.3809996,-0.843363,0.30819464
2021-12-10,-0.13545847,0.017172033,-0.01675904,0.017772293,-0.20069632,0.069145545,0.041106213
2021-12-13,0.096248776,-0.0507399,-0.043090068,0.23707286,0.064249,-0.3152946,0.008944591
2021-12-14,-0.43480048,-0.48583966,0.013513723,-0.39299434,-0.30011815,-0.71350956,0.18135233
2021-12-15,-0.7035785,-0.44529122,-0.073684074,-0.15475607,-0.2926405,-0.20469244,0.23503526
2021-12-16,1.1502852,0.79089177,0.10591012,0.49541444,0.8394132,1.9067839,-0.6720393
2021-12-17,0.41314733,0.1559997,-0.030133706,0.2653621,0.3742751,-0.7824758,0.10850324
2021-12-20,-0.14146009,-0.03839181,0.030061575,-0.049325466,-0.40327662,-1.5466095,0.5309257
2021-12-21,0.078369,-0.022455854,-0.11818378,-0.17144455,0.4187765,1.9975978,-0.5596812
2021-12-22,0.8905164,0.3348251,0.02989392,0.27166995,0.9412684,1.550087,-0.4472041
2021-12-23,0.09870354,-0.093374155,-0.0046554483,-0.03886877,0.1335307,0.6808694,-0.3083818
2021-12-29,-0.5501824,-0.45090154,0.20723483,-0.0694265,-0.21648945,1.1634531,0.4629209
2021-12-30,-0.061527427,0.24564193,0.040701997,0.3050756,-0.44419613,-0.15887786,-0.08962616
2021-12-31,0.4356156,0.47967336,0.20227934,0.51513153,0.15215361,-0.536261,0.21368816
2022-01-04,0.030928101,-0.1876299,-0.13418801,-0.40289387,0.40629068,1.4848324,-0.50421363
2022-01-05,-0.15284823,-0.01638397,0.016999297,0.35463318,-0.012976522,0.6870267,-0.015102345
2022-01-06,-1.3834753,-0.8527854,-0.18443203,-0.6403982,-0.8983432,0.03967064,0.26529464
2022-01-07,0.429507,-0.031248031,0.08592275,-0.04900656,0.40380472,0.22754951,-0.05410723
2022-01-10,-0.42967427,-0.17639567,-0.06590457,0.007415659,-0.48142081,-0.6094641,0.22638008
2022-01-11,0.6440421,0.40327054,0.061136674,0.26275823,0.47974867,1.882973,-0.38567126
2022-01-12,0.146889,0.33307827,0.12992276,0.35552493,0.18724972,1.1795443,0.023474863
2022-01-13,-0.44578788,0.031039873,0.107982345,0.22714856,-0.7930064,-0.44506216,0.16956182
2022-01-14,-0.47686273,-0.64516103,-0.0910651,-0.20022994,-0.13948496,0.47575217,-0.20154665
2022-01-18,0.2974128,-0.118500285,-0.12760755,-0.07288509,0.6255406,1.0090458,-0.47106865
2022-01-19,1.351467,0.34845477,0.10862249,0.2459135,1.3010684,1.489897,-0.6039765
2022-01-20,0.76309997,0.3863689,0.17232843,0.47411543,0.6967656,0.75391704,-0.19642821
2022-01-21,-0.47337455,-0.40122622,-0.020091994,-0.23827003,-0.4156435,-0.51825434,0.3102442
2022-01-24,-0.23583087,-0.3749262,-0.18736313,-0.38875926,-0.08928549,-1.291975,0.14223602
2022-01-25,0.028934972,-0.062343065,-0.07803289,-0.11853842,0.2604594,1.0194197,-0.24901178
2022-01-26,-0.24533603,-0.41013375,0.22362278,0.041717645,0.16016325,1.2866055,0.57208115
2022-01-27,-1.1928297,-0.48491684,-0.13090675,-0.3144463,-0.82119846,0.21349433,0.5537822
2022-01-28,0.059496675,-0.6198694,-0.18094626,-0.62258285,0.3180727,-0.28712288,-0.48528463
2022-02-07,0.53298366,0.41727036,0.15157396,0.23487717,0.6822223,1.8663677,-0.33944973
2022-02-08,0.4413276,0.08360956,0.017661078,0.2759418,0.38382885,-0.9269726,0.21993497
2022-02-09,0.6853554,0.09545784,0.0636014,-0.0056395014,0.8299257,1.0715002,-0.3824354
2022-02-10,0.0041937246,0.39566255,0.115720995,0.38546365,-0.28684714,0.13453908,0.13426201
2022-02-11,-0.6796595,-0.6985717,-0.27099335,-1.0609034,-0.20215686,0.05354622,-0.19405682
2022-02-14,0.13473995,0.24685732,-0.037553232,0.24815819,0.17050633,0.7745674,-0.22284365
2022-02-15,-0.10173537,-0.2111876,0.40480295,0.8166416,-0.2475027,-0.9144475,0.7920089
2022-02-16,0.5572517,0.025334705,0.1435157,0.26747903,0.6071774,1.0252807,-0.1446844
2022-02-17,1.004052,0.4190958,0.07213827,0.37995484,0.7488293,-0.39243189,-0.21020813
2022-02-18,-0.006286491,-0.16696306,-0.1011747,-0.18632393,0.19503494,0.18578233,-0.032451548
2022-02-22,0.5569515,-0.20311394,-0.030781794,-0.16899602,0.8842659,1.3567157,-0.6164955
2022-02-23,0.40801907,-0.2748924,-0.0023915647,-0.41100603,0.7362102,0.07654835,0.15701675
2022-02-24,-0.08453772,0.0565458,-0.31626815,-0.24745299,0.037658934,1.1437286,-0.5675348
2022-02-25,-0.9065247,-0.05496865,0.111606985,0.43954527,-1.344611,-1.6258954,0.8383325
2022-02-28,0.16973625,-0.07749636,-0.32861346,-1.012356,0.6111071,1.834947,-1.1129196
2022-03-01,0.73551446,0.44403344,-0.1345041,-0.26251265,0.9647137,2.9638321,-0.97279596
2022-03-02,-0.9970076,-0.2747489,-0.33796448,-0.5043154,-0.4022991,2.530989,-0.3662957
2022-03-03,1.038076,0.5874072,-0.1610348,0.07863892,0.9229183,0.3538933,-0.5098024
2022-03-04,0.1943297,0.5541384,-0.22096574,0.056889426,0.3099852,2.5773742,-0.78740704
2022-03-07,0.7590336,0.2773542,0.038362022,0.34212613,0.08416477,2.0582879,-0.0008766742
2022-03-16,-0.0033148113,-0.28444803,0.27216575,0.060458113,-1.0072314,-3.9918427,1.263932
2022-03-17,-0.3759245,0.07514577,-0.3357286,-0.5914095,0.27969834,2.8078828,-1.0404456
2022-03-18,-0.96396285,-0.37910685,-0.076510675,-0.46433648,-0.52966535,-0.030802878,-0.05093535
2022-03-21,-0.5354264,-0.3656837,-0.3673625,-0.7801243,0.27415457,1.7756208,-0.92490274
2022-03-22,-0.93236095,-0.5833882,-0.16503368,-0.6224093,-0.2727286,-0.39528257,0.05590899
2022-03-23,0.49879786,0.5113563,-0.016826048,0.47977462,0.3531777,2.3201041,-0.50828177
2022-03-24,0.6441883,0.5111892,0.28555658,0.6933759,-0.0674155,-0.04965313,0.18576333
2022-03-25,-0.3841353,-0.50432944,-0.13800783,-0.43732893,0.05446944,0.023181848,-0.103271864
2022-03-28,0.25280973,0.051848408,0.16816987,0.37811372,-0.28529942,-2.5582433,0.49716306
2022-03-29,-0.7132908,-0.2805249,0.10667156,-0.0628365,-0.92876095,-1.7570819,0.6990106
2022-03-30,0.73099,0.7489516,-0.13561012,0.0778097,0.24649328,1.4063953,-1.4295833
2022-03-31,0.4752185,0.2772819,0.112197,0.27133787,0.011721318,-1.7846943,0.28605583
2022-04-01,-0.14809422,0.004847905,0.1797592,0.5227403,-0.6203455,-0.5675703,0.5369527
2022-04-06,0.5009121,-0.2510078,-0.20276107,-0.6499849,0.80176455,-0.5544819,-0.0023064704
2022-04-07,0.37995955,0.07200208,0.049277026,-0.031487647,0.35814643,-0.7357801,0.13849968
2022-04-08,0.47770762,0.026803896,-0.05438712,-0.39274922,0.751013,1.3583132,-0.4457356
2022-04-11,0.2512548,-0.122313075,0.08115734,-0.1477572,0.037676767,-1.0346978,0.25635839
2022-04-12,0.0051483316,0.1873725,-0.13599455,-0.20306711,0.26323715,2.0572302,-0.56126654
2022-04-13,-0.071814686,0.2226285,-0.061474666,-0.14060351,-0.03182542,1.7037628,-0.48414925
2022-04-14,-0.7049019,-0.28544152,-0.10820752,-0.26591122,-0.28972712,1.3103611,-0.18169768
2022-04-19,0.31817555,-0.3420867,0.17551064,0.19447638,0.52695745,-0.37670547,0.28322548
2022-04-20,-0.28585085,-0.43251988,-0.11646308,-0.60739595,0.012913734,0.17776133,-0.28162128
2022-04-21,-0.4028515,-0.14337035,0.078857355,0.18999694,-0.3079265,0.19182318,0.23527813
2022-04-22,-0.75826275,-0.49413124,-0.15799807,-0.48642007,-0.60148066,-0.92381436,0.09176952
2022-04-25,-0.9024633,-0.6382662,-0.2897625,-1.132522,-0.6176333,-1.5901122,0.22198461
2022-04-26,-0.39776236,-0.10522951,-0.09999955,-0.5033679,-0.1590832,1.5516367,-0.48113438
2022-04-27,-0.41113853,-0.15925704,-0.07830029,-0.27749038,0.04061918,1.1736535,-0.023666918
2022-04-28,-0.6226243,-0.40915647,-0.16164595,-0.7061761,-0.3290355,0.7484552,-0.49629942
2022-04-29,0.15416926,0.12746748,0.23357493,0.5769926,-0.102619074,-0.3437924,0.28560677
2022-05-05,-0.45693764,-0.11161611,-0.23770413,-0.38666186,-0.7164928,-0.96156734,0.8333885
2022-05-06,-0.4944386,-0.14088112,-0.04331587,-0.13392207,-0.3980034,-0.75609165,0.19210313
2022-05-09,-0.41288316,-0.34954485,0.01520027,-0.2960229,-0.5900451,-2.5269868,0.5516684
2022-05-10,-0.12651056,-0.30344638,-0.044874735,-0.28353882,-0.008659862,-0.1889031,0.08398318
2022-05-11,0.54455256,0.0444885,-0.045960803,-0.1577365,0.7205823,1.661121,-0.49835414
2022-05-12,-1.0929475,-0.8603886,-0.4485937,-1.2043028,-0.42730924,-0.48054674,0.069497906
2022-05-13,-0.36931947,-0.030343842,-0.084909,-0.22099154,0.056088243,0.8648621,-0.15649727
2022-05-16,0.3583807,-0.23494747,-0.18249592,0.0023502419,0.45046908,0.4970248,-0.2395505
2022-05-17,0.6647789,0.5510237,0.0616202,0.46405447,0.6073286,0.09789244,-0.01904512
2022-05-18,-0.34193772,0.15161987,0.05000731,0.3591382,-0.71976155,-1.9837937,0.7095127
2022-05-19,0.59703714,0.7275314,0.18055677,0.6659703,0.17609712,1.511132,-0.27688158
2022-05-20,-0.4486074,-0.06583877,0.042323,0.19950764,-0.20665593,0.04803873,0.118840724
2022-05-23,0.2570489,0.12974845,0.08924542,0.34591788,0.21433252,0.32453313,0.10308811
2022-05-24,-0.2962638,0.12959562,0.17169407,0.15296689,-0.39836594,-0.3363928,0.07631278
2022-05-25,-0.5711511,-0.6600046,0.019334491,-0.3840419,-0.2199346,0.08933066,0.5448322
2022-05-26,-0.19956988,-0.284192,0.017024675,-0.22447014,0.20539829,1.1136956,-0.17213415
2022-05-27,0.3074908,0.18067321,0.035638582,0.1814391,0.21957713,0.9540038,-0.19214557
2022-05-31,-0.7728435,0.13496979,0.23514728,0.38618842,-1.1955006,0.2445623,0.32632932
2022-06-01,0.10362458,-0.08882349,0.40691507,0.3026244,0.015641041,-0.10645788,0.45826307
2022-06-06,0.2909381,0.15128852,-0.05982525,-0.074664325,0.50342846,2.1677346,-0.38540173
2022-06-07,-0.0020420903,-0.072243266,-0.0020802892,-0.17783923,0.06415353,-0.3899599,0.046469864
2022-06-08,0.07837959,-0.16112663,-0.060425807,-0.15096948,0.2584204,0.6872169,-0.33047312
2022-06-09,-0.649282,-0.6912044,-0.10190649,-0.7894139,-0.18771693,0.124361195,-0.18608534
2022-06-10,-0.03839341,0.122017816,-0.016937096,-0.12627292,-0.32067972,-1.1486956,0.18062785
2022-06-13,-1.0202124,-0.6815243,-0.23475736,-0.58123356,-0.79231185,-1.7595357,0.5591751
2022-06-14,-0.5763158,-0.44819385,-0.086092755,-0.44398636,-0.30722538,-0.73490775,-0.059048053
2022-06-15,0.49471295,0.16833709,0.2144896,0.43588355,0.2315543,0.23531406,-0.123622864
2022-06-16,0.5785249,-0.081302516,0.029512761,-0.3400868,0.57972306,-0.10680503,-0.1686539
2022-06-17,-0.077169165,-0.08591084,0.14865015,0.41681176,-0.4452489,-2.033234,0.50188017
2022-06-21,-0.13983802,0.42004237,0.2965551,0.877552,-0.4693188,0.42224905,0.10231296
2022-06-22,-0.56385887,-0.48120865,-0.09461077,-0.3594317,-0.393453,-1.3243028,0.21462697
2022-06-23,-0.9108116,-0.15977177,-0.1253036,-0.010039963,-1.1180946,-1.7752206,0.41497463
2022-06-24,-0.69302076,-0.012021303,-0.2354419,-0.41557693,0.06494841,-0.6960689,0.08651892
2022-06-27,0.030517468,0.12600061,0.028711634,0.21559186,0.058398236,-0.15779138,0.24768686
2022-06-28,0.1190644,-0.071714126,-0.1581109,-0.33008617,0.35693514,0.42796162,-0.11031911
2022-06-29,0.5544802,-0.40992144,0.21719493,0.1528287,0.7094087,-0.13047358,0.6116422
2022-06-30,-0.5580024,-0.3480977,0.047817025,0.012457656,-0.5232411,-2.207775,0.5158703
2022-07-01,-1.2923431,-0.27343053,-0.18634616,-0.46280494,-1.2825457,-0.7153633,0.33666423
2022-07-05,-0.29241487,-0.25156415,0.15949939,0.51325846,-1.0471104,-3.185048,1.1532851
2022-07-06,0.019198393,-0.09508297,-0.01997346,0.008123086,0.12633255,-1.328905,0.35754824
2022-07-07,0.21585393,0.33749965,-0.06736908,-0.11892485,0.47002906,2.5366585,-0.50698173
2022-07-08,0.8042566,-0.1094099,-0.23487653,-0.63202786,1.0363488,0.47970286,-0.6872399
2022-07-11,-0.87569857,-0.517201,0.024464447,-0.54426736,-0.7291331,0.12782492,0.03414855
2022-07-12,-0.6640149,-0.18683782,0.09922518,0.4107002,-1.0863134,-2.4841788,0.8653893
2022-07-13,0.28740582,0.14154957,-0.047786083,0.0328688,0.36363035,-0.6309846,0.14985111
2022-07-14,-1.4296725,-0.40560982,-0.22377566,-0.6011246,-1.0269428,-1.4199166,0.5014479
2022-07-15,-0.28898522,0.60025686,0.26494074,1.0841722,-0.88202196,0.574091,0.29371005
2022-07-18,1.1765964,0.3661478,0.045341898,0.21297707,1.1765926,2.0475729,-0.5675132
2022-07-19,-0.43685025,-0.13168061,-0.031081088,-0.0028822087,-0.6133534,-0.7989087,0.3819307
2022-07-20,-0.20644902,0.24594241,0.096269734,0.6315843,-0.44680405,0.10256213,0.36266056
2022-07-21,0.11064647,0.21224184,0.14872925,0.6272208,-0.31568232,-1.5894389,0.4815351
2022-07-22,-0.051473346,0.5934405,0.33265048,0.9695055,-0.4401065,0.5481319,0.2412364
2022-07-25,-0.12783518,-0.33698484,-0.124123074,-0.82031,0.14353795,0.48369038,-0.08922137
2022-07-26,0.59238106,-0.07750499,-0.122154415,-0.53856635,0.958652,0.4472076,-0.42788476
2022-07-27,0.06692428,-0.12722233,0.108984336,-0.10785721,0.4446634,1.2826316,0.04136539
2022-07-28,1.3941246,0.55613923,0.02559547,0.27057725,1.4124665,1.1046312,-0.85611445
2022-07-29,0.7445772,0.6970632,0.21188991,0.65943396,0.38963088,1.3349029,-0.18420587
2022-08-01,0.6864447,0.41713214,0.23314595,0.52666295,-0.11481916,-2.4913702,0.8029125
2022-08-02,-0.57587683,0.030626547,0.02284311,0.14149806,-0.6723707,-0.7339151,0.29967803
2022-08-03,-0.27029613,-0.5849035,0.08065104,-0.1873056,-0.14213634,-0.86673933,0.3129561
2022-08-04,1.3237486,0.5365793,0.05022662,0.34846434,1.1929677,0.037543077,-0.3680366
2022-08-05,-0.0012690015,0.10826425,0.002732138,0.098275326,0.05804138,0.16252798,0.006407743
2022-08-08,0.5107449,0.30799508,0.03762482,0.27414083,0.54946685,0.20497017,-0.23875496
2022-08-09,0.04234616,-0.07690908,-0.09232449,-0.27097282,0.33339262,1.3004894,-0.48779893
2022-08-10,0.48983857,0.03879772,0.048271254,0.019116325,0.5268056,1.359494,-0.23903716
2022-08-11,0.33723873,-0.010918452,0.0049163545,0.05717625,0.43684322,1.4230074,-0.10442884
2022-08-12,-0.087387696,-0.35762876,0.08799967,-0.2484584,-0.092788756,-0.17554185,-0.09136257
2022-08-15,-0.8610011,-0.37723705,-0.22909914,-0.17335322,-1.1804267,-1.7237931,0.43633887
2022-08-16,-0.22822411,0.14847611,0.095486596,0.4675254,-0.6317905,-0.4103458,0.43234298
2022-08-17,-1.0340772,-0.68759465,-0.19289604,-0.68640655,-0.38420874,0.17091863,-0.04734896
2022-08-18,-0.8166805,-0.044553272,0.03380154,-0.19208966,-0.7449009,0.41991743,0.06822088
2022-08-19,-0.026128149,-0.36413363,-0.091615684,-0.39918783,0.19369982,0.5233648,-0.103583016
2022-08-22,0.0050111306,-0.48149619,-0.09749837,-0.51699686,0.46327433,0.06184514,-0.09113124
2022-08-23,0.34758115,-0.13141853,-0.14261921,-0.5529648,0.75535434,1.0530821,-0.59809935
2022-08-24,-0.16118956,-0.4727962,-0.17393912,-0.5071709,0.15358104,0.2985874,-0.32055464
2022-08-25,0.2124735,0.4502586,0.29218152,0.7932846,-0.103527635,-0.009537033,0.21455307
2022-08-26,-0.23027629,-0.39848992,-0.24770802,-0.5803899,0.33861223,0.7826828,-0.4496044
2022-08-30,-0.28283924,-0.6258999,-0.091994844,-0.3320638,-0.56654555,-2.1181495,0.60451925
2022-08-31,0.019097922,-0.25944096,-0.024715345,-0.17447476,-0.06261519,-0.94906974,0.36170387
2022-09-01,-0.8096802,-0.41307837,0.06709826,0.025994716,-1.0199124,-2.729737,0.8750452
2022-09-02,0.25423336,-0.22335897,-0.004909587,-0.47974816,0.54269475,0.6095666,-0.37889108
2022-09-06,0.40984875,0.10337796,0.08513684,0.22646579,0.051252943,-0.084459424,0.23023762
2022-09-07,0.6398669,0.37701082,0.070783444,0.23245844,0.22314076,-1.2944324,-0.039338686
2022-09-08,0.26405436,0.33692214,0.105134144,0.40055558,0.16620418,0.70992815,0.008122162
2022-09-09,0.8104308,0.11045648,-0.044273894,-0.14672863,0.9062201,1.6470156,-0.59541476
2022-09-13,0.7210238,0.30402365,-0.03474571,0.07784914,0.836395,0.6186852,-0.1735435
2022-09-14,0.044905767,0.19970798,-0.035247564,0.12061531,-0.4037342,-0.7808548,0.53753394
2022-09-15,-0.46834347,-0.100691706,0.0971948,0.6493883,-0.7865968,-1.96999,0.7140278
2022-09-16,0.25531885,0.14688873,0.114482835,0.045348387,0.10264908,0.1864822,0.063925505
2022-09-19,-0.31264696,-0.239562,0.070388675,-0.1436944,-0.15548049,0.40305066,0.044852357
2022-09-20,0.39465156,-0.30367613,-0.20805527,-0.72486246,0.7480573,-0.014161897,-0.35347047
2022-09-21,-0.032260932,0.06391141,0.04921253,0.053483088,-0.32213166,-0.47606692,0.0705044
2022-09-22,-0.029368563,-0.18602063,-0.14856045,-0.27037644,0.266279,0.47582713,-0.48133138
2022-09-23,-0.889262,-0.46701932,-0.014205341,-0.12559615,-1.0187198,-2.6695068,0.76526284
2022-09-26,-0.77733135,-0.422709,-0.059257157,-0.28041855,-0.6291629,-1.720796,0.49008903
2022-09-27,-0.6535013,-0.42384586,-0.11251421,-0.6321992,-0.37518746,0.7287649,-0.22763002
2022-09-28,0.4110274,0.2488142,-0.021415694,-0.06115826,0.55381054,1.812991,-0.39666232
2022-09-29,0.31712604,0.24742103,0.05505844,0.5438236,0.31321168,0.14961034,0.013101331
2022-10-10,-0.12935,0.050584096,-0.24885717,-0.4215557,0.18516475,2.9774365,-0.96537
2022-10-11,0.014955166,0.064501524,0.14577086,0.22311656,-0.0675486,-0.85407627,0.35496828
2022-10-12,-0.53494865,-0.09290246,-0.13819893,0.067923345,-0.30218604,-0.4753059,0.09272001
2022-10-13,0.07429614,0.15865238,-0.20625697,-0.11643624,0.21454439,0.42337775,-0.20551467
2022-10-14,-0.5865227,-0.27963713,0.057718676,0.1424958,-0.70273125,-1.5046688,0.6483364
2022-10-17,0.2280351,0.26045975,0.066902906,-0.25385827,-0.12638703,-0.40701067,-0.16877735
2022-10-18,0.012941815,-0.23953456,0.11314231,0.056988623,-0.1364981,-0.8686364,0.23246188
2022-10-19,-0.7441771,-0.318651,-0.1495483,-0.37876868,-0.4488383,-0.025707684,0.06905903
2022-10-20,0.8489275,0.6947848,0.13485542,0.53258735,0.5646728,0.42824185,-0.053506307
2022-10-21,0.6058467,0.2661713,0.1442901,0.3139744,0.5169217,0.3469295,-0.26913002
2022-10-24,-0.50545067,-0.17495206,0.094955124,-0.014970056,-0.5905945,0.18924439,0.09128721
2022-10-25,-0.28060225,-0.10304343,-0.14821185,-0.21629481,-0.09088543,0.5934408,-0.27168545
2022-10-26,0.3787391,0.44643468,0.0712076,0.51074576,0.3748592,1.5471488,0.062258683
2022-10-27,-0.6062489,-0.12227712,-0.11252624,-0.59142655,-0.4865884,0.073978975,-0.15612976
2022-10-28,-1.1899778,-0.66596997,-0.17170765,-0.8408994,-0.84446687,-0.8802289,0.21234553
2022-10-31,0.42865363,-0.33325642,-0.25122896,-0.64852107,0.7211431,-0.8819263,0.021532858
2022-11-01,1.4829108,0.7410524,0.3563323,0.82221127,0.90550536,-0.24961263,0.049511988
2022-11-02,-0.30525923,-0.14414872,0.14633387,0.24210629,-0.15211755,1.1011631,0.15319596
2022-11-03,-0.9482815,-0.4045765,-0.18243626,-0.59702754,-0.6698521,-0.20353548,-0.18394224
2022-11-04,1.2191728,1.0651641,0.19426876,0.7298984,0.8745456,2.163376,-0.57174814
2022-11-07,0.28345492,0.100409575,0.13503017,0.43878114,0.011064153,-0.70102835,0.40124962
2022-11-08,0.9250664,1.0241613,0.14501032,0.7235544,0.5114433,-0.32100788,-0.24958287
2022-11-09,0.2470834,0.03656283,0.11283927,0.0051764473,0.108899295,-1.4348323,0.29890513
2022-11-10,0.78604287,0.8061008,0.30919066,0.86577326,0.21194048,0.74684596,0.017805135
2022-11-11,0.6437387,0.643183,-0.13437177,0.47352797,0.62170595,1.2679929,-0.43794855
2022-11-14,0.6404694,0.41091642,0.096285164,0.48638284,0.15711045,-0.50428617,-0.06170357
2022-11-15,-0.18065451,-0.008770263,-0.27354565,-0.42144313,0.035383664,0.4620076,-4.139423e-05
2022-11-16,-0.6446459,-0.25283957,-0.040152058,-0.18930966,-0.4626929,-1.1301516,0.261869
2022-11-17,-0.72393525,-0.43155047,-0.04836099,-0.28621697,-0.61873955,-2.0044413,0.5024522
2022-11-18,0.124449365,-0.030331703,-0.09838125,0.022669125,0.25825655,-0.37681475,-0.054605674
2022-11-21,-0.45958027,-0.64016837,-0.059570096,-0.53833866,-0.15132841,-0.758134,0.28443953
2022-11-22,0.18199651,0.16439974,0.11658667,0.41978666,0.06631026,1.1476781,-0.11690708
2022-11-23,0.62005055,0.19046806,0.16930386,0.21739544,0.3554073,-0.73383695,0.20774995
2022-11-25,0.3526984,0.10607443,0.10483163,0.15982965,0.24398006,-1.2570362,0.2948344
2022-11-28,-0.2225685,-0.060628828,-0.13151191,-0.21130005,-0.16029601,-0.15440857,0.13744286
2022-11-29,0.35023913,0.07409176,0.0886319,0.2506328,0.34282547,0.9523691,-0.063762344
2022-11-30,0.33528754,0.41197786,0.0075717317,0.43323418,0.27514446,1.828365,-0.40924215
2022-12-01,0.5127528,0.92191875,0.25036642,0.849224,-0.35036832,-0.05237396,0.13810392
2022-12-02,0.14390492,0.5233041,0.042656854,0.58045477,-0.13675466,-0.8175119,0.16174024
2022-12-05,-0.27499345,-0.11527712,0.040318627,0.18166114,-0.6230247,-1.705264,0.5318422
2022-12-06,0.46640876,0.3866777,0.063669264,0.31393987,0.17438154,-1.3970697,0.26384622
2022-12-07,1.0234816,0.72289073,0.21166,0.4942016,0.6226185,-0.49685717,0.22148214
2022-12-08,0.099194914,0.095500946,-0.048489,-0.15635318,0.39237753,-0.012672965,-0.23057866
2022-12-09,0.3018294,0.21629967,0.1793072,0.38977328,-0.006314163,-0.13178612,0.14200516
2022-12-12,-0.68285644,-0.8012767,-0.20265679,-0.85000336,-0.15305188,0.43887344,-0.21564247
2022-12-13,0.21250111,0.21186395,-0.004669317,0.084255345,0.47890246,2.007207,-0.5374057
2022-12-14,-0.6144523,-0.2317024,-0.054590855,-0.5084607,-0.29771623,0.97973114,-0.34967417
2022-12-15,-0.8133991,-0.7786905,-0.22664575,-0.77926636,-0.55432594,-1.1343131,0.42489365
2022-12-16,0.12940028,0.10398132,0.10882601,0.2852173,0.016055873,-1.363837,0.3360996
2022-12-19,-0.2623808,-0.12218203,0.009935834,-0.07115752,-0.2660977,-0.21349044,-0.057034347
2022-12-20,1.3042632,0.5638256,0.09465865,0.32557938,1.0139748,0.921396,-0.7296273
2022-12-21,-0.18702264,-0.3607922,-0.08031023,-0.36033466,0.17342657,1.0401058,-0.15834284
2022-12-22,-0.7527142,-0.5314029,-0.22558765,-0.43244126,-0.28422388,-0.8305983,0.20381369
2022-12-23,0.30429384,0.22481929,0.009711538,-0.1656489,0.2865494,1.5008073,-0.40786913
2022-12-28,0.4460695,0.26110247,-0.026815677,-0.17031805,0.23559529,0.23552103,-0.56186867
2022-12-29,0.549223,0.5213945,0.104774065,0.45965564,0.30883342,-0.16353066,-0.13189732
2022-12-30,-0.26445773,0.14544185,-0.19002563,-0.3537741,-0.27609345,0.363887,-0.0636565
2023-01-03,0.65079886,0.37549323,0.27667317,0.69657904,-0.10925432,-1.6878309,0.43089223
2023-01-04,-0.032972544,0.20127423,0.1449674,0.41401833,-0.3240783,-2.0779154,0.66628313
2023-01-05,-0.77998495,-0.22676812,-0.08494422,-0.41632178,-0.5655119,-0.07708402,-0.011622054
2023-01-06,0.8035843,0.72114044,0.16343775,0.382148,0.43923208,0.8449893,-0.31678024
2023-01-09,0.11713724,0.5927888,-0.06459443,0.535495,0.1537368,1.0905063,-0.23749825
2023-01-10,-0.48932403,0.06431017,-0.11350746,-0.14138287,-0.26522753,0.10979134,-0.08312358
2023-01-11,-0.39679942,0.27932766,-0.13261355,-0.0862884,-0.22361176,0.9896486,-0.17060472
2023-01-12,0.56541896,0.16499649,-0.094118305,-0.09976895,0.78227144,0.67948556,-0.36014068
2023-01-13,0.35694507,0.265189,-0.04710515,0.028056249,0.32883564,0.7398782,-0.4776842
2023-01-17,-0.35965106,-0.46053106,-0.17203918,-0.33268812,0.09733785,0.19550896,-0.09716128
2023-01-18,0.10911259,0.047934584,0.13787992,0.4322773,-0.17483868,0.3585184,0.059262365
2023-01-30,1.100228,0.08503231,-0.027030392,-0.25091535,0.8304956,-1.309414,-0.65767336
2023-01-31,0.40949008,-0.17238289,-0.016686521,-0.092720315,0.59640366,0.6651595,-0.3093292
2023-02-01,0.11514021,0.0059673013,0.024747208,0.060321398,-0.29247907,-2.0920703,0.3927739
2023-02-02,0.48969045,0.13322455,0.10274405,0.20107794,0.30934784,-0.2501381,0.04070165
2023-02-03,-0.9889173,-0.67572737,-0.14066003,-0.556494,-0.773882,-2.101763,0.6525226
2023-02-06,-0.5705772,-0.4676332,-0.123247325,-0.44410485,-0.2606659,-0.5169509,0.20671088
2023-02-07,-0.4377471,-0.03748103,-0.06348551,-0.23955229,-0.16095164,1.7979106,-0.2831317
2023-02-08,0.28937528,0.019304032,-0.040516846,-0.3181423,0.25643313,-0.17360963,-0.24717423
2023-02-09,-0.050803337,0.27790946,0.08911741,0.39755687,-0.2885132,-0.49489182,0.36495292
2023-02-10,-0.4364603,-0.6344146,-0.2540003,-1.1410171,0.20266293,-0.003666309,-0.29219174
2023-02-13,-0.24503182,-0.18694657,0.051697828,-0.23865968,-0.2053728,0.33226147,-0.11339247
2023-02-14,-0.12593678,-0.25675923,0.017441899,-0.06835443,0.13768013,-0.09393951,0.09435492
2023-02-15,-0.6551493,-0.36115164,0.032843918,0.11912263,-0.384109,-0.90654397,0.45911613
2023-02-16,0.614067,0.36803928,0.12439178,0.3024758,0.5533338,0.05169289,0.017095715
2023-02-17,0.4591162,0.007348309,0.014132279,-0.053558063,0.4074828,-1.1079884,0.042035908
2023-02-21,0.7926499,0.3165162,0.10266663,0.4079817,0.8240824,1.2050207,-0.31602308
2023-02-22,0.06401679,0.19049199,0.04790161,0.074600205,-0.3985057,-1.1104765,-0.24604961
2023-02-23,-0.9696497,-0.23879749,-0.20056081,-0.41361558,-0.7695818,-0.39056396,0.10550325
2023-02-24,-1.2276742,-0.48362094,-0.12133179,-0.69625163,-1.0660788,-0.23784931,0.03486809
2023-02-27,0.32997993,0.5442458,0.1920338,0.7013538,0.0032666444,0.5806822,0.031577025
2023-02-28,-0.117141664,0.48092145,0.14097017,0.41547924,-0.30074283,0.4570484,0.036542214
2023-03-01,0.044809386,0.41990212,-0.06704644,0.12939346,0.019244254,1.0859394,-0.15478446
2023-03-02,-0.3582521,-0.29130894,-0.17383082,-0.6578324,-0.1387056,-0.34070513,-0.08455841
2023-03-03,0.26674917,0.26442778,0.03934841,0.08865704,0.20921025,0.80234575,-0.21460786
2023-03-06,-0.022481015,-0.056180008,0.06617796,-0.10764603,-0.12584838,-0.5407675,-0.0874517
2023-03-07,-0.8291585,-0.77966416,-0.15914884,-0.4841241,-0.54161304,-1.7816024,0.6061546
2023-03-08,0.124859475,0.47814932,0.025917225,0.2898895,-0.047069423,-0.39337933,0.091742404
2023-03-09,0.0081504015,0.40263647,0.16324528,0.5329855,-0.30069774,-0.95028496,0.43668094
2023-03-10,0.25499684,0.010232169,-0.110258885,-0.3253431,0.50083303,0.21019182,-0.30138966
2023-03-13,1.3531739,0.9050492,0.3001524,0.72231734,0.59336364,-0.016822964,-0.28926548
2023-03-14,0.2606669,0.037259933,-0.07263293,-0.013089407,0.18695478,-1.0032557,-0.09495845
2023-03-15,0.36309633,-0.053207345,0.0074053286,-0.2686309,-0.06824141,-2.3477166,0.2923659
2023-03-16,-0.071074374,-0.22872442,-0.03382174,-0.43425572,0.13852224,0.76722455,-0.20643412
2023-03-17,0.8158745,0.7334457,0.11937595,0.4399417,0.43262675,-0.017003521,-0.36868197
2023-03-20,0.17975466,0.2905396,0.0064444854,-0.008884122,0.20666973,0.21898924,-0.11293364
2023-03-21,-0.8881221,-0.31048837,-0.09728813,-0.36305407,-0.6674119,0.113318086,0.20292863
2023-03-22,-0.13027374,0.50532806,-0.06014466,0.17675187,-0.29136586,0.45703092,-0.20793207
2023-03-23,0.44377184,0.91384566,0.050989557,0.6725223,-0.014266332,-0.17028661,0.018543938
2023-03-24,0.4399627,-0.24302498,-0.15458457,-0.42054,0.6485172,-0.04712643,-0.17675167
2023-03-27,-0.44955665,-0.24120267,-0.23172534,-0.5446538,-0.043932,1.3050014,-0.4277906
2023-03-28,0.37220326,0.26234692,-0.033631615,-0.040917415,0.3618259,0.58874583,-0.28271842
2023-03-29,0.44170478,0.60632795,-0.07359101,0.024476102,0.07418728,-0.6308286,-0.29765567
2023-03-30,0.31986588,0.19650386,-0.008847646,0.055655684,0.34840295,0.014161142,-0.065781996
2023-03-31,0.21216229,-0.055952176,-0.13838395,-0.3689715,0.5669377,0.86438197,-0.28437236
2023-04-03,-0.6653647,-0.27509236,-0.17043075,-0.43367544,-0.26267764,1.176377,-0.26862508
2023-04-04,0.68165314,0.54774415,0.0069702817,0.094607934,0.36696038,-0.711307,-0.15135597
2023-04-06,-0.23641534,-0.39683464,0.22275072,-0.12622875,-0.1710295,0.02357622,0.029549435
2023-04-11,0.07787838,-0.18610191,-0.07889479,-0.49522442,0.33103383,0.27430442,-0.079064846
2023-04-12,0.30301616,0.42005038,0.0064992374,0.1898567,0.14532591,0.56168705,-0.20546255
2023-04-13,0.84038836,0.6967322,0.22258662,0.7800315,0.485565,0.18356276,-0.19885857
2023-04-14,-0.13668178,-0.26220867,-0.28880796,-0.52549064,0.16041552,-0.06798258,0.04995681
2023-04-17,0.43843925,-0.3047937,-0.06386064,-0.2560123,0.6138194,-0.1877997,0.006713262
2023-04-18,0.6138536,0.21782109,0.22338471,0.8166879,0.56739765,0.79050785,-0.00029425655
2023-04-19,-0.023967618,0.13773145,-0.010333712,0.17061247,-0.16577598,-1.1958131,0.28716022
2023-04-20,-0.052441195,0.18875697,0.04002193,0.26036432,-0.19476439,-1.462235,0.3390144
2023-04-21,-0.43842906,-0.22954367,-0.09046601,-0.31294757,-0.41373396,-0.37172174,0.19207312
2023-04-24,-0.50264543,-0.10291775,0.011275283,-0.15626933,-0.38104844,0.0073565487,-0.08530203
2023-04-25,-0.4109441,-0.27711856,-0.02416279,-0.11129558,-0.4229638,-1.6724185,0.37116024
2023-04-26,0.27023026,0.03196941,0.28881663,0.5802403,0.096964106,-0.7448546,0.5512554
2023-04-27,-0.07516273,0.23818174,0.16501178,0.4422999,-0.38218403,-0.06115149,0.33655956
2023-04-28,0.15201399,-0.057964515,-0.18250476,-0.27284333,0.43223438,0.9852722,-0.32325074
2023-05-04,1.113014,0.78202206,0.008712611,0.2861934,0.5489281,-2.2822332,-0.09802716
2023-05-05,0.06230847,-0.13751106,-0.13777651,-0.35324213,0.39660916,1.6372577,-0.5974293
2023-05-09,-0.25029057,-0.1213594,0.0022332126,-0.01970625,-0.17447759,0.9397709,0.012453129
2023-05-10,-0.4834969,-0.46501106,-0.040557303,-0.46216807,-0.31835508,-0.6554566,0.02663862
2023-05-11,-0.94482553,-0.6664447,-0.025350843,-0.4508936,-0.9271433,-1.5062726,0.52442044
2023-05-12,-0.08274007,-0.05345763,-0.028865084,0.14775434,-0.097121455,-0.5937363,0.24693581
2023-05-15,-0.431862,-0.021718657,0.1914645,0.48846358,-0.26535368,0.707239,0.19102418
2023-05-16,-0.89720875,-0.40584284,-0.08753181,-0.30785292,-1.0233326,-0.8504403,0.3418356
2023-05-17,-0.26619634,0.2975861,0.1544624,0.46688688,-0.50704294,1.1521726,0.016421458
2023-05-18,-0.7939418,-0.7261051,0.085418984,-0.22239156,-0.5491209,-0.5804397,0.2992698
2023-05-19,0.38677105,0.37700304,0.3034947,0.76885676,-0.10106083,0.07590449,0.07377476
2023-05-22,-0.002659514,-0.5277769,-0.11503548,-0.6545359,0.3331326,-0.06897949,-0.30860546
2023-05-23,-0.59451383,-0.53533965,-0.14578646,-0.610781,-0.46691722,-0.4332941,0.052738283
2023-05-24,-1.0470033,-0.7239274,-0.14242773,-0.64959484,-0.5570752,0.015921017,-0.038385708
2023-05-25,0.11662314,0.054820858,-0.055040017,-0.011866235,-0.0020245856,-1.0047594,0.2530687
2023-05-26,0.5143767,0.32513028,0.03406718,-0.038633242,0.43175492,0.9529784,-0.43402693
2023-05-30,0.05501445,0.17518058,0.24515347,0.7844986,-0.3397189,-1.8290962,0.6778304
2023-05-31,0.026415307,-0.41625038,0.06831198,-0.06438038,0.43117246,-0.6422581,0.56713873
2023-06-01,0.87963945,0.14088117,0.1317409,0.23363042,0.9720991,1.3405429,-0.36523595
2023-06-02,-0.3451343,-0.39470965,-0.09034976,-0.6208617,0.09895216,1.0073043,-0.22478221
2023-06-05,-0.101509824,0.052051745,0.09432826,0.087659664,-0.19569968,0.44229817,0.19856799
2023-06-06,0.38771483,-0.09355885,0.13408215,-0.00032115733,0.41901305,0.27429968,-0.10500525
2023-06-07,-0.60230094,-0.039068203,0.053009324,0.07887602,-0.58157843,0.5856481,0.0720305
2023-06-08,0.82649356,0.019065477,0.02011781,0.04024908,1.0356224,0.33438382,-0.38941818
2023-06-09,0.14041951,-0.009213689,0.08199308,0.14329569,0.181787,-0.12955377,-0.02679097
2023-06-12,-0.09786841,-0.32904914,-0.003934642,-0.2208594,-0.1285905,-1.4915977,0.31458187
2023-06-13,-0.2921934,0.056208655,-0.02073199,-0.120856315,-0.20844226,1.1714431,-0.017450562
2023-06-14,0.5139456,0.53568226,0.16714996,0.75650746,0.28037074,0.2106442,-0.04302265
2023-06-15,0.034259304,-0.11464374,-0.12902813,-0.6657582,0.5310914,1.6440094,-0.4328675
2023-06-16,0.3075143,-0.19645683,-0.1384716,-0.5853945,0.7064841,0.8725479,-0.5489434
2023-06-20,-0.67793393,-0.5419665,-0.12801954,-0.43802428,-0.3175749,-1.5276848,0.41782328
2023-06-21,-0.31047767,-0.16262664,-0.29065633,-0.8265792,0.12701754,0.42873496,-0.15172687
2023-06-26,-0.30948937,-0.2146481,0.13139063,-0.053482927,-0.6223175,-1.9829003,0.6518544
2023-06-27,0.03916925,0.24972112,0.21397609,0.87217575,-0.33412355,-0.1659284,0.2285635
2023-06-28,-1.0338061,-0.021265794,0.06557192,0.11133411,-1.2313579,-0.34460998,0.3365874
2023-06-29,-0.26179925,-0.21887271,0.063079774,0.0641639,-0.19665799,0.19577421,0.2040688
2023-06-30,0.32485676,0.2710849,0.16343282,0.07762471,0.45054868,1.1814896,-0.1569473
2023-07-03,0.3195417,0.0675653,0.06361002,0.38046414,0.39877418,-0.07572671,0.24103865
2023-07-05,-0.069118224,0.0013096838,-0.1654689,-0.4697169,0.08274873,1.1378481,-0.43799815
2023-07-06,-0.24637091,-0.27765077,-0.15351704,-0.35262758,-0.29800594,-0.6990126,0.024732685
2023-07-07,-0.32274112,0.18296795,0.13915507,0.3458438,-0.35799348,0.76310253,-0.14729244
2023-07-10,0.41022667,-0.07006819,0.06805337,-0.073658064,0.53237826,0.21895756,-0.06330943
2023-07-11,-0.18358788,-0.1543062,-0.07218635,-0.10705409,-0.0048259255,0.7309733,-0.21032728
2023-07-12,0.58271253,1.0257382,0.2282279,1.1454366,0.0885455,0.8809143,-0.1517279
2023-07-13,0.9647635,0.11349748,-0.11691649,-0.2130392,1.2244693,0.8110653,-0.6429164
2023-07-14,0.21261044,-0.22971348,0.08374961,0.10826374,0.14171772,-0.44466323,0.114638865
2023-07-17,-0.8224041,0.2539052,0.1442959,0.5592455,-1.3716085,-1.1375091,0.8282652
2023-07-18,0.4601055,-0.02319929,-0.18211119,-0.6426464,0.5002322,0.515999,-0.41756648
2023-07-19,0.23187923,-0.4067454,-0.13491674,-0.6348278,0.6182613,0.30327305,-0.3394127
2023-07-20,-0.24414192,-0.30475375,-0.023997907,-0.073505685,0.08657106,0.48651353,0.09014774
2023-07-21,-0.5756044,-0.22479089,-0.04632824,-0.27455592,-0.19350457,0.7537866,-0.18326356
2023-07-24,0.55458784,-0.05990089,-0.20469607,-0.68859047,0.7479274,1.1900747,-0.6533463
2023-07-25,0.3947668,0.54807925,0.0974568,0.61647826,0.091524534,0.686235,0.0071992283
2023-07-26,-0.5216221,0.09403695,0.23190606,0.16084765,-0.5810842,-0.14244768,0.18651614
2023-07-27,-1.1125659,-0.32295004,-0.19967005,-0.50497794,-0.8021565,-0.05755237,0.14446977
2023-07-28,-0.14467794,0.67662686,0.16136977,0.8233175,-0.60595495,0.53682595,0.2900687
2023-07-31,0.028325463,0.6414327,0.24950694,1.0579183,-0.33767575,0.49738142,0.1790505
2023-08-01,-0.72148377,-0.71879524,-0.02757945,-0.3975907,-0.44024613,-0.16549261,0.07964743
2023-08-02,-0.5173646,-0.35283005,-0.019708568,-0.19141936,-0.48239335,-1.6232216,0.3857967
2023-08-03,-0.61572915,0.112333536,0.042223312,0.14583166,-0.575641,0.6972223,0.18133305
2023-08-04,-0.07127136,-0.058274694,0.06249975,0.08074167,-0.023161085,0.32430556,0.019628126
2023-08-07,-0.2481012,-0.23363706,-0.098217264,-0.08337223,-0.28981957,-0.4672989,0.25600022
2023-08-08,-0.7890303,-0.50457084,-0.17920004,-0.723634,-0.42910528,-0.06892922,-0.004503129
2023-08-09,-0.7942998,-0.14261658,-0.013655205,-0.2704406,-0.48835093,1.0764006,-0.08848094
2023-08-10,0.37906504,0.027104748,0.004213011,0.11867959,0.21331136,-0.47652087,-0.087055355
2023-08-11,-0.44370908,-0.20789175,-0.003124923,-0.097515166,-0.43090227,-0.5050671,0.17911154
2023-08-14,-0.21708411,0.14567901,-0.049361236,-0.10941093,-0.32143074,-0.90202594,0.31034932
2023-08-15,-0.44263047,-0.051395506,-0.27891964,-0.20757325,-0.8554315,-1.5392497,0.1686826
2023-08-16,0.13032643,-0.15198319,-0.12464827,-0.39865467,0.36025754,-0.32936996,-0.15715568
2023-08-17,-0.044278886,0.15895562,-0.010383118,0.014623697,0.032157265,0.57951665,-0.011405999
2023-08-18,0.32773542,-0.02471158,-0.08402539,-0.33531338,0.57417506,0.61623085,-0.19739358
2023-08-21,0.20624879,0.38874504,0.20209739,0.55719167,-0.07710637,-0.19625187,0.16825911
2023-08-22,0.13366938,0.43135813,0.0079851765,0.44430172,-0.15696996,0.020038946,0.06709292
2023-08-23,1.2231369,0.3124813,0.09504847,0.17447434,1.1602343,0.45347017,-0.43376535
2023-08-24,-0.12913428,-0.17722076,0.072427966,0.019539524,-0.06997424,0.09959934,0.030308984
2023-08-25,-0.37385184,-0.23063473,-0.06323112,-0.40742925,-0.066598,0.97292787,-0.33992273
2023-08-29,0.46399572,0.7611645,0.21866839,0.8878152,0.16129181,0.1463754,0.102148816
2023-08-30,0.1320698,0.14275362,0.05398098,0.45163202,0.26494816,-0.20307142,0.5902759
2023-08-31,-0.4739878,-0.23060204,-0.18076137,-0.2940345,-0.2850166,0.033257294,0.071852736
2023-09-01,0.2612785,0.10412063,0.06545655,0.45940074,0.2674515,0.6877651,0.08567512
2023-09-05,-0.89525265,-0.642233,-0.18957399,-0.79659855,-0.4006324,0.18613558,-0.03864106
2023-09-06,-0.24554457,-0.38079488,-0.21093415,-0.6688622,0.005936396,-0.51004326,-0.030150944
2023-09-07,-0.47539032,0.027216002,0.0053912452,0.10909229,-0.49488798,-0.3016272,0.15451342
2023-09-08,-0.7400561,-0.31153393,-0.050924644,-0.42073175,-0.5613621,0.18454699,-0.05395004
2023-09-11,0.3704551,0.284011,0.13957785,0.34664088,0.29003698,1.0958596,-0.19650471
2023-09-12,-0.3991085,-0.07018331,-0.071658485,-0.051649224,-0.24050075,0.032248326,0.1952705
2023-09-13,0.0071575115,-0.013726197,-0.19983405,-0.28075874,0.25568604,0.18689625,-0.12523113
2023-09-14,-0.1444096,0.025925376,0.16011587,0.27545854,-0.14845484,0.7799795,-0.0026106022
2023-09-15,0.75334525,-0.16378559,-0.11047223,-0.43446845,0.80787575,-0.52752405,-0.10545173
2023-09-18,0.048117343,0.28858608,0.050046723,0.5983326,-0.18544468,-0.28252262,0.19874556
2023-09-19,0.10566194,-0.3256982,-0.029913418,-0.0815546,0.37488833,0.26098722,-0.07578022
2023-09-20,0.3195814,0.6638082,0.005724063,0.40932146,0.096155174,-0.36927882,-0.005392864
2023-09-21,-1.0798893,-0.30452862,-0.118333094,-0.47729778,-1.0010732,-0.6772185,0.15403914
2023-09-22,0.48510408,0.38246983,-0.017956682,0.26943076,0.33957762,-0.023442568,-0.07128785
2023-09-25,-0.37816384,-0.12386424,-0.12061657,-0.28134173,-0.40215954,-0.6989663,0.24704292
2023-09-26,-0.4121569,-0.30294755,-0.10042713,-0.23963141,-0.21765989,-0.15704933,0.07925023
2023-09-27,-1.0543694,-0.48214123,-0.18679725,-0.6015569,-0.5780061,0.7430266,-0.05370243
2023-10-09,0.48893258,0.24991313,0.24875702,0.5511972,-0.26772684,-2.7204297,1.0016664
2023-10-10,-0.2758435,-0.031091731,0.10438093,-0.026670376,-0.34819925,-0.35578552,0.1315988
2023-10-11,0.24918315,0.08838015,0.11455666,0.34907302,-0.0021576136,-0.84457177,0.13705042
2023-10-12,0.14035913,-0.41913477,-0.07702454,-0.537022,0.4696424,0.05416547,-0.15233488
2023-10-13,0.19016589,0.23611067,-0.0037552489,0.08246612,0.2375883,1.6632669,-0.6480767
2023-10-16,0.2259108,0.15530322,-0.091687545,-0.34304547,-0.0982112,-0.55279785,-0.059958026
2023-10-17,0.21962893,-0.014820537,-0.00980507,-0.008828503,0.31291828,-0.13335402,-0.11308387
2023-10-18,0.23676203,0.22246958,0.020118022,0.004694833,0.10910009,0.45110583,-0.19729306
2023-10-19,0.30204836,0.066902354,-0.16079873,-0.46522328,0.3514911,-0.08882336,-0.23100509
2023-10-20,0.096297376,0.2803036,0.14001247,0.5052512,-0.1815129,-0.02571449,0.037881874
2023-10-23,-0.07217798,0.14953302,-0.0023940515,0.2817622,-0.12166197,-1.0317183,0.33495536
2023-10-24,0.18287085,0.18876855,0.101749875,0.3832553,0.12162815,-0.7590166,0.27917236
2023-10-25,0.12001004,0.47904104,-0.066305265,0.43203148,-0.26649672,0.5094108,-0.6076316
2023-10-26,-0.15624335,-0.095675886,0.047009464,-0.00016326885,-0.27884498,-0.5321661,0.17492847
2023-10-27,0.0006573553,0.10964406,0.061676785,0.18716057,0.08829721,0.90625125,-0.13044667
2023-10-30,0.81905836,0.7064863,0.12652898,0.7892115,0.4488399,-0.60369956,0.15659386
2023-10-31,-0.3795596,-0.47611406,0.06537067,-0.21903689,-0.07403561,-0.3537931,0.19551872
2023-11-01,-0.008945808,0.31836158,-0.077347316,-0.13505267,-0.25861004,-0.6449164,0.089298956
2023-11-02,-0.23439218,-0.24715735,0.05618996,-0.14776815,0.06386809,0.946807,-0.09122128
2023-11-03,0.9496978,0.32553834,0.06958497,0.31880826,0.80653995,-0.39472574,-0.06921603
2023-11-06,-0.07197141,-0.060555536,-0.10718227,-0.12067358,0.20803334,0.32552025,-0.3101593
2023-11-07,-0.32220435,0.0055239215,0.04525712,0.113725,-0.52129567,-1.960163,0.60790354
2023-11-08,0.42201087,-0.14574815,-0.119950764,-0.29034013,0.44392115,-0.77112496,-0.022943418
2023-11-09,-0.068924814,0.17370903,-0.017305171,0.15701513,-0.10599556,-0.3435442,0.030760191
2023-11-10,-1.133011,-0.56803966,-0.18097258,-0.64139736,-0.7224874,-0.06393144,0.11947652
2023-11-13,0.5084225,0.039942987,-0.004153599,-0.35838854,0.71669465,1.0595748,-0.319285
2023-11-14,0.7974249,0.5565883,0.15873154,0.515193,0.42701656,0.5507032,-0.27439734
2023-11-15,0.44889647,0.29530284,0.12373784,0.19887422,0.39916712,0.09076634,-0.007438609
2023-11-16,0.3752572,0.34550452,0.09413872,0.4059689,-0.00855194,-1.7610722,0.29983
2023-11-17,-0.72426504,0.089124694,-0.006305693,-0.020840114,-0.7112731,0.76190406,0.015281114
2023-11-20,0.112822086,-0.091061614,-0.0014511255,-0.13890651,0.41777617,1.1964047,-0.25913873
2023-11-21,0.4152395,0.31556502,-0.110799745,-0.1701304,0.45193818,0.34607154,-0.33478618
2023-11-22,-0.4859219,-0.26098022,-0.0829228,-0.35062253,-0.45742026,-0.79550725,0.1800774
2023-11-24,0.2649909,0.74193335,0.059226673,0.5587085,-0.22554843,-0.72394377,0.19272107
2023-11-27,-0.1945468,0.08071087,0.035646293,0.20047674,-0.13790786,-0.45741785,0.082133636
2023-11-28,0.7133844,0.24239528,0.05802395,0.02224511,0.6964694,1.3613183,-0.37017792
2023-11-29,0.1666782,0.35710958,-0.1848206,-0.34026554,-0.111556545,0.13637453,-0.5570796
2023-11-30,0.3776814,-0.18684337,0.004470015,-0.12248809,0.42403787,-0.7298821,0.1331713
2023-12-01,0.61233234,0.7595027,0.14442047,0.6553767,0.10006039,-0.6939009,0.32160595
2023-12-04,-0.8992387,-0.5078773,-0.3332839,-0.86812747,-0.549401,-1.0289446,0.13106519
2023-12-05,-0.26489294,-0.38819337,-0.10608116,-0.50695723,-0.0852621,-0.7488376,0.13605781
2023-12-06,0.07477959,0.6029365,-0.03242513,0.31771663,-0.57452345,-1.5569606,0.4229902
2023-12-07,0.5265851,0.043632675,0.017464636,-0.07578486,0.5359503,0.6384783,-0.054580536
2023-12-08,-0.76208043,-0.38885248,-0.0057356562,-0.21402377,-0.5681501,0.62339795,0.23872103
2023-12-11,-0.43412325,-0.46168202,0.13340877,-0.13212283,-0.26272014,-0.01778342,0.07339155
2023-12-12,0.732531,0.27388254,0.026553925,0.124169044,0.44192567,-1.0217023,0.03735047
2023-12-13,-0.4464903,0.08097729,0.00298189,0.3143603,-0.51831055,-0.27019092,0.2116352
2023-12-14,1.0403049,0.97554886,0.19300456,0.7137642,0.63434523,1.6389366,-0.55709153
2023-12-15,0.15063877,-0.38937595,-0.13738719,-0.3169033,0.5637219,0.6109693,-0.31457296
2023-12-18,-0.48323745,-0.22821859,0.024783637,-0.032264017,-0.2346662,0.48201743,-0.0894458
2023-12-19,0.09816279,0.3916897,-0.0047536003,0.18343143,-0.090151794,0.7753629,-0.09311677
2023-12-20,-0.22854893,0.2787421,0.12445571,0.30829135,-0.55460477,-0.07380887,0.21312384
2023-12-21,0.01232234,-0.0074603404,0.019626424,0.16687033,-0.12391745,-0.43168223,0.30589166
2023-12-22,0.33439487,0.334148,-0.057379518,0.54143685,0.3948291,0.10851687,-0.1200622
2023-12-27,0.832341,0.5317655,-0.0611344,0.20068933,0.5510306,0.5845145,-0.52392983
2023-12-28,0.38856977,0.040180765,0.011226684,0.0989994,0.29201013,-0.8583308,0.009411633
2023-12-29,-0.43353721,-0.016473733,-0.056017432,-0.024528908,-0.61543185,-0.5383761,0.33401737
